Time(s),FPS,PosX,PosY,PosZ,RotX,RotY,RotZ,VelX,VelY,VelZ,DirX,DirY,DirZ
-0.2107,0.00,0.0000,5.0000,0.0000,0.0000,0.0000,0.0000,0.0000,0.0000,0.0000,0.0000,0.0000,1.0000
-0.1907,0.00,0.0000,4.9964,0.0000,0.0000,0.0000,0.0000,0.0000,-0.1809,0.0000,0.0000,0.0000,1.0000
-0.1707,0.00,0.0000,4.9892,0.0000,0.0000,0.0000,0.0000,0.0000,-0.3612,0.0000,0.0000,0.0000,1.0000
-0.1507,0.00,0.0000,4.9783,0.0000,0.0000,0.0000,0.0000,0.0000,-0.5408,0.0000,0.0000,0.0000,1.0000
-0.1307,0.00,0.0000,4.9639,0.0000,0.0000,0.0000,0.0000,0.0000,-0.7197,0.0000,0.0000,0.0000,1.0000
-0.1107,0.00,0.0000,4.9460,0.0000,0.0000,0.0000,0.0000,0.0000,-0.8980,0.0000,0.0000,0.0000,1.0000
-0.0907,0.00,0.0000,4.9245,0.0000,0.0000,0.0000,0.0000,0.0000,-1.0756,0.0000,0.0000,0.0000,1.0000
-0.0707,0.00,0.0000,4.8994,0.0000,0.0000,0.0000,0.0000,0.0000,-1.2526,0.0000,0.0000,0.0000,1.0000
-0.0507,0.00,0.0000,4.8708,0.0000,0.0000,0.0000,0.0000,0.0000,-1.4289,0.0000,0.0000,0.0000,1.0000
-0.0307,0.00,0.0000,4.8388,0.0000,0.0000,0.0000,0.0000,0.0000,-1.6045,0.0000,0.0000,0.0000,1.0000
-0.0107,0.00,0.0000,4.8032,0.0000,0.0000,0.0000,0.0000,0.0000,-1.7795,0.0000,0.0000,0.0000,1.0000
0.0093,0.00,0.0000,4.7641,0.0000,0.0000,0.0000,0.0000,0.0000,-1.9539,0.0000,0.0000,0.0000,1.0000
0.0293,0.00,0.0000,4.7215,0.0000,0.0000,0.0000,0.0000,0.0000,-2.1276,0.0000,0.0000,0.0000,1.0000
0.0493,0.00,0.0000,4.6755,0.0000,0.0000,0.0000,0.0000,0.0000,-2.3007,0.0000,0.0000,0.0000,1.0000
0.0693,0.00,0.0000,4.6261,0.0000,0.0000,0.0000,0.0000,0.0000,-2.4731,0.0000,0.0000,0.0000,1.0000
0.0893,0.00,0.0000,4.5732,0.0000,0.0000,0.0000,0.0000,0.0000,-2.6449,0.0000,0.0000,0.0000,1.0000
0.1093,0.00,0.0000,4.5168,0.0000,0.0000,0.0000,0.0000,0.0000,-2.8160,0.0000,0.0000,0.0000,1.0000
0.1293,0.00,0.0000,4.4571,0.0000,0.0000,0.0000,0.0000,0.0000,-2.9865,0.0000,0.0000,0.0000,1.0000
0.1493,0.00,0.0000,4.3940,0.0000,0.0000,0.0000,0.0000,0.0000,-3.1564,0.0000,0.0000,0.0000,1.0000
0.1693,15.00,0.0000,4.3275,0.0000,0.0000,0.0000,0.0000,0.0000,-3.3256,0.0000,0.0000,0.0000,1.0000
0.1893,15.00,0.0000,4.2576,0.0000,0.0000,0.0000,0.0000,0.0000,-3.4943,0.0000,0.0000,0.0000,1.0000
0.2093,15.00,0.0000,4.1843,0.0000,0.0000,0.0000,0.0000,0.0000,-3.6623,0.0000,0.0000,0.0000,1.0000
0.2293,15.00,0.0000,4.1077,0.0000,0.0000,0.0000,0.0000,0.0000,-3.8296,0.0000,0.0000,0.0000,1.0000
0.2493,15.00,0.0000,4.0278,0.0000,0.0000,0.0000,0.0000,0.0000,-3.9964,0.0000,0.0000,0.0000,1.0000
0.2693,15.00,0.0000,3.9446,0.0000,0.0000,0.0000,0.0000,0.0000,-4.1625,0.0000,0.0000,0.0000,1.0000
0.2893,15.00,0.0000,3.8580,0.0000,0.0000,0.0000,0.0000,0.0000,-4.3280,0.0000,0.0000,0.0000,1.0000
0.3093,15.00,0.0000,3.7682,0.0000,0.0000,0.0000,0.0000,0.0000,-4.4930,0.0000,0.0000,0.0000,1.0000
0.3293,15.00,0.0000,3.6750,0.0000,0.0000,0.0000,0.0000,0.0000,-4.6573,0.0000,0.0000,0.0000,1.0000
0.3493,15.00,0.0000,3.5786,0.0000,0.0000,0.0000,0.0000,0.0000,-4.8209,0.0000,0.0000,0.0000,1.0000
0.3693,15.00,0.0000,3.4789,0.0000,0.0000,0.0000,0.0000,0.0000,-4.9840,0.0000,0.0000,0.0000,1.0000
0.3893,15.00,0.0000,3.3760,0.0000,0.0000,0.0000,0.0000,0.0000,-5.1465,0.0000,0.0000,0.0000,1.0000
0.4093,15.00,0.0000,3.2698,0.0000,0.0000,0.0000,0.0000,0.0000,-5.3084,0.0000,0.0000,0.0000,1.0000
0.4293,15.00,0.0000,3.1604,0.0000,0.0000,0.0000,0.0000,0.0000,-5.4697,0.0000,0.0000,0.0000,1.0000
0.4493,15.00,0.0000,3.0478,0.0000,0.0000,0.0000,0.0000,0.0000,-5.6304,0.0000,0.0000,0.0000,1.0000
0.4693,15.00,0.0000,2.9320,0.0000,0.0000,0.0000,0.0000,0.0000,-5.7904,0.0000,0.0000,0.0000,1.0000
0.4893,15.00,0.0000,2.8130,0.0000,0.0000,0.0000,0.0000,0.0000,-5.9499,0.0000,0.0000,0.0000,1.0000
0.5093,15.00,0.0000,2.6908,0.0000,0.0000,0.0000,0.0000,0.0000,-6.1088,0.0000,0.0000,0.0000,1.0000
0.5293,15.00,0.0000,2.5655,0.0000,0.0000,0.0000,0.0000,0.0000,-6.2672,0.0000,0.0000,0.0000,1.0000
0.5493,15.00,0.0000,2.4370,0.0000,0.0000,0.0000,0.0000,0.0000,-6.4249,0.0000,0.0000,0.0000,1.0000
0.5693,15.00,0.0000,2.3053,0.0000,0.0000,0.0000,0.0000,0.0000,-6.5820,0.0000,0.0000,0.0000,1.0000
0.5893,15.00,0.0000,2.1706,0.0000,0.0000,0.0000,0.0000,0.0000,-6.7386,0.0000,0.0000,0.0000,1.0000
0.6093,15.00,0.0000,2.0327,0.0000,0.0000,0.0000,0.0000,0.0000,-6.8946,0.0000,0.0000,0.0000,1.0000
0.6293,15.00,0.0000,1.8917,0.0000,0.0000,0.0000,0.0000,0.0000,-7.0500,0.0000,0.0000,0.0000,1.0000
0.6493,15.00,0.0000,1.7476,0.0000,0.0000,0.0000,0.0000,0.0000,-7.2048,0.0000,0.0000,0.0000,1.0000
0.6693,15.00,0.0000,1.6004,0.0000,0.0000,0.0000,0.0000,0.0000,-7.3591,0.0000,0.0000,0.0000,1.0000
0.6893,15.00,0.0000,1.4501,0.0000,0.0000,0.0000,0.0000,0.0000,-7.5127,0.0000,0.0000,0.0000,1.0000
0.7093,15.00,0.0000,1.2968,0.0000,0.0000,0.0000,0.0000,0.0000,-7.6659,0.0000,0.0000,0.0000,1.0000
0.7293,15.00,0.0000,1.1405,0.0000,0.0000,0.0000,0.0000,0.0000,-7.8184,0.0000,0.0000,0.0000,1.0000
0.7493,15.00,0.0000,0.9811,0.0000,0.0000,0.0000,0.0000,0.0000,-7.9704,0.0000,0.0000,0.0000,1.0000
0.7693,15.00,0.0000,0.8186,0.0000,0.0000,0.0000,0.0000,0.0000,-8.1218,0.0000,0.0000,0.0000,1.0000
0.7893,15.00,0.0000,0.6532,0.0000,0.0000,0.0000,0.0000,0.0000,-8.2727,0.0000,0.0000,0.0000,1.0000
0.8093,15.00,0.0000,0.4847,0.0000,0.0000,0.0000,0.0000,0.0000,-8.4230,0.0000,0.0000,0.0000,1.0000
0.8293,15.00,0.0000,0.3133,0.0000,0.0000,0.0000,0.0000,0.0000,-8.5727,0.0000,0.0000,0.0000,1.0000
0.8493,15.00,0.0000,0.1388,0.0000,0.0000,0.0000,0.0000,0.0000,-8.7219,0.0000,0.0000,0.0000,1.0000
0.8693,15.00,0.0000,0.0402,0.0000,0.0000,0.0000,0.0000,-0.0003,0.0000,-0.0006,0.0000,0.0000,1.0000
0.8893,15.00,0.0000,0.0400,0.0000,0.0014,-0.0001,0.0004,-0.0010,0.0829,0.0086,0.0000,0.0000,1.0000
0.9093,15.00,0.0000,0.0400,0.0000,0.0013,-0.0017,-0.0017,0.0003,-0.0021,0.0000,0.0000,0.0000,1.0000
0.9293,15.00,0.0000,0.0400,0.0000,0.0004,-0.0001,-0.0005,-0.0003,-0.0002,-0.0001,0.0000,0.0000,1.0000
0.9493,15.00,0.0000,0.0400,0.0000,0.0005,0.0000,-0.0002,0.0000,-0.0001,0.0000,0.0000,0.0000,1.0000
0.9693,15.00,0.0000,0.0400,0.0000,0.0000,0.0000,-0.0001,0.0000,0.0000,0.0000,0.0000,0.0000,1.0000
0.9893,15.00,0.0000,0.0400,0.0000,0.0003,0.0000,0.0000,0.0000,0.0000,0.0000,0.0000,0.0000,1.0000
1.0093,15.00,0.0000,0.0400,0.0000,-0.0001,0.0000,-0.0001,0.0000,0.0000,0.0000,0.0000,0.0000,1.0000
1.0293,15.00,0.0000,0.0400,0.0000,0.0002,0.0000,0.0000,0.0000,0.0000,0.0000,0.0000,0.0000,1.0000
1.0493,15.00,0.0000,0.0400,0.0000,-0.0001,0.0000,-0.0001,0.0000,0.0000,0.0000,0.0000,0.0000,1.0000
1.0693,15.00,0.0000,0.0400,0.0000,0.0002,0.0000,0.0000,0.0000,0.0000,0.0000,0.0000,0.0000,1.0000
1.0893,15.00,0.0000,0.0400,0.0000,-0.0001,0.0000,-0.0001,0.0000,0.0000,0.0000,0.0000,0.0000,1.0000
1.1093,15.00,0.0000,0.0400,0.0000,0.0002,0.0000,0.0000,0.0000,0.0000,0.0000,0.0000,0.0000,1.0000
1.1293,15.00,0.0000,0.0400,0.0000,-0.0001,0.0000,-0.0001,0.0000,0.0000,0.0000,0.0000,0.0000,1.0000
1.1493,15.00,0.0000,0.0400,0.0000,0.0002,0.0000,0.0000,0.0000,0.0000,0.0000,0.0000,0.0000,1.0000
1.1693,93.84,0.0000,0.0400,0.0000,0.0002,0.0000,0.0000,0.0000,0.0000,0.0000,0.0000,0.0000,1.0000
1.1893,93.84,0.0000,0.0400,0.0000,0.0002,0.0000,0.0000,0.0000,0.0000,0.0000,0.0000,0.0000,1.0000
1.2093,93.84,0.0000,0.0400,0.0000,0.0002,0.0000,0.0000,0.0000,0.0000,0.0000,0.0000,0.0000,1.0000
1.2293,93.84,0.0000,0.0400,0.0000,0.0002,0.0000,0.0000,0.0000,0.0000,0.0000,0.0000,0.0000,1.0000
1.2493,93.84,0.0000,0.0400,0.0000,0.0002,0.0000,0.0000,0.0000,0.0000,0.0000,0.0000,0.0000,1.0000
1.2693,93.84,0.0000,0.0400,0.0000,0.0002,0.0000,0.0000,0.0000,0.0000,0.0000,0.0000,0.0000,1.0000
1.2893,93.84,0.0000,0.0400,0.0000,0.0002,0.0000,0.0000,0.0000,0.0000,0.0000,0.0000,0.0000,1.0000
1.3093,93.84,0.0000,0.0400,0.0000,0.0002,0.0000,0.0000,0.0000,0.0000,0.0000,0.0000,0.0000,1.0000
1.3293,93.84,0.0000,0.0400,0.0000,0.0002,0.0000,0.0000,0.0000,0.0000,0.0000,0.0000,0.0000,1.0000
1.3493,93.84,0.0000,0.0400,0.0000,0.0002,0.0000,0.0000,0.0000,0.0000,0.0000,0.0000,0.0000,1.0000
1.3693,93.84,0.0000,0.0400,0.0000,0.0002,0.0000,0.0000,0.0000,0.0000,0.0000,0.0000,0.0000,1.0000
1.3893,93.84,0.0000,0.0400,0.0000,0.0002,0.0000,0.0000,0.0000,0.0000,0.0000,0.0000,0.0000,1.0000
1.4093,93.84,0.0000,0.0400,0.0000,0.0002,0.0000,0.0000,0.0000,0.0000,0.0000,0.0000,0.0000,1.0000
1.4293,93.84,0.0000,0.0400,0.0000,0.0002,0.0000,0.0000,0.0000,0.0000,0.0000,0.0000,0.0000,1.0000
1.4493,93.84,0.0000,0.0400,0.0000,0.0002,0.0000,0.0000,0.0000,0.0000,0.0000,0.0000,0.0000,1.0000
1.4693,93.84,0.0000,0.0400,0.0000,0.0002,0.0000,0.0000,0.0000,0.0000,0.0000,0.0000,0.0000,1.0000
1.4893,93.84,0.0000,0.0400,0.0000,0.0002,0.0000,0.0000,0.0000,0.0000,0.0000,0.0000,0.0000,1.0000
1.5093,93.84,0.0000,0.0400,0.0000,0.0002,0.0000,0.0000,0.0000,0.0000,0.0000,0.0000,0.0000,1.0000
1.5293,93.84,0.0000,0.0400,0.0000,0.0002,0.0000,0.0000,0.0000,0.0000,0.0000,0.0000,0.0000,1.0000
1.5493,93.84,0.0000,0.0400,0.0000,0.0002,0.0000,0.0000,0.0000,0.0000,0.0000,0.0000,0.0000,1.0000
1.5693,93.84,0.0000,0.0400,0.0000,0.0002,0.0000,0.0000,0.0000,0.0000,0.0000,0.0000,0.0000,1.0000
1.5893,93.84,0.0000,0.0400,0.0000,0.0002,0.0000,0.0000,0.0000,0.0000,0.0000,0.0000,0.0000,1.0000
1.6093,93.84,0.0000,0.0400,0.0000,0.0002,0.0000,0.0000,0.0000,0.0000,0.0000,0.0000,0.0000,1.0000
1.6293,93.84,0.0000,0.0400,0.0000,0.0002,0.0000,0.0000,0.0000,0.0000,0.0000,0.0000,0.0000,1.0000
1.6493,93.84,0.0000,0.0400,0.0000,0.0002,0.0000,0.0000,0.0000,0.0000,0.0000,0.0000,0.0000,1.0000
1.6693,93.84,0.0000,0.0400,0.0000,0.0002,0.0000,0.0000,0.0000,0.0000,0.0000,0.0000,0.0000,1.0000
1.6893,93.84,0.0000,0.0400,0.0000,0.0002,0.0000,0.0000,0.0000,0.0000,0.0000,0.0000,0.0000,1.0000
1.7093,93.84,0.0000,0.0400,0.0000,0.0002,0.0000,0.0000,0.0000,0.0000,0.0000,0.0000,0.0000,1.0000
1.7293,93.84,0.0000,0.0400,0.0000,0.0002,0.0000,0.0000,0.0000,0.0000,0.0000,0.0000,0.0000,1.0000
1.7493,93.84,0.0000,0.0400,0.0000,0.0002,0.0000,0.0000,0.0000,0.0000,0.0000,0.0000,0.0000,1.0000
1.7693,93.84,0.0000,0.0400,0.0000,0.0002,0.0000,0.0000,0.0000,0.0000,0.0000,0.0000,0.0000,1.0000
1.7893,93.84,0.0000,0.0400,0.0000,0.0002,0.0000,0.0000,0.0000,0.0000,0.0000,0.0000,0.0000,1.0000
1.8093,93.84,0.0000,0.0400,0.0000,0.0002,0.0000,0.0000,0.0000,0.0000,0.0000,0.0000,0.0000,1.0000
1.8293,93.84,0.0000,0.0400,0.0000,0.0002,0.0000,0.0000,0.0000,0.0000,0.0000,0.0000,0.0000,1.0000
1.8493,93.84,0.0000,0.0400,0.0000,0.0002,0.0000,0.0000,0.0000,0.0000,0.0000,0.0000,0.0000,1.0000
1.8693,93.84,0.0000,0.0400,0.0000,0.0002,0.0000,0.0000,0.0000,0.0000,0.0000,0.0000,0.0000,1.0000
1.8893,93.84,0.0000,0.0400,0.0000,0.0002,0.0000,0.0000,0.0000,0.0000,0.0000,0.0000,0.0000,1.0000
1.9093,93.84,0.0000,0.0400,0.0000,0.0002,0.0000,0.0000,0.0000,0.0000,0.0000,0.0000,0.0000,1.0000
1.9293,93.84,0.0000,0.0400,0.0000,0.0002,0.0000,0.0000,0.0000,0.0000,0.0000,0.0000,0.0000,1.0000
1.9493,93.84,0.0000,0.0400,0.0000,0.0002,0.0000,0.0000,0.0000,0.0000,0.0000,0.0000,0.0000,1.0000
1.9693,93.84,0.0000,0.0400,0.0000,0.0002,0.0000,0.0000,0.0000,0.0000,0.0000,0.0000,0.0000,1.0000
1.9893,93.84,0.0000,0.0400,0.0000,0.0002,0.0000,0.0000,0.0000,0.0000,0.0000,0.0000,0.0000,1.0000
2.0093,93.84,0.0000,0.0400,0.0000,0.0002,0.0000,0.0000,0.0000,0.0000,0.0000,0.0000,0.0000,1.0000
2.0293,93.84,0.0000,0.0400,0.0000,0.0002,0.0000,0.0000,0.0000,0.0000,0.0000,0.0000,0.0000,1.0000
2.0493,93.84,0.0000,0.0400,0.0000,0.0002,0.0000,0.0000,0.0000,0.0000,0.0000,0.0000,0.0000,1.0000
2.0693,93.84,0.0000,0.0400,0.0000,0.0002,0.0000,0.0000,0.0000,0.0000,0.0000,0.0000,0.0000,1.0000
2.0893,93.84,0.0000,0.0400,0.0000,0.0002,0.0000,0.0000,0.0000,0.0000,0.0000,0.0000,0.0000,1.0000
2.1093,93.84,0.0000,0.0400,0.0000,0.0002,0.0000,0.0000,0.0000,0.0000,0.0000,0.0000,0.0000,1.0000
2.1293,93.84,0.0000,0.0400,0.0000,0.0002,0.0000,0.0000,0.0000,0.0000,0.0000,0.0000,0.0000,1.0000
2.1493,93.84,0.0000,0.0400,0.0000,0.0002,0.0000,0.0000,0.0000,0.0000,0.0000,0.0000,0.0000,1.0000
2.1693,96.84,0.0000,0.0400,0.0000,0.0002,0.0000,0.0000,0.0000,0.0000,0.0000,0.0000,0.0000,1.0000
2.1893,96.84,0.0000,0.0400,0.0000,0.0002,0.0000,0.0000,0.0000,0.0000,0.0000,0.0000,0.0000,1.0000
2.2093,96.84,0.0000,0.0400,0.0000,0.0002,0.0000,0.0000,0.0000,0.0000,0.0000,0.0000,0.0000,1.0000
2.2293,96.84,0.0000,0.0400,0.0000,0.0002,0.0000,0.0000,0.0000,0.0000,0.0000,0.0000,0.0000,1.0000
2.2493,96.84,0.0000,0.0400,0.0000,0.0002,0.0000,0.0000,0.0000,0.0000,0.0000,0.0000,0.0000,1.0000
2.2693,96.84,0.0000,0.0400,0.0000,0.0002,0.0000,0.0000,0.0000,0.0000,0.0000,0.0000,0.0000,1.0000
2.2893,96.84,0.0000,0.0400,0.0000,0.0002,0.0000,0.0000,0.0000,0.0000,0.0000,0.0000,0.0000,1.0000
2.3093,96.84,0.0000,0.0400,0.0000,0.0002,0.0000,0.0000,0.0000,0.0000,0.0000,0.0000,0.0000,1.0000
2.3293,96.84,0.0000,0.0400,0.0000,0.0002,0.0000,0.0000,0.0000,0.0000,0.0000,0.0000,0.0000,1.0000
2.3493,96.84,0.0000,0.0400,0.0000,0.0002,0.0000,0.0000,0.0000,0.0000,0.0000,0.0000,0.0000,1.0000
2.3693,96.84,0.0000,0.0400,0.0000,0.0002,0.0000,0.0000,0.0000,0.0000,0.0000,0.0000,0.0000,1.0000
2.3893,96.84,0.0000,0.0400,0.0000,0.0002,0.0000,0.0000,0.0000,0.0000,0.0000,0.0000,0.0000,1.0000
2.4093,96.84,0.0000,0.0400,0.0000,0.0002,0.0000,0.0000,0.0000,0.0000,0.0000,0.0000,0.0000,1.0000
2.4293,96.84,0.0000,0.0400,0.0000,0.0002,0.0000,0.0000,0.0000,0.0000,0.0000,0.0000,0.0000,1.0000
2.4493,96.84,0.0000,0.0400,0.0000,0.0002,0.0000,0.0000,0.0000,0.0000,0.0000,0.0000,0.0000,1.0000
2.4693,96.84,0.0000,0.0400,0.0000,0.0002,0.0000,0.0000,0.0000,0.0000,0.0000,0.0000,0.0000,1.0000
2.4893,96.84,0.0000,0.0400,0.0000,0.0002,0.0000,0.0000,0.0000,0.0000,0.0000,0.0000,0.0000,1.0000
2.5093,96.84,0.0000,0.0400,0.0000,0.0002,0.0000,0.0000,0.0000,0.0000,0.0000,0.0000,0.0000,1.0000
2.5293,96.84,0.0000,0.0400,0.0000,0.0002,0.0000,0.0000,0.0000,0.0000,0.0000,0.0000,0.0000,1.0000
2.5493,96.84,0.0000,0.0400,0.0000,0.0002,0.0000,0.0000,0.0000,0.0000,0.0000,0.0000,0.0000,1.0000
2.5693,96.84,0.0000,0.0400,0.0000,0.0002,0.0000,0.0000,0.0000,0.0000,0.0000,0.0000,0.0000,1.0000
2.5893,96.84,0.0000,0.0400,0.0000,0.0002,0.0000,0.0000,0.0000,0.0000,0.0000,0.0000,0.0000,1.0000
2.6093,96.84,0.0000,0.0400,0.0000,0.0002,0.0000,0.0000,0.0000,0.0000,0.0000,0.0000,0.0000,1.0000
2.6293,96.84,0.0000,0.0400,0.0000,0.0002,0.0000,0.0000,0.0000,0.0000,0.0000,0.0000,0.0000,1.0000
2.6493,96.84,0.0000,0.0400,0.0000,0.0002,0.0000,0.0000,0.0000,0.0000,0.0000,0.0000,0.0000,1.0000
2.6693,96.84,0.0000,0.0400,0.0000,0.0002,0.0000,0.0000,0.0000,0.0000,0.0000,0.0000,0.0000,1.0000
2.6893,96.84,0.0000,0.0400,0.0000,0.0002,0.0000,0.0000,0.0000,0.0000,0.0000,0.0000,0.0000,1.0000
2.7093,96.84,0.0000,0.0400,0.0000,0.0002,0.0000,0.0000,0.0000,0.0000,0.0000,0.0000,0.0000,1.0000
2.7293,96.84,0.0000,0.0400,0.0000,0.0002,0.0000,0.0000,0.0000,0.0000,0.0000,0.0000,0.0000,1.0000
2.7493,96.84,0.0000,0.0400,0.0000,0.0002,0.0000,0.0000,0.0000,0.0000,0.0000,0.0000,0.0000,1.0000
2.7693,96.84,0.0000,0.0400,0.0000,0.0002,0.0000,0.0000,0.0000,0.0000,0.0000,0.0000,0.0000,1.0000
2.7893,96.84,0.0000,0.0400,0.0000,0.0002,0.0000,0.0000,0.0000,0.0000,0.0000,0.0000,0.0000,1.0000
2.8093,96.84,0.0000,0.0400,0.0000,0.0002,0.0000,0.0000,0.0000,0.0000,0.0000,0.0000,0.0000,1.0000
2.8293,96.84,0.0000,0.0400,0.0000,0.0002,0.0000,0.0000,0.0000,0.0000,0.0000,0.0000,0.0000,1.0000
2.8493,96.84,0.0000,0.0400,0.0000,0.0002,0.0000,0.0000,0.0000,0.0000,0.0000,0.0000,0.0000,1.0000
2.8693,96.84,0.0000,0.0400,0.0000,0.0002,0.0000,0.0000,0.0000,0.0000,0.0000,0.0000,0.0000,1.0000
2.8893,96.84,0.0000,0.0400,0.0000,0.0002,0.0000,0.0000,0.0000,0.0000,0.0000,0.0000,0.0000,1.0000
2.9093,96.84,0.0000,0.0400,0.0000,0.0002,0.0000,0.0000,0.0000,0.0000,0.0000,0.0000,0.0000,1.0000
2.9293,96.84,0.0000,0.0400,0.0000,0.0002,0.0000,0.0000,0.0000,0.0000,0.0000,0.0000,0.0000,1.0000
2.9493,96.84,0.0000,0.0400,0.0000,0.0002,0.0000,0.0000,0.0000,0.0000,0.0000,0.0000,0.0000,1.0000
2.9693,96.84,0.0000,0.0400,0.0000,0.0002,0.0000,0.0000,0.0000,0.0000,0.0000,0.0000,0.0000,1.0000
2.9893,96.84,0.0000,0.0400,0.0000,0.0002,0.0000,0.0000,0.0000,0.0000,0.0000,0.0000,0.0000,1.0000
3.0093,96.84,0.0000,0.0400,0.0000,0.0002,0.0000,0.0000,0.0000,0.0000,0.0000,0.0000,0.0000,1.0000
3.0293,96.84,0.0000,0.0400,0.0000,0.0002,0.0000,0.0000,0.0000,0.0000,0.0000,0.0000,0.0000,1.0000
3.0493,96.84,0.0000,0.0400,0.0000,0.0002,0.0000,0.0000,0.0000,0.0000,0.0000,0.0000,0.0000,1.0000
3.0693,96.84,0.0000,0.0400,0.0000,0.0002,0.0000,0.0000,0.0000,0.0000,0.0000,0.0000,0.0000,1.0000
3.0893,96.84,0.0000,0.0400,0.0000,0.0002,0.0000,0.0000,0.0000,0.0000,0.0000,0.0000,0.0000,1.0000
3.1093,96.84,0.0000,0.0400,0.0000,0.0002,0.0000,0.0000,0.0000,0.0000,0.0000,0.0000,0.0000,1.0000
3.1293,96.84,0.0000,0.0400,0.0000,0.0002,0.0000,0.0000,0.0000,0.0000,0.0000,0.0000,0.0000,1.0000
3.1493,96.84,0.0000,0.0400,0.0000,0.0002,0.0000,0.0000,0.0000,0.0000,0.0000,0.0000,0.0000,1.0000
3.1693,90.97,0.0000,0.0400,0.0000,0.0002,0.0000,0.0000,0.0000,0.0000,0.0000,0.0000,0.0000,1.0000
3.1893,90.97,0.0000,0.0400,0.0000,0.0002,0.0000,0.0000,0.0000,0.0000,0.0000,0.0000,0.0000,1.0000
3.2093,90.97,0.0000,0.0400,0.0000,0.0002,0.0000,0.0000,0.0000,0.0000,0.0000,0.0000,0.0000,1.0000
3.2293,90.97,0.0000,0.0400,0.0000,0.0002,0.0000,0.0000,0.0000,0.0000,0.0000,0.0000,0.0000,1.0000
3.2493,90.97,0.0000,0.0400,0.0000,0.0002,0.0000,0.0000,0.0000,0.0000,0.0000,0.0000,0.0000,1.0000
3.2693,90.97,0.0000,0.0400,0.0000,0.0002,0.0000,0.0000,0.0000,0.0000,0.0000,0.0000,0.0000,1.0000
3.2893,90.97,0.0000,0.0400,0.0000,0.0002,0.0000,0.0000,0.0000,0.0000,0.0000,0.0000,0.0000,1.0000
3.3093,90.97,0.0000,0.0400,0.0000,0.0002,0.0000,0.0000,0.0000,0.0000,0.0000,0.0000,0.0000,1.0000
3.3293,90.97,0.0000,0.0400,0.0000,0.0002,0.0000,0.0000,0.0000,0.0000,0.0000,0.0000,0.0000,1.0000
3.3493,90.97,0.0000,0.0400,0.0000,0.0002,0.0000,0.0000,0.0000,0.0000,0.0000,0.0000,0.0000,1.0000
3.3693,90.97,0.0000,0.0400,0.0000,0.0002,0.0000,0.0000,0.0000,0.0000,0.0000,0.0000,0.0000,1.0000
3.3893,90.97,0.0000,0.0400,0.0000,0.0002,0.0000,0.0000,0.0000,0.0000,0.0000,0.0000,0.0000,1.0000
3.4093,90.97,0.0000,0.0400,0.0000,0.0002,0.0000,0.0000,0.0000,0.0000,0.0000,0.0000,0.0000,1.0000
3.4293,90.97,0.0000,0.0400,0.0000,0.0002,0.0000,0.0000,0.0000,0.0000,0.0000,0.0000,0.0000,1.0000
3.4493,90.97,0.0000,0.0400,0.0000,0.0002,0.0000,0.0000,0.0000,0.0000,0.0000,0.0000,0.0000,1.0000
3.4693,90.97,0.0000,0.0400,0.0000,0.0002,0.0000,0.0000,0.0000,0.0000,0.0000,0.0000,0.0000,1.0000
3.4893,90.97,0.0000,0.0400,0.0000,0.0002,0.0000,0.0000,0.0000,0.0000,0.0000,0.0000,0.0000,1.0000
3.5093,90.97,0.0000,0.0400,0.0000,0.0002,0.0000,0.0000,0.0000,0.0000,0.0000,0.0000,0.0000,1.0000
3.5293,90.97,0.0000,0.0400,0.0000,0.0002,0.0000,0.0000,0.0000,0.0000,0.0000,0.0000,0.0000,1.0000
3.5493,90.97,0.0000,0.0400,0.0000,0.0002,0.0000,0.0000,0.0000,0.0000,0.0000,0.0000,0.0000,1.0000
3.5693,90.97,0.0000,0.0400,0.0000,0.0002,0.0000,0.0000,0.0000,0.0000,0.0000,0.0000,0.0000,1.0000
3.5893,90.97,0.0000,0.0400,0.0000,0.0002,0.0000,0.0000,0.0000,0.0000,0.0000,0.0000,0.0000,1.0000
3.6093,90.97,0.0000,0.0400,0.0000,0.0002,0.0000,0.0000,0.0000,0.0000,0.0000,0.0000,0.0000,1.0000
3.6293,90.97,0.0000,0.0400,0.0000,0.0002,0.0000,0.0000,0.0000,0.0000,0.0000,0.0000,0.0000,1.0000
3.6493,90.97,0.0000,0.0400,0.0000,0.0002,0.0000,0.0000,0.0000,0.0000,0.0000,0.0000,0.0000,1.0000
3.6693,90.97,0.0000,0.0400,0.0000,0.0002,0.0000,0.0000,0.0000,0.0000,0.0000,0.0000,0.0000,1.0000
3.6893,90.97,0.0000,0.0400,0.0000,0.0002,0.0000,0.0000,0.0000,0.0000,0.0000,0.0000,0.0000,1.0000
3.7093,90.97,0.0000,0.0400,0.0000,0.0002,0.0000,0.0000,0.0000,0.0000,0.0000,0.0000,0.0000,1.0000
3.7293,90.97,0.0000,0.0400,0.0000,0.0002,0.0000,0.0000,0.0000,0.0000,0.0000,0.0000,0.0000,1.0000
3.7493,90.97,0.0000,0.0400,0.0000,0.0002,0.0000,0.0000,0.0000,0.0000,0.0000,0.0000,0.0000,1.0000
3.7693,90.97,0.0000,0.0400,0.0000,0.0002,0.0000,0.0000,0.0000,0.0000,0.0000,0.0000,0.0000,1.0000
3.7893,90.97,0.0000,0.0400,0.0000,0.0002,0.0000,0.0000,0.0000,0.0000,0.0000,0.0000,0.0000,1.0000
3.8093,90.97,0.0000,0.0400,0.0000,0.0002,0.0000,0.0000,0.0000,0.0000,0.0000,0.0000,0.0000,1.0000
3.8293,90.97,0.0000,0.0400,0.0000,0.0002,0.0000,0.0000,0.0000,0.0000,0.0000,0.0000,0.0000,1.0000
3.8493,90.97,0.0000,0.0400,0.0000,0.0002,0.0000,0.0000,0.0000,0.0000,0.0000,0.0000,0.0000,1.0000
3.8693,90.97,0.0000,0.0400,0.0000,0.0002,0.0000,0.0000,0.0000,0.0000,0.0000,0.0000,0.0000,1.0000
3.8893,90.97,0.0000,0.0400,0.0000,0.0002,0.0000,0.0000,0.0000,0.0000,0.0000,0.0000,0.0000,1.0000
3.9093,90.97,0.0000,0.0400,0.0000,0.0002,0.0000,0.0000,0.0000,0.0000,0.0000,0.0000,0.0000,1.0000
3.9293,90.97,0.0000,0.0400,0.0000,0.0002,0.0000,0.0000,0.0000,0.0000,0.0000,0.0000,0.0000,1.0000
3.9493,90.97,0.0000,0.0400,0.0000,0.0002,0.0000,0.0000,0.0000,0.0000,0.0000,0.0000,0.0000,1.0000
3.9693,90.97,0.0000,0.0400,0.0000,0.0002,0.0000,0.0000,0.0000,0.0000,0.0000,0.0000,0.0000,1.0000
3.9893,90.97,0.0000,0.0400,0.0000,0.0002,0.0000,0.0000,0.0000,0.0000,0.0000,0.0000,0.0000,1.0000
4.0093,90.97,0.0000,0.0400,0.0000,0.0002,0.0000,0.0000,0.0000,0.0000,0.0000,0.0000,0.0000,1.0000
4.0293,90.97,0.0000,0.0400,0.0000,0.0002,0.0000,0.0000,0.0000,0.0000,0.0000,0.0000,0.0000,1.0000
4.0493,90.97,0.0000,0.0400,0.0000,0.0002,0.0000,0.0000,0.0000,0.0000,0.0000,0.0000,0.0000,1.0000
4.0693,90.97,0.0000,0.0400,0.0000,0.0002,0.0000,0.0000,0.0000,0.0000,0.0000,0.0000,0.0000,1.0000
4.0893,90.97,0.0000,0.0400,0.0000,0.0002,0.0000,0.0000,0.0000,0.0000,0.0000,0.0000,0.0000,1.0000
4.1093,90.97,0.0000,0.0400,0.0000,0.0002,0.0000,0.0000,0.0000,0.0000,0.0000,0.0000,0.0000,1.0000
4.1293,90.97,0.0000,0.0400,0.0000,0.0002,0.0000,0.0000,0.0000,0.0000,0.0000,0.0000,0.0000,1.0000
4.1493,90.97,0.0000,0.0400,0.0000,0.0002,0.0000,0.0000,0.0000,0.0000,0.0000,0.0000,0.0000,1.0000
4.1693,104.81,0.0000,0.0400,0.0000,0.0002,0.0000,0.0000,0.0000,0.0000,0.0000,0.0000,0.0000,1.0000
4.1893,104.81,0.0000,0.0400,0.0000,0.0002,0.0000,0.0000,0.0000,0.0000,0.0000,0.0000,0.0000,1.0000
4.2093,104.81,0.0000,0.0400,0.0000,0.0002,0.0000,0.0000,0.0000,0.0000,0.0000,0.0000,0.0000,1.0000
4.2293,104.81,0.0000,0.0400,0.0000,0.0002,0.0000,0.0000,0.0000,0.0000,0.0000,0.0000,0.0000,1.0000
4.2493,104.81,0.0000,0.0400,0.0000,0.0002,0.0000,0.0000,0.0000,0.0000,0.0000,0.0000,0.0000,1.0000
4.2693,104.81,0.0000,0.0400,0.0000,0.0002,0.0000,0.0000,0.0000,0.0000,0.0000,0.0000,0.0000,1.0000
4.2893,104.81,0.0000,0.0400,0.0000,0.0002,0.0000,0.0000,0.0000,0.0000,0.0000,0.0000,0.0000,1.0000
4.3093,104.81,0.0000,0.0400,0.0000,0.0002,0.0000,0.0000,0.0000,0.0000,0.0000,0.0000,0.0000,1.0000
4.3293,104.81,0.0000,0.0400,0.0000,0.0002,0.0000,0.0000,0.0000,0.0000,0.0000,0.0000,0.0000,1.0000
4.3493,104.81,0.0000,0.0400,0.0000,0.0002,0.0000,0.0000,0.0000,0.0000,0.0000,0.0000,0.0000,1.0000
4.3693,104.81,0.0000,0.0400,0.0000,0.0002,0.0000,0.0000,0.0000,0.0000,0.0000,0.0000,0.0000,1.0000
4.3893,104.81,0.0000,0.0400,0.0000,0.0002,0.0000,0.0000,0.0000,0.0000,0.0000,0.0000,0.0000,1.0000
4.4093,104.81,0.0000,0.0400,0.0000,0.0002,0.0000,0.0000,0.0000,0.0000,0.0000,0.0000,0.0000,1.0000
4.4293,104.81,0.0000,0.0400,0.0000,0.0002,0.0000,0.0000,0.0000,0.0000,0.0000,0.0000,0.0000,1.0000
4.4493,104.81,0.0000,0.0400,0.0000,0.0002,0.0000,0.0000,0.0000,0.0000,0.0000,0.0000,0.0000,1.0000
4.4693,104.81,0.0000,0.0400,0.0000,0.0002,0.0000,0.0000,0.0000,0.0000,0.0000,0.0000,0.0000,1.0000
4.4893,104.81,0.0000,0.0400,0.0000,0.0002,0.0000,0.0000,0.0000,0.0000,0.0000,0.0000,0.0000,1.0000
4.5093,104.81,0.0000,0.0400,0.0000,0.0002,0.0000,0.0000,0.0000,0.0000,0.0000,0.0000,0.0000,1.0000
4.5293,104.81,0.0000,0.0400,0.0000,0.0002,0.0000,0.0000,0.0000,0.0000,0.0000,0.0000,0.0000,1.0000
4.5493,104.81,0.0000,0.0400,0.0000,0.0002,0.0000,0.0000,0.0000,0.0000,0.0000,0.0000,0.0000,1.0000
4.5693,104.81,0.0000,0.0400,0.0000,0.0002,0.0000,0.0000,0.0000,0.0000,0.0000,0.0000,0.0000,1.0000
4.5893,104.81,0.0000,0.0400,0.0000,0.0002,0.0000,0.0000,0.0000,0.0000,0.0000,0.0000,0.0000,1.0000
4.6093,104.81,0.0000,0.0400,0.0000,0.0002,0.0000,0.0000,0.0000,0.0000,0.0000,0.0000,0.0000,1.0000
4.6293,104.81,0.0000,0.0400,0.0000,0.0002,0.0000,0.0000,0.0000,0.0000,0.0000,0.0000,0.0000,1.0000
4.6493,104.81,0.0000,0.0400,0.0000,0.0002,0.0000,0.0000,0.0000,0.0000,0.0000,0.0000,0.0000,1.0000
4.6693,104.81,0.0000,0.0400,0.0000,0.0002,0.0000,0.0000,0.0000,0.0000,0.0000,0.0000,0.0000,1.0000
4.6893,104.81,0.0000,0.0400,0.0000,0.0002,0.0000,0.0000,0.0000,0.0000,0.0000,0.0000,0.0000,1.0000
4.7093,104.81,0.0000,0.0400,0.0000,0.0002,0.0000,0.0000,0.0000,0.0000,0.0000,0.0000,0.0000,1.0000
4.7293,104.81,0.0000,0.0400,0.0000,0.0002,0.0000,0.0000,0.0000,0.0000,0.0000,0.0000,0.0000,1.0000
4.7493,104.81,0.0000,0.0400,0.0000,0.0002,0.0000,0.0000,0.0000,0.0000,0.0000,0.0000,0.0000,1.0000
4.7693,104.81,0.0000,0.0400,0.0000,0.0002,0.0000,0.0000,0.0000,0.0000,0.0000,0.0000,0.0000,1.0000
4.7893,104.81,0.0000,0.0400,0.0000,0.0002,0.0000,0.0000,0.0000,0.0000,0.0000,0.0000,0.0000,1.0000
4.8093,104.81,0.0000,0.0400,0.0000,0.0002,0.0000,0.0000,0.0000,0.0000,0.0000,0.0000,0.0000,1.0000
4.8293,104.81,0.0000,0.0400,0.0000,0.0002,0.0000,0.0000,0.0000,0.0000,0.0000,0.0000,0.0000,1.0000
4.8493,104.81,0.0000,0.0400,0.0000,0.0002,0.0000,0.0000,0.0000,0.0000,0.0000,0.0000,0.0000,1.0000
4.8693,104.81,0.0000,0.0400,0.0000,0.0002,0.0000,0.0000,0.0000,0.0000,0.0000,0.0000,0.0000,1.0000
4.8893,104.81,0.0000,0.0400,0.0000,0.0002,0.0000,0.0000,0.0000,0.0000,0.0000,0.0000,0.0000,1.0000
4.9093,104.81,0.0000,0.0400,0.0000,0.0002,0.0000,0.0000,0.0000,0.0000,0.0000,0.0000,0.0000,1.0000
4.9293,104.81,0.0000,0.0400,0.0000,0.0002,0.0000,0.0000,0.0000,0.0000,0.0000,0.0000,0.0000,1.0000
4.9493,104.81,0.0000,0.0400,0.0000,0.0002,0.0000,0.0000,0.0000,0.0000,0.0000,0.0000,0.0000,1.0000
4.9693,104.81,0.0000,0.0400,0.0000,0.0002,0.0000,0.0000,0.0000,0.0000,0.0000,0.0000,0.0000,1.0000
4.9893,104.81,0.0000,0.0400,0.0000,0.0002,0.0000,0.0000,0.0000,0.0000,0.0000,0.0000,0.0000,1.0000
5.0093,104.81,0.0000,0.0400,0.0000,0.0002,0.0000,0.0000,0.0000,0.0000,0.0000,0.0000,0.0000,1.0000
5.0293,104.81,0.0000,0.0400,0.0000,0.0002,0.0000,0.0000,0.0000,0.0000,0.0000,0.0000,0.0000,1.0000
5.0493,104.81,0.0000,0.0400,0.0000,0.0002,0.0000,0.0000,0.0000,0.0000,0.0000,0.0000,0.0000,1.0000
5.0693,104.81,0.0000,0.0400,0.0000,0.0002,0.0000,0.0000,0.0000,0.0000,0.0000,0.0000,0.0000,1.0000
5.0893,104.81,0.0000,0.0400,0.0000,0.0002,0.0000,0.0000,0.0000,0.0000,0.0000,0.0000,0.0000,1.0000
5.1093,104.81,0.0000,0.0400,0.0000,0.0002,0.0000,0.0000,0.0000,0.0000,0.0000,0.0000,0.0000,1.0000
5.1293,104.81,0.0000,0.0400,0.0000,0.0002,0.0000,0.0000,0.0000,0.0000,0.0000,0.0000,0.0000,1.0000
5.1493,104.81,0.0000,0.0400,0.0000,0.0002,0.0000,0.0000,0.0000,0.0000,0.0000,0.0000,0.0000,1.0000
5.1693,102.98,0.0000,0.0400,0.0000,0.0002,0.0000,0.0000,0.0000,0.0000,0.0000,0.0000,0.0000,1.0000
5.1893,102.98,0.0000,0.0400,0.0000,0.0002,0.0000,0.0000,0.0000,0.0000,0.0000,0.0000,0.0000,1.0000
5.2093,102.98,0.0000,0.0400,0.0000,0.0002,0.0000,0.0000,0.0000,0.0000,0.0000,0.0000,0.0000,1.0000
5.2293,102.98,0.0000,0.0400,0.0000,0.0002,0.0000,0.0000,0.0000,0.0000,0.0000,0.0000,0.0000,1.0000
5.2493,102.98,0.0000,0.0400,0.0000,0.0002,0.0000,0.0000,0.0000,0.0000,0.0000,0.0000,0.0000,1.0000
5.2693,102.98,0.0000,0.0400,0.0000,0.0002,0.0000,0.0000,0.0000,0.0000,0.0000,0.0000,0.0000,1.0000
5.2893,102.98,0.0000,0.0400,0.0000,0.0002,0.0000,0.0000,0.0000,0.0000,0.0000,0.0000,0.0000,1.0000
5.3093,102.98,0.0000,0.0400,0.0000,0.0002,0.0000,0.0000,0.0000,0.0000,0.0000,0.0000,0.0000,1.0000
5.3293,102.98,0.0000,0.0400,0.0000,0.0002,0.0000,0.0000,0.0000,0.0000,0.0000,0.0000,0.0000,1.0000
5.3493,102.98,0.0000,0.0400,0.0000,0.0002,0.0000,0.0000,0.0000,0.0000,0.0000,0.0000,0.0000,1.0000
5.3693,102.98,0.0000,0.0400,0.0000,0.0002,0.0000,0.0000,0.0000,0.0000,0.0000,0.0000,0.0000,1.0000
5.3893,102.98,0.0000,0.0400,0.0000,0.0002,0.0000,0.0000,0.0000,0.0000,0.0000,0.0000,0.0000,1.0000
5.4093,102.98,0.0000,0.0400,0.0000,0.0002,0.0000,0.0000,0.0000,0.0000,0.0000,0.0000,0.0000,1.0000
5.4293,102.98,0.0000,0.0400,0.0000,0.0002,0.0000,0.0000,0.0000,0.0000,0.0000,0.0000,0.0000,1.0000
5.4493,102.98,0.0000,0.0400,0.0000,0.0002,0.0000,0.0000,0.0000,0.0000,0.0000,0.0000,0.0000,1.0000
5.4693,102.98,0.0000,0.0400,0.0000,0.0002,0.0000,0.0000,0.0000,0.0000,0.0000,0.0000,0.0000,1.0000
5.4893,102.98,0.0000,0.0400,0.0000,0.0002,0.0000,0.0000,0.0000,0.0000,0.0000,0.0000,0.0000,1.0000
5.5093,102.98,0.0000,0.0400,0.0000,0.0002,0.0000,0.0000,0.0000,0.0000,0.0000,0.0000,0.0000,1.0000
5.5293,102.98,0.0000,0.0400,0.0000,0.0002,0.0000,0.0000,0.0000,0.0000,0.0000,0.0000,0.0000,1.0000
5.5493,102.98,0.0000,0.0400,0.0000,0.0002,0.0000,0.0000,0.0000,0.0000,0.0000,0.0000,0.0000,1.0000
5.5693,102.98,0.0000,0.0400,0.0000,0.0002,0.0000,0.0000,0.0000,0.0000,0.0000,0.0000,0.0000,1.0000
5.5893,102.98,0.0000,0.0400,0.0000,0.0002,0.0000,0.0000,0.0000,0.0000,0.0000,0.0000,0.0000,1.0000
5.6093,102.98,0.0000,0.0400,0.0000,0.0002,0.0000,0.0000,0.0000,0.0000,0.0000,0.0000,0.0000,1.0000
5.6293,102.98,0.0000,0.0400,0.0000,0.0002,0.0000,0.0000,0.0000,0.0000,0.0000,0.0000,0.0000,1.0000
5.6493,102.98,0.0000,0.0400,0.0000,0.0002,0.0000,0.0000,0.0000,0.0000,0.0000,0.0000,0.0000,1.0000
5.6693,102.98,0.0000,0.0400,0.0000,0.0002,0.0000,0.0000,0.0000,0.0000,0.0000,0.0000,0.0000,1.0000
5.6893,102.98,0.0000,0.0400,0.0000,0.0002,0.0000,0.0000,0.0000,0.0000,0.0000,0.0000,0.0000,1.0000
5.7093,102.98,0.0000,0.0400,0.0000,0.0002,0.0000,0.0000,0.0000,0.0000,0.0000,0.0000,0.0000,1.0000
5.7293,102.98,0.0000,0.0400,0.0000,0.0002,0.0000,0.0000,0.0000,0.0000,0.0000,0.0000,0.0000,1.0000
5.7493,102.98,0.0000,0.0400,0.0000,0.0002,0.0000,0.0000,0.0000,0.0000,0.0000,0.0000,0.0000,1.0000
5.7693,102.98,0.0000,0.0400,0.0000,0.0002,0.0000,0.0000,0.0000,0.0000,0.0000,0.0000,0.0000,1.0000
5.7893,102.98,0.0000,0.0400,0.0000,0.0002,0.0000,0.0000,0.0000,0.0000,0.0000,0.0000,0.0000,1.0000
5.8093,102.98,0.0000,0.0400,0.0000,0.0002,0.0000,0.0000,0.0000,0.0000,0.0000,0.0000,0.0000,1.0000
5.8293,102.98,0.0000,0.0400,0.0000,0.0002,0.0000,0.0000,0.0000,0.0000,0.0000,0.0000,0.0000,1.0000
5.8493,102.98,0.0000,0.0400,0.0000,0.0002,0.0000,0.0000,0.0000,0.0000,0.0000,0.0000,0.0000,1.0000
5.8693,102.98,0.0000,0.0400,0.0000,0.0002,0.0000,0.0000,0.0000,0.0000,0.0000,0.0000,0.0000,1.0000
5.8893,102.98,0.0000,0.0400,0.0000,0.0002,0.0000,0.0000,0.0000,0.0000,0.0000,0.0000,0.0000,1.0000
5.9093,102.98,0.0000,0.0400,0.0000,0.0002,0.0000,0.0000,0.0000,0.0000,0.0000,0.0000,0.0000,1.0000
5.9293,102.98,0.0000,0.0400,0.0000,0.0002,0.0000,0.0000,0.0000,0.0000,0.0000,0.0000,0.0000,1.0000
5.9493,102.98,0.0000,0.0400,0.0000,0.0002,0.0000,0.0000,0.0000,0.0000,0.0000,0.0000,0.0000,1.0000
5.9693,102.98,0.0000,0.0400,0.0000,0.0002,0.0000,0.0000,0.0000,0.0000,0.0000,0.0000,0.0000,1.0000
5.9893,102.98,0.0000,0.0400,0.0000,0.0002,0.0000,0.0000,0.0000,0.0000,0.0000,0.0000,0.0000,1.0000
6.0093,102.98,0.0000,0.0400,0.0000,0.0002,0.0000,0.0000,0.0000,0.0000,0.0000,0.0000,0.0000,1.0000
6.0293,102.98,0.0000,0.0400,0.0000,0.0002,0.0000,0.0000,0.0000,0.0000,0.0000,0.0000,0.0000,1.0000
6.0493,102.98,0.0000,0.0400,0.0000,0.0002,0.0000,0.0000,0.0000,0.0000,0.0000,0.0000,0.0000,1.0000
6.0693,102.98,0.0000,0.0400,0.0000,0.0002,0.0000,0.0000,0.0000,0.0000,0.0000,0.0000,0.0000,1.0000
6.0893,102.98,0.0000,0.0400,0.0000,0.0002,0.0000,0.0000,0.0000,0.0000,0.0000,0.0000,0.0000,1.0000
6.1093,102.98,0.0000,0.0400,0.0000,0.0002,0.0000,0.0000,0.0000,0.0000,0.0000,0.0000,0.0000,1.0000
6.1293,102.98,0.0000,0.0400,0.0000,0.0002,0.0000,0.0000,0.0000,0.0000,0.0000,0.0000,0.0000,1.0000
6.1493,102.98,0.0000,0.0400,0.0000,0.0002,0.0000,0.0000,0.0000,0.0000,0.0000,0.0000,0.0000,1.0000
6.1693,86.41,0.0000,0.0400,0.0000,0.0002,0.0000,0.0000,0.0000,0.0000,0.0000,0.0000,0.0000,1.0000
6.1893,86.41,0.0000,0.0400,0.0000,0.0002,0.0000,0.0000,0.0000,0.0000,0.0000,0.0000,0.0000,1.0000
6.2093,86.41,0.0000,0.0400,0.0000,0.0002,0.0000,0.0000,0.0000,0.0000,0.0000,0.0000,0.0000,1.0000
6.2293,86.41,0.0000,0.0400,0.0000,0.0002,0.0000,0.0000,0.0000,0.0000,0.0000,0.0000,0.0000,1.0000
6.2493,86.41,0.0000,0.0400,0.0000,0.0002,0.0000,0.0000,0.0000,0.0000,0.0000,0.0000,0.0000,1.0000
6.2693,86.41,0.0000,0.0400,0.0000,0.0002,0.0000,0.0000,0.0000,0.0000,0.0000,0.0000,0.0000,1.0000
6.2893,86.41,0.0000,0.0400,0.0000,0.0002,0.0000,0.0000,0.0000,0.0000,0.0000,0.0000,0.0000,1.0000
6.3093,86.41,0.0000,0.0400,0.0000,0.0002,0.0000,0.0000,0.0000,0.0000,0.0000,0.0000,0.0000,1.0000
6.3293,86.41,0.0000,0.0400,0.0000,0.0002,0.0000,0.0000,0.0000,0.0000,0.0000,0.0000,0.0000,1.0000
6.3493,86.41,0.0000,0.0400,0.0000,0.0002,0.0000,0.0000,0.0000,0.0000,0.0000,0.0000,0.0000,1.0000
6.3693,86.41,0.0000,0.0400,0.0000,0.0002,0.0000,0.0000,0.0000,0.0000,0.0000,0.0000,0.0000,1.0000
6.3893,86.41,0.0000,0.0400,0.0000,0.0002,0.0000,0.0000,0.0000,0.0000,0.0000,0.0000,0.0000,1.0000
6.4093,86.41,0.0000,0.0400,0.0000,0.0002,0.0000,0.0000,0.0000,0.0000,0.0000,0.0000,0.0000,1.0000
6.4293,86.41,0.0000,0.0400,0.0000,0.0002,0.0000,0.0000,0.0000,0.0000,0.0000,0.0000,0.0000,1.0000
6.4493,86.41,0.0000,0.0400,0.0000,0.0002,0.0000,0.0000,0.0000,0.0000,0.0000,0.0000,0.0000,1.0000
6.4693,86.41,0.0000,0.0400,0.0000,0.0002,0.0000,0.0000,0.0000,0.0000,0.0000,0.0000,0.0000,1.0000
6.4893,86.41,0.0000,0.0400,0.0000,0.0002,0.0000,0.0000,0.0000,0.0000,0.0000,0.0000,0.0000,1.0000
6.5093,86.41,0.0000,0.0400,0.0000,0.0002,0.0000,0.0000,0.0000,0.0000,0.0000,0.0000,0.0000,1.0000
6.5293,86.41,0.0000,0.0400,0.0000,0.0002,0.0000,0.0000,0.0000,0.0000,0.0000,0.0000,0.0000,1.0000
6.5493,86.41,0.0000,0.0400,0.0000,0.0002,0.0000,0.0000,0.0000,0.0000,0.0000,0.0000,0.0000,1.0000
6.5693,86.41,0.0000,0.0400,0.0000,0.0002,0.0000,0.0000,0.0000,0.0000,0.0000,0.0000,0.0000,1.0000
6.5893,86.41,0.0000,0.0400,0.0000,0.0002,0.0000,0.0000,0.0000,0.0000,0.0000,0.0000,0.0000,1.0000
6.6093,86.41,0.0000,0.0400,0.0000,0.0002,0.0000,0.0000,0.0000,0.0000,0.0000,0.0000,0.0000,1.0000
6.6293,86.41,0.0000,0.0400,0.0000,0.0002,0.0000,0.0000,0.0000,0.0000,0.0000,0.0000,0.0000,1.0000
6.6493,86.41,0.0000,0.0400,0.0000,0.0002,0.0000,0.0000,0.0000,0.0000,0.0000,0.0000,0.0000,1.0000
6.6693,86.41,0.0000,0.0400,0.0000,0.0002,0.0000,0.0000,0.0000,0.0000,0.0000,0.0000,0.0000,1.0000
6.6893,86.41,0.0000,0.0400,0.0000,0.0002,0.0000,0.0000,0.0000,0.0000,0.0000,0.0000,0.0000,1.0000
6.7093,86.41,0.0000,0.0400,0.0000,0.0002,0.0000,0.0000,0.0000,0.0000,0.0000,0.0000,0.0000,1.0000
6.7293,86.41,0.0000,0.0400,0.0000,0.0002,0.0000,0.0000,0.0000,0.0000,0.0000,0.0000,0.0000,1.0000
6.7493,86.41,0.0000,0.0400,0.0000,0.0002,0.0000,0.0000,0.0000,0.0000,0.0000,0.0000,0.0000,1.0000
6.7693,86.41,0.0000,0.0400,0.0000,0.0002,0.0000,0.0000,0.0000,0.0000,0.0000,0.0000,0.0000,1.0000
6.7893,86.41,0.0000,0.0400,0.0000,0.0002,0.0000,0.0000,0.0000,0.0000,0.0000,0.0000,0.0000,1.0000
6.8093,86.41,0.0000,0.0400,0.0000,0.0002,0.0000,0.0000,0.0000,0.0000,0.0000,0.0000,0.0000,1.0000
6.8293,86.41,0.0000,0.0400,0.0000,0.0002,0.0000,0.0000,0.0000,0.0000,0.0000,0.0000,0.0000,1.0000
6.8493,86.41,0.0000,0.0400,0.0000,0.0002,0.0000,0.0000,0.0000,0.0000,0.0000,0.0000,0.0000,1.0000
6.8693,86.41,0.0000,0.0400,0.0000,0.0002,0.0000,0.0000,0.0000,0.0000,0.0000,0.0000,0.0000,1.0000
6.8893,86.41,0.0000,0.0400,0.0000,0.0002,0.0000,0.0000,0.0000,0.0000,0.0000,0.0000,0.0000,1.0000
6.9093,86.41,0.0000,0.0400,0.0000,0.0002,0.0000,0.0000,0.0000,0.0000,0.0000,0.0000,0.0000,1.0000
6.9293,86.41,0.0000,0.0400,0.0000,0.0002,0.0000,0.0000,0.0000,0.0000,0.0000,0.0000,0.0000,1.0000
6.9493,86.41,0.0000,0.0400,0.0000,0.0002,0.0000,0.0000,0.0000,0.0000,0.0000,0.0000,0.0000,1.0000
6.9693,86.41,0.0000,0.0400,0.0000,0.0002,0.0000,0.0000,0.0000,0.0000,0.0000,0.0000,0.0000,1.0000
6.9893,86.41,0.0000,0.0400,0.0000,0.0002,0.0000,0.0000,0.0000,0.0000,0.0000,0.0000,0.0000,1.0000
7.0093,86.41,0.0000,0.0400,0.0000,0.0002,0.0000,0.0000,0.0000,0.0000,0.0000,0.0000,0.0000,1.0000
7.0293,86.41,0.0000,0.0400,0.0000,0.0002,0.0000,0.0000,0.0000,0.0000,0.0000,0.0000,0.0000,1.0000
7.0493,86.41,0.0000,0.0400,0.0000,0.0002,0.0000,0.0000,0.0000,0.0000,0.0000,0.0000,0.0000,1.0000
7.0693,86.41,0.0000,0.0400,0.0000,0.0002,0.0000,0.0000,0.0000,0.0000,0.0000,0.0000,0.0000,1.0000
7.0893,86.41,0.0000,0.0400,0.0000,0.0002,0.0000,0.0000,0.0000,0.0000,0.0000,0.0000,0.0000,1.0000
7.1093,86.41,0.0000,0.0400,0.0000,0.0002,0.0000,0.0000,0.0000,0.0000,0.0000,0.0000,0.0000,1.0000
7.1293,86.41,0.0000,0.0400,0.0000,0.0002,0.0000,0.0000,0.0000,0.0000,0.0000,0.0000,0.0000,1.0000
7.1493,86.41,0.0000,0.0400,0.0000,0.0002,0.0000,0.0000,0.0000,0.0000,0.0000,0.0000,0.0000,1.0000
7.1693,86.41,0.0000,0.0400,0.0000,0.0002,0.0000,0.0000,0.0000,0.0000,0.0000,0.0000,0.0000,1.0000
7.1893,99.30,0.0000,0.0400,0.0000,0.0002,0.0000,0.0000,0.0000,0.0000,0.0000,0.0000,0.0000,1.0000
7.2093,99.30,0.0000,0.0400,0.0000,0.0002,0.0000,0.0000,0.0000,0.0000,0.0000,0.0000,0.0000,1.0000
7.2293,99.30,0.0000,0.0400,0.0000,0.0002,0.0000,0.0000,0.0000,0.0000,0.0000,0.0000,0.0000,1.0000
7.2493,99.30,0.0000,0.0400,0.0000,0.0002,0.0000,0.0000,0.0000,0.0000,0.0000,0.0000,0.0000,1.0000
7.2693,99.30,0.0000,0.0400,0.0000,0.0002,0.0000,0.0000,0.0000,0.0000,0.0000,0.0000,0.0000,1.0000
7.2893,99.30,0.0000,0.0400,0.0000,0.0002,0.0000,0.0000,0.0000,0.0000,0.0000,0.0000,0.0000,1.0000
7.3093,99.30,0.0000,0.0400,0.0000,0.0002,0.0000,0.0000,0.0000,0.0000,0.0000,0.0000,0.0000,1.0000
7.3293,99.30,0.0000,0.0400,0.0000,0.0002,0.0000,0.0000,0.0000,0.0000,0.0000,0.0000,0.0000,1.0000
7.3493,99.30,0.0000,0.0400,0.0000,0.0002,0.0000,0.0000,0.0000,0.0000,0.0000,0.0000,0.0000,1.0000
7.3693,99.30,0.0000,0.0400,0.0000,0.0002,0.0000,0.0000,0.0000,0.0000,0.0000,0.0000,0.0000,1.0000
7.3893,99.30,0.0000,0.0400,0.0000,0.0002,0.0000,0.0000,0.0000,0.0000,0.0000,0.0000,0.0000,1.0000
7.4093,99.30,0.0000,0.0400,0.0000,0.0002,0.0000,0.0000,0.0000,0.0000,0.0000,0.0000,0.0000,1.0000
7.4293,99.30,0.0000,0.0400,0.0000,0.0002,0.0000,0.0000,0.0000,0.0000,0.0000,0.0000,0.0000,1.0000
7.4493,99.30,0.0000,0.0400,0.0000,0.0002,0.0000,0.0000,0.0000,0.0000,0.0000,0.0000,0.0000,1.0000
7.4693,99.30,0.0000,0.0400,0.0000,0.0002,0.0000,0.0000,0.0000,0.0000,0.0000,0.0000,0.0000,1.0000
7.4893,99.30,0.0000,0.0400,0.0000,0.0002,0.0000,0.0000,0.0000,0.0000,0.0000,0.0000,0.0000,1.0000
7.5093,99.30,0.0000,0.0400,0.0000,0.0002,0.0000,0.0000,0.0000,0.0000,0.0000,0.0000,0.0000,1.0000
7.5293,99.30,0.0000,0.0400,0.0000,0.0002,0.0000,0.0000,0.0000,0.0000,0.0000,0.0000,0.0000,1.0000
7.5493,99.30,0.0000,0.0400,0.0000,0.0002,0.0000,0.0000,0.0000,0.0000,0.0000,0.0000,0.0000,1.0000
7.5693,99.30,0.0000,0.0400,0.0000,0.0002,0.0000,0.0000,0.0000,0.0000,0.0000,0.0000,0.0000,1.0000
7.5893,99.30,0.0000,0.0400,0.0000,0.0002,0.0000,0.0000,0.0000,0.0000,0.0000,0.0000,0.0000,1.0000
7.6093,99.30,0.0000,0.0400,0.0000,0.0002,0.0000,0.0000,0.0000,0.0000,0.0000,0.0000,0.0000,1.0000
7.6293,99.30,0.0000,0.0400,0.0000,0.0002,0.0000,0.0000,0.0000,0.0000,0.0000,0.0000,0.0000,1.0000
7.6493,99.30,0.0000,0.0400,0.0000,0.0002,0.0000,0.0000,0.0000,0.0000,0.0000,0.0000,0.0000,1.0000
7.6693,99.30,0.0000,0.0400,0.0000,0.0002,0.0000,0.0000,0.0000,0.0000,0.0000,0.0000,0.0000,1.0000
7.6893,99.30,0.0000,0.0400,0.0000,0.0002,0.0000,0.0000,0.0000,0.0000,0.0000,0.0000,0.0000,1.0000
7.7093,99.30,0.0000,0.0400,0.0000,0.0002,0.0000,0.0000,0.0000,0.0000,0.0000,0.0000,0.0000,1.0000
7.7293,99.30,0.0000,0.0400,0.0000,0.0002,0.0000,0.0000,0.0000,0.0000,0.0000,0.0000,0.0000,1.0000
7.7493,99.30,0.0000,0.0400,0.0000,0.0002,0.0000,0.0000,0.0000,0.0000,0.0000,0.0000,0.0000,1.0000
7.7693,99.30,0.0000,0.0400,0.0000,0.0002,0.0000,0.0000,0.0000,0.0000,0.0000,0.0000,0.0000,1.0000
7.7893,99.30,0.0000,0.0400,0.0000,0.0002,0.0000,0.0000,0.0000,0.0000,0.0000,0.0000,0.0000,1.0000
7.8093,99.30,0.0000,0.0400,0.0000,0.0002,0.0000,0.0000,0.0000,0.0000,0.0000,0.0000,0.0000,1.0000
7.8293,99.30,0.0000,0.0400,0.0000,0.0002,0.0000,0.0000,0.0000,0.0000,0.0000,0.0000,0.0000,1.0000
7.8493,99.30,0.0000,0.0400,0.0000,0.0002,0.0000,0.0000,0.0000,0.0000,0.0000,0.0000,0.0000,1.0000
7.8693,99.30,0.0000,0.0400,0.0000,0.0002,0.0000,0.0000,0.0000,0.0000,0.0000,0.0000,0.0000,1.0000
7.8893,99.30,0.0000,0.0400,0.0000,0.0002,0.0000,0.0000,0.0000,0.0000,0.0000,0.0000,0.0000,1.0000
7.9093,99.30,0.0000,0.0400,0.0000,0.0002,0.0000,0.0000,0.0000,0.0000,0.0000,0.0000,0.0000,1.0000
7.9293,99.30,0.0000,0.0400,0.0000,0.0002,0.0000,0.0000,0.0000,0.0000,0.0000,0.0000,0.0000,1.0000
7.9493,99.30,0.0000,0.0400,0.0000,0.0002,0.0000,0.0000,0.0000,0.0000,0.0000,0.0000,0.0000,1.0000
7.9693,99.30,0.0000,0.0400,0.0000,0.0002,0.0000,0.0000,0.0000,0.0000,0.0000,0.0000,0.0000,1.0000
7.9893,99.30,0.0000,0.0400,0.0000,0.0002,0.0000,0.0000,0.0000,0.0000,0.0000,0.0000,0.0000,1.0000
8.0093,99.30,0.0000,0.0400,0.0000,0.0002,0.0000,0.0000,0.0000,0.0000,0.0000,0.0000,0.0000,1.0000
8.0293,99.30,0.0000,0.0400,0.0000,0.0002,0.0000,0.0000,0.0000,0.0000,0.0000,0.0000,0.0000,1.0000
8.0493,99.30,0.0000,0.0400,0.0000,0.0002,0.0000,0.0000,0.0000,0.0000,0.0000,0.0000,0.0000,1.0000
8.0693,99.30,0.0000,0.0400,0.0000,0.0002,0.0000,0.0000,0.0000,0.0000,0.0000,0.0000,0.0000,1.0000
8.0893,99.30,0.0000,0.0400,0.0000,0.0002,0.0000,0.0000,0.0000,0.0000,0.0000,0.0000,0.0000,1.0000
8.1093,99.30,0.0000,0.0400,0.0000,0.0002,0.0000,0.0000,0.0000,0.0000,0.0000,0.0000,0.0000,1.0000
8.1293,99.30,0.0000,0.0400,0.0000,0.0002,0.0000,0.0000,0.0000,0.0000,0.0000,0.0000,0.0000,1.0000
8.1493,99.30,0.0000,0.0400,0.0000,0.0002,0.0000,0.0000,0.0000,0.0000,0.0000,0.0000,0.0000,1.0000
8.1693,99.30,0.0000,0.0400,0.0000,0.0002,0.0000,0.0000,0.0000,0.0000,0.0000,0.0000,0.0000,1.0000
8.1893,95.31,0.0000,0.0400,0.0000,0.0002,0.0000,0.0000,0.0000,0.0000,0.0000,0.0000,0.0000,1.0000
8.2093,95.31,0.0000,0.0400,0.0000,0.0002,0.0000,0.0000,0.0000,0.0000,0.0000,0.0000,0.0000,1.0000
8.2293,95.31,0.0000,0.0400,0.0000,0.0002,0.0000,0.0000,0.0000,0.0000,0.0000,0.0000,0.0000,1.0000
8.2493,95.31,0.0000,0.0400,0.0000,0.0002,0.0000,0.0000,0.0000,0.0000,0.0000,0.0000,0.0000,1.0000
8.2693,95.31,0.0000,0.0400,0.0000,0.0002,0.0000,0.0000,0.0000,0.0000,0.0000,0.0000,0.0000,1.0000
8.2893,95.31,0.0000,0.0400,0.0000,0.0002,0.0000,0.0000,0.0000,0.0000,0.0000,0.0000,0.0000,1.0000
8.3093,95.31,0.0000,0.0400,0.0000,0.0002,0.0000,0.0000,0.0000,0.0000,0.0000,0.0000,0.0000,1.0000
8.3293,95.31,0.0000,0.0400,0.0000,0.0002,0.0000,0.0000,0.0000,0.0000,0.0000,0.0000,0.0000,1.0000
8.3493,95.31,0.0000,0.0400,0.0000,0.0002,0.0000,0.0000,0.0000,0.0000,0.0000,0.0000,0.0000,1.0000
8.3693,95.31,0.0000,0.0400,0.0000,0.0002,0.0000,0.0000,0.0000,0.0000,0.0000,0.0000,0.0000,1.0000
8.3893,95.31,0.0000,0.0400,0.0000,0.0002,0.0000,0.0000,0.0000,0.0000,0.0000,0.0000,0.0000,1.0000
8.4093,95.31,0.0000,0.0400,0.0000,0.0002,0.0000,0.0000,0.0000,0.0000,0.0000,0.0000,0.0000,1.0000
8.4293,95.31,0.0000,0.0400,0.0000,0.0002,0.0000,0.0000,0.0000,0.0000,0.0000,0.0000,0.0000,1.0000
8.4493,95.31,0.0000,0.0400,0.0000,0.0002,0.0000,0.0000,0.0000,0.0000,0.0000,0.0000,0.0000,1.0000
8.4693,95.31,0.0000,0.0400,0.0000,0.0002,0.0000,0.0000,0.0000,0.0000,0.0000,0.0000,0.0000,1.0000
8.4893,95.31,0.0000,0.0400,0.0000,0.0002,0.0000,0.0000,0.0000,0.0000,0.0000,0.0000,0.0000,1.0000
8.5093,95.31,0.0000,0.0400,0.0000,0.0002,0.0000,0.0000,0.0000,0.0000,0.0000,0.0000,0.0000,1.0000
8.5293,95.31,0.0000,0.0400,0.0000,0.0002,0.0000,0.0000,0.0000,0.0000,0.0000,0.0000,0.0000,1.0000
8.5493,95.31,0.0000,0.0400,0.0000,0.0002,0.0000,0.0000,0.0000,0.0000,0.0000,0.0000,0.0000,1.0000
8.5693,95.31,0.0000,0.0400,0.0000,0.0002,0.0000,0.0000,0.0000,0.0000,0.0000,0.0000,0.0000,1.0000
8.5893,95.31,0.0000,0.0400,0.0000,0.0002,0.0000,0.0000,0.0000,0.0000,0.0000,0.0000,0.0000,1.0000
8.6093,95.31,0.0000,0.0400,0.0000,0.0002,0.0000,0.0000,0.0000,0.0000,0.0000,0.0000,0.0000,1.0000
8.6293,95.31,0.0000,0.0400,0.0000,0.0002,0.0000,0.0000,0.0000,0.0000,0.0000,0.0000,0.0000,1.0000
8.6493,95.31,0.0000,0.0400,0.0000,0.0002,0.0000,0.0000,0.0000,0.0000,0.0000,0.0000,0.0000,1.0000
8.6693,95.31,0.0000,0.0400,0.0000,0.0002,0.0000,0.0000,0.0000,0.0000,0.0000,0.0000,0.0000,1.0000
8.6893,95.31,0.0000,0.0400,0.0000,0.0002,0.0000,0.0000,0.0000,0.0000,0.0000,0.0000,0.0000,1.0000
8.7093,95.31,0.0000,0.0400,0.0000,0.0002,0.0000,0.0000,0.0000,0.0000,0.0000,0.0000,0.0000,1.0000
8.7293,95.31,0.0000,0.0400,0.0000,0.0002,0.0000,0.0000,0.0000,0.0000,0.0000,0.0000,0.0000,1.0000
8.7493,95.31,0.0000,0.0400,0.0000,0.0002,0.0000,0.0000,0.0000,0.0000,0.0000,0.0000,0.0000,1.0000
8.7693,95.31,0.0000,0.0400,0.0000,0.0002,0.0000,0.0000,0.0000,0.0000,0.0000,0.0000,0.0000,1.0000
8.7893,95.31,0.0000,0.0400,0.0000,0.0002,0.0000,0.0000,0.0000,0.0000,0.0000,0.0000,0.0000,1.0000
8.8093,95.31,0.0000,0.0400,0.0000,0.0002,0.0000,0.0000,0.0000,0.0000,0.0000,0.0000,0.0000,1.0000
8.8293,95.31,0.0000,0.0400,0.0000,0.0002,0.0000,0.0000,0.0000,0.0000,0.0000,0.0000,0.0000,1.0000
8.8493,95.31,0.0000,0.0400,0.0000,0.0002,0.0000,0.0000,0.0000,0.0000,0.0000,0.0000,0.0000,1.0000
8.8693,95.31,0.0000,0.0400,0.0000,0.0002,0.0000,0.0000,0.0000,0.0000,0.0000,0.0000,0.0000,1.0000
8.8893,95.31,0.0000,0.0400,0.0000,0.0002,0.0000,0.0000,0.0000,0.0000,0.0000,0.0000,0.0000,1.0000
8.9093,95.31,0.0000,0.0400,0.0000,0.0002,0.0000,0.0000,0.0000,0.0000,0.0000,0.0000,0.0000,1.0000
8.9293,95.31,0.0000,0.0400,0.0000,0.0002,0.0000,0.0000,0.0000,0.0000,0.0000,0.0000,0.0000,1.0000
8.9493,95.31,0.0000,0.0400,0.0000,0.0002,0.0000,0.0000,0.0000,0.0000,0.0000,0.0000,0.0000,1.0000
8.9693,95.31,0.0000,0.0400,0.0000,0.0002,0.0000,0.0000,0.0000,0.0000,0.0000,0.0000,0.0000,1.0000
8.9893,95.31,0.0000,0.0400,0.0000,0.0002,0.0000,0.0000,0.0000,0.0000,0.0000,0.0000,0.0000,1.0000
9.0093,95.31,0.0000,0.0400,0.0000,0.0002,0.0000,0.0000,0.0000,0.0000,0.0000,0.0000,0.0000,1.0000
9.0293,95.31,0.0000,0.0400,0.0000,0.0002,0.0000,0.0000,0.0000,0.0000,0.0000,0.0000,0.0000,1.0000
9.0493,95.31,0.0000,0.0400,0.0000,0.0002,0.0000,0.0000,0.0000,0.0000,0.0000,0.0000,0.0000,1.0000
9.0693,95.31,0.0000,0.0400,0.0000,0.0002,0.0000,0.0000,0.0000,0.0000,0.0000,0.0000,0.0000,1.0000
9.0893,95.31,0.0000,0.0400,0.0000,0.0002,0.0000,0.0000,0.0000,0.0000,0.0000,0.0000,0.0000,1.0000
9.1093,95.31,0.0000,0.0400,0.0000,0.0002,0.0000,0.0000,0.0000,0.0000,0.0000,0.0000,0.0000,1.0000
9.1293,95.31,0.0000,0.0400,0.0000,0.0002,0.0000,0.0000,0.0000,0.0000,0.0000,0.0000,0.0000,1.0000
9.1493,95.31,0.0000,0.0400,0.0000,0.0002,0.0000,0.0000,0.0000,0.0000,0.0000,0.0000,0.0000,1.0000
9.1693,95.31,0.0000,0.0400,0.0000,0.0002,0.0000,0.0000,0.0000,0.0000,0.0000,0.0000,0.0000,1.0000
9.1893,101.48,0.0000,0.0400,0.0000,0.0002,0.0000,0.0000,0.0000,0.0000,0.0000,0.0000,0.0000,1.0000
9.2093,101.48,0.0000,0.0400,0.0000,0.0002,0.0000,0.0000,0.0000,0.0000,0.0000,0.0000,0.0000,1.0000
9.2293,101.48,0.0000,0.0400,0.0000,0.0002,0.0000,0.0000,0.0000,0.0000,0.0000,0.0000,0.0000,1.0000
9.2493,101.48,0.0000,0.0400,0.0000,0.0002,0.0000,0.0000,0.0000,0.0000,0.0000,0.0000,0.0000,1.0000
9.2693,101.48,0.0000,0.0400,0.0000,0.0002,0.0000,0.0000,0.0000,0.0000,0.0000,0.0000,0.0000,1.0000
9.2893,101.48,0.0000,0.0400,0.0000,0.0002,0.0000,0.0000,0.0000,0.0000,0.0000,0.0000,0.0000,1.0000
9.3093,101.48,0.0000,0.0400,0.0000,0.0002,0.0000,0.0000,0.0000,0.0000,0.0000,0.0000,0.0000,1.0000
9.3293,101.48,0.0000,0.0400,0.0000,0.0002,0.0000,0.0000,0.0000,0.0000,0.0000,0.0000,0.0000,1.0000
9.3493,101.48,0.0000,0.0400,0.0000,0.0002,0.0000,0.0000,0.0000,0.0000,0.0000,0.0000,0.0000,1.0000
9.3693,101.48,0.0000,0.0400,0.0000,0.0002,0.0000,0.0000,0.0000,0.0000,0.0000,0.0000,0.0000,1.0000
9.3893,101.48,0.0000,0.0400,0.0000,0.0002,0.0000,0.0000,0.0000,0.0000,0.0000,0.0000,0.0000,1.0000
9.4093,101.48,0.0000,0.0400,0.0000,0.0002,0.0000,0.0000,0.0000,0.0000,0.0000,0.0000,0.0000,1.0000
9.4293,101.48,0.0000,0.0400,0.0000,0.0002,0.0000,0.0000,0.0000,0.0000,0.0000,0.0000,0.0000,1.0000
9.4493,101.48,0.0000,0.0400,0.0000,0.0002,0.0000,0.0000,0.0000,0.0000,0.0000,0.0000,0.0000,1.0000
9.4693,101.48,0.0000,0.0400,0.0000,0.0002,0.0000,0.0000,0.0000,0.0000,0.0000,0.0000,0.0000,1.0000
9.4893,101.48,0.0000,0.0400,0.0000,0.0002,0.0000,0.0000,0.0000,0.0000,0.0000,0.0000,0.0000,1.0000
9.5093,101.48,0.0000,0.0400,0.0000,0.0002,0.0000,0.0000,0.0000,0.0000,0.0000,0.0000,0.0000,1.0000
9.5293,101.48,0.0000,0.0400,0.0000,0.0002,0.0000,0.0000,0.0000,0.0000,0.0000,0.0000,0.0000,1.0000
9.5493,101.48,0.0000,0.0400,0.0000,0.0002,0.0000,0.0000,0.0000,0.0000,0.0000,0.0000,0.0000,1.0000
9.5693,101.48,0.0000,0.0400,0.0000,0.0002,0.0000,0.0000,0.0000,0.0000,0.0000,0.0000,0.0000,1.0000
9.5893,101.48,0.0000,0.0400,0.0000,0.0002,0.0000,0.0000,0.0000,0.0000,0.0000,0.0000,0.0000,1.0000
9.6093,101.48,0.0000,0.0400,0.0000,0.0002,0.0000,0.0000,0.0000,0.0000,0.0000,0.0000,0.0000,1.0000
9.6293,101.48,0.0000,0.0400,0.0000,0.0002,0.0000,0.0000,0.0000,0.0000,0.0000,0.0000,0.0000,1.0000
9.6493,101.48,0.0000,0.0400,0.0000,0.0002,0.0000,0.0000,0.0000,0.0000,0.0000,0.0000,0.0000,1.0000
9.6693,101.48,0.0000,0.0400,0.0000,0.0002,0.0000,0.0000,0.0000,0.0000,0.0000,0.0000,0.0000,1.0000
9.6893,101.48,0.0000,0.0400,0.0000,0.0002,0.0000,0.0000,0.0000,0.0000,0.0000,0.0000,0.0000,1.0000
9.7093,101.48,0.0000,0.0400,0.0000,0.0002,0.0000,0.0000,0.0000,0.0000,0.0000,0.0000,0.0000,1.0000
9.7293,101.48,0.0000,0.0400,0.0000,0.0002,0.0000,0.0000,0.0000,0.0000,0.0000,0.0000,0.0000,1.0000
9.7493,101.48,0.0000,0.0400,0.0000,0.0002,0.0000,0.0000,0.0000,0.0000,0.0000,0.0000,0.0000,1.0000
9.7693,101.48,0.0000,0.0400,0.0000,0.0002,0.0000,0.0000,0.0000,0.0000,0.0000,0.0000,0.0000,1.0000
9.7893,101.48,0.0000,0.0400,0.0000,0.0002,0.0000,0.0000,0.0000,0.0000,0.0000,0.0000,0.0000,1.0000
9.8093,101.48,0.0000,0.0400,0.0000,0.0002,0.0000,0.0000,0.0000,0.0000,0.0000,0.0000,0.0000,1.0000
9.8293,101.48,0.0000,0.0400,0.0000,0.0002,0.0000,0.0000,0.0000,0.0000,0.0000,0.0000,0.0000,1.0000
9.8493,101.48,0.0000,0.0400,0.0000,0.0002,0.0000,0.0000,0.0000,0.0000,0.0000,0.0000,0.0000,1.0000
9.8693,101.48,0.0000,0.0400,0.0000,0.0002,0.0000,0.0000,0.0000,0.0000,0.0000,0.0000,0.0000,1.0000
9.8893,101.48,0.0000,0.0400,0.0000,0.0002,0.0000,0.0000,0.0000,0.0000,0.0000,0.0000,0.0000,1.0000
9.9093,101.48,0.0000,0.0400,0.0000,0.0002,0.0000,0.0000,0.0000,0.0000,0.0000,0.0000,0.0000,1.0000
9.9293,101.48,0.0000,0.0400,0.0000,0.0002,0.0000,0.0000,0.0000,0.0000,0.0000,0.0000,0.0000,1.0000
9.9493,101.48,0.0000,0.0400,0.0000,0.0002,0.0000,0.0000,0.0000,0.0000,0.0000,0.0000,0.0000,1.0000
9.9693,101.48,0.0000,0.0400,0.0000,0.0002,0.0000,0.0000,0.0000,0.0000,0.0000,0.0000,0.0000,1.0000
9.9893,101.48,0.0000,0.0400,0.0000,0.0002,0.0000,0.0000,0.0000,0.0000,0.0000,0.0000,0.0000,1.0000
10.0093,101.48,0.0000,0.0400,0.0000,0.0002,0.0000,0.0000,0.0000,0.0000,0.0000,0.0000,0.0000,1.0000
10.0293,101.48,0.0000,0.0400,0.0000,0.0002,0.0000,0.0000,0.0000,0.0000,0.0000,0.0000,0.0000,1.0000
10.0493,101.48,0.0000,0.0400,0.0000,0.0002,0.0000,0.0000,0.0000,0.0000,0.0000,0.0000,0.0000,1.0000
10.0693,101.48,0.0000,0.0400,0.0000,0.0002,0.0000,0.0000,0.0000,0.0000,0.0000,0.0000,0.0000,1.0000
10.0893,101.48,0.0000,0.0400,0.0000,0.0002,0.0000,0.0000,0.0000,0.0000,0.0000,0.0000,0.0000,1.0000
10.1093,101.48,0.0000,0.0400,0.0000,0.0002,0.0000,0.0000,0.0000,0.0000,0.0000,0.0000,0.0000,1.0000
10.1293,101.48,0.0000,0.0400,0.0000,0.0002,0.0000,0.0000,0.0000,0.0000,0.0000,0.0000,0.0000,1.0000
10.1493,101.48,0.0000,0.0400,0.0000,0.0002,0.0000,0.0000,0.0000,0.0000,0.0000,0.0000,0.0000,1.0000
10.1693,101.48,0.0000,0.0400,0.0000,0.0002,0.0000,0.0000,0.0000,0.0000,0.0000,0.0000,0.0000,1.0000
10.1893,101.48,0.0000,0.0400,0.0000,0.0002,0.0000,0.0000,0.0000,0.0000,0.0000,0.0000,0.0000,1.0000
10.2093,106.12,0.0000,0.0400,0.0000,0.0002,0.0000,0.0000,0.0000,0.0000,0.0000,0.0000,0.0000,1.0000
10.2293,106.12,0.0000,0.0400,0.0000,0.0002,0.0000,0.0000,0.0000,0.0000,0.0000,0.0000,0.0000,1.0000
10.2493,106.12,0.0000,0.0400,0.0000,0.0002,0.0000,0.0000,0.0000,0.0000,0.0000,0.0000,0.0000,1.0000
10.2693,106.12,0.0000,0.0400,0.0000,0.0002,0.0000,0.0000,0.0000,0.0000,0.0000,0.0000,0.0000,1.0000
10.2893,106.12,0.0000,0.0400,0.0000,0.0002,0.0000,0.0000,0.0000,0.0000,0.0000,0.0000,0.0000,1.0000
10.3093,106.12,0.0000,0.0400,0.0000,0.0002,0.0000,0.0000,0.0000,0.0000,0.0000,0.0000,0.0000,1.0000
10.3293,106.12,0.0000,0.0400,0.0000,0.0002,0.0000,0.0000,0.0000,0.0000,0.0000,0.0000,0.0000,1.0000
10.3493,106.12,0.0000,0.0400,0.0000,0.0002,0.0000,0.0000,0.0000,0.0000,0.0000,0.0000,0.0000,1.0000
10.3693,106.12,0.0000,0.0400,0.0000,0.0002,0.0000,0.0000,0.0000,0.0000,0.0000,0.0000,0.0000,1.0000
10.3893,106.12,0.0000,0.0400,0.0000,0.0002,0.0000,0.0000,0.0000,0.0000,0.0000,0.0000,0.0000,1.0000
10.4093,106.12,0.0000,0.0400,0.0000,0.0002,0.0000,0.0000,0.0000,0.0000,0.0000,0.0000,0.0000,1.0000
10.4293,106.12,0.0000,0.0400,0.0000,0.0002,0.0000,0.0000,0.0000,0.0000,0.0000,0.0000,0.0000,1.0000
10.4493,106.12,0.0000,0.0400,0.0000,0.0002,0.0000,0.0000,0.0000,0.0000,0.0000,0.0000,0.0000,1.0000
10.4693,106.12,0.0000,0.0400,0.0000,0.0002,0.0000,0.0000,0.0000,0.0000,0.0000,0.0000,0.0000,1.0000
10.4893,106.12,0.0000,0.0400,0.0000,0.0002,0.0000,0.0000,0.0000,0.0000,0.0000,0.0000,0.0000,1.0000
10.5093,106.12,0.0000,0.0400,0.0000,0.0002,0.0000,0.0000,0.0000,0.0000,0.0000,0.0000,0.0000,1.0000
10.5293,106.12,0.0000,0.0400,0.0000,0.0002,0.0000,0.0000,0.0000,0.0000,0.0000,0.0000,0.0000,1.0000
10.5493,106.12,0.0000,0.0400,0.0000,0.0002,0.0000,0.0000,0.0000,0.0000,0.0000,0.0000,0.0000,1.0000
10.5693,106.12,0.0000,0.0400,0.0000,0.0002,0.0000,0.0000,0.0000,0.0000,0.0000,0.0000,0.0000,1.0000
10.5893,106.12,0.0000,0.0400,0.0000,0.0002,0.0000,0.0000,0.0000,0.0000,0.0000,0.0000,0.0000,1.0000
10.6093,106.12,0.0000,0.0400,0.0000,0.0002,0.0000,0.0000,0.0000,0.0000,0.0000,0.0000,0.0000,1.0000
10.6293,106.12,0.0000,0.0400,0.0000,0.0002,0.0000,0.0000,0.0000,0.0000,0.0000,0.0000,0.0000,1.0000
10.6493,106.12,0.0000,0.0400,0.0000,0.0002,0.0000,0.0000,0.0000,0.0000,0.0000,0.0000,0.0000,1.0000
10.6693,106.12,0.0000,0.0400,0.0000,0.0002,0.0000,0.0000,0.0000,0.0000,0.0000,0.0000,0.0000,1.0000
10.6893,106.12,0.0000,0.0400,0.0000,0.0002,0.0000,0.0000,0.0000,0.0000,0.0000,0.0000,0.0000,1.0000
10.7093,106.12,0.0000,0.0400,0.0000,0.0002,0.0000,0.0000,0.0000,0.0000,0.0000,0.0000,0.0000,1.0000
10.7293,106.12,0.0000,0.0400,0.0000,0.0002,0.0000,0.0000,0.0000,0.0000,0.0000,0.0000,0.0000,1.0000
10.7493,106.12,0.0000,0.0400,0.0000,0.0002,0.0000,0.0000,0.0000,0.0000,0.0000,0.0000,0.0000,1.0000
10.7693,106.12,0.0000,0.0400,0.0000,0.0002,0.0000,0.0000,0.0000,0.0000,0.0000,0.0000,0.0000,1.0000
10.7893,106.12,0.0000,0.0400,0.0000,0.0002,0.0000,0.0000,0.0000,0.0000,0.0000,0.0000,0.0000,1.0000
10.8093,106.12,0.0000,0.0400,0.0000,0.0002,0.0000,0.0000,0.0000,0.0000,0.0000,0.0000,0.0000,1.0000
10.8293,106.12,0.0000,0.0400,0.0000,0.0002,0.0000,0.0000,0.0000,0.0000,0.0000,0.0000,0.0000,1.0000
10.8493,106.12,0.0000,0.0400,0.0000,0.0002,0.0000,0.0000,0.0000,0.0000,0.0000,0.0000,0.0000,1.0000
10.8693,106.12,0.0000,0.0400,0.0000,0.0002,0.0000,0.0000,0.0000,0.0000,0.0000,0.0000,0.0000,1.0000
10.8893,106.12,0.0000,0.0400,0.0000,0.0002,0.0000,0.0000,0.0000,0.0000,0.0000,0.0000,0.0000,1.0000
10.9093,106.12,0.0000,0.0400,0.0000,0.0002,0.0000,0.0000,0.0000,0.0000,0.0000,0.0000,0.0000,1.0000
10.9293,106.12,0.0000,0.0400,0.0000,0.0002,0.0000,0.0000,0.0000,0.0000,0.0000,0.0000,0.0000,1.0000
10.9493,106.12,0.0000,0.0400,0.0000,0.0002,0.0000,0.0000,0.0000,0.0000,0.0000,0.0000,0.0000,1.0000
10.9693,106.12,0.0000,0.0400,0.0000,0.0002,0.0000,0.0000,0.0000,0.0000,0.0000,0.0000,0.0000,1.0000
10.9893,106.12,0.0000,0.0400,0.0000,0.0002,0.0000,0.0000,0.0000,0.0000,0.0000,0.0000,0.0000,1.0000
11.0093,106.12,0.0000,0.0400,0.0000,0.0002,0.0000,0.0000,0.0000,0.0000,0.0000,0.0000,0.0000,1.0000
11.0293,106.12,0.0000,0.0400,0.0000,0.0002,0.0000,0.0000,0.0000,0.0000,0.0000,0.0000,0.0000,1.0000
11.0493,106.12,0.0000,0.0400,0.0000,0.0002,0.0000,0.0000,0.0000,0.0000,0.0000,0.0000,0.0000,1.0000
11.0693,106.12,0.0000,0.0400,0.0000,0.0002,0.0000,0.0000,0.0000,0.0000,0.0000,0.0000,0.0000,1.0000
11.0893,106.12,0.0000,0.0400,0.0000,0.0002,0.0000,0.0000,0.0000,0.0000,0.0000,0.0000,0.0000,1.0000
11.1093,106.12,0.0000,0.0400,0.0000,0.0002,0.0000,0.0000,0.0000,0.0000,0.0000,0.0000,0.0000,1.0000
11.1293,106.12,0.0000,0.0400,0.0000,0.0002,0.0000,0.0000,0.0000,0.0000,0.0000,0.0000,0.0000,1.0000
11.1493,106.12,0.0000,0.0400,0.0000,0.0002,0.0000,0.0000,0.0000,0.0000,0.0000,0.0000,0.0000,1.0000
11.1693,106.12,0.0000,0.0400,0.0000,0.0002,0.0000,0.0000,0.0000,0.0000,0.0000,0.0000,0.0000,1.0000
11.1893,106.12,0.0000,0.0400,0.0000,0.0002,0.0000,0.0000,0.0000,0.0000,0.0000,0.0000,0.0000,1.0000
11.2093,104.01,0.0000,0.0400,0.0000,0.0002,0.0000,0.0000,0.0000,0.0000,0.0000,0.0000,0.0000,1.0000
11.2293,104.01,0.0000,0.0400,0.0000,0.0002,0.0000,0.0000,0.0000,0.0000,0.0000,0.0000,0.0000,1.0000
11.2493,104.01,0.0000,0.0400,0.0000,0.0002,0.0000,0.0000,0.0000,0.0000,0.0000,0.0000,0.0000,1.0000
11.2693,104.01,0.0000,0.0400,0.0000,0.0002,0.0000,0.0000,0.0000,0.0000,0.0000,0.0000,0.0000,1.0000
11.2893,104.01,0.0000,0.0400,0.0000,0.0002,0.0000,0.0000,0.0000,0.0000,0.0000,0.0000,0.0000,1.0000
11.3093,104.01,0.0000,0.0400,0.0000,0.0002,0.0000,0.0000,0.0000,0.0000,0.0000,0.0000,0.0000,1.0000
11.3293,104.01,0.0000,0.0400,0.0000,0.0002,0.0000,0.0000,0.0000,0.0000,0.0000,0.0000,0.0000,1.0000
11.3493,104.01,0.0000,0.0400,0.0000,0.0002,0.0000,0.0000,0.0000,0.0000,0.0000,0.0000,0.0000,1.0000
11.3693,104.01,0.0000,0.0400,0.0000,0.0002,0.0000,0.0000,0.0000,0.0000,0.0000,0.0000,0.0000,1.0000
11.3893,104.01,0.0000,0.0400,0.0000,0.0002,0.0000,0.0000,0.0000,0.0000,0.0000,0.0000,0.0000,1.0000
11.4093,104.01,0.0000,0.0400,0.0000,0.0002,0.0000,0.0000,0.0000,0.0000,0.0000,0.0000,0.0000,1.0000
11.4293,104.01,0.0000,0.0400,0.0000,0.0002,0.0000,0.0000,0.0000,0.0000,0.0000,0.0000,0.0000,1.0000
11.4493,104.01,0.0000,0.0400,0.0000,0.0002,0.0000,0.0000,0.0000,0.0000,0.0000,0.0000,0.0000,1.0000
11.4693,104.01,0.0000,0.0400,0.0000,0.0002,0.0000,0.0000,0.0000,0.0000,0.0000,0.0000,0.0000,1.0000
11.4893,104.01,0.0000,0.0400,0.0000,0.0002,0.0000,0.0000,0.0000,0.0000,0.0000,0.0000,0.0000,1.0000
11.5093,104.01,0.0000,0.0400,0.0000,0.0002,0.0000,0.0000,0.0000,0.0000,0.0000,0.0000,0.0000,1.0000
11.5293,104.01,0.0000,0.0400,0.0000,0.0002,0.0000,0.0000,0.0000,0.0000,0.0000,0.0000,0.0000,1.0000
11.5493,104.01,0.0000,0.0400,0.0000,0.0002,0.0000,0.0000,0.0000,0.0000,0.0000,0.0000,0.0000,1.0000
11.5693,104.01,0.0000,0.0400,0.0000,0.0002,0.0000,0.0000,0.0000,0.0000,0.0000,0.0000,0.0000,1.0000
11.5893,104.01,0.0000,0.0400,0.0000,0.0002,0.0000,0.0000,0.0000,0.0000,0.0000,0.0000,0.0000,1.0000
11.6093,104.01,0.0000,0.0400,0.0000,0.0002,0.0000,0.0000,0.0000,0.0000,0.0000,0.0000,0.0000,1.0000
11.6293,104.01,0.0000,0.0400,0.0000,0.0002,0.0000,0.0000,0.0000,0.0000,0.0000,0.0000,0.0000,1.0000
11.6493,104.01,0.0000,0.0400,0.0000,0.0002,0.0000,0.0000,0.0000,0.0000,0.0000,0.0000,0.0000,1.0000
11.6693,104.01,0.0000,0.0400,0.0000,0.0002,0.0000,0.0000,0.0000,0.0000,0.0000,0.0000,0.0000,1.0000
11.6893,104.01,0.0000,0.0400,0.0000,0.0002,0.0000,0.0000,0.0000,0.0000,0.0000,0.0000,0.0000,1.0000
11.7093,104.01,0.0000,0.0400,0.0000,0.0002,0.0000,0.0000,0.0000,0.0000,0.0000,0.0000,0.0000,1.0000
11.7293,104.01,0.0000,0.0400,0.0000,0.0002,0.0000,0.0000,0.0000,0.0000,0.0000,0.0000,0.0000,1.0000
11.7493,104.01,0.0000,0.0400,0.0000,0.0002,0.0000,0.0000,0.0000,0.0000,0.0000,0.0000,0.0000,1.0000
11.7693,104.01,0.0000,0.0400,0.0000,0.0002,0.0000,0.0000,0.0000,0.0000,0.0000,0.0000,0.0000,1.0000
11.7893,104.01,0.0000,0.0400,0.0000,0.0002,0.0000,0.0000,0.0000,0.0000,0.0000,0.0000,0.0000,1.0000
11.8093,104.01,0.0000,0.0400,0.0000,0.0002,0.0000,0.0000,0.0000,0.0000,0.0000,0.0000,0.0000,1.0000
11.8293,104.01,0.0000,0.0400,0.0000,0.0002,0.0000,0.0000,0.0000,0.0000,0.0000,0.0000,0.0000,1.0000
11.8493,104.01,0.0000,0.0400,0.0000,0.0002,0.0000,0.0000,0.0000,0.0000,0.0000,0.0000,0.0000,1.0000
11.8693,104.01,0.0000,0.0400,0.0000,0.0002,0.0000,0.0000,0.0000,0.0000,0.0000,0.0000,0.0000,1.0000
11.8893,104.01,0.0000,0.0400,0.0000,0.0002,0.0000,0.0000,0.0000,0.0000,0.0000,0.0000,0.0000,1.0000
11.9093,104.01,0.0000,0.0400,0.0000,0.0002,0.0000,0.0000,0.0000,0.0000,0.0000,0.0000,0.0000,1.0000
11.9293,104.01,0.0000,0.0400,0.0000,0.0002,0.0000,0.0000,0.0000,0.0000,0.0000,0.0000,0.0000,1.0000
11.9493,104.01,0.0000,0.0400,0.0000,0.0002,0.0000,0.0000,0.0000,0.0000,0.0000,0.0000,0.0000,1.0000
11.9693,104.01,0.0000,0.0400,0.0000,0.0002,0.0000,0.0000,0.0000,0.0000,0.0000,0.0000,0.0000,1.0000
11.9893,104.01,0.0000,0.0400,0.0000,0.0002,0.0000,0.0000,0.0000,0.0000,0.0000,0.0000,0.0000,1.0000
12.0093,104.01,0.0000,0.0400,0.0000,0.0002,0.0000,0.0000,0.0000,0.0000,0.0000,0.0000,0.0000,1.0000
12.0293,104.01,0.0000,0.0400,0.0000,0.0002,0.0000,0.0000,0.0000,0.0000,0.0000,0.0000,0.0000,1.0000
12.0493,104.01,0.0000,0.0400,0.0000,0.0002,0.0000,0.0000,0.0000,0.0000,0.0000,0.0000,0.0000,1.0000
12.0693,104.01,0.0000,0.0400,0.0000,0.0002,0.0000,0.0000,0.0000,0.0000,0.0000,0.0000,0.0000,1.0000
12.0893,104.01,0.0000,0.0400,0.0000,0.0002,0.0000,0.0000,0.0000,0.0000,0.0000,0.0000,0.0000,1.0000
12.1093,104.01,0.0000,0.0400,0.0000,0.0002,0.0000,0.0000,0.0000,0.0000,0.0000,0.0000,0.0000,1.0000
12.1293,104.01,0.0000,0.0400,0.0000,0.0002,0.0000,0.0000,0.0000,0.0000,0.0000,0.0000,0.0000,1.0000
12.1493,104.01,0.0000,0.0400,0.0000,0.0002,0.0000,0.0000,0.0000,0.0000,0.0000,0.0000,0.0000,1.0000
12.1693,104.01,0.0000,0.0400,0.0000,0.0002,0.0000,0.0000,0.0000,0.0000,0.0000,0.0000,0.0000,1.0000
12.1893,104.01,0.0000,0.0400,0.0000,0.0002,0.0000,0.0000,0.0000,0.0000,0.0000,0.0000,0.0000,1.0000
12.2093,104.01,0.0000,0.0400,0.0000,0.0002,0.0000,0.0000,0.0000,0.0000,0.0000,0.0000,0.0000,1.0000
12.2293,94.36,0.0000,0.0400,0.0000,0.0002,0.0000,0.0000,0.0000,0.0000,0.0000,0.0000,0.0000,1.0000
12.2493,94.36,0.0000,0.0400,0.0000,0.0002,0.0000,0.0000,0.0000,0.0000,0.0000,0.0000,0.0000,1.0000
12.2693,94.36,0.0000,0.0400,0.0000,0.0002,0.0000,0.0000,0.0000,0.0000,0.0000,0.0000,0.0000,1.0000
12.2893,94.36,0.0000,0.0400,0.0000,0.0002,0.0000,0.0000,0.0000,0.0000,0.0000,0.0000,0.0000,1.0000
12.3093,94.36,0.0000,0.0400,0.0000,0.0002,0.0000,0.0000,0.0000,0.0000,0.0000,0.0000,0.0000,1.0000
12.3293,94.36,0.0000,0.0400,0.0000,0.0002,0.0000,0.0000,0.0000,0.0000,0.0000,0.0000,0.0000,1.0000
12.3493,94.36,0.0000,0.0400,0.0000,0.0002,0.0000,0.0000,0.0000,0.0000,0.0000,0.0000,0.0000,1.0000
12.3693,94.36,0.0000,0.0400,0.0000,0.0002,0.0000,0.0000,0.0000,0.0000,0.0000,0.0000,0.0000,1.0000
12.3893,94.36,0.0000,0.0400,0.0000,0.0002,0.0000,0.0000,0.0000,0.0000,0.0000,0.0000,0.0000,1.0000
12.4093,94.36,0.0000,0.0400,0.0000,0.0002,0.0000,0.0000,0.0000,0.0000,0.0000,0.0000,0.0000,1.0000
12.4293,94.36,0.0000,0.0400,0.0000,0.0002,0.0000,0.0000,0.0000,0.0000,0.0000,0.0000,0.0000,1.0000
12.4493,94.36,0.0000,0.0400,0.0000,0.0002,0.0000,0.0000,0.0000,0.0000,0.0000,0.0000,0.0000,1.0000
12.4693,94.36,0.0000,0.0400,0.0000,0.0002,0.0000,0.0000,0.0000,0.0000,0.0000,0.0000,0.0000,1.0000
12.4893,94.36,0.0000,0.0400,0.0000,0.0002,0.0000,0.0000,0.0000,0.0000,0.0000,0.0000,0.0000,1.0000
12.5093,94.36,0.0000,0.0400,0.0000,0.0002,0.0000,0.0000,0.0000,0.0000,0.0000,0.0000,0.0000,1.0000
12.5293,94.36,0.0000,0.0400,0.0000,0.0002,0.0000,0.0000,0.0000,0.0000,0.0000,0.0000,0.0000,1.0000
12.5493,94.36,0.0000,0.0400,0.0000,0.0002,0.0000,0.0000,0.0000,0.0000,0.0000,0.0000,0.0000,1.0000
12.5693,94.36,0.0000,0.0400,0.0000,0.0002,0.0000,0.0000,0.0000,0.0000,0.0000,0.0000,0.0000,1.0000
12.5893,94.36,0.0000,0.0400,0.0000,0.0002,0.0000,0.0000,0.0000,0.0000,0.0000,0.0000,0.0000,1.0000
12.6093,94.36,0.0000,0.0400,0.0000,0.0002,0.0000,0.0000,0.0000,0.0000,0.0000,0.0000,0.0000,1.0000
12.6293,94.36,0.0000,0.0400,0.0000,0.0002,0.0000,0.0000,0.0000,0.0000,0.0000,0.0000,0.0000,1.0000
12.6493,94.36,0.0000,0.0400,0.0000,0.0002,0.0000,0.0000,0.0000,0.0000,0.0000,0.0000,0.0000,1.0000
12.6693,94.36,0.0000,0.0400,0.0000,0.0002,0.0000,0.0000,0.0000,0.0000,0.0000,0.0000,0.0000,1.0000
12.6893,94.36,0.0000,0.0400,0.0000,0.0002,0.0000,0.0000,0.0000,0.0000,0.0000,0.0000,0.0000,1.0000
12.7093,94.36,0.0000,0.0400,0.0000,0.0002,0.0000,0.0000,0.0000,0.0000,0.0000,0.0000,0.0000,1.0000
12.7293,94.36,0.0000,0.0400,0.0000,0.0002,0.0000,0.0000,0.0000,0.0000,0.0000,0.0000,0.0000,1.0000
12.7493,94.36,0.0000,0.0400,0.0000,0.0002,0.0000,0.0000,0.0000,0.0000,0.0000,0.0000,0.0000,1.0000
12.7693,94.36,0.0000,0.0400,0.0000,0.0002,0.0000,0.0000,0.0000,0.0000,0.0000,0.0000,0.0000,1.0000
12.7893,94.36,0.0000,0.0400,0.0000,0.0002,0.0000,0.0000,0.0000,0.0000,0.0000,0.0000,0.0000,1.0000
12.8093,94.36,0.0000,0.0400,0.0000,0.0002,0.0000,0.0000,0.0000,0.0000,0.0000,0.0000,0.0000,1.0000
12.8293,94.36,0.0000,0.0400,0.0000,0.0002,0.0000,0.0000,0.0000,0.0000,0.0000,0.0000,0.0000,1.0000
12.8493,94.36,0.0000,0.0400,0.0000,0.0002,0.0000,0.0000,0.0000,0.0000,0.0000,0.0000,0.0000,1.0000
12.8693,94.36,0.0000,0.0400,0.0000,0.0002,0.0000,0.0000,0.0000,0.0000,0.0000,0.0000,0.0000,1.0000
12.8893,94.36,0.0000,0.0400,0.0000,0.0002,0.0000,0.0000,0.0000,0.0000,0.0000,0.0000,0.0000,1.0000
12.9093,94.36,0.0000,0.0400,0.0000,0.0002,0.0000,0.0000,0.0000,0.0000,0.0000,0.0000,0.0000,1.0000
12.9293,94.36,0.0000,0.0400,0.0000,0.0002,0.0000,0.0000,0.0000,0.0000,0.0000,0.0000,0.0000,1.0000
12.9493,94.36,0.0000,0.0400,0.0000,0.0002,0.0000,0.0000,0.0000,0.0000,0.0000,0.0000,0.0000,1.0000
12.9693,94.36,0.0000,0.0400,0.0000,0.0002,0.0000,0.0000,0.0000,0.0000,0.0000,0.0000,0.0000,1.0000
12.9893,94.36,0.0000,0.0400,0.0000,0.0002,0.0000,0.0000,0.0000,0.0000,0.0000,0.0000,0.0000,1.0000
13.0093,94.36,0.0000,0.0400,0.0000,0.0002,0.0000,0.0000,0.0000,0.0000,0.0000,0.0000,0.0000,1.0000
13.0293,94.36,0.0000,0.0400,0.0000,0.0002,0.0000,0.0000,0.0000,0.0000,0.0000,0.0000,0.0000,1.0000
13.0493,94.36,0.0000,0.0400,0.0000,0.0002,0.0000,0.0000,0.0000,0.0000,0.0000,0.0000,0.0000,1.0000
13.0693,94.36,0.0000,0.0400,0.0000,0.0002,0.0000,0.0000,0.0000,0.0000,0.0000,0.0000,0.0000,1.0000
13.0893,94.36,0.0000,0.0400,0.0000,0.0002,0.0000,0.0000,0.0000,0.0000,0.0000,0.0000,0.0000,1.0000
13.1093,94.36,0.0000,0.0400,0.0000,0.0002,0.0000,0.0000,0.0000,0.0000,0.0000,0.0000,0.0000,1.0000
13.1293,94.36,0.0000,0.0400,0.0000,0.0002,0.0000,0.0000,0.0000,0.0000,0.0000,0.0000,0.0000,1.0000
13.1493,94.36,0.0000,0.0400,0.0000,0.0002,0.0000,0.0000,0.0000,0.0000,0.0000,0.0000,0.0000,1.0000
13.1693,94.36,0.0000,0.0400,0.0000,0.0002,0.0000,0.0000,0.0000,0.0000,0.0000,0.0000,0.0000,1.0000
13.1893,94.36,0.0000,0.0400,0.0000,0.0002,0.0000,0.0000,0.0000,0.0000,0.0000,0.0000,0.0000,1.0000
13.2093,94.36,0.0000,0.0400,0.0000,0.0002,0.0000,0.0000,0.0000,0.0000,0.0000,0.0000,0.0000,1.0000
13.2293,98.73,0.0000,0.0400,0.0000,0.0002,0.0000,0.0000,0.0000,0.0000,0.0000,0.0000,0.0000,1.0000
13.2493,98.73,0.0000,0.0400,0.0000,0.0002,0.0000,0.0000,0.0000,0.0000,0.0000,0.0000,0.0000,1.0000
13.2693,98.73,0.0000,0.0400,0.0000,0.0002,0.0000,0.0000,0.0000,0.0000,0.0000,0.0000,0.0000,1.0000
13.2893,98.73,0.0000,0.0400,0.0000,0.0002,0.0000,0.0000,0.0000,0.0000,0.0000,0.0000,0.0000,1.0000
13.3093,98.73,0.0000,0.0400,0.0000,0.0002,0.0000,0.0000,0.0000,0.0000,0.0000,0.0000,0.0000,1.0000
13.3293,98.73,0.0000,0.0400,0.0000,0.0002,0.0000,0.0000,0.0000,0.0000,0.0000,0.0000,0.0000,1.0000
13.3493,98.73,0.0000,0.0400,0.0000,0.0002,0.0000,0.0000,0.0000,0.0000,0.0000,0.0000,0.0000,1.0000
13.3693,98.73,0.0000,0.0400,0.0000,0.0002,0.0000,0.0000,0.0000,0.0000,0.0000,0.0000,0.0000,1.0000
13.3893,98.73,0.0000,0.0400,0.0000,0.0002,0.0000,0.0000,0.0000,0.0000,0.0000,0.0000,0.0000,1.0000
13.4093,98.73,0.0000,0.0400,0.0000,0.0002,0.0000,0.0000,0.0000,0.0000,0.0000,0.0000,0.0000,1.0000
13.4293,98.73,0.0000,0.0400,0.0000,0.0002,0.0000,0.0000,0.0000,0.0000,0.0000,0.0000,0.0000,1.0000
13.4493,98.73,0.0000,0.0400,0.0000,0.0002,0.0000,0.0000,0.0000,0.0000,0.0000,0.0000,0.0000,1.0000
13.4693,98.73,0.0000,0.0400,0.0000,0.0002,0.0000,0.0000,0.0000,0.0000,0.0000,0.0000,0.0000,1.0000
13.4893,98.73,0.0000,0.0400,0.0000,0.0002,0.0000,0.0000,0.0000,0.0000,0.0000,0.0000,0.0000,1.0000
13.5093,98.73,0.0000,0.0400,0.0000,0.0002,0.0000,0.0000,0.0000,0.0000,0.0000,0.0000,0.0000,1.0000
13.5293,98.73,0.0000,0.0400,0.0000,0.0002,0.0000,0.0000,0.0000,0.0000,0.0000,0.0000,0.0000,1.0000
13.5493,98.73,0.0000,0.0400,0.0000,0.0002,0.0000,0.0000,0.0000,0.0000,0.0000,0.0000,0.0000,1.0000
13.5693,98.73,0.0000,0.0400,0.0000,0.0002,0.0000,0.0000,0.0000,0.0000,0.0000,0.0000,0.0000,1.0000
13.5893,98.73,0.0000,0.0400,0.0000,0.0002,0.0000,0.0000,0.0000,0.0000,0.0000,0.0000,0.0000,1.0000
13.6093,98.73,0.0000,0.0400,0.0000,0.0002,0.0000,0.0000,0.0000,0.0000,0.0000,0.0000,0.0000,1.0000
13.6293,98.73,0.0000,0.0400,0.0000,0.0002,0.0000,0.0000,0.0000,0.0000,0.0000,0.0000,0.0000,1.0000
13.6493,98.73,0.0000,0.0400,0.0000,0.0002,0.0000,0.0000,0.0000,0.0000,0.0000,0.0000,0.0000,1.0000
13.6693,98.73,0.0000,0.0400,0.0000,0.0002,0.0000,0.0000,0.0000,0.0000,0.0000,0.0000,0.0000,1.0000
13.6893,98.73,0.0000,0.0400,0.0000,0.0002,0.0000,0.0000,0.0000,0.0000,0.0000,0.0000,0.0000,1.0000
13.7093,98.73,0.0000,0.0400,0.0000,0.0002,0.0000,0.0000,0.0000,0.0000,0.0000,0.0000,0.0000,1.0000
13.7293,98.73,0.0000,0.0400,0.0000,0.0002,0.0000,0.0000,0.0000,0.0000,0.0000,0.0000,0.0000,1.0000
13.7493,98.73,0.0000,0.0400,0.0000,0.0002,0.0000,0.0000,0.0000,0.0000,0.0000,0.0000,0.0000,1.0000
13.7693,98.73,0.0000,0.0400,0.0000,0.0002,0.0000,0.0000,0.0000,0.0000,0.0000,0.0000,0.0000,1.0000
13.7893,98.73,0.0000,0.0400,0.0000,0.0002,0.0000,0.0000,0.0000,0.0000,0.0000,0.0000,0.0000,1.0000
13.8093,98.73,0.0000,0.0400,0.0000,0.0002,0.0000,0.0000,0.0000,0.0000,0.0000,0.0000,0.0000,1.0000
13.8293,98.73,0.0000,0.0400,0.0000,0.0002,0.0000,0.0000,0.0000,0.0000,0.0000,0.0000,0.0000,1.0000
13.8493,98.73,0.0000,0.0400,0.0000,0.0002,0.0000,0.0000,0.0000,0.0000,0.0000,0.0000,0.0000,1.0000
13.8693,98.73,0.0000,0.0400,0.0000,0.0002,0.0000,0.0000,0.0000,0.0000,0.0000,0.0000,0.0000,1.0000
13.8893,98.73,0.0000,0.0400,0.0000,0.0002,0.0000,0.0000,0.0000,0.0000,0.0000,0.0000,0.0000,1.0000
13.9093,98.73,0.0000,0.0400,0.0000,0.0002,0.0000,0.0000,0.0000,0.0000,0.0000,0.0000,0.0000,1.0000
13.9293,98.73,0.0000,0.0400,0.0000,0.0002,0.0000,0.0000,0.0000,0.0000,0.0000,0.0000,0.0000,1.0000
13.9493,98.73,0.0000,0.0400,0.0000,0.0002,0.0000,0.0000,0.0000,0.0000,0.0000,0.0000,0.0000,1.0000
13.9693,98.73,0.0000,0.0400,0.0000,0.0002,0.0000,0.0000,0.0000,0.0000,0.0000,0.0000,0.0000,1.0000
13.9893,98.73,0.0000,0.0400,0.0000,0.0002,0.0000,0.0000,0.0000,0.0000,0.0000,0.0000,0.0000,1.0000
14.0093,98.73,0.0000,0.0400,0.0000,0.0002,0.0000,0.0000,0.0000,0.0000,0.0000,0.0000,0.0000,1.0000
14.0293,98.73,0.0000,0.0400,0.0000,0.0002,0.0000,0.0000,0.0000,0.0000,0.0000,0.0000,0.0000,1.0000
14.0493,98.73,0.0000,0.0400,0.0000,0.0002,0.0000,0.0000,0.0000,0.0000,0.0000,0.0000,0.0000,1.0000
14.0693,98.73,0.0000,0.0400,0.0000,0.0002,0.0000,0.0000,0.0000,0.0000,0.0000,0.0000,0.0000,1.0000
14.0893,98.73,0.0000,0.0400,0.0000,0.0002,0.0000,0.0000,0.0000,0.0000,0.0000,0.0000,0.0000,1.0000
14.1093,98.73,0.0000,0.0400,0.0000,0.0002,0.0000,0.0000,0.0000,0.0000,0.0000,0.0000,0.0000,1.0000
14.1293,98.73,0.0000,0.0400,0.0000,0.0002,0.0000,0.0000,0.0000,0.0000,0.0000,0.0000,0.0000,1.0000
14.1493,98.73,0.0000,0.0400,0.0000,0.0002,0.0000,0.0000,0.0000,0.0000,0.0000,0.0000,0.0000,1.0000
14.1693,98.73,0.0000,0.0400,0.0000,0.0002,0.0000,0.0000,0.0000,0.0000,0.0000,0.0000,0.0000,1.0000
14.1893,98.73,0.0000,0.0400,0.0000,0.0002,0.0000,0.0000,0.0000,0.0000,0.0000,0.0000,0.0000,1.0000
14.2093,98.73,0.0000,0.0400,0.0000,0.0002,0.0000,0.0000,0.0000,0.0000,0.0000,0.0000,0.0000,1.0000
14.2293,100.32,0.0000,0.0400,0.0000,0.0002,0.0000,0.0000,0.0000,0.0000,0.0000,0.0000,0.0000,1.0000
14.2493,100.32,0.0000,0.0400,0.0000,0.0002,0.0000,0.0000,0.0000,0.0000,0.0000,0.0000,0.0000,1.0000
14.2693,100.32,0.0000,0.0400,0.0000,0.0002,0.0000,0.0000,0.0000,0.0000,0.0000,0.0000,0.0000,1.0000
14.2893,100.32,0.0000,0.0400,0.0000,0.0002,0.0000,0.0000,0.0000,0.0000,0.0000,0.0000,0.0000,1.0000
14.3093,100.32,0.0000,0.0400,0.0000,0.0002,0.0000,0.0000,0.0000,0.0000,0.0000,0.0000,0.0000,1.0000
14.3293,100.32,0.0000,0.0400,0.0000,0.0002,0.0000,0.0000,0.0000,0.0000,0.0000,0.0000,0.0000,1.0000
14.3493,100.32,0.0000,0.0400,0.0000,0.0002,0.0000,0.0000,0.0000,0.0000,0.0000,0.0000,0.0000,1.0000
14.3693,100.32,0.0000,0.0400,0.0000,0.0002,0.0000,0.0000,0.0000,0.0000,0.0000,0.0000,0.0000,1.0000
14.3893,100.32,0.0000,0.0400,0.0000,0.0002,0.0000,0.0000,0.0000,0.0000,0.0000,0.0000,0.0000,1.0000
14.4093,100.32,0.0000,0.0400,0.0000,0.0002,0.0000,0.0000,0.0000,0.0000,0.0000,0.0000,0.0000,1.0000
14.4293,100.32,0.0000,0.0400,0.0000,0.0002,0.0000,0.0000,0.0000,0.0000,0.0000,0.0000,0.0000,1.0000
14.4493,100.32,0.0000,0.0400,0.0000,0.0002,0.0000,0.0000,0.0000,0.0000,0.0000,0.0000,0.0000,1.0000
14.4693,100.32,0.0000,0.0400,0.0000,0.0002,0.0000,0.0000,0.0000,0.0000,0.0000,0.0000,0.0000,1.0000
14.4893,100.32,0.0000,0.0400,0.0000,0.0002,0.0000,0.0000,0.0000,0.0000,0.0000,0.0000,0.0000,1.0000
14.5093,100.32,0.0000,0.0400,0.0000,0.0002,0.0000,0.0000,0.0000,0.0000,0.0000,0.0000,0.0000,1.0000
14.5293,100.32,0.0000,0.0400,0.0000,0.0002,0.0000,0.0000,0.0000,0.0000,0.0000,0.0000,0.0000,1.0000
14.5493,100.32,0.0000,0.0400,0.0000,0.0002,0.0000,0.0000,0.0000,0.0000,0.0000,0.0000,0.0000,1.0000
14.5693,100.32,0.0000,0.0400,0.0000,0.0002,0.0000,0.0000,0.0000,0.0000,0.0000,0.0000,0.0000,1.0000
14.5893,100.32,0.0000,0.0400,0.0000,0.0002,0.0000,0.0000,0.0000,0.0000,0.0000,0.0000,0.0000,1.0000
14.6093,100.32,0.0000,0.0400,0.0000,0.0002,0.0000,0.0000,0.0000,0.0000,0.0000,0.0000,0.0000,1.0000
14.6293,100.32,0.0000,0.0400,0.0000,0.0002,0.0000,0.0000,0.0000,0.0000,0.0000,0.0000,0.0000,1.0000
14.6493,100.32,0.0000,0.0400,0.0000,0.0002,0.0000,0.0000,0.0000,0.0000,0.0000,0.0000,0.0000,1.0000
14.6693,100.32,0.0000,0.0400,0.0000,0.0002,0.0000,0.0000,0.0000,0.0000,0.0000,0.0000,0.0000,1.0000
14.6893,100.32,0.0000,0.0400,0.0000,0.0002,0.0000,0.0000,0.0000,0.0000,0.0000,0.0000,0.0000,1.0000
14.7093,100.32,0.0000,0.0400,0.0000,0.0002,0.0000,0.0000,0.0000,0.0000,0.0000,0.0000,0.0000,1.0000
14.7293,100.32,0.0000,0.0400,0.0000,0.0002,0.0000,0.0000,0.0000,0.0000,0.0000,0.0000,0.0000,1.0000
14.7493,100.32,0.0000,0.0400,0.0000,0.0002,0.0000,0.0000,0.0000,0.0000,0.0000,0.0000,0.0000,1.0000
14.7693,100.32,0.0000,0.0400,0.0000,0.0002,0.0000,0.0000,0.0000,0.0000,0.0000,0.0000,0.0000,1.0000
14.7893,100.32,0.0000,0.0400,0.0000,0.0002,0.0000,0.0000,0.0000,0.0000,0.0000,0.0000,0.0000,1.0000
14.8093,100.32,0.0000,0.0400,0.0000,0.0002,0.0000,0.0000,0.0000,0.0000,0.0000,0.0000,0.0000,1.0000
14.8293,100.32,0.0000,0.0400,0.0000,0.0002,0.0000,0.0000,0.0000,0.0000,0.0000,0.0000,0.0000,1.0000
14.8493,100.32,0.0000,0.0400,0.0000,0.0002,0.0000,0.0000,0.0000,0.0000,0.0000,0.0000,0.0000,1.0000
14.8693,100.32,0.0000,0.0400,0.0000,0.0002,0.0000,0.0000,0.0000,0.0000,0.0000,0.0000,0.0000,1.0000
14.8893,100.32,0.0000,0.0400,0.0000,0.0002,0.0000,0.0000,0.0000,0.0000,0.0000,0.0000,0.0000,1.0000
14.9093,100.32,0.0000,0.0400,0.0000,0.0002,0.0000,0.0000,0.0000,0.0000,0.0000,0.0000,0.0000,1.0000
14.9293,100.32,0.0000,0.0400,0.0000,0.0002,0.0000,0.0000,0.0000,0.0000,0.0000,0.0000,0.0000,1.0000
14.9493,100.32,0.0000,0.0400,0.0000,0.0002,0.0000,0.0000,0.0000,0.0000,0.0000,0.0000,0.0000,1.0000
14.9693,100.32,0.0000,0.0400,0.0000,0.0002,0.0000,0.0000,0.0000,0.0000,0.0000,0.0000,0.0000,1.0000
14.9893,100.32,0.0000,0.0400,0.0000,0.0002,0.0000,0.0000,0.0000,0.0000,0.0000,0.0000,0.0000,1.0000
15.0093,100.32,0.0000,0.0400,0.0000,0.0002,0.0000,0.0000,0.0000,0.0000,0.0000,0.0000,0.0000,1.0000
15.0293,100.32,0.0000,0.0400,0.0000,0.0002,0.0000,0.0000,0.0000,0.0000,0.0000,0.0000,0.0000,1.0000
15.0493,100.32,0.0000,0.0400,0.0000,0.0002,0.0000,0.0000,0.0000,0.0000,0.0000,0.0000,0.0000,1.0000
15.0693,100.32,0.0000,0.0400,0.0000,0.0002,0.0000,0.0000,0.0000,0.0000,0.0000,0.0000,0.0000,1.0000
15.0893,100.32,0.0000,0.0400,0.0000,0.0002,0.0000,0.0000,0.0000,0.0000,0.0000,0.0000,0.0000,1.0000
15.1093,100.32,0.0000,0.0400,0.0000,0.0002,0.0000,0.0000,0.0000,0.0000,0.0000,0.0000,0.0000,1.0000
15.1293,100.32,0.0000,0.0400,0.0000,0.0002,0.0000,0.0000,0.0000,0.0000,0.0000,0.0000,0.0000,1.0000
15.1493,100.32,0.0000,0.0400,0.0000,0.0002,0.0000,0.0000,0.0000,0.0000,0.0000,0.0000,0.0000,1.0000
15.1693,100.32,0.0000,0.0400,0.0000,0.0002,0.0000,0.0000,0.0000,0.0000,0.0000,0.0000,0.0000,1.0000
15.1893,100.32,0.0000,0.0400,0.0000,0.0002,0.0000,0.0000,0.0000,0.0000,0.0000,0.0000,0.0000,1.0000
15.2093,100.32,0.0000,0.0400,0.0000,0.0002,0.0000,0.0000,0.0000,0.0000,0.0000,0.0000,0.0000,1.0000
15.2293,100.32,0.0000,0.0400,0.0000,0.0002,0.0000,0.0000,0.0000,0.0000,0.0000,0.0000,0.0000,1.0000
15.2493,107.85,0.0000,0.0400,0.0000,0.0002,0.0000,0.0000,0.0000,0.0000,0.0000,0.0000,0.0000,1.0000
15.2693,107.85,0.0000,0.0400,0.0000,0.0002,0.0000,0.0000,0.0000,0.0000,0.0000,0.0000,0.0000,1.0000
15.2893,107.85,0.0000,0.0400,0.0000,0.0002,0.0000,0.0000,0.0000,0.0000,0.0000,0.0000,0.0000,1.0000
15.3093,107.85,0.0000,0.0400,0.0000,0.0002,0.0000,0.0000,0.0000,0.0000,0.0000,0.0000,0.0000,1.0000
15.3293,107.85,0.0000,0.0400,0.0000,0.0002,0.0000,0.0000,0.0000,0.0000,0.0000,0.0000,0.0000,1.0000
15.3493,107.85,0.0000,0.0400,0.0000,0.0002,0.0000,0.0000,0.0000,0.0000,0.0000,0.0000,0.0000,1.0000
15.3693,107.85,0.0000,0.0400,0.0000,0.0002,0.0000,0.0000,0.0000,0.0000,0.0000,0.0000,0.0000,1.0000
15.3893,107.85,0.0000,0.0400,0.0000,0.0002,0.0000,0.0000,0.0000,0.0000,0.0000,0.0000,0.0000,1.0000
15.4093,107.85,0.0000,0.0400,0.0000,0.0002,0.0000,0.0000,0.0000,0.0000,0.0000,0.0000,0.0000,1.0000
15.4293,107.85,0.0000,0.0400,0.0000,0.0002,0.0000,0.0000,0.0000,0.0000,0.0000,0.0000,0.0000,1.0000
15.4493,107.85,0.0000,0.0400,0.0000,0.0002,0.0000,0.0000,0.0000,0.0000,0.0000,0.0000,0.0000,1.0000
15.4693,107.85,0.0000,0.0400,0.0000,0.0002,0.0000,0.0000,0.0000,0.0000,0.0000,0.0000,0.0000,1.0000
15.4893,107.85,0.0000,0.0400,0.0000,0.0002,0.0000,0.0000,0.0000,0.0000,0.0000,0.0000,0.0000,1.0000
15.5093,107.85,0.0000,0.0400,0.0000,0.0002,0.0000,0.0000,0.0000,0.0000,0.0000,0.0000,0.0000,1.0000
15.5293,107.85,0.0000,0.0400,0.0000,0.0002,0.0000,0.0000,0.0000,0.0000,0.0000,0.0000,0.0000,1.0000
15.5493,107.85,0.0000,0.0400,0.0000,0.0002,0.0000,0.0000,0.0000,0.0000,0.0000,0.0000,0.0000,1.0000
15.5693,107.85,0.0000,0.0400,0.0000,0.0002,0.0000,0.0000,0.0000,0.0000,0.0000,0.0000,0.0000,1.0000
15.5893,107.85,0.0000,0.0400,0.0000,0.0002,0.0000,0.0000,0.0000,0.0000,0.0000,0.0000,0.0000,1.0000
15.6093,107.85,0.0000,0.0400,0.0000,0.0002,0.0000,0.0000,0.0000,0.0000,0.0000,0.0000,0.0000,1.0000
15.6293,107.85,0.0000,0.0400,0.0000,0.0002,0.0000,0.0000,0.0000,0.0000,0.0000,0.0000,0.0000,1.0000
15.6493,107.85,0.0000,0.0400,0.0000,0.0002,0.0000,0.0000,0.0000,0.0000,0.0000,0.0000,0.0000,1.0000
15.6693,107.85,0.0000,0.0400,0.0000,0.0002,0.0000,0.0000,0.0000,0.0000,0.0000,0.0000,0.0000,1.0000
15.6893,107.85,0.0000,0.0400,0.0000,0.0002,0.0000,0.0000,0.0000,0.0000,0.0000,0.0000,0.0000,1.0000
15.7093,107.85,0.0000,0.0400,0.0000,0.0002,0.0000,0.0000,0.0000,0.0000,0.0000,0.0000,0.0000,1.0000
15.7293,107.85,0.0000,0.0400,0.0000,0.0002,0.0000,0.0000,0.0000,0.0000,0.0000,0.0000,0.0000,1.0000
15.7493,107.85,0.0000,0.0400,0.0000,0.0002,0.0000,0.0000,0.0000,0.0000,0.0000,0.0000,0.0000,1.0000
15.7693,107.85,0.0000,0.0400,0.0000,0.0002,0.0000,0.0000,0.0000,0.0000,0.0000,0.0000,0.0000,1.0000
15.7893,107.85,0.0000,0.0400,0.0000,0.0002,0.0000,0.0000,0.0000,0.0000,0.0000,0.0000,0.0000,1.0000
15.8093,107.85,0.0000,0.0400,0.0000,0.0002,0.0000,0.0000,0.0000,0.0000,0.0000,0.0000,0.0000,1.0000
15.8293,107.85,0.0000,0.0400,0.0000,0.0002,0.0000,0.0000,0.0000,0.0000,0.0000,0.0000,0.0000,1.0000
15.8493,107.85,0.0000,0.0400,0.0000,0.0002,0.0000,0.0000,0.0000,0.0000,0.0000,0.0000,0.0000,1.0000
15.8693,107.85,0.0000,0.0400,0.0000,0.0002,0.0000,0.0000,0.0000,0.0000,0.0000,0.0000,0.0000,1.0000
15.8893,107.85,0.0000,0.0400,0.0000,0.0002,0.0000,0.0000,0.0000,0.0000,0.0000,0.0000,0.0000,1.0000
15.9093,107.85,0.0000,0.0400,0.0000,0.0002,0.0000,0.0000,0.0000,0.0000,0.0000,0.0000,0.0000,1.0000
15.9293,107.85,0.0000,0.0400,0.0000,0.0002,0.0000,0.0000,0.0000,0.0000,0.0000,0.0000,0.0000,1.0000
15.9493,107.85,0.0000,0.0400,0.0000,0.0002,0.0000,0.0000,0.0000,0.0000,0.0000,0.0000,0.0000,1.0000
15.9693,107.85,0.0000,0.0400,0.0000,0.0002,0.0000,0.0000,0.0000,0.0000,0.0000,0.0000,0.0000,1.0000
15.9893,107.85,0.0000,0.0400,0.0000,0.0002,0.0000,0.0000,0.0000,0.0000,0.0000,0.0000,0.0000,1.0000
16.0093,107.85,0.0000,0.0400,0.0000,0.0002,0.0000,0.0000,0.0000,0.0000,0.0000,0.0000,0.0000,1.0000
16.0293,107.85,0.0000,0.0400,0.0000,0.0002,0.0000,0.0000,0.0000,0.0000,0.0000,0.0000,0.0000,1.0000
16.0493,107.85,0.0000,0.0400,0.0000,0.0002,0.0000,0.0000,0.0000,0.0000,0.0000,0.0000,0.0000,1.0000
16.0693,107.85,0.0000,0.0400,0.0000,0.0002,0.0000,0.0000,0.0000,0.0000,0.0000,0.0000,0.0000,1.0000
16.0893,107.85,0.0000,0.0400,0.0000,0.0002,0.0000,0.0000,0.0000,0.0000,0.0000,0.0000,0.0000,1.0000
16.1093,107.85,0.0000,0.0400,0.0000,0.0002,0.0000,0.0000,0.0000,0.0000,0.0000,0.0000,0.0000,1.0000
16.1293,107.85,0.0000,0.0400,0.0000,0.0002,0.0000,0.0000,0.0000,0.0000,0.0000,0.0000,0.0000,1.0000
16.1493,107.85,0.0000,0.0400,0.0000,0.0002,0.0000,0.0000,0.0000,0.0000,0.0000,0.0000,0.0000,1.0000
16.1693,107.85,0.0000,0.0400,0.0000,0.0002,0.0000,0.0000,0.0000,0.0000,0.0000,0.0000,0.0000,1.0000
16.1893,107.85,0.0000,0.0400,0.0000,0.0002,0.0000,0.0000,0.0000,0.0000,0.0000,0.0000,0.0000,1.0000
16.2093,107.85,0.0000,0.0400,0.0000,0.0002,0.0000,0.0000,0.0000,0.0000,0.0000,0.0000,0.0000,1.0000
16.2293,107.85,0.0000,0.0400,0.0000,0.0002,0.0000,0.0000,0.0000,0.0000,0.0000,0.0000,0.0000,1.0000
16.2493,112.82,0.0000,0.0400,0.0000,0.0002,0.0000,0.0000,0.0000,0.0000,0.0000,0.0000,0.0000,1.0000
16.2693,112.82,0.0000,0.0400,0.0000,0.0002,0.0000,0.0000,0.0000,0.0000,0.0000,0.0000,0.0000,1.0000
16.2893,112.82,0.0000,0.0400,0.0000,0.0002,0.0000,0.0000,0.0000,0.0000,0.0000,0.0000,0.0000,1.0000
16.3093,112.82,0.0000,0.0400,0.0000,0.0002,0.0000,0.0000,0.0000,0.0000,0.0000,0.0000,0.0000,1.0000
16.3293,112.82,0.0000,0.0400,0.0000,0.0002,0.0000,0.0000,0.0000,0.0000,0.0000,0.0000,0.0000,1.0000
16.3493,112.82,0.0000,0.0400,0.0000,0.0002,0.0000,0.0000,0.0000,0.0000,0.0000,0.0000,0.0000,1.0000
16.3693,112.82,0.0000,0.0400,0.0000,0.0002,0.0000,0.0000,0.0000,0.0000,0.0000,0.0000,0.0000,1.0000
16.3893,112.82,0.0000,0.0400,0.0000,0.0002,0.0000,0.0000,0.0000,0.0000,0.0000,0.0000,0.0000,1.0000
16.4093,112.82,0.0000,0.0400,0.0000,0.0002,0.0000,0.0000,0.0000,0.0000,0.0000,0.0000,0.0000,1.0000
16.4293,112.82,0.0000,0.0400,0.0000,0.0002,0.0000,0.0000,0.0000,0.0000,0.0000,0.0000,0.0000,1.0000
16.4493,112.82,0.0000,0.0400,0.0000,0.0002,0.0000,0.0000,0.0000,0.0000,0.0000,0.0000,0.0000,1.0000
16.4693,112.82,0.0000,0.0400,0.0000,0.0002,0.0000,0.0000,0.0000,0.0000,0.0000,0.0000,0.0000,1.0000
16.4893,112.82,0.0000,0.0400,0.0000,0.0002,0.0000,0.0000,0.0000,0.0000,0.0000,0.0000,0.0000,1.0000
16.5093,112.82,0.0000,0.0400,0.0000,0.0002,0.0000,0.0000,0.0000,0.0000,0.0000,0.0000,0.0000,1.0000
16.5293,112.82,0.0000,0.0400,0.0000,0.0002,0.0000,0.0000,0.0000,0.0000,0.0000,0.0000,0.0000,1.0000
16.5493,112.82,0.0000,0.0400,0.0000,0.0002,0.0000,0.0000,0.0000,0.0000,0.0000,0.0000,0.0000,1.0000
16.5693,112.82,0.0000,0.0400,0.0000,0.0002,0.0000,0.0000,0.0000,0.0000,0.0000,0.0000,0.0000,1.0000
16.5893,112.82,0.0000,0.0400,0.0000,0.0002,0.0000,0.0000,0.0000,0.0000,0.0000,0.0000,0.0000,1.0000
16.6093,112.82,0.0000,0.0400,0.0000,0.0002,0.0000,0.0000,0.0000,0.0000,0.0000,0.0000,0.0000,1.0000
16.6293,112.82,0.0000,0.0400,0.0000,0.0002,0.0000,0.0000,0.0000,0.0000,0.0000,0.0000,0.0000,1.0000
16.6493,112.82,0.0000,0.0400,0.0000,0.0002,0.0000,0.0000,0.0000,0.0000,0.0000,0.0000,0.0000,1.0000
16.6693,112.82,0.0000,0.0400,0.0000,0.0002,0.0000,0.0000,0.0000,0.0000,0.0000,0.0000,0.0000,1.0000
16.6893,112.82,0.0000,0.0400,0.0000,0.0002,0.0000,0.0000,0.0000,0.0000,0.0000,0.0000,0.0000,1.0000
16.7093,112.82,0.0000,0.0400,0.0000,0.0002,0.0000,0.0000,0.0000,0.0000,0.0000,0.0000,0.0000,1.0000
16.7293,112.82,0.0000,0.0400,0.0000,0.0002,0.0000,0.0000,0.0000,0.0000,0.0000,0.0000,0.0000,1.0000
16.7493,112.82,0.0000,0.0400,0.0000,0.0002,0.0000,0.0000,0.0000,0.0000,0.0000,0.0000,0.0000,1.0000
16.7693,112.82,0.0000,0.0400,0.0000,0.0002,0.0000,0.0000,0.0000,0.0000,0.0000,0.0000,0.0000,1.0000
16.7893,112.82,0.0000,0.0400,0.0000,0.0002,0.0000,0.0000,0.0000,0.0000,0.0000,0.0000,0.0000,1.0000
16.8093,112.82,0.0000,0.0400,0.0000,0.0002,0.0000,0.0000,0.0000,0.0000,0.0000,0.0000,0.0000,1.0000
16.8293,112.82,0.0000,0.0400,0.0000,0.0002,0.0000,0.0000,0.0000,0.0000,0.0000,0.0000,0.0000,1.0000
16.8493,112.82,0.0000,0.0400,0.0000,0.0002,0.0000,0.0000,0.0000,0.0000,0.0000,0.0000,0.0000,1.0000
16.8693,112.82,0.0000,0.0400,0.0000,0.0002,0.0000,0.0000,0.0000,0.0000,0.0000,0.0000,0.0000,1.0000
16.8893,112.82,0.0000,0.0400,0.0000,0.0002,0.0000,0.0000,0.0000,0.0000,0.0000,0.0000,0.0000,1.0000
16.9093,112.82,0.0000,0.0400,0.0000,0.0002,0.0000,0.0000,0.0000,0.0000,0.0000,0.0000,0.0000,1.0000
16.9293,112.82,0.0000,0.0400,0.0000,0.0002,0.0000,0.0000,0.0000,0.0000,0.0000,0.0000,0.0000,1.0000
16.9493,112.82,0.0000,0.0400,0.0000,0.0002,0.0000,0.0000,0.0000,0.0000,0.0000,0.0000,0.0000,1.0000
16.9693,112.82,0.0000,0.0400,0.0000,0.0002,0.0000,0.0000,0.0000,0.0000,0.0000,0.0000,0.0000,1.0000
16.9893,112.82,0.0000,0.0400,0.0000,0.0002,0.0000,0.0000,0.0000,0.0000,0.0000,0.0000,0.0000,1.0000
17.0093,112.82,0.0000,0.0400,0.0000,0.0002,0.0000,0.0000,0.0000,0.0000,0.0000,0.0000,0.0000,1.0000
17.0293,112.82,0.0000,0.0400,0.0000,0.0002,0.0000,0.0000,0.0000,0.0000,0.0000,0.0000,0.0000,1.0000
17.0493,112.82,0.0000,0.0400,0.0000,0.0002,0.0000,0.0000,0.0000,0.0000,0.0000,0.0000,0.0000,1.0000
17.0693,112.82,0.0000,0.0400,0.0000,0.0002,0.0000,0.0000,0.0000,0.0000,0.0000,0.0000,0.0000,1.0000
17.0893,112.82,0.0000,0.0400,0.0000,0.0002,0.0000,0.0000,0.0000,0.0000,0.0000,0.0000,0.0000,1.0000
17.1093,112.82,0.0000,0.0400,0.0000,0.0002,0.0000,0.0000,0.0000,0.0000,0.0000,0.0000,0.0000,1.0000
17.1293,112.82,0.0000,0.0400,0.0000,0.0002,0.0000,0.0000,0.0000,0.0000,0.0000,0.0000,0.0000,1.0000
17.1493,112.82,0.0000,0.0400,0.0000,0.0002,0.0000,0.0000,0.0000,0.0000,0.0000,0.0000,0.0000,1.0000
17.1693,112.82,0.0000,0.0400,0.0000,0.0002,0.0000,0.0000,0.0000,0.0000,0.0000,0.0000,0.0000,1.0000
17.1893,112.82,0.0000,0.0400,0.0000,0.0002,0.0000,0.0000,0.0000,0.0000,0.0000,0.0000,0.0000,1.0000
17.2093,112.82,0.0000,0.0400,0.0000,0.0002,0.0000,0.0000,0.0000,0.0000,0.0000,0.0000,0.0000,1.0000
17.2293,112.82,0.0000,0.0400,0.0000,0.0002,0.0000,0.0000,0.0000,0.0000,0.0000,0.0000,0.0000,1.0000
17.2493,110.53,0.0000,0.0400,0.0000,0.0002,0.0000,0.0000,0.0000,0.0000,0.0000,0.0000,0.0000,1.0000
17.2693,110.53,0.0000,0.0400,0.0000,0.0002,0.0000,0.0000,0.0000,0.0000,0.0000,0.0000,0.0000,1.0000
17.2893,110.53,0.0000,0.0400,0.0000,0.0002,0.0000,0.0000,0.0000,0.0000,0.0000,0.0000,0.0000,1.0000
17.3093,110.53,0.0000,0.0400,0.0000,0.0002,0.0000,0.0000,0.0000,0.0000,0.0000,0.0000,0.0000,1.0000
17.3293,110.53,0.0000,0.0400,0.0000,0.0002,0.0000,0.0000,0.0000,0.0000,0.0000,0.0000,0.0000,1.0000
17.3493,110.53,0.0000,0.0400,0.0000,0.0002,0.0000,0.0000,0.0000,0.0000,0.0000,0.0000,0.0000,1.0000
17.3693,110.53,0.0000,0.0400,0.0000,0.0002,0.0000,0.0000,0.0000,0.0000,0.0000,0.0000,0.0000,1.0000
17.3893,110.53,0.0000,0.0400,0.0000,0.0002,0.0000,0.0000,0.0000,0.0000,0.0000,0.0000,0.0000,1.0000
17.4093,110.53,0.0000,0.0400,0.0000,0.0002,0.0000,0.0000,0.0000,0.0000,0.0000,0.0000,0.0000,1.0000
17.4293,110.53,0.0000,0.0400,0.0000,0.0002,0.0000,0.0000,0.0000,0.0000,0.0000,0.0000,0.0000,1.0000
17.4493,110.53,0.0000,0.0400,0.0000,0.0002,0.0000,0.0000,0.0000,0.0000,0.0000,0.0000,0.0000,1.0000
17.4693,110.53,0.0000,0.0400,0.0000,0.0002,0.0000,0.0000,0.0000,0.0000,0.0000,0.0000,0.0000,1.0000
17.4893,110.53,0.0000,0.0400,0.0000,0.0002,0.0000,0.0000,0.0000,0.0000,0.0000,0.0000,0.0000,1.0000
17.5093,110.53,0.0000,0.0400,0.0000,0.0002,0.0000,0.0000,0.0000,0.0000,0.0000,0.0000,0.0000,1.0000
17.5293,110.53,0.0000,0.0400,0.0000,0.0002,0.0000,0.0000,0.0000,0.0000,0.0000,0.0000,0.0000,1.0000
17.5493,110.53,0.0000,0.0400,0.0000,0.0002,0.0000,0.0000,0.0000,0.0000,0.0000,0.0000,0.0000,1.0000
17.5693,110.53,0.0000,0.0400,0.0000,0.0002,0.0000,0.0000,0.0000,0.0000,0.0000,0.0000,0.0000,1.0000
17.5893,110.53,0.0000,0.0400,0.0000,0.0002,0.0000,0.0000,0.0000,0.0000,0.0000,0.0000,0.0000,1.0000
17.6093,110.53,0.0000,0.0400,0.0000,0.0002,0.0000,0.0000,0.0000,0.0000,0.0000,0.0000,0.0000,1.0000
17.6293,110.53,0.0000,0.0400,0.0000,0.0002,0.0000,0.0000,0.0000,0.0000,0.0000,0.0000,0.0000,1.0000
17.6493,110.53,0.0000,0.0400,0.0000,0.0002,0.0000,0.0000,0.0000,0.0000,0.0000,0.0000,0.0000,1.0000
17.6693,110.53,0.0000,0.0400,0.0000,0.0002,0.0000,0.0000,0.0000,0.0000,0.0000,0.0000,0.0000,1.0000
17.6893,110.53,0.0000,0.0400,0.0000,0.0002,0.0000,0.0000,0.0000,0.0000,0.0000,0.0000,0.0000,1.0000
17.7093,110.53,0.0000,0.0400,0.0000,0.0002,0.0000,0.0000,0.0000,0.0000,0.0000,0.0000,0.0000,1.0000
17.7293,110.53,0.0000,0.0400,0.0000,0.0002,0.0000,0.0000,0.0000,0.0000,0.0000,0.0000,0.0000,1.0000
17.7493,110.53,0.0000,0.0400,0.0000,0.0002,0.0000,0.0000,0.0000,0.0000,0.0000,0.0000,0.0000,1.0000
17.7693,110.53,0.0000,0.0400,0.0000,0.0002,0.0000,0.0000,0.0000,0.0000,0.0000,0.0000,0.0000,1.0000
17.7893,110.53,0.0000,0.0400,0.0000,0.0002,0.0000,0.0000,0.0000,0.0000,0.0000,0.0000,0.0000,1.0000
17.8093,110.53,0.0000,0.0400,0.0000,0.0002,0.0000,0.0000,0.0000,0.0000,0.0000,0.0000,0.0000,1.0000
17.8293,110.53,0.0000,0.0400,0.0000,0.0002,0.0000,0.0000,0.0000,0.0000,0.0000,0.0000,0.0000,1.0000
17.8493,110.53,0.0000,0.0400,0.0000,0.0002,0.0000,0.0000,0.0000,0.0000,0.0000,0.0000,0.0000,1.0000
17.8693,110.53,0.0000,0.0400,0.0000,0.0002,0.0000,0.0000,0.0000,0.0000,0.0000,0.0000,0.0000,1.0000
17.8893,110.53,0.0000,0.0400,0.0000,0.0002,0.0000,0.0000,0.0000,0.0000,0.0000,0.0000,0.0000,1.0000
17.9093,110.53,0.0000,0.0400,0.0000,0.0002,0.0000,0.0000,0.0000,0.0000,0.0000,0.0000,0.0000,1.0000
17.9293,110.53,0.0000,0.0400,0.0000,0.0002,0.0000,0.0000,0.0000,0.0000,0.0000,0.0000,0.0000,1.0000
17.9493,110.53,0.0000,0.0400,0.0000,0.0002,0.0000,0.0000,0.0000,0.0000,0.0000,0.0000,0.0000,1.0000
17.9693,110.53,0.0000,0.0400,0.0000,0.0002,0.0000,0.0000,0.0000,0.0000,0.0000,0.0000,0.0000,1.0000
17.9893,110.53,0.0000,0.0400,0.0000,0.0002,0.0000,0.0000,0.0000,0.0000,0.0000,0.0000,0.0000,1.0000
18.0093,110.53,0.0000,0.0400,0.0000,0.0002,0.0000,0.0000,0.0000,0.0000,0.0000,0.0000,0.0000,1.0000
18.0293,110.53,0.0000,0.0400,0.0000,0.0002,0.0000,0.0000,0.0000,0.0000,0.0000,0.0000,0.0000,1.0000
18.0493,110.53,0.0000,0.0400,0.0000,0.0002,0.0000,0.0000,0.0000,0.0000,0.0000,0.0000,0.0000,1.0000
18.0693,110.53,0.0000,0.0400,0.0000,0.0002,0.0000,0.0000,0.0000,0.0000,0.0000,0.0000,0.0000,1.0000
18.0893,110.53,0.0000,0.0400,0.0000,0.0002,0.0000,0.0000,0.0000,0.0000,0.0000,0.0000,0.0000,1.0000
18.1093,110.53,0.0000,0.0400,0.0000,0.0002,0.0000,0.0000,0.0000,0.0000,0.0000,0.0000,0.0000,1.0000
18.1293,110.53,0.0000,0.0400,0.0000,0.0002,0.0000,0.0000,0.0000,0.0000,0.0000,0.0000,0.0000,1.0000
18.1493,110.53,0.0000,0.0400,0.0000,0.0002,0.0000,0.0000,0.0000,0.0000,0.0000,0.0000,0.0000,1.0000
18.1693,110.53,0.0000,0.0400,0.0000,0.0002,0.0000,0.0000,0.0000,0.0000,0.0000,0.0000,0.0000,1.0000
18.1893,110.53,0.0000,0.0400,0.0000,0.0002,0.0000,0.0000,0.0000,0.0000,0.0000,0.0000,0.0000,1.0000
18.2093,110.53,0.0000,0.0400,0.0000,0.0002,0.0000,0.0000,0.0000,0.0000,0.0000,0.0000,0.0000,1.0000
18.2293,110.53,0.0000,0.0400,0.0000,0.0002,0.0000,0.0000,0.0000,0.0000,0.0000,0.0000,0.0000,1.0000
18.2493,110.23,0.0000,0.0400,0.0000,0.0002,0.0000,0.0000,0.0000,0.0000,0.0000,0.0000,0.0000,1.0000
18.2693,110.23,0.0000,0.0400,0.0000,0.0002,0.0000,0.0000,0.0000,0.0000,0.0000,0.0000,0.0000,1.0000
18.2893,110.23,0.0000,0.0400,0.0000,0.0002,0.0000,0.0000,0.0000,0.0000,0.0000,0.0000,0.0000,1.0000
18.3093,110.23,0.0000,0.0400,0.0000,0.0002,0.0000,0.0000,0.0000,0.0000,0.0000,0.0000,0.0000,1.0000
18.3293,110.23,0.0000,0.0400,0.0000,0.0002,0.0000,0.0000,0.0000,0.0000,0.0000,0.0000,0.0000,1.0000
18.3493,110.23,0.0000,0.0400,0.0000,0.0002,0.0000,0.0000,0.0000,0.0000,0.0000,0.0000,0.0000,1.0000
18.3693,110.23,0.0000,0.0400,0.0000,0.0002,0.0000,0.0000,0.0000,0.0000,0.0000,0.0000,0.0000,1.0000
18.3893,110.23,0.0000,0.0400,0.0000,0.0002,0.0000,0.0000,0.0000,0.0000,0.0000,0.0000,0.0000,1.0000
18.4093,110.23,0.0000,0.0400,0.0000,0.0002,0.0000,0.0000,0.0000,0.0000,0.0000,0.0000,0.0000,1.0000
18.4293,110.23,0.0000,0.0400,0.0000,0.0002,0.0000,0.0000,0.0000,0.0000,0.0000,0.0000,0.0000,1.0000
18.4493,110.23,0.0000,0.0400,0.0000,0.0002,0.0000,0.0000,0.0000,0.0000,0.0000,0.0000,0.0000,1.0000
18.4693,110.23,0.0000,0.0400,0.0000,0.0002,0.0000,0.0000,0.0000,0.0000,0.0000,0.0000,0.0000,1.0000
18.4893,110.23,0.0000,0.0400,0.0000,0.0002,0.0000,0.0000,0.0000,0.0000,0.0000,0.0000,0.0000,1.0000
18.5093,110.23,0.0000,0.0400,0.0000,0.0002,0.0000,0.0000,0.0000,0.0000,0.0000,0.0000,0.0000,1.0000
18.5293,110.23,0.0000,0.0400,0.0000,0.0002,0.0000,0.0000,0.0000,0.0000,0.0000,0.0000,0.0000,1.0000
18.5493,110.23,0.0000,0.0400,0.0000,0.0002,0.0000,0.0000,0.0000,0.0000,0.0000,0.0000,0.0000,1.0000
18.5693,110.23,0.0000,0.0400,0.0000,0.0002,0.0000,0.0000,0.0000,0.0000,0.0000,0.0000,0.0000,1.0000
18.5893,110.23,0.0000,0.0400,0.0000,0.0002,0.0000,0.0000,0.0000,0.0000,0.0000,0.0000,0.0000,1.0000
18.6093,110.23,0.0000,0.0400,0.0000,0.0002,0.0000,0.0000,0.0000,0.0000,0.0000,0.0000,0.0000,1.0000
18.6293,110.23,0.0000,0.0400,0.0000,0.0002,0.0000,0.0000,0.0000,0.0000,0.0000,0.0000,0.0000,1.0000
18.6493,110.23,0.0000,0.0400,0.0000,0.0002,0.0000,0.0000,0.0000,0.0000,0.0000,0.0000,0.0000,1.0000
18.6693,110.23,0.0000,0.0400,0.0000,0.0002,0.0000,0.0000,0.0000,0.0000,0.0000,0.0000,0.0000,1.0000
18.6893,110.23,0.0000,0.0400,0.0000,0.0002,0.0000,0.0000,0.0000,0.0000,0.0000,0.0000,0.0000,1.0000
18.7093,110.23,0.0000,0.0400,0.0000,0.0002,0.0000,0.0000,0.0000,0.0000,0.0000,0.0000,0.0000,1.0000
18.7293,110.23,0.0000,0.0400,0.0000,0.0002,0.0000,0.0000,0.0000,0.0000,0.0000,0.0000,0.0000,1.0000
18.7493,110.23,0.0000,0.0400,0.0000,0.0002,0.0000,0.0000,0.0000,0.0000,0.0000,0.0000,0.0000,1.0000
18.7693,110.23,0.0000,0.0400,0.0000,0.0002,0.0000,0.0000,0.0000,0.0000,0.0000,0.0000,0.0000,1.0000
18.7893,110.23,0.0000,0.0400,0.0000,0.0002,0.0000,0.0000,0.0000,0.0000,0.0000,0.0000,0.0000,1.0000
18.8093,110.23,0.0000,0.0400,0.0000,0.0002,0.0000,0.0000,0.0000,0.0000,0.0000,0.0000,0.0000,1.0000
18.8293,110.23,0.0000,0.0400,0.0000,0.0002,0.0000,0.0000,0.0000,0.0000,0.0000,0.0000,0.0000,1.0000
18.8493,110.23,0.0000,0.0400,0.0000,0.0002,0.0000,0.0000,0.0000,0.0000,0.0000,0.0000,0.0000,1.0000
18.8693,110.23,0.0000,0.0400,0.0000,0.0002,0.0000,0.0000,0.0000,0.0000,0.0000,0.0000,0.0000,1.0000
18.8893,110.23,0.0000,0.0400,0.0000,0.0002,0.0000,0.0000,0.0000,0.0000,0.0000,0.0000,0.0000,1.0000
18.9093,110.23,0.0000,0.0400,0.0000,0.0002,0.0000,0.0000,0.0000,0.0000,0.0000,0.0000,0.0000,1.0000
18.9293,110.23,0.0000,0.0400,0.0000,0.0002,0.0000,0.0000,0.0000,0.0000,0.0000,0.0000,0.0000,1.0000
18.9493,110.23,0.0000,0.0400,0.0000,0.0002,0.0000,0.0000,0.0000,0.0000,0.0000,0.0000,0.0000,1.0000
18.9693,110.23,0.0000,0.0400,0.0000,0.0002,0.0000,0.0000,0.0000,0.0000,0.0000,0.0000,0.0000,1.0000
18.9893,110.23,0.0000,0.0400,0.0000,0.0002,0.0000,0.0000,0.0000,0.0000,0.0000,0.0000,0.0000,1.0000
19.0093,110.23,0.0000,0.0400,0.0000,0.0002,0.0000,0.0000,0.0000,0.0000,0.0000,0.0000,0.0000,1.0000
19.0293,110.23,0.0000,0.0400,0.0000,0.0002,0.0000,0.0000,0.0000,0.0000,0.0000,0.0000,0.0000,1.0000
19.0493,110.23,0.0000,0.0400,0.0000,0.0002,0.0000,0.0000,0.0000,0.0000,0.0000,0.0000,0.0000,1.0000
19.0693,110.23,0.0000,0.0400,0.0000,0.0002,0.0000,0.0000,0.0000,0.0000,0.0000,0.0000,0.0000,1.0000
19.0893,110.23,0.0000,0.0400,0.0000,0.0002,0.0000,0.0000,0.0000,0.0000,0.0000,0.0000,0.0000,1.0000
19.1093,110.23,0.0000,0.0400,0.0000,0.0002,0.0000,0.0000,0.0000,0.0000,0.0000,0.0000,0.0000,1.0000
19.1293,110.23,0.0000,0.0400,0.0000,0.0002,0.0000,0.0000,0.0000,0.0000,0.0000,0.0000,0.0000,1.0000
19.1493,110.23,0.0000,0.0400,0.0000,0.0002,0.0000,0.0000,0.0000,0.0000,0.0000,0.0000,0.0000,1.0000
19.1693,110.23,0.0000,0.0400,0.0000,0.0002,0.0000,0.0000,0.0000,0.0000,0.0000,0.0000,0.0000,1.0000
19.1893,110.23,0.0000,0.0400,0.0000,0.0002,0.0000,0.0000,0.0000,0.0000,0.0000,0.0000,0.0000,1.0000
19.2093,110.23,0.0000,0.0400,0.0000,0.0002,0.0000,0.0000,0.0000,0.0000,0.0000,0.0000,0.0000,1.0000
19.2293,110.23,0.0000,0.0400,0.0000,0.0002,0.0000,0.0000,0.0000,0.0000,0.0000,0.0000,0.0000,1.0000
19.2493,110.23,0.0000,0.0400,0.0000,0.0002,0.0000,0.0000,0.0000,0.0000,0.0000,0.0000,0.0000,1.0000
19.2693,109.35,0.0000,0.0400,0.0000,0.0002,0.0000,0.0000,0.0000,0.0000,0.0000,0.0000,0.0000,1.0000
19.2893,109.35,0.0000,0.0400,0.0000,0.0002,0.0000,0.0000,0.0000,0.0000,0.0000,0.0000,0.0000,1.0000
19.3093,109.35,0.0000,0.0400,0.0000,0.0002,0.0000,0.0000,0.0000,0.0000,0.0000,0.0000,0.0000,1.0000
19.3293,109.35,0.0000,0.0400,0.0000,0.0002,0.0000,0.0000,0.0000,0.0000,0.0000,0.0000,0.0000,1.0000
19.3493,109.35,0.0000,0.0400,0.0000,0.0002,0.0000,0.0000,0.0000,0.0000,0.0000,0.0000,0.0000,1.0000
19.3693,109.35,0.0000,0.0400,0.0000,0.0002,0.0000,0.0000,0.0000,0.0000,0.0000,0.0000,0.0000,1.0000
19.3893,109.35,0.0000,0.0400,0.0000,0.0002,0.0000,0.0000,0.0000,0.0000,0.0000,0.0000,0.0000,1.0000
19.4093,109.35,0.0000,0.0400,0.0000,0.0002,0.0000,0.0000,0.0000,0.0000,0.0000,0.0000,0.0000,1.0000
19.4293,109.35,0.0000,0.0400,0.0000,0.0002,0.0000,0.0000,0.0000,0.0000,0.0000,0.0000,0.0000,1.0000
19.4493,109.35,0.0000,0.0400,0.0000,0.0002,0.0000,0.0000,0.0000,0.0000,0.0000,0.0000,0.0000,1.0000
19.4693,109.35,0.0000,0.0400,0.0000,0.0002,0.0000,0.0000,0.0000,0.0000,0.0000,0.0000,0.0000,1.0000
19.4893,109.35,0.0000,0.0400,0.0000,0.0002,0.0000,0.0000,0.0000,0.0000,0.0000,0.0000,0.0000,1.0000
19.5093,109.35,0.0000,0.0400,0.0000,0.0002,0.0000,0.0000,0.0000,0.0000,0.0000,0.0000,0.0000,1.0000
19.5293,109.35,0.0000,0.0400,0.0000,0.0002,0.0000,0.0000,0.0000,0.0000,0.0000,0.0000,0.0000,1.0000
19.5493,109.35,0.0000,0.0400,0.0000,0.0002,0.0000,0.0000,0.0000,0.0000,0.0000,0.0000,0.0000,1.0000
19.5693,109.35,0.0000,0.0400,0.0000,0.0002,0.0000,0.0000,0.0000,0.0000,0.0000,0.0000,0.0000,1.0000
19.5893,109.35,0.0000,0.0400,0.0000,0.0002,0.0000,0.0000,0.0000,0.0000,0.0000,0.0000,0.0000,1.0000
19.6093,109.35,0.0000,0.0400,0.0000,0.0002,0.0000,0.0000,0.0000,0.0000,0.0000,0.0000,0.0000,1.0000
19.6293,109.35,0.0000,0.0400,0.0000,0.0002,0.0000,0.0000,0.0000,0.0000,0.0000,0.0000,0.0000,1.0000
19.6493,109.35,0.0000,0.0400,0.0000,0.0002,0.0000,0.0000,0.0000,0.0000,0.0000,0.0000,0.0000,1.0000
19.6693,109.35,0.0000,0.0400,0.0000,0.0002,0.0000,0.0000,0.0000,0.0000,0.0000,0.0000,0.0000,1.0000
19.6893,109.35,0.0000,0.0400,0.0000,0.0002,0.0000,0.0000,0.0000,0.0000,0.0000,0.0000,0.0000,1.0000
19.7093,109.35,0.0000,0.0400,0.0000,0.0002,0.0000,0.0000,0.0000,0.0000,0.0000,0.0000,0.0000,1.0000
19.7293,109.35,0.0000,0.0400,0.0000,0.0002,0.0000,0.0000,0.0000,0.0000,0.0000,0.0000,0.0000,1.0000
19.7493,109.35,0.0000,0.0400,0.0000,0.0002,0.0000,0.0000,0.0000,0.0000,0.0000,0.0000,0.0000,1.0000
19.7693,109.35,0.0000,0.0400,0.0000,0.0002,0.0000,0.0000,0.0000,0.0000,0.0000,0.0000,0.0000,1.0000
19.7893,109.35,0.0000,0.0400,0.0000,0.0002,0.0000,0.0000,0.0000,0.0000,0.0000,0.0000,0.0000,1.0000
19.8093,109.35,0.0000,0.0400,0.0000,0.0002,0.0000,0.0000,0.0000,0.0000,0.0000,0.0000,0.0000,1.0000
19.8293,109.35,0.0000,0.0400,0.0000,0.0002,0.0000,0.0000,0.0000,0.0000,0.0000,0.0000,0.0000,1.0000
19.8493,109.35,0.0000,0.0400,0.0000,0.0002,0.0000,0.0000,0.0000,0.0000,0.0000,0.0000,0.0000,1.0000
19.8693,109.35,0.0000,0.0400,0.0000,0.0002,0.0000,0.0000,0.0000,0.0000,0.0000,0.0000,0.0000,1.0000
19.8893,109.35,0.0000,0.0400,0.0000,0.0002,0.0000,0.0000,0.0000,0.0000,0.0000,0.0000,0.0000,1.0000
19.9093,109.35,0.0000,0.0400,0.0000,0.0002,0.0000,0.0000,0.0000,0.0000,0.0000,0.0000,0.0000,1.0000
19.9293,109.35,0.0000,0.0400,0.0000,0.0002,0.0000,0.0000,0.0000,0.0000,0.0000,0.0000,0.0000,1.0000
19.9493,109.35,0.0000,0.0400,0.0000,0.0002,0.0000,0.0000,0.0000,0.0000,0.0000,0.0000,0.0000,1.0000
19.9693,109.35,0.0000,0.0400,0.0000,0.0002,0.0000,0.0000,0.0000,0.0000,0.0000,0.0000,0.0000,1.0000
19.9893,109.35,0.0000,0.0400,0.0000,0.0002,0.0000,0.0000,0.0000,0.0000,0.0000,0.0000,0.0000,1.0000
20.0093,109.35,0.0000,0.0400,0.0000,0.0002,0.0000,0.0000,0.0000,0.0000,0.0000,0.0000,0.0000,1.0000
20.0293,109.35,0.0000,0.0400,0.0000,0.0002,0.0000,0.0000,0.0000,0.0000,0.0000,0.0000,0.0000,1.0000
20.0493,109.35,0.0000,0.0400,0.0000,0.0002,0.0000,0.0000,0.0000,0.0000,0.0000,0.0000,0.0000,1.0000
20.0693,109.35,0.0000,0.0400,0.0000,0.0002,0.0000,0.0000,0.0000,0.0000,0.0000,0.0000,0.0000,1.0000
20.0893,109.35,0.0000,0.0400,0.0000,0.0002,0.0000,0.0000,0.0000,0.0000,0.0000,0.0000,0.0000,1.0000
20.1093,109.35,0.0000,0.0400,0.0000,0.0002,0.0000,0.0000,0.0000,0.0000,0.0000,0.0000,0.0000,1.0000
20.1293,109.35,0.0000,0.0400,0.0000,0.0002,0.0000,0.0000,0.0000,0.0000,0.0000,0.0000,0.0000,1.0000
20.1493,109.35,0.0000,0.0400,0.0000,0.0002,0.0000,0.0000,0.0000,0.0000,0.0000,0.0000,0.0000,1.0000
20.1693,109.35,0.0000,0.0400,0.0000,0.0002,0.0000,0.0000,0.0000,0.0000,0.0000,0.0000,0.0000,1.0000
20.1893,109.35,0.0000,0.0400,0.0000,0.0002,0.0000,0.0000,0.0000,0.0000,0.0000,0.0000,0.0000,1.0000
20.2093,109.35,0.0000,0.0400,0.0000,0.0002,0.0000,0.0000,0.0000,0.0000,0.0000,0.0000,0.0000,1.0000
20.2293,109.35,0.0000,0.0400,0.0000,0.0002,0.0000,0.0000,0.0000,0.0000,0.0000,0.0000,0.0000,1.0000
20.2493,109.35,0.0000,0.0400,0.0000,0.0002,0.0000,0.0000,0.0000,0.0000,0.0000,0.0000,0.0000,1.0000
20.2693,106.29,0.0000,0.0400,0.0000,0.0002,0.0000,0.0000,0.0000,0.0000,0.0000,0.0000,0.0000,1.0000
20.2893,106.29,0.0000,0.0400,0.0000,0.0002,0.0000,0.0000,0.0000,0.0000,0.0000,0.0000,0.0000,1.0000
20.3093,106.29,0.0000,0.0400,0.0000,0.0002,0.0000,0.0000,0.0000,0.0000,0.0000,0.0000,0.0000,1.0000
20.3293,106.29,0.0000,0.0400,0.0000,0.0002,0.0000,0.0000,0.0000,0.0000,0.0000,0.0000,0.0000,1.0000
20.3493,106.29,0.0000,0.0400,0.0000,0.0002,0.0000,0.0000,0.0000,0.0000,0.0000,0.0000,0.0000,1.0000
20.3693,106.29,0.0000,0.0400,0.0000,0.0002,0.0000,0.0000,0.0000,0.0000,0.0000,0.0000,0.0000,1.0000
20.3893,106.29,0.0000,0.0400,0.0000,0.0002,0.0000,0.0000,0.0000,0.0000,0.0000,0.0000,0.0000,1.0000
20.4093,106.29,0.0000,0.0400,0.0000,0.0002,0.0000,0.0000,0.0000,0.0000,0.0000,0.0000,0.0000,1.0000
20.4293,106.29,0.0000,0.0400,0.0000,0.0002,0.0000,0.0000,0.0000,0.0000,0.0000,0.0000,0.0000,1.0000
20.4493,106.29,0.0000,0.0400,0.0000,0.0002,0.0000,0.0000,0.0000,0.0000,0.0000,0.0000,0.0000,1.0000
20.4693,106.29,0.0000,0.0400,0.0000,0.0002,0.0000,0.0000,0.0000,0.0000,0.0000,0.0000,0.0000,1.0000
20.4893,106.29,0.0000,0.0400,0.0000,0.0002,0.0000,0.0000,0.0000,0.0000,0.0000,0.0000,0.0000,1.0000
20.5093,106.29,0.0000,0.0400,0.0000,0.0002,0.0000,0.0000,0.0000,0.0000,0.0000,0.0000,0.0000,1.0000
20.5293,106.29,0.0000,0.0400,0.0000,0.0002,0.0000,0.0000,0.0000,0.0000,0.0000,0.0000,0.0000,1.0000
20.5493,106.29,0.0000,0.0400,0.0000,0.0002,0.0000,0.0000,0.0000,0.0000,0.0000,0.0000,0.0000,1.0000
20.5693,106.29,0.0000,0.0400,0.0000,0.0002,0.0000,0.0000,0.0000,0.0000,0.0000,0.0000,0.0000,1.0000
20.5893,106.29,0.0000,0.0400,0.0000,0.0002,0.0000,0.0000,0.0000,0.0000,0.0000,0.0000,0.0000,1.0000
20.6093,106.29,0.0000,0.0400,0.0000,0.0002,0.0000,0.0000,0.0000,0.0000,0.0000,0.0000,0.0000,1.0000
20.6293,106.29,0.0000,0.0400,0.0000,0.0002,0.0000,0.0000,0.0000,0.0000,0.0000,0.0000,0.0000,1.0000
20.6493,106.29,0.0000,0.0400,0.0000,0.0002,0.0000,0.0000,0.0000,0.0000,0.0000,0.0000,0.0000,1.0000
20.6693,106.29,0.0000,0.0400,0.0000,0.0002,0.0000,0.0000,0.0000,0.0000,0.0000,0.0000,0.0000,1.0000
20.6893,106.29,0.0000,0.0400,0.0000,0.0002,0.0000,0.0000,0.0000,0.0000,0.0000,0.0000,0.0000,1.0000
20.7093,106.29,0.0000,0.0400,0.0000,0.0002,0.0000,0.0000,0.0000,0.0000,0.0000,0.0000,0.0000,1.0000
20.7293,106.29,0.0000,0.0400,0.0000,0.0002,0.0000,0.0000,0.0000,0.0000,0.0000,0.0000,0.0000,1.0000
20.7493,106.29,0.0000,0.0400,0.0000,0.0002,0.0000,0.0000,0.0000,0.0000,0.0000,0.0000,0.0000,1.0000
20.7693,106.29,0.0000,0.0400,0.0000,0.0002,0.0000,0.0000,0.0000,0.0000,0.0000,0.0000,0.0000,1.0000
20.7893,106.29,0.0000,0.0400,0.0000,0.0002,0.0000,0.0000,0.0000,0.0000,0.0000,0.0000,0.0000,1.0000
20.8093,106.29,0.0000,0.0400,0.0000,0.0002,0.0000,0.0000,0.0000,0.0000,0.0000,0.0000,0.0000,1.0000
20.8293,106.29,0.0000,0.0400,0.0000,0.0002,0.0000,0.0000,0.0000,0.0000,0.0000,0.0000,0.0000,1.0000
20.8493,106.29,0.0000,0.0400,0.0000,0.0002,0.0000,0.0000,0.0000,0.0000,0.0000,0.0000,0.0000,1.0000
20.8693,106.29,0.0000,0.0400,0.0000,0.0002,0.0000,0.0000,0.0000,0.0000,0.0000,0.0000,0.0000,1.0000
20.8893,106.29,0.0000,0.0400,0.0000,0.0002,0.0000,0.0000,0.0000,0.0000,0.0000,0.0000,0.0000,1.0000
20.9093,106.29,0.0000,0.0400,0.0000,0.0002,0.0000,0.0000,0.0000,0.0000,0.0000,0.0000,0.0000,1.0000
20.9293,106.29,0.0000,0.0400,0.0000,0.0002,0.0000,0.0000,0.0000,0.0000,0.0000,0.0000,0.0000,1.0000
20.9493,106.29,0.0000,0.0400,0.0000,0.0002,0.0000,0.0000,0.0000,0.0000,0.0000,0.0000,0.0000,1.0000
20.9693,106.29,0.0000,0.0400,0.0000,0.0002,0.0000,0.0000,0.0000,0.0000,0.0000,0.0000,0.0000,1.0000
20.9893,106.29,0.0000,0.0400,0.0000,0.0002,0.0000,0.0000,0.0000,0.0000,0.0000,0.0000,0.0000,1.0000
21.0093,106.29,0.0000,0.0400,0.0000,0.0002,0.0000,0.0000,0.0000,0.0000,0.0000,0.0000,0.0000,1.0000
21.0293,106.29,0.0000,0.0400,0.0000,0.0002,0.0000,0.0000,0.0000,0.0000,0.0000,0.0000,0.0000,1.0000
21.0493,106.29,0.0000,0.0400,0.0000,0.0002,0.0000,0.0000,0.0000,0.0000,0.0000,0.0000,0.0000,1.0000
21.0693,106.29,0.0000,0.0400,0.0000,0.0002,0.0000,0.0000,0.0000,0.0000,0.0000,0.0000,0.0000,1.0000
21.0893,106.29,0.0000,0.0400,0.0000,0.0002,0.0000,0.0000,0.0000,0.0000,0.0000,0.0000,0.0000,1.0000
21.1093,106.29,0.0000,0.0400,0.0000,0.0002,0.0000,0.0000,0.0000,0.0000,0.0000,0.0000,0.0000,1.0000
21.1293,106.29,0.0000,0.0400,0.0000,0.0002,0.0000,0.0000,0.0000,0.0000,0.0000,0.0000,0.0000,1.0000
21.1493,106.29,0.0000,0.0400,0.0000,0.0002,0.0000,0.0000,0.0000,0.0000,0.0000,0.0000,0.0000,1.0000
21.1693,106.29,0.0000,0.0400,0.0000,0.0002,0.0000,0.0000,0.0000,0.0000,0.0000,0.0000,0.0000,1.0000
21.1893,106.29,0.0000,0.0400,0.0000,0.0002,0.0000,0.0000,0.0000,0.0000,0.0000,0.0000,0.0000,1.0000
21.2093,106.29,0.0000,0.0400,0.0000,0.0002,0.0000,0.0000,0.0000,0.0000,0.0000,0.0000,0.0000,1.0000
21.2293,106.29,0.0000,0.0400,0.0000,0.0002,0.0000,0.0000,0.0000,0.0000,0.0000,0.0000,0.0000,1.0000
21.2493,106.29,0.0000,0.0400,0.0000,0.0002,0.0000,0.0000,0.0000,0.0000,0.0000,0.0000,0.0000,1.0000
21.2693,106.69,0.0000,0.0400,0.0000,0.0002,0.0000,0.0000,0.0000,0.0000,0.0000,0.0000,0.0000,1.0000
21.2893,106.69,0.0000,0.0400,0.0000,0.0002,0.0000,0.0000,0.0000,0.0000,0.0000,0.0000,0.0000,1.0000
21.3093,106.69,0.0000,0.0400,0.0000,0.0002,0.0000,0.0000,0.0000,0.0000,0.0000,0.0000,0.0000,1.0000
21.3293,106.69,0.0000,0.0400,0.0000,0.0002,0.0000,0.0000,0.0000,0.0000,0.0000,0.0000,0.0000,1.0000
21.3493,106.69,0.0000,0.0400,0.0000,0.0002,0.0000,0.0000,0.0000,0.0000,0.0000,0.0000,0.0000,1.0000
21.3693,106.69,0.0000,0.0400,0.0000,0.0002,0.0000,0.0000,0.0000,0.0000,0.0000,0.0000,0.0000,1.0000
21.3893,106.69,0.0000,0.0400,0.0000,0.0002,0.0000,0.0000,0.0000,0.0000,0.0000,0.0000,0.0000,1.0000
21.4093,106.69,0.0000,0.0400,0.0000,0.0002,0.0000,0.0000,0.0000,0.0000,0.0000,0.0000,0.0000,1.0000
21.4293,106.69,0.0000,0.0400,0.0000,0.0002,0.0000,0.0000,0.0000,0.0000,0.0000,0.0000,0.0000,1.0000
21.4493,106.69,0.0000,0.0400,0.0000,0.0002,0.0000,0.0000,0.0000,0.0000,0.0000,0.0000,0.0000,1.0000
21.4693,106.69,0.0000,0.0400,0.0000,0.0002,0.0000,0.0000,0.0000,0.0000,0.0000,0.0000,0.0000,1.0000
21.4893,106.69,0.0000,0.0400,0.0000,0.0002,0.0000,0.0000,0.0000,0.0000,0.0000,0.0000,0.0000,1.0000
21.5093,106.69,0.0000,0.0400,0.0000,0.0002,0.0000,0.0000,0.0000,0.0000,0.0000,0.0000,0.0000,1.0000
21.5293,106.69,0.0000,0.0400,0.0000,0.0002,0.0000,0.0000,0.0000,0.0000,0.0000,0.0000,0.0000,1.0000
21.5493,106.69,0.0000,0.0400,0.0000,0.0002,0.0000,0.0000,0.0000,0.0000,0.0000,0.0000,0.0000,1.0000
21.5693,106.69,0.0000,0.0400,0.0000,0.0002,0.0000,0.0000,0.0000,0.0000,0.0000,0.0000,0.0000,1.0000
21.5893,106.69,0.0000,0.0400,0.0000,0.0002,0.0000,0.0000,0.0000,0.0000,0.0000,0.0000,0.0000,1.0000
21.6093,106.69,0.0000,0.0400,0.0000,0.0002,0.0000,0.0000,0.0000,0.0000,0.0000,0.0000,0.0000,1.0000
21.6293,106.69,0.0000,0.0400,0.0000,0.0002,0.0000,0.0000,0.0000,0.0000,0.0000,0.0000,0.0000,1.0000
21.6493,106.69,0.0000,0.0400,0.0000,0.0002,0.0000,0.0000,0.0000,0.0000,0.0000,0.0000,0.0000,1.0000
21.6693,106.69,0.0000,0.0400,0.0000,0.0002,0.0000,0.0000,0.0000,0.0000,0.0000,0.0000,0.0000,1.0000
21.6893,106.69,0.0000,0.0400,0.0000,0.0002,0.0000,0.0000,0.0000,0.0000,0.0000,0.0000,0.0000,1.0000
21.7093,106.69,0.0000,0.0400,0.0000,0.0002,0.0000,0.0000,0.0000,0.0000,0.0000,0.0000,0.0000,1.0000
21.7293,106.69,0.0000,0.0400,0.0000,0.0002,0.0000,0.0000,0.0000,0.0000,0.0000,0.0000,0.0000,1.0000
21.7493,106.69,0.0000,0.0400,0.0000,0.0002,0.0000,0.0000,0.0000,0.0000,0.0000,0.0000,0.0000,1.0000
21.7693,106.69,0.0000,0.0400,0.0000,0.0002,0.0000,0.0000,0.0000,0.0000,0.0000,0.0000,0.0000,1.0000
21.7893,106.69,0.0000,0.0400,0.0000,0.0002,0.0000,0.0000,0.0000,0.0000,0.0000,0.0000,0.0000,1.0000
21.8093,106.69,0.0000,0.0400,0.0000,0.0002,0.0000,0.0000,0.0000,0.0000,0.0000,0.0000,0.0000,1.0000
21.8293,106.69,0.0000,0.0400,0.0000,0.0002,0.0000,0.0000,0.0000,0.0000,0.0000,0.0000,0.0000,1.0000
21.8493,106.69,0.0000,0.0400,0.0000,0.0002,0.0000,0.0000,0.0000,0.0000,0.0000,0.0000,0.0000,1.0000
21.8693,106.69,0.0000,0.0400,0.0000,0.0002,0.0000,0.0000,0.0000,0.0000,0.0000,0.0000,0.0000,1.0000
21.8893,106.69,0.0000,0.0400,0.0000,0.0002,0.0000,0.0000,0.0000,0.0000,0.0000,0.0000,0.0000,1.0000
21.9093,106.69,0.0000,0.0400,0.0000,0.0002,0.0000,0.0000,0.0000,0.0000,0.0000,0.0000,0.0000,1.0000
21.9293,106.69,0.0000,0.0400,0.0000,0.0002,0.0000,0.0000,0.0000,0.0000,0.0000,0.0000,0.0000,1.0000
21.9493,106.69,0.0000,0.0400,0.0000,0.0002,0.0000,0.0000,0.0000,0.0000,0.0000,0.0000,0.0000,1.0000
21.9693,106.69,0.0000,0.0400,0.0000,0.0002,0.0000,0.0000,0.0000,0.0000,0.0000,0.0000,0.0000,1.0000
21.9893,106.69,0.0000,0.0400,0.0000,0.0002,0.0000,0.0000,0.0000,0.0000,0.0000,0.0000,0.0000,1.0000
22.0093,106.69,0.0000,0.0400,0.0000,0.0002,0.0000,0.0000,0.0000,0.0000,0.0000,0.0000,0.0000,1.0000
22.0293,106.69,0.0000,0.0400,0.0000,0.0002,0.0000,0.0000,0.0000,0.0000,0.0000,0.0000,0.0000,1.0000
22.0493,106.69,0.0000,0.0400,0.0000,0.0002,0.0000,0.0000,0.0000,0.0000,0.0000,0.0000,0.0000,1.0000
22.0693,106.69,0.0000,0.0400,0.0000,0.0002,0.0000,0.0000,0.0000,0.0000,0.0000,0.0000,0.0000,1.0000
22.0893,106.69,0.0000,0.0400,0.0000,0.0002,0.0000,0.0000,0.0000,0.0000,0.0000,0.0000,0.0000,1.0000
22.1093,106.69,0.0000,0.0400,0.0000,0.0002,0.0000,0.0000,0.0000,0.0000,0.0000,0.0000,0.0000,1.0000
22.1293,106.69,0.0000,0.0400,0.0000,0.0002,0.0000,0.0000,0.0000,0.0000,0.0000,0.0000,0.0000,1.0000
22.1493,106.69,0.0000,0.0400,0.0000,0.0002,0.0000,0.0000,0.0000,0.0000,0.0000,0.0000,0.0000,1.0000
22.1693,106.69,0.0000,0.0400,0.0000,0.0002,0.0000,0.0000,0.0000,0.0000,0.0000,0.0000,0.0000,1.0000
22.1893,106.69,0.0000,0.0400,0.0000,0.0002,0.0000,0.0000,0.0000,0.0000,0.0000,0.0000,0.0000,1.0000
22.2093,106.69,0.0000,0.0400,0.0000,0.0002,0.0000,0.0000,0.0000,0.0000,0.0000,0.0000,0.0000,1.0000
22.2293,106.69,0.0000,0.0400,0.0000,0.0002,0.0000,0.0000,0.0000,0.0000,0.0000,0.0000,0.0000,1.0000
22.2493,106.69,0.0000,0.0400,0.0000,0.0002,0.0000,0.0000,0.0000,0.0000,0.0000,0.0000,0.0000,1.0000
22.2693,109.90,0.0000,0.0400,0.0000,0.0002,0.0000,0.0000,0.0000,0.0000,0.0000,0.0000,0.0000,1.0000
22.2893,109.90,0.0000,0.0400,0.0000,0.0002,0.0000,0.0000,0.0000,0.0000,0.0000,0.0000,0.0000,1.0000
22.3093,109.90,0.0000,0.0400,0.0000,0.0002,0.0000,0.0000,0.0000,0.0000,0.0000,0.0000,0.0000,1.0000
22.3293,109.90,0.0000,0.0400,0.0000,0.0002,0.0000,0.0000,0.0000,0.0000,0.0000,0.0000,0.0000,1.0000
22.3493,109.90,0.0000,0.0400,0.0000,0.0002,0.0000,0.0000,0.0000,0.0000,0.0000,0.0000,0.0000,1.0000
22.3693,109.90,0.0000,0.0400,0.0000,0.0002,0.0000,0.0000,0.0000,0.0000,0.0000,0.0000,0.0000,1.0000
22.3893,109.90,0.0000,0.0400,0.0000,0.0002,0.0000,0.0000,0.0000,0.0000,0.0000,0.0000,0.0000,1.0000
22.4093,109.90,0.0000,0.0400,0.0000,0.0002,0.0000,0.0000,0.0000,0.0000,0.0000,0.0000,0.0000,1.0000
22.4293,109.90,0.0000,0.0400,0.0000,0.0002,0.0000,0.0000,0.0000,0.0000,0.0000,0.0000,0.0000,1.0000
22.4493,109.90,0.0000,0.0400,0.0000,0.0002,0.0000,0.0000,0.0000,0.0000,0.0000,0.0000,0.0000,1.0000
22.4693,109.90,0.0000,0.0400,0.0000,0.0002,0.0000,0.0000,0.0000,0.0000,0.0000,0.0000,0.0000,1.0000
22.4893,109.90,0.0000,0.0400,0.0000,0.0002,0.0000,0.0000,0.0000,0.0000,0.0000,0.0000,0.0000,1.0000
22.5093,109.90,0.0000,0.0400,0.0000,0.0002,0.0000,0.0000,0.0000,0.0000,0.0000,0.0000,0.0000,1.0000
22.5293,109.90,0.0000,0.0400,0.0000,0.0002,0.0000,0.0000,0.0000,0.0000,0.0000,0.0000,0.0000,1.0000
22.5493,109.90,0.0000,0.0400,0.0000,0.0002,0.0000,0.0000,0.0000,0.0000,0.0000,0.0000,0.0000,1.0000
22.5693,109.90,0.0000,0.0400,0.0000,0.0002,0.0000,0.0000,0.0000,0.0000,0.0000,0.0000,0.0000,1.0000
22.5893,109.90,0.0000,0.0400,0.0000,0.0002,0.0000,0.0000,0.0000,0.0000,0.0000,0.0000,0.0000,1.0000
22.6093,109.90,0.0000,0.0400,0.0000,0.0002,0.0000,0.0000,0.0000,0.0000,0.0000,0.0000,0.0000,1.0000
22.6293,109.90,0.0000,0.0400,0.0000,0.0002,0.0000,0.0000,0.0000,0.0000,0.0000,0.0000,0.0000,1.0000
22.6493,109.90,0.0000,0.0400,0.0000,0.0002,0.0000,0.0000,0.0000,0.0000,0.0000,0.0000,0.0000,1.0000
22.6693,109.90,0.0000,0.0400,0.0000,0.0002,0.0000,0.0000,0.0000,0.0000,0.0000,0.0000,0.0000,1.0000
22.6893,109.90,0.0000,0.0400,0.0000,0.0002,0.0000,0.0000,0.0000,0.0000,0.0000,0.0000,0.0000,1.0000
22.7093,109.90,0.0000,0.0400,0.0000,0.0002,0.0000,0.0000,0.0000,0.0000,0.0000,0.0000,0.0000,1.0000
22.7293,109.90,0.0000,0.0400,0.0000,0.0002,0.0000,0.0000,0.0000,0.0000,0.0000,0.0000,0.0000,1.0000
22.7493,109.90,0.0000,0.0400,0.0000,0.0002,0.0000,0.0000,0.0000,0.0000,0.0000,0.0000,0.0000,1.0000
22.7693,109.90,0.0000,0.0400,0.0000,0.0002,0.0000,0.0000,0.0000,0.0000,0.0000,0.0000,0.0000,1.0000
22.7893,109.90,0.0000,0.0400,0.0000,0.0002,0.0000,0.0000,0.0000,0.0000,0.0000,0.0000,0.0000,1.0000
22.8093,109.90,0.0000,0.0400,0.0000,0.0002,0.0000,0.0000,0.0000,0.0000,0.0000,0.0000,0.0000,1.0000
22.8293,109.90,0.0000,0.0400,0.0000,0.0002,0.0000,0.0000,0.0000,0.0000,0.0000,0.0000,0.0000,1.0000
22.8493,109.90,0.0000,0.0400,0.0000,0.0002,0.0000,0.0000,0.0000,0.0000,0.0000,0.0000,0.0000,1.0000
22.8693,109.90,0.0000,0.0400,0.0000,0.0002,0.0000,0.0000,0.0000,0.0000,0.0000,0.0000,0.0000,1.0000
22.8893,109.90,0.0000,0.0400,0.0000,0.0002,0.0000,0.0000,0.0000,0.0000,0.0000,0.0000,0.0000,1.0000
22.9093,109.90,0.0000,0.0400,0.0000,0.0002,0.0000,0.0000,0.0000,0.0000,0.0000,0.0000,0.0000,1.0000
22.9293,109.90,0.0000,0.0400,0.0000,0.0002,0.0000,0.0000,0.0000,0.0000,0.0000,0.0000,0.0000,1.0000
22.9493,109.90,0.0000,0.0400,0.0000,0.0002,0.0000,0.0000,0.0000,0.0000,0.0000,0.0000,0.0000,1.0000
22.9693,109.90,0.0000,0.0400,0.0000,0.0002,0.0000,0.0000,0.0000,0.0000,0.0000,0.0000,0.0000,1.0000
22.9893,109.90,0.0000,0.0400,0.0000,0.0002,0.0000,0.0000,0.0000,0.0000,0.0000,0.0000,0.0000,1.0000
23.0093,109.90,0.0000,0.0400,0.0000,0.0002,0.0000,0.0000,0.0000,0.0000,0.0000,0.0000,0.0000,1.0000
23.0293,109.90,0.0000,0.0400,0.0000,0.0002,0.0000,0.0000,0.0000,0.0000,0.0000,0.0000,0.0000,1.0000
23.0493,109.90,0.0000,0.0400,0.0000,0.0002,0.0000,0.0000,0.0000,0.0000,0.0000,0.0000,0.0000,1.0000
23.0693,109.90,0.0000,0.0400,0.0000,0.0002,0.0000,0.0000,0.0000,0.0000,0.0000,0.0000,0.0000,1.0000
23.0893,109.90,0.0000,0.0400,0.0000,0.0002,0.0000,0.0000,0.0000,0.0000,0.0000,0.0000,0.0000,1.0000
23.1093,109.90,0.0000,0.0400,0.0000,0.0002,0.0000,0.0000,0.0000,0.0000,0.0000,0.0000,0.0000,1.0000
23.1293,109.90,0.0000,0.0400,0.0000,0.0002,0.0000,0.0000,0.0000,0.0000,0.0000,0.0000,0.0000,1.0000
23.1493,109.90,0.0000,0.0400,0.0000,0.0002,0.0000,0.0000,0.0000,0.0000,0.0000,0.0000,0.0000,1.0000
23.1693,109.90,0.0000,0.0400,0.0000,0.0002,0.0000,0.0000,0.0000,0.0000,0.0000,0.0000,0.0000,1.0000
23.1893,109.90,0.0000,0.0400,0.0000,0.0002,0.0000,0.0000,0.0000,0.0000,0.0000,0.0000,0.0000,1.0000
23.2093,109.90,0.0000,0.0400,0.0000,0.0002,0.0000,0.0000,0.0000,0.0000,0.0000,0.0000,0.0000,1.0000
23.2293,109.90,0.0000,0.0400,0.0000,0.0002,0.0000,0.0000,0.0000,0.0000,0.0000,0.0000,0.0000,1.0000
23.2493,109.90,0.0000,0.0400,0.0000,0.0002,0.0000,0.0000,0.0000,0.0000,0.0000,0.0000,0.0000,1.0000
23.2693,99.21,0.0000,0.0400,0.0000,0.0002,0.0000,0.0000,0.0000,0.0000,0.0000,0.0000,0.0000,1.0000
23.2893,99.21,0.0000,0.0400,0.0000,0.0002,0.0000,0.0000,0.0000,0.0000,0.0000,0.0000,0.0000,1.0000
23.3093,99.21,0.0000,0.0400,0.0000,0.0002,0.0000,0.0000,0.0000,0.0000,0.0000,0.0000,0.0000,1.0000
23.3293,99.21,0.0000,0.0400,0.0000,0.0002,0.0000,0.0000,0.0000,0.0000,0.0000,0.0000,0.0000,1.0000
23.3493,99.21,0.0000,0.0400,0.0000,0.0002,0.0000,0.0000,0.0000,0.0000,0.0000,0.0000,0.0000,1.0000
23.3693,99.21,0.0000,0.0400,0.0000,0.0002,0.0000,0.0000,0.0000,0.0000,0.0000,0.0000,0.0000,1.0000
23.3893,99.21,0.0000,0.0400,0.0000,0.0002,0.0000,0.0000,0.0000,0.0000,0.0000,0.0000,0.0000,1.0000
23.4093,99.21,0.0000,0.0400,0.0000,0.0002,0.0000,0.0000,0.0000,0.0000,0.0000,0.0000,0.0000,1.0000
23.4293,99.21,0.0000,0.0400,0.0000,0.0002,0.0000,0.0000,0.0000,0.0000,0.0000,0.0000,0.0000,1.0000
23.4493,99.21,0.0000,0.0400,0.0000,0.0002,0.0000,0.0000,0.0000,0.0000,0.0000,0.0000,0.0000,1.0000
23.4693,99.21,0.0000,0.0400,0.0000,0.0002,0.0000,0.0000,0.0000,0.0000,0.0000,0.0000,0.0000,1.0000
23.4893,99.21,0.0000,0.0400,0.0000,0.0002,0.0000,0.0000,0.0000,0.0000,0.0000,0.0000,0.0000,1.0000
23.5093,99.21,0.0000,0.0400,0.0000,0.0002,0.0000,0.0000,0.0000,0.0000,0.0000,0.0000,0.0000,1.0000
23.5293,99.21,0.0000,0.0400,0.0000,0.0002,0.0000,0.0000,0.0000,0.0000,0.0000,0.0000,0.0000,1.0000
23.5493,99.21,0.0000,0.0400,0.0000,0.0002,0.0000,0.0000,0.0000,0.0000,0.0000,0.0000,0.0000,1.0000
23.5693,99.21,0.0000,0.0400,0.0000,0.0002,0.0000,0.0000,0.0000,0.0000,0.0000,0.0000,0.0000,1.0000
23.5893,99.21,0.0000,0.0400,0.0000,0.0002,0.0000,0.0000,0.0000,0.0000,0.0000,0.0000,0.0000,1.0000
23.6093,99.21,0.0000,0.0400,0.0000,0.0002,0.0000,0.0000,0.0000,0.0000,0.0000,0.0000,0.0000,1.0000
23.6293,99.21,0.0000,0.0400,0.0000,0.0002,0.0000,0.0000,0.0000,0.0000,0.0000,0.0000,0.0000,1.0000
23.6493,99.21,0.0000,0.0400,0.0000,0.0002,0.0000,0.0000,0.0000,0.0000,0.0000,0.0000,0.0000,1.0000
23.6693,99.21,0.0000,0.0400,0.0000,0.0002,0.0000,0.0000,0.0000,0.0000,0.0000,0.0000,0.0000,1.0000
23.6893,99.21,0.0000,0.0400,0.0000,0.0002,0.0000,0.0000,0.0000,0.0000,0.0000,0.0000,0.0000,1.0000
23.7093,99.21,0.0000,0.0400,0.0000,0.0002,0.0000,0.0000,0.0000,0.0000,0.0000,0.0000,0.0000,1.0000
23.7293,99.21,0.0000,0.0400,0.0000,0.0002,0.0000,0.0000,0.0000,0.0000,0.0000,0.0000,0.0000,1.0000
23.7493,99.21,0.0000,0.0400,0.0000,0.0002,0.0000,0.0000,0.0000,0.0000,0.0000,0.0000,0.0000,1.0000
23.7693,99.21,0.0000,0.0400,0.0000,0.0002,0.0000,0.0000,0.0000,0.0000,0.0000,0.0000,0.0000,1.0000
23.7893,99.21,0.0000,0.0400,0.0000,0.0002,0.0000,0.0000,0.0000,0.0000,0.0000,0.0000,0.0000,1.0000
23.8093,99.21,0.0000,0.0400,0.0000,0.0002,0.0000,0.0000,0.0000,0.0000,0.0000,0.0000,0.0000,1.0000
23.8293,99.21,0.0000,0.0400,0.0000,0.0002,0.0000,0.0000,0.0000,0.0000,0.0000,0.0000,0.0000,1.0000
23.8493,99.21,0.0000,0.0400,0.0000,0.0002,0.0000,0.0000,0.0000,0.0000,0.0000,0.0000,0.0000,1.0000
23.8693,99.21,0.0000,0.0400,0.0000,0.0002,0.0000,0.0000,0.0000,0.0000,0.0000,0.0000,0.0000,1.0000
23.8893,99.21,0.0000,0.0400,0.0000,0.0002,0.0000,0.0000,0.0000,0.0000,0.0000,0.0000,0.0000,1.0000
23.9093,99.21,0.0000,0.0400,0.0000,0.0002,0.0000,0.0000,0.0000,0.0000,0.0000,0.0000,0.0000,1.0000
23.9293,99.21,0.0000,0.0400,0.0000,0.0002,0.0000,0.0000,0.0000,0.0000,0.0000,0.0000,0.0000,1.0000
23.9493,99.21,0.0000,0.0400,0.0000,0.0002,0.0000,0.0000,0.0000,0.0000,0.0000,0.0000,0.0000,1.0000
23.9693,99.21,0.0000,0.0400,0.0000,0.0002,0.0000,0.0000,0.0000,0.0000,0.0000,0.0000,0.0000,1.0000
23.9893,99.21,0.0000,0.0400,0.0000,0.0002,0.0000,0.0000,0.0000,0.0000,0.0000,0.0000,0.0000,1.0000
24.0093,99.21,0.0000,0.0400,0.0000,0.0002,0.0000,0.0000,0.0000,0.0000,0.0000,0.0000,0.0000,1.0000
24.0293,99.21,0.0000,0.0400,0.0000,0.0002,0.0000,0.0000,0.0000,0.0000,0.0000,0.0000,0.0000,1.0000
24.0493,99.21,0.0000,0.0400,0.0000,0.0002,0.0000,0.0000,0.0000,0.0000,0.0000,0.0000,0.0000,1.0000
24.0693,99.21,0.0000,0.0400,0.0000,0.0002,0.0000,0.0000,0.0000,0.0000,0.0000,0.0000,0.0000,1.0000
24.0893,99.21,0.0000,0.0400,0.0000,0.0002,0.0000,0.0000,0.0000,0.0000,0.0000,0.0000,0.0000,1.0000
24.1093,99.21,0.0000,0.0400,0.0000,0.0002,0.0000,0.0000,0.0000,0.0000,0.0000,0.0000,0.0000,1.0000
24.1293,99.21,0.0000,0.0400,0.0000,0.0002,0.0000,0.0000,0.0000,0.0000,0.0000,0.0000,0.0000,1.0000
24.1493,99.21,0.0000,0.0400,0.0000,0.0002,0.0000,0.0000,0.0000,0.0000,0.0000,0.0000,0.0000,1.0000
24.1693,99.21,0.0000,0.0400,0.0000,0.0002,0.0000,0.0000,0.0000,0.0000,0.0000,0.0000,0.0000,1.0000
24.1893,99.21,0.0000,0.0400,0.0000,0.0002,0.0000,0.0000,0.0000,0.0000,0.0000,0.0000,0.0000,1.0000
24.2093,99.21,0.0000,0.0400,0.0000,0.0002,0.0000,0.0000,0.0000,0.0000,0.0000,0.0000,0.0000,1.0000
24.2293,99.21,0.0000,0.0400,0.0000,0.0002,0.0000,0.0000,0.0000,0.0000,0.0000,0.0000,0.0000,1.0000
24.2493,99.21,0.0000,0.0400,0.0000,0.0002,0.0000,0.0000,0.0000,0.0000,0.0000,0.0000,0.0000,1.0000
24.2693,99.21,0.0000,0.0400,0.0000,0.0002,0.0000,0.0000,0.0000,0.0000,0.0000,0.0000,0.0000,1.0000
24.2893,93.71,0.0000,0.0400,0.0000,0.0002,0.0000,0.0000,0.0000,0.0000,0.0000,0.0000,0.0000,1.0000
24.3093,93.71,0.0000,0.0400,0.0000,0.0002,0.0000,0.0000,0.0000,0.0000,0.0000,0.0000,0.0000,1.0000
24.3293,93.71,0.0000,0.0400,0.0000,0.0002,0.0000,0.0000,0.0000,0.0000,0.0000,0.0000,0.0000,1.0000
24.3493,93.71,0.0000,0.0400,0.0000,0.0002,0.0000,0.0000,0.0000,0.0000,0.0000,0.0000,0.0000,1.0000
24.3693,93.71,0.0000,0.0400,0.0000,0.0002,0.0000,0.0000,0.0000,0.0000,0.0000,0.0000,0.0000,1.0000
24.3893,93.71,0.0000,0.0400,0.0000,0.0002,0.0000,0.0000,0.0000,0.0000,0.0000,0.0000,0.0000,1.0000
24.4093,93.71,0.0000,0.0400,0.0000,0.0002,0.0000,0.0000,0.0000,0.0000,0.0000,0.0000,0.0000,1.0000
24.4293,93.71,0.0000,0.0400,0.0000,0.0002,0.0000,0.0000,0.0000,0.0000,0.0000,0.0000,0.0000,1.0000
24.4493,93.71,0.0000,0.0400,0.0000,0.0002,0.0000,0.0000,0.0000,0.0000,0.0000,0.0000,0.0000,1.0000
24.4693,93.71,0.0000,0.0400,0.0000,0.0002,0.0000,0.0000,0.0000,0.0000,0.0000,0.0000,0.0000,1.0000
24.4893,93.71,0.0000,0.0400,0.0000,0.0002,0.0000,0.0000,0.0000,0.0000,0.0000,0.0000,0.0000,1.0000
24.5093,93.71,0.0000,0.0400,0.0000,0.0002,0.0000,0.0000,0.0000,0.0000,0.0000,0.0000,0.0000,1.0000
24.5293,93.71,0.0000,0.0400,0.0000,0.0002,0.0000,0.0000,0.0000,0.0000,0.0000,0.0000,0.0000,1.0000
24.5493,93.71,0.0000,0.0400,0.0000,0.0002,0.0000,0.0000,0.0000,0.0000,0.0000,0.0000,0.0000,1.0000
24.5693,93.71,0.0000,0.0400,0.0000,0.0002,0.0000,0.0000,0.0000,0.0000,0.0000,0.0000,0.0000,1.0000
24.5893,93.71,0.0000,0.0400,0.0000,0.0002,0.0000,0.0000,0.0000,0.0000,0.0000,0.0000,0.0000,1.0000
24.6093,93.71,0.0000,0.0400,0.0000,0.0002,0.0000,0.0000,0.0000,0.0000,0.0000,0.0000,0.0000,1.0000
24.6293,93.71,0.0000,0.0400,0.0000,0.0002,0.0000,0.0000,0.0000,0.0000,0.0000,0.0000,0.0000,1.0000
24.6493,93.71,0.0000,0.0400,0.0000,0.0002,0.0000,0.0000,0.0000,0.0000,0.0000,0.0000,0.0000,1.0000
24.6693,93.71,0.0000,0.0400,0.0000,0.0002,0.0000,0.0000,0.0000,0.0000,0.0000,0.0000,0.0000,1.0000
24.6893,93.71,0.0000,0.0400,0.0000,0.0002,0.0000,0.0000,0.0000,0.0000,0.0000,0.0000,0.0000,1.0000
24.7093,93.71,0.0000,0.0400,0.0000,0.0002,0.0000,0.0000,0.0000,0.0000,0.0000,0.0000,0.0000,1.0000
24.7293,93.71,0.0000,0.0400,0.0000,0.0002,0.0000,0.0000,0.0000,0.0000,0.0000,0.0000,0.0000,1.0000
24.7493,93.71,0.0000,0.0400,0.0000,0.0002,0.0000,0.0000,0.0000,0.0000,0.0000,0.0000,0.0000,1.0000
24.7693,93.71,0.0000,0.0400,0.0000,0.0002,0.0000,0.0000,0.0000,0.0000,0.0000,0.0000,0.0000,1.0000
24.7893,93.71,0.0000,0.0400,0.0000,0.0002,0.0000,0.0000,0.0000,0.0000,0.0000,0.0000,0.0000,1.0000
24.8093,93.71,0.0000,0.0400,0.0000,0.0002,0.0000,0.0000,0.0000,0.0000,0.0000,0.0000,0.0000,1.0000
24.8293,93.71,0.0000,0.0400,0.0000,0.0002,0.0000,0.0000,0.0000,0.0000,0.0000,0.0000,0.0000,1.0000
24.8493,93.71,0.0000,0.0400,0.0000,0.0002,0.0000,0.0000,0.0000,0.0000,0.0000,0.0000,0.0000,1.0000
24.8693,93.71,0.0000,0.0400,0.0000,0.0002,0.0000,0.0000,0.0000,0.0000,0.0000,0.0000,0.0000,1.0000
24.8893,93.71,0.0000,0.0400,0.0000,0.0002,0.0000,0.0000,0.0000,0.0000,0.0000,0.0000,0.0000,1.0000
24.9093,93.71,0.0000,0.0400,0.0000,0.0002,0.0000,0.0000,0.0000,0.0000,0.0000,0.0000,0.0000,1.0000
24.9293,93.71,0.0000,0.0400,0.0000,0.0002,0.0000,0.0000,0.0000,0.0000,0.0000,0.0000,0.0000,1.0000
24.9493,93.71,0.0000,0.0400,0.0000,0.0002,0.0000,0.0000,0.0000,0.0000,0.0000,0.0000,0.0000,1.0000
24.9693,93.71,0.0000,0.0400,0.0000,0.0002,0.0000,0.0000,0.0000,0.0000,0.0000,0.0000,0.0000,1.0000
24.9893,93.71,0.0000,0.0400,0.0000,0.0002,0.0000,0.0000,0.0000,0.0000,0.0000,0.0000,0.0000,1.0000
25.0093,93.71,0.0000,0.0400,0.0000,0.0002,0.0000,0.0000,0.0000,0.0000,0.0000,0.0000,0.0000,1.0000
25.0293,93.71,0.0000,0.0400,0.0000,0.0002,0.0000,0.0000,0.0000,0.0000,0.0000,0.0000,0.0000,1.0000
25.0493,93.71,0.0000,0.0400,0.0000,0.0002,0.0000,0.0000,0.0000,0.0000,0.0000,0.0000,0.0000,1.0000
25.0693,93.71,0.0000,0.0400,0.0000,0.0002,0.0000,0.0000,0.0000,0.0000,0.0000,0.0000,0.0000,1.0000
25.0893,93.71,0.0000,0.0400,0.0000,0.0002,0.0000,0.0000,0.0000,0.0000,0.0000,0.0000,0.0000,1.0000
25.1093,93.71,0.0000,0.0400,0.0000,0.0002,0.0000,0.0000,0.0000,0.0000,0.0000,0.0000,0.0000,1.0000
25.1293,93.71,0.0000,0.0400,0.0000,0.0002,0.0000,0.0000,0.0000,0.0000,0.0000,0.0000,0.0000,1.0000
25.1493,93.71,0.0000,0.0400,0.0000,0.0002,0.0000,0.0000,0.0000,0.0000,0.0000,0.0000,0.0000,1.0000
25.1693,93.71,0.0000,0.0400,0.0000,0.0002,0.0000,0.0000,0.0000,0.0000,0.0000,0.0000,0.0000,1.0000
25.1893,93.71,0.0000,0.0400,0.0000,0.0002,0.0000,0.0000,0.0000,0.0000,0.0000,0.0000,0.0000,1.0000
25.2093,93.71,0.0000,0.0400,0.0000,0.0002,0.0000,0.0000,0.0000,0.0000,0.0000,0.0000,0.0000,1.0000
25.2293,93.71,0.0000,0.0400,0.0000,0.0002,0.0000,0.0000,0.0000,0.0000,0.0000,0.0000,0.0000,1.0000
25.2493,93.71,0.0000,0.0400,0.0000,0.0002,0.0000,0.0000,0.0000,0.0000,0.0000,0.0000,0.0000,1.0000
25.2693,93.71,0.0000,0.0400,0.0000,0.0002,0.0000,0.0000,0.0000,0.0000,0.0000,0.0000,0.0000,1.0000
25.2893,93.71,0.0000,0.0400,0.0000,0.0002,0.0000,0.0000,0.0000,0.0000,0.0000,0.0000,0.0000,1.0000
25.3093,93.71,0.0000,0.0400,0.0000,0.0002,0.0000,0.0000,0.0000,0.0000,0.0000,0.0000,0.0000,1.0000
25.3293,93.71,0.0000,0.0400,0.0000,0.0002,0.0000,0.0000,0.0000,0.0000,0.0000,0.0000,0.0000,1.0000
25.3493,93.71,0.0000,0.0400,0.0000,0.0002,0.0000,0.0000,0.0000,0.0000,0.0000,0.0000,0.0000,1.0000
25.3693,93.71,0.0000,0.0400,0.0000,0.0002,0.0000,0.0000,0.0000,0.0000,0.0000,0.0000,0.0000,1.0000
25.3893,93.71,0.0000,0.0400,0.0000,0.0002,0.0000,0.0000,0.0000,0.0000,0.0000,0.0000,0.0000,1.0000
25.4093,93.71,0.0000,0.0400,0.0000,0.0002,0.0000,0.0000,0.0000,0.0000,0.0000,0.0000,0.0000,1.0000
25.4293,93.71,0.0000,0.0400,0.0000,0.0002,0.0000,0.0000,0.0000,0.0000,0.0000,0.0000,0.0000,1.0000
25.4493,93.71,0.0000,0.0400,0.0000,0.0002,0.0000,0.0000,0.0000,0.0000,0.0000,0.0000,0.0000,1.0000
