Time(s),FPS,PosX,PosY,PosZ,RotX,RotY,RotZ,VelX,VelY,VelZ,DirX,DirY,DirZ
-0.1720,0.00,0.0000,10.0000,0.0000,0.0000,0.0000,0.0000,0.0000,0.0000,0.0000,0.0000,0.0000,1.0000
-0.1520,0.00,0.0000,9.9964,0.0000,-0.0003,0.0000,0.0000,0.0000,-0.1809,0.0001,0.0000,0.0000,1.0000
-0.1320,0.00,0.0000,9.9892,0.0000,-0.0008,0.0001,-0.0001,0.0000,-0.3612,0.0001,0.0000,0.0000,1.0000
-0.1120,0.00,0.0000,9.9783,0.0000,-0.0016,0.0001,-0.0001,0.0000,-0.5408,0.0002,0.0000,0.0000,1.0000
-0.0920,0.00,0.0000,9.9639,0.0000,-0.0027,0.0002,-0.0002,0.0000,-0.7198,0.0002,0.0000,0.0000,1.0000
-0.0720,0.00,0.0000,9.9460,0.0000,-0.0040,0.0003,-0.0003,0.0000,-0.8980,0.0003,0.0000,0.0001,1.0000
-0.0520,0.00,0.0000,9.9245,0.0000,-0.0056,0.0004,-0.0005,0.0000,-1.0757,0.0003,0.0000,0.0001,1.0000
-0.0320,0.00,0.0000,9.8994,0.0000,359.9925,0.0005,-0.0006,0.0000,-1.2526,0.0004,0.0000,0.0001,1.0000
-0.0120,0.00,0.0000,9.8708,0.0000,359.9904,0.0006,-0.0008,0.0000,-1.4289,0.0004,0.0000,0.0002,1.0000
0.0080,0.00,0.0000,9.8388,0.0000,359.9880,0.0008,-0.0010,0.0000,-1.6046,0.0005,0.0000,0.0002,1.0000
0.0280,0.00,0.0000,9.8032,0.0001,359.9854,0.0009,-0.0012,0.0000,-1.7796,0.0005,0.0000,0.0003,1.0000
0.0480,0.00,0.0000,9.7641,0.0001,359.9826,0.0011,-0.0015,-0.0001,-1.9539,0.0006,0.0000,0.0003,1.0000
0.0680,0.00,0.0000,9.7215,0.0001,359.9795,0.0013,-0.0018,-0.0001,-2.1276,0.0006,0.0000,0.0004,1.0000
0.0880,0.00,0.0000,9.6755,0.0001,359.9762,0.0015,-0.0020,-0.0001,-2.3007,0.0007,0.0000,0.0004,1.0000
0.1080,0.00,0.0000,9.6261,0.0001,359.9727,0.0017,-0.0023,-0.0001,-2.4731,0.0007,0.0000,0.0005,1.0000
0.1280,0.00,0.0000,9.5732,0.0001,359.9689,0.0020,-0.0027,-0.0001,-2.6449,0.0008,0.0000,0.0005,1.0000
0.1480,0.00,0.0000,9.5168,0.0001,359.9648,0.0022,-0.0030,-0.0001,-2.8160,0.0008,0.0000,0.0006,1.0000
0.1680,0.00,0.0000,9.4571,0.0002,359.9606,0.0025,-0.0034,-0.0001,-2.9866,0.0009,0.0000,0.0007,1.0000
0.1880,0.00,0.0000,9.3940,0.0002,359.9561,0.0028,-0.0038,-0.0001,-3.1564,0.0009,0.0000,0.0008,1.0000
0.2080,0.00,0.0000,9.3275,0.0002,359.9514,0.0031,-0.0042,-0.0001,-3.3257,0.0010,0.0001,0.0008,1.0000
0.2280,0.00,0.0000,9.2576,0.0002,359.9466,0.0034,-0.0046,-0.0001,-3.4943,0.0010,0.0001,0.0009,1.0000
0.2480,0.00,0.0000,9.1843,0.0002,359.9414,0.0037,-0.0050,-0.0001,-3.6623,0.0010,0.0001,0.0010,1.0000
0.2680,0.00,0.0000,9.1077,0.0003,359.9361,0.0041,-0.0055,-0.0001,-3.8297,0.0011,0.0001,0.0011,1.0000
0.2880,0.00,0.0000,9.0278,0.0003,359.9306,0.0044,359.9940,-0.0001,-3.9964,0.0011,0.0001,0.0012,1.0000
0.3080,0.00,0.0000,8.9446,0.0003,359.9248,0.0048,359.9935,-0.0001,-4.1626,0.0012,0.0001,0.0013,1.0000
0.3280,0.00,0.0000,8.8580,0.0003,359.9189,0.0052,359.9930,-0.0001,-4.3281,0.0012,0.0001,0.0014,1.0000
0.3480,34.69,0.0000,8.7681,0.0004,359.9128,0.0056,359.9925,-0.0001,-4.4930,0.0012,0.0001,0.0015,1.0000
0.3680,34.69,0.0000,8.6750,0.0004,359.9064,0.0060,359.9919,-0.0001,-4.6573,0.0013,0.0001,0.0016,1.0000
0.3880,34.69,0.0000,8.5786,0.0004,359.8999,0.0064,359.9914,-0.0001,-4.8210,0.0013,0.0001,0.0017,1.0000
0.4080,34.69,0.0000,8.4789,0.0004,359.8932,0.0068,359.9908,-0.0001,-4.9841,0.0013,0.0001,0.0019,1.0000
0.4280,34.69,0.0000,8.3760,0.0005,359.8863,0.0072,359.9902,-0.0001,-5.1466,0.0014,0.0001,0.0020,1.0000
0.4480,34.69,0.0000,8.2698,0.0005,359.8792,0.0077,359.9896,-0.0001,-5.3085,0.0014,0.0001,0.0021,1.0000
0.4680,34.69,0.0000,8.1604,0.0005,359.8719,0.0082,359.9890,-0.0001,-5.4697,0.0014,0.0001,0.0022,1.0000
0.4880,34.69,0.0000,8.0478,0.0005,359.8644,0.0086,359.9883,-0.0001,-5.6304,0.0015,0.0002,0.0024,1.0000
0.5080,34.69,-0.0001,7.9320,0.0006,359.8568,0.0091,359.9877,-0.0001,-5.7905,0.0015,0.0002,0.0025,1.0000
0.5280,34.69,-0.0001,7.8130,0.0006,359.8490,0.0096,359.9870,-0.0001,-5.9500,0.0015,0.0002,0.0026,1.0000
0.5480,34.69,-0.0001,7.6908,0.0006,359.8410,0.0101,359.9863,-0.0001,-6.1089,0.0016,0.0002,0.0028,1.0000
0.5680,34.69,-0.0001,7.5654,0.0007,359.8329,0.0107,359.9856,-0.0001,-6.2672,0.0016,0.0002,0.0029,1.0000
0.5880,34.69,-0.0001,7.4369,0.0007,359.8245,0.0112,359.9849,-0.0001,-6.4250,0.0016,0.0002,0.0031,1.0000
0.6080,34.69,-0.0001,7.3053,0.0007,359.8160,0.0118,359.9842,-0.0001,-6.5821,0.0017,0.0002,0.0032,1.0000
0.6280,34.69,-0.0001,7.1705,0.0008,359.8074,0.0123,359.9834,-0.0002,-6.7387,0.0017,0.0002,0.0034,1.0000
0.6480,34.69,-0.0001,7.0326,0.0008,359.7986,0.0129,359.9827,-0.0002,-6.8947,0.0017,0.0002,0.0035,1.0000
0.6680,34.69,-0.0001,6.8916,0.0008,359.7897,0.0135,359.9819,-0.0002,-7.0501,0.0017,0.0002,0.0037,1.0000
0.6880,34.69,-0.0001,6.7475,0.0009,359.7805,0.0140,359.9811,-0.0002,-7.2049,0.0018,0.0002,0.0038,1.0000
0.7080,34.69,-0.0001,6.6004,0.0009,359.7713,0.0146,359.9803,-0.0002,-7.3591,0.0018,0.0003,0.0040,1.0000
0.7280,34.69,-0.0001,6.4501,0.0010,359.7619,0.0152,359.9795,-0.0002,-7.5128,0.0018,0.0003,0.0042,1.0000
0.7480,34.69,-0.0001,6.2968,0.0010,359.7523,0.0159,359.9787,-0.0002,-7.6659,0.0018,0.0003,0.0043,1.0000
0.7680,34.69,-0.0001,6.1404,0.0010,359.7426,0.0165,359.9778,-0.0002,-7.8185,0.0019,0.0003,0.0045,1.0000
0.7880,34.69,-0.0001,5.9810,0.0011,359.7328,0.0171,359.9770,-0.0002,-7.9705,0.0019,0.0003,0.0047,1.0000
0.8080,34.69,-0.0001,5.8186,0.0011,359.7228,0.0178,359.9761,-0.0002,-8.1219,0.0019,0.0003,0.0048,1.0000
0.8280,34.69,-0.0001,5.6531,0.0011,359.7127,0.0184,359.9753,-0.0002,-8.2728,0.0019,0.0003,0.0050,1.0000
0.8480,34.69,-0.0001,5.4846,0.0012,359.7025,0.0191,359.9744,-0.0002,-8.4231,0.0020,0.0003,0.0052,1.0000
0.8680,34.69,-0.0001,5.3132,0.0012,359.6921,0.0198,359.9735,-0.0002,-8.5728,0.0020,0.0003,0.0054,1.0000
0.8880,34.69,-0.0001,5.1387,0.0013,359.6816,0.0204,359.9726,-0.0002,-8.7220,0.0020,0.0004,0.0056,1.0000
0.9080,34.69,-0.0001,4.9613,0.0013,359.6710,0.0211,359.9717,-0.0002,-8.8706,0.0020,0.0004,0.0057,1.0000
0.9280,34.69,-0.0001,4.7810,0.0013,359.6603,0.0218,359.9707,-0.0002,-9.0187,0.0020,0.0004,0.0059,1.0000
0.9480,34.69,-0.0001,4.5976,0.0014,359.6494,0.0225,359.9698,-0.0002,-9.1663,0.0020,0.0004,0.0061,1.0000
0.9680,34.69,-0.0001,4.4114,0.0014,359.6385,0.0232,359.9689,-0.0002,-9.3132,0.0021,0.0004,0.0063,1.0000
0.9880,34.69,-0.0001,4.2222,0.0015,359.6273,0.0240,359.9679,-0.0002,-9.4597,0.0021,0.0004,0.0065,1.0000
1.0080,34.69,-0.0001,4.0301,0.0015,359.6161,0.0247,359.9669,-0.0002,-9.6056,0.0021,0.0004,0.0067,1.0000
1.0280,34.69,-0.0001,3.8350,0.0015,359.6048,0.0254,359.9659,-0.0002,-9.7510,0.0021,0.0004,0.0069,1.0000
1.0480,34.69,-0.0001,3.6371,0.0016,359.5934,0.0262,359.9650,-0.0002,-9.8958,0.0021,0.0005,0.0071,1.0000
1.0680,34.69,-0.0001,3.4363,0.0016,359.5819,0.0269,359.9640,-0.0002,-10.0401,0.0021,0.0005,0.0073,1.0000
1.0880,34.69,-0.0001,3.2327,0.0017,359.5702,0.0277,359.9630,-0.0002,-10.1838,0.0022,0.0005,0.0075,1.0000
1.1080,34.69,-0.0002,3.0261,0.0017,359.5585,0.0285,359.9619,-0.0002,-10.3271,0.0022,0.0005,0.0077,1.0000
1.1280,34.69,-0.0002,2.8167,0.0018,359.5467,0.0292,359.9609,-0.0002,-10.4698,0.0022,0.0005,0.0079,1.0000
1.1480,34.69,-0.0002,2.6045,0.0018,359.5347,0.0300,359.9599,-0.0002,-10.6119,0.0022,0.0005,0.0081,1.0000
1.1680,34.69,-0.0002,2.3894,0.0019,359.5227,0.0308,359.9589,-0.0002,-10.7536,0.0022,0.0005,0.0083,1.0000
1.1880,34.69,-0.0002,2.1715,0.0019,359.5106,0.0316,359.9578,-0.0002,-10.8947,0.0022,0.0006,0.0085,1.0000
1.2080,34.69,-0.0002,1.9508,0.0019,359.4984,0.0324,359.9568,-0.0002,-11.0353,0.0022,0.0006,0.0088,1.0000
1.2280,34.69,-0.0002,1.7273,0.0020,359.4861,0.0332,359.9557,-0.0002,-11.1753,0.0022,0.0006,0.0090,1.0000
1.2480,34.69,-0.0002,1.5010,0.0020,359.4737,0.0340,359.9546,-0.0002,-11.3149,0.0022,0.0006,0.0092,1.0000
1.2680,34.69,-0.0002,1.2719,0.0021,359.4612,0.0348,359.9535,-0.0002,-11.4539,0.0023,0.0006,0.0094,1.0000
1.2880,34.69,-0.0002,1.0401,0.0021,359.4487,0.0357,359.9525,-0.0002,-11.5924,0.0023,0.0006,0.0096,1.0000
1.3080,34.69,-0.0002,0.8055,0.0022,359.4360,0.0365,359.9514,-0.0002,-11.7304,0.0023,0.0006,0.0098,1.0000
1.3280,34.69,-0.0002,0.5681,0.0022,359.4233,0.0373,359.9503,-0.0002,-11.8679,0.0023,0.0007,0.0101,0.9999
1.3480,102.88,-0.0002,0.3280,0.0023,359.4106,0.0382,359.9492,-0.0002,-12.0049,0.0023,0.0007,0.0103,0.9999
1.3680,102.88,-0.0002,0.0852,0.0023,359.3977,0.0390,359.9480,-0.0002,-12.1414,0.0023,0.0007,0.0105,0.9999
1.3880,102.88,-0.0004,0.0536,0.0040,0.5075,0.0384,0.0505,-0.0067,-1.5088,0.0887,0.0007,-0.0089,1.0000
1.4080,102.88,-0.0002,0.0803,0.0039,0.5314,0.0410,359.9658,0.0036,0.6199,-0.0036,0.0007,-0.0093,1.0000
1.4280,102.88,-0.0001,0.0928,0.0041,0.7055,0.0389,359.9927,0.0030,0.5383,0.0125,0.0007,-0.0123,0.9999
1.4480,102.88,-0.0002,0.1020,0.0044,0.8683,0.0411,-0.0012,-0.0031,0.4460,0.0150,0.0007,-0.0152,0.9999
1.4680,102.88,-0.0002,0.1092,0.0047,1.0023,0.0421,0.0001,-0.0013,0.3556,0.0116,0.0007,-0.0175,0.9998
1.4880,102.88,-0.0002,0.1146,0.0048,1.1034,0.0424,0.0003,-0.0004,0.2663,0.0091,0.0007,-0.0193,0.9998
1.5080,102.88,-0.0003,0.1181,0.0050,1.1709,0.0425,0.0003,-0.0003,0.1775,0.0063,0.0007,-0.0204,0.9998
1.5280,102.88,-0.0003,0.1199,0.0050,1.2050,0.0426,0.0003,-0.0002,0.0893,0.0033,0.0007,-0.0210,0.9998
1.5480,102.88,-0.0003,0.1199,0.0050,1.2057,0.0426,0.0004,0.0000,0.0016,0.0001,0.0007,-0.0210,0.9998
1.5680,102.88,-0.0003,0.1182,0.0050,1.1732,0.0425,0.0004,0.0002,-0.0856,-0.0031,0.0007,-0.0205,0.9998
1.5880,102.88,-0.0002,0.1148,0.0049,1.1077,0.0424,0.0004,0.0003,-0.1723,-0.0062,0.0007,-0.0193,0.9998
1.6080,102.88,-0.0002,0.1096,0.0047,1.0093,0.0421,0.0004,0.0005,-0.2585,-0.0090,0.0007,-0.0176,0.9998
1.6280,102.88,-0.0002,0.1027,0.0044,0.8784,0.0419,0.0004,0.0006,-0.3443,-0.0115,0.0007,-0.0153,0.9999
1.6480,102.88,-0.0002,0.0942,0.0042,0.7150,0.0416,0.0004,0.0006,-0.4296,-0.0135,0.0007,-0.0125,0.9999
1.6680,102.88,-0.0002,0.0839,0.0039,0.5193,0.0414,0.0004,0.0005,-0.5145,-0.0149,0.0007,-0.0091,1.0000
1.6880,102.88,-0.0002,0.0719,0.0036,0.2914,0.0413,0.0003,0.0002,-0.5989,-0.0156,0.0007,-0.0051,1.0000
1.7080,102.88,-0.0002,0.0596,0.0033,0.0559,0.0413,0.0004,0.0000,-0.6131,-0.0141,0.0007,-0.0010,1.0000
1.7280,102.88,-0.0002,0.0573,0.0032,0.0098,0.0410,0.0014,0.0001,-0.1204,-0.0026,0.0007,-0.0002,1.0000
1.7480,102.88,-0.0002,0.0567,0.0033,0.0019,0.0414,0.0006,-0.0001,-0.0291,0.0003,0.0007,0.0000,1.0000
1.7680,102.88,-0.0002,0.0566,0.0033,0.0004,0.0414,0.0001,0.0000,-0.0063,0.0001,0.0007,0.0000,1.0000
1.7880,102.88,-0.0002,0.0566,0.0033,0.0000,0.0414,0.0000,0.0000,-0.0012,0.0000,0.0007,0.0000,1.0000
1.8080,102.88,-0.0002,0.0566,0.0033,0.0000,0.0414,0.0000,0.0000,-0.0002,0.0000,0.0007,0.0000,1.0000
1.8280,102.88,-0.0002,0.0566,0.0033,0.0000,0.0414,0.0000,0.0000,-0.0002,0.0000,0.0007,0.0000,1.0000
1.8480,102.88,-0.0002,0.0566,0.0033,0.0000,0.0415,0.0000,0.0000,0.0000,0.0000,0.0007,0.0000,1.0000
1.8680,102.88,-0.0002,0.0566,0.0033,0.0000,0.0414,0.0000,0.0000,0.0000,0.0000,0.0007,0.0000,1.0000
1.8880,102.88,-0.0002,0.0566,0.0033,0.0000,0.0415,0.0000,0.0000,-0.0001,0.0000,0.0007,0.0000,1.0000
1.9080,102.88,-0.0002,0.0566,0.0033,0.0000,0.0415,0.0000,0.0000,0.0000,0.0000,0.0007,0.0000,1.0000
1.9280,102.88,-0.0002,0.0566,0.0033,0.0000,0.0415,0.0000,0.0000,0.0000,0.0000,0.0007,0.0000,1.0000
1.9480,102.88,-0.0002,0.0566,0.0033,0.0000,0.0415,0.0000,0.0000,0.0000,0.0000,0.0007,0.0000,1.0000
1.9680,102.88,-0.0002,0.0566,0.0033,0.0000,0.0415,0.0000,0.0000,0.0000,0.0000,0.0007,0.0000,1.0000
1.9880,102.88,-0.0002,0.0566,0.0033,0.0000,0.0415,0.0000,0.0000,0.0000,0.0000,0.0007,0.0000,1.0000
2.0080,102.88,-0.0002,0.0566,0.0033,0.0000,0.0415,0.0000,0.0000,0.0000,0.0000,0.0007,0.0000,1.0000
2.0280,102.88,-0.0002,0.0566,0.0033,0.0000,0.0415,0.0000,0.0000,0.0000,0.0000,0.0007,0.0000,1.0000
2.0480,102.88,-0.0002,0.0566,0.0033,0.0000,0.0415,0.0000,0.0000,0.0000,0.0000,0.0007,0.0000,1.0000
2.0680,102.88,-0.0002,0.0566,0.0033,0.0000,0.0415,0.0000,0.0000,0.0000,0.0000,0.0007,0.0000,1.0000
2.0880,102.88,-0.0002,0.0566,0.0033,0.0000,0.0415,0.0000,0.0000,0.0000,0.0000,0.0007,0.0000,1.0000
2.1080,102.88,-0.0002,0.0566,0.0033,0.0000,0.0415,0.0000,0.0000,0.0000,0.0000,0.0007,0.0000,1.0000
2.1280,102.88,-0.0002,0.0566,0.0033,0.0000,0.0415,0.0000,0.0000,0.0000,0.0000,0.0007,0.0000,1.0000
2.1480,102.88,-0.0002,0.0566,0.0033,0.0000,0.0415,0.0000,0.0000,0.0000,0.0000,0.0007,0.0000,1.0000
2.1680,102.88,-0.0002,0.0566,0.0033,0.0000,0.0415,0.0000,0.0000,0.0000,0.0000,0.0007,0.0000,1.0000
2.1880,102.88,-0.0002,0.0566,0.0033,0.0000,0.0415,0.0000,0.0000,0.0000,0.0000,0.0007,0.0000,1.0000
2.2080,102.88,-0.0002,0.0566,0.0033,0.0000,0.0415,0.0000,0.0000,0.0000,0.0000,0.0007,0.0000,1.0000
2.2280,102.88,-0.0002,0.0566,0.0033,0.0000,0.0415,0.0000,0.0000,0.0000,0.0000,0.0007,0.0000,1.0000
2.2480,102.88,-0.0002,0.0566,0.0033,0.0000,0.0415,0.0000,0.0000,0.0000,0.0000,0.0007,0.0000,1.0000
2.2680,102.88,-0.0002,0.0566,0.0033,0.0000,0.0415,0.0000,0.0000,0.0000,0.0000,0.0007,0.0000,1.0000
2.2880,102.88,-0.0002,0.0566,0.0033,0.0000,0.0415,0.0000,0.0000,0.0000,0.0000,0.0007,0.0000,1.0000
2.3080,102.88,-0.0002,0.0566,0.0033,0.0000,0.0415,0.0000,0.0000,0.0000,0.0000,0.0007,0.0000,1.0000
2.3280,102.88,-0.0002,0.0566,0.0033,0.0000,0.0415,0.0000,0.0000,0.0000,0.0000,0.0007,0.0000,1.0000
2.3480,102.80,-0.0002,0.0566,0.0033,0.0000,0.0415,0.0000,0.0000,0.0000,0.0000,0.0007,0.0000,1.0000
2.3680,102.80,-0.0002,0.0566,0.0033,0.0000,0.0415,0.0000,0.0000,0.0000,0.0000,0.0007,0.0000,1.0000
2.3880,102.80,-0.0002,0.0566,0.0033,0.0000,0.0415,0.0000,0.0000,0.0000,0.0000,0.0007,0.0000,1.0000
2.4080,102.80,-0.0002,0.0566,0.0033,0.0000,0.0415,0.0000,0.0000,0.0000,0.0000,0.0007,0.0000,1.0000
2.4280,102.80,-0.0002,0.0566,0.0033,0.0000,0.0415,0.0000,0.0000,0.0000,0.0000,0.0007,0.0000,1.0000
2.4480,102.80,-0.0002,0.0566,0.0033,0.0000,0.0415,0.0000,0.0000,0.0000,0.0000,0.0007,0.0000,1.0000
2.4680,102.80,-0.0002,0.0566,0.0033,0.0000,0.0415,0.0000,0.0000,0.0000,0.0000,0.0007,0.0000,1.0000
2.4880,102.80,-0.0002,0.0566,0.0033,0.0000,0.0415,0.0000,0.0000,0.0000,0.0000,0.0007,0.0000,1.0000
2.5080,102.80,-0.0002,0.0566,0.0033,0.0000,0.0415,0.0000,0.0000,0.0000,0.0000,0.0007,0.0000,1.0000
2.5280,102.80,-0.0002,0.0566,0.0033,0.0000,0.0415,0.0000,0.0000,0.0000,0.0000,0.0007,0.0000,1.0000
2.5480,102.80,-0.0002,0.0566,0.0033,0.0000,0.0415,0.0000,0.0000,0.0000,0.0000,0.0007,0.0000,1.0000
2.5680,102.80,-0.0002,0.0566,0.0033,0.0000,0.0415,0.0000,0.0000,0.0000,0.0000,0.0007,0.0000,1.0000
2.5880,102.80,-0.0002,0.0566,0.0033,0.0000,0.0415,0.0000,0.0000,0.0000,0.0000,0.0007,0.0000,1.0000
2.6080,102.80,-0.0002,0.0566,0.0033,0.0000,0.0415,0.0000,0.0000,0.0000,0.0000,0.0007,0.0000,1.0000
2.6280,102.80,-0.0002,0.0566,0.0033,0.0000,0.0415,0.0000,0.0000,0.0000,0.0000,0.0007,0.0000,1.0000
2.6480,102.80,-0.0002,0.0566,0.0033,0.0000,0.0415,0.0000,0.0000,0.0000,0.0000,0.0007,0.0000,1.0000
2.6680,102.80,-0.0002,0.0566,0.0033,0.0000,0.0415,0.0000,0.0000,0.0000,0.0000,0.0007,0.0000,1.0000
2.6880,102.80,-0.0002,0.0566,0.0033,0.0000,0.0415,0.0000,0.0000,0.0000,0.0000,0.0007,0.0000,1.0000
2.7080,102.80,-0.0002,0.0566,0.0033,0.0000,0.0415,0.0000,0.0000,0.0000,0.0000,0.0007,0.0000,1.0000
2.7280,102.80,-0.0002,0.0566,0.0033,0.0000,0.0415,0.0000,0.0000,0.0000,0.0000,0.0007,0.0000,1.0000
2.7480,102.80,-0.0002,0.0566,0.0033,0.0000,0.0415,0.0000,0.0000,0.0000,0.0000,0.0007,0.0000,1.0000
2.7680,102.80,-0.0002,0.0566,0.0033,0.0000,0.0415,0.0000,0.0000,0.0000,0.0000,0.0007,0.0000,1.0000
2.7880,102.80,-0.0002,0.0566,0.0033,0.0000,0.0415,0.0000,0.0000,0.0000,0.0000,0.0007,0.0000,1.0000
2.8080,102.80,-0.0002,0.0566,0.0033,0.0000,0.0415,0.0000,0.0000,0.0000,0.0000,0.0007,0.0000,1.0000
2.8280,102.80,-0.0002,0.0566,0.0033,0.0000,0.0415,0.0000,0.0000,0.0000,0.0000,0.0007,0.0000,1.0000
2.8480,102.80,-0.0002,0.0566,0.0033,0.0000,0.0415,0.0000,0.0000,0.0000,0.0000,0.0007,0.0000,1.0000
2.8680,102.80,-0.0002,0.0566,0.0033,0.0000,0.0415,0.0000,0.0000,0.0000,0.0000,0.0007,0.0000,1.0000
2.8880,102.80,-0.0002,0.0566,0.0033,0.0000,0.0415,0.0000,0.0000,0.0000,0.0000,0.0007,0.0000,1.0000
2.9080,102.80,-0.0002,0.0566,0.0033,0.0000,0.0415,0.0000,0.0000,0.0000,0.0000,0.0007,0.0000,1.0000
2.9280,102.80,-0.0002,0.0566,0.0033,0.0000,0.0415,0.0000,0.0000,0.0000,0.0000,0.0007,0.0000,1.0000
2.9480,102.80,-0.0002,0.0566,0.0033,0.0000,0.0415,0.0000,0.0000,0.0000,0.0000,0.0007,0.0000,1.0000
2.9680,102.80,-0.0002,0.0566,0.0033,0.0000,0.0415,0.0000,0.0000,0.0000,0.0000,0.0007,0.0000,1.0000
2.9880,102.80,-0.0002,0.0566,0.0033,0.0000,0.0415,0.0000,0.0000,0.0000,0.0000,0.0007,0.0000,1.0000
3.0080,102.80,-0.0002,0.0566,0.0033,0.0000,0.0415,0.0000,0.0000,0.0000,0.0000,0.0007,0.0000,1.0000
3.0280,102.80,-0.0002,0.0566,0.0033,0.0000,0.0415,0.0000,0.0000,0.0000,0.0000,0.0007,0.0000,1.0000
3.0480,102.80,-0.0002,0.0566,0.0033,0.0000,0.0415,0.0000,0.0000,0.0000,0.0000,0.0007,0.0000,1.0000
3.0680,102.80,-0.0002,0.0566,0.0033,0.0000,0.0415,0.0000,0.0000,0.0000,0.0000,0.0007,0.0000,1.0000
3.0880,102.80,-0.0002,0.0566,0.0033,0.0000,0.0415,0.0000,0.0000,0.0000,0.0000,0.0007,0.0000,1.0000
3.1080,102.80,-0.0002,0.0566,0.0033,0.0000,0.0415,0.0000,0.0000,0.0000,0.0000,0.0007,0.0000,1.0000
3.1280,102.80,-0.0002,0.0566,0.0033,0.0000,0.0415,0.0000,0.0000,0.0000,0.0000,0.0007,0.0000,1.0000
3.1480,102.80,-0.0002,0.0566,0.0033,0.0000,0.0415,0.0000,0.0000,0.0000,0.0000,0.0007,0.0000,1.0000
3.1680,102.80,-0.0002,0.0566,0.0033,0.0000,0.0415,0.0000,0.0000,0.0000,0.0000,0.0007,0.0000,1.0000
3.1880,102.80,-0.0002,0.0566,0.0033,0.0000,0.0415,0.0000,0.0000,0.0000,0.0000,0.0007,0.0000,1.0000
3.2080,102.80,-0.0002,0.0566,0.0033,0.0000,0.0415,0.0000,0.0000,0.0000,0.0000,0.0007,0.0000,1.0000
3.2280,102.80,-0.0002,0.0566,0.0033,0.0000,0.0415,0.0000,0.0000,0.0000,0.0000,0.0007,0.0000,1.0000
3.2480,102.80,-0.0002,0.0566,0.0033,0.0000,0.0415,0.0000,0.0000,0.0000,0.0000,0.0007,0.0000,1.0000
3.2680,102.80,-0.0002,0.0566,0.0033,0.0000,0.0415,0.0000,0.0000,0.0000,0.0000,0.0007,0.0000,1.0000
3.2880,102.80,-0.0002,0.0566,0.0033,0.0000,0.0415,0.0000,0.0000,0.0000,0.0000,0.0007,0.0000,1.0000
3.3080,102.80,-0.0002,0.0566,0.0033,0.0000,0.0415,0.0000,0.0000,0.0000,0.0000,0.0007,0.0000,1.0000
3.3280,102.80,-0.0002,0.0566,0.0033,0.0000,0.0415,0.0000,0.0000,0.0000,0.0000,0.0007,0.0000,1.0000
3.3480,105.10,-0.0002,0.0566,0.0033,0.0000,0.0415,0.0000,0.0000,0.0000,0.0000,0.0007,0.0000,1.0000
3.3680,105.10,-0.0002,0.0566,0.0033,0.0000,0.0415,0.0000,0.0000,0.0000,0.0000,0.0007,0.0000,1.0000
3.3880,105.10,-0.0002,0.0566,0.0033,0.0000,0.0415,0.0000,0.0000,0.0000,0.0000,0.0007,0.0000,1.0000
3.4080,105.10,-0.0002,0.0566,0.0033,0.0000,0.0415,0.0000,0.0000,0.0000,0.0000,0.0007,0.0000,1.0000
3.4280,105.10,-0.0002,0.0566,0.0033,0.0000,0.0415,0.0000,0.0000,0.0000,0.0000,0.0007,0.0000,1.0000
3.4480,105.10,-0.0002,0.0566,0.0033,0.0000,0.0415,0.0000,0.0000,0.0000,0.0000,0.0007,0.0000,1.0000
3.4680,105.10,-0.0002,0.0566,0.0033,0.0000,0.0415,0.0000,0.0000,0.0000,0.0000,0.0007,0.0000,1.0000
3.4880,105.10,-0.0002,0.0566,0.0033,0.0000,0.0415,0.0000,0.0000,0.0000,0.0000,0.0007,0.0000,1.0000
3.5080,105.10,-0.0002,0.0566,0.0033,0.0000,0.0415,0.0000,0.0000,0.0000,0.0000,0.0007,0.0000,1.0000
3.5280,105.10,-0.0002,0.0566,0.0033,0.0000,0.0415,0.0000,0.0000,0.0000,0.0000,0.0007,0.0000,1.0000
3.5480,105.10,-0.0002,0.0566,0.0033,0.0000,0.0415,0.0000,0.0000,0.0000,0.0000,0.0007,0.0000,1.0000
3.5680,105.10,-0.0002,0.0566,0.0033,0.0000,0.0415,0.0000,0.0000,0.0000,0.0000,0.0007,0.0000,1.0000
3.5880,105.10,-0.0002,0.0566,0.0033,0.0000,0.0415,0.0000,0.0000,0.0000,0.0000,0.0007,0.0000,1.0000
3.6080,105.10,-0.0002,0.0566,0.0033,0.0000,0.0415,0.0000,0.0000,0.0000,0.0000,0.0007,0.0000,1.0000
3.6280,105.10,-0.0002,0.0566,0.0033,0.0000,0.0415,0.0000,0.0000,0.0000,0.0000,0.0007,0.0000,1.0000
3.6480,105.10,-0.0002,0.0566,0.0033,0.0000,0.0415,0.0000,0.0000,0.0000,0.0000,0.0007,0.0000,1.0000
3.6680,105.10,-0.0002,0.0566,0.0033,0.0000,0.0415,0.0000,0.0000,0.0000,0.0000,0.0007,0.0000,1.0000
3.6880,105.10,-0.0002,0.0566,0.0033,0.0000,0.0415,0.0000,0.0000,0.0000,0.0000,0.0007,0.0000,1.0000
3.7080,105.10,-0.0002,0.0566,0.0033,0.0000,0.0415,0.0000,0.0000,0.0000,0.0000,0.0007,0.0000,1.0000
3.7280,105.10,-0.0002,0.0566,0.0033,0.0000,0.0415,0.0000,0.0000,0.0000,0.0000,0.0007,0.0000,1.0000
3.7480,105.10,-0.0002,0.0566,0.0033,0.0000,0.0415,0.0000,0.0000,0.0000,0.0000,0.0007,0.0000,1.0000
3.7680,105.10,-0.0002,0.0566,0.0033,0.0000,0.0415,0.0000,0.0000,0.0000,0.0000,0.0007,0.0000,1.0000
3.7880,105.10,-0.0002,0.0566,0.0033,0.0000,0.0415,0.0000,0.0000,0.0000,0.0000,0.0007,0.0000,1.0000
3.8080,105.10,-0.0002,0.0566,0.0033,0.0000,0.0415,0.0000,0.0000,0.0000,0.0000,0.0007,0.0000,1.0000
3.8280,105.10,-0.0002,0.0566,0.0033,0.0000,0.0415,0.0000,0.0000,0.0000,0.0000,0.0007,0.0000,1.0000
3.8480,105.10,-0.0002,0.0566,0.0033,0.0000,0.0415,0.0000,0.0000,0.0000,0.0000,0.0007,0.0000,1.0000
3.8680,105.10,-0.0002,0.0566,0.0033,0.0000,0.0415,0.0000,0.0000,0.0000,0.0000,0.0007,0.0000,1.0000
3.8880,105.10,-0.0002,0.0566,0.0033,0.0000,0.0415,0.0000,0.0000,0.0000,0.0000,0.0007,0.0000,1.0000
3.9080,105.10,-0.0002,0.0566,0.0033,0.0000,0.0415,0.0000,0.0000,0.0000,0.0000,0.0007,0.0000,1.0000
3.9280,105.10,-0.0002,0.0566,0.0033,0.0000,0.0415,0.0000,0.0000,0.0000,0.0000,0.0007,0.0000,1.0000
3.9480,105.10,-0.0002,0.0566,0.0033,0.0000,0.0415,0.0000,0.0000,0.0000,0.0000,0.0007,0.0000,1.0000
3.9680,105.10,-0.0002,0.0566,0.0033,0.0000,0.0415,0.0000,0.0000,0.0000,0.0000,0.0007,0.0000,1.0000
3.9880,105.10,-0.0002,0.0566,0.0033,0.0000,0.0415,0.0000,0.0000,0.0000,0.0000,0.0007,0.0000,1.0000
4.0080,105.10,-0.0002,0.0566,0.0033,0.0000,0.0415,0.0000,0.0000,0.0000,0.0000,0.0007,0.0000,1.0000
4.0280,105.10,-0.0002,0.0566,0.0033,0.0000,0.0415,0.0000,0.0000,0.0000,0.0000,0.0007,0.0000,1.0000
4.0480,105.10,-0.0002,0.0566,0.0033,0.0000,0.0415,0.0000,0.0000,0.0000,0.0000,0.0007,0.0000,1.0000
4.0680,105.10,-0.0002,0.0566,0.0033,0.0000,0.0415,0.0000,0.0000,0.0000,0.0000,0.0007,0.0000,1.0000
4.0880,105.10,-0.0002,0.0566,0.0033,0.0000,0.0415,0.0000,0.0000,0.0000,0.0000,0.0007,0.0000,1.0000
4.1080,105.10,-0.0002,0.0566,0.0033,0.0000,0.0415,0.0000,0.0000,0.0000,0.0000,0.0007,0.0000,1.0000
4.1280,105.10,-0.0002,0.0566,0.0033,0.0000,0.0415,0.0000,0.0000,0.0000,0.0000,0.0007,0.0000,1.0000
4.1480,105.10,-0.0002,0.0566,0.0033,0.0000,0.0415,0.0000,0.0000,0.0000,0.0000,0.0007,0.0000,1.0000
4.1680,105.10,-0.0002,0.0566,0.0033,0.0000,0.0415,0.0000,0.0000,0.0000,0.0000,0.0007,0.0000,1.0000
4.1880,105.10,-0.0002,0.0566,0.0033,0.0000,0.0415,0.0000,0.0000,0.0000,0.0000,0.0007,0.0000,1.0000
4.2080,105.10,-0.0002,0.0566,0.0033,0.0000,0.0415,0.0000,0.0000,0.0000,0.0000,0.0007,0.0000,1.0000
4.2280,105.10,-0.0002,0.0566,0.0033,0.0000,0.0415,0.0000,0.0000,0.0000,0.0000,0.0007,0.0000,1.0000
4.2480,105.10,-0.0002,0.0566,0.0033,0.0000,0.0415,0.0000,0.0000,0.0000,0.0000,0.0007,0.0000,1.0000
4.2680,105.10,-0.0002,0.0566,0.0033,0.0000,0.0415,0.0000,0.0000,0.0000,0.0000,0.0007,0.0000,1.0000
4.2880,105.10,-0.0002,0.0566,0.0033,0.0000,0.0415,0.0000,0.0000,0.0000,0.0000,0.0007,0.0000,1.0000
4.3080,105.10,-0.0002,0.0566,0.0033,0.0000,0.0415,0.0000,0.0000,0.0000,0.0000,0.0007,0.0000,1.0000
4.3280,105.10,-0.0002,0.0566,0.0033,0.0000,0.0415,0.0000,0.0000,0.0000,0.0000,0.0007,0.0000,1.0000
4.3480,105.10,-0.0002,0.0566,0.0033,0.0000,0.0415,0.0000,0.0000,0.0000,0.0000,0.0007,0.0000,1.0000
4.3680,98.24,-0.0002,0.0566,0.0033,0.0000,0.0415,0.0000,0.0000,0.0000,0.0000,0.0007,0.0000,1.0000
4.3880,98.24,-0.0002,0.0566,0.0033,0.0000,0.0415,0.0000,0.0000,0.0000,0.0000,0.0007,0.0000,1.0000
4.4080,98.24,-0.0002,0.0566,0.0033,0.0000,0.0415,0.0000,0.0000,0.0000,0.0000,0.0007,0.0000,1.0000
4.4280,98.24,-0.0002,0.0566,0.0033,0.0000,0.0415,0.0000,0.0000,0.0000,0.0000,0.0007,0.0000,1.0000
4.4480,98.24,-0.0002,0.0566,0.0033,0.0000,0.0415,0.0000,0.0000,0.0000,0.0000,0.0007,0.0000,1.0000
4.4680,98.24,-0.0002,0.0566,0.0033,0.0000,0.0415,0.0000,0.0000,0.0000,0.0000,0.0007,0.0000,1.0000
4.4880,98.24,-0.0002,0.0566,0.0033,0.0000,0.0415,0.0000,0.0000,0.0000,0.0000,0.0007,0.0000,1.0000
4.5080,98.24,-0.0002,0.0566,0.0033,0.0000,0.0415,0.0000,0.0000,0.0000,0.0000,0.0007,0.0000,1.0000
4.5280,98.24,-0.0002,0.0566,0.0033,0.0000,0.0415,0.0000,0.0000,0.0000,0.0000,0.0007,0.0000,1.0000
4.5480,98.24,-0.0002,0.0566,0.0033,0.0000,0.0415,0.0000,0.0000,0.0000,0.0000,0.0007,0.0000,1.0000
4.5680,98.24,-0.0002,0.0566,0.0033,0.0000,0.0415,0.0000,0.0000,0.0000,0.0000,0.0007,0.0000,1.0000
4.5880,98.24,-0.0002,0.0566,0.0033,0.0000,0.0415,0.0000,0.0000,0.0000,0.0000,0.0007,0.0000,1.0000
4.6080,98.24,-0.0002,0.0566,0.0033,0.0000,0.0415,0.0000,0.0000,0.0000,0.0000,0.0007,0.0000,1.0000
4.6280,98.24,-0.0002,0.0566,0.0033,0.0000,0.0415,0.0000,0.0000,0.0000,0.0000,0.0007,0.0000,1.0000
4.6480,98.24,-0.0002,0.0566,0.0033,0.0000,0.0415,0.0000,0.0000,0.0000,0.0000,0.0007,0.0000,1.0000
4.6680,98.24,-0.0002,0.0566,0.0033,0.0000,0.0415,0.0000,0.0000,0.0000,0.0000,0.0007,0.0000,1.0000
4.6880,98.24,-0.0002,0.0566,0.0033,0.0000,0.0415,0.0000,0.0000,0.0000,0.0000,0.0007,0.0000,1.0000
4.7080,98.24,-0.0002,0.0566,0.0033,0.0000,0.0415,0.0000,0.0000,0.0000,0.0000,0.0007,0.0000,1.0000
4.7280,98.24,-0.0002,0.0566,0.0033,0.0000,0.0415,0.0000,0.0000,0.0000,0.0000,0.0007,0.0000,1.0000
4.7480,98.24,-0.0002,0.0566,0.0033,0.0000,0.0415,0.0000,0.0000,0.0000,0.0000,0.0007,0.0000,1.0000
4.7680,98.24,-0.0002,0.0566,0.0033,0.0000,0.0415,0.0000,0.0000,0.0000,0.0000,0.0007,0.0000,1.0000
4.7880,98.24,-0.0002,0.0566,0.0033,0.0000,0.0415,0.0000,0.0000,0.0000,0.0000,0.0007,0.0000,1.0000
4.8080,98.24,-0.0002,0.0566,0.0033,0.0000,0.0415,0.0000,0.0000,0.0000,0.0000,0.0007,0.0000,1.0000
4.8280,98.24,-0.0002,0.0566,0.0033,0.0000,0.0415,0.0000,0.0000,0.0000,0.0000,0.0007,0.0000,1.0000
4.8480,98.24,-0.0002,0.0566,0.0033,0.0000,0.0415,0.0000,0.0000,0.0000,0.0000,0.0007,0.0000,1.0000
4.8680,98.24,-0.0002,0.0566,0.0033,0.0000,0.0415,0.0000,0.0000,0.0000,0.0000,0.0007,0.0000,1.0000
4.8880,98.24,-0.0002,0.0566,0.0033,0.0000,0.0415,0.0000,0.0000,0.0000,0.0000,0.0007,0.0000,1.0000
4.9080,98.24,-0.0002,0.0566,0.0033,0.0000,0.0415,0.0000,0.0000,0.0000,0.0000,0.0007,0.0000,1.0000
4.9280,98.24,-0.0002,0.0566,0.0033,0.0000,0.0415,0.0000,0.0000,0.0000,0.0000,0.0007,0.0000,1.0000
4.9480,98.24,-0.0002,0.0566,0.0033,0.0000,0.0415,0.0000,0.0000,0.0000,0.0000,0.0007,0.0000,1.0000
4.9680,98.24,-0.0002,0.0566,0.0033,0.0000,0.0415,0.0000,0.0000,0.0000,0.0000,0.0007,0.0000,1.0000
4.9880,98.24,-0.0002,0.0566,0.0033,0.0000,0.0415,0.0000,0.0000,0.0000,0.0000,0.0007,0.0000,1.0000
5.0080,98.24,-0.0002,0.0566,0.0033,0.0000,0.0415,0.0000,0.0000,0.0000,0.0000,0.0007,0.0000,1.0000
5.0280,98.24,-0.0002,0.0566,0.0033,0.0000,0.0415,0.0000,0.0000,0.0000,0.0000,0.0007,0.0000,1.0000
5.0480,98.24,-0.0002,0.0566,0.0033,0.0000,0.0415,0.0000,0.0000,0.0000,0.0000,0.0007,0.0000,1.0000
5.0680,98.24,-0.0002,0.0566,0.0033,0.0000,0.0415,0.0000,0.0000,0.0000,0.0000,0.0007,0.0000,1.0000
5.0880,98.24,-0.0002,0.0566,0.0033,0.0000,0.0415,0.0000,0.0000,0.0000,0.0000,0.0007,0.0000,1.0000
5.1080,98.24,-0.0002,0.0566,0.0033,0.0000,0.0415,0.0000,0.0000,0.0000,0.0000,0.0007,0.0000,1.0000
5.1280,98.24,-0.0002,0.0566,0.0033,0.0000,0.0415,0.0000,0.0000,0.0000,0.0000,0.0007,0.0000,1.0000
5.1480,98.24,-0.0002,0.0566,0.0033,0.0000,0.0415,0.0000,0.0000,0.0000,0.0000,0.0007,0.0000,1.0000
5.1680,98.24,-0.0002,0.0566,0.0033,0.0000,0.0415,0.0000,0.0000,0.0000,0.0000,0.0007,0.0000,1.0000
5.1880,98.24,-0.0002,0.0566,0.0033,0.0000,0.0415,0.0000,0.0000,0.0000,0.0000,0.0007,0.0000,1.0000
5.2080,98.24,-0.0002,0.0566,0.0033,0.0000,0.0415,0.0000,0.0000,0.0000,0.0000,0.0007,0.0000,1.0000
5.2280,98.24,-0.0002,0.0566,0.0033,0.0000,0.0415,0.0000,0.0000,0.0000,0.0000,0.0007,0.0000,1.0000
5.2480,98.24,-0.0002,0.0566,0.0033,0.0000,0.0415,0.0000,0.0000,0.0000,0.0000,0.0007,0.0000,1.0000
5.2680,98.24,-0.0002,0.0566,0.0033,0.0000,0.0415,0.0000,0.0000,0.0000,0.0000,0.0007,0.0000,1.0000
5.2880,98.24,-0.0002,0.0566,0.0033,0.0000,0.0415,0.0000,0.0000,0.0000,0.0000,0.0007,0.0000,1.0000
5.3080,98.24,-0.0002,0.0566,0.0033,0.0000,0.0415,0.0000,0.0000,0.0000,0.0000,0.0007,0.0000,1.0000
5.3280,98.24,-0.0002,0.0566,0.0033,0.0000,0.0415,0.0000,0.0000,0.0000,0.0000,0.0007,0.0000,1.0000
5.3480,98.24,-0.0002,0.0566,0.0033,0.0000,0.0415,0.0000,0.0000,0.0000,0.0000,0.0007,0.0000,1.0000
5.3680,98.70,-0.0002,0.0566,0.0033,0.0000,0.0415,0.0000,0.0000,0.0000,0.0000,0.0007,0.0000,1.0000
5.3880,98.70,-0.0002,0.0566,0.0033,0.0000,0.0415,0.0000,0.0000,0.0000,0.0000,0.0007,0.0000,1.0000
5.4080,98.70,-0.0002,0.0566,0.0033,0.0000,0.0415,0.0000,0.0000,0.0000,0.0000,0.0007,0.0000,1.0000
5.4280,98.70,-0.0002,0.0566,0.0033,0.0000,0.0415,0.0000,0.0000,0.0000,0.0000,0.0007,0.0000,1.0000
5.4480,98.70,-0.0002,0.0566,0.0033,0.0000,0.0415,0.0000,0.0000,0.0000,0.0000,0.0007,0.0000,1.0000
5.4680,98.70,-0.0002,0.0566,0.0033,0.0000,0.0415,0.0000,0.0000,0.0000,0.0000,0.0007,0.0000,1.0000
5.4880,98.70,-0.0002,0.0566,0.0033,0.0000,0.0415,0.0000,0.0000,0.0000,0.0000,0.0007,0.0000,1.0000
5.5080,98.70,-0.0002,0.0566,0.0033,0.0000,0.0415,0.0000,0.0000,0.0000,0.0000,0.0007,0.0000,1.0000
5.5280,98.70,-0.0002,0.0566,0.0033,0.0000,0.0415,0.0000,0.0000,0.0000,0.0000,0.0007,0.0000,1.0000
5.5480,98.70,-0.0002,0.0566,0.0033,0.0000,0.0415,0.0000,0.0000,0.0000,0.0000,0.0007,0.0000,1.0000
5.5680,98.70,-0.0002,0.0566,0.0033,0.0000,0.0415,0.0000,0.0000,0.0000,0.0000,0.0007,0.0000,1.0000
5.5880,98.70,-0.0002,0.0566,0.0033,0.0000,0.0415,0.0000,0.0000,0.0000,0.0000,0.0007,0.0000,1.0000
5.6080,98.70,-0.0002,0.0566,0.0033,0.0000,0.0415,0.0000,0.0000,0.0000,0.0000,0.0007,0.0000,1.0000
5.6280,98.70,-0.0002,0.0566,0.0033,0.0000,0.0415,0.0000,0.0000,0.0000,0.0000,0.0007,0.0000,1.0000
5.6480,98.70,-0.0002,0.0566,0.0033,0.0000,0.0415,0.0000,0.0000,0.0000,0.0000,0.0007,0.0000,1.0000
5.6680,98.70,-0.0002,0.0566,0.0033,0.0000,0.0415,0.0000,0.0000,0.0000,0.0000,0.0007,0.0000,1.0000
5.6880,98.70,-0.0002,0.0566,0.0033,0.0000,0.0415,0.0000,0.0000,0.0000,0.0000,0.0007,0.0000,1.0000
5.7080,98.70,-0.0002,0.0566,0.0033,0.0000,0.0415,0.0000,0.0000,0.0000,0.0000,0.0007,0.0000,1.0000
5.7280,98.70,-0.0002,0.0566,0.0033,0.0000,0.0415,0.0000,0.0000,0.0000,0.0000,0.0007,0.0000,1.0000
5.7480,98.70,-0.0002,0.0566,0.0033,0.0000,0.0415,0.0000,0.0000,0.0000,0.0000,0.0007,0.0000,1.0000
5.7680,98.70,-0.0002,0.0566,0.0033,0.0000,0.0415,0.0000,0.0000,0.0000,0.0000,0.0007,0.0000,1.0000
5.7880,98.70,-0.0002,0.0566,0.0033,0.0000,0.0415,0.0000,0.0000,0.0000,0.0000,0.0007,0.0000,1.0000
5.8080,98.70,-0.0002,0.0566,0.0033,0.0000,0.0415,0.0000,0.0000,0.0000,0.0000,0.0007,0.0000,1.0000
5.8280,98.70,-0.0002,0.0566,0.0033,0.0000,0.0415,0.0000,0.0000,0.0000,0.0000,0.0007,0.0000,1.0000
5.8480,98.70,-0.0002,0.0566,0.0033,0.0000,0.0415,0.0000,0.0000,0.0000,0.0000,0.0007,0.0000,1.0000
5.8680,98.70,-0.0002,0.0566,0.0033,0.0000,0.0415,0.0000,0.0000,0.0000,0.0000,0.0007,0.0000,1.0000
5.8880,98.70,-0.0002,0.0566,0.0033,0.0000,0.0415,0.0000,0.0000,0.0000,0.0000,0.0007,0.0000,1.0000
5.9080,98.70,-0.0002,0.0566,0.0033,0.0000,0.0415,0.0000,0.0000,0.0000,0.0000,0.0007,0.0000,1.0000
5.9280,98.70,-0.0002,0.0566,0.0033,0.0000,0.0415,0.0000,0.0000,0.0000,0.0000,0.0007,0.0000,1.0000
5.9480,98.70,-0.0002,0.0566,0.0033,0.0000,0.0415,0.0000,0.0000,0.0000,0.0000,0.0007,0.0000,1.0000
5.9680,98.70,-0.0002,0.0566,0.0033,0.0000,0.0415,0.0000,0.0000,0.0000,0.0000,0.0007,0.0000,1.0000
5.9880,98.70,-0.0002,0.0566,0.0033,0.0000,0.0415,0.0000,0.0000,0.0000,0.0000,0.0007,0.0000,1.0000
6.0080,98.70,-0.0002,0.0566,0.0033,0.0000,0.0415,0.0000,0.0000,0.0000,0.0000,0.0007,0.0000,1.0000
6.0280,98.70,-0.0002,0.0566,0.0033,0.0000,0.0415,0.0000,0.0000,0.0000,0.0000,0.0007,0.0000,1.0000
6.0480,98.70,-0.0002,0.0566,0.0033,0.0000,0.0415,0.0000,0.0000,0.0000,0.0000,0.0007,0.0000,1.0000
6.0680,98.70,-0.0002,0.0566,0.0033,0.0000,0.0415,0.0000,0.0000,0.0000,0.0000,0.0007,0.0000,1.0000
6.0880,98.70,-0.0002,0.0566,0.0033,0.0000,0.0415,0.0000,0.0000,0.0000,0.0000,0.0007,0.0000,1.0000
6.1080,98.70,-0.0002,0.0566,0.0033,0.0000,0.0415,0.0000,0.0000,0.0000,0.0000,0.0007,0.0000,1.0000
6.1280,98.70,-0.0002,0.0566,0.0033,0.0000,0.0415,0.0000,0.0000,0.0000,0.0000,0.0007,0.0000,1.0000
6.1480,98.70,-0.0002,0.0566,0.0033,0.0000,0.0415,0.0000,0.0000,0.0000,0.0000,0.0007,0.0000,1.0000
6.1680,98.70,-0.0002,0.0566,0.0033,0.0000,0.0415,0.0000,0.0000,0.0000,0.0000,0.0007,0.0000,1.0000
6.1880,98.70,-0.0002,0.0566,0.0033,0.0000,0.0415,0.0000,0.0000,0.0000,0.0000,0.0007,0.0000,1.0000
6.2080,98.70,-0.0002,0.0566,0.0033,0.0000,0.0415,0.0000,0.0000,0.0000,0.0000,0.0007,0.0000,1.0000
6.2280,98.70,-0.0002,0.0566,0.0033,0.0000,0.0415,0.0000,0.0000,0.0000,0.0000,0.0007,0.0000,1.0000
6.2480,98.70,-0.0002,0.0566,0.0033,0.0000,0.0415,0.0000,0.0000,0.0000,0.0000,0.0007,0.0000,1.0000
6.2680,98.70,-0.0002,0.0566,0.0033,0.0000,0.0415,0.0000,0.0000,0.0000,0.0000,0.0007,0.0000,1.0000
6.2880,98.70,-0.0002,0.0566,0.0033,0.0000,0.0415,0.0000,0.0000,0.0000,0.0000,0.0007,0.0000,1.0000
6.3080,98.70,-0.0002,0.0566,0.0033,0.0000,0.0415,0.0000,0.0000,0.0000,0.0000,0.0007,0.0000,1.0000
6.3280,98.70,-0.0002,0.0566,0.0033,0.0000,0.0415,0.0000,0.0000,0.0000,0.0000,0.0007,0.0000,1.0000
6.3480,98.70,-0.0002,0.0566,0.0033,0.0000,0.0415,0.0000,0.0000,0.0000,0.0000,0.0007,0.0000,1.0000
6.3680,103.99,-0.0002,0.0566,0.0033,0.0000,0.0415,0.0000,0.0000,0.0000,0.0000,0.0007,0.0000,1.0000
6.3880,103.99,-0.0002,0.0566,0.0033,0.0000,0.0415,0.0000,0.0000,0.0000,0.0000,0.0007,0.0000,1.0000
6.4080,103.99,-0.0002,0.0566,0.0033,0.0000,0.0415,0.0000,0.0000,0.0000,0.0000,0.0007,0.0000,1.0000
6.4280,103.99,-0.0002,0.0566,0.0033,0.0000,0.0415,0.0000,0.0000,0.0000,0.0000,0.0007,0.0000,1.0000
6.4480,103.99,-0.0002,0.0566,0.0033,0.0000,0.0415,0.0000,0.0000,0.0000,0.0000,0.0007,0.0000,1.0000
6.4680,103.99,-0.0002,0.0566,0.0033,0.0000,0.0415,0.0000,0.0000,0.0000,0.0000,0.0007,0.0000,1.0000
6.4880,103.99,-0.0002,0.0566,0.0033,0.0000,0.0415,0.0000,0.0000,0.0000,0.0000,0.0007,0.0000,1.0000
6.5080,103.99,-0.0002,0.0566,0.0033,0.0000,0.0415,0.0000,0.0000,0.0000,0.0000,0.0007,0.0000,1.0000
6.5280,103.99,-0.0002,0.0566,0.0033,0.0000,0.0415,0.0000,0.0000,0.0000,0.0000,0.0007,0.0000,1.0000
6.5480,103.99,-0.0002,0.0566,0.0033,0.0000,0.0415,0.0000,0.0000,0.0000,0.0000,0.0007,0.0000,1.0000
6.5680,103.99,-0.0002,0.0566,0.0033,0.0000,0.0415,0.0000,0.0000,0.0000,0.0000,0.0007,0.0000,1.0000
6.5880,103.99,-0.0002,0.0566,0.0033,0.0000,0.0415,0.0000,0.0000,0.0000,0.0000,0.0007,0.0000,1.0000
6.6080,103.99,-0.0002,0.0566,0.0033,0.0000,0.0415,0.0000,0.0000,0.0000,0.0000,0.0007,0.0000,1.0000
6.6280,103.99,-0.0002,0.0566,0.0033,0.0000,0.0415,0.0000,0.0000,0.0000,0.0000,0.0007,0.0000,1.0000
6.6480,103.99,-0.0002,0.0566,0.0033,0.0000,0.0415,0.0000,0.0000,0.0000,0.0000,0.0007,0.0000,1.0000
6.6680,103.99,-0.0002,0.0566,0.0033,0.0000,0.0415,0.0000,0.0000,0.0000,0.0000,0.0007,0.0000,1.0000
6.6880,103.99,-0.0002,0.0566,0.0033,0.0000,0.0415,0.0000,0.0000,0.0000,0.0000,0.0007,0.0000,1.0000
6.7080,103.99,-0.0002,0.0566,0.0033,0.0000,0.0415,0.0000,0.0000,0.0000,0.0000,0.0007,0.0000,1.0000
6.7280,103.99,-0.0002,0.0566,0.0033,0.0000,0.0415,0.0000,0.0000,0.0000,0.0000,0.0007,0.0000,1.0000
6.7480,103.99,-0.0002,0.0566,0.0033,0.0000,0.0415,0.0000,0.0000,0.0000,0.0000,0.0007,0.0000,1.0000
6.7680,103.99,-0.0002,0.0566,0.0033,0.0000,0.0415,0.0000,0.0000,0.0000,0.0000,0.0007,0.0000,1.0000
6.7880,103.99,-0.0002,0.0566,0.0033,0.0000,0.0415,0.0000,0.0000,0.0000,0.0000,0.0007,0.0000,1.0000
6.8080,103.99,-0.0002,0.0566,0.0033,0.0000,0.0415,0.0000,0.0000,0.0000,0.0000,0.0007,0.0000,1.0000
6.8280,103.99,-0.0002,0.0566,0.0033,0.0000,0.0415,0.0000,0.0000,0.0000,0.0000,0.0007,0.0000,1.0000
6.8480,103.99,-0.0002,0.0566,0.0033,0.0000,0.0415,0.0000,0.0000,0.0000,0.0000,0.0007,0.0000,1.0000
6.8680,103.99,-0.0002,0.0566,0.0033,0.0000,0.0415,0.0000,0.0000,0.0000,0.0000,0.0007,0.0000,1.0000
6.8880,103.99,-0.0002,0.0566,0.0033,0.0000,0.0415,0.0000,0.0000,0.0000,0.0000,0.0007,0.0000,1.0000
6.9080,103.99,-0.0002,0.0566,0.0033,0.0000,0.0415,0.0000,0.0000,0.0000,0.0000,0.0007,0.0000,1.0000
6.9280,103.99,-0.0002,0.0566,0.0033,0.0000,0.0415,0.0000,0.0000,0.0000,0.0000,0.0007,0.0000,1.0000
6.9480,103.99,-0.0002,0.0566,0.0033,0.0000,0.0415,0.0000,0.0000,0.0000,0.0000,0.0007,0.0000,1.0000
6.9680,103.99,-0.0002,0.0566,0.0033,0.0000,0.0415,0.0000,0.0000,0.0000,0.0000,0.0007,0.0000,1.0000
6.9880,103.99,-0.0002,0.0566,0.0033,0.0000,0.0415,0.0000,0.0000,0.0000,0.0000,0.0007,0.0000,1.0000
7.0080,103.99,-0.0002,0.0566,0.0033,0.0000,0.0415,0.0000,0.0000,0.0000,0.0000,0.0007,0.0000,1.0000
7.0280,103.99,-0.0002,0.0566,0.0033,0.0000,0.0415,0.0000,0.0000,0.0000,0.0000,0.0007,0.0000,1.0000
7.0480,103.99,-0.0002,0.0566,0.0033,0.0000,0.0415,0.0000,0.0000,0.0000,0.0000,0.0007,0.0000,1.0000
7.0680,103.99,-0.0002,0.0566,0.0033,0.0000,0.0415,0.0000,0.0000,0.0000,0.0000,0.0007,0.0000,1.0000
7.0880,103.99,-0.0002,0.0566,0.0033,0.0000,0.0415,0.0000,0.0000,0.0000,0.0000,0.0007,0.0000,1.0000
7.1080,103.99,-0.0002,0.0566,0.0033,0.0000,0.0415,0.0000,0.0000,0.0000,0.0000,0.0007,0.0000,1.0000
7.1280,103.99,-0.0002,0.0566,0.0033,0.0000,0.0415,0.0000,0.0000,0.0000,0.0000,0.0007,0.0000,1.0000
7.1480,103.99,-0.0002,0.0566,0.0033,0.0000,0.0415,0.0000,0.0000,0.0000,0.0000,0.0007,0.0000,1.0000
7.1680,103.99,-0.0002,0.0566,0.0033,0.0000,0.0415,0.0000,0.0000,0.0000,0.0000,0.0007,0.0000,1.0000
7.1880,103.99,-0.0002,0.0566,0.0033,0.0000,0.0415,0.0000,0.0000,0.0000,0.0000,0.0007,0.0000,1.0000
7.2080,103.99,-0.0002,0.0566,0.0033,0.0000,0.0415,0.0000,0.0000,0.0000,0.0000,0.0007,0.0000,1.0000
7.2280,103.99,-0.0002,0.0566,0.0033,0.0000,0.0415,0.0000,0.0000,0.0000,0.0000,0.0007,0.0000,1.0000
7.2480,103.99,-0.0002,0.0566,0.0033,0.0000,0.0415,0.0000,0.0000,0.0000,0.0000,0.0007,0.0000,1.0000
7.2680,103.99,-0.0002,0.0566,0.0033,0.0000,0.0415,0.0000,0.0000,0.0000,0.0000,0.0007,0.0000,1.0000
7.2880,103.99,-0.0002,0.0566,0.0033,0.0000,0.0415,0.0000,0.0000,0.0000,0.0000,0.0007,0.0000,1.0000
7.3080,103.99,-0.0002,0.0566,0.0033,0.0000,0.0415,0.0000,0.0000,0.0000,0.0000,0.0007,0.0000,1.0000
7.3280,103.99,-0.0002,0.0566,0.0033,0.0000,0.0415,0.0000,0.0000,0.0000,0.0000,0.0007,0.0000,1.0000
7.3480,103.99,-0.0002,0.0566,0.0033,0.0000,0.0415,0.0000,0.0000,0.0000,0.0000,0.0007,0.0000,1.0000
7.3680,105.92,-0.0002,0.0566,0.0033,0.0000,0.0415,0.0000,0.0000,0.0000,0.0000,0.0007,0.0000,1.0000
7.3880,105.92,-0.0002,0.0566,0.0033,0.0000,0.0415,0.0000,0.0000,0.0000,0.0000,0.0007,0.0000,1.0000
7.4080,105.92,-0.0002,0.0566,0.0033,0.0000,0.0415,0.0000,0.0000,0.0000,0.0000,0.0007,0.0000,1.0000
7.4280,105.92,-0.0002,0.0566,0.0033,0.0000,0.0415,0.0000,0.0000,0.0000,0.0000,0.0007,0.0000,1.0000
7.4480,105.92,-0.0002,0.0566,0.0033,0.0000,0.0415,0.0000,0.0000,0.0000,0.0000,0.0007,0.0000,1.0000
7.4680,105.92,-0.0002,0.0566,0.0033,0.0000,0.0415,0.0000,0.0000,0.0000,0.0000,0.0007,0.0000,1.0000
7.4880,105.92,-0.0002,0.0566,0.0033,0.0000,0.0415,0.0000,0.0000,0.0000,0.0000,0.0007,0.0000,1.0000
7.5080,105.92,-0.0002,0.0566,0.0033,0.0000,0.0415,0.0000,0.0000,0.0000,0.0000,0.0007,0.0000,1.0000
7.5280,105.92,-0.0002,0.0566,0.0033,0.0000,0.0415,0.0000,0.0000,0.0000,0.0000,0.0007,0.0000,1.0000
7.5480,105.92,-0.0002,0.0566,0.0033,0.0000,0.0415,0.0000,0.0000,0.0000,0.0000,0.0007,0.0000,1.0000
7.5680,105.92,-0.0002,0.0566,0.0033,0.0000,0.0415,0.0000,0.0000,0.0000,0.0000,0.0007,0.0000,1.0000
7.5880,105.92,-0.0002,0.0566,0.0033,0.0000,0.0415,0.0000,0.0000,0.0000,0.0000,0.0007,0.0000,1.0000
7.6080,105.92,-0.0002,0.0566,0.0033,0.0000,0.0415,0.0000,0.0000,0.0000,0.0000,0.0007,0.0000,1.0000
7.6280,105.92,-0.0002,0.0566,0.0033,0.0000,0.0415,0.0000,0.0000,0.0000,0.0000,0.0007,0.0000,1.0000
7.6480,105.92,-0.0002,0.0566,0.0033,0.0000,0.0415,0.0000,0.0000,0.0000,0.0000,0.0007,0.0000,1.0000
7.6680,105.92,-0.0002,0.0566,0.0033,0.0000,0.0415,0.0000,0.0000,0.0000,0.0000,0.0007,0.0000,1.0000
7.6880,105.92,-0.0002,0.0566,0.0033,0.0000,0.0415,0.0000,0.0000,0.0000,0.0000,0.0007,0.0000,1.0000
7.7080,105.92,-0.0002,0.0566,0.0033,0.0000,0.0415,0.0000,0.0000,0.0000,0.0000,0.0007,0.0000,1.0000
7.7280,105.92,-0.0002,0.0566,0.0033,0.0000,0.0415,0.0000,0.0000,0.0000,0.0000,0.0007,0.0000,1.0000
7.7480,105.92,-0.0002,0.0566,0.0033,0.0000,0.0415,0.0000,0.0000,0.0000,0.0000,0.0007,0.0000,1.0000
7.7680,105.92,-0.0002,0.0566,0.0033,0.0000,0.0415,0.0000,0.0000,0.0000,0.0000,0.0007,0.0000,1.0000
7.7880,105.92,-0.0002,0.0566,0.0033,0.0000,0.0415,0.0000,0.0000,0.0000,0.0000,0.0007,0.0000,1.0000
7.8080,105.92,-0.0002,0.0566,0.0033,0.0000,0.0415,0.0000,0.0000,0.0000,0.0000,0.0007,0.0000,1.0000
7.8280,105.92,-0.0002,0.0566,0.0033,0.0000,0.0415,0.0000,0.0000,0.0000,0.0000,0.0007,0.0000,1.0000
7.8480,105.92,-0.0002,0.0566,0.0033,0.0000,0.0415,0.0000,0.0000,0.0000,0.0000,0.0007,0.0000,1.0000
7.8680,105.92,-0.0002,0.0566,0.0033,0.0000,0.0415,0.0000,0.0000,0.0000,0.0000,0.0007,0.0000,1.0000
7.8880,105.92,-0.0002,0.0566,0.0033,0.0000,0.0415,0.0000,0.0000,0.0000,0.0000,0.0007,0.0000,1.0000
7.9080,105.92,-0.0002,0.0566,0.0033,0.0000,0.0415,0.0000,0.0000,0.0000,0.0000,0.0007,0.0000,1.0000
7.9280,105.92,-0.0002,0.0566,0.0033,0.0000,0.0415,0.0000,0.0000,0.0000,0.0000,0.0007,0.0000,1.0000
7.9480,105.92,-0.0002,0.0566,0.0033,0.0000,0.0415,0.0000,0.0000,0.0000,0.0000,0.0007,0.0000,1.0000
7.9680,105.92,-0.0002,0.0566,0.0033,0.0000,0.0415,0.0000,0.0000,0.0000,0.0000,0.0007,0.0000,1.0000
7.9880,105.92,-0.0002,0.0566,0.0033,0.0000,0.0415,0.0000,0.0000,0.0000,0.0000,0.0007,0.0000,1.0000
8.0080,105.92,-0.0002,0.0566,0.0033,0.0000,0.0415,0.0000,0.0000,0.0000,0.0000,0.0007,0.0000,1.0000
8.0280,105.92,-0.0002,0.0566,0.0033,0.0000,0.0415,0.0000,0.0000,0.0000,0.0000,0.0007,0.0000,1.0000
8.0480,105.92,-0.0002,0.0566,0.0033,0.0000,0.0415,0.0000,0.0000,0.0000,0.0000,0.0007,0.0000,1.0000
8.0680,105.92,-0.0002,0.0566,0.0033,0.0000,0.0415,0.0000,0.0000,0.0000,0.0000,0.0007,0.0000,1.0000
8.0880,105.92,-0.0002,0.0566,0.0033,0.0000,0.0415,0.0000,0.0000,0.0000,0.0000,0.0007,0.0000,1.0000
8.1080,105.92,-0.0002,0.0566,0.0033,0.0000,0.0415,0.0000,0.0000,0.0000,0.0000,0.0007,0.0000,1.0000
8.1280,105.92,-0.0002,0.0566,0.0033,0.0000,0.0415,0.0000,0.0000,0.0000,0.0000,0.0007,0.0000,1.0000
8.1480,105.92,-0.0002,0.0566,0.0033,0.0000,0.0415,0.0000,0.0000,0.0000,0.0000,0.0007,0.0000,1.0000
8.1680,105.92,-0.0002,0.0566,0.0033,0.0000,0.0415,0.0000,0.0000,0.0000,0.0000,0.0007,0.0000,1.0000
8.1880,105.92,-0.0002,0.0566,0.0033,0.0000,0.0415,0.0000,0.0000,0.0000,0.0000,0.0007,0.0000,1.0000
8.2080,105.92,-0.0002,0.0566,0.0033,0.0000,0.0415,0.0000,0.0000,0.0000,0.0000,0.0007,0.0000,1.0000
8.2280,105.92,-0.0002,0.0566,0.0033,0.0000,0.0415,0.0000,0.0000,0.0000,0.0000,0.0007,0.0000,1.0000
8.2480,105.92,-0.0002,0.0566,0.0033,0.0000,0.0415,0.0000,0.0000,0.0000,0.0000,0.0007,0.0000,1.0000
8.2680,105.92,-0.0002,0.0566,0.0033,0.0000,0.0415,0.0000,0.0000,0.0000,0.0000,0.0007,0.0000,1.0000
8.2880,105.92,-0.0002,0.0566,0.0033,0.0000,0.0415,0.0000,0.0000,0.0000,0.0000,0.0007,0.0000,1.0000
8.3080,105.92,-0.0002,0.0566,0.0033,0.0000,0.0415,0.0000,0.0000,0.0000,0.0000,0.0007,0.0000,1.0000
8.3280,105.92,-0.0002,0.0566,0.0033,0.0000,0.0415,0.0000,0.0000,0.0000,0.0000,0.0007,0.0000,1.0000
8.3480,105.92,-0.0002,0.0566,0.0033,0.0000,0.0415,0.0000,0.0000,0.0000,0.0000,0.0007,0.0000,1.0000
8.3680,104.68,-0.0002,0.0566,0.0033,0.0000,0.0415,0.0000,0.0000,0.0000,0.0000,0.0007,0.0000,1.0000
8.3880,104.68,-0.0002,0.0566,0.0033,0.0000,0.0415,0.0000,0.0000,0.0000,0.0000,0.0007,0.0000,1.0000
8.4080,104.68,-0.0002,0.0566,0.0033,0.0000,0.0415,0.0000,0.0000,0.0000,0.0000,0.0007,0.0000,1.0000
8.4280,104.68,-0.0002,0.0566,0.0033,0.0000,0.0415,0.0000,0.0000,0.0000,0.0000,0.0007,0.0000,1.0000
8.4480,104.68,-0.0002,0.0566,0.0033,0.0000,0.0415,0.0000,0.0000,0.0000,0.0000,0.0007,0.0000,1.0000
8.4680,104.68,-0.0002,0.0566,0.0033,0.0000,0.0415,0.0000,0.0000,0.0000,0.0000,0.0007,0.0000,1.0000
8.4880,104.68,-0.0002,0.0566,0.0033,0.0000,0.0415,0.0000,0.0000,0.0000,0.0000,0.0007,0.0000,1.0000
8.5080,104.68,-0.0002,0.0566,0.0033,0.0000,0.0415,0.0000,0.0000,0.0000,0.0000,0.0007,0.0000,1.0000
8.5280,104.68,-0.0002,0.0566,0.0033,0.0000,0.0415,0.0000,0.0000,0.0000,0.0000,0.0007,0.0000,1.0000
8.5480,104.68,-0.0002,0.0566,0.0033,0.0000,0.0415,0.0000,0.0000,0.0000,0.0000,0.0007,0.0000,1.0000
8.5680,104.68,-0.0002,0.0566,0.0033,0.0000,0.0415,0.0000,0.0000,0.0000,0.0000,0.0007,0.0000,1.0000
8.5880,104.68,-0.0002,0.0566,0.0033,0.0000,0.0415,0.0000,0.0000,0.0000,0.0000,0.0007,0.0000,1.0000
8.6080,104.68,-0.0002,0.0566,0.0033,0.0000,0.0415,0.0000,0.0000,0.0000,0.0000,0.0007,0.0000,1.0000
8.6280,104.68,-0.0002,0.0566,0.0033,0.0000,0.0415,0.0000,0.0000,0.0000,0.0000,0.0007,0.0000,1.0000
8.6480,104.68,-0.0002,0.0566,0.0033,0.0000,0.0415,0.0000,0.0000,0.0000,0.0000,0.0007,0.0000,1.0000
8.6680,104.68,-0.0002,0.0566,0.0033,0.0000,0.0415,0.0000,0.0000,0.0000,0.0000,0.0007,0.0000,1.0000
8.6880,104.68,-0.0002,0.0566,0.0033,0.0000,0.0415,0.0000,0.0000,0.0000,0.0000,0.0007,0.0000,1.0000
8.7080,104.68,-0.0002,0.0566,0.0033,0.0000,0.0415,0.0000,0.0000,0.0000,0.0000,0.0007,0.0000,1.0000
8.7280,104.68,-0.0002,0.0566,0.0033,0.0000,0.0415,0.0000,0.0000,0.0000,0.0000,0.0007,0.0000,1.0000
8.7480,104.68,-0.0002,0.0566,0.0033,0.0000,0.0415,0.0000,0.0000,0.0000,0.0000,0.0007,0.0000,1.0000
8.7680,104.68,-0.0002,0.0566,0.0033,0.0000,0.0415,0.0000,0.0000,0.0000,0.0000,0.0007,0.0000,1.0000
8.7880,104.68,-0.0002,0.0566,0.0033,0.0000,0.0415,0.0000,0.0000,0.0000,0.0000,0.0007,0.0000,1.0000
8.8080,104.68,-0.0002,0.0566,0.0033,0.0000,0.0415,0.0000,0.0000,0.0000,0.0000,0.0007,0.0000,1.0000
8.8280,104.68,-0.0002,0.0566,0.0033,0.0000,0.0415,0.0000,0.0000,0.0000,0.0000,0.0007,0.0000,1.0000
8.8480,104.68,-0.0002,0.0566,0.0033,0.0000,0.0415,0.0000,0.0000,0.0000,0.0000,0.0007,0.0000,1.0000
8.8680,104.68,-0.0002,0.0566,0.0033,0.0000,0.0415,0.0000,0.0000,0.0000,0.0000,0.0007,0.0000,1.0000
8.8880,104.68,-0.0002,0.0566,0.0033,0.0000,0.0415,0.0000,0.0000,0.0000,0.0000,0.0007,0.0000,1.0000
8.9080,104.68,-0.0002,0.0566,0.0033,0.0000,0.0415,0.0000,0.0000,0.0000,0.0000,0.0007,0.0000,1.0000
8.9280,104.68,-0.0002,0.0566,0.0033,0.0000,0.0415,0.0000,0.0000,0.0000,0.0000,0.0007,0.0000,1.0000
8.9480,104.68,-0.0002,0.0566,0.0033,0.0000,0.0415,0.0000,0.0000,0.0000,0.0000,0.0007,0.0000,1.0000
8.9680,104.68,-0.0002,0.0566,0.0033,0.0000,0.0415,0.0000,0.0000,0.0000,0.0000,0.0007,0.0000,1.0000
8.9880,104.68,-0.0002,0.0566,0.0033,0.0000,0.0415,0.0000,0.0000,0.0000,0.0000,0.0007,0.0000,1.0000
9.0080,104.68,-0.0002,0.0566,0.0033,0.0000,0.0415,0.0000,0.0000,0.0000,0.0000,0.0007,0.0000,1.0000
9.0280,104.68,-0.0002,0.0566,0.0033,0.0000,0.0415,0.0000,0.0000,0.0000,0.0000,0.0007,0.0000,1.0000
9.0480,104.68,-0.0002,0.0566,0.0033,0.0000,0.0415,0.0000,0.0000,0.0000,0.0000,0.0007,0.0000,1.0000
9.0680,104.68,-0.0002,0.0566,0.0033,0.0000,0.0415,0.0000,0.0000,0.0000,0.0000,0.0007,0.0000,1.0000
9.0880,104.68,-0.0002,0.0566,0.0033,0.0000,0.0415,0.0000,0.0000,0.0000,0.0000,0.0007,0.0000,1.0000
9.1080,104.68,-0.0002,0.0566,0.0033,0.0000,0.0415,0.0000,0.0000,0.0000,0.0000,0.0007,0.0000,1.0000
9.1280,104.68,-0.0002,0.0566,0.0033,0.0000,0.0415,0.0000,0.0000,0.0000,0.0000,0.0007,0.0000,1.0000
9.1480,104.68,-0.0002,0.0566,0.0033,0.0000,0.0415,0.0000,0.0000,0.0000,0.0000,0.0007,0.0000,1.0000
9.1680,104.68,-0.0002,0.0566,0.0033,0.0000,0.0415,0.0000,0.0000,0.0000,0.0000,0.0007,0.0000,1.0000
9.1880,104.68,-0.0002,0.0566,0.0033,0.0000,0.0415,0.0000,0.0000,0.0000,0.0000,0.0007,0.0000,1.0000
9.2080,104.68,-0.0002,0.0566,0.0033,0.0000,0.0415,0.0000,0.0000,0.0000,0.0000,0.0007,0.0000,1.0000
9.2280,104.68,-0.0002,0.0566,0.0033,0.0000,0.0415,0.0000,0.0000,0.0000,0.0000,0.0007,0.0000,1.0000
9.2480,104.68,-0.0002,0.0566,0.0033,0.0000,0.0415,0.0000,0.0000,0.0000,0.0000,0.0007,0.0000,1.0000
9.2680,104.68,-0.0002,0.0566,0.0033,0.0000,0.0415,0.0000,0.0000,0.0000,0.0000,0.0007,0.0000,1.0000
9.2880,104.68,-0.0002,0.0566,0.0033,0.0000,0.0415,0.0000,0.0000,0.0000,0.0000,0.0007,0.0000,1.0000
9.3080,104.68,-0.0002,0.0566,0.0033,0.0000,0.0415,0.0000,0.0000,0.0000,0.0000,0.0007,0.0000,1.0000
9.3280,104.68,-0.0002,0.0566,0.0033,0.0000,0.0415,0.0000,0.0000,0.0000,0.0000,0.0007,0.0000,1.0000
9.3480,104.68,-0.0002,0.0566,0.0033,0.0000,0.0415,0.0000,0.0000,0.0000,0.0000,0.0007,0.0000,1.0000
9.3680,104.95,-0.0002,0.0566,0.0033,0.0000,0.0415,0.0000,0.0000,0.0000,0.0000,0.0007,0.0000,1.0000
9.3880,104.95,-0.0002,0.0566,0.0033,0.0000,0.0415,0.0000,0.0000,0.0000,0.0000,0.0007,0.0000,1.0000
9.4080,104.95,-0.0002,0.0566,0.0033,0.0000,0.0415,0.0000,0.0000,0.0000,0.0000,0.0007,0.0000,1.0000
9.4280,104.95,-0.0002,0.0566,0.0033,0.0000,0.0415,0.0000,0.0000,0.0000,0.0000,0.0007,0.0000,1.0000
9.4480,104.95,-0.0002,0.0566,0.0033,0.0000,0.0415,0.0000,0.0000,0.0000,0.0000,0.0007,0.0000,1.0000
9.4680,104.95,-0.0002,0.0566,0.0033,0.0000,0.0415,0.0000,0.0000,0.0000,0.0000,0.0007,0.0000,1.0000
9.4880,104.95,-0.0002,0.0566,0.0033,0.0000,0.0415,0.0000,0.0000,0.0000,0.0000,0.0007,0.0000,1.0000
9.5080,104.95,-0.0002,0.0566,0.0033,0.0000,0.0415,0.0000,0.0000,0.0000,0.0000,0.0007,0.0000,1.0000
9.5280,104.95,-0.0002,0.0566,0.0033,0.0000,0.0415,0.0000,0.0000,0.0000,0.0000,0.0007,0.0000,1.0000
9.5480,104.95,-0.0002,0.0566,0.0033,0.0000,0.0415,0.0000,0.0000,0.0000,0.0000,0.0007,0.0000,1.0000
9.5680,104.95,-0.0002,0.0566,0.0033,0.0000,0.0415,0.0000,0.0000,0.0000,0.0000,0.0007,0.0000,1.0000
9.5880,104.95,-0.0002,0.0566,0.0033,0.0000,0.0415,0.0000,0.0000,0.0000,0.0000,0.0007,0.0000,1.0000
9.6080,104.95,-0.0002,0.0566,0.0033,0.0000,0.0415,0.0000,0.0000,0.0000,0.0000,0.0007,0.0000,1.0000
9.6280,104.95,-0.0002,0.0566,0.0033,0.0000,0.0415,0.0000,0.0000,0.0000,0.0000,0.0007,0.0000,1.0000
9.6480,104.95,-0.0002,0.0566,0.0033,0.0000,0.0415,0.0000,0.0000,0.0000,0.0000,0.0007,0.0000,1.0000
9.6680,104.95,-0.0002,0.0566,0.0033,0.0000,0.0415,0.0000,0.0000,0.0000,0.0000,0.0007,0.0000,1.0000
9.6880,104.95,-0.0002,0.0566,0.0033,0.0000,0.0415,0.0000,0.0000,0.0000,0.0000,0.0007,0.0000,1.0000
9.7080,104.95,-0.0002,0.0566,0.0033,0.0000,0.0415,0.0000,0.0000,0.0000,0.0000,0.0007,0.0000,1.0000
9.7280,104.95,-0.0002,0.0566,0.0033,0.0000,0.0415,0.0000,0.0000,0.0000,0.0000,0.0007,0.0000,1.0000
9.7480,104.95,-0.0002,0.0566,0.0033,0.0000,0.0415,0.0000,0.0000,0.0000,0.0000,0.0007,0.0000,1.0000
9.7680,104.95,-0.0002,0.0566,0.0033,0.0000,0.0415,0.0000,0.0000,0.0000,0.0000,0.0007,0.0000,1.0000
9.7880,104.95,-0.0002,0.0566,0.0033,0.0000,0.0415,0.0000,0.0000,0.0000,0.0000,0.0007,0.0000,1.0000
9.8080,104.95,-0.0002,0.0566,0.0033,0.0000,0.0415,0.0000,0.0000,0.0000,0.0000,0.0007,0.0000,1.0000
9.8280,104.95,-0.0002,0.0566,0.0033,0.0000,0.0415,0.0000,0.0000,0.0000,0.0000,0.0007,0.0000,1.0000
9.8480,104.95,-0.0002,0.0566,0.0033,0.0000,0.0415,0.0000,0.0000,0.0000,0.0000,0.0007,0.0000,1.0000
9.8680,104.95,-0.0002,0.0566,0.0033,0.0000,0.0415,0.0000,0.0000,0.0000,0.0000,0.0007,0.0000,1.0000
9.8880,104.95,-0.0002,0.0566,0.0033,0.0000,0.0415,0.0000,0.0000,0.0000,0.0000,0.0007,0.0000,1.0000
9.9080,104.95,-0.0002,0.0566,0.0033,0.0000,0.0415,0.0000,0.0000,0.0000,0.0000,0.0007,0.0000,1.0000
9.9280,104.95,-0.0002,0.0566,0.0033,0.0000,0.0415,0.0000,0.0000,0.0000,0.0000,0.0007,0.0000,1.0000
9.9480,104.95,-0.0002,0.0566,0.0033,0.0000,0.0415,0.0000,0.0000,0.0000,0.0000,0.0007,0.0000,1.0000
9.9680,104.95,-0.0002,0.0566,0.0033,0.0000,0.0415,0.0000,0.0000,0.0000,0.0000,0.0007,0.0000,1.0000
9.9880,104.95,-0.0002,0.0566,0.0033,0.0000,0.0415,0.0000,0.0000,0.0000,0.0000,0.0007,0.0000,1.0000
10.0080,104.95,-0.0002,0.0566,0.0033,0.0000,0.0415,0.0000,0.0000,0.0000,0.0000,0.0007,0.0000,1.0000
10.0280,104.95,-0.0002,0.0566,0.0033,0.0000,0.0415,0.0000,0.0000,0.0000,0.0000,0.0007,0.0000,1.0000
10.0480,104.95,-0.0002,0.0566,0.0033,0.0000,0.0415,0.0000,0.0000,0.0000,0.0000,0.0007,0.0000,1.0000
10.0680,104.95,-0.0002,0.0566,0.0033,0.0000,0.0415,0.0000,0.0000,0.0000,0.0000,0.0007,0.0000,1.0000
10.0880,104.95,-0.0002,0.0566,0.0033,0.0000,0.0415,0.0000,0.0000,0.0000,0.0000,0.0007,0.0000,1.0000
10.1080,104.95,-0.0002,0.0566,0.0033,0.0000,0.0415,0.0000,0.0000,0.0000,0.0000,0.0007,0.0000,1.0000
10.1280,104.95,-0.0002,0.0566,0.0033,0.0000,0.0415,0.0000,0.0000,0.0000,0.0000,0.0007,0.0000,1.0000
10.1480,104.95,-0.0002,0.0566,0.0033,0.0000,0.0415,0.0000,0.0000,0.0000,0.0000,0.0007,0.0000,1.0000
10.1680,104.95,-0.0002,0.0566,0.0033,0.0000,0.0415,0.0000,0.0000,0.0000,0.0000,0.0007,0.0000,1.0000
10.1880,104.95,-0.0002,0.0566,0.0033,0.0000,0.0415,0.0000,0.0000,0.0000,0.0000,0.0007,0.0000,1.0000
10.2080,104.95,-0.0002,0.0566,0.0033,0.0000,0.0415,0.0000,0.0000,0.0000,0.0000,0.0007,0.0000,1.0000
10.2280,104.95,-0.0002,0.0566,0.0033,0.0000,0.0415,0.0000,0.0000,0.0000,0.0000,0.0007,0.0000,1.0000
10.2480,104.95,-0.0002,0.0566,0.0033,0.0000,0.0415,0.0000,0.0000,0.0000,0.0000,0.0007,0.0000,1.0000
10.2680,104.95,-0.0002,0.0566,0.0033,0.0000,0.0415,0.0000,0.0000,0.0000,0.0000,0.0007,0.0000,1.0000
10.2880,104.95,-0.0002,0.0566,0.0033,0.0000,0.0415,0.0000,0.0000,0.0000,0.0000,0.0007,0.0000,1.0000
10.3080,104.95,-0.0002,0.0566,0.0033,0.0000,0.0415,0.0000,0.0000,0.0000,0.0000,0.0007,0.0000,1.0000
10.3280,104.95,-0.0002,0.0566,0.0033,0.0000,0.0415,0.0000,0.0000,0.0000,0.0000,0.0007,0.0000,1.0000
10.3480,104.95,-0.0002,0.0566,0.0033,0.0000,0.0415,0.0000,0.0000,0.0000,0.0000,0.0007,0.0000,1.0000
10.3680,105.45,-0.0002,0.0566,0.0033,0.0000,0.0415,0.0000,0.0000,0.0000,0.0000,0.0007,0.0000,1.0000
10.3880,105.45,-0.0002,0.0566,0.0033,0.0000,0.0415,0.0000,0.0000,0.0000,0.0000,0.0007,0.0000,1.0000
10.4080,105.45,-0.0002,0.0566,0.0033,0.0000,0.0415,0.0000,0.0000,0.0000,0.0000,0.0007,0.0000,1.0000
10.4280,105.45,-0.0002,0.0566,0.0033,0.0000,0.0415,0.0000,0.0000,0.0000,0.0000,0.0007,0.0000,1.0000
10.4480,105.45,-0.0002,0.0566,0.0033,0.0000,0.0415,0.0000,0.0000,0.0000,0.0000,0.0007,0.0000,1.0000
10.4680,105.45,-0.0002,0.0566,0.0033,0.0000,0.0415,0.0000,0.0000,0.0000,0.0000,0.0007,0.0000,1.0000
10.4880,105.45,-0.0002,0.0566,0.0033,0.0000,0.0415,0.0000,0.0000,0.0000,0.0000,0.0007,0.0000,1.0000
10.5080,105.45,-0.0002,0.0566,0.0033,0.0000,0.0415,0.0000,0.0000,0.0000,0.0000,0.0007,0.0000,1.0000
10.5280,105.45,-0.0002,0.0566,0.0033,0.0000,0.0415,0.0000,0.0000,0.0000,0.0000,0.0007,0.0000,1.0000
10.5480,105.45,-0.0002,0.0566,0.0033,0.0000,0.0415,0.0000,0.0000,0.0000,0.0000,0.0007,0.0000,1.0000
10.5680,105.45,-0.0002,0.0566,0.0033,0.0000,0.0415,0.0000,0.0000,0.0000,0.0000,0.0007,0.0000,1.0000
10.5880,105.45,-0.0002,0.0566,0.0033,0.0000,0.0415,0.0000,0.0000,0.0000,0.0000,0.0007,0.0000,1.0000
10.6080,105.45,-0.0002,0.0566,0.0033,0.0000,0.0415,0.0000,0.0000,0.0000,0.0000,0.0007,0.0000,1.0000
10.6280,105.45,-0.0002,0.0566,0.0033,0.0000,0.0415,0.0000,0.0000,0.0000,0.0000,0.0007,0.0000,1.0000
10.6480,105.45,-0.0002,0.0566,0.0033,0.0000,0.0415,0.0000,0.0000,0.0000,0.0000,0.0007,0.0000,1.0000
10.6680,105.45,-0.0002,0.0566,0.0033,0.0000,0.0415,0.0000,0.0000,0.0000,0.0000,0.0007,0.0000,1.0000
10.6880,105.45,-0.0002,0.0566,0.0033,0.0000,0.0415,0.0000,0.0000,0.0000,0.0000,0.0007,0.0000,1.0000
10.7080,105.45,-0.0002,0.0566,0.0033,0.0000,0.0415,0.0000,0.0000,0.0000,0.0000,0.0007,0.0000,1.0000
10.7280,105.45,-0.0002,0.0566,0.0033,0.0000,0.0415,0.0000,0.0000,0.0000,0.0000,0.0007,0.0000,1.0000
10.7480,105.45,-0.0002,0.0566,0.0033,0.0000,0.0415,0.0000,0.0000,0.0000,0.0000,0.0007,0.0000,1.0000
10.7680,105.45,-0.0002,0.0566,0.0033,0.0000,0.0415,0.0000,0.0000,0.0000,0.0000,0.0007,0.0000,1.0000
10.7880,105.45,-0.0002,0.0566,0.0033,0.0000,0.0415,0.0000,0.0000,0.0000,0.0000,0.0007,0.0000,1.0000
10.8080,105.45,-0.0002,0.0566,0.0033,0.0000,0.0415,0.0000,0.0000,0.0000,0.0000,0.0007,0.0000,1.0000
10.8280,105.45,-0.0002,0.0566,0.0033,0.0000,0.0415,0.0000,0.0000,0.0000,0.0000,0.0007,0.0000,1.0000
10.8480,105.45,-0.0002,0.0566,0.0033,0.0000,0.0415,0.0000,0.0000,0.0000,0.0000,0.0007,0.0000,1.0000
10.8680,105.45,-0.0002,0.0566,0.0033,0.0000,0.0415,0.0000,0.0000,0.0000,0.0000,0.0007,0.0000,1.0000
10.8880,105.45,-0.0002,0.0566,0.0033,0.0000,0.0415,0.0000,0.0000,0.0000,0.0000,0.0007,0.0000,1.0000
10.9080,105.45,-0.0002,0.0566,0.0033,0.0000,0.0415,0.0000,0.0000,0.0000,0.0000,0.0007,0.0000,1.0000
10.9280,105.45,-0.0002,0.0566,0.0033,0.0000,0.0415,0.0000,0.0000,0.0000,0.0000,0.0007,0.0000,1.0000
10.9480,105.45,-0.0002,0.0566,0.0033,0.0000,0.0415,0.0000,0.0000,0.0000,0.0000,0.0007,0.0000,1.0000
10.9680,105.45,-0.0002,0.0566,0.0033,0.0000,0.0415,0.0000,0.0000,0.0000,0.0000,0.0007,0.0000,1.0000
10.9880,105.45,-0.0002,0.0566,0.0033,0.0000,0.0415,0.0000,0.0000,0.0000,0.0000,0.0007,0.0000,1.0000
11.0080,105.45,-0.0002,0.0566,0.0033,0.0000,0.0415,0.0000,0.0000,0.0000,0.0000,0.0007,0.0000,1.0000
11.0280,105.45,-0.0002,0.0566,0.0033,0.0000,0.0415,0.0000,0.0000,0.0000,0.0000,0.0007,0.0000,1.0000
11.0480,105.45,-0.0002,0.0566,0.0033,0.0000,0.0415,0.0000,0.0000,0.0000,0.0000,0.0007,0.0000,1.0000
11.0680,105.45,-0.0002,0.0566,0.0033,0.0000,0.0415,0.0000,0.0000,0.0000,0.0000,0.0007,0.0000,1.0000
11.0880,105.45,-0.0002,0.0566,0.0033,0.0000,0.0415,0.0000,0.0000,0.0000,0.0000,0.0007,0.0000,1.0000
11.1080,105.45,-0.0002,0.0566,0.0033,0.0000,0.0415,0.0000,0.0000,0.0000,0.0000,0.0007,0.0000,1.0000
11.1280,105.45,-0.0002,0.0566,0.0033,0.0000,0.0415,0.0000,0.0000,0.0000,0.0000,0.0007,0.0000,1.0000
11.1480,105.45,-0.0002,0.0566,0.0033,0.0000,0.0415,0.0000,0.0000,0.0000,0.0000,0.0007,0.0000,1.0000
11.1680,105.45,-0.0002,0.0566,0.0033,0.0000,0.0415,0.0000,0.0000,0.0000,0.0000,0.0007,0.0000,1.0000
11.1880,105.45,-0.0002,0.0566,0.0033,0.0000,0.0415,0.0000,0.0000,0.0000,0.0000,0.0007,0.0000,1.0000
11.2080,105.45,-0.0002,0.0566,0.0033,0.0000,0.0415,0.0000,0.0000,0.0000,0.0000,0.0007,0.0000,1.0000
11.2280,105.45,-0.0002,0.0566,0.0033,0.0000,0.0415,0.0000,0.0000,0.0000,0.0000,0.0007,0.0000,1.0000
11.2480,105.45,-0.0002,0.0566,0.0033,0.0000,0.0415,0.0000,0.0000,0.0000,0.0000,0.0007,0.0000,1.0000
11.2680,105.45,-0.0002,0.0566,0.0033,0.0000,0.0415,0.0000,0.0000,0.0000,0.0000,0.0007,0.0000,1.0000
11.2880,105.45,-0.0002,0.0566,0.0033,0.0000,0.0415,0.0000,0.0000,0.0000,0.0000,0.0007,0.0000,1.0000
11.3080,105.45,-0.0002,0.0566,0.0033,0.0000,0.0415,0.0000,0.0000,0.0000,0.0000,0.0007,0.0000,1.0000
11.3280,105.45,-0.0002,0.0566,0.0033,0.0000,0.0415,0.0000,0.0000,0.0000,0.0000,0.0007,0.0000,1.0000
11.3480,105.45,-0.0002,0.0566,0.0033,0.0000,0.0415,0.0000,0.0000,0.0000,0.0000,0.0007,0.0000,1.0000
11.3680,105.45,-0.0002,0.0566,0.0033,0.0000,0.0415,0.0000,0.0000,0.0000,0.0000,0.0007,0.0000,1.0000
11.3880,104.69,-0.0002,0.0566,0.0033,0.0000,0.0415,0.0000,0.0000,0.0000,0.0000,0.0007,0.0000,1.0000
11.4080,104.69,-0.0002,0.0566,0.0033,0.0000,0.0415,0.0000,0.0000,0.0000,0.0000,0.0007,0.0000,1.0000
11.4280,104.69,-0.0002,0.0566,0.0033,0.0000,0.0415,0.0000,0.0000,0.0000,0.0000,0.0007,0.0000,1.0000
11.4480,104.69,-0.0002,0.0566,0.0033,0.0000,0.0415,0.0000,0.0000,0.0000,0.0000,0.0007,0.0000,1.0000
11.4680,104.69,-0.0002,0.0566,0.0033,0.0000,0.0415,0.0000,0.0000,0.0000,0.0000,0.0007,0.0000,1.0000
11.4880,104.69,-0.0002,0.0566,0.0033,0.0000,0.0415,0.0000,0.0000,0.0000,0.0000,0.0007,0.0000,1.0000
11.5080,104.69,-0.0002,0.0566,0.0033,0.0000,0.0415,0.0000,0.0000,0.0000,0.0000,0.0007,0.0000,1.0000
11.5280,104.69,-0.0002,0.0566,0.0033,0.0000,0.0415,0.0000,0.0000,0.0000,0.0000,0.0007,0.0000,1.0000
11.5480,104.69,-0.0002,0.0566,0.0033,0.0000,0.0415,0.0000,0.0000,0.0000,0.0000,0.0007,0.0000,1.0000
11.5680,104.69,-0.0002,0.0566,0.0033,0.0000,0.0415,0.0000,0.0000,0.0000,0.0000,0.0007,0.0000,1.0000
11.5880,104.69,-0.0002,0.0566,0.0033,0.0000,0.0415,0.0000,0.0000,0.0000,0.0000,0.0007,0.0000,1.0000
11.6080,104.69,-0.0002,0.0566,0.0033,0.0000,0.0415,0.0000,0.0000,0.0000,0.0000,0.0007,0.0000,1.0000
11.6280,104.69,-0.0002,0.0566,0.0033,0.0000,0.0415,0.0000,0.0000,0.0000,0.0000,0.0007,0.0000,1.0000
11.6480,104.69,-0.0002,0.0566,0.0033,0.0000,0.0415,0.0000,0.0000,0.0000,0.0000,0.0007,0.0000,1.0000
11.6680,104.69,-0.0002,0.0566,0.0033,0.0000,0.0415,0.0000,0.0000,0.0000,0.0000,0.0007,0.0000,1.0000
11.6880,104.69,-0.0002,0.0566,0.0033,0.0000,0.0415,0.0000,0.0000,0.0000,0.0000,0.0007,0.0000,1.0000
11.7080,104.69,-0.0002,0.0566,0.0033,0.0000,0.0415,0.0000,0.0000,0.0000,0.0000,0.0007,0.0000,1.0000
11.7280,104.69,-0.0002,0.0566,0.0033,0.0000,0.0415,0.0000,0.0000,0.0000,0.0000,0.0007,0.0000,1.0000
11.7480,104.69,-0.0002,0.0566,0.0033,0.0000,0.0415,0.0000,0.0000,0.0000,0.0000,0.0007,0.0000,1.0000
11.7680,104.69,-0.0002,0.0566,0.0033,0.0000,0.0415,0.0000,0.0000,0.0000,0.0000,0.0007,0.0000,1.0000
11.7880,104.69,-0.0002,0.0566,0.0033,0.0000,0.0415,0.0000,0.0000,0.0000,0.0000,0.0007,0.0000,1.0000
11.8080,104.69,-0.0002,0.0566,0.0033,0.0000,0.0415,0.0000,0.0000,0.0000,0.0000,0.0007,0.0000,1.0000
11.8280,104.69,-0.0002,0.0566,0.0033,0.0000,0.0415,0.0000,0.0000,0.0000,0.0000,0.0007,0.0000,1.0000
11.8480,104.69,-0.0002,0.0566,0.0033,0.0000,0.0415,0.0000,0.0000,0.0000,0.0000,0.0007,0.0000,1.0000
11.8680,104.69,-0.0002,0.0566,0.0033,0.0000,0.0415,0.0000,0.0000,0.0000,0.0000,0.0007,0.0000,1.0000
11.8880,104.69,-0.0002,0.0566,0.0033,0.0000,0.0415,0.0000,0.0000,0.0000,0.0000,0.0007,0.0000,1.0000
11.9080,104.69,-0.0002,0.0566,0.0033,0.0000,0.0415,0.0000,0.0000,0.0000,0.0000,0.0007,0.0000,1.0000
11.9280,104.69,-0.0002,0.0566,0.0033,0.0000,0.0415,0.0000,0.0000,0.0000,0.0000,0.0007,0.0000,1.0000
11.9480,104.69,-0.0002,0.0566,0.0033,0.0000,0.0415,0.0000,0.0000,0.0000,0.0000,0.0007,0.0000,1.0000
11.9680,104.69,-0.0002,0.0566,0.0033,0.0000,0.0415,0.0000,0.0000,0.0000,0.0000,0.0007,0.0000,1.0000
11.9880,104.69,-0.0002,0.0566,0.0033,0.0000,0.0415,0.0000,0.0000,0.0000,0.0000,0.0007,0.0000,1.0000
12.0080,104.69,-0.0002,0.0566,0.0033,0.0000,0.0415,0.0000,0.0000,0.0000,0.0000,0.0007,0.0000,1.0000
12.0280,104.69,-0.0002,0.0566,0.0033,0.0000,0.0415,0.0000,0.0000,0.0000,0.0000,0.0007,0.0000,1.0000
12.0480,104.69,-0.0002,0.0566,0.0033,0.0000,0.0415,0.0000,0.0000,0.0000,0.0000,0.0007,0.0000,1.0000
12.0680,104.69,-0.0002,0.0566,0.0033,0.0000,0.0415,0.0000,0.0000,0.0000,0.0000,0.0007,0.0000,1.0000
12.0880,104.69,-0.0002,0.0566,0.0033,0.0000,0.0415,0.0000,0.0000,0.0000,0.0000,0.0007,0.0000,1.0000
12.1080,104.69,-0.0002,0.0566,0.0033,0.0000,0.0415,0.0000,0.0000,0.0000,0.0000,0.0007,0.0000,1.0000
12.1280,104.69,-0.0002,0.0566,0.0033,0.0000,0.0415,0.0000,0.0000,0.0000,0.0000,0.0007,0.0000,1.0000
12.1480,104.69,-0.0002,0.0566,0.0033,0.0000,0.0415,0.0000,0.0000,0.0000,0.0000,0.0007,0.0000,1.0000
12.1680,104.69,-0.0002,0.0566,0.0033,0.0000,0.0415,0.0000,0.0000,0.0000,0.0000,0.0007,0.0000,1.0000
12.1880,104.69,-0.0002,0.0566,0.0033,0.0000,0.0415,0.0000,0.0000,0.0000,0.0000,0.0007,0.0000,1.0000
12.2080,104.69,-0.0002,0.0566,0.0033,0.0000,0.0415,0.0000,0.0000,0.0000,0.0000,0.0007,0.0000,1.0000
12.2280,104.69,-0.0002,0.0566,0.0033,0.0000,0.0415,0.0000,0.0000,0.0000,0.0000,0.0007,0.0000,1.0000
12.2480,104.69,-0.0002,0.0566,0.0033,0.0000,0.0415,0.0000,0.0000,0.0000,0.0000,0.0007,0.0000,1.0000
12.2680,104.69,-0.0002,0.0566,0.0033,0.0000,0.0415,0.0000,0.0000,0.0000,0.0000,0.0007,0.0000,1.0000
12.2880,104.69,-0.0002,0.0566,0.0033,0.0000,0.0415,0.0000,0.0000,0.0000,0.0000,0.0007,0.0000,1.0000
12.3080,104.69,-0.0002,0.0566,0.0033,0.0000,0.0415,0.0000,0.0000,0.0000,0.0000,0.0007,0.0000,1.0000
12.3280,104.69,-0.0002,0.0566,0.0033,0.0000,0.0415,0.0000,0.0000,0.0000,0.0000,0.0007,0.0000,1.0000
12.3480,104.69,-0.0002,0.0566,0.0033,0.0000,0.0415,0.0000,0.0000,0.0000,0.0000,0.0007,0.0000,1.0000
12.3680,104.69,-0.0002,0.0566,0.0033,0.0000,0.0415,0.0000,0.0000,0.0000,0.0000,0.0007,0.0000,1.0000
12.3880,106.06,-0.0002,0.0566,0.0033,0.0000,0.0415,0.0000,0.0000,0.0000,0.0000,0.0007,0.0000,1.0000
12.4080,106.06,-0.0002,0.0566,0.0033,0.0000,0.0415,0.0000,0.0000,0.0000,0.0000,0.0007,0.0000,1.0000
12.4280,106.06,-0.0002,0.0566,0.0033,0.0000,0.0415,0.0000,0.0000,0.0000,0.0000,0.0007,0.0000,1.0000
12.4480,106.06,-0.0002,0.0566,0.0033,0.0000,0.0415,0.0000,0.0000,0.0000,0.0000,0.0007,0.0000,1.0000
12.4680,106.06,-0.0002,0.0566,0.0033,0.0000,0.0415,0.0000,0.0000,0.0000,0.0000,0.0007,0.0000,1.0000
12.4880,106.06,-0.0002,0.0566,0.0033,0.0000,0.0415,0.0000,0.0000,0.0000,0.0000,0.0007,0.0000,1.0000
12.5080,106.06,-0.0002,0.0566,0.0033,0.0000,0.0415,0.0000,0.0000,0.0000,0.0000,0.0007,0.0000,1.0000
12.5280,106.06,-0.0002,0.0566,0.0033,0.0000,0.0415,0.0000,0.0000,0.0000,0.0000,0.0007,0.0000,1.0000
12.5480,106.06,-0.0002,0.0566,0.0033,0.0000,0.0415,0.0000,0.0000,0.0000,0.0000,0.0007,0.0000,1.0000
12.5680,106.06,-0.0002,0.0566,0.0033,0.0000,0.0415,0.0000,0.0000,0.0000,0.0000,0.0007,0.0000,1.0000
12.5880,106.06,-0.0002,0.0566,0.0033,0.0000,0.0415,0.0000,0.0000,0.0000,0.0000,0.0007,0.0000,1.0000
12.6080,106.06,-0.0002,0.0566,0.0033,0.0000,0.0415,0.0000,0.0000,0.0000,0.0000,0.0007,0.0000,1.0000
12.6280,106.06,-0.0002,0.0566,0.0033,0.0000,0.0415,0.0000,0.0000,0.0000,0.0000,0.0007,0.0000,1.0000
12.6480,106.06,-0.0002,0.0566,0.0033,0.0000,0.0415,0.0000,0.0000,0.0000,0.0000,0.0007,0.0000,1.0000
12.6680,106.06,-0.0002,0.0566,0.0033,0.0000,0.0415,0.0000,0.0000,0.0000,0.0000,0.0007,0.0000,1.0000
12.6880,106.06,-0.0002,0.0566,0.0033,0.0000,0.0415,0.0000,0.0000,0.0000,0.0000,0.0007,0.0000,1.0000
12.7080,106.06,-0.0002,0.0566,0.0033,0.0000,0.0415,0.0000,0.0000,0.0000,0.0000,0.0007,0.0000,1.0000
12.7280,106.06,-0.0002,0.0566,0.0033,0.0000,0.0415,0.0000,0.0000,0.0000,0.0000,0.0007,0.0000,1.0000
12.7480,106.06,-0.0002,0.0566,0.0033,0.0000,0.0415,0.0000,0.0000,0.0000,0.0000,0.0007,0.0000,1.0000
12.7680,106.06,-0.0002,0.0566,0.0033,0.0000,0.0415,0.0000,0.0000,0.0000,0.0000,0.0007,0.0000,1.0000
12.7880,106.06,-0.0002,0.0566,0.0033,0.0000,0.0415,0.0000,0.0000,0.0000,0.0000,0.0007,0.0000,1.0000
12.8080,106.06,-0.0002,0.0566,0.0033,0.0000,0.0415,0.0000,0.0000,0.0000,0.0000,0.0007,0.0000,1.0000
12.8280,106.06,-0.0002,0.0566,0.0033,0.0000,0.0415,0.0000,0.0000,0.0000,0.0000,0.0007,0.0000,1.0000
12.8480,106.06,-0.0002,0.0566,0.0033,0.0000,0.0415,0.0000,0.0000,0.0000,0.0000,0.0007,0.0000,1.0000
12.8680,106.06,-0.0002,0.0566,0.0033,0.0000,0.0415,0.0000,0.0000,0.0000,0.0000,0.0007,0.0000,1.0000
12.8880,106.06,-0.0002,0.0566,0.0033,0.0000,0.0415,0.0000,0.0000,0.0000,0.0000,0.0007,0.0000,1.0000
12.9080,106.06,-0.0002,0.0566,0.0033,0.0000,0.0415,0.0000,0.0000,0.0000,0.0000,0.0007,0.0000,1.0000
12.9280,106.06,-0.0002,0.0566,0.0033,0.0000,0.0415,0.0000,0.0000,0.0000,0.0000,0.0007,0.0000,1.0000
12.9480,106.06,-0.0002,0.0566,0.0033,0.0000,0.0415,0.0000,0.0000,0.0000,0.0000,0.0007,0.0000,1.0000
12.9680,106.06,-0.0002,0.0566,0.0033,0.0000,0.0415,0.0000,0.0000,0.0000,0.0000,0.0007,0.0000,1.0000
12.9880,106.06,-0.0002,0.0566,0.0033,0.0000,0.0415,0.0000,0.0000,0.0000,0.0000,0.0007,0.0000,1.0000
13.0080,106.06,-0.0002,0.0566,0.0033,0.0000,0.0415,0.0000,0.0000,0.0000,0.0000,0.0007,0.0000,1.0000
13.0280,106.06,-0.0002,0.0566,0.0033,0.0000,0.0415,0.0000,0.0000,0.0000,0.0000,0.0007,0.0000,1.0000
13.0480,106.06,-0.0002,0.0566,0.0033,0.0000,0.0415,0.0000,0.0000,0.0000,0.0000,0.0007,0.0000,1.0000
13.0680,106.06,-0.0002,0.0566,0.0033,0.0000,0.0415,0.0000,0.0000,0.0000,0.0000,0.0007,0.0000,1.0000
13.0880,106.06,-0.0002,0.0566,0.0033,0.0000,0.0415,0.0000,0.0000,0.0000,0.0000,0.0007,0.0000,1.0000
13.1080,106.06,-0.0002,0.0566,0.0033,0.0000,0.0415,0.0000,0.0000,0.0000,0.0000,0.0007,0.0000,1.0000
13.1280,106.06,-0.0002,0.0566,0.0033,0.0000,0.0415,0.0000,0.0000,0.0000,0.0000,0.0007,0.0000,1.0000
13.1480,106.06,-0.0002,0.0566,0.0033,0.0000,0.0415,0.0000,0.0000,0.0000,0.0000,0.0007,0.0000,1.0000
13.1680,106.06,-0.0002,0.0566,0.0033,0.0000,0.0415,0.0000,0.0000,0.0000,0.0000,0.0007,0.0000,1.0000
13.1880,106.06,-0.0002,0.0566,0.0033,0.0000,0.0415,0.0000,0.0000,0.0000,0.0000,0.0007,0.0000,1.0000
13.2080,106.06,-0.0002,0.0566,0.0033,0.0000,0.0415,0.0000,0.0000,0.0000,0.0000,0.0007,0.0000,1.0000
13.2280,106.06,-0.0002,0.0566,0.0033,0.0000,0.0415,0.0000,0.0000,0.0000,0.0000,0.0007,0.0000,1.0000
13.2480,106.06,-0.0002,0.0566,0.0033,0.0000,0.0415,0.0000,0.0000,0.0000,0.0000,0.0007,0.0000,1.0000
13.2680,106.06,-0.0002,0.0566,0.0033,0.0000,0.0415,0.0000,0.0000,0.0000,0.0000,0.0007,0.0000,1.0000
13.2880,106.06,-0.0002,0.0566,0.0033,0.0000,0.0415,0.0000,0.0000,0.0000,0.0000,0.0007,0.0000,1.0000
13.3080,106.06,-0.0002,0.0566,0.0033,0.0000,0.0415,0.0000,0.0000,0.0000,0.0000,0.0007,0.0000,1.0000
13.3280,106.06,-0.0002,0.0566,0.0033,0.0000,0.0415,0.0000,0.0000,0.0000,0.0000,0.0007,0.0000,1.0000
13.3480,106.06,-0.0002,0.0566,0.0033,0.0000,0.0415,0.0000,0.0000,0.0000,0.0000,0.0007,0.0000,1.0000
13.3680,106.06,-0.0002,0.0566,0.0033,0.0000,0.0415,0.0000,0.0000,0.0000,0.0000,0.0007,0.0000,1.0000
13.3880,106.11,-0.0002,0.0566,0.0033,0.0000,0.0415,0.0000,0.0000,0.0000,0.0000,0.0007,0.0000,1.0000
13.4080,106.11,-0.0002,0.0566,0.0033,0.0000,0.0415,0.0000,0.0000,0.0000,0.0000,0.0007,0.0000,1.0000
13.4280,106.11,-0.0002,0.0566,0.0033,0.0000,0.0415,0.0000,0.0000,0.0000,0.0000,0.0007,0.0000,1.0000
13.4480,106.11,-0.0002,0.0566,0.0033,0.0000,0.0415,0.0000,0.0000,0.0000,0.0000,0.0007,0.0000,1.0000
13.4680,106.11,-0.0002,0.0566,0.0033,0.0000,0.0415,0.0000,0.0000,0.0000,0.0000,0.0007,0.0000,1.0000
13.4880,106.11,-0.0002,0.0566,0.0033,0.0000,0.0415,0.0000,0.0000,0.0000,0.0000,0.0007,0.0000,1.0000
13.5080,106.11,-0.0002,0.0566,0.0033,0.0000,0.0415,0.0000,0.0000,0.0000,0.0000,0.0007,0.0000,1.0000
13.5280,106.11,-0.0002,0.0566,0.0033,0.0000,0.0415,0.0000,0.0000,0.0000,0.0000,0.0007,0.0000,1.0000
13.5480,106.11,-0.0002,0.0566,0.0033,0.0000,0.0415,0.0000,0.0000,0.0000,0.0000,0.0007,0.0000,1.0000
13.5680,106.11,-0.0002,0.0566,0.0033,0.0000,0.0415,0.0000,0.0000,0.0000,0.0000,0.0007,0.0000,1.0000
13.5880,106.11,-0.0002,0.0566,0.0033,0.0000,0.0415,0.0000,0.0000,0.0000,0.0000,0.0007,0.0000,1.0000
13.6080,106.11,-0.0002,0.0566,0.0033,0.0000,0.0415,0.0000,0.0000,0.0000,0.0000,0.0007,0.0000,1.0000
13.6280,106.11,-0.0002,0.0566,0.0033,0.0000,0.0415,0.0000,0.0000,0.0000,0.0000,0.0007,0.0000,1.0000
13.6480,106.11,-0.0002,0.0566,0.0033,0.0000,0.0415,0.0000,0.0000,0.0000,0.0000,0.0007,0.0000,1.0000
13.6680,106.11,-0.0002,0.0566,0.0033,0.0000,0.0415,0.0000,0.0000,0.0000,0.0000,0.0007,0.0000,1.0000
13.6880,106.11,-0.0002,0.0566,0.0033,0.0000,0.0415,0.0000,0.0000,0.0000,0.0000,0.0007,0.0000,1.0000
13.7080,106.11,-0.0002,0.0566,0.0033,0.0000,0.0415,0.0000,0.0000,0.0000,0.0000,0.0007,0.0000,1.0000
13.7280,106.11,-0.0002,0.0566,0.0033,0.0000,0.0415,0.0000,0.0000,0.0000,0.0000,0.0007,0.0000,1.0000
13.7480,106.11,-0.0002,0.0566,0.0033,0.0000,0.0415,0.0000,0.0000,0.0000,0.0000,0.0007,0.0000,1.0000
13.7680,106.11,-0.0002,0.0566,0.0033,0.0000,0.0415,0.0000,0.0000,0.0000,0.0000,0.0007,0.0000,1.0000
13.7880,106.11,-0.0002,0.0566,0.0033,0.0000,0.0415,0.0000,0.0000,0.0000,0.0000,0.0007,0.0000,1.0000
13.8080,106.11,-0.0002,0.0566,0.0033,0.0000,0.0415,0.0000,0.0000,0.0000,0.0000,0.0007,0.0000,1.0000
13.8280,106.11,-0.0002,0.0566,0.0033,0.0000,0.0415,0.0000,0.0000,0.0000,0.0000,0.0007,0.0000,1.0000
13.8480,106.11,-0.0002,0.0566,0.0033,0.0000,0.0415,0.0000,0.0000,0.0000,0.0000,0.0007,0.0000,1.0000
13.8680,106.11,-0.0002,0.0566,0.0033,0.0000,0.0415,0.0000,0.0000,0.0000,0.0000,0.0007,0.0000,1.0000
13.8880,106.11,-0.0002,0.0566,0.0033,0.0000,0.0415,0.0000,0.0000,0.0000,0.0000,0.0007,0.0000,1.0000
13.9080,106.11,-0.0002,0.0566,0.0033,0.0000,0.0415,0.0000,0.0000,0.0000,0.0000,0.0007,0.0000,1.0000
13.9280,106.11,-0.0002,0.0566,0.0033,0.0000,0.0415,0.0000,0.0000,0.0000,0.0000,0.0007,0.0000,1.0000
13.9480,106.11,-0.0002,0.0566,0.0033,0.0000,0.0415,0.0000,0.0000,0.0000,0.0000,0.0007,0.0000,1.0000
13.9680,106.11,-0.0002,0.0566,0.0033,0.0000,0.0415,0.0000,0.0000,0.0000,0.0000,0.0007,0.0000,1.0000
13.9880,106.11,-0.0002,0.0566,0.0033,0.0000,0.0415,0.0000,0.0000,0.0000,0.0000,0.0007,0.0000,1.0000
14.0080,106.11,-0.0002,0.0566,0.0033,0.0000,0.0415,0.0000,0.0000,0.0000,0.0000,0.0007,0.0000,1.0000
14.0280,106.11,-0.0002,0.0566,0.0033,0.0000,0.0415,0.0000,0.0000,0.0000,0.0000,0.0007,0.0000,1.0000
14.0480,106.11,-0.0002,0.0598,0.0033,359.9933,0.0419,-0.0006,-0.0001,0.1603,0.0014,0.0007,0.0001,1.0000
14.0680,106.11,-0.0002,0.0631,0.0034,359.9828,0.0425,-0.0015,-0.0002,0.1673,0.0022,0.0007,0.0003,1.0000
14.0880,106.11,-0.0002,0.0694,0.0034,359.9662,0.0436,-0.0029,-0.0003,0.3160,0.0034,0.0008,0.0006,1.0000
14.1080,106.11,-0.0002,0.0760,0.0035,359.9463,0.0448,-0.0046,-0.0004,0.3290,0.0039,0.0008,0.0009,1.0000
14.1280,106.11,-0.0002,0.0853,0.0036,359.9210,0.0465,359.9932,-0.0004,0.4671,0.0048,0.0008,0.0014,1.0000
14.1480,106.11,-0.0002,0.0950,0.0037,359.8927,0.0482,359.9908,-0.0005,0.4851,0.0051,0.0008,0.0019,1.0000
14.1680,106.11,-0.0003,0.1073,0.0038,359.8596,0.0503,359.9879,-0.0005,0.6137,0.0055,0.0009,0.0024,1.0000
14.1880,106.11,-0.0003,0.1200,0.0039,359.8240,0.0526,359.9849,-0.0005,0.6359,0.0055,0.0009,0.0031,1.0000
14.2080,106.11,-0.0003,0.1352,0.0040,359.7841,0.0551,359.9814,-0.0005,0.7558,0.0055,0.0010,0.0038,1.0000
14.2280,106.11,-0.0003,0.1508,0.0041,359.7421,0.0578,359.9778,-0.0005,0.7816,0.0051,0.0010,0.0045,1.0000
14.2480,106.11,-0.0003,0.1687,0.0042,359.6964,0.0607,359.9738,-0.0004,0.8936,0.0045,0.0011,0.0053,1.0000
14.2680,106.11,-0.0003,0.1871,0.0043,359.6487,0.0638,359.9697,-0.0004,0.9221,0.0038,0.0011,0.0061,1.0000
14.2880,106.11,-0.0003,0.2076,0.0043,359.5980,0.0670,359.9653,-0.0003,1.0269,0.0027,0.0012,0.0070,1.0000
14.3080,106.11,-0.0003,0.2288,0.0044,359.5457,0.0704,359.9607,-0.0002,1.0578,0.0015,0.0012,0.0079,1.0000
14.3280,106.11,-0.0003,0.2519,0.0044,359.4907,0.0739,359.9559,0.0000,1.1559,-0.0002,0.0013,0.0089,1.0000
14.3480,106.11,-0.0003,0.2757,0.0043,359.4345,0.0775,359.9510,0.0001,1.1886,-0.0019,0.0014,0.0099,1.0000
14.3680,106.11,-0.0003,0.3013,0.0043,359.3760,0.0813,359.9459,0.0003,1.2807,-0.0041,0.0014,0.0109,0.9999
14.3880,106.11,-0.0003,0.3276,0.0041,359.3166,0.0851,359.9407,0.0005,1.3147,-0.0063,0.0015,0.0119,0.9999
14.4080,99.34,-0.0003,0.3556,0.0039,359.2553,0.0891,359.9354,0.0007,1.4012,-0.0092,0.0016,0.0130,0.9999
14.4280,99.34,-0.0003,0.3843,0.0037,359.1934,0.0931,359.9300,0.0010,1.4363,-0.0119,0.0016,0.0141,0.9999
14.4480,99.34,-0.0002,0.4147,0.0034,359.1299,0.0972,359.9244,0.0013,1.5177,-0.0153,0.0017,0.0152,0.9999
14.4680,99.34,-0.0002,0.4458,0.0030,359.0661,0.1014,359.9188,0.0015,1.5534,-0.0185,0.0018,0.0163,0.9999
14.4880,99.34,-0.0002,0.4784,0.0026,359.0011,0.1056,359.9131,0.0019,1.6300,-0.0225,0.0018,0.0174,0.9998
14.5080,99.34,-0.0001,0.5117,0.0021,358.9360,0.1099,359.9074,0.0022,1.6662,-0.0263,0.0019,0.0186,0.9998
14.5280,99.34,-0.0001,0.5465,0.0014,358.8701,0.1142,359.9016,0.0026,1.7384,-0.0308,0.0020,0.0197,0.9998
14.5480,99.34,0.0000,0.5820,0.0007,358.8042,0.1185,359.8958,0.0030,1.7748,-0.0351,0.0021,0.0209,0.9998
14.5680,99.34,0.0001,0.6188,-0.0001,358.7378,0.1229,359.8899,0.0034,1.8429,-0.0402,0.0021,0.0220,0.9998
14.5880,99.34,0.0001,0.6564,-0.0010,358.6716,0.1273,359.8841,0.0038,1.8792,-0.0451,0.0022,0.0232,0.9997
14.6080,99.34,0.0002,0.6953,-0.0020,358.6052,0.1317,359.8782,0.0043,1.9435,-0.0507,0.0023,0.0243,0.9997
14.6280,99.34,0.0003,0.7349,-0.0031,358.5393,0.1360,359.8724,0.0047,1.9796,-0.0561,0.0024,0.0255,0.9997
14.6480,99.34,0.0004,0.7757,-0.0044,358.4734,0.1404,359.8665,0.0053,2.0403,-0.0622,0.0024,0.0266,0.9996
14.6680,99.34,0.0005,0.8172,-0.0057,358.4081,0.1447,359.8607,0.0058,2.0761,-0.0681,0.0025,0.0278,0.9996
14.6880,99.34,0.0007,0.8599,-0.0072,358.3430,0.1491,359.8550,0.0063,2.1335,-0.0747,0.0026,0.0289,0.9996
14.7080,99.34,0.0008,0.9032,-0.0088,358.2787,0.1534,359.8493,0.0069,2.1688,-0.0811,0.0027,0.0300,0.9995
14.7280,99.34,0.0009,0.9477,-0.0106,358.2149,0.1577,359.8436,0.0075,2.2230,-0.0882,0.0028,0.0312,0.9995
14.7480,99.34,0.0011,0.9929,-0.0125,358.1520,0.1619,359.8380,0.0081,2.2577,-0.0950,0.0028,0.0322,0.9995
14.7680,99.34,0.0013,1.0390,-0.0145,358.0897,0.1661,359.8325,0.0087,2.3090,-0.1026,0.0029,0.0333,0.9994
14.7880,99.34,0.0015,1.0859,-0.0167,358.0286,0.1702,359.8271,0.0093,2.3430,-0.1099,0.0030,0.0344,0.9994
14.8080,99.34,0.0017,1.1337,-0.0191,357.9681,0.1743,359.8217,0.0100,2.3915,-0.1178,0.0030,0.0355,0.9994
14.8280,99.34,0.0019,1.1822,-0.0216,357.9089,0.1783,359.8164,0.0106,2.4247,-0.1255,0.0031,0.0365,0.9993
14.8480,99.34,0.0021,1.2316,-0.0243,357.8506,0.1823,359.8112,0.0114,2.4707,-0.1338,0.0032,0.0375,0.9993
14.8680,99.34,0.0024,1.2817,-0.0271,357.7937,0.1862,359.8061,0.0120,2.5030,-0.1420,0.0032,0.0385,0.9993
14.8880,99.34,0.0026,1.3326,-0.0301,357.7378,0.1900,359.8011,0.0128,2.5465,-0.1506,0.0033,0.0395,0.9992
14.9080,99.34,0.0029,1.3842,-0.0333,357.6833,0.1937,359.7963,0.0135,2.5780,-0.1591,0.0034,0.0404,0.9992
14.9280,99.34,0.0032,1.4366,-0.0367,357.6300,0.1974,359.7915,0.0143,2.6191,-0.1681,0.0034,0.0414,0.9991
14.9480,99.34,0.0035,1.4896,-0.0402,357.5782,0.2009,359.7869,0.0150,2.6496,-0.1769,0.0035,0.0423,0.9991
14.9680,99.34,0.0038,1.5433,-0.0439,357.5276,0.2044,359.7824,0.0158,2.6885,-0.1862,0.0036,0.0431,0.9991
14.9880,99.34,0.0041,1.5977,-0.0479,357.4787,0.2078,359.7780,0.0166,2.7181,-0.1954,0.0036,0.0440,0.9990
15.0080,99.34,0.0045,1.6528,-0.0520,357.4311,0.2111,359.7738,0.0174,2.7549,-0.2049,0.0037,0.0448,0.9990
15.0280,99.34,0.0048,1.7085,-0.0562,357.3852,0.2143,359.7697,0.0182,2.7834,-0.2143,0.0037,0.0456,0.9990
15.0480,99.34,0.0052,1.7648,-0.0607,357.3407,0.2174,359.7657,0.0190,2.8182,-0.2241,0.0038,0.0464,0.9989
15.0680,99.34,0.0056,1.8217,-0.0654,357.2979,0.2204,359.7619,0.0198,2.8457,-0.2338,0.0038,0.0471,0.9989
15.0880,99.34,0.0060,1.8793,-0.0703,357.2566,0.2233,359.7582,0.0207,2.8786,-0.2438,0.0039,0.0479,0.9988
15.1080,99.34,0.0064,1.9374,-0.0753,357.2170,0.2261,359.7547,0.0215,2.9051,-0.2536,0.0039,0.0486,0.9988
15.1280,99.34,0.0069,1.9961,-0.0806,357.1790,0.2288,359.7513,0.0223,2.9362,-0.2638,0.0040,0.0492,0.9988
15.1480,99.34,0.0074,2.0554,-0.0861,357.1428,0.2314,359.7481,0.0232,2.9616,-0.2738,0.0040,0.0498,0.9987
15.1680,99.34,0.0078,2.1152,-0.0918,357.1081,0.2338,359.7450,0.0241,2.9910,-0.2841,0.0041,0.0505,0.9987
15.1880,99.34,0.0083,2.1755,-0.0977,357.0753,0.2362,359.7421,0.0249,3.0153,-0.2943,0.0041,0.0510,0.9987
15.2080,99.34,0.0088,2.2364,-0.1038,357.0441,0.2384,359.7393,0.0258,3.0430,-0.3047,0.0042,0.0516,0.9987
15.2280,99.34,0.0094,2.2977,-0.1101,357.0147,0.2406,359.7367,0.0267,3.0662,-0.3150,0.0042,0.0521,0.9986
15.2480,99.34,0.0099,2.3595,-0.1166,356.9870,0.2426,359.7343,0.0275,3.0924,-0.3255,0.0042,0.0526,0.9986
15.2680,99.34,0.0105,2.4218,-0.1233,356.9611,0.2444,359.7320,0.0284,3.1146,-0.3359,0.0043,0.0530,0.9986
15.2880,99.34,0.0111,2.4846,-0.1302,356.9368,0.2462,359.7298,0.0293,3.1392,-0.3465,0.0043,0.0534,0.9986
15.3080,99.34,0.0117,2.5478,-0.1374,356.9144,0.2479,359.7278,0.0302,3.1603,-0.3569,0.0043,0.0538,0.9985
15.3280,99.34,0.0123,2.6115,-0.1447,356.8936,0.2494,359.7260,0.0311,3.1835,-0.3675,0.0043,0.0542,0.9985
15.3480,99.34,0.0129,2.6755,-0.1523,356.8747,0.2508,359.7244,0.0319,3.2036,-0.3779,0.0044,0.0545,0.9985
15.3680,99.34,0.0136,2.7401,-0.1600,356.8575,0.2521,359.7229,0.0328,3.2254,-0.3885,0.0044,0.0548,0.9985
15.3880,99.34,0.0143,2.8049,-0.1680,356.8420,0.2533,359.7215,0.0337,3.2444,-0.3989,0.0044,0.0551,0.9985
15.4080,105.42,0.0150,2.8702,-0.1762,356.8283,0.2544,359.7204,0.0346,3.2648,-0.4095,0.0044,0.0553,0.9985
15.4280,105.42,0.0157,2.9359,-0.1846,356.8163,0.2553,359.7193,0.0355,3.2828,-0.4199,0.0044,0.0555,0.9984
15.4480,105.42,0.0164,3.0019,-0.1932,356.8060,0.2562,359.7184,0.0363,3.3020,-0.4303,0.0045,0.0557,0.9984
15.4680,105.42,0.0171,3.0683,-0.2020,356.7974,0.2569,359.7177,0.0372,3.3190,-0.4407,0.0045,0.0559,0.9984
15.4880,105.42,0.0179,3.1351,-0.2110,356.7905,0.2575,359.7172,0.0381,3.3369,-0.4511,0.0045,0.0560,0.9984
15.5080,105.42,0.0187,3.2021,-0.2203,356.7852,0.2580,359.7168,0.0389,3.3529,-0.4613,0.0045,0.0561,0.9984
15.5280,105.42,0.0195,3.2695,-0.2297,356.7817,0.2583,359.7165,0.0398,3.3696,-0.4716,0.0045,0.0561,0.9984
15.5480,105.42,0.0203,3.3372,-0.2393,356.7798,0.2586,359.7164,0.0406,3.3846,-0.4818,0.0045,0.0562,0.9984
15.5680,105.42,0.0211,3.4052,-0.2492,356.7795,0.2587,359.7164,0.0415,3.4002,-0.4919,0.0045,0.0562,0.9984
15.5880,105.42,0.0220,3.4735,-0.2592,356.7808,0.2588,359.7166,0.0423,3.4142,-0.5019,0.0045,0.0562,0.9984
15.6080,105.42,0.0228,3.5421,-0.2695,356.7838,0.2587,359.7169,0.0431,3.4287,-0.5119,0.0045,0.0561,0.9984
15.6280,105.42,0.0237,3.6109,-0.2799,356.7883,0.2585,359.7174,0.0440,3.4417,-0.5218,0.0045,0.0560,0.9984
15.6480,105.42,0.0246,3.6800,-0.2905,356.7943,0.2582,359.7180,0.0448,3.4551,-0.5316,0.0045,0.0559,0.9984
15.6680,105.42,0.0255,3.7493,-0.3013,356.8019,0.2578,359.7188,0.0456,3.4673,-0.5412,0.0045,0.0558,0.9984
15.6880,105.42,0.0264,3.8189,-0.3124,356.8110,0.2573,359.7197,0.0464,3.4796,-0.5509,0.0045,0.0556,0.9984
15.7080,105.42,0.0274,3.8887,-0.3236,356.8216,0.2567,359.7207,0.0472,3.4909,-0.5603,0.0045,0.0554,0.9985
15.7280,105.42,0.0284,3.9588,-0.3350,356.8336,0.2560,359.7218,0.0480,3.5022,-0.5697,0.0045,0.0552,0.9985
15.7480,105.42,0.0293,4.0290,-0.3465,356.8471,0.2552,359.7231,0.0487,3.5126,-0.5790,0.0044,0.0550,0.9985
15.7680,105.42,0.0303,4.0995,-0.3583,356.8620,0.2543,359.7245,0.0495,3.5230,-0.5881,0.0044,0.0547,0.9985
15.7880,105.42,0.0313,4.1702,-0.3702,356.8783,0.2533,359.7260,0.0502,3.5325,-0.5972,0.0044,0.0545,0.9985
15.8080,105.42,0.0323,4.2410,-0.3824,356.8960,0.2522,359.7277,0.0510,3.5419,-0.6061,0.0044,0.0541,0.9985
15.8280,105.42,0.0334,4.3120,-0.3947,356.9150,0.2511,359.7294,0.0517,3.5505,-0.6148,0.0044,0.0538,0.9985
15.8480,105.42,0.0344,4.3832,-0.4071,356.9353,0.2498,359.7313,0.0524,3.5591,-0.6235,0.0044,0.0535,0.9986
15.8680,105.42,0.0355,4.4545,-0.4198,356.9568,0.2484,359.7333,0.0531,3.5669,-0.6320,0.0043,0.0531,0.9986
15.8880,105.42,0.0366,4.5260,-0.4326,356.9797,0.2470,359.7354,0.0538,3.5746,-0.6403,0.0043,0.0527,0.9986
15.9080,105.42,0.0377,4.5976,-0.4456,357.0037,0.2455,359.7376,0.0545,3.5816,-0.6485,0.0043,0.0523,0.9986
15.9280,105.42,0.0388,4.6694,-0.4587,357.0290,0.2439,359.7400,0.0552,3.5884,-0.6566,0.0043,0.0518,0.9986
15.9480,105.42,0.0399,4.7413,-0.4720,357.0554,0.2422,359.7424,0.0558,3.5946,-0.6645,0.0042,0.0514,0.9987
15.9680,105.42,0.0410,4.8133,-0.4854,357.0829,0.2404,359.7449,0.0565,3.6006,-0.6723,0.0042,0.0509,0.9987
15.9880,105.42,0.0421,4.8854,-0.4990,357.1116,0.2386,359.7475,0.0571,3.6060,-0.6799,0.0042,0.0504,0.9987
16.0080,105.42,0.0433,4.9577,-0.5128,357.1413,0.2366,359.7502,0.0577,3.6113,-0.6873,0.0041,0.0499,0.9987
16.0280,105.42,0.0445,5.0300,-0.5267,357.1721,0.2346,359.7530,0.0583,3.6159,-0.6946,0.0041,0.0493,0.9988
16.0480,105.42,0.0456,5.1024,-0.5407,357.2039,0.2326,359.7559,0.0589,3.6204,-0.7017,0.0041,0.0488,0.9988
16.0680,105.42,0.0468,5.1749,-0.5549,357.2366,0.2305,359.7589,0.0595,3.6243,-0.7086,0.0040,0.0482,0.9988
16.0880,105.42,0.0480,5.2474,-0.5692,357.2704,0.2283,359.7619,0.0601,3.6281,-0.7154,0.0040,0.0476,0.9989
16.1080,105.42,0.0492,5.3201,-0.5836,357.3050,0.2260,359.7650,0.0606,3.6313,-0.7220,0.0039,0.0470,0.9989
16.1280,105.42,0.0505,5.3928,-0.5982,357.3405,0.2237,359.7682,0.0611,3.6343,-0.7284,0.0039,0.0464,0.9989
16.1480,105.42,0.0517,5.4655,-0.6129,357.3770,0.2213,359.7715,0.0617,3.6368,-0.7347,0.0039,0.0458,0.9989
16.1680,105.42,0.0529,5.5383,-0.6277,357.4142,0.2189,359.7749,0.0622,3.6391,-0.7408,0.0038,0.0451,0.9990
16.1880,105.42,0.0542,5.6111,-0.6426,357.4522,0.2164,359.7783,0.0627,3.6410,-0.7467,0.0038,0.0445,0.9990
16.2080,105.42,0.0555,5.6839,-0.6577,357.4911,0.2139,359.7818,0.0631,3.6426,-0.7524,0.0037,0.0438,0.9990
16.2280,105.42,0.0567,5.7568,-0.6728,357.5306,0.2113,359.7853,0.0636,3.6438,-0.7579,0.0037,0.0431,0.9991
16.2480,105.42,0.0580,5.8297,-0.6881,357.5709,0.2087,359.7889,0.0640,3.6448,-0.7633,0.0036,0.0424,0.9991
16.2680,105.42,0.0593,5.9026,-0.7035,357.6118,0.2060,359.7925,0.0645,3.6453,-0.7685,0.0036,0.0417,0.9991
16.2880,105.42,0.0606,5.9755,-0.7189,357.6534,0.2033,359.7963,0.0649,3.6457,-0.7735,0.0035,0.0409,0.9992
16.3080,105.42,0.0619,6.0484,-0.7345,357.6956,0.2005,359.8000,0.0653,3.6456,-0.7783,0.0035,0.0402,0.9992
16.3280,105.42,0.0632,6.1214,-0.7501,357.7385,0.1977,359.8038,0.0657,3.6453,-0.7829,0.0034,0.0395,0.9992
16.3480,105.42,0.0645,6.1942,-0.7659,357.7818,0.1949,359.8077,0.0660,3.6447,-0.7873,0.0034,0.0387,0.9992
16.3680,105.42,0.0659,6.2671,-0.7817,357.8257,0.1920,359.8116,0.0664,3.6438,-0.7916,0.0033,0.0379,0.9993
16.3880,105.42,0.0672,6.3400,-0.7976,357.8701,0.1891,359.8155,0.0667,3.6426,-0.7956,0.0033,0.0372,0.9993
16.4080,103.63,0.0685,6.4128,-0.8136,357.9150,0.1862,359.8195,0.0670,3.6411,-0.7995,0.0032,0.0364,0.9993
16.4280,103.63,0.0699,6.4856,-0.8297,357.9604,0.1832,359.8235,0.0673,3.6393,-0.8032,0.0032,0.0356,0.9994
16.4480,103.63,0.0712,6.5583,-0.8458,358.0061,0.1802,359.8275,0.0676,3.6373,-0.8067,0.0031,0.0348,0.9994
16.4680,103.63,0.0726,6.6310,-0.8620,358.0523,0.1772,359.8315,0.0679,3.6349,-0.8100,0.0031,0.0340,0.9994
16.4880,103.63,0.0740,6.7037,-0.8783,358.0988,0.1742,359.8356,0.0682,3.6324,-0.8131,0.0030,0.0332,0.9994
16.5080,103.63,0.0753,6.7763,-0.8946,358.1456,0.1711,359.8398,0.0684,3.6295,-0.8161,0.0030,0.0324,0.9995
16.5280,103.63,0.0767,6.8488,-0.9110,358.1927,0.1680,359.8439,0.0686,3.6264,-0.8188,0.0029,0.0315,0.9995
16.5480,103.63,0.0781,6.9213,-0.9274,358.2402,0.1650,359.8480,0.0688,3.6230,-0.8214,0.0029,0.0307,0.9995
16.5680,103.63,0.0795,6.9936,-0.9439,358.2878,0.1618,359.8522,0.0690,3.6194,-0.8238,0.0028,0.0299,0.9995
16.5880,103.63,0.0808,7.0660,-0.9604,358.3358,0.1587,359.8564,0.0692,3.6155,-0.8260,0.0028,0.0290,0.9996
16.6080,103.63,0.0822,7.1382,-0.9770,358.3839,0.1556,359.8606,0.0694,3.6114,-0.8280,0.0027,0.0282,0.9996
16.6280,103.63,0.0836,7.2103,-0.9936,358.4322,0.1524,359.8648,0.0695,3.6070,-0.8299,0.0027,0.0274,0.9996
16.6480,103.63,0.0850,7.2824,-1.0102,358.4806,0.1493,359.8690,0.0697,3.6025,-0.8315,0.0026,0.0265,0.9996
16.6680,103.63,0.0864,7.3543,-1.0269,358.5292,0.1461,359.8732,0.0698,3.5976,-0.8330,0.0025,0.0257,0.9997
16.6880,103.63,0.0878,7.4262,-1.0435,358.5779,0.1429,359.8774,0.0699,3.5926,-0.8343,0.0025,0.0248,0.9997
16.7080,103.63,0.0892,7.4979,-1.0603,358.6266,0.1398,359.8817,0.0700,3.5873,-0.8354,0.0024,0.0240,0.9997
16.7280,103.63,0.0906,7.5696,-1.0770,358.6754,0.1366,359.8859,0.0701,3.5818,-0.8363,0.0024,0.0231,0.9997
16.7480,103.63,0.0920,7.6411,-1.0937,358.7242,0.1334,359.8901,0.0702,3.5761,-0.8371,0.0023,0.0223,0.9997
16.7680,103.63,0.0934,7.7125,-1.1105,358.7731,0.1302,359.8943,0.0702,3.5701,-0.8377,0.0023,0.0214,0.9998
16.7880,103.63,0.0948,7.7838,-1.1272,358.8219,0.1271,359.8985,0.0702,3.5640,-0.8381,0.0022,0.0206,0.9998
16.8080,103.63,0.0962,7.8549,-1.1440,358.8707,0.1239,359.9027,0.0703,3.5576,-0.8383,0.0022,0.0197,0.9998
16.8280,103.63,0.0976,7.9259,-1.1608,358.9194,0.1207,359.9069,0.0703,3.5511,-0.8384,0.0021,0.0189,0.9998
16.8480,103.63,0.0990,7.9968,-1.1775,358.9681,0.1176,359.9111,0.0703,3.5443,-0.8382,0.0021,0.0180,0.9998
16.8680,103.63,0.1004,8.0676,-1.1943,359.0167,0.1144,359.9152,0.0702,3.5374,-0.8380,0.0020,0.0172,0.9999
16.8880,103.63,0.1019,8.1382,-1.2110,359.0651,0.1113,359.9194,0.0702,3.5302,-0.8375,0.0019,0.0163,0.9999
16.9080,103.63,0.1033,8.2086,-1.2278,359.1134,0.1081,359.9235,0.0701,3.5229,-0.8369,0.0019,0.0155,0.9999
16.9280,103.63,0.1047,8.2789,-1.2445,359.1616,0.1050,359.9276,0.0701,3.5154,-0.8362,0.0018,0.0146,0.9999
16.9480,103.63,0.1061,8.3491,-1.2612,359.2096,0.1019,359.9317,0.0700,3.5077,-0.8352,0.0018,0.0138,0.9999
16.9680,103.63,0.1075,8.4191,-1.2779,359.2574,0.0988,359.9358,0.0699,3.4998,-0.8341,0.0017,0.0130,0.9999
16.9880,103.63,0.1089,8.4889,-1.2945,359.3049,0.0957,359.9398,0.0698,3.4917,-0.8329,0.0017,0.0121,0.9999
17.0080,103.63,0.1102,8.5586,-1.3112,359.3523,0.0927,359.9438,0.0697,3.4835,-0.8315,0.0016,0.0113,0.9999
17.0280,103.63,0.1116,8.6281,-1.3278,359.3994,0.0896,359.9478,0.0696,3.4751,-0.8299,0.0016,0.0105,0.9999
17.0480,103.63,0.1130,8.6974,-1.3443,359.4462,0.0866,359.9518,0.0694,3.4665,-0.8282,0.0015,0.0097,1.0000
17.0680,103.63,0.1144,8.7666,-1.3609,359.4927,0.0836,359.9557,0.0693,3.4578,-0.8263,0.0015,0.0089,1.0000
17.0880,103.63,0.1158,8.8356,-1.3774,359.5390,0.0806,359.9596,0.0691,3.4489,-0.8243,0.0014,0.0080,1.0000
17.1080,103.63,0.1172,8.9044,-1.3938,359.5849,0.0776,359.9635,0.0689,3.4398,-0.8222,0.0014,0.0072,1.0000
17.1280,103.63,0.1185,8.9730,-1.4102,359.6306,0.0747,359.9673,0.0687,3.4306,-0.8199,0.0013,0.0064,1.0000
17.1480,103.63,0.1199,9.0414,-1.4265,359.6758,0.0717,359.9712,0.0685,3.4213,-0.8174,0.0013,0.0057,1.0000
17.1680,103.63,0.1213,9.1096,-1.4428,359.7207,0.0688,359.9749,0.0683,3.4118,-0.8149,0.0012,0.0049,1.0000
17.1880,103.63,0.1226,9.1777,-1.4591,359.7653,0.0660,359.9787,0.0681,3.4021,-0.8121,0.0012,0.0041,1.0000
17.2080,103.63,0.1240,9.2455,-1.4753,359.8095,0.0631,359.9824,0.0679,3.3923,-0.8093,0.0011,0.0033,1.0000
17.2280,103.63,0.1254,9.3132,-1.4914,359.8532,0.0603,359.9860,0.0676,3.3824,-0.8063,0.0011,0.0026,1.0000
17.2480,103.63,0.1267,9.3806,-1.5075,359.8966,0.0575,359.9897,0.0674,3.3723,-0.8032,0.0010,0.0018,1.0000
17.2680,103.63,0.1280,9.4479,-1.5235,359.9395,0.0547,359.9932,0.0671,3.3621,-0.8000,0.0010,0.0011,1.0000
17.2880,103.63,0.1294,9.5149,-1.5394,359.9821,0.0520,-0.0032,0.0668,3.3518,-0.7966,0.0009,0.0003,1.0000
17.3080,103.63,0.1307,9.5817,-1.5553,0.0241,0.0493,0.0003,0.0665,3.3413,-0.7931,0.0009,-0.0004,1.0000
17.3280,103.63,0.1320,9.6483,-1.5710,0.0658,0.0466,0.0037,0.0662,3.3307,-0.7895,0.0008,-0.0011,1.0000
17.3480,103.63,0.1334,9.7147,-1.5868,0.1069,0.0439,0.0071,0.0659,3.3200,-0.7857,0.0008,-0.0019,1.0000
17.3680,103.63,0.1347,9.7809,-1.6024,0.1476,0.0413,0.0105,0.0656,3.3092,-0.7819,0.0007,-0.0026,1.0000
17.3880,103.63,0.1360,9.8469,-1.6180,0.1878,0.0387,0.0138,0.0653,3.2982,-0.7779,0.0007,-0.0033,1.0000
17.4080,104.63,0.1373,9.9126,-1.6334,0.2275,0.0361,0.0171,0.0650,3.2872,-0.7739,0.0006,-0.0040,1.0000
17.4280,104.63,0.1386,9.9781,-1.6488,0.2667,0.0336,0.0203,0.0646,3.2760,-0.7697,0.0006,-0.0047,1.0000
17.4480,104.63,0.1398,10.0434,-1.6641,0.3054,0.0311,0.0235,0.0643,3.2647,-0.7654,0.0005,-0.0053,1.0000
17.4680,104.63,0.1411,10.1085,-1.6794,0.3436,0.0286,0.0267,0.0639,3.2533,-0.7610,0.0005,-0.0060,1.0000
17.4880,104.63,0.1424,10.1733,-1.6945,0.3813,0.0262,0.0298,0.0635,3.2418,-0.7565,0.0005,-0.0067,1.0000
17.5080,104.63,0.1437,10.2380,-1.7095,0.4184,0.0238,0.0328,0.0631,3.2302,-0.7519,0.0004,-0.0073,1.0000
17.5280,104.63,0.1449,10.3023,-1.7245,0.4550,0.0214,0.0358,0.0628,3.2186,-0.7472,0.0004,-0.0079,1.0000
17.5480,104.63,0.1462,10.3665,-1.7393,0.4910,0.0191,0.0387,0.0624,3.2068,-0.7424,0.0003,-0.0086,1.0000
17.5680,104.63,0.1474,10.4304,-1.7541,0.5265,0.0168,0.0416,0.0620,3.1949,-0.7375,0.0003,-0.0092,1.0000
17.5880,104.63,0.1486,10.4940,-1.7687,0.5615,0.0145,0.0445,0.0615,3.1829,-0.7325,0.0003,-0.0098,1.0000
17.6080,104.63,0.1499,10.5574,-1.7833,0.5958,0.0123,0.0473,0.0611,3.1708,-0.7275,0.0002,-0.0104,0.9999
17.6280,104.63,0.1511,10.6206,-1.7977,0.6297,0.0101,0.0500,0.0607,3.1587,-0.7223,0.0002,-0.0110,0.9999
17.6480,104.63,0.1523,10.6835,-1.8121,0.6629,0.0079,0.0527,0.0603,3.1464,-0.7171,0.0001,-0.0116,0.9999
17.6680,104.63,0.1535,10.7462,-1.8263,0.6956,0.0058,0.0554,0.0598,3.1341,-0.7118,0.0001,-0.0121,0.9999
17.6880,104.63,0.1547,10.8086,-1.8404,0.7276,0.0037,0.0580,0.0594,3.1217,-0.7064,0.0001,-0.0127,0.9999
17.7080,104.63,0.1558,10.8708,-1.8544,0.7591,0.0017,0.0605,0.0589,3.1092,-0.7009,0.0000,-0.0132,0.9999
17.7280,104.63,0.1570,10.9328,-1.8683,0.7901,-0.0003,0.0630,0.0585,3.0967,-0.6954,0.0000,-0.0138,0.9999
17.7480,104.63,0.1582,10.9944,-1.8821,0.8204,-0.0023,0.0654,0.0580,3.0840,-0.6898,0.0000,-0.0143,0.9999
17.7680,104.63,0.1593,11.0559,-1.8958,0.8501,-0.0042,0.0678,0.0576,3.0713,-0.6841,-0.0001,-0.0148,0.9999
17.7880,104.63,0.1605,11.1170,-1.9094,0.8793,359.9938,0.0702,0.0571,3.0586,-0.6783,-0.0001,-0.0153,0.9999
17.8080,104.63,0.1616,11.1780,-1.9228,0.9078,359.9920,0.0725,0.0566,3.0457,-0.6725,-0.0001,-0.0158,0.9999
17.8280,104.63,0.1627,11.2386,-1.9362,0.9357,359.9901,0.0747,0.0561,3.0328,-0.6667,-0.0002,-0.0163,0.9999
17.8480,104.63,0.1638,11.2990,-1.9494,0.9631,359.9883,0.0769,0.0556,3.0199,-0.6607,-0.0002,-0.0168,0.9999
17.8680,104.63,0.1649,11.3591,-1.9625,0.9898,359.9866,0.0790,0.0551,3.0068,-0.6547,-0.0002,-0.0173,0.9999
17.8880,104.63,0.1660,11.4190,-1.9755,1.0160,359.9849,0.0811,0.0547,2.9938,-0.6487,-0.0003,-0.0177,0.9998
17.9080,104.63,0.1671,11.4786,-1.9883,1.0415,359.9832,0.0831,0.0542,2.9806,-0.6426,-0.0003,-0.0182,0.9998
17.9280,104.63,0.1682,11.5380,-2.0010,1.0664,359.9815,0.0851,0.0536,2.9674,-0.6364,-0.0003,-0.0186,0.9998
17.9480,104.63,0.1692,11.5971,-2.0136,1.0908,359.9799,0.0870,0.0531,2.9542,-0.6302,-0.0004,-0.0190,0.9998
17.9680,104.63,0.1703,11.6559,-2.0261,1.1145,359.9784,0.0889,0.0526,2.9409,-0.6240,-0.0004,-0.0195,0.9998
17.9880,104.63,0.1713,11.7144,-2.0385,1.1376,359.9768,0.0907,0.0521,2.9275,-0.6177,-0.0004,-0.0199,0.9998
18.0080,104.63,0.1724,11.7727,-2.0507,1.1602,359.9753,0.0924,0.0516,2.9141,-0.6114,-0.0004,-0.0202,0.9998
18.0280,104.63,0.1734,11.8307,-2.0628,1.1821,359.9738,0.0942,0.0511,2.9007,-0.6050,-0.0005,-0.0206,0.9998
18.0480,104.63,0.1744,11.8885,-2.0748,1.2034,359.9724,0.0958,0.0505,2.8872,-0.5986,-0.0005,-0.0210,0.9998
18.0680,104.63,0.1754,11.9460,-2.0866,1.2241,359.9710,0.0974,0.0500,2.8737,-0.5922,-0.0005,-0.0214,0.9998
18.0880,104.63,0.1764,12.0032,-2.0983,1.2443,359.9697,0.0990,0.0495,2.8601,-0.5857,-0.0005,-0.0217,0.9998
18.1080,104.63,0.1774,12.0601,-2.1099,1.2638,359.9684,0.1005,0.0490,2.8465,-0.5792,-0.0006,-0.0221,0.9998
18.1280,104.63,0.1783,12.1167,-2.1214,1.2827,359.9670,0.1020,0.0484,2.8329,-0.5726,-0.0006,-0.0224,0.9997
18.1480,104.63,0.1793,12.1731,-2.1327,1.3011,359.9658,0.1034,0.0479,2.8192,-0.5661,-0.0006,-0.0227,0.9997
18.1680,104.63,0.1802,12.2292,-2.1439,1.3188,359.9646,0.1048,0.0473,2.8055,-0.5595,-0.0006,-0.0230,0.9997
18.1880,104.63,0.1812,12.2851,-2.1549,1.3360,359.9634,0.1061,0.0468,2.7918,-0.5529,-0.0006,-0.0233,0.9997
18.2080,104.63,0.1821,12.3406,-2.1659,1.3526,359.9622,0.1074,0.0463,2.7780,-0.5462,-0.0007,-0.0236,0.9997
18.2280,104.63,0.1830,12.3959,-2.1767,1.3686,359.9612,0.1086,0.0457,2.7642,-0.5396,-0.0007,-0.0239,0.9997
18.2480,104.63,0.1839,12.4509,-2.1873,1.3841,359.9601,0.1098,0.0452,2.7504,-0.5329,-0.0007,-0.0242,0.9997
18.2680,104.63,0.1848,12.5057,-2.1978,1.3989,359.9590,0.1109,0.0446,2.7366,-0.5262,-0.0007,-0.0244,0.9997
18.2880,104.63,0.1857,12.5601,-2.2082,1.4132,359.9580,0.1120,0.0441,2.7227,-0.5195,-0.0007,-0.0247,0.9997
18.3080,104.63,0.1866,12.6143,-2.2185,1.4270,359.9571,0.1130,0.0435,2.7089,-0.5128,-0.0007,-0.0249,0.9997
18.3280,104.63,0.1874,12.6682,-2.2286,1.4401,359.9561,0.1140,0.0430,2.6950,-0.5061,-0.0008,-0.0251,0.9997
18.3480,104.63,0.1883,12.7218,-2.2386,1.4528,359.9552,0.1149,0.0424,2.6810,-0.4993,-0.0008,-0.0254,0.9997
18.3680,104.63,0.1891,12.7752,-2.2484,1.4648,359.9543,0.1158,0.0419,2.6671,-0.4926,-0.0008,-0.0256,0.9997
18.3880,104.63,0.1899,12.8282,-2.2582,1.4763,359.9535,0.1167,0.0413,2.6532,-0.4859,-0.0008,-0.0258,0.9997
18.4080,104.63,0.1908,12.8810,-2.2677,1.4873,359.9527,0.1175,0.0408,2.6392,-0.4791,-0.0008,-0.0260,0.9997
18.4280,106.31,0.1916,12.9335,-2.2772,1.4977,359.9519,0.1182,0.0402,2.6252,-0.4724,-0.0008,-0.0261,0.9997
18.4480,106.31,0.1924,12.9857,-2.2865,1.5076,359.9512,0.1190,0.0397,2.6112,-0.4656,-0.0009,-0.0263,0.9997
18.4680,106.31,0.1931,13.0377,-2.2957,1.5170,359.9505,0.1196,0.0391,2.5972,-0.4589,-0.0009,-0.0265,0.9996
18.4880,106.31,0.1939,13.0893,-2.3047,1.5258,359.9498,0.1203,0.0386,2.5832,-0.4521,-0.0009,-0.0266,0.9996
18.5080,106.31,0.1947,13.1407,-2.3136,1.5341,359.9491,0.1209,0.0380,2.5692,-0.4454,-0.0009,-0.0268,0.9996
18.5280,106.31,0.1954,13.1918,-2.3224,1.5419,359.9485,0.1214,0.0375,2.5552,-0.4387,-0.0009,-0.0269,0.9996
18.5480,106.31,0.1962,13.2427,-2.3310,1.5492,359.9479,0.1219,0.0369,2.5412,-0.4319,-0.0009,-0.0270,0.9996
18.5680,106.31,0.1969,13.2932,-2.3395,1.5560,359.9474,0.1224,0.0364,2.5272,-0.4252,-0.0009,-0.0272,0.9996
18.5880,106.31,0.1976,13.3435,-2.3479,1.5623,359.9468,0.1228,0.0358,2.5132,-0.4185,-0.0009,-0.0273,0.9996
18.6080,106.31,0.1983,13.3934,-2.3562,1.5681,359.9463,0.1232,0.0353,2.4992,-0.4118,-0.0009,-0.0274,0.9996
18.6280,106.31,0.1990,13.4431,-2.3643,1.5734,359.9459,0.1236,0.0348,2.4852,-0.4052,-0.0009,-0.0275,0.9996
18.6480,106.31,0.1997,13.4926,-2.3722,1.5782,359.9454,0.1239,0.0342,2.4711,-0.3985,-0.0010,-0.0275,0.9996
18.6680,106.31,0.2004,13.5417,-2.3801,1.5825,359.9450,0.1242,0.0337,2.4571,-0.3919,-0.0010,-0.0276,0.9996
18.6880,106.31,0.2010,13.5906,-2.3878,1.5864,359.9446,0.1244,0.0331,2.4431,-0.3852,-0.0010,-0.0277,0.9996
18.7080,106.31,0.2017,13.6392,-2.3953,1.5898,359.9443,0.1246,0.0326,2.4291,-0.3786,-0.0010,-0.0277,0.9996
18.7280,106.31,0.2023,13.6875,-2.4028,1.5928,359.9439,0.1248,0.0321,2.4152,-0.3720,-0.0010,-0.0278,0.9996
18.7480,106.31,0.2029,13.7355,-2.4101,1.5953,359.9436,0.1249,0.0315,2.4012,-0.3655,-0.0010,-0.0278,0.9996
18.7680,106.31,0.2036,13.7832,-2.4173,1.5974,359.9434,0.1250,0.0310,2.3872,-0.3589,-0.0010,-0.0279,0.9996
18.7880,106.31,0.2042,13.8307,-2.4243,1.5990,359.9431,0.1250,0.0305,2.3732,-0.3524,-0.0010,-0.0279,0.9996
18.8080,106.31,0.2048,13.8779,-2.4312,1.6002,359.9429,0.1251,0.0300,2.3593,-0.3459,-0.0010,-0.0279,0.9996
18.8280,106.31,0.2054,13.9248,-2.4380,1.6010,359.9427,0.1251,0.0294,2.3454,-0.3395,-0.0010,-0.0279,0.9996
18.8480,106.31,0.2059,13.9714,-2.4447,1.6013,359.9425,0.1250,0.0289,2.3314,-0.3330,-0.0010,-0.0279,0.9996
18.8680,106.31,0.2065,14.0178,-2.4512,1.6012,359.9424,0.1249,0.0284,2.3175,-0.3266,-0.0010,-0.0279,0.9996
18.8880,106.31,0.2071,14.0638,-2.4576,1.6008,359.9422,0.1248,0.0279,2.3037,-0.3203,-0.0010,-0.0279,0.9996
18.9080,106.31,0.2076,14.1096,-2.4639,1.5999,359.9421,0.1247,0.0274,2.2898,-0.3139,-0.0010,-0.0279,0.9996
18.9280,106.31,0.2082,14.1552,-2.4701,1.5986,359.9420,0.1246,0.0269,2.2759,-0.3076,-0.0010,-0.0279,0.9996
18.9480,106.31,0.2087,14.2004,-2.4761,1.5970,359.9420,0.1244,0.0264,2.2621,-0.3013,-0.0010,-0.0279,0.9996
18.9680,106.31,0.2092,14.2454,-2.4820,1.5949,359.9420,0.1241,0.0258,2.2483,-0.2951,-0.0010,-0.0278,0.9996
18.9880,106.31,0.2097,14.2901,-2.4878,1.5925,359.9420,0.1239,0.0253,2.2345,-0.2889,-0.0010,-0.0278,0.9996
19.0080,106.31,0.2102,14.3345,-2.4934,1.5898,359.9420,0.1236,0.0249,2.2207,-0.2827,-0.0010,-0.0277,0.9996
19.0280,106.31,0.2107,14.3786,-2.4990,1.5866,359.9420,0.1233,0.0244,2.2070,-0.2766,-0.0010,-0.0277,0.9996
19.0480,106.31,0.2112,14.4225,-2.5044,1.5832,359.9420,0.1230,0.0239,2.1933,-0.2705,-0.0010,-0.0276,0.9996
19.0680,106.31,0.2116,14.4661,-2.5096,1.5793,359.9421,0.1226,0.0234,2.1796,-0.2644,-0.0010,-0.0276,0.9996
19.0880,106.31,0.2121,14.5094,-2.5148,1.5752,359.9422,0.1222,0.0229,2.1659,-0.2584,-0.0010,-0.0275,0.9996
19.1080,106.31,0.2125,14.5524,-2.5199,1.5707,359.9424,0.1218,0.0224,2.1522,-0.2524,-0.0010,-0.0274,0.9996
19.1280,106.31,0.2130,14.5952,-2.5248,1.5658,359.9425,0.1214,0.0219,2.1386,-0.2465,-0.0010,-0.0273,0.9996
19.1480,106.31,0.2134,14.6377,-2.5296,1.5607,359.9426,0.1209,0.0215,2.1250,-0.2406,-0.0010,-0.0272,0.9996
19.1680,106.31,0.2138,14.6799,-2.5343,1.5552,359.9428,0.1204,0.0210,2.1115,-0.2348,-0.0010,-0.0271,0.9996
19.1880,106.31,0.2142,14.7219,-2.5389,1.5494,359.9430,0.1199,0.0205,2.0979,-0.2290,-0.0010,-0.0270,0.9996
19.2080,106.31,0.2146,14.7636,-2.5433,1.5434,359.9432,0.1194,0.0201,2.0844,-0.2232,-0.0010,-0.0269,0.9996
19.2280,106.31,0.2150,14.8050,-2.5477,1.5370,359.9435,0.1189,0.0196,2.0709,-0.2175,-0.0010,-0.0268,0.9996
19.2480,106.31,0.2154,14.8461,-2.5519,1.5304,359.9437,0.1183,0.0192,2.0575,-0.2118,-0.0010,-0.0267,0.9996
19.2680,106.31,0.2158,14.8870,-2.5561,1.5235,359.9439,0.1177,0.0187,2.0441,-0.2062,-0.0010,-0.0266,0.9996
19.2880,106.31,0.2162,14.9276,-2.5601,1.5163,359.9442,0.1171,0.0183,2.0307,-0.2006,-0.0010,-0.0265,0.9996
19.3080,106.31,0.2165,14.9680,-2.5640,1.5088,359.9445,0.1165,0.0178,2.0174,-0.1951,-0.0010,-0.0263,0.9997
19.3280,106.31,0.2169,15.0081,-2.5678,1.5011,359.9448,0.1158,0.0174,2.0041,-0.1896,-0.0010,-0.0262,0.9997
19.3480,106.31,0.2172,15.0479,-2.5714,1.4931,359.9452,0.1152,0.0169,1.9908,-0.1842,-0.0010,-0.0261,0.9997
19.3680,106.31,0.2175,15.0874,-2.5750,1.4849,359.9455,0.1145,0.0165,1.9775,-0.1788,-0.0010,-0.0259,0.9997
19.3880,106.31,0.2178,15.1267,-2.5785,1.4764,359.9459,0.1138,0.0161,1.9643,-0.1734,-0.0009,-0.0258,0.9997
19.4080,106.31,0.2182,15.1657,-2.5819,1.4677,359.9462,0.1131,0.0157,1.9512,-0.1682,-0.0009,-0.0256,0.9997
19.4280,105.74,0.2185,15.2045,-2.5851,1.4588,359.9466,0.1124,0.0152,1.9380,-0.1629,-0.0009,-0.0255,0.9997
19.4480,105.74,0.2188,15.2430,-2.5883,1.4496,359.9470,0.1116,0.0148,1.9249,-0.1577,-0.0009,-0.0253,0.9997
19.4680,105.74,0.2190,15.2812,-2.5913,1.4403,359.9474,0.1108,0.0144,1.9119,-0.1526,-0.0009,-0.0251,0.9997
19.4880,105.74,0.2193,15.3192,-2.5943,1.4307,359.9478,0.1101,0.0140,1.8989,-0.1475,-0.0009,-0.0250,0.9997
19.5080,105.74,0.2196,15.3569,-2.5971,1.4209,359.9483,0.1093,0.0136,1.8859,-0.1425,-0.0009,-0.0248,0.9997
19.5280,105.74,0.2199,15.3944,-2.5999,1.4110,359.9487,0.1085,0.0132,1.8730,-0.1375,-0.0009,-0.0246,0.9997
19.5480,105.74,0.2201,15.4316,-2.6025,1.4008,359.9492,0.1077,0.0128,1.8601,-0.1326,-0.0009,-0.0244,0.9997
19.5680,105.74,0.2204,15.4685,-2.6051,1.3905,359.9497,0.1068,0.0124,1.8472,-0.1277,-0.0009,-0.0243,0.9997
19.5880,105.74,0.2206,15.5052,-2.6075,1.3800,359.9502,0.1060,0.0120,1.8344,-0.1229,-0.0009,-0.0241,0.9997
19.6080,105.74,0.2208,15.5417,-2.6099,1.3693,359.9507,0.1051,0.0117,1.8216,-0.1182,-0.0009,-0.0239,0.9997
19.6280,105.74,0.2211,15.5778,-2.6122,1.3584,359.9512,0.1043,0.0113,1.8089,-0.1135,-0.0009,-0.0237,0.9997
19.6480,105.74,0.2213,15.6138,-2.6143,1.3474,359.9517,0.1034,0.0109,1.7962,-0.1088,-0.0008,-0.0235,0.9997
19.6680,105.74,0.2215,15.6494,-2.6164,1.3363,359.9522,0.1025,0.0106,1.7836,-0.1042,-0.0008,-0.0233,0.9997
19.6880,105.74,0.2217,15.6849,-2.6184,1.3249,359.9527,0.1016,0.0102,1.7710,-0.0996,-0.0008,-0.0231,0.9997
19.7080,105.74,0.2219,15.7200,-2.6203,1.3135,359.9533,0.1007,0.0098,1.7584,-0.0952,-0.0008,-0.0229,0.9997
19.7280,105.74,0.2221,15.7549,-2.6221,1.3019,359.9538,0.0998,0.0095,1.7459,-0.0907,-0.0008,-0.0227,0.9997
19.7480,105.74,0.2223,15.7896,-2.6239,1.2902,359.9544,0.0989,0.0091,1.7335,-0.0863,-0.0008,-0.0225,0.9997
19.7680,105.74,0.2224,15.8240,-2.6255,1.2783,359.9550,0.0980,0.0088,1.7210,-0.0820,-0.0008,-0.0223,0.9998
19.7880,105.74,0.2226,15.8582,-2.6271,1.2664,359.9555,0.0970,0.0084,1.7087,-0.0777,-0.0008,-0.0221,0.9998
19.8080,105.74,0.2228,15.8921,-2.6285,1.2543,359.9561,0.0961,0.0081,1.6963,-0.0735,-0.0008,-0.0219,0.9998
19.8280,105.74,0.2229,15.9258,-2.6299,1.2421,359.9567,0.0951,0.0078,1.6841,-0.0694,-0.0008,-0.0217,0.9998
19.8480,105.74,0.2231,15.9592,-2.6312,1.2298,359.9573,0.0942,0.0074,1.6718,-0.0653,-0.0007,-0.0215,0.9998
19.8680,105.74,0.2232,15.9924,-2.6324,1.2174,359.9579,0.0932,0.0071,1.6596,-0.0612,-0.0007,-0.0212,0.9998
19.8880,105.74,0.2234,16.0254,-2.6336,1.2049,359.9585,0.0923,0.0068,1.6475,-0.0572,-0.0007,-0.0210,0.9998
19.9080,105.74,0.2235,16.0581,-2.6347,1.1924,359.9591,0.0913,0.0065,1.6354,-0.0533,-0.0007,-0.0208,0.9998
19.9280,105.74,0.2236,16.0906,-2.6356,1.1797,359.9598,0.0903,0.0062,1.6234,-0.0494,-0.0007,-0.0206,0.9998
19.9480,105.74,0.2237,16.1228,-2.6366,1.1670,359.9604,0.0893,0.0059,1.6114,-0.0456,-0.0007,-0.0204,0.9998
19.9680,105.74,0.2238,16.1548,-2.6374,1.1542,359.9610,0.0884,0.0056,1.5994,-0.0418,-0.0007,-0.0201,0.9998
19.9880,105.74,0.2240,16.1865,-2.6382,1.1413,359.9617,0.0874,0.0053,1.5876,-0.0381,-0.0007,-0.0199,0.9998
20.0080,105.74,0.2241,16.2180,-2.6388,1.1284,359.9623,0.0864,0.0050,1.5757,-0.0344,-0.0007,-0.0197,0.9998
20.0280,105.74,0.2241,16.2493,-2.6395,1.1154,359.9630,0.0854,0.0047,1.5639,-0.0308,-0.0006,-0.0195,0.9998
20.0480,105.74,0.2242,16.2804,-2.6400,1.1023,359.9636,0.0844,0.0044,1.5522,-0.0273,-0.0006,-0.0192,0.9998
20.0680,105.74,0.2243,16.3112,-2.6405,1.0892,359.9643,0.0834,0.0041,1.5405,-0.0238,-0.0006,-0.0190,0.9998
20.0880,105.74,0.2244,16.3418,-2.6409,1.0761,359.9649,0.0824,0.0039,1.5288,-0.0203,-0.0006,-0.0188,0.9998
20.1080,105.74,0.2245,16.3721,-2.6412,1.0629,359.9656,0.0814,0.0036,1.5172,-0.0170,-0.0006,-0.0186,0.9998
20.1280,105.74,0.2245,16.4022,-2.6415,1.0497,359.9662,0.0804,0.0033,1.5057,-0.0136,-0.0006,-0.0183,0.9998
20.1480,105.74,0.2246,16.4321,-2.6417,1.0365,359.9669,0.0794,0.0031,1.4942,-0.0103,-0.0006,-0.0181,0.9998
20.1680,105.74,0.2247,16.4618,-2.6418,1.0232,359.9676,0.0784,0.0028,1.4827,-0.0071,-0.0006,-0.0179,0.9998
20.1880,105.74,0.2247,16.4912,-2.6419,1.0099,359.9683,0.0774,0.0026,1.4714,-0.0040,-0.0006,-0.0176,0.9998
20.2080,105.74,0.2247,16.5204,-2.6419,0.9966,359.9689,0.0764,0.0023,1.4600,-0.0008,-0.0005,-0.0174,0.9998
20.2280,105.74,0.2248,16.5494,-2.6419,0.9833,359.9696,0.0754,0.0021,1.4487,0.0022,-0.0005,-0.0172,0.9999
20.2480,105.74,0.2248,16.5781,-2.6418,0.9699,359.9703,0.0744,0.0018,1.4375,0.0052,-0.0005,-0.0169,0.9999
20.2680,105.74,0.2249,16.6066,-2.6416,0.9566,359.9710,0.0734,0.0016,1.4263,0.0082,-0.0005,-0.0167,0.9999
20.2880,105.74,0.2249,16.6349,-2.6414,0.9432,359.9716,0.0724,0.0014,1.4152,0.0111,-0.0005,-0.0165,0.9999
20.3080,105.74,0.2249,16.6630,-2.6411,0.9299,359.9724,0.0714,0.0011,1.4041,0.0139,-0.0005,-0.0162,0.9999
20.3280,105.74,0.2249,16.6909,-2.6408,0.9165,359.9730,0.0704,0.0009,1.3931,0.0167,-0.0005,-0.0160,0.9999
20.3480,105.74,0.2249,16.7185,-2.6404,0.9032,359.9737,0.0694,0.0007,1.3821,0.0194,-0.0005,-0.0158,0.9999
20.3680,105.74,0.2249,16.7459,-2.6400,0.8899,359.9744,0.0684,0.0005,1.3712,0.0221,-0.0004,-0.0155,0.9999
20.3880,105.74,0.2250,16.7731,-2.6395,0.8765,359.9751,0.0674,0.0003,1.3603,0.0248,-0.0004,-0.0153,0.9999
20.4080,105.74,0.2250,16.8001,-2.6389,0.8633,359.9757,0.0664,0.0001,1.3495,0.0273,-0.0004,-0.0151,0.9999
20.4280,103.77,0.2250,16.8269,-2.6383,0.8500,359.9764,0.0654,-0.0002,1.3387,0.0299,-0.0004,-0.0148,0.9999
20.4480,103.77,0.2249,16.8535,-2.6377,0.8367,359.9771,0.0644,-0.0004,1.3280,0.0324,-0.0004,-0.0146,0.9999
20.4680,103.77,0.2249,16.8798,-2.6370,0.8235,359.9778,0.0635,-0.0006,1.3174,0.0348,-0.0004,-0.0144,0.9999
20.4880,103.77,0.2249,16.9060,-2.6362,0.8103,359.9785,0.0625,-0.0007,1.3068,0.0372,-0.0004,-0.0141,0.9999
20.5080,103.77,0.2249,16.9319,-2.6355,0.7972,359.9792,0.0615,-0.0009,1.2962,0.0395,-0.0004,-0.0139,0.9999
20.5280,103.77,0.2249,16.9576,-2.6346,0.7841,359.9798,0.0606,-0.0011,1.2857,0.0418,-0.0004,-0.0137,0.9999
20.5480,103.77,0.2249,16.9831,-2.6337,0.7710,359.9805,0.0596,-0.0013,1.2753,0.0440,-0.0003,-0.0135,0.9999
20.5680,103.77,0.2248,17.0084,-2.6328,0.7580,359.9812,0.0586,-0.0015,1.2649,0.0462,-0.0003,-0.0132,0.9999
20.5880,103.77,0.2248,17.0335,-2.6318,0.7450,359.9818,0.0577,-0.0016,1.2546,0.0483,-0.0003,-0.0130,0.9999
20.6080,103.77,0.2247,17.0619,-2.6308,0.7251,359.9829,0.0561,-0.0021,1.4222,0.0542,-0.0003,-0.0127,0.9999
20.6280,103.77,0.2247,17.0903,-2.6296,0.7012,359.9842,0.0542,-0.0024,1.4204,0.0572,-0.0003,-0.0122,0.9999
20.6480,103.77,0.2246,17.1219,-2.6284,0.6710,359.9858,0.0518,-0.0028,1.5754,0.0624,-0.0002,-0.0117,0.9999
20.6680,103.77,0.2246,17.1535,-2.6271,0.6373,359.9876,0.0491,-0.0030,1.5809,0.0652,-0.0002,-0.0111,0.9999
20.6880,103.77,0.2245,17.1880,-2.6257,0.5980,359.9897,0.0458,-0.0034,1.7247,0.0698,-0.0002,-0.0104,0.9999
20.7080,103.77,0.2244,17.2227,-2.6242,0.5555,359.9919,0.0423,-0.0036,1.7364,0.0723,-0.0001,-0.0097,1.0000
20.7280,103.77,0.2244,17.2601,-2.6227,0.5080,-0.0057,0.0384,-0.0040,1.8700,0.0761,-0.0001,-0.0089,1.0000
20.7480,103.77,0.2243,17.2978,-2.6211,0.4578,-0.0031,0.0341,-0.0041,1.8871,0.0782,-0.0001,-0.0080,1.0000
20.7680,103.77,0.2242,17.3381,-2.6195,0.4033,-0.0005,0.0295,-0.0044,2.0114,0.0813,0.0000,-0.0070,1.0000
20.7880,103.77,0.2241,17.3787,-2.6179,0.3463,0.0023,0.0247,-0.0045,2.0330,0.0830,0.0000,-0.0060,1.0000
20.8080,103.77,0.2240,17.4217,-2.6161,0.2855,0.0051,0.0195,-0.0047,2.1491,0.0853,0.0001,-0.0050,1.0000
20.8280,103.77,0.2239,17.4652,-2.6144,0.2226,0.0080,0.0141,-0.0048,2.1743,0.0865,0.0001,-0.0039,1.0000
20.8480,103.77,0.2238,17.5109,-2.6127,0.1564,0.0110,0.0084,-0.0049,2.2830,0.0880,0.0002,-0.0027,1.0000
20.8680,103.77,0.2237,17.5571,-2.6109,0.0883,0.0139,0.0026,-0.0050,2.3113,0.0886,0.0002,-0.0015,1.0000
20.8880,103.77,0.2236,17.6053,-2.6091,0.0175,0.0170,-0.0036,-0.0050,2.4132,0.0893,0.0003,-0.0003,1.0000
20.9080,103.77,0.2235,17.6542,-2.6073,359.9451,0.0200,359.9901,-0.0050,2.4441,0.0893,0.0003,0.0010,1.0000
20.9280,103.77,0.2234,17.7050,-2.6055,359.8702,0.0230,359.9836,-0.0050,2.5398,0.0892,0.0004,0.0023,1.0000
20.9480,103.77,0.2233,17.7565,-2.6038,359.7942,0.0259,359.9770,-0.0049,2.5728,0.0886,0.0005,0.0036,1.0000
20.9680,103.77,0.2232,17.8097,-2.6020,359.7161,0.0289,359.9701,-0.0048,2.6629,0.0876,0.0005,0.0050,1.0000
20.9880,103.77,0.2231,17.8637,-2.6003,359.6370,0.0318,359.9632,-0.0047,2.6975,0.0863,0.0006,0.0063,1.0000
21.0080,103.77,0.2230,17.9193,-2.5986,359.5562,0.0347,359.9560,-0.0046,2.7825,0.0846,0.0006,0.0077,1.0000
21.0280,103.77,0.2229,17.9757,-2.5969,359.4746,0.0375,359.9489,-0.0044,2.8184,0.0826,0.0007,0.0092,1.0000
21.0480,103.77,0.2229,18.0337,-2.5953,359.3917,0.0403,359.9415,-0.0041,2.8987,0.0801,0.0007,0.0106,0.9999
21.0680,103.77,0.2228,18.0924,-2.5938,359.3083,0.0430,359.9341,-0.0039,2.9356,0.0774,0.0008,0.0121,0.9999
21.0880,103.77,0.2227,18.1526,-2.5923,359.2237,0.0456,359.9266,-0.0036,3.0117,0.0740,0.0008,0.0135,0.9999
21.1080,103.77,0.2226,18.2136,-2.5909,359.1389,0.0481,359.9190,-0.0033,3.0493,0.0706,0.0008,0.0150,0.9999
21.1280,103.77,0.2226,18.2760,-2.5896,359.0532,0.0506,359.9114,-0.0029,3.1213,0.0665,0.0009,0.0165,0.9999
21.1480,103.77,0.2225,18.3392,-2.5883,358.9674,0.0529,359.9037,-0.0026,3.1594,0.0624,0.0009,0.0180,0.9998
21.1680,103.77,0.2225,18.4038,-2.5872,358.8810,0.0552,359.8960,-0.0021,3.2278,0.0575,0.0010,0.0195,0.9998
21.1880,103.77,0.2225,18.4691,-2.5861,358.7948,0.0573,359.8883,-0.0017,3.2661,0.0527,0.0010,0.0210,0.9998
21.2080,103.77,0.2224,18.5357,-2.5852,358.7081,0.0594,359.8806,-0.0012,3.3312,0.0471,0.0010,0.0225,0.9997
21.2280,103.77,0.2224,18.6031,-2.5843,358.6217,0.0613,359.8728,-0.0007,3.3696,0.0416,0.0011,0.0241,0.9997
21.2480,103.77,0.2224,18.6718,-2.5836,358.5352,0.0632,359.8651,-0.0001,3.4316,0.0352,0.0011,0.0256,0.9997
21.2680,103.77,0.2224,18.7412,-2.5831,358.4490,0.0649,359.8573,0.0004,3.4699,0.0290,0.0011,0.0271,0.9996
21.2880,103.77,0.2225,18.8117,-2.5826,358.3629,0.0665,359.8496,0.0011,3.5290,0.0220,0.0012,0.0286,0.9996
21.3080,103.77,0.2225,18.8831,-2.5823,358.2773,0.0680,359.8419,0.0017,3.5671,0.0151,0.0012,0.0301,0.9995
21.3280,103.77,0.2225,18.9556,-2.5822,358.1919,0.0694,359.8343,0.0024,3.6235,0.0074,0.0012,0.0316,0.9995
21.3480,103.77,0.2226,19.0288,-2.5822,358.1072,0.0706,359.8267,0.0030,3.6614,-0.0002,0.0012,0.0330,0.9995
21.3680,103.77,0.2227,19.1031,-2.5823,358.0229,0.0717,359.8191,0.0038,3.7152,-0.0086,0.0013,0.0345,0.9994
21.3880,103.77,0.2228,19.1781,-2.5827,357.9394,0.0727,359.8116,0.0045,3.7527,-0.0168,0.0013,0.0360,0.9994
21.4080,103.77,0.2229,19.2542,-2.5832,357.8564,0.0736,359.8041,0.0053,3.8042,-0.0258,0.0013,0.0374,0.9993
21.4280,103.66,0.2230,19.3310,-2.5839,357.7742,0.0744,359.7968,0.0061,3.8412,-0.0347,0.0013,0.0388,0.9992
21.4480,103.66,0.2231,19.4089,-2.5848,357.6927,0.0751,359.7895,0.0069,3.8906,-0.0443,0.0013,0.0403,0.9992
21.4680,103.66,0.2233,19.4834,-2.5857,357.6254,0.0747,359.7836,0.0073,3.7269,-0.0485,0.0013,0.0414,0.9991
21.4880,103.66,0.2234,19.5587,-2.5869,357.5588,0.0743,359.7777,0.0082,3.7634,-0.0581,0.0013,0.0426,0.9991
21.5080,103.66,0.2236,19.6336,-2.5884,357.5284,0.0709,359.7721,0.0089,3.7451,-0.0731,0.0012,0.0431,0.9991
21.5280,103.66,0.2238,19.7088,-2.5901,357.5284,0.0651,359.7666,0.0097,3.7596,-0.0884,0.0011,0.0431,0.9991
21.5480,103.66,0.2240,19.7839,-2.5922,357.5595,0.0569,359.7613,0.0105,3.7552,-0.1029,0.0010,0.0426,0.9991
21.5680,103.66,0.2242,19.8591,-2.5945,357.6192,0.0466,359.7562,0.0113,3.7615,-0.1172,0.0008,0.0415,0.9991
21.5880,103.66,0.2245,19.9343,-2.5972,357.7065,0.0343,359.7513,0.0121,3.7616,-0.1307,0.0006,0.0400,0.9992
21.6080,103.66,0.2247,20.0096,-2.6000,357.8199,0.0203,359.7466,0.0130,3.7652,-0.1437,0.0004,0.0380,0.9993
21.6280,103.66,0.2250,20.0850,-2.6031,357.9581,0.0047,359.7421,0.0139,3.7667,-0.1559,0.0001,0.0356,0.9994
21.6480,103.66,0.2253,20.1604,-2.6065,358.1199,359.9877,359.7379,0.0148,3.7693,-0.1673,-0.0002,0.0328,0.9995
21.6680,103.66,0.2256,20.2358,-2.6100,358.3039,359.9695,359.7339,0.0157,3.7711,-0.1779,-0.0005,0.0296,0.9996
21.6880,103.66,0.2260,20.3112,-2.6138,358.5091,359.9501,359.7301,0.0167,3.7732,-0.1874,-0.0009,0.0260,0.9997
21.7080,103.66,0.2263,20.3867,-2.6177,358.7343,359.9298,359.7266,0.0176,3.7750,-0.1960,-0.0012,0.0221,0.9998
21.7280,103.66,0.2267,20.4623,-2.6218,358.9785,359.9087,359.7233,0.0186,3.7768,-0.2036,-0.0016,0.0178,0.9998
21.7480,103.66,0.2271,20.5379,-2.6260,359.2405,359.8869,359.7203,0.0196,3.7784,-0.2100,-0.0020,0.0133,0.9999
21.7680,103.66,0.2275,20.6135,-2.6303,359.5193,359.8645,359.7176,0.0206,3.7799,-0.2152,-0.0024,0.0084,1.0000
21.7880,103.66,0.2279,20.6891,-2.6347,359.8141,359.8416,359.7152,0.0216,3.7812,-0.2193,-0.0028,0.0032,1.0000
21.8080,103.66,0.2284,20.7647,-2.6391,0.1238,359.8185,359.7130,0.0226,3.7824,-0.2221,-0.0032,-0.0022,1.0000
21.8280,103.66,0.2289,20.8404,-2.6436,0.4476,359.7950,359.7112,0.0236,3.7833,-0.2237,-0.0036,-0.0078,1.0000
21.8480,103.66,0.2293,20.9161,-2.6481,0.7847,359.7714,359.7097,0.0247,3.7841,-0.2239,-0.0040,-0.0137,0.9999
21.8680,103.66,0.2299,20.9918,-2.6525,1.1341,359.7477,359.7085,0.0257,3.7846,-0.2228,-0.0044,-0.0198,0.9998
21.8880,103.66,0.2304,21.0675,-2.6569,1.4951,359.7240,359.7076,0.0267,3.7849,-0.2203,-0.0048,-0.0261,0.9996
21.9080,103.66,0.2309,21.1432,-2.6613,1.8669,359.7003,359.7071,0.0277,3.7849,-0.2165,-0.0052,-0.0326,0.9995
21.9280,103.66,0.2315,21.2189,-2.6655,2.2489,359.6769,359.7070,0.0287,3.7846,-0.2112,-0.0056,-0.0392,0.9992
21.9480,103.66,0.2321,21.2946,-2.6696,2.6402,359.6537,359.7072,0.0297,3.7841,-0.2045,-0.0060,-0.0461,0.9989
21.9680,103.66,0.2327,21.3702,-2.6735,3.0403,359.6307,359.7079,0.0307,3.7832,-0.1963,-0.0064,-0.0530,0.9986
21.9880,103.66,0.2334,21.4459,-2.6772,3.4484,359.6081,359.7089,0.0316,3.7821,-0.1867,-0.0068,-0.0602,0.9982
22.0080,103.66,0.2340,21.5215,-2.6807,3.8640,359.5858,359.7104,0.0326,3.7805,-0.1756,-0.0072,-0.0674,0.9977
22.0280,103.66,0.2347,21.5971,-2.6840,4.2865,359.5640,359.7122,0.0335,3.7787,-0.1630,-0.0076,-0.0747,0.9972
22.0480,103.66,0.2354,21.6726,-2.6870,4.7153,359.5427,359.7146,0.0344,3.7764,-0.1489,-0.0080,-0.0822,0.9966
22.0680,103.66,0.2361,21.7481,-2.6896,5.1498,359.5219,359.7174,0.0352,3.7738,-0.1334,-0.0083,-0.0898,0.9959
22.0880,103.66,0.2368,21.8235,-2.6920,5.5895,359.5017,359.7207,0.0360,3.7708,-0.1163,-0.0087,-0.0974,0.9952
22.1080,103.66,0.2375,21.8989,-2.6939,6.0340,359.4820,359.7244,0.0368,3.7674,-0.0978,-0.0090,-0.1051,0.9944
22.1280,103.66,0.2383,21.9742,-2.6955,6.4826,359.4630,359.7287,0.0375,3.7635,-0.0777,-0.0093,-0.1129,0.9936
22.1480,103.66,0.2391,22.0494,-2.6966,6.9351,359.4446,359.7334,0.0382,3.7592,-0.0562,-0.0096,-0.1207,0.9926
22.1680,103.66,0.2398,22.1244,-2.6973,7.3909,359.4269,359.7386,0.0389,3.7544,-0.0332,-0.0099,-0.1286,0.9916
22.1880,103.66,0.2406,22.1994,-2.6974,7.8497,359.4099,359.7444,0.0395,3.7492,-0.0087,-0.0102,-0.1366,0.9906
22.2080,103.66,0.2414,22.2743,-2.6971,8.3109,359.3936,359.7506,0.0400,3.7435,0.0173,-0.0105,-0.1445,0.9894
22.2280,103.66,0.2422,22.3491,-2.6962,8.7743,359.3781,359.7574,0.0405,3.7372,0.0448,-0.0107,-0.1525,0.9882
22.2480,103.66,0.2431,22.4237,-2.6947,9.2394,359.3633,359.7648,0.0410,3.7305,0.0737,-0.0110,-0.1606,0.9870
22.2680,103.66,0.2439,22.4982,-2.6926,9.7059,359.3493,359.7726,0.0414,3.7227,0.1039,-0.0112,-0.1686,0.9856
22.2880,103.66,0.2447,22.5724,-2.6899,10.1729,359.3362,359.7809,0.0417,3.7136,0.1356,-0.0114,-0.1766,0.9842
22.3080,103.66,0.2456,22.6465,-2.6865,10.6397,359.3239,359.7898,0.0420,3.7033,0.1686,-0.0116,-0.1846,0.9827
22.3280,103.66,0.2464,22.7203,-2.6825,11.1058,359.3126,359.7990,0.0421,3.6917,0.2030,-0.0118,-0.1926,0.9812
22.3480,103.66,0.2472,22.7939,-2.6777,11.5704,359.3023,359.8088,0.0423,3.6789,0.2386,-0.0119,-0.2006,0.9796
22.3680,103.66,0.2481,22.8672,-2.6722,12.0330,359.2930,359.8189,0.0423,3.6649,0.2755,-0.0121,-0.2085,0.9780
22.3880,103.66,0.2489,22.9402,-2.6659,12.4928,359.2847,359.8295,0.0423,3.6498,0.3137,-0.0122,-0.2163,0.9762
22.4080,103.66,0.2498,23.0129,-2.6588,12.9494,359.2775,359.8405,0.0422,3.6336,0.3531,-0.0123,-0.2241,0.9745
22.4280,104.37,0.2506,23.0853,-2.6510,13.4023,359.2715,359.8517,0.0420,3.6162,0.3937,-0.0124,-0.2318,0.9727
22.4480,104.37,0.2515,23.1572,-2.6423,13.8508,359.2665,359.8634,0.0418,3.5978,0.4355,-0.0124,-0.2394,0.9708
22.4680,104.37,0.2523,23.2288,-2.6327,14.2944,359.2628,359.8754,0.0414,3.5783,0.4784,-0.0125,-0.2469,0.9690
22.4880,104.37,0.2531,23.3000,-2.6222,14.7328,359.2602,359.8877,0.0411,3.5579,0.5223,-0.0125,-0.2543,0.9670
22.5080,104.37,0.2539,23.3707,-2.6109,15.1654,359.2589,359.9002,0.0406,3.5364,0.5674,-0.0125,-0.2616,0.9651
22.5280,104.37,0.2547,23.4410,-2.5986,15.5919,359.2587,359.9130,0.0401,3.5140,0.6134,-0.0125,-0.2688,0.9631
22.5480,104.37,0.2555,23.5108,-2.5854,16.0117,359.2597,359.9261,0.0395,3.4906,0.6605,-0.0124,-0.2758,0.9611
22.5680,104.37,0.2563,23.5801,-2.5712,16.4246,359.2620,359.9393,0.0389,3.4664,0.7085,-0.0124,-0.2828,0.9591
22.5880,104.37,0.2570,23.6490,-2.5561,16.8301,359.2655,359.9527,0.0382,3.4413,0.7575,-0.0123,-0.2895,0.9571
22.6080,104.37,0.2578,23.7173,-2.5399,17.2280,359.2702,359.9663,0.0374,3.4154,0.8073,-0.0122,-0.2962,0.9551
22.6280,104.37,0.2585,23.7851,-2.5228,17.6178,359.2762,359.9800,0.0366,3.3887,0.8580,-0.0120,-0.3027,0.9530
22.6480,104.37,0.2592,23.8523,-2.5046,17.9994,359.2833,359.9938,0.0357,3.3613,0.9096,-0.0119,-0.3090,0.9510
22.6680,104.37,0.2599,23.9190,-2.4853,18.3724,359.2916,0.0077,0.0348,3.3332,0.9620,-0.0117,-0.3152,0.9490
22.6880,104.37,0.2606,23.9850,-2.4650,18.7365,359.3011,0.0215,0.0338,3.3043,1.0151,-0.0116,-0.3212,0.9469
22.7080,104.37,0.2613,24.0505,-2.4437,19.0916,359.3118,0.0355,0.0327,3.2748,1.0690,-0.0113,-0.3271,0.9449
22.7280,104.37,0.2619,24.1154,-2.4212,19.4374,359.3237,0.0493,0.0316,3.2447,1.1235,-0.0111,-0.3328,0.9429
22.7480,104.37,0.2625,24.1797,-2.3976,19.7736,359.3366,0.0631,0.0305,3.2141,1.1788,-0.0109,-0.3383,0.9410
22.7680,104.37,0.2631,24.2434,-2.3729,20.1002,359.3507,0.0769,0.0293,3.1828,1.2347,-0.0106,-0.3437,0.9390
22.7880,104.37,0.2637,24.3064,-2.3471,20.4169,359.3658,0.0904,0.0281,3.1511,1.2912,-0.0104,-0.3488,0.9371
22.8080,104.37,0.2642,24.3688,-2.3201,20.7236,359.3820,0.1039,0.0269,3.1188,1.3483,-0.0101,-0.3539,0.9352
22.8280,104.37,0.2647,24.4305,-2.2920,21.0202,359.3992,0.1171,0.0256,3.0862,1.4060,-0.0098,-0.3587,0.9334
22.8480,104.37,0.2652,24.4916,-2.2627,21.3065,359.4173,0.1300,0.0243,3.0531,1.4642,-0.0095,-0.3634,0.9316
22.8680,104.37,0.2657,24.5520,-2.2322,21.5824,359.4363,0.1427,0.0230,3.0196,1.5229,-0.0091,-0.3678,0.9298
22.8880,104.37,0.2661,24.6117,-2.2006,21.8479,359.4563,0.1551,0.0216,2.9857,1.5820,-0.0088,-0.3721,0.9281
22.9080,104.37,0.2665,24.6707,-2.1678,22.1029,359.4770,0.1671,0.0202,2.9516,1.6416,-0.0085,-0.3763,0.9265
22.9280,104.37,0.2669,24.7291,-2.1337,22.3473,359.4986,0.1787,0.0188,2.9171,1.7016,-0.0081,-0.3802,0.9249
22.9480,104.37,0.2672,24.7867,-2.0985,22.5810,359.5209,0.1899,0.0174,2.8824,1.7619,-0.0077,-0.3840,0.9233
22.9680,104.37,0.2675,24.8437,-2.0620,22.8042,359.5439,0.2006,0.0160,2.8474,1.8227,-0.0073,-0.3876,0.9218
22.9880,104.37,0.2678,24.8999,-2.0244,23.0166,359.5675,0.2107,0.0146,2.8123,1.8837,-0.0069,-0.3910,0.9204
23.0080,104.37,0.2681,24.9555,-1.9855,23.2184,359.5917,0.2204,0.0132,2.7770,1.9450,-0.0065,-0.3942,0.9190
23.0280,104.37,0.2683,25.0103,-1.9453,23.4096,359.6164,0.2294,0.0117,2.7415,2.0066,-0.0061,-0.3973,0.9177
23.0480,104.37,0.2685,25.0644,-1.9040,23.5900,359.6416,0.2378,0.0103,2.7059,2.0684,-0.0057,-0.4002,0.9164
23.0680,104.37,0.2687,25.1178,-1.8614,23.7599,359.6672,0.2455,0.0089,2.6701,2.1304,-0.0053,-0.4029,0.9152
23.0880,104.37,0.2689,25.1705,-1.8175,23.9192,359.6931,0.2525,0.0075,2.6344,2.1926,-0.0049,-0.4054,0.9141
23.1080,104.37,0.2690,25.2225,-1.7724,24.0680,359.7193,0.2588,0.0061,2.5985,2.2550,-0.0045,-0.4078,0.9131
23.1280,104.37,0.2691,25.2737,-1.7261,24.2063,359.7458,0.2643,0.0048,2.5627,2.3175,-0.0040,-0.4100,0.9121
23.1480,104.37,0.2691,25.3243,-1.6785,24.3343,359.7724,0.2690,0.0034,2.5268,2.3800,-0.0036,-0.4121,0.9111
23.1680,104.37,0.2692,25.3741,-1.6296,24.4519,359.7991,0.2729,0.0021,2.4910,2.4427,-0.0032,-0.4139,0.9103
23.1880,104.37,0.2692,25.4232,-1.5795,24.5594,359.8259,0.2759,0.0008,2.4553,2.5054,-0.0028,-0.4156,0.9095
23.2080,104.37,0.2692,25.4716,-1.5281,24.6567,359.8526,0.2781,-0.0005,2.4195,2.5681,-0.0023,-0.4172,0.9088
23.2280,104.37,0.2692,25.5193,-1.4755,24.7440,359.8793,0.2793,-0.0017,2.3839,2.6307,-0.0019,-0.4186,0.9082
23.2480,104.37,0.2691,25.5662,-1.4216,24.8214,359.9058,0.2796,-0.0029,2.3484,2.6934,-0.0015,-0.4198,0.9076
23.2680,104.37,0.2690,25.6125,-1.3665,24.8890,359.9321,0.2789,-0.0040,2.3131,2.7560,-0.0011,-0.4209,0.9071
23.2880,104.37,0.2689,25.6581,-1.3102,24.9470,359.9582,0.2773,-0.0051,2.2778,2.8185,-0.0007,-0.4218,0.9067
23.3080,104.37,0.2688,25.7029,-1.2525,24.9955,359.9839,0.2747,-0.0062,2.2428,2.8809,-0.0003,-0.4225,0.9063
23.3280,104.37,0.2686,25.7471,-1.1937,25.0346,0.0092,0.2712,-0.0072,2.2079,2.9431,0.0001,-0.4232,0.9061
23.3480,104.37,0.2685,25.7905,-1.1336,25.0645,0.0341,0.2666,-0.0081,2.1732,3.0052,0.0005,-0.4236,0.9058
23.3680,104.37,0.2683,25.8333,-1.0722,25.0853,0.0586,0.2610,-0.0090,2.1387,3.0671,0.0009,-0.4240,0.9057
23.3880,104.37,0.2681,25.8754,-1.0097,25.0972,0.0824,0.2545,-0.0099,2.1045,3.1288,0.0013,-0.4242,0.9056
23.4080,104.37,0.2679,25.9168,-0.9459,25.1003,0.1057,0.2469,-0.0106,2.0705,3.1902,0.0017,-0.4242,0.9056
23.4280,99.76,0.2677,25.9575,-0.8808,25.0948,0.1284,0.2384,-0.0113,2.0368,3.2514,0.0020,-0.4241,0.9056
23.4480,99.76,0.2674,25.9976,-0.8146,25.0809,0.1503,0.2288,-0.0120,2.0033,3.3123,0.0024,-0.4239,0.9057
23.4680,99.76,0.2672,26.0370,-0.7471,25.0588,0.1715,0.2183,-0.0126,1.9702,3.3729,0.0027,-0.4235,0.9059
23.4880,99.76,0.2669,26.0758,-0.6785,25.0286,0.1920,0.2069,-0.0131,1.9373,3.4332,0.0030,-0.4231,0.9061
23.5080,99.76,0.2666,26.1139,-0.6086,24.9905,0.2116,0.1945,-0.0135,1.9048,3.4931,0.0033,-0.4225,0.9064
23.5280,99.76,0.2664,26.1513,-0.5375,24.9447,0.2304,0.1812,-0.0138,1.8725,3.5527,0.0036,-0.4217,0.9067
23.5480,99.76,0.2661,26.1881,-0.4653,24.8913,0.2484,0.1670,-0.0141,1.8406,3.6119,0.0039,-0.4209,0.9071
23.5680,99.76,0.2658,26.2243,-0.3919,24.8306,0.2654,0.1520,-0.0143,1.8090,3.6706,0.0042,-0.4199,0.9075
23.5880,99.76,0.2655,26.2599,-0.3173,24.7628,0.2814,0.1362,-0.0145,1.7778,3.7289,0.0045,-0.4189,0.9080
23.6080,99.76,0.2652,26.2948,-0.2416,24.6880,0.2965,0.1195,-0.0145,1.7469,3.7868,0.0047,-0.4177,0.9086
23.6280,99.76,0.2649,26.3291,-0.1647,24.6065,0.3107,0.1021,-0.0145,1.7164,3.8442,0.0049,-0.4164,0.9092
23.6480,99.76,0.2646,26.3628,-0.0867,24.5184,0.3238,0.0840,-0.0144,1.6863,3.9010,0.0051,-0.4150,0.9098
23.6680,99.76,0.2644,26.3960,-0.0075,24.4239,0.3359,0.0652,-0.0142,1.6565,3.9574,0.0053,-0.4135,0.9105
23.6880,99.76,0.2641,26.4285,0.0727,24.3232,0.3470,0.0458,-0.0139,1.6271,4.0133,0.0055,-0.4119,0.9112
23.7080,99.76,0.2638,26.4605,0.1541,24.2165,0.3570,0.0258,-0.0136,1.5981,4.0686,0.0057,-0.4102,0.9120
23.7280,99.76,0.2636,26.4919,0.2366,24.1041,0.3660,0.0053,-0.0131,1.5695,4.1234,0.0058,-0.4084,0.9128
23.7480,99.76,0.2633,26.5227,0.3201,23.9861,0.3740,359.9843,-0.0126,1.5413,4.1775,0.0060,-0.4065,0.9136
23.7680,99.76,0.2631,26.5530,0.4048,23.8627,0.3809,359.9629,-0.0120,1.5135,4.2311,0.0061,-0.4045,0.9145
23.7880,99.76,0.2628,26.5827,0.4904,23.7341,0.3867,359.9410,-0.0113,1.4861,4.2841,0.0062,-0.4025,0.9154
23.8080,99.76,0.2626,26.6119,0.5772,23.6005,0.3915,359.9189,-0.0106,1.4591,4.3364,0.0063,-0.4004,0.9163
23.8280,99.76,0.2624,26.6405,0.6649,23.4621,0.3953,359.8965,-0.0098,1.4325,4.3881,0.0063,-0.3981,0.9173
23.8480,99.76,0.2622,26.6687,0.7537,23.3191,0.3980,359.8739,-0.0088,1.4063,4.4392,0.0064,-0.3959,0.9183
23.8680,99.76,0.2621,26.6963,0.8435,23.1716,0.3997,359.8511,-0.0079,1.3805,4.4896,0.0064,-0.3935,0.9193
23.8880,99.76,0.2620,26.7234,0.9343,23.0200,0.4005,359.8282,-0.0068,1.3551,4.5393,0.0064,-0.3911,0.9203
23.9080,99.76,0.2618,26.7500,1.0261,22.8644,0.4002,359.8053,-0.0057,1.3301,4.5884,0.0064,-0.3886,0.9214
23.9280,99.76,0.2618,26.7761,1.1188,22.7049,0.3990,359.7824,-0.0045,1.3056,4.6367,0.0064,-0.3860,0.9225
23.9480,99.76,0.2617,26.8017,1.2125,22.5418,0.3969,359.7596,-0.0032,1.2814,4.6844,0.0064,-0.3834,0.9236
23.9680,99.76,0.2617,26.8269,1.3071,22.3752,0.3938,359.7369,-0.0019,1.2577,4.7313,0.0064,-0.3807,0.9247
23.9880,99.76,0.2616,26.8516,1.4027,22.2054,0.3898,359.7144,-0.0005,1.2343,4.7775,0.0063,-0.3779,0.9258
24.0080,99.76,0.2617,26.8758,1.4991,22.0325,0.3850,359.6921,0.0010,1.2114,4.8230,0.0062,-0.3751,0.9270
24.0280,99.76,0.2617,26.8996,1.5965,21.8567,0.3793,359.6702,0.0025,1.1889,4.8678,0.0061,-0.3723,0.9281
24.0480,99.76,0.2618,26.9229,1.6947,21.6781,0.3728,359.6485,0.0041,1.1667,4.9118,0.0060,-0.3694,0.9293
24.0680,99.76,0.2619,26.9469,1.7944,21.4641,0.3687,359.6286,0.0064,1.2021,4.9852,0.0060,-0.3659,0.9306
24.0880,99.76,0.2621,26.9712,1.8954,21.2114,0.3672,359.6107,0.0085,1.2133,5.0486,0.0060,-0.3618,0.9322
24.1080,99.76,0.2623,26.9960,1.9977,20.9233,0.3680,359.5944,0.0107,1.2380,5.1150,0.0060,-0.3571,0.9340
24.1280,99.76,0.2626,27.0211,2.1012,20.6009,0.3709,359.5798,0.0130,1.2555,5.1770,0.0061,-0.3519,0.9360
24.1480,99.76,0.2629,27.0466,2.2060,20.2465,0.3758,359.5666,0.0152,1.2771,5.2383,0.0062,-0.3461,0.9382
24.1680,99.76,0.2632,27.0726,2.3119,19.8616,0.3826,359.5547,0.0175,1.2967,5.2968,0.0063,-0.3397,0.9405
24.1880,99.76,0.2636,27.0989,2.4190,19.4479,0.3909,359.5439,0.0199,1.3177,5.3534,0.0064,-0.3329,0.9429
24.2080,99.76,0.2641,27.1257,2.5272,19.0070,0.4007,359.5342,0.0222,1.3382,5.4076,0.0066,-0.3257,0.9455
24.2280,99.76,0.2646,27.1529,2.6364,18.5404,0.4118,359.5254,0.0246,1.3591,5.4595,0.0068,-0.3180,0.9481
24.2480,99.76,0.2651,27.1805,2.7465,18.0497,0.4240,359.5174,0.0269,1.3801,5.5089,0.0070,-0.3098,0.9508
24.2680,99.76,0.2657,27.2085,2.8577,17.5363,0.4372,359.5102,0.0293,1.4012,5.5558,0.0073,-0.3013,0.9535
24.2880,99.76,0.2663,27.2370,2.9697,17.0015,0.4512,359.5035,0.0317,1.4224,5.6001,0.0075,-0.2924,0.9563
24.3080,99.76,0.2670,27.2659,3.0825,16.4466,0.4658,359.4974,0.0341,1.4437,5.6418,0.0078,-0.2831,0.9591
24.3280,99.76,0.2677,27.2952,3.1961,15.8730,0.4810,359.4918,0.0365,1.4650,5.6808,0.0081,-0.2735,0.9618
24.3480,99.76,0.2685,27.3249,3.3105,15.2818,0.4967,359.4866,0.0390,1.4864,5.7170,0.0084,-0.2636,0.9646
24.3680,99.76,0.2693,27.3551,3.4255,14.6743,0.5126,359.4817,0.0414,1.5078,5.7505,0.0087,-0.2533,0.9673
24.3880,99.76,0.2702,27.3857,3.5411,14.0514,0.5287,359.4772,0.0438,1.5291,5.7812,0.0090,-0.2428,0.9700
24.4080,99.76,0.2711,27.4167,3.6573,13.4144,0.5450,359.4729,0.0462,1.5504,5.8090,0.0093,-0.2320,0.9727
24.4280,99.76,0.2721,27.4482,3.7740,12.7643,0.5612,359.4689,0.0485,1.5716,5.8339,0.0096,-0.2209,0.9752
24.4480,102.07,0.2731,27.4800,3.8911,12.1020,0.5774,359.4652,0.0509,1.5927,5.8560,0.0099,-0.2097,0.9777
24.4680,102.07,0.2742,27.5123,4.0086,11.4284,0.5934,359.4617,0.0533,1.6136,5.8752,0.0102,-0.1981,0.9801
24.4880,102.07,0.2753,27.5450,4.1264,10.7446,0.6092,359.4584,0.0556,1.6343,5.8915,0.0104,-0.1864,0.9824
24.5080,102.07,0.2765,27.5781,4.2445,10.0514,0.6247,359.4554,0.0579,1.6548,5.9048,0.0107,-0.1745,0.9846
24.5280,102.07,0.2777,27.6117,4.3629,9.3496,0.6399,359.4526,0.0602,1.6751,5.9153,0.0110,-0.1625,0.9867
24.5480,102.07,0.2789,27.6456,4.4813,8.6401,0.6546,359.4501,0.0625,1.6950,5.9228,0.0113,-0.1502,0.9886
24.5680,102.07,0.2802,27.6799,4.5999,7.9235,0.6690,359.4478,0.0647,1.7145,5.9274,0.0116,-0.1379,0.9904
24.5880,102.07,0.2816,27.7146,4.7184,7.2007,0.6829,359.4458,0.0669,1.7337,5.9291,0.0118,-0.1253,0.9920
24.6080,102.07,0.2829,27.7496,4.8370,6.4724,0.6963,359.4442,0.0691,1.7524,5.9280,0.0121,-0.1127,0.9936
24.6280,102.07,0.2844,27.7851,4.9555,5.7391,0.7091,359.4428,0.0713,1.7707,5.9240,0.0123,-0.1000,0.9949
24.6480,102.07,0.2858,27.8209,5.0738,5.0017,0.7214,359.4418,0.0733,1.7885,5.9171,0.0125,-0.0872,0.9961
24.6680,102.07,0.2873,27.8570,5.1920,4.2607,0.7332,359.4412,0.0754,1.8058,5.9074,0.0128,-0.0743,0.9972
24.6880,102.07,0.2889,27.8935,5.3099,3.5166,0.7443,359.4410,0.0774,1.8225,5.8949,0.0130,-0.0613,0.9980
24.7080,102.07,0.2905,27.9303,5.4275,2.7701,0.7548,359.4412,0.0794,1.8386,5.8796,0.0132,-0.0483,0.9987
24.7280,102.07,0.2921,27.9674,5.5447,2.0218,0.7647,359.4419,0.0813,1.8540,5.8616,0.0133,-0.0353,0.9993
24.7480,102.07,0.2938,28.0048,5.6615,1.2720,0.7740,359.4430,0.0831,1.8688,5.8408,0.0135,-0.0222,0.9997
24.7680,102.07,0.2955,28.0424,5.7779,0.5215,0.7827,359.4446,0.0849,1.8821,5.8173,0.0137,-0.0091,0.9999
24.7880,102.07,0.2972,28.0803,5.8937,359.7712,0.7906,359.4467,0.0866,1.8940,5.7911,0.0138,0.0040,0.9999
24.8080,102.07,0.2990,28.1184,6.0090,359.0219,0.7978,359.4493,0.0882,1.9043,5.7623,0.0139,0.0171,0.9998
24.8280,102.07,0.3008,28.1567,6.1236,358.2743,0.8042,359.4523,0.0898,1.9132,5.7308,0.0140,0.0301,0.9994
24.8480,102.07,0.3026,28.1951,6.2375,357.5293,0.8098,359.4558,0.0913,1.9205,5.6968,0.0141,0.0431,0.9990
24.8680,102.07,0.3044,28.2337,6.3507,356.7875,0.8145,359.4597,0.0927,1.9264,5.6603,0.0142,0.0560,0.9983
24.8880,102.07,0.3063,28.2723,6.4631,356.0496,0.8184,359.4641,0.0940,1.9307,5.6214,0.0142,0.0689,0.9975
24.9080,102.07,0.3082,28.3110,6.5747,355.3164,0.8213,359.4690,0.0953,1.9336,5.5802,0.0143,0.0817,0.9966
24.9280,102.07,0.3101,28.3497,6.6855,354.5885,0.8234,359.4743,0.0964,1.9350,5.5368,0.0143,0.0943,0.9954
24.9480,102.07,0.3121,28.3885,6.7953,353.8665,0.8244,359.4800,0.0975,1.9350,5.4911,0.0143,0.1068,0.9942
24.9680,102.07,0.3141,28.4272,6.9042,353.1510,0.8245,359.4862,0.0985,1.9335,5.4433,0.0143,0.1193,0.9928
24.9880,102.07,0.3161,28.4658,7.0120,352.4426,0.8236,359.4928,0.0995,1.9305,5.3934,0.0142,0.1315,0.9912
25.0080,102.07,0.3181,28.5043,7.1189,351.7418,0.8217,359.4999,0.1003,1.9262,5.3416,0.0142,0.1436,0.9895
25.0280,102.07,0.3201,28.5428,7.2246,351.0492,0.8187,359.5074,0.1011,1.9205,5.2878,0.0141,0.1556,0.9877
25.0480,102.07,0.3221,28.5810,7.3293,350.3652,0.8147,359.5153,0.1018,1.9134,5.2321,0.0140,0.1674,0.9858
25.0680,102.07,0.3242,28.6192,7.4327,349.6904,0.8097,359.5236,0.1025,1.9050,5.1747,0.0139,0.1790,0.9838
25.0880,102.07,0.3262,28.6571,7.5351,349.0251,0.8036,359.5324,0.1031,1.8953,5.1155,0.0138,0.1904,0.9816
25.1080,102.07,0.3283,28.6948,7.6361,348.3698,0.7964,359.5415,0.1036,1.8844,5.0546,0.0136,0.2016,0.9794
25.1280,102.07,0.3304,28.7322,7.7360,347.7249,0.7881,359.5511,0.1040,1.8722,4.9921,0.0134,0.2126,0.9770
25.1480,102.07,0.3325,28.7694,7.8345,347.0908,0.7788,359.5612,0.1044,1.8587,4.9281,0.0132,0.2234,0.9746
25.1680,102.07,0.3346,28.8063,7.9318,346.4677,0.7684,359.5716,0.1047,1.8441,4.8626,0.0130,0.2340,0.9722
25.1880,102.07,0.3367,28.8429,8.0277,345.8562,0.7569,359.5824,0.1049,1.8284,4.7957,0.0128,0.2444,0.9696
25.2080,102.07,0.3388,28.8792,8.1222,345.2564,0.7444,359.5936,0.1051,1.8116,4.7274,0.0126,0.2545,0.9670
25.2280,102.07,0.3409,28.9150,8.2154,344.6687,0.7307,359.6052,0.1052,1.7936,4.6578,0.0123,0.2644,0.9643
25.2480,102.07,0.3430,28.9506,8.3071,344.0933,0.7161,359.6171,0.1053,1.7747,4.5870,0.0120,0.2741,0.9616
25.2680,102.07,0.3451,28.9857,8.3974,343.5304,0.7004,359.6294,0.1053,1.7547,4.5149,0.0117,0.2835,0.9589
25.2880,102.07,0.3472,29.0204,8.4863,342.9804,0.6837,359.6421,0.1053,1.7338,4.4417,0.0114,0.2927,0.9561
25.3080,102.07,0.3493,29.0546,8.5736,342.4434,0.6660,359.6551,0.1052,1.7120,4.3674,0.0111,0.3016,0.9534
25.3280,102.07,0.3514,29.0884,8.6594,341.9196,0.6472,359.6683,0.1050,1.6892,4.2920,0.0107,0.3104,0.9506
25.3480,102.07,0.3535,29.1217,8.7438,341.4091,0.6276,359.6819,0.1049,1.6657,4.2157,0.0104,0.3188,0.9478
25.3680,102.07,0.3556,29.1546,8.8265,340.9122,0.6070,359.6958,0.1046,1.6413,4.1384,0.0100,0.3270,0.9450
25.3880,102.07,0.3577,29.1869,8.9077,340.4290,0.5854,359.7100,0.1044,1.6161,4.0602,0.0096,0.3350,0.9422
25.4080,102.07,0.3598,29.2187,8.9873,339.9596,0.5630,359.7244,0.1041,1.5902,3.9811,0.0092,0.3427,0.9394
25.4280,102.07,0.3618,29.2500,9.0654,339.5040,0.5398,359.7390,0.1038,1.5636,3.9012,0.0088,0.3501,0.9367
25.4480,97.22,0.3639,29.2807,9.1418,339.0625,0.5157,359.7538,0.1034,1.5363,3.8206,0.0084,0.3573,0.9339
25.4680,97.22,0.3660,29.3109,9.2166,338.6350,0.4908,359.7688,0.1030,1.5084,3.7392,0.0080,0.3643,0.9312
25.4880,97.22,0.3680,29.3405,9.2897,338.2216,0.4652,359.7839,0.1026,1.4800,3.6572,0.0075,0.3710,0.9286
25.5080,97.22,0.3700,29.3695,9.3612,337.8224,0.4389,359.7992,0.1021,1.4509,3.5745,0.0071,0.3775,0.9260
25.5280,97.22,0.3721,29.3980,9.4310,337.4374,0.4120,359.8145,0.1017,1.4214,3.4911,0.0066,0.3837,0.9234
25.5480,97.22,0.3741,29.4258,9.4991,337.0667,0.3844,359.8300,0.1012,1.3914,3.4073,0.0062,0.3897,0.9209
25.5680,97.22,0.3761,29.4530,9.5656,336.7101,0.3563,359.8454,0.1007,1.3609,3.3228,0.0057,0.3954,0.9185
25.5880,97.22,0.3781,29.4796,9.6304,336.3678,0.3276,359.8609,0.1002,1.3300,3.2379,0.0052,0.4009,0.9161
25.6080,97.22,0.3801,29.5056,9.6934,336.0397,0.2985,359.8764,0.0996,1.2988,3.1526,0.0048,0.4061,0.9138
25.6280,97.22,0.3821,29.5309,9.7547,335.7258,0.2689,359.8918,0.0991,1.2672,3.0668,0.0043,0.4111,0.9116
25.6480,97.22,0.3841,29.5556,9.8144,335.4260,0.2390,359.9071,0.0985,1.2353,2.9806,0.0038,0.4159,0.9094
25.6680,97.22,0.3860,29.5797,9.8722,335.1403,0.2088,359.9223,0.0980,1.2031,2.8941,0.0033,0.4204,0.9073
25.6880,97.22,0.3880,29.6031,9.9284,334.8686,0.1783,359.9374,0.0974,1.1707,2.8072,0.0028,0.4247,0.9053
25.7080,97.22,0.3899,29.6259,9.9828,334.6109,0.1477,359.9523,0.0968,1.1381,2.7201,0.0023,0.4288,0.9034
25.7280,97.22,0.3918,29.6480,10.0354,334.3671,0.1168,359.9669,0.0962,1.1054,2.6327,0.0018,0.4326,0.9016
25.7480,97.22,0.3937,29.6695,10.0863,334.1371,0.0859,359.9814,0.0957,1.0724,2.5451,0.0013,0.4362,0.8998
25.7680,97.22,0.3956,29.6902,10.1355,333.9208,0.0550,-0.0044,0.0951,1.0394,2.4573,0.0009,0.4396,0.8982
25.7880,97.22,0.3975,29.7104,10.1829,333.7181,0.0241,0.0095,0.0945,1.0063,2.3693,0.0004,0.4428,0.8966
25.8080,97.22,0.3994,29.7298,10.2285,333.5289,359.9933,0.0231,0.0940,0.9731,2.2812,-0.0001,0.4457,0.8952
25.8280,97.22,0.4013,29.7486,10.2723,333.3530,359.9627,0.0363,0.0934,0.9399,2.1929,-0.0006,0.4485,0.8938
25.8480,97.22,0.4031,29.7668,10.3144,333.1905,359.9322,0.0491,0.0929,0.9067,2.1046,-0.0011,0.4510,0.8925
25.8680,97.22,0.4050,29.7843,10.3548,333.0410,359.9020,0.0616,0.0924,0.8736,2.0163,-0.0015,0.4534,0.8913
25.8880,97.22,0.4068,29.8011,10.3933,332.9045,359.8721,0.0736,0.0918,0.8405,1.9279,-0.0020,0.4555,0.8902
25.9080,97.22,0.4087,29.8172,10.4301,332.7809,359.8427,0.0852,0.0913,0.8075,1.8395,-0.0024,0.4574,0.8893
25.9280,97.22,0.4105,29.8327,10.4651,332.6700,359.8136,0.0963,0.0908,0.7746,1.7512,-0.0029,0.4591,0.8884
25.9480,97.22,0.4123,29.8475,10.4984,332.5717,359.7849,0.1070,0.0904,0.7418,1.6629,-0.0033,0.4606,0.8876
25.9680,97.22,0.4141,29.8617,10.5299,332.4857,359.7569,0.1171,0.0899,0.7092,1.5747,-0.0038,0.4620,0.8869
25.9880,97.22,0.4159,29.8753,10.5596,332.4120,359.7294,0.1267,0.0895,0.6767,1.4866,-0.0042,0.4631,0.8863
26.0080,97.22,0.4176,29.8881,10.5876,332.3503,359.7025,0.1358,0.0891,0.6445,1.3986,-0.0046,0.4641,0.8858
26.0280,97.22,0.4194,29.9004,10.6138,332.3006,359.6763,0.1444,0.0887,0.6125,1.3108,-0.0050,0.4648,0.8854
26.0480,97.22,0.4212,29.9120,10.6383,332.2626,359.6508,0.1524,0.0883,0.5808,1.2232,-0.0054,0.4654,0.8851
26.0680,97.22,0.4229,29.9230,10.6610,332.2361,359.6260,0.1599,0.0879,0.5493,1.1358,-0.0058,0.4658,0.8849
26.0880,97.22,0.4247,29.9334,10.6820,332.2210,359.6021,0.1669,0.0876,0.5181,1.0487,-0.0061,0.4661,0.8847
26.1080,97.22,0.4264,29.9431,10.7012,332.2171,359.5789,0.1732,0.0873,0.4872,0.9618,-0.0065,0.4661,0.8847
26.1280,97.22,0.4282,29.9522,10.7187,332.2242,359.5567,0.1791,0.0870,0.4566,0.8752,-0.0068,0.4660,0.8848
26.1480,97.22,0.4299,29.9608,10.7345,332.2422,359.5353,0.1844,0.0867,0.4264,0.7889,-0.0072,0.4657,0.8849
26.1680,97.22,0.4316,29.9687,10.7485,332.2707,359.5148,0.1891,0.0864,0.3965,0.7029,-0.0075,0.4653,0.8851
26.1880,97.22,0.4334,29.9760,10.7609,332.3098,359.4952,0.1934,0.0862,0.3670,0.6173,-0.0078,0.4647,0.8854
26.2080,97.22,0.4351,29.9828,10.7715,332.3590,359.4767,0.1970,0.0860,0.3379,0.5320,-0.0081,0.4639,0.8858
26.2280,97.22,0.4368,29.9890,10.7805,332.4183,359.4590,0.2002,0.0858,0.3092,0.4472,-0.0084,0.4630,0.8863
26.2480,97.22,0.4385,29.9946,10.7877,332.4875,359.4424,0.2029,0.0856,0.2810,0.3628,-0.0086,0.4619,0.8869
26.2680,97.22,0.4402,29.9997,10.7933,332.5664,359.4268,0.2051,0.0855,0.2531,0.2788,-0.0089,0.4607,0.8875
26.2880,97.22,0.4419,30.0042,10.7972,332.6547,359.4122,0.2069,0.0854,0.2257,0.1953,-0.0091,0.4594,0.8882
26.3080,97.22,0.4436,30.0082,10.7994,332.7523,359.3986,0.2082,0.0853,0.1988,0.1123,-0.0093,0.4578,0.8890
26.3280,97.22,0.4453,30.0116,10.8000,332.8590,359.3860,0.2091,0.0852,0.1723,0.0298,-0.0095,0.4562,0.8898
26.3480,97.22,0.4470,30.0145,10.7990,332.9746,359.3745,0.2096,0.0851,0.1463,-0.0522,-0.0097,0.4544,0.8908
26.3680,97.22,0.4487,30.0169,10.7963,333.0988,359.3640,0.2097,0.0851,0.1207,-0.1336,-0.0099,0.4525,0.8917
26.3880,97.22,0.4504,30.0189,10.7920,333.2315,359.3545,0.2094,0.0850,0.0957,-0.2144,-0.0101,0.4504,0.8928
26.4080,97.22,0.4521,30.0203,10.7861,333.3724,359.3459,0.2088,0.0850,0.0712,-0.2947,-0.0102,0.4482,0.8939
26.4280,97.22,0.4538,30.0212,10.7787,333.5215,359.3384,0.2080,0.0850,0.0471,-0.3743,-0.0103,0.4459,0.8950
26.4480,101.84,0.4555,30.0217,10.7696,333.6784,359.3319,0.2068,0.0850,0.0236,-0.4532,-0.0105,0.4434,0.8963
26.4680,101.84,0.4572,30.0217,10.7590,333.8429,359.3264,0.2054,0.0850,0.0007,-0.5315,-0.0106,0.4408,0.8975
26.4880,101.84,0.4589,30.0213,10.7468,334.0150,359.3217,0.2038,0.0850,-0.0218,-0.6091,-0.0106,0.4381,0.8988
26.5080,101.84,0.4606,30.0204,10.7331,334.1942,359.3181,0.2019,0.0850,-0.0437,-0.6859,-0.0107,0.4353,0.9002
26.5280,101.84,0.4623,30.0191,10.7178,334.3805,359.3153,0.1999,0.0850,-0.0651,-0.7620,-0.0108,0.4324,0.9016
26.5480,101.84,0.4640,30.0174,10.7011,334.5736,359.3134,0.1978,0.0851,-0.0860,-0.8373,-0.0108,0.4294,0.9031
26.5680,101.84,0.4657,30.0153,10.6828,334.7734,359.3124,0.1955,0.0851,-0.1063,-0.9118,-0.0109,0.4262,0.9046
26.5880,101.84,0.4675,30.0127,10.6631,334.9796,359.3123,0.1931,0.0852,-0.1260,-0.9855,-0.0109,0.4229,0.9061
26.6080,101.84,0.4692,30.0098,10.6420,335.1919,359.3129,0.1907,0.0852,-0.1453,-1.0584,-0.0109,0.4196,0.9077
26.6280,101.84,0.4709,30.0066,10.6193,335.4103,359.3144,0.1883,0.0852,-0.1639,-1.1304,-0.0109,0.4161,0.9092
26.6480,101.84,0.4726,30.0029,10.5953,335.6345,359.3166,0.1858,0.0853,-0.1821,-1.2015,-0.0109,0.4126,0.9109
26.6680,101.84,0.4743,29.9989,10.5699,335.8643,359.3195,0.1833,0.0853,-0.1997,-1.2718,-0.0108,0.4089,0.9125
26.6880,101.84,0.4760,29.9946,10.5431,336.0995,359.3232,0.1808,0.0853,-0.2167,-1.3411,-0.0108,0.4051,0.9142
26.7080,101.84,0.4777,29.9899,10.5149,336.3399,359.3275,0.1784,0.0854,-0.2332,-1.4094,-0.0108,0.4013,0.9159
26.7280,101.84,0.4794,29.9849,10.4853,336.5853,359.3324,0.1761,0.0854,-0.2492,-1.4769,-0.0107,0.3974,0.9176
26.7480,101.84,0.4811,29.9797,10.4545,336.8354,359.3379,0.1739,0.0854,-0.2647,-1.5433,-0.0106,0.3934,0.9193
26.7680,101.84,0.4828,29.9741,10.4223,337.0902,359.3441,0.1717,0.0854,-0.2796,-1.6088,-0.0105,0.3893,0.9211
26.7880,101.84,0.4845,29.9682,10.3888,337.3493,359.3507,0.1697,0.0854,-0.2940,-1.6732,-0.0105,0.3851,0.9228
26.8080,101.84,0.4862,29.9620,10.3541,337.6126,359.3579,0.1678,0.0853,-0.3078,-1.7367,-0.0104,0.3809,0.9246
26.8280,101.84,0.4879,29.9556,10.3181,337.8800,359.3656,0.1661,0.0853,-0.3212,-1.7991,-0.0103,0.3765,0.9263
26.8480,101.84,0.4896,29.9489,10.2809,338.1511,359.3737,0.1645,0.0852,-0.3341,-1.8605,-0.0101,0.3722,0.9281
26.8680,101.84,0.4913,29.9420,10.2425,338.4258,359.3822,0.1631,0.0852,-0.3464,-1.9208,-0.0100,0.3677,0.9299
26.8880,101.84,0.4930,29.9348,10.2029,338.7040,359.3912,0.1619,0.0851,-0.3583,-1.9800,-0.0099,0.3632,0.9317
26.9080,101.84,0.4947,29.9275,10.1621,338.9854,359.4005,0.1609,0.0850,-0.3697,-2.0382,-0.0098,0.3586,0.9334
26.9280,101.84,0.4964,29.9198,10.1202,339.2698,359.4101,0.1600,0.0848,-0.3806,-2.0953,-0.0096,0.3540,0.9352
26.9480,101.84,0.4981,29.9120,10.0772,339.5571,359.4201,0.1594,0.0847,-0.3910,-2.1513,-0.0095,0.3493,0.9370
26.9680,101.84,0.4998,29.9040,10.0331,339.8470,359.4303,0.1590,0.0845,-0.4010,-2.2062,-0.0093,0.3445,0.9387
26.9880,101.84,0.5015,29.8958,9.9878,340.1395,359.4408,0.1588,0.0843,-0.4105,-2.2600,-0.0092,0.3397,0.9405
27.0080,101.84,0.5032,29.8874,9.9416,340.4342,359.4514,0.1588,0.0841,-0.4196,-2.3126,-0.0090,0.3349,0.9422
27.0280,101.84,0.5049,29.8789,9.8943,340.7311,359.4624,0.1590,0.0839,-0.4282,-2.3641,-0.0089,0.3300,0.9439
27.0480,101.84,0.5065,29.8701,9.8460,341.0300,359.4734,0.1594,0.0837,-0.4364,-2.4145,-0.0087,0.3251,0.9456
27.0680,101.84,0.5082,29.8613,9.7967,341.3307,359.4847,0.1601,0.0834,-0.4442,-2.4638,-0.0085,0.3201,0.9473
27.0880,101.84,0.5099,29.8522,9.7465,341.6330,359.4961,0.1609,0.0831,-0.4516,-2.5119,-0.0083,0.3151,0.9490
27.1080,101.84,0.5115,29.8431,9.6953,341.9367,359.5075,0.1620,0.0828,-0.4585,-2.5588,-0.0082,0.3101,0.9507
27.1280,101.84,0.5132,29.8338,9.6432,342.2418,359.5191,0.1633,0.0824,-0.4651,-2.6046,-0.0080,0.3050,0.9523
27.1480,101.84,0.5148,29.8243,9.5903,342.5479,359.5308,0.1647,0.0820,-0.4713,-2.6493,-0.0078,0.2999,0.9539
27.1680,101.84,0.5164,29.8148,9.5364,342.8551,359.5425,0.1664,0.0816,-0.4772,-2.6928,-0.0076,0.2948,0.9555
27.1880,101.84,0.5181,29.8051,9.4817,343.1631,359.5542,0.1682,0.0812,-0.4827,-2.7351,-0.0074,0.2896,0.9571
27.2080,101.84,0.5197,29.7954,9.4262,343.4717,359.5660,0.1702,0.0808,-0.4878,-2.7763,-0.0073,0.2845,0.9587
27.2280,101.84,0.5213,29.7855,9.3698,343.7809,359.5778,0.1724,0.0803,-0.4926,-2.8163,-0.0071,0.2793,0.9602
27.2480,101.84,0.5229,29.7756,9.3127,344.0904,359.5895,0.1748,0.0798,-0.4971,-2.8552,-0.0069,0.2741,0.9617
27.2680,101.84,0.5245,29.7656,9.2549,344.4001,359.6013,0.1773,0.0792,-0.5012,-2.8929,-0.0067,0.2689,0.9631
27.2880,101.84,0.5260,29.7555,9.1963,344.7099,359.6130,0.1799,0.0787,-0.5051,-2.9295,-0.0065,0.2637,0.9646
27.3080,101.84,0.5276,29.7453,9.1370,345.0197,359.6247,0.1827,0.0781,-0.5086,-2.9649,-0.0063,0.2585,0.9660
27.3280,101.84,0.5292,29.7351,9.0770,345.3293,359.6363,0.1856,0.0775,-0.5119,-2.9992,-0.0061,0.2533,0.9674
27.3480,101.84,0.5307,29.7248,9.0164,345.6385,359.6478,0.1887,0.0769,-0.5149,-3.0323,-0.0060,0.2480,0.9687
27.3680,101.84,0.5322,29.7144,8.9551,345.9474,359.6593,0.1918,0.0762,-0.5176,-3.0643,-0.0058,0.2428,0.9701
27.3880,101.84,0.5337,29.7040,8.8932,346.2556,359.6707,0.1951,0.0755,-0.5201,-3.0952,-0.0056,0.2376,0.9713
27.4080,101.84,0.5352,29.6936,8.8307,346.5631,359.6819,0.1984,0.0748,-0.5223,-3.1250,-0.0054,0.2324,0.9726
27.4280,101.84,0.5367,29.6831,8.7676,346.8698,359.6931,0.2018,0.0741,-0.5243,-3.1536,-0.0052,0.2272,0.9738
27.4480,105.98,0.5382,29.6726,8.7040,347.1756,359.7042,0.2053,0.0734,-0.5260,-3.1811,-0.0050,0.2220,0.9750
27.4680,105.98,0.5396,29.6621,8.6398,347.4803,359.7152,0.2089,0.0726,-0.5275,-3.2075,-0.0049,0.2168,0.9762
27.4880,105.98,0.5411,29.6515,8.5752,347.7838,359.7260,0.2125,0.0718,-0.5288,-3.2328,-0.0047,0.2116,0.9773
27.5080,105.98,0.5425,29.6409,8.5100,348.0860,359.7368,0.2161,0.0710,-0.5300,-3.2570,-0.0045,0.2064,0.9784
27.5280,105.98,0.5439,29.6303,8.4444,348.3869,359.7474,0.2198,0.0701,-0.5309,-3.2802,-0.0043,0.2013,0.9795
27.5480,105.98,0.5453,29.6196,8.3784,348.6862,359.7578,0.2235,0.0693,-0.5316,-3.3022,-0.0041,0.1962,0.9806
27.5680,105.98,0.5466,29.6090,8.3119,348.9840,359.7682,0.2272,0.0684,-0.5322,-3.3233,-0.0040,0.1911,0.9816
27.5880,105.98,0.5480,29.5984,8.2450,349.2802,359.7784,0.2309,0.0675,-0.5326,-3.3432,-0.0038,0.1860,0.9825
27.6080,105.98,0.5493,29.5877,8.1778,349.5745,359.7884,0.2346,0.0666,-0.5328,-3.3621,-0.0036,0.1810,0.9835
27.6280,105.98,0.5506,29.5770,8.1102,349.8669,359.7983,0.2384,0.0656,-0.5329,-3.3800,-0.0035,0.1759,0.9844
27.6480,105.98,0.5519,29.5664,8.0423,350.1575,359.8081,0.2420,0.0647,-0.5328,-3.3968,-0.0033,0.1709,0.9853
27.6680,105.98,0.5532,29.5557,7.9740,350.4459,359.8177,0.2457,0.0637,-0.5326,-3.4127,-0.0031,0.1660,0.9861
27.6880,105.98,0.5544,29.5451,7.9055,350.7323,359.8272,0.2494,0.0627,-0.5323,-3.4275,-0.0030,0.1610,0.9869
27.7080,105.98,0.5557,29.5345,7.8366,351.0164,359.8365,0.2529,0.0617,-0.5319,-3.4414,-0.0028,0.1562,0.9877
27.7280,105.98,0.5569,29.5238,7.7676,351.2983,359.8457,0.2565,0.0607,-0.5313,-3.4542,-0.0027,0.1513,0.9885
27.7480,105.98,0.5581,29.5132,7.6982,351.5778,359.8547,0.2600,0.0597,-0.5307,-3.4661,-0.0025,0.1465,0.9892
27.7680,105.98,0.5593,29.5026,7.6287,351.8549,359.8636,0.2634,0.0586,-0.5299,-3.4771,-0.0024,0.1417,0.9899
27.7880,105.98,0.5604,29.4921,7.5589,352.1295,359.8723,0.2668,0.0575,-0.5291,-3.4871,-0.0022,0.1369,0.9906
27.8080,105.98,0.5615,29.4815,7.4890,352.4016,359.8808,0.2701,0.0565,-0.5281,-3.4962,-0.0021,0.1322,0.9912
27.8280,105.98,0.5626,29.4710,7.4189,352.6711,359.8892,0.2733,0.0554,-0.5271,-3.5043,-0.0019,0.1276,0.9918
27.8480,105.98,0.5637,29.4604,7.3487,352.9379,359.8975,0.2765,0.0543,-0.5260,-3.5116,-0.0018,0.1229,0.9924
27.8680,105.98,0.5648,29.4499,7.2783,353.2019,359.9055,0.2796,0.0532,-0.5248,-3.5180,-0.0016,0.1184,0.9930
27.8880,105.98,0.5658,29.4395,7.2079,353.4632,359.9135,0.2825,0.0521,-0.5236,-3.5235,-0.0015,0.1138,0.9935
27.9080,105.98,0.5669,29.4290,7.1373,353.7216,359.9213,0.2854,0.0509,-0.5223,-3.5281,-0.0014,0.1094,0.9940
27.9280,105.98,0.5679,29.4186,7.0667,353.9772,359.9289,0.2882,0.0498,-0.5210,-3.5319,-0.0012,0.1049,0.9945
27.9480,105.98,0.5688,29.4082,6.9960,354.2298,359.9364,0.2909,0.0487,-0.5196,-3.5349,-0.0011,0.1005,0.9949
27.9680,105.98,0.5698,29.3979,6.9252,354.4795,359.9437,0.2935,0.0475,-0.5181,-3.5370,-0.0010,0.0962,0.9954
27.9880,105.98,0.5707,29.3875,6.8545,354.7261,359.9509,0.2959,0.0464,-0.5167,-3.5383,-0.0009,0.0919,0.9958
28.0080,105.98,0.5716,29.3772,6.7837,354.9697,359.9579,0.2983,0.0452,-0.5152,-3.5389,-0.0007,0.0877,0.9961
28.0280,105.98,0.5725,29.3670,6.7129,355.2102,359.9648,0.3005,0.0440,-0.5136,-3.5386,-0.0006,0.0835,0.9965
28.0480,105.98,0.5733,29.3567,6.6422,355.4476,359.9715,0.3027,0.0429,-0.5120,-3.5376,-0.0005,0.0794,0.9968
28.0680,105.98,0.5742,29.3465,6.5714,355.6819,359.9781,0.3047,0.0417,-0.5104,-3.5359,-0.0004,0.0753,0.9972
28.0880,105.98,0.5750,29.3364,6.5008,355.9129,359.9845,0.3066,0.0405,-0.5088,-3.5334,-0.0003,0.0713,0.9975
28.1080,105.98,0.5758,29.3262,6.4302,356.1408,359.9908,0.3084,0.0393,-0.5072,-3.5302,-0.0002,0.0673,0.9977
28.1280,105.98,0.5765,29.3161,6.3597,356.3654,-0.0030,0.3100,0.0382,-0.5055,-3.5262,-0.0001,0.0634,0.9980
28.1480,105.98,0.5773,29.3060,6.2892,356.5868,0.0030,0.3116,0.0370,-0.5039,-3.5216,0.0001,0.0595,0.9982
28.1680,105.98,0.5780,29.2960,6.2189,356.8049,0.0088,0.3130,0.0358,-0.5022,-3.5163,0.0002,0.0557,0.9984
28.1880,105.98,0.5787,29.2860,6.1487,357.0197,0.0145,0.3143,0.0346,-0.5005,-3.5104,0.0003,0.0520,0.9986
28.2080,105.98,0.5794,29.2760,6.0786,357.2313,0.0201,0.3154,0.0335,-0.4988,-3.5038,0.0004,0.0483,0.9988
28.2280,105.98,0.5800,29.2661,6.0087,357.4395,0.0255,0.3165,0.0323,-0.4972,-3.4965,0.0004,0.0447,0.9990
28.2480,105.98,0.5806,29.2562,5.9389,357.6443,0.0308,0.3174,0.0311,-0.4955,-3.4886,0.0005,0.0411,0.9992
28.2680,105.98,0.5812,29.2463,5.8693,357.8458,0.0359,0.3182,0.0299,-0.4938,-3.4802,0.0006,0.0376,0.9993
28.2880,105.98,0.5818,29.2364,5.7999,358.0440,0.0410,0.3189,0.0288,-0.4921,-3.4711,0.0007,0.0341,0.9994
28.3080,105.98,0.5823,29.2266,5.7307,358.2388,0.0458,0.3194,0.0276,-0.4905,-3.4614,0.0008,0.0307,0.9995
28.3280,105.98,0.5829,29.2169,5.6616,358.4302,0.0506,0.3198,0.0264,-0.4888,-3.4512,0.0009,0.0274,0.9996
28.3480,105.98,0.5834,29.2071,5.5928,358.6183,0.0552,0.3201,0.0253,-0.4872,-3.4404,0.0010,0.0241,0.9997
28.3680,105.98,0.5839,29.1974,5.5242,358.8030,0.0596,0.3203,0.0241,-0.4856,-3.4291,0.0010,0.0209,0.9998
28.3880,105.98,0.5843,29.1877,5.4559,358.9844,0.0640,0.3203,0.0230,-0.4839,-3.4173,0.0011,0.0177,0.9998
28.4080,105.98,0.5848,29.1781,5.3878,359.1624,0.0682,0.3203,0.0218,-0.4823,-3.4049,0.0012,0.0146,0.9999
28.4280,105.98,0.5852,29.1685,5.3200,359.3370,0.0722,0.3201,0.0207,-0.4808,-3.3921,0.0013,0.0116,0.9999
28.4480,105.98,0.5856,29.1589,5.2524,359.5083,0.0762,0.3198,0.0196,-0.4792,-3.3787,0.0013,0.0086,1.0000
28.4680,105.18,0.5859,29.1493,5.1851,359.6762,0.0800,0.3194,0.0184,-0.4776,-3.3649,0.0014,0.0057,1.0000
28.4880,105.18,0.5863,29.1398,5.1181,359.8408,0.0837,0.3188,0.0173,-0.4761,-3.3507,0.0015,0.0028,1.0000
28.5080,105.18,0.5866,29.1303,5.0513,0.0021,0.0872,0.3182,0.0162,-0.4746,-3.3360,0.0015,0.0000,1.0000
28.5280,105.18,0.5869,29.1209,4.9849,0.1600,0.0907,0.3174,0.0151,-0.4731,-3.3208,0.0016,-0.0028,1.0000
28.5480,105.18,0.5872,29.1114,4.9188,0.3147,0.0940,0.3165,0.0140,-0.4716,-3.3053,0.0016,-0.0055,1.0000
28.5680,105.18,0.5874,29.1020,4.8530,0.4660,0.0971,0.3155,0.0130,-0.4702,-3.2893,0.0017,-0.0081,1.0000
28.5880,105.18,0.5877,29.0926,4.7876,0.6141,0.1002,0.3144,0.0119,-0.4687,-3.2729,0.0017,-0.0107,0.9999
28.6080,105.18,0.5879,29.0833,4.7225,0.7589,0.1031,0.3132,0.0108,-0.4673,-3.2562,0.0018,-0.0132,0.9999
28.6280,105.18,0.5881,29.0740,4.6577,0.9005,0.1060,0.3119,0.0098,-0.4659,-3.2391,0.0018,-0.0157,0.9999
28.6480,105.18,0.5883,29.0647,4.5932,1.0388,0.1087,0.3105,0.0087,-0.4646,-3.2216,0.0019,-0.0181,0.9998
28.6680,105.18,0.5884,29.0554,4.5292,1.1739,0.1112,0.3090,0.0077,-0.4632,-3.2038,0.0019,-0.0205,0.9998
28.6880,105.18,0.5886,29.0462,4.4655,1.3059,0.1137,0.3074,0.0067,-0.4619,-3.1856,0.0020,-0.0228,0.9997
28.7080,105.18,0.5887,29.0370,4.4021,1.4347,0.1161,0.3057,0.0057,-0.4606,-3.1671,0.0020,-0.0250,0.9997
28.7280,105.18,0.5888,29.0278,4.3391,1.5603,0.1183,0.3039,0.0047,-0.4593,-3.1484,0.0021,-0.0272,0.9996
28.7480,105.18,0.5888,29.0186,4.2766,1.6828,0.1204,0.3020,0.0037,-0.4580,-3.1293,0.0021,-0.0294,0.9996
28.7680,105.18,0.5889,29.0095,4.2144,1.8022,0.1224,0.3001,0.0027,-0.4568,-3.1099,0.0021,-0.0314,0.9995
28.7880,105.18,0.5889,29.0004,4.1526,1.9186,0.1243,0.2980,0.0018,-0.4556,-3.0903,0.0022,-0.0335,0.9994
28.8080,105.18,0.5890,28.9913,4.0912,2.0319,0.1261,0.2959,0.0008,-0.4544,-3.0704,0.0022,-0.0355,0.9994
28.8280,105.18,0.5889,28.9822,4.0301,2.1422,0.1278,0.2937,-0.0001,-0.4532,-3.0502,0.0022,-0.0374,0.9993
28.8480,105.18,0.5889,28.9732,3.9696,2.2495,0.1294,0.2914,-0.0010,-0.4521,-3.0298,0.0023,-0.0393,0.9992
28.8680,105.18,0.5889,28.9642,3.9094,2.3538,0.1309,0.2890,-0.0019,-0.4509,-3.0091,0.0023,-0.0411,0.9992
28.8880,105.18,0.5888,28.9552,3.8496,2.4552,0.1322,0.2865,-0.0028,-0.4498,-2.9883,0.0023,-0.0428,0.9991
28.9080,105.18,0.5888,28.9462,3.7903,2.5537,0.1335,0.2840,-0.0037,-0.4487,-2.9672,0.0023,-0.0446,0.9990
28.9280,105.18,0.5887,28.9373,3.7313,2.6493,0.1347,0.2814,-0.0046,-0.4476,-2.9459,0.0023,-0.0462,0.9989
28.9480,105.18,0.5886,28.9283,3.6729,2.7420,0.1358,0.2788,-0.0055,-0.4466,-2.9245,0.0024,-0.0478,0.9989
28.9680,105.18,0.5884,28.9194,3.6148,2.8320,0.1367,0.2761,-0.0063,-0.4455,-2.9028,0.0024,-0.0494,0.9988
28.9880,105.18,0.5883,28.9105,3.5572,2.9191,0.1376,0.2733,-0.0071,-0.4445,-2.8810,0.0024,-0.0509,0.9987
29.0080,105.18,0.5881,28.9017,3.5000,3.0036,0.1384,0.2705,-0.0079,-0.4435,-2.8590,0.0024,-0.0524,0.9986
29.0280,105.18,0.5880,28.8928,3.4433,3.0852,0.1391,0.2676,-0.0087,-0.4425,-2.8368,0.0024,-0.0538,0.9985
29.0480,105.18,0.5878,28.8840,3.3870,3.1642,0.1397,0.2646,-0.0095,-0.4415,-2.8146,0.0024,-0.0552,0.9985
29.0680,105.18,0.5876,28.8752,3.3311,3.2406,0.1402,0.2616,-0.0103,-0.4406,-2.7921,0.0024,-0.0565,0.9984
29.0880,105.18,0.5873,28.8664,3.2757,3.3143,0.1406,0.2586,-0.0111,-0.4396,-2.7696,0.0025,-0.0578,0.9983
29.1080,105.18,0.5871,28.8576,3.2208,3.3854,0.1410,0.2555,-0.0118,-0.4387,-2.7469,0.0025,-0.0591,0.9983
29.1280,105.18,0.5868,28.8488,3.1663,3.4540,0.1412,0.2524,-0.0126,-0.4378,-2.7242,0.0025,-0.0602,0.9982
29.1480,105.18,0.5866,28.8401,3.1123,3.5201,0.1414,0.2492,-0.0133,-0.4368,-2.7013,0.0025,-0.0614,0.9981
29.1680,105.18,0.5863,28.8314,3.0587,3.5836,0.1415,0.2460,-0.0140,-0.4359,-2.6783,0.0025,-0.0625,0.9980
29.1880,105.18,0.5860,28.8227,3.0056,3.6448,0.1415,0.2428,-0.0147,-0.4351,-2.6553,0.0025,-0.0636,0.9980
29.2080,105.18,0.5857,28.8140,2.9530,3.7035,0.1414,0.2395,-0.0154,-0.4342,-2.6321,0.0025,-0.0646,0.9979
29.2280,105.18,0.5854,28.8053,2.9008,3.7598,0.1413,0.2362,-0.0160,-0.4333,-2.6089,0.0025,-0.0656,0.9978
29.2480,105.18,0.5850,28.7967,2.8491,3.8138,0.1411,0.2328,-0.0167,-0.4325,-2.5857,0.0025,-0.0665,0.9978
29.2680,105.18,0.5847,28.7881,2.7978,3.8655,0.1408,0.2295,-0.0173,-0.4316,-2.5623,0.0025,-0.0674,0.9977
29.2880,105.18,0.5843,28.7794,2.7471,3.9149,0.1404,0.2261,-0.0179,-0.4308,-2.5390,0.0024,-0.0683,0.9977
29.3080,105.18,0.5840,28.7708,2.6967,3.9620,0.1400,0.2227,-0.0185,-0.4300,-2.5156,0.0024,-0.0691,0.9976
29.3280,105.18,0.5836,28.7623,2.6469,4.0070,0.1395,0.2193,-0.0191,-0.4291,-2.4921,0.0024,-0.0699,0.9976
29.3480,105.18,0.5832,28.7537,2.5975,4.0498,0.1389,0.2158,-0.0197,-0.4283,-2.4687,0.0024,-0.0706,0.9975
29.3680,105.18,0.5828,28.7451,2.5486,4.0904,0.1383,0.2124,-0.0203,-0.4275,-2.4452,0.0024,-0.0713,0.9974
29.3880,105.18,0.5824,28.7366,2.5002,4.1290,0.1376,0.2089,-0.0208,-0.4267,-2.4217,0.0024,-0.0720,0.9974
29.4080,105.18,0.5819,28.7281,2.4522,4.1655,0.1368,0.2054,-0.0214,-0.4259,-2.3982,0.0024,-0.0726,0.9974
29.4280,105.18,0.5815,28.7196,2.4047,4.2000,0.1360,0.2019,-0.0219,-0.4251,-2.3747,0.0024,-0.0732,0.9973
29.4480,105.18,0.5811,28.7111,2.3577,4.2325,0.1351,0.1984,-0.0224,-0.4243,-2.3512,0.0024,-0.0738,0.9973
29.4680,102.69,0.5806,28.7026,2.3112,4.2630,0.1342,0.1949,-0.0229,-0.4235,-2.3277,0.0023,-0.0743,0.9972
29.4880,102.69,0.5801,28.6942,2.2651,4.2917,0.1332,0.1914,-0.0234,-0.4227,-2.3043,0.0023,-0.0748,0.9972
29.5080,102.69,0.5797,28.6857,2.2195,4.3184,0.1322,0.1879,-0.0239,-0.4219,-2.2808,0.0023,-0.0753,0.9972
29.5280,102.69,0.5792,28.6773,2.1743,4.3433,0.1311,0.1844,-0.0243,-0.4211,-2.2574,0.0023,-0.0757,0.9971
29.5480,102.69,0.5787,28.6689,2.1296,4.3664,0.1299,0.1809,-0.0248,-0.4203,-2.2341,0.0023,-0.0761,0.9971
29.5680,102.69,0.5782,28.6605,2.0854,4.3877,0.1288,0.1774,-0.0252,-0.4196,-2.2107,0.0022,-0.0765,0.9971
29.5880,102.69,0.5777,28.6521,2.0417,4.4073,0.1275,0.1739,-0.0256,-0.4188,-2.1875,0.0022,-0.0768,0.9970
29.6080,102.69,0.5771,28.6438,1.9984,4.4252,0.1262,0.1704,-0.0260,-0.4180,-2.1642,0.0022,-0.0772,0.9970
29.6280,102.69,0.5766,28.6354,1.9556,4.4414,0.1249,0.1669,-0.0264,-0.4172,-2.1410,0.0022,-0.0774,0.9970
29.6480,102.69,0.5761,28.6271,1.9132,4.4560,0.1236,0.1635,-0.0268,-0.4164,-2.1179,0.0022,-0.0777,0.9970
29.6680,102.69,0.5755,28.6188,1.8713,4.4689,0.1222,0.1600,-0.0272,-0.4156,-2.0949,0.0021,-0.0779,0.9970
29.6880,102.69,0.5750,28.6105,1.8299,4.4803,0.1207,0.1566,-0.0275,-0.4148,-2.0719,0.0021,-0.0781,0.9969
29.7080,102.69,0.5744,28.6022,1.7889,4.4902,0.1193,0.1532,-0.0279,-0.4140,-2.0490,0.0021,-0.0783,0.9969
29.7280,102.69,0.5739,28.5940,1.7484,4.4985,0.1177,0.1497,-0.0282,-0.4132,-2.0261,0.0020,-0.0784,0.9969
29.7480,102.69,0.5733,28.5857,1.7083,4.5054,0.1162,0.1464,-0.0285,-0.4124,-2.0034,0.0020,-0.0786,0.9969
29.7680,102.69,0.5727,28.5775,1.6687,4.5109,0.1146,0.1430,-0.0289,-0.4116,-1.9807,0.0020,-0.0786,0.9969
29.7880,102.69,0.5721,28.5693,1.6295,4.5150,0.1130,0.1396,-0.0292,-0.4108,-1.9581,0.0020,-0.0787,0.9969
29.8080,102.69,0.5715,28.5611,1.5908,4.5177,0.1114,0.1363,-0.0294,-0.4099,-1.9356,0.0019,-0.0788,0.9969
29.8280,102.69,0.5709,28.5529,1.5525,4.5190,0.1097,0.1330,-0.0297,-0.4091,-1.9132,0.0019,-0.0788,0.9969
29.8480,102.69,0.5703,28.5447,1.5147,4.5191,0.1080,0.1297,-0.0300,-0.4083,-1.8909,0.0019,-0.0788,0.9969
29.8680,102.69,0.5697,28.5366,1.4773,4.5179,0.1063,0.1265,-0.0302,-0.4074,-1.8688,0.0019,-0.0788,0.9969
29.8880,102.69,0.5691,28.5284,1.4404,4.5154,0.1046,0.1232,-0.0305,-0.4066,-1.8467,0.0018,-0.0787,0.9969
29.9080,102.69,0.5685,28.5203,1.4039,4.5118,0.1028,0.1200,-0.0307,-0.4057,-1.8247,0.0018,-0.0787,0.9969
29.9280,102.69,0.5679,28.5122,1.3679,4.5069,0.1011,0.1169,-0.0309,-0.4049,-1.8029,0.0018,-0.0786,0.9969
29.9480,102.69,0.5673,28.5042,1.3322,4.5010,0.0993,0.1137,-0.0311,-0.4040,-1.7811,0.0017,-0.0785,0.9969
29.9680,102.69,0.5666,28.4961,1.2970,4.4939,0.0975,0.1106,-0.0313,-0.4031,-1.7595,0.0017,-0.0784,0.9969
29.9880,102.69,0.5660,28.4880,1.2623,4.4857,0.0956,0.1075,-0.0315,-0.4023,-1.7380,0.0017,-0.0782,0.9969
30.0080,102.69,0.5654,28.4800,1.2280,4.4764,0.0938,0.1045,-0.0317,-0.4014,-1.7166,0.0016,-0.0780,0.9969
30.0280,102.69,0.5647,28.4720,1.1940,4.4662,0.0919,0.1014,-0.0319,-0.4005,-1.6954,0.0016,-0.0779,0.9970
30.0480,102.69,0.5641,28.4640,1.1606,4.4549,0.0901,0.0985,-0.0321,-0.3996,-1.6743,0.0016,-0.0777,0.9970
30.0680,102.69,0.5635,28.4560,1.1275,4.4426,0.0882,0.0955,-0.0322,-0.3987,-1.6533,0.0015,-0.0775,0.9970
30.0880,102.69,0.5628,28.4481,1.0948,4.4295,0.0863,0.0926,-0.0323,-0.3977,-1.6325,0.0015,-0.0772,0.9970
