Time(s),FPS,PosX,PosY,PosZ,RotX,RotY,RotZ,VelX,VelY,VelZ,DirX,DirY,DirZ
-0.2270,0.00,0.0000,10.0000,0.0000,0.0000,0.0000,0.0000,0.0000,0.0000,0.0000,0.0000,0.0000,1.0000
-0.2070,0.00,0.0000,9.9964,0.0000,0.0000,0.0000,0.0000,0.0000,-0.1809,0.0000,0.0000,0.0000,1.0000
-0.1870,0.00,0.0000,9.9892,0.0000,0.0000,0.0000,0.0000,0.0000,-0.3612,0.0000,0.0000,0.0000,1.0000
-0.1670,0.00,0.0000,9.9783,0.0000,0.0000,0.0000,0.0000,0.0000,-0.5408,0.0000,0.0000,0.0000,1.0000
-0.1470,0.00,0.0000,9.9639,0.0000,0.0000,0.0000,0.0000,0.0000,-0.7197,0.0000,0.0000,0.0000,1.0000
-0.1270,0.00,0.0000,9.9460,0.0000,0.0000,0.0000,0.0000,0.0000,-0.8980,0.0000,0.0000,0.0000,1.0000
-0.1070,0.00,0.0000,9.9245,0.0000,0.0000,0.0000,0.0000,0.0000,-1.0756,0.0000,0.0000,0.0000,1.0000
-0.0870,0.00,0.0000,9.8994,0.0000,0.0000,0.0000,0.0000,0.0000,-1.2526,0.0000,0.0000,0.0000,1.0000
-0.0670,0.00,0.0000,9.8708,0.0000,0.0000,0.0000,0.0000,0.0000,-1.4289,0.0000,0.0000,0.0000,1.0000
-0.0470,0.00,0.0000,9.8388,0.0000,0.0000,0.0000,0.0000,0.0000,-1.6045,0.0000,0.0000,0.0000,1.0000
-0.0270,0.00,0.0000,9.8032,0.0000,0.0000,0.0000,0.0000,0.0000,-1.7795,0.0000,0.0000,0.0000,1.0000
-0.0070,0.00,0.0000,9.7641,0.0000,0.0000,0.0000,0.0000,0.0000,-1.9539,0.0000,0.0000,0.0000,1.0000
0.0130,0.00,0.0000,9.7215,0.0000,0.0000,0.0000,0.0000,0.0000,-2.1276,0.0000,0.0000,0.0000,1.0000
0.0330,0.00,0.0000,9.6755,0.0000,0.0000,0.0000,0.0000,0.0000,-2.3007,0.0000,0.0000,0.0000,1.0000
0.0530,0.00,0.0000,9.6261,0.0000,0.0000,0.0000,0.0000,0.0000,-2.4731,0.0000,0.0000,0.0000,1.0000
0.0730,0.00,0.0000,9.5732,0.0000,0.0000,0.0000,0.0000,0.0000,-2.6449,0.0000,0.0000,0.0000,1.0000
0.0930,0.00,0.0000,9.5168,0.0000,0.0000,0.0000,0.0000,0.0000,-2.8160,0.0000,0.0000,0.0000,1.0000
0.1130,0.00,0.0000,9.4571,0.0000,0.0000,0.0000,0.0000,0.0000,-2.9865,0.0000,0.0000,0.0000,1.0000
0.1330,0.00,0.0000,9.3940,0.0000,0.0000,0.0000,0.0000,0.0000,-3.1564,0.0000,0.0000,0.0000,1.0000
0.1530,13.89,0.0000,9.3275,0.0000,0.0000,0.0000,0.0000,0.0000,-3.3256,0.0000,0.0000,0.0000,1.0000
0.1730,13.89,0.0000,9.2576,0.0000,0.0000,0.0000,0.0000,0.0000,-3.4943,0.0000,0.0000,0.0000,1.0000
0.1930,13.89,0.0000,9.1843,0.0000,0.0000,0.0000,0.0000,0.0000,-3.6623,0.0000,0.0000,0.0000,1.0000
0.2130,13.89,0.0000,9.1077,0.0000,0.0000,0.0000,0.0000,0.0000,-3.8296,0.0000,0.0000,0.0000,1.0000
0.2330,13.89,0.0000,9.0278,0.0000,0.0000,0.0000,0.0000,0.0000,-3.9964,0.0000,0.0000,0.0000,1.0000
0.2530,13.89,0.0000,8.9446,0.0000,0.0000,0.0000,0.0000,0.0000,-4.1625,0.0000,0.0000,0.0000,1.0000
0.2730,13.89,0.0000,8.8580,0.0000,0.0000,0.0000,0.0000,0.0000,-4.3280,0.0000,0.0000,0.0000,1.0000
0.2930,13.89,0.0000,8.7681,0.0000,0.0000,0.0000,0.0000,0.0000,-4.4930,0.0000,0.0000,0.0000,1.0000
0.3130,13.89,0.0000,8.6750,0.0000,0.0000,0.0000,0.0000,0.0000,-4.6573,0.0000,0.0000,0.0000,1.0000
0.3330,13.89,0.0000,8.5786,0.0000,0.0000,0.0000,0.0000,0.0000,-4.8209,0.0000,0.0000,0.0000,1.0000
0.3530,13.89,0.0000,8.4789,0.0000,0.0000,0.0000,0.0000,0.0000,-4.9840,0.0000,0.0000,0.0000,1.0000
0.3730,13.89,0.0000,8.3760,0.0000,0.0000,0.0000,0.0000,0.0000,-5.1465,0.0000,0.0000,0.0000,1.0000
0.3930,13.89,0.0000,8.2698,0.0000,0.0000,0.0000,0.0000,0.0000,-5.3084,0.0000,0.0000,0.0000,1.0000
0.4130,13.89,0.0000,8.1604,0.0000,0.0000,0.0000,0.0000,0.0000,-5.4697,0.0000,0.0000,0.0000,1.0000
0.4330,13.89,0.0000,8.0478,0.0000,0.0000,0.0000,0.0000,0.0000,-5.6304,0.0000,0.0000,0.0000,1.0000
0.4530,13.89,0.0000,7.9320,0.0000,0.0000,0.0000,0.0000,0.0000,-5.7904,0.0000,0.0000,0.0000,1.0000
0.4730,13.89,0.0000,7.8130,0.0000,0.0000,0.0000,0.0000,0.0000,-5.9499,0.0000,0.0000,0.0000,1.0000
0.4930,13.89,0.0000,7.6908,0.0000,0.0000,0.0000,0.0000,0.0000,-6.1088,0.0000,0.0000,0.0000,1.0000
0.5130,13.89,0.0000,7.5655,0.0000,0.0000,0.0000,0.0000,0.0000,-6.2672,0.0000,0.0000,0.0000,1.0000
0.5330,13.89,0.0000,7.4370,0.0000,0.0000,0.0000,0.0000,0.0000,-6.4249,0.0000,0.0000,0.0000,1.0000
0.5530,13.89,0.0000,7.3053,0.0000,0.0000,0.0000,0.0000,0.0000,-6.5820,0.0000,0.0000,0.0000,1.0000
0.5730,13.89,0.0000,7.1706,0.0000,0.0000,0.0000,0.0000,0.0000,-6.7386,0.0000,0.0000,0.0000,1.0000
0.5930,13.89,0.0000,7.0327,0.0000,0.0000,0.0000,0.0000,0.0000,-6.8946,0.0000,0.0000,0.0000,1.0000
0.6130,13.89,0.0000,6.8917,0.0000,0.0000,0.0000,0.0000,0.0000,-7.0500,0.0000,0.0000,0.0000,1.0000
0.6330,13.89,0.0000,6.7476,0.0000,0.0000,0.0000,0.0000,0.0000,-7.2048,0.0000,0.0000,0.0000,1.0000
0.6530,13.89,0.0000,6.6004,0.0000,0.0000,0.0000,0.0000,0.0000,-7.3591,0.0000,0.0000,0.0000,1.0000
0.6730,13.89,0.0000,6.4501,0.0000,0.0000,0.0000,0.0000,0.0000,-7.5127,0.0000,0.0000,0.0000,1.0000
0.6930,13.89,0.0000,6.2968,0.0000,0.0000,0.0000,0.0000,0.0000,-7.6659,0.0000,0.0000,0.0000,1.0000
0.7130,13.89,0.0000,6.1405,0.0000,0.0000,0.0000,0.0000,0.0000,-7.8184,0.0000,0.0000,0.0000,1.0000
0.7330,13.89,0.0000,5.9811,0.0000,0.0000,0.0000,0.0000,0.0000,-7.9704,0.0000,0.0000,0.0000,1.0000
0.7530,13.89,0.0000,5.8186,0.0000,0.0000,0.0000,0.0000,0.0000,-8.1218,0.0000,0.0000,0.0000,1.0000
0.7730,13.89,0.0000,5.6532,0.0000,0.0000,0.0000,0.0000,0.0000,-8.2727,0.0000,0.0000,0.0000,1.0000
0.7930,13.89,0.0000,5.4847,0.0000,0.0000,0.0000,0.0000,0.0000,-8.4230,0.0000,0.0000,0.0000,1.0000
0.8130,13.89,0.0000,5.3132,0.0000,0.0000,0.0000,0.0000,0.0000,-8.5727,0.0000,0.0000,0.0000,1.0000
0.8330,13.89,0.0000,5.1388,0.0000,0.0000,0.0000,0.0000,0.0000,-8.7219,0.0000,0.0000,0.0000,1.0000
0.8530,13.89,0.0000,4.9614,0.0000,0.0000,0.0000,0.0000,0.0000,-8.8705,0.0000,0.0000,0.0000,1.0000
0.8730,13.89,0.0000,4.7810,0.0000,0.0000,0.0000,0.0000,0.0000,-9.0186,0.0000,0.0000,0.0000,1.0000
0.8930,13.89,0.0000,4.5977,0.0000,0.0000,0.0000,0.0000,0.0000,-9.1662,0.0000,0.0000,0.0000,1.0000
0.9130,13.89,0.0000,4.4114,0.0000,0.0000,0.0000,0.0000,0.0000,-9.3132,0.0000,0.0000,0.0000,1.0000
0.9330,13.89,0.0000,4.2222,0.0000,0.0000,0.0000,0.0000,0.0000,-9.4596,0.0000,0.0000,0.0000,1.0000
0.9530,13.89,0.0000,4.0301,0.0000,0.0000,0.0000,0.0000,0.0000,-9.6055,0.0000,0.0000,0.0000,1.0000
0.9730,13.89,0.0000,3.8351,0.0000,0.0000,0.0000,0.0000,0.0000,-9.7509,0.0000,0.0000,0.0000,1.0000
0.9930,13.89,0.0000,3.6372,0.0000,0.0000,0.0000,0.0000,0.0000,-9.8957,0.0000,0.0000,0.0000,1.0000
1.0130,13.89,0.0000,3.4364,0.0000,0.0000,0.0000,0.0000,0.0000,-10.0400,0.0000,0.0000,0.0000,1.0000
1.0330,13.89,0.0000,3.2327,0.0000,0.0000,0.0000,0.0000,0.0000,-10.1837,0.0000,0.0000,0.0000,1.0000
1.0530,13.89,0.0000,3.0262,0.0000,0.0000,0.0000,0.0000,0.0000,-10.3270,0.0000,0.0000,0.0000,1.0000
1.0730,13.89,0.0000,2.8168,0.0000,0.0000,0.0000,0.0000,0.0000,-10.4697,0.0000,0.0000,0.0000,1.0000
1.0930,13.89,0.0000,2.6046,0.0000,0.0000,0.0000,0.0000,0.0000,-10.6118,0.0000,0.0000,0.0000,1.0000
1.1130,13.89,0.0000,2.3895,0.0000,0.0000,0.0000,0.0000,0.0000,-10.7535,0.0000,0.0000,0.0000,1.0000
1.1330,13.89,0.0000,2.1716,0.0000,0.0000,0.0000,0.0000,0.0000,-10.8946,0.0000,0.0000,0.0000,1.0000
1.1530,101.39,0.0000,1.9509,0.0000,0.0000,0.0000,0.0000,0.0000,-11.0352,0.0000,0.0000,0.0000,1.0000
1.1730,101.39,0.0000,1.7274,0.0000,0.0000,0.0000,0.0000,0.0000,-11.1752,0.0000,0.0000,0.0000,1.0000
1.1930,101.39,0.0000,1.5011,0.0000,0.0000,0.0000,0.0000,0.0000,-11.3148,0.0000,0.0000,0.0000,1.0000
1.2130,101.39,0.0000,1.2720,0.0000,0.0000,0.0000,0.0000,0.0000,-11.4538,0.0000,0.0000,0.0000,1.0000
1.2330,101.39,0.0000,1.0402,0.0000,0.0000,0.0000,0.0000,0.0000,-11.5923,0.0000,0.0000,0.0000,1.0000
1.2530,101.39,0.0000,0.8056,0.0000,0.0000,0.0000,0.0000,0.0000,-11.7303,0.0000,0.0000,0.0000,1.0000
1.2730,101.39,0.0000,0.5682,0.0000,0.0000,0.0000,0.0000,0.0000,-11.8678,0.0000,0.0000,0.0000,1.0000
1.2930,101.39,0.0000,0.3281,0.0000,0.0000,0.0000,0.0000,0.0000,-12.0048,0.0000,0.0000,0.0000,1.0000
1.3130,101.39,0.0000,0.0853,0.0000,0.0000,0.0000,0.0000,0.0000,-12.1413,0.0000,0.0000,0.0000,1.0000
1.3330,101.39,0.0000,0.0402,0.0000,0.0000,0.0000,0.0000,0.0000,0.0000,0.0000,0.0000,0.0000,1.0000
1.3530,101.39,0.0000,0.0400,0.0000,-0.0001,0.0000,0.0001,0.0118,0.2788,0.0318,0.0000,0.0000,1.0000
1.3730,101.39,0.0000,0.0433,0.0006,0.8084,-0.0010,-0.0036,0.0004,0.1641,0.0285,0.0000,-0.0141,0.9999
1.3930,101.39,0.0000,0.0440,0.0007,0.9691,0.0016,0.0010,-0.0009,0.0318,0.0056,0.0000,-0.0169,0.9999
1.4130,101.39,0.0000,0.0420,0.0003,0.4800,0.0044,-0.0006,-0.0002,-0.0997,-0.0175,0.0001,-0.0084,1.0000
1.4330,101.39,0.0000,0.0404,0.0001,0.0917,-0.0004,0.0013,0.0006,-0.0784,-0.0136,0.0000,-0.0016,1.0000
1.4530,101.39,0.0000,0.0401,0.0000,0.0147,-0.0024,-0.0016,0.0003,-0.0155,-0.0025,0.0000,-0.0003,1.0000
1.4730,101.39,0.0000,0.0400,0.0000,0.0022,-0.0005,-0.0008,-0.0003,-0.0030,-0.0003,0.0000,0.0000,1.0000
1.4930,101.39,0.0000,0.0400,0.0000,0.0000,-0.0001,-0.0002,-0.0001,-0.0007,-0.0001,0.0000,0.0000,1.0000
1.5130,101.39,0.0000,0.0400,0.0000,0.0006,0.0000,-0.0001,0.0000,0.0000,0.0000,0.0000,0.0000,1.0000
1.5330,101.39,0.0000,0.0400,0.0000,0.0003,-0.0001,-0.0003,0.0000,0.0000,0.0000,0.0000,0.0000,1.0000
1.5530,101.39,0.0000,0.0400,0.0000,0.0003,-0.0001,-0.0003,0.0000,0.0000,0.0000,0.0000,0.0000,1.0000
1.5730,101.39,0.0000,0.0400,0.0000,0.0007,0.0001,-0.0002,0.0000,0.0000,0.0000,0.0000,0.0000,1.0000
1.5930,101.39,0.0000,0.0400,0.0000,-0.0003,0.0000,0.0000,0.0000,-0.0001,0.0000,0.0000,0.0000,1.0000
1.6130,101.39,0.0000,0.0400,0.0000,-0.0004,-0.0001,-0.0001,0.0000,0.0000,0.0000,0.0000,0.0000,1.0000
1.6330,101.39,0.0000,0.0400,0.0000,-0.0005,-0.0001,-0.0002,0.0000,0.0000,0.0000,0.0000,0.0000,1.0000
1.6530,101.39,0.0000,0.0400,0.0000,-0.0004,-0.0001,-0.0002,0.0000,0.0000,0.0000,0.0000,0.0000,1.0000
1.6730,101.39,0.0000,0.0400,0.0000,-0.0004,-0.0001,-0.0002,0.0000,0.0000,0.0000,0.0000,0.0000,1.0000
1.6930,101.39,0.0000,0.0400,0.0000,-0.0004,-0.0001,-0.0002,0.0000,0.0000,0.0000,0.0000,0.0000,1.0000
1.7130,101.39,0.0000,0.0400,0.0000,-0.0005,-0.0001,-0.0008,0.0000,0.0000,0.0000,0.0000,0.0000,1.0000
1.7330,101.39,0.0000,0.0400,0.0000,-0.0005,-0.0001,-0.0008,0.0000,0.0000,0.0000,0.0000,0.0000,1.0000
1.7530,101.39,0.0000,0.0400,0.0000,-0.0005,-0.0001,-0.0008,0.0000,0.0000,0.0000,0.0000,0.0000,1.0000
1.7730,101.39,0.0000,0.0400,0.0000,-0.0005,-0.0001,-0.0008,0.0000,0.0000,0.0000,0.0000,0.0000,1.0000
1.7930,101.39,0.0000,0.0400,0.0000,-0.0005,-0.0001,-0.0008,0.0000,0.0000,0.0000,0.0000,0.0000,1.0000
1.8130,101.39,0.0000,0.0400,0.0000,-0.0005,-0.0001,-0.0008,0.0000,0.0000,0.0000,0.0000,0.0000,1.0000
1.8330,101.39,0.0000,0.0400,0.0000,-0.0005,-0.0001,-0.0008,0.0000,0.0000,0.0000,0.0000,0.0000,1.0000
1.8530,101.39,0.0000,0.0400,0.0000,-0.0005,-0.0001,-0.0008,0.0000,0.0000,0.0000,0.0000,0.0000,1.0000
1.8730,101.39,0.0000,0.0400,0.0000,-0.0005,-0.0001,-0.0008,0.0000,0.0000,0.0000,0.0000,0.0000,1.0000
1.8930,101.39,0.0000,0.0400,0.0000,-0.0005,-0.0001,-0.0008,0.0000,0.0000,0.0000,0.0000,0.0000,1.0000
1.9130,101.39,0.0000,0.0400,0.0000,-0.0005,-0.0001,-0.0008,0.0000,0.0000,0.0000,0.0000,0.0000,1.0000
1.9330,101.39,0.0000,0.0400,0.0000,-0.0005,-0.0001,-0.0008,0.0000,0.0000,0.0000,0.0000,0.0000,1.0000
1.9530,101.39,0.0000,0.0400,0.0000,-0.0005,-0.0001,-0.0008,0.0000,0.0000,0.0000,0.0000,0.0000,1.0000
1.9730,101.39,0.0000,0.0400,0.0000,-0.0005,-0.0001,-0.0008,0.0000,0.0000,0.0000,0.0000,0.0000,1.0000
1.9930,101.39,0.0000,0.0400,0.0000,-0.0005,-0.0001,-0.0008,0.0000,0.0000,0.0000,0.0000,0.0000,1.0000
2.0130,101.39,0.0000,0.0400,0.0000,-0.0005,-0.0001,-0.0008,0.0000,0.0000,0.0000,0.0000,0.0000,1.0000
2.0330,101.39,0.0000,0.0400,0.0000,-0.0005,-0.0001,-0.0008,0.0000,0.0000,0.0000,0.0000,0.0000,1.0000
2.0530,101.39,0.0000,0.0400,0.0000,-0.0005,-0.0001,-0.0008,0.0000,0.0000,0.0000,0.0000,0.0000,1.0000
2.0730,101.39,0.0000,0.0400,0.0000,-0.0005,-0.0001,-0.0008,0.0000,0.0000,0.0000,0.0000,0.0000,1.0000
2.0930,101.39,0.0000,0.0400,0.0000,-0.0005,-0.0001,-0.0008,0.0000,0.0000,0.0000,0.0000,0.0000,1.0000
2.1130,101.39,0.0000,0.0400,0.0000,-0.0005,-0.0001,-0.0008,0.0000,0.0000,0.0000,0.0000,0.0000,1.0000
2.1330,101.39,0.0000,0.0400,0.0000,-0.0005,-0.0001,-0.0008,0.0000,0.0000,0.0000,0.0000,0.0000,1.0000
2.1530,95.87,0.0000,0.0400,0.0000,-0.0005,-0.0001,-0.0008,0.0000,0.0000,0.0000,0.0000,0.0000,1.0000
2.1730,95.87,0.0000,0.0400,0.0000,-0.0005,-0.0001,-0.0008,0.0000,0.0000,0.0000,0.0000,0.0000,1.0000
2.1930,95.87,0.0000,0.0400,0.0000,-0.0005,-0.0001,-0.0008,0.0000,0.0000,0.0000,0.0000,0.0000,1.0000
2.2130,95.87,0.0000,0.0400,0.0000,-0.0005,-0.0001,-0.0008,0.0000,0.0000,0.0000,0.0000,0.0000,1.0000
2.2330,95.87,0.0000,0.0400,0.0000,-0.0005,-0.0001,-0.0008,0.0000,0.0000,0.0000,0.0000,0.0000,1.0000
2.2530,95.87,0.0000,0.0400,0.0000,-0.0005,-0.0001,-0.0008,0.0000,0.0000,0.0000,0.0000,0.0000,1.0000
2.2730,95.87,0.0000,0.0400,0.0000,-0.0005,-0.0001,-0.0008,0.0000,0.0000,0.0000,0.0000,0.0000,1.0000
2.2930,95.87,0.0000,0.0400,0.0000,-0.0005,-0.0001,-0.0008,0.0000,0.0000,0.0000,0.0000,0.0000,1.0000
2.3130,95.87,0.0000,0.0400,0.0000,-0.0005,-0.0001,-0.0008,0.0000,0.0000,0.0000,0.0000,0.0000,1.0000
2.3330,95.87,0.0000,0.0400,0.0000,-0.0005,-0.0001,-0.0008,0.0000,0.0000,0.0000,0.0000,0.0000,1.0000
2.3530,95.87,0.0000,0.0400,0.0000,-0.0005,-0.0001,-0.0008,0.0000,0.0000,0.0000,0.0000,0.0000,1.0000
2.3730,95.87,0.0000,0.0400,0.0000,-0.0005,-0.0001,-0.0008,0.0000,0.0000,0.0000,0.0000,0.0000,1.0000
2.3930,95.87,0.0000,0.0400,0.0000,-0.0005,-0.0001,-0.0008,0.0000,0.0000,0.0000,0.0000,0.0000,1.0000
2.4130,95.87,0.0000,0.0400,0.0000,-0.0005,-0.0001,-0.0008,0.0000,0.0000,0.0000,0.0000,0.0000,1.0000
2.4330,95.87,0.0000,0.0400,0.0000,-0.0005,-0.0001,-0.0008,0.0000,0.0000,0.0000,0.0000,0.0000,1.0000
2.4530,95.87,0.0000,0.0400,0.0000,-0.0005,-0.0001,-0.0008,0.0000,0.0000,0.0000,0.0000,0.0000,1.0000
2.4730,95.87,0.0000,0.0400,0.0000,-0.0005,-0.0001,-0.0008,0.0000,0.0000,0.0000,0.0000,0.0000,1.0000
2.4930,95.87,0.0000,0.0400,0.0000,-0.0005,-0.0001,-0.0008,0.0000,0.0000,0.0000,0.0000,0.0000,1.0000
2.5130,95.87,0.0000,0.0400,0.0000,-0.0005,-0.0001,-0.0008,0.0000,0.0000,0.0000,0.0000,0.0000,1.0000
2.5330,95.87,0.0000,0.0400,0.0000,-0.0005,-0.0001,-0.0008,0.0000,0.0000,0.0000,0.0000,0.0000,1.0000
2.5530,95.87,0.0000,0.0400,0.0000,-0.0005,-0.0001,-0.0008,0.0000,0.0000,0.0000,0.0000,0.0000,1.0000
2.5730,95.87,0.0000,0.0400,0.0000,-0.0005,-0.0001,-0.0008,0.0000,0.0000,0.0000,0.0000,0.0000,1.0000
2.5930,95.87,0.0000,0.0400,0.0000,-0.0005,-0.0001,-0.0008,0.0000,0.0000,0.0000,0.0000,0.0000,1.0000
2.6130,95.87,0.0000,0.0400,0.0000,-0.0005,-0.0001,-0.0008,0.0000,0.0000,0.0000,0.0000,0.0000,1.0000
2.6330,95.87,0.0000,0.0400,0.0000,-0.0005,-0.0001,-0.0008,0.0000,0.0000,0.0000,0.0000,0.0000,1.0000
2.6530,95.87,0.0000,0.0400,0.0000,-0.0005,-0.0001,-0.0008,0.0000,0.0000,0.0000,0.0000,0.0000,1.0000
2.6730,95.87,0.0000,0.0400,0.0000,-0.0005,-0.0001,-0.0008,0.0000,0.0000,0.0000,0.0000,0.0000,1.0000
2.6930,95.87,0.0000,0.0400,0.0000,-0.0005,-0.0001,-0.0008,0.0000,0.0000,0.0000,0.0000,0.0000,1.0000
2.7130,95.87,0.0000,0.0400,0.0000,-0.0005,-0.0001,-0.0008,0.0000,0.0000,0.0000,0.0000,0.0000,1.0000
2.7330,95.87,0.0000,0.0400,0.0000,-0.0005,-0.0001,-0.0008,0.0000,0.0000,0.0000,0.0000,0.0000,1.0000
2.7530,95.87,0.0000,0.0400,0.0000,-0.0005,-0.0001,-0.0008,0.0000,0.0000,0.0000,0.0000,0.0000,1.0000
2.7730,95.87,0.0000,0.0400,0.0000,-0.0005,-0.0001,-0.0008,0.0000,0.0000,0.0000,0.0000,0.0000,1.0000
2.7930,95.87,0.0000,0.0400,0.0000,-0.0005,-0.0001,-0.0008,0.0000,0.0000,0.0000,0.0000,0.0000,1.0000
2.8130,95.87,0.0000,0.0400,0.0000,-0.0005,-0.0001,-0.0008,0.0000,0.0000,0.0000,0.0000,0.0000,1.0000
2.8330,95.87,0.0000,0.0400,0.0000,-0.0005,-0.0001,-0.0008,0.0000,0.0000,0.0000,0.0000,0.0000,1.0000
2.8530,95.87,0.0000,0.0400,0.0000,-0.0005,-0.0001,-0.0008,0.0000,0.0000,0.0000,0.0000,0.0000,1.0000
2.8730,95.87,0.0000,0.0400,0.0000,-0.0005,-0.0001,-0.0008,0.0000,0.0000,0.0000,0.0000,0.0000,1.0000
2.8930,95.87,0.0000,0.0400,0.0000,-0.0005,-0.0001,-0.0008,0.0000,0.0000,0.0000,0.0000,0.0000,1.0000
2.9130,95.87,0.0000,0.0400,0.0000,-0.0005,-0.0001,-0.0008,0.0000,0.0000,0.0000,0.0000,0.0000,1.0000
2.9330,95.87,0.0000,0.0400,0.0000,-0.0005,-0.0001,-0.0008,0.0000,0.0000,0.0000,0.0000,0.0000,1.0000
2.9530,95.87,0.0000,0.0400,0.0000,-0.0005,-0.0001,-0.0008,0.0000,0.0000,0.0000,0.0000,0.0000,1.0000
2.9730,95.87,0.0000,0.0400,0.0000,-0.0005,-0.0001,-0.0008,0.0000,0.0000,0.0000,0.0000,0.0000,1.0000
2.9930,95.87,0.0000,0.0400,0.0000,-0.0005,-0.0001,-0.0008,0.0000,0.0000,0.0000,0.0000,0.0000,1.0000
3.0130,95.87,0.0000,0.0400,0.0000,-0.0005,-0.0001,-0.0008,0.0000,0.0000,0.0000,0.0000,0.0000,1.0000
3.0330,95.87,0.0000,0.0400,0.0000,-0.0005,-0.0001,-0.0008,0.0000,0.0000,0.0000,0.0000,0.0000,1.0000
3.0530,95.87,0.0000,0.0400,0.0000,-0.0005,-0.0001,-0.0008,0.0000,0.0000,0.0000,0.0000,0.0000,1.0000
3.0730,95.87,0.0000,0.0400,0.0000,-0.0005,-0.0001,-0.0008,0.0000,0.0000,0.0000,0.0000,0.0000,1.0000
3.0930,95.87,0.0000,0.0400,0.0000,-0.0005,-0.0001,-0.0008,0.0000,0.0000,0.0000,0.0000,0.0000,1.0000
3.1130,95.87,0.0000,0.0400,0.0000,-0.0005,-0.0001,-0.0008,0.0000,0.0000,0.0000,0.0000,0.0000,1.0000
3.1330,95.87,0.0000,0.0400,0.0000,-0.0005,-0.0001,-0.0008,0.0000,0.0000,0.0000,0.0000,0.0000,1.0000
3.1530,98.63,0.0000,0.0400,0.0000,-0.0005,-0.0001,-0.0008,0.0000,0.0000,0.0000,0.0000,0.0000,1.0000
3.1730,98.63,0.0000,0.0400,0.0000,-0.0005,-0.0001,-0.0008,0.0000,0.0000,0.0000,0.0000,0.0000,1.0000
3.1930,98.63,0.0000,0.0400,0.0000,-0.0005,-0.0001,-0.0008,0.0000,0.0000,0.0000,0.0000,0.0000,1.0000
3.2130,98.63,0.0000,0.0400,0.0000,-0.0005,-0.0001,-0.0008,0.0000,0.0000,0.0000,0.0000,0.0000,1.0000
3.2330,98.63,0.0000,0.0400,0.0000,-0.0005,-0.0001,-0.0008,0.0000,0.0000,0.0000,0.0000,0.0000,1.0000
3.2530,98.63,0.0000,0.0400,0.0000,-0.0005,-0.0001,-0.0008,0.0000,0.0000,0.0000,0.0000,0.0000,1.0000
3.2730,98.63,0.0000,0.0400,0.0000,-0.0005,-0.0001,-0.0008,0.0000,0.0000,0.0000,0.0000,0.0000,1.0000
3.2930,98.63,0.0000,0.0400,0.0000,-0.0005,-0.0001,-0.0008,0.0000,0.0000,0.0000,0.0000,0.0000,1.0000
3.3130,98.63,0.0000,0.0400,0.0000,-0.0005,-0.0001,-0.0008,0.0000,0.0000,0.0000,0.0000,0.0000,1.0000
3.3330,98.63,0.0000,0.0400,0.0000,-0.0005,-0.0001,-0.0008,0.0000,0.0000,0.0000,0.0000,0.0000,1.0000
3.3530,98.63,0.0000,0.0400,0.0000,-0.0005,-0.0001,-0.0008,0.0000,0.0000,0.0000,0.0000,0.0000,1.0000
3.3730,98.63,0.0000,0.0400,0.0000,-0.0005,-0.0001,-0.0008,0.0000,0.0000,0.0000,0.0000,0.0000,1.0000
3.3930,98.63,0.0000,0.0400,0.0000,-0.0005,-0.0001,-0.0008,0.0000,0.0000,0.0000,0.0000,0.0000,1.0000
3.4130,98.63,0.0000,0.0400,0.0000,-0.0005,-0.0001,-0.0008,0.0000,0.0000,0.0000,0.0000,0.0000,1.0000
3.4330,98.63,0.0000,0.0400,0.0000,-0.0005,-0.0001,-0.0008,0.0000,0.0000,0.0000,0.0000,0.0000,1.0000
3.4530,98.63,0.0000,0.0400,0.0000,-0.0005,-0.0001,-0.0008,0.0000,0.0000,0.0000,0.0000,0.0000,1.0000
3.4730,98.63,0.0000,0.0400,0.0000,-0.0005,-0.0001,-0.0008,0.0000,0.0000,0.0000,0.0000,0.0000,1.0000
3.4930,98.63,0.0000,0.0400,0.0000,-0.0005,-0.0001,-0.0008,0.0000,0.0000,0.0000,0.0000,0.0000,1.0000
3.5130,98.63,0.0000,0.0400,0.0000,-0.0005,-0.0001,-0.0008,0.0000,0.0000,0.0000,0.0000,0.0000,1.0000
3.5330,98.63,0.0000,0.0400,0.0000,-0.0005,-0.0001,-0.0008,0.0000,0.0000,0.0000,0.0000,0.0000,1.0000
3.5530,98.63,0.0000,0.0400,0.0000,-0.0005,-0.0001,-0.0008,0.0000,0.0000,0.0000,0.0000,0.0000,1.0000
3.5730,98.63,0.0000,0.0400,0.0000,-0.0005,-0.0001,-0.0008,0.0000,0.0000,0.0000,0.0000,0.0000,1.0000
3.5930,98.63,0.0000,0.0400,0.0000,-0.0005,-0.0001,-0.0008,0.0000,0.0000,0.0000,0.0000,0.0000,1.0000
3.6130,98.63,0.0000,0.0400,0.0000,-0.0005,-0.0001,-0.0008,0.0000,0.0000,0.0000,0.0000,0.0000,1.0000
3.6330,98.63,0.0000,0.0400,0.0000,-0.0005,-0.0001,-0.0008,0.0000,0.0000,0.0000,0.0000,0.0000,1.0000
3.6530,98.63,0.0000,0.0400,0.0000,-0.0005,-0.0001,-0.0008,0.0000,0.0000,0.0000,0.0000,0.0000,1.0000
3.6730,98.63,0.0000,0.0400,0.0000,-0.0005,-0.0001,-0.0008,0.0000,0.0000,0.0000,0.0000,0.0000,1.0000
3.6930,98.63,0.0000,0.0400,0.0000,-0.0005,-0.0001,-0.0008,0.0000,0.0000,0.0000,0.0000,0.0000,1.0000
3.7130,98.63,0.0000,0.0400,0.0000,-0.0005,-0.0001,-0.0008,0.0000,0.0000,0.0000,0.0000,0.0000,1.0000
3.7330,98.63,0.0000,0.0400,0.0000,-0.0005,-0.0001,-0.0008,0.0000,0.0000,0.0000,0.0000,0.0000,1.0000
3.7530,98.63,0.0000,0.0400,0.0000,-0.0005,-0.0001,-0.0008,0.0000,0.0000,0.0000,0.0000,0.0000,1.0000
3.7730,98.63,0.0000,0.0400,0.0000,-0.0005,-0.0001,-0.0008,0.0000,0.0000,0.0000,0.0000,0.0000,1.0000
3.7930,98.63,0.0000,0.0400,0.0000,-0.0005,-0.0001,-0.0008,0.0000,0.0000,0.0000,0.0000,0.0000,1.0000
3.8130,98.63,0.0000,0.0400,0.0000,-0.0005,-0.0001,-0.0008,0.0000,0.0000,0.0000,0.0000,0.0000,1.0000
3.8330,98.63,0.0000,0.0400,0.0000,-0.0005,-0.0001,-0.0008,0.0000,0.0000,0.0000,0.0000,0.0000,1.0000
3.8530,98.63,0.0000,0.0400,0.0000,-0.0005,-0.0001,-0.0008,0.0000,0.0000,0.0000,0.0000,0.0000,1.0000
3.8730,98.63,0.0000,0.0400,0.0000,-0.0005,-0.0001,-0.0008,0.0000,0.0000,0.0000,0.0000,0.0000,1.0000
3.8930,98.63,0.0000,0.0400,0.0000,-0.0005,-0.0001,-0.0008,0.0000,0.0000,0.0000,0.0000,0.0000,1.0000
3.9130,98.63,0.0000,0.0400,0.0000,-0.0005,-0.0001,-0.0008,0.0000,0.0000,0.0000,0.0000,0.0000,1.0000
3.9330,98.63,0.0000,0.0400,0.0000,-0.0005,-0.0001,-0.0008,0.0000,0.0000,0.0000,0.0000,0.0000,1.0000
3.9530,98.63,0.0000,0.0400,0.0000,-0.0005,-0.0001,-0.0008,0.0000,0.0000,0.0000,0.0000,0.0000,1.0000
3.9730,98.63,0.0000,0.0400,0.0000,-0.0005,-0.0001,-0.0008,0.0000,0.0000,0.0000,0.0000,0.0000,1.0000
3.9930,98.63,0.0000,0.0400,0.0000,-0.0005,-0.0001,-0.0008,0.0000,0.0000,0.0000,0.0000,0.0000,1.0000
4.0130,98.63,0.0000,0.0400,0.0000,-0.0005,-0.0001,-0.0008,0.0000,0.0000,0.0000,0.0000,0.0000,1.0000
4.0330,98.63,0.0000,0.0400,0.0000,-0.0005,-0.0001,-0.0008,0.0000,0.0000,0.0000,0.0000,0.0000,1.0000
4.0530,98.63,0.0000,0.0400,0.0000,-0.0005,-0.0001,-0.0008,0.0000,0.0000,0.0000,0.0000,0.0000,1.0000
4.0730,98.63,0.0000,0.0400,0.0000,-0.0005,-0.0001,-0.0008,0.0000,0.0000,0.0000,0.0000,0.0000,1.0000
4.0930,98.63,0.0000,0.0400,0.0000,-0.0005,-0.0001,-0.0008,0.0000,0.0000,0.0000,0.0000,0.0000,1.0000
4.1130,98.63,0.0000,0.0400,0.0000,-0.0005,-0.0001,-0.0008,0.0000,0.0000,0.0000,0.0000,0.0000,1.0000
4.1330,98.63,0.0000,0.0400,0.0000,-0.0005,-0.0001,-0.0008,0.0000,0.0000,0.0000,0.0000,0.0000,1.0000
4.1530,98.63,0.0000,0.0400,0.0000,-0.0005,-0.0001,-0.0008,0.0000,0.0000,0.0000,0.0000,0.0000,1.0000
4.1730,98.46,0.0000,0.0400,0.0000,-0.0005,-0.0001,-0.0008,0.0000,0.0000,0.0000,0.0000,0.0000,1.0000
4.1930,98.46,0.0000,0.0400,0.0000,-0.0005,-0.0001,-0.0008,0.0000,0.0000,0.0000,0.0000,0.0000,1.0000
4.2130,98.46,0.0000,0.0400,0.0000,-0.0005,-0.0001,-0.0008,0.0000,0.0000,0.0000,0.0000,0.0000,1.0000
4.2330,98.46,0.0000,0.0400,0.0000,-0.0005,-0.0001,-0.0008,0.0000,0.0000,0.0000,0.0000,0.0000,1.0000
4.2530,98.46,0.0000,0.0400,0.0000,-0.0005,-0.0001,-0.0008,0.0000,0.0000,0.0000,0.0000,0.0000,1.0000
4.2730,98.46,0.0000,0.0400,0.0000,-0.0005,-0.0001,-0.0008,0.0000,0.0000,0.0000,0.0000,0.0000,1.0000
4.2930,98.46,0.0000,0.0400,0.0000,-0.0005,-0.0001,-0.0008,0.0000,0.0000,0.0000,0.0000,0.0000,1.0000
4.3130,98.46,0.0000,0.0400,0.0000,-0.0005,-0.0001,-0.0008,0.0000,0.0000,0.0000,0.0000,0.0000,1.0000
4.3330,98.46,0.0000,0.0400,0.0000,-0.0005,-0.0001,-0.0008,0.0000,0.0000,0.0000,0.0000,0.0000,1.0000
4.3530,98.46,0.0000,0.0400,0.0000,-0.0005,-0.0001,-0.0008,0.0000,0.0000,0.0000,0.0000,0.0000,1.0000
4.3730,98.46,0.0000,0.0400,0.0000,-0.0005,-0.0001,-0.0008,0.0000,0.0000,0.0000,0.0000,0.0000,1.0000
4.3930,98.46,0.0000,0.0400,0.0000,-0.0005,-0.0001,-0.0008,0.0000,0.0000,0.0000,0.0000,0.0000,1.0000
4.4130,98.46,0.0000,0.0400,0.0000,-0.0005,-0.0001,-0.0008,0.0000,0.0000,0.0000,0.0000,0.0000,1.0000
4.4330,98.46,0.0000,0.0400,0.0000,-0.0005,-0.0001,-0.0008,0.0000,0.0000,0.0000,0.0000,0.0000,1.0000
4.4530,98.46,0.0000,0.0400,0.0000,-0.0005,-0.0001,-0.0008,0.0000,0.0000,0.0000,0.0000,0.0000,1.0000
4.4730,98.46,0.0000,0.0400,0.0000,-0.0005,-0.0001,-0.0008,0.0000,0.0000,0.0000,0.0000,0.0000,1.0000
4.4930,98.46,0.0000,0.0400,0.0000,-0.0005,-0.0001,-0.0008,0.0000,0.0000,0.0000,0.0000,0.0000,1.0000
4.5130,98.46,0.0000,0.0400,0.0000,-0.0005,-0.0001,-0.0008,0.0000,0.0000,0.0000,0.0000,0.0000,1.0000
4.5330,98.46,0.0000,0.0400,0.0000,-0.0005,-0.0001,-0.0008,0.0000,0.0000,0.0000,0.0000,0.0000,1.0000
4.5530,98.46,0.0000,0.0400,0.0000,-0.0005,-0.0001,-0.0008,0.0000,0.0000,0.0000,0.0000,0.0000,1.0000
4.5730,98.46,0.0000,0.0400,0.0000,-0.0005,-0.0001,-0.0008,0.0000,0.0000,0.0000,0.0000,0.0000,1.0000
4.5930,98.46,0.0000,0.0400,0.0000,-0.0005,-0.0001,-0.0008,0.0000,0.0000,0.0000,0.0000,0.0000,1.0000
4.6130,98.46,0.0000,0.0400,0.0000,-0.0005,-0.0001,-0.0008,0.0000,0.0000,0.0000,0.0000,0.0000,1.0000
4.6330,98.46,0.0000,0.0400,0.0000,-0.0005,-0.0001,-0.0008,0.0000,0.0000,0.0000,0.0000,0.0000,1.0000
4.6530,98.46,0.0000,0.0400,0.0000,-0.0005,-0.0001,-0.0008,0.0000,0.0000,0.0000,0.0000,0.0000,1.0000
4.6730,98.46,0.0000,0.0400,0.0000,-0.0005,-0.0001,-0.0008,0.0000,0.0000,0.0000,0.0000,0.0000,1.0000
4.6930,98.46,0.0000,0.0400,0.0000,-0.0005,-0.0001,-0.0008,0.0000,0.0000,0.0000,0.0000,0.0000,1.0000
4.7130,98.46,0.0000,0.0400,0.0000,-0.0005,-0.0001,-0.0008,0.0000,0.0000,0.0000,0.0000,0.0000,1.0000
4.7330,98.46,0.0000,0.0400,0.0000,-0.0005,-0.0001,-0.0008,0.0000,0.0000,0.0000,0.0000,0.0000,1.0000
4.7530,98.46,0.0000,0.0400,0.0000,-0.0005,-0.0001,-0.0008,0.0000,0.0000,0.0000,0.0000,0.0000,1.0000
4.7730,98.46,0.0000,0.0400,0.0000,-0.0005,-0.0001,-0.0008,0.0000,0.0000,0.0000,0.0000,0.0000,1.0000
4.7930,98.46,0.0000,0.0400,0.0000,-0.0005,-0.0001,-0.0008,0.0000,0.0000,0.0000,0.0000,0.0000,1.0000
4.8130,98.46,0.0000,0.0400,0.0000,-0.0005,-0.0001,-0.0008,0.0000,0.0000,0.0000,0.0000,0.0000,1.0000
4.8330,98.46,0.0000,0.0400,0.0000,-0.0005,-0.0001,-0.0008,0.0000,0.0000,0.0000,0.0000,0.0000,1.0000
4.8530,98.46,0.0000,0.0400,0.0000,-0.0005,-0.0001,-0.0008,0.0000,0.0000,0.0000,0.0000,0.0000,1.0000
4.8730,98.46,0.0000,0.0400,0.0000,-0.0005,-0.0001,-0.0008,0.0000,0.0000,0.0000,0.0000,0.0000,1.0000
4.8930,98.46,0.0000,0.0400,0.0000,-0.0005,-0.0001,-0.0008,0.0000,0.0000,0.0000,0.0000,0.0000,1.0000
4.9130,98.46,0.0000,0.0400,0.0000,-0.0005,-0.0001,-0.0008,0.0000,0.0000,0.0000,0.0000,0.0000,1.0000
4.9330,98.46,0.0000,0.0400,0.0000,-0.0005,-0.0001,-0.0008,0.0000,0.0000,0.0000,0.0000,0.0000,1.0000
4.9530,98.46,0.0000,0.0400,0.0000,-0.0005,-0.0001,-0.0008,0.0000,0.0000,0.0000,0.0000,0.0000,1.0000
4.9730,98.46,0.0000,0.0400,0.0000,-0.0005,-0.0001,-0.0008,0.0000,0.0000,0.0000,0.0000,0.0000,1.0000
4.9930,98.46,0.0000,0.0400,0.0000,-0.0005,-0.0001,-0.0008,0.0000,0.0000,0.0000,0.0000,0.0000,1.0000
5.0130,98.46,0.0000,0.0400,0.0000,-0.0005,-0.0001,-0.0008,0.0000,0.0000,0.0000,0.0000,0.0000,1.0000
5.0330,98.46,0.0000,0.0400,0.0000,-0.0005,-0.0001,-0.0008,0.0000,0.0000,0.0000,0.0000,0.0000,1.0000
5.0530,98.46,0.0000,0.0400,0.0000,-0.0005,-0.0001,-0.0008,0.0000,0.0000,0.0000,0.0000,0.0000,1.0000
5.0730,98.46,0.0000,0.0400,0.0000,-0.0005,-0.0001,-0.0008,0.0000,0.0000,0.0000,0.0000,0.0000,1.0000
5.0930,98.46,0.0000,0.0400,0.0000,-0.0005,-0.0001,-0.0008,0.0000,0.0000,0.0000,0.0000,0.0000,1.0000
5.1130,98.46,0.0000,0.0400,0.0000,-0.0005,-0.0001,-0.0008,0.0000,0.0000,0.0000,0.0000,0.0000,1.0000
5.1330,98.46,0.0000,0.0400,0.0000,-0.0005,-0.0001,-0.0008,0.0000,0.0000,0.0000,0.0000,0.0000,1.0000
5.1530,98.46,0.0000,0.0400,0.0000,-0.0005,-0.0001,-0.0008,0.0000,0.0000,0.0000,0.0000,0.0000,1.0000
5.1730,120.74,0.0000,0.0400,0.0000,-0.0005,-0.0001,-0.0008,0.0000,0.0000,0.0000,0.0000,0.0000,1.0000
5.1930,120.74,0.0000,0.0400,0.0000,-0.0005,-0.0001,-0.0008,0.0000,0.0000,0.0000,0.0000,0.0000,1.0000
5.2130,120.74,0.0000,0.0400,0.0000,-0.0005,-0.0001,-0.0008,0.0000,0.0000,0.0000,0.0000,0.0000,1.0000
5.2330,120.74,0.0000,0.0400,0.0000,-0.0005,-0.0001,-0.0008,0.0000,0.0000,0.0000,0.0000,0.0000,1.0000
5.2530,120.74,0.0000,0.0400,0.0000,-0.0005,-0.0001,-0.0008,0.0000,0.0000,0.0000,0.0000,0.0000,1.0000
5.2730,120.74,0.0000,0.0400,0.0000,-0.0005,-0.0001,-0.0008,0.0000,0.0000,0.0000,0.0000,0.0000,1.0000
5.2930,120.74,0.0000,0.0400,0.0000,-0.0005,-0.0001,-0.0008,0.0000,0.0000,0.0000,0.0000,0.0000,1.0000
5.3130,120.74,0.0000,0.0400,0.0000,-0.0005,-0.0001,-0.0008,0.0000,0.0000,0.0000,0.0000,0.0000,1.0000
5.3330,120.74,0.0000,0.0400,0.0000,-0.0005,-0.0001,-0.0008,0.0000,0.0000,0.0000,0.0000,0.0000,1.0000
5.3530,120.74,0.0000,0.0400,0.0000,-0.0005,-0.0001,-0.0008,0.0000,0.0000,0.0000,0.0000,0.0000,1.0000
5.3730,120.74,0.0000,0.0400,0.0000,-0.0005,-0.0001,-0.0008,0.0000,0.0000,0.0000,0.0000,0.0000,1.0000
5.3930,120.74,0.0000,0.0400,0.0000,-0.0005,-0.0001,-0.0008,0.0000,0.0000,0.0000,0.0000,0.0000,1.0000
5.4130,120.74,0.0000,0.0400,0.0000,-0.0005,-0.0001,-0.0008,0.0000,0.0000,0.0000,0.0000,0.0000,1.0000
5.4330,120.74,0.0000,0.0400,0.0000,-0.0005,-0.0001,-0.0008,0.0000,0.0000,0.0000,0.0000,0.0000,1.0000
5.4530,120.74,0.0000,0.0400,0.0000,-0.0005,-0.0001,-0.0008,0.0000,0.0000,0.0000,0.0000,0.0000,1.0000
5.4730,120.74,0.0000,0.0400,0.0000,-0.0005,-0.0001,-0.0008,0.0000,0.0000,0.0000,0.0000,0.0000,1.0000
5.4930,120.74,0.0000,0.0400,0.0000,-0.0005,-0.0001,-0.0008,0.0000,0.0000,0.0000,0.0000,0.0000,1.0000
5.5130,120.74,0.0000,0.0400,0.0000,-0.0005,-0.0001,-0.0008,0.0000,0.0000,0.0000,0.0000,0.0000,1.0000
5.5330,120.74,0.0000,0.0400,0.0000,-0.0005,-0.0001,-0.0008,0.0000,0.0000,0.0000,0.0000,0.0000,1.0000
5.5530,120.74,0.0000,0.0400,0.0000,-0.0005,-0.0001,-0.0008,0.0000,0.0000,0.0000,0.0000,0.0000,1.0000
5.5730,120.74,0.0000,0.0400,0.0000,-0.0005,-0.0001,-0.0008,0.0000,0.0000,0.0000,0.0000,0.0000,1.0000
5.5930,120.74,0.0000,0.0400,0.0000,-0.0005,-0.0001,-0.0008,0.0000,0.0000,0.0000,0.0000,0.0000,1.0000
5.6130,120.74,0.0000,0.0400,0.0000,-0.0005,-0.0001,-0.0008,0.0000,0.0000,0.0000,0.0000,0.0000,1.0000
5.6330,120.74,0.0000,0.0400,0.0000,-0.0005,-0.0001,-0.0008,0.0000,0.0000,0.0000,0.0000,0.0000,1.0000
5.6530,120.74,0.0000,0.0400,0.0000,-0.0005,-0.0001,-0.0008,0.0000,0.0000,0.0000,0.0000,0.0000,1.0000
5.6730,120.74,0.0000,0.0400,0.0000,-0.0005,-0.0001,-0.0008,0.0000,0.0000,0.0000,0.0000,0.0000,1.0000
5.6930,120.74,0.0000,0.0400,0.0000,-0.0005,-0.0001,-0.0008,0.0000,0.0000,0.0000,0.0000,0.0000,1.0000
5.7130,120.74,0.0000,0.0400,0.0000,-0.0005,-0.0001,-0.0008,0.0000,0.0000,0.0000,0.0000,0.0000,1.0000
5.7330,120.74,0.0000,0.0400,0.0000,-0.0005,-0.0001,-0.0008,0.0000,0.0000,0.0000,0.0000,0.0000,1.0000
5.7530,120.74,0.0000,0.0400,0.0000,-0.0005,-0.0001,-0.0008,0.0000,0.0000,0.0000,0.0000,0.0000,1.0000
5.7730,120.74,0.0000,0.0400,0.0000,-0.0005,-0.0001,-0.0008,0.0000,0.0000,0.0000,0.0000,0.0000,1.0000
5.7930,120.74,0.0000,0.0400,0.0000,-0.0005,-0.0001,-0.0008,0.0000,0.0000,0.0000,0.0000,0.0000,1.0000
5.8130,120.74,0.0000,0.0400,0.0000,-0.0005,-0.0001,-0.0008,0.0000,0.0000,0.0000,0.0000,0.0000,1.0000
5.8330,120.74,0.0000,0.0400,0.0000,-0.0005,-0.0001,-0.0008,0.0000,0.0000,0.0000,0.0000,0.0000,1.0000
5.8530,120.74,0.0000,0.0400,0.0000,-0.0005,-0.0001,-0.0008,0.0000,0.0000,0.0000,0.0000,0.0000,1.0000
5.8730,120.74,0.0000,0.0400,0.0000,-0.0005,-0.0001,-0.0008,0.0000,0.0000,0.0000,0.0000,0.0000,1.0000
5.8930,120.74,0.0000,0.0400,0.0000,-0.0005,-0.0001,-0.0008,0.0000,0.0000,0.0000,0.0000,0.0000,1.0000
5.9130,120.74,0.0000,0.0400,0.0000,-0.0005,-0.0001,-0.0008,0.0000,0.0000,0.0000,0.0000,0.0000,1.0000
5.9330,120.74,0.0000,0.0400,0.0000,-0.0005,-0.0001,-0.0008,0.0000,0.0000,0.0000,0.0000,0.0000,1.0000
5.9530,120.74,0.0000,0.0400,0.0000,-0.0005,-0.0001,-0.0008,0.0000,0.0000,0.0000,0.0000,0.0000,1.0000
5.9730,120.74,0.0000,0.0400,0.0000,-0.0005,-0.0001,-0.0008,0.0000,0.0000,0.0000,0.0000,0.0000,1.0000
5.9930,120.74,0.0000,0.0400,0.0000,-0.0005,-0.0001,-0.0008,0.0000,0.0000,0.0000,0.0000,0.0000,1.0000
6.0130,120.74,0.0000,0.0400,0.0000,-0.0005,-0.0001,-0.0008,0.0000,0.0000,0.0000,0.0000,0.0000,1.0000
6.0330,120.74,0.0000,0.0400,0.0000,-0.0005,-0.0001,-0.0008,0.0000,0.0000,0.0000,0.0000,0.0000,1.0000
6.0530,120.74,0.0000,0.0400,0.0000,-0.0005,-0.0001,-0.0008,0.0000,0.0000,0.0000,0.0000,0.0000,1.0000
6.0730,120.74,0.0000,0.0400,0.0000,-0.0005,-0.0001,-0.0008,0.0000,0.0000,0.0000,0.0000,0.0000,1.0000
6.0930,120.74,0.0000,0.0400,0.0000,-0.0005,-0.0001,-0.0008,0.0000,0.0000,0.0000,0.0000,0.0000,1.0000
6.1130,120.74,0.0000,0.0400,0.0000,-0.0005,-0.0001,-0.0008,0.0000,0.0000,0.0000,0.0000,0.0000,1.0000
6.1330,120.74,0.0000,0.0400,0.0000,-0.0005,-0.0001,-0.0008,0.0000,0.0000,0.0000,0.0000,0.0000,1.0000
6.1530,120.74,0.0000,0.0400,0.0000,-0.0005,-0.0001,-0.0008,0.0000,0.0000,0.0000,0.0000,0.0000,1.0000
6.1730,120.51,0.0000,0.0400,0.0000,-0.0005,-0.0001,-0.0008,0.0000,0.0000,0.0000,0.0000,0.0000,1.0000
6.1930,120.51,0.0000,0.0400,0.0000,-0.0005,-0.0001,-0.0008,0.0000,0.0000,0.0000,0.0000,0.0000,1.0000
6.2130,120.51,0.0000,0.0400,0.0000,-0.0005,-0.0001,-0.0008,0.0000,0.0000,0.0000,0.0000,0.0000,1.0000
6.2330,120.51,0.0000,0.0400,0.0000,-0.0005,-0.0001,-0.0008,0.0000,0.0000,0.0000,0.0000,0.0000,1.0000
6.2530,120.51,0.0000,0.0400,0.0000,-0.0005,-0.0001,-0.0008,0.0000,0.0000,0.0000,0.0000,0.0000,1.0000
6.2730,120.51,0.0000,0.0400,0.0000,-0.0005,-0.0001,-0.0008,0.0000,0.0000,0.0000,0.0000,0.0000,1.0000
6.2930,120.51,0.0000,0.0400,0.0000,-0.0005,-0.0001,-0.0008,0.0000,0.0000,0.0000,0.0000,0.0000,1.0000
6.3130,120.51,0.0000,0.0400,0.0000,-0.0005,-0.0001,-0.0008,0.0000,0.0000,0.0000,0.0000,0.0000,1.0000
6.3330,120.51,0.0000,0.0400,0.0000,-0.0005,-0.0001,-0.0008,0.0000,0.0000,0.0000,0.0000,0.0000,1.0000
6.3530,120.51,0.0000,0.0400,0.0000,-0.0005,-0.0001,-0.0008,0.0000,0.0000,0.0000,0.0000,0.0000,1.0000
6.3730,120.51,0.0000,0.0400,0.0000,-0.0005,-0.0001,-0.0008,0.0000,0.0000,0.0000,0.0000,0.0000,1.0000
6.3930,120.51,0.0000,0.0400,0.0000,-0.0005,-0.0001,-0.0008,0.0000,0.0000,0.0000,0.0000,0.0000,1.0000
6.4130,120.51,0.0000,0.0400,0.0000,-0.0005,-0.0001,-0.0008,0.0000,0.0000,0.0000,0.0000,0.0000,1.0000
6.4330,120.51,0.0000,0.0400,0.0000,-0.0005,-0.0001,-0.0008,0.0000,0.0000,0.0000,0.0000,0.0000,1.0000
6.4530,120.51,0.0000,0.0400,0.0000,-0.0005,-0.0001,-0.0008,0.0000,0.0000,0.0000,0.0000,0.0000,1.0000
6.4730,120.51,0.0000,0.0400,0.0000,-0.0005,-0.0001,-0.0008,0.0000,0.0000,0.0000,0.0000,0.0000,1.0000
6.4930,120.51,0.0000,0.0400,0.0000,-0.0005,-0.0001,-0.0008,0.0000,0.0000,0.0000,0.0000,0.0000,1.0000
6.5130,120.51,0.0000,0.0400,0.0000,-0.0005,-0.0001,-0.0008,0.0000,0.0000,0.0000,0.0000,0.0000,1.0000
6.5330,120.51,0.0000,0.0400,0.0000,-0.0005,-0.0001,-0.0008,0.0000,0.0000,0.0000,0.0000,0.0000,1.0000
6.5530,120.51,0.0000,0.0400,0.0000,-0.0005,-0.0001,-0.0008,0.0000,0.0000,0.0000,0.0000,0.0000,1.0000
6.5730,120.51,0.0000,0.0400,0.0000,-0.0005,-0.0001,-0.0008,0.0000,0.0000,0.0000,0.0000,0.0000,1.0000
6.5930,120.51,0.0000,0.0400,0.0000,-0.0005,-0.0001,-0.0008,0.0000,0.0000,0.0000,0.0000,0.0000,1.0000
6.6130,120.51,0.0000,0.0400,0.0000,-0.0005,-0.0001,-0.0008,0.0000,0.0000,0.0000,0.0000,0.0000,1.0000
6.6330,120.51,0.0000,0.0400,0.0000,-0.0005,-0.0001,-0.0008,0.0000,0.0000,0.0000,0.0000,0.0000,1.0000
6.6530,120.51,0.0000,0.0400,0.0000,-0.0005,-0.0001,-0.0008,0.0000,0.0000,0.0000,0.0000,0.0000,1.0000
6.6730,120.51,0.0000,0.0400,0.0000,-0.0005,-0.0001,-0.0008,0.0000,0.0000,0.0000,0.0000,0.0000,1.0000
6.6930,120.51,0.0000,0.0400,0.0000,-0.0005,-0.0001,-0.0008,0.0000,0.0000,0.0000,0.0000,0.0000,1.0000
6.7130,120.51,0.0000,0.0400,0.0000,-0.0005,-0.0001,-0.0008,0.0000,0.0000,0.0000,0.0000,0.0000,1.0000
6.7330,120.51,0.0000,0.0400,0.0000,-0.0005,-0.0001,-0.0008,0.0000,0.0000,0.0000,0.0000,0.0000,1.0000
6.7530,120.51,0.0000,0.0400,0.0000,-0.0005,-0.0001,-0.0008,0.0000,0.0000,0.0000,0.0000,0.0000,1.0000
6.7730,120.51,0.0000,0.0400,0.0000,-0.0005,-0.0001,-0.0008,0.0000,0.0000,0.0000,0.0000,0.0000,1.0000
6.7930,120.51,0.0000,0.0400,0.0000,-0.0005,-0.0001,-0.0008,0.0000,0.0000,0.0000,0.0000,0.0000,1.0000
6.8130,120.51,0.0000,0.0400,0.0000,-0.0005,-0.0001,-0.0008,0.0000,0.0000,0.0000,0.0000,0.0000,1.0000
6.8330,120.51,0.0000,0.0400,0.0000,-0.0005,-0.0001,-0.0008,0.0000,0.0000,0.0000,0.0000,0.0000,1.0000
6.8530,120.51,0.0000,0.0400,0.0000,-0.0005,-0.0001,-0.0008,0.0000,0.0000,0.0000,0.0000,0.0000,1.0000
6.8730,120.51,0.0000,0.0400,0.0000,-0.0005,-0.0001,-0.0008,0.0000,0.0000,0.0000,0.0000,0.0000,1.0000
6.8930,120.51,0.0000,0.0400,0.0000,-0.0005,-0.0001,-0.0008,0.0000,0.0000,0.0000,0.0000,0.0000,1.0000
6.9130,120.51,0.0000,0.0400,0.0000,-0.0005,-0.0001,-0.0008,0.0000,0.0000,0.0000,0.0000,0.0000,1.0000
6.9330,120.51,0.0000,0.0400,0.0000,-0.0005,-0.0001,-0.0008,0.0000,0.0000,0.0000,0.0000,0.0000,1.0000
6.9530,120.51,0.0000,0.0400,0.0000,-0.0005,-0.0001,-0.0008,0.0000,0.0000,0.0000,0.0000,0.0000,1.0000
6.9730,120.51,0.0000,0.0400,0.0000,-0.0005,-0.0001,-0.0008,0.0000,0.0000,0.0000,0.0000,0.0000,1.0000
6.9930,120.51,0.0000,0.0400,0.0000,-0.0005,-0.0001,-0.0008,0.0000,0.0000,0.0000,0.0000,0.0000,1.0000
7.0130,120.51,0.0000,0.0400,0.0000,-0.0005,-0.0001,-0.0008,0.0000,0.0000,0.0000,0.0000,0.0000,1.0000
7.0330,120.51,0.0000,0.0400,0.0000,-0.0005,-0.0001,-0.0008,0.0000,0.0000,0.0000,0.0000,0.0000,1.0000
7.0530,120.51,0.0000,0.0400,0.0000,-0.0005,-0.0001,-0.0008,0.0000,0.0000,0.0000,0.0000,0.0000,1.0000
7.0730,120.51,0.0000,0.0400,0.0000,-0.0005,-0.0001,-0.0008,0.0000,0.0000,0.0000,0.0000,0.0000,1.0000
7.0930,120.51,0.0000,0.0400,0.0000,-0.0005,-0.0001,-0.0008,0.0000,0.0000,0.0000,0.0000,0.0000,1.0000
7.1130,120.51,0.0000,0.0400,0.0000,-0.0005,-0.0001,-0.0008,0.0000,0.0000,0.0000,0.0000,0.0000,1.0000
7.1330,120.51,0.0000,0.0400,0.0000,-0.0005,-0.0001,-0.0008,0.0000,0.0000,0.0000,0.0000,0.0000,1.0000
7.1530,120.51,0.0000,0.0400,0.0000,-0.0005,-0.0001,-0.0008,0.0000,0.0000,0.0000,0.0000,0.0000,1.0000
7.1730,122.27,0.0000,0.0400,0.0000,-0.0005,-0.0001,-0.0008,0.0000,0.0000,0.0000,0.0000,0.0000,1.0000
7.1930,122.27,0.0000,0.0400,0.0000,-0.0005,-0.0001,-0.0008,0.0000,0.0000,0.0000,0.0000,0.0000,1.0000
7.2130,122.27,0.0000,0.0400,0.0000,-0.0005,-0.0001,-0.0008,0.0000,0.0000,0.0000,0.0000,0.0000,1.0000
7.2330,122.27,0.0000,0.0400,0.0000,-0.0005,-0.0001,-0.0008,0.0000,0.0000,0.0000,0.0000,0.0000,1.0000
7.2530,122.27,0.0000,0.0400,0.0000,-0.0005,-0.0001,-0.0008,0.0000,0.0000,0.0000,0.0000,0.0000,1.0000
7.2730,122.27,0.0000,0.0400,0.0000,-0.0005,-0.0001,-0.0008,0.0000,0.0000,0.0000,0.0000,0.0000,1.0000
7.2930,122.27,0.0000,0.0400,0.0000,-0.0005,-0.0001,-0.0008,0.0000,0.0000,0.0000,0.0000,0.0000,1.0000
7.3130,122.27,0.0000,0.0400,0.0000,-0.0005,-0.0001,-0.0008,0.0000,0.0000,0.0000,0.0000,0.0000,1.0000
7.3330,122.27,0.0000,0.0400,0.0000,-0.0005,-0.0001,-0.0008,0.0000,0.0000,0.0000,0.0000,0.0000,1.0000
7.3530,122.27,0.0000,0.0400,0.0000,-0.0005,-0.0001,-0.0008,0.0000,0.0000,0.0000,0.0000,0.0000,1.0000
7.3730,122.27,0.0000,0.0400,0.0000,-0.0005,-0.0001,-0.0008,0.0000,0.0000,0.0000,0.0000,0.0000,1.0000
7.3930,122.27,0.0000,0.0400,0.0000,-0.0005,-0.0001,-0.0008,0.0000,0.0000,0.0000,0.0000,0.0000,1.0000
7.4130,122.27,0.0000,0.0400,0.0000,-0.0005,-0.0001,-0.0008,0.0000,0.0000,0.0000,0.0000,0.0000,1.0000
7.4330,122.27,0.0000,0.0400,0.0000,-0.0005,-0.0001,-0.0008,0.0000,0.0000,0.0000,0.0000,0.0000,1.0000
7.4530,122.27,0.0000,0.0400,0.0000,-0.0005,-0.0001,-0.0008,0.0000,0.0000,0.0000,0.0000,0.0000,1.0000
7.4730,122.27,0.0000,0.0400,0.0000,-0.0005,-0.0001,-0.0008,0.0000,0.0000,0.0000,0.0000,0.0000,1.0000
7.4930,122.27,0.0000,0.0400,0.0000,-0.0005,-0.0001,-0.0008,0.0000,0.0000,0.0000,0.0000,0.0000,1.0000
7.5130,122.27,0.0000,0.0400,0.0000,-0.0005,-0.0001,-0.0008,0.0000,0.0000,0.0000,0.0000,0.0000,1.0000
7.5330,122.27,0.0000,0.0400,0.0000,-0.0005,-0.0001,-0.0008,0.0000,0.0000,0.0000,0.0000,0.0000,1.0000
7.5530,122.27,0.0000,0.0400,0.0000,-0.0005,-0.0001,-0.0008,0.0000,0.0000,0.0000,0.0000,0.0000,1.0000
7.5730,122.27,0.0000,0.0400,0.0000,-0.0005,-0.0001,-0.0008,0.0000,0.0000,0.0000,0.0000,0.0000,1.0000
7.5930,122.27,0.0000,0.0400,0.0000,-0.0005,-0.0001,-0.0008,0.0000,0.0000,0.0000,0.0000,0.0000,1.0000
7.6130,122.27,0.0000,0.0400,0.0000,-0.0005,-0.0001,-0.0008,0.0000,0.0000,0.0000,0.0000,0.0000,1.0000
7.6330,122.27,0.0000,0.0400,0.0000,-0.0005,-0.0001,-0.0008,0.0000,0.0000,0.0000,0.0000,0.0000,1.0000
7.6530,122.27,0.0000,0.0400,0.0000,-0.0005,-0.0001,-0.0008,0.0000,0.0000,0.0000,0.0000,0.0000,1.0000
7.6730,122.27,0.0000,0.0400,0.0000,-0.0005,-0.0001,-0.0008,0.0000,0.0000,0.0000,0.0000,0.0000,1.0000
7.6930,122.27,0.0000,0.0400,0.0000,-0.0005,-0.0001,-0.0008,0.0000,0.0000,0.0000,0.0000,0.0000,1.0000
7.7130,122.27,0.0000,0.0400,0.0000,-0.0005,-0.0001,-0.0008,0.0000,0.0000,0.0000,0.0000,0.0000,1.0000
7.7330,122.27,0.0000,0.0400,0.0000,-0.0005,-0.0001,-0.0008,0.0000,0.0000,0.0000,0.0000,0.0000,1.0000
7.7530,122.27,0.0000,0.0400,0.0000,-0.0005,-0.0001,-0.0008,0.0000,0.0000,0.0000,0.0000,0.0000,1.0000
7.7730,122.27,0.0000,0.0400,0.0000,-0.0005,-0.0001,-0.0008,0.0000,0.0000,0.0000,0.0000,0.0000,1.0000
7.7930,122.27,0.0000,0.0400,0.0000,-0.0005,-0.0001,-0.0008,0.0000,0.0000,0.0000,0.0000,0.0000,1.0000
7.8130,122.27,0.0000,0.0400,0.0000,-0.0005,-0.0001,-0.0008,0.0000,0.0000,0.0000,0.0000,0.0000,1.0000
7.8330,122.27,0.0000,0.0400,0.0000,-0.0005,-0.0001,-0.0008,0.0000,0.0000,0.0000,0.0000,0.0000,1.0000
7.8530,122.27,0.0000,0.0400,0.0000,-0.0005,-0.0001,-0.0008,0.0000,0.0000,0.0000,0.0000,0.0000,1.0000
7.8730,122.27,0.0000,0.0400,0.0000,-0.0005,-0.0001,-0.0008,0.0000,0.0000,0.0000,0.0000,0.0000,1.0000
7.8930,122.27,0.0000,0.0400,0.0000,-0.0005,-0.0001,-0.0008,0.0000,0.0000,0.0000,0.0000,0.0000,1.0000
7.9130,122.27,0.0000,0.0400,0.0000,-0.0005,-0.0001,-0.0008,0.0000,0.0000,0.0000,0.0000,0.0000,1.0000
7.9330,122.27,0.0000,0.0400,0.0000,-0.0005,-0.0001,-0.0008,0.0000,0.0000,0.0000,0.0000,0.0000,1.0000
7.9530,122.27,0.0000,0.0400,0.0000,-0.0005,-0.0001,-0.0008,0.0000,0.0000,0.0000,0.0000,0.0000,1.0000
7.9730,122.27,0.0000,0.0400,0.0000,-0.0005,-0.0001,-0.0008,0.0000,0.0000,0.0000,0.0000,0.0000,1.0000
7.9930,122.27,0.0000,0.0400,0.0000,-0.0005,-0.0001,-0.0008,0.0000,0.0000,0.0000,0.0000,0.0000,1.0000
8.0130,122.27,0.0000,0.0400,0.0000,-0.0005,-0.0001,-0.0008,0.0000,0.0000,0.0000,0.0000,0.0000,1.0000
8.0330,122.27,0.0000,0.0400,0.0000,-0.0005,-0.0001,-0.0008,0.0000,0.0000,0.0000,0.0000,0.0000,1.0000
8.0530,122.27,0.0000,0.0400,0.0000,-0.0005,-0.0001,-0.0008,0.0000,0.0000,0.0000,0.0000,0.0000,1.0000
8.0730,122.27,0.0000,0.0400,0.0000,-0.0005,-0.0001,-0.0008,0.0000,0.0000,0.0000,0.0000,0.0000,1.0000
8.0930,122.27,0.0000,0.0400,0.0000,-0.0005,-0.0001,-0.0008,0.0000,0.0000,0.0000,0.0000,0.0000,1.0000
8.1130,122.27,0.0000,0.0400,0.0000,-0.0005,-0.0001,-0.0008,0.0000,0.0000,0.0000,0.0000,0.0000,1.0000
8.1330,122.27,0.0000,0.0400,0.0000,-0.0005,-0.0001,-0.0008,0.0000,0.0000,0.0000,0.0000,0.0000,1.0000
8.1530,122.27,0.0000,0.0400,0.0000,-0.0005,-0.0001,-0.0008,0.0000,0.0000,0.0000,0.0000,0.0000,1.0000
8.1730,122.27,0.0000,0.0400,0.0000,-0.0005,-0.0001,-0.0008,0.0000,0.0000,0.0000,0.0000,0.0000,1.0000
8.1930,120.44,0.0000,0.0400,0.0000,-0.0005,-0.0001,-0.0008,0.0000,0.0000,0.0000,0.0000,0.0000,1.0000
8.2130,120.44,0.0000,0.0400,0.0000,-0.0005,-0.0001,-0.0008,0.0000,0.0000,0.0000,0.0000,0.0000,1.0000
8.2330,120.44,0.0000,0.0400,0.0000,-0.0005,-0.0001,-0.0008,0.0000,0.0000,0.0000,0.0000,0.0000,1.0000
8.2530,120.44,0.0000,0.0400,0.0000,-0.0005,-0.0001,-0.0008,0.0000,0.0000,0.0000,0.0000,0.0000,1.0000
8.2730,120.44,0.0000,0.0400,0.0000,-0.0005,-0.0001,-0.0008,0.0000,0.0000,0.0000,0.0000,0.0000,1.0000
8.2930,120.44,0.0000,0.0400,0.0000,-0.0005,-0.0001,-0.0008,0.0000,0.0000,0.0000,0.0000,0.0000,1.0000
8.3130,120.44,0.0000,0.0400,0.0000,-0.0005,-0.0001,-0.0008,0.0000,0.0000,0.0000,0.0000,0.0000,1.0000
8.3330,120.44,0.0000,0.0400,0.0000,-0.0005,-0.0001,-0.0008,0.0000,0.0000,0.0000,0.0000,0.0000,1.0000
8.3530,120.44,0.0000,0.0400,0.0000,-0.0005,-0.0001,-0.0008,0.0000,0.0000,0.0000,0.0000,0.0000,1.0000
8.3730,120.44,0.0000,0.0400,0.0000,-0.0005,-0.0001,-0.0008,0.0000,0.0000,0.0000,0.0000,0.0000,1.0000
8.3930,120.44,0.0000,0.0400,0.0000,-0.0005,-0.0001,-0.0008,0.0000,0.0000,0.0000,0.0000,0.0000,1.0000
8.4130,120.44,0.0000,0.0400,0.0000,-0.0005,-0.0001,-0.0008,0.0000,0.0000,0.0000,0.0000,0.0000,1.0000
8.4330,120.44,0.0000,0.0400,0.0000,-0.0005,-0.0001,-0.0008,0.0000,0.0000,0.0000,0.0000,0.0000,1.0000
8.4530,120.44,0.0000,0.0400,0.0000,-0.0005,-0.0001,-0.0008,0.0000,0.0000,0.0000,0.0000,0.0000,1.0000
8.4730,120.44,0.0000,0.0400,0.0000,-0.0005,-0.0001,-0.0008,0.0000,0.0000,0.0000,0.0000,0.0000,1.0000
8.4930,120.44,0.0000,0.0400,0.0000,-0.0005,-0.0001,-0.0008,0.0000,0.0000,0.0000,0.0000,0.0000,1.0000
8.5130,120.44,0.0000,0.0400,0.0000,-0.0005,-0.0001,-0.0008,0.0000,0.0000,0.0000,0.0000,0.0000,1.0000
8.5330,120.44,0.0000,0.0400,0.0000,-0.0005,-0.0001,-0.0008,0.0000,0.0000,0.0000,0.0000,0.0000,1.0000
8.5530,120.44,0.0000,0.0400,0.0000,-0.0005,-0.0001,-0.0008,0.0000,0.0000,0.0000,0.0000,0.0000,1.0000
8.5730,120.44,0.0000,0.0400,0.0000,-0.0005,-0.0001,-0.0008,0.0000,0.0000,0.0000,0.0000,0.0000,1.0000
8.5930,120.44,0.0000,0.0400,0.0000,-0.0005,-0.0001,-0.0008,0.0000,0.0000,0.0000,0.0000,0.0000,1.0000
8.6130,120.44,0.0000,0.0400,0.0000,-0.0005,-0.0001,-0.0008,0.0000,0.0000,0.0000,0.0000,0.0000,1.0000
8.6330,120.44,0.0000,0.0400,0.0000,-0.0005,-0.0001,-0.0008,0.0000,0.0000,0.0000,0.0000,0.0000,1.0000
8.6530,120.44,0.0000,0.0400,0.0000,-0.0005,-0.0001,-0.0008,0.0000,0.0000,0.0000,0.0000,0.0000,1.0000
8.6730,120.44,0.0000,0.0400,0.0000,-0.0005,-0.0001,-0.0008,0.0000,0.0000,0.0000,0.0000,0.0000,1.0000
8.6930,120.44,0.0000,0.0400,0.0000,-0.0005,-0.0001,-0.0008,0.0000,0.0000,0.0000,0.0000,0.0000,1.0000
8.7130,120.44,0.0000,0.0400,0.0000,-0.0005,-0.0001,-0.0008,0.0000,0.0000,0.0000,0.0000,0.0000,1.0000
8.7330,120.44,0.0000,0.0400,0.0000,-0.0005,-0.0001,-0.0008,0.0000,0.0000,0.0000,0.0000,0.0000,1.0000
8.7530,120.44,0.0000,0.0400,0.0000,-0.0005,-0.0001,-0.0008,0.0000,0.0000,0.0000,0.0000,0.0000,1.0000
8.7730,120.44,0.0000,0.0400,0.0000,-0.0005,-0.0001,-0.0008,0.0000,0.0000,0.0000,0.0000,0.0000,1.0000
8.7930,120.44,0.0000,0.0400,0.0000,-0.0005,-0.0001,-0.0008,0.0000,0.0000,0.0000,0.0000,0.0000,1.0000
8.8130,120.44,0.0000,0.0400,0.0000,-0.0005,-0.0001,-0.0008,0.0000,0.0000,0.0000,0.0000,0.0000,1.0000
8.8330,120.44,0.0000,0.0400,0.0000,-0.0005,-0.0001,-0.0008,0.0000,0.0000,0.0000,0.0000,0.0000,1.0000
8.8530,120.44,0.0000,0.0400,0.0000,-0.0005,-0.0001,-0.0008,0.0000,0.0000,0.0000,0.0000,0.0000,1.0000
8.8730,120.44,0.0000,0.0400,0.0000,-0.0005,-0.0001,-0.0008,0.0000,0.0000,0.0000,0.0000,0.0000,1.0000
8.8930,120.44,0.0000,0.0400,0.0000,-0.0005,-0.0001,-0.0008,0.0000,0.0000,0.0000,0.0000,0.0000,1.0000
8.9130,120.44,0.0000,0.0400,0.0000,-0.0005,-0.0001,-0.0008,0.0000,0.0000,0.0000,0.0000,0.0000,1.0000
8.9330,120.44,0.0000,0.0400,0.0000,-0.0005,-0.0001,-0.0008,0.0000,0.0000,0.0000,0.0000,0.0000,1.0000
8.9530,120.44,0.0000,0.0400,0.0000,-0.0005,-0.0001,-0.0008,0.0000,0.0000,0.0000,0.0000,0.0000,1.0000
8.9730,120.44,0.0000,0.0400,0.0000,-0.0005,-0.0001,-0.0008,0.0000,0.0000,0.0000,0.0000,0.0000,1.0000
8.9930,120.44,0.0000,0.0400,0.0000,-0.0005,-0.0001,-0.0008,0.0000,0.0000,0.0000,0.0000,0.0000,1.0000
9.0130,120.44,0.0000,0.0400,0.0000,-0.0005,-0.0001,-0.0008,0.0000,0.0000,0.0000,0.0000,0.0000,1.0000
9.0330,120.44,0.0000,0.0400,0.0000,-0.0005,-0.0001,-0.0008,0.0000,0.0000,0.0000,0.0000,0.0000,1.0000
9.0530,120.44,0.0000,0.0400,0.0000,-0.0005,-0.0001,-0.0008,0.0000,0.0000,0.0000,0.0000,0.0000,1.0000
9.0730,120.44,0.0000,0.0400,0.0000,-0.0005,-0.0001,-0.0008,0.0000,0.0000,0.0000,0.0000,0.0000,1.0000
9.0930,120.44,0.0000,0.0400,0.0000,-0.0005,-0.0001,-0.0008,0.0000,0.0000,0.0000,0.0000,0.0000,1.0000
9.1130,120.44,0.0000,0.0400,0.0000,-0.0005,-0.0001,-0.0008,0.0000,0.0000,0.0000,0.0000,0.0000,1.0000
9.1330,120.44,0.0000,0.0400,0.0000,-0.0005,-0.0001,-0.0008,0.0000,0.0000,0.0000,0.0000,0.0000,1.0000
9.1530,120.44,0.0000,0.0400,0.0000,-0.0005,-0.0001,-0.0008,0.0000,0.0000,0.0000,0.0000,0.0000,1.0000
9.1730,120.44,0.0000,0.0400,0.0000,-0.0005,-0.0001,-0.0008,0.0000,0.0000,0.0000,0.0000,0.0000,1.0000
9.1930,114.49,0.0000,0.0400,0.0000,-0.0005,-0.0001,-0.0008,0.0000,0.0000,0.0000,0.0000,0.0000,1.0000
9.2130,114.49,0.0000,0.0400,0.0000,-0.0005,-0.0001,-0.0008,0.0000,0.0000,0.0000,0.0000,0.0000,1.0000
9.2330,114.49,0.0000,0.0400,0.0000,-0.0005,-0.0001,-0.0008,0.0000,0.0000,0.0000,0.0000,0.0000,1.0000
9.2530,114.49,0.0000,0.0400,0.0000,-0.0005,-0.0001,-0.0008,0.0000,0.0000,0.0000,0.0000,0.0000,1.0000
9.2730,114.49,0.0000,0.0400,0.0000,-0.0005,-0.0001,-0.0008,0.0000,0.0000,0.0000,0.0000,0.0000,1.0000
9.2930,114.49,0.0000,0.0400,0.0000,-0.0005,-0.0001,-0.0008,0.0000,0.0000,0.0000,0.0000,0.0000,1.0000
9.3130,114.49,0.0000,0.0400,0.0000,-0.0005,-0.0001,-0.0008,0.0000,0.0000,0.0000,0.0000,0.0000,1.0000
9.3330,114.49,0.0000,0.0400,0.0000,-0.0005,-0.0001,-0.0008,0.0000,0.0000,0.0000,0.0000,0.0000,1.0000
9.3530,114.49,0.0000,0.0400,0.0000,-0.0005,-0.0001,-0.0008,0.0000,0.0000,0.0000,0.0000,0.0000,1.0000
9.3730,114.49,0.0000,0.0400,0.0000,-0.0005,-0.0001,-0.0008,0.0000,0.0000,0.0000,0.0000,0.0000,1.0000
9.3930,114.49,0.0000,0.0400,0.0000,-0.0005,-0.0001,-0.0008,0.0000,0.0000,0.0000,0.0000,0.0000,1.0000
9.4130,114.49,0.0000,0.0400,0.0000,-0.0005,-0.0001,-0.0008,0.0000,0.0000,0.0000,0.0000,0.0000,1.0000
9.4330,114.49,0.0000,0.0400,0.0000,-0.0005,-0.0001,-0.0008,0.0000,0.0000,0.0000,0.0000,0.0000,1.0000
9.4530,114.49,0.0000,0.0400,0.0000,-0.0005,-0.0001,-0.0008,0.0000,0.0000,0.0000,0.0000,0.0000,1.0000
9.4730,114.49,0.0000,0.0400,0.0000,-0.0005,-0.0001,-0.0008,0.0000,0.0000,0.0000,0.0000,0.0000,1.0000
9.4930,114.49,0.0000,0.0400,0.0000,-0.0005,-0.0001,-0.0008,0.0000,0.0000,0.0000,0.0000,0.0000,1.0000
9.5130,114.49,0.0000,0.0400,0.0000,-0.0005,-0.0001,-0.0008,0.0000,0.0000,0.0000,0.0000,0.0000,1.0000
9.5330,114.49,0.0000,0.0400,0.0000,-0.0005,-0.0001,-0.0008,0.0000,0.0000,0.0000,0.0000,0.0000,1.0000
9.5530,114.49,0.0000,0.0400,0.0000,-0.0005,-0.0001,-0.0008,0.0000,0.0000,0.0000,0.0000,0.0000,1.0000
9.5730,114.49,0.0000,0.0400,0.0000,-0.0005,-0.0001,-0.0008,0.0000,0.0000,0.0000,0.0000,0.0000,1.0000
9.5930,114.49,0.0000,0.0400,0.0000,-0.0005,-0.0001,-0.0008,0.0000,0.0000,0.0000,0.0000,0.0000,1.0000
9.6130,114.49,0.0000,0.0400,0.0000,-0.0005,-0.0001,-0.0008,0.0000,0.0000,0.0000,0.0000,0.0000,1.0000
9.6330,114.49,0.0000,0.0400,0.0000,-0.0005,-0.0001,-0.0008,0.0000,0.0000,0.0000,0.0000,0.0000,1.0000
9.6530,114.49,0.0000,0.0400,0.0000,-0.0005,-0.0001,-0.0008,0.0000,0.0000,0.0000,0.0000,0.0000,1.0000
9.6730,114.49,0.0000,0.0400,0.0000,-0.0005,-0.0001,-0.0008,0.0000,0.0000,0.0000,0.0000,0.0000,1.0000
9.6930,114.49,0.0000,0.0400,0.0000,-0.0005,-0.0001,-0.0008,0.0000,0.0000,0.0000,0.0000,0.0000,1.0000
9.7130,114.49,0.0000,0.0400,0.0000,-0.0005,-0.0001,-0.0008,0.0000,0.0000,0.0000,0.0000,0.0000,1.0000
9.7330,114.49,0.0000,0.0400,0.0000,-0.0005,-0.0001,-0.0008,0.0000,0.0000,0.0000,0.0000,0.0000,1.0000
9.7530,114.49,0.0000,0.0400,0.0000,-0.0005,-0.0001,-0.0008,0.0000,0.0000,0.0000,0.0000,0.0000,1.0000
9.7730,114.49,0.0000,0.0400,0.0000,-0.0005,-0.0001,-0.0008,0.0000,0.0000,0.0000,0.0000,0.0000,1.0000
9.7930,114.49,0.0000,0.0400,0.0000,-0.0005,-0.0001,-0.0008,0.0000,0.0000,0.0000,0.0000,0.0000,1.0000
9.8130,114.49,0.0000,0.0400,0.0000,-0.0005,-0.0001,-0.0008,0.0000,0.0000,0.0000,0.0000,0.0000,1.0000
9.8330,114.49,0.0000,0.0400,0.0000,-0.0005,-0.0001,-0.0008,0.0000,0.0000,0.0000,0.0000,0.0000,1.0000
9.8530,114.49,0.0000,0.0400,0.0000,-0.0005,-0.0001,-0.0008,0.0000,0.0000,0.0000,0.0000,0.0000,1.0000
9.8730,114.49,0.0000,0.0400,0.0000,-0.0005,-0.0001,-0.0008,0.0000,0.0000,0.0000,0.0000,0.0000,1.0000
9.8930,114.49,0.0000,0.0400,0.0000,-0.0005,-0.0001,-0.0008,0.0000,0.0000,0.0000,0.0000,0.0000,1.0000
9.9130,114.49,0.0000,0.0400,0.0000,-0.0005,-0.0001,-0.0008,0.0000,0.0000,0.0000,0.0000,0.0000,1.0000
9.9330,114.49,0.0000,0.0400,0.0000,-0.0005,-0.0001,-0.0008,0.0000,0.0000,0.0000,0.0000,0.0000,1.0000
9.9530,114.49,0.0000,0.0400,0.0000,-0.0005,-0.0001,-0.0008,0.0000,0.0000,0.0000,0.0000,0.0000,1.0000
9.9730,114.49,0.0000,0.0400,0.0000,-0.0005,-0.0001,-0.0008,0.0000,0.0000,0.0000,0.0000,0.0000,1.0000
9.9930,114.49,0.0000,0.0400,0.0000,-0.0005,-0.0001,-0.0008,0.0000,0.0000,0.0000,0.0000,0.0000,1.0000
10.0130,114.49,0.0000,0.0400,0.0000,-0.0005,-0.0001,-0.0008,0.0000,0.0000,0.0000,0.0000,0.0000,1.0000
10.0330,114.49,0.0000,0.0400,0.0000,-0.0005,-0.0001,-0.0008,0.0000,0.0000,0.0000,0.0000,0.0000,1.0000
10.0530,114.49,0.0000,0.0400,0.0000,-0.0005,-0.0001,-0.0008,0.0000,0.0000,0.0000,0.0000,0.0000,1.0000
10.0730,114.49,0.0000,0.0400,0.0000,-0.0005,-0.0001,-0.0008,0.0000,0.0000,0.0000,0.0000,0.0000,1.0000
10.0930,114.49,0.0000,0.0400,0.0000,-0.0005,-0.0001,-0.0008,0.0000,0.0000,0.0000,0.0000,0.0000,1.0000
10.1130,114.49,0.0000,0.0400,0.0000,-0.0005,-0.0001,-0.0008,0.0000,0.0000,0.0000,0.0000,0.0000,1.0000
10.1330,114.49,0.0000,0.0400,0.0000,-0.0005,-0.0001,-0.0008,0.0000,0.0000,0.0000,0.0000,0.0000,1.0000
10.1530,114.49,0.0000,0.0400,0.0000,-0.0005,-0.0001,-0.0008,0.0000,0.0000,0.0000,0.0000,0.0000,1.0000
10.1730,114.49,0.0000,0.0400,0.0000,-0.0005,-0.0001,-0.0008,0.0000,0.0000,0.0000,0.0000,0.0000,1.0000
10.1930,112.04,0.0000,0.0400,0.0000,-0.0005,-0.0001,-0.0008,0.0000,0.0000,0.0000,0.0000,0.0000,1.0000
10.2130,112.04,0.0000,0.0400,0.0000,-0.0005,-0.0001,-0.0008,0.0000,0.0000,0.0000,0.0000,0.0000,1.0000
10.2330,112.04,0.0000,0.0400,0.0000,-0.0005,-0.0001,-0.0008,0.0000,0.0000,0.0000,0.0000,0.0000,1.0000
10.2530,112.04,0.0000,0.0400,0.0000,-0.0005,-0.0001,-0.0008,0.0000,0.0000,0.0000,0.0000,0.0000,1.0000
10.2730,112.04,0.0000,0.0400,0.0000,-0.0005,-0.0001,-0.0008,0.0000,0.0000,0.0000,0.0000,0.0000,1.0000
10.2930,112.04,0.0000,0.0400,0.0000,-0.0005,-0.0001,-0.0008,0.0000,0.0000,0.0000,0.0000,0.0000,1.0000
10.3130,112.04,0.0000,0.0400,0.0000,-0.0005,-0.0001,-0.0008,0.0000,0.0000,0.0000,0.0000,0.0000,1.0000
10.3330,112.04,0.0000,0.0400,0.0000,-0.0005,-0.0001,-0.0008,0.0000,0.0000,0.0000,0.0000,0.0000,1.0000
10.3530,112.04,0.0000,0.0400,0.0000,-0.0005,-0.0001,-0.0008,0.0000,0.0000,0.0000,0.0000,0.0000,1.0000
10.3730,112.04,0.0000,0.0400,0.0000,-0.0005,-0.0001,-0.0008,0.0000,0.0000,0.0000,0.0000,0.0000,1.0000
10.3930,112.04,0.0000,0.0400,0.0000,-0.0005,-0.0001,-0.0008,0.0000,0.0000,0.0000,0.0000,0.0000,1.0000
10.4130,112.04,0.0000,0.0400,0.0000,-0.0005,-0.0001,-0.0008,0.0000,0.0000,0.0000,0.0000,0.0000,1.0000
10.4330,112.04,0.0000,0.0400,0.0000,-0.0005,-0.0001,-0.0008,0.0000,0.0000,0.0000,0.0000,0.0000,1.0000
10.4530,112.04,0.0000,0.0400,0.0000,-0.0005,-0.0001,-0.0008,0.0000,0.0000,0.0000,0.0000,0.0000,1.0000
10.4730,112.04,0.0000,0.0400,0.0000,-0.0005,-0.0001,-0.0008,0.0000,0.0000,0.0000,0.0000,0.0000,1.0000
10.4930,112.04,0.0000,0.0400,0.0000,-0.0005,-0.0001,-0.0008,0.0000,0.0000,0.0000,0.0000,0.0000,1.0000
10.5130,112.04,0.0000,0.0400,0.0000,-0.0005,-0.0001,-0.0008,0.0000,0.0000,0.0000,0.0000,0.0000,1.0000
10.5330,112.04,0.0000,0.0400,0.0000,-0.0005,-0.0001,-0.0008,0.0000,0.0000,0.0000,0.0000,0.0000,1.0000
10.5530,112.04,0.0000,0.0400,0.0000,-0.0005,-0.0001,-0.0008,0.0000,0.0000,0.0000,0.0000,0.0000,1.0000
10.5730,112.04,0.0000,0.0400,0.0000,-0.0005,-0.0001,-0.0008,0.0000,0.0000,0.0000,0.0000,0.0000,1.0000
10.5930,112.04,0.0000,0.0400,0.0000,-0.0005,-0.0001,-0.0008,0.0000,0.0000,0.0000,0.0000,0.0000,1.0000
10.6130,112.04,0.0000,0.0400,0.0000,-0.0005,-0.0001,-0.0008,0.0000,0.0000,0.0000,0.0000,0.0000,1.0000
10.6330,112.04,0.0000,0.0400,0.0000,-0.0005,-0.0001,-0.0008,0.0000,0.0000,0.0000,0.0000,0.0000,1.0000
10.6530,112.04,0.0000,0.0400,0.0000,-0.0005,-0.0001,-0.0008,0.0000,0.0000,0.0000,0.0000,0.0000,1.0000
10.6730,112.04,0.0000,0.0400,0.0000,-0.0005,-0.0001,-0.0008,0.0000,0.0000,0.0000,0.0000,0.0000,1.0000
10.6930,112.04,0.0000,0.0400,0.0000,-0.0005,-0.0001,-0.0008,0.0000,0.0000,0.0000,0.0000,0.0000,1.0000
10.7130,112.04,0.0000,0.0400,0.0000,-0.0005,-0.0001,-0.0008,0.0000,0.0000,0.0000,0.0000,0.0000,1.0000
10.7330,112.04,0.0000,0.0400,0.0000,-0.0005,-0.0001,-0.0008,0.0000,0.0000,0.0000,0.0000,0.0000,1.0000
10.7530,112.04,0.0000,0.0400,0.0000,-0.0005,-0.0001,-0.0008,0.0000,0.0000,0.0000,0.0000,0.0000,1.0000
10.7730,112.04,0.0000,0.0400,0.0000,-0.0005,-0.0001,-0.0008,0.0000,0.0000,0.0000,0.0000,0.0000,1.0000
10.7930,112.04,0.0000,0.0400,0.0000,-0.0005,-0.0001,-0.0008,0.0000,0.0000,0.0000,0.0000,0.0000,1.0000
10.8130,112.04,0.0000,0.0400,0.0000,-0.0005,-0.0001,-0.0008,0.0000,0.0000,0.0000,0.0000,0.0000,1.0000
10.8330,112.04,0.0000,0.0400,0.0000,-0.0005,-0.0001,-0.0008,0.0000,0.0000,0.0000,0.0000,0.0000,1.0000
10.8530,112.04,0.0000,0.0400,0.0000,-0.0005,-0.0001,-0.0008,0.0000,0.0000,0.0000,0.0000,0.0000,1.0000
10.8730,112.04,0.0000,0.0400,0.0000,-0.0005,-0.0001,-0.0008,0.0000,0.0000,0.0000,0.0000,0.0000,1.0000
10.8930,112.04,0.0000,0.0400,0.0000,-0.0005,-0.0001,-0.0008,0.0000,0.0000,0.0000,0.0000,0.0000,1.0000
10.9130,112.04,0.0000,0.0400,0.0000,-0.0005,-0.0001,-0.0008,0.0000,0.0000,0.0000,0.0000,0.0000,1.0000
10.9330,112.04,0.0000,0.0400,0.0000,-0.0005,-0.0001,-0.0008,0.0000,0.0000,0.0000,0.0000,0.0000,1.0000
10.9530,112.04,0.0000,0.0400,0.0000,-0.0005,-0.0001,-0.0008,0.0000,0.0000,0.0000,0.0000,0.0000,1.0000
10.9730,112.04,0.0000,0.0400,0.0000,-0.0005,-0.0001,-0.0008,0.0000,0.0000,0.0000,0.0000,0.0000,1.0000
10.9930,112.04,0.0000,0.0400,0.0000,-0.0005,-0.0001,-0.0008,0.0000,0.0000,0.0000,0.0000,0.0000,1.0000
11.0130,112.04,0.0000,0.0400,0.0000,-0.0005,-0.0001,-0.0008,0.0000,0.0000,0.0000,0.0000,0.0000,1.0000
11.0330,112.04,0.0000,0.0400,0.0000,-0.0005,-0.0001,-0.0008,0.0000,0.0000,0.0000,0.0000,0.0000,1.0000
11.0530,112.04,0.0000,0.0400,0.0000,-0.0005,-0.0001,-0.0008,0.0000,0.0000,0.0000,0.0000,0.0000,1.0000
11.0730,112.04,0.0000,0.0400,0.0000,-0.0005,-0.0001,-0.0008,0.0000,0.0000,0.0000,0.0000,0.0000,1.0000
11.0930,112.04,0.0000,0.0400,0.0000,-0.0005,-0.0001,-0.0008,0.0000,0.0000,0.0000,0.0000,0.0000,1.0000
11.1130,112.04,0.0000,0.0400,0.0000,-0.0005,-0.0001,-0.0008,0.0000,0.0000,0.0000,0.0000,0.0000,1.0000
11.1330,112.04,0.0000,0.0400,0.0000,-0.0005,-0.0001,-0.0008,0.0000,0.0000,0.0000,0.0000,0.0000,1.0000
11.1530,112.04,0.0000,0.0400,0.0000,-0.0005,-0.0001,-0.0008,0.0000,0.0000,0.0000,0.0000,0.0000,1.0000
11.1730,112.04,0.0000,0.0400,0.0000,-0.0005,-0.0001,-0.0008,0.0000,0.0000,0.0000,0.0000,0.0000,1.0000
11.1930,112.31,0.0000,0.0400,0.0000,-0.0005,-0.0001,-0.0008,0.0000,0.0000,0.0000,0.0000,0.0000,1.0000
11.2130,112.31,0.0000,0.0400,0.0000,-0.0005,-0.0001,-0.0008,0.0000,0.0000,0.0000,0.0000,0.0000,1.0000
11.2330,112.31,0.0000,0.0400,0.0000,-0.0005,-0.0001,-0.0008,0.0000,0.0000,0.0000,0.0000,0.0000,1.0000
11.2530,112.31,0.0000,0.0400,0.0000,-0.0005,-0.0001,-0.0008,0.0000,0.0000,0.0000,0.0000,0.0000,1.0000
11.2730,112.31,0.0000,0.0400,0.0000,-0.0005,-0.0001,-0.0008,0.0000,0.0000,0.0000,0.0000,0.0000,1.0000
11.2930,112.31,0.0000,0.0400,0.0000,-0.0005,-0.0001,-0.0008,0.0000,0.0000,0.0000,0.0000,0.0000,1.0000
11.3130,112.31,0.0000,0.0400,0.0000,-0.0005,-0.0001,-0.0008,0.0000,0.0000,0.0000,0.0000,0.0000,1.0000
11.3330,112.31,0.0000,0.0400,0.0000,-0.0005,-0.0001,-0.0008,0.0000,0.0000,0.0000,0.0000,0.0000,1.0000
11.3530,112.31,0.0000,0.0400,0.0000,-0.0005,-0.0001,-0.0008,0.0000,0.0000,0.0000,0.0000,0.0000,1.0000
11.3730,112.31,0.0000,0.0400,0.0000,-0.0005,-0.0001,-0.0008,0.0000,0.0000,0.0000,0.0000,0.0000,1.0000
11.3930,112.31,0.0000,0.0400,0.0000,-0.0005,-0.0001,-0.0008,0.0000,0.0000,0.0000,0.0000,0.0000,1.0000
11.4130,112.31,0.0000,0.0400,0.0000,-0.0005,-0.0001,-0.0008,0.0000,0.0000,0.0000,0.0000,0.0000,1.0000
11.4330,112.31,0.0000,0.0400,0.0000,-0.0005,-0.0001,-0.0008,0.0000,0.0000,0.0000,0.0000,0.0000,1.0000
11.4530,112.31,0.0000,0.0400,0.0000,-0.0005,-0.0001,-0.0008,0.0000,0.0000,0.0000,0.0000,0.0000,1.0000
11.4730,112.31,0.0000,0.0400,0.0000,-0.0005,-0.0001,-0.0008,0.0000,0.0000,0.0000,0.0000,0.0000,1.0000
11.4930,112.31,0.0000,0.0400,0.0000,-0.0005,-0.0001,-0.0008,0.0000,0.0000,0.0000,0.0000,0.0000,1.0000
11.5130,112.31,0.0000,0.0400,0.0000,-0.0005,-0.0001,-0.0008,0.0000,0.0000,0.0000,0.0000,0.0000,1.0000
11.5330,112.31,0.0000,0.0400,0.0000,-0.0005,-0.0001,-0.0008,0.0000,0.0000,0.0000,0.0000,0.0000,1.0000
11.5530,112.31,0.0000,0.0400,0.0000,-0.0005,-0.0001,-0.0008,0.0000,0.0000,0.0000,0.0000,0.0000,1.0000
11.5730,112.31,0.0000,0.0400,0.0000,-0.0005,-0.0001,-0.0008,0.0000,0.0000,0.0000,0.0000,0.0000,1.0000
11.5930,112.31,0.0000,0.0400,0.0000,-0.0005,-0.0001,-0.0008,0.0000,0.0000,0.0000,0.0000,0.0000,1.0000
11.6130,112.31,0.0000,0.0400,0.0000,-0.0005,-0.0001,-0.0008,0.0000,0.0000,0.0000,0.0000,0.0000,1.0000
11.6330,112.31,0.0000,0.0400,0.0000,-0.0005,-0.0001,-0.0008,0.0000,0.0000,0.0000,0.0000,0.0000,1.0000
11.6530,112.31,0.0000,0.0400,0.0000,-0.0005,-0.0001,-0.0008,0.0000,0.0000,0.0000,0.0000,0.0000,1.0000
11.6730,112.31,0.0000,0.0400,0.0000,-0.0005,-0.0001,-0.0008,0.0000,0.0000,0.0000,0.0000,0.0000,1.0000
11.6930,112.31,0.0000,0.0400,0.0000,-0.0005,-0.0001,-0.0008,0.0000,0.0000,0.0000,0.0000,0.0000,1.0000
11.7130,112.31,0.0000,0.0400,0.0000,-0.0005,-0.0001,-0.0008,0.0000,0.0000,0.0000,0.0000,0.0000,1.0000
11.7330,112.31,0.0000,0.0400,0.0000,-0.0005,-0.0001,-0.0008,0.0000,0.0000,0.0000,0.0000,0.0000,1.0000
11.7530,112.31,0.0000,0.0400,0.0000,-0.0005,-0.0001,-0.0008,0.0000,0.0000,0.0000,0.0000,0.0000,1.0000
11.7730,112.31,0.0000,0.0400,0.0000,-0.0005,-0.0001,-0.0008,0.0000,0.0000,0.0000,0.0000,0.0000,1.0000
11.7930,112.31,0.0000,0.0400,0.0000,-0.0005,-0.0001,-0.0008,0.0000,0.0000,0.0000,0.0000,0.0000,1.0000
11.8130,112.31,0.0000,0.0400,0.0000,-0.0005,-0.0001,-0.0008,0.0000,0.0000,0.0000,0.0000,0.0000,1.0000
11.8330,112.31,0.0000,0.0400,0.0000,-0.0005,-0.0001,-0.0008,0.0000,0.0000,0.0000,0.0000,0.0000,1.0000
11.8530,112.31,0.0000,0.0400,0.0000,-0.0005,-0.0001,-0.0008,0.0000,0.0000,0.0000,0.0000,0.0000,1.0000
11.8730,112.31,0.0000,0.0400,0.0000,-0.0005,-0.0001,-0.0008,0.0000,0.0000,0.0000,0.0000,0.0000,1.0000
11.8930,112.31,0.0000,0.0400,0.0000,-0.0005,-0.0001,-0.0008,0.0000,0.0000,0.0000,0.0000,0.0000,1.0000
11.9130,112.31,0.0000,0.0400,0.0000,-0.0005,-0.0001,-0.0008,0.0000,0.0000,0.0000,0.0000,0.0000,1.0000
11.9330,112.31,0.0000,0.0400,0.0000,-0.0005,-0.0001,-0.0008,0.0000,0.0000,0.0000,0.0000,0.0000,1.0000
11.9530,112.31,0.0000,0.0400,0.0000,-0.0005,-0.0001,-0.0008,0.0000,0.0000,0.0000,0.0000,0.0000,1.0000
11.9730,112.31,0.0000,0.0400,0.0000,-0.0005,-0.0001,-0.0008,0.0000,0.0000,0.0000,0.0000,0.0000,1.0000
11.9930,112.31,0.0000,0.0400,0.0000,-0.0005,-0.0001,-0.0008,0.0000,0.0000,0.0000,0.0000,0.0000,1.0000
12.0130,112.31,0.0000,0.0400,0.0000,-0.0005,-0.0001,-0.0008,0.0000,0.0000,0.0000,0.0000,0.0000,1.0000
12.0330,112.31,0.0000,0.0400,0.0000,-0.0005,-0.0001,-0.0008,0.0000,0.0000,0.0000,0.0000,0.0000,1.0000
12.0530,112.31,0.0000,0.0400,0.0000,-0.0005,-0.0001,-0.0008,0.0000,0.0000,0.0000,0.0000,0.0000,1.0000
12.0730,112.31,0.0000,0.0400,0.0000,-0.0005,-0.0001,-0.0008,0.0000,0.0000,0.0000,0.0000,0.0000,1.0000
12.0930,112.31,0.0000,0.0400,0.0000,-0.0005,-0.0001,-0.0008,0.0000,0.0000,0.0000,0.0000,0.0000,1.0000
12.1130,112.31,0.0000,0.0400,0.0000,-0.0005,-0.0001,-0.0008,0.0000,0.0000,0.0000,0.0000,0.0000,1.0000
12.1330,112.31,0.0000,0.0400,0.0000,-0.0005,-0.0001,-0.0008,0.0000,0.0000,0.0000,0.0000,0.0000,1.0000
12.1530,112.31,0.0000,0.0400,0.0000,-0.0005,-0.0001,-0.0008,0.0000,0.0000,0.0000,0.0000,0.0000,1.0000
12.1730,112.31,0.0000,0.0400,0.0000,-0.0005,-0.0001,-0.0008,0.0000,0.0000,0.0000,0.0000,0.0000,1.0000
12.1930,112.31,0.0000,0.0400,0.0000,-0.0005,-0.0001,-0.0008,0.0000,0.0000,0.0000,0.0000,0.0000,1.0000
12.2130,106.40,0.0000,0.0400,0.0000,-0.0005,-0.0001,-0.0008,0.0000,0.0000,0.0000,0.0000,0.0000,1.0000
12.2330,106.40,0.0000,0.0400,0.0000,-0.0005,-0.0001,-0.0008,0.0000,0.0000,0.0000,0.0000,0.0000,1.0000
12.2530,106.40,0.0000,0.0400,0.0000,-0.0005,-0.0001,-0.0008,0.0000,0.0000,0.0000,0.0000,0.0000,1.0000
12.2730,106.40,0.0000,0.0400,0.0000,-0.0005,-0.0001,-0.0008,0.0000,0.0000,0.0000,0.0000,0.0000,1.0000
12.2930,106.40,0.0000,0.0400,0.0000,-0.0005,-0.0001,-0.0008,0.0000,0.0000,0.0000,0.0000,0.0000,1.0000
12.3130,106.40,0.0000,0.0400,0.0000,-0.0005,-0.0001,-0.0008,0.0000,0.0000,0.0000,0.0000,0.0000,1.0000
12.3330,106.40,0.0000,0.0400,0.0000,-0.0005,-0.0001,-0.0008,0.0000,0.0000,0.0000,0.0000,0.0000,1.0000
12.3530,106.40,0.0000,0.0400,0.0000,-0.0005,-0.0001,-0.0008,0.0000,0.0000,0.0000,0.0000,0.0000,1.0000
12.3730,106.40,0.0000,0.0400,0.0000,-0.0005,-0.0001,-0.0008,0.0000,0.0000,0.0000,0.0000,0.0000,1.0000
12.3930,106.40,0.0000,0.0400,0.0000,-0.0005,-0.0001,-0.0008,0.0000,0.0000,0.0000,0.0000,0.0000,1.0000
12.4130,106.40,0.0000,0.0400,0.0000,-0.0005,-0.0001,-0.0008,0.0000,0.0000,0.0000,0.0000,0.0000,1.0000
12.4330,106.40,0.0000,0.0400,0.0000,-0.0005,-0.0001,-0.0008,0.0000,0.0000,0.0000,0.0000,0.0000,1.0000
12.4530,106.40,0.0000,0.0400,0.0000,-0.0005,-0.0001,-0.0008,0.0000,0.0000,0.0000,0.0000,0.0000,1.0000
12.4730,106.40,0.0000,0.0400,0.0000,-0.0005,-0.0001,-0.0008,0.0000,0.0000,0.0000,0.0000,0.0000,1.0000
12.4930,106.40,0.0000,0.0400,0.0000,-0.0005,-0.0001,-0.0008,0.0000,0.0000,0.0000,0.0000,0.0000,1.0000
12.5130,106.40,0.0000,0.0400,0.0000,-0.0005,-0.0001,-0.0008,0.0000,0.0000,0.0000,0.0000,0.0000,1.0000
12.5330,106.40,0.0000,0.0400,0.0000,-0.0005,-0.0001,-0.0008,0.0000,0.0000,0.0000,0.0000,0.0000,1.0000
12.5530,106.40,0.0000,0.0400,0.0000,-0.0005,-0.0001,-0.0008,0.0000,0.0000,0.0000,0.0000,0.0000,1.0000
12.5730,106.40,0.0000,0.0400,0.0000,-0.0005,-0.0001,-0.0008,0.0000,0.0000,0.0000,0.0000,0.0000,1.0000
12.5930,106.40,0.0000,0.0400,0.0000,-0.0005,-0.0001,-0.0008,0.0000,0.0000,0.0000,0.0000,0.0000,1.0000
12.6130,106.40,0.0000,0.0400,0.0000,-0.0005,-0.0001,-0.0008,0.0000,0.0000,0.0000,0.0000,0.0000,1.0000
12.6330,106.40,0.0000,0.0400,0.0000,-0.0005,-0.0001,-0.0008,0.0000,0.0000,0.0000,0.0000,0.0000,1.0000
12.6530,106.40,0.0000,0.0400,0.0000,-0.0005,-0.0001,-0.0008,0.0000,0.0000,0.0000,0.0000,0.0000,1.0000
12.6730,106.40,0.0000,0.0400,0.0000,-0.0005,-0.0001,-0.0008,0.0000,0.0000,0.0000,0.0000,0.0000,1.0000
12.6930,106.40,0.0000,0.0400,0.0000,-0.0005,-0.0001,-0.0008,0.0000,0.0000,0.0000,0.0000,0.0000,1.0000
12.7130,106.40,0.0000,0.0400,0.0000,-0.0005,-0.0001,-0.0008,0.0000,0.0000,0.0000,0.0000,0.0000,1.0000
12.7330,106.40,0.0000,0.0400,0.0000,-0.0005,-0.0001,-0.0008,0.0000,0.0000,0.0000,0.0000,0.0000,1.0000
12.7530,106.40,0.0000,0.0400,0.0000,-0.0005,-0.0001,-0.0008,0.0000,0.0000,0.0000,0.0000,0.0000,1.0000
12.7730,106.40,0.0000,0.0400,0.0000,-0.0005,-0.0001,-0.0008,0.0000,0.0000,0.0000,0.0000,0.0000,1.0000
12.7930,106.40,0.0000,0.0400,0.0000,-0.0005,-0.0001,-0.0008,0.0000,0.0000,0.0000,0.0000,0.0000,1.0000
12.8130,106.40,0.0000,0.0400,0.0000,-0.0005,-0.0001,-0.0008,0.0000,0.0000,0.0000,0.0000,0.0000,1.0000
12.8330,106.40,0.0000,0.0400,0.0000,-0.0005,-0.0001,-0.0008,0.0000,0.0000,0.0000,0.0000,0.0000,1.0000
12.8530,106.40,0.0000,0.0400,0.0000,-0.0005,-0.0001,-0.0008,0.0000,0.0000,0.0000,0.0000,0.0000,1.0000
12.8730,106.40,0.0000,0.0400,0.0000,-0.0005,-0.0001,-0.0008,0.0000,0.0000,0.0000,0.0000,0.0000,1.0000
12.8930,106.40,0.0000,0.0400,0.0000,-0.0005,-0.0001,-0.0008,0.0000,0.0000,0.0000,0.0000,0.0000,1.0000
12.9130,106.40,0.0000,0.0400,0.0000,-0.0005,-0.0001,-0.0008,0.0000,0.0000,0.0000,0.0000,0.0000,1.0000
12.9330,106.40,0.0000,0.0400,0.0000,-0.0005,-0.0001,-0.0008,0.0000,0.0000,0.0000,0.0000,0.0000,1.0000
12.9530,106.40,0.0000,0.0400,0.0000,-0.0005,-0.0001,-0.0008,0.0000,0.0000,0.0000,0.0000,0.0000,1.0000
12.9730,106.40,0.0000,0.0400,0.0000,-0.0005,-0.0001,-0.0008,0.0000,0.0000,0.0000,0.0000,0.0000,1.0000
12.9930,106.40,0.0000,0.0400,0.0000,-0.0005,-0.0001,-0.0008,0.0000,0.0000,0.0000,0.0000,0.0000,1.0000
13.0130,106.40,0.0000,0.0400,0.0000,-0.0005,-0.0001,-0.0008,0.0000,0.0000,0.0000,0.0000,0.0000,1.0000
13.0330,106.40,0.0000,0.0400,0.0000,-0.0005,-0.0001,-0.0008,0.0000,0.0000,0.0000,0.0000,0.0000,1.0000
13.0530,106.40,0.0000,0.0400,0.0000,-0.0005,-0.0001,-0.0008,0.0000,0.0000,0.0000,0.0000,0.0000,1.0000
13.0730,106.40,0.0000,0.0400,0.0000,-0.0005,-0.0001,-0.0008,0.0000,0.0000,0.0000,0.0000,0.0000,1.0000
13.0930,106.40,0.0000,0.0400,0.0000,-0.0005,-0.0001,-0.0008,0.0000,0.0000,0.0000,0.0000,0.0000,1.0000
13.1130,106.40,0.0000,0.0400,0.0000,-0.0005,-0.0001,-0.0008,0.0000,0.0000,0.0000,0.0000,0.0000,1.0000
13.1330,106.40,0.0000,0.0400,0.0000,-0.0005,-0.0001,-0.0008,0.0000,0.0000,0.0000,0.0000,0.0000,1.0000
13.1530,106.40,0.0000,0.0400,0.0000,-0.0005,-0.0001,-0.0008,0.0000,0.0000,0.0000,0.0000,0.0000,1.0000
13.1730,106.40,0.0000,0.0400,0.0000,-0.0005,-0.0001,-0.0008,0.0000,0.0000,0.0000,0.0000,0.0000,1.0000
13.1930,106.40,0.0000,0.0400,0.0000,-0.0005,-0.0001,-0.0008,0.0000,0.0000,0.0000,0.0000,0.0000,1.0000
13.2130,106.77,0.0000,0.0400,0.0000,-0.0005,-0.0001,-0.0008,0.0000,0.0000,0.0000,0.0000,0.0000,1.0000
13.2330,106.77,0.0000,0.0400,0.0000,-0.0005,-0.0001,-0.0008,0.0000,0.0000,0.0000,0.0000,0.0000,1.0000
13.2530,106.77,0.0000,0.0400,0.0000,-0.0005,-0.0001,-0.0008,0.0000,0.0000,0.0000,0.0000,0.0000,1.0000
13.2730,106.77,0.0000,0.0400,0.0000,-0.0005,-0.0001,-0.0008,0.0000,0.0000,0.0000,0.0000,0.0000,1.0000
13.2930,106.77,0.0000,0.0400,0.0000,-0.0005,-0.0001,-0.0008,0.0000,0.0000,0.0000,0.0000,0.0000,1.0000
13.3130,106.77,0.0000,0.0400,0.0000,-0.0005,-0.0001,-0.0008,0.0000,0.0000,0.0000,0.0000,0.0000,1.0000
13.3330,106.77,0.0000,0.0400,0.0000,-0.0005,-0.0001,-0.0008,0.0000,0.0000,0.0000,0.0000,0.0000,1.0000
13.3530,106.77,0.0000,0.0400,0.0000,-0.0005,-0.0001,-0.0008,0.0000,0.0000,0.0000,0.0000,0.0000,1.0000
13.3730,106.77,0.0000,0.0400,0.0000,-0.0005,-0.0001,-0.0008,0.0000,0.0000,0.0000,0.0000,0.0000,1.0000
13.3930,106.77,0.0000,0.0400,0.0000,-0.0005,-0.0001,-0.0008,0.0000,0.0000,0.0000,0.0000,0.0000,1.0000
13.4130,106.77,0.0000,0.0400,0.0000,-0.0005,-0.0001,-0.0008,0.0000,0.0000,0.0000,0.0000,0.0000,1.0000
13.4330,106.77,0.0000,0.0400,0.0000,-0.0005,-0.0001,-0.0008,0.0000,0.0000,0.0000,0.0000,0.0000,1.0000
13.4530,106.77,0.0000,0.0400,0.0000,-0.0005,-0.0001,-0.0008,0.0000,0.0000,0.0000,0.0000,0.0000,1.0000
13.4730,106.77,0.0000,0.0400,0.0000,-0.0005,-0.0001,-0.0008,0.0000,0.0000,0.0000,0.0000,0.0000,1.0000
13.4930,106.77,0.0000,0.0400,0.0000,-0.0005,-0.0001,-0.0008,0.0000,0.0000,0.0000,0.0000,0.0000,1.0000
13.5130,106.77,0.0000,0.0400,0.0000,-0.0005,-0.0001,-0.0008,0.0000,0.0000,0.0000,0.0000,0.0000,1.0000
13.5330,106.77,0.0000,0.0400,0.0000,-0.0005,-0.0001,-0.0008,0.0000,0.0000,0.0000,0.0000,0.0000,1.0000
13.5530,106.77,0.0000,0.0400,0.0000,-0.0005,-0.0001,-0.0008,0.0000,0.0000,0.0000,0.0000,0.0000,1.0000
13.5730,106.77,0.0000,0.0400,0.0000,-0.0005,-0.0001,-0.0008,0.0000,0.0000,0.0000,0.0000,0.0000,1.0000
13.5930,106.77,0.0000,0.0400,0.0000,-0.0005,-0.0001,-0.0008,0.0000,0.0000,0.0000,0.0000,0.0000,1.0000
13.6130,106.77,0.0000,0.0400,0.0000,-0.0005,-0.0001,-0.0008,0.0000,0.0000,0.0000,0.0000,0.0000,1.0000
13.6330,106.77,0.0000,0.0400,0.0000,-0.0005,-0.0001,-0.0008,0.0000,0.0000,0.0000,0.0000,0.0000,1.0000
13.6530,106.77,0.0000,0.0400,0.0000,-0.0005,-0.0001,-0.0008,0.0000,0.0000,0.0000,0.0000,0.0000,1.0000
13.6730,106.77,0.0000,0.0400,0.0000,-0.0005,-0.0001,-0.0008,0.0000,0.0000,0.0000,0.0000,0.0000,1.0000
13.6930,106.77,0.0000,0.0400,0.0000,-0.0005,-0.0001,-0.0008,0.0000,0.0000,0.0000,0.0000,0.0000,1.0000
13.7130,106.77,0.0000,0.0400,0.0000,-0.0005,-0.0001,-0.0008,0.0000,0.0000,0.0000,0.0000,0.0000,1.0000
13.7330,106.77,0.0000,0.0400,0.0000,-0.0005,-0.0001,-0.0008,0.0000,0.0000,0.0000,0.0000,0.0000,1.0000
13.7530,106.77,0.0000,0.0400,0.0000,-0.0005,-0.0001,-0.0008,0.0000,0.0000,0.0000,0.0000,0.0000,1.0000
13.7730,106.77,0.0000,0.0400,0.0000,-0.0005,-0.0001,-0.0008,0.0000,0.0000,0.0000,0.0000,0.0000,1.0000
13.7930,106.77,0.0000,0.0400,0.0000,-0.0005,-0.0001,-0.0008,0.0000,0.0000,0.0000,0.0000,0.0000,1.0000
13.8130,106.77,0.0000,0.0400,0.0000,-0.0005,-0.0001,-0.0008,0.0000,0.0000,0.0000,0.0000,0.0000,1.0000
13.8330,106.77,0.0000,0.0400,0.0000,-0.0005,-0.0001,-0.0008,0.0000,0.0000,0.0000,0.0000,0.0000,1.0000
13.8530,106.77,0.0000,0.0400,0.0000,-0.0005,-0.0001,-0.0008,0.0000,0.0000,0.0000,0.0000,0.0000,1.0000
13.8730,106.77,0.0000,0.0400,0.0000,-0.0005,-0.0001,-0.0008,0.0000,0.0000,0.0000,0.0000,0.0000,1.0000
13.8930,106.77,0.0000,0.0400,0.0000,-0.0005,-0.0001,-0.0008,0.0000,0.0000,0.0000,0.0000,0.0000,1.0000
13.9130,106.77,0.0000,0.0400,0.0000,-0.0005,-0.0001,-0.0008,0.0000,0.0000,0.0000,0.0000,0.0000,1.0000
13.9330,106.77,0.0000,0.0400,0.0000,-0.0005,-0.0001,-0.0008,0.0000,0.0000,0.0000,0.0000,0.0000,1.0000
13.9530,106.77,0.0000,0.0400,0.0000,-0.0005,-0.0001,-0.0008,0.0000,0.0000,0.0000,0.0000,0.0000,1.0000
13.9730,106.77,0.0000,0.0400,0.0000,-0.0005,-0.0001,-0.0008,0.0000,0.0000,0.0000,0.0000,0.0000,1.0000
13.9930,106.77,0.0000,0.0400,0.0000,-0.0005,-0.0001,-0.0008,0.0000,0.0000,0.0000,0.0000,0.0000,1.0000
14.0130,106.77,0.0000,0.0400,0.0000,-0.0005,-0.0001,-0.0008,0.0000,0.0000,0.0000,0.0000,0.0000,1.0000
14.0330,106.77,0.0000,0.0400,0.0000,-0.0005,-0.0001,-0.0008,0.0000,0.0000,0.0000,0.0000,0.0000,1.0000
14.0530,106.77,0.0000,0.0400,0.0000,-0.0005,-0.0001,-0.0008,0.0000,0.0000,0.0000,0.0000,0.0000,1.0000
14.0730,106.77,0.0000,0.0400,0.0000,-0.0005,-0.0001,-0.0008,0.0000,0.0000,0.0000,0.0000,0.0000,1.0000
14.0930,106.77,0.0000,0.0400,0.0000,-0.0005,-0.0001,-0.0008,0.0000,0.0000,0.0000,0.0000,0.0000,1.0000
14.1130,106.77,0.0000,0.0400,0.0000,-0.0005,-0.0001,-0.0008,0.0000,0.0000,0.0000,0.0000,0.0000,1.0000
14.1330,106.77,0.0000,0.0400,0.0000,-0.0005,-0.0001,-0.0008,0.0000,0.0000,0.0000,0.0000,0.0000,1.0000
14.1530,106.77,0.0000,0.0400,0.0000,-0.0005,-0.0001,-0.0008,0.0000,0.0000,0.0000,0.0000,0.0000,1.0000
14.1730,106.77,0.0000,0.0400,0.0000,-0.0005,-0.0001,-0.0008,0.0000,0.0000,0.0000,0.0000,0.0000,1.0000
14.1930,106.77,0.0000,0.0400,0.0000,-0.0005,-0.0001,-0.0008,0.0000,0.0000,0.0000,0.0000,0.0000,1.0000
14.2130,108.22,0.0000,0.0400,0.0000,-0.0005,-0.0001,-0.0008,0.0000,0.0000,0.0000,0.0000,0.0000,1.0000
14.2330,108.22,0.0000,0.0400,0.0000,-0.0005,-0.0001,-0.0008,0.0000,0.0000,0.0000,0.0000,0.0000,1.0000
14.2530,108.22,0.0000,0.0400,0.0000,-0.0005,-0.0001,-0.0008,0.0000,0.0000,0.0000,0.0000,0.0000,1.0000
14.2730,108.22,0.0000,0.0400,0.0000,-0.0005,-0.0001,-0.0008,0.0000,0.0000,0.0000,0.0000,0.0000,1.0000
14.2930,108.22,0.0000,0.0400,0.0000,-0.0005,-0.0001,-0.0008,0.0000,0.0000,0.0000,0.0000,0.0000,1.0000
14.3130,108.22,0.0000,0.0400,0.0000,-0.0005,-0.0001,-0.0008,0.0000,0.0000,0.0000,0.0000,0.0000,1.0000
14.3330,108.22,0.0000,0.0400,0.0000,-0.0005,-0.0001,-0.0008,0.0000,0.0000,0.0000,0.0000,0.0000,1.0000
14.3530,108.22,0.0000,0.0400,0.0000,-0.0005,-0.0001,-0.0008,0.0000,0.0000,0.0000,0.0000,0.0000,1.0000
14.3730,108.22,0.0000,0.0400,0.0000,-0.0005,-0.0001,-0.0008,0.0000,0.0000,0.0000,0.0000,0.0000,1.0000
14.3930,108.22,0.0000,0.0400,0.0000,-0.0005,-0.0001,-0.0008,0.0000,0.0000,0.0000,0.0000,0.0000,1.0000
14.4130,108.22,0.0000,0.0400,0.0000,-0.0005,-0.0001,-0.0008,0.0000,0.0000,0.0000,0.0000,0.0000,1.0000
14.4330,108.22,0.0000,0.0400,0.0000,-0.0005,-0.0001,-0.0008,0.0000,0.0000,0.0000,0.0000,0.0000,1.0000
14.4530,108.22,0.0000,0.0400,0.0000,-0.0005,-0.0001,-0.0008,0.0000,0.0000,0.0000,0.0000,0.0000,1.0000
14.4730,108.22,0.0000,0.0400,0.0000,-0.0005,-0.0001,-0.0008,0.0000,0.0000,0.0000,0.0000,0.0000,1.0000
14.4930,108.22,0.0000,0.0400,0.0000,-0.0005,-0.0001,-0.0008,0.0000,0.0000,0.0000,0.0000,0.0000,1.0000
14.5130,108.22,0.0000,0.0400,0.0000,-0.0005,-0.0001,-0.0008,0.0000,0.0000,0.0000,0.0000,0.0000,1.0000
14.5330,108.22,0.0000,0.0400,0.0000,-0.0005,-0.0001,-0.0008,0.0000,0.0000,0.0000,0.0000,0.0000,1.0000
14.5530,108.22,0.0000,0.0400,0.0000,-0.0005,-0.0001,-0.0008,0.0000,0.0000,0.0000,0.0000,0.0000,1.0000
14.5730,108.22,0.0000,0.0400,0.0000,-0.0005,-0.0001,-0.0008,0.0000,0.0000,0.0000,0.0000,0.0000,1.0000
14.5930,108.22,0.0000,0.0400,0.0000,-0.0005,-0.0001,-0.0008,0.0000,0.0000,0.0000,0.0000,0.0000,1.0000
14.6130,108.22,0.0000,0.0400,0.0000,-0.0005,-0.0001,-0.0008,0.0000,0.0000,0.0000,0.0000,0.0000,1.0000
14.6330,108.22,0.0000,0.0400,0.0000,-0.0005,-0.0001,-0.0008,0.0000,0.0000,0.0000,0.0000,0.0000,1.0000
14.6530,108.22,0.0000,0.0400,0.0000,-0.0005,-0.0001,-0.0008,0.0000,0.0000,0.0000,0.0000,0.0000,1.0000
14.6730,108.22,0.0000,0.0400,0.0000,-0.0005,-0.0001,-0.0008,0.0000,0.0000,0.0000,0.0000,0.0000,1.0000
14.6930,108.22,0.0000,0.0400,0.0000,-0.0005,-0.0001,-0.0008,0.0000,0.0000,0.0000,0.0000,0.0000,1.0000
14.7130,108.22,0.0000,0.0400,0.0000,-0.0005,-0.0001,-0.0008,0.0000,0.0000,0.0000,0.0000,0.0000,1.0000
14.7330,108.22,0.0000,0.0400,0.0000,-0.0005,-0.0001,-0.0008,0.0000,0.0000,0.0000,0.0000,0.0000,1.0000
14.7530,108.22,0.0000,0.0400,0.0000,-0.0005,-0.0001,-0.0008,0.0000,0.0000,0.0000,0.0000,0.0000,1.0000
14.7730,108.22,0.0000,0.0400,0.0000,-0.0005,-0.0001,-0.0008,0.0000,0.0000,0.0000,0.0000,0.0000,1.0000
14.7930,108.22,0.0000,0.0400,0.0000,-0.0005,-0.0001,-0.0008,0.0000,0.0000,0.0000,0.0000,0.0000,1.0000
14.8130,108.22,0.0000,0.0400,0.0000,-0.0005,-0.0001,-0.0008,0.0000,0.0000,0.0000,0.0000,0.0000,1.0000
14.8330,108.22,0.0000,0.0400,0.0000,-0.0005,-0.0001,-0.0008,0.0000,0.0000,0.0000,0.0000,0.0000,1.0000
14.8530,108.22,0.0000,0.0400,0.0000,-0.0005,-0.0001,-0.0008,0.0000,0.0000,0.0000,0.0000,0.0000,1.0000
14.8730,108.22,0.0000,0.0400,0.0000,-0.0005,-0.0001,-0.0008,0.0000,0.0000,0.0000,0.0000,0.0000,1.0000
14.8930,108.22,0.0000,0.0400,0.0000,-0.0005,-0.0001,-0.0008,0.0000,0.0000,0.0000,0.0000,0.0000,1.0000
14.9130,108.22,0.0000,0.0400,0.0000,-0.0005,-0.0001,-0.0008,0.0000,0.0000,0.0000,0.0000,0.0000,1.0000
14.9330,108.22,0.0000,0.0400,0.0000,-0.0005,-0.0001,-0.0008,0.0000,0.0000,0.0000,0.0000,0.0000,1.0000
14.9530,108.22,0.0000,0.0400,0.0000,-0.0005,-0.0001,-0.0008,0.0000,0.0000,0.0000,0.0000,0.0000,1.0000
14.9730,108.22,0.0000,0.0400,0.0000,-0.0005,-0.0001,-0.0008,0.0000,0.0000,0.0000,0.0000,0.0000,1.0000
14.9930,108.22,0.0000,0.0400,0.0000,-0.0005,-0.0001,-0.0008,0.0000,0.0000,0.0000,0.0000,0.0000,1.0000
15.0130,108.22,0.0000,0.0400,0.0000,-0.0005,-0.0001,-0.0008,0.0000,0.0000,0.0000,0.0000,0.0000,1.0000
15.0330,108.22,0.0000,0.0400,0.0000,-0.0005,-0.0001,-0.0008,0.0000,0.0000,0.0000,0.0000,0.0000,1.0000
15.0530,108.22,0.0000,0.0400,0.0000,-0.0005,-0.0001,-0.0008,0.0000,0.0000,0.0000,0.0000,0.0000,1.0000
15.0730,108.22,0.0000,0.0400,0.0000,-0.0005,-0.0001,-0.0008,0.0000,0.0000,0.0000,0.0000,0.0000,1.0000
15.0930,108.22,0.0000,0.0400,0.0000,-0.0005,-0.0001,-0.0008,0.0000,0.0000,0.0000,0.0000,0.0000,1.0000
15.1130,108.22,0.0000,0.0400,0.0000,-0.0005,-0.0001,-0.0008,0.0000,0.0000,0.0000,0.0000,0.0000,1.0000
15.1330,108.22,0.0000,0.0400,0.0000,-0.0005,-0.0001,-0.0008,0.0000,0.0000,0.0000,0.0000,0.0000,1.0000
15.1530,108.22,0.0000,0.0400,0.0000,-0.0005,-0.0001,-0.0008,0.0000,0.0000,0.0000,0.0000,0.0000,1.0000
15.1730,108.22,0.0000,0.0400,0.0000,-0.0005,-0.0001,-0.0008,0.0000,0.0000,0.0000,0.0000,0.0000,1.0000
15.1930,108.22,0.0000,0.0400,0.0000,-0.0005,-0.0001,-0.0008,0.0000,0.0000,0.0000,0.0000,0.0000,1.0000
15.2130,119.97,0.0000,0.0400,0.0000,-0.0005,-0.0001,-0.0008,0.0000,0.0000,0.0000,0.0000,0.0000,1.0000
15.2330,119.97,0.0000,0.0400,0.0000,-0.0005,-0.0001,-0.0008,0.0000,0.0000,0.0000,0.0000,0.0000,1.0000
15.2530,119.97,0.0000,0.0400,0.0000,-0.0005,-0.0001,-0.0008,0.0000,0.0000,0.0000,0.0000,0.0000,1.0000
15.2730,119.97,0.0000,0.0400,0.0000,-0.0005,-0.0001,-0.0008,0.0000,0.0000,0.0000,0.0000,0.0000,1.0000
15.2930,119.97,0.0000,0.0400,0.0000,-0.0005,-0.0001,-0.0008,0.0000,0.0000,0.0000,0.0000,0.0000,1.0000
15.3130,119.97,0.0000,0.0400,0.0000,-0.0005,-0.0001,-0.0008,0.0000,0.0000,0.0000,0.0000,0.0000,1.0000
15.3330,119.97,0.0000,0.0400,0.0000,-0.0005,-0.0001,-0.0008,0.0000,0.0000,0.0000,0.0000,0.0000,1.0000
15.3530,119.97,0.0000,0.0400,0.0000,-0.0005,-0.0001,-0.0008,0.0000,0.0000,0.0000,0.0000,0.0000,1.0000
15.3730,119.97,0.0000,0.0400,0.0000,-0.0005,-0.0001,-0.0008,0.0000,0.0000,0.0000,0.0000,0.0000,1.0000
15.3930,119.97,0.0000,0.0400,0.0000,-0.0005,-0.0001,-0.0008,0.0000,0.0000,0.0000,0.0000,0.0000,1.0000
15.4130,119.97,0.0000,0.0400,0.0000,-0.0005,-0.0001,-0.0008,0.0000,0.0000,0.0000,0.0000,0.0000,1.0000
15.4330,119.97,0.0000,0.0400,0.0000,-0.0005,-0.0001,-0.0008,0.0000,0.0000,0.0000,0.0000,0.0000,1.0000
15.4530,119.97,0.0000,0.0400,0.0000,-0.0005,-0.0001,-0.0008,0.0000,0.0000,0.0000,0.0000,0.0000,1.0000
15.4730,119.97,0.0000,0.0400,0.0000,-0.0005,-0.0001,-0.0008,0.0000,0.0000,0.0000,0.0000,0.0000,1.0000
15.4930,119.97,0.0000,0.0400,0.0000,-0.0005,-0.0001,-0.0008,0.0000,0.0000,0.0000,0.0000,0.0000,1.0000
15.5130,119.97,0.0000,0.0400,0.0000,-0.0005,-0.0001,-0.0008,0.0000,0.0000,0.0000,0.0000,0.0000,1.0000
15.5330,119.97,0.0000,0.0400,0.0000,-0.0005,-0.0001,-0.0008,0.0000,0.0000,0.0000,0.0000,0.0000,1.0000
15.5530,119.97,0.0000,0.0400,0.0000,-0.0005,-0.0001,-0.0008,0.0000,0.0000,0.0000,0.0000,0.0000,1.0000
15.5730,119.97,0.0000,0.0400,0.0000,-0.0005,-0.0001,-0.0008,0.0000,0.0000,0.0000,0.0000,0.0000,1.0000
15.5930,119.97,0.0000,0.0400,0.0000,-0.0005,-0.0001,-0.0008,0.0000,0.0000,0.0000,0.0000,0.0000,1.0000
15.6130,119.97,0.0000,0.0400,0.0000,-0.0005,-0.0001,-0.0008,0.0000,0.0000,0.0000,0.0000,0.0000,1.0000
15.6330,119.97,0.0000,0.0400,0.0000,-0.0005,-0.0001,-0.0008,0.0000,0.0000,0.0000,0.0000,0.0000,1.0000
15.6530,119.97,0.0000,0.0400,0.0000,-0.0005,-0.0001,-0.0008,0.0000,0.0000,0.0000,0.0000,0.0000,1.0000
15.6730,119.97,0.0000,0.0400,0.0000,-0.0005,-0.0001,-0.0008,0.0000,0.0000,0.0000,0.0000,0.0000,1.0000
15.6930,119.97,0.0000,0.0400,0.0000,-0.0005,-0.0001,-0.0008,0.0000,0.0000,0.0000,0.0000,0.0000,1.0000
15.7130,119.97,0.0000,0.0400,0.0000,-0.0005,-0.0001,-0.0008,0.0000,0.0000,0.0000,0.0000,0.0000,1.0000
15.7330,119.97,0.0000,0.0400,0.0000,-0.0005,-0.0001,-0.0008,0.0000,0.0000,0.0000,0.0000,0.0000,1.0000
15.7530,119.97,0.0000,0.0400,0.0000,-0.0005,-0.0001,-0.0008,0.0000,0.0000,0.0000,0.0000,0.0000,1.0000
15.7730,119.97,0.0000,0.0400,0.0000,-0.0005,-0.0001,-0.0008,0.0000,0.0000,0.0000,0.0000,0.0000,1.0000
15.7930,119.97,0.0000,0.0400,0.0000,-0.0005,-0.0001,-0.0008,0.0000,0.0000,0.0000,0.0000,0.0000,1.0000
15.8130,119.97,0.0000,0.0400,0.0000,-0.0005,-0.0001,-0.0008,0.0000,0.0000,0.0000,0.0000,0.0000,1.0000
15.8330,119.97,0.0000,0.0400,0.0000,-0.0005,-0.0001,-0.0008,0.0000,0.0000,0.0000,0.0000,0.0000,1.0000
15.8530,119.97,0.0000,0.0400,0.0000,-0.0005,-0.0001,-0.0008,0.0000,0.0000,0.0000,0.0000,0.0000,1.0000
15.8730,119.97,0.0000,0.0400,0.0000,-0.0005,-0.0001,-0.0008,0.0000,0.0000,0.0000,0.0000,0.0000,1.0000
15.8930,119.97,0.0000,0.0400,0.0000,-0.0005,-0.0001,-0.0008,0.0000,0.0000,0.0000,0.0000,0.0000,1.0000
15.9130,119.97,0.0000,0.0400,0.0000,-0.0005,-0.0001,-0.0008,0.0000,0.0000,0.0000,0.0000,0.0000,1.0000
15.9330,119.97,0.0000,0.0400,0.0000,-0.0005,-0.0001,-0.0008,0.0000,0.0000,0.0000,0.0000,0.0000,1.0000
15.9530,119.97,0.0000,0.0400,0.0000,-0.0005,-0.0001,-0.0008,0.0000,0.0000,0.0000,0.0000,0.0000,1.0000
15.9730,119.97,0.0000,0.0400,0.0000,-0.0005,-0.0001,-0.0008,0.0000,0.0000,0.0000,0.0000,0.0000,1.0000
15.9930,119.97,0.0000,0.0400,0.0000,-0.0005,-0.0001,-0.0008,0.0000,0.0000,0.0000,0.0000,0.0000,1.0000
16.0130,119.97,0.0000,0.0400,0.0000,-0.0005,-0.0001,-0.0008,0.0000,0.0000,0.0000,0.0000,0.0000,1.0000
16.0330,119.97,0.0000,0.0400,0.0000,-0.0005,-0.0001,-0.0008,0.0000,0.0000,0.0000,0.0000,0.0000,1.0000
16.0530,119.97,0.0000,0.0400,0.0000,-0.0005,-0.0001,-0.0008,0.0000,0.0000,0.0000,0.0000,0.0000,1.0000
16.0730,119.97,0.0000,0.0400,0.0000,-0.0005,-0.0001,-0.0008,0.0000,0.0000,0.0000,0.0000,0.0000,1.0000
16.0930,119.97,0.0000,0.0400,0.0000,-0.0005,-0.0001,-0.0008,0.0000,0.0000,0.0000,0.0000,0.0000,1.0000
16.1130,119.97,0.0000,0.0400,0.0000,-0.0005,-0.0001,-0.0008,0.0000,0.0000,0.0000,0.0000,0.0000,1.0000
16.1330,119.97,0.0000,0.0400,0.0000,-0.0005,-0.0001,-0.0008,0.0000,0.0000,0.0000,0.0000,0.0000,1.0000
16.1530,119.97,0.0000,0.0400,0.0000,-0.0005,-0.0001,-0.0008,0.0000,0.0000,0.0000,0.0000,0.0000,1.0000
16.1730,119.97,0.0000,0.0400,0.0000,-0.0005,-0.0001,-0.0008,0.0000,0.0000,0.0000,0.0000,0.0000,1.0000
16.1930,119.97,0.0000,0.0400,0.0000,-0.0005,-0.0001,-0.0008,0.0000,0.0000,0.0000,0.0000,0.0000,1.0000
16.2130,111.56,0.0000,0.0400,0.0000,-0.0005,-0.0001,-0.0008,0.0000,0.0000,0.0000,0.0000,0.0000,1.0000
16.2330,111.56,0.0000,0.0400,0.0000,-0.0005,-0.0001,-0.0008,0.0000,0.0000,0.0000,0.0000,0.0000,1.0000
16.2530,111.56,0.0000,0.0400,0.0000,-0.0005,-0.0001,-0.0008,0.0000,0.0000,0.0000,0.0000,0.0000,1.0000
16.2730,111.56,0.0000,0.0400,0.0000,-0.0005,-0.0001,-0.0008,0.0000,0.0000,0.0000,0.0000,0.0000,1.0000
16.2930,111.56,0.0000,0.0400,0.0000,-0.0005,-0.0001,-0.0008,0.0000,0.0000,0.0000,0.0000,0.0000,1.0000
16.3130,111.56,0.0000,0.0400,0.0000,-0.0005,-0.0001,-0.0008,0.0000,0.0000,0.0000,0.0000,0.0000,1.0000
16.3330,111.56,0.0000,0.0400,0.0000,-0.0005,-0.0001,-0.0008,0.0000,0.0000,0.0000,0.0000,0.0000,1.0000
16.3530,111.56,0.0000,0.0400,0.0000,-0.0005,-0.0001,-0.0008,0.0000,0.0000,0.0000,0.0000,0.0000,1.0000
16.3730,111.56,0.0000,0.0400,0.0000,-0.0005,-0.0001,-0.0008,0.0000,0.0000,0.0000,0.0000,0.0000,1.0000
16.3930,111.56,0.0000,0.0400,0.0000,-0.0005,-0.0001,-0.0008,0.0000,0.0000,0.0000,0.0000,0.0000,1.0000
16.4130,111.56,0.0000,0.0400,0.0000,-0.0005,-0.0001,-0.0008,0.0000,0.0000,0.0000,0.0000,0.0000,1.0000
16.4330,111.56,0.0000,0.0400,0.0000,-0.0005,-0.0001,-0.0008,0.0000,0.0000,0.0000,0.0000,0.0000,1.0000
16.4530,111.56,0.0000,0.0400,0.0000,-0.0005,-0.0001,-0.0008,0.0000,0.0000,0.0000,0.0000,0.0000,1.0000
16.4730,111.56,0.0000,0.0400,0.0000,-0.0005,-0.0001,-0.0008,0.0000,0.0000,0.0000,0.0000,0.0000,1.0000
16.4930,111.56,0.0000,0.0400,0.0000,-0.0005,-0.0001,-0.0008,0.0000,0.0000,0.0000,0.0000,0.0000,1.0000
16.5130,111.56,0.0000,0.0400,0.0000,-0.0005,-0.0001,-0.0008,0.0000,0.0000,0.0000,0.0000,0.0000,1.0000
16.5330,111.56,0.0000,0.0400,0.0000,-0.0005,-0.0001,-0.0008,0.0000,0.0000,0.0000,0.0000,0.0000,1.0000
16.5530,111.56,0.0000,0.0400,0.0000,-0.0005,-0.0001,-0.0008,0.0000,0.0000,0.0000,0.0000,0.0000,1.0000
16.5730,111.56,0.0000,0.0400,0.0000,-0.0005,-0.0001,-0.0008,0.0000,0.0000,0.0000,0.0000,0.0000,1.0000
16.5930,111.56,0.0000,0.0400,0.0000,-0.0005,-0.0001,-0.0008,0.0000,0.0000,0.0000,0.0000,0.0000,1.0000
16.6130,111.56,0.0000,0.0400,0.0000,-0.0005,-0.0001,-0.0008,0.0000,0.0000,0.0000,0.0000,0.0000,1.0000
16.6330,111.56,0.0000,0.0400,0.0000,-0.0005,-0.0001,-0.0008,0.0000,0.0000,0.0000,0.0000,0.0000,1.0000
16.6530,111.56,0.0000,0.0400,0.0000,-0.0005,-0.0001,-0.0008,0.0000,0.0000,0.0000,0.0000,0.0000,1.0000
16.6730,111.56,0.0000,0.0400,0.0000,-0.0005,-0.0001,-0.0008,0.0000,0.0000,0.0000,0.0000,0.0000,1.0000
16.6930,111.56,0.0000,0.0400,0.0000,-0.0005,-0.0001,-0.0008,0.0000,0.0000,0.0000,0.0000,0.0000,1.0000
16.7130,111.56,0.0000,0.0400,0.0000,-0.0005,-0.0001,-0.0008,0.0000,0.0000,0.0000,0.0000,0.0000,1.0000
16.7330,111.56,0.0000,0.0400,0.0000,-0.0005,-0.0001,-0.0008,0.0000,0.0000,0.0000,0.0000,0.0000,1.0000
16.7530,111.56,0.0000,0.0400,0.0000,-0.0005,-0.0001,-0.0008,0.0000,0.0000,0.0000,0.0000,0.0000,1.0000
16.7730,111.56,0.0000,0.0400,0.0000,-0.0005,-0.0001,-0.0008,0.0000,0.0000,0.0000,0.0000,0.0000,1.0000
16.7930,111.56,0.0000,0.0400,0.0000,-0.0005,-0.0001,-0.0008,0.0000,0.0000,0.0000,0.0000,0.0000,1.0000
16.8130,111.56,0.0000,0.0400,0.0000,-0.0005,-0.0001,-0.0008,0.0000,0.0000,0.0000,0.0000,0.0000,1.0000
16.8330,111.56,0.0000,0.0400,0.0000,-0.0005,-0.0001,-0.0008,0.0000,0.0000,0.0000,0.0000,0.0000,1.0000
16.8530,111.56,0.0000,0.0400,0.0000,-0.0005,-0.0001,-0.0008,0.0000,0.0000,0.0000,0.0000,0.0000,1.0000
16.8730,111.56,0.0000,0.0400,0.0000,-0.0005,-0.0001,-0.0008,0.0000,0.0000,0.0000,0.0000,0.0000,1.0000
16.8930,111.56,0.0000,0.0400,0.0000,-0.0005,-0.0001,-0.0008,0.0000,0.0000,0.0000,0.0000,0.0000,1.0000
16.9130,111.56,0.0000,0.0400,0.0000,-0.0005,-0.0001,-0.0008,0.0000,0.0000,0.0000,0.0000,0.0000,1.0000
16.9330,111.56,0.0000,0.0400,0.0000,-0.0005,-0.0001,-0.0008,0.0000,0.0000,0.0000,0.0000,0.0000,1.0000
16.9530,111.56,0.0000,0.0400,0.0000,-0.0005,-0.0001,-0.0008,0.0000,0.0000,0.0000,0.0000,0.0000,1.0000
16.9730,111.56,0.0000,0.0400,0.0000,-0.0005,-0.0001,-0.0008,0.0000,0.0000,0.0000,0.0000,0.0000,1.0000
16.9930,111.56,0.0000,0.0400,0.0000,-0.0005,-0.0001,-0.0008,0.0000,0.0000,0.0000,0.0000,0.0000,1.0000
17.0130,111.56,0.0000,0.0400,0.0000,-0.0005,-0.0001,-0.0008,0.0000,0.0000,0.0000,0.0000,0.0000,1.0000
17.0330,111.56,0.0000,0.0400,0.0000,-0.0005,-0.0001,-0.0008,0.0000,0.0000,0.0000,0.0000,0.0000,1.0000
17.0530,111.56,0.0000,0.0400,0.0000,-0.0005,-0.0001,-0.0008,0.0000,0.0000,0.0000,0.0000,0.0000,1.0000
17.0730,111.56,0.0000,0.0400,0.0000,-0.0005,-0.0001,-0.0008,0.0000,0.0000,0.0000,0.0000,0.0000,1.0000
17.0930,111.56,0.0000,0.0400,0.0000,-0.0005,-0.0001,-0.0008,0.0000,0.0000,0.0000,0.0000,0.0000,1.0000
17.1130,111.56,0.0000,0.0400,0.0000,-0.0005,-0.0001,-0.0008,0.0000,0.0000,0.0000,0.0000,0.0000,1.0000
17.1330,111.56,0.0000,0.0400,0.0000,-0.0005,-0.0001,-0.0008,0.0000,0.0000,0.0000,0.0000,0.0000,1.0000
17.1530,111.56,0.0000,0.0400,0.0000,-0.0005,-0.0001,-0.0008,0.0000,0.0000,0.0000,0.0000,0.0000,1.0000
17.1730,111.56,0.0000,0.0400,0.0000,-0.0005,-0.0001,-0.0008,0.0000,0.0000,0.0000,0.0000,0.0000,1.0000
17.1930,111.56,0.0000,0.0400,0.0000,-0.0005,-0.0001,-0.0008,0.0000,0.0000,0.0000,0.0000,0.0000,1.0000
17.2130,111.56,0.0000,0.0400,0.0000,-0.0005,-0.0001,-0.0008,0.0000,0.0000,0.0000,0.0000,0.0000,1.0000
17.2330,118.43,0.0000,0.0400,0.0000,-0.0005,-0.0001,-0.0008,0.0000,0.0000,0.0000,0.0000,0.0000,1.0000
17.2530,118.43,0.0000,0.0400,0.0000,-0.0005,-0.0001,-0.0008,0.0000,0.0000,0.0000,0.0000,0.0000,1.0000
17.2730,118.43,0.0000,0.0400,0.0000,-0.0005,-0.0001,-0.0008,0.0000,0.0000,0.0000,0.0000,0.0000,1.0000
17.2930,118.43,0.0000,0.0400,0.0000,-0.0005,-0.0001,-0.0008,0.0000,0.0000,0.0000,0.0000,0.0000,1.0000
17.3130,118.43,0.0000,0.0400,0.0000,-0.0005,-0.0001,-0.0008,0.0000,0.0000,0.0000,0.0000,0.0000,1.0000
17.3330,118.43,0.0000,0.0400,0.0000,-0.0005,-0.0001,-0.0008,0.0000,0.0000,0.0000,0.0000,0.0000,1.0000
17.3530,118.43,0.0000,0.0400,0.0000,-0.0005,-0.0001,-0.0008,0.0000,0.0000,0.0000,0.0000,0.0000,1.0000
17.3730,118.43,0.0000,0.0400,0.0000,-0.0005,-0.0001,-0.0008,0.0000,0.0000,0.0000,0.0000,0.0000,1.0000
17.3930,118.43,0.0000,0.0400,0.0000,-0.0005,-0.0001,-0.0008,0.0000,0.0000,0.0000,0.0000,0.0000,1.0000
17.4130,118.43,0.0000,0.0400,0.0000,-0.0005,-0.0001,-0.0008,0.0000,0.0000,0.0000,0.0000,0.0000,1.0000
17.4330,118.43,0.0000,0.0400,0.0000,-0.0005,-0.0001,-0.0008,0.0000,0.0000,0.0000,0.0000,0.0000,1.0000
17.4530,118.43,0.0000,0.0400,0.0000,-0.0005,-0.0001,-0.0008,0.0000,0.0000,0.0000,0.0000,0.0000,1.0000
17.4730,118.43,0.0000,0.0400,0.0000,-0.0005,-0.0001,-0.0008,0.0000,0.0000,0.0000,0.0000,0.0000,1.0000
17.4930,118.43,0.0000,0.0400,0.0000,-0.0005,-0.0001,-0.0008,0.0000,0.0000,0.0000,0.0000,0.0000,1.0000
17.5130,118.43,0.0000,0.0400,0.0000,-0.0005,-0.0001,-0.0008,0.0000,0.0000,0.0000,0.0000,0.0000,1.0000
17.5330,118.43,0.0000,0.0400,0.0000,-0.0005,-0.0001,-0.0008,0.0000,0.0000,0.0000,0.0000,0.0000,1.0000
17.5530,118.43,0.0000,0.0400,0.0000,-0.0005,-0.0001,-0.0008,0.0000,0.0000,0.0000,0.0000,0.0000,1.0000
17.5730,118.43,0.0000,0.0400,0.0000,-0.0005,-0.0001,-0.0008,0.0000,0.0000,0.0000,0.0000,0.0000,1.0000
17.5930,118.43,0.0000,0.0400,0.0000,-0.0005,-0.0001,-0.0008,0.0000,0.0000,0.0000,0.0000,0.0000,1.0000
17.6130,118.43,0.0000,0.0400,0.0000,-0.0005,-0.0001,-0.0008,0.0000,0.0000,0.0000,0.0000,0.0000,1.0000
17.6330,118.43,0.0000,0.0400,0.0000,-0.0005,-0.0001,-0.0008,0.0000,0.0000,0.0000,0.0000,0.0000,1.0000
17.6530,118.43,0.0000,0.0400,0.0000,-0.0005,-0.0001,-0.0008,0.0000,0.0000,0.0000,0.0000,0.0000,1.0000
17.6730,118.43,0.0000,0.0400,0.0000,-0.0005,-0.0001,-0.0008,0.0000,0.0000,0.0000,0.0000,0.0000,1.0000
17.6930,118.43,0.0000,0.0400,0.0000,-0.0005,-0.0001,-0.0008,0.0000,0.0000,0.0000,0.0000,0.0000,1.0000
17.7130,118.43,0.0000,0.0400,0.0000,-0.0005,-0.0001,-0.0008,0.0000,0.0000,0.0000,0.0000,0.0000,1.0000
17.7330,118.43,0.0000,0.0400,0.0000,-0.0005,-0.0001,-0.0008,0.0000,0.0000,0.0000,0.0000,0.0000,1.0000
17.7530,118.43,0.0000,0.0400,0.0000,-0.0005,-0.0001,-0.0008,0.0000,0.0000,0.0000,0.0000,0.0000,1.0000
17.7730,118.43,0.0000,0.0400,0.0000,-0.0005,-0.0001,-0.0008,0.0000,0.0000,0.0000,0.0000,0.0000,1.0000
17.7930,118.43,0.0000,0.0400,0.0000,-0.0005,-0.0001,-0.0008,0.0000,0.0000,0.0000,0.0000,0.0000,1.0000
17.8130,118.43,0.0000,0.0400,0.0000,-0.0005,-0.0001,-0.0008,0.0000,0.0000,0.0000,0.0000,0.0000,1.0000
17.8330,118.43,0.0000,0.0400,0.0000,-0.0005,-0.0001,-0.0008,0.0000,0.0000,0.0000,0.0000,0.0000,1.0000
17.8530,118.43,0.0000,0.0400,0.0000,-0.0005,-0.0001,-0.0008,0.0000,0.0000,0.0000,0.0000,0.0000,1.0000
17.8730,118.43,0.0000,0.0400,0.0000,-0.0005,-0.0001,-0.0008,0.0000,0.0000,0.0000,0.0000,0.0000,1.0000
17.8930,118.43,0.0000,0.0400,0.0000,-0.0005,-0.0001,-0.0008,0.0000,0.0000,0.0000,0.0000,0.0000,1.0000
17.9130,118.43,0.0000,0.0400,0.0000,-0.0005,-0.0001,-0.0008,0.0000,0.0000,0.0000,0.0000,0.0000,1.0000
17.9330,118.43,0.0000,0.0400,0.0000,-0.0005,-0.0001,-0.0008,0.0000,0.0000,0.0000,0.0000,0.0000,1.0000
17.9530,118.43,0.0000,0.0400,0.0000,-0.0005,-0.0001,-0.0008,0.0000,0.0000,0.0000,0.0000,0.0000,1.0000
17.9730,118.43,0.0000,0.0400,0.0000,-0.0005,-0.0001,-0.0008,0.0000,0.0000,0.0000,0.0000,0.0000,1.0000
17.9930,118.43,0.0000,0.0400,0.0000,-0.0005,-0.0001,-0.0008,0.0000,0.0000,0.0000,0.0000,0.0000,1.0000
18.0130,118.43,0.0000,0.0400,0.0000,-0.0005,-0.0001,-0.0008,0.0000,0.0000,0.0000,0.0000,0.0000,1.0000
18.0330,118.43,0.0000,0.0400,0.0000,-0.0005,-0.0001,-0.0008,0.0000,0.0000,0.0000,0.0000,0.0000,1.0000
18.0530,118.43,0.0000,0.0400,0.0000,-0.0005,-0.0001,-0.0008,0.0000,0.0000,0.0000,0.0000,0.0000,1.0000
18.0730,118.43,0.0000,0.0400,0.0000,-0.0005,-0.0001,-0.0008,0.0000,0.0000,0.0000,0.0000,0.0000,1.0000
18.0930,118.43,0.0000,0.0400,0.0000,-0.0005,-0.0001,-0.0008,0.0000,0.0000,0.0000,0.0000,0.0000,1.0000
18.1130,118.43,0.0000,0.0400,0.0000,-0.0005,-0.0001,-0.0008,0.0000,0.0000,0.0000,0.0000,0.0000,1.0000
18.1330,118.43,0.0000,0.0400,0.0000,-0.0005,-0.0001,-0.0008,0.0000,0.0000,0.0000,0.0000,0.0000,1.0000
18.1530,118.43,0.0000,0.0400,0.0000,-0.0005,-0.0001,-0.0008,0.0000,0.0000,0.0000,0.0000,0.0000,1.0000
18.1730,118.43,0.0000,0.0400,0.0000,-0.0005,-0.0001,-0.0008,0.0000,0.0000,0.0000,0.0000,0.0000,1.0000
18.1930,118.43,0.0000,0.0400,0.0000,-0.0005,-0.0001,-0.0008,0.0000,0.0000,0.0000,0.0000,0.0000,1.0000
18.2130,118.43,0.0000,0.0400,0.0000,-0.0005,-0.0001,-0.0008,0.0000,0.0000,0.0000,0.0000,0.0000,1.0000
18.2330,118.43,0.0000,0.0400,0.0000,-0.0005,-0.0001,-0.0008,0.0000,0.0000,0.0000,0.0000,0.0000,1.0000
18.2530,118.43,0.0000,0.0400,0.0000,-0.0005,-0.0001,-0.0008,0.0000,0.0000,0.0000,0.0000,0.0000,1.0000
18.2730,100.76,0.0000,0.0400,0.0000,-0.0005,-0.0001,-0.0008,0.0000,0.0000,0.0000,0.0000,0.0000,1.0000
18.2930,100.76,0.0000,0.0400,0.0000,-0.0005,-0.0001,-0.0008,0.0000,0.0000,0.0000,0.0000,0.0000,1.0000
18.3130,100.76,0.0000,0.0400,0.0000,-0.0005,-0.0001,-0.0008,0.0000,0.0000,0.0000,0.0000,0.0000,1.0000
18.3330,100.76,0.0000,0.0400,0.0000,-0.0005,-0.0001,-0.0008,0.0000,0.0000,0.0000,0.0000,0.0000,1.0000
18.3530,100.76,0.0000,0.0400,0.0000,-0.0005,-0.0001,-0.0008,0.0000,0.0000,0.0000,0.0000,0.0000,1.0000
18.3730,100.76,0.0000,0.0400,0.0000,-0.0005,-0.0001,-0.0008,0.0000,0.0000,0.0000,0.0000,0.0000,1.0000
18.3930,100.76,0.0000,0.0400,0.0000,-0.0005,-0.0001,-0.0008,0.0000,0.0000,0.0000,0.0000,0.0000,1.0000
18.4130,100.76,0.0000,0.0400,0.0000,-0.0005,-0.0001,-0.0008,0.0000,0.0000,0.0000,0.0000,0.0000,1.0000
18.4330,100.76,0.0000,0.0400,0.0000,-0.0005,-0.0001,-0.0008,0.0000,0.0000,0.0000,0.0000,0.0000,1.0000
18.4530,100.76,0.0000,0.0400,0.0000,-0.0005,-0.0001,-0.0008,0.0000,0.0000,0.0000,0.0000,0.0000,1.0000
18.4730,100.76,0.0000,0.0400,0.0000,-0.0005,-0.0001,-0.0008,0.0000,0.0000,0.0000,0.0000,0.0000,1.0000
18.4930,100.76,0.0000,0.0400,0.0000,-0.0005,-0.0001,-0.0008,0.0000,0.0000,0.0000,0.0000,0.0000,1.0000
18.5130,100.76,0.0000,0.0400,0.0000,-0.0005,-0.0001,-0.0008,0.0000,0.0000,0.0000,0.0000,0.0000,1.0000
18.5330,100.76,0.0000,0.0400,0.0000,-0.0005,-0.0001,-0.0008,0.0000,0.0000,0.0000,0.0000,0.0000,1.0000
18.5530,100.76,0.0000,0.0400,0.0000,-0.0005,-0.0001,-0.0008,0.0000,0.0000,0.0000,0.0000,0.0000,1.0000
18.5730,100.76,0.0000,0.0400,0.0000,-0.0005,-0.0001,-0.0008,0.0000,0.0000,0.0000,0.0000,0.0000,1.0000
18.5930,100.76,0.0000,0.0400,0.0000,-0.0005,-0.0001,-0.0008,0.0000,0.0000,0.0000,0.0000,0.0000,1.0000
18.6130,100.76,0.0000,0.0400,0.0000,-0.0005,-0.0001,-0.0008,0.0000,0.0000,0.0000,0.0000,0.0000,1.0000
18.6330,100.76,0.0000,0.0400,0.0000,-0.0005,-0.0001,-0.0008,0.0000,0.0000,0.0000,0.0000,0.0000,1.0000
18.6530,100.76,0.0000,0.0400,0.0000,-0.0005,-0.0001,-0.0008,0.0000,0.0000,0.0000,0.0000,0.0000,1.0000
18.6730,100.76,0.0000,0.0400,0.0000,-0.0005,-0.0001,-0.0008,0.0000,0.0000,0.0000,0.0000,0.0000,1.0000
18.6930,100.76,0.0000,0.0400,0.0000,-0.0005,-0.0001,-0.0008,0.0000,0.0000,0.0000,0.0000,0.0000,1.0000
18.7130,100.76,0.0000,0.0400,0.0000,-0.0005,-0.0001,-0.0008,0.0000,0.0000,0.0000,0.0000,0.0000,1.0000
18.7330,100.76,0.0000,0.0400,0.0000,-0.0005,-0.0001,-0.0008,0.0000,0.0000,0.0000,0.0000,0.0000,1.0000
18.7530,100.76,0.0000,0.0400,0.0000,-0.0005,-0.0001,-0.0008,0.0000,0.0000,0.0000,0.0000,0.0000,1.0000
18.7730,100.76,0.0000,0.0400,0.0000,-0.0005,-0.0001,-0.0008,0.0000,0.0000,0.0000,0.0000,0.0000,1.0000
18.7930,100.76,0.0000,0.0400,0.0000,-0.0005,-0.0001,-0.0008,0.0000,0.0000,0.0000,0.0000,0.0000,1.0000
18.8130,100.76,0.0000,0.0400,0.0000,-0.0005,-0.0001,-0.0008,0.0000,0.0000,0.0000,0.0000,0.0000,1.0000
18.8330,100.76,0.0000,0.0400,0.0000,-0.0005,-0.0001,-0.0008,0.0000,0.0000,0.0000,0.0000,0.0000,1.0000
18.8530,100.76,0.0000,0.0400,0.0000,-0.0005,-0.0001,-0.0008,0.0000,0.0000,0.0000,0.0000,0.0000,1.0000
18.8730,100.76,0.0000,0.0400,0.0000,-0.0005,-0.0001,-0.0008,0.0000,0.0000,0.0000,0.0000,0.0000,1.0000
18.8930,100.76,0.0000,0.0400,0.0000,-0.0005,-0.0001,-0.0008,0.0000,0.0000,0.0000,0.0000,0.0000,1.0000
18.9130,100.76,0.0000,0.0400,0.0000,-0.0005,-0.0001,-0.0008,0.0000,0.0000,0.0000,0.0000,0.0000,1.0000
18.9330,100.76,0.0000,0.0400,0.0000,-0.0005,-0.0001,-0.0008,0.0000,0.0000,0.0000,0.0000,0.0000,1.0000
18.9530,100.76,0.0000,0.0400,0.0000,-0.0005,-0.0001,-0.0008,0.0000,0.0000,0.0000,0.0000,0.0000,1.0000
18.9730,100.76,0.0000,0.0400,0.0000,-0.0005,-0.0001,-0.0008,0.0000,0.0000,0.0000,0.0000,0.0000,1.0000
18.9930,100.76,0.0000,0.0400,0.0000,-0.0005,-0.0001,-0.0008,0.0000,0.0000,0.0000,0.0000,0.0000,1.0000
19.0130,100.76,0.0000,0.0400,0.0000,-0.0005,-0.0001,-0.0008,0.0000,0.0000,0.0000,0.0000,0.0000,1.0000
19.0330,100.76,0.0000,0.0400,0.0000,-0.0005,-0.0001,-0.0008,0.0000,0.0000,0.0000,0.0000,0.0000,1.0000
19.0530,100.76,0.0000,0.0400,0.0000,-0.0005,-0.0001,-0.0008,0.0000,0.0000,0.0000,0.0000,0.0000,1.0000
19.0730,100.76,0.0000,0.0400,0.0000,-0.0005,-0.0001,-0.0008,0.0000,0.0000,0.0000,0.0000,0.0000,1.0000
19.0930,100.76,0.0000,0.0400,0.0000,-0.0005,-0.0001,-0.0008,0.0000,0.0000,0.0000,0.0000,0.0000,1.0000
19.1130,100.76,0.0000,0.0400,0.0000,-0.0005,-0.0001,-0.0008,0.0000,0.0000,0.0000,0.0000,0.0000,1.0000
19.1330,100.76,0.0000,0.0400,0.0000,-0.0005,-0.0001,-0.0008,0.0000,0.0000,0.0000,0.0000,0.0000,1.0000
19.1530,100.76,0.0000,0.0400,0.0000,-0.0005,-0.0001,-0.0008,0.0000,0.0000,0.0000,0.0000,0.0000,1.0000
19.1730,100.76,0.0000,0.0400,0.0000,-0.0005,-0.0001,-0.0008,0.0000,0.0000,0.0000,0.0000,0.0000,1.0000
19.1930,100.76,0.0000,0.0400,0.0000,-0.0005,-0.0001,-0.0008,0.0000,0.0000,0.0000,0.0000,0.0000,1.0000
19.2130,100.76,0.0000,0.0400,0.0000,-0.0005,-0.0001,-0.0008,0.0000,0.0000,0.0000,0.0000,0.0000,1.0000
19.2330,100.76,0.0000,0.0400,0.0000,-0.0005,-0.0001,-0.0008,0.0000,0.0000,0.0000,0.0000,0.0000,1.0000
19.2530,100.76,0.0000,0.0400,0.0000,-0.0005,-0.0001,-0.0008,0.0000,0.0000,0.0000,0.0000,0.0000,1.0000
19.2730,100.76,0.0000,0.0400,0.0000,-0.0005,-0.0001,-0.0008,0.0000,0.0000,0.0000,0.0000,0.0000,1.0000
19.2930,116.13,0.0000,0.0400,0.0000,-0.0005,-0.0001,-0.0008,0.0000,0.0000,0.0000,0.0000,0.0000,1.0000
19.3130,116.13,0.0000,0.0400,0.0000,-0.0005,-0.0001,-0.0008,0.0000,0.0000,0.0000,0.0000,0.0000,1.0000
19.3330,116.13,0.0000,0.0400,0.0000,-0.0005,-0.0001,-0.0008,0.0000,0.0000,0.0000,0.0000,0.0000,1.0000
19.3530,116.13,0.0000,0.0400,0.0000,-0.0005,-0.0001,-0.0008,0.0000,0.0000,0.0000,0.0000,0.0000,1.0000
19.3730,116.13,0.0000,0.0400,0.0000,-0.0005,-0.0001,-0.0008,0.0000,0.0000,0.0000,0.0000,0.0000,1.0000
19.3930,116.13,0.0000,0.0400,0.0000,-0.0005,-0.0001,-0.0008,0.0000,0.0000,0.0000,0.0000,0.0000,1.0000
19.4130,116.13,0.0000,0.0400,0.0000,-0.0005,-0.0001,-0.0008,0.0000,0.0000,0.0000,0.0000,0.0000,1.0000
19.4330,116.13,0.0000,0.0400,0.0000,-0.0005,-0.0001,-0.0008,0.0000,0.0000,0.0000,0.0000,0.0000,1.0000
19.4530,116.13,0.0000,0.0400,0.0000,-0.0005,-0.0001,-0.0008,0.0000,0.0000,0.0000,0.0000,0.0000,1.0000
19.4730,116.13,0.0000,0.0400,0.0000,-0.0005,-0.0001,-0.0008,0.0000,0.0000,0.0000,0.0000,0.0000,1.0000
19.4930,116.13,0.0000,0.0400,0.0000,-0.0005,-0.0001,-0.0008,0.0000,0.0000,0.0000,0.0000,0.0000,1.0000
19.5130,116.13,0.0000,0.0400,0.0000,-0.0005,-0.0001,-0.0008,0.0000,0.0000,0.0000,0.0000,0.0000,1.0000
19.5330,116.13,0.0000,0.0400,0.0000,-0.0005,-0.0001,-0.0008,0.0000,0.0000,0.0000,0.0000,0.0000,1.0000
19.5530,116.13,0.0000,0.0400,0.0000,-0.0005,-0.0001,-0.0008,0.0000,0.0000,0.0000,0.0000,0.0000,1.0000
19.5730,116.13,0.0000,0.0400,0.0000,-0.0005,-0.0001,-0.0008,0.0000,0.0000,0.0000,0.0000,0.0000,1.0000
19.5930,116.13,0.0000,0.0400,0.0000,-0.0005,-0.0001,-0.0008,0.0000,0.0000,0.0000,0.0000,0.0000,1.0000
19.6130,116.13,0.0000,0.0400,0.0000,-0.0005,-0.0001,-0.0008,0.0000,0.0000,0.0000,0.0000,0.0000,1.0000
19.6330,116.13,0.0000,0.0400,0.0000,-0.0005,-0.0001,-0.0008,0.0000,0.0000,0.0000,0.0000,0.0000,1.0000
19.6530,116.13,0.0000,0.0400,0.0000,-0.0005,-0.0001,-0.0008,0.0000,0.0000,0.0000,0.0000,0.0000,1.0000
19.6730,116.13,0.0000,0.0400,0.0000,-0.0005,-0.0001,-0.0008,0.0000,0.0000,0.0000,0.0000,0.0000,1.0000
19.6930,116.13,0.0000,0.0400,0.0000,-0.0005,-0.0001,-0.0008,0.0000,0.0000,0.0000,0.0000,0.0000,1.0000
19.7130,116.13,0.0000,0.0400,0.0000,-0.0005,-0.0001,-0.0008,0.0000,0.0000,0.0000,0.0000,0.0000,1.0000
19.7330,116.13,0.0000,0.0400,0.0000,-0.0005,-0.0001,-0.0008,0.0000,0.0000,0.0000,0.0000,0.0000,1.0000
19.7530,116.13,0.0000,0.0400,0.0000,-0.0005,-0.0001,-0.0008,0.0000,0.0000,0.0000,0.0000,0.0000,1.0000
19.7730,116.13,0.0000,0.0400,0.0000,-0.0005,-0.0001,-0.0008,0.0000,0.0000,0.0000,0.0000,0.0000,1.0000
19.7930,116.13,0.0000,0.0400,0.0000,-0.0005,-0.0001,-0.0008,0.0000,0.0000,0.0000,0.0000,0.0000,1.0000
19.8130,116.13,0.0000,0.0400,0.0000,-0.0005,-0.0001,-0.0008,0.0000,0.0000,0.0000,0.0000,0.0000,1.0000
19.8330,116.13,0.0000,0.0400,0.0000,-0.0005,-0.0001,-0.0008,0.0000,0.0000,0.0000,0.0000,0.0000,1.0000
19.8530,116.13,0.0000,0.0400,0.0000,-0.0005,-0.0001,-0.0008,0.0000,0.0000,0.0000,0.0000,0.0000,1.0000
19.8730,116.13,0.0000,0.0400,0.0000,-0.0005,-0.0001,-0.0008,0.0000,0.0000,0.0000,0.0000,0.0000,1.0000
19.8930,116.13,0.0000,0.0400,0.0000,-0.0005,-0.0001,-0.0008,0.0000,0.0000,0.0000,0.0000,0.0000,1.0000
19.9130,116.13,0.0000,0.0400,0.0000,-0.0005,-0.0001,-0.0008,0.0000,0.0000,0.0000,0.0000,0.0000,1.0000
19.9330,116.13,0.0000,0.0400,0.0000,-0.0005,-0.0001,-0.0008,0.0000,0.0000,0.0000,0.0000,0.0000,1.0000
19.9530,116.13,0.0000,0.0400,0.0000,-0.0005,-0.0001,-0.0008,0.0000,0.0000,0.0000,0.0000,0.0000,1.0000
19.9730,116.13,0.0000,0.0400,0.0000,-0.0005,-0.0001,-0.0008,0.0000,0.0000,0.0000,0.0000,0.0000,1.0000
19.9930,116.13,0.0000,0.0400,0.0000,-0.0005,-0.0001,-0.0008,0.0000,0.0000,0.0000,0.0000,0.0000,1.0000
20.0130,116.13,0.0000,0.0400,0.0000,-0.0005,-0.0001,-0.0008,0.0000,0.0000,0.0000,0.0000,0.0000,1.0000
20.0330,116.13,0.0000,0.0400,0.0000,-0.0005,-0.0001,-0.0008,0.0000,0.0000,0.0000,0.0000,0.0000,1.0000
20.0530,116.13,0.0000,0.0400,0.0000,-0.0005,-0.0001,-0.0008,0.0000,0.0000,0.0000,0.0000,0.0000,1.0000
20.0730,116.13,0.0000,0.0400,0.0000,-0.0005,-0.0001,-0.0008,0.0000,0.0000,0.0000,0.0000,0.0000,1.0000
20.0930,116.13,0.0000,0.0400,0.0000,-0.0005,-0.0001,-0.0008,0.0000,0.0000,0.0000,0.0000,0.0000,1.0000
20.1130,116.13,0.0000,0.0400,0.0000,-0.0005,-0.0001,-0.0008,0.0000,0.0000,0.0000,0.0000,0.0000,1.0000
20.1330,116.13,0.0000,0.0400,0.0000,-0.0005,-0.0001,-0.0008,0.0000,0.0000,0.0000,0.0000,0.0000,1.0000
20.1530,116.13,0.0000,0.0400,0.0000,-0.0005,-0.0001,-0.0008,0.0000,0.0000,0.0000,0.0000,0.0000,1.0000
20.1730,116.13,0.0000,0.0400,0.0000,-0.0005,-0.0001,-0.0008,0.0000,0.0000,0.0000,0.0000,0.0000,1.0000
20.1930,116.13,0.0000,0.0400,0.0000,-0.0005,-0.0001,-0.0008,0.0000,0.0000,0.0000,0.0000,0.0000,1.0000
20.2130,116.13,0.0000,0.0400,0.0000,-0.0005,-0.0001,-0.0008,0.0000,0.0000,0.0000,0.0000,0.0000,1.0000
20.2330,116.13,0.0000,0.0400,0.0000,-0.0005,-0.0001,-0.0008,0.0000,0.0000,0.0000,0.0000,0.0000,1.0000
20.2530,116.13,0.0000,0.0400,0.0000,-0.0005,-0.0001,-0.0008,0.0000,0.0000,0.0000,0.0000,0.0000,1.0000
20.2730,116.13,0.0000,0.0400,0.0000,-0.0005,-0.0001,-0.0008,0.0000,0.0000,0.0000,0.0000,0.0000,1.0000
20.2930,101.34,0.0000,0.0400,0.0000,-0.0005,-0.0001,-0.0008,0.0000,0.0000,0.0000,0.0000,0.0000,1.0000
20.3130,101.34,0.0000,0.0400,0.0000,-0.0005,-0.0001,-0.0008,0.0000,0.0000,0.0000,0.0000,0.0000,1.0000
20.3330,101.34,0.0000,0.0400,0.0000,-0.0005,-0.0001,-0.0008,0.0000,0.0000,0.0000,0.0000,0.0000,1.0000
20.3530,101.34,0.0000,0.0400,0.0000,-0.0005,-0.0001,-0.0008,0.0000,0.0000,0.0000,0.0000,0.0000,1.0000
20.3730,101.34,0.0000,0.0400,0.0000,-0.0005,-0.0001,-0.0008,0.0000,0.0000,0.0000,0.0000,0.0000,1.0000
20.3930,101.34,0.0000,0.0400,0.0000,-0.0005,-0.0001,-0.0008,0.0000,0.0000,0.0000,0.0000,0.0000,1.0000
20.4130,101.34,0.0000,0.0400,0.0000,-0.0005,-0.0001,-0.0008,0.0000,0.0000,0.0000,0.0000,0.0000,1.0000
20.4330,101.34,0.0000,0.0400,0.0000,-0.0005,-0.0001,-0.0008,0.0000,0.0000,0.0000,0.0000,0.0000,1.0000
20.4530,101.34,0.0000,0.0400,0.0000,-0.0005,-0.0001,-0.0008,0.0000,0.0000,0.0000,0.0000,0.0000,1.0000
20.4730,101.34,0.0000,0.0400,0.0000,-0.0005,-0.0001,-0.0008,0.0000,0.0000,0.0000,0.0000,0.0000,1.0000
20.4930,101.34,0.0000,0.0400,0.0000,-0.0005,-0.0001,-0.0008,0.0000,0.0000,0.0000,0.0000,0.0000,1.0000
20.5130,101.34,0.0000,0.0400,0.0000,-0.0005,-0.0001,-0.0008,0.0000,0.0000,0.0000,0.0000,0.0000,1.0000
20.5330,101.34,0.0000,0.0400,0.0000,-0.0005,-0.0001,-0.0008,0.0000,0.0000,0.0000,0.0000,0.0000,1.0000
20.5530,101.34,0.0000,0.0400,0.0000,-0.0005,-0.0001,-0.0008,0.0000,0.0000,0.0000,0.0000,0.0000,1.0000
20.5730,101.34,0.0000,0.0400,0.0000,-0.0005,-0.0001,-0.0008,0.0000,0.0000,0.0000,0.0000,0.0000,1.0000
20.5930,101.34,0.0000,0.0400,0.0000,-0.0005,-0.0001,-0.0008,0.0000,0.0000,0.0000,0.0000,0.0000,1.0000
20.6130,101.34,0.0000,0.0400,0.0000,-0.0005,-0.0001,-0.0008,0.0000,0.0000,0.0000,0.0000,0.0000,1.0000
20.6330,101.34,0.0000,0.0400,0.0000,-0.0005,-0.0001,-0.0008,0.0000,0.0000,0.0000,0.0000,0.0000,1.0000
20.6530,101.34,0.0000,0.0400,0.0000,-0.0005,-0.0001,-0.0008,0.0000,0.0000,0.0000,0.0000,0.0000,1.0000
20.6730,101.34,0.0000,0.0400,0.0000,-0.0005,-0.0001,-0.0008,0.0000,0.0000,0.0000,0.0000,0.0000,1.0000
20.6930,101.34,0.0000,0.0400,0.0000,-0.0005,-0.0001,-0.0008,0.0000,0.0000,0.0000,0.0000,0.0000,1.0000
20.7130,101.34,0.0000,0.0400,0.0000,-0.0005,-0.0001,-0.0008,0.0000,0.0000,0.0000,0.0000,0.0000,1.0000
20.7330,101.34,0.0000,0.0400,0.0000,-0.0005,-0.0001,-0.0008,0.0000,0.0000,0.0000,0.0000,0.0000,1.0000
20.7530,101.34,0.0000,0.0400,0.0000,-0.0005,-0.0001,-0.0008,0.0000,0.0000,0.0000,0.0000,0.0000,1.0000
20.7730,101.34,0.0000,0.0400,0.0000,-0.0005,-0.0001,-0.0008,0.0000,0.0000,0.0000,0.0000,0.0000,1.0000
20.7930,101.34,0.0000,0.0400,0.0000,-0.0005,-0.0001,-0.0008,0.0000,0.0000,0.0000,0.0000,0.0000,1.0000
20.8130,101.34,0.0000,0.0400,0.0000,-0.0005,-0.0001,-0.0008,0.0000,0.0000,0.0000,0.0000,0.0000,1.0000
20.8330,101.34,0.0000,0.0400,0.0000,-0.0005,-0.0001,-0.0008,0.0000,0.0000,0.0000,0.0000,0.0000,1.0000
20.8530,101.34,0.0000,0.0400,0.0000,-0.0005,-0.0001,-0.0008,0.0000,0.0000,0.0000,0.0000,0.0000,1.0000
20.8730,101.34,0.0000,0.0400,0.0000,-0.0005,-0.0001,-0.0008,0.0000,0.0000,0.0000,0.0000,0.0000,1.0000
20.8930,101.34,0.0000,0.0400,0.0000,-0.0005,-0.0001,-0.0008,0.0000,0.0000,0.0000,0.0000,0.0000,1.0000
20.9130,101.34,0.0000,0.0400,0.0000,-0.0005,-0.0001,-0.0008,0.0000,0.0000,0.0000,0.0000,0.0000,1.0000
20.9330,101.34,0.0000,0.0400,0.0000,-0.0005,-0.0001,-0.0008,0.0000,0.0000,0.0000,0.0000,0.0000,1.0000
20.9530,101.34,0.0000,0.0400,0.0000,-0.0005,-0.0001,-0.0008,0.0000,0.0000,0.0000,0.0000,0.0000,1.0000
20.9730,101.34,0.0000,0.0400,0.0000,-0.0005,-0.0001,-0.0008,0.0000,0.0000,0.0000,0.0000,0.0000,1.0000
20.9930,101.34,0.0000,0.0400,0.0000,-0.0005,-0.0001,-0.0008,0.0000,0.0000,0.0000,0.0000,0.0000,1.0000
21.0130,101.34,0.0000,0.0400,0.0000,-0.0005,-0.0001,-0.0008,0.0000,0.0000,0.0000,0.0000,0.0000,1.0000
21.0330,101.34,0.0000,0.0400,0.0000,-0.0005,-0.0001,-0.0008,0.0000,0.0000,0.0000,0.0000,0.0000,1.0000
21.0530,101.34,0.0000,0.0400,0.0000,-0.0005,-0.0001,-0.0008,0.0000,0.0000,0.0000,0.0000,0.0000,1.0000
21.0730,101.34,0.0000,0.0400,0.0000,-0.0005,-0.0001,-0.0008,0.0000,0.0000,0.0000,0.0000,0.0000,1.0000
21.0930,101.34,0.0000,0.0400,0.0000,-0.0005,-0.0001,-0.0008,0.0000,0.0000,0.0000,0.0000,0.0000,1.0000
21.1130,101.34,0.0000,0.0400,0.0000,-0.0005,-0.0001,-0.0008,0.0000,0.0000,0.0000,0.0000,0.0000,1.0000
21.1330,101.34,0.0000,0.0400,0.0000,-0.0005,-0.0001,-0.0008,0.0000,0.0000,0.0000,0.0000,0.0000,1.0000
21.1530,101.34,0.0000,0.0400,0.0000,-0.0005,-0.0001,-0.0008,0.0000,0.0000,0.0000,0.0000,0.0000,1.0000
21.1730,101.34,0.0000,0.0400,0.0000,-0.0005,-0.0001,-0.0008,0.0000,0.0000,0.0000,0.0000,0.0000,1.0000
21.1930,101.34,0.0000,0.0400,0.0000,-0.0005,-0.0001,-0.0008,0.0000,0.0000,0.0000,0.0000,0.0000,1.0000
21.2130,101.34,0.0000,0.0400,0.0000,-0.0005,-0.0001,-0.0008,0.0000,0.0000,0.0000,0.0000,0.0000,1.0000
21.2330,101.34,0.0000,0.0400,0.0000,-0.0005,-0.0001,-0.0008,0.0000,0.0000,0.0000,0.0000,0.0000,1.0000
21.2530,101.34,0.0000,0.0400,0.0000,-0.0005,-0.0001,-0.0008,0.0000,0.0000,0.0000,0.0000,0.0000,1.0000
21.2730,101.34,0.0000,0.0400,0.0000,-0.0005,-0.0001,-0.0008,0.0000,0.0000,0.0000,0.0000,0.0000,1.0000
21.2930,107.43,0.0000,0.0400,0.0000,-0.0005,-0.0001,-0.0008,0.0000,0.0000,0.0000,0.0000,0.0000,1.0000
21.3130,107.43,0.0000,0.0400,0.0000,-0.0005,-0.0001,-0.0008,0.0000,0.0000,0.0000,0.0000,0.0000,1.0000
21.3330,107.43,0.0000,0.0400,0.0000,-0.0005,-0.0001,-0.0008,0.0000,0.0000,0.0000,0.0000,0.0000,1.0000
21.3530,107.43,0.0000,0.0400,0.0000,-0.0005,-0.0001,-0.0008,0.0000,0.0000,0.0000,0.0000,0.0000,1.0000
21.3730,107.43,0.0000,0.0400,0.0000,-0.0005,-0.0001,-0.0008,0.0000,0.0000,0.0000,0.0000,0.0000,1.0000
21.3930,107.43,0.0000,0.0400,0.0000,-0.0005,-0.0001,-0.0008,0.0000,0.0000,0.0000,0.0000,0.0000,1.0000
21.4130,107.43,0.0000,0.0400,0.0000,-0.0005,-0.0001,-0.0008,0.0000,0.0000,0.0000,0.0000,0.0000,1.0000
21.4330,107.43,0.0000,0.0400,0.0000,-0.0005,-0.0001,-0.0008,0.0000,0.0000,0.0000,0.0000,0.0000,1.0000
21.4530,107.43,0.0000,0.0400,0.0000,-0.0005,-0.0001,-0.0008,0.0000,0.0000,0.0000,0.0000,0.0000,1.0000
21.4730,107.43,0.0000,0.0400,0.0000,-0.0005,-0.0001,-0.0008,0.0000,0.0000,0.0000,0.0000,0.0000,1.0000
21.4930,107.43,0.0000,0.0400,0.0000,-0.0005,-0.0001,-0.0008,0.0000,0.0000,0.0000,0.0000,0.0000,1.0000
21.5130,107.43,0.0000,0.0400,0.0000,-0.0005,-0.0001,-0.0008,0.0000,0.0000,0.0000,0.0000,0.0000,1.0000
21.5330,107.43,0.0000,0.0400,0.0000,-0.0005,-0.0001,-0.0008,0.0000,0.0000,0.0000,0.0000,0.0000,1.0000
21.5530,107.43,0.0000,0.0400,0.0000,-0.0005,-0.0001,-0.0008,0.0000,0.0000,0.0000,0.0000,0.0000,1.0000
21.5730,107.43,0.0000,0.0400,0.0000,-0.0005,-0.0001,-0.0008,0.0000,0.0000,0.0000,0.0000,0.0000,1.0000
21.5930,107.43,0.0000,0.0400,0.0000,-0.0005,-0.0001,-0.0008,0.0000,0.0000,0.0000,0.0000,0.0000,1.0000
21.6130,107.43,0.0000,0.0400,0.0000,-0.0005,-0.0001,-0.0008,0.0000,0.0000,0.0000,0.0000,0.0000,1.0000
21.6330,107.43,0.0000,0.0400,0.0000,-0.0005,-0.0001,-0.0008,0.0000,0.0000,0.0000,0.0000,0.0000,1.0000
21.6530,107.43,0.0000,0.0400,0.0000,-0.0005,-0.0001,-0.0008,0.0000,0.0000,0.0000,0.0000,0.0000,1.0000
21.6730,107.43,0.0000,0.0400,0.0000,-0.0005,-0.0001,-0.0008,0.0000,0.0000,0.0000,0.0000,0.0000,1.0000
21.6930,107.43,0.0000,0.0400,0.0000,-0.0005,-0.0001,-0.0008,0.0000,0.0000,0.0000,0.0000,0.0000,1.0000
21.7130,107.43,0.0000,0.0400,0.0000,-0.0005,-0.0001,-0.0008,0.0000,0.0000,0.0000,0.0000,0.0000,1.0000
21.7330,107.43,0.0000,0.0400,0.0000,-0.0005,-0.0001,-0.0008,0.0000,0.0000,0.0000,0.0000,0.0000,1.0000
21.7530,107.43,0.0000,0.0400,0.0000,-0.0005,-0.0001,-0.0008,0.0000,0.0000,0.0000,0.0000,0.0000,1.0000
21.7730,107.43,0.0000,0.0400,0.0000,-0.0005,-0.0001,-0.0008,0.0000,0.0000,0.0000,0.0000,0.0000,1.0000
21.7930,107.43,0.0000,0.0400,0.0000,-0.0005,-0.0001,-0.0008,0.0000,0.0000,0.0000,0.0000,0.0000,1.0000
21.8130,107.43,0.0000,0.0400,0.0000,-0.0005,-0.0001,-0.0008,0.0000,0.0000,0.0000,0.0000,0.0000,1.0000
21.8330,107.43,0.0000,0.0400,0.0000,-0.0005,-0.0001,-0.0008,0.0000,0.0000,0.0000,0.0000,0.0000,1.0000
21.8530,107.43,0.0000,0.0400,0.0000,-0.0005,-0.0001,-0.0008,0.0000,0.0000,0.0000,0.0000,0.0000,1.0000
21.8730,107.43,0.0000,0.0400,0.0000,-0.0005,-0.0001,-0.0008,0.0000,0.0000,0.0000,0.0000,0.0000,1.0000
21.8930,107.43,0.0000,0.0400,0.0000,-0.0005,-0.0001,-0.0008,0.0000,0.0000,0.0000,0.0000,0.0000,1.0000
21.9130,107.43,0.0000,0.0400,0.0000,-0.0005,-0.0001,-0.0008,0.0000,0.0000,0.0000,0.0000,0.0000,1.0000
21.9330,107.43,0.0000,0.0400,0.0000,-0.0005,-0.0001,-0.0008,0.0000,0.0000,0.0000,0.0000,0.0000,1.0000
21.9530,107.43,0.0000,0.0400,0.0000,-0.0005,-0.0001,-0.0008,0.0000,0.0000,0.0000,0.0000,0.0000,1.0000
21.9730,107.43,0.0000,0.0400,0.0000,-0.0005,-0.0001,-0.0008,0.0000,0.0000,0.0000,0.0000,0.0000,1.0000
21.9930,107.43,0.0000,0.0400,0.0000,-0.0005,-0.0001,-0.0008,0.0000,0.0000,0.0000,0.0000,0.0000,1.0000
22.0130,107.43,0.0000,0.0400,0.0000,-0.0005,-0.0001,-0.0008,0.0000,0.0000,0.0000,0.0000,0.0000,1.0000
22.0330,107.43,0.0000,0.0400,0.0000,-0.0005,-0.0001,-0.0008,0.0000,0.0000,0.0000,0.0000,0.0000,1.0000
22.0530,107.43,0.0000,0.0400,0.0000,-0.0005,-0.0001,-0.0008,0.0000,0.0000,0.0000,0.0000,0.0000,1.0000
22.0730,107.43,0.0000,0.0400,0.0000,-0.0005,-0.0001,-0.0008,0.0000,0.0000,0.0000,0.0000,0.0000,1.0000
22.0930,107.43,0.0000,0.0400,0.0000,-0.0005,-0.0001,-0.0008,0.0000,0.0000,0.0000,0.0000,0.0000,1.0000
22.1130,107.43,0.0000,0.0400,0.0000,-0.0005,-0.0001,-0.0008,0.0000,0.0000,0.0000,0.0000,0.0000,1.0000
22.1330,107.43,0.0000,0.0400,0.0000,-0.0005,-0.0001,-0.0008,0.0000,0.0000,0.0000,0.0000,0.0000,1.0000
22.1530,107.43,0.0000,0.0400,0.0000,-0.0005,-0.0001,-0.0008,0.0000,0.0000,0.0000,0.0000,0.0000,1.0000
22.1730,107.43,0.0000,0.0400,0.0000,-0.0005,-0.0001,-0.0008,0.0000,0.0000,0.0000,0.0000,0.0000,1.0000
22.1930,107.43,0.0000,0.0400,0.0000,-0.0005,-0.0001,-0.0008,0.0000,0.0000,0.0000,0.0000,0.0000,1.0000
22.2130,107.43,0.0000,0.0400,0.0000,-0.0005,-0.0001,-0.0008,0.0000,0.0000,0.0000,0.0000,0.0000,1.0000
22.2330,107.43,0.0000,0.0400,0.0000,-0.0005,-0.0001,-0.0008,0.0000,0.0000,0.0000,0.0000,0.0000,1.0000
22.2530,107.43,0.0000,0.0400,0.0000,-0.0005,-0.0001,-0.0008,0.0000,0.0000,0.0000,0.0000,0.0000,1.0000
22.2730,107.43,0.0000,0.0400,0.0000,-0.0005,-0.0001,-0.0008,0.0000,0.0000,0.0000,0.0000,0.0000,1.0000
22.2930,103.80,0.0000,0.0400,0.0000,-0.0005,-0.0001,-0.0008,0.0000,0.0000,0.0000,0.0000,0.0000,1.0000
22.3130,103.80,0.0000,0.0400,0.0000,-0.0005,-0.0001,-0.0008,0.0000,0.0000,0.0000,0.0000,0.0000,1.0000
22.3330,103.80,0.0000,0.0400,0.0000,-0.0005,-0.0001,-0.0008,0.0000,0.0000,0.0000,0.0000,0.0000,1.0000
22.3530,103.80,0.0000,0.0400,0.0000,-0.0005,-0.0001,-0.0008,0.0000,0.0000,0.0000,0.0000,0.0000,1.0000
22.3730,103.80,0.0000,0.0400,0.0000,-0.0005,-0.0001,-0.0008,0.0000,0.0000,0.0000,0.0000,0.0000,1.0000
22.3930,103.80,0.0000,0.0400,0.0000,-0.0005,-0.0001,-0.0008,0.0000,0.0000,0.0000,0.0000,0.0000,1.0000
22.4130,103.80,0.0000,0.0400,0.0000,-0.0005,-0.0001,-0.0008,0.0000,0.0000,0.0000,0.0000,0.0000,1.0000
22.4330,103.80,0.0000,0.0400,0.0000,-0.0005,-0.0001,-0.0008,0.0000,0.0000,0.0000,0.0000,0.0000,1.0000
22.4530,103.80,0.0000,0.0400,0.0000,-0.0005,-0.0001,-0.0008,0.0000,0.0000,0.0000,0.0000,0.0000,1.0000
22.4730,103.80,0.0000,0.0400,0.0000,-0.0005,-0.0001,-0.0008,0.0000,0.0000,0.0000,0.0000,0.0000,1.0000
22.4930,103.80,0.0000,0.0400,0.0000,-0.0005,-0.0001,-0.0008,0.0000,0.0000,0.0000,0.0000,0.0000,1.0000
22.5130,103.80,0.0000,0.0400,0.0000,-0.0005,-0.0001,-0.0008,0.0000,0.0000,0.0000,0.0000,0.0000,1.0000
22.5330,103.80,0.0000,0.0400,0.0000,-0.0005,-0.0001,-0.0008,0.0000,0.0000,0.0000,0.0000,0.0000,1.0000
22.5530,103.80,0.0000,0.0400,0.0000,-0.0005,-0.0001,-0.0008,0.0000,0.0000,0.0000,0.0000,0.0000,1.0000
22.5730,103.80,0.0000,0.0400,0.0000,-0.0005,-0.0001,-0.0008,0.0000,0.0000,0.0000,0.0000,0.0000,1.0000
22.5930,103.80,0.0000,0.0400,0.0000,-0.0005,-0.0001,-0.0008,0.0000,0.0000,0.0000,0.0000,0.0000,1.0000
22.6130,103.80,0.0000,0.0400,0.0000,-0.0005,-0.0001,-0.0008,0.0000,0.0000,0.0000,0.0000,0.0000,1.0000
22.6330,103.80,0.0000,0.0400,0.0000,-0.0005,-0.0001,-0.0008,0.0000,0.0000,0.0000,0.0000,0.0000,1.0000
22.6530,103.80,0.0000,0.0400,0.0000,-0.0005,-0.0001,-0.0008,0.0000,0.0000,0.0000,0.0000,0.0000,1.0000
22.6730,103.80,0.0000,0.0400,0.0000,-0.0005,-0.0001,-0.0008,0.0000,0.0000,0.0000,0.0000,0.0000,1.0000
22.6930,103.80,0.0000,0.0400,0.0000,-0.0005,-0.0001,-0.0008,0.0000,0.0000,0.0000,0.0000,0.0000,1.0000
22.7130,103.80,0.0000,0.0400,0.0000,-0.0005,-0.0001,-0.0008,0.0000,0.0000,0.0000,0.0000,0.0000,1.0000
22.7330,103.80,0.0000,0.0400,0.0000,-0.0005,-0.0001,-0.0008,0.0000,0.0000,0.0000,0.0000,0.0000,1.0000
22.7530,103.80,0.0000,0.0400,0.0000,-0.0005,-0.0001,-0.0008,0.0000,0.0000,0.0000,0.0000,0.0000,1.0000
22.7730,103.80,0.0000,0.0400,0.0000,-0.0005,-0.0001,-0.0008,0.0000,0.0000,0.0000,0.0000,0.0000,1.0000
22.7930,103.80,0.0000,0.0400,0.0000,-0.0005,-0.0001,-0.0008,0.0000,0.0000,0.0000,0.0000,0.0000,1.0000
22.8130,103.80,0.0000,0.0400,0.0000,-0.0005,-0.0001,-0.0008,0.0000,0.0000,0.0000,0.0000,0.0000,1.0000
22.8330,103.80,0.0000,0.0400,0.0000,-0.0005,-0.0001,-0.0008,0.0000,0.0000,0.0000,0.0000,0.0000,1.0000
22.8530,103.80,0.0000,0.0400,0.0000,-0.0005,-0.0001,-0.0008,0.0000,0.0000,0.0000,0.0000,0.0000,1.0000
22.8730,103.80,0.0000,0.0400,0.0000,-0.0005,-0.0001,-0.0008,0.0000,0.0000,0.0000,0.0000,0.0000,1.0000
22.8930,103.80,0.0000,0.0400,0.0000,-0.0005,-0.0001,-0.0008,0.0000,0.0000,0.0000,0.0000,0.0000,1.0000
22.9130,103.80,0.0000,0.0400,0.0000,-0.0005,-0.0001,-0.0008,0.0000,0.0000,0.0000,0.0000,0.0000,1.0000
22.9330,103.80,0.0000,0.0400,0.0000,-0.0005,-0.0001,-0.0008,0.0000,0.0000,0.0000,0.0000,0.0000,1.0000
22.9530,103.80,0.0000,0.0400,0.0000,-0.0005,-0.0001,-0.0008,0.0000,0.0000,0.0000,0.0000,0.0000,1.0000
22.9730,103.80,0.0000,0.0400,0.0000,-0.0005,-0.0001,-0.0008,0.0000,0.0000,0.0000,0.0000,0.0000,1.0000
22.9930,103.80,0.0000,0.0400,0.0000,-0.0005,-0.0001,-0.0008,0.0000,0.0000,0.0000,0.0000,0.0000,1.0000
23.0130,103.80,0.0000,0.0400,0.0000,-0.0005,-0.0001,-0.0008,0.0000,0.0000,0.0000,0.0000,0.0000,1.0000
23.0330,103.80,0.0000,0.0400,0.0000,-0.0005,-0.0001,-0.0008,0.0000,0.0000,0.0000,0.0000,0.0000,1.0000
23.0530,103.80,0.0000,0.0400,0.0000,-0.0005,-0.0001,-0.0008,0.0000,0.0000,0.0000,0.0000,0.0000,1.0000
23.0730,103.80,0.0000,0.0400,0.0000,-0.0005,-0.0001,-0.0008,0.0000,0.0000,0.0000,0.0000,0.0000,1.0000
23.0930,103.80,0.0000,0.0400,0.0000,-0.0005,-0.0001,-0.0008,0.0000,0.0000,0.0000,0.0000,0.0000,1.0000
23.1130,103.80,0.0000,0.0400,0.0000,-0.0005,-0.0001,-0.0008,0.0000,0.0000,0.0000,0.0000,0.0000,1.0000
23.1330,103.80,0.0000,0.0400,0.0000,-0.0005,-0.0001,-0.0008,0.0000,0.0000,0.0000,0.0000,0.0000,1.0000
23.1530,103.80,0.0000,0.0400,0.0000,-0.0005,-0.0001,-0.0008,0.0000,0.0000,0.0000,0.0000,0.0000,1.0000
23.1730,103.80,0.0000,0.0400,0.0000,-0.0005,-0.0001,-0.0008,0.0000,0.0000,0.0000,0.0000,0.0000,1.0000
23.1930,103.80,0.0000,0.0400,0.0000,-0.0005,-0.0001,-0.0008,0.0000,0.0000,0.0000,0.0000,0.0000,1.0000
23.2130,103.80,0.0000,0.0400,0.0000,-0.0005,-0.0001,-0.0008,0.0000,0.0000,0.0000,0.0000,0.0000,1.0000
23.2330,103.80,0.0000,0.0400,0.0000,-0.0005,-0.0001,-0.0008,0.0000,0.0000,0.0000,0.0000,0.0000,1.0000
23.2530,103.80,0.0000,0.0400,0.0000,-0.0005,-0.0001,-0.0008,0.0000,0.0000,0.0000,0.0000,0.0000,1.0000
23.2730,103.80,0.0000,0.0400,0.0000,-0.0005,-0.0001,-0.0008,0.0000,0.0000,0.0000,0.0000,0.0000,1.0000
23.2930,103.80,0.0000,0.0400,0.0000,-0.0005,-0.0001,-0.0008,0.0000,0.0000,0.0000,0.0000,0.0000,1.0000
23.3130,117.47,0.0000,0.0400,0.0000,-0.0005,-0.0001,-0.0008,0.0000,0.0000,0.0000,0.0000,0.0000,1.0000
23.3330,117.47,0.0000,0.0400,0.0000,-0.0005,-0.0001,-0.0008,0.0000,0.0000,0.0000,0.0000,0.0000,1.0000
23.3530,117.47,0.0000,0.0400,0.0000,-0.0005,-0.0001,-0.0008,0.0000,0.0000,0.0000,0.0000,0.0000,1.0000
23.3730,117.47,0.0000,0.0400,0.0000,-0.0005,-0.0001,-0.0008,0.0000,0.0000,0.0000,0.0000,0.0000,1.0000
23.3930,117.47,0.0000,0.0400,0.0000,-0.0005,-0.0001,-0.0008,0.0000,0.0000,0.0000,0.0000,0.0000,1.0000
23.4130,117.47,0.0000,0.0400,0.0000,-0.0005,-0.0001,-0.0008,0.0000,0.0000,0.0000,0.0000,0.0000,1.0000
23.4330,117.47,0.0000,0.0400,0.0000,-0.0005,-0.0001,-0.0008,0.0000,0.0000,0.0000,0.0000,0.0000,1.0000
23.4530,117.47,0.0000,0.0400,0.0000,-0.0005,-0.0001,-0.0008,0.0000,0.0000,0.0000,0.0000,0.0000,1.0000
23.4730,117.47,0.0000,0.0400,0.0000,-0.0005,-0.0001,-0.0008,0.0000,0.0000,0.0000,0.0000,0.0000,1.0000
23.4930,117.47,0.0000,0.0400,0.0000,-0.0005,-0.0001,-0.0008,0.0000,0.0000,0.0000,0.0000,0.0000,1.0000
23.5130,117.47,0.0000,0.0400,0.0000,-0.0005,-0.0001,-0.0008,0.0000,0.0000,0.0000,0.0000,0.0000,1.0000
23.5330,117.47,0.0000,0.0400,0.0000,-0.0005,-0.0001,-0.0008,0.0000,0.0000,0.0000,0.0000,0.0000,1.0000
23.5530,117.47,0.0000,0.0400,0.0000,-0.0005,-0.0001,-0.0008,0.0000,0.0000,0.0000,0.0000,0.0000,1.0000
23.5730,117.47,0.0000,0.0400,0.0000,-0.0005,-0.0001,-0.0008,0.0000,0.0000,0.0000,0.0000,0.0000,1.0000
23.5930,117.47,0.0000,0.0400,0.0000,-0.0005,-0.0001,-0.0008,0.0000,0.0000,0.0000,0.0000,0.0000,1.0000
23.6130,117.47,0.0000,0.0400,0.0000,-0.0005,-0.0001,-0.0008,0.0000,0.0000,0.0000,0.0000,0.0000,1.0000
23.6330,117.47,0.0000,0.0400,0.0000,-0.0005,-0.0001,-0.0008,0.0000,0.0000,0.0000,0.0000,0.0000,1.0000
23.6530,117.47,0.0000,0.0400,0.0000,-0.0005,-0.0001,-0.0008,0.0000,0.0000,0.0000,0.0000,0.0000,1.0000
23.6730,117.47,0.0000,0.0400,0.0000,-0.0005,-0.0001,-0.0008,0.0000,0.0000,0.0000,0.0000,0.0000,1.0000
23.6930,117.47,0.0000,0.0400,0.0000,-0.0005,-0.0001,-0.0008,0.0000,0.0000,0.0000,0.0000,0.0000,1.0000
23.7130,117.47,0.0000,0.0400,0.0000,-0.0005,-0.0001,-0.0008,0.0000,0.0000,0.0000,0.0000,0.0000,1.0000
23.7330,117.47,0.0000,0.0400,0.0000,-0.0005,-0.0001,-0.0008,0.0000,0.0000,0.0000,0.0000,0.0000,1.0000
23.7530,117.47,0.0000,0.0400,0.0000,-0.0005,-0.0001,-0.0008,0.0000,0.0000,0.0000,0.0000,0.0000,1.0000
23.7730,117.47,0.0000,0.0400,0.0000,-0.0005,-0.0001,-0.0008,0.0000,0.0000,0.0000,0.0000,0.0000,1.0000
23.7930,117.47,0.0000,0.0400,0.0000,-0.0005,-0.0001,-0.0008,0.0000,0.0000,0.0000,0.0000,0.0000,1.0000
23.8130,117.47,0.0000,0.0400,0.0000,-0.0005,-0.0001,-0.0008,0.0000,0.0000,0.0000,0.0000,0.0000,1.0000
23.8330,117.47,0.0000,0.0400,0.0000,-0.0005,-0.0001,-0.0008,0.0000,0.0000,0.0000,0.0000,0.0000,1.0000
23.8530,117.47,0.0000,0.0400,0.0000,-0.0005,-0.0001,-0.0008,0.0000,0.0000,0.0000,0.0000,0.0000,1.0000
23.8730,117.47,0.0000,0.0400,0.0000,-0.0005,-0.0001,-0.0008,0.0000,0.0000,0.0000,0.0000,0.0000,1.0000
23.8930,117.47,0.0000,0.0400,0.0000,-0.0005,-0.0001,-0.0008,0.0000,0.0000,0.0000,0.0000,0.0000,1.0000
23.9130,117.47,0.0000,0.0400,0.0000,-0.0005,-0.0001,-0.0008,0.0000,0.0000,0.0000,0.0000,0.0000,1.0000
23.9330,117.47,0.0000,0.0400,0.0000,-0.0005,-0.0001,-0.0008,0.0000,0.0000,0.0000,0.0000,0.0000,1.0000
23.9530,117.47,0.0000,0.0400,0.0000,-0.0005,-0.0001,-0.0008,0.0000,0.0000,0.0000,0.0000,0.0000,1.0000
23.9730,117.47,0.0000,0.0400,0.0000,-0.0005,-0.0001,-0.0008,0.0000,0.0000,0.0000,0.0000,0.0000,1.0000
23.9930,117.47,0.0000,0.0400,0.0000,-0.0005,-0.0001,-0.0008,0.0000,0.0000,0.0000,0.0000,0.0000,1.0000
24.0130,117.47,0.0000,0.0400,0.0000,-0.0005,-0.0001,-0.0008,0.0000,0.0000,0.0000,0.0000,0.0000,1.0000
24.0330,117.47,0.0000,0.0400,0.0000,-0.0005,-0.0001,-0.0008,0.0000,0.0000,0.0000,0.0000,0.0000,1.0000
24.0530,117.47,0.0000,0.0400,0.0000,-0.0005,-0.0001,-0.0008,0.0000,0.0000,0.0000,0.0000,0.0000,1.0000
24.0730,117.47,0.0000,0.0400,0.0000,-0.0005,-0.0001,-0.0008,0.0000,0.0000,0.0000,0.0000,0.0000,1.0000
24.0930,117.47,0.0000,0.0400,0.0000,-0.0005,-0.0001,-0.0008,0.0000,0.0000,0.0000,0.0000,0.0000,1.0000
24.1130,117.47,0.0000,0.0400,0.0000,-0.0005,-0.0001,-0.0008,0.0000,0.0000,0.0000,0.0000,0.0000,1.0000
24.1330,117.47,0.0000,0.0400,0.0000,-0.0005,-0.0001,-0.0008,0.0000,0.0000,0.0000,0.0000,0.0000,1.0000
24.1530,117.47,0.0000,0.0400,0.0000,-0.0005,-0.0001,-0.0008,0.0000,0.0000,0.0000,0.0000,0.0000,1.0000
24.1730,117.47,0.0000,0.0400,0.0000,-0.0005,-0.0001,-0.0008,0.0000,0.0000,0.0000,0.0000,0.0000,1.0000
24.1930,117.47,0.0000,0.0400,0.0000,-0.0005,-0.0001,-0.0008,0.0000,0.0000,0.0000,0.0000,0.0000,1.0000
24.2130,117.47,0.0000,0.0400,0.0000,-0.0005,-0.0001,-0.0008,0.0000,0.0000,0.0000,0.0000,0.0000,1.0000
24.2330,117.47,0.0000,0.0400,0.0000,-0.0005,-0.0001,-0.0008,0.0000,0.0000,0.0000,0.0000,0.0000,1.0000
24.2530,117.47,0.0000,0.0400,0.0000,-0.0005,-0.0001,-0.0008,0.0000,0.0000,0.0000,0.0000,0.0000,1.0000
24.2730,117.47,0.0000,0.0400,0.0000,-0.0005,-0.0001,-0.0008,0.0000,0.0000,0.0000,0.0000,0.0000,1.0000
24.2930,117.47,0.0000,0.0400,0.0000,-0.0005,-0.0001,-0.0008,0.0000,0.0000,0.0000,0.0000,0.0000,1.0000
24.3130,120.05,0.0000,0.0400,0.0000,-0.0005,-0.0001,-0.0008,0.0000,0.0000,0.0000,0.0000,0.0000,1.0000
24.3330,120.05,0.0000,0.0400,0.0000,-0.0005,-0.0001,-0.0008,0.0000,0.0000,0.0000,0.0000,0.0000,1.0000
24.3530,120.05,0.0000,0.0400,0.0000,-0.0005,-0.0001,-0.0008,0.0000,0.0000,0.0000,0.0000,0.0000,1.0000
24.3730,120.05,0.0000,0.0400,0.0000,-0.0005,-0.0001,-0.0008,0.0000,0.0000,0.0000,0.0000,0.0000,1.0000
24.3930,120.05,0.0000,0.0400,0.0000,-0.0005,-0.0001,-0.0008,0.0000,0.0000,0.0000,0.0000,0.0000,1.0000
24.4130,120.05,0.0000,0.0400,0.0000,-0.0005,-0.0001,-0.0008,0.0000,0.0000,0.0000,0.0000,0.0000,1.0000
24.4330,120.05,0.0000,0.0400,0.0000,-0.0005,-0.0001,-0.0008,0.0000,0.0000,0.0000,0.0000,0.0000,1.0000
24.4530,120.05,0.0000,0.0400,0.0000,-0.0005,-0.0001,-0.0008,0.0000,0.0000,0.0000,0.0000,0.0000,1.0000
24.4730,120.05,0.0000,0.0400,0.0000,-0.0005,-0.0001,-0.0008,0.0000,0.0000,0.0000,0.0000,0.0000,1.0000
24.4930,120.05,0.0000,0.0400,0.0000,-0.0005,-0.0001,-0.0008,0.0000,0.0000,0.0000,0.0000,0.0000,1.0000
24.5130,120.05,0.0000,0.0400,0.0000,-0.0005,-0.0001,-0.0008,0.0000,0.0000,0.0000,0.0000,0.0000,1.0000
24.5330,120.05,0.0000,0.0400,0.0000,-0.0005,-0.0001,-0.0008,0.0000,0.0000,0.0000,0.0000,0.0000,1.0000
24.5530,120.05,0.0000,0.0400,0.0000,-0.0005,-0.0001,-0.0008,0.0000,0.0000,0.0000,0.0000,0.0000,1.0000
24.5730,120.05,0.0000,0.0400,0.0000,-0.0005,-0.0001,-0.0008,0.0000,0.0000,0.0000,0.0000,0.0000,1.0000
24.5930,120.05,0.0000,0.0400,0.0000,-0.0005,-0.0001,-0.0008,0.0000,0.0000,0.0000,0.0000,0.0000,1.0000
24.6130,120.05,0.0000,0.0400,0.0000,-0.0005,-0.0001,-0.0008,0.0000,0.0000,0.0000,0.0000,0.0000,1.0000
24.6330,120.05,0.0000,0.0400,0.0000,-0.0005,-0.0001,-0.0008,0.0000,0.0000,0.0000,0.0000,0.0000,1.0000
24.6530,120.05,0.0000,0.0400,0.0000,-0.0005,-0.0001,-0.0008,0.0000,0.0000,0.0000,0.0000,0.0000,1.0000
24.6730,120.05,0.0000,0.0400,0.0000,-0.0005,-0.0001,-0.0008,0.0000,0.0000,0.0000,0.0000,0.0000,1.0000
24.6930,120.05,0.0000,0.0400,0.0000,-0.0005,-0.0001,-0.0008,0.0000,0.0000,0.0000,0.0000,0.0000,1.0000
24.7130,120.05,0.0000,0.0400,0.0000,-0.0005,-0.0001,-0.0008,0.0000,0.0000,0.0000,0.0000,0.0000,1.0000
24.7330,120.05,0.0000,0.0400,0.0000,-0.0005,-0.0001,-0.0008,0.0000,0.0000,0.0000,0.0000,0.0000,1.0000
24.7530,120.05,0.0000,0.0400,0.0000,-0.0005,-0.0001,-0.0008,0.0000,0.0000,0.0000,0.0000,0.0000,1.0000
24.7730,120.05,0.0000,0.0400,0.0000,-0.0005,-0.0001,-0.0008,0.0000,0.0000,0.0000,0.0000,0.0000,1.0000
24.7930,120.05,0.0000,0.0400,0.0000,-0.0005,-0.0001,-0.0008,0.0000,0.0000,0.0000,0.0000,0.0000,1.0000
24.8130,120.05,0.0000,0.0400,0.0000,-0.0005,-0.0001,-0.0008,0.0000,0.0000,0.0000,0.0000,0.0000,1.0000
24.8330,120.05,0.0000,0.0400,0.0000,-0.0005,-0.0001,-0.0008,0.0000,0.0000,0.0000,0.0000,0.0000,1.0000
24.8530,120.05,0.0000,0.0400,0.0000,-0.0005,-0.0001,-0.0008,0.0000,0.0000,0.0000,0.0000,0.0000,1.0000
24.8730,120.05,0.0000,0.0400,0.0000,-0.0005,-0.0001,-0.0008,0.0000,0.0000,0.0000,0.0000,0.0000,1.0000
24.8930,120.05,0.0000,0.0400,0.0000,-0.0005,-0.0001,-0.0008,0.0000,0.0000,0.0000,0.0000,0.0000,1.0000
24.9130,120.05,0.0000,0.0400,0.0000,-0.0005,-0.0001,-0.0008,0.0000,0.0000,0.0000,0.0000,0.0000,1.0000
24.9330,120.05,0.0000,0.0400,0.0000,-0.0005,-0.0001,-0.0008,0.0000,0.0000,0.0000,0.0000,0.0000,1.0000
24.9530,120.05,0.0000,0.0400,0.0000,-0.0005,-0.0001,-0.0008,0.0000,0.0000,0.0000,0.0000,0.0000,1.0000
24.9730,120.05,0.0000,0.0400,0.0000,-0.0005,-0.0001,-0.0008,0.0000,0.0000,0.0000,0.0000,0.0000,1.0000
24.9930,120.05,0.0000,0.0400,0.0000,-0.0005,-0.0001,-0.0008,0.0000,0.0000,0.0000,0.0000,0.0000,1.0000
25.0130,120.05,0.0000,0.0400,0.0000,-0.0005,-0.0001,-0.0008,0.0000,0.0000,0.0000,0.0000,0.0000,1.0000
25.0330,120.05,0.0000,0.0400,0.0000,-0.0005,-0.0001,-0.0008,0.0000,0.0000,0.0000,0.0000,0.0000,1.0000
25.0530,120.05,0.0000,0.0400,0.0000,-0.0005,-0.0001,-0.0008,0.0000,0.0000,0.0000,0.0000,0.0000,1.0000
25.0730,120.05,0.0000,0.0400,0.0000,-0.0005,-0.0001,-0.0008,0.0000,0.0000,0.0000,0.0000,0.0000,1.0000
25.0930,120.05,0.0000,0.0400,0.0000,-0.0005,-0.0001,-0.0008,0.0000,0.0000,0.0000,0.0000,0.0000,1.0000
25.1130,120.05,0.0000,0.0400,0.0000,-0.0005,-0.0001,-0.0008,0.0000,0.0000,0.0000,0.0000,0.0000,1.0000
25.1330,120.05,0.0000,0.0400,0.0000,-0.0005,-0.0001,-0.0008,0.0000,0.0000,0.0000,0.0000,0.0000,1.0000
25.1530,120.05,0.0000,0.0400,0.0000,-0.0005,-0.0001,-0.0008,0.0000,0.0000,0.0000,0.0000,0.0000,1.0000
25.1730,120.05,0.0000,0.0400,0.0000,-0.0005,-0.0001,-0.0008,0.0000,0.0000,0.0000,0.0000,0.0000,1.0000
25.1930,120.05,0.0000,0.0400,0.0000,-0.0005,-0.0001,-0.0008,0.0000,0.0000,0.0000,0.0000,0.0000,1.0000
25.2130,120.05,0.0000,0.0400,0.0000,-0.0005,-0.0001,-0.0008,0.0000,0.0000,0.0000,0.0000,0.0000,1.0000
25.2330,120.05,0.0000,0.0400,0.0000,-0.0005,-0.0001,-0.0008,0.0000,0.0000,0.0000,0.0000,0.0000,1.0000
25.2530,120.05,0.0000,0.0400,0.0000,-0.0005,-0.0001,-0.0008,0.0000,0.0000,0.0000,0.0000,0.0000,1.0000
25.2730,120.05,0.0000,0.0400,0.0000,-0.0005,-0.0001,-0.0008,0.0000,0.0000,0.0000,0.0000,0.0000,1.0000
25.2930,120.05,0.0000,0.0400,0.0000,-0.0005,-0.0001,-0.0008,0.0000,0.0000,0.0000,0.0000,0.0000,1.0000
25.3130,114.14,0.0000,0.0400,0.0000,-0.0005,-0.0001,-0.0008,0.0000,0.0000,0.0000,0.0000,0.0000,1.0000
25.3330,114.14,0.0000,0.0400,0.0000,-0.0005,-0.0001,-0.0008,0.0000,0.0000,0.0000,0.0000,0.0000,1.0000
25.3530,114.14,0.0000,0.0400,0.0000,-0.0005,-0.0001,-0.0008,0.0000,0.0000,0.0000,0.0000,0.0000,1.0000
25.3730,114.14,0.0000,0.0400,0.0000,-0.0005,-0.0001,-0.0008,0.0000,0.0000,0.0000,0.0000,0.0000,1.0000
25.3930,114.14,0.0000,0.0400,0.0000,-0.0005,-0.0001,-0.0008,0.0000,0.0000,0.0000,0.0000,0.0000,1.0000
25.4130,114.14,0.0000,0.0400,0.0000,-0.0005,-0.0001,-0.0008,0.0000,0.0000,0.0000,0.0000,0.0000,1.0000
25.4330,114.14,0.0000,0.0400,0.0000,-0.0005,-0.0001,-0.0008,0.0000,0.0000,0.0000,0.0000,0.0000,1.0000
25.4530,114.14,0.0000,0.0400,0.0000,-0.0005,-0.0001,-0.0008,0.0000,0.0000,0.0000,0.0000,0.0000,1.0000
25.4730,114.14,0.0000,0.0400,0.0000,-0.0005,-0.0001,-0.0008,0.0000,0.0000,0.0000,0.0000,0.0000,1.0000
25.4930,114.14,0.0000,0.0400,0.0000,-0.0005,-0.0001,-0.0008,0.0000,0.0000,0.0000,0.0000,0.0000,1.0000
25.5130,114.14,0.0000,0.0400,0.0000,-0.0005,-0.0001,-0.0008,0.0000,0.0000,0.0000,0.0000,0.0000,1.0000
25.5330,114.14,0.0000,0.0400,0.0000,-0.0005,-0.0001,-0.0008,0.0000,0.0000,0.0000,0.0000,0.0000,1.0000
25.5530,114.14,0.0000,0.0400,0.0000,-0.0005,-0.0001,-0.0008,0.0000,0.0000,0.0000,0.0000,0.0000,1.0000
25.5730,114.14,0.0000,0.0400,0.0000,-0.0005,-0.0001,-0.0008,0.0000,0.0000,0.0000,0.0000,0.0000,1.0000
25.5930,114.14,0.0000,0.0400,0.0000,-0.0005,-0.0001,-0.0008,0.0000,0.0000,0.0000,0.0000,0.0000,1.0000
25.6130,114.14,0.0000,0.0400,0.0000,-0.0005,-0.0001,-0.0008,0.0000,0.0000,0.0000,0.0000,0.0000,1.0000
25.6330,114.14,0.0000,0.0400,0.0000,-0.0005,-0.0001,-0.0008,0.0000,0.0000,0.0000,0.0000,0.0000,1.0000
25.6530,114.14,0.0000,0.0400,0.0000,-0.0005,-0.0001,-0.0008,0.0000,0.0000,0.0000,0.0000,0.0000,1.0000
25.6730,114.14,0.0000,0.0400,0.0000,-0.0005,-0.0001,-0.0008,0.0000,0.0000,0.0000,0.0000,0.0000,1.0000
25.6930,114.14,0.0000,0.0400,0.0000,-0.0005,-0.0001,-0.0008,0.0000,0.0000,0.0000,0.0000,0.0000,1.0000
25.7130,114.14,0.0000,0.0400,0.0000,-0.0005,-0.0001,-0.0008,0.0000,0.0000,0.0000,0.0000,0.0000,1.0000
25.7330,114.14,0.0000,0.0400,0.0000,-0.0005,-0.0001,-0.0008,0.0000,0.0000,0.0000,0.0000,0.0000,1.0000
25.7530,114.14,0.0000,0.0400,0.0000,-0.0005,-0.0001,-0.0008,0.0000,0.0000,0.0000,0.0000,0.0000,1.0000
25.7730,114.14,0.0000,0.0400,0.0000,-0.0005,-0.0001,-0.0008,0.0000,0.0000,0.0000,0.0000,0.0000,1.0000
25.7930,114.14,0.0000,0.0400,0.0000,-0.0005,-0.0001,-0.0008,0.0000,0.0000,0.0000,0.0000,0.0000,1.0000
25.8130,114.14,0.0000,0.0400,0.0000,-0.0005,-0.0001,-0.0008,0.0000,0.0000,0.0000,0.0000,0.0000,1.0000
25.8330,114.14,0.0000,0.0400,0.0000,-0.0005,-0.0001,-0.0008,0.0000,0.0000,0.0000,0.0000,0.0000,1.0000
25.8530,114.14,0.0000,0.0400,0.0000,-0.0005,-0.0001,-0.0008,0.0000,0.0000,0.0000,0.0000,0.0000,1.0000
25.8730,114.14,0.0000,0.0400,0.0000,-0.0005,-0.0001,-0.0008,0.0000,0.0000,0.0000,0.0000,0.0000,1.0000
25.8930,114.14,0.0000,0.0400,0.0000,-0.0005,-0.0001,-0.0008,0.0000,0.0000,0.0000,0.0000,0.0000,1.0000
25.9130,114.14,0.0000,0.0400,0.0000,-0.0005,-0.0001,-0.0008,0.0000,0.0000,0.0000,0.0000,0.0000,1.0000
25.9330,114.14,0.0000,0.0400,0.0000,-0.0005,-0.0001,-0.0008,0.0000,0.0000,0.0000,0.0000,0.0000,1.0000
25.9530,114.14,0.0000,0.0400,0.0000,-0.0005,-0.0001,-0.0008,0.0000,0.0000,0.0000,0.0000,0.0000,1.0000
25.9730,114.14,0.0000,0.0400,0.0000,-0.0005,-0.0001,-0.0008,0.0000,0.0000,0.0000,0.0000,0.0000,1.0000
25.9930,114.14,0.0000,0.0400,0.0000,-0.0005,-0.0001,-0.0008,0.0000,0.0000,0.0000,0.0000,0.0000,1.0000
26.0130,114.14,0.0000,0.0400,0.0000,-0.0005,-0.0001,-0.0008,0.0000,0.0000,0.0000,0.0000,0.0000,1.0000
26.0330,114.14,0.0000,0.0400,0.0000,-0.0005,-0.0001,-0.0008,0.0000,0.0000,0.0000,0.0000,0.0000,1.0000
26.0530,114.14,0.0000,0.0400,0.0000,-0.0005,-0.0001,-0.0008,0.0000,0.0000,0.0000,0.0000,0.0000,1.0000
26.0730,114.14,0.0000,0.0400,0.0000,-0.0005,-0.0001,-0.0008,0.0000,0.0000,0.0000,0.0000,0.0000,1.0000
26.0930,114.14,0.0000,0.0400,0.0000,-0.0005,-0.0001,-0.0008,0.0000,0.0000,0.0000,0.0000,0.0000,1.0000
26.1130,114.14,0.0000,0.0400,0.0000,-0.0005,-0.0001,-0.0008,0.0000,0.0000,0.0000,0.0000,0.0000,1.0000
26.1330,114.14,0.0000,0.0400,0.0000,-0.0005,-0.0001,-0.0008,0.0000,0.0000,0.0000,0.0000,0.0000,1.0000
26.1530,114.14,0.0000,0.0400,0.0000,-0.0005,-0.0001,-0.0008,0.0000,0.0000,0.0000,0.0000,0.0000,1.0000
26.1730,114.14,0.0000,0.0400,0.0000,-0.0005,-0.0001,-0.0008,0.0000,0.0000,0.0000,0.0000,0.0000,1.0000
26.1930,114.14,0.0000,0.0400,0.0000,-0.0005,-0.0001,-0.0008,0.0000,0.0000,0.0000,0.0000,0.0000,1.0000
26.2130,114.14,0.0000,0.0400,0.0000,-0.0005,-0.0001,-0.0008,0.0000,0.0000,0.0000,0.0000,0.0000,1.0000
26.2330,114.14,0.0000,0.0400,0.0000,-0.0005,-0.0001,-0.0008,0.0000,0.0000,0.0000,0.0000,0.0000,1.0000
26.2530,114.14,0.0000,0.0400,0.0000,-0.0005,-0.0001,-0.0008,0.0000,0.0000,0.0000,0.0000,0.0000,1.0000
26.2730,114.14,0.0000,0.0400,0.0000,-0.0005,-0.0001,-0.0008,0.0000,0.0000,0.0000,0.0000,0.0000,1.0000
26.2930,114.14,0.0000,0.0400,0.0000,-0.0005,-0.0001,-0.0008,0.0000,0.0000,0.0000,0.0000,0.0000,1.0000
26.3130,114.14,0.0000,0.0400,0.0000,-0.0005,-0.0001,-0.0008,0.0000,0.0000,0.0000,0.0000,0.0000,1.0000
26.3330,115.27,0.0000,0.0400,0.0000,-0.0005,-0.0001,-0.0008,0.0000,0.0000,0.0000,0.0000,0.0000,1.0000
26.3530,115.27,0.0000,0.0400,0.0000,-0.0005,-0.0001,-0.0008,0.0000,0.0000,0.0000,0.0000,0.0000,1.0000
26.3730,115.27,0.0000,0.0400,0.0000,-0.0005,-0.0001,-0.0008,0.0000,0.0000,0.0000,0.0000,0.0000,1.0000
26.3930,115.27,0.0000,0.0400,0.0000,-0.0005,-0.0001,-0.0008,0.0000,0.0000,0.0000,0.0000,0.0000,1.0000
26.4130,115.27,0.0000,0.0400,0.0000,-0.0005,-0.0001,-0.0008,0.0000,0.0000,0.0000,0.0000,0.0000,1.0000
26.4330,115.27,0.0000,0.0400,0.0000,-0.0005,-0.0001,-0.0008,0.0000,0.0000,0.0000,0.0000,0.0000,1.0000
26.4530,115.27,0.0000,0.0400,0.0000,-0.0005,-0.0001,-0.0008,0.0000,0.0000,0.0000,0.0000,0.0000,1.0000
26.4730,115.27,0.0000,0.0400,0.0000,-0.0005,-0.0001,-0.0008,0.0000,0.0000,0.0000,0.0000,0.0000,1.0000
26.4930,115.27,0.0000,0.0400,0.0000,-0.0005,-0.0001,-0.0008,0.0000,0.0000,0.0000,0.0000,0.0000,1.0000
26.5130,115.27,0.0000,0.0400,0.0000,-0.0005,-0.0001,-0.0008,0.0000,0.0000,0.0000,0.0000,0.0000,1.0000
26.5330,115.27,0.0000,0.0400,0.0000,-0.0005,-0.0001,-0.0008,0.0000,0.0000,0.0000,0.0000,0.0000,1.0000
26.5530,115.27,0.0000,0.0400,0.0000,-0.0005,-0.0001,-0.0008,0.0000,0.0000,0.0000,0.0000,0.0000,1.0000
26.5730,115.27,0.0000,0.0400,0.0000,-0.0005,-0.0001,-0.0008,0.0000,0.0000,0.0000,0.0000,0.0000,1.0000
26.5930,115.27,0.0000,0.0400,0.0000,-0.0005,-0.0001,-0.0008,0.0000,0.0000,0.0000,0.0000,0.0000,1.0000
26.6130,115.27,0.0000,0.0400,0.0000,-0.0005,-0.0001,-0.0008,0.0000,0.0000,0.0000,0.0000,0.0000,1.0000
26.6330,115.27,0.0000,0.0400,0.0000,-0.0005,-0.0001,-0.0008,0.0000,0.0000,0.0000,0.0000,0.0000,1.0000
26.6530,115.27,0.0000,0.0400,0.0000,-0.0005,-0.0001,-0.0008,0.0000,0.0000,0.0000,0.0000,0.0000,1.0000
26.6730,115.27,0.0000,0.0400,0.0000,-0.0005,-0.0001,-0.0008,0.0000,0.0000,0.0000,0.0000,0.0000,1.0000
26.6930,115.27,0.0000,0.0400,0.0000,-0.0005,-0.0001,-0.0008,0.0000,0.0000,0.0000,0.0000,0.0000,1.0000
26.7130,115.27,0.0000,0.0400,0.0000,-0.0005,-0.0001,-0.0008,0.0000,0.0000,0.0000,0.0000,0.0000,1.0000
26.7330,115.27,0.0000,0.0400,0.0000,-0.0005,-0.0001,-0.0008,0.0000,0.0000,0.0000,0.0000,0.0000,1.0000
26.7530,115.27,0.0000,0.0400,0.0000,-0.0005,-0.0001,-0.0008,0.0000,0.0000,0.0000,0.0000,0.0000,1.0000
26.7730,115.27,0.0000,0.0400,0.0000,-0.0005,-0.0001,-0.0008,0.0000,0.0000,0.0000,0.0000,0.0000,1.0000
26.7930,115.27,0.0000,0.0400,0.0000,-0.0005,-0.0001,-0.0008,0.0000,0.0000,0.0000,0.0000,0.0000,1.0000
26.8130,115.27,0.0000,0.0400,0.0000,-0.0005,-0.0001,-0.0008,0.0000,0.0000,0.0000,0.0000,0.0000,1.0000
26.8330,115.27,0.0000,0.0400,0.0000,-0.0005,-0.0001,-0.0008,0.0000,0.0000,0.0000,0.0000,0.0000,1.0000
26.8530,115.27,0.0000,0.0400,0.0000,-0.0005,-0.0001,-0.0008,0.0000,0.0000,0.0000,0.0000,0.0000,1.0000
26.8730,115.27,0.0000,0.0400,0.0000,-0.0005,-0.0001,-0.0008,0.0000,0.0000,0.0000,0.0000,0.0000,1.0000
26.8930,115.27,0.0000,0.0400,0.0000,-0.0005,-0.0001,-0.0008,0.0000,0.0000,0.0000,0.0000,0.0000,1.0000
26.9130,115.27,0.0000,0.0400,0.0000,-0.0005,-0.0001,-0.0008,0.0000,0.0000,0.0000,0.0000,0.0000,1.0000
26.9330,115.27,0.0000,0.0400,0.0000,-0.0005,-0.0001,-0.0008,0.0000,0.0000,0.0000,0.0000,0.0000,1.0000
26.9530,115.27,0.0000,0.0400,0.0000,-0.0005,-0.0001,-0.0008,0.0000,0.0000,0.0000,0.0000,0.0000,1.0000
26.9730,115.27,0.0000,0.0400,0.0000,-0.0005,-0.0001,-0.0008,0.0000,0.0000,0.0000,0.0000,0.0000,1.0000
26.9930,115.27,0.0000,0.0400,0.0000,-0.0005,-0.0001,-0.0008,0.0000,0.0000,0.0000,0.0000,0.0000,1.0000
27.0130,115.27,0.0000,0.0400,0.0000,-0.0005,-0.0001,-0.0008,0.0000,0.0000,0.0000,0.0000,0.0000,1.0000
27.0330,115.27,0.0000,0.0400,0.0000,-0.0005,-0.0001,-0.0008,0.0000,0.0000,0.0000,0.0000,0.0000,1.0000
27.0530,115.27,0.0000,0.0400,0.0000,-0.0005,-0.0001,-0.0008,0.0000,0.0000,0.0000,0.0000,0.0000,1.0000
27.0730,115.27,0.0000,0.0400,0.0000,-0.0005,-0.0001,-0.0008,0.0000,0.0000,0.0000,0.0000,0.0000,1.0000
27.0930,115.27,0.0000,0.0400,0.0000,-0.0005,-0.0001,-0.0008,0.0000,0.0000,0.0000,0.0000,0.0000,1.0000
27.1130,115.27,0.0000,0.0400,0.0000,-0.0005,-0.0001,-0.0008,0.0000,0.0000,0.0000,0.0000,0.0000,1.0000
27.1330,115.27,0.0000,0.0400,0.0000,-0.0005,-0.0001,-0.0008,0.0000,0.0000,0.0000,0.0000,0.0000,1.0000
27.1530,115.27,0.0000,0.0400,0.0000,-0.0005,-0.0001,-0.0008,0.0000,0.0000,0.0000,0.0000,0.0000,1.0000
27.1730,115.27,0.0000,0.0400,0.0000,-0.0005,-0.0001,-0.0008,0.0000,0.0000,0.0000,0.0000,0.0000,1.0000
27.1930,115.27,0.0000,0.0400,0.0000,-0.0005,-0.0001,-0.0008,0.0000,0.0000,0.0000,0.0000,0.0000,1.0000
27.2130,115.27,0.0000,0.0400,0.0000,-0.0005,-0.0001,-0.0008,0.0000,0.0000,0.0000,0.0000,0.0000,1.0000
27.2330,115.27,0.0000,0.0400,0.0000,-0.0005,-0.0001,-0.0008,0.0000,0.0000,0.0000,0.0000,0.0000,1.0000
27.2530,115.27,0.0000,0.0400,0.0000,-0.0005,-0.0001,-0.0008,0.0000,0.0000,0.0000,0.0000,0.0000,1.0000
27.2730,115.27,0.0000,0.0400,0.0000,-0.0005,-0.0001,-0.0008,0.0000,0.0000,0.0000,0.0000,0.0000,1.0000
27.2930,115.27,0.0000,0.0400,0.0000,-0.0005,-0.0001,-0.0008,0.0000,0.0000,0.0000,0.0000,0.0000,1.0000
27.3130,115.27,0.0000,0.0400,0.0000,-0.0005,-0.0001,-0.0008,0.0000,0.0000,0.0000,0.0000,0.0000,1.0000
27.3330,117.43,0.0000,0.0400,0.0000,-0.0005,-0.0001,-0.0008,0.0000,0.0000,0.0000,0.0000,0.0000,1.0000
27.3530,117.43,0.0000,0.0400,0.0000,-0.0005,-0.0001,-0.0008,0.0000,0.0000,0.0000,0.0000,0.0000,1.0000
27.3730,117.43,0.0000,0.0400,0.0000,-0.0005,-0.0001,-0.0008,0.0000,0.0000,0.0000,0.0000,0.0000,1.0000
27.3930,117.43,0.0000,0.0400,0.0000,-0.0005,-0.0001,-0.0008,0.0000,0.0000,0.0000,0.0000,0.0000,1.0000
27.4130,117.43,0.0000,0.0400,0.0000,-0.0005,-0.0001,-0.0008,0.0000,0.0000,0.0000,0.0000,0.0000,1.0000
27.4330,117.43,0.0000,0.0400,0.0000,-0.0005,-0.0001,-0.0008,0.0000,0.0000,0.0000,0.0000,0.0000,1.0000
27.4530,117.43,0.0000,0.0400,0.0000,-0.0005,-0.0001,-0.0008,0.0000,0.0000,0.0000,0.0000,0.0000,1.0000
27.4730,117.43,0.0000,0.0400,0.0000,-0.0005,-0.0001,-0.0008,0.0000,0.0000,0.0000,0.0000,0.0000,1.0000
27.4930,117.43,0.0000,0.0400,0.0000,-0.0005,-0.0001,-0.0008,0.0000,0.0000,0.0000,0.0000,0.0000,1.0000
27.5130,117.43,0.0000,0.0400,0.0000,-0.0005,-0.0001,-0.0008,0.0000,0.0000,0.0000,0.0000,0.0000,1.0000
27.5330,117.43,0.0000,0.0400,0.0000,-0.0005,-0.0001,-0.0008,0.0000,0.0000,0.0000,0.0000,0.0000,1.0000
27.5530,117.43,0.0000,0.0400,0.0000,-0.0005,-0.0001,-0.0008,0.0000,0.0000,0.0000,0.0000,0.0000,1.0000
27.5730,117.43,0.0000,0.0400,0.0000,-0.0005,-0.0001,-0.0008,0.0000,0.0000,0.0000,0.0000,0.0000,1.0000
27.5930,117.43,0.0000,0.0400,0.0000,-0.0005,-0.0001,-0.0008,0.0000,0.0000,0.0000,0.0000,0.0000,1.0000
27.6130,117.43,0.0000,0.0400,0.0000,-0.0005,-0.0001,-0.0008,0.0000,0.0000,0.0000,0.0000,0.0000,1.0000
27.6330,117.43,0.0000,0.0400,0.0000,-0.0005,-0.0001,-0.0008,0.0000,0.0000,0.0000,0.0000,0.0000,1.0000
27.6530,117.43,0.0000,0.0400,0.0000,-0.0005,-0.0001,-0.0008,0.0000,0.0000,0.0000,0.0000,0.0000,1.0000
27.6730,117.43,0.0000,0.0400,0.0000,-0.0005,-0.0001,-0.0008,0.0000,0.0000,0.0000,0.0000,0.0000,1.0000
27.6930,117.43,0.0000,0.0400,0.0000,-0.0005,-0.0001,-0.0008,0.0000,0.0000,0.0000,0.0000,0.0000,1.0000
27.7130,117.43,0.0000,0.0400,0.0000,-0.0005,-0.0001,-0.0008,0.0000,0.0000,0.0000,0.0000,0.0000,1.0000
27.7330,117.43,0.0000,0.0400,0.0000,-0.0005,-0.0001,-0.0008,0.0000,0.0000,0.0000,0.0000,0.0000,1.0000
27.7530,117.43,0.0000,0.0400,0.0000,-0.0005,-0.0001,-0.0008,0.0000,0.0000,0.0000,0.0000,0.0000,1.0000
27.7730,117.43,0.0000,0.0400,0.0000,-0.0005,-0.0001,-0.0008,0.0000,0.0000,0.0000,0.0000,0.0000,1.0000
27.7930,117.43,0.0000,0.0400,0.0000,-0.0005,-0.0001,-0.0008,0.0000,0.0000,0.0000,0.0000,0.0000,1.0000
27.8130,117.43,0.0000,0.0400,0.0000,-0.0005,-0.0001,-0.0008,0.0000,0.0000,0.0000,0.0000,0.0000,1.0000
27.8330,117.43,0.0000,0.0400,0.0000,-0.0005,-0.0001,-0.0008,0.0000,0.0000,0.0000,0.0000,0.0000,1.0000
27.8530,117.43,0.0000,0.0400,0.0000,-0.0005,-0.0001,-0.0008,0.0000,0.0000,0.0000,0.0000,0.0000,1.0000
27.8730,117.43,0.0000,0.0400,0.0000,-0.0005,-0.0001,-0.0008,0.0000,0.0000,0.0000,0.0000,0.0000,1.0000
27.8930,117.43,0.0000,0.0400,0.0000,-0.0005,-0.0001,-0.0008,0.0000,0.0000,0.0000,0.0000,0.0000,1.0000
27.9130,117.43,0.0000,0.0400,0.0000,-0.0005,-0.0001,-0.0008,0.0000,0.0000,0.0000,0.0000,0.0000,1.0000
27.9330,117.43,0.0000,0.0400,0.0000,-0.0005,-0.0001,-0.0008,0.0000,0.0000,0.0000,0.0000,0.0000,1.0000
27.9530,117.43,0.0000,0.0400,0.0000,-0.0005,-0.0001,-0.0008,0.0000,0.0000,0.0000,0.0000,0.0000,1.0000
27.9730,117.43,0.0000,0.0400,0.0000,-0.0005,-0.0001,-0.0008,0.0000,0.0000,0.0000,0.0000,0.0000,1.0000
27.9930,117.43,0.0000,0.0400,0.0000,-0.0005,-0.0001,-0.0008,0.0000,0.0000,0.0000,0.0000,0.0000,1.0000
28.0130,117.43,0.0000,0.0400,0.0000,-0.0005,-0.0001,-0.0008,0.0000,0.0000,0.0000,0.0000,0.0000,1.0000
28.0330,117.43,0.0000,0.0400,0.0000,-0.0005,-0.0001,-0.0008,0.0000,0.0000,0.0000,0.0000,0.0000,1.0000
28.0530,117.43,0.0000,0.0400,0.0000,-0.0005,-0.0001,-0.0008,0.0000,0.0000,0.0000,0.0000,0.0000,1.0000
28.0730,117.43,0.0000,0.0400,0.0000,-0.0005,-0.0001,-0.0008,0.0000,0.0000,0.0000,0.0000,0.0000,1.0000
28.0930,117.43,0.0000,0.0400,0.0000,-0.0005,-0.0001,-0.0008,0.0000,0.0000,0.0000,0.0000,0.0000,1.0000
28.1130,117.43,0.0000,0.0400,0.0000,-0.0005,-0.0001,-0.0008,0.0000,0.0000,0.0000,0.0000,0.0000,1.0000
28.1330,117.43,0.0000,0.0400,0.0000,-0.0005,-0.0001,-0.0008,0.0000,0.0000,0.0000,0.0000,0.0000,1.0000
28.1530,117.43,0.0000,0.0400,0.0000,-0.0005,-0.0001,-0.0008,0.0000,0.0000,0.0000,0.0000,0.0000,1.0000
28.1730,117.43,0.0000,0.0400,0.0000,-0.0005,-0.0001,-0.0008,0.0000,0.0000,0.0000,0.0000,0.0000,1.0000
28.1930,117.43,0.0000,0.0400,0.0000,-0.0005,-0.0001,-0.0008,0.0000,0.0000,0.0000,0.0000,0.0000,1.0000
28.2130,117.43,0.0000,0.0400,0.0000,-0.0005,-0.0001,-0.0008,0.0000,0.0000,0.0000,0.0000,0.0000,1.0000
28.2330,117.43,0.0000,0.0400,0.0000,-0.0005,-0.0001,-0.0008,0.0000,0.0000,0.0000,0.0000,0.0000,1.0000
28.2530,117.43,0.0000,0.0400,0.0000,-0.0005,-0.0001,-0.0008,0.0000,0.0000,0.0000,0.0000,0.0000,1.0000
28.2730,117.43,0.0000,0.0400,0.0000,-0.0005,-0.0001,-0.0008,0.0000,0.0000,0.0000,0.0000,0.0000,1.0000
28.2930,117.43,0.0000,0.0400,0.0000,-0.0005,-0.0001,-0.0008,0.0000,0.0000,0.0000,0.0000,0.0000,1.0000
28.3130,117.43,0.0000,0.0400,0.0000,-0.0005,-0.0001,-0.0008,0.0000,0.0000,0.0000,0.0000,0.0000,1.0000
28.3330,120.00,0.0000,0.0400,0.0000,-0.0005,-0.0001,-0.0008,0.0000,0.0000,0.0000,0.0000,0.0000,1.0000
28.3530,120.00,0.0000,0.0400,0.0000,-0.0005,-0.0001,-0.0008,0.0000,0.0000,0.0000,0.0000,0.0000,1.0000
28.3730,120.00,0.0000,0.0400,0.0000,-0.0005,-0.0001,-0.0008,0.0000,0.0000,0.0000,0.0000,0.0000,1.0000
28.3930,120.00,0.0000,0.0400,0.0000,-0.0005,-0.0001,-0.0008,0.0000,0.0000,0.0000,0.0000,0.0000,1.0000
28.4130,120.00,0.0000,0.0400,0.0000,-0.0005,-0.0001,-0.0008,0.0000,0.0000,0.0000,0.0000,0.0000,1.0000
28.4330,120.00,0.0000,0.0400,0.0000,-0.0005,-0.0001,-0.0008,0.0000,0.0000,0.0000,0.0000,0.0000,1.0000
28.4530,120.00,0.0000,0.0400,0.0000,-0.0005,-0.0001,-0.0008,0.0000,0.0000,0.0000,0.0000,0.0000,1.0000
28.4730,120.00,0.0000,0.0400,0.0000,-0.0005,-0.0001,-0.0008,0.0000,0.0000,0.0000,0.0000,0.0000,1.0000
28.4930,120.00,0.0000,0.0400,0.0000,-0.0005,-0.0001,-0.0008,0.0000,0.0000,0.0000,0.0000,0.0000,1.0000
28.5130,120.00,0.0000,0.0400,0.0000,-0.0005,-0.0001,-0.0008,0.0000,0.0000,0.0000,0.0000,0.0000,1.0000
28.5330,120.00,0.0000,0.0400,0.0000,-0.0005,-0.0001,-0.0008,0.0000,0.0000,0.0000,0.0000,0.0000,1.0000
28.5530,120.00,0.0000,0.0400,0.0000,-0.0005,-0.0001,-0.0008,0.0000,0.0000,0.0000,0.0000,0.0000,1.0000
28.5730,120.00,0.0000,0.0400,0.0000,-0.0005,-0.0001,-0.0008,0.0000,0.0000,0.0000,0.0000,0.0000,1.0000
28.5930,120.00,0.0000,0.0400,0.0000,-0.0005,-0.0001,-0.0008,0.0000,0.0000,0.0000,0.0000,0.0000,1.0000
28.6130,120.00,0.0000,0.0400,0.0000,-0.0005,-0.0001,-0.0008,0.0000,0.0000,0.0000,0.0000,0.0000,1.0000
28.6330,120.00,0.0000,0.0400,0.0000,-0.0005,-0.0001,-0.0008,0.0000,0.0000,0.0000,0.0000,0.0000,1.0000
28.6530,120.00,0.0000,0.0400,0.0000,-0.0005,-0.0001,-0.0008,0.0000,0.0000,0.0000,0.0000,0.0000,1.0000
28.6730,120.00,0.0000,0.0400,0.0000,-0.0005,-0.0001,-0.0008,0.0000,0.0000,0.0000,0.0000,0.0000,1.0000
28.6930,120.00,0.0000,0.0400,0.0000,-0.0005,-0.0001,-0.0008,0.0000,0.0000,0.0000,0.0000,0.0000,1.0000
28.7130,120.00,0.0000,0.0400,0.0000,-0.0005,-0.0001,-0.0008,0.0000,0.0000,0.0000,0.0000,0.0000,1.0000
28.7330,120.00,0.0000,0.0400,0.0000,-0.0005,-0.0001,-0.0008,0.0000,0.0000,0.0000,0.0000,0.0000,1.0000
28.7530,120.00,0.0000,0.0400,0.0000,-0.0005,-0.0001,-0.0008,0.0000,0.0000,0.0000,0.0000,0.0000,1.0000
28.7730,120.00,0.0000,0.0400,0.0000,-0.0005,-0.0001,-0.0008,0.0000,0.0000,0.0000,0.0000,0.0000,1.0000
28.7930,120.00,0.0000,0.0400,0.0000,-0.0005,-0.0001,-0.0008,0.0000,0.0000,0.0000,0.0000,0.0000,1.0000
28.8130,120.00,0.0000,0.0400,0.0000,-0.0005,-0.0001,-0.0008,0.0000,0.0000,0.0000,0.0000,0.0000,1.0000
28.8330,120.00,0.0000,0.0400,0.0000,-0.0005,-0.0001,-0.0008,0.0000,0.0000,0.0000,0.0000,0.0000,1.0000
28.8530,120.00,0.0000,0.0400,0.0000,-0.0005,-0.0001,-0.0008,0.0000,0.0000,0.0000,0.0000,0.0000,1.0000
28.8730,120.00,0.0000,0.0400,0.0000,-0.0005,-0.0001,-0.0008,0.0000,0.0000,0.0000,0.0000,0.0000,1.0000
28.8930,120.00,0.0000,0.0400,0.0000,-0.0005,-0.0001,-0.0008,0.0000,0.0000,0.0000,0.0000,0.0000,1.0000
28.9130,120.00,0.0000,0.0400,0.0000,-0.0005,-0.0001,-0.0008,0.0000,0.0000,0.0000,0.0000,0.0000,1.0000
28.9330,120.00,0.0000,0.0400,0.0000,-0.0005,-0.0001,-0.0008,0.0000,0.0000,0.0000,0.0000,0.0000,1.0000
28.9530,120.00,0.0000,0.0400,0.0000,-0.0005,-0.0001,-0.0008,0.0000,0.0000,0.0000,0.0000,0.0000,1.0000
28.9730,120.00,0.0000,0.0400,0.0000,-0.0005,-0.0001,-0.0008,0.0000,0.0000,0.0000,0.0000,0.0000,1.0000
28.9930,120.00,0.0000,0.0400,0.0000,-0.0005,-0.0001,-0.0008,0.0000,0.0000,0.0000,0.0000,0.0000,1.0000
29.0130,120.00,0.0000,0.0400,0.0000,-0.0005,-0.0001,-0.0008,0.0000,0.0000,0.0000,0.0000,0.0000,1.0000
29.0330,120.00,0.0000,0.0400,0.0000,-0.0005,-0.0001,-0.0008,0.0000,0.0000,0.0000,0.0000,0.0000,1.0000
29.0530,120.00,0.0000,0.0400,0.0000,-0.0005,-0.0001,-0.0008,0.0000,0.0000,0.0000,0.0000,0.0000,1.0000
29.0730,120.00,0.0000,0.0400,0.0000,-0.0005,-0.0001,-0.0008,0.0000,0.0000,0.0000,0.0000,0.0000,1.0000
29.0930,120.00,0.0000,0.0400,0.0000,-0.0005,-0.0001,-0.0008,0.0000,0.0000,0.0000,0.0000,0.0000,1.0000
29.1130,120.00,0.0000,0.0400,0.0000,-0.0005,-0.0001,-0.0008,0.0000,0.0000,0.0000,0.0000,0.0000,1.0000
29.1330,120.00,0.0000,0.0400,0.0000,-0.0005,-0.0001,-0.0008,0.0000,0.0000,0.0000,0.0000,0.0000,1.0000
29.1530,120.00,0.0000,0.0400,0.0000,-0.0005,-0.0001,-0.0008,0.0000,0.0000,0.0000,0.0000,0.0000,1.0000
29.1730,120.00,0.0000,0.0400,0.0000,-0.0005,-0.0001,-0.0008,0.0000,0.0000,0.0000,0.0000,0.0000,1.0000
29.1930,120.00,0.0000,0.0400,0.0000,-0.0005,-0.0001,-0.0008,0.0000,0.0000,0.0000,0.0000,0.0000,1.0000
29.2130,120.00,0.0000,0.0400,0.0000,-0.0005,-0.0001,-0.0008,0.0000,0.0000,0.0000,0.0000,0.0000,1.0000
29.2330,120.00,0.0000,0.0400,0.0000,-0.0005,-0.0001,-0.0008,0.0000,0.0000,0.0000,0.0000,0.0000,1.0000
29.2530,120.00,0.0000,0.0400,0.0000,-0.0005,-0.0001,-0.0008,0.0000,0.0000,0.0000,0.0000,0.0000,1.0000
29.2730,120.00,0.0000,0.0400,0.0000,-0.0005,-0.0001,-0.0008,0.0000,0.0000,0.0000,0.0000,0.0000,1.0000
29.2930,120.00,0.0000,0.0400,0.0000,-0.0005,-0.0001,-0.0008,0.0000,0.0000,0.0000,0.0000,0.0000,1.0000
29.3130,120.00,0.0000,0.0400,0.0000,-0.0005,-0.0001,-0.0008,0.0000,0.0000,0.0000,0.0000,0.0000,1.0000
29.3330,120.00,0.0000,0.0400,0.0000,-0.0005,-0.0001,-0.0008,0.0000,0.0000,0.0000,0.0000,0.0000,1.0000
29.3530,120.01,0.0000,0.0400,0.0000,-0.0005,-0.0001,-0.0008,0.0000,0.0000,0.0000,0.0000,0.0000,1.0000
29.3730,120.01,0.0000,0.0400,0.0000,-0.0005,-0.0001,-0.0008,0.0000,0.0000,0.0000,0.0000,0.0000,1.0000
29.3930,120.01,0.0000,0.0400,0.0000,-0.0005,-0.0001,-0.0008,0.0000,0.0000,0.0000,0.0000,0.0000,1.0000
29.4130,120.01,0.0000,0.0400,0.0000,-0.0005,-0.0001,-0.0008,0.0000,0.0000,0.0000,0.0000,0.0000,1.0000
29.4330,120.01,0.0000,0.0400,0.0000,-0.0005,-0.0001,-0.0008,0.0000,0.0000,0.0000,0.0000,0.0000,1.0000
29.4530,120.01,0.0000,0.0400,0.0000,-0.0005,-0.0001,-0.0008,0.0000,0.0000,0.0000,0.0000,0.0000,1.0000
29.4730,120.01,0.0000,0.0400,0.0000,-0.0005,-0.0001,-0.0008,0.0000,0.0000,0.0000,0.0000,0.0000,1.0000
29.4930,120.01,0.0000,0.0400,0.0000,-0.0005,-0.0001,-0.0008,0.0000,0.0000,0.0000,0.0000,0.0000,1.0000
29.5130,120.01,0.0000,0.0400,0.0000,-0.0005,-0.0001,-0.0008,0.0000,0.0000,0.0000,0.0000,0.0000,1.0000
29.5330,120.01,0.0000,0.0400,0.0000,-0.0005,-0.0001,-0.0008,0.0000,0.0000,0.0000,0.0000,0.0000,1.0000
29.5530,120.01,0.0000,0.0400,0.0000,-0.0005,-0.0001,-0.0008,0.0000,0.0000,0.0000,0.0000,0.0000,1.0000
29.5730,120.01,0.0000,0.0400,0.0000,-0.0005,-0.0001,-0.0008,0.0000,0.0000,0.0000,0.0000,0.0000,1.0000
29.5930,120.01,0.0000,0.0400,0.0000,-0.0005,-0.0001,-0.0008,0.0000,0.0000,0.0000,0.0000,0.0000,1.0000
29.6130,120.01,0.0000,0.0400,0.0000,-0.0005,-0.0001,-0.0008,0.0000,0.0000,0.0000,0.0000,0.0000,1.0000
29.6330,120.01,0.0000,0.0400,0.0000,-0.0005,-0.0001,-0.0008,0.0000,0.0000,0.0000,0.0000,0.0000,1.0000
29.6530,120.01,0.0000,0.0400,0.0000,-0.0005,-0.0001,-0.0008,0.0000,0.0000,0.0000,0.0000,0.0000,1.0000
29.6730,120.01,0.0000,0.0400,0.0000,-0.0005,-0.0001,-0.0008,0.0000,0.0000,0.0000,0.0000,0.0000,1.0000
29.6930,120.01,0.0000,0.0400,0.0000,-0.0005,-0.0001,-0.0008,0.0000,0.0000,0.0000,0.0000,0.0000,1.0000
29.7130,120.01,0.0000,0.0400,0.0000,-0.0005,-0.0001,-0.0008,0.0000,0.0000,0.0000,0.0000,0.0000,1.0000
29.7330,120.01,0.0000,0.0400,0.0000,-0.0005,-0.0001,-0.0008,0.0000,0.0000,0.0000,0.0000,0.0000,1.0000
29.7530,120.01,0.0000,0.0400,0.0000,-0.0005,-0.0001,-0.0008,0.0000,0.0000,0.0000,0.0000,0.0000,1.0000
29.7730,120.01,0.0000,0.0400,0.0000,-0.0005,-0.0001,-0.0008,0.0000,0.0000,0.0000,0.0000,0.0000,1.0000
29.7930,120.01,0.0000,0.0400,0.0000,-0.0005,-0.0001,-0.0008,0.0000,0.0000,0.0000,0.0000,0.0000,1.0000
29.8130,120.01,0.0000,0.0400,0.0000,-0.0005,-0.0001,-0.0008,0.0000,0.0000,0.0000,0.0000,0.0000,1.0000
29.8330,120.01,0.0000,0.0400,0.0000,-0.0005,-0.0001,-0.0008,0.0000,0.0000,0.0000,0.0000,0.0000,1.0000
29.8530,120.01,0.0000,0.0400,0.0000,-0.0005,-0.0001,-0.0008,0.0000,0.0000,0.0000,0.0000,0.0000,1.0000
29.8730,120.01,0.0000,0.0400,0.0000,-0.0005,-0.0001,-0.0008,0.0000,0.0000,0.0000,0.0000,0.0000,1.0000
29.8930,120.01,0.0000,0.0400,0.0000,-0.0005,-0.0001,-0.0008,0.0000,0.0000,0.0000,0.0000,0.0000,1.0000
29.9130,120.01,0.0000,0.0400,0.0000,-0.0005,-0.0001,-0.0008,0.0000,0.0000,0.0000,0.0000,0.0000,1.0000
29.9330,120.01,0.0000,0.0400,0.0000,-0.0005,-0.0001,-0.0008,0.0000,0.0000,0.0000,0.0000,0.0000,1.0000
29.9530,120.01,0.0000,0.0400,0.0000,-0.0005,-0.0001,-0.0008,0.0000,0.0000,0.0000,0.0000,0.0000,1.0000
29.9730,120.01,0.0000,0.0400,0.0000,-0.0005,-0.0001,-0.0008,0.0000,0.0000,0.0000,0.0000,0.0000,1.0000
29.9930,120.01,0.0000,0.0400,0.0000,-0.0005,-0.0001,-0.0008,0.0000,0.0000,0.0000,0.0000,0.0000,1.0000
30.0130,120.01,0.0000,0.0400,0.0000,-0.0005,-0.0001,-0.0008,0.0000,0.0000,0.0000,0.0000,0.0000,1.0000
30.0330,120.01,0.0000,0.0400,0.0000,-0.0005,-0.0001,-0.0008,0.0000,0.0000,0.0000,0.0000,0.0000,1.0000
30.0530,120.01,0.0000,0.0400,0.0000,-0.0005,-0.0001,-0.0008,0.0000,0.0000,0.0000,0.0000,0.0000,1.0000
30.0730,120.01,0.0000,0.0400,0.0000,-0.0005,-0.0001,-0.0008,0.0000,0.0000,0.0000,0.0000,0.0000,1.0000
30.0930,120.01,0.0000,0.0400,0.0000,-0.0005,-0.0001,-0.0008,0.0000,0.0000,0.0000,0.0000,0.0000,1.0000
30.1130,120.01,0.0000,0.0400,0.0000,-0.0005,-0.0001,-0.0008,0.0000,0.0000,0.0000,0.0000,0.0000,1.0000
30.1330,120.01,0.0000,0.0400,0.0000,-0.0005,-0.0001,-0.0008,0.0000,0.0000,0.0000,0.0000,0.0000,1.0000
30.1530,120.01,0.0000,0.0400,0.0000,-0.0005,-0.0001,-0.0008,0.0000,0.0000,0.0000,0.0000,0.0000,1.0000
30.1730,120.01,0.0000,0.0400,0.0000,-0.0005,-0.0001,-0.0008,0.0000,0.0000,0.0000,0.0000,0.0000,1.0000
30.1930,120.01,0.0000,0.0400,0.0000,-0.0005,-0.0001,-0.0008,0.0000,0.0000,0.0000,0.0000,0.0000,1.0000
30.2130,120.01,0.0000,0.0400,0.0000,-0.0005,-0.0001,-0.0008,0.0000,0.0000,0.0000,0.0000,0.0000,1.0000
30.2330,120.01,0.0000,0.0400,0.0000,-0.0005,-0.0001,-0.0008,0.0000,0.0000,0.0000,0.0000,0.0000,1.0000
30.2530,120.01,0.0000,0.0400,0.0000,-0.0005,-0.0001,-0.0008,0.0000,0.0000,0.0000,0.0000,0.0000,1.0000
30.2730,120.01,0.0000,0.0400,0.0000,-0.0005,-0.0001,-0.0008,0.0000,0.0000,0.0000,0.0000,0.0000,1.0000
30.2930,120.01,0.0000,0.0400,0.0000,-0.0005,-0.0001,-0.0008,0.0000,0.0000,0.0000,0.0000,0.0000,1.0000
30.3130,120.01,0.0000,0.0400,0.0000,-0.0005,-0.0001,-0.0008,0.0000,0.0000,0.0000,0.0000,0.0000,1.0000
30.3330,120.01,0.0000,0.0400,0.0000,-0.0005,-0.0001,-0.0008,0.0000,0.0000,0.0000,0.0000,0.0000,1.0000
30.3530,118.21,0.0000,0.0400,0.0000,-0.0005,-0.0001,-0.0008,0.0000,0.0000,0.0000,0.0000,0.0000,1.0000
30.3730,118.21,0.0000,0.0400,0.0000,-0.0005,-0.0001,-0.0008,0.0000,0.0000,0.0000,0.0000,0.0000,1.0000
30.3930,118.21,0.0000,0.0400,0.0000,-0.0005,-0.0001,-0.0008,0.0000,0.0000,0.0000,0.0000,0.0000,1.0000
30.4130,118.21,0.0000,0.0400,0.0000,-0.0005,-0.0001,-0.0008,0.0000,0.0000,0.0000,0.0000,0.0000,1.0000
30.4330,118.21,0.0000,0.0400,0.0000,-0.0005,-0.0001,-0.0008,0.0000,0.0000,0.0000,0.0000,0.0000,1.0000
30.4530,118.21,0.0000,0.0400,0.0000,-0.0005,-0.0001,-0.0008,0.0000,0.0000,0.0000,0.0000,0.0000,1.0000
30.4730,118.21,0.0000,0.0400,0.0000,-0.0005,-0.0001,-0.0008,0.0000,0.0000,0.0000,0.0000,0.0000,1.0000
30.4930,118.21,0.0000,0.0400,0.0000,-0.0005,-0.0001,-0.0008,0.0000,0.0000,0.0000,0.0000,0.0000,1.0000
30.5130,118.21,0.0000,0.0400,0.0000,-0.0005,-0.0001,-0.0008,0.0000,0.0000,0.0000,0.0000,0.0000,1.0000
30.5330,118.21,0.0000,0.0400,0.0000,-0.0005,-0.0001,-0.0008,0.0000,0.0000,0.0000,0.0000,0.0000,1.0000
30.5530,118.21,0.0000,0.0400,0.0000,-0.0005,-0.0001,-0.0008,0.0000,0.0000,0.0000,0.0000,0.0000,1.0000
30.5730,118.21,0.0000,0.0400,0.0000,-0.0005,-0.0001,-0.0008,0.0000,0.0000,0.0000,0.0000,0.0000,1.0000
30.5930,118.21,0.0000,0.0400,0.0000,-0.0005,-0.0001,-0.0008,0.0000,0.0000,0.0000,0.0000,0.0000,1.0000
30.6130,118.21,0.0000,0.0400,0.0000,-0.0005,-0.0001,-0.0008,0.0000,0.0000,0.0000,0.0000,0.0000,1.0000
30.6330,118.21,0.0000,0.0400,0.0000,-0.0005,-0.0001,-0.0008,0.0000,0.0000,0.0000,0.0000,0.0000,1.0000
30.6530,118.21,0.0000,0.0400,0.0000,-0.0005,-0.0001,-0.0008,0.0000,0.0000,0.0000,0.0000,0.0000,1.0000
30.6730,118.21,0.0000,0.0400,0.0000,-0.0005,-0.0001,-0.0008,0.0000,0.0000,0.0000,0.0000,0.0000,1.0000
30.6930,118.21,0.0000,0.0400,0.0000,-0.0005,-0.0001,-0.0008,0.0000,0.0000,0.0000,0.0000,0.0000,1.0000
30.7130,118.21,0.0000,0.0400,0.0000,-0.0005,-0.0001,-0.0008,0.0000,0.0000,0.0000,0.0000,0.0000,1.0000
30.7330,118.21,0.0000,0.0400,0.0000,-0.0005,-0.0001,-0.0008,0.0000,0.0000,0.0000,0.0000,0.0000,1.0000
30.7530,118.21,0.0000,0.0400,0.0000,-0.0005,-0.0001,-0.0008,0.0000,0.0000,0.0000,0.0000,0.0000,1.0000
30.7730,118.21,0.0000,0.0400,0.0000,-0.0005,-0.0001,-0.0008,0.0000,0.0000,0.0000,0.0000,0.0000,1.0000
30.7930,118.21,0.0000,0.0400,0.0000,-0.0005,-0.0001,-0.0008,0.0000,0.0000,0.0000,0.0000,0.0000,1.0000
30.8130,118.21,0.0000,0.0400,0.0000,-0.0005,-0.0001,-0.0008,0.0000,0.0000,0.0000,0.0000,0.0000,1.0000
30.8330,118.21,0.0000,0.0400,0.0000,-0.0005,-0.0001,-0.0008,0.0000,0.0000,0.0000,0.0000,0.0000,1.0000
30.8530,118.21,0.0000,0.0400,0.0000,-0.0005,-0.0001,-0.0008,0.0000,0.0000,0.0000,0.0000,0.0000,1.0000
30.8730,118.21,0.0000,0.0400,0.0000,-0.0005,-0.0001,-0.0008,0.0000,0.0000,0.0000,0.0000,0.0000,1.0000
30.8930,118.21,0.0000,0.0400,0.0000,-0.0005,-0.0001,-0.0008,0.0000,0.0000,0.0000,0.0000,0.0000,1.0000
30.9130,118.21,0.0000,0.0400,0.0000,-0.0005,-0.0001,-0.0008,0.0000,0.0000,0.0000,0.0000,0.0000,1.0000
30.9330,118.21,0.0000,0.0400,0.0000,-0.0005,-0.0001,-0.0008,0.0000,0.0000,0.0000,0.0000,0.0000,1.0000
30.9530,118.21,0.0000,0.0400,0.0000,-0.0005,-0.0001,-0.0008,0.0000,0.0000,0.0000,0.0000,0.0000,1.0000
30.9730,118.21,0.0000,0.0400,0.0000,-0.0005,-0.0001,-0.0008,0.0000,0.0000,0.0000,0.0000,0.0000,1.0000
30.9930,118.21,0.0000,0.0400,0.0000,-0.0005,-0.0001,-0.0008,0.0000,0.0000,0.0000,0.0000,0.0000,1.0000
31.0130,118.21,0.0000,0.0400,0.0000,-0.0005,-0.0001,-0.0008,0.0000,0.0000,0.0000,0.0000,0.0000,1.0000
31.0330,118.21,0.0000,0.0400,0.0000,-0.0005,-0.0001,-0.0008,0.0000,0.0000,0.0000,0.0000,0.0000,1.0000
31.0530,118.21,0.0000,0.0400,0.0000,-0.0005,-0.0001,-0.0008,0.0000,0.0000,0.0000,0.0000,0.0000,1.0000
31.0730,118.21,0.0000,0.0400,0.0000,-0.0005,-0.0001,-0.0008,0.0000,0.0000,0.0000,0.0000,0.0000,1.0000
31.0930,118.21,0.0000,0.0400,0.0000,-0.0005,-0.0001,-0.0008,0.0000,0.0000,0.0000,0.0000,0.0000,1.0000
31.1130,118.21,0.0000,0.0400,0.0000,-0.0005,-0.0001,-0.0008,0.0000,0.0000,0.0000,0.0000,0.0000,1.0000
31.1330,118.21,0.0000,0.0400,0.0000,-0.0005,-0.0001,-0.0008,0.0000,0.0000,0.0000,0.0000,0.0000,1.0000
31.1530,118.21,0.0000,0.0400,0.0000,-0.0005,-0.0001,-0.0008,0.0000,0.0000,0.0000,0.0000,0.0000,1.0000
31.1730,118.21,0.0000,0.0400,0.0000,-0.0005,-0.0001,-0.0008,0.0000,0.0000,0.0000,0.0000,0.0000,1.0000
31.1930,118.21,0.0000,0.0400,0.0000,-0.0005,-0.0001,-0.0008,0.0000,0.0000,0.0000,0.0000,0.0000,1.0000
31.2130,118.21,0.0000,0.0400,0.0000,-0.0005,-0.0001,-0.0008,0.0000,0.0000,0.0000,0.0000,0.0000,1.0000
31.2330,118.21,0.0000,0.0400,0.0000,-0.0005,-0.0001,-0.0008,0.0000,0.0000,0.0000,0.0000,0.0000,1.0000
31.2530,118.21,0.0000,0.0400,0.0000,-0.0005,-0.0001,-0.0008,0.0000,0.0000,0.0000,0.0000,0.0000,1.0000
31.2730,118.21,0.0000,0.0400,0.0000,-0.0005,-0.0001,-0.0008,0.0000,0.0000,0.0000,0.0000,0.0000,1.0000
31.2930,118.21,0.0000,0.0400,0.0000,-0.0005,-0.0001,-0.0008,0.0000,0.0000,0.0000,0.0000,0.0000,1.0000
31.3130,118.21,0.0000,0.0400,0.0000,-0.0005,-0.0001,-0.0008,0.0000,0.0000,0.0000,0.0000,0.0000,1.0000
31.3330,118.21,0.0000,0.0400,0.0000,-0.0005,-0.0001,-0.0008,0.0000,0.0000,0.0000,0.0000,0.0000,1.0000
31.3530,108.57,0.0000,0.0400,0.0000,-0.0005,-0.0001,-0.0008,0.0000,0.0000,0.0000,0.0000,0.0000,1.0000
31.3730,108.57,0.0000,0.0400,0.0000,-0.0005,-0.0001,-0.0008,0.0000,0.0000,0.0000,0.0000,0.0000,1.0000
31.3930,108.57,0.0000,0.0400,0.0000,-0.0005,-0.0001,-0.0008,0.0000,0.0000,0.0000,0.0000,0.0000,1.0000
31.4130,108.57,0.0000,0.0400,0.0000,-0.0005,-0.0001,-0.0008,0.0000,0.0000,0.0000,0.0000,0.0000,1.0000
31.4330,108.57,0.0000,0.0400,0.0000,-0.0005,-0.0001,-0.0008,0.0000,0.0000,0.0000,0.0000,0.0000,1.0000
31.4530,108.57,0.0000,0.0400,0.0000,-0.0005,-0.0001,-0.0008,0.0000,0.0000,0.0000,0.0000,0.0000,1.0000
31.4730,108.57,0.0000,0.0400,0.0000,-0.0005,-0.0001,-0.0008,0.0000,0.0000,0.0000,0.0000,0.0000,1.0000
31.4930,108.57,0.0000,0.0400,0.0000,-0.0005,-0.0001,-0.0008,0.0000,0.0000,0.0000,0.0000,0.0000,1.0000
31.5130,108.57,0.0000,0.0400,0.0000,-0.0005,-0.0001,-0.0008,0.0000,0.0000,0.0000,0.0000,0.0000,1.0000
31.5330,108.57,0.0000,0.0400,0.0000,-0.0005,-0.0001,-0.0008,0.0000,0.0000,0.0000,0.0000,0.0000,1.0000
31.5530,108.57,0.0000,0.0400,0.0000,-0.0005,-0.0001,-0.0008,0.0000,0.0000,0.0000,0.0000,0.0000,1.0000
31.5730,108.57,0.0000,0.0400,0.0000,-0.0005,-0.0001,-0.0008,0.0000,0.0000,0.0000,0.0000,0.0000,1.0000
31.5930,108.57,0.0000,0.0400,0.0000,-0.0005,-0.0001,-0.0008,0.0000,0.0000,0.0000,0.0000,0.0000,1.0000
31.6130,108.57,0.0000,0.0400,0.0000,-0.0005,-0.0001,-0.0008,0.0000,0.0000,0.0000,0.0000,0.0000,1.0000
31.6330,108.57,0.0000,0.0400,0.0000,-0.0005,-0.0001,-0.0008,0.0000,0.0000,0.0000,0.0000,0.0000,1.0000
31.6530,108.57,0.0000,0.0400,0.0000,-0.0005,-0.0001,-0.0008,0.0000,0.0000,0.0000,0.0000,0.0000,1.0000
31.6730,108.57,0.0000,0.0400,0.0000,-0.0005,-0.0001,-0.0008,0.0000,0.0000,0.0000,0.0000,0.0000,1.0000
31.6930,108.57,0.0000,0.0400,0.0000,-0.0005,-0.0001,-0.0008,0.0000,0.0000,0.0000,0.0000,0.0000,1.0000
31.7130,108.57,0.0000,0.0400,0.0000,-0.0005,-0.0001,-0.0008,0.0000,0.0000,0.0000,0.0000,0.0000,1.0000
31.7330,108.57,0.0000,0.0400,0.0000,-0.0005,-0.0001,-0.0008,0.0000,0.0000,0.0000,0.0000,0.0000,1.0000
31.7530,108.57,0.0000,0.0400,0.0000,-0.0005,-0.0001,-0.0008,0.0000,0.0000,0.0000,0.0000,0.0000,1.0000
31.7730,108.57,0.0000,0.0400,0.0000,-0.0005,-0.0001,-0.0008,0.0000,0.0000,0.0000,0.0000,0.0000,1.0000
31.7930,108.57,0.0000,0.0400,0.0000,-0.0005,-0.0001,-0.0008,0.0000,0.0000,0.0000,0.0000,0.0000,1.0000
31.8130,108.57,0.0000,0.0400,0.0000,-0.0005,-0.0001,-0.0008,0.0000,0.0000,0.0000,0.0000,0.0000,1.0000
31.8330,108.57,0.0000,0.0400,0.0000,-0.0005,-0.0001,-0.0008,0.0000,0.0000,0.0000,0.0000,0.0000,1.0000
31.8530,108.57,0.0000,0.0400,0.0000,-0.0005,-0.0001,-0.0008,0.0000,0.0000,0.0000,0.0000,0.0000,1.0000
31.8730,108.57,0.0000,0.0400,0.0000,-0.0005,-0.0001,-0.0008,0.0000,0.0000,0.0000,0.0000,0.0000,1.0000
31.8930,108.57,0.0000,0.0400,0.0000,-0.0005,-0.0001,-0.0008,0.0000,0.0000,0.0000,0.0000,0.0000,1.0000
31.9130,108.57,0.0000,0.0400,0.0000,-0.0005,-0.0001,-0.0008,0.0000,0.0000,0.0000,0.0000,0.0000,1.0000
31.9330,108.57,0.0000,0.0400,0.0000,-0.0005,-0.0001,-0.0008,0.0000,0.0000,0.0000,0.0000,0.0000,1.0000
31.9530,108.57,0.0000,0.0400,0.0000,-0.0005,-0.0001,-0.0008,0.0000,0.0000,0.0000,0.0000,0.0000,1.0000
31.9730,108.57,0.0000,0.0400,0.0000,-0.0005,-0.0001,-0.0008,0.0000,0.0000,0.0000,0.0000,0.0000,1.0000
31.9930,108.57,0.0000,0.0400,0.0000,-0.0005,-0.0001,-0.0008,0.0000,0.0000,0.0000,0.0000,0.0000,1.0000
32.0130,108.57,0.0000,0.0400,0.0000,-0.0005,-0.0001,-0.0008,0.0000,0.0000,0.0000,0.0000,0.0000,1.0000
32.0330,108.57,0.0000,0.0400,0.0000,-0.0005,-0.0001,-0.0008,0.0000,0.0000,0.0000,0.0000,0.0000,1.0000
32.0530,108.57,0.0000,0.0400,0.0000,-0.0005,-0.0001,-0.0008,0.0000,0.0000,0.0000,0.0000,0.0000,1.0000
32.0730,108.57,0.0000,0.0400,0.0000,-0.0005,-0.0001,-0.0008,0.0000,0.0000,0.0000,0.0000,0.0000,1.0000
32.0930,108.57,0.0000,0.0400,0.0000,-0.0005,-0.0001,-0.0008,0.0000,0.0000,0.0000,0.0000,0.0000,1.0000
32.1130,108.57,0.0000,0.0400,0.0000,-0.0005,-0.0001,-0.0008,0.0000,0.0000,0.0000,0.0000,0.0000,1.0000
32.1330,108.57,0.0000,0.0400,0.0000,-0.0005,-0.0001,-0.0008,0.0000,0.0000,0.0000,0.0000,0.0000,1.0000
32.1530,108.57,0.0000,0.0400,0.0000,-0.0005,-0.0001,-0.0008,0.0000,0.0000,0.0000,0.0000,0.0000,1.0000
32.1730,108.57,0.0000,0.0400,0.0000,-0.0005,-0.0001,-0.0008,0.0000,0.0000,0.0000,0.0000,0.0000,1.0000
32.1930,108.57,0.0000,0.0400,0.0000,-0.0005,-0.0001,-0.0008,0.0000,0.0000,0.0000,0.0000,0.0000,1.0000
32.2130,108.57,0.0000,0.0400,0.0000,-0.0005,-0.0001,-0.0008,0.0000,0.0000,0.0000,0.0000,0.0000,1.0000
32.2330,108.57,0.0000,0.0400,0.0000,-0.0005,-0.0001,-0.0008,0.0000,0.0000,0.0000,0.0000,0.0000,1.0000
32.2530,108.57,0.0000,0.0400,0.0000,-0.0005,-0.0001,-0.0008,0.0000,0.0000,0.0000,0.0000,0.0000,1.0000
32.2730,108.57,0.0000,0.0400,0.0000,-0.0005,-0.0001,-0.0008,0.0000,0.0000,0.0000,0.0000,0.0000,1.0000
32.2930,108.57,0.0000,0.0400,0.0000,-0.0005,-0.0001,-0.0008,0.0000,0.0000,0.0000,0.0000,0.0000,1.0000
32.3130,108.57,0.0000,0.0400,0.0000,-0.0005,-0.0001,-0.0008,0.0000,0.0000,0.0000,0.0000,0.0000,1.0000
32.3330,108.57,0.0000,0.0400,0.0000,-0.0005,-0.0001,-0.0008,0.0000,0.0000,0.0000,0.0000,0.0000,1.0000
32.3530,108.57,0.0000,0.0400,0.0000,-0.0005,-0.0001,-0.0008,0.0000,0.0000,0.0000,0.0000,0.0000,1.0000
32.3730,106.38,0.0000,0.0400,0.0000,-0.0005,-0.0001,-0.0008,0.0000,0.0000,0.0000,0.0000,0.0000,1.0000
32.3930,106.38,0.0000,0.0400,0.0000,-0.0005,-0.0001,-0.0008,0.0000,0.0000,0.0000,0.0000,0.0000,1.0000
32.4130,106.38,0.0000,0.0400,0.0000,-0.0005,-0.0001,-0.0008,0.0000,0.0000,0.0000,0.0000,0.0000,1.0000
32.4330,106.38,0.0000,0.0400,0.0000,-0.0005,-0.0001,-0.0008,0.0000,0.0000,0.0000,0.0000,0.0000,1.0000
32.4530,106.38,0.0000,0.0400,0.0000,-0.0005,-0.0001,-0.0008,0.0000,0.0000,0.0000,0.0000,0.0000,1.0000
32.4730,106.38,0.0000,0.0400,0.0000,-0.0005,-0.0001,-0.0008,0.0000,0.0000,0.0000,0.0000,0.0000,1.0000
32.4930,106.38,0.0000,0.0400,0.0000,-0.0005,-0.0001,-0.0008,0.0000,0.0000,0.0000,0.0000,0.0000,1.0000
32.5130,106.38,0.0000,0.0400,0.0000,-0.0005,-0.0001,-0.0008,0.0000,0.0000,0.0000,0.0000,0.0000,1.0000
32.5330,106.38,0.0000,0.0400,0.0000,-0.0005,-0.0001,-0.0008,0.0000,0.0000,0.0000,0.0000,0.0000,1.0000
32.5530,106.38,0.0000,0.0400,0.0000,-0.0005,-0.0001,-0.0008,0.0000,0.0000,0.0000,0.0000,0.0000,1.0000
32.5730,106.38,0.0000,0.0400,0.0000,-0.0005,-0.0001,-0.0008,0.0000,0.0000,0.0000,0.0000,0.0000,1.0000
32.5930,106.38,0.0000,0.0400,0.0000,-0.0005,-0.0001,-0.0008,0.0000,0.0000,0.0000,0.0000,0.0000,1.0000
32.6130,106.38,0.0000,0.0400,0.0000,-0.0005,-0.0001,-0.0008,0.0000,0.0000,0.0000,0.0000,0.0000,1.0000
32.6330,106.38,0.0000,0.0400,0.0000,-0.0005,-0.0001,-0.0008,0.0000,0.0000,0.0000,0.0000,0.0000,1.0000
32.6530,106.38,0.0000,0.0400,0.0000,-0.0005,-0.0001,-0.0008,0.0000,0.0000,0.0000,0.0000,0.0000,1.0000
32.6730,106.38,0.0000,0.0400,0.0000,-0.0005,-0.0001,-0.0008,0.0000,0.0000,0.0000,0.0000,0.0000,1.0000
32.6930,106.38,0.0000,0.0400,0.0000,-0.0005,-0.0001,-0.0008,0.0000,0.0000,0.0000,0.0000,0.0000,1.0000
32.7130,106.38,0.0000,0.0400,0.0000,-0.0005,-0.0001,-0.0008,0.0000,0.0000,0.0000,0.0000,0.0000,1.0000
32.7330,106.38,0.0000,0.0400,0.0000,-0.0005,-0.0001,-0.0008,0.0000,0.0000,0.0000,0.0000,0.0000,1.0000
32.7530,106.38,0.0000,0.0400,0.0000,-0.0005,-0.0001,-0.0008,0.0000,0.0000,0.0000,0.0000,0.0000,1.0000
32.7730,106.38,0.0000,0.0400,0.0000,-0.0005,-0.0001,-0.0008,0.0000,0.0000,0.0000,0.0000,0.0000,1.0000
32.7930,106.38,0.0000,0.0400,0.0000,-0.0005,-0.0001,-0.0008,0.0000,0.0000,0.0000,0.0000,0.0000,1.0000
32.8130,106.38,0.0000,0.0400,0.0000,-0.0005,-0.0001,-0.0008,0.0000,0.0000,0.0000,0.0000,0.0000,1.0000
32.8330,106.38,0.0000,0.0400,0.0000,-0.0005,-0.0001,-0.0008,0.0000,0.0000,0.0000,0.0000,0.0000,1.0000
32.8530,106.38,0.0000,0.0400,0.0000,-0.0005,-0.0001,-0.0008,0.0000,0.0000,0.0000,0.0000,0.0000,1.0000
32.8730,106.38,0.0000,0.0400,0.0000,-0.0005,-0.0001,-0.0008,0.0000,0.0000,0.0000,0.0000,0.0000,1.0000
32.8930,106.38,0.0000,0.0400,0.0000,-0.0005,-0.0001,-0.0008,0.0000,0.0000,0.0000,0.0000,0.0000,1.0000
32.9130,106.38,0.0000,0.0400,0.0000,-0.0005,-0.0001,-0.0008,0.0000,0.0000,0.0000,0.0000,0.0000,1.0000
32.9330,106.38,0.0000,0.0400,0.0000,-0.0005,-0.0001,-0.0008,0.0000,0.0000,0.0000,0.0000,0.0000,1.0000
32.9530,106.38,0.0000,0.0400,0.0000,-0.0005,-0.0001,-0.0008,0.0000,0.0000,0.0000,0.0000,0.0000,1.0000
32.9730,106.38,0.0000,0.0400,0.0000,-0.0005,-0.0001,-0.0008,0.0000,0.0000,0.0000,0.0000,0.0000,1.0000
32.9930,106.38,0.0000,0.0400,0.0000,-0.0005,-0.0001,-0.0008,0.0000,0.0000,0.0000,0.0000,0.0000,1.0000
33.0130,106.38,0.0000,0.0400,0.0000,-0.0005,-0.0001,-0.0008,0.0000,0.0000,0.0000,0.0000,0.0000,1.0000
33.0330,106.38,0.0000,0.0400,0.0000,-0.0005,-0.0001,-0.0008,0.0000,0.0000,0.0000,0.0000,0.0000,1.0000
33.0530,106.38,0.0000,0.0400,0.0000,-0.0005,-0.0001,-0.0008,0.0000,0.0000,0.0000,0.0000,0.0000,1.0000
33.0730,106.38,0.0000,0.0400,0.0000,-0.0005,-0.0001,-0.0008,0.0000,0.0000,0.0000,0.0000,0.0000,1.0000
33.0930,106.38,0.0000,0.0400,0.0000,-0.0005,-0.0001,-0.0008,0.0000,0.0000,0.0000,0.0000,0.0000,1.0000
33.1130,106.38,0.0000,0.0400,0.0000,-0.0005,-0.0001,-0.0008,0.0000,0.0000,0.0000,0.0000,0.0000,1.0000
33.1330,106.38,0.0000,0.0400,0.0000,-0.0005,-0.0001,-0.0008,0.0000,0.0000,0.0000,0.0000,0.0000,1.0000
33.1530,106.38,0.0000,0.0400,0.0000,-0.0005,-0.0001,-0.0008,0.0000,0.0000,0.0000,0.0000,0.0000,1.0000
33.1730,106.38,0.0000,0.0400,0.0000,-0.0005,-0.0001,-0.0008,0.0000,0.0000,0.0000,0.0000,0.0000,1.0000
33.1930,106.38,0.0000,0.0400,0.0000,-0.0005,-0.0001,-0.0008,0.0000,0.0000,0.0000,0.0000,0.0000,1.0000
33.2130,106.38,0.0000,0.0400,0.0000,-0.0005,-0.0001,-0.0008,0.0000,0.0000,0.0000,0.0000,0.0000,1.0000
33.2330,106.38,0.0000,0.0400,0.0000,-0.0005,-0.0001,-0.0008,0.0000,0.0000,0.0000,0.0000,0.0000,1.0000
33.2530,106.38,0.0000,0.0400,0.0000,-0.0005,-0.0001,-0.0008,0.0000,0.0000,0.0000,0.0000,0.0000,1.0000
33.2730,106.38,0.0000,0.0400,0.0000,-0.0005,-0.0001,-0.0008,0.0000,0.0000,0.0000,0.0000,0.0000,1.0000
33.2930,106.38,0.0000,0.0400,0.0000,-0.0005,-0.0001,-0.0008,0.0000,0.0000,0.0000,0.0000,0.0000,1.0000
33.3130,106.38,0.0000,0.0400,0.0000,-0.0005,-0.0001,-0.0008,0.0000,0.0000,0.0000,0.0000,0.0000,1.0000
33.3330,106.38,0.0000,0.0400,0.0000,-0.0005,-0.0001,-0.0008,0.0000,0.0000,0.0000,0.0000,0.0000,1.0000
33.3530,106.38,0.0000,0.0400,0.0000,-0.0005,-0.0001,-0.0008,0.0000,0.0000,0.0000,0.0000,0.0000,1.0000
33.3730,121.93,0.0000,0.0400,0.0000,-0.0005,-0.0001,-0.0008,0.0000,0.0000,0.0000,0.0000,0.0000,1.0000
33.3930,121.93,0.0000,0.0400,0.0000,-0.0005,-0.0001,-0.0008,0.0000,0.0000,0.0000,0.0000,0.0000,1.0000
33.4130,121.93,0.0000,0.0400,0.0000,-0.0005,-0.0001,-0.0008,0.0000,0.0000,0.0000,0.0000,0.0000,1.0000
33.4330,121.93,0.0000,0.0400,0.0000,-0.0005,-0.0001,-0.0008,0.0000,0.0000,0.0000,0.0000,0.0000,1.0000
33.4530,121.93,0.0000,0.0400,0.0000,-0.0005,-0.0001,-0.0008,0.0000,0.0000,0.0000,0.0000,0.0000,1.0000
33.4730,121.93,0.0000,0.0400,0.0000,-0.0005,-0.0001,-0.0008,0.0000,0.0000,0.0000,0.0000,0.0000,1.0000
33.4930,121.93,0.0000,0.0400,0.0000,-0.0005,-0.0001,-0.0008,0.0000,0.0000,0.0000,0.0000,0.0000,1.0000
33.5130,121.93,0.0000,0.0400,0.0000,-0.0005,-0.0001,-0.0008,0.0000,0.0000,0.0000,0.0000,0.0000,1.0000
33.5330,121.93,0.0000,0.0400,0.0000,-0.0005,-0.0001,-0.0008,0.0000,0.0000,0.0000,0.0000,0.0000,1.0000
33.5530,121.93,0.0000,0.0400,0.0000,-0.0005,-0.0001,-0.0008,0.0000,0.0000,0.0000,0.0000,0.0000,1.0000
33.5730,121.93,0.0000,0.0400,0.0000,-0.0005,-0.0001,-0.0008,0.0000,0.0000,0.0000,0.0000,0.0000,1.0000
33.5930,121.93,0.0000,0.0400,0.0000,-0.0005,-0.0001,-0.0008,0.0000,0.0000,0.0000,0.0000,0.0000,1.0000
33.6130,121.93,0.0000,0.0400,0.0000,-0.0005,-0.0001,-0.0008,0.0000,0.0000,0.0000,0.0000,0.0000,1.0000
33.6330,121.93,0.0000,0.0400,0.0000,-0.0005,-0.0001,-0.0008,0.0000,0.0000,0.0000,0.0000,0.0000,1.0000
33.6530,121.93,0.0000,0.0400,0.0000,-0.0005,-0.0001,-0.0008,0.0000,0.0000,0.0000,0.0000,0.0000,1.0000
33.6730,121.93,0.0000,0.0400,0.0000,-0.0005,-0.0001,-0.0008,0.0000,0.0000,0.0000,0.0000,0.0000,1.0000
33.6930,121.93,0.0000,0.0400,0.0000,-0.0005,-0.0001,-0.0008,0.0000,0.0000,0.0000,0.0000,0.0000,1.0000
33.7130,121.93,0.0000,0.0400,0.0000,-0.0005,-0.0001,-0.0008,0.0000,0.0000,0.0000,0.0000,0.0000,1.0000
33.7330,121.93,0.0000,0.0400,0.0000,-0.0005,-0.0001,-0.0008,0.0000,0.0000,0.0000,0.0000,0.0000,1.0000
33.7530,121.93,0.0000,0.0400,0.0000,-0.0005,-0.0001,-0.0008,0.0000,0.0000,0.0000,0.0000,0.0000,1.0000
33.7730,121.93,0.0000,0.0400,0.0000,-0.0005,-0.0001,-0.0008,0.0000,0.0000,0.0000,0.0000,0.0000,1.0000
33.7930,121.93,0.0000,0.0400,0.0000,-0.0005,-0.0001,-0.0008,0.0000,0.0000,0.0000,0.0000,0.0000,1.0000
33.8130,121.93,0.0000,0.0400,0.0000,-0.0005,-0.0001,-0.0008,0.0000,0.0000,0.0000,0.0000,0.0000,1.0000
33.8330,121.93,0.0000,0.0400,0.0000,-0.0005,-0.0001,-0.0008,0.0000,0.0000,0.0000,0.0000,0.0000,1.0000
33.8530,121.93,0.0000,0.0400,0.0000,-0.0005,-0.0001,-0.0008,0.0000,0.0000,0.0000,0.0000,0.0000,1.0000
33.8730,121.93,0.0000,0.0400,0.0000,-0.0005,-0.0001,-0.0008,0.0000,0.0000,0.0000,0.0000,0.0000,1.0000
33.8930,121.93,0.0000,0.0400,0.0000,-0.0005,-0.0001,-0.0008,0.0000,0.0000,0.0000,0.0000,0.0000,1.0000
33.9130,121.93,0.0000,0.0400,0.0000,-0.0005,-0.0001,-0.0008,0.0000,0.0000,0.0000,0.0000,0.0000,1.0000
33.9330,121.93,0.0000,0.0400,0.0000,-0.0005,-0.0001,-0.0008,0.0000,0.0000,0.0000,0.0000,0.0000,1.0000
33.9530,121.93,0.0000,0.0400,0.0000,-0.0005,-0.0001,-0.0008,0.0000,0.0000,0.0000,0.0000,0.0000,1.0000
33.9730,121.93,0.0000,0.0400,0.0000,-0.0005,-0.0001,-0.0008,0.0000,0.0000,0.0000,0.0000,0.0000,1.0000
33.9930,121.93,0.0000,0.0400,0.0000,-0.0005,-0.0001,-0.0008,0.0000,0.0000,0.0000,0.0000,0.0000,1.0000
34.0130,121.93,0.0000,0.0400,0.0000,-0.0005,-0.0001,-0.0008,0.0000,0.0000,0.0000,0.0000,0.0000,1.0000
34.0330,121.93,0.0000,0.0400,0.0000,-0.0005,-0.0001,-0.0008,0.0000,0.0000,0.0000,0.0000,0.0000,1.0000
34.0530,121.93,0.0000,0.0400,0.0000,-0.0005,-0.0001,-0.0008,0.0000,0.0000,0.0000,0.0000,0.0000,1.0000
34.0730,121.93,0.0000,0.0400,0.0000,-0.0005,-0.0001,-0.0008,0.0000,0.0000,0.0000,0.0000,0.0000,1.0000
34.0930,121.93,0.0000,0.0400,0.0000,-0.0005,-0.0001,-0.0008,0.0000,0.0000,0.0000,0.0000,0.0000,1.0000
34.1130,121.93,0.0000,0.0400,0.0000,-0.0005,-0.0001,-0.0008,0.0000,0.0000,0.0000,0.0000,0.0000,1.0000
34.1330,121.93,0.0000,0.0400,0.0000,-0.0005,-0.0001,-0.0008,0.0000,0.0000,0.0000,0.0000,0.0000,1.0000
34.1530,121.93,0.0000,0.0400,0.0000,-0.0005,-0.0001,-0.0008,0.0000,0.0000,0.0000,0.0000,0.0000,1.0000
34.1730,121.93,0.0000,0.0400,0.0000,-0.0005,-0.0001,-0.0008,0.0000,0.0000,0.0000,0.0000,0.0000,1.0000
34.1930,121.93,0.0000,0.0400,0.0000,-0.0005,-0.0001,-0.0008,0.0000,0.0000,0.0000,0.0000,0.0000,1.0000
34.2130,121.93,0.0000,0.0400,0.0000,-0.0005,-0.0001,-0.0008,0.0000,0.0000,0.0000,0.0000,0.0000,1.0000
34.2330,121.93,0.0000,0.0400,0.0000,-0.0005,-0.0001,-0.0008,0.0000,0.0000,0.0000,0.0000,0.0000,1.0000
34.2530,121.93,0.0000,0.0400,0.0000,-0.0005,-0.0001,-0.0008,0.0000,0.0000,0.0000,0.0000,0.0000,1.0000
34.2730,121.93,0.0000,0.0400,0.0000,-0.0005,-0.0001,-0.0008,0.0000,0.0000,0.0000,0.0000,0.0000,1.0000
34.2930,121.93,0.0000,0.0400,0.0000,-0.0005,-0.0001,-0.0008,0.0000,0.0000,0.0000,0.0000,0.0000,1.0000
34.3130,121.93,0.0000,0.0400,0.0000,-0.0005,-0.0001,-0.0008,0.0000,0.0000,0.0000,0.0000,0.0000,1.0000
34.3330,121.93,0.0000,0.0400,0.0000,-0.0005,-0.0001,-0.0008,0.0000,0.0000,0.0000,0.0000,0.0000,1.0000
34.3530,121.93,0.0000,0.0400,0.0000,-0.0005,-0.0001,-0.0008,0.0000,0.0000,0.0000,0.0000,0.0000,1.0000
34.3730,107.26,0.0000,0.0400,0.0000,-0.0005,-0.0001,-0.0008,0.0000,0.0000,0.0000,0.0000,0.0000,1.0000
34.3930,107.26,0.0000,0.0400,0.0000,-0.0005,-0.0001,-0.0008,0.0000,0.0000,0.0000,0.0000,0.0000,1.0000
34.4130,107.26,0.0000,0.0400,0.0000,-0.0005,-0.0001,-0.0008,0.0000,0.0000,0.0000,0.0000,0.0000,1.0000
34.4330,107.26,0.0000,0.0400,0.0000,-0.0005,-0.0001,-0.0008,0.0000,0.0000,0.0000,0.0000,0.0000,1.0000
34.4530,107.26,0.0000,0.0400,0.0000,-0.0005,-0.0001,-0.0008,0.0000,0.0000,0.0000,0.0000,0.0000,1.0000
34.4730,107.26,0.0000,0.0400,0.0000,-0.0005,-0.0001,-0.0008,0.0000,0.0000,0.0000,0.0000,0.0000,1.0000
34.4930,107.26,0.0000,0.0400,0.0000,-0.0005,-0.0001,-0.0008,0.0000,0.0000,0.0000,0.0000,0.0000,1.0000
34.5130,107.26,0.0000,0.0400,0.0000,-0.0005,-0.0001,-0.0008,0.0000,0.0000,0.0000,0.0000,0.0000,1.0000
34.5330,107.26,0.0000,0.0400,0.0000,-0.0005,-0.0001,-0.0008,0.0000,0.0000,0.0000,0.0000,0.0000,1.0000
34.5530,107.26,0.0000,0.0400,0.0000,-0.0005,-0.0001,-0.0008,0.0000,0.0000,0.0000,0.0000,0.0000,1.0000
34.5730,107.26,0.0000,0.0400,0.0000,-0.0005,-0.0001,-0.0008,0.0000,0.0000,0.0000,0.0000,0.0000,1.0000
34.5930,107.26,0.0000,0.0400,0.0000,-0.0005,-0.0001,-0.0008,0.0000,0.0000,0.0000,0.0000,0.0000,1.0000
34.6130,107.26,0.0000,0.0400,0.0000,-0.0005,-0.0001,-0.0008,0.0000,0.0000,0.0000,0.0000,0.0000,1.0000
34.6330,107.26,0.0000,0.0400,0.0000,-0.0005,-0.0001,-0.0008,0.0000,0.0000,0.0000,0.0000,0.0000,1.0000
34.6530,107.26,0.0000,0.0400,0.0000,-0.0005,-0.0001,-0.0008,0.0000,0.0000,0.0000,0.0000,0.0000,1.0000
34.6730,107.26,0.0000,0.0400,0.0000,-0.0005,-0.0001,-0.0008,0.0000,0.0000,0.0000,0.0000,0.0000,1.0000
34.6930,107.26,0.0000,0.0400,0.0000,-0.0005,-0.0001,-0.0008,0.0000,0.0000,0.0000,0.0000,0.0000,1.0000
34.7130,107.26,0.0000,0.0400,0.0000,-0.0005,-0.0001,-0.0008,0.0000,0.0000,0.0000,0.0000,0.0000,1.0000
34.7330,107.26,0.0000,0.0400,0.0000,-0.0005,-0.0001,-0.0008,0.0000,0.0000,0.0000,0.0000,0.0000,1.0000
34.7530,107.26,0.0000,0.0400,0.0000,-0.0005,-0.0001,-0.0008,0.0000,0.0000,0.0000,0.0000,0.0000,1.0000
34.7730,107.26,0.0000,0.0400,0.0000,-0.0005,-0.0001,-0.0008,0.0000,0.0000,0.0000,0.0000,0.0000,1.0000
34.7930,107.26,0.0000,0.0400,0.0000,-0.0005,-0.0001,-0.0008,0.0000,0.0000,0.0000,0.0000,0.0000,1.0000
34.8130,107.26,0.0000,0.0400,0.0000,-0.0005,-0.0001,-0.0008,0.0000,0.0000,0.0000,0.0000,0.0000,1.0000
34.8330,107.26,0.0000,0.0400,0.0000,-0.0005,-0.0001,-0.0008,0.0000,0.0000,0.0000,0.0000,0.0000,1.0000
34.8530,107.26,0.0000,0.0400,0.0000,-0.0005,-0.0001,-0.0008,0.0000,0.0000,0.0000,0.0000,0.0000,1.0000
34.8730,107.26,0.0000,0.0400,0.0000,-0.0005,-0.0001,-0.0008,0.0000,0.0000,0.0000,0.0000,0.0000,1.0000
34.8930,107.26,0.0000,0.0400,0.0000,-0.0005,-0.0001,-0.0008,0.0000,0.0000,0.0000,0.0000,0.0000,1.0000
34.9130,107.26,0.0000,0.0400,0.0000,-0.0005,-0.0001,-0.0008,0.0000,0.0000,0.0000,0.0000,0.0000,1.0000
34.9330,107.26,0.0000,0.0400,0.0000,-0.0005,-0.0001,-0.0008,0.0000,0.0000,0.0000,0.0000,0.0000,1.0000
34.9530,107.26,0.0000,0.0400,0.0000,-0.0005,-0.0001,-0.0008,0.0000,0.0000,0.0000,0.0000,0.0000,1.0000
34.9730,107.26,0.0000,0.0400,0.0000,-0.0005,-0.0001,-0.0008,0.0000,0.0000,0.0000,0.0000,0.0000,1.0000
34.9930,107.26,0.0000,0.0400,0.0000,-0.0005,-0.0001,-0.0008,0.0000,0.0000,0.0000,0.0000,0.0000,1.0000
35.0130,107.26,0.0000,0.0400,0.0000,-0.0005,-0.0001,-0.0008,0.0000,0.0000,0.0000,0.0000,0.0000,1.0000
35.0330,107.26,0.0000,0.0400,0.0000,-0.0005,-0.0001,-0.0008,0.0000,0.0000,0.0000,0.0000,0.0000,1.0000
35.0530,107.26,0.0000,0.0400,0.0000,-0.0005,-0.0001,-0.0008,0.0000,0.0000,0.0000,0.0000,0.0000,1.0000
35.0730,107.26,0.0000,0.0400,0.0000,-0.0005,-0.0001,-0.0008,0.0000,0.0000,0.0000,0.0000,0.0000,1.0000
35.0930,107.26,0.0000,0.0400,0.0000,-0.0005,-0.0001,-0.0008,0.0000,0.0000,0.0000,0.0000,0.0000,1.0000
35.1130,107.26,0.0000,0.0400,0.0000,-0.0005,-0.0001,-0.0008,0.0000,0.0000,0.0000,0.0000,0.0000,1.0000
35.1330,107.26,0.0000,0.0400,0.0000,-0.0005,-0.0001,-0.0008,0.0000,0.0000,0.0000,0.0000,0.0000,1.0000
35.1530,107.26,0.0000,0.0400,0.0000,-0.0005,-0.0001,-0.0008,0.0000,0.0000,0.0000,0.0000,0.0000,1.0000
35.1730,107.26,0.0000,0.0400,0.0000,-0.0005,-0.0001,-0.0008,0.0000,0.0000,0.0000,0.0000,0.0000,1.0000
35.1930,107.26,0.0000,0.0400,0.0000,-0.0005,-0.0001,-0.0008,0.0000,0.0000,0.0000,0.0000,0.0000,1.0000
35.2130,107.26,0.0000,0.0400,0.0000,-0.0005,-0.0001,-0.0008,0.0000,0.0000,0.0000,0.0000,0.0000,1.0000
35.2330,107.26,0.0000,0.0400,0.0000,-0.0005,-0.0001,-0.0008,0.0000,0.0000,0.0000,0.0000,0.0000,1.0000
35.2530,107.26,0.0000,0.0400,0.0000,-0.0005,-0.0001,-0.0008,0.0000,0.0000,0.0000,0.0000,0.0000,1.0000
35.2730,107.26,0.0000,0.0400,0.0000,-0.0005,-0.0001,-0.0008,0.0000,0.0000,0.0000,0.0000,0.0000,1.0000
35.2930,107.26,0.0000,0.0400,0.0000,-0.0005,-0.0001,-0.0008,0.0000,0.0000,0.0000,0.0000,0.0000,1.0000
35.3130,107.26,0.0000,0.0400,0.0000,-0.0005,-0.0001,-0.0008,0.0000,0.0000,0.0000,0.0000,0.0000,1.0000
35.3330,107.26,0.0000,0.0400,0.0000,-0.0005,-0.0001,-0.0008,0.0000,0.0000,0.0000,0.0000,0.0000,1.0000
35.3530,107.26,0.0000,0.0400,0.0000,-0.0005,-0.0001,-0.0008,0.0000,0.0000,0.0000,0.0000,0.0000,1.0000
35.3730,97.66,0.0000,0.0400,0.0000,-0.0005,-0.0001,-0.0008,0.0000,0.0000,0.0000,0.0000,0.0000,1.0000
35.3930,97.66,0.0000,0.0400,0.0000,-0.0005,-0.0001,-0.0008,0.0000,0.0000,0.0000,0.0000,0.0000,1.0000
35.4130,97.66,0.0000,0.0400,0.0000,-0.0005,-0.0001,-0.0008,0.0000,0.0000,0.0000,0.0000,0.0000,1.0000
35.4330,97.66,0.0000,0.0400,0.0000,-0.0005,-0.0001,-0.0008,0.0000,0.0000,0.0000,0.0000,0.0000,1.0000
35.4530,97.66,0.0000,0.0400,0.0000,-0.0005,-0.0001,-0.0008,0.0000,0.0000,0.0000,0.0000,0.0000,1.0000
35.4730,97.66,0.0000,0.0400,0.0000,-0.0005,-0.0001,-0.0008,0.0000,0.0000,0.0000,0.0000,0.0000,1.0000
35.4930,97.66,0.0000,0.0400,0.0000,-0.0005,-0.0001,-0.0008,0.0000,0.0000,0.0000,0.0000,0.0000,1.0000
35.5130,97.66,0.0000,0.0400,0.0000,-0.0005,-0.0001,-0.0008,0.0000,0.0000,0.0000,0.0000,0.0000,1.0000
35.5330,97.66,0.0000,0.0400,0.0000,-0.0005,-0.0001,-0.0008,0.0000,0.0000,0.0000,0.0000,0.0000,1.0000
35.5530,97.66,0.0000,0.0400,0.0000,-0.0005,-0.0001,-0.0008,0.0000,0.0000,0.0000,0.0000,0.0000,1.0000
35.5730,97.66,0.0000,0.0400,0.0000,-0.0005,-0.0001,-0.0008,0.0000,0.0000,0.0000,0.0000,0.0000,1.0000
35.5930,97.66,0.0000,0.0400,0.0000,-0.0005,-0.0001,-0.0008,0.0000,0.0000,0.0000,0.0000,0.0000,1.0000
35.6130,97.66,0.0000,0.0400,0.0000,-0.0005,-0.0001,-0.0008,0.0000,0.0000,0.0000,0.0000,0.0000,1.0000
35.6330,97.66,0.0000,0.0400,0.0000,-0.0005,-0.0001,-0.0008,0.0000,0.0000,0.0000,0.0000,0.0000,1.0000
35.6530,97.66,0.0000,0.0400,0.0000,-0.0005,-0.0001,-0.0008,0.0000,0.0000,0.0000,0.0000,0.0000,1.0000
35.6730,97.66,0.0000,0.0400,0.0000,-0.0005,-0.0001,-0.0008,0.0000,0.0000,0.0000,0.0000,0.0000,1.0000
35.6930,97.66,0.0000,0.0400,0.0000,-0.0005,-0.0001,-0.0008,0.0000,0.0000,0.0000,0.0000,0.0000,1.0000
35.7130,97.66,0.0000,0.0400,0.0000,-0.0005,-0.0001,-0.0008,0.0000,0.0000,0.0000,0.0000,0.0000,1.0000
35.7330,97.66,0.0000,0.0400,0.0000,-0.0005,-0.0001,-0.0008,0.0000,0.0000,0.0000,0.0000,0.0000,1.0000
35.7530,97.66,0.0000,0.0400,0.0000,-0.0005,-0.0001,-0.0008,0.0000,0.0000,0.0000,0.0000,0.0000,1.0000
35.7730,97.66,0.0000,0.0400,0.0000,-0.0005,-0.0001,-0.0008,0.0000,0.0000,0.0000,0.0000,0.0000,1.0000
35.7930,97.66,0.0000,0.0400,0.0000,-0.0005,-0.0001,-0.0008,0.0000,0.0000,0.0000,0.0000,0.0000,1.0000
35.8130,97.66,0.0000,0.0400,0.0000,-0.0005,-0.0001,-0.0008,0.0000,0.0000,0.0000,0.0000,0.0000,1.0000
35.8330,97.66,0.0000,0.0400,0.0000,-0.0005,-0.0001,-0.0008,0.0000,0.0000,0.0000,0.0000,0.0000,1.0000
35.8530,97.66,0.0000,0.0400,0.0000,-0.0005,-0.0001,-0.0008,0.0000,0.0000,0.0000,0.0000,0.0000,1.0000
35.8730,97.66,0.0000,0.0400,0.0000,-0.0005,-0.0001,-0.0008,0.0000,0.0000,0.0000,0.0000,0.0000,1.0000
35.8930,97.66,0.0000,0.0400,0.0000,-0.0005,-0.0001,-0.0008,0.0000,0.0000,0.0000,0.0000,0.0000,1.0000
35.9130,97.66,0.0000,0.0400,0.0000,-0.0005,-0.0001,-0.0008,0.0000,0.0000,0.0000,0.0000,0.0000,1.0000
35.9330,97.66,0.0000,0.0400,0.0000,-0.0005,-0.0001,-0.0008,0.0000,0.0000,0.0000,0.0000,0.0000,1.0000
35.9530,97.66,0.0000,0.0400,0.0000,-0.0005,-0.0001,-0.0008,0.0000,0.0000,0.0000,0.0000,0.0000,1.0000
35.9730,97.66,0.0000,0.0400,0.0000,-0.0005,-0.0001,-0.0008,0.0000,0.0000,0.0000,0.0000,0.0000,1.0000
35.9930,97.66,0.0000,0.0400,0.0000,-0.0005,-0.0001,-0.0008,0.0000,0.0000,0.0000,0.0000,0.0000,1.0000
36.0130,97.66,0.0000,0.0400,0.0000,-0.0005,-0.0001,-0.0008,0.0000,0.0000,0.0000,0.0000,0.0000,1.0000
36.0330,97.66,0.0000,0.0400,0.0000,-0.0005,-0.0001,-0.0008,0.0000,0.0000,0.0000,0.0000,0.0000,1.0000
36.0530,97.66,0.0000,0.0400,0.0000,-0.0005,-0.0001,-0.0008,0.0000,0.0000,0.0000,0.0000,0.0000,1.0000
36.0730,97.66,0.0000,0.0400,0.0000,-0.0005,-0.0001,-0.0008,0.0000,0.0000,0.0000,0.0000,0.0000,1.0000
36.0930,97.66,0.0000,0.0400,0.0000,-0.0005,-0.0001,-0.0008,0.0000,0.0000,0.0000,0.0000,0.0000,1.0000
36.1130,97.66,0.0000,0.0400,0.0000,-0.0005,-0.0001,-0.0008,0.0000,0.0000,0.0000,0.0000,0.0000,1.0000
36.1330,97.66,0.0000,0.0400,0.0000,-0.0005,-0.0001,-0.0008,0.0000,0.0000,0.0000,0.0000,0.0000,1.0000
36.1530,97.66,0.0000,0.0400,0.0000,-0.0005,-0.0001,-0.0008,0.0000,0.0000,0.0000,0.0000,0.0000,1.0000
36.1730,97.66,0.0000,0.0400,0.0000,-0.0005,-0.0001,-0.0008,0.0000,0.0000,0.0000,0.0000,0.0000,1.0000
36.1930,97.66,0.0000,0.0400,0.0000,-0.0005,-0.0001,-0.0008,0.0000,0.0000,0.0000,0.0000,0.0000,1.0000
36.2130,97.66,0.0000,0.0400,0.0000,-0.0005,-0.0001,-0.0008,0.0000,0.0000,0.0000,0.0000,0.0000,1.0000
36.2330,97.66,0.0000,0.0400,0.0000,-0.0005,-0.0001,-0.0008,0.0000,0.0000,0.0000,0.0000,0.0000,1.0000
36.2530,97.66,0.0000,0.0400,0.0000,-0.0005,-0.0001,-0.0008,0.0000,0.0000,0.0000,0.0000,0.0000,1.0000
36.2730,97.66,0.0000,0.0400,0.0000,-0.0005,-0.0001,-0.0008,0.0000,0.0000,0.0000,0.0000,0.0000,1.0000
36.2930,97.66,0.0000,0.0400,0.0000,-0.0005,-0.0001,-0.0008,0.0000,0.0000,0.0000,0.0000,0.0000,1.0000
36.3130,97.66,0.0000,0.0400,0.0000,-0.0005,-0.0001,-0.0008,0.0000,0.0000,0.0000,0.0000,0.0000,1.0000
36.3330,97.66,0.0000,0.0400,0.0000,-0.0005,-0.0001,-0.0008,0.0000,0.0000,0.0000,0.0000,0.0000,1.0000
36.3530,97.66,0.0000,0.0400,0.0000,-0.0005,-0.0001,-0.0008,0.0000,0.0000,0.0000,0.0000,0.0000,1.0000
36.3730,97.66,0.0000,0.0400,0.0000,-0.0005,-0.0001,-0.0008,0.0000,0.0000,0.0000,0.0000,0.0000,1.0000
36.3930,112.73,0.0000,0.0400,0.0000,-0.0005,-0.0001,-0.0008,0.0000,0.0000,0.0000,0.0000,0.0000,1.0000
36.4130,112.73,0.0000,0.0400,0.0000,-0.0005,-0.0001,-0.0008,0.0000,0.0000,0.0000,0.0000,0.0000,1.0000
36.4330,112.73,0.0000,0.0400,0.0000,-0.0005,-0.0001,-0.0008,0.0000,0.0000,0.0000,0.0000,0.0000,1.0000
36.4530,112.73,0.0000,0.0400,0.0000,-0.0005,-0.0001,-0.0008,0.0000,0.0000,0.0000,0.0000,0.0000,1.0000
36.4730,112.73,0.0000,0.0400,0.0000,-0.0005,-0.0001,-0.0008,0.0000,0.0000,0.0000,0.0000,0.0000,1.0000
36.4930,112.73,0.0000,0.0400,0.0000,-0.0005,-0.0001,-0.0008,0.0000,0.0000,0.0000,0.0000,0.0000,1.0000
36.5130,112.73,0.0000,0.0400,0.0000,-0.0005,-0.0001,-0.0008,0.0000,0.0000,0.0000,0.0000,0.0000,1.0000
36.5330,112.73,0.0000,0.0400,0.0000,-0.0005,-0.0001,-0.0008,0.0000,0.0000,0.0000,0.0000,0.0000,1.0000
36.5530,112.73,0.0000,0.0400,0.0000,-0.0005,-0.0001,-0.0008,0.0000,0.0000,0.0000,0.0000,0.0000,1.0000
36.5730,112.73,0.0000,0.0400,0.0000,-0.0005,-0.0001,-0.0008,0.0000,0.0000,0.0000,0.0000,0.0000,1.0000
36.5930,112.73,0.0000,0.0400,0.0000,-0.0005,-0.0001,-0.0008,0.0000,0.0000,0.0000,0.0000,0.0000,1.0000
36.6130,112.73,0.0000,0.0400,0.0000,-0.0005,-0.0001,-0.0008,0.0000,0.0000,0.0000,0.0000,0.0000,1.0000
36.6330,112.73,0.0000,0.0400,0.0000,-0.0005,-0.0001,-0.0008,0.0000,0.0000,0.0000,0.0000,0.0000,1.0000
36.6530,112.73,0.0000,0.0400,0.0000,-0.0005,-0.0001,-0.0008,0.0000,0.0000,0.0000,0.0000,0.0000,1.0000
36.6730,112.73,0.0000,0.0400,0.0000,-0.0005,-0.0001,-0.0008,0.0000,0.0000,0.0000,0.0000,0.0000,1.0000
36.6930,112.73,0.0000,0.0400,0.0000,-0.0005,-0.0001,-0.0008,0.0000,0.0000,0.0000,0.0000,0.0000,1.0000
36.7130,112.73,0.0000,0.0400,0.0000,-0.0005,-0.0001,-0.0008,0.0000,0.0000,0.0000,0.0000,0.0000,1.0000
36.7330,112.73,0.0000,0.0400,0.0000,-0.0005,-0.0001,-0.0008,0.0000,0.0000,0.0000,0.0000,0.0000,1.0000
36.7530,112.73,0.0000,0.0400,0.0000,-0.0005,-0.0001,-0.0008,0.0000,0.0000,0.0000,0.0000,0.0000,1.0000
36.7730,112.73,0.0000,0.0400,0.0000,-0.0005,-0.0001,-0.0008,0.0000,0.0000,0.0000,0.0000,0.0000,1.0000
36.7930,112.73,0.0000,0.0400,0.0000,-0.0005,-0.0001,-0.0008,0.0000,0.0000,0.0000,0.0000,0.0000,1.0000
36.8130,112.73,0.0000,0.0400,0.0000,-0.0005,-0.0001,-0.0008,0.0000,0.0000,0.0000,0.0000,0.0000,1.0000
36.8330,112.73,0.0000,0.0400,0.0000,-0.0005,-0.0001,-0.0008,0.0000,0.0000,0.0000,0.0000,0.0000,1.0000
36.8530,112.73,0.0000,0.0400,0.0000,-0.0005,-0.0001,-0.0008,0.0000,0.0000,0.0000,0.0000,0.0000,1.0000
36.8730,112.73,0.0000,0.0400,0.0000,-0.0005,-0.0001,-0.0008,0.0000,0.0000,0.0000,0.0000,0.0000,1.0000
36.8930,112.73,0.0000,0.0400,0.0000,-0.0005,-0.0001,-0.0008,0.0000,0.0000,0.0000,0.0000,0.0000,1.0000
36.9130,112.73,0.0000,0.0400,0.0000,-0.0005,-0.0001,-0.0008,0.0000,0.0000,0.0000,0.0000,0.0000,1.0000
36.9330,112.73,0.0000,0.0400,0.0000,-0.0005,-0.0001,-0.0008,0.0000,0.0000,0.0000,0.0000,0.0000,1.0000
36.9530,112.73,0.0000,0.0400,0.0000,-0.0005,-0.0001,-0.0008,0.0000,0.0000,0.0000,0.0000,0.0000,1.0000
36.9730,112.73,0.0000,0.0400,0.0000,-0.0005,-0.0001,-0.0008,0.0000,0.0000,0.0000,0.0000,0.0000,1.0000
36.9930,112.73,0.0000,0.0400,0.0000,-0.0005,-0.0001,-0.0008,0.0000,0.0000,0.0000,0.0000,0.0000,1.0000
37.0130,112.73,0.0000,0.0400,0.0000,-0.0005,-0.0001,-0.0008,0.0000,0.0000,0.0000,0.0000,0.0000,1.0000
37.0330,112.73,0.0000,0.0400,0.0000,-0.0005,-0.0001,-0.0008,0.0000,0.0000,0.0000,0.0000,0.0000,1.0000
37.0530,112.73,0.0000,0.0400,0.0000,-0.0005,-0.0001,-0.0008,0.0000,0.0000,0.0000,0.0000,0.0000,1.0000
37.0730,112.73,0.0000,0.0400,0.0000,-0.0005,-0.0001,-0.0008,0.0000,0.0000,0.0000,0.0000,0.0000,1.0000
37.0930,112.73,0.0000,0.0400,0.0000,-0.0005,-0.0001,-0.0008,0.0000,0.0000,0.0000,0.0000,0.0000,1.0000
37.1130,112.73,0.0000,0.0400,0.0000,-0.0005,-0.0001,-0.0008,0.0000,0.0000,0.0000,0.0000,0.0000,1.0000
37.1330,112.73,0.0000,0.0400,0.0000,-0.0005,-0.0001,-0.0008,0.0000,0.0000,0.0000,0.0000,0.0000,1.0000
37.1530,112.73,0.0000,0.0400,0.0000,-0.0005,-0.0001,-0.0008,0.0000,0.0000,0.0000,0.0000,0.0000,1.0000
37.1730,112.73,0.0000,0.0400,0.0000,-0.0005,-0.0001,-0.0008,0.0000,0.0000,0.0000,0.0000,0.0000,1.0000
37.1930,112.73,0.0000,0.0400,0.0000,-0.0005,-0.0001,-0.0008,0.0000,0.0000,0.0000,0.0000,0.0000,1.0000
37.2130,112.73,0.0000,0.0400,0.0000,-0.0005,-0.0001,-0.0008,0.0000,0.0000,0.0000,0.0000,0.0000,1.0000
37.2330,112.73,0.0000,0.0400,0.0000,-0.0005,-0.0001,-0.0008,0.0000,0.0000,0.0000,0.0000,0.0000,1.0000
37.2530,112.73,0.0000,0.0400,0.0000,-0.0005,-0.0001,-0.0008,0.0000,0.0000,0.0000,0.0000,0.0000,1.0000
37.2730,112.73,0.0000,0.0400,0.0000,-0.0005,-0.0001,-0.0008,0.0000,0.0000,0.0000,0.0000,0.0000,1.0000
37.2930,112.73,0.0000,0.0400,0.0000,-0.0005,-0.0001,-0.0008,0.0000,0.0000,0.0000,0.0000,0.0000,1.0000
37.3130,112.73,0.0000,0.0400,0.0000,-0.0005,-0.0001,-0.0008,0.0000,0.0000,0.0000,0.0000,0.0000,1.0000
37.3330,112.73,0.0000,0.0400,0.0000,-0.0005,-0.0001,-0.0008,0.0000,0.0000,0.0000,0.0000,0.0000,1.0000
37.3530,112.73,0.0000,0.0400,0.0000,-0.0005,-0.0001,-0.0008,0.0000,0.0000,0.0000,0.0000,0.0000,1.0000
37.3730,112.73,0.0000,0.0400,0.0000,-0.0005,-0.0001,-0.0008,0.0000,0.0000,0.0000,0.0000,0.0000,1.0000
37.3930,112.86,0.0000,0.0400,0.0000,-0.0005,-0.0001,-0.0008,0.0000,0.0000,0.0000,0.0000,0.0000,1.0000
37.4130,112.86,0.0000,0.0400,0.0000,-0.0005,-0.0001,-0.0008,0.0000,0.0000,0.0000,0.0000,0.0000,1.0000
37.4330,112.86,0.0000,0.0400,0.0000,-0.0005,-0.0001,-0.0008,0.0000,0.0000,0.0000,0.0000,0.0000,1.0000
37.4530,112.86,0.0000,0.0400,0.0000,-0.0005,-0.0001,-0.0008,0.0000,0.0000,0.0000,0.0000,0.0000,1.0000
37.4730,112.86,0.0000,0.0400,0.0000,-0.0005,-0.0001,-0.0008,0.0000,0.0000,0.0000,0.0000,0.0000,1.0000
37.4930,112.86,0.0000,0.0400,0.0000,-0.0005,-0.0001,-0.0008,0.0000,0.0000,0.0000,0.0000,0.0000,1.0000
37.5130,112.86,0.0000,0.0400,0.0000,-0.0005,-0.0001,-0.0008,0.0000,0.0000,0.0000,0.0000,0.0000,1.0000
37.5330,112.86,0.0000,0.0400,0.0000,-0.0005,-0.0001,-0.0008,0.0000,0.0000,0.0000,0.0000,0.0000,1.0000
37.5530,112.86,0.0000,0.0400,0.0000,-0.0005,-0.0001,-0.0008,0.0000,0.0000,0.0000,0.0000,0.0000,1.0000
37.5730,112.86,0.0000,0.0400,0.0000,-0.0005,-0.0001,-0.0008,0.0000,0.0000,0.0000,0.0000,0.0000,1.0000
37.5930,112.86,0.0000,0.0400,0.0000,-0.0005,-0.0001,-0.0008,0.0000,0.0000,0.0000,0.0000,0.0000,1.0000
37.6130,112.86,0.0000,0.0400,0.0000,-0.0005,-0.0001,-0.0008,0.0000,0.0000,0.0000,0.0000,0.0000,1.0000
37.6330,112.86,0.0000,0.0400,0.0000,-0.0005,-0.0001,-0.0008,0.0000,0.0000,0.0000,0.0000,0.0000,1.0000
37.6530,112.86,0.0000,0.0400,0.0000,-0.0005,-0.0001,-0.0008,0.0000,0.0000,0.0000,0.0000,0.0000,1.0000
37.6730,112.86,0.0000,0.0400,0.0000,-0.0005,-0.0001,-0.0008,0.0000,0.0000,0.0000,0.0000,0.0000,1.0000
37.6930,112.86,0.0000,0.0400,0.0000,-0.0005,-0.0001,-0.0008,0.0000,0.0000,0.0000,0.0000,0.0000,1.0000
37.7130,112.86,0.0000,0.0400,0.0000,-0.0005,-0.0001,-0.0008,0.0000,0.0000,0.0000,0.0000,0.0000,1.0000
37.7330,112.86,0.0000,0.0400,0.0000,-0.0005,-0.0001,-0.0008,0.0000,0.0000,0.0000,0.0000,0.0000,1.0000
37.7530,112.86,0.0000,0.0400,0.0000,-0.0005,-0.0001,-0.0008,0.0000,0.0000,0.0000,0.0000,0.0000,1.0000
37.7730,112.86,0.0000,0.0400,0.0000,-0.0005,-0.0001,-0.0008,0.0000,0.0000,0.0000,0.0000,0.0000,1.0000
37.7930,112.86,0.0000,0.0400,0.0000,-0.0005,-0.0001,-0.0008,0.0000,0.0000,0.0000,0.0000,0.0000,1.0000
37.8130,112.86,0.0000,0.0400,0.0000,-0.0005,-0.0001,-0.0008,0.0000,0.0000,0.0000,0.0000,0.0000,1.0000
37.8330,112.86,0.0000,0.0400,0.0000,-0.0005,-0.0001,-0.0008,0.0000,0.0000,0.0000,0.0000,0.0000,1.0000
37.8530,112.86,0.0000,0.0400,0.0000,-0.0005,-0.0001,-0.0008,0.0000,0.0000,0.0000,0.0000,0.0000,1.0000
37.8730,112.86,0.0000,0.0400,0.0000,-0.0005,-0.0001,-0.0008,0.0000,0.0000,0.0000,0.0000,0.0000,1.0000
37.8930,112.86,0.0000,0.0400,0.0000,-0.0005,-0.0001,-0.0008,0.0000,0.0000,0.0000,0.0000,0.0000,1.0000
37.9130,112.86,0.0000,0.0400,0.0000,-0.0005,-0.0001,-0.0008,0.0000,0.0000,0.0000,0.0000,0.0000,1.0000
37.9330,112.86,0.0000,0.0400,0.0000,-0.0005,-0.0001,-0.0008,0.0000,0.0000,0.0000,0.0000,0.0000,1.0000
37.9530,112.86,0.0000,0.0400,0.0000,-0.0005,-0.0001,-0.0008,0.0000,0.0000,0.0000,0.0000,0.0000,1.0000
37.9730,112.86,0.0000,0.0400,0.0000,-0.0005,-0.0001,-0.0008,0.0000,0.0000,0.0000,0.0000,0.0000,1.0000
37.9930,112.86,0.0000,0.0400,0.0000,-0.0005,-0.0001,-0.0008,0.0000,0.0000,0.0000,0.0000,0.0000,1.0000
38.0130,112.86,0.0000,0.0400,0.0000,-0.0005,-0.0001,-0.0008,0.0000,0.0000,0.0000,0.0000,0.0000,1.0000
38.0330,112.86,0.0000,0.0400,0.0000,-0.0005,-0.0001,-0.0008,0.0000,0.0000,0.0000,0.0000,0.0000,1.0000
38.0530,112.86,0.0000,0.0400,0.0000,-0.0005,-0.0001,-0.0008,0.0000,0.0000,0.0000,0.0000,0.0000,1.0000
38.0730,112.86,0.0000,0.0400,0.0000,-0.0005,-0.0001,-0.0008,0.0000,0.0000,0.0000,0.0000,0.0000,1.0000
38.0930,112.86,0.0000,0.0400,0.0000,-0.0005,-0.0001,-0.0008,0.0000,0.0000,0.0000,0.0000,0.0000,1.0000
38.1130,112.86,0.0000,0.0400,0.0000,-0.0005,-0.0001,-0.0008,0.0000,0.0000,0.0000,0.0000,0.0000,1.0000
38.1330,112.86,0.0000,0.0400,0.0000,-0.0005,-0.0001,-0.0008,0.0000,0.0000,0.0000,0.0000,0.0000,1.0000
38.1530,112.86,0.0000,0.0400,0.0000,-0.0005,-0.0001,-0.0008,0.0000,0.0000,0.0000,0.0000,0.0000,1.0000
38.1730,112.86,0.0000,0.0400,0.0000,-0.0005,-0.0001,-0.0008,0.0000,0.0000,0.0000,0.0000,0.0000,1.0000
38.1930,112.86,0.0000,0.0400,0.0000,-0.0005,-0.0001,-0.0008,0.0000,0.0000,0.0000,0.0000,0.0000,1.0000
38.2130,112.86,0.0000,0.0400,0.0000,-0.0005,-0.0001,-0.0008,0.0000,0.0000,0.0000,0.0000,0.0000,1.0000
38.2330,112.86,0.0000,0.0400,0.0000,-0.0005,-0.0001,-0.0008,0.0000,0.0000,0.0000,0.0000,0.0000,1.0000
38.2530,112.86,0.0000,0.0400,0.0000,-0.0005,-0.0001,-0.0008,0.0000,0.0000,0.0000,0.0000,0.0000,1.0000
38.2730,112.86,0.0000,0.0400,0.0000,-0.0005,-0.0001,-0.0008,0.0000,0.0000,0.0000,0.0000,0.0000,1.0000
38.2930,112.86,0.0000,0.0400,0.0000,-0.0005,-0.0001,-0.0008,0.0000,0.0000,0.0000,0.0000,0.0000,1.0000
38.3130,112.86,0.0000,0.0400,0.0000,-0.0005,-0.0001,-0.0008,0.0000,0.0000,0.0000,0.0000,0.0000,1.0000
38.3330,112.86,0.0000,0.0400,0.0000,-0.0005,-0.0001,-0.0008,0.0000,0.0000,0.0000,0.0000,0.0000,1.0000
38.3530,112.86,0.0000,0.0400,0.0000,-0.0005,-0.0001,-0.0008,0.0000,0.0000,0.0000,0.0000,0.0000,1.0000
38.3730,112.86,0.0000,0.0400,0.0000,-0.0005,-0.0001,-0.0008,0.0000,0.0000,0.0000,0.0000,0.0000,1.0000
38.3930,93.55,0.0000,0.0400,0.0000,-0.0005,-0.0001,-0.0008,0.0000,0.0000,0.0000,0.0000,0.0000,1.0000
38.4130,93.55,0.0000,0.0400,0.0000,-0.0005,-0.0001,-0.0008,0.0000,0.0000,0.0000,0.0000,0.0000,1.0000
38.4330,93.55,0.0000,0.0400,0.0000,-0.0005,-0.0001,-0.0008,0.0000,0.0000,0.0000,0.0000,0.0000,1.0000
38.4530,93.55,0.0000,0.0400,0.0000,-0.0005,-0.0001,-0.0008,0.0000,0.0000,0.0000,0.0000,0.0000,1.0000
38.4730,93.55,0.0000,0.0400,0.0000,-0.0005,-0.0001,-0.0008,0.0000,0.0000,0.0000,0.0000,0.0000,1.0000
38.4930,93.55,0.0000,0.0400,0.0000,-0.0005,-0.0001,-0.0008,0.0000,0.0000,0.0000,0.0000,0.0000,1.0000
38.5130,93.55,0.0000,0.0400,0.0000,-0.0005,-0.0001,-0.0008,0.0000,0.0000,0.0000,0.0000,0.0000,1.0000
38.5330,93.55,0.0000,0.0400,0.0000,-0.0005,-0.0001,-0.0008,0.0000,0.0000,0.0000,0.0000,0.0000,1.0000
38.5530,93.55,0.0000,0.0400,0.0000,-0.0005,-0.0001,-0.0008,0.0000,0.0000,0.0000,0.0000,0.0000,1.0000
38.5730,93.55,0.0000,0.0400,0.0000,-0.0005,-0.0001,-0.0008,0.0000,0.0000,0.0000,0.0000,0.0000,1.0000
38.5930,93.55,0.0000,0.0400,0.0000,-0.0005,-0.0001,-0.0008,0.0000,0.0000,0.0000,0.0000,0.0000,1.0000
38.6130,93.55,0.0000,0.0400,0.0000,-0.0005,-0.0001,-0.0008,0.0000,0.0000,0.0000,0.0000,0.0000,1.0000
38.6330,93.55,0.0000,0.0400,0.0000,-0.0005,-0.0001,-0.0008,0.0000,0.0000,0.0000,0.0000,0.0000,1.0000
38.6530,93.55,0.0000,0.0400,0.0000,-0.0005,-0.0001,-0.0008,0.0000,0.0000,0.0000,0.0000,0.0000,1.0000
38.6730,93.55,0.0000,0.0400,0.0000,-0.0005,-0.0001,-0.0008,0.0000,0.0000,0.0000,0.0000,0.0000,1.0000
38.6930,93.55,0.0000,0.0400,0.0000,-0.0005,-0.0001,-0.0008,0.0000,0.0000,0.0000,0.0000,0.0000,1.0000
38.7130,93.55,0.0000,0.0400,0.0000,-0.0005,-0.0001,-0.0008,0.0000,0.0000,0.0000,0.0000,0.0000,1.0000
38.7330,93.55,0.0000,0.0400,0.0000,-0.0005,-0.0001,-0.0008,0.0000,0.0000,0.0000,0.0000,0.0000,1.0000
38.7530,93.55,0.0000,0.0400,0.0000,-0.0005,-0.0001,-0.0008,0.0000,0.0000,0.0000,0.0000,0.0000,1.0000
38.7730,93.55,0.0000,0.0400,0.0000,-0.0005,-0.0001,-0.0008,0.0000,0.0000,0.0000,0.0000,0.0000,1.0000
38.7930,93.55,0.0000,0.0400,0.0000,-0.0005,-0.0001,-0.0008,0.0000,0.0000,0.0000,0.0000,0.0000,1.0000
38.8130,93.55,0.0000,0.0400,0.0000,-0.0005,-0.0001,-0.0008,0.0000,0.0000,0.0000,0.0000,0.0000,1.0000
38.8330,93.55,0.0000,0.0400,0.0000,-0.0005,-0.0001,-0.0008,0.0000,0.0000,0.0000,0.0000,0.0000,1.0000
38.8530,93.55,0.0000,0.0400,0.0000,-0.0005,-0.0001,-0.0008,0.0000,0.0000,0.0000,0.0000,0.0000,1.0000
38.8730,93.55,0.0000,0.0400,0.0000,-0.0005,-0.0001,-0.0008,0.0000,0.0000,0.0000,0.0000,0.0000,1.0000
38.8930,93.55,0.0000,0.0400,0.0000,-0.0005,-0.0001,-0.0008,0.0000,0.0000,0.0000,0.0000,0.0000,1.0000
38.9130,93.55,0.0000,0.0400,0.0000,-0.0005,-0.0001,-0.0008,0.0000,0.0000,0.0000,0.0000,0.0000,1.0000
38.9330,93.55,0.0000,0.0400,0.0000,-0.0005,-0.0001,-0.0008,0.0000,0.0000,0.0000,0.0000,0.0000,1.0000
38.9530,93.55,0.0000,0.0400,0.0000,-0.0005,-0.0001,-0.0008,0.0000,0.0000,0.0000,0.0000,0.0000,1.0000
38.9730,93.55,0.0000,0.0400,0.0000,-0.0005,-0.0001,-0.0008,0.0000,0.0000,0.0000,0.0000,0.0000,1.0000
38.9930,93.55,0.0000,0.0400,0.0000,-0.0005,-0.0001,-0.0008,0.0000,0.0000,0.0000,0.0000,0.0000,1.0000
39.0130,93.55,0.0000,0.0400,0.0000,-0.0005,-0.0001,-0.0008,0.0000,0.0000,0.0000,0.0000,0.0000,1.0000
39.0330,93.55,0.0000,0.0400,0.0000,-0.0005,-0.0001,-0.0008,0.0000,0.0000,0.0000,0.0000,0.0000,1.0000
39.0530,93.55,0.0000,0.0400,0.0000,-0.0005,-0.0001,-0.0008,0.0000,0.0000,0.0000,0.0000,0.0000,1.0000
39.0730,93.55,0.0000,0.0400,0.0000,-0.0005,-0.0001,-0.0008,0.0000,0.0000,0.0000,0.0000,0.0000,1.0000
39.0930,93.55,0.0000,0.0400,0.0000,-0.0005,-0.0001,-0.0008,0.0000,0.0000,0.0000,0.0000,0.0000,1.0000
39.1130,93.55,0.0000,0.0400,0.0000,-0.0005,-0.0001,-0.0008,0.0000,0.0000,0.0000,0.0000,0.0000,1.0000
39.1330,93.55,0.0000,0.0400,0.0000,-0.0005,-0.0001,-0.0008,0.0000,0.0000,0.0000,0.0000,0.0000,1.0000
39.1530,93.55,0.0000,0.0400,0.0000,-0.0005,-0.0001,-0.0008,0.0000,0.0000,0.0000,0.0000,0.0000,1.0000
39.1730,93.55,0.0000,0.0400,0.0000,-0.0005,-0.0001,-0.0008,0.0000,0.0000,0.0000,0.0000,0.0000,1.0000
39.1930,93.55,0.0000,0.0400,0.0000,-0.0005,-0.0001,-0.0008,0.0000,0.0000,0.0000,0.0000,0.0000,1.0000
39.2130,93.55,0.0000,0.0400,0.0000,-0.0005,-0.0001,-0.0008,0.0000,0.0000,0.0000,0.0000,0.0000,1.0000
39.2330,93.55,0.0000,0.0400,0.0000,-0.0005,-0.0001,-0.0008,0.0000,0.0000,0.0000,0.0000,0.0000,1.0000
39.2530,93.55,0.0000,0.0400,0.0000,-0.0005,-0.0001,-0.0008,0.0000,0.0000,0.0000,0.0000,0.0000,1.0000
39.2730,93.55,0.0000,0.0400,0.0000,-0.0005,-0.0001,-0.0008,0.0000,0.0000,0.0000,0.0000,0.0000,1.0000
39.2930,93.55,0.0000,0.0400,0.0000,-0.0005,-0.0001,-0.0008,0.0000,0.0000,0.0000,0.0000,0.0000,1.0000
39.3130,93.55,0.0000,0.0400,0.0000,-0.0005,-0.0001,-0.0008,0.0000,0.0000,0.0000,0.0000,0.0000,1.0000
39.3330,93.55,0.0000,0.0400,0.0000,-0.0005,-0.0001,-0.0008,0.0000,0.0000,0.0000,0.0000,0.0000,1.0000
39.3530,93.55,0.0000,0.0400,0.0000,-0.0005,-0.0001,-0.0008,0.0000,0.0000,0.0000,0.0000,0.0000,1.0000
39.3730,93.55,0.0000,0.0400,0.0000,-0.0005,-0.0001,-0.0008,0.0000,0.0000,0.0000,0.0000,0.0000,1.0000
39.3930,93.55,0.0000,0.0400,0.0000,-0.0005,-0.0001,-0.0008,0.0000,0.0000,0.0000,0.0000,0.0000,1.0000
39.4130,92.50,0.0000,0.0400,0.0000,-0.0005,-0.0001,-0.0008,0.0000,0.0000,0.0000,0.0000,0.0000,1.0000
39.4330,92.50,0.0000,0.0400,0.0000,-0.0005,-0.0001,-0.0008,0.0000,0.0000,0.0000,0.0000,0.0000,1.0000
39.4530,92.50,0.0000,0.0400,0.0000,-0.0005,-0.0001,-0.0008,0.0000,0.0000,0.0000,0.0000,0.0000,1.0000
39.4730,92.50,0.0000,0.0400,0.0000,-0.0005,-0.0001,-0.0008,0.0000,0.0000,0.0000,0.0000,0.0000,1.0000
39.4930,92.50,0.0000,0.0400,0.0000,-0.0005,-0.0001,-0.0008,0.0000,0.0000,0.0000,0.0000,0.0000,1.0000
39.5130,92.50,0.0000,0.0400,0.0000,-0.0005,-0.0001,-0.0008,0.0000,0.0000,0.0000,0.0000,0.0000,1.0000
39.5330,92.50,0.0000,0.0400,0.0000,-0.0005,-0.0001,-0.0008,0.0000,0.0000,0.0000,0.0000,0.0000,1.0000
39.5530,92.50,0.0000,0.0400,0.0000,-0.0005,-0.0001,-0.0008,0.0000,0.0000,0.0000,0.0000,0.0000,1.0000
39.5730,92.50,0.0000,0.0400,0.0000,-0.0005,-0.0001,-0.0008,0.0000,0.0000,0.0000,0.0000,0.0000,1.0000
39.5930,92.50,0.0000,0.0400,0.0000,-0.0005,-0.0001,-0.0008,0.0000,0.0000,0.0000,0.0000,0.0000,1.0000
39.6130,92.50,0.0000,0.0400,0.0000,-0.0005,-0.0001,-0.0008,0.0000,0.0000,0.0000,0.0000,0.0000,1.0000
39.6330,92.50,0.0000,0.0400,0.0000,-0.0005,-0.0001,-0.0008,0.0000,0.0000,0.0000,0.0000,0.0000,1.0000
39.6530,92.50,0.0000,0.0400,0.0000,-0.0005,-0.0001,-0.0008,0.0000,0.0000,0.0000,0.0000,0.0000,1.0000
39.6730,92.50,0.0000,0.0400,0.0000,-0.0005,-0.0001,-0.0008,0.0000,0.0000,0.0000,0.0000,0.0000,1.0000
39.6930,92.50,0.0000,0.0400,0.0000,-0.0005,-0.0001,-0.0008,0.0000,0.0000,0.0000,0.0000,0.0000,1.0000
39.7130,92.50,0.0000,0.0400,0.0000,-0.0005,-0.0001,-0.0008,0.0000,0.0000,0.0000,0.0000,0.0000,1.0000
39.7330,92.50,0.0000,0.0400,0.0000,-0.0005,-0.0001,-0.0008,0.0000,0.0000,0.0000,0.0000,0.0000,1.0000
39.7530,92.50,0.0000,0.0400,0.0000,-0.0005,-0.0001,-0.0008,0.0000,0.0000,0.0000,0.0000,0.0000,1.0000
39.7730,92.50,0.0000,0.0400,0.0000,-0.0005,-0.0001,-0.0008,0.0000,0.0000,0.0000,0.0000,0.0000,1.0000
39.7930,92.50,0.0000,0.0400,0.0000,-0.0005,-0.0001,-0.0008,0.0000,0.0000,0.0000,0.0000,0.0000,1.0000
39.8130,92.50,0.0000,0.0400,0.0000,-0.0005,-0.0001,-0.0008,0.0000,0.0000,0.0000,0.0000,0.0000,1.0000
39.8330,92.50,0.0000,0.0400,0.0000,-0.0005,-0.0001,-0.0008,0.0000,0.0000,0.0000,0.0000,0.0000,1.0000
39.8530,92.50,0.0000,0.0400,0.0000,-0.0005,-0.0001,-0.0008,0.0000,0.0000,0.0000,0.0000,0.0000,1.0000
39.8730,92.50,0.0000,0.0400,0.0000,-0.0005,-0.0001,-0.0008,0.0000,0.0000,0.0000,0.0000,0.0000,1.0000
39.8930,92.50,0.0000,0.0400,0.0000,-0.0005,-0.0001,-0.0008,0.0000,0.0000,0.0000,0.0000,0.0000,1.0000
39.9130,92.50,0.0000,0.0400,0.0000,-0.0005,-0.0001,-0.0008,0.0000,0.0000,0.0000,0.0000,0.0000,1.0000
39.9330,92.50,0.0000,0.0400,0.0000,-0.0005,-0.0001,-0.0008,0.0000,0.0000,0.0000,0.0000,0.0000,1.0000
39.9530,92.50,0.0000,0.0400,0.0000,-0.0005,-0.0001,-0.0008,0.0000,0.0000,0.0000,0.0000,0.0000,1.0000
39.9730,92.50,0.0000,0.0400,0.0000,-0.0005,-0.0001,-0.0008,0.0000,0.0000,0.0000,0.0000,0.0000,1.0000
39.9930,92.50,0.0000,0.0400,0.0000,-0.0005,-0.0001,-0.0008,0.0000,0.0000,0.0000,0.0000,0.0000,1.0000
40.0130,92.50,0.0000,0.0400,0.0000,-0.0005,-0.0001,-0.0008,0.0000,0.0000,0.0000,0.0000,0.0000,1.0000
40.0330,92.50,0.0000,0.0400,0.0000,-0.0005,-0.0001,-0.0008,0.0000,0.0000,0.0000,0.0000,0.0000,1.0000
40.0530,92.50,0.0000,0.0400,0.0000,-0.0005,-0.0001,-0.0008,0.0000,0.0000,0.0000,0.0000,0.0000,1.0000
40.0730,92.50,0.0000,0.0400,0.0000,-0.0005,-0.0001,-0.0008,0.0000,0.0000,0.0000,0.0000,0.0000,1.0000
40.0930,92.50,0.0000,0.0400,0.0000,-0.0005,-0.0001,-0.0008,0.0000,0.0000,0.0000,0.0000,0.0000,1.0000
40.1130,92.50,0.0000,0.0400,0.0000,-0.0005,-0.0001,-0.0008,0.0000,0.0000,0.0000,0.0000,0.0000,1.0000
40.1330,92.50,0.0000,0.0400,0.0000,-0.0005,-0.0001,-0.0008,0.0000,0.0000,0.0000,0.0000,0.0000,1.0000
40.1530,92.50,0.0000,0.0400,0.0000,-0.0005,-0.0001,-0.0008,0.0000,0.0000,0.0000,0.0000,0.0000,1.0000
40.1730,92.50,0.0000,0.0400,0.0000,-0.0005,-0.0001,-0.0008,0.0000,0.0000,0.0000,0.0000,0.0000,1.0000
40.1930,92.50,0.0000,0.0400,0.0000,-0.0005,-0.0001,-0.0008,0.0000,0.0000,0.0000,0.0000,0.0000,1.0000
40.2130,92.50,0.0000,0.0400,0.0000,-0.0005,-0.0001,-0.0008,0.0000,0.0000,0.0000,0.0000,0.0000,1.0000
40.2330,92.50,0.0000,0.0400,0.0000,-0.0005,-0.0001,-0.0008,0.0000,0.0000,0.0000,0.0000,0.0000,1.0000
40.2530,92.50,0.0000,0.0400,0.0000,-0.0005,-0.0001,-0.0008,0.0000,0.0000,0.0000,0.0000,0.0000,1.0000
40.2730,92.50,0.0000,0.0400,0.0000,-0.0005,-0.0001,-0.0008,0.0000,0.0000,0.0000,0.0000,0.0000,1.0000
40.2930,92.50,0.0000,0.0400,0.0000,-0.0005,-0.0001,-0.0008,0.0000,0.0000,0.0000,0.0000,0.0000,1.0000
40.3130,92.50,0.0000,0.0400,0.0000,-0.0005,-0.0001,-0.0008,0.0000,0.0000,0.0000,0.0000,0.0000,1.0000
40.3330,92.50,0.0000,0.0400,0.0000,-0.0005,-0.0001,-0.0008,0.0000,0.0000,0.0000,0.0000,0.0000,1.0000
40.3530,92.50,0.0000,0.0400,0.0000,-0.0005,-0.0001,-0.0008,0.0000,0.0000,0.0000,0.0000,0.0000,1.0000
40.3730,92.50,0.0000,0.0400,0.0000,-0.0005,-0.0001,-0.0008,0.0000,0.0000,0.0000,0.0000,0.0000,1.0000
40.3930,92.50,0.0000,0.0400,0.0000,-0.0005,-0.0001,-0.0008,0.0000,0.0000,0.0000,0.0000,0.0000,1.0000
40.4130,95.62,0.0000,0.0400,0.0000,-0.0005,-0.0001,-0.0008,0.0000,0.0000,0.0000,0.0000,0.0000,1.0000
40.4330,95.62,0.0000,0.0400,0.0000,-0.0005,-0.0001,-0.0008,0.0000,0.0000,0.0000,0.0000,0.0000,1.0000
40.4530,95.62,0.0000,0.0400,0.0000,-0.0005,-0.0001,-0.0008,0.0000,0.0000,0.0000,0.0000,0.0000,1.0000
40.4730,95.62,0.0000,0.0400,0.0000,-0.0005,-0.0001,-0.0008,0.0000,0.0000,0.0000,0.0000,0.0000,1.0000
40.4930,95.62,0.0000,0.0400,0.0000,-0.0005,-0.0001,-0.0008,0.0000,0.0000,0.0000,0.0000,0.0000,1.0000
40.5130,95.62,0.0000,0.0400,0.0000,-0.0005,-0.0001,-0.0008,0.0000,0.0000,0.0000,0.0000,0.0000,1.0000
40.5330,95.62,0.0000,0.0400,0.0000,-0.0005,-0.0001,-0.0008,0.0000,0.0000,0.0000,0.0000,0.0000,1.0000
40.5530,95.62,0.0000,0.0400,0.0000,-0.0005,-0.0001,-0.0008,0.0000,0.0000,0.0000,0.0000,0.0000,1.0000
40.5730,95.62,0.0000,0.0400,0.0000,-0.0005,-0.0001,-0.0008,0.0000,0.0000,0.0000,0.0000,0.0000,1.0000
40.5930,95.62,0.0000,0.0400,0.0000,-0.0005,-0.0001,-0.0008,0.0000,0.0000,0.0000,0.0000,0.0000,1.0000
40.6130,95.62,0.0000,0.0400,0.0000,-0.0005,-0.0001,-0.0008,0.0000,0.0000,0.0000,0.0000,0.0000,1.0000
40.6330,95.62,0.0000,0.0400,0.0000,-0.0005,-0.0001,-0.0008,0.0000,0.0000,0.0000,0.0000,0.0000,1.0000
40.6530,95.62,0.0000,0.0400,0.0000,-0.0005,-0.0001,-0.0008,0.0000,0.0000,0.0000,0.0000,0.0000,1.0000
40.6730,95.62,0.0000,0.0400,0.0000,-0.0005,-0.0001,-0.0008,0.0000,0.0000,0.0000,0.0000,0.0000,1.0000
40.6930,95.62,0.0000,0.0400,0.0000,-0.0005,-0.0001,-0.0008,0.0000,0.0000,0.0000,0.0000,0.0000,1.0000
40.7130,95.62,0.0000,0.0400,0.0000,-0.0005,-0.0001,-0.0008,0.0000,0.0000,0.0000,0.0000,0.0000,1.0000
40.7330,95.62,0.0000,0.0400,0.0000,-0.0005,-0.0001,-0.0008,0.0000,0.0000,0.0000,0.0000,0.0000,1.0000
40.7530,95.62,0.0000,0.0400,0.0000,-0.0005,-0.0001,-0.0008,0.0000,0.0000,0.0000,0.0000,0.0000,1.0000
40.7730,95.62,0.0000,0.0400,0.0000,-0.0005,-0.0001,-0.0008,0.0000,0.0000,0.0000,0.0000,0.0000,1.0000
40.7930,95.62,0.0000,0.0400,0.0000,-0.0005,-0.0001,-0.0008,0.0000,0.0000,0.0000,0.0000,0.0000,1.0000
40.8130,95.62,0.0000,0.0400,0.0000,-0.0005,-0.0001,-0.0008,0.0000,0.0000,0.0000,0.0000,0.0000,1.0000
40.8330,95.62,0.0000,0.0400,0.0000,-0.0005,-0.0001,-0.0008,0.0000,0.0000,0.0000,0.0000,0.0000,1.0000
40.8530,95.62,0.0000,0.0400,0.0000,-0.0005,-0.0001,-0.0008,0.0000,0.0000,0.0000,0.0000,0.0000,1.0000
40.8730,95.62,0.0000,0.0400,0.0000,-0.0005,-0.0001,-0.0008,0.0000,0.0000,0.0000,0.0000,0.0000,1.0000
40.8930,95.62,0.0000,0.0400,0.0000,-0.0005,-0.0001,-0.0008,0.0000,0.0000,0.0000,0.0000,0.0000,1.0000
40.9130,95.62,0.0000,0.0400,0.0000,-0.0005,-0.0001,-0.0008,0.0000,0.0000,0.0000,0.0000,0.0000,1.0000
40.9330,95.62,0.0000,0.0400,0.0000,-0.0005,-0.0001,-0.0008,0.0000,0.0000,0.0000,0.0000,0.0000,1.0000
40.9530,95.62,0.0000,0.0400,0.0000,-0.0005,-0.0001,-0.0008,0.0000,0.0000,0.0000,0.0000,0.0000,1.0000
40.9730,95.62,0.0000,0.0400,0.0000,-0.0005,-0.0001,-0.0008,0.0000,0.0000,0.0000,0.0000,0.0000,1.0000
40.9930,95.62,0.0000,0.0400,0.0000,-0.0005,-0.0001,-0.0008,0.0000,0.0000,0.0000,0.0000,0.0000,1.0000
41.0130,95.62,0.0000,0.0400,0.0000,-0.0005,-0.0001,-0.0008,0.0000,0.0000,0.0000,0.0000,0.0000,1.0000
41.0330,95.62,0.0000,0.0400,0.0000,-0.0005,-0.0001,-0.0008,0.0000,0.0000,0.0000,0.0000,0.0000,1.0000
41.0530,95.62,0.0000,0.0400,0.0000,-0.0005,-0.0001,-0.0008,0.0000,0.0000,0.0000,0.0000,0.0000,1.0000
41.0730,95.62,0.0000,0.0400,0.0000,-0.0005,-0.0001,-0.0008,0.0000,0.0000,0.0000,0.0000,0.0000,1.0000
41.0930,95.62,0.0000,0.0400,0.0000,-0.0005,-0.0001,-0.0008,0.0000,0.0000,0.0000,0.0000,0.0000,1.0000
41.1130,95.62,0.0000,0.0400,0.0000,-0.0005,-0.0001,-0.0008,0.0000,0.0000,0.0000,0.0000,0.0000,1.0000
41.1330,95.62,0.0000,0.0400,0.0000,-0.0005,-0.0001,-0.0008,0.0000,0.0000,0.0000,0.0000,0.0000,1.0000
41.1530,95.62,0.0000,0.0400,0.0000,-0.0005,-0.0001,-0.0008,0.0000,0.0000,0.0000,0.0000,0.0000,1.0000
41.1730,95.62,0.0000,0.0400,0.0000,-0.0005,-0.0001,-0.0008,0.0000,0.0000,0.0000,0.0000,0.0000,1.0000
41.1930,95.62,0.0000,0.0400,0.0000,-0.0005,-0.0001,-0.0008,0.0000,0.0000,0.0000,0.0000,0.0000,1.0000
41.2130,95.62,0.0000,0.0400,0.0000,-0.0005,-0.0001,-0.0008,0.0000,0.0000,0.0000,0.0000,0.0000,1.0000
41.2330,95.62,0.0000,0.0400,0.0000,-0.0005,-0.0001,-0.0008,0.0000,0.0000,0.0000,0.0000,0.0000,1.0000
41.2530,95.62,0.0000,0.0400,0.0000,-0.0005,-0.0001,-0.0008,0.0000,0.0000,0.0000,0.0000,0.0000,1.0000
41.2730,95.62,0.0000,0.0400,0.0000,-0.0005,-0.0001,-0.0008,0.0000,0.0000,0.0000,0.0000,0.0000,1.0000
41.2930,95.62,0.0000,0.0400,0.0000,-0.0005,-0.0001,-0.0008,0.0000,0.0000,0.0000,0.0000,0.0000,1.0000
41.3130,95.62,0.0000,0.0400,0.0000,-0.0005,-0.0001,-0.0008,0.0000,0.0000,0.0000,0.0000,0.0000,1.0000
41.3330,95.62,0.0000,0.0400,0.0000,-0.0005,-0.0001,-0.0008,0.0000,0.0000,0.0000,0.0000,0.0000,1.0000
41.3530,95.62,0.0000,0.0400,0.0000,-0.0005,-0.0001,-0.0008,0.0000,0.0000,0.0000,0.0000,0.0000,1.0000
41.3730,95.62,0.0000,0.0400,0.0000,-0.0005,-0.0001,-0.0008,0.0000,0.0000,0.0000,0.0000,0.0000,1.0000
41.3930,95.62,0.0000,0.0400,0.0000,-0.0005,-0.0001,-0.0008,0.0000,0.0000,0.0000,0.0000,0.0000,1.0000
41.4130,95.62,0.0000,0.0400,0.0000,-0.0005,-0.0001,-0.0008,0.0000,0.0000,0.0000,0.0000,0.0000,1.0000
41.4330,100.23,0.0000,0.0400,0.0000,-0.0005,-0.0001,-0.0008,0.0000,0.0000,0.0000,0.0000,0.0000,1.0000
41.4530,100.23,0.0000,0.0400,0.0000,-0.0005,-0.0001,-0.0008,0.0000,0.0000,0.0000,0.0000,0.0000,1.0000
41.4730,100.23,0.0000,0.0400,0.0000,-0.0005,-0.0001,-0.0008,0.0000,0.0000,0.0000,0.0000,0.0000,1.0000
41.4930,100.23,0.0000,0.0400,0.0000,-0.0005,-0.0001,-0.0008,0.0000,0.0000,0.0000,0.0000,0.0000,1.0000
41.5130,100.23,0.0000,0.0400,0.0000,-0.0005,-0.0001,-0.0008,0.0000,0.0000,0.0000,0.0000,0.0000,1.0000
41.5330,100.23,0.0000,0.0400,0.0000,-0.0005,-0.0001,-0.0008,0.0000,0.0000,0.0000,0.0000,0.0000,1.0000
41.5530,100.23,0.0000,0.0400,0.0000,-0.0005,-0.0001,-0.0008,0.0000,0.0000,0.0000,0.0000,0.0000,1.0000
41.5730,100.23,0.0000,0.0400,0.0000,-0.0005,-0.0001,-0.0008,0.0000,0.0000,0.0000,0.0000,0.0000,1.0000
41.5930,100.23,0.0000,0.0400,0.0000,-0.0005,-0.0001,-0.0008,0.0000,0.0000,0.0000,0.0000,0.0000,1.0000
41.6130,100.23,0.0000,0.0400,0.0000,-0.0005,-0.0001,-0.0008,0.0000,0.0000,0.0000,0.0000,0.0000,1.0000
41.6330,100.23,0.0000,0.0400,0.0000,-0.0005,-0.0001,-0.0008,0.0000,0.0000,0.0000,0.0000,0.0000,1.0000
41.6530,100.23,0.0000,0.0400,0.0000,-0.0005,-0.0001,-0.0008,0.0000,0.0000,0.0000,0.0000,0.0000,1.0000
41.6730,100.23,0.0000,0.0400,0.0000,-0.0005,-0.0001,-0.0008,0.0000,0.0000,0.0000,0.0000,0.0000,1.0000
41.6930,100.23,0.0000,0.0400,0.0000,-0.0005,-0.0001,-0.0008,0.0000,0.0000,0.0000,0.0000,0.0000,1.0000
41.7130,100.23,0.0000,0.0400,0.0000,-0.0005,-0.0001,-0.0008,0.0000,0.0000,0.0000,0.0000,0.0000,1.0000
41.7330,100.23,0.0000,0.0400,0.0000,-0.0005,-0.0001,-0.0008,0.0000,0.0000,0.0000,0.0000,0.0000,1.0000
41.7530,100.23,0.0000,0.0400,0.0000,-0.0005,-0.0001,-0.0008,0.0000,0.0000,0.0000,0.0000,0.0000,1.0000
41.7730,100.23,0.0000,0.0400,0.0000,-0.0005,-0.0001,-0.0008,0.0000,0.0000,0.0000,0.0000,0.0000,1.0000
41.7930,100.23,0.0000,0.0400,0.0000,-0.0005,-0.0001,-0.0008,0.0000,0.0000,0.0000,0.0000,0.0000,1.0000
41.8130,100.23,0.0000,0.0400,0.0000,-0.0005,-0.0001,-0.0008,0.0000,0.0000,0.0000,0.0000,0.0000,1.0000
41.8330,100.23,0.0000,0.0400,0.0000,-0.0005,-0.0001,-0.0008,0.0000,0.0000,0.0000,0.0000,0.0000,1.0000
41.8530,100.23,0.0000,0.0400,0.0000,-0.0005,-0.0001,-0.0008,0.0000,0.0000,0.0000,0.0000,0.0000,1.0000
41.8730,100.23,0.0000,0.0400,0.0000,-0.0005,-0.0001,-0.0008,0.0000,0.0000,0.0000,0.0000,0.0000,1.0000
41.8930,100.23,0.0000,0.0400,0.0000,-0.0005,-0.0001,-0.0008,0.0000,0.0000,0.0000,0.0000,0.0000,1.0000
41.9130,100.23,0.0000,0.0400,0.0000,-0.0005,-0.0001,-0.0008,0.0000,0.0000,0.0000,0.0000,0.0000,1.0000
41.9330,100.23,0.0000,0.0400,0.0000,-0.0005,-0.0001,-0.0008,0.0000,0.0000,0.0000,0.0000,0.0000,1.0000
41.9530,100.23,0.0000,0.0400,0.0000,-0.0005,-0.0001,-0.0008,0.0000,0.0000,0.0000,0.0000,0.0000,1.0000
41.9730,100.23,0.0000,0.0400,0.0000,-0.0005,-0.0001,-0.0008,0.0000,0.0000,0.0000,0.0000,0.0000,1.0000
41.9930,100.23,0.0000,0.0400,0.0000,-0.0005,-0.0001,-0.0008,0.0000,0.0000,0.0000,0.0000,0.0000,1.0000
42.0130,100.23,0.0000,0.0400,0.0000,-0.0005,-0.0001,-0.0008,0.0000,0.0000,0.0000,0.0000,0.0000,1.0000
42.0330,100.23,0.0000,0.0400,0.0000,-0.0005,-0.0001,-0.0008,0.0000,0.0000,0.0000,0.0000,0.0000,1.0000
42.0530,100.23,0.0000,0.0400,0.0000,-0.0005,-0.0001,-0.0008,0.0000,0.0000,0.0000,0.0000,0.0000,1.0000
42.0730,100.23,0.0000,0.0400,0.0000,-0.0005,-0.0001,-0.0008,0.0000,0.0000,0.0000,0.0000,0.0000,1.0000
42.0930,100.23,0.0000,0.0400,0.0000,-0.0005,-0.0001,-0.0008,0.0000,0.0000,0.0000,0.0000,0.0000,1.0000
42.1130,100.23,0.0000,0.0400,0.0000,-0.0005,-0.0001,-0.0008,0.0000,0.0000,0.0000,0.0000,0.0000,1.0000
42.1330,100.23,0.0000,0.0400,0.0000,-0.0005,-0.0001,-0.0008,0.0000,0.0000,0.0000,0.0000,0.0000,1.0000
42.1530,100.23,0.0000,0.0400,0.0000,-0.0005,-0.0001,-0.0008,0.0000,0.0000,0.0000,0.0000,0.0000,1.0000
42.1730,100.23,0.0000,0.0400,0.0000,-0.0005,-0.0001,-0.0008,0.0000,0.0000,0.0000,0.0000,0.0000,1.0000
42.1930,100.23,0.0000,0.0400,0.0000,-0.0005,-0.0001,-0.0008,0.0000,0.0000,0.0000,0.0000,0.0000,1.0000
42.2130,100.23,0.0000,0.0400,0.0000,-0.0005,-0.0001,-0.0008,0.0000,0.0000,0.0000,0.0000,0.0000,1.0000
42.2330,100.23,0.0000,0.0400,0.0000,-0.0005,-0.0001,-0.0008,0.0000,0.0000,0.0000,0.0000,0.0000,1.0000
42.2530,100.23,0.0000,0.0400,0.0000,-0.0005,-0.0001,-0.0008,0.0000,0.0000,0.0000,0.0000,0.0000,1.0000
42.2730,100.23,0.0000,0.0400,0.0000,-0.0005,-0.0001,-0.0008,0.0000,0.0000,0.0000,0.0000,0.0000,1.0000
42.2930,100.23,0.0000,0.0400,0.0000,-0.0005,-0.0001,-0.0008,0.0000,0.0000,0.0000,0.0000,0.0000,1.0000
42.3130,100.23,0.0000,0.0400,0.0000,-0.0005,-0.0001,-0.0008,0.0000,0.0000,0.0000,0.0000,0.0000,1.0000
42.3330,100.23,0.0000,0.0400,0.0000,-0.0005,-0.0001,-0.0008,0.0000,0.0000,0.0000,0.0000,0.0000,1.0000
42.3530,100.23,0.0000,0.0400,0.0000,-0.0005,-0.0001,-0.0008,0.0000,0.0000,0.0000,0.0000,0.0000,1.0000
42.3730,100.23,0.0000,0.0400,0.0000,-0.0005,-0.0001,-0.0008,0.0000,0.0000,0.0000,0.0000,0.0000,1.0000
42.3930,100.23,0.0000,0.0400,0.0000,-0.0005,-0.0001,-0.0008,0.0000,0.0000,0.0000,0.0000,0.0000,1.0000
42.4130,100.23,0.0000,0.0400,0.0000,-0.0005,-0.0001,-0.0008,0.0000,0.0000,0.0000,0.0000,0.0000,1.0000
42.4330,94.76,0.0000,0.0400,0.0000,-0.0005,-0.0001,-0.0008,0.0000,0.0000,0.0000,0.0000,0.0000,1.0000
42.4530,94.76,0.0000,0.0400,0.0000,-0.0005,-0.0001,-0.0008,0.0000,0.0000,0.0000,0.0000,0.0000,1.0000
42.4730,94.76,0.0000,0.0400,0.0000,-0.0005,-0.0001,-0.0008,0.0000,0.0000,0.0000,0.0000,0.0000,1.0000
42.4930,94.76,0.0000,0.0400,0.0000,-0.0005,-0.0001,-0.0008,0.0000,0.0000,0.0000,0.0000,0.0000,1.0000
42.5130,94.76,0.0000,0.0400,0.0000,-0.0005,-0.0001,-0.0008,0.0000,0.0000,0.0000,0.0000,0.0000,1.0000
42.5330,94.76,0.0000,0.0400,0.0000,-0.0005,-0.0001,-0.0008,0.0000,0.0000,0.0000,0.0000,0.0000,1.0000
42.5530,94.76,0.0000,0.0400,0.0000,-0.0005,-0.0001,-0.0008,0.0000,0.0000,0.0000,0.0000,0.0000,1.0000
42.5730,94.76,0.0000,0.0400,0.0000,-0.0005,-0.0001,-0.0008,0.0000,0.0000,0.0000,0.0000,0.0000,1.0000
42.5930,94.76,0.0000,0.0400,0.0000,-0.0005,-0.0001,-0.0008,0.0000,0.0000,0.0000,0.0000,0.0000,1.0000
42.6130,94.76,0.0000,0.0400,0.0000,-0.0005,-0.0001,-0.0008,0.0000,0.0000,0.0000,0.0000,0.0000,1.0000
42.6330,94.76,0.0000,0.0400,0.0000,-0.0005,-0.0001,-0.0008,0.0000,0.0000,0.0000,0.0000,0.0000,1.0000
42.6530,94.76,0.0000,0.0400,0.0000,-0.0005,-0.0001,-0.0008,0.0000,0.0000,0.0000,0.0000,0.0000,1.0000
42.6730,94.76,0.0000,0.0400,0.0000,-0.0005,-0.0001,-0.0008,0.0000,0.0000,0.0000,0.0000,0.0000,1.0000
42.6930,94.76,0.0000,0.0400,0.0000,-0.0005,-0.0001,-0.0008,0.0000,0.0000,0.0000,0.0000,0.0000,1.0000
42.7130,94.76,0.0000,0.0400,0.0000,-0.0005,-0.0001,-0.0008,0.0000,0.0000,0.0000,0.0000,0.0000,1.0000
42.7330,94.76,0.0000,0.0400,0.0000,-0.0005,-0.0001,-0.0008,0.0000,0.0000,0.0000,0.0000,0.0000,1.0000
42.7530,94.76,0.0000,0.0400,0.0000,-0.0005,-0.0001,-0.0008,0.0000,0.0000,0.0000,0.0000,0.0000,1.0000
42.7730,94.76,0.0000,0.0400,0.0000,-0.0005,-0.0001,-0.0008,0.0000,0.0000,0.0000,0.0000,0.0000,1.0000
42.7930,94.76,0.0000,0.0400,0.0000,-0.0005,-0.0001,-0.0008,0.0000,0.0000,0.0000,0.0000,0.0000,1.0000
42.8130,94.76,0.0000,0.0400,0.0000,-0.0005,-0.0001,-0.0008,0.0000,0.0000,0.0000,0.0000,0.0000,1.0000
42.8330,94.76,0.0000,0.0400,0.0000,-0.0005,-0.0001,-0.0008,0.0000,0.0000,0.0000,0.0000,0.0000,1.0000
42.8530,94.76,0.0000,0.0400,0.0000,-0.0005,-0.0001,-0.0008,0.0000,0.0000,0.0000,0.0000,0.0000,1.0000
42.8730,94.76,0.0000,0.0400,0.0000,-0.0005,-0.0001,-0.0008,0.0000,0.0000,0.0000,0.0000,0.0000,1.0000
42.8930,94.76,0.0000,0.0400,0.0000,-0.0005,-0.0001,-0.0008,0.0000,0.0000,0.0000,0.0000,0.0000,1.0000
42.9130,94.76,0.0000,0.0400,0.0000,-0.0005,-0.0001,-0.0008,0.0000,0.0000,0.0000,0.0000,0.0000,1.0000
42.9330,94.76,0.0000,0.0400,0.0000,-0.0005,-0.0001,-0.0008,0.0000,0.0000,0.0000,0.0000,0.0000,1.0000
42.9530,94.76,0.0000,0.0400,0.0000,-0.0005,-0.0001,-0.0008,0.0000,0.0000,0.0000,0.0000,0.0000,1.0000
42.9730,94.76,0.0000,0.0400,0.0000,-0.0005,-0.0001,-0.0008,0.0000,0.0000,0.0000,0.0000,0.0000,1.0000
42.9930,94.76,0.0000,0.0400,0.0000,-0.0005,-0.0001,-0.0008,0.0000,0.0000,0.0000,0.0000,0.0000,1.0000
43.0130,94.76,0.0000,0.0400,0.0000,-0.0005,-0.0001,-0.0008,0.0000,0.0000,0.0000,0.0000,0.0000,1.0000
43.0330,94.76,0.0000,0.0400,0.0000,-0.0005,-0.0001,-0.0008,0.0000,0.0000,0.0000,0.0000,0.0000,1.0000
43.0530,94.76,0.0000,0.0400,0.0000,-0.0005,-0.0001,-0.0008,0.0000,0.0000,0.0000,0.0000,0.0000,1.0000
43.0730,94.76,0.0000,0.0400,0.0000,-0.0005,-0.0001,-0.0008,0.0000,0.0000,0.0000,0.0000,0.0000,1.0000
43.0930,94.76,0.0000,0.0400,0.0000,-0.0005,-0.0001,-0.0008,0.0000,0.0000,0.0000,0.0000,0.0000,1.0000
43.1130,94.76,0.0000,0.0400,0.0000,-0.0005,-0.0001,-0.0008,0.0000,0.0000,0.0000,0.0000,0.0000,1.0000
43.1330,94.76,0.0000,0.0400,0.0000,-0.0005,-0.0001,-0.0008,0.0000,0.0000,0.0000,0.0000,0.0000,1.0000
43.1530,94.76,0.0000,0.0400,0.0000,-0.0005,-0.0001,-0.0008,0.0000,0.0000,0.0000,0.0000,0.0000,1.0000
43.1730,94.76,0.0000,0.0400,0.0000,-0.0005,-0.0001,-0.0008,0.0000,0.0000,0.0000,0.0000,0.0000,1.0000
43.1930,94.76,0.0000,0.0400,0.0000,-0.0005,-0.0001,-0.0008,0.0000,0.0000,0.0000,0.0000,0.0000,1.0000
43.2130,94.76,0.0000,0.0400,0.0000,-0.0005,-0.0001,-0.0008,0.0000,0.0000,0.0000,0.0000,0.0000,1.0000
43.2330,94.76,0.0000,0.0400,0.0000,-0.0005,-0.0001,-0.0008,0.0000,0.0000,0.0000,0.0000,0.0000,1.0000
43.2530,94.76,0.0000,0.0400,0.0000,-0.0005,-0.0001,-0.0008,0.0000,0.0000,0.0000,0.0000,0.0000,1.0000
43.2730,94.76,0.0000,0.0400,0.0000,-0.0005,-0.0001,-0.0008,0.0000,0.0000,0.0000,0.0000,0.0000,1.0000
43.2930,94.76,0.0000,0.0400,0.0000,-0.0005,-0.0001,-0.0008,0.0000,0.0000,0.0000,0.0000,0.0000,1.0000
43.3130,94.76,0.0000,0.0400,0.0000,-0.0005,-0.0001,-0.0008,0.0000,0.0000,0.0000,0.0000,0.0000,1.0000
43.3330,94.76,0.0000,0.0400,0.0000,-0.0005,-0.0001,-0.0008,0.0000,0.0000,0.0000,0.0000,0.0000,1.0000
43.3530,94.76,0.0000,0.0400,0.0000,-0.0005,-0.0001,-0.0008,0.0000,0.0000,0.0000,0.0000,0.0000,1.0000
43.3730,94.76,0.0000,0.0400,0.0000,-0.0005,-0.0001,-0.0008,0.0000,0.0000,0.0000,0.0000,0.0000,1.0000
43.3930,94.76,0.0000,0.0400,0.0000,-0.0005,-0.0001,-0.0008,0.0000,0.0000,0.0000,0.0000,0.0000,1.0000
43.4130,94.76,0.0000,0.0400,0.0000,-0.0005,-0.0001,-0.0008,0.0000,0.0000,0.0000,0.0000,0.0000,1.0000
43.4330,97.33,0.0000,0.0400,0.0000,-0.0005,-0.0001,-0.0008,0.0000,0.0000,0.0000,0.0000,0.0000,1.0000
43.4530,97.33,0.0000,0.0400,0.0000,-0.0005,-0.0001,-0.0008,0.0000,0.0000,0.0000,0.0000,0.0000,1.0000
43.4730,97.33,0.0000,0.0400,0.0000,-0.0005,-0.0001,-0.0008,0.0000,0.0000,0.0000,0.0000,0.0000,1.0000
43.4930,97.33,0.0000,0.0400,0.0000,-0.0005,-0.0001,-0.0008,0.0000,0.0000,0.0000,0.0000,0.0000,1.0000
43.5130,97.33,0.0000,0.0400,0.0000,-0.0005,-0.0001,-0.0008,0.0000,0.0000,0.0000,0.0000,0.0000,1.0000
43.5330,97.33,0.0000,0.0400,0.0000,-0.0005,-0.0001,-0.0008,0.0000,0.0000,0.0000,0.0000,0.0000,1.0000
43.5530,97.33,0.0000,0.0400,0.0000,-0.0005,-0.0001,-0.0008,0.0000,0.0000,0.0000,0.0000,0.0000,1.0000
43.5730,97.33,0.0000,0.0400,0.0000,-0.0005,-0.0001,-0.0008,0.0000,0.0000,0.0000,0.0000,0.0000,1.0000
43.5930,97.33,0.0000,0.0400,0.0000,-0.0005,-0.0001,-0.0008,0.0000,0.0000,0.0000,0.0000,0.0000,1.0000
43.6130,97.33,0.0000,0.0400,0.0000,-0.0005,-0.0001,-0.0008,0.0000,0.0000,0.0000,0.0000,0.0000,1.0000
43.6330,97.33,0.0000,0.0400,0.0000,-0.0005,-0.0001,-0.0008,0.0000,0.0000,0.0000,0.0000,0.0000,1.0000
43.6530,97.33,0.0000,0.0400,0.0000,-0.0005,-0.0001,-0.0008,0.0000,0.0000,0.0000,0.0000,0.0000,1.0000
43.6730,97.33,0.0000,0.0400,0.0000,-0.0005,-0.0001,-0.0008,0.0000,0.0000,0.0000,0.0000,0.0000,1.0000
43.6930,97.33,0.0000,0.0400,0.0000,-0.0005,-0.0001,-0.0008,0.0000,0.0000,0.0000,0.0000,0.0000,1.0000
43.7130,97.33,0.0000,0.0400,0.0000,-0.0005,-0.0001,-0.0008,0.0000,0.0000,0.0000,0.0000,0.0000,1.0000
43.7330,97.33,0.0000,0.0400,0.0000,-0.0005,-0.0001,-0.0008,0.0000,0.0000,0.0000,0.0000,0.0000,1.0000
43.7530,97.33,0.0000,0.0400,0.0000,-0.0005,-0.0001,-0.0008,0.0000,0.0000,0.0000,0.0000,0.0000,1.0000
43.7730,97.33,0.0000,0.0400,0.0000,-0.0005,-0.0001,-0.0008,0.0000,0.0000,0.0000,0.0000,0.0000,1.0000
43.7930,97.33,0.0000,0.0400,0.0000,-0.0005,-0.0001,-0.0008,0.0000,0.0000,0.0000,0.0000,0.0000,1.0000
43.8130,97.33,0.0000,0.0400,0.0000,-0.0005,-0.0001,-0.0008,0.0000,0.0000,0.0000,0.0000,0.0000,1.0000
43.8330,97.33,0.0000,0.0400,0.0000,-0.0005,-0.0001,-0.0008,0.0000,0.0000,0.0000,0.0000,0.0000,1.0000
43.8530,97.33,0.0000,0.0400,0.0000,-0.0005,-0.0001,-0.0008,0.0000,0.0000,0.0000,0.0000,0.0000,1.0000
43.8730,97.33,0.0000,0.0400,0.0000,-0.0005,-0.0001,-0.0008,0.0000,0.0000,0.0000,0.0000,0.0000,1.0000
43.8930,97.33,0.0000,0.0400,0.0000,-0.0005,-0.0001,-0.0008,0.0000,0.0000,0.0000,0.0000,0.0000,1.0000
43.9130,97.33,0.0000,0.0400,0.0000,-0.0005,-0.0001,-0.0008,0.0000,0.0000,0.0000,0.0000,0.0000,1.0000
43.9330,97.33,0.0000,0.0400,0.0000,-0.0005,-0.0001,-0.0008,0.0000,0.0000,0.0000,0.0000,0.0000,1.0000
43.9530,97.33,0.0000,0.0400,0.0000,-0.0005,-0.0001,-0.0008,0.0000,0.0000,0.0000,0.0000,0.0000,1.0000
43.9730,97.33,0.0000,0.0400,0.0000,-0.0005,-0.0001,-0.0008,0.0000,0.0000,0.0000,0.0000,0.0000,1.0000
43.9930,97.33,0.0000,0.0400,0.0000,-0.0005,-0.0001,-0.0008,0.0000,0.0000,0.0000,0.0000,0.0000,1.0000
44.0130,97.33,0.0000,0.0400,0.0000,-0.0005,-0.0001,-0.0008,0.0000,0.0000,0.0000,0.0000,0.0000,1.0000
44.0330,97.33,0.0000,0.0400,0.0000,-0.0005,-0.0001,-0.0008,0.0000,0.0000,0.0000,0.0000,0.0000,1.0000
44.0530,97.33,0.0000,0.0400,0.0000,-0.0005,-0.0001,-0.0008,0.0000,0.0000,0.0000,0.0000,0.0000,1.0000
44.0730,97.33,0.0000,0.0400,0.0000,-0.0005,-0.0001,-0.0008,0.0000,0.0000,0.0000,0.0000,0.0000,1.0000
44.0930,97.33,0.0000,0.0400,0.0000,-0.0005,-0.0001,-0.0008,0.0000,0.0000,0.0000,0.0000,0.0000,1.0000
44.1130,97.33,0.0000,0.0400,0.0000,-0.0005,-0.0001,-0.0008,0.0000,0.0000,0.0000,0.0000,0.0000,1.0000
44.1330,97.33,0.0000,0.0400,0.0000,-0.0005,-0.0001,-0.0008,0.0000,0.0000,0.0000,0.0000,0.0000,1.0000
44.1530,97.33,0.0000,0.0400,0.0000,-0.0005,-0.0001,-0.0008,0.0000,0.0000,0.0000,0.0000,0.0000,1.0000
44.1730,97.33,0.0000,0.0400,0.0000,-0.0005,-0.0001,-0.0008,0.0000,0.0000,0.0000,0.0000,0.0000,1.0000
44.1930,97.33,0.0000,0.0400,0.0000,-0.0005,-0.0001,-0.0008,0.0000,0.0000,0.0000,0.0000,0.0000,1.0000
44.2130,97.33,0.0000,0.0400,0.0000,-0.0005,-0.0001,-0.0008,0.0000,0.0000,0.0000,0.0000,0.0000,1.0000
44.2330,97.33,0.0000,0.0400,0.0000,-0.0005,-0.0001,-0.0008,0.0000,0.0000,0.0000,0.0000,0.0000,1.0000
44.2530,97.33,0.0000,0.0400,0.0000,-0.0005,-0.0001,-0.0008,0.0000,0.0000,0.0000,0.0000,0.0000,1.0000
44.2730,97.33,0.0000,0.0400,0.0000,-0.0005,-0.0001,-0.0008,0.0000,0.0000,0.0000,0.0000,0.0000,1.0000
44.2930,97.33,0.0000,0.0400,0.0000,-0.0005,-0.0001,-0.0008,0.0000,0.0000,0.0000,0.0000,0.0000,1.0000
44.3130,97.33,0.0000,0.0400,0.0000,-0.0005,-0.0001,-0.0008,0.0000,0.0000,0.0000,0.0000,0.0000,1.0000
44.3330,97.33,0.0000,0.0400,0.0000,-0.0005,-0.0001,-0.0008,0.0000,0.0000,0.0000,0.0000,0.0000,1.0000
44.3530,97.33,0.0000,0.0400,0.0000,-0.0005,-0.0001,-0.0008,0.0000,0.0000,0.0000,0.0000,0.0000,1.0000
44.3730,97.33,0.0000,0.0400,0.0000,-0.0005,-0.0001,-0.0008,0.0000,0.0000,0.0000,0.0000,0.0000,1.0000
44.3930,97.33,0.0000,0.0400,0.0000,-0.0005,-0.0001,-0.0008,0.0000,0.0000,0.0000,0.0000,0.0000,1.0000
44.4130,97.33,0.0000,0.0400,0.0000,-0.0005,-0.0001,-0.0008,0.0000,0.0000,0.0000,0.0000,0.0000,1.0000
44.4330,97.91,0.0000,0.0400,0.0000,-0.0005,-0.0001,-0.0008,0.0000,0.0000,0.0000,0.0000,0.0000,1.0000
44.4530,97.91,0.0000,0.0400,0.0000,-0.0005,-0.0001,-0.0008,0.0000,0.0000,0.0000,0.0000,0.0000,1.0000
44.4730,97.91,0.0000,0.0400,0.0000,-0.0005,-0.0001,-0.0008,0.0000,0.0000,0.0000,0.0000,0.0000,1.0000
44.4930,97.91,0.0000,0.0400,0.0000,-0.0005,-0.0001,-0.0008,0.0000,0.0000,0.0000,0.0000,0.0000,1.0000
44.5130,97.91,0.0000,0.0400,0.0000,-0.0005,-0.0001,-0.0008,0.0000,0.0000,0.0000,0.0000,0.0000,1.0000
44.5330,97.91,0.0000,0.0400,0.0000,-0.0005,-0.0001,-0.0008,0.0000,0.0000,0.0000,0.0000,0.0000,1.0000
44.5530,97.91,0.0000,0.0400,0.0000,-0.0005,-0.0001,-0.0008,0.0000,0.0000,0.0000,0.0000,0.0000,1.0000
44.5730,97.91,0.0000,0.0400,0.0000,-0.0005,-0.0001,-0.0008,0.0000,0.0000,0.0000,0.0000,0.0000,1.0000
44.5930,97.91,0.0000,0.0400,0.0000,-0.0005,-0.0001,-0.0008,0.0000,0.0000,0.0000,0.0000,0.0000,1.0000
44.6130,97.91,0.0000,0.0400,0.0000,-0.0005,-0.0001,-0.0008,0.0000,0.0000,0.0000,0.0000,0.0000,1.0000
44.6330,97.91,0.0000,0.0400,0.0000,-0.0005,-0.0001,-0.0008,0.0000,0.0000,0.0000,0.0000,0.0000,1.0000
44.6530,97.91,0.0000,0.0400,0.0000,-0.0005,-0.0001,-0.0008,0.0000,0.0000,0.0000,0.0000,0.0000,1.0000
44.6730,97.91,0.0000,0.0400,0.0000,-0.0005,-0.0001,-0.0008,0.0000,0.0000,0.0000,0.0000,0.0000,1.0000
44.6930,97.91,0.0000,0.0400,0.0000,-0.0005,-0.0001,-0.0008,0.0000,0.0000,0.0000,0.0000,0.0000,1.0000
44.7130,97.91,0.0000,0.0400,0.0000,-0.0005,-0.0001,-0.0008,0.0000,0.0000,0.0000,0.0000,0.0000,1.0000
44.7330,97.91,0.0000,0.0400,0.0000,-0.0005,-0.0001,-0.0008,0.0000,0.0000,0.0000,0.0000,0.0000,1.0000
44.7530,97.91,0.0000,0.0400,0.0000,-0.0005,-0.0001,-0.0008,0.0000,0.0000,0.0000,0.0000,0.0000,1.0000
44.7730,97.91,0.0000,0.0400,0.0000,-0.0005,-0.0001,-0.0008,0.0000,0.0000,0.0000,0.0000,0.0000,1.0000
44.7930,97.91,0.0000,0.0400,0.0000,-0.0005,-0.0001,-0.0008,0.0000,0.0000,0.0000,0.0000,0.0000,1.0000
44.8130,97.91,0.0000,0.0400,0.0000,-0.0005,-0.0001,-0.0008,0.0000,0.0000,0.0000,0.0000,0.0000,1.0000
44.8330,97.91,0.0000,0.0400,0.0000,-0.0005,-0.0001,-0.0008,0.0000,0.0000,0.0000,0.0000,0.0000,1.0000
44.8530,97.91,0.0000,0.0400,0.0000,-0.0005,-0.0001,-0.0008,0.0000,0.0000,0.0000,0.0000,0.0000,1.0000
44.8730,97.91,0.0000,0.0400,0.0000,-0.0005,-0.0001,-0.0008,0.0000,0.0000,0.0000,0.0000,0.0000,1.0000
44.8930,97.91,0.0000,0.0400,0.0000,-0.0005,-0.0001,-0.0008,0.0000,0.0000,0.0000,0.0000,0.0000,1.0000
44.9130,97.91,0.0000,0.0400,0.0000,-0.0005,-0.0001,-0.0008,0.0000,0.0000,0.0000,0.0000,0.0000,1.0000
44.9330,97.91,0.0000,0.0400,0.0000,-0.0005,-0.0001,-0.0008,0.0000,0.0000,0.0000,0.0000,0.0000,1.0000
44.9530,97.91,0.0000,0.0400,0.0000,-0.0005,-0.0001,-0.0008,0.0000,0.0000,0.0000,0.0000,0.0000,1.0000
44.9730,97.91,0.0000,0.0400,0.0000,-0.0005,-0.0001,-0.0008,0.0000,0.0000,0.0000,0.0000,0.0000,1.0000
44.9930,97.91,0.0000,0.0400,0.0000,-0.0005,-0.0001,-0.0008,0.0000,0.0000,0.0000,0.0000,0.0000,1.0000
45.0130,97.91,0.0000,0.0400,0.0000,-0.0005,-0.0001,-0.0008,0.0000,0.0000,0.0000,0.0000,0.0000,1.0000
45.0330,97.91,0.0000,0.0400,0.0000,-0.0005,-0.0001,-0.0008,0.0000,0.0000,0.0000,0.0000,0.0000,1.0000
45.0530,97.91,0.0000,0.0400,0.0000,-0.0005,-0.0001,-0.0008,0.0000,0.0000,0.0000,0.0000,0.0000,1.0000
45.0730,97.91,0.0000,0.0400,0.0000,-0.0005,-0.0001,-0.0008,0.0000,0.0000,0.0000,0.0000,0.0000,1.0000
45.0930,97.91,0.0000,0.0400,0.0000,-0.0005,-0.0001,-0.0008,0.0000,0.0000,0.0000,0.0000,0.0000,1.0000
45.1130,97.91,0.0000,0.0400,0.0000,-0.0005,-0.0001,-0.0008,0.0000,0.0000,0.0000,0.0000,0.0000,1.0000
45.1330,97.91,0.0000,0.0400,0.0000,-0.0005,-0.0001,-0.0008,0.0000,0.0000,0.0000,0.0000,0.0000,1.0000
45.1530,97.91,0.0000,0.0400,0.0000,-0.0005,-0.0001,-0.0008,0.0000,0.0000,0.0000,0.0000,0.0000,1.0000
45.1730,97.91,0.0000,0.0400,0.0000,-0.0005,-0.0001,-0.0008,0.0000,0.0000,0.0000,0.0000,0.0000,1.0000
45.1930,97.91,0.0000,0.0400,0.0000,-0.0005,-0.0001,-0.0008,0.0000,0.0000,0.0000,0.0000,0.0000,1.0000
45.2130,97.91,0.0000,0.0400,0.0000,-0.0005,-0.0001,-0.0008,0.0000,0.0000,0.0000,0.0000,0.0000,1.0000
45.2330,97.91,0.0000,0.0400,0.0000,-0.0005,-0.0001,-0.0008,0.0000,0.0000,0.0000,0.0000,0.0000,1.0000
45.2530,97.91,0.0000,0.0400,0.0000,-0.0005,-0.0001,-0.0008,0.0000,0.0000,0.0000,0.0000,0.0000,1.0000
45.2730,97.91,0.0000,0.0400,0.0000,-0.0005,-0.0001,-0.0008,0.0000,0.0000,0.0000,0.0000,0.0000,1.0000
45.2930,97.91,0.0000,0.0400,0.0000,-0.0005,-0.0001,-0.0008,0.0000,0.0000,0.0000,0.0000,0.0000,1.0000
45.3130,97.91,0.0000,0.0400,0.0000,-0.0005,-0.0001,-0.0008,0.0000,0.0000,0.0000,0.0000,0.0000,1.0000
45.3330,97.91,0.0000,0.0400,0.0000,-0.0005,-0.0001,-0.0008,0.0000,0.0000,0.0000,0.0000,0.0000,1.0000
45.3530,97.91,0.0000,0.0400,0.0000,-0.0005,-0.0001,-0.0008,0.0000,0.0000,0.0000,0.0000,0.0000,1.0000
45.3730,97.91,0.0000,0.0400,0.0000,-0.0005,-0.0001,-0.0008,0.0000,0.0000,0.0000,0.0000,0.0000,1.0000
45.3930,97.91,0.0000,0.0400,0.0000,-0.0005,-0.0001,-0.0008,0.0000,0.0000,0.0000,0.0000,0.0000,1.0000
45.4130,97.91,0.0000,0.0400,0.0000,-0.0005,-0.0001,-0.0008,0.0000,0.0000,0.0000,0.0000,0.0000,1.0000
45.4330,97.91,0.0000,0.0400,0.0000,-0.0005,-0.0001,-0.0008,0.0000,0.0000,0.0000,0.0000,0.0000,1.0000
45.4530,99.34,0.0000,0.0400,0.0000,-0.0005,-0.0001,-0.0008,0.0000,0.0000,0.0000,0.0000,0.0000,1.0000
45.4730,99.34,0.0000,0.0400,0.0000,-0.0005,-0.0001,-0.0008,0.0000,0.0000,0.0000,0.0000,0.0000,1.0000
45.4930,99.34,0.0000,0.0400,0.0000,-0.0005,-0.0001,-0.0008,0.0000,0.0000,0.0000,0.0000,0.0000,1.0000
45.5130,99.34,0.0000,0.0400,0.0000,-0.0005,-0.0001,-0.0008,0.0000,0.0000,0.0000,0.0000,0.0000,1.0000
45.5330,99.34,0.0000,0.0400,0.0000,-0.0005,-0.0001,-0.0008,0.0000,0.0000,0.0000,0.0000,0.0000,1.0000
45.5530,99.34,0.0000,0.0400,0.0000,-0.0005,-0.0001,-0.0008,0.0000,0.0000,0.0000,0.0000,0.0000,1.0000
45.5730,99.34,0.0000,0.0400,0.0000,-0.0005,-0.0001,-0.0008,0.0000,0.0000,0.0000,0.0000,0.0000,1.0000
45.5930,99.34,0.0000,0.0400,0.0000,-0.0005,-0.0001,-0.0008,0.0000,0.0000,0.0000,0.0000,0.0000,1.0000
45.6130,99.34,0.0000,0.0400,0.0000,-0.0005,-0.0001,-0.0008,0.0000,0.0000,0.0000,0.0000,0.0000,1.0000
45.6330,99.34,0.0000,0.0400,0.0000,-0.0005,-0.0001,-0.0008,0.0000,0.0000,0.0000,0.0000,0.0000,1.0000
45.6530,99.34,0.0000,0.0400,0.0000,-0.0005,-0.0001,-0.0008,0.0000,0.0000,0.0000,0.0000,0.0000,1.0000
45.6730,99.34,0.0000,0.0400,0.0000,-0.0005,-0.0001,-0.0008,0.0000,0.0000,0.0000,0.0000,0.0000,1.0000
45.6930,99.34,0.0000,0.0400,0.0000,-0.0005,-0.0001,-0.0008,0.0000,0.0000,0.0000,0.0000,0.0000,1.0000
45.7130,99.34,0.0000,0.0400,0.0000,-0.0005,-0.0001,-0.0008,0.0000,0.0000,0.0000,0.0000,0.0000,1.0000
45.7330,99.34,0.0000,0.0400,0.0000,-0.0005,-0.0001,-0.0008,0.0000,0.0000,0.0000,0.0000,0.0000,1.0000
45.7530,99.34,0.0000,0.0400,0.0000,-0.0005,-0.0001,-0.0008,0.0000,0.0000,0.0000,0.0000,0.0000,1.0000
45.7730,99.34,0.0000,0.0400,0.0000,-0.0005,-0.0001,-0.0008,0.0000,0.0000,0.0000,0.0000,0.0000,1.0000
45.7930,99.34,0.0000,0.0400,0.0000,-0.0005,-0.0001,-0.0008,0.0000,0.0000,0.0000,0.0000,0.0000,1.0000
45.8130,99.34,0.0000,0.0400,0.0000,-0.0005,-0.0001,-0.0008,0.0000,0.0000,0.0000,0.0000,0.0000,1.0000
45.8330,99.34,0.0000,0.0400,0.0000,-0.0005,-0.0001,-0.0008,0.0000,0.0000,0.0000,0.0000,0.0000,1.0000
45.8530,99.34,0.0000,0.0400,0.0000,-0.0005,-0.0001,-0.0008,0.0000,0.0000,0.0000,0.0000,0.0000,1.0000
45.8730,99.34,0.0000,0.0400,0.0000,-0.0005,-0.0001,-0.0008,0.0000,0.0000,0.0000,0.0000,0.0000,1.0000
45.8930,99.34,0.0000,0.0400,0.0000,-0.0005,-0.0001,-0.0008,0.0000,0.0000,0.0000,0.0000,0.0000,1.0000
45.9130,99.34,0.0000,0.0400,0.0000,-0.0005,-0.0001,-0.0008,0.0000,0.0000,0.0000,0.0000,0.0000,1.0000
45.9330,99.34,0.0000,0.0400,0.0000,-0.0005,-0.0001,-0.0008,0.0000,0.0000,0.0000,0.0000,0.0000,1.0000
45.9530,99.34,0.0000,0.0400,0.0000,-0.0005,-0.0001,-0.0008,0.0000,0.0000,0.0000,0.0000,0.0000,1.0000
45.9730,99.34,0.0000,0.0400,0.0000,-0.0005,-0.0001,-0.0008,0.0000,0.0000,0.0000,0.0000,0.0000,1.0000
45.9930,99.34,0.0000,0.0400,0.0000,-0.0005,-0.0001,-0.0008,0.0000,0.0000,0.0000,0.0000,0.0000,1.0000
46.0130,99.34,0.0000,0.0400,0.0000,-0.0005,-0.0001,-0.0008,0.0000,0.0000,0.0000,0.0000,0.0000,1.0000
46.0330,99.34,0.0000,0.0400,0.0000,-0.0005,-0.0001,-0.0008,0.0000,0.0000,0.0000,0.0000,0.0000,1.0000
46.0530,99.34,0.0000,0.0400,0.0000,-0.0005,-0.0001,-0.0008,0.0000,0.0000,0.0000,0.0000,0.0000,1.0000
46.0730,99.34,0.0000,0.0400,0.0000,-0.0005,-0.0001,-0.0008,0.0000,0.0000,0.0000,0.0000,0.0000,1.0000
46.0930,99.34,0.0000,0.0400,0.0000,-0.0005,-0.0001,-0.0008,0.0000,0.0000,0.0000,0.0000,0.0000,1.0000
46.1130,99.34,0.0000,0.0400,0.0000,-0.0005,-0.0001,-0.0008,0.0000,0.0000,0.0000,0.0000,0.0000,1.0000
46.1330,99.34,0.0000,0.0400,0.0000,-0.0005,-0.0001,-0.0008,0.0000,0.0000,0.0000,0.0000,0.0000,1.0000
46.1530,99.34,0.0000,0.0400,0.0000,-0.0005,-0.0001,-0.0008,0.0000,0.0000,0.0000,0.0000,0.0000,1.0000
46.1730,99.34,0.0000,0.0400,0.0000,-0.0005,-0.0001,-0.0008,0.0000,0.0000,0.0000,0.0000,0.0000,1.0000
46.1930,99.34,0.0000,0.0400,0.0000,-0.0005,-0.0001,-0.0008,0.0000,0.0000,0.0000,0.0000,0.0000,1.0000
46.2130,99.34,0.0000,0.0400,0.0000,-0.0005,-0.0001,-0.0008,0.0000,0.0000,0.0000,0.0000,0.0000,1.0000
46.2330,99.34,0.0000,0.0400,0.0000,-0.0005,-0.0001,-0.0008,0.0000,0.0000,0.0000,0.0000,0.0000,1.0000
46.2530,99.34,0.0000,0.0400,0.0000,-0.0005,-0.0001,-0.0008,0.0000,0.0000,0.0000,0.0000,0.0000,1.0000
46.2730,99.34,0.0000,0.0400,0.0000,-0.0005,-0.0001,-0.0008,0.0000,0.0000,0.0000,0.0000,0.0000,1.0000
46.2930,99.34,0.0000,0.0400,0.0000,-0.0005,-0.0001,-0.0008,0.0000,0.0000,0.0000,0.0000,0.0000,1.0000
46.3130,99.34,0.0000,0.0400,0.0000,-0.0005,-0.0001,-0.0008,0.0000,0.0000,0.0000,0.0000,0.0000,1.0000
46.3330,99.34,0.0000,0.0400,0.0000,-0.0005,-0.0001,-0.0008,0.0000,0.0000,0.0000,0.0000,0.0000,1.0000
46.3530,99.34,0.0000,0.0400,0.0000,-0.0005,-0.0001,-0.0008,0.0000,0.0000,0.0000,0.0000,0.0000,1.0000
46.3730,99.34,0.0000,0.0400,0.0000,-0.0005,-0.0001,-0.0008,0.0000,0.0000,0.0000,0.0000,0.0000,1.0000
46.3930,99.34,0.0000,0.0400,0.0000,-0.0005,-0.0001,-0.0008,0.0000,0.0000,0.0000,0.0000,0.0000,1.0000
46.4130,99.34,0.0000,0.0400,0.0000,-0.0005,-0.0001,-0.0008,0.0000,0.0000,0.0000,0.0000,0.0000,1.0000
46.4330,99.34,0.0000,0.0400,0.0000,-0.0005,-0.0001,-0.0008,0.0000,0.0000,0.0000,0.0000,0.0000,1.0000
46.4530,105.53,0.0000,0.0400,0.0000,-0.0005,-0.0001,-0.0008,0.0000,0.0000,0.0000,0.0000,0.0000,1.0000
46.4730,105.53,0.0000,0.0400,0.0000,-0.0005,-0.0001,-0.0008,0.0000,0.0000,0.0000,0.0000,0.0000,1.0000
46.4930,105.53,0.0000,0.0400,0.0000,-0.0005,-0.0001,-0.0008,0.0000,0.0000,0.0000,0.0000,0.0000,1.0000
46.5130,105.53,0.0000,0.0400,0.0000,-0.0005,-0.0001,-0.0008,0.0000,0.0000,0.0000,0.0000,0.0000,1.0000
46.5330,105.53,0.0000,0.0400,0.0000,-0.0005,-0.0001,-0.0008,0.0000,0.0000,0.0000,0.0000,0.0000,1.0000
46.5530,105.53,0.0000,0.0400,0.0000,-0.0005,-0.0001,-0.0008,0.0000,0.0000,0.0000,0.0000,0.0000,1.0000
46.5730,105.53,0.0000,0.0400,0.0000,-0.0005,-0.0001,-0.0008,0.0000,0.0000,0.0000,0.0000,0.0000,1.0000
46.5930,105.53,0.0000,0.0400,0.0000,-0.0005,-0.0001,-0.0008,0.0000,0.0000,0.0000,0.0000,0.0000,1.0000
46.6130,105.53,0.0000,0.0400,0.0000,-0.0005,-0.0001,-0.0008,0.0000,0.0000,0.0000,0.0000,0.0000,1.0000
46.6330,105.53,0.0000,0.0400,0.0000,-0.0005,-0.0001,-0.0008,0.0000,0.0000,0.0000,0.0000,0.0000,1.0000
46.6530,105.53,0.0000,0.0400,0.0000,-0.0005,-0.0001,-0.0008,0.0000,0.0000,0.0000,0.0000,0.0000,1.0000
46.6730,105.53,0.0000,0.0400,0.0000,-0.0005,-0.0001,-0.0008,0.0000,0.0000,0.0000,0.0000,0.0000,1.0000
46.6930,105.53,0.0000,0.0400,0.0000,-0.0005,-0.0001,-0.0008,0.0000,0.0000,0.0000,0.0000,0.0000,1.0000
46.7130,105.53,0.0000,0.0400,0.0000,-0.0005,-0.0001,-0.0008,0.0000,0.0000,0.0000,0.0000,0.0000,1.0000
46.7330,105.53,0.0000,0.0400,0.0000,-0.0005,-0.0001,-0.0008,0.0000,0.0000,0.0000,0.0000,0.0000,1.0000
46.7530,105.53,0.0000,0.0400,0.0000,-0.0005,-0.0001,-0.0008,0.0000,0.0000,0.0000,0.0000,0.0000,1.0000
46.7730,105.53,0.0000,0.0400,0.0000,-0.0005,-0.0001,-0.0008,0.0000,0.0000,0.0000,0.0000,0.0000,1.0000
46.7930,105.53,0.0000,0.0400,0.0000,-0.0005,-0.0001,-0.0008,0.0000,0.0000,0.0000,0.0000,0.0000,1.0000
46.8130,105.53,0.0000,0.0400,0.0000,-0.0005,-0.0001,-0.0008,0.0000,0.0000,0.0000,0.0000,0.0000,1.0000
46.8330,105.53,0.0000,0.0400,0.0000,-0.0005,-0.0001,-0.0008,0.0000,0.0000,0.0000,0.0000,0.0000,1.0000
46.8530,105.53,0.0000,0.0400,0.0000,-0.0005,-0.0001,-0.0008,0.0000,0.0000,0.0000,0.0000,0.0000,1.0000
46.8730,105.53,0.0000,0.0400,0.0000,-0.0005,-0.0001,-0.0008,0.0000,0.0000,0.0000,0.0000,0.0000,1.0000
46.8930,105.53,0.0000,0.0400,0.0000,-0.0005,-0.0001,-0.0008,0.0000,0.0000,0.0000,0.0000,0.0000,1.0000
46.9130,105.53,0.0000,0.0400,0.0000,-0.0005,-0.0001,-0.0008,0.0000,0.0000,0.0000,0.0000,0.0000,1.0000
46.9330,105.53,0.0000,0.0400,0.0000,-0.0005,-0.0001,-0.0008,0.0000,0.0000,0.0000,0.0000,0.0000,1.0000
46.9530,105.53,0.0000,0.0400,0.0000,-0.0005,-0.0001,-0.0008,0.0000,0.0000,0.0000,0.0000,0.0000,1.0000
46.9730,105.53,0.0000,0.0400,0.0000,-0.0005,-0.0001,-0.0008,0.0000,0.0000,0.0000,0.0000,0.0000,1.0000
46.9930,105.53,0.0000,0.0400,0.0000,-0.0005,-0.0001,-0.0008,0.0000,0.0000,0.0000,0.0000,0.0000,1.0000
47.0130,105.53,0.0000,0.0400,0.0000,-0.0005,-0.0001,-0.0008,0.0000,0.0000,0.0000,0.0000,0.0000,1.0000
47.0330,105.53,0.0000,0.0400,0.0000,-0.0005,-0.0001,-0.0008,0.0000,0.0000,0.0000,0.0000,0.0000,1.0000
47.0530,105.53,0.0000,0.0400,0.0000,-0.0005,-0.0001,-0.0008,0.0000,0.0000,0.0000,0.0000,0.0000,1.0000
47.0730,105.53,0.0000,0.0400,0.0000,-0.0005,-0.0001,-0.0008,0.0000,0.0000,0.0000,0.0000,0.0000,1.0000
47.0930,105.53,0.0000,0.0400,0.0000,-0.0005,-0.0001,-0.0008,0.0000,0.0000,0.0000,0.0000,0.0000,1.0000
47.1130,105.53,0.0000,0.0400,0.0000,-0.0005,-0.0001,-0.0008,0.0000,0.0000,0.0000,0.0000,0.0000,1.0000
47.1330,105.53,0.0000,0.0400,0.0000,-0.0005,-0.0001,-0.0008,0.0000,0.0000,0.0000,0.0000,0.0000,1.0000
47.1530,105.53,0.0000,0.0400,0.0000,-0.0005,-0.0001,-0.0008,0.0000,0.0000,0.0000,0.0000,0.0000,1.0000
47.1730,105.53,0.0000,0.0400,0.0000,-0.0005,-0.0001,-0.0008,0.0000,0.0000,0.0000,0.0000,0.0000,1.0000
47.1930,105.53,0.0000,0.0400,0.0000,-0.0005,-0.0001,-0.0008,0.0000,0.0000,0.0000,0.0000,0.0000,1.0000
47.2130,105.53,0.0000,0.0400,0.0000,-0.0005,-0.0001,-0.0008,0.0000,0.0000,0.0000,0.0000,0.0000,1.0000
47.2330,105.53,0.0000,0.0400,0.0000,-0.0005,-0.0001,-0.0008,0.0000,0.0000,0.0000,0.0000,0.0000,1.0000
47.2530,105.53,0.0000,0.0400,0.0000,-0.0005,-0.0001,-0.0008,0.0000,0.0000,0.0000,0.0000,0.0000,1.0000
47.2730,105.53,0.0000,0.0400,0.0000,-0.0005,-0.0001,-0.0008,0.0000,0.0000,0.0000,0.0000,0.0000,1.0000
47.2930,105.53,0.0000,0.0400,0.0000,-0.0005,-0.0001,-0.0008,0.0000,0.0000,0.0000,0.0000,0.0000,1.0000
47.3130,105.53,0.0000,0.0400,0.0000,-0.0005,-0.0001,-0.0008,0.0000,0.0000,0.0000,0.0000,0.0000,1.0000
47.3330,105.53,0.0000,0.0400,0.0000,-0.0005,-0.0001,-0.0008,0.0000,0.0000,0.0000,0.0000,0.0000,1.0000
47.3530,105.53,0.0000,0.0400,0.0000,-0.0005,-0.0001,-0.0008,0.0000,0.0000,0.0000,0.0000,0.0000,1.0000
47.3730,105.53,0.0000,0.0400,0.0000,-0.0005,-0.0001,-0.0008,0.0000,0.0000,0.0000,0.0000,0.0000,1.0000
