Time(s),FPS,PosX,PosY,PosZ,RotX,RotY,RotZ,VelX,VelY,VelZ,DirX,DirY,DirZ
-0.1918,0.00,0.0000,5.0000,0.0000,0.0000,0.0000,0.0000,0.0000,0.0000,0.0000,0.0000,0.0000,1.0000
-0.1719,0.00,0.0000,4.9964,0.0000,-0.0003,0.0000,0.0000,0.0000,-0.1809,0.0001,0.0000,0.0000,1.0000
-0.1518,0.00,0.0000,4.9892,0.0000,-0.0008,0.0001,-0.0001,0.0000,-0.3612,0.0001,0.0000,0.0000,1.0000
-0.1319,0.00,0.0000,4.9783,0.0000,-0.0016,0.0001,-0.0001,0.0000,-0.5408,0.0002,0.0000,0.0000,1.0000
-0.1119,0.00,0.0000,4.9639,0.0000,-0.0027,0.0002,-0.0002,0.0000,-0.7198,0.0002,0.0000,0.0000,1.0000
-0.0919,0.00,0.0000,4.9460,0.0000,-0.0040,0.0003,-0.0003,0.0000,-0.8980,0.0003,0.0000,0.0001,1.0000
-0.0719,0.00,0.0000,4.9245,0.0000,-0.0056,0.0004,-0.0005,0.0000,-1.0757,0.0003,0.0000,0.0001,1.0000
-0.0518,0.00,0.0000,4.8994,0.0000,359.9925,0.0005,-0.0006,0.0000,-1.2526,0.0004,0.0000,0.0001,1.0000
-0.0319,0.00,0.0000,4.8708,0.0000,359.9904,0.0006,-0.0008,0.0000,-1.4289,0.0004,0.0000,0.0002,1.0000
-0.0118,0.00,0.0000,4.8387,0.0000,359.9880,0.0008,-0.0010,0.0000,-1.6046,0.0005,0.0000,0.0002,1.0000
0.0081,0.00,0.0000,4.8032,0.0001,359.9854,0.0009,-0.0012,0.0000,-1.7796,0.0005,0.0000,0.0003,1.0000
0.0282,0.00,0.0000,4.7641,0.0001,359.9826,0.0011,-0.0015,-0.0001,-1.9539,0.0006,0.0000,0.0003,1.0000
0.0481,0.00,0.0000,4.7215,0.0001,359.9795,0.0013,-0.0018,-0.0001,-2.1276,0.0006,0.0000,0.0004,1.0000
0.0681,0.00,0.0000,4.6755,0.0001,359.9762,0.0015,-0.0020,-0.0001,-2.3007,0.0007,0.0000,0.0004,1.0000
0.0882,0.00,0.0000,4.6261,0.0001,359.9727,0.0017,-0.0023,-0.0001,-2.4731,0.0007,0.0000,0.0005,1.0000
0.1081,0.00,0.0000,4.5732,0.0001,359.9689,0.0020,-0.0027,-0.0001,-2.6449,0.0008,0.0000,0.0005,1.0000
0.1282,0.00,0.0000,4.5168,0.0001,359.9648,0.0022,-0.0030,-0.0001,-2.8160,0.0008,0.0000,0.0006,1.0000
0.1481,0.00,0.0000,4.4571,0.0002,359.9606,0.0025,-0.0034,-0.0001,-2.9866,0.0009,0.0000,0.0007,1.0000
0.1682,0.00,0.0000,4.3940,0.0002,359.9561,0.0028,-0.0038,-0.0001,-3.1564,0.0009,0.0000,0.0008,1.0000
0.1881,0.00,0.0000,4.3275,0.0002,359.9514,0.0031,-0.0042,-0.0001,-3.3257,0.0010,0.0001,0.0008,1.0000
0.2081,0.00,0.0000,4.2576,0.0002,359.9466,0.0034,-0.0046,-0.0001,-3.4943,0.0010,0.0001,0.0009,1.0000
0.2281,0.00,0.0000,4.1843,0.0002,359.9414,0.0037,-0.0050,-0.0001,-3.6623,0.0010,0.0001,0.0010,1.0000
0.2481,0.00,0.0000,4.1077,0.0003,359.9361,0.0041,-0.0055,-0.0001,-3.8297,0.0011,0.0001,0.0011,1.0000
0.2682,31.92,0.0000,4.0278,0.0003,359.9306,0.0044,359.9940,-0.0001,-3.9964,0.0011,0.0001,0.0012,1.0000
0.2881,31.92,0.0000,3.9446,0.0003,359.9248,0.0048,359.9935,-0.0001,-4.1626,0.0012,0.0001,0.0013,1.0000
0.3082,31.92,0.0000,3.8580,0.0003,359.9189,0.0052,359.9930,-0.0001,-4.3281,0.0012,0.0001,0.0014,1.0000
0.3281,31.92,0.0000,3.7681,0.0004,359.9128,0.0056,359.9925,-0.0001,-4.4930,0.0012,0.0001,0.0015,1.0000
0.3482,31.92,0.0000,3.6750,0.0004,359.9064,0.0060,359.9919,-0.0001,-4.6573,0.0013,0.0001,0.0016,1.0000
0.3681,31.92,0.0000,3.5786,0.0004,359.8999,0.0064,359.9914,-0.0001,-4.8210,0.0013,0.0001,0.0017,1.0000
0.3881,31.92,0.0000,3.4789,0.0004,359.8932,0.0068,359.9908,-0.0001,-4.9841,0.0013,0.0001,0.0019,1.0000
0.4081,31.92,0.0000,3.3759,0.0005,359.8863,0.0072,359.9902,-0.0001,-5.1466,0.0014,0.0001,0.0020,1.0000
0.4281,31.92,0.0000,3.2698,0.0005,359.8792,0.0077,359.9896,-0.0001,-5.3085,0.0014,0.0001,0.0021,1.0000
0.4482,31.92,0.0000,3.1604,0.0005,359.8719,0.0082,359.9890,-0.0001,-5.4697,0.0014,0.0001,0.0022,1.0000
0.4681,31.92,0.0000,3.0478,0.0005,359.8644,0.0086,359.9883,-0.0001,-5.6304,0.0015,0.0002,0.0024,1.0000
0.4882,31.92,-0.0001,2.9320,0.0006,359.8568,0.0091,359.9877,-0.0001,-5.7905,0.0015,0.0002,0.0025,1.0000
0.5081,31.92,-0.0001,2.8130,0.0006,359.8490,0.0096,359.9870,-0.0001,-5.9500,0.0015,0.0002,0.0026,1.0000
0.5282,31.92,-0.0001,2.6908,0.0006,359.8410,0.0101,359.9863,-0.0001,-6.1089,0.0016,0.0002,0.0028,1.0000
0.5481,31.92,-0.0001,2.5654,0.0007,359.8329,0.0107,359.9856,-0.0001,-6.2672,0.0016,0.0002,0.0029,1.0000
0.5681,31.92,-0.0001,2.4369,0.0007,359.8245,0.0112,359.9849,-0.0001,-6.4250,0.0016,0.0002,0.0031,1.0000
0.5882,31.92,-0.0001,2.3053,0.0007,359.8160,0.0118,359.9842,-0.0001,-6.5821,0.0017,0.0002,0.0032,1.0000
0.6081,31.92,-0.0001,2.1705,0.0008,359.8074,0.0123,359.9834,-0.0002,-6.7387,0.0017,0.0002,0.0034,1.0000
0.6282,31.92,-0.0001,2.0326,0.0008,359.7986,0.0129,359.9827,-0.0002,-6.8947,0.0017,0.0002,0.0035,1.0000
0.6481,31.92,-0.0001,1.8916,0.0008,359.7897,0.0135,359.9819,-0.0002,-7.0501,0.0017,0.0002,0.0037,1.0000
0.6682,31.92,-0.0001,1.7475,0.0009,359.7805,0.0140,359.9811,-0.0002,-7.2049,0.0018,0.0002,0.0038,1.0000
0.6881,31.92,-0.0001,1.6004,0.0009,359.7713,0.0146,359.9803,-0.0002,-7.3591,0.0018,0.0003,0.0040,1.0000
0.7081,31.92,-0.0001,1.4501,0.0010,359.7619,0.0152,359.9795,-0.0002,-7.5128,0.0018,0.0003,0.0042,1.0000
0.7281,31.92,-0.0001,1.2968,0.0010,359.7523,0.0159,359.9787,-0.0002,-7.6659,0.0018,0.0003,0.0043,1.0000
0.7481,31.92,-0.0001,1.1404,0.0010,359.7426,0.0165,359.9778,-0.0002,-7.8185,0.0019,0.0003,0.0045,1.0000
0.7682,31.92,-0.0001,0.9810,0.0011,359.7328,0.0171,359.9770,-0.0002,-7.9705,0.0019,0.0003,0.0047,1.0000
0.7881,31.92,-0.0001,0.8186,0.0011,359.7228,0.0178,359.9761,-0.0002,-8.1219,0.0019,0.0003,0.0048,1.0000
0.8082,31.92,-0.0001,0.6531,0.0011,359.7127,0.0184,359.9753,-0.0002,-8.2728,0.0019,0.0003,0.0050,1.0000
0.8281,31.92,-0.0001,0.4846,0.0012,359.7025,0.0191,359.9744,-0.0002,-8.4231,0.0020,0.0003,0.0052,1.0000
0.8482,31.92,-0.0001,0.3132,0.0012,359.6921,0.0198,359.9735,-0.0002,-8.5728,0.0020,0.0003,0.0054,1.0000
0.8681,31.92,-0.0001,0.1387,0.0013,359.6816,0.0204,359.9726,-0.0002,-8.7220,0.0020,0.0004,0.0056,1.0000
0.8881,31.92,-0.0001,-0.0387,0.0013,359.6710,0.0211,359.9717,-0.0002,-8.8706,0.0020,0.0004,0.0057,1.0000
0.9081,31.92,-0.0002,0.0375,0.0011,359.9343,0.0219,-0.0057,0.0081,-0.0841,0.0045,0.0004,0.0011,1.0000
0.9281,31.92,-0.0001,0.0527,0.0011,359.9870,0.0228,-0.0013,-0.0022,0.0918,-0.0019,0.0004,0.0002,1.0000
0.9482,31.92,-0.0002,0.0559,0.0012,-0.0026,0.0221,0.0019,-0.0027,0.0641,-0.0008,0.0004,0.0000,1.0000
0.9681,31.92,-0.0002,0.0564,0.0012,-0.0005,0.0220,0.0004,-0.0003,0.0000,0.0001,0.0004,0.0000,1.0000
0.9882,31.92,-0.0002,0.0565,0.0012,-0.0001,0.0219,0.0001,-0.0001,-0.0002,-0.0001,0.0004,0.0000,1.0000
1.0081,31.92,-0.0002,0.0565,0.0012,0.0000,0.0219,0.0000,0.0000,0.0000,0.0000,0.0004,0.0000,1.0000
1.0282,31.92,-0.0002,0.0566,0.0012,0.0000,0.0219,-0.0001,0.0000,0.0000,0.0000,0.0004,0.0000,1.0000
1.0481,31.92,-0.0002,0.0566,0.0012,0.0000,0.0219,0.0000,0.0000,0.0000,0.0000,0.0004,0.0000,1.0000
1.0681,31.92,-0.0002,0.0566,0.0012,0.0000,0.0219,0.0000,0.0000,0.0000,0.0000,0.0004,0.0000,1.0000
1.0882,31.92,-0.0002,0.0566,0.0012,0.0001,0.0219,0.0000,0.0000,0.0000,0.0000,0.0004,0.0000,1.0000
1.1081,31.92,-0.0002,0.0566,0.0012,0.0000,0.0219,0.0000,0.0000,-0.0002,0.0000,0.0004,0.0000,1.0000
1.1282,31.92,-0.0002,0.0566,0.0012,0.0000,0.0219,0.0000,0.0000,0.0000,0.0000,0.0004,0.0000,1.0000
1.1481,31.92,-0.0002,0.0566,0.0012,0.0000,0.0219,0.0000,0.0000,0.0000,0.0000,0.0004,0.0000,1.0000
1.1682,31.92,-0.0002,0.0566,0.0012,0.0000,0.0219,0.0000,0.0000,0.0000,0.0000,0.0004,0.0000,1.0000
1.1881,31.92,-0.0002,0.0566,0.0012,0.0001,0.0219,0.0000,0.0000,0.0000,0.0000,0.0004,0.0000,1.0000
1.2081,31.92,-0.0002,0.0566,0.0012,0.0000,0.0219,0.0000,0.0000,-0.0002,0.0000,0.0004,0.0000,1.0000
1.2281,31.92,-0.0002,0.0566,0.0012,0.0000,0.0219,-0.0001,0.0000,0.0000,0.0000,0.0004,0.0000,1.0000
1.2481,31.92,-0.0002,0.0566,0.0012,0.0000,0.0219,0.0000,0.0000,0.0000,0.0000,0.0004,0.0000,1.0000
1.2682,121.26,-0.0002,0.0566,0.0012,0.0000,0.0219,-0.0001,0.0000,0.0000,0.0000,0.0004,0.0000,1.0000
1.2881,121.26,-0.0002,0.0566,0.0012,0.0000,0.0219,0.0000,0.0000,-0.0001,0.0000,0.0004,0.0000,1.0000
1.3082,121.26,-0.0002,0.0566,0.0012,0.0000,0.0219,-0.0001,0.0000,0.0000,0.0000,0.0004,0.0000,1.0000
1.3281,121.26,-0.0002,0.0566,0.0012,0.0000,0.0219,0.0000,0.0000,-0.0001,0.0000,0.0004,0.0000,1.0000
1.3482,121.26,-0.0002,0.0566,0.0012,0.0000,0.0219,0.0000,0.0000,0.0000,0.0000,0.0004,0.0000,1.0000
1.3681,121.26,-0.0002,0.0566,0.0012,0.0000,0.0219,0.0000,0.0000,0.0000,0.0000,0.0004,0.0000,1.0000
1.3881,121.26,-0.0002,0.0566,0.0012,0.0000,0.0219,-0.0001,0.0000,0.0000,0.0000,0.0004,0.0000,1.0000
1.4082,121.26,-0.0002,0.0566,0.0012,0.0000,0.0219,0.0000,0.0000,0.0000,0.0000,0.0004,0.0000,1.0000
1.4281,121.26,-0.0002,0.0566,0.0012,0.0000,0.0219,0.0000,0.0000,0.0000,0.0000,0.0004,0.0000,1.0000
1.4482,121.26,-0.0002,0.0589,0.0012,359.9940,0.0224,-0.0004,0.0001,0.1181,0.0015,0.0004,0.0001,1.0000
1.4681,121.26,-0.0002,0.0614,0.0012,359.9842,0.0232,-0.0011,0.0003,0.1233,0.0025,0.0004,0.0003,1.0000
1.4882,121.26,-0.0002,0.0660,0.0013,359.9689,0.0244,-0.0020,0.0004,0.2329,0.0037,0.0004,0.0005,1.0000
1.5081,121.26,-0.0001,0.0709,0.0014,359.9502,0.0260,-0.0032,0.0006,0.2425,0.0045,0.0005,0.0009,1.0000
1.5282,121.26,-0.0001,0.0778,0.0015,359.9266,0.0279,-0.0047,0.0007,0.3443,0.0055,0.0005,0.0013,1.0000
1.5481,121.26,-0.0001,0.0849,0.0016,359.9000,0.0301,359.9937,0.0009,0.3575,0.0061,0.0005,0.0017,1.0000
1.5681,121.26,-0.0001,0.0940,0.0018,359.8690,0.0327,359.9919,0.0011,0.4523,0.0067,0.0006,0.0023,1.0000
1.5882,121.26,-0.0001,0.1033,0.0019,359.8354,0.0355,359.9898,0.0013,0.4687,0.0070,0.0006,0.0029,1.0000
1.6081,121.26,0.0000,0.1145,0.0021,359.7981,0.0386,359.9875,0.0015,0.5570,0.0072,0.0007,0.0035,1.0000
1.6282,121.26,0.0000,0.1260,0.0022,359.7584,0.0419,359.9851,0.0017,0.5760,0.0072,0.0007,0.0042,1.0000
1.6481,121.26,0.0000,0.1392,0.0023,359.7155,0.0454,359.9825,0.0020,0.6585,0.0070,0.0008,0.0050,1.0000
1.6682,121.26,0.0001,0.1528,0.0025,359.6705,0.0490,359.9797,0.0023,0.6795,0.0066,0.0009,0.0058,1.0000
1.6881,121.26,0.0001,0.1679,0.0026,359.6228,0.0528,359.9767,0.0025,0.7567,0.0059,0.0009,0.0066,1.0000
1.7081,121.26,0.0002,0.1835,0.0027,359.5735,0.0567,359.9736,0.0029,0.7794,0.0051,0.0010,0.0074,1.0000
1.7281,121.26,0.0003,0.2005,0.0028,359.5217,0.0608,359.9703,0.0032,0.8518,0.0040,0.0011,0.0083,1.0000
1.7481,121.26,0.0003,0.2180,0.0028,359.4686,0.0649,359.9669,0.0035,0.8758,0.0028,0.0011,0.0093,1.0000
1.7682,121.26,0.0004,0.2369,0.0028,359.4135,0.0691,359.9632,0.0039,0.9437,0.0012,0.0012,0.0102,0.9999
1.7881,121.26,0.0005,0.2563,0.0028,359.3573,0.0733,359.9595,0.0043,0.9688,-0.0005,0.0013,0.0112,0.9999
1.8082,121.26,0.0006,0.2769,0.0028,359.2995,0.0777,359.9555,0.0047,1.0325,-0.0026,0.0014,0.0122,0.9999
1.8281,121.26,0.0007,0.2981,0.0027,359.2409,0.0820,359.9515,0.0052,1.0584,-0.0047,0.0014,0.0132,0.9999
1.8482,121.26,0.0008,0.3205,0.0025,359.1810,0.0865,359.9473,0.0057,1.1183,-0.0073,0.0015,0.0143,0.9999
1.8681,121.26,0.0009,0.3434,0.0023,359.1205,0.0910,359.9430,0.0062,1.1447,-0.0098,0.0016,0.0153,0.9999
1.8881,121.26,0.0011,0.3674,0.0021,359.0590,0.0955,359.9386,0.0067,1.2011,-0.0129,0.0017,0.0164,0.9999
1.9082,121.26,0.0012,0.3919,0.0018,358.9972,0.1001,359.9341,0.0072,1.2278,-0.0160,0.0017,0.0175,0.9998
1.9281,121.26,0.0014,0.4176,0.0014,358.9346,0.1047,359.9294,0.0078,1.2810,-0.0195,0.0018,0.0186,0.9998
1.9482,121.26,0.0015,0.4437,0.0009,358.8720,0.1094,359.9247,0.0084,1.3078,-0.0230,0.0019,0.0197,0.9998
1.9681,121.26,0.0017,0.4709,0.0004,358.8088,0.1142,359.9200,0.0091,1.3579,-0.0271,0.0020,0.0208,0.9998
1.9882,121.26,0.0019,0.4986,-0.0002,358.7457,0.1190,359.9151,0.0097,1.3847,-0.0310,0.0021,0.0219,0.9998
2.0081,121.26,0.0021,0.5272,-0.0010,358.6823,0.1240,359.9102,0.0104,1.4321,-0.0355,0.0022,0.0230,0.9997
2.0282,121.26,0.0023,0.5564,-0.0018,358.6191,0.1290,359.9053,0.0111,1.4587,-0.0399,0.0023,0.0241,0.9997
2.0481,121.26,0.0026,0.5865,-0.0027,358.5559,0.1341,359.9004,0.0119,1.5035,-0.0449,0.0023,0.0252,0.9997
2.0681,121.26,0.0028,0.6171,-0.0037,358.4931,0.1393,359.8954,0.0126,1.5298,-0.0498,0.0024,0.0263,0.9997
2.0882,121.26,0.0031,0.6485,-0.0048,358.4305,0.1447,359.8905,0.0134,1.5721,-0.0552,0.0025,0.0274,0.9996
2.1081,121.26,0.0034,0.6805,-0.0060,358.3684,0.1501,359.8857,0.0142,1.5981,-0.0604,0.0026,0.0285,0.9996
2.1282,121.26,0.0037,0.7132,-0.0073,358.3066,0.1555,359.8809,0.0151,1.6381,-0.0663,0.0027,0.0296,0.9996
2.1481,121.26,0.0040,0.7465,-0.0087,358.2456,0.1611,359.8762,0.0160,1.6637,-0.0720,0.0028,0.0306,0.9995
2.1682,121.26,0.0043,0.7805,-0.0103,358.1851,0.1667,359.8716,0.0169,1.7015,-0.0782,0.0029,0.0317,0.9995
2.1881,121.26,0.0047,0.8151,-0.0120,358.1255,0.1723,359.8670,0.0178,1.7265,-0.0843,0.0030,0.0327,0.9995
2.2081,121.26,0.0051,0.8503,-0.0138,358.0666,0.1780,359.8626,0.0188,1.7623,-0.0909,0.0031,0.0337,0.9994
2.2281,121.26,0.0055,0.8860,-0.0157,358.0087,0.1836,359.8583,0.0197,1.7868,-0.0974,0.0032,0.0347,0.9994
2.2481,121.26,0.0059,0.9225,-0.0178,357.9516,0.1892,359.8542,0.0207,1.8207,-0.1044,0.0033,0.0357,0.9994
2.2682,120.50,0.0063,0.9593,-0.0201,357.8957,0.1947,359.8502,0.0217,1.8445,-0.1113,0.0034,0.0367,0.9993
2.2881,120.50,0.0068,0.9969,-0.0224,357.8408,0.2001,359.8463,0.0228,1.8766,-0.1186,0.0035,0.0377,0.9993
2.3082,120.50,0.0072,1.0349,-0.0249,357.7871,0.2054,359.8426,0.0238,1.8998,-0.1258,0.0036,0.0386,0.9992
2.3281,120.50,0.0077,1.0735,-0.0276,357.7345,0.2105,359.8391,0.0249,1.9301,-0.1334,0.0037,0.0395,0.9992
2.3482,120.50,0.0083,1.1125,-0.0304,357.6833,0.2155,359.8357,0.0260,1.9526,-0.1409,0.0038,0.0404,0.9992
2.3681,120.50,0.0088,1.1522,-0.0334,357.6334,0.2203,359.8324,0.0271,1.9813,-0.1488,0.0038,0.0413,0.9991
2.3881,120.50,0.0094,1.1922,-0.0365,357.5848,0.2249,359.8294,0.0282,2.0031,-0.1566,0.0039,0.0421,0.9991
2.4082,120.50,0.0100,1.2328,-0.0398,357.5377,0.2292,359.8265,0.0293,2.0303,-0.1648,0.0040,0.0430,0.9991
2.4281,120.50,0.0106,1.2738,-0.0433,357.4920,0.2332,359.8238,0.0304,2.0513,-0.1728,0.0041,0.0438,0.9990
2.4482,120.50,0.0112,1.3154,-0.0469,357.4478,0.2369,359.8213,0.0316,2.0770,-0.1812,0.0041,0.0445,0.9990
2.4681,120.50,0.0119,1.3573,-0.0507,357.4052,0.2402,359.8191,0.0328,2.0972,-0.1895,0.0042,0.0453,0.9990
2.4882,120.50,0.0125,1.3998,-0.0547,357.3641,0.2432,359.8170,0.0339,2.1215,-0.1981,0.0042,0.0460,0.9989
2.5081,120.50,0.0132,1.4426,-0.0588,357.3246,0.2458,359.8152,0.0351,2.1410,-0.2066,0.0043,0.0467,0.9989
2.5282,120.50,0.0140,1.4859,-0.0631,357.2867,0.2480,359.8136,0.0363,2.1640,-0.2154,0.0043,0.0473,0.9989
2.5481,120.50,0.0147,1.5295,-0.0676,357.2505,0.2499,359.8123,0.0375,2.1827,-0.2241,0.0044,0.0480,0.9988
2.5681,120.50,0.0155,1.5736,-0.0722,357.2158,0.2513,359.8112,0.0387,2.2044,-0.2330,0.0044,0.0486,0.9988
2.5882,120.50,0.0163,1.6180,-0.0771,357.1829,0.2524,359.8103,0.0399,2.2223,-0.2418,0.0044,0.0491,0.9988
2.6081,120.50,0.0171,1.6629,-0.0821,357.1514,0.2532,359.8097,0.0411,2.2428,-0.2508,0.0044,0.0497,0.9988
2.6282,120.50,0.0179,1.7081,-0.0873,357.1217,0.2536,359.8093,0.0423,2.2599,-0.2598,0.0044,0.0502,0.9987
2.6481,120.50,0.0188,1.7537,-0.0927,357.0935,0.2538,359.8091,0.0435,2.2793,-0.2688,0.0044,0.0507,0.9987
2.6682,120.50,0.0197,1.7996,-0.0982,357.0670,0.2537,359.8091,0.0447,2.2956,-0.2779,0.0044,0.0512,0.9987
2.6881,120.50,0.0206,1.8459,-0.1040,357.0420,0.2533,359.8094,0.0459,2.3138,-0.2870,0.0044,0.0516,0.9987
2.7081,120.50,0.0216,1.8925,-0.1099,357.0187,0.2528,359.8098,0.0471,2.3294,-0.2961,0.0044,0.0520,0.9986
2.7281,120.50,0.0225,1.9394,-0.1160,356.9968,0.2521,359.8105,0.0483,2.3466,-0.3053,0.0044,0.0524,0.9986
2.7481,120.50,0.0235,1.9866,-0.1223,356.9766,0.2512,359.8112,0.0495,2.3614,-0.3144,0.0044,0.0527,0.9986
2.7682,120.50,0.0245,2.0342,-0.1288,356.9578,0.2502,359.8122,0.0506,2.3775,-0.3236,0.0044,0.0531,0.9986
2.7881,120.50,0.0256,2.0820,-0.1354,356.9406,0.2492,359.8133,0.0518,2.3915,-0.3327,0.0043,0.0534,0.9986
2.8082,120.50,0.0266,2.1301,-0.1423,356.9248,0.2480,359.8145,0.0530,2.4066,-0.3419,0.0043,0.0536,0.9986
2.8281,120.50,0.0277,2.1785,-0.1493,356.9106,0.2468,359.8159,0.0541,2.4199,-0.3510,0.0043,0.0539,0.9985
2.8482,120.50,0.0288,2.2272,-0.1565,356.8979,0.2456,359.8174,0.0552,2.4341,-0.3602,0.0043,0.0541,0.9985
2.8681,120.50,0.0299,2.2761,-0.1639,356.8865,0.2444,359.8189,0.0564,2.4466,-0.3693,0.0043,0.0543,0.9985
2.8881,120.50,0.0311,2.3253,-0.1714,356.8766,0.2432,359.8206,0.0575,2.4599,-0.3784,0.0042,0.0545,0.9985
2.9082,120.50,0.0323,2.3748,-0.1792,356.8682,0.2420,359.8224,0.0586,2.4717,-0.3874,0.0042,0.0546,0.9985
2.9281,120.50,0.0335,2.4245,-0.1871,356.8611,0.2409,359.8242,0.0597,2.4841,-0.3964,0.0042,0.0548,0.9985
2.9482,120.50,0.0347,2.4744,-0.1952,356.8554,0.2399,359.8261,0.0608,2.4952,-0.4054,0.0042,0.0549,0.9985
2.9681,120.50,0.0359,2.5245,-0.2035,356.8510,0.2389,359.8281,0.0619,2.5067,-0.4143,0.0042,0.0549,0.9985
2.9882,120.50,0.0372,2.5748,-0.2120,356.8480,0.2379,359.8302,0.0630,2.5171,-0.4232,0.0041,0.0550,0.9985
3.0081,120.50,0.0385,2.6254,-0.2206,356.8463,0.2371,359.8323,0.0640,2.5278,-0.4320,0.0041,0.0550,0.9985
3.0282,120.50,0.0398,2.6761,-0.2294,356.8459,0.2363,359.8346,0.0651,2.5375,-0.4408,0.0041,0.0550,0.9985
3.0481,120.50,0.0411,2.7271,-0.2384,356.8467,0.2356,359.8369,0.0661,2.5474,-0.4495,0.0041,0.0550,0.9985
3.0681,120.50,0.0424,2.7782,-0.2476,356.8489,0.2349,359.8393,0.0671,2.5564,-0.4581,0.0041,0.0550,0.9985
3.0882,120.50,0.0438,2.8295,-0.2569,356.8523,0.2342,359.8419,0.0682,2.5656,-0.4667,0.0041,0.0549,0.9985
3.1081,120.50,0.0452,2.8810,-0.2664,356.8571,0.2336,359.8445,0.0692,2.5739,-0.4752,0.0041,0.0548,0.9985
3.1282,120.50,0.0466,2.9327,-0.2761,356.8630,0.2329,359.8473,0.0702,2.5823,-0.4837,0.0041,0.0547,0.9985
3.1481,120.50,0.0480,2.9845,-0.2859,356.8703,0.2322,359.8501,0.0712,2.5900,-0.4920,0.0040,0.0546,0.9985
3.1682,120.50,0.0494,3.0364,-0.2959,356.8788,0.2315,359.8531,0.0722,2.5977,-0.5003,0.0040,0.0544,0.9985
3.1881,120.50,0.0509,3.0885,-0.3061,356.8886,0.2307,359.8563,0.0731,2.6048,-0.5085,0.0040,0.0543,0.9985
3.2081,120.50,0.0524,3.1407,-0.3164,356.8997,0.2298,359.8596,0.0741,2.6118,-0.5166,0.0040,0.0541,0.9985
3.2281,120.50,0.0539,3.1931,-0.3269,356.9120,0.2289,359.8630,0.0750,2.6182,-0.5246,0.0040,0.0539,0.9985
3.2481,120.50,0.0554,3.2456,-0.3376,356.9255,0.2279,359.8665,0.0759,2.6246,-0.5326,0.0040,0.0536,0.9986
3.2682,120.50,0.0569,3.2982,-0.3484,356.9403,0.2268,359.8703,0.0768,2.6304,-0.5404,0.0040,0.0534,0.9986
3.2881,128.39,0.0585,3.3509,-0.3594,356.9563,0.2257,359.8741,0.0777,2.6362,-0.5481,0.0039,0.0531,0.9986
3.3082,128.39,0.0601,3.4038,-0.3705,356.9734,0.2245,359.8780,0.0786,2.6414,-0.5557,0.0039,0.0528,0.9986
3.3281,128.39,0.0617,3.4567,-0.3817,356.9918,0.2232,359.8821,0.0795,2.6465,-0.5632,0.0039,0.0525,0.9986
3.3482,128.39,0.0633,3.5097,-0.3931,357.0114,0.2218,359.8863,0.0803,2.6511,-0.5706,0.0039,0.0521,0.9986
3.3681,128.39,0.0649,3.5628,-0.4047,357.0320,0.2203,359.8906,0.0811,2.6556,-0.5778,0.0038,0.0518,0.9987
3.3881,128.39,0.0665,3.6160,-0.4164,357.0538,0.2188,359.8951,0.0819,2.6597,-0.5849,0.0038,0.0514,0.9987
3.4082,128.39,0.0682,3.6693,-0.4282,357.0767,0.2172,359.8996,0.0827,2.6636,-0.5920,0.0038,0.0510,0.9987
3.4281,128.39,0.0698,3.7226,-0.4402,357.1007,0.2156,359.9043,0.0835,2.6671,-0.5988,0.0038,0.0506,0.9987
3.4482,128.39,0.0715,3.7760,-0.4523,357.1258,0.2139,359.9091,0.0842,2.6705,-0.6056,0.0037,0.0501,0.9987
3.4681,128.39,0.0732,3.8295,-0.4646,357.1518,0.2121,359.9141,0.0850,2.6735,-0.6122,0.0037,0.0497,0.9988
3.4882,128.39,0.0749,3.8830,-0.4769,357.1789,0.2102,359.9192,0.0857,2.6763,-0.6187,0.0037,0.0492,0.9988
3.5081,128.39,0.0767,3.9366,-0.4894,357.2069,0.2083,359.9244,0.0864,2.6788,-0.6250,0.0036,0.0487,0.9988
3.5282,128.39,0.0784,3.9902,-0.5021,357.2359,0.2064,359.9298,0.0870,2.6811,-0.6312,0.0036,0.0482,0.9988
3.5481,128.39,0.0802,4.0439,-0.5148,357.2657,0.2044,359.9353,0.0877,2.6830,-0.6372,0.0036,0.0477,0.9989
3.5681,128.39,0.0819,4.0976,-0.5277,357.2964,0.2023,359.9409,0.0883,2.6848,-0.6431,0.0035,0.0472,0.9989
3.5882,128.39,0.0837,4.1513,-0.5406,357.3280,0.2002,359.9467,0.0889,2.6862,-0.6489,0.0035,0.0466,0.9989
3.6081,128.39,0.0855,4.2051,-0.5537,357.3603,0.1980,359.9526,0.0895,2.6875,-0.6545,0.0035,0.0461,0.9989
3.6282,128.39,0.0873,4.2588,-0.5669,357.3934,0.1958,359.9586,0.0901,2.6885,-0.6599,0.0034,0.0455,0.9990
3.6481,128.39,0.0891,4.3126,-0.5802,357.4271,0.1936,359.9647,0.0906,2.6893,-0.6652,0.0034,0.0449,0.9990
3.6682,128.39,0.0909,4.3664,-0.5936,357.4616,0.1913,359.9708,0.0912,2.6898,-0.6703,0.0033,0.0443,0.9990
3.6881,128.39,0.0928,4.4202,-0.6072,357.4967,0.1890,359.9771,0.0917,2.6901,-0.6753,0.0033,0.0437,0.9990
3.7081,128.39,0.0946,4.4740,-0.6208,357.5323,0.1866,359.9833,0.0921,2.6901,-0.6801,0.0033,0.0431,0.9991
3.7281,128.39,0.0965,4.5278,-0.6344,357.5686,0.1842,359.9897,0.0926,2.6900,-0.6847,0.0032,0.0424,0.9991
3.7481,128.39,0.0983,4.5816,-0.6482,357.6054,0.1818,-0.0040,0.0930,2.6896,-0.6892,0.0032,0.0418,0.9991
3.7682,128.39,0.1002,4.6354,-0.6621,357.6428,0.1793,0.0024,0.0934,2.6890,-0.6935,0.0031,0.0411,0.9991
3.7881,128.39,0.1021,4.6892,-0.6761,357.6806,0.1768,0.0087,0.0938,2.6882,-0.6977,0.0031,0.0405,0.9992
3.8082,128.39,0.1040,4.7429,-0.6901,357.7189,0.1743,0.0151,0.0941,2.6872,-0.7017,0.0030,0.0398,0.9992
3.8281,128.39,0.1058,4.7966,-0.7042,357.7576,0.1718,0.0214,0.0945,2.6860,-0.7055,0.0030,0.0391,0.9992
3.8482,128.39,0.1077,4.8503,-0.7184,357.7967,0.1692,0.0276,0.0948,2.6845,-0.7092,0.0030,0.0384,0.9993
3.8681,128.39,0.1096,4.9040,-0.7326,357.8362,0.1666,0.0339,0.0951,2.6829,-0.7127,0.0029,0.0378,0.9993
3.8881,128.39,0.1115,4.9576,-0.7470,357.8761,0.1641,0.0400,0.0953,2.6811,-0.7161,0.0029,0.0371,0.9993
3.9082,128.39,0.1135,5.0112,-0.7613,357.9163,0.1616,0.0461,0.0956,2.6790,-0.7192,0.0028,0.0364,0.9993
3.9281,128.39,0.1154,5.0647,-0.7758,357.9568,0.1591,0.0521,0.0958,2.6768,-0.7223,0.0028,0.0357,0.9994
3.9482,128.39,0.1173,5.1182,-0.7903,357.9975,0.1566,0.0580,0.0960,2.6744,-0.7251,0.0027,0.0349,0.9994
3.9681,128.39,0.1192,5.1716,-0.8048,358.0385,0.1543,0.0639,0.0962,2.6718,-0.7278,0.0027,0.0342,0.9994
3.9882,128.39,0.1211,5.2250,-0.8195,358.0796,0.1520,0.0696,0.0964,2.6690,-0.7303,0.0027,0.0335,0.9994
4.0081,128.39,0.1231,5.2783,-0.8341,358.1209,0.1499,0.0753,0.0966,2.6660,-0.7327,0.0026,0.0328,0.9995
4.0282,128.39,0.1250,5.3316,-0.8488,358.1623,0.1478,0.0809,0.0967,2.6629,-0.7349,0.0026,0.0321,0.9995
4.0481,128.39,0.1269,5.3848,-0.8635,358.2039,0.1460,0.0865,0.0969,2.6596,-0.7369,0.0025,0.0313,0.9995
4.0681,128.39,0.1289,5.4379,-0.8783,358.2455,0.1442,0.0920,0.0970,2.6561,-0.7388,0.0025,0.0306,0.9995
4.0882,128.39,0.1308,5.4910,-0.8931,358.2872,0.1427,0.0975,0.0971,2.6524,-0.7405,0.0025,0.0299,0.9996
4.1081,128.39,0.1328,5.5439,-0.9080,358.3290,0.1413,0.1029,0.0972,2.6486,-0.7421,0.0025,0.0292,0.9996
4.1282,128.39,0.1347,5.5968,-0.9228,358.3708,0.1400,0.1083,0.0973,2.6446,-0.7435,0.0024,0.0284,0.9996
4.1481,128.39,0.1367,5.6496,-0.9377,358.4125,0.1388,0.1137,0.0973,2.6404,-0.7447,0.0024,0.0277,0.9996
4.1682,128.39,0.1386,5.7024,-0.9527,358.4543,0.1378,0.1191,0.0974,2.6361,-0.7458,0.0024,0.0270,0.9996
4.1881,128.39,0.1406,5.7550,-0.9676,358.4962,0.1369,0.1245,0.0975,2.6316,-0.7467,0.0024,0.0262,0.9997
4.2081,128.39,0.1425,5.8075,-0.9825,358.5379,0.1361,0.1298,0.0975,2.6270,-0.7475,0.0024,0.0255,0.9997
4.2281,128.39,0.1445,5.8600,-0.9975,358.5797,0.1354,0.1352,0.0975,2.6222,-0.7482,0.0024,0.0248,0.9997
4.2481,128.39,0.1464,5.9123,-1.0125,358.6215,0.1346,0.1406,0.0975,2.6173,-0.7487,0.0023,0.0241,0.9997
4.2682,128.39,0.1484,5.9646,-1.0275,358.6631,0.1340,0.1460,0.0975,2.6122,-0.7490,0.0023,0.0233,0.9997
4.2881,127.51,0.1503,6.0167,-1.0424,358.7048,0.1333,0.1514,0.0975,2.6070,-0.7492,0.0023,0.0226,0.9997
4.3082,127.51,0.1523,6.0687,-1.0574,358.7465,0.1326,0.1567,0.0975,2.6016,-0.7492,0.0023,0.0219,0.9998
4.3281,127.51,0.1542,6.1207,-1.0724,358.7880,0.1318,0.1621,0.0974,2.5961,-0.7491,0.0023,0.0212,0.9998
4.3482,127.51,0.1562,6.1725,-1.0874,358.8295,0.1310,0.1674,0.0974,2.5905,-0.7489,0.0023,0.0204,0.9998
4.3681,127.51,0.1581,6.2242,-1.1024,358.8710,0.1301,0.1728,0.0973,2.5847,-0.7485,0.0023,0.0197,0.9998
4.3881,127.51,0.1600,6.2757,-1.1173,358.9124,0.1291,0.1781,0.0972,2.5788,-0.7480,0.0023,0.0190,0.9998
4.4082,127.51,0.1620,6.3272,-1.1323,358.9537,0.1280,0.1834,0.0971,2.5728,-0.7473,0.0022,0.0183,0.9998
4.4281,127.51,0.1639,6.3785,-1.1472,358.9949,0.1268,0.1887,0.0970,2.5666,-0.7465,0.0022,0.0175,0.9998
4.4482,127.51,0.1659,6.4297,-1.1621,359.0361,0.1256,0.1939,0.0969,2.5604,-0.7456,0.0022,0.0168,0.9999
4.4681,127.51,0.1678,6.4808,-1.1770,359.0771,0.1242,0.1992,0.0967,2.5540,-0.7445,0.0022,0.0161,0.9999
4.4882,127.51,0.1697,6.5318,-1.1919,359.1181,0.1229,0.2044,0.0966,2.5474,-0.7433,0.0021,0.0154,0.9999
4.5081,127.51,0.1717,6.5826,-1.2067,359.1589,0.1215,0.2096,0.0964,2.5408,-0.7420,0.0021,0.0147,0.9999
4.5282,127.51,0.1736,6.6333,-1.2215,359.1996,0.1201,0.2147,0.0962,2.5340,-0.7405,0.0021,0.0140,0.9999
4.5481,127.51,0.1755,6.6838,-1.2363,359.2402,0.1187,0.2199,0.0960,2.5272,-0.7389,0.0021,0.0133,0.9999
4.5681,127.51,0.1774,6.7342,-1.2510,359.2805,0.1174,0.2250,0.0958,2.5202,-0.7372,0.0020,0.0126,0.9999
4.5882,127.51,0.1793,6.7845,-1.2657,359.3207,0.1161,0.2301,0.0956,2.5131,-0.7353,0.0020,0.0119,0.9999
4.6081,127.51,0.1812,6.8346,-1.2804,359.3606,0.1149,0.2351,0.0953,2.5059,-0.7333,0.0020,0.0112,0.9999
4.6282,127.51,0.1831,6.8846,-1.2950,359.4003,0.1138,0.2401,0.0951,2.4986,-0.7312,0.0020,0.0105,0.9999
4.6481,127.51,0.1850,6.9344,-1.3096,359.4396,0.1128,0.2451,0.0948,2.4912,-0.7289,0.0020,0.0098,1.0000
4.6682,127.51,0.1869,6.9841,-1.3241,359.4787,0.1119,0.2501,0.0946,2.4837,-0.7265,0.0020,0.0091,1.0000
4.6881,127.51,0.1888,7.0336,-1.3386,359.5174,0.1111,0.2550,0.0943,2.4761,-0.7240,0.0019,0.0084,1.0000
4.7081,127.51,0.1907,7.0829,-1.3530,359.5556,0.1104,0.2599,0.0940,2.4684,-0.7214,0.0019,0.0078,1.0000
4.7281,127.51,0.1926,7.1322,-1.3674,359.5935,0.1098,0.2648,0.0937,2.4606,-0.7186,0.0019,0.0071,1.0000
4.7481,127.51,0.1944,7.1812,-1.3817,359.6310,0.1092,0.2696,0.0933,2.4527,-0.7158,0.0019,0.0064,1.0000
4.7682,127.51,0.1963,7.2301,-1.3960,359.6680,0.1087,0.2744,0.0930,2.4447,-0.7128,0.0019,0.0058,1.0000
4.7881,127.51,0.1981,7.2788,-1.4102,359.7045,0.1082,0.2791,0.0926,2.4367,-0.7097,0.0019,0.0052,1.0000
4.8082,127.51,0.2000,7.3274,-1.4243,359.7405,0.1077,0.2837,0.0922,2.4285,-0.7065,0.0019,0.0045,1.0000
4.8281,127.51,0.2018,7.3758,-1.4384,359.7761,0.1072,0.2884,0.0919,2.4203,-0.7033,0.0019,0.0039,1.0000
4.8482,127.51,0.2037,7.4241,-1.4524,359.8111,0.1066,0.2929,0.0915,2.4120,-0.6999,0.0019,0.0033,1.0000
4.8681,127.51,0.2055,7.4721,-1.4663,359.8456,0.1060,0.2975,0.0911,2.4036,-0.6964,0.0018,0.0027,1.0000
4.8881,127.51,0.2073,7.5200,-1.4802,359.8795,0.1052,0.3020,0.0906,2.3951,-0.6928,0.0018,0.0021,1.0000
4.9082,127.51,0.2091,7.5678,-1.4939,359.9129,0.1044,0.3064,0.0902,2.3866,-0.6891,0.0018,0.0015,1.0000
4.9281,127.51,0.2109,7.6153,-1.5076,359.9457,0.1034,0.3108,0.0897,2.3779,-0.6854,0.0018,0.0009,1.0000
4.9482,127.51,0.2127,7.6627,-1.5213,359.9781,0.1023,0.3152,0.0893,2.3692,-0.6815,0.0018,0.0004,1.0000
4.9681,127.51,0.2145,7.7099,-1.5348,0.0099,0.1011,0.3196,0.0888,2.3605,-0.6776,0.0018,-0.0002,1.0000
4.9882,127.51,0.2162,7.7570,-1.5483,0.0411,0.0997,0.3239,0.0883,2.3516,-0.6736,0.0017,-0.0007,1.0000
5.0081,127.51,0.2180,7.8038,-1.5617,0.0719,0.0982,0.3283,0.0878,2.3427,-0.6695,0.0017,-0.0013,1.0000
5.0282,127.51,0.2197,7.8505,-1.5750,0.1021,0.0966,0.3326,0.0873,2.3338,-0.6653,0.0017,-0.0018,1.0000
5.0481,127.51,0.2215,7.8970,-1.5882,0.1318,0.0949,0.3369,0.0868,2.3248,-0.6611,0.0017,-0.0023,1.0000
5.0681,127.51,0.2232,7.9433,-1.6014,0.1611,0.0930,0.3413,0.0863,2.3157,-0.6568,0.0016,-0.0028,1.0000
5.0882,127.51,0.2249,7.9894,-1.6144,0.1898,0.0911,0.3456,0.0857,2.3065,-0.6525,0.0016,-0.0033,1.0000
5.1081,127.51,0.2266,8.0354,-1.6274,0.2181,0.0891,0.3499,0.0852,2.2973,-0.6480,0.0016,-0.0038,1.0000
5.1282,127.51,0.2283,8.0811,-1.6402,0.2458,0.0871,0.3542,0.0846,2.2881,-0.6435,0.0015,-0.0043,1.0000
5.1481,127.51,0.2300,8.1267,-1.6530,0.2731,0.0851,0.3585,0.0840,2.2787,-0.6390,0.0015,-0.0048,1.0000
5.1682,127.51,0.2316,8.1721,-1.6657,0.3000,0.0830,0.3627,0.0833,2.2694,-0.6344,0.0014,-0.0052,1.0000
5.1881,127.51,0.2333,8.2173,-1.6783,0.3263,0.0810,0.3669,0.0827,2.2600,-0.6297,0.0014,-0.0057,1.0000
5.2081,127.51,0.2349,8.2623,-1.6908,0.3521,0.0790,0.3710,0.0821,2.2505,-0.6249,0.0014,-0.0061,1.0000
5.2281,127.51,0.2366,8.3071,-1.7032,0.3774,0.0770,0.3750,0.0814,2.2410,-0.6201,0.0013,-0.0066,1.0000
5.2481,127.51,0.2382,8.3517,-1.7155,0.4022,0.0751,0.3790,0.0807,2.2314,-0.6153,0.0013,-0.0070,1.0000
5.2682,127.51,0.2398,8.3962,-1.7277,0.4265,0.0731,0.3828,0.0800,2.2218,-0.6104,0.0013,-0.0074,1.0000
5.2881,122.57,0.2414,8.4404,-1.7398,0.4503,0.0713,0.3865,0.0793,2.2122,-0.6054,0.0012,-0.0079,1.0000
5.3082,122.57,0.2429,8.4845,-1.7518,0.4735,0.0694,0.3901,0.0786,2.2025,-0.6004,0.0012,-0.0083,1.0000
5.3281,122.57,0.2445,8.5283,-1.7637,0.4961,0.0676,0.3935,0.0778,2.1927,-0.5954,0.0012,-0.0087,1.0000
5.3482,122.57,0.2460,8.5720,-1.7755,0.5182,0.0658,0.3968,0.0770,2.1830,-0.5903,0.0011,-0.0090,1.0000
5.3681,122.57,0.2476,8.6155,-1.7872,0.5397,0.0641,0.3999,0.0763,2.1732,-0.5852,0.0011,-0.0094,1.0000
5.3881,122.57,0.2491,8.6587,-1.7988,0.5606,0.0625,0.4028,0.0755,2.1633,-0.5800,0.0011,-0.0098,1.0000
5.4082,122.57,0.2506,8.7018,-1.8103,0.5809,0.0609,0.4055,0.0747,2.1534,-0.5748,0.0011,-0.0101,0.9999
5.4281,122.57,0.2520,8.7447,-1.8217,0.6007,0.0594,0.4080,0.0739,2.1435,-0.5695,0.0010,-0.0105,0.9999
5.4482,122.57,0.2535,8.7873,-1.8330,0.6198,0.0580,0.4103,0.0730,2.1336,-0.5642,0.0010,-0.0108,0.9999
5.4681,122.57,0.2549,8.8298,-1.8442,0.6384,0.0567,0.4123,0.0722,2.1236,-0.5589,0.0010,-0.0111,0.9999
5.4882,122.57,0.2564,8.8721,-1.8553,0.6564,0.0556,0.4142,0.0714,2.1136,-0.5536,0.0010,-0.0115,0.9999
5.5081,122.57,0.2578,8.9141,-1.8662,0.6738,0.0546,0.4158,0.0705,2.1036,-0.5482,0.0010,-0.0118,0.9999
5.5282,122.57,0.2592,8.9560,-1.8771,0.6907,0.0538,0.4172,0.0697,2.0935,-0.5428,0.0009,-0.0121,0.9999
5.5481,122.57,0.2605,8.9977,-1.8878,0.7070,0.0532,0.4183,0.0688,2.0834,-0.5374,0.0009,-0.0123,0.9999
5.5681,122.57,0.2619,9.0391,-1.8985,0.7228,0.0527,0.4193,0.0680,2.0733,-0.5320,0.0009,-0.0126,0.9999
5.5882,122.57,0.2632,9.0804,-1.9090,0.7380,0.0524,0.4201,0.0671,2.0632,-0.5266,0.0009,-0.0129,0.9999
5.6081,122.57,0.2646,9.1215,-1.9194,0.7527,0.0523,0.4207,0.0663,2.0530,-0.5211,0.0009,-0.0131,0.9999
5.6282,122.57,0.2659,9.1623,-1.9297,0.7670,0.0524,0.4212,0.0654,2.0429,-0.5156,0.0009,-0.0134,0.9999
5.6481,122.57,0.2672,9.2030,-1.9399,0.7807,0.0526,0.4215,0.0646,2.0327,-0.5101,0.0009,-0.0136,0.9999
5.6682,122.57,0.2684,9.2434,-1.9500,0.7940,0.0530,0.4218,0.0637,2.0225,-0.5046,0.0009,-0.0139,0.9999
5.6881,122.57,0.2697,9.2837,-1.9600,0.8069,0.0535,0.4219,0.0629,2.0122,-0.4991,0.0009,-0.0141,0.9999
5.7081,122.57,0.2709,9.3237,-1.9699,0.8192,0.0541,0.4220,0.0620,2.0020,-0.4936,0.0009,-0.0143,0.9999
5.7281,122.57,0.2722,9.3636,-1.9797,0.8312,0.0548,0.4220,0.0612,1.9918,-0.4881,0.0010,-0.0145,0.9999
5.7481,122.57,0.2734,9.4032,-1.9893,0.8427,0.0555,0.4219,0.0604,1.9815,-0.4826,0.0010,-0.0147,0.9999
5.7682,122.57,0.2746,9.4426,-1.9988,0.8538,0.0564,0.4219,0.0596,1.9712,-0.4770,0.0010,-0.0149,0.9999
5.7881,122.57,0.2757,9.4818,-2.0083,0.8645,0.0572,0.4218,0.0587,1.9609,-0.4715,0.0010,-0.0151,0.9999
5.8082,122.57,0.2769,9.5208,-2.0176,0.8747,0.0580,0.4217,0.0579,1.9506,-0.4659,0.0010,-0.0153,0.9999
5.8281,122.57,0.2780,9.5596,-2.0268,0.8846,0.0588,0.4217,0.0571,1.9403,-0.4604,0.0010,-0.0154,0.9999
5.8482,122.57,0.2792,9.5982,-2.0359,0.8940,0.0596,0.4216,0.0563,1.9300,-0.4548,0.0010,-0.0156,0.9999
5.8681,122.57,0.2803,9.6366,-2.0449,0.9030,0.0603,0.4216,0.0555,1.9197,-0.4493,0.0011,-0.0158,0.9999
5.8881,122.57,0.2814,9.6748,-2.0538,0.9116,0.0609,0.4216,0.0547,1.9094,-0.4437,0.0011,-0.0159,0.9999
5.9082,122.57,0.2825,9.7128,-2.0625,0.9199,0.0614,0.4216,0.0539,1.8990,-0.4382,0.0011,-0.0161,0.9999
5.9281,122.57,0.2835,9.7506,-2.0712,0.9277,0.0618,0.4216,0.0531,1.8887,-0.4327,0.0011,-0.0162,0.9999
5.9482,122.57,0.2846,9.7881,-2.0797,0.9351,0.0620,0.4217,0.0523,1.8784,-0.4271,0.0011,-0.0163,0.9999
5.9681,122.57,0.2856,9.8255,-2.0881,0.9422,0.0622,0.4219,0.0515,1.8680,-0.4216,0.0011,-0.0164,0.9999
5.9882,122.57,0.2866,9.8627,-2.0965,0.9489,0.0622,0.4220,0.0507,1.8577,-0.4160,0.0011,-0.0166,0.9999
6.0081,122.57,0.2876,9.8996,-2.1047,0.9552,0.0621,0.4222,0.0499,1.8473,-0.4105,0.0011,-0.0167,0.9999
6.0282,122.57,0.2886,9.9363,-2.1128,0.9611,0.0619,0.4224,0.0491,1.8370,-0.4050,0.0011,-0.0168,0.9999
6.0481,122.57,0.2896,9.9729,-2.1208,0.9666,0.0615,0.4227,0.0483,1.8266,-0.3995,0.0011,-0.0169,0.9999
6.0681,122.57,0.2905,10.0092,-2.1286,0.9718,0.0611,0.4229,0.0475,1.8163,-0.3940,0.0011,-0.0170,0.9999
6.0882,122.57,0.2914,10.0453,-2.1364,0.9767,0.0606,0.4231,0.0467,1.8060,-0.3885,0.0011,-0.0170,0.9999
6.1081,122.57,0.2924,10.0812,-2.1441,0.9811,0.0600,0.4233,0.0459,1.7956,-0.3830,0.0010,-0.0171,0.9999
6.1282,122.57,0.2933,10.1169,-2.1516,0.9852,0.0594,0.4235,0.0451,1.7853,-0.3776,0.0010,-0.0172,0.9999
6.1481,122.57,0.2941,10.1524,-2.1591,0.9890,0.0587,0.4236,0.0443,1.7750,-0.3721,0.0010,-0.0173,0.9999
6.1682,122.57,0.2950,10.1877,-2.1664,0.9923,0.0581,0.4237,0.0435,1.7646,-0.3667,0.0010,-0.0173,0.9998
6.1881,122.57,0.2959,10.2228,-2.1736,0.9954,0.0574,0.4238,0.0427,1.7543,-0.3613,0.0010,-0.0174,0.9998
6.2081,122.57,0.2967,10.2577,-2.1807,0.9981,0.0567,0.4238,0.0419,1.7440,-0.3559,0.0010,-0.0174,0.9998
6.2281,122.57,0.2975,10.2924,-2.1878,1.0005,0.0561,0.4237,0.0412,1.7337,-0.3505,0.0010,-0.0175,0.9998
6.2481,122.57,0.2983,10.3268,-2.1947,1.0025,0.0555,0.4236,0.0404,1.7235,-0.3451,0.0010,-0.0175,0.9998
6.2682,122.57,0.2991,10.3611,-2.2015,1.0042,0.0549,0.4234,0.0396,1.7132,-0.3397,0.0010,-0.0175,0.9998
6.2881,123.49,0.2999,10.3952,-2.2081,1.0056,0.0543,0.4232,0.0388,1.7029,-0.3344,0.0009,-0.0175,0.9998
6.3082,123.49,0.3007,10.4290,-2.2147,1.0066,0.0538,0.4228,0.0380,1.6927,-0.3291,0.0009,-0.0176,0.9998
6.3281,123.49,0.3014,10.4627,-2.2212,1.0074,0.0532,0.4225,0.0373,1.6824,-0.3238,0.0009,-0.0176,0.9998
6.3482,123.49,0.3021,10.4961,-2.2276,1.0078,0.0527,0.4221,0.0365,1.6722,-0.3185,0.0009,-0.0176,0.9998
6.3681,123.49,0.3029,10.5294,-2.2338,1.0079,0.0522,0.4216,0.0357,1.6620,-0.3133,0.0009,-0.0176,0.9998
6.3881,123.49,0.3036,10.5624,-2.2400,1.0077,0.0517,0.4211,0.0350,1.6518,-0.3081,0.0009,-0.0176,0.9998
6.4082,123.49,0.3042,10.5952,-2.2461,1.0071,0.0512,0.4206,0.0342,1.6416,-0.3029,0.0009,-0.0176,0.9998
6.4281,123.49,0.3049,10.6279,-2.2520,1.0063,0.0507,0.4200,0.0335,1.6314,-0.2977,0.0009,-0.0176,0.9998
6.4482,123.49,0.3056,10.6603,-2.2579,1.0051,0.0501,0.4194,0.0328,1.6213,-0.2925,0.0009,-0.0175,0.9998
6.4681,123.49,0.3062,10.6925,-2.2636,1.0036,0.0494,0.4188,0.0321,1.6111,-0.2874,0.0009,-0.0175,0.9998
6.4882,123.49,0.3068,10.7245,-2.2693,1.0018,0.0486,0.4183,0.0313,1.6010,-0.2823,0.0008,-0.0175,0.9998
6.5081,123.49,0.3074,10.7563,-2.2748,0.9996,0.0478,0.4177,0.0306,1.5909,-0.2772,0.0008,-0.0174,0.9998
6.5281,123.49,0.3080,10.7880,-2.2802,0.9972,0.0468,0.4171,0.0299,1.5808,-0.2721,0.0008,-0.0174,0.9998
6.5481,123.49,0.3086,10.8194,-2.2856,0.9944,0.0458,0.4166,0.0292,1.5708,-0.2671,0.0008,-0.0174,0.9998
6.5681,123.49,0.3092,10.8506,-2.2908,0.9912,0.0445,0.4161,0.0286,1.5607,-0.2621,0.0008,-0.0173,0.9999
6.5882,123.49,0.3098,10.8816,-2.2960,0.9878,0.0432,0.4156,0.0279,1.5507,-0.2572,0.0008,-0.0172,0.9999
6.6081,123.49,0.3103,10.9124,-2.3010,0.9841,0.0417,0.4151,0.0272,1.5407,-0.2523,0.0007,-0.0172,0.9999
6.6282,123.49,0.3108,10.9430,-2.3060,0.9800,0.0402,0.4147,0.0265,1.5307,-0.2474,0.0007,-0.0171,0.9999
6.6481,123.49,0.3114,10.9734,-2.3108,0.9757,0.0385,0.4142,0.0259,1.5208,-0.2425,0.0007,-0.0170,0.9999
6.6682,123.49,0.3119,11.0037,-2.3156,0.9711,0.0367,0.4137,0.0252,1.5108,-0.2377,0.0006,-0.0169,0.9999
6.6881,123.49,0.3123,11.0337,-2.3202,0.9663,0.0348,0.4132,0.0245,1.5009,-0.2329,0.0006,-0.0169,0.9999
6.7081,123.49,0.3128,11.0635,-2.3248,0.9612,0.0328,0.4127,0.0239,1.4911,-0.2282,0.0006,-0.0168,0.9999
6.7281,123.49,0.3133,11.0931,-2.3293,0.9559,0.0309,0.4122,0.0232,1.4812,-0.2235,0.0005,-0.0167,0.9999
6.7481,123.49,0.3137,11.1226,-2.3336,0.9504,0.0289,0.4116,0.0226,1.4714,-0.2188,0.0005,-0.0166,0.9999
6.7682,123.49,0.3142,11.1518,-2.3379,0.9448,0.0269,0.4110,0.0219,1.4615,-0.2142,0.0005,-0.0165,0.9999
6.7881,123.49,0.3146,11.1808,-2.3421,0.9389,0.0249,0.4102,0.0212,1.4518,-0.2096,0.0004,-0.0164,0.9999
6.8082,123.49,0.3150,11.2097,-2.3462,0.9329,0.0229,0.4094,0.0206,1.4420,-0.2050,0.0004,-0.0163,0.9999
6.8281,123.49,0.3154,11.2383,-2.3502,0.9268,0.0211,0.4085,0.0200,1.4323,-0.2005,0.0004,-0.0162,0.9999
6.8482,123.49,0.3158,11.2668,-2.3541,0.9205,0.0193,0.4076,0.0193,1.4226,-0.1961,0.0003,-0.0161,0.9999
6.8681,123.49,0.3162,11.2950,-2.3580,0.9141,0.0177,0.4065,0.0187,1.4129,-0.1916,0.0003,-0.0160,0.9999
6.8881,123.49,0.3165,11.3231,-2.3617,0.9076,0.0162,0.4053,0.0180,1.4033,-0.1873,0.0003,-0.0158,0.9999
6.9082,123.49,0.3169,11.3510,-2.3654,0.9010,0.0148,0.4039,0.0174,1.3937,-0.1829,0.0003,-0.0157,0.9999
6.9281,123.49,0.3172,11.3786,-2.3689,0.8943,0.0136,0.4025,0.0168,1.3841,-0.1786,0.0002,-0.0156,0.9999
6.9482,123.49,0.3175,11.4061,-2.3724,0.8874,0.0126,0.4010,0.0162,1.3745,-0.1744,0.0002,-0.0155,0.9999
6.9681,123.49,0.3179,11.4334,-2.3758,0.8805,0.0117,0.3993,0.0156,1.3650,-0.1701,0.0002,-0.0154,0.9999
6.9882,123.49,0.3182,11.4605,-2.3792,0.8734,0.0111,0.3975,0.0150,1.3555,-0.1659,0.0002,-0.0152,0.9999
7.0081,123.49,0.3184,11.4875,-2.3824,0.8662,0.0106,0.3956,0.0144,1.3460,-0.1618,0.0002,-0.0151,0.9999
7.0281,123.49,0.3187,11.5142,-2.3855,0.8589,0.0103,0.3936,0.0138,1.3366,-0.1577,0.0002,-0.0150,0.9999
7.0481,123.49,0.3190,11.5407,-2.3886,0.8514,0.0101,0.3916,0.0132,1.3272,-0.1536,0.0002,-0.0149,0.9999
7.0681,123.49,0.3192,11.5671,-2.3916,0.8437,0.0101,0.3894,0.0127,1.3178,-0.1496,0.0002,-0.0147,0.9999
7.0882,123.49,0.3195,11.5933,-2.3945,0.8359,0.0103,0.3872,0.0121,1.3085,-0.1456,0.0002,-0.0146,0.9999
7.1081,123.49,0.3197,11.6192,-2.3974,0.8280,0.0105,0.3850,0.0116,1.2992,-0.1416,0.0002,-0.0145,0.9999
7.1282,123.49,0.3199,11.6450,-2.4001,0.8199,0.0108,0.3827,0.0111,1.2899,-0.1377,0.0002,-0.0143,0.9999
7.1481,123.49,0.3201,11.6707,-2.4028,0.8116,0.0112,0.3804,0.0105,1.2807,-0.1339,0.0002,-0.0142,0.9999
7.1682,123.49,0.3203,11.6961,-2.4054,0.8032,0.0117,0.3781,0.0100,1.2715,-0.1301,0.0002,-0.0140,0.9999
7.1881,123.49,0.3205,11.7213,-2.4079,0.7947,0.0122,0.3758,0.0095,1.2623,-0.1263,0.0002,-0.0139,0.9999
7.2081,123.49,0.3207,11.7464,-2.4104,0.7860,0.0127,0.3735,0.0091,1.2532,-0.1226,0.0002,-0.0137,0.9999
7.2281,123.49,0.3209,11.7713,-2.4127,0.7773,0.0133,0.3712,0.0086,1.2441,-0.1189,0.0002,-0.0136,0.9999
7.2481,123.49,0.3210,11.7960,-2.4150,0.7684,0.0138,0.3689,0.0081,1.2350,-0.1153,0.0002,-0.0134,0.9999
7.2682,123.49,0.3212,11.8205,-2.4173,0.7594,0.0144,0.3666,0.0076,1.2260,-0.1117,0.0003,-0.0133,0.9999
7.2881,125.95,0.3213,11.8448,-2.4194,0.7504,0.0149,0.3643,0.0072,1.2170,-0.1081,0.0003,-0.0131,0.9999
7.3082,125.95,0.3215,11.8690,-2.4215,0.7413,0.0155,0.3621,0.0067,1.2080,-0.1047,0.0003,-0.0129,0.9999
7.3281,125.95,0.3216,11.8930,-2.4236,0.7322,0.0161,0.3599,0.0063,1.1991,-0.1012,0.0003,-0.0128,0.9999
7.3482,125.95,0.3217,11.9168,-2.4255,0.7231,0.0166,0.3576,0.0059,1.1902,-0.0978,0.0003,-0.0126,0.9999
7.3681,125.95,0.3218,11.9404,-2.4274,0.7140,0.0172,0.3554,0.0054,1.1814,-0.0945,0.0003,-0.0125,0.9999
7.3881,125.95,0.3219,11.9639,-2.4292,0.7049,0.0178,0.3533,0.0050,1.1725,-0.0912,0.0003,-0.0123,0.9999
7.4082,125.95,0.3220,11.9871,-2.4310,0.6958,0.0183,0.3512,0.0046,1.1638,-0.0879,0.0003,-0.0121,0.9999
7.4281,125.95,0.3221,12.0102,-2.4327,0.6868,0.0189,0.3491,0.0042,1.1550,-0.0847,0.0003,-0.0120,0.9999
7.4482,125.95,0.3222,12.0332,-2.4343,0.6779,0.0194,0.3471,0.0038,1.1463,-0.0816,0.0003,-0.0118,0.9999
7.4681,125.95,0.3223,12.0556,-2.4359,0.6656,0.0201,0.3446,0.0035,1.1199,-0.0780,0.0004,-0.0116,0.9999
7.4882,125.95,0.3223,12.0778,-2.4374,0.6496,0.0209,0.3418,0.0030,1.1105,-0.0741,0.0004,-0.0113,0.9999
7.5081,125.95,0.3224,12.0995,-2.4388,0.6305,0.0219,0.3385,0.0026,1.0855,-0.0707,0.0004,-0.0110,0.9999
7.5281,125.95,0.3224,12.1210,-2.4401,0.6082,0.0229,0.3349,0.0022,1.0755,-0.0671,0.0004,-0.0106,0.9999
7.5481,125.95,0.3224,12.1420,-2.4414,0.5830,0.0241,0.3310,0.0018,1.0518,-0.0638,0.0004,-0.0102,0.9999
7.5681,125.95,0.3225,12.1628,-2.4426,0.5525,0.0832,0.3378,0.0030,1.0413,-0.0601,0.0015,-0.0096,1.0000
7.5882,125.95,0.3226,12.1832,-2.4437,0.5172,0.1928,0.3538,0.0040,1.0187,-0.0567,0.0034,-0.0090,1.0000
7.6081,125.95,0.3227,12.2034,-2.4448,0.4775,0.3462,0.3770,0.0046,1.0079,-0.0534,0.0060,-0.0083,0.9999
7.6282,125.95,0.3228,12.2231,-2.4458,0.4340,0.5376,0.4060,0.0049,0.9863,-0.0504,0.0094,-0.0076,0.9999
7.6481,125.95,0.3229,12.2426,-2.4468,0.3869,0.7621,0.4395,0.0049,0.9752,-0.0476,0.0133,-0.0068,0.9999
7.6682,125.95,0.3230,12.2617,-2.4477,0.3367,1.0154,0.4763,0.0048,0.9545,-0.0451,0.0177,-0.0059,0.9998
7.6881,125.95,0.3231,12.2806,-2.4485,0.2835,1.2936,0.5154,0.0042,0.9432,-0.0427,0.0226,-0.0049,0.9997
7.7081,125.95,0.3231,12.2990,-2.4493,0.2277,1.5934,0.5560,0.0036,0.9234,-0.0406,0.0278,-0.0040,0.9996
7.7281,125.95,0.3232,12.3173,-2.4501,0.1711,1.8801,0.5915,0.0018,0.9119,-0.0389,0.0328,-0.0030,0.9995
7.7481,125.95,0.3232,12.3351,-2.4509,0.1140,2.1539,0.6220,-0.0001,0.8930,-0.0374,0.0376,-0.0020,0.9993
7.7682,125.95,0.3231,12.3528,-2.4516,0.0564,2.4150,0.6478,-0.0020,0.8814,-0.0361,0.0421,-0.0010,0.9991
7.7881,125.95,0.3230,12.3700,-2.4523,-0.0016,2.6637,0.6691,-0.0039,0.8632,-0.0349,0.0465,0.0000,0.9989
7.8082,125.95,0.3229,12.3871,-2.4529,359.9401,2.9003,0.6861,-0.0060,0.8515,-0.0339,0.0506,0.0010,0.9987
7.8281,125.95,0.3228,12.4037,-2.4536,359.8817,3.1252,0.6991,-0.0079,0.8340,-0.0331,0.0545,0.0021,0.9985
7.8482,125.95,0.3226,12.4202,-2.4543,359.8230,3.3385,0.7083,-0.0100,0.8222,-0.0325,0.0582,0.0031,0.9983
7.8681,125.95,0.3223,12.4363,-2.4549,359.7644,3.5406,0.7139,-0.0119,0.8054,-0.0321,0.0618,0.0041,0.9981
7.8881,125.95,0.3221,12.4522,-2.4555,359.7057,3.7317,0.7161,-0.0140,0.7937,-0.0318,0.0651,0.0051,0.9979
7.9082,125.95,0.3217,12.4677,-2.4562,359.6472,3.9121,0.7151,-0.0159,0.7775,-0.0317,0.0682,0.0062,0.9977
7.9281,125.95,0.3214,12.4830,-2.4568,359.5888,4.0822,0.7112,-0.0179,0.7657,-0.0318,0.0712,0.0072,0.9974
7.9482,125.95,0.3210,12.4980,-2.4575,359.5307,4.2422,0.7046,-0.0198,0.7501,-0.0321,0.0740,0.0082,0.9972
7.9681,125.95,0.3205,12.5128,-2.4581,359.4728,4.3923,0.6954,-0.0217,0.7385,-0.0326,0.0766,0.0092,0.9970
7.9882,125.95,0.3201,12.5273,-2.4588,359.4153,4.5328,0.6837,-0.0235,0.7233,-0.0332,0.0790,0.0102,0.9968
8.0081,125.95,0.3196,12.5415,-2.4594,359.3582,4.6641,0.6699,-0.0253,0.7118,-0.0341,0.0813,0.0112,0.9966
8.0281,125.95,0.3190,12.5554,-2.4601,359.3016,4.7864,0.6541,-0.0270,0.6972,-0.0351,0.0834,0.0122,0.9964
8.0481,125.95,0.3185,12.5692,-2.4609,359.2455,4.8999,0.6365,-0.0287,0.6857,-0.0363,0.0854,0.0132,0.9963
8.0681,125.95,0.3179,12.5826,-2.4616,359.1873,5.0567,0.6251,-0.0290,0.6716,-0.0374,0.0881,0.0142,0.9960
8.0882,125.95,0.3173,12.5958,-2.4624,359.1273,5.2510,0.6191,-0.0294,0.6602,-0.0387,0.0915,0.0152,0.9957
8.1081,125.95,0.3167,12.6087,-2.4632,359.0662,5.4780,0.6173,-0.0300,0.6465,-0.0402,0.0955,0.0163,0.9953
8.1282,125.95,0.3161,12.6214,-2.4640,359.0040,5.7333,0.6188,-0.0308,0.6353,-0.0420,0.0999,0.0174,0.9948
8.1481,125.95,0.3154,12.6339,-2.4649,358.9413,6.0132,0.6229,-0.0318,0.6220,-0.0440,0.1047,0.0185,0.9943
8.1682,125.95,0.3148,12.6461,-2.4658,358.8781,6.3146,0.6288,-0.0329,0.6110,-0.0462,0.1100,0.0196,0.9937
8.1881,125.95,0.3141,12.6581,-2.4668,358.8148,6.6345,0.6361,-0.0341,0.5981,-0.0487,0.1155,0.0207,0.9931
8.2081,125.95,0.3134,12.6698,-2.4678,358.7516,6.9706,0.6442,-0.0355,0.5872,-0.0513,0.1213,0.0218,0.9924
8.2281,125.95,0.3127,12.6813,-2.4689,358.6887,7.3207,0.6527,-0.0370,0.5747,-0.0541,0.1274,0.0229,0.9916
8.2481,125.95,0.3119,12.6926,-2.4701,358.6261,7.6830,0.6613,-0.0386,0.5640,-0.0571,0.1337,0.0240,0.9907
8.2682,125.95,0.3111,12.7036,-2.4713,358.5641,8.0559,0.6698,-0.0403,0.5519,-0.0602,0.1401,0.0251,0.9898
8.2881,123.66,0.3102,12.7144,-2.4725,358.5027,8.4380,0.6779,-0.0422,0.5413,-0.0636,0.1467,0.0261,0.9888
8.3082,123.66,0.3093,12.7250,-2.4739,358.4420,8.8282,0.6854,-0.0441,0.5296,-0.0671,0.1534,0.0272,0.9878
8.3281,123.66,0.3084,12.7354,-2.4753,358.3822,9.2253,0.6923,-0.0462,0.5192,-0.0707,0.1603,0.0282,0.9867
8.3482,123.66,0.3075,12.7456,-2.4768,358.3234,9.6285,0.6982,-0.0483,0.5078,-0.0745,0.1672,0.0293,0.9855
8.3681,123.66,0.3064,12.7555,-2.4784,358.2656,10.0370,0.7033,-0.0506,0.4976,-0.0785,0.1742,0.0303,0.9842
8.3881,123.66,0.3054,12.7653,-2.4800,358.2089,10.4501,0.7074,-0.0529,0.4865,-0.0826,0.1813,0.0313,0.9829
8.4082,123.66,0.3043,12.7748,-2.4818,358.1534,10.8673,0.7104,-0.0553,0.4766,-0.0869,0.1884,0.0322,0.9816
8.4281,123.66,0.3031,12.7841,-2.4836,358.0991,11.2880,0.7124,-0.0578,0.4658,-0.0912,0.1956,0.0332,0.9801
8.4482,123.66,0.3019,12.7932,-2.4855,358.0460,11.7119,0.7132,-0.0604,0.4560,-0.0958,0.2029,0.0341,0.9786
8.4681,123.66,0.3007,12.8021,-2.4875,357.9943,12.1384,0.7129,-0.0630,0.4455,-0.1004,0.2101,0.0350,0.9770
8.4882,123.66,0.2994,12.8108,-2.4896,357.9440,12.5674,0.7115,-0.0657,0.4359,-0.1051,0.2174,0.0359,0.9754
8.5081,123.66,0.2980,12.8194,-2.4918,357.8951,12.9985,0.7090,-0.0685,0.4258,-0.1100,0.2248,0.0367,0.9737
8.5281,123.66,0.2966,12.8277,-2.4941,357.8477,13.4315,0.7054,-0.0713,0.4164,-0.1150,0.2321,0.0376,0.9720
8.5481,123.66,0.2951,12.8358,-2.4965,357.8019,13.8661,0.7008,-0.0742,0.4065,-0.1200,0.2395,0.0384,0.9701
8.5681,123.66,0.2935,12.8438,-2.4990,357.7575,14.3022,0.6951,-0.0771,0.3973,-0.1252,0.2468,0.0391,0.9683
8.5882,123.66,0.2919,12.8515,-2.5016,357.7148,14.7395,0.6884,-0.0801,0.3877,-0.1304,0.2542,0.0399,0.9663
8.6081,123.66,0.2903,12.8591,-2.5043,357.6737,15.1780,0.6808,-0.0832,0.3788,-0.1358,0.2616,0.0406,0.9643
8.6282,123.66,0.2885,12.8665,-2.5072,357.6342,15.6174,0.6723,-0.0862,0.3694,-0.1412,0.2690,0.0413,0.9623
8.6481,123.66,0.2868,12.8737,-2.5101,357.5964,16.0577,0.6630,-0.0894,0.3606,-0.1467,0.2764,0.0419,0.9601
8.6682,123.66,0.2849,12.8807,-2.5131,357.5602,16.4987,0.6529,-0.0925,0.3516,-0.1523,0.2837,0.0426,0.9580
8.6881,123.66,0.2830,12.8876,-2.5163,357.5258,16.9403,0.6421,-0.0957,0.3430,-0.1579,0.2911,0.0432,0.9557
8.7081,123.66,0.2810,12.8943,-2.5196,357.4940,17.3628,0.6285,-0.0994,0.3342,-0.1636,0.2981,0.0437,0.9535
8.7281,123.66,0.2789,12.9008,-2.5230,357.4649,17.7665,0.6123,-0.1030,0.3259,-0.1694,0.3048,0.0442,0.9514
8.7481,123.66,0.2768,12.9071,-2.5265,357.4385,18.1518,0.5938,-0.1067,0.3173,-0.1752,0.3112,0.0447,0.9493
8.7682,123.66,0.2746,12.9133,-2.5301,357.4145,18.5192,0.5731,-0.1103,0.3092,-0.1811,0.3173,0.0451,0.9473
8.7881,123.66,0.2723,12.9193,-2.5338,357.3930,18.8688,0.5504,-0.1139,0.3008,-0.1869,0.3231,0.0455,0.9453
8.8082,123.66,0.2700,12.9252,-2.5377,357.3739,19.2013,0.5260,-0.1174,0.2929,-0.1928,0.3285,0.0458,0.9434
8.8281,123.66,0.2676,12.9309,-2.5416,357.3570,19.5169,0.5001,-0.1209,0.2848,-0.1987,0.3337,0.0461,0.9415
8.8482,123.66,0.2651,12.9364,-2.5457,357.3424,19.8159,0.4727,-0.1243,0.2771,-0.2047,0.3386,0.0464,0.9398
8.8681,123.66,0.2625,12.9418,-2.5500,357.3299,20.0989,0.4442,-0.1276,0.2692,-0.2107,0.3433,0.0466,0.9381
8.8881,123.66,0.2599,12.9471,-2.5543,357.3177,20.4030,0.4183,-0.1301,0.2617,-0.2167,0.3482,0.0468,0.9362
8.9082,123.66,0.2573,12.9521,-2.5587,357.3060,20.7254,0.3949,-0.1326,0.2541,-0.2227,0.3535,0.0470,0.9343
8.9281,123.66,0.2546,12.9571,-2.5633,357.2949,21.0637,0.3737,-0.1351,0.2467,-0.2287,0.3590,0.0472,0.9321
8.9482,123.66,0.2518,12.9619,-2.5680,357.2845,21.4159,0.3543,-0.1377,0.2393,-0.2348,0.3647,0.0474,0.9299
8.9681,123.66,0.2490,12.9665,-2.5728,357.2750,21.7799,0.3367,-0.1403,0.2322,-0.2409,0.3706,0.0475,0.9276
8.9882,123.66,0.2462,12.9710,-2.5778,357.2664,22.1543,0.3205,-0.1430,0.2250,-0.2469,0.3767,0.0477,0.9251
9.0081,123.66,0.2432,12.9754,-2.5828,357.2587,22.5377,0.3055,-0.1457,0.2180,-0.2530,0.3829,0.0478,0.9226
9.0281,123.66,0.2403,12.9796,-2.5880,357.2521,22.9289,0.2918,-0.1484,0.2110,-0.2590,0.3891,0.0479,0.9199
9.0481,123.66,0.2373,12.9837,-2.5933,357.2465,23.3268,0.2790,-0.1512,0.2043,-0.2650,0.3955,0.0480,0.9172
9.0681,123.66,0.2342,12.9876,-2.5987,357.2419,23.7306,0.2672,-0.1540,0.1975,-0.2710,0.4020,0.0481,0.9144
9.0882,123.66,0.2310,12.9914,-2.6043,357.2385,24.1395,0.2561,-0.1569,0.1910,-0.2770,0.4085,0.0482,0.9115
9.1081,123.66,0.2278,12.9951,-2.6099,357.2362,24.5528,0.2458,-0.1598,0.1844,-0.2829,0.4150,0.0482,0.9085
9.1282,123.66,0.2246,12.9987,-2.6157,357.2351,24.9701,0.2362,-0.1627,0.1780,-0.2888,0.4217,0.0482,0.9055
9.1481,123.66,0.2213,13.0021,-2.6216,357.2350,25.3907,0.2271,-0.1657,0.1716,-0.2946,0.4283,0.0482,0.9024
9.1682,123.66,0.2179,13.0054,-2.6276,357.2361,25.8144,0.2186,-0.1687,0.1655,-0.3004,0.4350,0.0482,0.8992
9.1881,123.66,0.2145,13.0086,-2.6337,357.2383,26.2407,0.2105,-0.1717,0.1593,-0.3062,0.4416,0.0482,0.8959
9.2081,123.66,0.2110,13.0117,-2.6400,357.2415,26.6693,0.2028,-0.1748,0.1533,-0.3119,0.4483,0.0481,0.8926
9.2281,123.66,0.2074,13.0146,-2.6463,357.2459,27.0999,0.1955,-0.1779,0.1473,-0.3175,0.4550,0.0480,0.8892
9.2481,123.66,0.2038,13.0175,-2.6528,357.2514,27.5324,0.1886,-0.1810,0.1415,-0.3230,0.4617,0.0480,0.8857
9.2682,123.66,0.2001,13.0202,-2.6593,357.2578,27.9664,0.1820,-0.1841,0.1357,-0.3285,0.4684,0.0478,0.8822
9.2881,123.66,0.1964,13.0228,-2.6660,357.2654,28.4019,0.1757,-0.1873,0.1300,-0.3340,0.4751,0.0477,0.8786
9.3082,122.08,0.1926,13.0253,-2.6728,357.2739,28.8386,0.1696,-0.1904,0.1244,-0.3393,0.4818,0.0476,0.8750
9.3281,122.08,0.1887,13.0276,-2.6797,357.2834,29.2764,0.1639,-0.1936,0.1189,-0.3446,0.4885,0.0474,0.8713
9.3482,122.08,0.1847,13.0299,-2.6867,357.2938,29.7152,0.1584,-0.1968,0.1135,-0.3498,0.4951,0.0472,0.8675
9.3681,122.08,0.1807,13.0321,-2.6938,357.3051,30.1549,0.1531,-0.2001,0.1082,-0.3549,0.5018,0.0470,0.8637
9.3881,122.08,0.1767,13.0341,-2.7010,357.3174,30.5953,0.1480,-0.2033,0.1029,-0.3599,0.5084,0.0468,0.8598
9.4082,122.08,0.1725,13.0361,-2.7083,357.3305,31.0364,0.1432,-0.2065,0.0977,-0.3648,0.5150,0.0466,0.8559
9.4281,122.08,0.1684,13.0379,-2.7157,357.3444,31.4781,0.1386,-0.2098,0.0926,-0.3697,0.5216,0.0463,0.8519
9.4482,122.08,0.1641,13.0397,-2.7232,357.3591,31.9203,0.1343,-0.2130,0.0877,-0.3744,0.5282,0.0461,0.8479
9.4681,122.08,0.1598,13.0413,-2.7307,357.3746,32.3630,0.1302,-0.2163,0.0827,-0.3791,0.5347,0.0458,0.8438
9.4882,122.08,0.1554,13.0429,-2.7384,357.3908,32.8059,0.1264,-0.2195,0.0779,-0.3836,0.5412,0.0455,0.8396
9.5081,122.08,0.1509,13.0444,-2.7462,357.4077,33.2492,0.1229,-0.2228,0.0731,-0.3881,0.5477,0.0452,0.8354
9.5281,122.08,0.1464,13.0457,-2.7540,357.4252,33.6927,0.1196,-0.2260,0.0685,-0.3925,0.5542,0.0449,0.8312
9.5481,122.08,0.1418,13.0470,-2.7620,357.4435,34.1364,0.1166,-0.2293,0.0639,-0.3968,0.5606,0.0446,0.8269
9.5681,122.08,0.1372,13.0482,-2.7700,357.4623,34.5802,0.1140,-0.2325,0.0593,-0.4009,0.5670,0.0443,0.8225
9.5882,122.08,0.1324,13.0493,-2.7781,357.4817,35.0241,0.1117,-0.2357,0.0549,-0.4050,0.5734,0.0439,0.8181
9.6081,122.08,0.1277,13.0503,-2.7863,357.5017,35.4681,0.1098,-0.2389,0.0505,-0.4090,0.5797,0.0436,0.8137
9.6282,122.08,0.1228,13.0512,-2.7945,357.5222,35.9121,0.1083,-0.2422,0.0462,-0.4129,0.5860,0.0432,0.8092
9.6481,122.08,0.1179,13.0521,-2.8028,357.5434,36.3562,0.1072,-0.2454,0.0420,-0.4167,0.5923,0.0429,0.8046
9.6682,122.08,0.1129,13.0528,-2.8113,357.5650,36.8003,0.1066,-0.2486,0.0378,-0.4203,0.5985,0.0425,0.8000
9.6881,122.08,0.1079,13.0535,-2.8197,357.5872,37.2445,0.1063,-0.2517,0.0338,-0.4239,0.6047,0.0421,0.7954
9.7081,122.08,0.1028,13.0541,-2.8283,357.6099,37.6886,0.1065,-0.2549,0.0297,-0.4274,0.6108,0.0417,0.7907
9.7281,122.08,0.0977,13.0546,-2.8369,357.6331,38.1328,0.1072,-0.2581,0.0258,-0.4308,0.6170,0.0413,0.7859
9.7481,122.08,0.0924,13.0551,-2.8456,357.6569,38.5771,0.1083,-0.2613,0.0219,-0.4340,0.6230,0.0409,0.7811
9.7682,122.08,0.0871,13.0554,-2.8543,357.6811,39.0214,0.1099,-0.2644,0.0181,-0.4372,0.6291,0.0405,0.7763
9.7881,122.08,0.0818,13.0557,-2.8631,357.7057,39.4657,0.1120,-0.2675,0.0144,-0.4402,0.6351,0.0400,0.7714
9.8082,122.08,0.0764,13.0559,-2.8720,357.7309,39.9102,0.1145,-0.2707,0.0107,-0.4431,0.6411,0.0396,0.7664
9.8281,122.08,0.0709,13.0561,-2.8809,357.7565,40.3548,0.1174,-0.2738,0.0071,-0.4459,0.6470,0.0391,0.7615
9.8482,122.08,0.0654,13.0561,-2.8899,357.7825,40.7994,0.1209,-0.2769,0.0036,-0.4486,0.6529,0.0387,0.7564
9.8681,122.08,0.0598,13.0561,-2.8989,357.8090,41.2442,0.1248,-0.2800,0.0001,-0.4512,0.6588,0.0382,0.7514
9.8881,122.08,0.0541,13.0561,-2.9080,357.8359,41.6892,0.1291,-0.2830,-0.0033,-0.4536,0.6646,0.0378,0.7462
9.9082,122.08,0.0484,13.0559,-2.9171,357.8632,42.1343,0.1340,-0.2861,-0.0067,-0.4560,0.6704,0.0373,0.7411
9.9281,122.08,0.0426,13.0557,-2.9262,357.8908,42.5795,0.1392,-0.2891,-0.0100,-0.4582,0.6762,0.0368,0.7358
9.9482,122.08,0.0368,13.0555,-2.9355,357.9188,43.0250,0.1449,-0.2921,-0.0132,-0.4603,0.6819,0.0363,0.7306
9.9681,122.08,0.0309,13.0551,-2.9447,357.9471,43.4706,0.1511,-0.2951,-0.0164,-0.4622,0.6875,0.0358,0.7253
9.9882,122.08,0.0249,13.0547,-2.9540,357.9757,43.9163,0.1577,-0.2980,-0.0195,-0.4641,0.6932,0.0353,0.7199
10.0082,122.08,0.0189,13.0543,-2.9633,358.0046,44.3623,0.1648,-0.3010,-0.0226,-0.4658,0.6988,0.0348,0.7145
10.0281,122.08,0.0128,13.0538,-2.9726,358.0338,44.8083,0.1723,-0.3039,-0.0256,-0.4674,0.7043,0.0343,0.7091
10.0482,122.08,0.0067,13.0532,-2.9820,358.0630,45.2545,0.1803,-0.3068,-0.0285,-0.4688,0.7098,0.0338,0.7036
10.0682,122.08,0.0005,13.0526,-2.9914,358.0925,45.7008,0.1886,-0.3096,-0.0314,-0.4701,0.7153,0.0333,0.6980
10.0882,122.08,-0.0058,13.0519,-3.0008,358.1222,46.1472,0.1974,-0.3124,-0.0343,-0.4713,0.7207,0.0328,0.6924
10.1082,122.08,-0.0121,13.0512,-3.0103,358.1519,46.5937,0.2066,-0.3152,-0.0371,-0.4724,0.7261,0.0323,0.6868
10.1282,122.08,-0.0184,13.0504,-3.0198,358.1816,47.0401,0.2163,-0.3180,-0.0398,-0.4734,0.7315,0.0317,0.6811
10.1482,122.08,-0.0249,13.0495,-3.0292,358.2115,47.4866,0.2263,-0.3207,-0.0425,-0.4742,0.7368,0.0312,0.6754
10.1682,122.08,-0.0313,13.0486,-3.0387,358.2412,47.9330,0.2367,-0.3234,-0.0451,-0.4748,0.7420,0.0307,0.6697
10.1882,122.08,-0.0378,13.0477,-3.0482,358.2710,48.3793,0.2475,-0.3260,-0.0477,-0.4754,0.7472,0.0302,0.6639
10.2082,122.08,-0.0444,13.0467,-3.0578,358.3007,48.8256,0.2587,-0.3286,-0.0503,-0.4758,0.7524,0.0297,0.6581
10.2282,122.08,-0.0510,13.0456,-3.0673,358.3304,49.2718,0.2703,-0.3312,-0.0528,-0.4761,0.7575,0.0291,0.6522
10.2482,122.08,-0.0577,13.0445,-3.0768,358.3599,49.7179,0.2823,-0.3338,-0.0552,-0.4763,0.7626,0.0286,0.6463
10.2682,122.08,-0.0644,13.0433,-3.0863,358.3893,50.1638,0.2946,-0.3363,-0.0576,-0.4764,0.7676,0.0281,0.6403
10.2882,122.08,-0.0712,13.0421,-3.0959,358.4186,50.6096,0.3072,-0.3388,-0.0600,-0.4763,0.7725,0.0276,0.6344
10.3082,118.14,-0.0780,13.0409,-3.1054,358.4477,51.0553,0.3202,-0.3412,-0.0623,-0.4761,0.7775,0.0271,0.6283
10.3282,118.14,-0.0849,13.0396,-3.1149,358.4767,51.5009,0.3336,-0.3436,-0.0645,-0.4758,0.7823,0.0266,0.6223
10.3482,118.14,-0.0918,13.0383,-3.1244,358.5054,51.9463,0.3473,-0.3460,-0.0667,-0.4753,0.7872,0.0261,0.6162
10.3682,118.14,-0.0988,13.0369,-3.1339,358.5340,52.3916,0.3613,-0.3483,-0.0689,-0.4747,0.7919,0.0256,0.6101
10.3882,118.14,-0.1058,13.0355,-3.1434,358.5624,52.8368,0.3757,-0.3506,-0.0710,-0.4741,0.7967,0.0251,0.6039
10.4082,118.14,-0.1129,13.0340,-3.1528,358.5905,53.2819,0.3903,-0.3528,-0.0731,-0.4733,0.8013,0.0246,0.5977
10.4282,118.14,-0.1200,13.0325,-3.1623,358.6184,53.7269,0.4054,-0.3550,-0.0752,-0.4723,0.8060,0.0241,0.5915
10.4482,118.14,-0.1271,13.0310,-3.1717,358.6461,54.1718,0.4207,-0.3572,-0.0772,-0.4713,0.8105,0.0236,0.5852
10.4682,118.14,-0.1343,13.0294,-3.1811,358.6736,54.6167,0.4364,-0.3593,-0.0792,-0.4701,0.8151,0.0231,0.5789
10.4882,118.14,-0.1415,13.0278,-3.1905,358.7007,55.0616,0.4523,-0.3614,-0.0811,-0.4688,0.8196,0.0227,0.5725
10.5082,118.14,-0.1488,13.0261,-3.1998,358.7277,55.5065,0.4687,-0.3635,-0.0830,-0.4674,0.8240,0.0222,0.5662
10.5281,118.14,-0.1561,13.0244,-3.2092,358.7543,55.9514,0.4853,-0.3655,-0.0848,-0.4659,0.8284,0.0217,0.5598
10.5482,118.14,-0.1635,13.0227,-3.2184,358.7806,56.3963,0.5022,-0.3674,-0.0867,-0.4643,0.8327,0.0213,0.5533
10.5682,118.14,-0.1709,13.0209,-3.2277,358.8067,56.8413,0.5194,-0.3694,-0.0884,-0.4625,0.8370,0.0208,0.5468
10.5882,118.14,-0.1783,13.0191,-3.2369,358.8324,57.2864,0.5369,-0.3713,-0.0902,-0.4607,0.8412,0.0204,0.5403
10.6082,118.14,-0.1857,13.0173,-3.2461,358.8578,57.7315,0.5547,-0.3731,-0.0919,-0.4587,0.8454,0.0199,0.5338
10.6282,118.14,-0.1932,13.0154,-3.2552,358.8829,58.1768,0.5727,-0.3749,-0.0936,-0.4566,0.8495,0.0195,0.5272
10.6482,118.14,-0.2008,13.0135,-3.2643,358.9086,58.6028,0.5881,-0.3770,-0.0952,-0.4541,0.8534,0.0190,0.5209
10.6682,118.14,-0.2084,13.0115,-3.2733,358.9348,59.0099,0.6010,-0.3791,-0.0968,-0.4514,0.8571,0.0186,0.5148
10.6882,118.14,-0.2160,13.0096,-3.2823,358.9617,59.3986,0.6116,-0.3810,-0.0984,-0.4487,0.8606,0.0181,0.5090
10.7082,118.14,-0.2236,13.0076,-3.2912,358.9890,59.7692,0.6200,-0.3829,-0.0999,-0.4460,0.8639,0.0176,0.5034
10.7282,118.14,-0.2313,13.0055,-3.3001,359.0168,60.1221,0.6262,-0.3847,-0.1015,-0.4431,0.8670,0.0172,0.4981
10.7482,118.14,-0.2391,13.0035,-3.3089,359.0450,60.4578,0.6305,-0.3863,-0.1029,-0.4402,0.8699,0.0167,0.4930
10.7682,118.14,-0.2468,13.0014,-3.3176,359.0736,60.7765,0.6329,-0.3879,-0.1044,-0.4373,0.8726,0.0162,0.4882
10.7882,118.14,-0.2546,12.9993,-3.3263,359.1025,61.0787,0.6336,-0.3893,-0.1058,-0.4343,0.8752,0.0157,0.4835
10.8082,118.14,-0.2624,12.9971,-3.3349,359.1316,61.3647,0.6326,-0.3907,-0.1072,-0.4313,0.8776,0.0152,0.4792
10.8282,118.14,-0.2703,12.9950,-3.3435,359.1609,61.6350,0.6301,-0.3919,-0.1086,-0.4282,0.8798,0.0146,0.4750
10.8482,118.14,-0.2781,12.9928,-3.3520,359.1904,61.8898,0.6262,-0.3930,-0.1099,-0.4251,0.8820,0.0141,0.4711
10.8682,118.14,-0.2860,12.9905,-3.3604,359.2199,62.1296,0.6210,-0.3940,-0.1112,-0.4220,0.8839,0.0136,0.4674
10.8882,118.14,-0.2939,12.9883,-3.3688,359.2495,62.3548,0.6146,-0.3949,-0.1125,-0.4189,0.8858,0.0131,0.4640
10.9082,118.14,-0.3018,12.9860,-3.3771,359.2791,62.5657,0.6070,-0.3957,-0.1137,-0.4158,0.8875,0.0126,0.4607
10.9282,118.14,-0.3098,12.9837,-3.3854,359.3122,62.6913,0.5872,-0.3976,-0.1149,-0.4114,0.8885,0.0120,0.4588
10.9482,118.14,-0.3177,12.9814,-3.3935,359.3481,62.7427,0.5571,-0.3991,-0.1161,-0.4072,0.8889,0.0114,0.4580
10.9682,118.14,-0.3257,12.9791,-3.4016,359.3862,62.7296,0.5184,-0.4003,-0.1172,-0.4033,0.8888,0.0107,0.4582
10.9882,118.14,-0.3338,12.9767,-3.4096,359.4258,62.6603,0.4730,-0.4010,-0.1184,-0.3997,0.8883,0.0100,0.4592
11.0082,118.14,-0.3418,12.9743,-3.4175,359.4662,62.5424,0.4222,-0.4014,-0.1195,-0.3964,0.8873,0.0093,0.4611
11.0281,118.14,-0.3498,12.9719,-3.4254,359.5072,62.3822,0.3672,-0.4015,-0.1205,-0.3934,0.8860,0.0086,0.4636
11.0482,118.14,-0.3579,12.9695,-3.4332,359.5481,62.1851,0.3092,-0.4012,-0.1216,-0.3906,0.8844,0.0079,0.4666
11.0682,118.14,-0.3659,12.9670,-3.4409,359.5887,61.9560,0.2489,-0.4007,-0.1226,-0.3881,0.8826,0.0072,0.4701
11.0882,118.14,-0.3739,12.9645,-3.4486,359.6288,61.6991,0.1873,-0.3998,-0.1236,-0.3858,0.8805,0.0065,0.4741
11.1082,118.14,-0.3818,12.9620,-3.4563,359.6680,61.4180,0.1249,-0.3987,-0.1245,-0.3837,0.8781,0.0058,0.4784
11.1282,118.14,-0.3898,12.9595,-3.4640,359.7062,61.1159,0.0624,-0.3973,-0.1255,-0.3818,0.8756,0.0051,0.4830
11.1482,118.14,-0.3977,12.9570,-3.4716,359.7433,60.7956,0.0002,-0.3956,-0.1264,-0.3801,0.8729,0.0045,0.4879
11.1682,118.14,-0.4056,12.9545,-3.4791,359.7792,60.4593,359.9388,-0.3938,-0.1272,-0.3786,0.8700,0.0039,0.4930
11.1882,118.14,-0.4134,12.9519,-3.4867,359.8138,60.1093,359.8785,-0.3917,-0.1281,-0.3773,0.8670,0.0032,0.4983
11.2082,118.14,-0.4212,12.9493,-3.4942,359.8471,59.7473,359.8197,-0.3894,-0.1289,-0.3761,0.8638,0.0027,0.5038
11.2282,118.14,-0.4289,12.9467,-3.5017,359.8791,59.3748,359.7625,-0.3868,-0.1297,-0.3750,0.8605,0.0021,0.5094
11.2482,118.14,-0.4366,12.9441,-3.5092,359.9096,58.9932,359.7071,-0.3841,-0.1305,-0.3741,0.8571,0.0016,0.5151
11.2682,118.14,-0.4442,12.9415,-3.5167,359.9388,58.6037,359.6537,-0.3813,-0.1313,-0.3733,0.8536,0.0011,0.5210
11.2882,118.14,-0.4518,12.9389,-3.5241,359.9667,58.2072,359.6026,-0.3782,-0.1320,-0.3726,0.8500,0.0006,0.5268
11.3082,121.27,-0.4593,12.9362,-3.5315,359.9932,57.8047,359.5536,-0.3750,-0.1327,-0.3720,0.8462,0.0001,0.5328
11.3282,121.27,-0.4667,12.9335,-3.5390,0.0185,57.3970,359.5070,-0.3716,-0.1334,-0.3715,0.8424,-0.0003,0.5388
11.3482,121.27,-0.4741,12.9309,-3.5464,0.0425,56.9847,359.4627,-0.3681,-0.1341,-0.3710,0.8385,-0.0007,0.5449
11.3682,121.27,-0.4814,12.9282,-3.5538,0.0653,56.5683,359.4208,-0.3645,-0.1347,-0.3706,0.8345,-0.0011,0.5509
11.3882,121.27,-0.4886,12.9255,-3.5612,0.0870,56.1485,359.3812,-0.3607,-0.1354,-0.3703,0.8305,-0.0015,0.5570
11.4082,121.27,-0.4957,12.9227,-3.5686,0.1076,55.7255,359.3441,-0.3568,-0.1360,-0.3700,0.8263,-0.0019,0.5632
11.4282,121.27,-0.5028,12.9200,-3.5760,0.1271,55.2998,359.3092,-0.3528,-0.1366,-0.3698,0.8221,-0.0022,0.5693
11.4482,121.27,-0.5098,12.9173,-3.5834,0.1456,54.8716,359.2767,-0.3487,-0.1371,-0.3696,0.8179,-0.0025,0.5754
11.4682,121.27,-0.5167,12.9145,-3.5908,0.1631,54.4414,359.2464,-0.3445,-0.1377,-0.3694,0.8135,-0.0028,0.5815
11.4882,121.27,-0.5235,12.9117,-3.5982,0.1797,54.0092,359.2184,-0.3402,-0.1382,-0.3692,0.8091,-0.0031,0.5877
11.5082,121.27,-0.5302,12.9090,-3.6056,0.1954,53.5754,359.1924,-0.3359,-0.1387,-0.3691,0.8046,-0.0034,0.5938
11.5281,121.27,-0.5368,12.9062,-3.6129,0.2103,53.1401,359.1685,-0.3315,-0.1392,-0.3689,0.8001,-0.0037,0.5999
11.5482,121.27,-0.5433,12.9034,-3.6203,0.2245,52.7035,359.1466,-0.3270,-0.1397,-0.3688,0.7955,-0.0039,0.6059
11.5682,121.27,-0.5498,12.9006,-3.6277,0.2378,52.2657,359.1267,-0.3224,-0.1402,-0.3686,0.7909,-0.0042,0.6120
11.5882,121.27,-0.5561,12.8978,-3.6351,0.2504,51.8269,359.1086,-0.3178,-0.1406,-0.3685,0.7861,-0.0044,0.6180
11.6082,121.27,-0.5624,12.8950,-3.6424,0.2624,51.3872,359.0923,-0.3131,-0.1410,-0.3683,0.7814,-0.0046,0.6240
11.6282,121.27,-0.5686,12.8921,-3.6498,0.2736,50.9467,359.0776,-0.3084,-0.1414,-0.3681,0.7766,-0.0048,0.6300
11.6482,121.27,-0.5746,12.8893,-3.6571,0.2843,50.5055,359.0647,-0.3037,-0.1418,-0.3679,0.7717,-0.0050,0.6360
11.6682,121.27,-0.5806,12.8864,-3.6645,0.2943,50.0637,359.0533,-0.2989,-0.1422,-0.3676,0.7667,-0.0051,0.6419
11.6882,121.27,-0.5865,12.8836,-3.6718,0.3037,49.6215,359.0435,-0.2940,-0.1425,-0.3674,0.7618,-0.0053,0.6478
11.7082,121.27,-0.5923,12.8807,-3.6792,0.3126,49.1787,359.0352,-0.2892,-0.1429,-0.3671,0.7567,-0.0055,0.6537
11.7282,121.27,-0.5980,12.8779,-3.6865,0.3209,48.7357,359.0282,-0.2843,-0.1432,-0.3668,0.7517,-0.0056,0.6595
11.7482,121.27,-0.6036,12.8750,-3.6939,0.3288,48.2923,359.0227,-0.2794,-0.1435,-0.3664,0.7465,-0.0057,0.6653
11.7682,121.27,-0.6091,12.8721,-3.7012,0.3361,47.8487,359.0184,-0.2745,-0.1438,-0.3660,0.7414,-0.0059,0.6711
11.7882,121.27,-0.6144,12.8692,-3.7085,0.3431,47.4049,359.0154,-0.2696,-0.1441,-0.3656,0.7361,-0.0060,0.6768
11.8082,121.27,-0.6197,12.8664,-3.7158,0.3495,46.9609,359.0136,-0.2647,-0.1443,-0.3651,0.7309,-0.0061,0.6825
11.8282,121.27,-0.6249,12.8635,-3.7231,0.3556,46.5169,359.0130,-0.2598,-0.1446,-0.3646,0.7256,-0.0062,0.6881
11.8482,121.27,-0.6300,12.8606,-3.7304,0.3613,46.0728,359.0135,-0.2549,-0.1448,-0.3641,0.7202,-0.0063,0.6937
11.8682,121.27,-0.6350,12.8577,-3.7376,0.3667,45.6286,359.0150,-0.2500,-0.1450,-0.3635,0.7148,-0.0064,0.6993
11.8882,121.27,-0.6399,12.8548,-3.7449,0.3717,45.1845,359.0175,-0.2451,-0.1452,-0.3629,0.7094,-0.0065,0.7048
11.9082,121.27,-0.6447,12.8519,-3.7521,0.3764,44.7403,359.0210,-0.2402,-0.1454,-0.3622,0.7039,-0.0066,0.7103
11.9282,121.27,-0.6494,12.8489,-3.7594,0.3807,44.2963,359.0253,-0.2353,-0.1456,-0.3615,0.6984,-0.0066,0.7157
11.9482,121.27,-0.6541,12.8460,-3.7666,0.3848,43.8523,359.0305,-0.2305,-0.1458,-0.3607,0.6928,-0.0067,0.7211
11.9682,121.27,-0.6586,12.8431,-3.7738,0.3886,43.4083,359.0363,-0.2257,-0.1459,-0.3599,0.6872,-0.0068,0.7265
11.9882,121.27,-0.6630,12.8402,-3.7809,0.3921,42.9645,359.0429,-0.2209,-0.1461,-0.3590,0.6815,-0.0068,0.7318
12.0082,121.27,-0.6673,12.8373,-3.7881,0.3953,42.5207,359.0500,-0.2162,-0.1462,-0.3581,0.6758,-0.0069,0.7370
12.0281,121.27,-0.6715,12.8343,-3.7953,0.3983,42.0770,359.0577,-0.2114,-0.1463,-0.3571,0.6701,-0.0070,0.7422
12.0482,121.27,-0.6757,12.8314,-3.8024,0.4011,41.6334,359.0658,-0.2068,-0.1464,-0.3560,0.6643,-0.0070,0.7474
12.0682,121.27,-0.6797,12.8285,-3.8095,0.4036,41.1897,359.0744,-0.2021,-0.1465,-0.3550,0.6585,-0.0070,0.7525
12.0882,121.27,-0.6837,12.8255,-3.8165,0.4059,40.7461,359.0833,-0.1975,-0.1466,-0.3538,0.6527,-0.0071,0.7576
12.1082,121.27,-0.6875,12.8226,-3.8236,0.4080,40.3025,359.0924,-0.1930,-0.1466,-0.3527,0.6468,-0.0071,0.7626
12.1282,121.27,-0.6913,12.8197,-3.8306,0.4099,39.8589,359.1018,-0.1884,-0.1467,-0.3514,0.6409,-0.0072,0.7676
12.1482,121.27,-0.6950,12.8167,-3.8376,0.4116,39.4151,359.1114,-0.1840,-0.1467,-0.3502,0.6349,-0.0072,0.7725
12.1682,121.27,-0.6986,12.8138,-3.8446,0.4132,38.9713,359.1210,-0.1795,-0.1468,-0.3489,0.6289,-0.0072,0.7774
12.1882,121.27,-0.7021,12.8109,-3.8516,0.4146,38.5274,359.1308,-0.1752,-0.1468,-0.3475,0.6229,-0.0072,0.7823
12.2082,121.27,-0.7055,12.8079,-3.8585,0.4159,38.0833,359.1406,-0.1708,-0.1468,-0.3461,0.6168,-0.0073,0.7871
12.2282,121.27,-0.7088,12.8050,-3.8654,0.4171,37.6390,359.1504,-0.1665,-0.1468,-0.3447,0.6107,-0.0073,0.7919
12.2482,121.27,-0.7121,12.8021,-3.8722,0.4182,37.1946,359.1602,-0.1623,-0.1468,-0.3432,0.6045,-0.0073,0.7966
12.2682,121.27,-0.7152,12.7991,-3.8791,0.4192,36.7500,359.1700,-0.1581,-0.1467,-0.3417,0.5983,-0.0073,0.8012
12.2882,121.27,-0.7183,12.7962,-3.8859,0.4201,36.3053,359.1797,-0.1540,-0.1467,-0.3402,0.5921,-0.0073,0.8059
12.3082,121.67,-0.7213,12.7933,-3.8926,0.4210,35.8603,359.1893,-0.1498,-0.1466,-0.3386,0.5858,-0.0073,0.8104
12.3282,121.67,-0.7242,12.7903,-3.8994,0.4218,35.4152,359.1988,-0.1458,-0.1466,-0.3370,0.5795,-0.0074,0.8150
12.3482,121.67,-0.7270,12.7874,-3.9061,0.4225,34.9699,359.2082,-0.1418,-0.1465,-0.3354,0.5731,-0.0074,0.8194
12.3682,121.67,-0.7298,12.7845,-3.9128,0.4233,34.5244,359.2175,-0.1378,-0.1464,-0.3337,0.5667,-0.0074,0.8239
12.3882,121.67,-0.7325,12.7816,-3.9194,0.4240,34.0787,359.2266,-0.1339,-0.1464,-0.3320,0.5603,-0.0074,0.8282
12.4082,121.67,-0.7351,12.7786,-3.9260,0.4247,33.6329,359.2356,-0.1300,-0.1463,-0.3303,0.5539,-0.0074,0.8326
12.4282,121.67,-0.7376,12.7757,-3.9326,0.4255,33.1867,359.2444,-0.1262,-0.1462,-0.3286,0.5474,-0.0074,0.8369
12.4482,121.67,-0.7400,12.7728,-3.9391,0.4262,32.7404,359.2530,-0.1224,-0.1460,-0.3268,0.5408,-0.0074,0.8411
12.4682,121.67,-0.7424,12.7699,-3.9456,0.4270,32.2939,359.2614,-0.1186,-0.1459,-0.3250,0.5342,-0.0075,0.8453
12.4882,121.67,-0.7447,12.7670,-3.9521,0.4278,31.8472,359.2696,-0.1149,-0.1458,-0.3232,0.5276,-0.0075,0.8494
12.5082,121.67,-0.7469,12.7640,-3.9585,0.4287,31.4003,359.2776,-0.1113,-0.1456,-0.3213,0.5210,-0.0075,0.8535
12.5281,121.67,-0.7491,12.7611,-3.9649,0.4295,30.9532,359.2852,-0.1076,-0.1455,-0.3194,0.5143,-0.0075,0.8576
12.5482,121.67,-0.7512,12.7582,-3.9712,0.4304,30.5060,359.2927,-0.1041,-0.1453,-0.3175,0.5076,-0.0075,0.8616
12.5682,121.67,-0.7532,12.7553,-3.9776,0.4313,30.0587,359.2999,-0.1005,-0.1452,-0.3156,0.5009,-0.0075,0.8655
12.5882,121.67,-0.7551,12.7524,-3.9838,0.4322,29.6112,359.3067,-0.0970,-0.1450,-0.3136,0.4941,-0.0075,0.8694
12.6082,121.67,-0.7570,12.7495,-3.9901,0.4331,29.1637,359.3133,-0.0936,-0.1448,-0.3116,0.4873,-0.0076,0.8732
12.6282,121.67,-0.7588,12.7466,-3.9963,0.4339,28.7162,359.3195,-0.0902,-0.1446,-0.3096,0.4805,-0.0076,0.8770
12.6482,121.67,-0.7605,12.7437,-4.0024,0.4347,28.2687,359.3253,-0.0868,-0.1444,-0.3076,0.4736,-0.0076,0.8807
12.6682,121.67,-0.7622,12.7409,-4.0085,0.4354,27.8212,359.3307,-0.0834,-0.1442,-0.3056,0.4667,-0.0076,0.8844
12.6882,121.67,-0.7638,12.7380,-4.0146,0.4361,27.3737,359.3358,-0.0801,-0.1440,-0.3035,0.4598,-0.0076,0.8880
12.7082,121.67,-0.7653,12.7351,-4.0206,0.4366,26.9264,359.3405,-0.0769,-0.1438,-0.3014,0.4528,-0.0076,0.8916
12.7282,121.67,-0.7668,12.7322,-4.0266,0.4370,26.4791,359.3447,-0.0736,-0.1436,-0.2993,0.4459,-0.0076,0.8951
12.7482,121.67,-0.7682,12.7294,-4.0325,0.4373,26.0319,359.3485,-0.0704,-0.1434,-0.2971,0.4389,-0.0076,0.8985
12.7682,121.67,-0.7696,12.7265,-4.0384,0.4375,25.5849,359.3518,-0.0672,-0.1431,-0.2950,0.4318,-0.0076,0.9019
12.7882,121.67,-0.7708,12.7236,-4.0443,0.4375,25.1380,359.3547,-0.0641,-0.1429,-0.2928,0.4248,-0.0076,0.9053
12.8082,121.67,-0.7721,12.7208,-4.0501,0.4373,24.6912,359.3571,-0.0610,-0.1426,-0.2906,0.4177,-0.0076,0.9085
12.8282,121.67,-0.7732,12.7179,-4.0559,0.4369,24.2445,359.3590,-0.0579,-0.1424,-0.2885,0.4106,-0.0076,0.9118
12.8482,121.67,-0.7743,12.7151,-4.0616,0.4364,23.7980,359.3605,-0.0548,-0.1421,-0.2863,0.4035,-0.0076,0.9149
12.8682,121.67,-0.7754,12.7123,-4.0673,0.4356,23.3516,359.3615,-0.0518,-0.1419,-0.2841,0.3964,-0.0076,0.9181
12.8882,121.67,-0.7763,12.7094,-4.0729,0.4347,22.9054,359.3619,-0.0488,-0.1416,-0.2819,0.3892,-0.0076,0.9211
12.9082,121.67,-0.7772,12.7066,-4.0785,0.4334,22.4594,359.3619,-0.0458,-0.1413,-0.2796,0.3820,-0.0076,0.9241
12.9282,121.67,-0.7781,12.7038,-4.0841,0.4320,22.0135,359.3614,-0.0428,-0.1410,-0.2774,0.3748,-0.0075,0.9271
12.9482,121.67,-0.7789,12.7010,-4.0896,0.4303,21.5678,359.3604,-0.0399,-0.1407,-0.2752,0.3676,-0.0075,0.9300
12.9682,121.67,-0.7796,12.6982,-4.0950,0.4283,21.1223,359.3590,-0.0369,-0.1404,-0.2730,0.3604,-0.0075,0.9328
12.9882,121.67,-0.7803,12.6954,-4.1004,0.4260,20.6770,359.3571,-0.0340,-0.1401,-0.2707,0.3531,-0.0074,0.9356
13.0082,121.67,-0.7809,12.6926,-4.1058,0.4235,20.2318,359.3548,-0.0311,-0.1398,-0.2685,0.3458,-0.0074,0.9383
13.0281,121.67,-0.7815,12.6898,-4.1111,0.4206,19.7868,359.3520,-0.0282,-0.1395,-0.2663,0.3385,-0.0073,0.9409
13.0482,121.67,-0.7820,12.6870,-4.1164,0.4175,19.3419,359.3488,-0.0254,-0.1392,-0.2641,0.3312,-0.0073,0.9435
13.0682,121.67,-0.7825,12.6842,-4.1216,0.4142,18.8971,359.3451,-0.0225,-0.1389,-0.2619,0.3239,-0.0072,0.9461
13.0882,121.67,-0.7829,12.6814,-4.1268,0.4105,18.4524,359.3410,-0.0196,-0.1386,-0.2597,0.3165,-0.0072,0.9486
13.1082,121.67,-0.7832,12.6787,-4.1320,0.4067,18.0077,359.3365,-0.0168,-0.1382,-0.2575,0.3091,-0.0071,0.9510
13.1282,121.67,-0.7835,12.6759,-4.1371,0.4026,17.5631,359.3316,-0.0140,-0.1379,-0.2554,0.3017,-0.0070,0.9534
13.1482,121.67,-0.7837,12.6732,-4.1422,0.3983,17.1184,359.3263,-0.0111,-0.1375,-0.2532,0.2943,-0.0070,0.9557
13.1682,121.67,-0.7839,12.6704,-4.1472,0.3938,16.6737,359.3206,-0.0083,-0.1372,-0.2511,0.2869,-0.0069,0.9579
13.1882,121.67,-0.7840,12.6677,-4.1522,0.3892,16.2289,359.3145,-0.0055,-0.1368,-0.2490,0.2795,-0.0068,0.9601
13.2082,121.67,-0.7840,12.6650,-4.1571,0.3844,15.7841,359.3081,-0.0027,-0.1365,-0.2468,0.2720,-0.0067,0.9623
13.2282,121.67,-0.7840,12.6622,-4.1620,0.3795,15.3391,359.3012,0.0001,-0.1361,-0.2448,0.2645,-0.0066,0.9644
13.2482,121.67,-0.7840,12.6595,-4.1668,0.3744,14.8940,359.2940,0.0029,-0.1358,-0.2427,0.2570,-0.0065,0.9664
13.2682,121.67,-0.7838,12.6568,-4.1717,0.3693,14.4488,359.2864,0.0057,-0.1354,-0.2406,0.2495,-0.0064,0.9684
13.2882,121.67,-0.7837,12.6541,-4.1764,0.3641,14.0034,359.2784,0.0085,-0.1350,-0.2386,0.2420,-0.0064,0.9703
13.3082,121.67,-0.7834,12.6514,-4.1812,0.3588,13.5579,359.2700,0.0113,-0.1346,-0.2366,0.2344,-0.0063,0.9721
13.3282,120.61,-0.7832,12.6487,-4.1859,0.3534,13.1122,359.2613,0.0142,-0.1342,-0.2346,0.2269,-0.0062,0.9739
13.3482,120.61,-0.7828,12.6461,-4.1905,0.3480,12.6664,359.2522,0.0170,-0.1339,-0.2326,0.2193,-0.0061,0.9756
13.3682,120.61,-0.7824,12.6434,-4.1951,0.3425,12.2204,359.2428,0.0198,-0.1335,-0.2306,0.2117,-0.0060,0.9773
13.3882,120.61,-0.7820,12.6407,-4.1997,0.3370,11.7743,359.2330,0.0227,-0.1331,-0.2287,0.2041,-0.0059,0.9789
13.4082,120.61,-0.7815,12.6381,-4.2042,0.3315,11.3280,359.2228,0.0255,-0.1327,-0.2267,0.1964,-0.0058,0.9805
13.4282,120.61,-0.7809,12.6354,-4.2087,0.3259,10.8816,359.2124,0.0284,-0.1323,-0.2248,0.1888,-0.0057,0.9820
13.4482,120.61,-0.7803,12.6328,-4.2132,0.3204,10.4350,359.2016,0.0312,-0.1319,-0.2229,0.1811,-0.0056,0.9834
13.4682,120.61,-0.7796,12.6302,-4.2176,0.3148,9.9883,359.1905,0.0341,-0.1314,-0.2210,0.1734,-0.0055,0.9848
13.4882,120.61,-0.7788,12.6275,-4.2220,0.3093,9.5415,359.1792,0.0370,-0.1310,-0.2191,0.1658,-0.0054,0.9862
13.5082,120.61,-0.7780,12.6249,-4.2263,0.3037,9.0946,359.1675,0.0400,-0.1306,-0.2173,0.1581,-0.0053,0.9874
13.5281,120.61,-0.7772,12.6223,-4.2306,0.2982,8.6477,359.1556,0.0429,-0.1302,-0.2154,0.1504,-0.0052,0.9886
13.5482,120.61,-0.7763,12.6197,-4.2349,0.2926,8.2006,359.1435,0.0459,-0.1298,-0.2136,0.1426,-0.0051,0.9898
13.5682,120.61,-0.7753,12.6171,-4.2391,0.2870,7.7536,359.1311,0.0489,-0.1293,-0.2117,0.1349,-0.0050,0.9908
13.5882,120.61,-0.7743,12.6146,-4.2433,0.2814,7.3065,359.1186,0.0519,-0.1289,-0.2099,0.1272,-0.0049,0.9919
13.6082,120.61,-0.7732,12.6120,-4.2475,0.2757,6.8594,359.1058,0.0549,-0.1285,-0.2081,0.1194,-0.0048,0.9928
13.6282,120.61,-0.7720,12.6094,-4.2516,0.2700,6.4123,359.0929,0.0580,-0.1281,-0.2063,0.1117,-0.0047,0.9937
13.6482,120.61,-0.7708,12.6069,-4.2557,0.2641,5.9653,359.0798,0.0611,-0.1276,-0.2045,0.1039,-0.0046,0.9946
13.6682,120.61,-0.7695,12.6043,-4.2598,0.2582,5.5183,359.0666,0.0642,-0.1272,-0.2027,0.0962,-0.0045,0.9954
13.6882,120.61,-0.7681,12.6018,-4.2638,0.2522,5.0714,359.0533,0.0673,-0.1268,-0.2009,0.0884,-0.0044,0.9961
13.7082,120.61,-0.7667,12.5993,-4.2678,0.2460,4.6245,359.0399,0.0705,-0.1263,-0.1991,0.0806,-0.0043,0.9967
13.7282,120.61,-0.7653,12.5968,-4.2717,0.2397,4.1777,359.0264,0.0737,-0.1259,-0.1973,0.0728,-0.0042,0.9973
13.7482,120.61,-0.7637,12.5942,-4.2756,0.2333,3.7309,359.0128,0.0769,-0.1254,-0.1955,0.0651,-0.0041,0.9979
13.7682,120.61,-0.7621,12.5918,-4.2795,0.2266,3.2842,358.9991,0.0801,-0.1250,-0.1937,0.0573,-0.0040,0.9983
13.7882,120.61,-0.7605,12.5893,-4.2833,0.2198,2.8376,358.9853,0.0834,-0.1245,-0.1920,0.0495,-0.0038,0.9988
13.8082,120.61,-0.7587,12.5868,-4.2871,0.2129,2.3910,358.9715,0.0867,-0.1241,-0.1902,0.0417,-0.0037,0.9991
13.8282,120.61,-0.7569,12.5843,-4.2909,0.2057,1.9444,358.9576,0.0900,-0.1237,-0.1885,0.0339,-0.0036,0.9994
13.8482,120.61,-0.7550,12.5818,-4.2946,0.1984,1.4978,358.9437,0.0934,-0.1232,-0.1867,0.0261,-0.0035,0.9997
13.8682,120.61,-0.7531,12.5794,-4.2983,0.1909,1.0513,358.9298,0.0967,-0.1228,-0.1850,0.0183,-0.0033,0.9998
13.8882,120.61,-0.7511,12.5769,-4.3020,0.1832,0.6048,358.9158,0.1001,-0.1223,-0.1832,0.0106,-0.0032,0.9999
13.9082,120.61,-0.7490,12.5745,-4.3056,0.1753,0.1584,358.9018,0.1035,-0.1219,-0.1815,0.0028,-0.0031,1.0000
13.9282,120.61,-0.7469,12.5721,-4.3092,0.1672,359.7120,358.8878,0.1070,-0.1214,-0.1798,-0.0050,-0.0029,1.0000
13.9482,120.61,-0.7447,12.5697,-4.3128,0.1589,359.2657,358.8738,0.1105,-0.1209,-0.1780,-0.0128,-0.0028,0.9999
13.9682,120.61,-0.7424,12.5672,-4.3163,0.1504,358.8195,358.8599,0.1140,-0.1205,-0.1763,-0.0206,-0.0026,0.9998
13.9882,120.61,-0.7401,12.5648,-4.3198,0.1418,358.3733,358.8459,0.1175,-0.1200,-0.1746,-0.0284,-0.0025,0.9996
14.0082,120.61,-0.7376,12.5625,-4.3233,0.1329,357.9272,358.8320,0.1211,-0.1196,-0.1729,-0.0362,-0.0023,0.9993
14.0281,120.61,-0.7351,12.5601,-4.3267,0.1239,357.4812,358.8181,0.1246,-0.1191,-0.1712,-0.0439,-0.0022,0.9990
14.0482,120.61,-0.7326,12.5577,-4.3301,0.1148,357.0353,358.8043,0.1283,-0.1186,-0.1695,-0.0517,-0.0020,0.9987
14.0682,120.61,-0.7299,12.5553,-4.3334,0.1055,356.5894,358.7905,0.1319,-0.1182,-0.1678,-0.0595,-0.0018,0.9982
14.0882,120.61,-0.7272,12.5530,-4.3368,0.0961,356.1436,358.7768,0.1356,-0.1177,-0.1662,-0.0673,-0.0017,0.9977
14.1082,120.61,-0.7244,12.5506,-4.3400,0.0866,355.6979,358.7632,0.1393,-0.1173,-0.1645,-0.0750,-0.0015,0.9972
14.1282,120.61,-0.7216,12.5483,-4.3433,0.0770,355.2522,358.7496,0.1430,-0.1168,-0.1628,-0.0828,-0.0013,0.9966
14.1482,120.61,-0.7187,12.5460,-4.3465,0.0673,354.8066,358.7361,0.1468,-0.1163,-0.1612,-0.0905,-0.0012,0.9959
14.1682,120.61,-0.7156,12.5437,-4.3497,0.0575,354.3609,358.7227,0.1505,-0.1159,-0.1595,-0.0983,-0.0010,0.9952
14.1882,120.61,-0.7126,12.5413,-4.3529,0.0477,353.9152,358.7094,0.1544,-0.1154,-0.1579,-0.1060,-0.0008,0.9944
14.2082,120.61,-0.7094,12.5390,-4.3560,0.0378,353.4695,358.6962,0.1582,-0.1149,-0.1562,-0.1137,-0.0007,0.9935
14.2282,120.61,-0.7062,12.5368,-4.3591,0.0279,353.0238,358.6830,0.1621,-0.1144,-0.1546,-0.1215,-0.0005,0.9926
14.2482,120.61,-0.7028,12.5345,-4.3621,0.0180,352.5780,358.6700,0.1660,-0.1140,-0.1529,-0.1292,-0.0003,0.9916
14.2682,120.61,-0.6994,12.5322,-4.3652,0.0080,352.1321,358.6572,0.1699,-0.1135,-0.1513,-0.1369,-0.0001,0.9906
14.2882,120.61,-0.6960,12.5300,-4.3682,-0.0019,351.6861,358.6444,0.1738,-0.1130,-0.1496,-0.1446,0.0000,0.9895
14.3082,120.61,-0.6924,12.5277,-4.3711,359.9880,351.2400,358.6318,0.1778,-0.1126,-0.1480,-0.1523,0.0002,0.9883
14.3282,122.27,-0.6888,12.5255,-4.3740,359.9780,350.7938,358.6193,0.1818,-0.1121,-0.1463,-0.1600,0.0004,0.9871
14.3482,122.27,-0.6851,12.5232,-4.3769,359.9680,350.3474,358.6070,0.1858,-0.1116,-0.1447,-0.1677,0.0006,0.9858
14.3682,122.27,-0.6813,12.5210,-4.3798,359.9579,349.9010,358.5948,0.1899,-0.1111,-0.1430,-0.1754,0.0007,0.9845
14.3882,122.27,-0.6774,12.5188,-4.3826,359.9479,349.4543,358.5827,0.1940,-0.1107,-0.1413,-0.1830,0.0009,0.9831
14.4082,122.27,-0.6734,12.5166,-4.3854,359.9379,349.0075,358.5709,0.1981,-0.1102,-0.1397,-0.1907,0.0011,0.9817
14.4282,122.27,-0.6694,12.5144,-4.3882,359.9279,348.5605,358.5592,0.2022,-0.1097,-0.1380,-0.1983,0.0013,0.9801
14.4482,122.27,-0.6652,12.5122,-4.3909,359.9178,348.1134,358.5477,0.2064,-0.1092,-0.1363,-0.2060,0.0014,0.9786
14.4682,122.27,-0.6610,12.5100,-4.3936,359.9078,347.6660,358.5364,0.2106,-0.1087,-0.1346,-0.2136,0.0016,0.9769
14.4882,122.27,-0.6567,12.5079,-4.3963,359.8978,347.2185,358.5253,0.2148,-0.1083,-0.1329,-0.2212,0.0018,0.9752
14.5082,122.27,-0.6524,12.5057,-4.3989,359.8878,346.7708,358.5144,0.2190,-0.1078,-0.1312,-0.2288,0.0020,0.9735
14.5281,122.27,-0.6479,12.5036,-4.4015,359.8779,346.3230,358.5037,0.2232,-0.1073,-0.1295,-0.2364,0.0021,0.9716
14.5482,122.27,-0.6433,12.5014,-4.4040,359.8680,345.8750,358.4932,0.2275,-0.1068,-0.1278,-0.2440,0.0023,0.9698
14.5682,122.27,-0.6387,12.4993,-4.4065,359.8581,345.4268,358.4829,0.2318,-0.1063,-0.1260,-0.2516,0.0025,0.9678
14.5882,122.27,-0.6340,12.4972,-4.4090,359.8483,344.9786,358.4729,0.2361,-0.1059,-0.1243,-0.2592,0.0026,0.9658
14.6082,122.27,-0.6292,12.4951,-4.4115,359.8385,344.5304,358.4631,0.2404,-0.1054,-0.1225,-0.2667,0.0028,0.9638
14.6282,122.27,-0.6243,12.4930,-4.4139,359.8287,344.0821,358.4536,0.2448,-0.1049,-0.1208,-0.2743,0.0030,0.9617
14.6482,122.27,-0.6193,12.4909,-4.4163,359.8190,343.6338,358.4442,0.2491,-0.1044,-0.1190,-0.2818,0.0032,0.9595
14.6682,122.27,-0.6142,12.4888,-4.4186,359.8093,343.1855,358.4352,0.2535,-0.1039,-0.1172,-0.2893,0.0033,0.9572
14.6882,122.27,-0.6091,12.4867,-4.4209,359.7997,342.7372,358.4264,0.2579,-0.1035,-0.1154,-0.2968,0.0035,0.9549
14.7082,122.27,-0.6038,12.4847,-4.4232,359.7902,342.2891,358.4178,0.2623,-0.1030,-0.1135,-0.3042,0.0037,0.9526
14.7282,122.27,-0.5985,12.4826,-4.4254,359.7806,341.8411,358.4094,0.2667,-0.1025,-0.1117,-0.3117,0.0038,0.9502
14.7482,122.27,-0.5931,12.4806,-4.4276,359.7712,341.3931,358.4014,0.2712,-0.1020,-0.1098,-0.3191,0.0040,0.9477
14.7682,122.27,-0.5876,12.4786,-4.4298,359.7618,340.9453,358.3935,0.2756,-0.1015,-0.1080,-0.3265,0.0042,0.9452
14.7882,122.27,-0.5820,12.4765,-4.4319,359.7525,340.4977,358.3859,0.2801,-0.1010,-0.1061,-0.3338,0.0043,0.9426
14.8082,122.27,-0.5763,12.4745,-4.4340,359.7433,340.0501,358.3786,0.2845,-0.1006,-0.1042,-0.3412,0.0045,0.9400
14.8282,122.27,-0.5705,12.4725,-4.4360,359.7341,339.6028,358.3715,0.2890,-0.1001,-0.1023,-0.3485,0.0046,0.9373
14.8482,122.27,-0.5646,12.4705,-4.4380,359.7249,339.1555,358.3646,0.2935,-0.0996,-0.1003,-0.3558,0.0048,0.9345
14.8682,122.27,-0.5587,12.4686,-4.4400,359.7159,338.7084,358.3580,0.2980,-0.0991,-0.0984,-0.3631,0.0050,0.9317
14.8882,122.27,-0.5526,12.4666,-4.4419,359.7070,338.2615,358.3516,0.3025,-0.0986,-0.0964,-0.3704,0.0051,0.9289
14.9082,122.27,-0.5465,12.4646,-4.4438,359.6982,337.8147,358.3454,0.3070,-0.0981,-0.0945,-0.3776,0.0053,0.9260
14.9282,122.27,-0.5402,12.4627,-4.4457,359.6895,337.3680,358.3394,0.3115,-0.0976,-0.0925,-0.3848,0.0054,0.9230
14.9482,122.27,-0.5339,12.4607,-4.4475,359.6808,336.9215,358.3337,0.3160,-0.0972,-0.0905,-0.3920,0.0056,0.9200
14.9682,122.27,-0.5275,12.4588,-4.4493,359.6724,336.4752,358.3282,0.3205,-0.0967,-0.0884,-0.3991,0.0057,0.9169
14.9882,122.27,-0.5210,12.4569,-4.4510,359.6640,336.0289,358.3228,0.3250,-0.0962,-0.0864,-0.4063,0.0059,0.9137
15.0082,122.27,-0.5144,12.4550,-4.4527,359.6559,335.5827,358.3177,0.3295,-0.0957,-0.0844,-0.4134,0.0060,0.9105
15.0281,122.27,-0.5077,12.4531,-4.4543,359.6478,335.1366,358.3128,0.3340,-0.0952,-0.0823,-0.4204,0.0061,0.9073
15.0482,122.27,-0.5010,12.4512,-4.4559,359.6400,334.6905,358.3080,0.3385,-0.0947,-0.0802,-0.4275,0.0063,0.9040
15.0682,122.27,-0.4941,12.4493,-4.4575,359.6322,334.2445,358.3034,0.3430,-0.0942,-0.0781,-0.4345,0.0064,0.9006
15.0882,122.27,-0.4872,12.4474,-4.4590,359.6247,333.7985,358.2990,0.3475,-0.0937,-0.0760,-0.4415,0.0066,0.8972
15.1082,122.27,-0.4801,12.4455,-4.4605,359.6173,333.3524,358.2949,0.3520,-0.0932,-0.0738,-0.4485,0.0067,0.8938
15.1282,122.27,-0.4730,12.4437,-4.4619,359.6101,332.9064,358.2908,0.3565,-0.0928,-0.0716,-0.4554,0.0068,0.8902
15.1482,122.27,-0.4658,12.4418,-4.4633,359.6030,332.4603,358.2870,0.3610,-0.0923,-0.0694,-0.4624,0.0069,0.8867
15.1682,122.27,-0.4585,12.4400,-4.4646,359.5961,332.0141,358.2834,0.3655,-0.0918,-0.0672,-0.4692,0.0070,0.8830
15.1882,122.27,-0.4511,12.4382,-4.4659,359.5893,331.5679,358.2799,0.3700,-0.0913,-0.0650,-0.4761,0.0072,0.8794
15.2082,122.27,-0.4436,12.4364,-4.4672,359.5826,331.1216,358.2767,0.3744,-0.0908,-0.0627,-0.4829,0.0073,0.8756
15.2282,122.27,-0.4360,12.4346,-4.4684,359.5761,330.6752,358.2737,0.3789,-0.0903,-0.0604,-0.4897,0.0074,0.8718
15.2482,122.27,-0.4283,12.4328,-4.4696,359.5696,330.2288,358.2708,0.3834,-0.0898,-0.0581,-0.4965,0.0075,0.8680
15.2682,122.27,-0.4206,12.4310,-4.4707,359.5633,329.7823,358.2682,0.3878,-0.0893,-0.0558,-0.5033,0.0076,0.8641
15.2882,122.27,-0.4127,12.4292,-4.4717,359.5571,329.3358,358.2659,0.3922,-0.0888,-0.0534,-0.5100,0.0077,0.8601
15.3082,122.27,-0.4048,12.4274,-4.4728,359.5510,328.8892,358.2638,0.3967,-0.0883,-0.0510,-0.5167,0.0078,0.8561
15.3282,128.52,-0.3968,12.4257,-4.4737,359.5449,328.4426,358.2619,0.4011,-0.0878,-0.0486,-0.5233,0.0079,0.8521
15.3482,128.52,-0.3887,12.4239,-4.4747,359.5389,327.9959,358.2602,0.4055,-0.0873,-0.0462,-0.5300,0.0080,0.8480
15.3682,128.52,-0.3805,12.4222,-4.4755,359.5330,327.5493,358.2589,0.4098,-0.0869,-0.0437,-0.5366,0.0082,0.8438
15.3882,128.52,-0.3722,12.4205,-4.4764,359.5272,327.1025,358.2577,0.4142,-0.0864,-0.0412,-0.5431,0.0083,0.8396
15.4082,128.52,-0.3638,12.4187,-4.4771,359.5214,326.6558,358.2568,0.4185,-0.0859,-0.0387,-0.5496,0.0084,0.8354
15.4282,128.52,-0.3554,12.4170,-4.4779,359.5156,326.2090,358.2561,0.4229,-0.0854,-0.0362,-0.5561,0.0085,0.8310
15.4482,128.52,-0.3468,12.4153,-4.4785,359.5099,325.7623,358.2556,0.4272,-0.0849,-0.0337,-0.5626,0.0086,0.8267
15.4682,128.52,-0.3382,12.4136,-4.4792,359.5042,325.3155,358.2554,0.4314,-0.0844,-0.0311,-0.5690,0.0087,0.8223
15.4882,128.52,-0.3295,12.4120,-4.4797,359.4986,324.8687,358.2553,0.4357,-0.0839,-0.0285,-0.5754,0.0088,0.8178
15.5082,128.52,-0.3207,12.4103,-4.4802,359.4930,324.4219,358.2555,0.4399,-0.0834,-0.0260,-0.5818,0.0088,0.8133
15.5281,128.52,-0.3118,12.4086,-4.4807,359.4875,323.9750,358.2558,0.4441,-0.0829,-0.0233,-0.5881,0.0089,0.8087
15.5482,128.52,-0.3028,12.4070,-4.4811,359.4820,323.5282,358.2563,0.4483,-0.0824,-0.0207,-0.5944,0.0090,0.8041
15.5682,128.52,-0.2938,12.4054,-4.4815,359.4766,323.0813,358.2570,0.4525,-0.0819,-0.0181,-0.6007,0.0091,0.7995
15.5882,128.52,-0.2846,12.4037,-4.4818,359.4713,322.6344,358.2578,0.4566,-0.0814,-0.0154,-0.6069,0.0092,0.7947
15.6082,128.52,-0.2754,12.4021,-4.4820,359.4661,322.1875,358.2588,0.4607,-0.0809,-0.0128,-0.6131,0.0093,0.7900
15.6282,128.52,-0.2661,12.4005,-4.4822,359.4610,321.7406,358.2599,0.4648,-0.0804,-0.0101,-0.6192,0.0094,0.7852
15.6482,128.52,-0.2567,12.3989,-4.4824,359.4560,321.2936,358.2612,0.4689,-0.0799,-0.0074,-0.6253,0.0095,0.7803
15.6682,128.52,-0.2473,12.3973,-4.4825,359.4511,320.8467,358.2626,0.4729,-0.0794,-0.0047,-0.6314,0.0096,0.7754
15.6882,128.52,-0.2378,12.3957,-4.4825,359.4464,320.3997,358.2642,0.4769,-0.0789,-0.0020,-0.6374,0.0097,0.7705
15.7082,128.52,-0.2281,12.3942,-4.4825,359.4419,319.9528,358.2658,0.4809,-0.0784,0.0008,-0.6434,0.0097,0.7655
15.7282,128.52,-0.2184,12.3926,-4.4824,359.4376,319.5058,358.2677,0.4849,-0.0779,0.0035,-0.6493,0.0098,0.7604
15.7482,128.52,-0.2087,12.3911,-4.4823,359.4335,319.0588,358.2697,0.4888,-0.0774,0.0063,-0.6553,0.0099,0.7553
15.7682,128.52,-0.1988,12.3895,-4.4821,359.4295,318.6118,358.2718,0.4927,-0.0769,0.0090,-0.6611,0.0100,0.7502
15.7882,128.52,-0.1889,12.3880,-4.4819,359.4258,318.1648,358.2741,0.4966,-0.0764,0.0118,-0.6670,0.0100,0.7450
15.8082,128.52,-0.1789,12.3865,-4.4816,359.4224,317.7178,358.2766,0.5004,-0.0759,0.0146,-0.6727,0.0101,0.7398
15.8282,128.52,-0.1688,12.3850,-4.4813,359.4191,317.2708,358.2792,0.5042,-0.0753,0.0174,-0.6785,0.0101,0.7345
15.8482,128.52,-0.1586,12.3835,-4.4809,359.4161,316.8238,358.2820,0.5080,-0.0748,0.0203,-0.6842,0.0102,0.7292
15.8682,128.52,-0.1484,12.3820,-4.4804,359.4133,316.3768,358.2850,0.5117,-0.0743,0.0231,-0.6899,0.0102,0.7239
15.8882,128.52,-0.1381,12.3805,-4.4799,359.4108,315.9298,358.2881,0.5154,-0.0738,0.0259,-0.6955,0.0103,0.7185
15.9082,128.52,-0.1277,12.3791,-4.4793,359.4086,315.4828,358.2913,0.5191,-0.0733,0.0288,-0.7011,0.0103,0.7130
15.9282,128.52,-0.1172,12.3776,-4.4787,359.4066,315.0358,358.2947,0.5227,-0.0728,0.0317,-0.7066,0.0104,0.7075
15.9482,128.52,-0.1067,12.3762,-4.4780,359.4048,314.5887,358.2982,0.5263,-0.0723,0.0346,-0.7121,0.0104,0.7020
15.9682,128.52,-0.0961,12.3747,-4.4772,359.4034,314.1417,358.3017,0.5298,-0.0718,0.0374,-0.7176,0.0104,0.6964
15.9882,128.52,-0.0855,12.3733,-4.4764,359.4022,313.6947,358.3054,0.5333,-0.0713,0.0403,-0.7230,0.0104,0.6908
16.0082,128.52,-0.0747,12.3719,-4.4755,359.4012,313.2477,358.3090,0.5367,-0.0708,0.0433,-0.7284,0.0105,0.6851
16.0281,128.52,-0.0639,12.3705,-4.4746,359.4005,312.8006,358.3127,0.5401,-0.0702,0.0462,-0.7337,0.0105,0.6794
16.0482,128.52,-0.0530,12.3691,-4.4736,359.3999,312.3536,358.3164,0.5435,-0.0697,0.0491,-0.7390,0.0105,0.6737
16.0682,128.52,-0.0421,12.3677,-4.4726,359.3997,311.9066,358.3202,0.5468,-0.0692,0.0521,-0.7442,0.0105,0.6679
16.0882,128.52,-0.0311,12.3663,-4.4715,359.3996,311.4595,358.3239,0.5500,-0.0687,0.0550,-0.7494,0.0105,0.6621
16.1082,128.52,-0.0200,12.3650,-4.4703,359.3997,311.0125,358.3275,0.5532,-0.0682,0.0580,-0.7545,0.0105,0.6562
16.1282,128.52,-0.0089,12.3636,-4.4691,359.4000,310.5654,358.3312,0.5564,-0.0677,0.0610,-0.7596,0.0105,0.6503
16.1482,128.52,0.0023,12.3623,-4.4678,359.4005,310.1184,358.3348,0.5595,-0.0672,0.0640,-0.7647,0.0105,0.6443
16.1682,128.52,0.0135,12.3609,-4.4665,359.4012,309.6714,358.3384,0.5625,-0.0667,0.0670,-0.7697,0.0105,0.6383
16.1882,128.52,0.0248,12.3596,-4.4651,359.4020,309.2244,358.3420,0.5655,-0.0662,0.0700,-0.7746,0.0104,0.6323
16.2082,128.52,0.0362,12.3583,-4.4636,359.4029,308.7773,358.3456,0.5685,-0.0657,0.0731,-0.7795,0.0104,0.6263
16.2282,128.52,0.0476,12.3570,-4.4621,359.4041,308.3303,358.3492,0.5714,-0.0651,0.0761,-0.7844,0.0104,0.6202
16.2482,128.52,0.0591,12.3557,-4.4605,359.4053,307.8833,358.3529,0.5742,-0.0646,0.0792,-0.7892,0.0104,0.6140
16.2682,128.52,0.0707,12.3544,-4.4589,359.4067,307.4363,358.3566,0.5770,-0.0641,0.0823,-0.7940,0.0104,0.6078
16.2882,128.52,0.0822,12.3531,-4.4572,359.4083,306.9893,358.3603,0.5798,-0.0636,0.0854,-0.7987,0.0103,0.6016
16.3082,128.52,0.0939,12.3519,-4.4554,359.4100,306.5424,358.3641,0.5825,-0.0631,0.0885,-0.8034,0.0103,0.5954
16.3282,131.19,0.1056,12.3506,-4.4536,359.4119,306.0954,358.3680,0.5852,-0.0626,0.0916,-0.8080,0.0103,0.5891
16.3482,131.19,0.1174,12.3494,-4.4517,359.4138,305.6484,358.3719,0.5878,-0.0621,0.0948,-0.8126,0.0102,0.5828
16.3682,131.19,0.1292,12.3481,-4.4497,359.4160,305.2015,358.3759,0.5904,-0.0616,0.0979,-0.8171,0.0102,0.5764
16.3882,131.19,0.1410,12.3469,-4.4477,359.4183,304.7545,358.3801,0.5929,-0.0611,0.1011,-0.8216,0.0102,0.5700
16.4082,131.19,0.1529,12.3457,-4.4456,359.4207,304.3075,358.3843,0.5953,-0.0606,0.1042,-0.8260,0.0101,0.5636
16.4282,131.19,0.1649,12.3445,-4.4435,359.4233,303.8604,358.3886,0.5977,-0.0601,0.1074,-0.8304,0.0101,0.5571
16.4482,131.19,0.1769,12.3433,-4.4412,359.4260,303.4134,358.3930,0.6001,-0.0596,0.1106,-0.8347,0.0100,0.5506
16.4682,131.19,0.1889,12.3421,-4.4390,359.4288,302.9662,358.3974,0.6024,-0.0591,0.1138,-0.8390,0.0100,0.5441
16.4882,131.19,0.2010,12.3410,-4.4366,359.4318,302.5190,358.4019,0.6046,-0.0586,0.1170,-0.8432,0.0099,0.5376
16.5082,131.19,0.2132,12.3398,-4.4342,359.4348,302.0717,358.4065,0.6068,-0.0581,0.1203,-0.8473,0.0099,0.5310
16.5281,131.19,0.2253,12.3387,-4.4318,359.4380,301.6243,358.4110,0.6089,-0.0576,0.1235,-0.8515,0.0098,0.5243
16.5482,131.19,0.2376,12.3375,-4.4292,359.4412,301.1768,358.4156,0.6110,-0.0571,0.1267,-0.8555,0.0098,0.5177
16.5682,131.19,0.2498,12.3364,-4.4266,359.4445,300.7292,358.4202,0.6130,-0.0566,0.1300,-0.8596,0.0097,0.5110
16.5882,131.19,0.2621,12.3353,-4.4240,359.4479,300.2817,358.4248,0.6150,-0.0561,0.1332,-0.8635,0.0096,0.5042
16.6082,131.19,0.2745,12.3342,-4.4212,359.4514,299.8340,358.4293,0.6168,-0.0556,0.1364,-0.8674,0.0096,0.4975
16.6282,131.19,0.2868,12.3331,-4.4184,359.4550,299.3863,358.4338,0.6187,-0.0551,0.1397,-0.8713,0.0095,0.4907
16.6482,131.19,0.2992,12.3320,-4.4156,359.4587,298.9386,358.4382,0.6205,-0.0546,0.1430,-0.8751,0.0094,0.4839
16.6682,131.19,0.3117,12.3309,-4.4126,359.4625,298.4908,358.4425,0.6222,-0.0541,0.1462,-0.8789,0.0094,0.4770
16.6882,131.19,0.3242,12.3298,-4.4097,359.4663,298.0431,358.4468,0.6239,-0.0536,0.1495,-0.8826,0.0093,0.4701
16.7082,131.19,0.3367,12.3287,-4.4066,359.4702,297.5954,358.4510,0.6255,-0.0531,0.1528,-0.8862,0.0092,0.4632
16.7282,131.19,0.3492,12.3277,-4.4035,359.4743,297.1477,358.4552,0.6271,-0.0526,0.1560,-0.8898,0.0092,0.4563
16.7482,131.19,0.3618,12.3266,-4.4003,359.4784,296.7001,358.4592,0.6286,-0.0521,0.1593,-0.8933,0.0091,0.4493
16.7682,131.19,0.3744,12.3256,-4.3970,359.4827,296.2526,358.4632,0.6300,-0.0516,0.1626,-0.8968,0.0090,0.4423
16.7882,131.19,0.3870,12.3246,-4.3937,359.4870,295.8051,358.4670,0.6315,-0.0512,0.1659,-0.9002,0.0090,0.4353
16.8082,131.19,0.3997,12.3236,-4.3903,359.4915,295.3578,358.4709,0.6328,-0.0507,0.1692,-0.9036,0.0089,0.4283
16.8282,131.19,0.4123,12.3226,-4.3869,359.4961,294.9106,358.4746,0.6341,-0.0502,0.1726,-0.9069,0.0088,0.4212
16.8482,131.19,0.4251,12.3216,-4.3834,359.5009,294.4634,358.4783,0.6354,-0.0497,0.1759,-0.9102,0.0087,0.4141
16.8682,131.19,0.4378,12.3206,-4.3798,359.5057,294.0164,358.4819,0.6366,-0.0492,0.1792,-0.9134,0.0086,0.4070
16.8882,131.19,0.4505,12.3196,-4.3761,359.5107,293.5695,358.4854,0.6377,-0.0487,0.1826,-0.9165,0.0085,0.3998
16.9082,131.19,0.4633,12.3187,-4.3724,359.5158,293.1227,358.4888,0.6388,-0.0483,0.1859,-0.9196,0.0085,0.3927
16.9282,131.19,0.4761,12.3177,-4.3686,359.5210,292.6759,358.4922,0.6398,-0.0478,0.1893,-0.9227,0.0084,0.3855
16.9482,131.19,0.4889,12.3168,-4.3648,359.5264,292.2292,358.4955,0.6408,-0.0473,0.1926,-0.9256,0.0083,0.3783
16.9682,131.19,0.5018,12.3158,-4.3609,359.5318,291.7826,358.4986,0.6418,-0.0468,0.1960,-0.9286,0.0082,0.3711
16.9882,131.19,0.5146,12.3149,-4.3569,359.5373,291.3360,358.5017,0.6426,-0.0464,0.1994,-0.9314,0.0081,0.3638
17.0082,131.19,0.5275,12.3140,-4.3528,359.5429,290.8893,358.5047,0.6434,-0.0459,0.2028,-0.9342,0.0080,0.3566
17.0281,131.19,0.5404,12.3131,-4.3487,359.5486,290.4427,358.5075,0.6442,-0.0454,0.2062,-0.9370,0.0079,0.3493
17.0482,131.19,0.5533,12.3122,-4.3445,359.5543,289.9960,358.5103,0.6449,-0.0449,0.2096,-0.9397,0.0078,0.3419
17.0682,131.19,0.5662,12.3113,-4.3402,359.5601,289.5493,358.5129,0.6455,-0.0445,0.2130,-0.9423,0.0077,0.3346
17.0882,131.19,0.5791,12.3104,-4.3359,359.5659,289.1026,358.5154,0.6461,-0.0440,0.2164,-0.9449,0.0076,0.3273
17.1082,131.19,0.5920,12.3095,-4.3315,359.5717,288.6558,358.5178,0.6467,-0.0436,0.2198,-0.9474,0.0075,0.3199
17.1282,131.19,0.6050,12.3087,-4.3270,359.5775,288.2089,358.5201,0.6472,-0.0431,0.2233,-0.9499,0.0074,0.3125
17.1482,131.19,0.6179,12.3078,-4.3225,359.5833,287.7620,358.5222,0.6476,-0.0426,0.2267,-0.9523,0.0073,0.3051
17.1682,131.19,0.6309,12.3070,-4.3179,359.5892,287.3150,358.5243,0.6480,-0.0422,0.2302,-0.9547,0.0072,0.2976
17.1882,131.19,0.6438,12.3061,-4.3132,359.5951,286.8680,358.5262,0.6483,-0.0417,0.2336,-0.9570,0.0071,0.2902
17.2082,131.19,0.6568,12.3053,-4.3085,359.6010,286.4209,358.5280,0.6486,-0.0413,0.2371,-0.9592,0.0070,0.2827
17.2282,131.19,0.6698,12.3045,-4.3037,359.6069,285.9738,358.5298,0.6488,-0.0408,0.2406,-0.9614,0.0069,0.2752
17.2482,131.19,0.6828,12.3037,-4.2988,359.6129,285.5267,358.5314,0.6490,-0.0404,0.2440,-0.9635,0.0068,0.2677
17.2682,131.19,0.6958,12.3029,-4.2938,359.6188,285.0797,358.5329,0.6491,-0.0399,0.2475,-0.9655,0.0067,0.2602
17.2882,131.19,0.7087,12.3021,-4.2888,359.6248,284.6326,358.5344,0.6492,-0.0395,0.2510,-0.9675,0.0065,0.2526
17.3082,131.19,0.7217,12.3013,-4.2837,359.6309,284.1857,358.5357,0.6492,-0.0390,0.2545,-0.9695,0.0064,0.2451
17.3282,131.19,0.7347,12.3005,-4.2786,359.6370,283.7388,358.5370,0.6492,-0.0386,0.2580,-0.9714,0.0063,0.2375
17.3482,129.10,0.7477,12.2998,-4.2733,359.6431,283.2920,358.5382,0.6491,-0.0382,0.2615,-0.9732,0.0062,0.2299
17.3682,129.10,0.7607,12.2990,-4.2680,359.6494,282.8453,358.5394,0.6490,-0.0377,0.2651,-0.9750,0.0061,0.2223
17.3882,129.10,0.7736,12.2983,-4.2627,359.6557,282.3987,358.5404,0.6488,-0.0373,0.2686,-0.9767,0.0060,0.2147
17.4082,129.10,0.7866,12.2975,-4.2572,359.6620,281.9523,358.5414,0.6486,-0.0369,0.2721,-0.9783,0.0059,0.2071
17.4282,129.10,0.7996,12.2968,-4.2517,359.6685,281.5060,358.5424,0.6483,-0.0364,0.2757,-0.9799,0.0058,0.1995
17.4482,129.10,0.8125,12.2961,-4.2461,359.6751,281.0599,358.5434,0.6480,-0.0360,0.2792,-0.9814,0.0057,0.1918
17.4682,129.10,0.8255,12.2954,-4.2405,359.6818,280.6140,358.5443,0.6476,-0.0356,0.2827,-0.9829,0.0056,0.1842
17.4882,129.10,0.8384,12.2947,-4.2347,359.6886,280.1682,358.5451,0.6471,-0.0351,0.2863,-0.9843,0.0054,0.1765
17.5082,129.10,0.8514,12.2940,-4.2290,359.6955,279.7226,358.5460,0.6467,-0.0347,0.2898,-0.9856,0.0053,0.1689
17.5281,129.10,0.8643,12.2933,-4.2231,359.7025,279.2771,358.5468,0.6461,-0.0343,0.2934,-0.9869,0.0052,0.1612
17.5482,129.10,0.8772,12.2926,-4.2171,359.7096,278.8318,358.5476,0.6455,-0.0339,0.2970,-0.9881,0.0051,0.1535
17.5682,129.10,0.8901,12.2920,-4.2111,359.7167,278.3865,358.5483,0.6449,-0.0335,0.3005,-0.9893,0.0049,0.1458
17.5882,129.10,0.9030,12.2913,-4.2051,359.7240,277.9413,358.5491,0.6442,-0.0331,0.3041,-0.9904,0.0048,0.1382
17.6082,129.10,0.9158,12.2906,-4.1989,359.7312,277.4962,358.5497,0.6434,-0.0327,0.3076,-0.9914,0.0047,0.1305
17.6282,129.10,0.9287,12.2900,-4.1927,359.7386,277.0511,358.5504,0.6426,-0.0322,0.3112,-0.9924,0.0046,0.1228
17.6482,129.10,0.9415,12.2894,-4.1864,359.7459,276.6060,358.5509,0.6417,-0.0318,0.3147,-0.9934,0.0044,0.1150
17.6682,129.10,0.9543,12.2887,-4.1800,359.7533,276.1609,358.5514,0.6408,-0.0314,0.3183,-0.9942,0.0043,0.1073
17.6882,129.10,0.9671,12.2881,-4.1736,359.7606,275.7157,358.5517,0.6398,-0.0310,0.3218,-0.9950,0.0042,0.0996
17.7082,129.10,0.9799,12.2875,-4.1671,359.7679,275.2704,358.5520,0.6388,-0.0307,0.3254,-0.9958,0.0040,0.0919
17.7282,129.10,0.9927,12.2869,-4.1605,359.7752,274.8250,358.5522,0.6377,-0.0303,0.3289,-0.9964,0.0039,0.0841
17.7482,129.10,1.0054,12.2863,-4.1538,359.7825,274.3795,358.5522,0.6365,-0.0299,0.3324,-0.9971,0.0038,0.0764
17.7682,129.10,1.0181,12.2857,-4.1471,359.7896,273.9339,358.5521,0.6353,-0.0295,0.3359,-0.9976,0.0037,0.0686
17.7882,129.10,1.0308,12.2851,-4.1403,359.7968,273.4881,358.5518,0.6340,-0.0291,0.3395,-0.9981,0.0035,0.0608
17.8082,129.10,1.0434,12.2845,-4.1335,359.8037,273.0422,358.5514,0.6327,-0.0287,0.3430,-0.9986,0.0034,0.0531
17.8282,129.10,1.0561,12.2840,-4.1265,359.8107,272.5962,358.5508,0.6313,-0.0284,0.3465,-0.9990,0.0033,0.0453
17.8482,129.10,1.0687,12.2834,-4.1195,359.8175,272.1499,358.5501,0.6299,-0.0280,0.3500,-0.9993,0.0032,0.0375
17.8682,129.10,1.0812,12.2829,-4.1125,359.8242,271.7036,358.5493,0.6284,-0.0276,0.3535,-0.9996,0.0031,0.0297
17.8882,129.10,1.0938,12.2823,-4.1053,359.8307,271.2570,358.5482,0.6269,-0.0272,0.3570,-0.9998,0.0030,0.0219
17.9082,129.10,1.1063,12.2818,-4.0981,359.8372,270.8102,358.5470,0.6253,-0.0269,0.3604,-0.9999,0.0028,0.0141
17.9282,129.10,1.1187,12.2813,-4.0908,359.8436,270.3633,358.5457,0.6237,-0.0265,0.3639,-1.0000,0.0027,0.0063
17.9482,129.10,1.1312,12.2807,-4.0835,359.8499,269.9161,358.5443,0.6220,-0.0262,0.3674,-1.0000,0.0026,-0.0015
17.9682,129.10,1.1436,12.2802,-4.0761,359.8560,269.4688,358.5427,0.6203,-0.0258,0.3709,-1.0000,0.0025,-0.0093
17.9882,129.10,1.1560,12.2797,-4.0686,359.8621,269.0212,358.5410,0.6185,-0.0255,0.3744,-0.9999,0.0024,-0.0171
18.0082,129.10,1.1683,12.2792,-4.0610,359.8681,268.5735,358.5392,0.6167,-0.0251,0.3778,-0.9997,0.0023,-0.0249
18.0281,129.10,1.1806,12.2787,-4.0534,359.8741,268.1257,358.5374,0.6148,-0.0248,0.3813,-0.9995,0.0022,-0.0327
18.0482,129.10,1.1928,12.2782,-4.0457,359.8799,267.6777,358.5356,0.6129,-0.0244,0.3847,-0.9992,0.0021,-0.0405
18.0682,129.10,1.2051,12.2777,-4.0380,359.8858,267.2295,358.5336,0.6109,-0.0241,0.3882,-0.9988,0.0020,-0.0483
18.0882,129.10,1.2172,12.2773,-4.0301,359.8916,266.7813,358.5317,0.6089,-0.0237,0.3917,-0.9984,0.0019,-0.0561
18.1082,129.10,1.2294,12.2768,-4.0222,359.8974,266.3331,358.5297,0.6069,-0.0234,0.3951,-0.9980,0.0018,-0.0640
18.1282,129.10,1.2415,12.2763,-4.0142,359.9031,265.8848,358.5277,0.6048,-0.0231,0.3985,-0.9974,0.0017,-0.0718
18.1482,129.10,1.2535,12.2759,-4.0062,359.9088,265.4365,358.5258,0.6026,-0.0227,0.4020,-0.9968,0.0016,-0.0796
18.1682,129.10,1.2655,12.2754,-3.9981,359.9145,264.9882,358.5237,0.6004,-0.0224,0.4054,-0.9962,0.0015,-0.0874
18.1882,129.10,1.2775,12.2750,-3.9899,359.9201,264.5400,358.5217,0.5982,-0.0221,0.4088,-0.9955,0.0014,-0.0951
18.2082,129.10,1.2894,12.2746,-3.9817,359.9258,264.0919,358.5197,0.5959,-0.0218,0.4122,-0.9947,0.0013,-0.1029
18.2282,129.10,1.3013,12.2741,-3.9734,359.9313,263.6440,358.5177,0.5936,-0.0214,0.4156,-0.9939,0.0012,-0.1107
18.2482,129.10,1.3131,12.2737,-3.9650,359.9368,263.1961,358.5156,0.5912,-0.0211,0.4189,-0.9930,0.0011,-0.1185
18.2682,129.10,1.3249,12.2733,-3.9565,359.9422,262.7483,358.5134,0.5887,-0.0208,0.4223,-0.9920,0.0010,-0.1262
18.2882,129.10,1.3366,12.2729,-3.9480,359.9476,262.3007,358.5112,0.5863,-0.0205,0.4256,-0.9910,0.0009,-0.1340
18.3082,129.10,1.3483,12.2725,-3.9395,359.9528,261.8532,358.5089,0.5837,-0.0202,0.4289,-0.9899,0.0008,-0.1417
18.3282,129.10,1.3599,12.2721,-3.9308,359.9580,261.4059,358.5066,0.5811,-0.0199,0.4322,-0.9888,0.0007,-0.1494
18.3482,138.30,1.3715,12.2717,-3.9221,359.9630,260.9587,358.5041,0.5785,-0.0196,0.4355,-0.9876,0.0006,-0.1571
18.3682,138.30,1.3830,12.2713,-3.9133,359.9678,260.5117,358.5016,0.5758,-0.0193,0.4388,-0.9863,0.0006,-0.1648
18.3882,138.30,1.3944,12.2709,-3.9045,359.9726,260.0648,358.4990,0.5731,-0.0190,0.4420,-0.9850,0.0005,-0.1725
18.4082,138.30,1.4059,12.2705,-3.8956,359.9771,259.6182,358.4962,0.5704,-0.0187,0.4452,-0.9836,0.0004,-0.1802
18.4282,138.30,1.4172,12.2702,-3.8866,359.9815,259.1717,358.4934,0.5675,-0.0185,0.4485,-0.9822,0.0003,-0.1879
18.4482,138.30,1.4285,12.2698,-3.8776,359.9857,258.7254,358.4906,0.5647,-0.0182,0.4517,-0.9807,0.0003,-0.1955
18.4682,138.30,1.4397,12.2695,-3.8685,359.9896,258.2793,358.4876,0.5618,-0.0179,0.4549,-0.9791,0.0002,-0.2031
18.4882,138.30,1.4509,12.2691,-3.8593,359.9934,257.8334,358.4846,0.5589,-0.0176,0.4581,-0.9775,0.0001,-0.2108
18.5082,138.30,1.4620,12.2688,-3.8501,-0.0030,257.3876,358.4816,0.5559,-0.0174,0.4612,-0.9759,0.0001,-0.2184
18.5281,138.30,1.4731,12.2684,-3.8408,0.0004,256.9420,358.4785,0.5529,-0.0171,0.4644,-0.9741,0.0000,-0.2259
18.5482,138.30,1.4841,12.2681,-3.8315,0.0037,256.4966,358.4755,0.5498,-0.0168,0.4675,-0.9724,-0.0001,-0.2335
18.5682,138.30,1.4950,12.2677,-3.8220,0.0067,256.0512,358.4724,0.5467,-0.0166,0.4707,-0.9705,-0.0001,-0.2411
18.5882,138.30,1.5059,12.2674,-3.8126,0.0097,255.6060,358.4692,0.5436,-0.0163,0.4738,-0.9686,-0.0002,-0.2486
18.6082,138.30,1.5167,12.2671,-3.8030,0.0124,255.1608,358.4661,0.5405,-0.0160,0.4769,-0.9666,-0.0002,-0.2561
18.6282,138.30,1.5274,12.2668,-3.7934,0.0151,254.7156,358.4630,0.5373,-0.0158,0.4800,-0.9646,-0.0003,-0.2636
18.6482,138.30,1.5381,12.2665,-3.7838,0.0177,254.2704,358.4598,0.5341,-0.0155,0.4831,-0.9626,-0.0003,-0.2711
18.6682,138.30,1.5487,12.2662,-3.7740,0.0201,253.8251,358.4567,0.5308,-0.0153,0.4861,-0.9604,-0.0004,-0.2786
18.6882,138.30,1.5593,12.2659,-3.7643,0.0226,253.3798,358.4535,0.5276,-0.0150,0.4892,-0.9582,-0.0004,-0.2860
18.7082,138.30,1.5698,12.2656,-3.7544,0.0249,252.9344,358.4503,0.5242,-0.0148,0.4922,-0.9560,-0.0004,-0.2935
18.7282,138.30,1.5802,12.2653,-3.7445,0.0273,252.4889,358.4471,0.5209,-0.0145,0.4952,-0.9537,-0.0005,-0.3009
18.7482,138.30,1.5905,12.2650,-3.7345,0.0296,252.0433,358.4438,0.5175,-0.0143,0.4982,-0.9513,-0.0005,-0.3083
18.7682,138.30,1.6008,12.2647,-3.7245,0.0319,251.5975,358.4405,0.5142,-0.0141,0.5012,-0.9489,-0.0006,-0.3157
18.7882,138.30,1.6110,12.2644,-3.7144,0.0342,251.1516,358.4371,0.5107,-0.0138,0.5041,-0.9464,-0.0006,-0.3231
18.8082,138.30,1.6212,12.2642,-3.7043,0.0365,250.7055,358.4336,0.5073,-0.0136,0.5071,-0.9438,-0.0006,-0.3304
18.8282,138.30,1.6313,12.2639,-3.6941,0.0388,250.2592,358.4300,0.5038,-0.0133,0.5100,-0.9412,-0.0007,-0.3378
18.8482,138.30,1.6413,12.2636,-3.6838,0.0411,249.8129,358.4263,0.5003,-0.0131,0.5129,-0.9386,-0.0007,-0.3451
18.8682,138.30,1.6512,12.2634,-3.6735,0.0435,249.3663,358.4225,0.4967,-0.0129,0.5158,-0.9359,-0.0008,-0.3524
18.8882,138.30,1.6611,12.2631,-3.6631,0.0458,248.9196,358.4186,0.4931,-0.0127,0.5187,-0.9331,-0.0008,-0.3597
18.9082,138.30,1.6709,12.2629,-3.6527,0.0482,248.4727,358.4146,0.4895,-0.0124,0.5215,-0.9302,-0.0008,-0.3669
18.9282,138.30,1.6806,12.2626,-3.6422,0.0507,248.0257,358.4106,0.4859,-0.0122,0.5243,-0.9274,-0.0009,-0.3742
18.9482,138.30,1.6902,12.2624,-3.6317,0.0532,247.5786,358.4063,0.4822,-0.0120,0.5272,-0.9244,-0.0009,-0.3814
18.9682,138.30,1.6998,12.2622,-3.6211,0.0558,247.1313,358.4021,0.4785,-0.0118,0.5300,-0.9214,-0.0010,-0.3886
18.9882,138.30,1.7093,12.2619,-3.6104,0.0584,246.6838,358.3977,0.4748,-0.0116,0.5328,-0.9183,-0.0010,-0.3958
19.0082,138.30,1.7187,12.2617,-3.5997,0.0611,246.2363,358.3932,0.4710,-0.0114,0.5355,-0.9152,-0.0011,-0.4030
19.0281,138.30,1.7280,12.2615,-3.5890,0.0639,245.7888,358.3887,0.4672,-0.0112,0.5383,-0.9120,-0.0011,-0.4101
19.0482,138.30,1.7373,12.2613,-3.5781,0.0668,245.3411,358.3842,0.4634,-0.0110,0.5411,-0.9088,-0.0012,-0.4172
19.0682,138.30,1.7465,12.2610,-3.5673,0.0697,244.8934,358.3796,0.4595,-0.0108,0.5438,-0.9055,-0.0012,-0.4243
19.0882,138.30,1.7556,12.2608,-3.5563,0.0727,244.4457,358.3750,0.4556,-0.0106,0.5465,-0.9022,-0.0013,-0.4314
19.1082,138.30,1.7646,12.2606,-3.5453,0.0757,243.9980,358.3704,0.4516,-0.0104,0.5492,-0.8988,-0.0013,-0.4384
19.1282,138.30,1.7736,12.2604,-3.5343,0.0787,243.5504,358.3658,0.4476,-0.0102,0.5519,-0.8953,-0.0014,-0.4454
19.1482,138.30,1.7825,12.2602,-3.5232,0.0818,243.1028,358.3612,0.4436,-0.0100,0.5545,-0.8918,-0.0014,-0.4524
19.1682,138.30,1.7913,12.2600,-3.5121,0.0848,242.6552,358.3567,0.4396,-0.0098,0.5572,-0.8883,-0.0015,-0.4593
19.1882,138.30,1.8000,12.2598,-3.5009,0.0879,242.2077,358.3521,0.4355,-0.0096,0.5598,-0.8846,-0.0015,-0.4663
19.2082,138.30,1.8086,12.2596,-3.4896,0.0909,241.7603,358.3476,0.4313,-0.0094,0.5624,-0.8810,-0.0016,-0.4732
19.2282,138.30,1.8171,12.2595,-3.4783,0.0938,241.3129,358.3432,0.4272,-0.0092,0.5650,-0.8773,-0.0016,-0.4800
19.2482,138.30,1.8256,12.2593,-3.4670,0.0967,240.8656,358.3387,0.4230,-0.0091,0.5675,-0.8735,-0.0017,-0.4869
19.2682,138.30,1.8340,12.2591,-3.4556,0.0995,240.4183,358.3343,0.4187,-0.0089,0.5700,-0.8697,-0.0017,-0.4937
19.2882,138.30,1.8423,12.2589,-3.4441,0.1022,239.9711,358.3299,0.4145,-0.0087,0.5725,-0.8658,-0.0018,-0.5004
19.3082,138.30,1.8505,12.2588,-3.4326,0.1047,239.5239,358.3255,0.4102,-0.0086,0.5750,-0.8618,-0.0018,-0.5072
19.3282,138.30,1.8586,12.2586,-3.4211,0.1072,239.0768,358.3212,0.4058,-0.0084,0.5774,-0.8579,-0.0019,-0.5139
19.3482,141.87,1.8666,12.2584,-3.4095,0.1095,238.6297,358.3168,0.4015,-0.0082,0.5799,-0.8538,-0.0019,-0.5206
19.3682,141.87,1.8745,12.2583,-3.3978,0.1116,238.1826,358.3124,0.3971,-0.0081,0.5823,-0.8497,-0.0019,-0.5272
19.3882,141.87,1.8824,12.2581,-3.3861,0.1136,237.7356,358.3081,0.3927,-0.0079,0.5846,-0.8456,-0.0020,-0.5338
19.4082,141.87,1.8902,12.2579,-3.3744,0.1154,237.2885,358.3038,0.3882,-0.0078,0.5870,-0.8414,-0.0020,-0.5404
19.4282,141.87,1.8978,12.2578,-3.3626,0.1169,236.8415,358.2994,0.3837,-0.0076,0.5893,-0.8372,-0.0020,-0.5470
19.4482,141.87,1.9054,12.2576,-3.3508,0.1183,236.3945,358.2951,0.3792,-0.0075,0.5916,-0.8329,-0.0021,-0.5535
19.4682,141.87,1.9129,12.2575,-3.3389,0.1195,235.9475,358.2909,0.3747,-0.0073,0.5938,-0.8285,-0.0021,-0.5600
19.4882,141.87,1.9203,12.2574,-3.3270,0.1204,235.5005,358.2867,0.3702,-0.0072,0.5961,-0.8241,-0.0021,-0.5664
19.5082,141.87,1.9276,12.2572,-3.3150,0.1212,235.0535,358.2825,0.3656,-0.0070,0.5983,-0.8197,-0.0021,-0.5728
19.5281,141.87,1.9348,12.2571,-3.3030,0.1218,234.6066,358.2783,0.3610,-0.0069,0.6005,-0.8152,-0.0021,-0.5792
19.5482,141.87,1.9420,12.2569,-3.2910,0.1221,234.1596,358.2743,0.3564,-0.0068,0.6027,-0.8106,-0.0021,-0.5855
19.5682,141.87,1.9490,12.2568,-3.2789,0.1223,233.7126,358.2702,0.3518,-0.0066,0.6049,-0.8061,-0.0021,-0.5918
19.5882,141.87,1.9560,12.2567,-3.2667,0.1224,233.2657,358.2663,0.3471,-0.0065,0.6070,-0.8014,-0.0021,-0.5981
19.6082,141.87,1.9628,12.2565,-3.2545,0.1223,232.8187,358.2624,0.3425,-0.0064,0.6091,-0.7967,-0.0021,-0.6043
19.6282,141.87,1.9696,12.2564,-3.2423,0.1221,232.3717,358.2586,0.3378,-0.0062,0.6112,-0.7920,-0.0021,-0.6105
19.6482,141.87,1.9762,12.2563,-3.2301,0.1218,231.9247,358.2548,0.3331,-0.0061,0.6133,-0.7872,-0.0021,-0.6167
19.6682,141.87,1.9828,12.2562,-3.2177,0.1215,231.4777,358.2511,0.3284,-0.0060,0.6154,-0.7824,-0.0021,-0.6228
19.6882,141.87,1.9893,12.2561,-3.2054,0.1211,231.0307,358.2475,0.3237,-0.0058,0.6174,-0.7775,-0.0021,-0.6289
19.7082,141.87,1.9956,12.2560,-3.1930,0.1207,230.5837,358.2439,0.3190,-0.0057,0.6194,-0.7726,-0.0021,-0.6349
19.7282,141.87,2.0019,12.2558,-3.1806,0.1203,230.1366,358.2403,0.3143,-0.0056,0.6214,-0.7676,-0.0021,-0.6410
19.7482,141.87,2.0081,12.2557,-3.1681,0.1199,229.6896,358.2368,0.3095,-0.0055,0.6233,-0.7625,-0.0021,-0.6469
19.7682,141.87,2.0142,12.2556,-3.1556,0.1195,229.2426,358.2332,0.3048,-0.0053,0.6253,-0.7575,-0.0021,-0.6529
19.7882,141.87,2.0202,12.2555,-3.1431,0.1191,228.7955,358.2297,0.3000,-0.0052,0.6272,-0.7524,-0.0021,-0.6587
19.8082,141.87,2.0261,12.2554,-3.1305,0.1188,228.3484,358.2263,0.2952,-0.0051,0.6291,-0.7472,-0.0021,-0.6646
19.8282,141.87,2.0319,12.2553,-3.1179,0.1186,227.9013,358.2227,0.2904,-0.0050,0.6309,-0.7420,-0.0021,-0.6704
19.8482,141.87,2.0376,12.2552,-3.1052,0.1184,227.4542,358.2192,0.2856,-0.0049,0.6327,-0.7367,-0.0021,-0.6762
19.8682,141.87,2.0432,12.2551,-3.0925,0.1183,227.0070,358.2156,0.2808,-0.0047,0.6345,-0.7314,-0.0021,-0.6819
19.8882,141.87,2.0488,12.2550,-3.0798,0.1183,226.5599,358.2120,0.2760,-0.0046,0.6363,-0.7261,-0.0021,-0.6876
19.9082,141.87,2.0542,12.2549,-3.0670,0.1183,226.1126,358.2084,0.2712,-0.0045,0.6381,-0.7207,-0.0021,-0.6932
19.9282,141.87,2.0595,12.2549,-3.0542,0.1185,225.6653,358.2047,0.2663,-0.0044,0.6398,-0.7153,-0.0021,-0.6988
19.9482,141.87,2.0647,12.2548,-3.0414,0.1189,225.2180,358.2010,0.2615,-0.0043,0.6415,-0.7098,-0.0021,-0.7044
19.9682,141.87,2.0699,12.2547,-3.0285,0.1193,224.7705,358.1972,0.2566,-0.0042,0.6432,-0.7043,-0.0021,-0.7099
19.9882,141.87,2.0749,12.2546,-3.0156,0.1199,224.3229,358.1934,0.2517,-0.0041,0.6448,-0.6987,-0.0021,-0.7154
20.0082,141.87,2.0798,12.2545,-3.0027,0.1207,223.8752,358.1895,0.2468,-0.0040,0.6464,-0.6931,-0.0021,-0.7208
20.0281,141.87,2.0847,12.2545,-2.9898,0.1216,223.4274,358.1856,0.2419,-0.0039,0.6480,-0.6874,-0.0021,-0.7262
20.0482,141.87,2.0894,12.2544,-2.9768,0.1227,222.9795,358.1817,0.2370,-0.0037,0.6496,-0.6817,-0.0021,-0.7316
20.0682,141.87,2.0941,12.2543,-2.9637,0.1239,222.5315,358.1777,0.2320,-0.0036,0.6511,-0.6760,-0.0022,-0.7369
20.0882,141.87,2.0986,12.2542,-2.9507,0.1252,222.0835,358.1737,0.2270,-0.0035,0.6526,-0.6702,-0.0022,-0.7422
20.1082,141.87,2.1030,12.2542,-2.9376,0.1266,221.6353,358.1697,0.2220,-0.0034,0.6540,-0.6644,-0.0022,-0.7474
20.1282,141.87,2.1074,12.2541,-2.9245,0.1282,221.1871,358.1657,0.2170,-0.0034,0.6554,-0.6585,-0.0022,-0.7526
20.1482,141.87,2.1116,12.2540,-2.9114,0.1298,220.7388,358.1617,0.2120,-0.0033,0.6568,-0.6526,-0.0023,-0.7577
20.1682,141.87,2.1158,12.2540,-2.8982,0.1314,220.2906,358.1578,0.2069,-0.0032,0.6582,-0.6467,-0.0023,-0.7628
20.1882,141.87,2.1198,12.2539,-2.8850,0.1331,219.8423,358.1538,0.2018,-0.0031,0.6595,-0.6407,-0.0023,-0.7678
20.2082,141.87,2.1237,12.2538,-2.8718,0.1347,219.3941,358.1499,0.1967,-0.0030,0.6607,-0.6346,-0.0024,-0.7728
20.2282,141.87,2.1276,12.2538,-2.8586,0.1364,218.9460,358.1461,0.1916,-0.0029,0.6619,-0.6286,-0.0024,-0.7777
20.2482,141.87,2.1313,12.2537,-2.8453,0.1379,218.4979,358.1423,0.1864,-0.0028,0.6631,-0.6225,-0.0024,-0.7826
20.2682,141.87,2.1349,12.2537,-2.8320,0.1394,218.0499,358.1385,0.1813,-0.0027,0.6643,-0.6163,-0.0024,-0.7875
20.2882,141.87,2.1384,12.2536,-2.8187,0.1408,217.6021,358.1348,0.1761,-0.0027,0.6654,-0.6102,-0.0025,-0.7923
20.3082,141.87,2.1418,12.2536,-2.8054,0.1422,217.1543,358.1311,0.1709,-0.0026,0.6664,-0.6040,-0.0025,-0.7970
20.3282,141.87,2.1452,12.2535,-2.7920,0.1433,216.7067,358.1274,0.1656,-0.0025,0.6674,-0.5977,-0.0025,-0.8017
20.3481,137.97,2.1484,12.2535,-2.7787,0.1444,216.2593,358.1239,0.1604,-0.0024,0.6684,-0.5914,-0.0025,-0.8063
20.3682,137.97,2.1515,12.2534,-2.7653,0.1453,215.8120,358.1203,0.1552,-0.0024,0.6693,-0.5851,-0.0025,-0.8109
20.3882,137.97,2.1545,12.2534,-2.7519,0.1460,215.3649,358.1168,0.1499,-0.0023,0.6702,-0.5788,-0.0025,-0.8155
20.4082,137.97,2.1574,12.2533,-2.7385,0.1466,214.9179,358.1134,0.1446,-0.0022,0.6711,-0.5724,-0.0026,-0.8200
20.4282,137.97,2.1601,12.2533,-2.7250,0.1470,214.4710,358.1099,0.1393,-0.0022,0.6719,-0.5660,-0.0026,-0.8244
20.4482,137.97,2.1628,12.2533,-2.7116,0.1472,214.0243,358.1065,0.1341,-0.0021,0.6726,-0.5595,-0.0026,-0.8288
20.4682,137.97,2.1654,12.2532,-2.6981,0.1473,213.5778,358.1031,0.1288,-0.0021,0.6734,-0.5531,-0.0026,-0.8331
20.4882,137.97,2.1679,12.2532,-2.6846,0.1472,213.1313,358.0996,0.1234,-0.0020,0.6741,-0.5466,-0.0026,-0.8374
20.5082,137.97,2.1702,12.2531,-2.6711,0.1470,212.6850,358.0962,0.1181,-0.0019,0.6747,-0.5400,-0.0026,-0.8417
20.5281,137.97,2.1725,12.2531,-2.6576,0.1467,212.2386,358.0927,0.1128,-0.0019,0.6753,-0.5334,-0.0026,-0.8458
20.5482,137.97,2.1746,12.2531,-2.6441,0.1462,211.7924,358.0892,0.1075,-0.0018,0.6759,-0.5268,-0.0026,-0.8500
20.5682,137.97,2.1767,12.2530,-2.6306,0.1457,211.3462,358.0857,0.1021,-0.0018,0.6764,-0.5202,-0.0025,-0.8540
20.5882,137.97,2.1786,12.2530,-2.6170,0.1451,210.9000,358.0822,0.0968,-0.0017,0.6769,-0.5135,-0.0025,-0.8581
20.6082,137.97,2.1804,12.2530,-2.6035,0.1444,210.4537,358.0786,0.0914,-0.0017,0.6774,-0.5068,-0.0025,-0.8620
20.6282,137.97,2.1822,12.2529,-2.5899,0.1437,210.0074,358.0750,0.0861,-0.0016,0.6779,-0.5001,-0.0025,-0.8660
20.6482,137.97,2.1838,12.2529,-2.5764,0.1429,209.5611,358.0714,0.0807,-0.0016,0.6783,-0.4933,-0.0025,-0.8698
20.6682,137.97,2.1853,12.2529,-2.5628,0.1421,209.1147,358.0677,0.0753,-0.0015,0.6786,-0.4866,-0.0025,-0.8736
20.6882,137.97,2.1867,12.2528,-2.5492,0.1413,208.6682,358.0641,0.0699,-0.0015,0.6789,-0.4797,-0.0025,-0.8774
20.7082,137.97,2.1880,12.2528,-2.5356,0.1405,208.2216,358.0604,0.0645,-0.0014,0.6792,-0.4729,-0.0025,-0.8811
20.7282,137.97,2.1892,12.2528,-2.5220,0.1397,207.7749,358.0568,0.0591,-0.0014,0.6795,-0.4660,-0.0024,-0.8848
20.7482,137.97,2.1902,12.2527,-2.5084,0.1388,207.3282,358.0532,0.0537,-0.0014,0.6797,-0.4591,-0.0024,-0.8884
20.7682,137.97,2.1912,12.2527,-2.4948,0.1379,206.8814,358.0497,0.0483,-0.0013,0.6799,-0.4521,-0.0024,-0.8919
20.7882,137.97,2.1921,12.2527,-2.4812,0.1369,206.4346,358.0461,0.0428,-0.0013,0.6800,-0.4452,-0.0024,-0.8954
20.8082,137.97,2.1928,12.2527,-2.4676,0.1360,205.9877,358.0427,0.0374,-0.0013,0.6801,-0.4382,-0.0024,-0.8989
20.8282,137.97,2.1934,12.2526,-2.4540,0.1349,205.5408,358.0394,0.0319,-0.0012,0.6802,-0.4312,-0.0024,-0.9023
20.8481,137.97,2.1940,12.2526,-2.4404,0.1339,205.0938,358.0362,0.0264,-0.0012,0.6802,-0.4241,-0.0023,-0.9056
20.8682,137.97,2.1944,12.2526,-2.4268,0.1328,204.6468,358.0331,0.0210,-0.0012,0.6802,-0.4170,-0.0023,-0.9089
20.8882,137.97,2.1947,12.2526,-2.4132,0.1316,204.1999,358.0300,0.0155,-0.0011,0.6801,-0.4099,-0.0023,-0.9121
20.9082,137.97,2.1949,12.2526,-2.3996,0.1304,203.7529,358.0272,0.0100,-0.0011,0.6800,-0.4028,-0.0023,-0.9153
20.9282,137.97,2.1950,12.2525,-2.3860,0.1292,203.3060,358.0244,0.0045,-0.0011,0.6798,-0.3956,-0.0023,-0.9184
20.9482,137.97,2.1950,12.2525,-2.3724,0.1279,202.8592,358.0219,-0.0010,-0.0010,0.6797,-0.3885,-0.0022,-0.9215
20.9682,137.97,2.1948,12.2525,-2.3589,0.1267,202.4124,358.0194,-0.0065,-0.0010,0.6794,-0.3813,-0.0022,-0.9245
20.9882,137.97,2.1946,12.2525,-2.3453,0.1254,201.9657,358.0171,-0.0120,-0.0010,0.6792,-0.3741,-0.0022,-0.9274
21.0082,137.97,2.1942,12.2525,-2.3317,0.1241,201.5191,358.0150,-0.0175,-0.0010,0.6789,-0.3668,-0.0022,-0.9303
21.0281,137.97,2.1938,12.2524,-2.3181,0.1228,201.0725,358.0130,-0.0230,-0.0010,0.6785,-0.3595,-0.0021,-0.9331
21.0482,137.97,2.1932,12.2524,-2.3046,0.1216,200.6261,358.0110,-0.0285,-0.0009,0.6782,-0.3523,-0.0021,-0.9359
21.0682,137.97,2.1925,12.2524,-2.2910,0.1204,200.1797,358.0092,-0.0340,-0.0009,0.6777,-0.3450,-0.0021,-0.9386
21.0882,137.97,2.1917,12.2524,-2.2775,0.1191,199.7334,358.0076,-0.0395,-0.0009,0.6773,-0.3376,-0.0021,-0.9413
21.1082,137.97,2.1908,12.2524,-2.2639,0.1180,199.2871,358.0059,-0.0450,-0.0009,0.6768,-0.3303,-0.0021,-0.9439
21.1282,137.97,2.1898,12.2523,-2.2504,0.1168,198.8409,358.0044,-0.0504,-0.0009,0.6762,-0.3229,-0.0020,-0.9464
21.1482,137.97,2.1887,12.2523,-2.2369,0.1156,198.3947,358.0028,-0.0559,-0.0008,0.6756,-0.3156,-0.0020,-0.9489
21.1682,137.97,2.1875,12.2523,-2.2234,0.1145,197.9485,358.0013,-0.0614,-0.0008,0.6750,-0.3082,-0.0020,-0.9513
21.1882,137.97,2.1861,12.2523,-2.2099,0.1133,197.5023,357.9998,-0.0668,-0.0008,0.6743,-0.3007,-0.0020,-0.9537
21.2082,137.97,2.1847,12.2523,-2.1964,0.1122,197.0561,357.9983,-0.0723,-0.0008,0.6736,-0.2933,-0.0020,-0.9560
21.2282,137.97,2.1831,12.2523,-2.1830,0.1110,196.6098,357.9968,-0.0777,-0.0008,0.6728,-0.2859,-0.0019,-0.9583
21.2482,137.97,2.1815,12.2522,-2.1695,0.1098,196.1634,357.9953,-0.0831,-0.0008,0.6720,-0.2784,-0.0019,-0.9605
21.2682,137.97,2.1797,12.2522,-2.1561,0.1086,195.7170,357.9938,-0.0886,-0.0008,0.6711,-0.2709,-0.0019,-0.9626
21.2882,137.97,2.1778,12.2522,-2.1427,0.1073,195.2704,357.9923,-0.0940,-0.0008,0.6702,-0.2634,-0.0019,-0.9647
21.3082,137.97,2.1758,12.2522,-2.1293,0.1060,194.8238,357.9907,-0.0994,-0.0008,0.6693,-0.2558,-0.0018,-0.9667
21.3282,137.97,2.1737,12.2522,-2.1160,0.1045,194.3770,357.9892,-0.1048,-0.0007,0.6683,-0.2483,-0.0018,-0.9687
21.3481,142.49,2.1715,12.2522,-2.1026,0.1030,193.9300,357.9876,-0.1102,-0.0007,0.6672,-0.2407,-0.0018,-0.9706
21.3682,142.49,2.1692,12.2522,-2.0893,0.1015,193.4830,357.9860,-0.1156,-0.0007,0.6662,-0.2332,-0.0018,-0.9724
21.3882,142.49,2.1668,12.2521,-2.0760,0.0998,193.0358,357.9843,-0.1210,-0.0007,0.6650,-0.2256,-0.0017,-0.9742
21.4082,142.49,2.1643,12.2521,-2.0627,0.0980,192.5885,357.9827,-0.1264,-0.0007,0.6639,-0.2179,-0.0017,-0.9760
21.4282,142.49,2.1616,12.2521,-2.0495,0.0961,192.1410,357.9811,-0.1318,-0.0007,0.6627,-0.2103,-0.0017,-0.9776
21.4482,142.49,2.1589,12.2521,-2.0362,0.0941,191.6934,357.9795,-0.1371,-0.0007,0.6615,-0.2027,-0.0016,-0.9792
21.4682,142.49,2.1560,12.2521,-2.0230,0.0921,191.2457,357.9779,-0.1425,-0.0007,0.6602,-0.1950,-0.0016,-0.9808
21.4882,142.49,2.1531,12.2521,-2.0099,0.0899,190.7979,357.9763,-0.1478,-0.0007,0.6589,-0.1873,-0.0016,-0.9823
21.5082,142.49,2.1500,12.2521,-1.9967,0.0880,190.3690,357.9781,-0.1537,-0.0008,0.6576,-0.1800,-0.0015,-0.9837
21.5281,142.49,2.1468,12.2520,-1.9836,0.0865,189.9589,357.9832,-0.1595,-0.0008,0.6563,-0.1729,-0.0015,-0.9849
21.5482,142.49,2.1435,12.2520,-1.9705,0.0853,189.5670,357.9913,-0.1652,-0.0008,0.6549,-0.1662,-0.0015,-0.9861
21.5682,142.49,2.1401,12.2520,-1.9574,0.0844,189.1931,358.0024,-0.1708,-0.0008,0.6534,-0.1598,-0.0015,-0.9872
21.5882,142.49,2.1366,12.2520,-1.9444,0.0839,188.8367,358.0161,-0.1764,-0.0008,0.6519,-0.1536,-0.0015,-0.9881
21.6082,142.49,2.1329,12.2520,-1.9314,0.0837,188.4975,358.0323,-0.1818,-0.0008,0.6504,-0.1478,-0.0015,-0.9890
21.6282,142.49,2.1292,12.2520,-1.9184,0.0838,188.1752,358.0509,-0.1871,-0.0008,0.6488,-0.1422,-0.0015,-0.9898
21.6482,142.49,2.1254,12.2519,-1.9055,0.0841,187.8693,358.0715,-0.1924,-0.0008,0.6472,-0.1369,-0.0015,-0.9906
21.6682,142.49,2.1214,12.2519,-1.8925,0.0848,187.5795,358.0941,-0.1975,-0.0008,0.6455,-0.1319,-0.0015,-0.9913
21.6882,142.49,2.1174,12.2519,-1.8797,0.0857,187.3054,358.1185,-0.2025,-0.0008,0.6438,-0.1272,-0.0015,-0.9919
21.7082,142.49,2.1132,12.2519,-1.8668,0.0869,187.0467,358.1446,-0.2073,-0.0008,0.6421,-0.1227,-0.0015,-0.9924
21.7282,142.49,2.1090,12.2519,-1.8540,0.0883,186.8029,358.1720,-0.2121,-0.0008,0.6403,-0.1185,-0.0015,-0.9930
21.7482,142.49,2.1046,12.2519,-1.8413,0.0899,186.5737,358.2008,-0.2167,-0.0008,0.6385,-0.1145,-0.0016,-0.9934
21.7682,142.49,2.1002,12.2518,-1.8285,0.0917,186.3588,358.2308,-0.2212,-0.0008,0.6366,-0.1108,-0.0016,-0.9938
21.7882,142.49,2.0957,12.2518,-1.8158,0.0936,186.1576,358.2618,-0.2255,-0.0008,0.6347,-0.1073,-0.0016,-0.9942
21.8082,142.49,2.0911,12.2518,-1.8032,0.0956,185.9698,358.2938,-0.2297,-0.0008,0.6328,-0.1040,-0.0017,-0.9946
21.8282,142.49,2.0864,12.2518,-1.7906,0.0978,185.7951,358.3265,-0.2338,-0.0007,0.6309,-0.1010,-0.0017,-0.9949
21.8481,142.49,2.0817,12.2518,-1.7780,0.1000,185.6331,358.3599,-0.2377,-0.0007,0.6289,-0.0982,-0.0017,-0.9952
21.8682,142.49,2.0768,12.2518,-1.7654,0.1023,185.4833,358.3939,-0.2414,-0.0007,0.6269,-0.0956,-0.0018,-0.9954
21.8882,142.49,2.0719,12.2518,-1.7529,0.1046,185.3456,358.4283,-0.2451,-0.0007,0.6249,-0.0932,-0.0018,-0.9956
21.9082,142.49,2.0670,12.2517,-1.7405,0.1069,185.2194,358.4630,-0.2486,-0.0006,0.6229,-0.0910,-0.0019,-0.9959
21.9282,142.49,2.0619,12.2517,-1.7281,0.1092,185.1045,358.4980,-0.2519,-0.0006,0.6208,-0.0890,-0.0019,-0.9960
21.9482,142.49,2.0568,12.2517,-1.7157,0.1115,185.0004,358.5332,-0.2551,-0.0006,0.6187,-0.0872,-0.0019,-0.9962
21.9682,142.49,2.0517,12.2517,-1.7034,0.1136,184.9070,358.5684,-0.2582,-0.0005,0.6167,-0.0855,-0.0020,-0.9963
21.9882,142.49,2.0464,12.2517,-1.6911,0.1157,184.8237,358.6036,-0.2611,-0.0005,0.6146,-0.0841,-0.0020,-0.9965
22.0082,142.49,2.0412,12.2517,-1.6788,0.1177,184.7504,358.6387,-0.2639,-0.0004,0.6124,-0.0828,-0.0021,-0.9966
22.0281,142.49,2.0358,12.2517,-1.6666,0.1196,184.6866,358.6736,-0.2665,-0.0004,0.6103,-0.0817,-0.0021,-0.9967
22.0482,142.49,2.0305,12.2517,-1.6545,0.1213,184.6320,358.7084,-0.2691,-0.0003,0.6082,-0.0808,-0.0021,-0.9967
22.0682,142.49,2.0250,12.2532,-1.6422,0.1435,184.5836,358.7440,-0.2731,0.0783,0.6104,-0.0799,-0.0025,-0.9968
22.0882,142.49,2.0195,12.2554,-1.6300,0.1918,184.5406,358.7809,-0.2760,0.1086,0.6137,-0.0792,-0.0033,-0.9969
22.1082,142.49,2.0139,12.2588,-1.6177,0.2609,184.5034,358.8186,-0.2793,0.1674,0.6157,-0.0785,-0.0046,-0.9969
22.1282,142.49,2.0082,12.2629,-1.6053,0.3524,184.4717,358.8573,-0.2822,0.2077,0.6177,-0.0780,-0.0062,-0.9969
22.1482,142.49,2.0025,12.2681,-1.5929,0.4637,184.4456,358.8967,-0.2851,0.2584,0.6188,-0.0775,-0.0081,-0.9970
22.1682,142.49,1.9968,12.2741,-1.5805,0.5947,184.4249,358.9369,-0.2877,0.3017,0.6194,-0.0771,-0.0104,-0.9970
22.1882,142.49,1.9910,12.2811,-1.5682,0.7440,184.4097,358.9778,-0.2902,0.3485,0.6192,-0.0769,-0.0130,-0.9970
22.2082,142.49,1.9851,12.2889,-1.5558,0.9109,184.3998,359.0192,-0.2926,0.3922,0.6183,-0.0767,-0.0159,-0.9969
22.2282,142.49,1.9792,12.2977,-1.5435,1.0943,184.3951,359.0612,-0.2948,0.4368,0.6164,-0.0766,-0.0191,-0.9969
22.2482,142.49,1.9733,12.3073,-1.5312,1.2936,184.3955,359.1037,-0.2969,0.4798,0.6137,-0.0766,-0.0226,-0.9968
22.2682,142.49,1.9673,12.3158,-1.5190,1.4829,184.4040,359.1489,-0.2980,0.4271,0.6069,-0.0768,-0.0259,-0.9967
22.2882,142.49,1.9613,12.3251,-1.5071,1.6590,184.4204,359.1950,-0.3003,0.4637,0.5967,-0.0770,-0.0290,-0.9966
22.3082,142.49,1.9553,12.3334,-1.4953,1.8240,184.4442,359.2434,-0.3012,0.4166,0.5887,-0.0774,-0.0318,-0.9965
22.3282,142.49,1.9493,12.3424,-1.4838,1.9766,184.4750,359.2927,-0.3031,0.4481,0.5776,-0.0780,-0.0345,-0.9964
22.3481,145.81,1.9432,12.3505,-1.4724,2.1187,184.5123,359.3436,-0.3038,0.4060,0.5689,-0.0786,-0.0370,-0.9962
22.3682,145.81,1.9371,12.3592,-1.4613,2.2492,184.5559,359.3952,-0.3052,0.4330,0.5571,-0.0794,-0.0392,-0.9961
22.3882,145.81,1.9310,12.3671,-1.4503,2.3697,184.6053,359.4480,-0.3057,0.3952,0.5478,-0.0802,-0.0413,-0.9959
22.4082,145.81,1.9248,12.3754,-1.4396,2.4796,184.6602,359.5012,-0.3067,0.4183,0.5355,-0.0812,-0.0433,-0.9958
22.4282,145.81,1.9187,12.3831,-1.4291,2.5799,184.7201,359.5553,-0.3069,0.3843,0.5255,-0.0822,-0.0450,-0.9956
22.4482,145.81,1.9125,12.3912,-1.4188,2.6702,184.7848,359.6095,-0.3075,0.4040,0.5129,-0.0833,-0.0466,-0.9954
22.4682,145.81,1.9064,12.3987,-1.4088,2.7516,184.8540,359.6642,-0.3074,0.3734,0.5025,-0.0845,-0.0480,-0.9953
22.4882,145.81,1.9002,12.4065,-1.3990,2.8238,184.9274,359.7188,-0.3076,0.3902,0.4896,-0.0858,-0.0493,-0.9951
22.5082,145.81,1.8941,12.4137,-1.3894,2.8875,185.0047,359.7735,-0.3073,0.3626,0.4789,-0.0871,-0.0504,-0.9949
22.5281,145.81,1.8880,12.4227,-1.3801,2.9652,185.0837,359.8266,-0.3070,0.4505,0.4669,-0.0885,-0.0517,-0.9947
22.5482,145.81,1.8818,12.4320,-1.3709,3.0665,185.1636,359.8776,-0.3058,0.4634,0.4605,-0.0899,-0.0535,-0.9945
22.5682,145.81,1.8757,12.4425,-1.3619,3.1838,185.2449,359.9269,-0.3049,0.5245,0.4495,-0.0913,-0.0555,-0.9943
22.5882,145.81,1.8697,12.4536,-1.3531,3.3206,185.3273,359.9743,-0.3035,0.5527,0.4407,-0.0927,-0.0579,-0.9940
22.6082,145.81,1.8636,12.4656,-1.3445,3.4731,185.4110,0.0199,-0.3023,0.6018,0.4293,-0.0941,-0.0606,-0.9937
22.6282,145.81,1.8576,12.4783,-1.3361,3.6424,185.4958,0.0637,-0.3008,0.6358,0.4185,-0.0956,-0.0635,-0.9934
22.6482,145.81,1.8516,12.4919,-1.3280,3.8264,185.5819,0.1057,-0.2993,0.6790,0.4061,-0.0971,-0.0667,-0.9930
22.6682,145.81,1.8457,12.5062,-1.3201,4.0253,185.6691,0.1460,-0.2976,0.7148,0.3935,-0.0985,-0.0702,-0.9927
22.6882,145.81,1.8398,12.5213,-1.3125,4.2376,185.7575,0.1845,-0.2960,0.7546,0.3795,-0.1000,-0.0739,-0.9922
22.7082,145.81,1.8339,12.5352,-1.3052,4.4331,185.8487,0.2235,-0.2949,0.6950,0.3658,-0.1016,-0.0773,-0.9918
22.7282,145.81,1.8280,12.5498,-1.2983,4.6113,185.9426,0.2621,-0.2941,0.7286,0.3444,-0.1032,-0.0804,-0.9914
22.7482,145.81,1.8221,12.5633,-1.2917,4.7722,186.0389,0.3008,-0.2930,0.6755,0.3294,-0.1048,-0.0832,-0.9910
22.7682,145.81,1.8163,12.5773,-1.2856,4.9169,186.1373,0.3391,-0.2920,0.7035,0.3075,-0.1065,-0.0857,-0.9906
22.7882,145.81,1.8105,12.5905,-1.2797,5.0455,186.2376,0.3772,-0.2908,0.6561,0.2917,-0.1082,-0.0879,-0.9902
22.8082,145.81,1.8047,12.6040,-1.2744,5.1591,186.3394,0.4146,-0.2897,0.6791,0.2697,-0.1100,-0.0899,-0.9899
22.8282,145.81,1.7989,12.6168,-1.2693,5.2576,186.4426,0.4516,-0.2884,0.6368,0.2532,-0.1117,-0.0916,-0.9895
22.8481,145.81,1.7932,12.6299,-1.2647,5.3424,186.5468,0.4878,-0.2871,0.6554,0.2312,-0.1135,-0.0931,-0.9892
22.8682,145.81,1.7874,12.6422,-1.2604,5.4132,186.6520,0.5234,-0.2858,0.6177,0.2142,-0.1153,-0.0943,-0.9888
22.8882,145.81,1.7818,12.6563,-1.2566,5.4956,186.7567,0.5570,-0.2837,0.7047,0.1906,-0.1171,-0.0958,-0.9885
22.9082,145.81,1.7762,12.6705,-1.2530,5.6013,186.8605,0.5867,-0.2808,0.7066,0.1773,-0.1189,-0.0976,-0.9881
22.9282,145.81,1.7706,12.6858,-1.2499,5.7211,186.9637,0.6142,-0.2785,0.7679,0.1560,-0.1206,-0.0997,-0.9877
22.9482,145.81,1.7651,12.7015,-1.2471,5.8603,187.0661,0.6385,-0.2758,0.7856,0.1396,-0.1224,-0.1021,-0.9872
22.9682,145.81,1.7596,12.7182,-1.2447,6.0134,187.1678,0.6606,-0.2734,0.8330,0.1187,-0.1241,-0.1048,-0.9867
22.9882,145.81,1.7542,12.7354,-1.2427,6.1831,187.2687,0.6798,-0.2709,0.8585,0.1000,-0.1258,-0.1077,-0.9862
23.0082,145.81,1.7488,12.7533,-1.2412,6.3660,187.3689,0.6968,-0.2686,0.8976,0.0786,-0.1275,-0.1109,-0.9856
23.0281,145.81,1.7435,12.7700,-1.2399,6.5286,187.4694,0.7137,-0.2675,0.8347,0.0609,-0.1292,-0.1137,-0.9851
23.0482,145.81,1.7381,12.7874,-1.2393,6.6724,187.5701,0.7300,-0.2665,0.8665,0.0325,-0.1308,-0.1162,-0.9846
23.0682,145.81,1.7328,12.8036,-1.2390,6.7957,187.6709,0.7461,-0.2655,0.8120,0.0133,-0.1325,-0.1183,-0.9841
23.0882,145.81,1.7275,12.8203,-1.2393,6.9016,187.7716,0.7616,-0.2647,0.8366,-0.0148,-0.1342,-0.1202,-0.9836
23.1082,145.81,1.7223,12.8361,-1.2400,6.9887,187.8722,0.7766,-0.2637,0.7894,-0.0348,-0.1359,-0.1217,-0.9832
23.1282,145.81,1.7170,12.8523,-1.2413,7.0597,187.9725,0.7908,-0.2629,0.8079,-0.0624,-0.1376,-0.1229,-0.9828
23.1482,145.81,1.7118,12.8676,-1.2429,7.1134,188.0723,0.8042,-0.2619,0.7669,-0.0830,-0.1393,-0.1238,-0.9825
23.1682,145.81,1.7065,12.8832,-1.2451,7.1522,188.1715,0.8167,-0.2611,0.7803,-0.1100,-0.1410,-0.1245,-0.9821
23.1882,145.81,1.7013,12.8981,-1.2478,7.1752,188.2701,0.8284,-0.2602,0.7446,-0.1310,-0.1427,-0.1249,-0.9819
23.2082,145.81,1.6962,12.9132,-1.2509,7.1845,188.3678,0.8390,-0.2594,0.7537,-0.1572,-0.1444,-0.1251,-0.9816
23.2282,145.81,1.6910,12.9276,-1.2545,7.1793,188.4646,0.8485,-0.2585,0.7226,-0.1784,-0.1460,-0.1250,-0.9814
23.2482,145.81,1.6858,12.9435,-1.2586,7.1880,188.5596,0.8558,-0.2569,0.7932,-0.2064,-0.1477,-0.1251,-0.9811
23.2682,145.81,1.6808,12.9594,-1.2631,7.2220,188.6526,0.8587,-0.2542,0.7967,-0.2235,-0.1492,-0.1257,-0.9808
23.2882,145.81,1.6757,12.9763,-1.2680,7.2721,188.7437,0.8589,-0.2525,0.8448,-0.2483,-0.1508,-0.1266,-0.9804
23.3082,145.81,1.6707,12.9935,-1.2734,7.3424,188.8328,0.8557,-0.2503,0.8603,-0.2681,-0.1523,-0.1278,-0.9800
23.3282,145.81,1.6657,13.0115,-1.2792,7.4282,188.9199,0.8499,-0.2487,0.8971,-0.2918,-0.1538,-0.1293,-0.9796
23.3481,145.81,1.6608,13.0298,-1.2855,7.5312,189.0049,0.8413,-0.2470,0.9175,-0.3134,-0.1552,-0.1311,-0.9792
23.3682,142.97,1.6559,13.0488,-1.2922,7.6486,189.0877,0.8302,-0.2456,0.9481,-0.3371,-0.1565,-0.1331,-0.9787
23.3882,142.97,1.6510,13.0667,-1.2994,7.7449,189.1693,0.8188,-0.2454,0.8933,-0.3570,-0.1579,-0.1348,-0.9782
23.4082,142.97,1.6461,13.0850,-1.3071,7.8230,189.2495,0.8068,-0.2458,0.9166,-0.3871,-0.1592,-0.1361,-0.9778
23.4282,142.97,1.6411,13.1024,-1.3153,7.8804,189.3283,0.7945,-0.2458,0.8706,-0.4084,-0.1606,-0.1371,-0.9775
23.4482,142.97,1.6362,13.1201,-1.3240,7.9208,189.4056,0.7816,-0.2463,0.8866,-0.4374,-0.1619,-0.1378,-0.9771
23.4682,142.97,1.6313,13.1371,-1.3332,7.9424,189.4814,0.7683,-0.2466,0.8479,-0.4593,-0.1631,-0.1382,-0.9769
23.4882,142.97,1.6263,13.1543,-1.3430,7.9484,189.5556,0.7545,-0.2472,0.8580,-0.4872,-0.1644,-0.1383,-0.9767
23.5082,142.97,1.6214,13.1708,-1.3532,7.9374,189.6282,0.7401,-0.2476,0.8253,-0.5093,-0.1657,-0.1381,-0.9765
23.5281,142.97,1.6164,13.1874,-1.3639,7.9119,189.6992,0.7253,-0.2483,0.8308,-0.5361,-0.1669,-0.1377,-0.9763
23.5482,142.97,1.6114,13.2034,-1.3750,7.8710,189.7687,0.7100,-0.2488,0.8028,-0.5582,-0.1681,-0.1369,-0.9762
23.5682,142.97,1.6065,13.2195,-1.3867,7.8168,189.8365,0.6941,-0.2497,0.8048,-0.5838,-0.1692,-0.1360,-0.9761
23.5882,142.97,1.6014,13.2351,-1.3988,7.7487,189.9027,0.6779,-0.2503,0.7807,-0.6056,-0.1704,-0.1348,-0.9761
23.6082,142.97,1.5964,13.2507,-1.4114,7.6685,189.9673,0.6612,-0.2511,0.7800,-0.6299,-0.1715,-0.1334,-0.9761
23.6282,142.97,1.5914,13.2659,-1.4244,7.5757,190.0303,0.6441,-0.2518,0.7589,-0.6512,-0.1726,-0.1318,-0.9761
23.6482,142.97,1.5863,13.2810,-1.4379,7.4719,190.0917,0.6266,-0.2527,0.7562,-0.6742,-0.1737,-0.1300,-0.9762
23.6682,142.97,1.5813,13.2958,-1.4518,7.3568,190.1515,0.6088,-0.2534,0.7376,-0.6948,-0.1748,-0.1280,-0.9762
23.6882,142.97,1.5762,13.3105,-1.4662,7.2316,190.2098,0.5906,-0.2542,0.7334,-0.7165,-0.1758,-0.1259,-0.9763
23.7082,142.97,1.5711,13.3248,-1.4809,7.0964,190.2665,0.5722,-0.2550,0.7168,-0.7361,-0.1769,-0.1235,-0.9765
23.7282,142.97,1.5660,13.3390,-1.4960,6.9522,190.3216,0.5535,-0.2558,0.7114,-0.7564,-0.1779,-0.1210,-0.9766
23.7482,142.97,1.5608,13.3530,-1.5115,6.7990,190.3753,0.5345,-0.2565,0.6964,-0.7750,-0.1788,-0.1184,-0.9767
23.7682,142.97,1.5557,13.3668,-1.5274,6.6379,190.4273,0.5154,-0.2573,0.6902,-0.7939,-0.1798,-0.1156,-0.9769
23.7882,142.97,1.5505,13.3803,-1.5436,6.4688,190.4778,0.4960,-0.2580,0.6765,-0.8113,-0.1807,-0.1127,-0.9771
23.8082,142.97,1.5454,13.3937,-1.5602,6.2926,190.5268,0.4765,-0.2587,0.6698,-0.8287,-0.1816,-0.1096,-0.9772
23.8282,142.97,1.5402,13.4068,-1.5771,6.1095,190.5743,0.4569,-0.2593,0.6571,-0.8447,-0.1825,-0.1064,-0.9774
23.8481,142.97,1.5350,13.4198,-1.5943,5.9203,190.6202,0.4371,-0.2599,0.6500,-0.8606,-0.1833,-0.1031,-0.9776
23.8682,142.97,1.5298,13.4326,-1.6118,5.7251,190.6646,0.4173,-0.2605,0.6382,-0.8753,-0.1841,-0.0998,-0.9778
23.8882,142.97,1.5245,13.4452,-1.6296,5.5245,190.7075,0.3974,-0.2610,0.6307,-0.8896,-0.1849,-0.0963,-0.9780
23.9082,142.97,1.5193,13.4588,-1.6476,5.3498,190.7474,0.3761,-0.2606,0.6810,-0.9024,-0.1857,-0.0932,-0.9782
23.9282,142.97,1.5141,13.4728,-1.6658,5.2069,190.7840,0.3518,-0.2593,0.6955,-0.9098,-0.1863,-0.0908,-0.9783
23.9482,142.97,1.5090,13.4874,-1.6842,5.0905,190.8176,0.3259,-0.2587,0.7344,-0.9200,-0.1869,-0.0887,-0.9784
23.9682,142.97,1.5038,13.5026,-1.7028,5.0022,190.8481,0.2977,-0.2577,0.7557,-0.9278,-0.1875,-0.0872,-0.9784
23.9882,142.97,1.4987,13.5183,-1.7215,4.9388,190.8759,0.2680,-0.2572,0.7885,-0.9370,-0.1880,-0.0861,-0.9784
24.0082,142.97,1.4935,13.5346,-1.7404,4.9005,190.9008,0.2366,-0.2566,0.8126,-0.9450,-0.1884,-0.0854,-0.9784
24.0281,142.97,1.4884,13.5514,-1.7595,4.8852,190.9231,0.2037,-0.2563,0.8420,-0.9537,-0.1888,-0.0852,-0.9783
24.0482,142.97,1.4833,13.5688,-1.7787,4.8924,190.9427,0.1695,-0.2560,0.8670,-0.9620,-0.1891,-0.0853,-0.9782
24.0682,142.97,1.4782,13.5866,-1.7982,4.9207,190.9599,0.1342,-0.2560,0.8942,-0.9708,-0.1894,-0.0858,-0.9781
24.0882,142.97,1.4730,13.6050,-1.8178,4.9693,190.9746,0.0978,-0.2562,0.9190,-0.9796,-0.1897,-0.0866,-0.9780
24.1082,142.97,1.4679,13.6239,-1.8375,5.0370,190.9869,0.0605,-0.2566,0.9445,-0.9888,-0.1898,-0.0878,-0.9779
24.1282,142.97,1.4628,13.6433,-1.8575,5.1228,190.9970,0.0224,-0.2573,0.9685,-0.9982,-0.1900,-0.0893,-0.9777
24.1482,142.97,1.4576,13.6617,-1.8777,5.1899,191.0074,359.9861,-0.2588,0.9209,-1.0092,-0.1902,-0.0905,-0.9776
24.1682,142.97,1.4524,13.6805,-1.8982,5.2403,191.0181,359.9512,-0.2616,0.9395,-1.0257,-0.1903,-0.0913,-0.9775
24.1882,142.97,1.4471,13.6985,-1.9189,5.2721,191.0290,359.9182,-0.2635,0.8994,-1.0375,-0.1905,-0.0919,-0.9774
24.2082,142.97,1.4418,13.7167,-1.9400,5.2884,191.0401,359.8865,-0.2663,0.9119,-1.0533,-0.1907,-0.0922,-0.9773
24.2282,142.97,1.4364,13.7343,-1.9613,5.2878,191.0515,359.8566,-0.2685,0.8778,-1.0652,-0.1909,-0.0922,-0.9773
24.2482,142.97,1.4310,13.7520,-1.9829,5.2730,191.0630,359.8280,-0.2713,0.8855,-1.0802,-0.1911,-0.0919,-0.9773
24.2682,142.97,1.4255,13.7691,-2.0048,5.2430,191.0746,359.8009,-0.2736,0.8564,-1.0920,-0.1913,-0.0914,-0.9773
24.2882,142.97,1.4200,13.7863,-2.0269,5.2000,191.0863,359.7751,-0.2764,0.8603,-1.1061,-0.1915,-0.0906,-0.9773
24.3082,142.97,1.4144,13.8030,-2.0492,5.1432,191.0981,359.7508,-0.2788,0.8351,-1.1175,-0.1917,-0.0896,-0.9773
24.3282,142.97,1.4088,13.8208,-2.0718,5.1040,191.1075,359.7262,-0.2813,0.8908,-1.1294,-0.1919,-0.0890,-0.9774
24.3481,142.97,1.4031,13.8387,-2.0945,5.0915,191.1136,359.6999,-0.2821,0.8941,-1.1346,-0.1920,-0.0887,-0.9774
24.3682,147.65,1.3974,13.8574,-2.1174,5.0982,191.1173,359.6730,-0.2843,0.9330,-1.1443,-0.1921,-0.0889,-0.9774
24.3882,147.65,1.3917,13.8763,-2.1404,5.1272,191.1183,359.6451,-0.2858,0.9459,-1.1511,-0.1921,-0.0894,-0.9773
24.4082,147.65,1.3860,13.8958,-2.1636,5.1746,191.1169,359.6167,-0.2881,0.9761,-1.1603,-0.1920,-0.0902,-0.9772
24.4282,147.65,1.3802,13.9157,-2.1870,5.2413,191.1131,359.5876,-0.2901,0.9933,-1.1683,-0.1919,-0.0913,-0.9771
24.4482,147.65,1.3743,13.9361,-2.2105,5.3249,191.1072,359.5583,-0.2926,1.0186,-1.1776,-0.1918,-0.0928,-0.9770
24.4682,147.65,1.3684,13.9568,-2.2343,5.4255,191.0992,359.5286,-0.2951,1.0373,-1.1866,-0.1916,-0.0946,-0.9769
24.4882,147.65,1.3624,13.9780,-2.2582,5.5414,191.0891,359.4987,-0.2979,1.0597,-1.1966,-0.1914,-0.0966,-0.9767
24.5082,147.65,1.3564,13.9996,-2.2823,5.6724,191.0772,359.4686,-0.3008,1.0784,-1.2066,-0.1912,-0.0988,-0.9766
24.5281,147.65,1.3503,14.0202,-2.3067,5.7807,191.0670,359.4410,-0.3041,1.0337,-1.2187,-0.1910,-0.1007,-0.9764
24.5482,147.65,1.3442,14.0412,-2.3314,5.8688,191.0583,359.4154,-0.3090,1.0473,-1.2362,-0.1908,-0.1023,-0.9763
24.5682,147.65,1.3379,14.0614,-2.3564,5.9347,191.0514,359.3922,-0.3126,1.0103,-1.2493,-0.1907,-0.1034,-0.9762
24.5882,147.65,1.3316,14.0818,-2.3817,5.9818,191.0457,359.3709,-0.3174,1.0179,-1.2663,-0.1905,-0.1042,-0.9761
24.6082,147.65,1.3251,14.1015,-2.4073,6.0088,191.0415,359.3518,-0.3213,0.9869,-1.2797,-0.1905,-0.1047,-0.9761
24.6282,147.65,1.3186,14.1213,-2.4333,6.0184,191.0384,359.3344,-0.3260,0.9898,-1.2959,-0.1904,-0.1048,-0.9761
24.6482,147.65,1.3120,14.1406,-2.4594,6.0098,191.0366,359.3189,-0.3299,0.9636,-1.3093,-0.1904,-0.1047,-0.9761
24.6682,147.65,1.3053,14.1598,-2.4859,5.9851,191.0359,359.3051,-0.3345,0.9631,-1.3248,-0.1904,-0.1043,-0.9762
24.6882,147.65,1.2986,14.1786,-2.5127,5.9439,191.0363,359.2930,-0.3384,0.9406,-1.3380,-0.1904,-0.1036,-0.9762
24.7082,147.65,1.2917,14.1984,-2.5397,5.9188,191.0343,359.2808,-0.3430,0.9870,-1.3511,-0.1904,-0.1031,-0.9763
24.7282,147.65,1.2848,14.2181,-2.5669,5.9175,191.0293,359.2676,-0.3455,0.9877,-1.3580,-0.1903,-0.1031,-0.9763
24.7482,147.65,1.2778,14.2385,-2.5943,5.9336,191.0222,359.2540,-0.3496,1.0208,-1.3693,-0.1902,-0.1034,-0.9763
24.7682,147.65,1.2707,14.2591,-2.6218,5.9697,191.0126,359.2399,-0.3527,1.0294,-1.3776,-0.1900,-0.1040,-0.9763
24.7882,147.65,1.2636,14.2802,-2.6496,6.0222,191.0011,359.2257,-0.3567,1.0550,-1.3885,-0.1898,-0.1049,-0.9762
24.8082,147.65,1.2564,14.3016,-2.6776,6.0920,190.9876,359.2112,-0.3602,1.0674,-1.3980,-0.1895,-0.1061,-0.9761
24.8282,147.65,1.2491,14.3233,-2.7057,6.1769,190.9726,359.1967,-0.3642,1.0885,-1.4090,-0.1892,-0.1076,-0.9760
24.8481,147.65,1.2418,14.3442,-2.7342,6.2393,190.9601,359.1848,-0.3680,1.0434,-1.4212,-0.1890,-0.1087,-0.9759
24.8682,147.65,1.2343,14.3654,-2.7629,6.2823,190.9498,359.1748,-0.3736,1.0582,-1.4391,-0.1888,-0.1094,-0.9759
24.8882,147.65,1.2267,14.3858,-2.7920,6.3035,190.9420,359.1672,-0.3777,1.0218,-1.4522,-0.1887,-0.1098,-0.9759
24.9082,147.65,1.2191,14.4064,-2.8214,6.3066,190.9361,359.1613,-0.3830,1.0298,-1.4691,-0.1886,-0.1098,-0.9759
24.9282,147.65,1.2113,14.4264,-2.8510,6.2901,190.9323,359.1577,-0.3871,1.0000,-1.4823,-0.1885,-0.1096,-0.9759
24.9482,147.65,1.2035,14.4465,-2.8810,6.2569,190.9302,359.1555,-0.3922,1.0029,-1.4983,-0.1885,-0.1090,-0.9760
24.9682,147.65,1.1956,14.4660,-2.9112,6.2060,190.9299,359.1552,-0.3963,0.9781,-1.5113,-0.1885,-0.1081,-0.9761
24.9882,147.65,1.1875,14.4856,-2.9417,6.1398,190.9310,359.1563,-0.4011,0.9774,-1.5262,-0.1885,-0.1070,-0.9762
25.0082,147.65,1.1794,14.5047,-2.9725,6.0577,190.9335,359.1589,-0.4051,0.9564,-1.5388,-0.1886,-0.1055,-0.9764
25.0281,147.65,1.1713,14.5238,-3.0035,5.9616,190.9372,359.1628,-0.4095,0.9530,-1.5525,-0.1887,-0.1039,-0.9765
25.0482,147.65,1.1630,14.5425,-3.0348,5.8512,190.9420,359.1679,-0.4134,0.9349,-1.5644,-0.1888,-0.1019,-0.9767
25.0682,147.65,1.1546,14.5611,-3.0664,5.7282,190.9477,359.1742,-0.4174,0.9297,-1.5769,-0.1890,-0.0998,-0.9769
25.0882,147.65,1.1462,14.5803,-3.0981,5.6263,190.9504,359.1796,-0.4210,0.9609,-1.5854,-0.1890,-0.0980,-0.9771
25.1082,147.65,1.1378,14.5997,-3.1299,5.5496,190.9500,359.1838,-0.4234,0.9701,-1.5906,-0.1891,-0.0967,-0.9772
25.1282,147.65,1.1292,14.6196,-3.1619,5.4944,190.9467,359.1871,-0.4265,0.9952,-1.5978,-0.1890,-0.0957,-0.9773
25.1482,147.65,1.1206,14.6397,-3.1939,5.4616,190.9407,359.1895,-0.4291,1.0081,-1.6034,-0.1889,-0.0952,-0.9774
25.1682,147.65,1.1120,14.6603,-3.2261,5.4488,190.9324,359.1910,-0.4321,1.0293,-1.6102,-0.1888,-0.0950,-0.9774
25.1882,147.65,1.1033,14.6812,-3.2584,5.4561,190.9218,359.1919,-0.4347,1.0439,-1.6163,-0.1886,-0.0951,-0.9774
25.2082,147.65,1.0946,14.7025,-3.2909,5.4817,190.9091,359.1921,-0.4377,1.0628,-1.6231,-0.1884,-0.0955,-0.9774
25.2282,147.65,1.0857,14.7229,-3.3236,5.4879,190.8988,359.1943,-0.4406,1.0213,-1.6322,-0.1882,-0.0956,-0.9775
25.2482,147.65,1.0768,14.7436,-3.3565,5.4775,190.8904,359.1977,-0.4450,1.0347,-1.6458,-0.1881,-0.0955,-0.9775
25.2682,147.65,1.0679,14.7636,-3.3896,5.4482,190.8840,359.2028,-0.4480,1.0012,-1.6555,-0.1880,-0.0949,-0.9776
25.2882,147.65,1.0588,14.7838,-3.4229,5.4035,190.8794,359.2091,-0.4520,1.0083,-1.6680,-0.1879,-0.0942,-0.9777
25.3082,147.65,1.0497,14.8034,-3.4565,5.3419,190.8766,359.2169,-0.4550,0.9808,-1.6775,-0.1879,-0.0931,-0.9778
25.3282,147.65,1.0406,14.8231,-3.4903,5.2663,190.8753,359.2256,-0.4587,0.9833,-1.6888,-0.1879,-0.0918,-0.9779
25.3481,147.65,1.0313,14.8423,-3.5242,5.1756,190.8756,359.2355,-0.4615,0.9603,-1.6979,-0.1879,-0.0902,-0.9780
25.3682,143.50,1.0220,14.8623,-3.5583,5.1035,190.8737,359.2448,-0.4647,1.0038,-1.7054,-0.1879,-0.0890,-0.9782
25.3882,143.50,1.0127,14.8824,-3.5925,5.0572,190.8690,359.2526,-0.4659,1.0033,-1.7074,-0.1878,-0.0881,-0.9782
25.4082,143.50,1.0034,14.9031,-3.6267,5.0305,190.8624,359.2596,-0.4684,1.0342,-1.7132,-0.1877,-0.0877,-0.9783
25.4282,143.50,0.9940,14.9239,-3.6611,5.0261,190.8535,359.2655,-0.4701,1.0416,-1.7163,-0.1876,-0.0876,-0.9783
25.4482,143.50,0.9845,14.9452,-3.6955,5.0402,190.8428,359.2707,-0.4723,1.0655,-1.7216,-0.1874,-0.0879,-0.9783
25.4682,143.50,0.9750,14.9668,-3.7300,5.0739,190.8305,359.2751,-0.4742,1.0768,-1.7256,-0.1872,-0.0884,-0.9783
25.4882,143.50,0.9655,14.9887,-3.7646,5.1247,190.8167,359.2791,-0.4764,1.0966,-1.7309,-0.1869,-0.0893,-0.9783
25.5082,143.50,0.9559,15.0109,-3.7993,5.1929,190.8015,359.2824,-0.4784,1.1095,-1.7358,-0.1866,-0.0905,-0.9783
25.5281,143.50,0.9463,15.0334,-3.8342,5.2766,190.7851,359.2853,-0.4806,1.1268,-1.7416,-0.1863,-0.0920,-0.9782
25.5482,143.50,0.9367,15.0551,-3.8692,5.3380,190.7715,359.2903,-0.4830,1.0856,-1.7504,-0.1861,-0.0930,-0.9781
25.5682,143.50,0.9269,15.0771,-3.9045,5.3798,190.7605,359.2965,-0.4868,1.0976,-1.7635,-0.1859,-0.0938,-0.9781
25.5882,143.50,0.9171,15.0984,-3.9399,5.3998,190.7520,359.3046,-0.4894,1.0645,-1.7730,-0.1857,-0.0941,-0.9781
25.6082,143.50,0.9073,15.1198,-3.9756,5.4017,190.7457,359.3138,-0.4929,1.0702,-1.7853,-0.1856,-0.0941,-0.9781
25.6282,143.50,0.8974,15.1406,-4.0115,5.3839,190.7416,359.3246,-0.4954,1.0431,-1.7949,-0.1856,-0.0938,-0.9781
25.6482,143.50,0.8874,15.1615,-4.0476,5.3494,190.7392,359.3363,-0.4985,1.0442,-1.8063,-0.1855,-0.0932,-0.9782
25.6682,143.50,0.8774,15.1820,-4.0840,5.2972,190.7387,359.3493,-0.5010,1.0216,-1.8157,-0.1855,-0.0923,-0.9783
25.6882,143.50,0.8673,15.2024,-4.1205,5.2296,190.7397,359.3631,-0.5037,1.0196,-1.8262,-0.1856,-0.0911,-0.9784
25.7082,143.50,0.8572,15.2224,-4.1572,5.1461,190.7422,359.3778,-0.5060,1.0003,-1.8350,-0.1856,-0.0897,-0.9785
25.7282,143.50,0.8470,15.2423,-4.1941,5.0486,190.7459,359.3932,-0.5084,0.9960,-1.8445,-0.1857,-0.0880,-0.9787
25.7482,143.50,0.8368,15.2627,-4.2311,4.9715,190.7474,359.4074,-0.5099,1.0228,-1.8491,-0.1858,-0.0867,-0.9788
25.7682,143.50,0.8266,15.2834,-4.2681,4.9184,190.7464,359.4202,-0.5105,1.0315,-1.8512,-0.1858,-0.0857,-0.9788
25.7882,143.50,0.8164,15.3044,-4.3052,4.8859,190.7433,359.4317,-0.5116,1.0533,-1.8548,-0.1857,-0.0852,-0.9789
25.8082,143.50,0.8061,15.3257,-4.3423,4.8748,190.7383,359.4419,-0.5124,1.0650,-1.8574,-0.1856,-0.0850,-0.9789
25.8282,143.50,0.7959,15.3474,-4.3795,4.8828,190.7316,359.4510,-0.5133,1.0836,-1.8610,-0.1855,-0.0851,-0.9789
25.8481,143.50,0.7856,15.3693,-4.4168,4.9099,190.7234,359.4590,-0.5141,1.0966,-1.8641,-0.1854,-0.0856,-0.9789
25.8682,143.50,0.7753,15.3916,-4.4542,4.9544,190.7138,359.4659,-0.5151,1.1132,-1.8679,-0.1852,-0.0864,-0.9789
25.8882,143.50,0.7650,15.4141,-4.4916,5.0160,190.7030,359.4718,-0.5160,1.1265,-1.8717,-0.1850,-0.0874,-0.9788
25.9082,143.50,0.7546,15.4359,-4.5292,5.0561,190.6948,359.4790,-0.5175,1.0893,-1.8794,-0.1849,-0.0881,-0.9788
25.9282,143.50,0.7442,15.4579,-4.5670,5.0772,190.6889,359.4870,-0.5199,1.0984,-1.8905,-0.1847,-0.0885,-0.9788
25.9482,143.50,0.7338,15.4793,-4.6050,5.0773,190.6853,359.4961,-0.5215,1.0684,-1.8988,-0.1847,-0.0885,-0.9788
25.9682,143.50,0.7233,15.5007,-4.6432,5.0598,190.6837,359.5058,-0.5237,1.0720,-1.9092,-0.1847,-0.0882,-0.9788
25.9882,143.50,0.7128,15.5216,-4.6815,5.0235,190.6842,359.5164,-0.5251,1.0473,-1.9173,-0.1847,-0.0876,-0.9789
26.0082,143.50,0.7023,15.5426,-4.7201,4.9709,190.6862,359.5274,-0.5270,1.0470,-1.9268,-0.1847,-0.0866,-0.9790
26.0281,143.50,0.6917,15.5631,-4.7587,4.9014,190.6900,359.5391,-0.5283,1.0262,-1.9345,-0.1848,-0.0854,-0.9791
26.0482,143.50,0.6811,15.5836,-4.7976,4.8171,190.6951,359.5511,-0.5299,1.0231,-1.9430,-0.1849,-0.0840,-0.9792
26.0682,143.50,0.6705,15.6045,-4.8365,4.7527,190.6983,359.5619,-0.5303,1.0476,-1.9462,-0.1850,-0.0829,-0.9792
26.0882,143.50,0.6599,15.6256,-4.8755,4.7113,190.6994,359.5710,-0.5302,1.0565,-1.9473,-0.1850,-0.0821,-0.9793
26.1082,143.50,0.6493,15.6472,-4.9145,4.6902,190.6986,359.5786,-0.5304,1.0766,-1.9498,-0.1850,-0.0818,-0.9793
26.1282,143.50,0.6387,15.6689,-4.9535,4.6896,190.6960,359.5849,-0.5303,1.0881,-1.9514,-0.1850,-0.0818,-0.9793
26.1482,143.50,0.6281,15.6911,-4.9926,4.7076,190.6919,359.5900,-0.5304,1.1055,-1.9539,-0.1849,-0.0821,-0.9793
26.1682,143.50,0.6175,15.7134,-5.0317,4.7442,190.6863,359.5939,-0.5305,1.1180,-1.9560,-0.1848,-0.0827,-0.9793
26.1882,143.50,0.6068,15.7361,-5.0709,4.7977,190.6793,359.5967,-0.5307,1.1335,-1.9589,-0.1847,-0.0836,-0.9792
26.2082,143.50,0.5962,15.7590,-5.1101,4.8678,190.6711,359.5987,-0.5308,1.1462,-1.9617,-0.1845,-0.0849,-0.9792
26.2282,143.50,0.5856,15.7822,-5.1494,4.9532,190.6619,359.5998,-0.5312,1.1604,-1.9652,-0.1843,-0.0863,-0.9791
26.2482,143.50,0.5750,15.8047,-5.1889,5.0156,190.6551,359.6023,-0.5322,1.1222,-1.9725,-0.1842,-0.0874,-0.9790
26.2682,143.50,0.5643,15.8273,-5.2285,5.0578,190.6504,359.6057,-0.5342,1.1318,-1.9834,-0.1841,-0.0882,-0.9789
26.2882,143.50,0.5536,15.8493,-5.2684,5.0775,190.6479,359.6105,-0.5354,1.1013,-1.9913,-0.1840,-0.0885,-0.9789
26.3082,143.50,0.5428,15.8714,-5.3084,5.0784,190.6473,359.6161,-0.5371,1.1050,-2.0016,-0.1840,-0.0885,-0.9789
26.3282,143.50,0.5321,15.8930,-5.3486,5.0592,190.6486,359.6228,-0.5383,1.0800,-2.0095,-0.1841,-0.0882,-0.9790
26.3481,143.50,0.5213,15.9146,-5.3890,5.0227,190.6515,359.6303,-0.5398,1.0797,-2.0189,-0.1841,-0.0876,-0.9790
26.3682,141.92,0.5104,15.9358,-5.4295,4.9681,190.6559,359.6386,-0.5408,1.0588,-2.0265,-0.1842,-0.0866,-0.9791
26.3882,141.92,0.4996,15.9569,-5.4702,4.8976,190.6617,359.6477,-0.5421,1.0556,-2.0350,-0.1843,-0.0854,-0.9791
26.4082,141.92,0.4887,15.9777,-5.5110,4.8109,190.6688,359.6574,-0.5430,1.0377,-2.0421,-0.1845,-0.0839,-0.9793
26.4282,141.92,0.4779,15.9983,-5.5520,4.7096,190.6769,359.6677,-0.5439,1.0325,-2.0496,-0.1846,-0.0821,-0.9794
26.4482,141.92,0.4670,16.0195,-5.5931,4.6291,190.6830,359.6769,-0.5438,1.0573,-2.0518,-0.1848,-0.0807,-0.9795
26.4682,141.92,0.4561,16.0407,-5.6341,4.5724,190.6870,359.6846,-0.5431,1.0647,-2.0518,-0.1849,-0.0797,-0.9795
26.4882,141.92,0.4453,16.0624,-5.6752,4.5367,190.6889,359.6911,-0.5427,1.0848,-2.0531,-0.1849,-0.0791,-0.9796
26.5082,141.92,0.4344,16.0843,-5.7162,4.5223,190.6891,359.6963,-0.5420,1.0951,-2.0535,-0.1849,-0.0788,-0.9796
26.5281,141.92,0.4236,16.1066,-5.7573,4.5271,190.6876,359.7004,-0.5415,1.1122,-2.0548,-0.1849,-0.0789,-0.9796
26.5482,141.92,0.4128,16.1291,-5.7984,4.5511,190.6846,359.7034,-0.5410,1.1239,-2.0557,-0.1848,-0.0793,-0.9796
26.5682,141.92,0.4020,16.1518,-5.8396,4.5927,190.6802,359.7054,-0.5406,1.1391,-2.0573,-0.1847,-0.0801,-0.9795
26.5882,141.92,0.3912,16.1749,-5.8808,4.6514,190.6746,359.7064,-0.5402,1.1511,-2.0589,-0.1846,-0.0811,-0.9795
26.6082,141.92,0.3804,16.1972,-5.9221,4.6886,190.6710,359.7086,-0.5407,1.1154,-2.0649,-0.1846,-0.0817,-0.9794
26.6282,141.92,0.3695,16.2196,-5.9635,4.7066,190.6693,359.7116,-0.5420,1.1235,-2.0740,-0.1845,-0.0821,-0.9794
26.6482,141.92,0.3587,16.2415,-6.0051,4.7036,190.6695,359.7157,-0.5426,1.0948,-2.0806,-0.1845,-0.0820,-0.9794
26.6682,141.92,0.3478,16.2635,-6.0469,4.6827,190.6712,359.7204,-0.5437,1.0977,-2.0889,-0.1846,-0.0816,-0.9794
26.6882,141.92,0.3369,16.2850,-6.0888,4.6430,190.6745,359.7259,-0.5443,1.0740,-2.0953,-0.1846,-0.0809,-0.9795
26.7082,141.92,0.3260,16.3064,-6.1309,4.5870,190.6792,359.7320,-0.5451,1.0731,-2.1028,-0.1847,-0.0800,-0.9795
26.7282,141.92,0.3151,16.3283,-6.1730,4.5499,190.6821,359.7370,-0.5447,1.0931,-2.1044,-0.1848,-0.0793,-0.9796
26.7482,141.92,0.3042,16.3504,-6.2151,4.5341,190.6831,359.7407,-0.5438,1.1023,-2.1046,-0.1848,-0.0791,-0.9796
26.7682,141.92,0.2934,16.3727,-6.2572,4.5374,190.6825,359.7432,-0.5432,1.1193,-2.1058,-0.1848,-0.0791,-0.9796
26.7882,141.92,0.2825,16.3953,-6.2993,4.5599,190.6804,359.7445,-0.5425,1.1301,-2.1065,-0.1847,-0.0795,-0.9796
26.8082,141.92,0.2717,16.4182,-6.3415,4.5998,190.6770,359.7448,-0.5420,1.1450,-2.1080,-0.1847,-0.0802,-0.9795
26.8282,141.92,0.2609,16.4414,-6.3837,4.6569,190.6722,359.7441,-0.5415,1.1564,-2.1094,-0.1846,-0.0812,-0.9795
26.8481,141.92,0.2500,16.4648,-6.4259,4.7299,190.6663,359.7426,-0.5411,1.1698,-2.1114,-0.1845,-0.0825,-0.9794
26.8682,141.92,0.2392,16.4874,-6.4682,4.7802,190.6626,359.7422,-0.5416,1.1330,-2.1176,-0.1844,-0.0833,-0.9793
26.8882,141.92,0.2283,16.5103,-6.5108,4.8105,190.6608,359.7427,-0.5429,1.1420,-2.1271,-0.1843,-0.0839,-0.9793
26.9082,141.92,0.2175,16.5325,-6.5535,4.8187,190.6610,359.7444,-0.5436,1.1127,-2.1339,-0.1843,-0.0840,-0.9793
26.9282,141.92,0.2066,16.5548,-6.5963,4.8084,190.6628,359.7468,-0.5447,1.1160,-2.1426,-0.1844,-0.0838,-0.9793
26.9482,141.92,0.1957,16.5767,-6.6393,4.7784,190.6664,359.7501,-0.5454,1.0921,-2.1493,-0.1844,-0.0833,-0.9793
26.9682,141.92,0.1848,16.5992,-6.6824,4.7636,190.6687,359.7528,-0.5456,1.1278,-2.1535,-0.1845,-0.0830,-0.9793
26.9882,141.92,0.1739,16.6217,-6.7254,4.7709,190.6693,359.7541,-0.5445,1.1237,-2.1530,-0.1845,-0.0832,-0.9793
27.0082,141.92,0.1630,16.6447,-6.7686,4.7946,190.6686,359.7546,-0.5444,1.1488,-2.1561,-0.1845,-0.0836,-0.9793
27.0281,141.92,0.1521,16.6677,-6.8117,4.8371,190.6667,359.7540,-0.5437,1.1516,-2.1569,-0.1844,-0.0843,-0.9792
27.0482,141.92,0.1412,16.6911,-6.8549,4.8950,190.6637,359.7527,-0.5436,1.1704,-2.1598,-0.1844,-0.0853,-0.9791
27.0682,141.92,0.1304,16.7147,-6.8981,4.9693,190.6597,359.7505,-0.5431,1.1767,-2.1618,-0.1843,-0.0866,-0.9790
27.0882,141.92,0.1195,16.7385,-6.9414,5.0577,190.6548,359.7477,-0.5431,1.1918,-2.1651,-0.1842,-0.0882,-0.9789
27.1082,141.92,0.1087,16.7625,-6.9848,5.1604,190.6491,359.7442,-0.5429,1.1996,-2.1681,-0.1840,-0.0899,-0.9788
27.1282,141.92,0.0978,16.7867,-7.0282,5.2759,190.6428,359.7402,-0.5430,1.2122,-2.1722,-0.1839,-0.0920,-0.9786
27.1482,141.92,0.0869,16.8103,-7.0718,5.3656,190.6390,359.7377,-0.5440,1.1761,-2.1803,-0.1838,-0.0935,-0.9785
27.1682,141.92,0.0760,16.8339,-7.1157,5.4323,190.6375,359.7362,-0.5458,1.1841,-2.1920,-0.1838,-0.0947,-0.9784
27.1882,141.92,0.0651,16.8570,-7.1597,5.4740,190.6382,359.7361,-0.5470,1.1558,-2.2009,-0.1838,-0.0954,-0.9783
27.2082,141.92,0.0541,16.8802,-7.2039,5.4943,190.6408,359.7368,-0.5486,1.1580,-2.2120,-0.1838,-0.0957,-0.9783
27.2282,141.92,0.0431,16.9029,-7.2484,5.4921,190.6454,359.7387,-0.5498,1.1352,-2.2209,-0.1839,-0.0957,-0.9783
27.2482,141.92,0.0321,16.9256,-7.2930,5.4702,190.6515,359.7413,-0.5513,1.1334,-2.2313,-0.1840,-0.0953,-0.9783
27.2682,141.92,0.0210,16.9479,-7.3378,5.4279,190.6591,359.7448,-0.5523,1.1146,-2.2400,-0.1841,-0.0946,-0.9783
27.2882,141.92,0.0100,16.9707,-7.3827,5.4012,190.6652,359.7474,-0.5528,1.1434,-2.2455,-0.1842,-0.0941,-0.9784
27.3082,141.92,-0.0011,16.9936,-7.4276,5.3952,190.6693,359.7487,-0.5522,1.1406,-2.2469,-0.1843,-0.0940,-0.9784
27.3282,141.92,-0.0121,17.0168,-7.4727,5.4056,190.6719,359.7490,-0.5523,1.1616,-2.2514,-0.1844,-0.0942,-0.9783
27.3481,141.92,-0.0232,17.0401,-7.5177,5.4342,190.6729,359.7481,-0.5520,1.1640,-2.2539,-0.1844,-0.0947,-0.9783
27.3682,139.78,-0.0342,17.0637,-7.5629,5.4780,190.6724,359.7463,-0.5521,1.1800,-2.2583,-0.1843,-0.0955,-0.9782
27.3882,139.78,-0.0453,17.0874,-7.6081,5.5377,190.6705,359.7436,-0.5520,1.1852,-2.2616,-0.1843,-0.0965,-0.9781
27.4082,139.78,-0.0563,17.1113,-7.6535,5.6113,190.6674,359.7401,-0.5522,1.1981,-2.2663,-0.1842,-0.0978,-0.9780
27.4282,139.78,-0.0673,17.1354,-7.6989,5.6989,190.6632,359.7359,-0.5523,1.2045,-2.2705,-0.1841,-0.0993,-0.9779
27.4482,139.78,-0.0784,17.1589,-7.7445,5.7617,190.6611,359.7328,-0.5535,1.1748,-2.2796,-0.1841,-0.1004,-0.9778
27.4682,139.78,-0.0895,17.1825,-7.7903,5.8017,190.6609,359.7307,-0.5553,1.1784,-2.2916,-0.1840,-0.1011,-0.9777
27.4882,139.78,-0.1007,17.2056,-7.8363,5.8175,190.6626,359.7298,-0.5567,1.1550,-2.3013,-0.1841,-0.1014,-0.9777
27.5082,139.78,-0.1118,17.2287,-7.8826,5.8121,190.6660,359.7298,-0.5584,1.1542,-2.3126,-0.1841,-0.1013,-0.9777
27.5281,139.78,-0.1230,17.2514,-7.9290,5.7850,190.6712,359.7307,-0.5597,1.1352,-2.3222,-0.1842,-0.1008,-0.9777
27.5482,139.78,-0.1342,17.2740,-7.9757,5.7383,190.6777,359.7324,-0.5612,1.1314,-2.3326,-0.1844,-0.1000,-0.9778
27.5682,139.78,-0.1455,17.2963,-8.0225,5.6719,190.6858,359.7349,-0.5624,1.1155,-2.3417,-0.1845,-0.0988,-0.9778
27.5882,139.78,-0.1568,17.3185,-8.0695,5.5877,190.6951,359.7381,-0.5636,1.1098,-2.3511,-0.1847,-0.0974,-0.9780
27.6082,139.78,-0.1681,17.3404,-8.1167,5.4858,190.7056,359.7419,-0.5647,1.0960,-2.3594,-0.1849,-0.0956,-0.9781
27.6282,139.78,-0.1794,17.3622,-8.1641,5.3676,190.7171,359.7463,-0.5657,1.0891,-2.3677,-0.1851,-0.0935,-0.9782
27.6482,139.78,-0.1907,17.3838,-8.2116,5.2336,190.7296,359.7512,-0.5665,1.0768,-2.3751,-0.1854,-0.0912,-0.9784
27.6682,139.78,-0.2020,17.4051,-8.2592,5.0849,190.7430,359.7565,-0.5672,1.0692,-2.3821,-0.1857,-0.0886,-0.9786
27.6882,139.78,-0.2134,17.4263,-8.3070,4.9220,190.7571,359.7622,-0.5677,1.0579,-2.3882,-0.1860,-0.0858,-0.9788
27.7082,139.78,-0.2248,17.4473,-8.3548,4.7460,190.7719,359.7682,-0.5682,1.0498,-2.3939,-0.1863,-0.0827,-0.9790
27.7282,139.78,-0.2361,17.4687,-8.4027,4.5933,190.7841,359.7730,-0.5674,1.0723,-2.3939,-0.1865,-0.0801,-0.9792
27.7482,139.78,-0.2474,17.4903,-8.4506,4.4671,190.7938,359.7760,-0.5659,1.0767,-2.3912,-0.1867,-0.0779,-0.9793
27.7682,139.78,-0.2587,17.5122,-8.4983,4.3643,190.8011,359.7776,-0.5647,1.0948,-2.3899,-0.1869,-0.0761,-0.9794
27.7882,139.78,-0.2700,17.5342,-8.5461,4.2854,190.8061,359.7778,-0.5633,1.1024,-2.3873,-0.1870,-0.0747,-0.9795
27.8082,139.78,-0.2812,17.5566,-8.5938,4.2283,190.8090,359.7766,-0.5621,1.1177,-2.3854,-0.1870,-0.0737,-0.9796
27.8282,139.78,-0.2924,17.5791,-8.6415,4.1929,190.8098,359.7742,-0.5607,1.1271,-2.3830,-0.1870,-0.0731,-0.9796
27.8481,139.78,-0.3036,17.6019,-8.6891,4.1775,190.8088,359.7707,-0.5594,1.1406,-2.3811,-0.1870,-0.0728,-0.9796
27.8682,139.78,-0.3148,17.6240,-8.7368,4.1435,190.8091,359.7679,-0.5592,1.1060,-2.3836,-0.1870,-0.0723,-0.9797
27.8882,139.78,-0.3260,17.6464,-8.7845,4.0932,190.8106,359.7657,-0.5596,1.1153,-2.3887,-0.1871,-0.0714,-0.9797
27.9082,139.78,-0.3372,17.6681,-8.8324,4.0248,190.8132,359.7642,-0.5594,1.0880,-2.3914,-0.1871,-0.0702,-0.9798
27.9282,139.78,-0.3484,17.6899,-8.8803,3.9415,190.8168,359.7631,-0.5596,1.0917,-2.3953,-0.1872,-0.0687,-0.9799
27.9482,139.78,-0.3596,17.7113,-8.9282,3.8421,190.8212,359.7625,-0.5593,1.0694,-2.3975,-0.1873,-0.0670,-0.9800
27.9682,139.78,-0.3708,17.7327,-8.9762,3.7292,190.8264,359.7622,-0.5592,1.0692,-2.4002,-0.1874,-0.0650,-0.9801
27.9882,139.78,-0.3819,17.7537,-9.0242,3.6022,190.8322,359.7624,-0.5587,1.0506,-2.4016,-0.1876,-0.0628,-0.9802
28.0082,139.78,-0.3931,17.7747,-9.0723,3.4629,190.8386,359.7628,-0.5584,1.0477,-2.4031,-0.1877,-0.0604,-0.9804
28.0281,139.78,-0.4042,17.7953,-9.1204,3.3111,190.8455,359.7634,-0.5577,1.0316,-2.4034,-0.1878,-0.0578,-0.9805
28.0482,139.78,-0.4154,17.8159,-9.1685,3.1483,190.8527,359.7643,-0.5571,1.0269,-2.4036,-0.1880,-0.0549,-0.9806
28.0682,139.78,-0.4265,17.8361,-9.2165,2.9747,190.8604,359.7653,-0.5562,1.0126,-2.4028,-0.1882,-0.0519,-0.9808
28.0882,139.78,-0.4376,17.8562,-9.2645,2.7913,190.8683,359.7665,-0.5552,1.0065,-2.4016,-0.1883,-0.0487,-0.9809
28.1082,139.78,-0.4487,17.8761,-9.3125,2.5983,190.8766,359.7679,-0.5541,0.9936,-2.3994,-0.1885,-0.0453,-0.9810
28.1282,139.78,-0.4597,17.8966,-9.3604,2.4312,190.8821,359.7679,-0.5518,1.0258,-2.3914,-0.1886,-0.0424,-0.9811
28.1482,139.78,-0.4707,17.9173,-9.4080,2.2948,190.8847,359.7661,-0.5487,1.0308,-2.3807,-0.1887,-0.0400,-0.9812
28.1682,139.78,-0.4816,17.9384,-9.4554,2.1847,190.8847,359.7627,-0.5460,1.0552,-2.3713,-0.1887,-0.0381,-0.9813
28.1882,139.78,-0.4925,17.9597,-9.5026,2.1019,190.8823,359.7578,-0.5430,1.0657,-2.3607,-0.1887,-0.0367,-0.9814
28.2082,139.78,-0.5033,17.9814,-9.5496,2.0438,190.8777,359.7517,-0.5403,1.0858,-2.3509,-0.1886,-0.0357,-0.9814
28.2282,139.78,-0.5140,18.0034,-9.5964,2.0102,190.8711,359.7443,-0.5375,1.0990,-2.3406,-0.1885,-0.0351,-0.9814
28.2482,139.78,-0.5247,18.0257,-9.6431,1.9994,190.8626,359.7357,-0.5348,1.1168,-2.3308,-0.1883,-0.0349,-0.9815
28.2682,139.78,-0.5354,18.0472,-9.6896,1.9727,190.8558,359.7283,-0.5335,1.0763,-2.3269,-0.1882,-0.0344,-0.9815
28.2882,139.78,-0.5461,18.0690,-9.7361,1.9324,190.8502,359.7215,-0.5326,1.0897,-2.3244,-0.1881,-0.0337,-0.9816
28.3082,139.78,-0.5567,18.0902,-9.7825,1.8763,190.8462,359.7157,-0.5313,1.0564,-2.3206,-0.1881,-0.0327,-0.9816
28.3282,139.78,-0.5673,18.1114,-9.8288,1.8078,190.8434,359.7106,-0.5303,1.0641,-2.3173,-0.1880,-0.0315,-0.9817
28.3481,139.78,-0.5779,18.1322,-9.8751,1.7253,190.8419,359.7064,-0.5290,1.0360,-2.3130,-0.1880,-0.0301,-0.9817
28.3682,144.57,-0.5884,18.1529,-9.9213,1.6314,190.8414,359.7028,-0.5278,1.0394,-2.3089,-0.1880,-0.0285,-0.9818
28.3882,144.57,-0.5990,18.1733,-9.9674,1.5252,190.8419,359.7000,-0.5264,1.0154,-2.3039,-0.1880,-0.0266,-0.9818
28.4082,144.57,-0.6095,18.1936,-10.0133,1.4088,190.8433,359.6978,-0.5250,1.0155,-2.2989,-0.1881,-0.0246,-0.9818
28.4282,144.57,-0.6199,18.2135,-10.0592,1.2816,190.8455,359.6962,-0.5234,0.9947,-2.2931,-0.1881,-0.0224,-0.9819
28.4482,144.57,-0.6304,18.2333,-10.1049,1.1452,190.8485,359.6952,-0.5219,0.9924,-2.2870,-0.1882,-0.0200,-0.9819
28.4682,144.57,-0.6407,18.2537,-10.1504,1.0345,190.8490,359.6932,-0.5189,1.0212,-2.2739,-0.1882,-0.0181,-0.9820
28.4882,144.57,-0.6511,18.2744,-10.1956,0.9529,190.8468,359.6896,-0.5154,1.0340,-2.2596,-0.1882,-0.0166,-0.9820
28.5082,144.57,-0.6613,18.2956,-10.2405,0.8973,190.8423,359.6847,-0.5122,1.0576,-2.2458,-0.1881,-0.0157,-0.9820
28.5281,144.57,-0.6715,18.3170,-10.2852,0.8679,190.8355,359.6785,-0.5089,1.0738,-2.2317,-0.1880,-0.0151,-0.9821
28.5482,144.57,-0.6816,18.3389,-10.3295,0.8626,190.8267,359.6712,-0.5058,1.0947,-2.2181,-0.1878,-0.0151,-0.9821
28.5682,144.57,-0.6917,18.3599,-10.3737,0.8432,190.8195,359.6650,-0.5041,1.0500,-2.2115,-0.1877,-0.0147,-0.9821
28.5882,144.57,-0.7017,18.3813,-10.4179,0.8116,190.8137,359.6595,-0.5028,1.0665,-2.2053,-0.1876,-0.0142,-0.9821
28.6082,144.57,-0.7118,18.4018,-10.4618,0.7659,190.8093,359.6550,-0.5011,1.0288,-2.1987,-0.1875,-0.0134,-0.9822
28.6282,144.57,-0.7217,18.4226,-10.5057,0.7091,190.8062,359.6511,-0.4997,1.0396,-2.1920,-0.1875,-0.0124,-0.9822
28.6482,144.57,-0.7317,18.4428,-10.5494,0.6398,190.8043,359.6481,-0.4980,1.0073,-2.1850,-0.1874,-0.0112,-0.9822
28.6682,144.57,-0.7416,18.4630,-10.5929,0.5606,190.8033,359.6457,-0.4964,1.0136,-2.1776,-0.1874,-0.0098,-0.9822
28.6882,144.57,-0.7515,18.4828,-10.6363,0.4703,190.8035,359.6439,-0.4947,0.9856,-2.1700,-0.1874,-0.0082,-0.9822
28.7082,144.57,-0.7614,18.5025,-10.6796,0.3711,190.8044,359.6427,-0.4929,0.9884,-2.1619,-0.1875,-0.0065,-0.9823
28.7282,144.57,-0.7712,18.5218,-10.7226,0.2622,190.8062,359.6420,-0.4910,0.9638,-2.1536,-0.1875,-0.0046,-0.9823
28.7482,144.57,-0.7810,18.5411,-10.7655,0.1453,190.8087,359.6417,-0.4891,0.9638,-2.1448,-0.1875,-0.0025,-0.9823
28.7682,144.57,-0.7907,18.5599,-10.8082,0.0199,190.8119,359.6419,-0.4871,0.9419,-2.1357,-0.1876,-0.0003,-0.9822
28.7882,144.57,-0.8004,18.5787,-10.8508,359.8875,190.8156,359.6425,-0.4850,0.9398,-2.1260,-0.1876,0.0020,-0.9822
28.8082,144.57,-0.8101,18.5971,-10.8931,359.7477,190.8198,359.6435,-0.4828,0.9201,-2.1160,-0.1877,0.0044,-0.9822
28.8282,144.57,-0.8197,18.6154,-10.9352,359.6017,190.8244,359.6447,-0.4805,0.9163,-2.1054,-0.1878,0.0070,-0.9822
28.8481,144.57,-0.8293,18.6334,-10.9771,359.4495,190.8295,359.6463,-0.4782,0.8982,-2.0945,-0.1879,0.0096,-0.9821
28.8682,144.57,-0.8388,18.6513,-11.0187,359.2919,190.8348,359.6480,-0.4757,0.8931,-2.0829,-0.1880,0.0124,-0.9821
28.8882,144.57,-0.8482,18.6688,-11.0602,359.1289,190.8403,359.6501,-0.4731,0.8764,-2.0711,-0.1881,0.0152,-0.9820
28.9082,144.57,-0.8576,18.6862,-11.1013,358.9614,190.8461,359.6523,-0.4704,0.8702,-2.0585,-0.1881,0.0181,-0.9820
28.9282,144.57,-0.8670,18.7033,-11.1422,358.7894,190.8519,359.6546,-0.4676,0.8546,-2.0456,-0.1882,0.0211,-0.9819
28.9482,144.57,-0.8763,18.7202,-11.1829,358.6136,190.8577,359.6570,-0.4648,0.8476,-2.0320,-0.1883,0.0242,-0.9818
28.9682,144.57,-0.8855,18.7369,-11.2232,358.4342,190.8635,359.6596,-0.4618,0.8328,-2.0180,-0.1884,0.0273,-0.9817
28.9882,144.57,-0.8947,18.7534,-11.2633,358.2518,190.8692,359.6622,-0.4586,0.8251,-2.0033,-0.1885,0.0305,-0.9816
29.0082,144.57,-0.9038,18.7696,-11.3031,358.0665,190.8747,359.6649,-0.4554,0.8110,-1.9883,-0.1886,0.0337,-0.9815
29.0281,144.57,-0.9129,18.7857,-11.3425,357.8789,190.8801,359.6676,-0.4521,0.8028,-1.9726,-0.1886,0.0370,-0.9814
29.0482,144.57,-0.9218,18.8015,-11.3817,357.6891,190.8853,359.6703,-0.4486,0.7892,-1.9565,-0.1887,0.0403,-0.9812
29.0682,144.57,-0.9307,18.8171,-11.4204,357.4977,190.8902,359.6729,-0.4451,0.7805,-1.9396,-0.1887,0.0437,-0.9811
29.0882,144.57,-0.9396,18.8324,-11.4589,357.3049,190.8948,359.6757,-0.4414,0.7674,-1.9224,-0.1888,0.0470,-0.9809
29.1082,144.57,-0.9483,18.8476,-11.4970,357.1111,190.8991,359.6783,-0.4376,0.7584,-1.9045,-0.1888,0.0504,-0.9807
29.1282,144.57,-0.9570,18.8625,-11.5347,356.9165,190.9031,359.6811,-0.4338,0.7456,-1.8862,-0.1889,0.0538,-0.9805
29.1482,144.57,-0.9656,18.8772,-11.5720,356.7216,190.9068,359.6838,-0.4298,0.7363,-1.8671,-0.1889,0.0572,-0.9803
29.1682,144.57,-0.9741,18.8917,-11.6090,356.5265,190.9102,359.6865,-0.4257,0.7237,-1.8477,-0.1889,0.0606,-0.9801
29.1882,144.57,-0.9825,18.9060,-11.6456,356.3316,190.9133,359.6893,-0.4215,0.7142,-1.8276,-0.1889,0.0640,-0.9799
29.2082,144.57,-0.9909,18.9200,-11.6817,356.1371,190.9162,359.6921,-0.4172,0.7019,-1.8072,-0.1889,0.0674,-0.9797
29.2282,144.57,-0.9991,18.9339,-11.7174,355.9434,190.9187,359.6950,-0.4128,0.6921,-1.7860,-0.1889,0.0707,-0.9794
29.2482,144.57,-1.0073,18.9475,-11.7527,355.7505,190.9211,359.6980,-0.4084,0.6800,-1.7646,-0.1889,0.0741,-0.9792
29.2682,144.57,-1.0154,18.9609,-11.7876,355.5589,190.9231,359.7010,-0.4038,0.6701,-1.7424,-0.1889,0.0774,-0.9789
29.2882,144.57,-1.0233,18.9740,-11.8220,355.3687,190.9250,359.7042,-0.3991,0.6581,-1.7199,-0.1889,0.0807,-0.9787
29.3082,144.57,-1.0312,18.9870,-11.8559,355.1801,190.9266,359.7074,-0.3943,0.6481,-1.6967,-0.1889,0.0840,-0.9784
29.3282,144.57,-1.0390,18.9997,-11.8894,354.9934,190.9281,359.7108,-0.3895,0.6362,-1.6733,-0.1889,0.0873,-0.9781
29.3481,144.57,-1.0467,19.0123,-11.9223,354.8087,190.9294,359.7143,-0.3845,0.6261,-1.6492,-0.1888,0.0905,-0.9778
29.3682,141.23,-1.0543,19.0245,-11.9548,354.6263,190.9305,359.7180,-0.3795,0.6143,-1.6247,-0.1888,0.0937,-0.9775
29.3882,141.23,-1.0618,19.0366,-11.9868,354.4462,190.9315,359.7218,-0.3743,0.6041,-1.5997,-0.1887,0.0968,-0.9772
29.4082,141.23,-1.0692,19.0485,-12.0183,354.2687,190.9323,359.7257,-0.3691,0.5925,-1.5744,-0.1887,0.0999,-0.9769
29.4282,141.23,-1.0764,19.0601,-12.0493,354.0940,190.9329,359.7298,-0.3638,0.5821,-1.5486,-0.1887,0.1029,-0.9766
29.4482,141.23,-1.0836,19.0715,-12.0797,353.9222,190.9335,359.7341,-0.3584,0.5706,-1.5224,-0.1886,0.1059,-0.9763
29.4682,141.23,-1.0906,19.0843,-12.1094,353.7840,190.9308,359.7369,-0.3501,0.6388,-1.4811,-0.1885,0.1083,-0.9761
29.4882,141.23,-1.0975,19.0975,-12.1382,353.6859,190.9241,359.7369,-0.3419,0.6588,-1.4433,-0.1884,0.1100,-0.9759
29.5082,141.23,-1.1041,19.1117,-12.1663,353.6217,190.9142,359.7349,-0.3337,0.7087,-1.4033,-0.1882,0.1111,-0.9758
29.5281,141.23,-1.1106,19.1264,-12.1936,353.5926,190.9012,359.7306,-0.3256,0.7388,-1.3651,-0.1879,0.1116,-0.9758
29.5482,141.23,-1.1170,19.1421,-12.2201,353.5954,190.8854,359.7244,-0.3177,0.7808,-1.3264,-0.1877,0.1115,-0.9759
29.5682,141.23,-1.1232,19.1583,-12.2459,353.6295,190.8671,359.7161,-0.3100,0.8145,-1.2889,-0.1874,0.1110,-0.9760
29.5882,141.23,-1.1292,19.1754,-12.2709,353.6927,190.8466,359.7061,-0.3024,0.8528,-1.2515,-0.1870,0.1099,-0.9762
29.6082,141.23,-1.1351,19.1932,-12.2952,353.7842,190.8239,359.6943,-0.2951,0.8876,-1.2152,-0.1867,0.1083,-0.9764
29.6282,141.23,-1.1409,19.2116,-12.3188,353.9023,190.7994,359.6808,-0.2880,0.9240,-1.1795,-0.1863,0.1062,-0.9767
29.6482,141.23,-1.1465,19.2308,-12.3417,354.0456,190.7732,359.6656,-0.2812,0.9587,-1.1449,-0.1859,0.1037,-0.9771
29.6682,141.23,-1.1520,19.2507,-12.3639,354.2130,190.7455,359.6489,-0.2747,0.9939,-1.1112,-0.1855,0.1008,-0.9775
29.6882,141.23,-1.1575,19.2693,-12.3858,354.3742,190.7199,359.6334,-0.2715,0.9310,-1.0942,-0.1851,0.0980,-0.9778
29.7082,141.23,-1.1628,19.2885,-12.4072,354.5251,190.6965,359.6187,-0.2674,0.9607,-1.0696,-0.1848,0.0954,-0.9781
29.7282,141.23,-1.1681,19.3066,-12.4283,354.6683,190.6751,359.6053,-0.2644,0.9038,-1.0533,-0.1844,0.0929,-0.9784
29.7482,141.23,-1.1733,19.3252,-12.4489,354.8020,190.6558,359.5928,-0.2607,0.9286,-1.0303,-0.1841,0.0906,-0.9787
29.7682,141.23,-1.1785,19.3427,-12.4692,354.9282,190.6383,359.5815,-0.2579,0.8769,-1.0143,-0.1839,0.0884,-0.9790
29.7882,141.23,-1.1836,19.3607,-12.4890,355.0456,190.6226,359.5710,-0.2545,0.8975,-0.9926,-0.1837,0.0864,-0.9792
29.8082,141.23,-1.1886,19.3777,-12.5086,355.1560,190.6086,359.5616,-0.2518,0.8504,-0.9768,-0.1834,0.0844,-0.9794
29.8282,141.23,-1.1936,19.3950,-12.5277,355.2583,190.5963,359.5529,-0.2486,0.8673,-0.9563,-0.1833,0.0827,-0.9796
29.8481,141.23,-1.1984,19.4133,-12.5462,355.3839,190.5820,359.5430,-0.2437,0.9151,-0.9272,-0.1830,0.0805,-0.9798
29.8682,141.23,-1.2032,19.4322,-12.5642,355.5342,190.5658,359.5314,-0.2390,0.9436,-0.9000,-0.1828,0.0779,-0.9801
29.8882,141.23,-1.2079,19.4519,-12.5817,355.7065,190.5478,359.5183,-0.2345,0.9836,-0.8731,-0.1825,0.0749,-0.9803
29.9082,141.23,-1.2125,19.4722,-12.5986,355.9005,190.5282,359.5038,-0.2303,1.0155,-0.8476,-0.1823,0.0715,-0.9806
29.9282,141.23,-1.2170,19.4932,-12.6151,356.1146,190.5073,359.4880,-0.2264,1.0519,-0.8230,-0.1819,0.0678,-0.9810
29.9482,141.23,-1.2215,19.5149,-12.6311,356.3481,190.4851,359.4709,-0.2227,1.0847,-0.7996,-0.1816,0.0637,-0.9813
29.9682,141.23,-1.2259,19.5373,-12.6466,356.5997,190.4617,359.4527,-0.2195,1.1192,-0.7774,-0.1813,0.0593,-0.9816
29.9882,141.23,-1.2302,19.5603,-12.6618,356.8686,190.4374,359.4335,-0.2165,1.1518,-0.7565,-0.1809,0.0546,-0.9820
30.0082,141.23,-1.2345,19.5840,-12.6765,357.1537,190.4122,359.4134,-0.2139,1.1849,-0.7369,-0.1805,0.0497,-0.9823
30.0281,141.23,-1.2388,19.6064,-12.6911,357.4240,190.3899,359.3954,-0.2133,1.1188,-0.7298,-0.1802,0.0449,-0.9826
30.0482,141.23,-1.2430,19.6293,-12.7055,357.6769,190.3704,359.3789,-0.2131,1.1466,-0.7196,-0.1799,0.0405,-0.9829
30.0682,141.23,-1.2473,19.6511,-12.7198,357.9138,190.3537,359.3647,-0.2128,1.0865,-0.7136,-0.1796,0.0364,-0.9831
30.0882,141.23,-1.2515,19.6733,-12.7339,358.1345,190.3396,359.3519,-0.2129,1.1094,-0.7052,-0.1794,0.0326,-0.9832
30.1082,141.23,-1.2558,19.6944,-12.7479,358.3401,190.3280,359.3412,-0.2129,1.0547,-0.6999,-0.1792,0.0290,-0.9834
30.1282,141.23,-1.2601,19.7158,-12.7617,358.5306,190.3186,359.3318,-0.2132,1.0733,-0.6930,-0.1791,0.0256,-0.9835
30.1482,141.23,-1.2643,19.7363,-12.7755,358.7070,190.3115,359.3244,-0.2134,1.0235,-0.6884,-0.1790,0.0226,-0.9836
30.1682,141.23,-1.2686,19.7571,-12.7892,358.8694,190.3064,359.3182,-0.2139,1.0382,-0.6826,-0.1789,0.0197,-0.9837
30.1882,141.23,-1.2729,19.7769,-12.8027,359.0185,190.3033,359.3138,-0.2142,0.9927,-0.6786,-0.1788,0.0171,-0.9837
30.2082,141.23,-1.2772,19.7984,-12.8161,359.1800,190.2992,359.3091,-0.2143,1.0762,-0.6672,-0.1788,0.0143,-0.9838
30.2282,141.23,-1.2814,19.8200,-12.8292,359.3658,190.2926,359.3020,-0.2129,1.0772,-0.6556,-0.1787,0.0111,-0.9838
30.2482,141.23,-1.2857,19.8426,-12.8421,359.5672,190.2847,359.2941,-0.2129,1.1322,-0.6456,-0.1785,0.0076,-0.9839
30.2682,141.23,-1.2899,19.8656,-12.8548,359.7885,190.2751,359.2846,-0.2123,1.1496,-0.6360,-0.1784,0.0037,-0.9840
30.2882,141.23,-1.2942,19.8895,-12.8674,0.0251,190.2644,359.2741,-0.2125,1.1918,-0.6280,-0.1782,-0.0004,-0.9840
30.3082,141.23,-1.2984,19.9138,-12.8798,0.2786,190.2524,359.2624,-0.2125,1.2161,-0.6207,-0.1780,-0.0049,-0.9840
30.3282,141.23,-1.3027,19.9369,-12.8922,0.5145,190.2433,359.2529,-0.2136,1.1574,-0.6212,-0.1778,-0.0090,-0.9840
30.3481,141.23,-1.3070,19.9605,-12.9047,0.7318,190.2370,359.2448,-0.2159,1.1774,-0.6229,-0.1777,-0.0128,-0.9840
30.3682,141.23,-1.3114,19.9830,-12.9172,0.9307,190.2335,359.2387,-0.2173,1.1244,-0.6246,-0.1776,-0.0162,-0.9840
30.3882,140.68,-1.3158,20.0058,-12.9297,1.1123,190.2325,359.2340,-0.2197,1.1399,-0.6274,-0.1776,-0.0194,-0.9839
30.4082,140.68,-1.3202,20.0276,-12.9423,1.2768,190.2339,359.2311,-0.2212,1.0920,-0.6298,-0.1776,-0.0223,-0.9838
30.4282,140.68,-1.3247,20.0497,-12.9550,1.4251,190.2374,359.2293,-0.2237,1.1035,-0.6335,-0.1777,-0.0249,-0.9838
30.4482,140.68,-1.3292,20.0709,-12.9677,1.5574,190.2431,359.2292,-0.2253,1.0600,-0.6364,-0.1778,-0.0272,-0.9837
30.4682,140.68,-1.3337,20.0923,-12.9805,1.6748,190.2505,359.2300,-0.2278,1.0680,-0.6407,-0.1779,-0.0292,-0.9836
30.4882,140.68,-1.3383,20.1128,-12.9934,1.7773,190.2598,359.2322,-0.2295,1.0286,-0.6441,-0.1780,-0.0310,-0.9835
30.5082,140.68,-1.3430,20.1349,-13.0063,1.8926,190.2675,359.2337,-0.2320,1.1029,-0.6453,-0.1781,-0.0330,-0.9834
30.5281,140.68,-1.3476,20.1570,-13.0192,2.0322,190.2725,359.2325,-0.2324,1.1050,-0.6424,-0.1782,-0.0355,-0.9834
30.5482,140.68,-1.3523,20.1801,-13.0320,2.1876,190.2757,359.2301,-0.2343,1.1551,-0.6433,-0.1783,-0.0382,-0.9832
30.5682,140.68,-1.3570,20.2035,-13.0449,2.3633,190.2767,359.2258,-0.2355,1.1722,-0.6427,-0.1782,-0.0412,-0.9831
30.5882,140.68,-1.3617,20.2260,-13.0578,2.5219,190.2797,359.2231,-0.2374,1.1219,-0.6479,-0.1783,-0.0440,-0.9830
30.6082,140.68,-1.3666,20.2487,-13.0710,2.6634,190.2847,359.2216,-0.2407,1.1355,-0.6560,-0.1783,-0.0465,-0.9829
30.6282,140.68,-1.3714,20.2705,-13.0842,2.7874,190.2916,359.2218,-0.2429,1.0905,-0.6621,-0.1784,-0.0486,-0.9827
30.6482,140.68,-1.3763,20.2925,-13.0976,2.8955,190.3001,359.2231,-0.2461,1.0999,-0.6706,-0.1786,-0.0505,-0.9826
30.6682,140.68,-1.3813,20.3137,-13.1112,2.9874,190.3103,359.2258,-0.2484,1.0595,-0.6772,-0.1787,-0.0521,-0.9825
30.6882,140.68,-1.3863,20.3350,-13.1249,3.0647,190.3218,359.2295,-0.2516,1.0653,-0.6858,-0.1789,-0.0535,-0.9824
30.7082,140.68,-1.3914,20.3556,-13.1387,3.1271,190.3347,359.2345,-0.2539,1.0291,-0.6927,-0.1791,-0.0546,-0.9823
30.7282,140.68,-1.3966,20.3762,-13.1528,3.1760,190.3488,359.2404,-0.2570,1.0318,-0.7013,-0.1794,-0.0554,-0.9822
30.7482,140.68,-1.4019,20.3937,-13.1670,3.1586,190.3700,359.2923,-0.2677,0.8760,-0.7112,-0.1797,-0.0551,-0.9822
30.7682,140.68,-1.4073,20.4100,-13.1813,3.1265,190.3924,359.3462,-0.2694,0.8109,-0.7166,-0.1801,-0.0545,-0.9821
30.7882,140.68,-1.4127,20.4234,-13.1957,3.0644,190.4174,359.4056,-0.2706,0.6715,-0.7211,-0.1806,-0.0535,-0.9821
30.8082,140.68,-1.4181,20.4353,-13.2102,2.9909,190.4428,359.4644,-0.2711,0.5949,-0.7251,-0.1810,-0.0522,-0.9821
30.8282,140.68,-1.4236,20.4446,-13.2248,2.8975,190.4697,359.5244,-0.2712,0.4672,-0.7280,-0.1815,-0.0505,-0.9821
30.8481,140.68,-1.4290,20.4523,-13.2394,2.7944,190.4966,359.5833,-0.2712,0.3852,-0.7311,-0.1820,-0.0488,-0.9821
30.8682,140.68,-1.4344,20.4577,-13.2541,2.6766,190.5242,359.6422,-0.2708,0.2662,-0.7332,-0.1825,-0.0467,-0.9821
30.8882,140.68,-1.4398,20.4613,-13.2688,2.5507,190.5517,359.6995,-0.2704,0.1816,-0.7354,-0.1829,-0.0445,-0.9821
30.9082,140.68,-1.4452,20.4627,-13.2835,2.4135,190.5794,359.7560,-0.2697,0.0693,-0.7369,-0.1834,-0.0421,-0.9821
30.9282,140.68,-1.4506,20.4624,-13.2983,2.2697,190.6067,359.8109,-0.2688,-0.0163,-0.7383,-0.1839,-0.0396,-0.9821
30.9482,140.68,-1.4559,20.4599,-13.3131,2.1174,190.6337,359.8644,-0.2678,-0.1231,-0.7391,-0.1844,-0.0369,-0.9822
30.9682,140.68,-1.4613,20.4557,-13.3279,1.9598,190.6602,359.9160,-0.2666,-0.2088,-0.7397,-0.1849,-0.0342,-0.9822
30.9882,140.68,-1.4666,20.4495,-13.3427,1.7959,190.6862,359.9661,-0.2652,-0.3110,-0.7397,-0.1853,-0.0313,-0.9822
31.0082,140.68,-1.4718,20.4416,-13.3575,1.6281,190.7114,0.0141,-0.2637,-0.3961,-0.7396,-0.1858,-0.0284,-0.9822
31.0281,140.68,-1.4771,20.4317,-13.3722,1.4559,190.7359,0.0603,-0.2620,-0.4943,-0.7389,-0.1862,-0.0254,-0.9822
31.0482,140.68,-1.4823,20.4201,-13.3870,1.2812,190.7594,0.1043,-0.2602,-0.5783,-0.7380,-0.1866,-0.0224,-0.9822
31.0682,140.68,-1.4875,20.4067,-13.4017,1.1036,190.7820,0.1464,-0.2582,-0.6730,-0.7366,-0.1870,-0.0193,-0.9822
31.0882,140.68,-1.4926,20.3916,-13.4164,0.9248,190.8035,0.1862,-0.2561,-0.7558,-0.7349,-0.1874,-0.0161,-0.9821
31.1082,140.68,-1.4977,20.3746,-13.4311,0.7445,190.8240,0.2239,-0.2538,-0.8472,-0.7327,-0.1878,-0.0130,-0.9821
31.1282,140.68,-1.5027,20.3560,-13.4457,0.5641,190.8433,0.2594,-0.2514,-0.9285,-0.7302,-0.1881,-0.0098,-0.9821
31.1482,140.68,-1.5077,20.3357,-13.4602,0.3835,190.8615,0.2927,-0.2488,-1.0169,-0.7273,-0.1884,-0.0067,-0.9821
31.1682,140.68,-1.5126,20.3138,-13.4747,0.2038,190.8785,0.3237,-0.2461,-1.0965,-0.7240,-0.1887,-0.0036,-0.9820
31.1882,140.68,-1.5174,20.2901,-13.4891,0.0250,190.8944,0.3525,-0.2433,-1.1821,-0.7204,-0.1890,-0.0004,-0.9820
31.2082,140.68,-1.5223,20.2649,-13.5034,359.8480,190.9091,0.3791,-0.2404,-1.2600,-0.7164,-0.1893,0.0027,-0.9819
31.2282,140.68,-1.5270,20.2381,-13.5177,359.6729,190.9227,0.4035,-0.2373,-1.3429,-0.7120,-0.1895,0.0057,-0.9819
31.2482,140.68,-1.5317,20.2097,-13.5318,359.5004,190.9351,0.4257,-0.2341,-1.4190,-0.7072,-0.1897,0.0087,-0.9818
31.2682,140.68,-1.5363,20.1797,-13.5459,359.3307,190.9465,0.4457,-0.2309,-1.4994,-0.7022,-0.1899,0.0117,-0.9817
31.2882,140.68,-1.5409,20.1482,-13.5598,359.1642,190.9569,0.4637,-0.2275,-1.5736,-0.6967,-0.1901,0.0146,-0.9817
31.3082,140.68,-1.5453,20.1152,-13.5736,359.0013,190.9663,0.4795,-0.2241,-1.6515,-0.6910,-0.1902,0.0174,-0.9816
31.3282,140.68,-1.5497,20.0807,-13.5873,358.8421,190.9748,0.4934,-0.2205,-1.7239,-0.6848,-0.1903,0.0202,-0.9815
31.3481,140.68,-1.5541,20.0447,-13.6009,358.6871,190.9824,0.5053,-0.2169,-1.7994,-0.6784,-0.1905,0.0229,-0.9814
31.3682,140.68,-1.5583,20.0074,-13.6143,358.5364,190.9892,0.5153,-0.2131,-1.8700,-0.6716,-0.1906,0.0255,-0.9813
31.3882,142.94,-1.5625,19.9685,-13.6276,358.3903,190.9953,0.5234,-0.2094,-1.9431,-0.6646,-0.1907,0.0281,-0.9813
31.4082,142.94,-1.5666,19.9283,-13.6408,358.2489,191.0006,0.5297,-0.2055,-2.0118,-0.6572,-0.1907,0.0306,-0.9812
31.4282,142.94,-1.5707,19.8866,-13.6537,358.1124,191.0053,0.5343,-0.2016,-2.0827,-0.6496,-0.1908,0.0329,-0.9811
31.4482,142.94,-1.5746,19.8436,-13.6666,357.9809,191.0094,0.5372,-0.1976,-2.1496,-0.6417,-0.1909,0.0352,-0.9810
31.4682,142.94,-1.5785,19.7992,-13.6793,357.8546,191.0130,0.5384,-0.1936,-2.2183,-0.6336,-0.1909,0.0374,-0.9809
31.4882,142.94,-1.5823,19.7536,-13.6918,357.7334,191.0161,0.5382,-0.1896,-2.2833,-0.6251,-0.1909,0.0395,-0.9808
31.5082,142.94,-1.5860,19.7066,-13.7041,357.6176,191.0187,0.5364,-0.1855,-2.3499,-0.6165,-0.1910,0.0416,-0.9807
31.5281,142.94,-1.5896,19.6583,-13.7162,357.5071,191.0210,0.5333,-0.1814,-2.4131,-0.6076,-0.1910,0.0435,-0.9806
31.5482,142.94,-1.5932,19.6088,-13.7282,357.4021,191.0228,0.5287,-0.1773,-2.4776,-0.5986,-0.1910,0.0453,-0.9805
31.5682,142.94,-1.5966,19.5580,-13.7400,357.3024,191.0242,0.5230,-0.1731,-2.5391,-0.5893,-0.1910,0.0471,-0.9805
31.5882,142.94,-1.6000,19.5060,-13.7516,357.2081,191.0253,0.5160,-0.1689,-2.6016,-0.5798,-0.1910,0.0487,-0.9804
31.6082,142.94,-1.6033,19.4527,-13.7630,357.1192,191.0260,0.5080,-0.1648,-2.6613,-0.5701,-0.1910,0.0503,-0.9803
31.6282,142.94,-1.6065,19.3983,-13.7742,357.0357,191.0263,0.4989,-0.1606,-2.7218,-0.5604,-0.1910,0.0517,-0.9802
31.6482,142.94,-1.6096,19.3427,-13.7852,356.9575,191.0263,0.4888,-0.1564,-2.7799,-0.5504,-0.1910,0.0531,-0.9802
31.6682,142.94,-1.6127,19.2859,-13.7960,356.8847,191.0258,0.4779,-0.1522,-2.8385,-0.5403,-0.1910,0.0543,-0.9801
31.6882,142.94,-1.6157,19.2280,-13.8066,356.8171,191.0250,0.4661,-0.1481,-2.8948,-0.5300,-0.1909,0.0555,-0.9800
31.7082,142.94,-1.6185,19.1690,-13.8170,356.7548,191.0237,0.4535,-0.1439,-2.9516,-0.5196,-0.1909,0.0566,-0.9800
31.7282,142.94,-1.6213,19.1089,-13.8272,356.6975,191.0220,0.4403,-0.1398,-3.0063,-0.5091,-0.1909,0.0576,-0.9799
31.7482,142.94,-1.6240,19.0476,-13.8372,356.6455,191.0199,0.4265,-0.1357,-3.0613,-0.4986,-0.1908,0.0585,-0.9799
31.7682,142.94,-1.6267,18.9854,-13.8469,356.5984,191.0174,0.4120,-0.1316,-3.1145,-0.4879,-0.1908,0.0593,-0.9798
31.7882,142.94,-1.6292,18.9220,-13.8565,356.5563,191.0144,0.3971,-0.1275,-3.1677,-0.4771,-0.1907,0.0601,-0.9798
31.8082,142.94,-1.6316,18.8616,-13.8656,356.5121,191.0116,0.3819,-0.1201,-3.0203,-0.4562,-0.1907,0.0608,-0.9798
31.8282,142.94,-1.6339,18.8003,-13.8745,356.4717,191.0083,0.3664,-0.1161,-3.0622,-0.4450,-0.1906,0.0615,-0.9797
31.8481,142.94,-1.6361,18.7418,-13.8830,356.4297,191.0052,0.3508,-0.1091,-2.9275,-0.4245,-0.1905,0.0623,-0.9797
31.8682,142.94,-1.6382,18.6826,-13.8912,356.3912,191.0017,0.3349,-0.1050,-2.9596,-0.4127,-0.1905,0.0629,-0.9797
31.8882,142.94,-1.6402,18.6259,-13.8991,356.3513,190.9982,0.3190,-0.0984,-2.8363,-0.3925,-0.1904,0.0636,-0.9796
31.9082,142.94,-1.6421,18.5687,-13.9067,356.3147,190.9944,0.3029,-0.0942,-2.8597,-0.3802,-0.1903,0.0643,-0.9796
31.9282,142.94,-1.6438,18.5138,-13.9139,356.2769,190.9907,0.2869,-0.0880,-2.7467,-0.3603,-0.1902,0.0649,-0.9796
31.9482,142.94,-1.6455,18.4585,-13.9208,356.2423,190.9867,0.2708,-0.0839,-2.7625,-0.3475,-0.1902,0.0655,-0.9796
31.9682,142.94,-1.6471,18.4053,-13.9274,356.2067,190.9827,0.2547,-0.0779,-2.6585,-0.3279,-0.1901,0.0662,-0.9795
31.9882,142.94,-1.6485,18.3535,-13.9335,356.1997,190.9767,0.2367,-0.0711,-2.5903,-0.3044,-0.1900,0.0663,-0.9795
32.0082,142.94,-1.6498,18.3035,-13.9391,356.2169,190.9690,0.2174,-0.0643,-2.5017,-0.2806,-0.1899,0.0660,-0.9796
32.0281,142.94,-1.6509,18.2550,-13.9442,356.2592,190.9596,0.1964,-0.0578,-2.4269,-0.2576,-0.1897,0.0652,-0.9797
32.0482,142.94,-1.6520,18.2080,-13.9489,356.3241,190.9487,0.1743,-0.0515,-2.3454,-0.2350,-0.1895,0.0641,-0.9798
32.0682,142.94,-1.6529,18.1627,-13.9532,356.4113,190.9365,0.1508,-0.0456,-2.2694,-0.2131,-0.1893,0.0626,-0.9799
32.0882,142.94,-1.6537,18.1188,-13.9571,356.5194,190.9231,0.1261,-0.0399,-2.1917,-0.1919,-0.1891,0.0607,-0.9801
32.1082,142.94,-1.6544,18.0765,-13.9605,356.6477,190.9086,0.1003,-0.0345,-2.1165,-0.1716,-0.1889,0.0585,-0.9803
32.1282,142.94,-1.6550,18.0357,-13.9635,356.7949,190.8931,0.0735,-0.0295,-2.0413,-0.1520,-0.1887,0.0559,-0.9804
32.1482,142.94,-1.6555,17.9947,-13.9664,356.9366,190.8786,0.0475,-0.0271,-2.0471,-0.1426,-0.1885,0.0534,-0.9806
32.1682,142.94,-1.6560,17.9552,-13.9690,357.0694,190.8654,0.0223,-0.0241,-1.9780,-0.1305,-0.1883,0.0511,-0.9808
32.1882,142.94,-1.6564,17.9156,-13.9714,357.1957,190.8533,-0.0020,-0.0220,-1.9798,-0.1219,-0.1881,0.0489,-0.9809
32.2082,142.94,-1.6568,17.8773,-13.9736,357.3137,190.8424,359.9745,-0.0196,-1.9157,-0.1110,-0.1879,0.0469,-0.9811
32.2282,142.94,-1.6572,17.8390,-13.9757,357.4256,190.8324,359.9519,-0.0177,-1.9141,-0.1030,-0.1877,0.0449,-0.9812
32.2482,142.94,-1.6575,17.8019,-13.9776,357.5299,190.8235,359.9300,-0.0157,-1.8546,-0.0931,-0.1876,0.0431,-0.9813
32.2682,142.94,-1.6578,17.7649,-13.9793,357.6284,190.8154,359.9089,-0.0141,-1.8501,-0.0856,-0.1875,0.0414,-0.9814
32.2882,142.94,-1.6580,17.7290,-13.9808,357.7198,190.8082,359.8885,-0.0124,-1.7946,-0.0767,-0.1874,0.0398,-0.9815
32.3082,142.94,-1.6582,17.6932,-13.9822,357.8058,190.8017,359.8689,-0.0110,-1.7877,-0.0696,-0.1873,0.0383,-0.9816
32.3282,142.94,-1.6584,17.6585,-13.9834,357.8854,190.7960,359.8499,-0.0096,-1.7358,-0.0614,-0.1872,0.0369,-0.9816
32.3481,142.94,-1.6586,17.6240,-13.9845,357.9600,190.7908,359.8317,-0.0085,-1.7267,-0.0548,-0.1871,0.0356,-0.9817
32.3682,142.94,-1.6587,17.5904,-13.9855,358.0285,190.7863,359.8141,-0.0073,-1.6781,-0.0473,-0.1870,0.0344,-0.9818
32.3882,139.18,-1.6589,17.5571,-13.9863,358.0924,190.7823,359.7972,-0.0064,-1.6672,-0.0410,-0.1870,0.0333,-0.9818
32.4082,139.18,-1.6590,17.5247,-13.9870,358.1509,190.7788,359.7808,-0.0054,-1.6215,-0.0340,-0.1869,0.0323,-0.9818
32.4282,139.18,-1.6590,17.4939,-13.9874,358.2293,190.7734,359.7635,-0.0032,-1.5385,-0.0208,-0.1868,0.0309,-0.9819
32.4482,139.18,-1.6591,17.4643,-13.9876,358.3302,190.7659,359.7445,-0.0010,-1.4797,-0.0082,-0.1867,0.0291,-0.9820
32.4682,139.18,-1.6590,17.4361,-13.9875,358.4504,190.7567,359.7245,0.0008,-1.4072,0.0036,-0.1866,0.0270,-0.9821
32.4882,139.18,-1.6590,17.4093,-13.9872,358.5904,190.7458,359.7031,0.0025,-1.3446,0.0148,-0.1864,0.0246,-0.9822
32.5082,139.18,-1.6589,17.3837,-13.9867,358.7483,190.7334,359.6807,0.0038,-1.2772,0.0251,-0.1862,0.0218,-0.9823
32.5281,139.18,-1.6588,17.3594,-13.9860,358.9237,190.7195,359.6573,0.0049,-1.2142,0.0345,-0.1860,0.0188,-0.9824
32.5482,139.18,-1.6587,17.3347,-13.9853,359.0902,190.7068,359.6350,0.0044,-1.2344,0.0361,-0.1858,0.0159,-0.9825
32.5682,139.18,-1.6587,17.3112,-13.9845,359.2451,190.6956,359.6137,0.0035,-1.1770,0.0380,-0.1856,0.0132,-0.9825
32.5882,139.18,-1.6586,17.2873,-13.9837,359.3903,190.6857,359.5938,0.0027,-1.1930,0.0387,-0.1854,0.0106,-0.9826
32.6082,139.18,-1.6586,17.2645,-13.9830,359.5246,190.6770,359.5747,0.0014,-1.1404,0.0395,-0.1853,0.0083,-0.9827
32.6282,139.18,-1.6586,17.2415,-13.9822,359.6497,190.6696,359.5569,0.0004,-1.1527,0.0396,-0.1851,0.0061,-0.9827
32.6482,139.18,-1.6586,17.2194,-13.9814,359.7647,190.6634,359.5401,-0.0011,-1.1044,0.0395,-0.1850,0.0041,-0.9827
32.6682,139.18,-1.6586,17.1971,-13.9806,359.8710,190.6583,359.5245,-0.0024,-1.1135,0.0391,-0.1850,0.0023,-0.9827
32.6882,139.18,-1.6587,17.1758,-13.9798,359.9680,190.6544,359.5098,-0.0041,-1.0690,0.0383,-0.1849,0.0006,-0.9828
32.7082,139.18,-1.6588,17.1542,-13.9791,0.0568,190.6514,359.4963,-0.0056,-1.0753,0.0374,-0.1848,-0.0010,-0.9828
32.7282,139.18,-1.6590,17.1336,-13.9784,0.1370,190.6494,359.4836,-0.0075,-1.0342,0.0361,-0.1848,-0.0024,-0.9828
32.7482,139.18,-1.6592,17.1128,-13.9777,0.2095,190.6483,359.4721,-0.0091,-1.0380,0.0348,-0.1848,-0.0037,-0.9828
32.7682,139.18,-1.6594,17.0928,-13.9770,0.2741,190.6482,359.4615,-0.0111,-1.0000,0.0331,-0.1848,-0.0048,-0.9828
32.7882,139.18,-1.6596,17.0743,-13.9763,0.3577,190.6460,359.4500,-0.0123,-0.9249,0.0366,-0.1847,-0.0062,-0.9828
32.8082,139.18,-1.6599,17.0568,-13.9755,0.4629,190.6417,359.4371,-0.0130,-0.8747,0.0404,-0.1847,-0.0081,-0.9828
32.8282,139.18,-1.6602,17.0406,-13.9746,0.5865,190.6356,359.4233,-0.0143,-0.8096,0.0430,-0.1846,-0.0102,-0.9828
32.8481,139.18,-1.6605,17.0255,-13.9737,0.7290,190.6277,359.4084,-0.0156,-0.7555,0.0453,-0.1844,-0.0127,-0.9828
32.8682,139.18,-1.6608,17.0116,-13.9728,0.8886,190.6182,359.3926,-0.0172,-0.6955,0.0466,-0.1842,-0.0155,-0.9828
32.8882,139.18,-1.6612,16.9988,-13.9718,1.0650,190.6073,359.3760,-0.0190,-0.6407,0.0472,-0.1840,-0.0186,-0.9827
32.9082,139.18,-1.6616,16.9871,-13.9709,1.2571,190.5952,359.3587,-0.0210,-0.5837,0.0469,-0.1838,-0.0219,-0.9827
32.9282,139.18,-1.6621,16.9748,-13.9700,1.4362,190.5849,359.3433,-0.0236,-0.6180,0.0417,-0.1836,-0.0251,-0.9827
32.9482,139.18,-1.6627,16.9634,-13.9694,1.6007,190.5766,359.3293,-0.0275,-0.5667,0.0338,-0.1835,-0.0279,-0.9826
32.9682,139.18,-1.6633,16.9515,-13.9688,1.7516,190.5703,359.3171,-0.0303,-0.5960,0.0276,-0.1834,-0.0306,-0.9826
32.9882,139.18,-1.6640,16.9405,-13.9684,1.8889,190.5658,359.3063,-0.0344,-0.5498,0.0189,-0.1833,-0.0330,-0.9825
33.0082,139.18,-1.6647,16.9290,-13.9682,2.0134,190.5629,359.2971,-0.0374,-0.5746,0.0120,-0.1832,-0.0351,-0.9824
33.0281,139.18,-1.6655,16.9184,-13.9681,2.1253,190.5617,359.2891,-0.0416,-0.5331,0.0027,-0.1832,-0.0371,-0.9824
33.0482,139.18,-1.6664,16.9073,-13.9682,2.2252,190.5620,359.2826,-0.0448,-0.5540,-0.0047,-0.1832,-0.0388,-0.9823
33.0682,139.18,-1.6674,16.8970,-13.9685,2.3135,190.5637,359.2772,-0.0490,-0.5166,-0.0144,-0.1832,-0.0404,-0.9823
33.0882,139.18,-1.6685,16.8863,-13.9690,2.3906,190.5668,359.2730,-0.0522,-0.5339,-0.0222,-0.1832,-0.0417,-0.9822
33.1082,139.18,-1.6696,16.8763,-13.9696,2.4569,190.5710,359.2698,-0.0564,-0.5002,-0.0321,-0.1833,-0.0429,-0.9821
33.1282,139.18,-1.6708,16.8660,-13.9704,2.5128,190.5765,359.2678,-0.0597,-0.5144,-0.0402,-0.1834,-0.0438,-0.9821
33.1482,139.18,-1.6721,16.8577,-13.9714,2.5828,190.5802,359.2651,-0.0641,-0.4165,-0.0480,-0.1834,-0.0451,-0.9820
33.1682,139.18,-1.6734,16.8498,-13.9724,2.6772,190.5813,359.2601,-0.0662,-0.3949,-0.0507,-0.1834,-0.0467,-0.9819
33.1882,139.18,-1.6748,16.8433,-13.9735,2.7874,190.5806,359.2542,-0.0700,-0.3221,-0.0578,-0.1834,-0.0486,-0.9818
33.2082,139.18,-1.6762,16.8376,-13.9748,2.9180,190.5777,359.2468,-0.0729,-0.2858,-0.0628,-0.1833,-0.0509,-0.9817
33.2282,139.18,-1.6778,16.8331,-13.9762,3.0643,190.5732,359.2383,-0.0768,-0.2253,-0.0703,-0.1832,-0.0535,-0.9816
33.2482,139.18,-1.6794,16.8294,-13.9777,3.2281,190.5670,359.2287,-0.0802,-0.1830,-0.0771,-0.1831,-0.0563,-0.9815
33.2682,139.18,-1.6811,16.8251,-13.9795,3.3768,190.5626,359.2209,-0.0838,-0.2160,-0.0872,-0.1830,-0.0589,-0.9813
33.2882,139.18,-1.6828,16.8215,-13.9815,3.5100,190.5600,359.2145,-0.0892,-0.1784,-0.1017,-0.1829,-0.0612,-0.9812
33.3082,139.18,-1.6847,16.8174,-13.9838,3.6277,190.5592,359.2099,-0.0930,-0.2065,-0.1128,-0.1829,-0.0633,-0.9811
33.3282,139.18,-1.6867,16.8139,-13.9863,3.7310,190.5600,359.2065,-0.0984,-0.1736,-0.1276,-0.1829,-0.0651,-0.9810
33.3481,139.18,-1.6887,16.8100,-13.9891,3.8199,190.5622,359.2047,-0.1024,-0.1975,-0.1391,-0.1829,-0.0666,-0.9809
33.3682,139.18,-1.6909,16.8066,-13.9922,3.8955,190.5658,359.2041,-0.1076,-0.1686,-0.1540,-0.1829,-0.0679,-0.9808
33.3882,143.90,-1.6931,16.8028,-13.9955,3.9578,190.5706,359.2050,-0.1117,-0.1888,-0.1660,-0.1830,-0.0690,-0.9807
33.4082,143.90,-1.6954,16.7996,-13.9991,4.0078,190.5764,359.2068,-0.1168,-0.1635,-0.1808,-0.1831,-0.0699,-0.9806
33.4282,143.90,-1.6979,16.7960,-14.0030,4.0456,190.5833,359.2101,-0.1210,-0.1804,-0.1929,-0.1832,-0.0706,-0.9805
33.4482,143.90,-1.7004,16.7928,-14.0071,4.0721,190.5910,359.2141,-0.1260,-0.1582,-0.2075,-0.1833,-0.0710,-0.9805
33.4682,143.90,-1.7030,16.7908,-14.0115,4.1166,190.5963,359.2173,-0.1305,-0.0996,-0.2186,-0.1834,-0.0718,-0.9804
33.4882,143.90,-1.7057,16.7896,-14.0161,4.1831,190.5989,359.2188,-0.1342,-0.0614,-0.2276,-0.1834,-0.0729,-0.9803
33.5082,143.90,-1.7084,16.7894,-14.0208,4.2681,190.5991,359.2190,-0.1384,-0.0110,-0.2384,-0.1834,-0.0744,-0.9802
33.5281,143.90,-1.7113,16.7900,-14.0258,4.3721,190.5971,359.2180,-0.1424,0.0298,-0.2487,-0.1834,-0.0762,-0.9801
33.5482,143.90,-1.7142,16.7915,-14.0310,4.4933,190.5931,359.2159,-0.1468,0.0755,-0.2601,-0.1833,-0.0783,-0.9799
33.5682,143.90,-1.7172,16.7938,-14.0364,4.6312,190.5873,359.2127,-0.1510,0.1164,-0.2717,-0.1831,-0.0807,-0.9798
33.5882,143.90,-1.7204,16.7970,-14.0421,4.7845,190.5798,359.2086,-0.1556,0.1589,-0.2842,-0.1830,-0.0834,-0.9796
33.6082,143.90,-1.7236,16.8010,-14.0481,4.9527,190.5709,359.2038,-0.1601,0.1987,-0.2971,-0.1828,-0.0863,-0.9794
33.6282,143.90,-1.7268,16.8041,-14.0543,5.1018,190.5643,359.2010,-0.1643,0.1572,-0.3109,-0.1826,-0.0889,-0.9792
33.6482,143.90,-1.7303,16.8079,-14.0609,5.2327,190.5598,359.1997,-0.1705,0.1914,-0.3312,-0.1825,-0.0912,-0.9790
33.6681,143.90,-1.7338,16.8111,-14.0678,5.3445,190.5574,359.2003,-0.1749,0.1563,-0.3461,-0.1824,-0.0931,-0.9788
33.6882,143.90,-1.7374,16.8147,-14.0752,5.4395,190.5570,359.2022,-0.1810,0.1847,-0.3664,-0.1824,-0.0948,-0.9786
33.7082,143.90,-1.7411,16.8179,-14.0828,5.5168,190.5585,359.2057,-0.1855,0.1553,-0.3819,-0.1824,-0.0961,-0.9785
33.7282,143.90,-1.7449,16.8214,-14.0908,5.5786,190.5616,359.2104,-0.1914,0.1786,-0.4020,-0.1824,-0.0972,-0.9784
33.7482,143.90,-1.7488,16.8245,-14.0992,5.6241,190.5664,359.2165,-0.1959,0.1540,-0.4178,-0.1825,-0.0980,-0.9783
33.7682,143.90,-1.7529,16.8280,-14.1079,5.6552,190.5725,359.2234,-0.2017,0.1731,-0.4374,-0.1826,-0.0985,-0.9782
33.7882,143.90,-1.7570,16.8310,-14.1170,5.6715,190.5801,359.2317,-0.2062,0.1525,-0.4535,-0.1827,-0.0988,-0.9782
33.8082,143.90,-1.7612,16.8344,-14.1265,5.6746,190.5888,359.2407,-0.2116,0.1681,-0.4725,-0.1829,-0.0989,-0.9782
33.8282,143.90,-1.7655,16.8374,-14.1362,5.6641,190.5986,359.2507,-0.2161,0.1510,-0.4885,-0.1830,-0.0987,-0.9781
33.8481,143.90,-1.7700,16.8407,-14.1464,5.6414,190.6093,359.2614,-0.2213,0.1636,-0.5069,-0.1832,-0.0983,-0.9781
33.8682,143.90,-1.7745,16.8437,-14.1568,5.6064,190.6209,359.2730,-0.2256,0.1494,-0.5227,-0.1834,-0.0977,-0.9782
33.8882,143.90,-1.7791,16.8469,-14.1676,5.5604,190.6333,359.2851,-0.2305,0.1596,-0.5403,-0.1837,-0.0969,-0.9782
33.9082,143.90,-1.7838,16.8498,-14.1787,5.5031,190.6463,359.2979,-0.2347,0.1477,-0.5556,-0.1839,-0.0959,-0.9783
33.9282,143.90,-1.7886,16.8529,-14.1902,5.4358,190.6598,359.3111,-0.2393,0.1560,-0.5724,-0.1841,-0.0947,-0.9783
33.9482,143.90,-1.7934,16.8558,-14.2019,5.3584,190.6737,359.3249,-0.2433,0.1461,-0.5872,-0.1844,-0.0934,-0.9784
33.9682,143.90,-1.7985,16.8560,-14.2139,5.2229,190.6909,359.3759,-0.2530,0.0084,-0.5988,-0.1847,-0.0910,-0.9786
33.9882,143.90,-1.8036,16.8551,-14.2261,5.0758,190.7085,359.4281,-0.2555,-0.0472,-0.6091,-0.1851,-0.0885,-0.9787
34.0082,143.90,-1.8088,16.8517,-14.2384,4.9050,190.7276,359.4836,-0.2571,-0.1685,-0.6159,-0.1855,-0.0855,-0.9789
34.0281,143.90,-1.8139,16.8470,-14.2509,4.7254,190.7467,359.5383,-0.2584,-0.2362,-0.6239,-0.1858,-0.0824,-0.9791
34.0482,143.90,-1.8191,16.8401,-14.2635,4.5303,190.7664,359.5935,-0.2591,-0.3464,-0.6295,-0.1862,-0.0790,-0.9793
34.0682,143.90,-1.8243,16.8317,-14.2762,4.3279,190.7858,359.6476,-0.2598,-0.4197,-0.6360,-0.1866,-0.0755,-0.9795
34.0882,143.90,-1.8295,16.8212,-14.2890,4.1145,190.8052,359.7011,-0.2601,-0.5223,-0.6406,-0.1870,-0.0717,-0.9797
34.1082,143.90,-1.8347,16.8093,-14.3019,3.8954,190.8242,359.7533,-0.2603,-0.5982,-0.6458,-0.1874,-0.0679,-0.9799
34.1282,143.90,-1.8399,16.7954,-14.3149,3.6684,190.8428,359.8044,-0.2601,-0.6950,-0.6495,-0.1877,-0.0640,-0.9801
34.1482,143.90,-1.8451,16.7799,-14.3280,3.4372,190.8608,359.8538,-0.2598,-0.7720,-0.6534,-0.1881,-0.0600,-0.9803
34.1681,143.90,-1.8503,16.7664,-14.3413,3.2070,190.8777,359.9005,-0.2614,-0.6757,-0.6660,-0.1884,-0.0559,-0.9805
34.1882,143.90,-1.8556,16.7516,-14.3547,2.9747,190.8939,359.9454,-0.2608,-0.7392,-0.6694,-0.1887,-0.0519,-0.9807
34.2082,143.90,-1.8608,16.7385,-14.3683,2.7437,190.9090,359.9878,-0.2614,-0.6560,-0.6790,-0.1890,-0.0479,-0.9808
34.2282,143.90,-1.8660,16.7243,-14.3819,2.5121,190.9232,0.0282,-0.2605,-0.7085,-0.6817,-0.1893,-0.0438,-0.9809
34.2482,143.90,-1.8712,16.7116,-14.3957,2.2823,190.9365,0.0662,-0.2602,-0.6360,-0.6888,-0.1896,-0.0398,-0.9811
34.2682,143.90,-1.8764,16.6980,-14.4095,2.0529,190.9489,0.1024,-0.2590,-0.6797,-0.6905,-0.1898,-0.0358,-0.9812
34.2882,143.90,-1.8815,16.6857,-14.4234,1.8256,190.9604,0.1364,-0.2580,-0.6159,-0.6953,-0.1900,-0.0319,-0.9813
34.3082,143.90,-1.8867,16.6727,-14.4373,1.5994,190.9712,0.1685,-0.2564,-0.6523,-0.6961,-0.1902,-0.0279,-0.9813
34.3282,143.90,-1.8918,16.6608,-14.4513,1.3756,190.9811,0.1986,-0.2548,-0.5959,-0.6987,-0.1904,-0.0240,-0.9814
34.3481,143.90,-1.8968,16.6482,-14.4653,1.1536,190.9902,0.2269,-0.2529,-0.6262,-0.6984,-0.1906,-0.0201,-0.9815
34.3682,143.90,-1.9018,16.6367,-14.4793,0.9341,190.9986,0.2533,-0.2507,-0.5761,-0.6991,-0.1908,-0.0163,-0.9815
34.3882,142.85,-1.9068,16.6247,-14.4932,0.7169,191.0064,0.2781,-0.2485,-0.6012,-0.6978,-0.1909,-0.0125,-0.9815
34.4082,142.85,-1.9117,16.6136,-14.5071,0.5024,191.0135,0.3011,-0.2458,-0.5564,-0.6967,-0.1910,-0.0088,-0.9815
34.4282,142.85,-1.9166,16.6020,-14.5210,0.2906,191.0200,0.3225,-0.2432,-0.5773,-0.6942,-0.1911,-0.0051,-0.9815
34.4482,142.85,-1.9214,16.5913,-14.5349,0.0816,191.0260,0.3424,-0.2401,-0.5371,-0.6914,-0.1913,-0.0014,-0.9815
34.4682,142.85,-1.9261,16.5802,-14.5486,359.8756,191.0315,0.3608,-0.2372,-0.5543,-0.6878,-0.1913,0.0022,-0.9815
34.4882,142.85,-1.9308,16.5698,-14.5623,359.6726,191.0366,0.3777,-0.2337,-0.5181,-0.6835,-0.1914,0.0057,-0.9815
34.5082,142.85,-1.9354,16.5607,-14.5757,359.5027,191.0394,0.3913,-0.2283,-0.4553,-0.6723,-0.1915,0.0087,-0.9815
34.5281,142.85,-1.9398,16.5526,-14.5889,359.3673,191.0399,0.4009,-0.2226,-0.4085,-0.6602,-0.1915,0.0110,-0.9814
34.5482,142.85,-1.9442,16.5455,-14.6019,359.2636,191.0384,0.4070,-0.2170,-0.3519,-0.6482,-0.1915,0.0129,-0.9814
34.5682,142.85,-1.9484,16.5395,-14.6146,359.1912,191.0351,0.4097,-0.2114,-0.3030,-0.6360,-0.1914,0.0141,-0.9814
34.5882,142.85,-1.9525,16.5345,-14.6271,359.1479,191.0301,0.4092,-0.2058,-0.2500,-0.6239,-0.1913,0.0149,-0.9814
34.6082,142.85,-1.9565,16.5304,-14.6393,359.1330,191.0235,0.4056,-0.2003,-0.2010,-0.6119,-0.1912,0.0151,-0.9814
34.6282,142.85,-1.9604,16.5274,-14.6513,359.1447,191.0155,0.3991,-0.1949,-0.1503,-0.6002,-0.1911,0.0149,-0.9815
34.6482,142.85,-1.9642,16.5254,-14.6631,359.1823,191.0061,0.3897,-0.1897,-0.1018,-0.5888,-0.1909,0.0143,-0.9815
34.6681,142.85,-1.9679,16.5243,-14.6747,359.2442,190.9955,0.3777,-0.1846,-0.0529,-0.5779,-0.1907,0.0132,-0.9816
34.6882,142.85,-1.9715,16.5242,-14.6860,359.3295,190.9836,0.3632,-0.1797,-0.0053,-0.5675,-0.1905,0.0117,-0.9816
34.7082,142.85,-1.9750,16.5251,-14.6972,359.4370,190.9707,0.3463,-0.1751,0.0421,-0.5577,-0.1903,0.0098,-0.9817
34.7282,142.85,-1.9784,16.5269,-14.7081,359.5657,190.9567,0.3271,-0.1707,0.0885,-0.5485,-0.1901,0.0076,-0.9817
34.7482,142.85,-1.9817,16.5295,-14.7189,359.7145,190.9417,0.3057,-0.1665,0.1346,-0.5401,-0.1898,0.0050,-0.9818
34.7682,142.85,-1.9850,16.5331,-14.7296,359.8825,190.9258,0.2822,-0.1627,0.1799,-0.5325,-0.1895,0.0021,-0.9819
34.7882,142.85,-1.9882,16.5376,-14.7401,0.0687,190.9091,0.2568,-0.1591,0.2246,-0.5257,-0.1893,-0.0012,-0.9819
34.8082,142.85,-1.9913,16.5430,-14.7505,0.2722,190.8915,0.2295,-0.1559,0.2686,-0.5199,-0.1889,-0.0048,-0.9820
34.8282,142.85,-1.9943,16.5493,-14.7608,0.4921,190.8732,0.2005,-0.1529,0.3121,-0.5150,-0.1886,-0.0086,-0.9820
34.8481,142.85,-1.9974,16.5563,-14.7710,0.7275,190.8541,0.1698,-0.1504,0.3548,-0.5112,-0.1883,-0.0127,-0.9820
34.8682,142.85,-2.0003,16.5643,-14.7812,0.9777,190.8344,0.1376,-0.1482,0.3970,-0.5084,-0.1879,-0.0171,-0.9820
34.8882,142.85,-2.0032,16.5731,-14.7913,1.2417,190.8140,0.1039,-0.1463,0.4384,-0.5067,-0.1876,-0.0217,-0.9820
34.9082,142.85,-2.0061,16.5827,-14.8014,1.5190,190.7930,0.0690,-0.1449,0.4793,-0.5061,-0.1872,-0.0265,-0.9820
34.9282,142.85,-2.0090,16.5930,-14.8116,1.8086,190.7714,0.0327,-0.1438,0.5194,-0.5067,-0.1868,-0.0316,-0.9819
34.9482,142.85,-2.0119,16.6042,-14.8218,2.1099,190.7494,-0.0046,-0.1431,0.5589,-0.5085,-0.1864,-0.0368,-0.9818
34.9682,142.85,-2.0147,16.6162,-14.8320,2.4223,190.7268,359.9571,-0.1429,0.5977,-0.5116,-0.1860,-0.0423,-0.9816
34.9882,142.85,-2.0176,16.6289,-14.8423,2.7448,190.7038,359.9179,-0.1430,0.6351,-0.5158,-0.1855,-0.0479,-0.9815
35.0082,142.85,-2.0205,16.6405,-14.8528,3.0430,190.6831,359.8809,-0.1445,0.5827,-0.5242,-0.1851,-0.0531,-0.9813
35.0281,142.85,-2.0234,16.6528,-14.8635,3.3173,190.6647,359.8459,-0.1472,0.6147,-0.5374,-0.1848,-0.0579,-0.9811
35.0482,142.85,-2.0264,16.6642,-14.8745,3.5671,190.6485,359.8132,-0.1492,0.5689,-0.5474,-0.1844,-0.0622,-0.9809
35.0682,142.85,-2.0295,16.6761,-14.8857,3.7946,190.6344,359.7824,-0.1523,0.5950,-0.5617,-0.1841,-0.0662,-0.9807
35.0882,142.85,-2.0326,16.6872,-14.8972,3.9992,190.6225,359.7537,-0.1546,0.5553,-0.5726,-0.1839,-0.0697,-0.9805
35.1082,142.85,-2.0357,16.7000,-14.9089,4.2087,190.6103,359.7256,-0.1578,0.6368,-0.5865,-0.1836,-0.0734,-0.9803
35.1282,142.85,-2.0389,16.7128,-14.9208,4.4371,190.5968,359.6953,-0.1587,0.6400,-0.5929,-0.1833,-0.0774,-0.9800
35.1482,142.85,-2.0421,16.7266,-14.9329,4.6738,190.5828,359.6650,-0.1617,0.6931,-0.6058,-0.1830,-0.0815,-0.9797
35.1681,142.85,-2.0454,16.7409,-14.9452,4.9240,190.5680,359.6339,-0.1639,0.7110,-0.6158,-0.1827,-0.0858,-0.9794
35.1882,142.85,-2.0487,16.7559,-14.9578,5.1827,190.5527,359.6027,-0.1671,0.7505,-0.6294,-0.1824,-0.0903,-0.9791
35.2082,142.85,-2.0521,16.7713,-14.9706,5.4517,190.5368,359.5713,-0.1702,0.7736,-0.6422,-0.1820,-0.0950,-0.9787
35.2282,142.85,-2.0556,16.7875,-14.9838,5.7284,190.5206,359.5400,-0.1739,0.8061,-0.6572,-0.1817,-0.0998,-0.9783
35.2482,142.85,-2.0592,16.8041,-14.9972,6.0133,190.5040,359.5087,-0.1777,0.8303,-0.6722,-0.1813,-0.1048,-0.9778
35.2682,142.85,-2.0628,16.8213,-15.0110,6.3049,190.4871,359.4777,-0.1819,0.8585,-0.6890,-0.1809,-0.1098,-0.9773
35.2882,142.85,-2.0665,16.8389,-15.0251,6.6030,190.4700,359.4469,-0.1863,0.8821,-0.7063,-0.1805,-0.1150,-0.9768
35.3082,142.85,-2.0704,16.8570,-15.0396,6.9064,190.4527,359.4166,-0.1911,0.9072,-0.7249,-0.1801,-0.1202,-0.9763
35.3282,142.85,-2.0743,16.8756,-15.0545,7.2150,190.4352,359.3866,-0.1961,0.9294,-0.7443,-0.1797,-0.1256,-0.9757
35.3481,142.85,-2.0783,16.8947,-15.0698,7.5278,190.4176,359.3571,-0.2015,0.9518,-0.7649,-0.1793,-0.1310,-0.9750
35.3682,142.85,-2.0825,16.9141,-15.0855,7.8443,190.3999,359.3282,-0.2070,0.9723,-0.7863,-0.1788,-0.1365,-0.9744
35.3882,142.85,-2.0867,16.9327,-15.1017,8.1279,190.3859,359.3025,-0.2124,0.9282,-0.8078,-0.1785,-0.1414,-0.9737
35.4082,139.55,-2.0911,16.9516,-15.1184,8.3816,190.3751,359.2794,-0.2198,0.9427,-0.8374,-0.1782,-0.1458,-0.9731
35.4282,139.55,-2.0956,16.9697,-15.1357,8.6034,190.3676,359.2592,-0.2257,0.9070,-0.8609,-0.1779,-0.1496,-0.9726
35.4482,139.55,-2.1003,16.9880,-15.1535,8.7973,190.3631,359.2413,-0.2331,0.9148,-0.8905,-0.1778,-0.1529,-0.9721
35.4682,139.55,-2.1051,17.0057,-15.1718,8.9618,190.3615,359.2260,-0.2392,0.8857,-0.9153,-0.1777,-0.1558,-0.9717
35.4882,139.55,-2.1100,17.0235,-15.1907,9.1002,190.3623,359.2129,-0.2466,0.8885,-0.9447,-0.1776,-0.1582,-0.9713
35.5082,139.55,-2.1150,17.0408,-15.2101,9.2117,190.3658,359.2020,-0.2529,0.8646,-0.9704,-0.1776,-0.1601,-0.9710
35.5281,139.55,-2.1203,17.0580,-15.2301,9.2988,190.3714,359.1930,-0.2602,0.8637,-0.9993,-0.1777,-0.1616,-0.9707
35.5482,139.55,-2.1256,17.0749,-15.2506,9.3612,190.3791,359.1859,-0.2666,0.8438,-1.0254,-0.1778,-0.1627,-0.9705
35.5682,139.55,-2.1311,17.0917,-15.2716,9.4011,190.3887,359.1805,-0.2737,0.8404,-1.0538,-0.1779,-0.1633,-0.9704
35.5882,139.55,-2.1367,17.1082,-15.2932,9.4183,190.4002,359.1768,-0.2803,0.8235,-1.0800,-0.1781,-0.1636,-0.9703
35.6082,139.55,-2.1424,17.1246,-15.3154,9.4146,190.4132,359.1745,-0.2872,0.8183,-1.1076,-0.1783,-0.1636,-0.9703
35.6282,139.55,-2.1483,17.1406,-15.3381,9.3902,190.4277,359.1738,-0.2936,0.8038,-1.1336,-0.1786,-0.1632,-0.9703
35.6482,139.55,-2.1543,17.1566,-15.3613,9.3466,190.4436,359.1743,-0.3003,0.7975,-1.1603,-0.1789,-0.1624,-0.9704
35.6681,139.55,-2.1604,17.1723,-15.3850,9.2841,190.4608,359.1761,-0.3067,0.7848,-1.1856,-0.1792,-0.1613,-0.9705
35.6882,139.55,-2.1667,17.1878,-15.4092,9.2041,190.4790,359.1791,-0.3132,0.7778,-1.2113,-0.1795,-0.1600,-0.9707
35.7082,139.55,-2.1731,17.2032,-15.4339,9.1069,190.4983,359.1831,-0.3193,0.7664,-1.2358,-0.1799,-0.1583,-0.9709
35.7282,139.55,-2.1796,17.2184,-15.4591,8.9937,190.5185,359.1882,-0.3255,0.7591,-1.2603,-0.1803,-0.1563,-0.9711
35.7482,139.55,-2.1862,17.2333,-15.4848,8.8651,190.5396,359.1942,-0.3315,0.7487,-1.2838,-0.1807,-0.1541,-0.9714
35.7682,139.55,-2.1930,17.2482,-15.5110,8.7220,190.5613,359.2011,-0.3373,0.7412,-1.3069,-0.1812,-0.1516,-0.9717
35.7882,139.55,-2.1998,17.2628,-15.5375,8.5650,190.5837,359.2089,-0.3430,0.7317,-1.3291,-0.1816,-0.1489,-0.9720
35.8082,139.55,-2.2068,17.2773,-15.5645,8.3950,190.6067,359.2173,-0.3485,0.7241,-1.3507,-0.1821,-0.1460,-0.9724
35.8282,139.55,-2.2139,17.2916,-15.5920,8.2126,190.6301,359.2264,-0.3538,0.7153,-1.3715,-0.1826,-0.1428,-0.9728
35.8481,139.55,-2.2210,17.3057,-15.6198,8.0186,190.6540,359.2361,-0.3590,0.7078,-1.3916,-0.1831,-0.1395,-0.9732
35.8682,139.55,-2.2283,17.3197,-15.6480,7.8136,190.6781,359.2465,-0.3639,0.6994,-1.4107,-0.1836,-0.1360,-0.9736
35.8882,139.55,-2.2357,17.3345,-15.6766,7.6314,190.6989,359.2554,-0.3689,0.7362,-1.4281,-0.1840,-0.1328,-0.9739
35.9082,139.55,-2.2431,17.3493,-15.7054,7.4764,190.7162,359.2627,-0.3722,0.7429,-1.4399,-0.1844,-0.1301,-0.9742
35.9282,139.55,-2.2507,17.3648,-15.7345,7.3445,190.7303,359.2687,-0.3765,0.7724,-1.4548,-0.1847,-0.1278,-0.9745
35.9482,139.55,-2.2583,17.3804,-15.7638,7.2371,190.7413,359.2733,-0.3799,0.7840,-1.4668,-0.1849,-0.1260,-0.9747
35.9682,139.55,-2.2659,17.3966,-15.7934,7.1512,190.7497,359.2769,-0.3838,0.8088,-1.4805,-0.1851,-0.1245,-0.9748
35.9882,139.55,-2.2737,17.4131,-15.8233,7.0873,190.7553,359.2793,-0.3873,0.8230,-1.4924,-0.1852,-0.1234,-0.9749
36.0082,139.55,-2.2815,17.4300,-15.8534,7.0434,190.7585,359.2809,-0.3910,0.8447,-1.5055,-0.1853,-0.1226,-0.9750
36.0281,139.55,-2.2894,17.4472,-15.8837,7.0192,190.7595,359.2816,-0.3945,0.8601,-1.5176,-0.1853,-0.1222,-0.9751
36.0482,139.55,-2.2974,17.4648,-15.9143,7.0133,190.7583,359.2815,-0.3982,0.8797,-1.5303,-0.1853,-0.1221,-0.9751
36.0682,139.55,-2.3054,17.4827,-15.9452,7.0253,190.7550,359.2808,-0.4018,0.8954,-1.5427,-0.1852,-0.1223,-0.9751
36.0882,139.55,-2.3135,17.5009,-15.9763,7.0538,190.7500,359.2794,-0.4055,0.9133,-1.5555,-0.1851,-0.1228,-0.9750
36.1082,139.55,-2.3217,17.5195,-16.0077,7.0983,190.7432,359.2775,-0.4091,0.9288,-1.5682,-0.1850,-0.1236,-0.9749
36.1282,139.55,-2.3300,17.5384,-16.0393,7.1578,190.7348,359.2752,-0.4129,0.9454,-1.5814,-0.1848,-0.1246,-0.9748
36.1482,139.55,-2.3383,17.5576,-16.0712,7.2314,190.7249,359.2724,-0.4166,0.9603,-1.5947,-0.1846,-0.1259,-0.9747
36.1681,139.55,-2.3467,17.5771,-16.1034,7.3184,190.7137,359.2693,-0.4205,0.9756,-1.6084,-0.1844,-0.1274,-0.9746
36.1882,139.55,-2.3552,17.5960,-16.1358,7.3810,190.7053,359.2683,-0.4244,0.9410,-1.6240,-0.1842,-0.1285,-0.9745
36.2082,139.55,-2.3638,17.6150,-16.1687,7.4221,190.6991,359.2687,-0.4298,0.9513,-1.6447,-0.1841,-0.1292,-0.9744
36.2282,139.55,-2.3725,17.6335,-16.2020,7.4396,190.6955,359.2710,-0.4339,0.9245,-1.6612,-0.1840,-0.1295,-0.9744
36.2482,139.55,-2.3812,17.6521,-16.2356,7.4370,190.6940,359.2746,-0.4390,0.9289,-1.6809,-0.1840,-0.1294,-0.9744
36.2682,139.55,-2.3901,17.6702,-16.2695,7.4131,190.6945,359.2797,-0.4431,0.9076,-1.6975,-0.1840,-0.1290,-0.9744
36.2882,139.55,-2.3991,17.6884,-16.3038,7.3705,190.6970,359.2860,-0.4478,0.9081,-1.7161,-0.1841,-0.1283,-0.9745
36.3082,139.55,-2.4081,17.7062,-16.3385,7.3088,190.7013,359.2937,-0.4519,0.8908,-1.7324,-0.1842,-0.1272,-0.9746
36.3282,139.55,-2.4172,17.7247,-16.3734,7.2623,190.7039,359.3007,-0.4561,0.9262,-1.7478,-0.1842,-0.1264,-0.9747
36.3481,139.55,-2.4264,17.7432,-16.4086,7.2366,190.7042,359.3067,-0.4587,0.9252,-1.7573,-0.1843,-0.1260,-0.9748
36.3682,139.55,-2.4356,17.7623,-16.4440,7.2268,190.7028,359.3120,-0.4625,0.9519,-1.7712,-0.1842,-0.1258,-0.9748
36.3882,139.55,-2.4449,17.7814,-16.4797,7.2351,190.6997,359.3166,-0.4653,0.9565,-1.7817,-0.1842,-0.1259,-0.9748
36.4082,144.58,-2.4543,17.8009,-16.5156,7.2583,190.6952,359.3206,-0.4688,0.9775,-1.7950,-0.1841,-0.1263,-0.9748
36.4282,144.58,-2.4638,17.8206,-16.5517,7.2973,190.6893,359.3241,-0.4718,0.9851,-1.8064,-0.1840,-0.1270,-0.9747
36.4482,144.58,-2.4733,17.8407,-16.5881,7.3500,190.6822,359.3272,-0.4753,1.0024,-1.8196,-0.1838,-0.1279,-0.9746
36.4682,144.58,-2.4828,17.8600,-16.6248,7.3785,190.6779,359.3322,-0.4788,0.9673,-1.8342,-0.1838,-0.1284,-0.9745
36.4882,144.58,-2.4925,17.8796,-16.6618,7.3863,190.6758,359.3383,-0.4836,0.9787,-1.8540,-0.1837,-0.1286,-0.9745
36.5082,144.58,-2.5023,17.8987,-16.6992,7.3709,190.6763,359.3462,-0.4872,0.9522,-1.8694,-0.1837,-0.1283,-0.9746
36.5281,144.58,-2.5121,17.9178,-16.7370,7.3363,190.6786,359.3552,-0.4916,0.9572,-1.8878,-0.1838,-0.1277,-0.9746
36.5482,144.58,-2.5220,17.9365,-16.7750,7.2810,190.6830,359.3654,-0.4952,0.9365,-1.9032,-0.1839,-0.1267,-0.9747
36.5682,144.58,-2.5320,17.9553,-16.8134,7.2079,190.6889,359.3766,-0.4992,0.9372,-1.9203,-0.1840,-0.1255,-0.9749
36.5882,144.58,-2.5420,17.9737,-16.8522,7.1163,190.6965,359.3888,-0.5026,0.9207,-1.9352,-0.1842,-0.1239,-0.9751
36.6082,144.58,-2.5522,17.9921,-16.8912,7.0084,190.7053,359.4018,-0.5063,0.9186,-1.9510,-0.1844,-0.1220,-0.9753
36.6282,144.58,-2.5623,18.0102,-16.9305,6.8840,190.7153,359.4155,-0.5094,0.9050,-1.9651,-0.1846,-0.1199,-0.9755
36.6482,144.58,-2.5726,18.0282,-16.9701,6.7448,190.7264,359.4297,-0.5127,0.9011,-1.9795,-0.1848,-0.1174,-0.9757
36.6681,144.58,-2.5829,18.0460,-17.0099,6.5908,190.7383,359.4445,-0.5156,0.8894,-1.9926,-0.1851,-0.1148,-0.9760
36.6882,144.58,-2.5933,18.0637,-17.0500,6.4234,190.7510,359.4596,-0.5184,0.8844,-2.0055,-0.1854,-0.1119,-0.9763
36.7082,144.58,-2.6037,18.0811,-17.0904,6.2430,190.7644,359.4752,-0.5209,0.8741,-2.0173,-0.1857,-0.1087,-0.9766
36.7282,144.58,-2.6142,18.0985,-17.1309,6.0505,190.7783,359.4909,-0.5234,0.8683,-2.0287,-0.1860,-0.1054,-0.9769
36.7482,144.58,-2.6247,18.1157,-17.1717,5.8465,190.7926,359.5070,-0.5255,0.8590,-2.0390,-0.1863,-0.1019,-0.9772
36.7682,144.58,-2.6352,18.1328,-17.2127,5.6319,190.8074,359.5231,-0.5275,0.8528,-2.0487,-0.1866,-0.0981,-0.9775
36.7882,144.58,-2.6458,18.1496,-17.2538,5.4070,190.8224,359.5393,-0.5292,0.8441,-2.0574,-0.1869,-0.0942,-0.9778
36.8082,144.58,-2.6564,18.1664,-17.2952,5.1729,190.8377,359.5555,-0.5308,0.8376,-2.0654,-0.1873,-0.0902,-0.9782
36.8282,144.58,-2.6671,18.1830,-17.3366,4.9298,190.8532,359.5718,-0.5321,0.8294,-2.0724,-0.1876,-0.0859,-0.9785
36.8481,144.58,-2.6777,18.1994,-17.3782,4.6787,190.8688,359.5880,-0.5332,0.8227,-2.0786,-0.1879,-0.0816,-0.9788
36.8682,144.58,-2.6884,18.2157,-17.4199,4.4200,190.8844,359.6041,-0.5340,0.8148,-2.0838,-0.1883,-0.0771,-0.9791
36.8882,144.58,-2.6991,18.2319,-17.4616,4.1544,190.9001,359.6200,-0.5346,0.8079,-2.0882,-0.1886,-0.0724,-0.9794
36.9082,144.58,-2.7098,18.2479,-17.5034,3.8823,190.9158,359.6358,-0.5350,0.8002,-2.0915,-0.1889,-0.0677,-0.9797
36.9282,144.58,-2.7205,18.2638,-17.5453,3.6046,190.9315,359.6514,-0.5352,0.7932,-2.0939,-0.1893,-0.0629,-0.9799
36.9482,144.58,-2.7312,18.2795,-17.5872,3.3215,190.9470,359.6667,-0.5351,0.7856,-2.0954,-0.1896,-0.0579,-0.9802
36.9682,144.58,-2.7419,18.2951,-17.6292,3.0338,190.9624,359.6818,-0.5347,0.7785,-2.0958,-0.1899,-0.0529,-0.9804
36.9882,144.58,-2.7526,18.3105,-17.6711,2.7419,190.9778,359.6966,-0.5341,0.7709,-2.0953,-0.1902,-0.0478,-0.9806
37.0082,144.58,-2.7633,18.3258,-17.7129,2.4463,190.9928,359.7111,-0.5333,0.7636,-2.0938,-0.1905,-0.0427,-0.9808
37.0281,144.58,-2.7739,18.3409,-17.7548,2.1476,191.0077,359.7252,-0.5323,0.7560,-2.0913,-0.1908,-0.0375,-0.9809
37.0482,144.58,-2.7845,18.3559,-17.7965,1.8463,191.0223,359.7390,-0.5310,0.7486,-2.0878,-0.1911,-0.0322,-0.9810
37.0682,144.58,-2.7951,18.3707,-17.8382,1.5427,191.0365,359.7525,-0.5294,0.7410,-2.0833,-0.1914,-0.0269,-0.9811
37.0882,144.58,-2.8057,18.3853,-17.8797,1.2374,191.0504,359.7656,-0.5277,0.7334,-2.0778,-0.1916,-0.0216,-0.9812
37.1082,144.58,-2.8162,18.3999,-17.9212,0.9307,191.0639,359.7783,-0.5257,0.7257,-2.0713,-0.1919,-0.0162,-0.9813
37.1282,144.58,-2.8266,18.4142,-17.9624,0.6232,191.0769,359.7906,-0.5235,0.7180,-2.0639,-0.1921,-0.0109,-0.9813
37.1482,144.58,-2.8371,18.4284,-18.0036,0.3151,191.0893,359.8027,-0.5210,0.7101,-2.0555,-0.1923,-0.0055,-0.9813
37.1681,144.58,-2.8474,18.4425,-18.0445,0.0069,191.1012,359.8143,-0.5184,0.7022,-2.0461,-0.1925,-0.0001,-0.9813
37.1882,144.58,-2.8577,18.4564,-18.0852,359.6990,191.1124,359.8257,-0.5155,0.6942,-2.0358,-0.1927,0.0053,-0.9812
37.2082,144.58,-2.8680,18.4701,-18.1257,359.3916,191.1230,359.8367,-0.5124,0.6861,-2.0245,-0.1929,0.0106,-0.9812
37.2282,144.58,-2.8782,18.4837,-18.1659,359.0851,191.1328,359.8474,-0.5090,0.6779,-2.0123,-0.1931,0.0160,-0.9811
37.2482,144.58,-2.8883,18.4971,-18.2059,358.7799,191.1419,359.8578,-0.5055,0.6697,-1.9991,-0.1932,0.0213,-0.9809
37.2682,144.58,-2.8983,18.5103,-18.2456,358.4762,191.1503,359.8680,-0.5018,0.6613,-1.9851,-0.1933,0.0266,-0.9808
37.2882,144.58,-2.9082,18.5233,-18.2850,358.1761,191.0996,359.8702,-0.4965,0.6529,-1.9701,-0.1924,0.0318,-0.9808
37.3082,144.58,-2.9181,18.5362,-18.3241,357.8796,190.9976,359.8664,-0.4912,0.6443,-1.9542,-0.1906,0.0370,-0.9810
37.3282,144.58,-2.9278,18.5489,-18.3628,357.5866,190.8510,359.8583,-0.4859,0.6357,-1.9374,-0.1881,0.0421,-0.9812
37.3481,144.58,-2.9374,18.5615,-18.4012,357.2972,190.6656,359.8475,-0.4807,0.6268,-1.9199,-0.1849,0.0472,-0.9816
37.3682,144.58,-2.9469,18.5739,-18.4393,357.0114,190.4465,359.8350,-0.4756,0.6181,-1.9014,-0.1811,0.0521,-0.9821
37.3882,144.58,-2.9563,18.5860,-18.4769,356.7292,190.1980,359.8219,-0.4705,0.6091,-1.8822,-0.1768,0.0571,-0.9826
37.4082,140.25,-2.9656,18.5980,-18.5142,356.4507,189.9240,359.8090,-0.4654,0.6002,-1.8622,-0.1720,0.0619,-0.9831
37.4282,140.25,-2.9748,18.6099,-18.5510,356.1760,189.6277,359.7968,-0.4604,0.5910,-1.8413,-0.1669,0.0667,-0.9837
37.4482,140.25,-2.9839,18.6215,-18.5874,355.9051,189.3120,359.7860,-0.4554,0.5819,-1.8197,-0.1614,0.0714,-0.9843
37.4682,140.25,-2.9929,18.6330,-18.6233,355.6382,188.9794,359.7770,-0.4505,0.5726,-1.7974,-0.1556,0.0761,-0.9849
37.4882,140.25,-3.0018,18.6442,-18.6588,355.3753,188.6319,359.7700,-0.4455,0.5634,-1.7743,-0.1496,0.0806,-0.9855
37.5082,140.25,-3.0107,18.6553,-18.6938,355.1167,188.2715,359.7653,-0.4407,0.5540,-1.7505,-0.1433,0.0851,-0.9860
37.5281,140.25,-3.0194,18.6662,-18.7283,354.8624,187.8998,359.7630,-0.4358,0.5446,-1.7260,-0.1369,0.0895,-0.9865
37.5482,140.25,-3.0280,18.6769,-18.7624,354.6126,187.5181,359.7634,-0.4310,0.5350,-1.7008,-0.1303,0.0939,-0.9870
37.5682,140.25,-3.0365,18.6874,-18.7959,354.3674,187.1278,359.7664,-0.4263,0.5255,-1.6750,-0.1235,0.0981,-0.9875
37.5882,140.25,-3.0449,18.6977,-18.8288,354.1270,186.7298,359.7720,-0.4216,0.5158,-1.6484,-0.1166,0.1023,-0.9879
37.6082,140.25,-3.0533,18.7079,-18.8612,353.8916,186.3252,359.7804,-0.4169,0.5062,-1.6213,-0.1095,0.1064,-0.9883
37.6282,140.25,-3.0615,18.7178,-18.8931,353.6611,185.9147,359.7915,-0.4123,0.4964,-1.5936,-0.1024,0.1104,-0.9886
37.6482,140.25,-3.0697,18.7275,-18.9244,353.4359,185.4991,359.8051,-0.4078,0.4867,-1.5652,-0.0952,0.1143,-0.9889
37.6681,140.25,-3.0777,18.7371,-18.9552,353.2159,185.0791,359.8214,-0.4033,0.4769,-1.5363,-0.0879,0.1181,-0.9891
37.6882,140.25,-3.0857,18.7464,-18.9853,353.0014,184.6550,359.8401,-0.3989,0.4670,-1.5069,-0.0806,0.1218,-0.9893
37.7082,140.25,-3.0936,18.7556,-19.0148,352.7923,184.2275,359.8613,-0.3946,0.4571,-1.4769,-0.0731,0.1255,-0.9894
37.7282,140.25,-3.1014,18.7645,-19.0438,352.5889,183.7970,359.8847,-0.3903,0.4472,-1.4464,-0.0657,0.1290,-0.9895
37.7482,140.25,-3.1091,18.7733,-19.0721,352.3912,183.3638,359.9105,-0.3862,0.4373,-1.4154,-0.0582,0.1324,-0.9895
37.7682,140.25,-3.1168,18.7818,-19.0997,352.1992,182.9282,359.9383,-0.3821,0.4273,-1.3840,-0.0506,0.1357,-0.9895
37.7882,140.25,-3.1243,18.7902,-19.1268,352.0131,182.4905,359.9682,-0.3781,0.4173,-1.3521,-0.0430,0.1389,-0.9894
37.8082,140.25,-3.1318,18.7983,-19.1532,351.8329,182.0510,0.0000,-0.3742,0.4074,-1.3197,-0.0354,0.1421,-0.9892
37.8282,140.25,-3.1392,18.8063,-19.1789,351.6586,181.6099,0.0337,-0.3704,0.3974,-1.2870,-0.0278,0.1451,-0.9890
37.8481,140.25,-3.1465,18.8140,-19.2040,351.4904,181.1673,0.0691,-0.3667,0.3874,-1.2539,-0.0201,0.1480,-0.9888
37.8682,140.25,-3.1538,18.8216,-19.2284,351.3282,180.7234,0.1061,-0.3631,0.3775,-1.2204,-0.0125,0.1508,-0.9885
37.8882,140.25,-3.1610,18.8289,-19.2521,351.1721,180.2784,0.1447,-0.3597,0.3675,-1.1865,-0.0048,0.1535,-0.9881
37.9082,140.25,-3.1681,18.8361,-19.2752,351.0222,179.8323,0.1847,-0.3563,0.3576,-1.1523,0.0029,0.1561,-0.9877
37.9282,140.25,-3.1752,18.8430,-19.2975,350.8784,179.3853,0.2260,-0.3531,0.3477,-1.1179,0.0106,0.1585,-0.9873
37.9482,140.25,-3.1822,18.8498,-19.3192,350.7408,178.9375,0.2686,-0.3500,0.3378,-1.0831,0.0183,0.1609,-0.9868
37.9682,140.25,-3.1891,18.8563,-19.3402,350.6094,178.4888,0.3124,-0.3470,0.3280,-1.0480,0.0260,0.1632,-0.9863
37.9882,140.25,-3.1960,18.8627,-19.3604,350.4842,178.0394,0.3572,-0.3442,0.3181,-1.0127,0.0337,0.1653,-0.9857
38.0082,140.25,-3.2028,18.8689,-19.3800,350.3653,177.5893,0.4030,-0.3414,0.3084,-0.9772,0.0415,0.1674,-0.9850
38.0281,140.25,-3.2096,18.8748,-19.3988,350.2525,177.1386,0.4497,-0.3389,0.2987,-0.9415,0.0492,0.1693,-0.9843
38.0482,140.25,-3.2163,18.8806,-19.4169,350.1460,176.6873,0.4972,-0.3364,0.2890,-0.9056,0.0569,0.1711,-0.9836
38.0682,140.25,-3.2230,18.8862,-19.4343,350.0457,176.2354,0.5455,-0.3341,0.2794,-0.8695,0.0647,0.1729,-0.9828
38.0882,140.25,-3.2296,18.8916,-19.4509,349.9515,175.7830,0.5944,-0.3320,0.2699,-0.8332,0.0724,0.1745,-0.9820
38.1082,140.25,-3.2362,18.8968,-19.4669,349.8635,175.3301,0.6440,-0.3299,0.2604,-0.7969,0.0801,0.1760,-0.9811
38.1282,140.25,-3.2428,18.9018,-19.4821,349.7816,174.8768,0.6941,-0.3281,0.2510,-0.7604,0.0879,0.1774,-0.9802
38.1482,140.25,-3.2493,18.9067,-19.4966,349.7057,174.4230,0.7446,-0.3264,0.2417,-0.7238,0.0956,0.1787,-0.9792
38.1681,140.25,-3.2558,18.9113,-19.5103,349.6359,173.9690,0.7955,-0.3248,0.2325,-0.6871,0.1034,0.1799,-0.9782
38.1882,140.25,-3.2623,18.9158,-19.5233,349.5720,173.5146,0.8468,-0.3234,0.2233,-0.6504,0.1111,0.1810,-0.9772
38.2082,140.25,-3.2687,18.9201,-19.5356,349.5140,173.0600,0.8983,-0.3221,0.2143,-0.6137,0.1188,0.1820,-0.9761
38.2282,140.25,-3.2751,18.9242,-19.5471,349.4619,172.6051,0.9500,-0.3209,0.2053,-0.5769,0.1265,0.1829,-0.9750
38.2482,140.25,-3.2815,18.9281,-19.5579,349.4155,172.1502,1.0018,-0.3200,0.1965,-0.5402,0.1343,0.1837,-0.9738
38.2682,140.25,-3.2879,18.9319,-19.5680,349.3747,171.6952,1.0536,-0.3191,0.1877,-0.5034,0.1420,0.1844,-0.9725
38.2882,140.25,-3.2943,18.9354,-19.5773,349.3396,171.2401,1.1054,-0.3184,0.1790,-0.4667,0.1497,0.1850,-0.9713
38.3082,140.25,-3.3006,18.9388,-19.5859,349.3100,170.7851,1.1570,-0.3178,0.1705,-0.4300,0.1574,0.1855,-0.9700
38.3282,140.25,-3.3070,18.9421,-19.5938,349.2859,170.3302,1.2086,-0.3174,0.1621,-0.3934,0.1650,0.1859,-0.9686
38.3481,140.25,-3.3133,18.9452,-19.6009,349.2671,169.8754,1.2598,-0.3171,0.1537,-0.3569,0.1727,0.1862,-0.9672
38.3682,140.25,-3.3197,18.9481,-19.6073,349.2536,169.4207,1.3108,-0.3170,0.1455,-0.3205,0.1804,0.1865,-0.9658
38.3882,140.25,-3.3260,18.9508,-19.6130,349.2453,168.9663,1.3614,-0.3170,0.1374,-0.2842,0.1880,0.1866,-0.9643
38.4082,140.08,-3.3323,18.9534,-19.6180,349.2421,168.5121,1.4115,-0.3171,0.1295,-0.2480,0.1957,0.1867,-0.9627
38.4282,140.08,-3.3387,18.9558,-19.6222,349.2440,168.0582,1.4612,-0.3174,0.1216,-0.2119,0.2033,0.1866,-0.9612
38.4482,140.08,-3.3450,18.9581,-19.6258,349.2508,167.6047,1.5102,-0.3178,0.1139,-0.1760,0.2109,0.1865,-0.9596
38.4682,140.08,-3.3514,18.9603,-19.6286,349.2624,167.1515,1.5586,-0.3183,0.1063,-0.1403,0.2185,0.1863,-0.9579
38.4882,140.08,-3.3578,18.9622,-19.6307,349.2788,166.6987,1.6064,-0.3189,0.0989,-0.1048,0.2261,0.1860,-0.9562
38.5082,140.08,-3.3642,18.9641,-19.6320,349.3000,166.2463,1.6534,-0.3197,0.0916,-0.0694,0.2336,0.1857,-0.9544
38.5281,140.08,-3.3706,18.9657,-19.6327,349.3257,165.7942,1.6996,-0.3206,0.0844,-0.0342,0.2412,0.1852,-0.9526
38.5482,140.08,-3.3770,18.9673,-19.6327,349.3559,165.3425,1.7449,-0.3216,0.0773,0.0007,0.2487,0.1847,-0.9508
38.5682,140.08,-3.3835,18.9687,-19.6320,349.3906,164.8912,1.7893,-0.3227,0.0704,0.0354,0.2562,0.1841,-0.9489
38.5882,140.08,-3.3900,18.9700,-19.6306,349.4297,164.4402,1.8328,-0.3239,0.0636,0.0699,0.2637,0.1834,-0.9470
38.6082,140.08,-3.3965,18.9711,-19.6285,349.4731,163.9896,1.8753,-0.3252,0.0570,0.1041,0.2712,0.1827,-0.9450
38.6282,140.08,-3.4030,18.9721,-19.6258,349.5206,163.5392,1.9167,-0.3267,0.0505,0.1380,0.2786,0.1819,-0.9430
38.6482,140.08,-3.4096,18.9730,-19.6223,349.5723,163.0891,1.9572,-0.3282,0.0441,0.1717,0.2861,0.1810,-0.9410
38.6681,140.08,-3.4162,18.9738,-19.6182,349.6281,162.6392,1.9965,-0.3299,0.0379,0.2051,0.2935,0.1800,-0.9388
38.6882,140.08,-3.4228,18.9744,-19.6135,349.6878,162.1895,2.0347,-0.3316,0.0318,0.2381,0.3009,0.1790,-0.9367
38.7082,140.08,-3.4295,18.9749,-19.6080,349.7514,161.7400,2.0718,-0.3335,0.0259,0.2709,0.3083,0.1779,-0.9345
38.7282,140.08,-3.4362,18.9753,-19.6020,349.8187,161.2906,2.1077,-0.3354,0.0201,0.3033,0.3157,0.1768,-0.9322
38.7482,140.08,-3.4429,18.9756,-19.5953,349.8898,160.8414,2.1424,-0.3374,0.0145,0.3354,0.3231,0.1755,-0.9299
38.7682,140.08,-3.4497,18.9758,-19.5879,349.9644,160.3923,2.1759,-0.3395,0.0089,0.3672,0.3304,0.1743,-0.9276
38.7882,140.08,-3.4566,18.9759,-19.5800,350.0426,159.9434,2.2082,-0.3417,0.0036,0.3986,0.3378,0.1729,-0.9252
38.8082,140.08,-3.4634,18.9758,-19.5714,350.1241,159.4946,2.2393,-0.3440,-0.0017,0.4297,0.3451,0.1715,-0.9228
38.8282,140.08,-3.4704,18.9757,-19.5622,350.2090,159.0459,2.2691,-0.3463,-0.0067,0.4603,0.3524,0.1701,-0.9203
38.8481,140.08,-3.4773,18.9755,-19.5523,350.2970,158.5973,2.2976,-0.3487,-0.0117,0.4906,0.3597,0.1685,-0.9177
38.8682,140.08,-3.4844,18.9751,-19.5419,350.3882,158.1488,2.3249,-0.3512,-0.0165,0.5205,0.3670,0.1670,-0.9151
38.8882,140.08,-3.4914,18.9747,-19.5309,350.4824,157.7004,2.3508,-0.3537,-0.0212,0.5500,0.3742,0.1654,-0.9125
38.9082,140.08,-3.4986,18.9742,-19.5194,350.5795,157.2521,2.3755,-0.3562,-0.0257,0.5791,0.3815,0.1637,-0.9098
38.9282,140.08,-3.5057,18.9736,-19.5072,350.6795,156.8039,2.3988,-0.3589,-0.0301,0.6078,0.3887,0.1620,-0.9070
38.9482,140.08,-3.5130,18.9729,-19.4945,350.7823,156.3558,2.4209,-0.3615,-0.0344,0.6361,0.3959,0.1602,-0.9042
38.9682,140.08,-3.5203,18.9721,-19.4812,350.8877,155.9079,2.4415,-0.3642,-0.0385,0.6639,0.4031,0.1584,-0.9014
38.9882,140.08,-3.5276,18.9713,-19.4674,350.9957,155.4600,2.4608,-0.3670,-0.0425,0.6913,0.4102,0.1565,-0.8985
39.0082,140.08,-3.5350,18.9704,-19.4530,351.1061,155.0123,2.4788,-0.3697,-0.0464,0.7183,0.4173,0.1546,-0.8955
39.0281,140.08,-3.5424,18.9694,-19.4381,351.2190,154.5648,2.4953,-0.3725,-0.0501,0.7448,0.4245,0.1527,-0.8925
39.0482,140.08,-3.5500,18.9683,-19.4227,351.3341,154.1175,2.5104,-0.3753,-0.0538,0.7709,0.4315,0.1507,-0.8894
39.0682,140.08,-3.5575,18.9671,-19.4068,351.4514,153.6704,2.5240,-0.3781,-0.0573,0.7965,0.4386,0.1486,-0.8863
39.0882,140.08,-3.5651,18.9659,-19.3903,351.5707,153.2235,2.5362,-0.3810,-0.0606,0.8216,0.4456,0.1466,-0.8831
39.1082,140.08,-3.5728,18.9646,-19.3734,351.6920,152.7769,2.5469,-0.3838,-0.0639,0.8463,0.4527,0.1445,-0.8799
39.1282,140.08,-3.5805,18.9633,-19.3560,351.8152,152.3305,2.5561,-0.3866,-0.0670,0.8705,0.4596,0.1424,-0.8766
39.1482,140.08,-3.5883,18.9619,-19.3381,351.9401,151.8844,2.5638,-0.3894,-0.0701,0.8943,0.4666,0.1402,-0.8733
39.1681,140.08,-3.5962,18.9604,-19.3198,352.0666,151.4387,2.5699,-0.3922,-0.0730,0.9175,0.4735,0.1380,-0.8699
39.1882,140.08,-3.6041,18.9589,-19.3010,352.1946,150.9932,2.5744,-0.3950,-0.0758,0.9403,0.4804,0.1358,-0.8665
39.2082,140.08,-3.6120,18.9574,-19.2817,352.3240,150.5481,2.5774,-0.3977,-0.0784,0.9626,0.4873,0.1336,-0.8630
39.2282,140.08,-3.6201,18.9557,-19.2620,352.4547,150.1033,2.5788,-0.4005,-0.0810,0.9844,0.4941,0.1313,-0.8594
39.2482,140.08,-3.6281,18.9541,-19.2419,352.5865,149.6588,2.5786,-0.4032,-0.0835,1.0057,0.5009,0.1290,-0.8558
39.2682,140.08,-3.6362,18.9524,-19.2214,352.7193,149.2145,2.5768,-0.4059,-0.0859,1.0265,0.5077,0.1267,-0.8522
39.2882,140.08,-3.6444,18.9506,-19.2004,352.8531,148.7706,2.5735,-0.4085,-0.0882,1.0468,0.5144,0.1244,-0.8485
39.3082,140.08,-3.6526,18.9488,-19.1791,352.9877,148.3269,2.5685,-0.4111,-0.0903,1.0666,0.5211,0.1221,-0.8447
39.3282,140.08,-3.6609,18.9469,-19.1574,353.1231,147.8835,2.5620,-0.4137,-0.0924,1.0859,0.5278,0.1197,-0.8409
39.3481,140.08,-3.6692,18.9451,-19.1353,353.2591,147.4403,2.5539,-0.4162,-0.0944,1.1048,0.5345,0.1174,-0.8370
39.3682,140.08,-3.6776,18.9431,-19.1128,353.3956,146.9973,2.5443,-0.4187,-0.0963,1.1231,0.5411,0.1150,-0.8331
39.3882,140.08,-3.6860,18.9412,-19.0900,353.5326,146.5546,2.5331,-0.4211,-0.0981,1.1409,0.5476,0.1126,-0.8291
39.4082,141.63,-3.6945,18.9392,-19.0669,353.6700,146.1121,2.5204,-0.4235,-0.0999,1.1582,0.5542,0.1103,-0.8251
39.4282,141.63,-3.7030,18.9371,-19.0434,353.8077,145.6699,2.5062,-0.4258,-0.1015,1.1751,0.5607,0.1079,-0.8210
39.4482,141.63,-3.7116,18.9351,-19.0195,353.9456,145.2278,2.4904,-0.4280,-0.1031,1.1914,0.5671,0.1055,-0.8168
39.4682,141.63,-3.7202,18.9330,-18.9954,354.0837,144.7861,2.4732,-0.4302,-0.1046,1.2073,0.5736,0.1031,-0.8127
39.4882,141.63,-3.7288,18.9309,-18.9709,354.2219,144.3445,2.4546,-0.4324,-0.1060,1.2226,0.5799,0.1007,-0.8084
39.5082,141.63,-3.7375,18.9287,-18.9462,354.3601,143.9031,2.4345,-0.4345,-0.1073,1.2375,0.5863,0.0983,-0.8041
39.5281,141.63,-3.7463,18.9266,-18.9211,354.4983,143.4620,2.4129,-0.4365,-0.1086,1.2518,0.5926,0.0959,-0.7998
39.5482,141.63,-3.7550,18.9244,-18.8958,354.6365,143.0211,2.3900,-0.4385,-0.1098,1.2657,0.5989,0.0935,-0.7954
39.5682,141.63,-3.7638,18.9221,-18.8702,354.7745,142.5803,2.3657,-0.4403,-0.1110,1.2791,0.6051,0.0911,-0.7909
39.5882,141.63,-3.7727,18.9199,-18.8444,354.9124,142.1397,2.3401,-0.4422,-0.1120,1.2920,0.6113,0.0887,-0.7864
39.6082,141.63,-3.7816,18.9176,-18.8183,355.0500,141.6992,2.3130,-0.4439,-0.1131,1.3044,0.6175,0.0863,-0.7818
39.6282,141.63,-3.7905,18.9154,-18.7920,355.1873,141.2589,2.2847,-0.4456,-0.1140,1.3164,0.6236,0.0839,-0.7772
39.6482,141.63,-3.7994,18.9131,-18.7654,355.3243,140.8186,2.2551,-0.4471,-0.1149,1.3278,0.6297,0.0815,-0.7726
39.6681,141.63,-3.8084,18.9107,-18.7387,355.4609,140.3783,2.2242,-0.4486,-0.1158,1.3388,0.6357,0.0791,-0.7679
39.6882,141.63,-3.8174,18.9084,-18.7117,355.5970,139.9380,2.1920,-0.4500,-0.1166,1.3493,0.6417,0.0768,-0.7631
39.7082,141.63,-3.8264,18.9061,-18.6845,355.7326,139.4978,2.1586,-0.4513,-0.1173,1.3593,0.6477,0.0744,-0.7583
39.7282,141.63,-3.8355,18.9037,-18.6571,355.8675,139.0575,2.1239,-0.4526,-0.1180,1.3689,0.6536,0.0721,-0.7534
39.7482,141.63,-3.8446,18.9013,-18.6296,356.0017,138.6171,2.0881,-0.4537,-0.1187,1.3780,0.6595,0.0697,-0.7485
39.7682,141.63,-3.8537,18.8990,-18.6018,356.1352,138.1766,2.0511,-0.4547,-0.1193,1.3866,0.6653,0.0674,-0.7435
39.7882,141.63,-3.8628,18.8966,-18.5739,356.2677,137.7360,2.0129,-0.4557,-0.1199,1.3947,0.6711,0.0651,-0.7385
39.8082,141.63,-3.8719,18.8941,-18.5459,356.3994,137.2953,1.9736,-0.4565,-0.1204,1.4024,0.6769,0.0628,-0.7334
39.8282,141.63,-3.8810,18.8917,-18.5177,356.5301,136.8544,1.9331,-0.4573,-0.1209,1.4096,0.6826,0.0605,-0.7283
39.8481,141.63,-3.8902,18.8893,-18.4894,356.6597,136.4134,1.8916,-0.4579,-0.1214,1.4164,0.6883,0.0583,-0.7231
39.8682,141.63,-3.8994,18.8869,-18.4609,356.7881,135.9722,1.8491,-0.4584,-0.1218,1.4228,0.6939,0.0560,-0.7179
39.8882,141.63,-3.9086,18.8844,-18.4323,356.9155,135.5308,1.8055,-0.4589,-0.1222,1.4286,0.6995,0.0538,-0.7126
39.9082,141.63,-3.9177,18.8820,-18.4037,357.0415,135.0893,1.7609,-0.4592,-0.1226,1.4341,0.7051,0.0516,-0.7073
39.9282,141.63,-3.9269,18.8795,-18.3749,357.1663,134.6476,1.7154,-0.4595,-0.1230,1.4391,0.7106,0.0494,-0.7019
39.9482,141.63,-3.9361,18.8770,-18.3460,357.2898,134.2058,1.6690,-0.4596,-0.1233,1.4437,0.7160,0.0473,-0.6965
39.9682,141.63,-3.9453,18.8746,-18.3170,357.4119,133.7639,1.6216,-0.4597,-0.1236,1.4479,0.7215,0.0452,-0.6910
39.9882,141.63,-3.9545,18.8721,-18.2880,357.5326,133.3218,1.5735,-0.4596,-0.1239,1.4516,0.7268,0.0431,-0.6855
40.0082,141.63,-3.9637,18.8696,-18.2589,357.6519,132.8797,1.5245,-0.4594,-0.1242,1.4549,0.7322,0.0410,-0.6799
40.0281,141.63,-3.9729,18.8671,-18.2298,357.7698,132.4376,1.4747,-0.4592,-0.1244,1.4579,0.7375,0.0389,-0.6743
40.0482,141.63,-3.9821,18.8646,-18.2006,357.8862,131.9954,1.4242,-0.4588,-0.1247,1.4604,0.7427,0.0369,-0.6686
40.0682,141.63,-3.9912,18.8621,-18.1713,358.0011,131.5531,1.3730,-0.4584,-0.1249,1.4625,0.7479,0.0349,-0.6629
40.0882,141.63,-4.0004,18.8596,-18.1420,358.1145,131.1109,1.3211,-0.4578,-0.1251,1.4643,0.7530,0.0329,-0.6572
40.1082,141.63,-4.0095,18.8571,-18.1127,358.2264,130.6685,1.2685,-0.4571,-0.1253,1.4656,0.7581,0.0310,-0.6514
40.1282,141.63,-4.0187,18.8546,-18.0834,358.3368,130.2262,1.2152,-0.4564,-0.1254,1.4666,0.7632,0.0290,-0.6455
40.1482,141.63,-4.0278,18.8521,-18.0540,358.4456,129.7839,1.1613,-0.4555,-0.1256,1.4673,0.7682,0.0271,-0.6397
40.1681,141.63,-4.0369,18.8496,-18.0247,358.5528,129.3415,1.1068,-0.4545,-0.1257,1.4675,0.7731,0.0253,-0.6337
40.1882,141.63,-4.0459,18.8471,-17.9953,358.6584,128.8990,1.0516,-0.4534,-0.1259,1.4674,0.7780,0.0234,-0.6278
40.2082,141.63,-4.0550,18.8446,-17.9660,358.7624,128.4565,0.9959,-0.4522,-0.1260,1.4669,0.7829,0.0216,-0.6218
40.2282,141.63,-4.0640,18.8420,-17.9367,358.8647,128.0139,0.9396,-0.4509,-0.1262,1.4661,0.7877,0.0198,-0.6157
40.2482,141.63,-4.0730,18.8395,-17.9074,358.9653,127.5711,0.8828,-0.4495,-0.1263,1.4649,0.7925,0.0181,-0.6096
40.2682,141.63,-4.0820,18.8370,-17.8781,359.0643,127.1282,0.8254,-0.4480,-0.1264,1.4634,0.7972,0.0163,-0.6035
40.2882,141.63,-4.0909,18.8345,-17.8489,359.1614,126.6852,0.7675,-0.4464,-0.1265,1.4616,0.8018,0.0146,-0.5974
40.3082,141.63,-4.0998,18.8319,-17.8197,359.2569,126.2419,0.7091,-0.4447,-0.1267,1.4594,0.8065,0.0130,-0.5911
40.3282,141.63,-4.1086,18.8294,-17.7906,359.3505,125.7985,0.6502,-0.4429,-0.1268,1.4569,0.8110,0.0113,-0.5849
40.3481,141.63,-4.1175,18.8269,-17.7615,359.4422,125.3548,0.5909,-0.4409,-0.1269,1.4540,0.8155,0.0097,-0.5786
40.3682,141.63,-4.1262,18.8243,-17.7325,359.5321,124.9109,0.5312,-0.4389,-0.1270,1.4509,0.8200,0.0082,-0.5723
40.3882,141.63,-4.1350,18.8218,-17.7035,359.6201,124.4668,0.4710,-0.4368,-0.1271,1.4474,0.8244,0.0066,-0.5659
40.4082,138.88,-4.1437,18.8192,-17.6746,359.7062,124.0224,0.4105,-0.4346,-0.1273,1.4437,0.8288,0.0051,-0.5595
40.4282,138.88,-4.1523,18.8167,-17.6459,359.7904,123.5778,0.3496,-0.4322,-0.1274,1.4396,0.8331,0.0037,-0.5531
40.4482,138.88,-4.1609,18.8141,-17.6171,359.8726,123.1330,0.2884,-0.4298,-0.1275,1.4353,0.8374,0.0022,-0.5466
40.4682,138.88,-4.1695,18.8116,-17.5885,359.9520,122.7074,0.2302,-0.4275,-0.1276,1.4302,0.8414,0.0008,-0.5403
40.4882,138.88,-4.1780,18.8090,-17.5600,0.0288,122.3005,0.1750,-0.4250,-0.1278,1.4248,0.8453,-0.0005,-0.5344
40.5082,138.88,-4.1864,18.8065,-17.5317,0.1030,121.9120,0.1228,-0.4224,-0.1280,1.4192,0.8489,-0.0018,-0.5286
40.5281,138.88,-4.1948,18.8039,-17.5034,0.1748,121.5415,0.0733,-0.4197,-0.1281,1.4134,0.8523,-0.0031,-0.5231
40.5482,138.88,-4.2032,18.8013,-17.4752,0.2442,121.1887,0.0266,-0.4169,-0.1283,1.4074,0.8555,-0.0043,-0.5179
40.5682,138.88,-4.2114,18.7988,-17.4472,0.3113,120.8531,359.9824,-0.4139,-0.1285,1.4013,0.8585,-0.0054,-0.5128
40.5882,138.88,-4.2196,18.7962,-17.4193,0.3762,120.5344,359.9406,-0.4109,-0.1286,1.3950,0.8613,-0.0066,-0.5080
40.6082,138.88,-4.2278,18.7936,-17.3916,0.4390,120.2321,359.9013,-0.4077,-0.1288,1.3885,0.8640,-0.0077,-0.5035
40.6282,138.88,-4.2359,18.7910,-17.3639,0.4998,119.9460,359.8641,-0.4044,-0.1290,1.3819,0.8665,-0.0087,-0.4992
40.6482,138.88,-4.2440,18.7901,-17.3364,0.5793,119.6738,359.8267,-0.4041,-0.0478,1.3772,0.8688,-0.0101,-0.4950
40.6681,138.88,-4.2521,18.7898,-17.3089,0.6853,119.4143,359.7870,-0.4051,-0.0149,1.3737,0.8710,-0.0120,-0.4911
40.6882,138.88,-4.2602,18.7907,-17.2815,0.8115,119.1679,359.7462,-0.4045,0.0455,1.3688,0.8731,-0.0142,-0.4873
40.7082,138.88,-4.2683,18.7925,-17.2542,0.9598,118.9340,359.7036,-0.4041,0.0885,1.3639,0.8751,-0.0168,-0.4837
40.7282,138.88,-4.2763,18.7953,-17.2271,1.1276,118.7124,359.6596,-0.4027,0.1409,1.3581,0.8769,-0.0197,-0.4803
40.7482,138.88,-4.2843,18.7990,-17.2000,1.3148,118.5029,359.6141,-0.4008,0.1866,1.3520,0.8786,-0.0229,-0.4771
40.7682,138.88,-4.2923,18.8037,-17.1731,1.5198,118.3051,359.5672,-0.3981,0.2352,1.3451,0.8801,-0.0265,-0.4740
40.7882,138.88,-4.3002,18.8093,-17.1464,1.7423,118.1189,359.5190,-0.3947,0.2809,1.3377,0.8816,-0.0304,-0.4711
40.8082,138.88,-4.3080,18.8159,-17.1198,1.9810,117.9438,359.4696,-0.3904,0.3274,1.3296,0.8829,-0.0346,-0.4683
40.8282,138.88,-4.3157,18.8233,-17.0934,2.2354,117.7797,359.4191,-0.3852,0.3723,1.3208,0.8841,-0.0390,-0.4657
40.8481,138.88,-4.3233,18.8317,-17.0672,2.5044,117.6263,359.3675,-0.3791,0.4170,1.3114,0.8851,-0.0437,-0.4633
40.8682,138.88,-4.3307,18.8409,-17.0411,2.7873,117.4832,359.3150,-0.3720,0.4607,1.3012,0.8861,-0.0486,-0.4609
40.8882,138.88,-4.3380,18.8510,-17.0153,3.0835,117.3502,359.2616,-0.3640,0.5039,1.2903,0.8869,-0.0538,-0.4588
40.9082,138.88,-4.3451,18.8619,-16.9898,3.3921,117.2270,359.2076,-0.3549,0.5462,1.2788,0.8876,-0.0592,-0.4567
40.9282,138.88,-4.3520,18.8737,-16.9644,3.7125,117.1134,359.1529,-0.3447,0.5879,1.2664,0.8882,-0.0648,-0.4548
40.9482,138.88,-4.3587,18.8863,-16.9394,4.0441,117.0091,359.0978,-0.3334,0.6289,1.2533,0.8887,-0.0705,-0.4530
40.9682,138.88,-4.3651,18.8996,-16.9146,4.3862,116.9138,359.0423,-0.3210,0.6691,1.2395,0.8891,-0.0765,-0.4513
40.9882,138.88,-4.3712,18.9138,-16.8901,4.7381,116.8272,358.9865,-0.3075,0.7085,1.2249,0.8893,-0.0826,-0.4498
41.0082,138.88,-4.3771,18.9288,-16.8659,5.0993,116.7492,358.9306,-0.2928,0.7473,1.2095,0.8895,-0.0889,-0.4483
41.0281,138.88,-4.3826,18.9445,-16.8420,5.4692,116.6794,358.8746,-0.2769,0.7852,1.1934,0.8895,-0.0953,-0.4470
41.0482,138.88,-4.3878,18.9609,-16.8185,5.8472,116.6176,358.8186,-0.2598,0.8223,1.1765,0.8894,-0.1019,-0.4457
41.0682,138.88,-4.3927,18.9781,-16.7954,6.2328,116.6198,358.7818,-0.2422,0.8586,1.1568,0.8887,-0.1086,-0.4454
41.0882,138.88,-4.3971,18.9960,-16.7726,6.6254,116.6780,358.7619,-0.2232,0.8941,1.1367,0.8876,-0.1154,-0.4460
41.1082,138.88,-4.4012,19.0146,-16.7503,7.0247,116.7854,358.7568,-0.2028,0.9289,1.1164,0.8860,-0.1223,-0.4473
41.1282,138.88,-4.4048,19.0338,-16.7284,7.4301,116.8872,358.7464,-0.1801,0.9628,1.0977,0.8844,-0.1293,-0.4484
41.1482,138.88,-4.4079,19.0538,-16.7068,7.8412,116.9836,358.7305,-0.1562,0.9960,1.0783,0.8828,-0.1364,-0.4495
41.1681,138.88,-4.4105,19.0743,-16.6856,8.2575,117.0745,358.7094,-0.1310,1.0284,1.0580,0.8812,-0.1436,-0.4504
41.1882,138.88,-4.4126,19.0955,-16.6649,8.6787,117.1602,358.6833,-0.1046,1.0599,1.0370,0.8795,-0.1509,-0.4513
41.2082,138.88,-4.4141,19.1173,-16.6446,9.1042,117.2408,358.6523,-0.0770,1.0901,1.0152,0.8779,-0.1582,-0.4520
41.2282,138.88,-4.4151,19.1397,-16.6247,9.5332,117.3165,358.6170,-0.0482,1.1185,0.9926,0.8762,-0.1656,-0.4526
41.2482,138.88,-4.4155,19.1626,-16.6053,9.9648,117.3873,358.5775,-0.0183,1.1454,0.9691,0.8745,-0.1730,-0.4531
41.2682,138.88,-4.4152,19.1861,-16.5865,10.3983,117.4533,358.5343,0.0128,1.1706,0.9448,0.8728,-0.1805,-0.4535
41.2882,138.88,-4.4143,19.2099,-16.5681,10.8327,117.5148,358.4877,0.0450,1.1942,0.9197,0.8711,-0.1879,-0.4537
41.3082,138.88,-4.4127,19.2343,-16.5502,11.2675,117.5718,358.4379,0.0783,1.2162,0.8937,0.8693,-0.1954,-0.4539
41.3282,138.88,-4.4105,19.2590,-16.5329,11.7022,117.6781,358.4113,0.1116,1.2365,0.8645,0.8672,-0.2028,-0.4548
41.3481,138.88,-4.4076,19.2841,-16.5162,12.1360,117.8284,358.4055,0.1461,1.2550,0.8350,0.8646,-0.2102,-0.4564
41.3682,138.88,-4.4039,19.3096,-16.5001,12.5682,118.0178,358.4183,0.1819,1.2723,0.8052,0.8616,-0.2176,-0.4585
41.3882,138.88,-4.3995,19.3353,-16.4845,12.9978,118.1999,358.4256,0.2199,1.2880,0.7772,0.8587,-0.2249,-0.4604
41.4082,138.88,-4.3944,19.3614,-16.4696,13.4241,118.3749,358.4272,0.2589,1.3026,0.7485,0.8558,-0.2322,-0.4623
41.4282,135.68,-4.3885,19.3864,-16.4551,13.8086,118.5484,358.4259,0.2934,1.2512,0.7239,0.8530,-0.2387,-0.4641
41.4482,135.68,-4.3817,19.4116,-16.4413,14.1553,118.7193,358.4220,0.3392,1.2575,0.6908,0.8504,-0.2446,-0.4659
41.4682,135.68,-4.3742,19.4359,-16.4280,14.4617,118.8881,358.4153,0.3766,1.2164,0.6638,0.8478,-0.2497,-0.4678
41.4882,135.68,-4.3657,19.4602,-16.4154,14.7326,119.0537,358.4056,0.4218,1.2147,0.6309,0.8454,-0.2543,-0.4697
41.5082,135.68,-4.3565,19.4838,-16.4033,14.9663,119.2164,358.3928,0.4609,1.1813,0.6022,0.8432,-0.2583,-0.4716
41.5281,135.68,-4.3464,19.5073,-16.3919,15.1667,119.3754,358.3768,0.5054,1.1743,0.5694,0.8411,-0.2616,-0.4734
41.5482,135.68,-4.3355,19.5303,-16.3812,15.3329,119.5308,358.3575,0.5457,1.1466,0.5394,0.8391,-0.2644,-0.4753
41.5682,135.68,-4.3237,19.5530,-16.3710,15.4678,119.6819,358.3349,0.5894,1.1361,0.5066,0.8373,-0.2667,-0.4772
41.5882,135.68,-4.3111,19.5752,-16.3615,15.5713,119.8290,358.3090,0.6303,1.1125,0.4755,0.8357,-0.2684,-0.4792
41.6082,135.68,-4.2976,19.5972,-16.3527,15.6457,119.9714,358.2798,0.6732,1.0999,0.4427,0.8342,-0.2697,-0.4811
41.6282,135.68,-4.2833,19.6188,-16.3444,15.6910,120.1093,358.2473,0.7141,1.0794,0.4110,0.8328,-0.2704,-0.4830
41.6482,135.68,-4.2682,19.6401,-16.3369,15.7093,120.2424,358.2117,0.7560,1.0658,0.3782,0.8316,-0.2708,-0.4848
41.6681,135.68,-4.2523,19.6611,-16.3300,15.7009,120.3706,358.1729,0.7964,1.0476,0.3461,0.8306,-0.2706,-0.4867
41.6882,135.68,-4.2356,19.6818,-16.3237,15.6675,120.4938,358.1313,0.8372,1.0336,0.3133,0.8297,-0.2701,-0.4886
41.7082,135.68,-4.2180,19.7021,-16.3181,15.6096,120.6119,358.0867,0.8769,1.0170,0.2810,0.8289,-0.2691,-0.4904
41.7282,135.68,-4.1997,19.7222,-16.3131,15.5286,120.7249,358.0395,0.9164,1.0032,0.2484,0.8283,-0.2677,-0.4923
41.7482,135.68,-4.1806,19.7419,-16.3088,15.4252,120.8327,357.9897,0.9549,0.9879,0.2161,0.8277,-0.2660,-0.4941
41.7682,135.68,-4.1607,19.7614,-16.3051,15.3006,120.9354,357.9376,0.9929,0.9744,0.1837,0.8273,-0.2639,-0.4958
41.7882,135.68,-4.1401,19.7806,-16.3021,15.1556,121.0328,357.8833,1.0300,0.9602,0.1516,0.8271,-0.2614,-0.4976
41.8082,135.68,-4.1188,19.7996,-16.2997,14.9912,121.1251,357.8271,1.0664,0.9472,0.1196,0.8269,-0.2587,-0.4993
41.8282,135.68,-4.0968,19.8182,-16.2979,14.8082,121.2123,357.7691,1.1019,0.9339,0.0879,0.8268,-0.2556,-0.5010
41.8481,135.68,-4.0740,19.8367,-16.2968,14.6076,121.2943,357.7096,1.1365,0.9215,0.0563,0.8269,-0.2522,-0.5026
41.8682,135.68,-4.0506,19.8549,-16.2963,14.3902,121.3713,357.6487,1.1701,0.9090,0.0251,0.8270,-0.2485,-0.5042
41.8882,135.68,-4.0266,19.8728,-16.2964,14.1569,121.4433,357.5868,1.2027,0.8971,-0.0059,0.8272,-0.2446,-0.5058
41.9082,135.68,-4.0019,19.8905,-16.2971,13.9085,121.5104,357.5239,1.2343,0.8854,-0.0364,0.8275,-0.2404,-0.5073
41.9282,135.68,-3.9766,19.9087,-16.2985,13.6803,121.5657,357.4581,1.2651,0.9093,-0.0685,0.8279,-0.2365,-0.5086
41.9482,135.68,-3.9508,19.9269,-16.3004,13.4760,121.6088,357.3894,1.2894,0.9075,-0.0955,0.8282,-0.2330,-0.5097
41.9682,135.68,-3.9244,19.9454,-16.3030,13.2922,121.6408,357.3186,1.3175,0.9273,-0.1263,0.8285,-0.2299,-0.5105
41.9882,135.68,-3.8976,19.9640,-16.3060,13.1299,121.6617,357.2462,1.3411,0.9285,-0.1536,0.8289,-0.2272,-0.5112
42.0082,135.68,-3.8703,19.9829,-16.3097,12.9866,121.6724,357.1725,1.3672,0.9450,-0.1837,0.8293,-0.2247,-0.5116
42.0281,135.68,-3.8425,20.0018,-16.3139,12.8627,121.6731,357.0982,1.3902,0.9482,-0.2113,0.8297,-0.2226,-0.5119
42.0482,135.68,-3.8142,20.0211,-16.3187,12.7561,121.6644,357.0235,1.4148,0.9621,-0.2409,0.8301,-0.2208,-0.5120
42.0682,135.68,-3.7854,20.0404,-16.3241,12.6670,121.6466,356.9489,1.4372,0.9664,-0.2688,0.8306,-0.2193,-0.5119
42.0882,135.68,-3.7562,20.0600,-16.3301,12.5936,121.6203,356.8747,1.4607,0.9782,-0.2981,0.8311,-0.2180,-0.5117
42.1082,135.68,-3.7266,20.0796,-16.3366,12.5359,121.5858,356.8013,1.4825,0.9831,-0.3262,0.8315,-0.2171,-0.5113
42.1282,135.68,-3.6965,20.0995,-16.3437,12.4925,121.5437,356.7289,1.5051,0.9932,-0.3554,0.8321,-0.2163,-0.5108
42.1482,135.68,-3.6659,20.1195,-16.3514,12.4630,121.4942,356.6577,1.5266,0.9983,-0.3838,0.8326,-0.2158,-0.5101
42.1681,135.68,-3.6350,20.1396,-16.3597,12.4463,121.4378,356.5882,1.5486,1.0070,-0.4130,0.8332,-0.2155,-0.5093
42.1882,135.68,-3.6036,20.1598,-16.3685,12.4421,121.3749,356.5204,1.5699,1.0119,-0.4416,0.8337,-0.2155,-0.5084
42.2082,135.68,-3.5717,20.1802,-16.3779,12.4492,121.3059,356.4547,1.5915,1.0193,-0.4708,0.8343,-0.2156,-0.5074
42.2282,135.68,-3.5395,20.2007,-16.3879,12.4672,121.2312,356.3913,1.6126,1.0240,-0.4997,0.8349,-0.2159,-0.5063
42.2482,135.68,-3.5068,20.2213,-16.3985,12.4953,121.1512,356.3304,1.6340,1.0302,-0.5290,0.8355,-0.2164,-0.5050
42.2682,135.68,-3.4737,20.2420,-16.4096,12.5329,121.0663,356.2721,1.6551,1.0344,-0.5582,0.8362,-0.2170,-0.5037
42.2882,135.68,-3.4402,20.2628,-16.4214,12.5793,120.9769,356.2167,1.6764,1.0396,-0.5877,0.8368,-0.2178,-0.5023
42.3082,135.68,-3.4062,20.2837,-16.4337,12.6341,120.8833,356.1643,1.6976,1.0431,-0.6170,0.8374,-0.2187,-0.5009
42.3282,135.68,-3.3718,20.3046,-16.4467,12.6964,120.7860,356.1151,1.7191,1.0473,-0.6467,0.8381,-0.2198,-0.4993
42.3481,135.68,-3.3370,20.3256,-16.4602,12.7658,120.6853,356.0692,1.7405,1.0502,-0.6762,0.8387,-0.2210,-0.4977
42.3682,135.68,-3.3017,20.3462,-16.4743,12.8040,120.5916,356.0311,1.7652,1.0294,-0.7064,0.8394,-0.2216,-0.4963
42.3882,135.68,-3.2659,20.3668,-16.4891,12.8131,120.5045,356.0001,1.7930,1.0300,-0.7400,0.8401,-0.2218,-0.4950
42.4082,135.68,-3.2295,20.3871,-16.5045,12.7923,120.4242,355.9764,1.8186,1.0159,-0.7710,0.8409,-0.2214,-0.4938
42.4282,140.33,-3.1926,20.4074,-16.5206,12.7442,120.3500,355.9595,1.8453,1.0130,-0.8034,0.8417,-0.2206,-0.4928
42.4482,140.33,-3.1552,20.4274,-16.5373,12.6690,120.2818,355.9492,1.8705,1.0026,-0.8343,0.8425,-0.2193,-0.4920
42.4682,140.33,-3.1173,20.4474,-16.5546,12.5685,120.2192,355.9451,1.8961,0.9981,-0.8656,0.8434,-0.2176,-0.4912
42.4882,140.33,-3.0788,20.4672,-16.5725,12.4433,120.1619,355.9470,1.9207,0.9900,-0.8958,0.8443,-0.2155,-0.4906
42.5082,140.33,-3.0399,20.4869,-16.5910,12.2949,120.1096,355.9545,1.9451,0.9850,-0.9259,0.8452,-0.2129,-0.4901
42.5281,140.33,-3.0006,20.5065,-16.6101,12.1241,120.0619,355.9673,1.9687,0.9783,-0.9552,0.8462,-0.2100,-0.4898
42.5482,140.33,-2.9607,20.5259,-16.6298,11.9321,120.0186,355.9852,1.9917,0.9733,-0.9841,0.8472,-0.2068,-0.4895
42.5682,140.33,-2.9206,20.5455,-16.6500,11.7570,119.9693,356.0038,2.0089,0.9799,-1.0098,0.8481,-0.2038,-0.4891
42.5882,140.33,-2.8801,20.5651,-16.6707,11.6002,119.9141,356.0231,2.0245,0.9810,-1.0340,0.8491,-0.2011,-0.4885
42.6082,140.33,-2.8392,20.5849,-16.6919,11.4605,119.8535,356.0432,2.0406,0.9869,-1.0586,0.8500,-0.1987,-0.4879
42.6282,140.33,-2.7981,20.6047,-16.7135,11.3377,119.7880,356.0645,2.0557,0.9886,-1.0821,0.8509,-0.1966,-0.4871
42.6482,140.33,-2.7567,20.6245,-16.7356,11.2306,119.7182,356.0869,2.0711,0.9937,-1.1058,0.8518,-0.1948,-0.4862
42.6681,140.33,-2.7150,20.6444,-16.7582,11.1390,119.6445,356.1107,2.0858,0.9957,-1.1288,0.8527,-0.1932,-0.4853
42.6882,140.33,-2.6730,20.6645,-16.7812,11.0618,119.5674,356.1360,2.1008,1.0001,-1.1519,0.8536,-0.1919,-0.4843
42.7082,140.33,-2.6307,20.6845,-16.8047,10.9986,119.4873,356.1628,2.1154,1.0022,-1.1743,0.8545,-0.1908,-0.4832
42.7282,140.33,-2.5881,20.7046,-16.8287,10.9486,119.4047,356.1913,2.1302,1.0060,-1.1967,0.8553,-0.1899,-0.4820
42.7482,140.33,-2.5452,20.7248,-16.8530,10.9113,119.3200,356.2215,2.1447,1.0080,-1.2187,0.8561,-0.1893,-0.4808
42.7682,140.33,-2.5020,20.7450,-16.8779,10.8859,119.2335,356.2535,2.1595,1.0112,-1.2406,0.8569,-0.1889,-0.4796
42.7882,140.33,-2.4585,20.7653,-16.9031,10.8720,119.1455,356.2873,2.1741,1.0131,-1.2621,0.8577,-0.1886,-0.4783
42.8082,140.33,-2.4146,20.7853,-16.9288,10.8310,119.0662,356.3269,2.1938,0.9999,-1.2855,0.8585,-0.1879,-0.4772
42.8282,140.33,-2.3703,20.8053,-16.9550,10.7643,118.9948,356.3716,2.2152,1.0018,-1.3107,0.8593,-0.1868,-0.4762
42.8481,140.33,-2.3256,20.8252,-16.9817,10.6712,118.9312,356.4217,2.2352,0.9936,-1.3340,0.8601,-0.1852,-0.4754
42.8682,140.33,-2.2805,20.8450,-17.0088,10.5542,118.8747,356.4761,2.2556,0.9931,-1.3576,0.8609,-0.1832,-0.4747
42.8882,140.33,-2.2350,20.8648,-17.0364,10.4133,118.8251,356.5350,2.2749,0.9875,-1.3800,0.8617,-0.1807,-0.4742
42.9082,140.33,-2.1891,20.8845,-17.0645,10.2504,118.7816,356.5976,2.2942,0.9859,-1.4021,0.8625,-0.1780,-0.4738
42.9282,140.33,-2.1429,20.9041,-17.0930,10.0661,118.7439,356.6637,2.3126,0.9818,-1.4232,0.8633,-0.1748,-0.4735
42.9482,140.33,-2.0963,20.9237,-17.1218,9.8616,118.7116,356.7329,2.3305,0.9799,-1.4438,0.8641,-0.1713,-0.4733
42.9682,140.33,-2.0493,20.9433,-17.1511,9.6377,118.6841,356.8049,2.3476,0.9767,-1.4635,0.8649,-0.1674,-0.4732
42.9882,140.33,-2.0020,20.9628,-17.1807,9.3957,118.6612,356.8793,2.3641,0.9746,-1.4824,0.8657,-0.1633,-0.4732
43.0082,140.33,-1.9544,20.9822,-17.2108,9.1362,118.6423,356.9557,2.3797,0.9720,-1.5005,0.8665,-0.1588,-0.4733
43.0281,140.33,-1.9065,21.0016,-17.2411,8.8605,118.6271,357.0340,2.3945,0.9700,-1.5178,0.8673,-0.1540,-0.4734
43.0482,140.33,-1.8584,21.0210,-17.2718,8.5693,118.6153,357.1138,2.4084,0.9676,-1.5341,0.8681,-0.1490,-0.4736
43.0682,140.33,-1.8099,21.0403,-17.3028,8.2635,118.6064,357.1949,2.4214,0.9656,-1.5496,0.8688,-0.1437,-0.4738
43.0882,140.33,-1.7613,21.0596,-17.3341,7.9442,118.6001,357.2770,2.4334,0.9634,-1.5641,0.8696,-0.1382,-0.4741
43.1082,140.33,-1.7124,21.0788,-17.3656,7.6121,118.5961,357.3598,2.4445,0.9614,-1.5777,0.8703,-0.1325,-0.4744
43.1282,140.33,-1.6633,21.0980,-17.3974,7.2680,118.5941,357.4433,2.4545,0.9593,-1.5904,0.8710,-0.1265,-0.4748
43.1482,140.33,-1.6142,21.1173,-17.4294,6.9519,118.5862,357.5240,2.4574,0.9681,-1.5988,0.8716,-0.1210,-0.4750
43.1681,140.33,-1.5650,21.1368,-17.4615,6.6650,118.5725,357.6021,2.4588,0.9731,-1.6059,0.8723,-0.1161,-0.4750
43.1882,140.33,-1.5158,21.1564,-17.4938,6.4058,118.5538,357.6776,2.4601,0.9817,-1.6128,0.8729,-0.1116,-0.4750
43.2082,140.33,-1.4666,21.1762,-17.5262,6.1738,118.5303,357.7509,2.4607,0.9875,-1.6188,0.8735,-0.1075,-0.4749
43.2282,140.33,-1.4173,21.1961,-17.5587,5.9677,118.5026,357.8220,2.4611,0.9957,-1.6245,0.8740,-0.1040,-0.4746
43.2482,140.33,-1.3681,21.2162,-17.5912,5.7867,118.4712,357.8911,2.4610,1.0022,-1.6296,0.8746,-0.1008,-0.4743
43.2682,140.33,-1.3189,21.2364,-17.6239,5.6297,118.4365,357.9585,2.4608,1.0101,-1.6345,0.8751,-0.0981,-0.4739
43.2882,140.33,-1.2697,21.2567,-17.6567,5.4958,118.3988,358.0241,2.4603,1.0168,-1.6388,0.8756,-0.0958,-0.4734
43.3082,140.33,-1.2205,21.2772,-17.6896,5.3841,118.3586,358.0881,2.4598,1.0245,-1.6429,0.8761,-0.0938,-0.4729
43.3282,140.33,-1.1713,21.2978,-17.7225,5.2936,118.3162,358.1506,2.4591,1.0313,-1.6467,0.8766,-0.0923,-0.4723
43.3481,140.33,-1.1221,21.3186,-17.7555,5.2235,118.2718,358.2117,2.4586,1.0388,-1.6502,0.8771,-0.0910,-0.4717
43.3682,140.33,-1.0730,21.3395,-17.7886,5.1729,118.2259,358.2714,2.4580,1.0456,-1.6535,0.8775,-0.0902,-0.4710
43.3882,140.33,-1.0238,21.3606,-17.8217,5.1408,118.1787,358.3298,2.4576,1.0527,-1.6566,0.8779,-0.0896,-0.4703
43.4082,140.33,-0.9746,21.3812,-17.8550,5.0874,118.1363,358.3899,2.4627,1.0333,-1.6621,0.8784,-0.0887,-0.4697
43.4282,138.48,-0.9252,21.4020,-17.8883,5.0144,118.0983,358.4508,2.4691,1.0388,-1.6687,0.8788,-0.0874,-0.4692
43.4482,138.48,-0.8757,21.4225,-17.9218,4.9204,118.0647,358.5132,2.4743,1.0249,-1.6739,0.8792,-0.0858,-0.4687
43.4682,138.48,-0.8261,21.4430,-17.9554,4.8083,118.0347,358.5763,2.4799,1.0266,-1.6793,0.8796,-0.0838,-0.4684
43.4882,138.48,-0.7764,21.4634,-17.9891,4.6776,118.0084,358.6404,2.4845,1.0161,-1.6837,0.8799,-0.0815,-0.4680
43.5082,138.48,-0.7266,21.4837,-18.0228,4.5303,117.9851,358.7049,2.4891,1.0154,-1.6880,0.8803,-0.0790,-0.4678
43.5281,138.48,-0.6768,21.5038,-18.0567,4.3663,117.9648,358.7701,2.4929,1.0070,-1.6915,0.8807,-0.0761,-0.4676
43.5482,138.48,-0.6269,21.5239,-18.0905,4.1874,117.9471,358.8354,2.4964,1.0048,-1.6946,0.8810,-0.0730,-0.4674
43.5682,138.48,-0.5769,21.5439,-18.1245,3.9937,117.9317,358.9010,2.4992,0.9977,-1.6970,0.8814,-0.0696,-0.4673
43.5882,138.48,-0.5268,21.5638,-18.1585,3.7865,117.9185,358.9666,2.5015,0.9945,-1.6989,0.8817,-0.0660,-0.4672
43.6082,138.48,-0.4768,21.5835,-18.1925,3.5663,117.9071,359.0321,2.5030,0.9882,-1.7002,0.8820,-0.0622,-0.4671
43.6282,138.48,-0.4267,21.6032,-18.2265,3.3341,117.8976,359.0973,2.5040,0.9844,-1.7008,0.8823,-0.0582,-0.4671
43.6482,138.48,-0.3766,21.6228,-18.2605,3.0906,117.8895,359.1623,2.5042,0.9785,-1.7008,0.8826,-0.0539,-0.4671
43.6681,138.48,-0.3265,21.6423,-18.2945,2.8366,117.8829,359.2267,2.5038,0.9742,-1.7003,0.8828,-0.0495,-0.4671
43.6882,138.48,-0.2766,21.6621,-18.3284,2.6108,117.8734,359.2884,2.4965,0.9920,-1.6957,0.8831,-0.0456,-0.4670
43.7082,138.48,-0.2269,21.6821,-18.3622,2.4160,117.8608,359.3470,2.4877,0.9984,-1.6899,0.8833,-0.0422,-0.4669
43.7282,138.48,-0.1773,21.7024,-18.3959,2.2496,117.8458,359.4026,2.4793,1.0138,-1.6842,0.8835,-0.0393,-0.4667
43.7482,138.48,-0.1279,21.7228,-18.4295,2.1116,117.8286,359.4554,2.4703,1.0225,-1.6779,0.8837,-0.0368,-0.4665
43.7682,138.48,-0.0786,21.7435,-18.4629,1.9999,117.8095,359.5053,2.4615,1.0362,-1.6715,0.8840,-0.0349,-0.4662
43.7882,138.48,-0.0296,21.7645,-18.4962,1.9142,117.7889,359.5525,2.4525,1.0462,-1.6649,0.8842,-0.0334,-0.4660
43.8082,138.48,0.0193,21.7856,-18.5293,1.8529,117.7670,359.5971,2.4437,1.0589,-1.6582,0.8844,-0.0323,-0.4656
43.8282,138.48,0.0681,21.8062,-18.5624,1.7755,117.7478,359.6416,2.4411,1.0303,-1.6548,0.8846,-0.0310,-0.4654
43.8481,138.48,0.1169,21.8271,-18.5955,1.6841,117.7310,359.6855,2.4390,1.0402,-1.6518,0.8848,-0.0294,-0.4651
43.8682,138.48,0.1656,21.8474,-18.6284,1.5768,117.7166,359.7293,2.4362,1.0177,-1.6481,0.8849,-0.0275,-0.4649
43.8882,138.48,0.2143,21.8679,-18.6613,1.4566,117.7043,359.7724,2.4334,1.0226,-1.6443,0.8851,-0.0254,-0.4648
43.9082,138.48,0.2629,21.8879,-18.6941,1.3224,117.6941,359.8151,2.4299,1.0044,-1.6399,0.8852,-0.0231,-0.4646
43.9282,138.48,0.3114,21.9081,-18.7268,1.1766,117.6856,359.8571,2.4262,1.0058,-1.6353,0.8853,-0.0205,-0.4645
43.9482,138.48,0.3598,21.9279,-18.7594,1.0186,117.6788,359.8984,2.4219,0.9906,-1.6303,0.8854,-0.0178,-0.4644
43.9682,138.48,0.4082,21.9477,-18.7919,0.8502,117.6734,359.9390,2.4172,0.9895,-1.6249,0.8855,-0.0148,-0.4644
43.9882,138.48,0.4564,21.9672,-18.8243,0.6711,117.6694,359.9788,2.4119,0.9764,-1.6191,0.8856,-0.0117,-0.4643
44.0082,138.48,0.5046,21.9867,-18.8566,0.4828,117.6666,0.0177,2.4062,0.9735,-1.6128,0.8856,-0.0084,-0.4643
44.0281,138.48,0.5525,22.0059,-18.8887,0.2853,117.6648,0.0557,2.3999,0.9618,-1.6062,0.8857,-0.0050,-0.4643
44.0482,138.48,0.6004,22.0251,-18.9207,0.0797,117.6640,0.0928,2.3929,0.9576,-1.5991,0.8857,-0.0014,-0.4643
44.0682,138.48,0.6481,22.0440,-18.9525,359.8662,117.6639,0.1291,2.3855,0.9468,-1.5917,0.8857,0.0023,-0.4643
44.0882,138.48,0.6955,22.0635,-18.9841,359.6819,117.6620,0.1625,2.3707,0.9774,-1.5798,0.8857,0.0056,-0.4642
44.1082,138.48,0.7426,22.0832,-19.0154,359.5321,117.6579,0.1923,2.3547,0.9848,-1.5669,0.8857,0.0082,-0.4642
44.1282,138.48,0.7894,22.1034,-19.0465,359.4122,117.6521,0.2190,2.3390,1.0084,-1.5542,0.8857,0.0103,-0.4641
44.1482,138.48,0.8359,22.1238,-19.0774,359.3234,117.6445,0.2424,2.3229,1.0210,-1.5413,0.8858,0.0118,-0.4640
44.1681,138.48,0.8820,22.1447,-19.1079,359.2626,117.6357,0.2629,2.3071,1.0410,-1.5284,0.8858,0.0129,-0.4638
44.1882,138.48,0.9278,22.1658,-19.1382,359.2299,117.6255,0.2804,2.2913,1.0559,-1.5156,0.8859,0.0134,-0.4636
44.2082,138.48,0.9733,22.1873,-19.1683,359.2231,117.6143,0.2951,2.2758,1.0741,-1.5028,0.8860,0.0136,-0.4635
44.2282,138.48,1.0186,22.2090,-19.1981,359.2418,117.6021,0.3072,2.2605,1.0899,-1.4902,0.8861,0.0132,-0.4633
44.2482,138.48,1.0635,22.2312,-19.2276,359.2844,117.5892,0.3168,2.2456,1.1071,-1.4778,0.8862,0.0125,-0.4631
44.2682,138.48,1.1082,22.2525,-19.2571,359.3102,117.5783,0.3264,2.2388,1.0677,-1.4705,0.8863,0.0120,-0.4629
44.2882,138.48,1.1529,22.2742,-19.2863,359.3212,117.5691,0.3358,2.2313,1.0817,-1.4625,0.8864,0.0118,-0.4628
44.3082,138.48,1.1974,22.2952,-19.3154,359.3153,117.5618,0.3454,2.2246,1.0487,-1.4553,0.8864,0.0120,-0.4627
44.3282,138.48,1.2417,22.3163,-19.3444,359.2957,117.5562,0.3549,2.2170,1.0574,-1.4472,0.8865,0.0123,-0.4626
44.3481,138.48,1.2859,22.3369,-19.3732,359.2611,117.5521,0.3645,2.2100,1.0294,-1.4398,0.8865,0.0129,-0.4625
44.3682,138.48,1.3299,22.3576,-19.4018,359.2141,117.5496,0.3738,2.2022,1.0341,-1.4316,0.8865,0.0137,-0.4625
44.3882,138.48,1.3738,22.3778,-19.4303,359.1537,117.5484,0.3832,2.1947,1.0098,-1.4238,0.8865,0.0148,-0.4624
44.4082,138.48,1.4176,22.3980,-19.4586,359.0820,117.5486,0.3924,2.1864,1.0114,-1.4154,0.8865,0.0160,-0.4624
44.4282,135.80,1.4611,22.4178,-19.4867,358.9986,117.5499,0.4015,2.1784,0.9902,-1.4073,0.8865,0.0175,-0.4625
44.4482,135.80,1.5045,22.4376,-19.5147,358.9050,117.5524,0.4104,2.1696,0.9893,-1.3986,0.8864,0.0191,-0.4625
44.4682,135.80,1.5476,22.4579,-19.5424,358.8380,117.5538,0.4173,2.1536,1.0170,-1.3855,0.8864,0.0203,-0.4625
44.4882,135.80,1.5903,22.4786,-19.5698,358.8013,117.5537,0.4212,2.1370,1.0314,-1.3719,0.8864,0.0209,-0.4625
44.5082,135.80,1.6328,22.4996,-19.5970,358.7918,117.5525,0.4225,2.1207,1.0546,-1.3586,0.8864,0.0211,-0.4625
44.5281,135.80,1.6749,22.5211,-19.6239,358.8097,117.5502,0.4213,2.1046,1.0718,-1.3454,0.8864,0.0208,-0.4624
44.5482,135.80,1.7166,22.5429,-19.6506,358.8527,117.5468,0.4176,2.0889,1.0927,-1.3324,0.8865,0.0200,-0.4624
44.5682,135.80,1.7581,22.5652,-19.6770,358.9203,117.5425,0.4116,2.0736,1.1109,-1.3197,0.8865,0.0188,-0.4623
44.5882,135.80,1.7993,22.5878,-19.7031,359.0109,117.5373,0.4033,2.0588,1.1304,-1.3074,0.8866,0.0173,-0.4623
44.6082,135.80,1.8402,22.6107,-19.7290,359.1236,117.5313,0.3929,2.0445,1.1487,-1.2954,0.8867,0.0153,-0.4622
44.6282,135.80,1.8809,22.6328,-19.7548,359.2178,117.5270,0.3831,2.0386,1.1050,-1.2890,0.8867,0.0137,-0.4621
44.6482,135.80,1.9216,22.6552,-19.7804,359.2948,117.5243,0.3738,2.0322,1.1200,-1.2819,0.8867,0.0123,-0.4621
44.6681,135.80,1.9621,22.6769,-19.8059,359.3530,117.5231,0.3651,2.0267,1.0828,-1.2757,0.8868,0.0113,-0.4621
44.6882,135.80,2.0025,22.6987,-19.8313,359.3954,117.5234,0.3569,2.0205,1.0925,-1.2688,0.8868,0.0106,-0.4621
44.7082,135.80,2.0428,22.7200,-19.8566,359.4207,117.5250,0.3493,2.0149,1.0605,-1.2626,0.8868,0.0101,-0.4621
44.7282,135.80,2.0830,22.7413,-19.8817,359.4316,117.5279,0.3421,2.0087,1.0661,-1.2559,0.8867,0.0099,-0.4622
44.7482,135.80,2.1231,22.7620,-19.9067,359.4271,117.5320,0.3354,2.0029,1.0383,-1.2496,0.8867,0.0100,-0.4622
44.7682,135.80,2.1630,22.7829,-19.9315,359.4094,117.5372,0.3290,1.9966,1.0405,-1.2429,0.8867,0.0103,-0.4623
44.7882,135.80,2.2028,22.8032,-19.9563,359.3778,117.5436,0.3230,1.9904,1.0161,-1.2365,0.8866,0.0109,-0.4624
44.8082,135.80,2.2425,22.8235,-19.9809,359.3342,117.5509,0.3173,1.9838,1.0157,-1.2297,0.8865,0.0116,-0.4625
44.8282,135.80,2.2820,22.8434,-20.0053,359.2782,117.5593,0.3120,1.9773,0.9940,-1.2232,0.8865,0.0126,-0.4626
44.8481,135.80,2.3214,22.8632,-20.0297,359.2113,117.5686,0.3069,1.9702,0.9916,-1.2162,0.8864,0.0138,-0.4628
44.8682,135.80,2.3607,22.8826,-20.0538,359.1334,117.5788,0.3020,1.9631,0.9721,-1.2094,0.8863,0.0151,-0.4629
44.8882,135.80,2.3998,22.9020,-20.0779,359.0458,117.5898,0.2974,1.9554,0.9679,-1.2023,0.8862,0.0167,-0.4631
44.9082,135.80,2.4387,22.9210,-20.1018,358.9483,117.6015,0.2929,1.9478,0.9502,-1.1952,0.8860,0.0184,-0.4632
44.9282,135.80,2.4775,22.9399,-20.1256,358.8423,117.6140,0.2886,1.9395,0.9447,-1.1878,0.8859,0.0202,-0.4634
44.9482,135.80,2.5162,22.9585,-20.1492,358.7276,117.6271,0.2844,1.9311,0.9283,-1.1804,0.8858,0.0222,-0.4636
44.9682,135.80,2.5546,22.9769,-20.1726,358.6053,117.6409,0.2802,1.9221,0.9219,-1.1726,0.8856,0.0243,-0.4638
44.9882,135.80,2.5929,22.9950,-20.1959,358.4754,117.6552,0.2761,1.9129,0.9066,-1.1649,0.8854,0.0266,-0.4640
45.0082,135.80,2.6309,23.0130,-20.2190,358.3390,117.6699,0.2720,1.9031,0.8994,-1.1568,0.8853,0.0290,-0.4642
45.0281,135.80,2.6688,23.0307,-20.2420,358.1961,117.6850,0.2679,1.8931,0.8849,-1.1486,0.8851,0.0315,-0.4644
45.0482,135.80,2.7064,23.0483,-20.2648,358.0475,117.7005,0.2638,1.8825,0.8770,-1.1401,0.8849,0.0341,-0.4646
45.0682,135.80,2.7439,23.0655,-20.2875,357.8935,117.7163,0.2596,1.8716,0.8633,-1.1316,0.8847,0.0368,-0.4648
45.0882,135.80,2.7813,23.0797,-20.3102,357.6760,117.7395,0.2797,1.8731,0.7086,-1.1360,0.8843,0.0405,-0.4651
45.1082,135.80,2.8186,23.0927,-20.3327,357.4551,117.7624,0.2997,1.8624,0.6498,-1.1279,0.8840,0.0444,-0.4653
45.1282,135.80,2.8557,23.1029,-20.3552,357.2157,117.7859,0.3203,1.8572,0.5084,-1.1231,0.8837,0.0486,-0.4656
45.1482,135.80,2.8926,23.1117,-20.3775,356.9768,117.8085,0.3394,1.8457,0.4394,-1.1141,0.8833,0.0527,-0.4659
45.1681,135.80,2.9294,23.1178,-20.3996,356.7306,117.8306,0.3571,1.8379,0.3079,-1.1076,0.8829,0.0570,-0.4661
45.1882,135.80,2.9659,23.1225,-20.4216,356.4867,117.8517,0.3732,1.8256,0.2341,-1.0981,0.8825,0.0613,-0.4663
45.2082,135.80,3.0022,23.1247,-20.4434,356.2407,117.8719,0.3877,1.8163,0.1102,-1.0906,0.8821,0.0656,-0.4665
45.2282,135.80,3.0383,23.1254,-20.4650,355.9984,117.8909,0.4005,1.8031,0.0340,-1.0808,0.8817,0.0698,-0.4666
45.2482,135.80,3.0741,23.1237,-20.4865,355.7574,117.9090,0.4117,1.7926,-0.0837,-1.0725,0.8813,0.0740,-0.4668
45.2682,135.80,3.1097,23.1205,-20.5077,355.5212,117.9259,0.4214,1.7787,-0.1610,-1.0623,0.8809,0.0781,-0.4669
45.2882,135.80,3.1450,23.1150,-20.5288,355.2888,117.9417,0.4294,1.7670,-0.2735,-1.0534,0.8804,0.0821,-0.4670
45.3082,135.80,3.1799,23.1098,-20.5495,355.0865,117.9551,0.4355,1.7416,-0.2606,-1.0362,0.8801,0.0857,-0.4671
45.3282,135.80,3.2142,23.1036,-20.5699,354.9420,117.9628,0.4321,1.7159,-0.3114,-1.0174,0.8798,0.0882,-0.4671
45.3481,135.80,3.2480,23.0970,-20.5899,354.8355,117.9675,0.4253,1.6906,-0.3292,-1.0001,0.8796,0.0900,-0.4671
45.3682,135.80,3.2813,23.0897,-20.6095,354.7723,117.9688,0.4135,1.6657,-0.3649,-0.9829,0.8795,0.0911,-0.4670
45.3882,135.80,3.3141,23.0819,-20.6288,354.7460,117.9673,0.3985,1.6411,-0.3902,-0.9661,0.8795,0.0916,-0.4670
45.4082,135.80,3.3465,23.0735,-20.6478,354.7572,117.9631,0.3796,1.6167,-0.4203,-0.9495,0.8796,0.0914,-0.4669
45.4282,136.57,3.3783,23.0646,-20.6665,354.8026,117.9565,0.3577,1.5927,-0.4470,-0.9332,0.8797,0.0906,-0.4669
45.4482,136.57,3.4097,23.0551,-20.6848,354.8813,117.9475,0.3325,1.5692,-0.4750,-0.9174,0.8799,0.0892,-0.4668
45.4682,136.57,3.4406,23.0450,-20.7029,354.9913,117.9366,0.3046,1.5462,-0.5017,-0.9020,0.8801,0.0873,-0.4667
45.4882,136.57,3.4711,23.0345,-20.7206,355.1310,117.9237,0.2740,1.5239,-0.5286,-0.8870,0.8804,0.0849,-0.4666
45.5082,136.57,3.5015,23.0209,-20.7383,355.2652,117.9115,0.2426,1.5174,-0.6798,-0.8818,0.8807,0.0825,-0.4665
45.5281,136.57,3.5315,23.0067,-20.7557,355.3890,117.9007,0.2124,1.5031,-0.7110,-0.8723,0.8809,0.0804,-0.4664
45.5482,136.57,3.5615,22.9896,-20.7731,355.4996,117.8914,0.1830,1.4974,-0.8517,-0.8679,0.8811,0.0785,-0.4664
45.5682,136.57,3.5912,22.9719,-20.7902,355.6006,117.8835,0.1549,1.4839,-0.8876,-0.8591,0.8813,0.0767,-0.4663
45.5882,136.57,3.6207,22.9515,-20.8073,355.6902,117.8768,0.1278,1.4775,-1.0191,-0.8543,0.8815,0.0751,-0.4663
45.6082,136.57,3.6500,22.9303,-20.8242,355.7711,117.8714,0.1020,1.4646,-1.0588,-0.8459,0.8816,0.0737,-0.4662
45.6282,136.57,3.6791,22.9067,-20.8411,355.8423,117.8672,0.0773,1.4575,-1.1821,-0.8409,0.8817,0.0725,-0.4662
45.6482,136.57,3.7080,22.8822,-20.8577,355.9056,117.8641,0.0538,1.4450,-1.2249,-0.8328,0.8818,0.0714,-0.4662
45.6681,136.57,3.7368,22.8554,-20.8743,355.9604,117.8620,0.0314,1.4375,-1.3407,-0.8275,0.8819,0.0704,-0.4662
45.6882,136.57,3.7653,22.8276,-20.8907,356.0082,117.8608,0.0100,1.4253,-1.3860,-0.8198,0.8819,0.0696,-0.4662
45.7082,136.57,3.7936,22.7977,-20.9069,356.0487,117.8606,359.9898,1.4173,-1.4951,-0.8143,0.8820,0.0689,-0.4662
45.7282,136.57,3.8218,22.7669,-20.9231,356.0829,117.8612,359.9705,1.4055,-1.5423,-0.8067,0.8820,0.0683,-0.4662
45.7482,136.57,3.8497,22.7340,-20.9391,356.1108,117.8626,359.9522,1.3971,-1.6454,-0.8010,0.8820,0.0678,-0.4663
45.7682,136.57,3.8774,22.7001,-20.9550,356.1332,117.8647,359.9348,1.3854,-1.6939,-0.7936,0.8820,0.0674,-0.4663
45.7882,136.57,3.9049,22.6643,-20.9707,356.1501,117.8675,359.9183,1.3767,-1.7915,-0.7878,0.8820,0.0671,-0.4664
45.8082,136.57,3.9322,22.6275,-20.9863,356.1621,117.8708,359.9025,1.3651,-1.8411,-0.7805,0.8820,0.0669,-0.4664
45.8282,136.57,3.9594,22.5888,-21.0018,356.1696,117.8747,359.8877,1.3561,-1.9337,-0.7745,0.8820,0.0668,-0.4665
45.8481,136.57,3.9863,22.5491,-21.0172,356.1728,117.8791,359.8735,1.3445,-1.9840,-0.7672,0.8820,0.0667,-0.4666
45.8682,136.57,4.0130,22.5077,-21.0324,356.1722,117.8839,359.8600,1.3353,-2.0720,-0.7611,0.8819,0.0668,-0.4666
45.8882,136.57,4.0394,22.4652,-21.0475,356.1680,117.8892,359.8472,1.3237,-2.1227,-0.7539,0.8819,0.0668,-0.4667
45.9082,136.57,4.0657,22.4211,-21.0624,356.1605,117.8948,359.8351,1.3142,-2.2064,-0.7477,0.8818,0.0670,-0.4668
45.9282,136.57,4.0918,22.3759,-21.0772,356.1501,117.9008,359.8236,1.3026,-2.2573,-0.7405,0.8818,0.0671,-0.4669
45.9482,136.57,4.1176,22.3292,-21.0919,356.1371,117.9071,359.8127,1.2928,-2.3372,-0.7341,0.8817,0.0674,-0.4670
45.9682,136.57,4.1433,22.2814,-21.1065,356.1217,117.9137,359.8022,1.2812,-2.3879,-0.7269,0.8816,0.0676,-0.4671
45.9882,136.57,4.1687,22.2321,-21.1209,356.1044,117.9206,359.7925,1.2711,-2.4643,-0.7205,0.8816,0.0679,-0.4672
46.0082,136.57,4.1939,22.1818,-21.1351,356.0851,117.9278,359.7831,1.2595,-2.5148,-0.7132,0.8815,0.0683,-0.4673
46.0281,136.57,4.2188,22.1301,-21.1493,356.0643,117.9352,359.7744,1.2492,-2.5878,-0.7067,0.8814,0.0686,-0.4674
46.0482,136.57,4.2436,22.0773,-21.1633,356.0421,117.9427,359.7661,1.2374,-2.6380,-0.6994,0.8813,0.0690,-0.4675
46.0682,136.57,4.2681,22.0232,-21.1771,356.0190,117.9505,359.7584,1.2269,-2.7079,-0.6928,0.8812,0.0694,-0.4676
46.0882,136.57,4.2924,21.9680,-21.1908,355.9948,117.9584,359.7512,1.2151,-2.7575,-0.6855,0.8811,0.0698,-0.4677
46.1082,136.57,4.3165,21.9115,-21.2044,355.9701,117.9664,359.7444,1.2043,-2.8245,-0.6787,0.8810,0.0703,-0.4678
46.1282,136.57,4.3404,21.8541,-21.2178,355.9447,117.9744,359.7381,1.1924,-2.8736,-0.6715,0.8809,0.0707,-0.4679
46.1482,136.57,4.3640,21.7953,-21.2311,355.9192,117.9824,359.7323,1.1814,-2.9378,-0.6646,0.8809,0.0712,-0.4680
46.1681,136.57,4.3874,21.7356,-21.2443,355.8934,117.9904,359.7269,1.1695,-2.9862,-0.6573,0.8808,0.0716,-0.4681
46.1882,136.57,4.4106,21.6746,-21.2573,355.8678,117.9983,359.7220,1.1583,-3.0479,-0.6503,0.8807,0.0721,-0.4682
46.2082,136.57,4.4335,21.6127,-21.2701,355.8422,118.0061,359.7175,1.1463,-3.0955,-0.6430,0.8806,0.0725,-0.4683
46.2282,136.57,4.4562,21.5496,-21.2828,355.8170,118.0137,359.7133,1.1350,-3.1549,-0.6359,0.8805,0.0729,-0.4684
46.2482,136.57,4.4786,21.4856,-21.2954,355.7921,118.0211,359.7096,1.1229,-3.2016,-0.6285,0.8804,0.0734,-0.4685
46.2682,136.57,4.5009,21.4204,-21.3078,355.7678,118.0282,359.7061,1.1114,-3.2587,-0.6214,0.8803,0.0738,-0.4686
46.2882,136.57,4.5229,21.3543,-21.3201,355.7441,118.0351,359.7030,1.0992,-3.3046,-0.6140,0.8802,0.0742,-0.4687
46.3082,136.57,4.5446,21.2871,-21.3323,355.7212,118.0416,359.7002,1.0876,-3.3595,-0.6068,0.8801,0.0746,-0.4688
46.3282,136.57,4.5661,21.2190,-21.3442,355.6990,118.0478,359.6977,1.0754,-3.4045,-0.5994,0.8801,0.0750,-0.4689
46.3481,136.57,4.5871,21.1539,-21.3560,355.6726,118.0539,359.6948,1.0510,-3.2571,-0.5864,0.8800,0.0755,-0.4690
46.3682,136.57,4.6079,21.0881,-21.3675,355.6461,118.0598,359.6920,1.0382,-3.2919,-0.5787,0.8799,0.0759,-0.4690
46.3882,136.57,4.6282,21.0249,-21.3789,355.6159,118.0655,359.6890,1.0143,-3.1565,-0.5661,0.8798,0.0764,-0.4691
46.4082,136.57,4.6482,20.9613,-21.3900,355.5858,118.0709,359.6862,1.0009,-3.1823,-0.5582,0.8797,0.0770,-0.4692
46.4282,139.36,4.6678,20.9001,-21.4010,355.5524,118.0761,359.6830,0.9775,-3.0576,-0.5459,0.8797,0.0775,-0.4692
46.4482,139.36,4.6870,20.8386,-21.4117,355.5193,118.0811,359.6801,0.9635,-3.0757,-0.5378,0.8796,0.0781,-0.4693
46.4682,139.36,4.7058,20.7794,-21.4222,355.4834,118.0859,359.6769,0.9405,-2.9605,-0.5257,0.8795,0.0787,-0.4693
46.4882,139.36,4.7243,20.7200,-21.4326,355.4479,118.0904,359.6739,0.9259,-2.9718,-0.5174,0.8794,0.0794,-0.4694
46.5082,139.36,4.7424,20.6627,-21.4427,355.4100,118.0948,359.6707,0.9032,-2.8653,-0.5055,0.8793,0.0800,-0.4694
46.5281,139.36,4.7600,20.6067,-21.4525,355.4035,118.0956,359.6651,0.8771,-2.7959,-0.4911,0.8793,0.0801,-0.4694
46.5482,139.36,4.7770,20.5527,-21.4620,355.4229,118.0936,359.6577,0.8503,-2.7043,-0.4766,0.8794,0.0798,-0.4694
46.5682,139.36,4.7935,20.5001,-21.4713,355.4695,118.0888,359.6484,0.8246,-2.6283,-0.4627,0.8795,0.0790,-0.4694
46.5882,139.36,4.8094,20.4492,-21.4803,355.5406,118.0815,359.6375,0.7990,-2.5442,-0.4490,0.8796,0.0778,-0.4693
46.6082,139.36,4.8249,20.3999,-21.4890,355.6360,118.0719,359.6248,0.7742,-2.4668,-0.4358,0.8798,0.0761,-0.4692
46.6282,139.36,4.8399,20.3521,-21.4974,355.7542,118.0602,359.6106,0.7500,-2.3867,-0.4230,0.8800,0.0740,-0.4691
46.6482,139.36,4.8544,20.3059,-21.5057,355.8942,118.0465,359.5948,0.7266,-2.3100,-0.4108,0.8803,0.0716,-0.4690
46.6681,139.36,4.8685,20.2613,-21.5136,356.0550,118.0312,359.5777,0.7039,-2.2327,-0.3992,0.8806,0.0688,-0.4688
46.6882,139.36,4.8822,20.2181,-21.5214,356.2356,118.0143,359.5592,0.6822,-2.1573,-0.3882,0.8809,0.0657,-0.4687
46.7082,139.36,4.8954,20.1765,-21.5290,356.4349,117.9960,359.5394,0.6614,-2.0822,-0.3778,0.8813,0.0622,-0.4685
46.7282,139.36,4.9084,20.1348,-21.5364,356.6241,117.9795,359.5208,0.6513,-2.0872,-0.3730,0.8816,0.0589,-0.4683
46.7482,139.36,4.9212,20.0944,-21.5438,356.8003,117.9650,359.5033,0.6380,-2.0175,-0.3674,0.8819,0.0558,-0.4682
46.7682,139.36,4.9338,20.0540,-21.5510,356.9656,117.9523,359.4870,0.6288,-2.0187,-0.3633,0.8821,0.0529,-0.4681
46.7882,139.36,4.9461,20.0150,-21.5582,357.1189,117.9413,359.4716,0.6169,-1.9539,-0.3584,0.8823,0.0503,-0.4680
46.8082,139.36,4.9583,19.9759,-21.5653,357.2618,117.9319,359.4575,0.6082,-1.9519,-0.3548,0.8825,0.0478,-0.4679
46.8282,139.36,4.9702,19.9381,-21.5723,357.3936,117.9240,359.4442,0.5974,-1.8914,-0.3507,0.8827,0.0455,-0.4678
46.8481,139.36,4.9820,19.9004,-21.5793,357.5157,117.9174,359.4321,0.5893,-1.8866,-0.3475,0.8828,0.0433,-0.4678
46.8682,139.36,4.9936,19.8638,-21.5861,357.6275,117.9121,359.4208,0.5795,-1.8301,-0.3439,0.8829,0.0414,-0.4677
46.8882,139.36,5.0050,19.8273,-21.5930,357.7302,117.9079,359.4105,0.5718,-1.8228,-0.3410,0.8830,0.0396,-0.4677
46.9082,139.36,5.0163,19.7919,-21.5997,357.8234,117.9048,359.4011,0.5628,-1.7698,-0.3379,0.8831,0.0380,-0.4677
46.9282,139.36,5.0274,19.7567,-21.6064,357.9081,117.9025,359.3926,0.5555,-1.7605,-0.3353,0.8832,0.0365,-0.4677
46.9482,139.36,5.0383,19.7225,-21.6131,357.9841,117.9011,359.3849,0.5471,-1.7108,-0.3326,0.8832,0.0352,-0.4677
46.9682,139.36,5.0491,19.6885,-21.6197,358.0523,117.9004,359.3781,0.5401,-1.6997,-0.3302,0.8833,0.0340,-0.4677
46.9882,139.36,5.0598,19.6554,-21.6262,358.1124,117.9004,359.3720,0.5321,-1.6529,-0.3278,0.8833,0.0329,-0.4677
47.0082,139.36,5.0703,19.6226,-21.6328,358.1653,117.9010,359.3668,0.5254,-1.6403,-0.3256,0.8833,0.0320,-0.4677
47.0281,139.36,5.0806,19.5907,-21.6392,358.2108,117.9021,359.3622,0.5178,-1.5961,-0.3234,0.8833,0.0312,-0.4677
47.0482,139.36,5.0909,19.5591,-21.6456,358.2498,117.9037,359.3584,0.5112,-1.5822,-0.3213,0.8833,0.0305,-0.4678
47.0682,139.36,5.1009,19.5283,-21.6520,358.2820,117.9057,359.3553,0.5039,-1.5405,-0.3192,0.8833,0.0300,-0.4678
47.0882,139.36,5.1109,19.4977,-21.6584,358.3082,117.9081,359.3529,0.4975,-1.5256,-0.3173,0.8833,0.0295,-0.4679
47.1082,139.36,5.1207,19.4680,-21.6647,358.3283,117.9108,359.3511,0.4903,-1.4861,-0.3153,0.8833,0.0292,-0.4679
47.1282,139.36,5.1304,19.4386,-21.6710,358.3430,117.9139,359.3499,0.4839,-1.4702,-0.3134,0.8833,0.0289,-0.4679
47.1482,139.36,5.1399,19.4100,-21.6772,358.3521,117.9173,359.3494,0.4769,-1.4327,-0.3114,0.8833,0.0288,-0.4680
47.1681,139.36,5.1493,19.3816,-21.6834,358.3562,117.9210,359.3495,0.4705,-1.4162,-0.3095,0.8832,0.0287,-0.4681
47.1882,139.36,5.1586,19.3540,-21.6895,358.3553,117.9250,359.3501,0.4635,-1.3805,-0.3075,0.8832,0.0287,-0.4681
47.2082,139.36,5.1677,19.3268,-21.6956,358.3500,117.9293,359.3513,0.4570,-1.3634,-0.3056,0.8832,0.0288,-0.4682
47.2282,139.36,5.1767,19.3002,-21.7017,358.3401,117.9339,359.3529,0.4501,-1.3295,-0.3036,0.8831,0.0290,-0.4683
47.2482,139.36,5.1856,19.2739,-21.7077,358.3262,117.9388,359.3551,0.4435,-1.3119,-0.3016,0.8831,0.0292,-0.4683
47.2682,139.36,5.1943,19.2483,-21.7137,358.3083,117.9439,359.3577,0.4365,-1.2795,-0.2995,0.8830,0.0295,-0.4684
47.2882,139.36,5.2030,19.2244,-21.7197,358.2594,117.9522,359.3623,0.4327,-1.1955,-0.3001,0.8829,0.0304,-0.4685
47.3082,139.36,5.2116,19.2015,-21.7258,358.1764,117.9642,359.3702,0.4302,-1.1450,-0.3014,0.8828,0.0318,-0.4687
47.3282,139.36,5.2201,19.1800,-21.7318,358.0638,117.9791,359.3805,0.4261,-1.0745,-0.3017,0.8826,0.0338,-0.4689
47.3481,139.36,5.2286,19.1597,-21.7378,357.9211,117.9970,359.3933,0.4221,-1.0180,-0.3019,0.8824,0.0363,-0.4691
47.3682,139.36,5.2369,19.1406,-21.7439,357.7509,118.0173,359.4083,0.4168,-0.9539,-0.3015,0.8821,0.0392,-0.4694
47.3882,139.36,5.2451,19.1227,-21.7499,357.5539,118.0399,359.4255,0.4112,-0.8960,-0.3006,0.8818,0.0427,-0.4697
47.4082,139.36,5.2532,19.1060,-21.7559,357.3318,118.0645,359.4447,0.4044,-0.8355,-0.2991,0.8815,0.0466,-0.4700
47.4282,132.88,5.2611,19.0904,-21.7618,357.0856,118.0909,359.4658,0.3968,-0.7779,-0.2971,0.8811,0.0508,-0.4703
47.4482,132.88,5.2689,19.0760,-21.7677,356.8167,118.1188,359.4885,0.3881,-0.7198,-0.2943,0.8806,0.0555,-0.4706
47.4682,132.88,5.2765,19.0628,-21.7735,356.5261,118.1480,359.5129,0.3784,-0.6635,-0.2908,0.8801,0.0606,-0.4709
47.4881,132.88,5.2838,19.0506,-21.7792,356.2150,118.1783,359.5388,0.3675,-0.6073,-0.2866,0.8796,0.0660,-0.4712
47.5082,132.88,5.2909,19.0396,-21.7849,355.8846,118.2094,359.5662,0.3554,-0.5524,-0.2816,0.8790,0.0718,-0.4715
47.5281,132.88,5.2978,19.0296,-21.7904,355.5358,118.2413,359.5949,0.3421,-0.4981,-0.2758,0.8783,0.0778,-0.4718
47.5482,132.88,5.3043,19.0207,-21.7958,355.1697,118.2736,359.6248,0.3275,-0.4449,-0.2691,0.8776,0.0842,-0.4720
47.5682,132.88,5.3105,19.0129,-21.8010,354.7874,118.3063,359.6559,0.3116,-0.3924,-0.2615,0.8768,0.0909,-0.4722
47.5882,132.88,5.3164,19.0061,-21.8061,354.3896,118.3390,359.6881,0.2943,-0.3409,-0.2531,0.8759,0.0978,-0.4724
47.6082,132.88,5.3219,19.0003,-21.8109,353.9774,118.3717,359.7214,0.2757,-0.2902,-0.2437,0.8750,0.1049,-0.4726
47.6282,132.88,5.3271,18.9955,-21.8156,353.5516,118.4042,359.7556,0.2556,-0.2405,-0.2334,0.8740,0.1123,-0.4727
47.6482,132.88,5.3317,18.9916,-21.8200,353.1133,118.4363,359.7906,0.2341,-0.1923,-0.2221,0.8730,0.1199,-0.4727
47.6681,132.88,5.3360,18.9887,-21.8242,352.6636,118.4679,359.8264,0.2113,-0.1460,-0.2098,0.8719,0.1277,-0.4728
47.6882,132.88,5.3397,18.9867,-21.8282,352.2038,118.4987,359.8628,0.1869,-0.1014,-0.1965,0.8707,0.1356,-0.4727
47.7082,132.88,5.3429,18.9855,-21.8318,351.7351,118.5286,359.8996,0.1611,-0.0587,-0.1822,0.8695,0.1437,-0.4726
47.7282,132.88,5.3456,18.9852,-21.8351,351.2587,118.5574,359.9366,0.1339,-0.0177,-0.1669,0.8681,0.1520,-0.4725
47.7482,132.88,5.3477,18.9856,-21.8382,350.7755,118.5849,359.9738,0.1052,0.0215,-0.1506,0.8668,0.1603,-0.4723
47.7682,132.88,5.3492,18.9868,-21.8408,350.2868,118.6112,0.0111,0.0751,0.0590,-0.1332,0.8653,0.1687,-0.4720
47.7882,132.88,5.3501,18.9887,-21.8431,349.7936,118.6360,0.0482,0.0436,0.0946,-0.1149,0.8638,0.1772,-0.4717
47.8082,132.88,5.3503,18.9913,-21.8450,349.2968,118.6592,0.0851,0.0107,0.1285,-0.0956,0.8622,0.1857,-0.4713
47.8282,132.88,5.3498,18.9945,-21.8465,348.7975,118.6808,0.1217,-0.0236,0.1607,-0.0754,0.8606,0.1943,-0.4708
47.8481,132.88,5.3486,18.9983,-21.8476,348.2965,118.7007,0.1579,-0.0592,0.1911,-0.0541,0.8589,0.2028,-0.4703
47.8682,132.88,5.3467,19.0027,-21.8483,347.7948,118.7188,0.1937,-0.0962,0.2198,-0.0320,0.8572,0.2114,-0.4697
47.8882,132.88,5.3440,19.0077,-21.8484,347.2933,118.7350,0.2289,-0.1345,0.2468,-0.0089,0.8554,0.2200,-0.4690
47.9082,132.88,5.3405,19.0131,-21.8481,346.7927,118.7494,0.2634,-0.1741,0.2721,0.0150,0.8535,0.2285,-0.4683
47.9282,132.88,5.3362,19.0191,-21.8473,346.2939,118.7617,0.2973,-0.2149,0.2958,0.0399,0.8517,0.2369,-0.4675
47.9482,132.88,5.3311,19.0254,-21.8460,345.7975,118.7720,0.3305,-0.2570,0.3179,0.0656,0.8498,0.2453,-0.4666
47.9682,132.88,5.3251,19.0322,-21.8442,345.3045,118.7803,0.3628,-0.3003,0.3384,0.0921,0.8478,0.2537,-0.4657
47.9881,132.88,5.3182,19.0394,-21.8418,344.8154,118.7865,0.3943,-0.3447,0.3574,0.1194,0.8458,0.2619,-0.4647
48.0082,132.88,5.3104,19.0469,-21.8388,344.3309,118.7905,0.4250,-0.3903,0.3748,0.1475,0.8438,0.2701,-0.4637
48.0281,132.88,5.3016,19.0547,-21.8353,343.8516,118.7924,0.4547,-0.4370,0.3907,0.1764,0.8418,0.2781,-0.4626
48.0482,132.88,5.2919,19.0628,-21.8312,343.3781,118.7922,0.4836,-0.4848,0.4052,0.2060,0.8398,0.2861,-0.4615
48.0682,132.88,5.2813,19.0712,-21.8265,342.9109,118.7898,0.5114,-0.5336,0.4183,0.2363,0.8377,0.2939,-0.4603
48.0882,132.88,5.2696,19.0798,-21.8211,342.4505,118.7853,0.5383,-0.5834,0.4300,0.2673,0.8356,0.3015,-0.4591
48.1082,132.88,5.2569,19.0886,-21.8151,341.9975,118.7787,0.5642,-0.6342,0.4404,0.2989,0.8336,0.3091,-0.4579
48.1282,132.88,5.2432,19.0976,-21.8085,341.5523,118.7700,0.5890,-0.6860,0.4495,0.3312,0.8315,0.3164,-0.4566
48.1482,132.88,5.2284,19.1068,-21.8012,341.1153,118.7593,0.6127,-0.7386,0.4574,0.3640,0.8295,0.3237,-0.4552
48.1681,132.88,5.2126,19.1160,-21.7933,340.6869,118.7467,0.6354,-0.7921,0.4640,0.3974,0.8274,0.3307,-0.4539
48.1882,132.88,5.1956,19.1254,-21.7847,340.2673,118.7321,0.6569,-0.8465,0.4694,0.4314,0.8254,0.3376,-0.4525
48.2082,132.88,5.1776,19.1349,-21.7753,339.8571,118.7157,0.6772,-0.9017,0.4738,0.4659,0.8234,0.3444,-0.4511
48.2282,132.88,5.1584,19.1445,-21.7653,339.4564,118.6976,0.6964,-0.9576,0.4770,0.5009,0.8214,0.3509,-0.4496
48.2482,132.88,5.1381,19.1541,-21.7546,339.0656,118.6777,0.7143,-1.0143,0.4792,0.5363,0.8194,0.3573,-0.4482
48.2682,132.88,5.1167,19.1637,-21.7431,338.6848,118.6563,0.7309,-1.0718,0.4803,0.5722,0.8175,0.3635,-0.4468
48.2882,132.88,5.0941,19.1733,-21.7310,338.3145,118.6334,0.7461,-1.1298,0.4805,0.6085,0.8156,0.3695,-0.4453
48.3082,132.88,5.0703,19.1829,-21.7181,337.9546,118.6092,0.7601,-1.1886,0.4798,0.6451,0.8137,0.3753,-0.4438
48.3282,132.88,5.0454,19.1925,-21.7044,337.6054,118.5836,0.7726,-1.2479,0.4782,0.6821,0.8119,0.3810,-0.4424
48.3481,132.88,5.0192,19.2020,-21.6900,337.2671,118.5568,0.7836,-1.3078,0.4757,0.7195,0.8101,0.3864,-0.4409
48.3682,132.88,4.9919,19.2114,-21.6749,336.9398,118.5289,0.7932,-1.3683,0.4724,0.7572,0.8084,0.3917,-0.4394
48.3882,132.88,4.9633,19.2208,-21.6590,336.6237,118.5001,0.8013,-1.4293,0.4684,0.7951,0.8067,0.3968,-0.4380
48.4082,132.88,4.9334,19.2301,-21.6423,336.3187,118.4704,0.8079,-1.4908,0.4636,0.8333,0.8050,0.4016,-0.4366
48.4282,132.88,4.9024,19.2392,-21.6249,336.0251,118.4398,0.8128,-1.5528,0.4581,0.8717,0.8035,0.4063,-0.4351
48.4482,137.09,4.8701,19.2483,-21.6067,335.7429,118.4086,0.8162,-1.6152,0.4520,0.9103,0.8019,0.4108,-0.4338
48.4682,137.09,4.8365,19.2572,-21.5877,335.4721,118.3768,0.8179,-1.6779,0.4452,0.9491,0.8004,0.4151,-0.4324
48.4881,137.09,4.8017,19.2659,-21.5679,335.2128,118.3445,0.8181,-1.7411,0.4379,0.9881,0.7990,0.4192,-0.4310
48.5082,137.09,4.7656,19.2746,-21.5474,334.9651,118.3117,0.8165,-1.8046,0.4300,1.0272,0.7977,0.4232,-0.4297
48.5281,137.09,4.7282,19.2830,-21.5261,334.7288,118.2786,0.8133,-1.8684,0.4216,1.0664,0.7964,0.4269,-0.4284
48.5482,137.09,4.6896,19.2912,-21.5039,334.5040,118.2452,0.8085,-1.9325,0.4127,1.1057,0.7951,0.4304,-0.4272
48.5682,137.09,4.6497,19.2993,-21.4810,334.2907,118.2116,0.8019,-1.9968,0.4034,1.1450,0.7940,0.4338,-0.4259
48.5882,137.09,4.6084,19.3072,-21.4574,334.0889,118.1778,0.7937,-2.0614,0.3937,1.1844,0.7929,0.4370,-0.4247
48.6082,137.09,4.5659,19.3149,-21.4329,333.8984,118.1439,0.7839,-2.1262,0.3836,1.2238,0.7918,0.4400,-0.4236
48.6282,137.09,4.5221,19.3223,-21.4076,333.7194,118.1100,0.7724,-2.1911,0.3731,1.2632,0.7909,0.4428,-0.4225
48.6482,137.09,4.4770,19.3296,-21.3816,333.5516,118.0761,0.7592,-2.2562,0.3623,1.3025,0.7900,0.4454,-0.4214
48.6681,137.09,4.4305,19.3366,-21.3547,333.3951,118.0423,0.7444,-2.3214,0.3512,1.3418,0.7891,0.4478,-0.4203
48.6882,137.09,4.3828,19.3434,-21.3271,333.2497,118.0087,0.7279,-2.3867,0.3399,1.3811,0.7884,0.4501,-0.4193
48.7082,137.09,4.3337,19.3500,-21.2987,333.1154,117.9753,0.7099,-2.4521,0.3283,1.4202,0.7877,0.4522,-0.4184
48.7282,137.09,4.2834,19.3563,-21.2695,332.9919,117.9422,0.6902,-2.5175,0.3166,1.4592,0.7871,0.4541,-0.4175
48.7482,137.09,4.2317,19.3624,-21.2396,332.8792,117.9094,0.6689,-2.5829,0.3046,1.4981,0.7865,0.4559,-0.4166
48.7682,137.09,4.1788,19.3682,-21.2088,332.7772,117.8771,0.6461,-2.6482,0.2925,1.5369,0.7860,0.4575,-0.4158
48.7882,137.09,4.1245,19.3738,-21.1773,332.6857,117.8454,0.6217,-2.7135,0.2803,1.5754,0.7856,0.4589,-0.4150
48.8082,137.09,4.0689,19.3792,-21.1450,332.6045,117.8143,0.5957,-2.7788,0.2680,1.6138,0.7853,0.4601,-0.4143
48.8282,137.09,4.0120,19.3843,-21.1120,332.5336,117.7838,0.5683,-2.8439,0.2555,1.6519,0.7850,0.4612,-0.4136
48.8481,137.09,3.9539,19.3892,-21.0782,332.4727,117.7542,0.5393,-2.9090,0.2431,1.6899,0.7848,0.4622,-0.4130
48.8682,137.09,3.8944,19.3938,-21.0436,332.4216,117.7253,0.5089,-2.9738,0.2305,1.7276,0.7846,0.4630,-0.4124
48.8882,137.09,3.8336,19.3981,-21.0083,332.3803,117.6974,0.4771,-3.0385,0.2180,1.7650,0.7845,0.4636,-0.4118
48.9082,137.09,3.7716,19.4023,-20.9723,332.3485,117.6704,0.4439,-3.1031,0.2055,1.8021,0.7845,0.4641,-0.4113
48.9282,137.09,3.7082,19.4061,-20.9355,332.3260,117.6445,0.4094,-3.1673,0.1929,1.8390,0.7845,0.4644,-0.4109
48.9482,137.09,3.6436,19.4097,-20.8980,332.3128,117.6196,0.3736,-3.2314,0.1804,1.8755,0.7846,0.4646,-0.4105
48.9682,137.09,3.5777,19.4131,-20.8598,332.3085,117.5958,0.3366,-3.2952,0.1680,1.9117,0.7847,0.4647,-0.4102
48.9881,137.09,3.5105,19.4162,-20.8208,332.3130,117.5732,0.2984,-3.3587,0.1556,1.9476,0.7849,0.4646,-0.4099
49.0082,137.09,3.4421,19.4191,-20.7812,332.3261,117.5518,0.2591,-3.4218,0.1433,1.9831,0.7852,0.4644,-0.4096
49.0281,137.09,3.3724,19.4217,-20.7408,332.3477,117.5316,0.2188,-3.4847,0.1311,2.0182,0.7855,0.4641,-0.4094
49.0482,137.09,3.3014,19.4241,-20.6997,332.3774,117.5128,0.1776,-3.5472,0.1191,2.0530,0.7858,0.4636,-0.4093
49.0682,137.09,3.2292,19.4262,-20.6580,332.4151,117.4952,0.1354,-3.6093,0.1071,2.0874,0.7862,0.4631,-0.4092
49.0882,137.09,3.1558,19.4281,-20.6156,332.4607,117.4790,0.0924,-3.6710,0.0953,2.1214,0.7867,0.4624,-0.4091
49.1082,137.09,3.0812,19.4298,-20.5725,332.5138,117.4642,0.0486,-3.7323,0.0836,2.1549,0.7871,0.4615,-0.4091
49.1282,137.09,3.0053,19.4312,-20.5287,332.5743,117.4508,0.0041,-3.7931,0.0720,2.1881,0.7877,0.4606,-0.4092
49.1482,137.09,2.9282,19.4324,-20.4843,332.6420,117.4388,359.9590,-3.8535,0.0607,2.2208,0.7882,0.4595,-0.4093
49.1681,137.09,2.8500,19.4334,-20.4392,332.7166,117.4282,359.9132,-3.9134,0.0495,2.2531,0.7888,0.4584,-0.4094
49.1882,137.09,2.7705,19.4342,-20.3935,332.7979,117.4192,359.8671,-3.9729,0.0384,2.2849,0.7895,0.4571,-0.4096
49.2082,137.09,2.6899,19.4348,-20.3472,332.8856,117.4115,359.8205,-4.0318,0.0276,2.3162,0.7902,0.4558,-0.4098
49.2282,137.09,2.6081,19.4351,-20.3003,332.9796,117.4054,359.7735,-4.0901,0.0170,2.3471,0.7909,0.4543,-0.4100
49.2482,137.09,2.5251,19.4352,-20.2527,333.0797,117.4007,359.7263,-4.1479,0.0065,2.3776,0.7916,0.4528,-0.4103
49.2682,137.09,2.4410,19.4351,-20.2046,333.1856,117.3976,359.6789,-4.2052,-0.0037,2.4075,0.7924,0.4511,-0.4107
49.2882,137.09,2.3558,19.4349,-20.1558,333.2971,117.3959,359.6313,-4.2618,-0.0137,2.4370,0.7932,0.4494,-0.4111
49.3082,137.09,2.2694,19.4344,-20.1065,333.4139,117.3957,359.5837,-4.3179,-0.0235,2.4660,0.7940,0.4475,-0.4115
49.3282,137.09,2.1820,19.4337,-20.0566,333.5359,117.3969,359.5361,-4.3733,-0.0331,2.4945,0.7948,0.4456,-0.4119
49.3481,137.09,2.0934,19.4329,-20.0062,333.6629,117.3997,359.4886,-4.4282,-0.0425,2.5225,0.7957,0.4437,-0.4124
49.3682,137.09,2.0038,19.4319,-19.9552,333.7946,117.4038,359.4413,-4.4823,-0.0516,2.5500,0.7965,0.4416,-0.4130
49.3882,137.09,1.9130,19.4307,-19.9036,333.9308,117.4095,359.3943,-4.5359,-0.0605,2.5770,0.7974,0.4395,-0.4135
49.4082,137.09,1.8213,19.4293,-19.8515,334.0713,117.4166,359.3475,-4.5888,-0.0692,2.6036,0.7983,0.4373,-0.4141
49.4282,137.09,1.7284,19.4277,-19.7990,334.2159,117.4251,359.3011,-4.6410,-0.0777,2.6296,0.7992,0.4350,-0.4147
49.4482,135.52,1.6346,19.4260,-19.7459,334.3645,117.4351,359.2551,-4.6925,-0.0859,2.6551,0.8002,0.4326,-0.4154
49.4682,135.52,1.5397,19.4241,-19.6923,334.5168,117.4464,359.2096,-4.7433,-0.0939,2.6801,0.8011,0.4302,-0.4161
49.4881,135.52,1.4439,19.4221,-19.6382,334.6726,117.4592,359.1647,-4.7934,-0.1016,2.7046,0.8020,0.4278,-0.4168
49.5082,135.52,1.3470,19.4199,-19.5836,334.8317,117.4734,359.1204,-4.8428,-0.1092,2.7286,0.8030,0.4253,-0.4175
49.5281,135.52,1.2492,19.4176,-19.5285,334.9940,117.4889,359.0768,-4.8915,-0.1165,2.7521,0.8039,0.4227,-0.4183
49.5482,135.52,1.1504,19.4151,-19.4730,335.1594,117.5058,359.0341,-4.9395,-0.1235,2.7752,0.8049,0.4201,-0.4191
49.5682,135.52,1.0506,19.4125,-19.4171,335.3275,117.5239,358.9921,-4.9867,-0.1304,2.7977,0.8059,0.4174,-0.4199
49.5882,135.52,0.9500,19.4098,-19.3607,335.4982,117.5432,358.9510,-5.0332,-0.1370,2.8197,0.8068,0.4147,-0.4208
49.6082,135.52,0.8484,19.4069,-19.3039,335.6715,117.5635,358.9110,-5.0789,-0.1434,2.8412,0.8078,0.4120,-0.4216
49.6282,135.52,0.7459,19.4039,-19.2466,335.8470,117.5850,358.8721,-5.1239,-0.1496,2.8623,0.8087,0.4092,-0.4225
49.6482,135.52,0.6426,19.4008,-19.1890,336.0247,117.6074,358.8343,-5.1681,-0.1555,2.8828,0.8097,0.4063,-0.4234
49.6681,135.52,0.5383,19.3976,-19.1309,336.2043,117.6307,358.7977,-5.2116,-0.1612,2.9029,0.8106,0.4035,-0.4243
49.6882,135.52,0.4332,19.3942,-19.0725,336.3857,117.6548,358.7624,-5.2543,-0.1667,2.9225,0.8116,0.4006,-0.4253
49.7082,135.52,0.3273,19.3908,-19.0136,336.5688,117.6795,358.7284,-5.2962,-0.1720,2.9416,0.8125,0.3976,-0.4262
49.7282,135.52,0.2206,19.3873,-18.9544,336.7533,117.7049,358.6959,-5.3374,-0.1771,2.9603,0.8135,0.3947,-0.4272
49.7482,135.52,0.1130,19.3836,-18.8948,336.9391,117.7307,358.6648,-5.3778,-0.1820,2.9784,0.8144,0.3917,-0.4281
49.7682,135.52,0.0047,19.3799,-18.8349,337.1260,117.7569,358.6352,-5.4174,-0.1867,2.9962,0.8153,0.3887,-0.4291
49.7882,135.52,-0.1045,19.3761,-18.7747,337.3140,117.7834,358.6072,-5.4562,-0.1911,3.0135,0.8163,0.3857,-0.4301
49.8082,135.52,-0.2143,19.3722,-18.7140,337.5027,117.8101,358.5807,-5.4942,-0.1954,3.0303,0.8172,0.3826,-0.4310
49.8282,135.52,-0.3250,19.3682,-18.6531,337.6922,117.8369,358.5559,-5.5314,-0.1995,3.0467,0.8181,0.3796,-0.4320
49.8481,135.52,-0.4363,19.3641,-18.5919,337.8821,117.8637,358.5327,-5.5679,-0.2034,3.0626,0.8190,0.3765,-0.4330
49.8682,135.52,-0.5484,19.3600,-18.5303,338.0724,117.8904,358.5111,-5.6036,-0.2071,3.0782,0.8199,0.3734,-0.4339
49.8882,135.52,-0.6612,19.3558,-18.4684,338.2630,117.9169,358.4912,-5.6385,-0.2106,3.0933,0.8208,0.3703,-0.4349
49.9082,135.52,-0.7746,19.3515,-18.4063,338.4536,117.9432,358.4730,-5.6726,-0.2139,3.1080,0.8217,0.3673,-0.4359
49.9282,135.52,-0.8887,19.3471,-18.3438,338.6442,117.9691,358.4564,-5.7059,-0.2170,3.1223,0.8226,0.3642,-0.4368
49.9482,135.52,-1.0035,19.3427,-18.2811,338.8346,117.9946,358.4415,-5.7385,-0.2200,3.1361,0.8234,0.3611,-0.4377
49.9682,135.52,-1.1189,19.3383,-18.2181,339.0247,118.0196,358.4282,-5.7703,-0.2228,3.1496,0.8243,0.3580,-0.4386
49.9881,135.52,-1.2349,19.3338,-18.1549,339.2143,118.0441,358.4164,-5.8013,-0.2255,3.1627,0.8251,0.3549,-0.4396
50.0082,135.52,-1.3516,19.3292,-18.0913,339.4034,118.0680,358.4063,-5.8316,-0.2280,3.1755,0.8260,0.3518,-0.4404
50.0281,135.52,-1.4688,19.3246,-18.0276,339.5917,118.0913,358.3976,-5.8611,-0.2303,3.1878,0.8268,0.3487,-0.4413
50.0482,135.52,-1.5866,19.3200,-17.9636,339.7794,118.1139,358.3904,-5.8898,-0.2325,3.1998,0.8277,0.3456,-0.4422
50.0682,135.52,-1.7050,19.3153,-17.8994,339.9661,118.1359,358.3847,-5.9178,-0.2345,3.2115,0.8285,0.3426,-0.4430
50.0882,135.52,-1.8239,19.3106,-17.8349,340.1519,118.1573,358.3804,-5.9451,-0.2363,3.2228,0.8293,0.3395,-0.4439
50.1082,135.52,-1.9433,19.3058,-17.7702,340.3365,118.1780,358.3774,-5.9716,-0.2381,3.2337,0.8301,0.3365,-0.4447
50.1282,135.52,-2.0632,19.3010,-17.7053,340.5201,118.1981,358.3757,-5.9974,-0.2397,3.2443,0.8309,0.3335,-0.4455
50.1482,135.52,-2.1837,19.2962,-17.6403,340.7025,118.2176,358.3752,-6.0225,-0.2411,3.2546,0.8317,0.3305,-0.4463
50.1681,135.52,-2.3046,19.2913,-17.5750,340.8835,118.2365,358.3760,-6.0469,-0.2425,3.2645,0.8324,0.3275,-0.4470
50.1882,135.52,-2.4260,19.2865,-17.5095,341.0632,118.2547,358.3779,-6.0706,-0.2437,3.2741,0.8332,0.3245,-0.4478
50.2082,135.52,-2.5479,19.2816,-17.4438,341.2414,118.2725,358.3809,-6.0936,-0.2448,3.2834,0.8339,0.3216,-0.4485
50.2282,135.52,-2.6702,19.2766,-17.3780,341.4182,118.2896,358.3850,-6.1159,-0.2458,3.2924,0.8347,0.3187,-0.4492
50.2482,135.52,-2.7930,19.2717,-17.3119,341.5934,118.3063,358.3901,-6.1375,-0.2466,3.3011,0.8354,0.3158,-0.4499
50.2682,135.52,-2.9161,19.2668,-17.2457,341.7670,118.3224,358.3963,-6.1584,-0.2474,3.3096,0.8361,0.3129,-0.4506
50.2882,135.52,-3.0397,19.2618,-17.1794,341.9389,118.3380,358.4034,-6.1787,-0.2480,3.3177,0.8368,0.3100,-0.4513
50.3082,135.52,-3.1637,19.2568,-17.1129,342.1091,118.3530,358.4115,-6.1983,-0.2485,3.3255,0.8375,0.3072,-0.4519
50.3282,135.52,-3.2880,19.2519,-17.0462,342.2775,118.3676,358.4204,-6.2173,-0.2490,3.3331,0.8382,0.3044,-0.4526
50.3481,135.52,-3.4127,19.2469,-16.9794,342.4441,118.3816,358.4302,-6.2356,-0.2493,3.3404,0.8388,0.3016,-0.4532
50.3682,135.52,-3.5378,19.2419,-16.9125,342.6088,118.3952,358.4409,-6.2533,-0.2495,3.3474,0.8395,0.2989,-0.4538
50.3882,135.52,-3.6632,19.2369,-16.8454,342.7715,118.4084,358.4522,-6.2704,-0.2497,3.3542,0.8401,0.2962,-0.4544
50.4082,135.52,-3.7890,19.2319,-16.7782,342.9323,118.4211,358.4644,-6.2869,-0.2497,3.3607,0.8407,0.2935,-0.4550
50.4282,135.52,-3.9150,19.2269,-16.7108,343.0912,118.4334,358.4772,-6.3027,-0.2497,3.3670,0.8414,0.2909,-0.4556
50.4482,131.39,-4.0414,19.2219,-16.6434,343.2479,118.4453,358.4906,-6.3180,-0.2496,3.3730,0.8420,0.2882,-0.4561
50.4682,131.39,-4.1680,19.2169,-16.5758,343.4025,118.4569,358.5046,-6.3327,-0.2494,3.3788,0.8425,0.2856,-0.4566
50.4881,131.39,-4.2950,19.2120,-16.5081,343.5550,118.4681,358.5191,-6.3468,-0.2492,3.3844,0.8431,0.2831,-0.4572
50.5082,131.39,-4.4222,19.2070,-16.4403,343.7053,118.4790,358.5341,-6.3603,-0.2488,3.3898,0.8437,0.2806,-0.4577
50.5281,131.39,-4.5496,19.2020,-16.3724,343.8533,118.4895,358.5495,-6.3733,-0.2484,3.3950,0.8442,0.2781,-0.4582
50.5482,131.39,-4.6773,19.1971,-16.3044,343.9991,118.4997,358.5653,-6.3857,-0.2479,3.3999,0.8448,0.2757,-0.4587
50.5682,131.39,-4.8053,19.1921,-16.2363,344.1426,118.5095,358.5814,-6.3976,-0.2474,3.4047,0.8453,0.2732,-0.4591
50.5882,131.39,-4.9335,19.1872,-16.1681,344.2837,118.5190,358.5979,-6.4090,-0.2468,3.4092,0.8458,0.2709,-0.4596
50.6082,131.39,-5.0619,19.1822,-16.0999,344.4225,118.5281,358.6146,-6.4199,-0.2461,3.4136,0.8463,0.2685,-0.4600
50.6282,131.39,-5.1905,19.1773,-16.0315,344.5588,118.5367,358.6317,-6.4302,-0.2454,3.4178,0.8468,0.2662,-0.4605
50.6482,131.39,-5.3193,19.1724,-15.9631,344.6928,118.5448,358.6489,-6.4401,-0.2446,3.4218,0.8473,0.2640,-0.4609
50.6681,131.39,-5.4483,19.1676,-15.8946,344.8243,118.5525,358.6663,-6.4495,-0.2438,3.4256,0.8477,0.2618,-0.4613
50.6882,131.39,-5.5774,19.1627,-15.8260,344.9534,118.5596,358.6840,-6.4584,-0.2429,3.4292,0.8482,0.2596,-0.4617
50.7082,131.39,-5.7068,19.1579,-15.7573,345.0800,118.5661,358.7018,-6.4668,-0.2420,3.4327,0.8487,0.2575,-0.4621
50.7282,131.39,-5.8363,19.1531,-15.6886,345.2042,118.5721,358.7198,-6.4748,-0.2411,3.4360,0.8491,0.2554,-0.4624
50.7482,131.39,-5.9659,19.1483,-15.6198,345.3258,118.5773,358.7380,-6.4824,-0.2400,3.4392,0.8495,0.2533,-0.4627
50.7682,131.39,-6.0957,19.1435,-15.5510,345.4451,118.5820,358.7563,-6.4895,-0.2390,3.4422,0.8500,0.2513,-0.4631
50.7882,131.39,-6.2256,19.1387,-15.4821,345.5618,118.5859,358.7747,-6.4962,-0.2379,3.4451,0.8504,0.2493,-0.4634
50.8082,131.39,-6.3557,19.1340,-15.4131,345.6761,118.5892,358.7933,-6.5025,-0.2368,3.4478,0.8508,0.2474,-0.4636
50.8282,131.39,-6.4859,19.1293,-15.3441,345.7879,118.5917,358.8120,-6.5084,-0.2356,3.4504,0.8512,0.2455,-0.4639
50.8481,131.39,-6.6161,19.1246,-15.2750,345.8973,118.5935,358.8308,-6.5140,-0.2344,3.4528,0.8516,0.2437,-0.4642
50.8682,131.39,-6.7465,19.1199,-15.2059,346.0043,118.5945,358.8496,-6.5191,-0.2332,3.4551,0.8520,0.2418,-0.4644
50.8882,131.39,-6.8770,19.1153,-15.1368,346.1089,118.5948,358.8685,-6.5239,-0.2319,3.4573,0.8523,0.2401,-0.4646
50.9082,131.39,-7.0076,19.1107,-15.0676,346.2110,118.5943,358.8875,-6.5283,-0.2306,3.4594,0.8527,0.2383,-0.4648
50.9282,131.39,-7.1382,19.1061,-14.9984,346.3108,118.5930,358.9064,-6.5324,-0.2293,3.4613,0.8531,0.2367,-0.4650
50.9482,131.39,-7.2689,19.1015,-14.9291,346.4081,118.5909,358.9254,-6.5361,-0.2280,3.4632,0.8535,0.2350,-0.4652
50.9682,131.39,-7.3997,19.0970,-14.8598,346.5031,118.5880,358.9442,-6.5396,-0.2266,3.4649,0.8538,0.2334,-0.4653
50.9881,131.39,-7.5306,19.0925,-14.7905,346.5958,118.5843,358.9630,-6.5426,-0.2252,3.4666,0.8542,0.2318,-0.4654
51.0082,131.39,-7.6615,19.0880,-14.7211,346.6862,118.5798,358.9817,-6.5454,-0.2238,3.4681,0.8545,0.2303,-0.4655
51.0281,131.39,-7.7924,19.0836,-14.6517,346.7742,118.5746,359.0002,-6.5479,-0.2224,3.4696,0.8549,0.2288,-0.4656
51.0482,131.39,-7.9234,19.0791,-14.5823,346.8600,118.5687,359.0184,-6.5501,-0.2209,3.4709,0.8552,0.2273,-0.4657
51.0682,131.39,-8.0545,19.0748,-14.5129,346.9434,118.5622,359.0364,-6.5520,-0.2195,3.4722,0.8556,0.2259,-0.4658
51.0882,131.39,-8.1856,19.0704,-14.4434,347.0246,118.5550,359.0542,-6.5536,-0.2180,3.4734,0.8559,0.2245,-0.4658
51.1082,131.39,-8.3171,19.0675,-14.3737,347.1316,118.5430,359.0704,-6.5756,-0.1432,3.4847,0.8564,0.2227,-0.4658
51.1282,131.39,-8.4489,19.0653,-14.3039,347.2708,118.5250,359.0839,-6.5893,-0.1105,3.4928,0.8570,0.2203,-0.4658
51.1482,131.39,-8.5810,19.0642,-14.2338,347.4363,118.5026,359.0952,-6.6061,-0.0552,3.5019,0.8578,0.2175,-0.4658
51.1681,131.39,-8.7134,19.0640,-14.1636,347.6292,118.4756,359.1042,-6.6197,-0.0132,3.5096,0.8586,0.2142,-0.4657
51.1882,131.39,-8.8460,19.0647,-14.0933,347.8470,118.4448,359.1107,-6.6334,0.0355,3.5172,0.8596,0.2105,-0.4656
51.2082,131.39,-8.9789,19.0663,-14.0228,348.0889,118.4105,359.1149,-6.6452,0.0798,3.5239,0.8606,0.2064,-0.4655
51.2282,131.39,-9.1121,19.0688,-13.9522,348.3534,118.3732,359.1166,-6.6563,0.1260,3.5300,0.8618,0.2019,-0.4654
51.2482,131.39,-9.2454,19.0722,-13.8815,348.6395,118.3332,359.1160,-6.6658,0.1705,3.5353,0.8630,0.1970,-0.4653
51.2682,131.39,-9.3789,19.0765,-13.8107,348.9459,118.2909,359.1129,-6.6741,0.2153,3.5399,0.8642,0.1917,-0.4652
51.2882,131.39,-9.5125,19.0817,-13.7398,349.2716,118.2466,359.1075,-6.6810,0.2593,3.5436,0.8655,0.1862,-0.4650
51.3082,131.39,-9.6462,19.0878,-13.6689,349.6155,118.2007,359.0998,-6.6865,0.3032,3.5465,0.8669,0.1803,-0.4648
51.3282,131.39,-9.7800,19.0947,-13.5979,349.9766,118.1533,359.0898,-6.6906,0.3465,3.5485,0.8682,0.1741,-0.4646
51.3481,131.39,-9.9139,19.1025,-13.5269,350.3539,118.1049,359.0776,-6.6931,0.3894,3.5496,0.8696,0.1676,-0.4644
51.3682,131.39,-10.0478,19.1111,-13.4559,350.7464,118.0555,359.0632,-6.6941,0.4319,3.5497,0.8710,0.1608,-0.4642
51.3882,131.39,-10.1817,19.1206,-13.3850,351.1534,118.0056,359.0467,-6.6936,0.4741,3.5489,0.8724,0.1538,-0.4640
51.4082,131.39,-10.3151,19.1291,-13.3142,351.5399,117.9605,359.0309,-6.6717,0.4218,3.5377,0.8737,0.1471,-0.4638
51.4282,131.39,-10.4483,19.1383,-13.2436,351.9030,117.9202,359.0156,-6.6611,0.4597,3.5307,0.8748,0.1408,-0.4636
51.4482,137.84,-10.5811,19.1465,-13.1732,352.2446,117.8847,359.0012,-6.6385,0.4133,3.5188,0.8758,0.1349,-0.4634
51.4682,137.84,-10.7136,19.1555,-13.1030,352.5641,117.8536,358.9875,-6.6254,0.4465,3.5104,0.8767,0.1294,-0.4633
51.4881,137.84,-10.8456,19.1636,-13.0331,352.8629,117.8269,358.9748,-6.6025,0.4053,3.4982,0.8775,0.1242,-0.4632
51.5082,137.84,-10.9774,19.1723,-12.9633,353.1411,117.8042,358.9628,-6.5874,0.4345,3.4887,0.8782,0.1194,-0.4631
51.5281,137.84,-11.1087,19.1802,-12.8938,353.3996,117.7853,358.9519,-6.5642,0.3980,3.4762,0.8788,0.1149,-0.4631
51.5482,137.84,-11.2396,19.1887,-12.8244,353.6387,117.7701,358.9417,-6.5475,0.4234,3.4658,0.8794,0.1108,-0.4631
51.5682,137.84,-11.3701,19.1965,-12.7554,353.8593,117.7584,358.9325,-6.5241,0.3912,3.4531,0.8798,0.1070,-0.4631
51.5882,137.84,-11.5002,19.2048,-12.6865,354.0617,117.7499,358.9241,-6.5060,0.4133,3.4420,0.8802,0.1035,-0.4631
51.6082,137.84,-11.6299,19.2125,-12.6180,354.2466,117.7444,358.9167,-6.4825,0.3849,3.4291,0.8806,0.1002,-0.4632
51.6282,137.84,-11.7594,19.2217,-12.5495,354.4445,117.7375,358.9087,-6.4745,0.4610,3.4225,0.8809,0.0968,-0.4632
51.6482,137.84,-11.8886,19.2313,-12.4812,354.6686,117.7270,358.8975,-6.4623,0.4764,3.4155,0.8813,0.0929,-0.4632
51.6681,137.84,-12.0176,19.2419,-12.4130,354.9105,117.7143,358.8847,-6.4517,0.5315,3.4081,0.8818,0.0887,-0.4632
51.6882,137.84,-12.1464,19.2531,-12.3450,355.1740,117.6989,358.8695,-6.4385,0.5589,3.4001,0.8823,0.0841,-0.4632
51.7082,137.84,-12.2749,19.2652,-12.2772,355.4548,117.6815,358.8525,-6.4254,0.6041,3.3915,0.8828,0.0792,-0.4631
51.7282,137.84,-12.4031,19.2779,-12.2096,355.7542,117.6619,358.8334,-6.4105,0.6362,3.3822,0.8833,0.0740,-0.4630
51.7482,137.84,-12.5310,19.2914,-12.1421,356.0696,117.6406,358.8126,-6.3950,0.6764,3.3723,0.8838,0.0685,-0.4628
51.7682,137.84,-12.6586,19.3056,-12.0749,356.4013,117.6176,358.7899,-6.3781,0.7101,3.3616,0.8843,0.0628,-0.4627
51.7882,137.84,-12.7858,19.3206,-12.0079,356.7476,117.5932,358.7657,-6.3601,0.7472,3.3502,0.8848,0.0567,-0.4624
51.8082,137.84,-12.9126,19.3362,-11.9411,357.1082,117.5674,358.7397,-6.3409,0.7810,3.3381,0.8853,0.0505,-0.4622
51.8282,137.84,-13.0390,19.3525,-11.8746,357.4818,117.5403,358.7123,-6.3205,0.8162,3.3251,0.8858,0.0439,-0.4619
51.8481,137.84,-13.1650,19.3695,-11.8084,357.8680,117.5123,358.6835,-6.2989,0.8494,3.3114,0.8863,0.0372,-0.4616
51.8682,137.84,-13.2905,19.3872,-11.7424,358.2658,117.4832,358.6533,-6.2759,0.8829,3.2969,0.8867,0.0303,-0.4613
51.8882,137.84,-13.4156,19.4055,-11.6768,358.6746,117.4534,358.6218,-6.2517,0.9151,3.2816,0.8871,0.0231,-0.4609
51.9082,137.84,-13.5401,19.4244,-11.6115,359.0936,117.4228,358.5891,-6.2262,0.9472,3.2654,0.8875,0.0158,-0.4605
51.9282,137.84,-13.6641,19.4440,-11.5465,359.5222,117.3916,358.5553,-6.1993,0.9782,3.2485,0.8879,0.0083,-0.4601
51.9482,137.84,-13.7875,19.4642,-11.4819,359.9596,117.3600,358.5205,-6.1711,1.0084,3.2306,0.8881,0.0007,-0.4596
51.9682,137.84,-13.9103,19.4849,-11.4177,0.4049,117.3279,358.4850,-6.1415,1.0374,3.2119,0.8884,-0.0071,-0.4591
51.9881,137.84,-14.0325,19.5062,-11.3538,0.8573,117.2957,358.4487,-6.1105,1.0653,3.1924,0.8886,-0.0150,-0.4585
52.0082,137.84,-14.1541,19.5281,-11.2904,1.3161,117.2633,358.4119,-6.0782,1.0920,3.1719,0.8887,-0.0230,-0.4580
52.0281,137.84,-14.2750,19.5505,-11.2274,1.7804,117.2310,358.3748,-6.0444,1.1177,3.1506,0.8887,-0.0311,-0.4574
52.0482,137.84,-14.3952,19.5733,-11.1648,2.2495,117.1988,358.3374,-6.0093,1.1421,3.1285,0.8887,-0.0393,-0.4567
52.0682,137.84,-14.5146,19.5966,-11.1027,2.7226,117.1669,358.3000,-5.9729,1.1654,3.1055,0.8887,-0.0475,-0.4561
52.0882,137.84,-14.6333,19.6204,-11.0411,3.1991,117.1354,358.2627,-5.9351,1.1875,3.0817,0.8885,-0.0558,-0.4554
52.1082,137.84,-14.7512,19.6446,-10.9799,3.6782,117.1044,358.2256,-5.8960,1.2084,3.0571,0.8883,-0.0642,-0.4547
52.1282,137.84,-14.8684,19.6691,-10.9193,4.1592,117.0739,358.1888,-5.8555,1.2280,3.0317,0.8881,-0.0725,-0.4539
52.1482,137.84,-14.9846,19.6941,-10.8592,4.6415,117.0442,358.1525,-5.8138,1.2465,3.0055,0.8877,-0.0809,-0.4532
52.1681,137.84,-15.1000,19.7194,-10.7996,5.1246,117.0152,358.1168,-5.7708,1.2638,2.9785,0.8873,-0.0893,-0.4524
52.1882,137.84,-15.2146,19.7450,-10.7406,5.6076,116.9871,358.0819,-5.7265,1.2798,2.9508,0.8868,-0.0977,-0.4516
52.2082,137.84,-15.3282,19.7709,-10.6822,6.0902,116.9599,358.0478,-5.6810,1.2946,2.9224,0.8863,-0.1061,-0.4508
52.2282,137.84,-15.4409,19.7970,-10.6243,6.5716,116.9337,358.0146,-5.6343,1.3082,2.8933,0.8857,-0.1144,-0.4500
52.2482,137.84,-15.5526,19.8235,-10.5670,7.0514,116.9086,357.9824,-5.5864,1.3207,2.8634,0.8850,-0.1228,-0.4491
52.2682,137.84,-15.6633,19.8501,-10.5104,7.5291,116.8845,357.9514,-5.5374,1.3319,2.8329,0.8842,-0.1310,-0.4483
52.2882,137.84,-15.7731,19.8769,-10.4543,8.0040,116.8616,357.9217,-5.4872,1.3419,2.8018,0.8834,-0.1392,-0.4474
52.3082,137.84,-15.8818,19.9040,-10.3989,8.4758,116.8398,357.8932,-5.4360,1.3508,2.7701,0.8825,-0.1474,-0.4466
52.3282,137.84,-15.9894,19.9306,-10.3443,8.8939,116.8278,357.8712,-5.3773,1.3332,2.7347,0.8816,-0.1546,-0.4459
52.3481,137.84,-16.0957,19.9575,-10.2903,9.2615,116.8246,357.8551,-5.3155,1.3408,2.6967,0.8808,-0.1609,-0.4454
52.3682,137.84,-16.2008,19.9841,-10.2371,9.5774,116.8304,357.8453,-5.2547,1.3326,2.6598,0.8799,-0.1664,-0.4451
52.3882,137.84,-16.3046,20.0108,-10.1847,9.8455,116.8441,357.8410,-5.1925,1.3360,2.6219,0.8791,-0.1710,-0.4449
52.4082,137.84,-16.4072,20.0375,-10.1330,10.0661,116.8656,357.8421,-5.1309,1.3327,2.5845,0.8783,-0.1748,-0.4449
52.4282,137.84,-16.5086,20.0642,-10.0821,10.2420,116.8941,357.8482,-5.0688,1.3347,2.5467,0.8776,-0.1778,-0.4451
52.4482,137.84,-16.6087,20.0909,-10.0319,10.3742,116.9292,357.8589,-5.0071,1.3343,2.5093,0.8770,-0.1801,-0.4455
52.4682,139.22,-16.7076,20.1176,-9.9824,10.4647,116.9704,357.8740,-4.9453,1.3364,2.4718,0.8764,-0.1816,-0.4460
52.4881,139.22,-16.8053,20.1444,-9.9337,10.5150,117.0170,357.8930,-4.8841,1.3378,2.4347,0.8759,-0.1825,-0.4466
52.5082,139.22,-16.9018,20.1712,-9.8858,10.5268,117.0687,357.9156,-4.8231,1.3404,2.3977,0.8755,-0.1827,-0.4474
52.5281,139.22,-16.9970,20.1980,-9.8386,10.5016,117.1249,357.9415,-4.7628,1.3431,2.3612,0.8751,-0.1823,-0.4483
52.5482,139.22,-17.0911,20.2250,-9.7921,10.4410,117.1851,357.9704,-4.7030,1.3465,2.3250,0.8748,-0.1812,-0.4493
52.5682,139.22,-17.1840,20.2520,-9.7463,10.3464,117.2488,358.0019,-4.6441,1.3502,2.2893,0.8746,-0.1796,-0.4504
52.5882,139.22,-17.2757,20.2791,-9.7012,10.2194,117.3157,358.0358,-4.5859,1.3543,2.2542,0.8744,-0.1774,-0.4516
52.6082,139.22,-17.3663,20.3062,-9.6568,10.0614,117.3851,358.0718,-4.5287,1.3588,2.2196,0.8743,-0.1747,-0.4529
52.6282,139.22,-17.4557,20.3335,-9.6131,9.8738,117.4567,358.1095,-4.4725,1.3635,2.1856,0.8742,-0.1715,-0.4542
52.6482,139.22,-17.5441,20.3609,-9.5700,9.6580,117.5301,358.1489,-4.4174,1.3686,2.1523,0.8742,-0.1678,-0.4557
52.6681,139.22,-17.6313,20.3884,-9.5277,9.4154,117.6048,358.1895,-4.3635,1.3738,2.1198,0.8742,-0.1636,-0.4571
52.6882,139.22,-17.7176,20.4159,-9.4859,9.1473,117.6804,358.2313,-4.3108,1.3793,2.0880,0.8743,-0.1590,-0.4586
52.7082,139.22,-17.8028,20.4436,-9.4448,8.8551,117.7566,358.2740,-4.2595,1.3848,2.0570,0.8744,-0.1539,-0.4602
52.7282,139.22,-17.8872,20.4707,-9.4041,8.5824,117.8266,358.3146,-4.2220,1.3529,2.0352,0.8745,-0.1492,-0.4616
52.7482,139.22,-17.9708,20.4979,-9.3639,8.3273,117.8910,358.3528,-4.1805,1.3590,2.0101,0.8745,-0.1448,-0.4629
52.7682,139.22,-18.0537,20.5245,-9.3241,8.0921,117.9495,358.3893,-4.1442,1.3317,1.9890,0.8746,-0.1408,-0.4640
52.7882,139.22,-18.1358,20.5512,-9.2848,7.8736,118.0029,358.4239,-4.1048,1.3345,1.9654,0.8746,-0.1370,-0.4651
52.8082,139.22,-18.2172,20.5774,-9.2459,7.6734,118.0511,358.4570,-4.0694,1.3109,1.9448,0.8746,-0.1335,-0.4660
52.8282,139.22,-18.2978,20.6037,-9.2074,7.4889,118.0946,358.4887,-4.0316,1.3110,1.9223,0.8746,-0.1303,-0.4669
52.8481,139.22,-18.3777,20.6295,-9.1694,7.3211,118.1334,358.5193,-3.9970,1.2904,1.9022,0.8747,-0.1274,-0.4677
52.8682,139.22,-18.4570,20.6552,-9.1318,7.1680,118.1680,358.5489,-3.9606,1.2883,1.8807,0.8747,-0.1248,-0.4684
52.8882,139.22,-18.5355,20.6806,-9.0945,7.0303,118.1984,358.5776,-3.9267,1.2702,1.8610,0.8747,-0.1224,-0.4690
52.9082,139.22,-18.6133,20.7060,-9.0577,6.9061,118.2250,358.6055,-3.8915,1.2664,1.8403,0.8747,-0.1202,-0.4695
52.9282,139.22,-18.6905,20.7310,-9.0213,6.7961,118.2479,358.6328,-3.8581,1.2502,1.8210,0.8747,-0.1183,-0.4700
52.9482,139.22,-18.7670,20.7559,-8.9853,6.6987,118.2675,358.6595,-3.8239,1.2451,1.8011,0.8747,-0.1166,-0.4704
52.9682,139.22,-18.8428,20.7805,-8.9497,6.6141,118.2838,358.6857,-3.7910,1.2304,1.7822,0.8748,-0.1152,-0.4707
52.9881,139.22,-18.9179,20.8050,-8.9144,6.5411,118.2971,358.7115,-3.7575,1.2242,1.7628,0.8748,-0.1139,-0.4710
53.0082,139.22,-18.9924,20.8292,-8.8795,6.4799,118.3075,358.7370,-3.7251,1.2107,1.7442,0.8748,-0.1129,-0.4712
53.0281,139.22,-19.0663,20.8533,-8.8450,6.4293,118.3153,358.7622,-3.6922,1.2038,1.7253,0.8748,-0.1120,-0.4713
53.0482,139.22,-19.1395,20.8771,-8.8109,6.3894,118.3207,358.7872,-3.6601,1.1911,1.7071,0.8748,-0.1113,-0.4715
53.0682,139.22,-19.2120,20.9007,-8.7771,6.3593,118.3239,358.8120,-3.6276,1.1835,1.6886,0.8749,-0.1108,-0.4715
53.0882,139.22,-19.2839,20.9242,-8.7437,6.3388,118.3250,358.8365,-3.5958,1.1716,1.6707,0.8749,-0.1104,-0.4716
53.1082,139.22,-19.3552,20.9474,-8.7106,6.3273,118.3242,358.8610,-3.5636,1.1635,1.6525,0.8749,-0.1102,-0.4716
53.1282,139.22,-19.4259,20.9705,-8.6779,6.3245,118.3216,358.8854,-3.5319,1.1521,1.6348,0.8749,-0.1102,-0.4715
53.1482,139.22,-19.4959,20.9934,-8.6456,6.3298,118.3176,358.9097,-3.5000,1.1436,1.6169,0.8750,-0.1103,-0.4715
53.1681,139.22,-19.5652,21.0160,-8.6136,6.3430,118.3121,358.9340,-3.4684,1.1325,1.5994,0.8750,-0.1105,-0.4714
53.1882,139.22,-19.6340,21.0385,-8.5820,6.3635,118.3053,358.9582,-3.4365,1.1237,1.5817,0.8750,-0.1108,-0.4712
53.2082,139.22,-19.7021,21.0607,-8.5507,6.3911,118.2975,358.9824,-3.4049,1.1129,1.5643,0.8750,-0.1113,-0.4711
53.2282,139.22,-19.7695,21.0828,-8.5198,6.4252,118.2886,359.0066,-3.3732,1.1038,1.5469,0.8750,-0.1119,-0.4709
53.2482,139.22,-19.8363,21.1047,-8.4892,6.4656,118.2789,359.0309,-3.3415,1.0932,1.5296,0.8751,-0.1126,-0.4708
53.2682,139.22,-19.9025,21.1264,-8.4589,6.5119,118.2683,359.0551,-3.3097,1.0838,1.5123,0.8751,-0.1134,-0.4705
53.2882,139.22,-19.9681,21.1478,-8.4290,6.5636,118.2571,359.0794,-3.2780,1.0733,1.4951,0.8751,-0.1143,-0.4703
53.3082,139.22,-20.0330,21.1691,-8.3995,6.6205,118.2454,359.1038,-3.2460,1.0637,1.4779,0.8751,-0.1153,-0.4701
53.3282,139.22,-20.0973,21.1902,-8.3702,6.6822,118.2331,359.1282,-3.2141,1.0532,1.4608,0.8750,-0.1164,-0.4698
53.3481,139.22,-20.1609,21.2110,-8.3414,6.7483,118.2205,359.1527,-3.1821,1.0435,1.4437,0.8750,-0.1175,-0.4696
53.3682,139.22,-20.2239,21.2317,-8.3128,6.8186,118.2075,359.1772,-3.1500,1.0329,1.4266,0.8750,-0.1187,-0.4693
53.3882,139.22,-20.2863,21.2522,-8.2846,6.8927,118.1943,359.2018,-3.1177,1.0230,1.4096,0.8750,-0.1200,-0.4690
53.4082,139.22,-20.3480,21.2724,-8.2568,6.9703,118.1810,359.2265,-3.0854,1.0124,1.3925,0.8749,-0.1214,-0.4688
53.4282,139.22,-20.4088,21.2933,-8.2294,7.0100,118.1721,359.2531,-3.0409,1.0452,1.3682,0.8749,-0.1220,-0.4686
53.4482,139.22,-20.4688,21.3145,-8.2025,7.0061,118.1678,359.2830,-2.9975,1.0597,1.3443,0.8750,-0.1220,-0.4685
53.4682,134.90,-20.5279,21.3362,-8.1761,6.9633,118.1676,359.3155,-2.9539,1.0851,1.3206,0.8751,-0.1212,-0.4686
53.4881,134.90,-20.5861,21.3583,-8.1502,6.8816,118.1711,359.3507,-2.9112,1.1045,1.2975,0.8752,-0.1198,-0.4687
53.5082,134.90,-20.6435,21.3808,-8.1247,6.7638,118.1780,359.3881,-2.8691,1.1272,1.2749,0.8753,-0.1178,-0.4689
53.5281,134.90,-20.7000,21.4038,-8.0996,6.6111,118.1880,359.4276,-2.8279,1.1481,1.2530,0.8755,-0.1151,-0.4692
53.5482,134.90,-20.7558,21.4272,-8.0750,6.4253,118.2006,359.4689,-2.7876,1.1699,1.2317,0.8758,-0.1119,-0.4696
53.5682,134.90,-20.8107,21.4510,-8.0508,6.2081,118.2157,359.5118,-2.7484,1.1909,1.2112,0.8760,-0.1081,-0.4700
53.5882,134.90,-20.8649,21.4753,-8.0269,5.9610,118.2327,359.5562,-2.7102,1.2121,1.1914,0.8763,-0.1039,-0.4705
53.6082,134.90,-20.9184,21.4999,-8.0035,5.6857,118.2515,359.6017,-2.6733,1.2329,1.1725,0.8765,-0.0991,-0.4710
53.6282,134.90,-20.9714,21.5236,-7.9802,5.4262,118.2680,359.6456,-2.6515,1.1821,1.1630,0.8768,-0.0946,-0.4715
53.6482,134.90,-21.0239,21.5476,-7.9572,5.1800,118.2826,359.6874,-2.6242,1.2003,1.1503,0.8770,-0.0903,-0.4719
53.6681,134.90,-21.0760,21.5707,-7.9344,4.9505,118.2949,359.7276,-2.6033,1.1555,1.1414,0.8772,-0.0863,-0.4722
53.6882,134.90,-21.1275,21.5941,-7.9118,4.7336,118.3055,359.7658,-2.5778,1.1691,1.1300,0.8774,-0.0825,-0.4726
53.7082,134.90,-21.1787,21.6167,-7.8894,4.5323,118.3143,359.8024,-2.5574,1.1294,1.1216,0.8776,-0.0790,-0.4728
53.7282,134.90,-21.2294,21.6394,-7.8671,4.3428,118.3214,359.8372,-2.5335,1.1390,1.1113,0.8778,-0.0757,-0.4731
53.7482,134.90,-21.2796,21.6615,-7.8451,4.1676,118.3268,359.8706,-2.5137,1.1037,1.1033,0.8779,-0.0727,-0.4732
53.7682,134.90,-21.3295,21.6837,-7.8232,4.0036,118.3309,359.9023,-2.4911,1.1099,1.0939,0.8781,-0.0698,-0.4734
53.7882,134.90,-21.3789,21.7053,-7.8015,3.8527,118.3334,359.9326,-2.4717,1.0785,1.0864,0.8782,-0.0672,-0.4735
53.8082,134.90,-21.4279,21.7269,-7.7799,3.7124,118.3347,359.9614,-2.4502,1.0817,1.0778,0.8783,-0.0647,-0.4736
53.8282,134.90,-21.4765,21.7480,-7.7585,3.5842,118.3346,359.9889,-2.4313,1.0537,1.0706,0.8785,-0.0625,-0.4737
53.8481,134.90,-21.5247,21.7691,-7.7372,3.4658,118.3334,0.0149,-2.4107,1.0545,1.0626,0.8786,-0.0605,-0.4737
53.8682,134.90,-21.5726,21.7897,-7.7161,3.3586,118.3310,0.0397,-2.3922,1.0293,1.0558,0.8787,-0.0586,-0.4737
53.8882,134.90,-21.6200,21.8102,-7.6952,3.2605,118.3276,0.0632,-2.3724,1.0280,1.0484,0.8788,-0.0569,-0.4737
53.9082,134.90,-21.6671,21.8303,-7.6743,3.1726,118.3231,0.0855,-2.3542,1.0053,1.0418,0.8789,-0.0553,-0.4737
53.9282,134.90,-21.7138,21.8504,-7.6536,3.0932,118.3177,0.1066,-2.3350,1.0023,1.0349,0.8790,-0.0540,-0.4737
53.9482,134.90,-21.7602,21.8700,-7.6331,3.0232,118.3115,0.1266,-2.3171,0.9817,1.0286,0.8792,-0.0527,-0.4736
53.9682,134.90,-21.8061,21.8896,-7.6126,2.9610,118.3045,0.1454,-2.2984,0.9773,1.0220,0.8793,-0.0517,-0.4735
53.9881,134.90,-21.8517,21.9087,-7.5923,2.9073,118.2967,0.1632,-2.2807,0.9584,1.0159,0.8794,-0.0507,-0.4734
54.0082,134.90,-21.8970,21.9278,-7.5721,2.8608,118.2883,0.1799,-2.2624,0.9530,1.0096,0.8795,-0.0499,-0.4733
54.0281,134.90,-21.9419,21.9465,-7.5520,2.8222,118.2793,0.1957,-2.2449,0.9356,1.0037,0.8796,-0.0492,-0.4732
54.0482,134.90,-21.9864,21.9651,-7.5321,2.7901,118.2698,0.2106,-2.2269,0.9292,0.9976,0.8797,-0.0487,-0.4731
54.0682,134.90,-22.0306,21.9834,-7.5122,2.7652,118.2598,0.2245,-2.2096,0.9130,0.9918,0.8798,-0.0482,-0.4729
54.0882,134.90,-22.0744,22.0015,-7.4925,2.7463,118.2495,0.2375,-2.1918,0.9059,0.9859,0.8799,-0.0479,-0.4728
54.1082,134.90,-22.1179,22.0193,-7.4729,2.7339,118.2388,0.2497,-2.1745,0.8908,0.9802,0.8800,-0.0477,-0.4726
54.1282,134.90,-22.1611,22.0369,-7.4534,2.7270,118.2280,0.2610,-2.1569,0.8831,0.9744,0.8801,-0.0476,-0.4724
54.1482,134.90,-22.2039,22.0543,-7.4341,2.7260,118.2169,0.2716,-2.1397,0.8689,0.9688,0.8802,-0.0476,-0.4723
54.1681,134.90,-22.2463,22.0715,-7.4148,2.7301,118.2057,0.2814,-2.1221,0.8608,0.9631,0.8803,-0.0476,-0.4721
54.1882,134.90,-22.2884,22.0885,-7.3956,2.7395,118.1945,0.2904,-2.1049,0.8473,0.9576,0.8803,-0.0478,-0.4719
54.2082,134.90,-22.3301,22.1068,-7.3766,2.7698,118.1822,0.2965,-2.0867,0.9177,0.9525,0.8804,-0.0483,-0.4717
54.2282,134.90,-22.3716,22.1257,-7.3576,2.8281,118.1686,0.2978,-2.0717,0.9415,0.9492,0.8805,-0.0493,-0.4715
54.2482,134.90,-22.4127,22.1455,-7.3387,2.9087,118.1540,0.2957,-2.0545,0.9904,0.9446,0.8805,-0.0507,-0.4712
54.2682,134.90,-22.4534,22.1660,-7.3199,3.0131,118.1384,0.2897,-2.0380,1.0244,0.9404,0.8806,-0.0526,-0.4710
54.2882,134.90,-22.4938,22.1873,-7.3012,3.1387,118.1219,0.2804,-2.0204,1.0659,0.9355,0.8806,-0.0548,-0.4706
54.3082,134.90,-22.5339,22.2093,-7.2826,3.2852,118.1046,0.2677,-2.0027,1.1023,0.9304,0.8806,-0.0573,-0.4703
54.3282,134.90,-22.5736,22.2321,-7.2641,3.4513,118.0867,0.2518,-1.9842,1.1407,0.9248,0.8806,-0.0602,-0.4700
54.3481,134.90,-22.6129,22.2557,-7.2457,3.6362,118.0681,0.2329,-1.9652,1.1770,0.9188,0.8806,-0.0634,-0.4696
54.3682,134.90,-22.6518,22.2800,-7.2275,3.8387,118.0489,0.2112,-1.9455,1.2136,0.9123,0.8806,-0.0669,-0.4692
54.3882,134.90,-22.6903,22.3049,-7.2094,4.0582,118.0293,0.1867,-1.9252,1.2491,0.9053,0.8805,-0.0708,-0.4687
54.4082,134.90,-22.7284,22.3306,-7.1914,4.2937,118.0091,0.1597,-1.9041,1.2842,0.8978,0.8804,-0.0749,-0.4683
54.4282,134.90,-22.7660,22.3570,-7.1736,4.5442,117.9885,0.1302,-1.8822,1.3186,0.8896,0.8803,-0.0792,-0.4678
54.4482,134.90,-22.8032,22.3841,-7.1560,4.8091,117.9676,0.0984,-1.8595,1.3525,0.8809,0.8801,-0.0838,-0.4673
54.4682,138.39,-22.8399,22.4118,-7.1386,5.0875,117.9463,0.0644,-1.8360,1.3857,0.8715,0.8799,-0.0887,-0.4668
54.4881,138.39,-22.8762,22.4401,-7.1213,5.3785,117.9247,0.0283,-1.8115,1.4183,0.8614,0.8797,-0.0937,-0.4662
54.5082,138.39,-22.9119,22.4691,-7.1043,5.6816,117.9028,359.9903,-1.7862,1.4502,0.8507,0.8794,-0.0990,-0.4657
54.5281,138.39,-22.9471,22.4988,-7.0875,5.9959,117.8806,359.9505,-1.7600,1.4815,0.8393,0.8791,-0.1045,-0.4651
54.5482,138.39,-22.9817,22.5290,-7.0710,6.3208,117.8582,359.9090,-1.7328,1.5121,0.8272,0.8787,-0.1101,-0.4644
54.5682,138.39,-23.0158,22.5599,-7.0547,6.6555,117.8357,359.8660,-1.7046,1.5421,0.8143,0.8783,-0.1159,-0.4638
54.5882,138.39,-23.0493,22.5913,-7.0387,6.9996,117.8129,359.8214,-1.6755,1.5713,0.8007,0.8779,-0.1219,-0.4631
54.6082,138.39,-23.0822,22.6233,-7.0230,7.3522,117.7899,359.7755,-1.6453,1.5999,0.7864,0.8774,-0.1280,-0.4624
54.6282,138.39,-23.1145,22.6559,-7.0075,7.7130,117.7668,359.7284,-1.6141,1.6277,0.7712,0.8768,-0.1342,-0.4617
54.6482,138.39,-23.1462,22.6890,-6.9924,8.0812,117.7435,359.6801,-1.5819,1.6549,0.7554,0.8763,-0.1406,-0.4609
54.6681,138.39,-23.1771,22.7226,-6.9777,8.4564,117.7201,359.6308,-1.5487,1.6813,0.7387,0.8756,-0.1471,-0.4601
54.6882,138.39,-23.2074,22.7567,-6.9632,8.8380,117.6965,359.5805,-1.5145,1.7070,0.7213,0.8749,-0.1536,-0.4593
54.7082,138.39,-23.2372,22.7893,-6.9491,9.1953,117.6752,359.5335,-1.4875,1.6297,0.7075,0.8742,-0.1598,-0.4585
54.7282,138.39,-23.2661,22.8223,-6.9354,9.5274,117.6561,359.4895,-1.4465,1.6487,0.6853,0.8735,-0.1655,-0.4578
54.7482,138.39,-23.2945,22.8539,-6.9220,9.8344,117.6393,359.4488,-1.4177,1.5781,0.6702,0.8729,-0.1708,-0.4571
54.7682,138.39,-23.3220,22.8857,-6.9090,10.1178,117.6247,359.4109,-1.3762,1.5913,0.6476,0.8722,-0.1757,-0.4565
54.7882,138.39,-23.3489,22.9163,-6.8964,10.3774,117.6123,359.3762,-1.3461,1.5269,0.6316,0.8716,-0.1801,-0.4559
54.8082,138.39,-23.3750,22.9470,-6.8842,10.6150,117.6019,359.3440,-1.3045,1.5349,0.6087,0.8710,-0.1842,-0.4554
54.8282,138.39,-23.4004,22.9765,-6.8724,10.8302,117.5936,359.3148,-1.2731,1.4762,0.5918,0.8705,-0.1879,-0.4549
54.8481,138.39,-23.4251,23.0061,-6.8610,11.0248,117.5871,359.2879,-1.2316,1.4797,0.5689,0.8700,-0.1912,-0.4545
54.8682,138.39,-23.4491,23.0346,-6.8500,11.1984,117.5826,359.2638,-1.1992,1.4262,0.5513,0.8695,-0.1942,-0.4542
54.8882,138.39,-23.4722,23.0631,-6.8394,11.3529,117.5798,359.2418,-1.1579,1.4257,0.5283,0.8690,-0.1969,-0.4539
54.9082,138.39,-23.4947,23.0907,-6.8292,11.4876,117.5788,359.2224,-1.1247,1.3769,0.5101,0.8686,-0.1992,-0.4537
54.9282,138.39,-23.5162,23.1197,-6.8196,11.6295,117.5771,359.2024,-1.0746,1.4527,0.4817,0.8682,-0.2016,-0.4534
54.9482,138.39,-23.5370,23.1485,-6.8103,11.7935,117.5737,359.1787,-1.0422,1.4407,0.4645,0.8677,-0.2044,-0.4531
54.9682,138.39,-23.5570,23.1784,-6.8015,11.9675,117.5694,359.1540,-0.9962,1.4916,0.4385,0.8672,-0.2074,-0.4528
54.9881,138.39,-23.5762,23.2083,-6.7932,12.1590,117.5638,359.1267,-0.9595,1.4954,0.4184,0.8666,-0.2106,-0.4524
55.0082,138.39,-23.5945,23.2389,-6.7853,12.3609,117.5573,359.0983,-0.9152,1.5323,0.3932,0.8660,-0.2141,-0.4519
55.0281,138.39,-23.6120,23.2698,-6.7779,12.5769,117.5496,359.0681,-0.8759,1.5433,0.3712,0.8653,-0.2177,-0.4514
55.0482,138.39,-23.6286,23.3012,-6.7709,12.8025,117.5411,359.0370,-0.8321,1.5708,0.3462,0.8646,-0.2216,-0.4509
55.0682,138.39,-23.6444,23.3329,-6.7645,13.0390,117.5318,359.0049,-0.7908,1.5841,0.3227,0.8639,-0.2256,-0.4503
55.0882,138.39,-23.6594,23.3650,-6.7585,13.2839,117.5216,358.9721,-0.7469,1.6055,0.2974,0.8631,-0.2298,-0.4497
55.1082,138.39,-23.6735,23.3974,-6.7531,13.5373,117.5107,358.9387,-0.7040,1.6188,0.2727,0.8623,-0.2341,-0.4491
55.1282,138.39,-23.6866,23.4301,-6.7482,13.7975,117.4992,358.9051,-0.6595,1.6360,0.2468,0.8614,-0.2385,-0.4484
55.1482,138.39,-23.6989,23.4631,-6.7437,14.0642,117.4869,358.8713,-0.6154,1.6481,0.2211,0.8605,-0.2430,-0.4477
55.1681,138.39,-23.7105,23.4948,-6.7397,14.2985,117.4782,358.8419,-0.5794,1.5849,0.2003,0.8597,-0.2470,-0.4471
55.1882,138.39,-23.7211,23.5265,-6.7363,14.5043,117.4725,358.8160,-0.5294,1.5886,0.1709,0.8590,-0.2505,-0.4466
55.2082,138.39,-23.7309,23.5573,-6.7333,14.6784,117.4702,358.7943,-0.4909,1.5357,0.1485,0.8583,-0.2534,-0.4462
55.2282,138.39,-23.7398,23.5879,-6.7309,14.8258,117.4707,358.7758,-0.4423,1.5316,0.1198,0.8577,-0.2559,-0.4459
55.2482,138.39,-23.7478,23.6176,-6.7290,14.9443,117.4741,358.7609,-0.4023,1.4868,0.0964,0.8572,-0.2579,-0.4457
55.2682,138.39,-23.7549,23.6472,-6.7276,15.0377,117.4801,358.7490,-0.3550,1.4770,0.0684,0.8568,-0.2595,-0.4456
55.2882,138.39,-23.7612,23.6759,-6.7268,15.1046,117.4886,358.7404,-0.3140,1.4384,0.0443,0.8565,-0.2606,-0.4456
55.3082,138.39,-23.7666,23.7044,-6.7264,15.1481,117.4994,358.7343,-0.2679,1.4247,0.0171,0.8562,-0.2613,-0.4457
55.3282,138.39,-23.7711,23.7322,-6.7266,15.1674,117.5123,358.7311,-0.2264,1.3910,-0.0074,0.8560,-0.2616,-0.4458
55.3481,138.39,-23.7746,23.7609,-6.7274,15.1951,117.5233,358.7275,-0.1739,1.4322,-0.0390,0.8558,-0.2621,-0.4460
55.3682,138.39,-23.7773,23.7892,-6.7286,15.2399,117.5317,358.7224,-0.1362,1.4172,-0.0613,0.8556,-0.2629,-0.4460
55.3882,138.39,-23.7790,23.8182,-6.7304,15.2944,117.5382,358.7167,-0.0868,1.4464,-0.0910,0.8553,-0.2638,-0.4460
55.4082,138.39,-23.7800,23.8469,-6.7327,15.3629,117.5424,358.7101,-0.0470,1.4383,-0.1147,0.8550,-0.2649,-0.4459
55.4282,138.39,-23.7800,23.8761,-6.7356,15.4401,117.5449,358.7032,0.0006,1.4592,-0.1434,0.8546,-0.2662,-0.4458
55.4482,138.39,-23.7791,23.9052,-6.7389,15.5287,117.5454,358.6957,0.0419,1.4551,-0.1681,0.8543,-0.2677,-0.4456
55.4682,135.15,-23.7774,23.9346,-6.7428,15.6251,117.5443,358.6883,0.0885,1.4702,-0.1962,0.8539,-0.2693,-0.4453
55.4881,135.15,-23.7747,23.9640,-6.7473,15.7307,117.5414,358.6806,0.1308,1.4681,-0.2216,0.8535,-0.2711,-0.4451
55.5082,135.15,-23.7713,23.9925,-6.7522,15.8064,117.5417,358.6767,0.1713,1.4269,-0.2457,0.8531,-0.2724,-0.4449
55.5281,135.15,-23.7669,24.0209,-6.7577,15.8553,117.5448,358.6758,0.2195,1.4198,-0.2745,0.8529,-0.2732,-0.4448
55.5482,135.15,-23.7617,24.0487,-6.7637,15.8752,117.5508,358.6783,0.2616,1.3868,-0.2996,0.8528,-0.2735,-0.4449
55.5682,135.15,-23.7555,24.0761,-6.7702,15.8698,117.5593,358.6834,0.3081,1.3747,-0.3273,0.8527,-0.2735,-0.4450
55.5882,135.15,-23.7485,24.1031,-6.7773,15.8382,117.5703,358.6915,0.3507,1.3472,-0.3526,0.8528,-0.2729,-0.4453
55.6082,135.15,-23.7406,24.1297,-6.7849,15.7830,117.5836,358.7020,0.3956,1.3324,-0.3794,0.8529,-0.2720,-0.4456
55.6282,135.15,-23.7318,24.1559,-6.7929,15.7041,117.5990,358.7149,0.4381,1.3085,-0.4046,0.8531,-0.2707,-0.4460
55.6482,135.15,-23.7222,24.1818,-6.8016,15.6032,117.6163,358.7299,0.4816,1.2925,-0.4305,0.8534,-0.2690,-0.4465
55.6681,135.15,-23.7117,24.2080,-6.8107,15.5153,117.6311,358.7440,0.5260,1.3102,-0.4573,0.8537,-0.2675,-0.4469
55.6882,135.15,-23.7004,24.2340,-6.8203,15.4441,117.6431,358.7569,0.5636,1.3036,-0.4797,0.8539,-0.2663,-0.4472
55.7082,135.15,-23.6883,24.2604,-6.8304,15.3863,117.6529,358.7688,0.6062,1.3171,-0.5053,0.8540,-0.2653,-0.4475
55.7282,135.15,-23.6754,24.2866,-6.8410,15.3431,117.6603,358.7798,0.6441,1.3129,-0.5278,0.8541,-0.2646,-0.4477
55.7482,135.15,-23.6617,24.3131,-6.8520,15.3122,117.6659,358.7901,0.6855,1.3231,-0.5526,0.8542,-0.2641,-0.4478
55.7682,135.15,-23.6472,24.3395,-6.8635,15.2941,117.6696,358.7997,0.7234,1.3203,-0.5752,0.8543,-0.2638,-0.4479
55.7882,135.15,-23.6320,24.3661,-6.8755,15.2870,117.6716,358.8089,0.7640,1.3278,-0.5993,0.8543,-0.2637,-0.4480
55.8082,135.15,-23.6159,24.3926,-6.8879,15.2911,117.6721,358.8176,0.8021,1.3258,-0.6219,0.8543,-0.2637,-0.4480
55.8282,135.15,-23.5991,24.4192,-6.9009,15.3049,117.6714,358.8260,0.8421,1.3312,-0.6457,0.8542,-0.2640,-0.4479
55.8481,135.15,-23.5815,24.4458,-6.9142,15.3285,117.6693,358.8340,0.8803,1.3294,-0.6683,0.8541,-0.2644,-0.4478
55.8682,135.15,-23.5631,24.4718,-6.9280,15.3228,117.6707,358.8452,0.9192,1.2990,-0.6909,0.8541,-0.2643,-0.4479
55.8882,135.15,-23.5438,24.4976,-6.9424,15.2906,117.6753,358.8586,0.9632,1.2936,-0.7167,0.8542,-0.2637,-0.4480
55.9082,135.15,-23.5238,24.5231,-6.9572,15.2305,117.6831,358.8747,1.0031,1.2707,-0.7400,0.8544,-0.2627,-0.4483
55.9282,135.15,-23.5028,24.5483,-6.9725,15.1454,117.6936,358.8928,1.0453,1.2613,-0.7645,0.8547,-0.2613,-0.4486
55.9482,135.15,-23.4811,24.5731,-6.9882,15.0351,117.7068,358.9129,1.0850,1.2428,-0.7875,0.8550,-0.2594,-0.4490
55.9682,135.15,-23.4586,24.5978,-7.0044,14.9018,117.7223,358.9348,1.1255,1.2317,-0.8110,0.8554,-0.2572,-0.4495
55.9881,135.15,-23.4353,24.6221,-7.0211,14.7456,117.7401,358.9583,1.1644,1.2159,-0.8334,0.8559,-0.2545,-0.4501
56.0082,135.15,-23.4113,24.6462,-7.0382,14.5683,117.7597,358.9832,1.2034,1.2042,-0.8558,0.8565,-0.2515,-0.4508
56.0281,135.15,-23.3865,24.6700,-7.0558,14.3705,117.7812,359.0093,1.2410,1.1902,-0.8774,0.8571,-0.2482,-0.4515
56.0482,135.15,-23.3609,24.6936,-7.0737,14.1534,117.8042,359.0364,1.2782,1.1785,-0.8987,0.8577,-0.2445,-0.4523
56.0682,135.15,-23.3346,24.7169,-7.0921,13.9177,117.8284,359.0644,1.3143,1.1658,-0.9192,0.8584,-0.2405,-0.4531
56.0882,135.15,-23.3076,24.7400,-7.1109,13.6647,117.8538,359.0931,1.3497,1.1545,-0.9393,0.8591,-0.2362,-0.4540
56.1082,135.15,-23.2799,24.7628,-7.1301,13.3950,117.8802,359.1225,1.3840,1.1427,-0.9587,0.8599,-0.2317,-0.4549
56.1282,135.15,-23.2516,24.7855,-7.1496,13.1097,117.9072,359.1523,1.4174,1.1318,-0.9775,0.8607,-0.2268,-0.4558
56.1482,135.15,-23.2226,24.8079,-7.1696,12.8097,117.9348,359.1824,1.4497,1.1208,-0.9957,0.8615,-0.2217,-0.4568
56.1681,135.15,-23.1930,24.8301,-7.1898,12.4957,117.9628,359.2128,1.4810,1.1103,-1.0131,0.8623,-0.2164,-0.4578
56.1882,135.15,-23.1628,24.8521,-7.2104,12.1687,117.9911,359.2433,1.5111,1.0999,-1.0299,0.8632,-0.2108,-0.4588
56.2082,135.15,-23.1319,24.8739,-7.2313,11.8294,118.0194,359.2738,1.5401,1.0899,-1.0459,0.8640,-0.2050,-0.4598
56.2282,135.15,-23.1006,24.8955,-7.2526,11.4787,118.0477,359.3042,1.5680,1.0799,-1.0613,0.8649,-0.1990,-0.4608
56.2482,135.15,-23.0687,24.9169,-7.2741,11.1173,118.0757,359.3345,1.5947,1.0703,-1.0758,0.8658,-0.1928,-0.4618
56.2682,135.15,-23.0363,24.9381,-7.2959,10.7460,118.1035,359.3646,1.6201,1.0607,-1.0897,0.8666,-0.1865,-0.4628
56.2882,135.15,-23.0034,24.9592,-7.3179,10.3656,118.1309,359.3943,1.6444,1.0514,-1.1027,0.8675,-0.1799,-0.4638
56.3082,135.15,-22.9701,24.9800,-7.3402,9.9768,118.1578,359.4237,1.6673,1.0422,-1.1150,0.8683,-0.1732,-0.4648
56.3282,135.15,-22.9363,25.0007,-7.3628,9.5803,118.1842,359.4527,1.6890,1.0331,-1.1265,0.8691,-0.1664,-0.4657
56.3481,135.15,-22.9021,25.0212,-7.3855,9.1768,118.2099,359.4812,1.7095,1.0240,-1.1372,0.8699,-0.1595,-0.4667
56.3682,135.15,-22.8675,25.0415,-7.4084,8.7670,118.2348,359.5092,1.7286,1.0151,-1.1471,0.8707,-0.1524,-0.4676
56.3882,135.15,-22.8326,25.0616,-7.4316,8.3515,118.2591,359.5367,1.7465,1.0062,-1.1562,0.8715,-0.1452,-0.4684
56.4082,135.15,-22.7973,25.0816,-7.4549,7.9310,118.2825,359.5637,1.7630,0.9974,-1.1645,0.8722,-0.1380,-0.4693
56.4282,135.15,-22.7618,25.1013,-7.4783,7.5062,118.3051,359.5900,1.7782,0.9886,-1.1720,0.8729,-0.1306,-0.4701
56.4482,135.15,-22.7259,25.1209,-7.5019,7.0776,118.3268,359.6158,1.7921,0.9799,-1.1787,0.8735,-0.1232,-0.4709
56.4682,131.96,-22.6898,25.1404,-7.5256,6.6459,118.3477,359.6409,1.8047,0.9711,-1.1846,0.8742,-0.1157,-0.4716
56.4881,131.96,-22.6535,25.1596,-7.5494,6.2116,118.3677,359.6654,1.8159,0.9623,-1.1897,0.8748,-0.1082,-0.4723
56.5082,131.96,-22.6170,25.1787,-7.5733,5.7753,118.3868,359.6893,1.8259,0.9534,-1.1940,0.8753,-0.1006,-0.4730
56.5281,131.96,-22.5803,25.1976,-7.5972,5.3376,118.4050,359.7125,1.8345,0.9446,-1.1975,0.8758,-0.0930,-0.4736
56.5482,131.96,-22.5434,25.2163,-7.6212,4.8990,118.4222,359.7352,1.8419,0.9357,-1.2003,0.8763,-0.0854,-0.4742
56.5682,131.96,-22.5065,25.2349,-7.6453,4.4600,118.4385,359.7572,1.8479,0.9267,-1.2022,0.8767,-0.0778,-0.4748
56.5882,131.96,-22.4694,25.2532,-7.6693,4.0211,118.4539,359.7786,1.8527,0.9176,-1.2034,0.8770,-0.0701,-0.4753
56.6082,131.96,-22.4323,25.2714,-7.6934,3.5828,118.4683,359.7994,1.8561,0.9084,-1.2038,0.8774,-0.0625,-0.4757
56.6282,131.96,-22.3951,25.2894,-7.7175,3.1455,118.4818,359.8196,1.8583,0.8992,-1.2035,0.8776,-0.0549,-0.4762
56.6482,131.96,-22.3580,25.3072,-7.7415,2.7097,118.4943,359.8393,1.8593,0.8898,-1.2024,0.8779,-0.0473,-0.4765
56.6681,131.96,-22.3208,25.3248,-7.7655,2.2758,118.5058,359.8585,1.8591,0.8804,-1.2006,0.8781,-0.0397,-0.4769
56.6882,131.96,-22.2836,25.3422,-7.7895,1.8441,118.5163,359.8771,1.8576,0.8708,-1.1981,0.8782,-0.0322,-0.4772
56.7082,131.96,-22.2465,25.3594,-7.8134,1.4150,118.5257,359.8952,1.8549,0.8611,-1.1949,0.8783,-0.0247,-0.4774
56.7282,131.96,-22.2095,25.3765,-7.8372,0.9889,118.5342,359.9129,1.8510,0.8513,-1.1910,0.8784,-0.0173,-0.4776
56.7482,131.96,-22.1726,25.3933,-7.8609,0.5662,118.5416,359.9301,1.8460,0.8413,-1.1864,0.8784,-0.0099,-0.4778
56.7682,131.96,-22.1358,25.4099,-7.8846,0.1471,118.5480,359.9468,1.8398,0.8312,-1.1811,0.8784,-0.0026,-0.4779
56.7882,131.96,-22.0991,25.4264,-7.9081,359.7320,118.5533,359.9631,1.8325,0.8210,-1.1751,0.8784,0.0047,-0.4780
56.8082,131.96,-22.0627,25.4426,-7.9314,359.3210,118.5575,359.9790,1.8241,0.8107,-1.1686,0.8783,0.0118,-0.4780
56.8282,131.96,-22.0264,25.4586,-7.9547,358.9146,118.5607,-0.0055,1.8146,0.8002,-1.1613,0.8782,0.0189,-0.4780
56.8481,131.96,-21.9903,25.4744,-7.9777,358.5130,118.5628,0.0096,1.8040,0.7895,-1.1535,0.8780,0.0259,-0.4780
56.8682,131.96,-21.9544,25.4900,-8.0006,358.1164,118.5638,0.0244,1.7924,0.7787,-1.1451,0.8778,0.0329,-0.4779
56.8882,131.96,-21.9188,25.5053,-8.0234,357.7251,118.5637,0.0388,1.7798,0.7678,-1.1360,0.8776,0.0397,-0.4778
56.9082,131.96,-21.8835,25.5205,-8.0459,357.3392,118.5627,0.0529,1.7662,0.7568,-1.1264,0.8773,0.0464,-0.4776
56.9282,131.96,-21.8485,25.5354,-8.0682,356.9590,118.5606,0.0666,1.7516,0.7456,-1.1162,0.8771,0.0531,-0.4774
56.9482,131.96,-21.8138,25.5501,-8.0903,356.5847,118.5574,0.0800,1.7360,0.7343,-1.1055,0.8768,0.0596,-0.4772
56.9682,131.96,-21.7794,25.5645,-8.1122,356.2164,118.5533,0.0930,1.7195,0.7228,-1.0942,0.8765,0.0660,-0.4769
56.9881,131.96,-21.7453,25.5788,-8.1338,355.8544,118.5483,0.1058,1.7021,0.7112,-1.0824,0.8761,0.0723,-0.4766
57.0082,131.96,-21.7117,25.5928,-8.1552,355.4988,118.5423,0.1182,1.6838,0.6995,-1.0700,0.8758,0.0785,-0.4763
57.0281,131.96,-21.6784,25.6065,-8.1764,355.1499,118.5355,0.1303,1.6646,0.6877,-1.0572,0.8754,0.0845,-0.4760
57.0482,131.96,-21.6455,25.6200,-8.1973,354.8076,118.5279,0.1421,1.6446,0.6757,-1.0439,0.8750,0.0905,-0.4756
57.0682,131.96,-21.6130,25.6333,-8.2179,354.4723,118.5195,0.1535,1.6237,0.6636,-1.0302,0.8746,0.0963,-0.4752
57.0882,131.96,-21.5810,25.6464,-8.2382,354.1440,118.5104,0.1647,1.6020,0.6515,-1.0160,0.8741,0.1020,-0.4748
57.1082,131.96,-21.5494,25.6591,-8.2582,353.8229,118.5006,0.1755,1.5796,0.6392,-1.0013,0.8737,0.1076,-0.4744
57.1282,131.96,-21.5182,25.6717,-8.2779,353.5091,118.4902,0.1860,1.5564,0.6268,-0.9862,0.8733,0.1130,-0.4740
57.1482,33.82,-21.4876,25.6840,-8.2974,353.2027,118.4793,0.1962,1.5325,0.6143,-0.9708,0.8728,0.1184,-0.4735
57.1681,33.82,-21.4574,25.6960,-8.3165,352.9038,118.4678,0.2061,1.5078,0.6018,-0.9549,0.8724,0.1235,-0.4730
57.1882,33.82,-21.4278,25.7078,-8.3352,352.6126,118.4559,0.2156,1.4825,0.5891,-0.9386,0.8719,0.1286,-0.4725
57.2082,33.82,-21.3987,25.7193,-8.3537,352.3291,118.4436,0.2249,1.4565,0.5764,-0.9220,0.8714,0.1335,-0.4720
57.2282,1.96,-21.3701,25.7306,-8.3718,352.0534,118.4309,0.2338,1.4299,0.5637,-0.9051,0.8709,0.1383,-0.4715
57.2482,1.96,-21.3420,25.7416,-8.3895,351.7855,118.4179,0.2425,1.4026,0.5508,-0.8878,0.8705,0.1429,-0.4710
57.2682,1.96,-21.3145,25.7524,-8.4069,351.5256,118.4045,0.2508,1.3748,0.5379,-0.8701,0.8700,0.1474,-0.4705
57.2882,1.96,-21.2876,25.7629,-8.4240,351.2735,118.3909,0.2589,1.3464,0.5250,-0.8522,0.8695,0.1517,-0.4700
57.3082,1.96,-21.2612,25.7731,-8.4407,351.0295,118.3769,0.2667,1.3174,0.5120,-0.8340,0.8691,0.1559,-0.4695
57.3282,1.96,-21.2355,25.7831,-8.4570,350.7935,118.3628,0.2742,1.2879,0.4990,-0.8155,0.8686,0.1600,-0.4689
57.3481,1.96,-21.2103,25.7928,-8.4729,350.5654,118.3484,0.2815,1.2579,0.4860,-0.7968,0.8682,0.1639,-0.4684
57.3682,1.96,-21.1858,25.8023,-8.4885,350.3454,118.3339,0.2885,1.2275,0.4730,-0.7778,0.8677,0.1677,-0.4679
57.3882,1.96,-21.1618,25.8115,-8.5036,350.1335,118.3192,0.2952,1.1966,0.4599,-0.7586,0.8673,0.1714,-0.4674
57.4082,1.96,-21.1385,25.8204,-8.5184,349.9296,118.3043,0.3017,1.1652,0.4469,-0.7391,0.8669,0.1749,-0.4668
57.4282,1.96,-21.1159,25.8291,-8.5328,349.7337,118.2895,0.3079,1.1334,0.4338,-0.7195,0.8665,0.1782,-0.4663
57.4482,1.96,-21.0938,25.8375,-8.5468,349.5458,118.2746,0.3139,1.1013,0.4208,-0.6996,0.8661,0.1814,-0.4658
57.4682,1.96,-21.0725,25.8457,-8.5604,349.3659,118.2597,0.3196,1.0688,0.4078,-0.6796,0.8657,0.1845,-0.4653
57.4881,1.96,-21.0517,25.8536,-8.5736,349.1940,118.2448,0.3251,1.0359,0.3948,-0.6594,0.8653,0.1875,-0.4648
57.5082,1.96,-21.0317,25.8612,-8.5864,349.0300,118.2300,0.3304,1.0027,0.3819,-0.6390,0.8650,0.1903,-0.4644
57.5281,1.96,-21.0123,25.8686,-8.5987,348.8738,118.2153,0.3354,0.9693,0.3690,-0.6185,0.8646,0.1930,-0.4639
57.5482,1.96,-20.9936,25.8757,-8.6107,348.7254,118.2008,0.3402,0.9355,0.3562,-0.5979,0.8643,0.1955,-0.4634
57.5682,1.96,-20.9756,25.8826,-8.6222,348.5848,118.1864,0.3447,0.9015,0.3434,-0.5771,0.8640,0.1979,-0.4630
57.5882,1.96,-20.9582,25.8892,-8.6334,348.4518,118.1722,0.3489,0.8673,0.3307,-0.5563,0.8637,0.2002,-0.4626
57.6082,1.96,-20.9416,25.8956,-8.6441,348.3264,118.1581,0.3529,0.8328,0.3180,-0.5353,0.8634,0.2023,-0.4621
57.6282,1.96,-20.9256,25.9017,-8.6543,348.2086,118.1443,0.3566,0.7982,0.3054,-0.5143,0.8632,0.2043,-0.4617
57.6482,1.96,-20.9103,25.9076,-8.6642,348.0981,118.1307,0.3601,0.7634,0.2929,-0.4931,0.8629,0.2062,-0.4613
57.6681,1.96,-20.8958,25.9132,-8.6736,347.9949,118.1172,0.3632,0.7284,0.2805,-0.4719,0.8627,0.2080,-0.4610
57.6882,1.96,-20.8819,25.9185,-8.6827,347.8990,118.1040,0.3660,0.6933,0.2682,-0.4507,0.8625,0.2096,-0.4606
57.7082,1.96,-20.8687,25.9237,-8.6912,347.8102,118.0909,0.3686,0.6581,0.2560,-0.4294,0.8623,0.2112,-0.4603
57.7282,1.96,-20.8563,25.9285,-8.6994,347.7283,118.0781,0.3708,0.6228,0.2439,-0.4080,0.8621,0.2125,-0.4599
57.7482,1.96,-20.8445,25.9332,-8.7071,347.6535,118.0654,0.3727,0.5874,0.2320,-0.3867,0.8620,0.2138,-0.4596
57.7682,1.96,-20.8335,25.9376,-8.7144,347.5854,118.0529,0.3743,0.5520,0.2201,-0.3653,0.8619,0.2150,-0.4593
57.7882,1.96,-20.8232,25.9417,-8.7213,347.5240,118.0405,0.3755,0.5165,0.2084,-0.3439,0.8618,0.2160,-0.4590
57.8082,1.96,-20.8135,25.9457,-8.7278,347.4693,118.0283,0.3765,0.4810,0.1968,-0.3226,0.8617,0.2170,-0.4587
57.8282,1.96,-20.8046,25.9494,-8.7338,347.4211,118.0163,0.3771,0.4455,0.1853,-0.3012,0.8616,0.2178,-0.4584
57.8481,1.96,-20.7964,25.9529,-8.7394,347.3793,118.0044,0.3774,0.4100,0.1739,-0.2799,0.8616,0.2185,-0.4582
57.8682,1.96,-20.7889,25.9561,-8.7446,347.3437,117.9926,0.3774,0.3745,0.1627,-0.2586,0.8616,0.2191,-0.4580
57.8882,1.96,-20.7822,25.9591,-8.7493,347.3144,117.9810,0.3770,0.3391,0.1517,-0.2374,0.8615,0.2196,-0.4577
57.9082,1.96,-20.7761,25.9620,-8.7536,347.2911,117.9695,0.3764,0.3037,0.1408,-0.2162,0.8616,0.2200,-0.4575
57.9282,1.96,-20.7707,25.9646,-8.7575,347.2738,117.9581,0.3755,0.2684,0.1300,-0.1950,0.8616,0.2203,-0.4573
57.9482,1.96,-20.7661,25.9670,-8.7610,347.2624,117.9469,0.3742,0.2332,0.1194,-0.1740,0.8616,0.2205,-0.4571
57.9682,1.96,-20.7621,25.9691,-8.7641,347.2568,117.9358,0.3727,0.1981,0.1090,-0.1530,0.8617,0.2206,-0.4569
57.9881,1.96,-20.7588,25.9711,-8.7667,347.2568,117.9248,0.3709,0.1630,0.0987,-0.1321,0.8618,0.2206,-0.4568
58.0082,1.96,-20.7563,25.9729,-8.7689,347.2625,117.9141,0.3689,0.1282,0.0886,-0.1113,0.8619,0.2205,-0.4566
58.0281,1.96,-20.7544,25.9745,-8.7708,347.2735,117.9035,0.3665,0.0934,0.0787,-0.0906,0.8620,0.2203,-0.4565
58.0482,1.96,-20.7532,25.9758,-8.7722,347.2900,117.8931,0.3640,0.0589,0.0689,-0.0700,0.8622,0.2200,-0.4564
58.0682,1.96,-20.7527,25.9770,-8.7731,347.3117,117.8829,0.3612,0.0245,0.0593,-0.0495,0.8623,0.2196,-0.4562
58.0882,1.96,-20.7529,25.9780,-8.7737,347.3385,117.8730,0.3582,-0.0097,0.0499,-0.0292,0.8625,0.2192,-0.4561
58.1082,1.96,-20.7538,25.9788,-8.7739,347.3704,117.8634,0.3549,-0.0437,0.0406,-0.0089,0.8627,0.2186,-0.4561
58.1282,1.96,-20.7553,25.9795,-8.7737,347.4072,117.8540,0.3515,-0.0775,0.0316,0.0111,0.8629,0.2180,-0.4560
58.1482,1.96,-20.7576,25.9799,-8.7731,347.4489,117.8450,0.3478,-0.1111,0.0227,0.0311,0.8631,0.2173,-0.4559
58.1681,1.96,-20.7605,25.9802,-8.7720,347.4952,117.8363,0.3440,-0.1444,0.0140,0.0508,0.8633,0.2165,-0.4559
58.1882,1.96,-20.7640,25.9803,-8.7706,347.5461,117.8280,0.3400,-0.1774,0.0054,0.0705,0.8635,0.2157,-0.4558
58.2082,1.96,-20.7682,25.9802,-8.7688,347.6014,117.8200,0.3357,-0.2102,-0.0029,0.0899,0.8638,0.2147,-0.4558
58.2282,1.96,-20.7731,25.9800,-8.7667,347.6611,117.8124,0.3313,-0.2427,-0.0111,0.1092,0.8640,0.2137,-0.4558
58.2482,126.02,-20.7786,25.9796,-8.7641,347.7249,117.8052,0.3267,-0.2750,-0.0191,0.1283,0.8643,0.2126,-0.4558
58.2682,126.02,-20.7847,25.9791,-8.7611,347.7929,117.7984,0.3219,-0.3069,-0.0269,0.1472,0.8646,0.2114,-0.4558
58.2882,126.02,-20.7915,25.9784,-8.7578,347.8648,117.7920,0.3170,-0.3385,-0.0345,0.1660,0.8649,0.2102,-0.4558
58.3082,126.02,-20.7989,25.9776,-8.7541,347.9405,117.7859,0.3118,-0.3697,-0.0419,0.1845,0.8652,0.2089,-0.4559
58.3282,126.02,-20.8069,25.9766,-8.7501,348.0199,117.7802,0.3065,-0.4007,-0.0492,0.2029,0.8655,0.2076,-0.4559
58.3481,126.02,-20.8155,25.9755,-8.7457,348.1029,117.7749,0.3010,-0.4313,-0.0562,0.2210,0.8658,0.2062,-0.4560
58.3682,126.02,-20.8247,25.9742,-8.7409,348.1893,117.7700,0.2953,-0.4615,-0.0631,0.2390,0.8661,0.2047,-0.4561
58.3882,126.02,-20.8346,25.9728,-8.7357,348.2790,117.7654,0.2895,-0.4914,-0.0699,0.2567,0.8664,0.2031,-0.4561
58.4082,126.02,-20.8450,25.9713,-8.7303,348.3719,117.7611,0.2835,-0.5209,-0.0764,0.2742,0.8667,0.2016,-0.4562
58.4282,126.02,-20.8560,25.9696,-8.7244,348.4679,117.7571,0.2774,-0.5500,-0.0827,0.2915,0.8671,0.1999,-0.4563
