Time(s),FPS,PosX,PosY,PosZ,RotX,RotY,RotZ,VelX,VelY,VelZ,DirX,DirY,DirZ
-0.2270,0.00,0.0000,5.0000,0.0000,0.0000,0.0000,0.0000,0.0000,0.0000,0.0000,0.0000,0.0000,1.0000
-0.2070,0.00,0.0000,4.9964,0.0000,-0.0003,0.0000,0.0000,0.0000,-0.1809,0.0001,0.0000,0.0000,1.0000
-0.1870,0.00,0.0000,4.9892,0.0000,-0.0008,0.0001,-0.0001,0.0000,-0.3612,0.0001,0.0000,0.0000,1.0000
-0.1670,0.00,0.0000,4.9783,0.0000,-0.0016,0.0001,-0.0001,0.0000,-0.5408,0.0002,0.0000,0.0000,1.0000
-0.1470,0.00,0.0000,4.9639,0.0000,-0.0027,0.0002,-0.0002,0.0000,-0.7198,0.0002,0.0000,0.0000,1.0000
-0.1270,0.00,0.0000,4.9460,0.0000,-0.0040,0.0003,-0.0003,0.0000,-0.8980,0.0003,0.0000,0.0001,1.0000
-0.1070,0.00,0.0000,4.9245,0.0000,-0.0056,0.0004,-0.0005,0.0000,-1.0757,0.0003,0.0000,0.0001,1.0000
-0.0870,0.00,0.0000,4.8994,0.0000,359.9925,0.0005,-0.0006,0.0000,-1.2526,0.0004,0.0000,0.0001,1.0000
-0.0670,0.00,0.0000,4.8708,0.0000,359.9904,0.0006,-0.0008,0.0000,-1.4289,0.0004,0.0000,0.0002,1.0000
-0.0470,0.00,0.0000,4.8387,0.0000,359.9880,0.0008,-0.0010,0.0000,-1.6046,0.0005,0.0000,0.0002,1.0000
-0.0270,0.00,0.0000,4.8032,0.0001,359.9854,0.0009,-0.0012,0.0000,-1.7796,0.0005,0.0000,0.0003,1.0000
-0.0070,0.00,0.0000,4.7641,0.0001,359.9826,0.0011,-0.0015,-0.0001,-1.9539,0.0006,0.0000,0.0003,1.0000
0.0130,0.00,0.0000,4.7215,0.0001,359.9795,0.0013,-0.0018,-0.0001,-2.1276,0.0006,0.0000,0.0004,1.0000
0.0330,0.00,0.0000,4.6755,0.0001,359.9762,0.0015,-0.0020,-0.0001,-2.3007,0.0007,0.0000,0.0004,1.0000
0.0530,0.00,0.0000,4.6261,0.0001,359.9727,0.0017,-0.0023,-0.0001,-2.4731,0.0007,0.0000,0.0005,1.0000
0.0730,0.00,0.0000,4.5732,0.0001,359.9689,0.0020,-0.0027,-0.0001,-2.6449,0.0008,0.0000,0.0005,1.0000
0.0930,0.00,0.0000,4.5168,0.0001,359.9648,0.0022,-0.0030,-0.0001,-2.8160,0.0008,0.0000,0.0006,1.0000
0.1130,0.00,0.0000,4.4571,0.0002,359.9606,0.0025,-0.0034,-0.0001,-2.9866,0.0009,0.0000,0.0007,1.0000
0.1330,14.90,0.0000,4.3940,0.0002,359.9561,0.0028,-0.0038,-0.0001,-3.1564,0.0009,0.0000,0.0008,1.0000
0.1530,14.90,0.0000,4.3275,0.0002,359.9514,0.0031,-0.0042,-0.0001,-3.3257,0.0010,0.0001,0.0008,1.0000
0.1730,14.90,0.0000,4.2576,0.0002,359.9466,0.0034,-0.0046,-0.0001,-3.4943,0.0010,0.0001,0.0009,1.0000
0.1930,14.90,0.0000,4.1843,0.0002,359.9414,0.0037,-0.0050,-0.0001,-3.6623,0.0010,0.0001,0.0010,1.0000
0.2130,14.90,0.0000,4.1077,0.0003,359.9361,0.0041,-0.0055,-0.0001,-3.8297,0.0011,0.0001,0.0011,1.0000
0.2330,14.90,0.0000,4.0278,0.0003,359.9306,0.0044,359.9940,-0.0001,-3.9964,0.0011,0.0001,0.0012,1.0000
0.2530,14.90,0.0000,3.9446,0.0003,359.9248,0.0048,359.9935,-0.0001,-4.1626,0.0012,0.0001,0.0013,1.0000
0.2730,14.90,0.0000,3.8580,0.0003,359.9189,0.0052,359.9930,-0.0001,-4.3281,0.0012,0.0001,0.0014,1.0000
0.2930,14.90,0.0000,3.7681,0.0004,359.9128,0.0056,359.9925,-0.0001,-4.4930,0.0012,0.0001,0.0015,1.0000
0.3130,14.90,0.0000,3.6750,0.0004,359.9064,0.0060,359.9919,-0.0001,-4.6573,0.0013,0.0001,0.0016,1.0000
0.3330,14.90,0.0000,3.5786,0.0004,359.8999,0.0064,359.9914,-0.0001,-4.8210,0.0013,0.0001,0.0017,1.0000
0.3530,14.90,0.0000,3.4789,0.0004,359.8932,0.0068,359.9908,-0.0001,-4.9841,0.0013,0.0001,0.0019,1.0000
0.3730,14.90,0.0000,3.3759,0.0005,359.8863,0.0072,359.9902,-0.0001,-5.1466,0.0014,0.0001,0.0020,1.0000
0.3930,14.90,0.0000,3.2698,0.0005,359.8792,0.0077,359.9896,-0.0001,-5.3085,0.0014,0.0001,0.0021,1.0000
0.4130,14.90,0.0000,3.1604,0.0005,359.8719,0.0082,359.9890,-0.0001,-5.4697,0.0014,0.0001,0.0022,1.0000
0.4330,14.90,0.0000,3.0478,0.0005,359.8644,0.0086,359.9883,-0.0001,-5.6304,0.0015,0.0002,0.0024,1.0000
0.4530,14.90,-0.0001,2.9320,0.0006,359.8568,0.0091,359.9877,-0.0001,-5.7905,0.0015,0.0002,0.0025,1.0000
0.4730,14.90,-0.0001,2.8130,0.0006,359.8490,0.0096,359.9870,-0.0001,-5.9500,0.0015,0.0002,0.0026,1.0000
0.4930,14.90,-0.0001,2.6908,0.0006,359.8410,0.0101,359.9863,-0.0001,-6.1089,0.0016,0.0002,0.0028,1.0000
0.5130,14.90,-0.0001,2.5654,0.0007,359.8329,0.0107,359.9856,-0.0001,-6.2672,0.0016,0.0002,0.0029,1.0000
0.5330,14.90,-0.0001,2.4369,0.0007,359.8245,0.0112,359.9849,-0.0001,-6.4250,0.0016,0.0002,0.0031,1.0000
0.5530,14.90,-0.0001,2.3053,0.0007,359.8160,0.0118,359.9842,-0.0001,-6.5821,0.0017,0.0002,0.0032,1.0000
0.5730,14.90,-0.0001,2.1705,0.0008,359.8074,0.0123,359.9834,-0.0002,-6.7387,0.0017,0.0002,0.0034,1.0000
0.5930,14.90,-0.0001,2.0326,0.0008,359.7986,0.0129,359.9827,-0.0002,-6.8947,0.0017,0.0002,0.0035,1.0000
0.6130,14.90,-0.0001,1.8916,0.0008,359.7897,0.0135,359.9819,-0.0002,-7.0501,0.0017,0.0002,0.0037,1.0000
0.6330,14.90,-0.0001,1.7475,0.0009,359.7805,0.0140,359.9811,-0.0002,-7.2049,0.0018,0.0002,0.0038,1.0000
0.6530,14.90,-0.0001,1.6004,0.0009,359.7713,0.0146,359.9803,-0.0002,-7.3591,0.0018,0.0003,0.0040,1.0000
0.6730,14.90,-0.0001,1.4501,0.0010,359.7619,0.0152,359.9795,-0.0002,-7.5128,0.0018,0.0003,0.0042,1.0000
0.6930,14.90,-0.0001,1.2968,0.0010,359.7523,0.0159,359.9787,-0.0002,-7.6659,0.0018,0.0003,0.0043,1.0000
0.7130,14.90,-0.0001,1.1404,0.0010,359.7426,0.0165,359.9778,-0.0002,-7.8185,0.0019,0.0003,0.0045,1.0000
0.7330,14.90,-0.0001,0.9810,0.0011,359.7328,0.0171,359.9770,-0.0002,-7.9705,0.0019,0.0003,0.0047,1.0000
0.7530,14.90,-0.0001,0.8186,0.0011,359.7228,0.0178,359.9761,-0.0002,-8.1219,0.0019,0.0003,0.0048,1.0000
0.7730,14.90,-0.0001,0.6531,0.0011,359.7127,0.0184,359.9753,-0.0002,-8.2728,0.0019,0.0003,0.0050,1.0000
0.7930,14.90,-0.0001,0.4846,0.0012,359.7025,0.0191,359.9744,-0.0002,-8.4231,0.0020,0.0003,0.0052,1.0000
0.8130,14.90,-0.0001,0.3132,0.0012,359.6921,0.0198,359.9735,-0.0002,-8.5728,0.0020,0.0003,0.0054,1.0000
0.8330,14.90,-0.0001,0.1387,0.0013,359.6816,0.0204,359.9726,-0.0002,-8.7220,0.0020,0.0004,0.0056,1.0000
0.8530,14.90,-0.0001,-0.0387,0.0013,359.6710,0.0211,359.9717,-0.0002,-8.8706,0.0020,0.0004,0.0057,1.0000
0.8730,14.90,-0.0002,0.0375,0.0011,359.9343,0.0219,-0.0057,0.0081,-0.0841,0.0045,0.0004,0.0011,1.0000
0.8930,14.90,-0.0001,0.0527,0.0011,359.9870,0.0228,-0.0013,-0.0022,0.0918,-0.0019,0.0004,0.0002,1.0000
0.9130,14.90,-0.0002,0.0559,0.0012,-0.0026,0.0221,0.0019,-0.0027,0.0641,-0.0008,0.0004,0.0000,1.0000
0.9330,14.90,-0.0002,0.0564,0.0012,-0.0005,0.0220,0.0004,-0.0003,0.0000,0.0001,0.0004,0.0000,1.0000
0.9530,14.90,-0.0002,0.0565,0.0012,-0.0001,0.0219,0.0001,-0.0001,-0.0002,-0.0001,0.0004,0.0000,1.0000
0.9730,14.90,-0.0002,0.0565,0.0012,0.0000,0.0219,0.0000,0.0000,0.0000,0.0000,0.0004,0.0000,1.0000
0.9930,14.90,-0.0002,0.0566,0.0012,0.0000,0.0219,-0.0001,0.0000,0.0000,0.0000,0.0004,0.0000,1.0000
1.0130,14.90,-0.0002,0.0566,0.0012,0.0000,0.0219,0.0000,0.0000,0.0000,0.0000,0.0004,0.0000,1.0000
1.0330,14.90,-0.0002,0.0566,0.0012,0.0000,0.0219,0.0000,0.0000,0.0000,0.0000,0.0004,0.0000,1.0000
1.0530,14.90,-0.0002,0.0566,0.0012,0.0001,0.0219,0.0000,0.0000,0.0000,0.0000,0.0004,0.0000,1.0000
1.0730,14.90,-0.0002,0.0566,0.0012,0.0000,0.0219,0.0000,0.0000,-0.0002,0.0000,0.0004,0.0000,1.0000
1.0930,14.90,-0.0002,0.0566,0.0012,0.0000,0.0219,0.0000,0.0000,0.0000,0.0000,0.0004,0.0000,1.0000
1.1130,14.90,-0.0002,0.0566,0.0012,0.0000,0.0219,0.0000,0.0000,0.0000,0.0000,0.0004,0.0000,1.0000
1.1330,14.90,-0.0002,0.0566,0.0012,0.0000,0.0219,0.0000,0.0000,0.0000,0.0000,0.0004,0.0000,1.0000
1.1530,111.23,-0.0002,0.0566,0.0012,0.0001,0.0219,0.0000,0.0000,0.0000,0.0000,0.0004,0.0000,1.0000
1.1730,111.23,-0.0002,0.0566,0.0012,0.0000,0.0219,0.0000,0.0000,-0.0002,0.0000,0.0004,0.0000,1.0000
1.1930,111.23,-0.0002,0.0566,0.0012,0.0000,0.0219,-0.0001,0.0000,0.0000,0.0000,0.0004,0.0000,1.0000
1.2130,111.23,-0.0002,0.0566,0.0012,0.0000,0.0219,0.0000,0.0000,0.0000,0.0000,0.0004,0.0000,1.0000
1.2330,111.23,-0.0002,0.0566,0.0012,0.0000,0.0219,-0.0001,0.0000,0.0000,0.0000,0.0004,0.0000,1.0000
1.2530,111.23,-0.0002,0.0566,0.0012,0.0000,0.0219,0.0000,0.0000,-0.0001,0.0000,0.0004,0.0000,1.0000
1.2730,111.23,-0.0002,0.0566,0.0012,0.0000,0.0219,-0.0001,0.0000,0.0000,0.0000,0.0004,0.0000,1.0000
1.2930,111.23,-0.0002,0.0566,0.0012,0.0000,0.0219,0.0000,0.0000,-0.0001,0.0000,0.0004,0.0000,1.0000
1.3130,111.23,-0.0002,0.0566,0.0012,0.0000,0.0219,0.0000,0.0000,0.0000,0.0000,0.0004,0.0000,1.0000
1.3330,111.23,-0.0002,0.0566,0.0012,0.0000,0.0219,0.0000,0.0000,0.0000,0.0000,0.0004,0.0000,1.0000
1.3530,111.23,-0.0002,0.0566,0.0012,0.0000,0.0219,-0.0001,0.0000,0.0000,0.0000,0.0004,0.0000,1.0000
1.3730,111.23,-0.0002,0.0566,0.0012,0.0000,0.0219,0.0000,0.0000,0.0000,0.0000,0.0004,0.0000,1.0000
1.3930,111.23,-0.0002,0.0566,0.0012,0.0000,0.0219,0.0000,0.0000,0.0000,0.0000,0.0004,0.0000,1.0000
1.4130,111.23,-0.0002,0.0566,0.0012,0.0000,0.0219,0.0000,0.0000,0.0000,0.0000,0.0004,0.0000,1.0000
1.4330,111.23,-0.0002,0.0566,0.0012,0.0000,0.0219,0.0000,0.0000,0.0000,0.0000,0.0004,0.0000,1.0000
1.4530,111.23,-0.0002,0.0566,0.0012,0.0000,0.0219,0.0000,0.0000,0.0000,0.0000,0.0004,0.0000,1.0000
1.4730,111.23,-0.0002,0.0566,0.0012,0.0000,0.0219,0.0000,0.0000,0.0000,0.0000,0.0004,0.0000,1.0000
1.4930,111.23,-0.0002,0.0566,0.0012,0.0000,0.0219,0.0000,0.0000,0.0000,0.0000,0.0004,0.0000,1.0000
1.5130,111.23,-0.0002,0.0566,0.0012,0.0000,0.0219,0.0000,0.0000,0.0000,0.0000,0.0004,0.0000,1.0000
1.5330,111.23,-0.0002,0.0566,0.0012,0.0000,0.0219,0.0000,0.0000,0.0000,0.0000,0.0004,0.0000,1.0000
1.5530,111.23,-0.0002,0.0566,0.0012,0.0000,0.0219,0.0000,0.0000,0.0000,0.0000,0.0004,0.0000,1.0000
1.5730,111.23,-0.0002,0.0566,0.0012,0.0000,0.0219,0.0000,0.0000,0.0000,0.0000,0.0004,0.0000,1.0000
1.5930,111.23,-0.0002,0.0566,0.0012,0.0000,0.0219,0.0000,0.0000,0.0000,0.0000,0.0004,0.0000,1.0000
1.6130,111.23,-0.0002,0.0566,0.0012,0.0000,0.0219,0.0000,0.0000,0.0000,0.0000,0.0004,0.0000,1.0000
1.6330,111.23,-0.0002,0.0566,0.0012,0.0000,0.0219,0.0000,0.0000,0.0000,0.0000,0.0004,0.0000,1.0000
1.6530,111.23,-0.0002,0.0566,0.0012,0.0000,0.0219,0.0000,0.0000,0.0000,0.0000,0.0004,0.0000,1.0000
1.6730,111.23,-0.0002,0.0566,0.0012,0.0000,0.0219,0.0000,0.0000,0.0000,0.0000,0.0004,0.0000,1.0000
1.6930,111.23,-0.0002,0.0566,0.0012,0.0000,0.0219,0.0000,0.0000,0.0000,0.0000,0.0004,0.0000,1.0000
1.7130,111.23,-0.0002,0.0566,0.0012,0.0000,0.0219,0.0000,0.0000,0.0000,0.0000,0.0004,0.0000,1.0000
1.7330,111.23,-0.0002,0.0566,0.0012,0.0000,0.0219,0.0000,0.0000,0.0000,0.0000,0.0004,0.0000,1.0000
1.7530,111.23,-0.0002,0.0566,0.0012,0.0000,0.0219,0.0000,0.0000,0.0000,0.0000,0.0004,0.0000,1.0000
1.7730,111.23,-0.0002,0.0566,0.0012,0.0000,0.0219,0.0000,0.0000,0.0000,0.0000,0.0004,0.0000,1.0000
1.7930,111.23,-0.0002,0.0566,0.0012,0.0000,0.0219,0.0000,0.0000,0.0000,0.0000,0.0004,0.0000,1.0000
1.8130,111.23,-0.0002,0.0566,0.0012,0.0000,0.0219,0.0000,0.0000,0.0000,0.0000,0.0004,0.0000,1.0000
1.8330,111.23,-0.0002,0.0566,0.0012,0.0000,0.0219,0.0000,0.0000,0.0000,0.0000,0.0004,0.0000,1.0000
1.8530,111.23,-0.0002,0.0566,0.0012,0.0000,0.0219,0.0000,0.0000,0.0000,0.0000,0.0004,0.0000,1.0000
1.8730,111.23,-0.0002,0.0566,0.0012,0.0000,0.0219,0.0000,0.0000,0.0000,0.0000,0.0004,0.0000,1.0000
1.8930,111.23,-0.0002,0.0566,0.0012,0.0000,0.0219,0.0000,0.0000,0.0000,0.0000,0.0004,0.0000,1.0000
1.9130,111.23,-0.0002,0.0566,0.0012,0.0000,0.0219,0.0000,0.0000,0.0000,0.0000,0.0004,0.0000,1.0000
1.9330,111.23,-0.0002,0.0566,0.0012,0.0000,0.0219,0.0000,0.0000,0.0000,0.0000,0.0004,0.0000,1.0000
1.9530,111.23,-0.0002,0.0566,0.0012,0.0000,0.0219,0.0000,0.0000,0.0000,0.0000,0.0004,0.0000,1.0000
1.9730,111.23,-0.0002,0.0566,0.0012,0.0000,0.0219,0.0000,0.0000,0.0000,0.0000,0.0004,0.0000,1.0000
1.9930,111.23,-0.0002,0.0566,0.0012,0.0000,0.0219,0.0000,0.0000,0.0000,0.0000,0.0004,0.0000,1.0000
2.0130,111.23,-0.0002,0.0589,0.0012,359.9941,0.0223,-0.0005,-0.0001,0.1181,0.0013,0.0004,0.0001,1.0000
2.0330,111.23,-0.0002,0.0614,0.0012,359.9844,0.0229,-0.0013,-0.0002,0.1233,0.0020,0.0004,0.0003,1.0000
2.0530,111.23,-0.0002,0.0660,0.0013,359.9694,0.0238,-0.0026,-0.0003,0.2329,0.0031,0.0004,0.0005,1.0000
2.0730,111.23,-0.0002,0.0709,0.0014,359.9510,0.0250,-0.0042,-0.0003,0.2425,0.0037,0.0004,0.0009,1.0000
2.0930,111.23,-0.0002,0.0778,0.0014,359.9278,0.0265,359.9938,-0.0004,0.3443,0.0044,0.0005,0.0013,1.0000
2.1130,111.23,-0.0002,0.0849,0.0015,359.9017,0.0281,359.9915,-0.0004,0.3576,0.0048,0.0005,0.0017,1.0000
2.1330,111.23,-0.0002,0.0940,0.0016,359.8713,0.0301,359.9889,-0.0005,0.4524,0.0052,0.0005,0.0022,1.0000
2.1530,108.00,-0.0002,0.1034,0.0017,359.8383,0.0322,359.9861,-0.0005,0.4688,0.0053,0.0006,0.0028,1.0000
2.1730,108.00,-0.0002,0.1145,0.0019,359.8016,0.0345,359.9829,-0.0005,0.5572,0.0053,0.0006,0.0035,1.0000
2.1930,108.00,-0.0002,0.1260,0.0020,359.7627,0.0370,359.9795,-0.0005,0.5762,0.0050,0.0006,0.0041,1.0000
2.2130,108.00,-0.0003,0.1392,0.0020,359.7205,0.0397,359.9759,-0.0004,0.6588,0.0046,0.0007,0.0049,1.0000
2.2330,108.00,-0.0003,0.1528,0.0021,359.6764,0.0425,359.9720,-0.0004,0.6799,0.0040,0.0007,0.0056,1.0000
2.2530,108.00,-0.0003,0.1679,0.0022,359.6294,0.0455,359.9680,-0.0003,0.7571,0.0031,0.0008,0.0065,1.0000
2.2730,108.00,-0.0003,0.1835,0.0022,359.5809,0.0486,359.9637,-0.0002,0.7799,0.0021,0.0008,0.0073,1.0000
2.2930,108.00,-0.0003,0.2006,0.0022,359.5300,0.0519,359.9593,-0.0001,0.8523,0.0007,0.0009,0.0082,1.0000
2.3130,108.00,-0.0003,0.2181,0.0022,359.4778,0.0552,359.9547,0.0000,0.8764,-0.0007,0.0010,0.0091,1.0000
2.3330,108.00,-0.0003,0.2370,0.0022,359.4235,0.0587,359.9500,0.0002,0.9443,-0.0026,0.0010,0.0101,0.9999
2.3530,108.00,-0.0003,0.2564,0.0021,359.3683,0.0623,359.9452,0.0003,0.9694,-0.0045,0.0011,0.0110,0.9999
2.3730,108.00,-0.0002,0.2771,0.0019,359.3113,0.0660,359.9402,0.0006,1.0332,-0.0069,0.0012,0.0120,0.9999
2.3930,108.00,-0.0002,0.2982,0.0018,359.2537,0.0697,359.9352,0.0008,1.0591,-0.0092,0.0012,0.0130,0.9999
2.4130,108.00,-0.0002,0.3206,0.0015,359.1947,0.0735,359.9300,0.0010,1.1192,-0.0121,0.0013,0.0141,0.9999
2.4330,108.00,-0.0002,0.3435,0.0012,359.1353,0.0774,359.9248,0.0012,1.1456,-0.0149,0.0014,0.0151,0.9999
2.4530,108.00,-0.0002,0.3676,0.0009,359.0748,0.0813,359.9195,0.0015,1.2021,-0.0183,0.0014,0.0161,0.9999
2.4730,108.00,-0.0001,0.3921,0.0004,359.0140,0.0853,359.9141,0.0018,1.2288,-0.0216,0.0015,0.0172,0.9999
2.4930,108.00,-0.0001,0.4178,-0.0001,358.9525,0.0893,359.9087,0.0021,1.2821,-0.0255,0.0016,0.0183,0.9998
2.5130,108.00,0.0000,0.4440,-0.0007,358.8910,0.0933,359.9033,0.0025,1.3090,-0.0293,0.0016,0.0194,0.9998
2.5330,108.00,0.0000,0.4712,-0.0013,358.8290,0.0974,359.8979,0.0028,1.3592,-0.0336,0.0017,0.0204,0.9998
2.5530,108.00,0.0001,0.4989,-0.0021,358.7672,0.1015,359.8924,0.0032,1.3861,-0.0379,0.0018,0.0215,0.9998
2.5730,108.00,0.0002,0.5275,-0.0030,358.7051,0.1056,359.8869,0.0036,1.4335,-0.0427,0.0018,0.0226,0.9997
2.5930,108.00,0.0002,0.5567,-0.0039,358.6434,0.1096,359.8815,0.0040,1.4602,-0.0474,0.0019,0.0237,0.9997
2.6130,108.00,0.0003,0.5868,-0.0050,358.5817,0.1137,359.8760,0.0045,1.5050,-0.0527,0.0020,0.0248,0.9997
2.6330,108.00,0.0004,0.6175,-0.0061,358.5205,0.1178,359.8706,0.0049,1.5315,-0.0579,0.0021,0.0258,0.9997
2.6530,108.00,0.0005,0.6490,-0.0074,358.4595,0.1218,359.8652,0.0054,1.5738,-0.0636,0.0021,0.0269,0.9996
2.6730,108.00,0.0007,0.6810,-0.0088,358.3992,0.1259,359.8598,0.0059,1.5999,-0.0693,0.0022,0.0279,0.9996
2.6930,108.00,0.0008,0.7138,-0.0103,358.3393,0.1299,359.8545,0.0064,1.6400,-0.0754,0.0023,0.0290,0.9996
2.7130,108.00,0.0009,0.7471,-0.0119,358.2802,0.1338,359.8493,0.0069,1.6656,-0.0815,0.0023,0.0300,0.9995
2.7330,108.00,0.0011,0.7811,-0.0137,358.2216,0.1378,359.8441,0.0075,1.7035,-0.0880,0.0024,0.0310,0.9995
2.7530,108.00,0.0012,0.8157,-0.0156,358.1640,0.1416,359.8390,0.0081,1.7287,-0.0945,0.0025,0.0320,0.9995
2.7730,108.00,0.0014,0.8510,-0.0176,358.1071,0.1455,359.8339,0.0086,1.7646,-0.1014,0.0025,0.0330,0.9995
2.7930,108.00,0.0016,0.8868,-0.0198,358.0512,0.1492,359.8289,0.0092,1.7891,-0.1083,0.0026,0.0340,0.9994
2.8130,108.00,0.0018,0.9232,-0.0221,357.9962,0.1530,359.8240,0.0099,1.8231,-0.1156,0.0027,0.0350,0.9994
2.8330,108.00,0.0020,0.9602,-0.0245,357.9424,0.1566,359.8192,0.0105,1.8470,-0.1228,0.0027,0.0359,0.9994
2.8530,108.00,0.0022,0.9978,-0.0271,357.8896,0.1602,359.8145,0.0111,1.8792,-0.1304,0.0028,0.0368,0.9993
2.8730,108.00,0.0025,1.0358,-0.0299,357.8380,0.1637,359.8099,0.0118,1.9025,-0.1380,0.0029,0.0377,0.9993
2.8930,108.00,0.0027,1.0745,-0.0328,357.7874,0.1672,359.8054,0.0124,1.9329,-0.1459,0.0029,0.0386,0.9993
2.9130,108.00,0.0030,1.1136,-0.0359,357.7383,0.1706,359.8010,0.0131,1.9555,-0.1538,0.0030,0.0395,0.9992
2.9330,108.00,0.0032,1.1533,-0.0391,357.6903,0.1739,359.7968,0.0138,1.9843,-0.1620,0.0030,0.0403,0.9992
2.9530,108.00,0.0035,1.1934,-0.0425,357.6437,0.1771,359.7926,0.0145,2.0062,-0.1702,0.0031,0.0411,0.9991
2.9730,108.00,0.0038,1.2341,-0.0461,357.5984,0.1802,359.7885,0.0152,2.0334,-0.1786,0.0031,0.0419,0.9991
2.9930,108.00,0.0042,1.2752,-0.0498,357.5545,0.1832,359.7846,0.0159,2.0545,-0.1870,0.0032,0.0427,0.9991
3.0130,108.00,0.0045,1.3168,-0.0538,357.5120,0.1862,359.7808,0.0167,2.0804,-0.1957,0.0032,0.0434,0.9991
3.0330,108.00,0.0048,1.3588,-0.0578,357.4710,0.1891,359.7772,0.0174,2.1007,-0.2044,0.0033,0.0441,0.9990
3.0530,108.00,0.0052,1.4013,-0.0621,357.4314,0.1918,359.7737,0.0182,2.1251,-0.2133,0.0033,0.0448,0.9990
3.0730,108.00,0.0056,1.4442,-0.0666,357.3934,0.1945,359.7703,0.0189,2.1447,-0.2221,0.0034,0.0455,0.9990
3.0930,108.00,0.0060,1.4875,-0.0712,357.3568,0.1971,359.7670,0.0197,2.1678,-0.2312,0.0034,0.0461,0.9989
3.1130,108.00,0.0064,1.5313,-0.0760,357.3218,0.1995,359.7639,0.0205,2.1866,-0.2403,0.0035,0.0467,0.9989
3.1330,108.00,0.0068,1.5754,-0.0810,357.2883,0.2019,359.7609,0.0212,2.2084,-0.2495,0.0035,0.0473,0.9989
3.1530,124.34,0.0073,1.6200,-0.0861,357.2564,0.2042,359.7581,0.0220,2.2265,-0.2587,0.0036,0.0479,0.9988
3.1730,124.34,0.0077,1.6649,-0.0915,357.2260,0.2063,359.7554,0.0228,2.2471,-0.2680,0.0036,0.0484,0.9988
3.1930,124.34,0.0082,1.7102,-0.0971,357.1973,0.2084,359.7528,0.0236,2.2643,-0.2773,0.0036,0.0489,0.9988
3.2130,124.34,0.0087,1.7559,-0.1028,357.1701,0.2103,359.7504,0.0244,2.2837,-0.2868,0.0037,0.0494,0.9988
3.2330,124.34,0.0092,1.8019,-0.1087,357.1446,0.2122,359.7481,0.0252,2.3002,-0.2962,0.0037,0.0498,0.9988
3.2530,124.34,0.0097,1.8482,-0.1148,357.1206,0.2139,359.7460,0.0260,2.3185,-0.3057,0.0037,0.0502,0.9987
3.2730,124.34,0.0102,1.8949,-0.1211,357.0983,0.2155,359.7440,0.0268,2.3342,-0.3151,0.0038,0.0506,0.9987
3.2930,124.34,0.0108,1.9420,-0.1276,357.0776,0.2171,359.7422,0.0276,2.3515,-0.3247,0.0038,0.0510,0.9987
3.3130,124.34,0.0114,1.9893,-0.1343,357.0585,0.2185,359.7405,0.0284,2.3664,-0.3342,0.0038,0.0513,0.9987
3.3330,124.34,0.0119,2.0369,-0.1412,357.0410,0.2198,359.7390,0.0292,2.3826,-0.3438,0.0038,0.0516,0.9987
3.3530,124.34,0.0125,2.0849,-0.1483,357.0251,0.2210,359.7376,0.0300,2.3968,-0.3533,0.0039,0.0519,0.9986
3.3730,124.34,0.0132,2.1331,-0.1555,357.0107,0.2221,359.7364,0.0308,2.4120,-0.3629,0.0039,0.0521,0.9986
3.3930,124.34,0.0138,2.1816,-0.1630,356.9980,0.2231,359.7353,0.0316,2.4254,-0.3724,0.0039,0.0524,0.9986
3.4130,124.34,0.0144,2.2304,-0.1706,356.9868,0.2239,359.7343,0.0324,2.4397,-0.3820,0.0039,0.0526,0.9986
3.4330,124.34,0.0151,2.2795,-0.1784,356.9773,0.2247,359.7335,0.0332,2.4524,-0.3914,0.0039,0.0527,0.9986
3.4530,124.34,0.0158,2.3288,-0.1864,356.9693,0.2254,359.7328,0.0340,2.4657,-0.4009,0.0039,0.0529,0.9986
3.4730,124.34,0.0165,2.3783,-0.1947,356.9629,0.2259,359.7323,0.0348,2.4777,-0.4104,0.0039,0.0530,0.9986
3.4930,124.34,0.0172,2.4281,-0.2030,356.9579,0.2264,359.7319,0.0356,2.4902,-0.4198,0.0039,0.0531,0.9986
3.5130,124.34,0.0179,2.4782,-0.2116,356.9546,0.2267,359.7317,0.0364,2.5014,-0.4291,0.0040,0.0531,0.9986
3.5330,124.34,0.0187,2.5284,-0.2204,356.9527,0.2270,359.7315,0.0372,2.5130,-0.4385,0.0040,0.0532,0.9986
3.5530,124.34,0.0194,2.5789,-0.2294,356.9523,0.2271,359.7316,0.0380,2.5235,-0.4477,0.0040,0.0532,0.9986
3.5730,124.34,0.0202,2.6296,-0.2385,356.9534,0.2272,359.7317,0.0388,2.5343,-0.4569,0.0040,0.0531,0.9986
3.5930,124.34,0.0210,2.6805,-0.2478,356.9560,0.2271,359.7320,0.0395,2.5441,-0.4660,0.0040,0.0531,0.9986
3.6130,124.34,0.0218,2.7315,-0.2573,356.9600,0.2270,359.7324,0.0403,2.5542,-0.4751,0.0040,0.0530,0.9986
3.6330,124.34,0.0226,2.7828,-0.2670,356.9655,0.2267,359.7330,0.0410,2.5633,-0.4841,0.0040,0.0529,0.9986
3.6530,124.34,0.0234,2.8343,-0.2769,356.9723,0.2264,359.7336,0.0418,2.5726,-0.4930,0.0039,0.0528,0.9986
3.6730,124.34,0.0243,2.8859,-0.2869,356.9805,0.2259,359.7344,0.0425,2.5810,-0.5018,0.0039,0.0527,0.9986
3.6930,124.34,0.0252,2.9377,-0.2971,356.9901,0.2254,359.7354,0.0433,2.5896,-0.5106,0.0039,0.0525,0.9986
3.7130,124.34,0.0260,2.9896,-0.3075,357.0010,0.2247,359.7364,0.0440,2.5974,-0.5192,0.0039,0.0523,0.9986
3.7330,124.34,0.0269,3.0417,-0.3180,357.0132,0.2240,359.7375,0.0447,2.6052,-0.5278,0.0039,0.0521,0.9986
3.7530,124.34,0.0278,3.0940,-0.3288,357.0268,0.2232,359.7388,0.0454,2.6123,-0.5363,0.0039,0.0519,0.9986
3.7730,124.34,0.0288,3.1464,-0.3397,357.0416,0.2223,359.7402,0.0461,2.6195,-0.5446,0.0039,0.0516,0.9987
3.7930,124.34,0.0297,3.1989,-0.3507,357.0576,0.2213,359.7417,0.0468,2.6260,-0.5529,0.0039,0.0513,0.9987
3.8130,124.34,0.0307,3.2515,-0.3619,357.0749,0.2203,359.7433,0.0475,2.6325,-0.5610,0.0038,0.0510,0.9987
3.8330,124.34,0.0316,3.3043,-0.3733,357.0934,0.2191,359.7450,0.0482,2.6384,-0.5690,0.0038,0.0507,0.9987
3.8530,124.34,0.0326,3.3572,-0.3849,357.1130,0.2179,359.7468,0.0488,2.6443,-0.5769,0.0038,0.0504,0.9987
3.8730,124.34,0.0336,3.4102,-0.3966,357.1338,0.2166,359.7487,0.0495,2.6496,-0.5847,0.0038,0.0500,0.9987
3.8930,124.34,0.0346,3.4633,-0.4084,357.1557,0.2152,359.7507,0.0501,2.6548,-0.5923,0.0038,0.0496,0.9988
3.9130,124.34,0.0356,3.5165,-0.4204,357.1787,0.2137,359.7528,0.0507,2.6595,-0.5999,0.0037,0.0492,0.9988
3.9330,124.34,0.0366,3.5697,-0.4325,357.2028,0.2122,359.7550,0.0514,2.6641,-0.6073,0.0037,0.0488,0.9988
3.9530,124.34,0.0377,3.6231,-0.4448,357.2279,0.2106,359.7573,0.0520,2.6683,-0.6145,0.0037,0.0484,0.9988
3.9730,124.34,0.0387,3.6766,-0.4573,357.2540,0.2089,359.7597,0.0526,2.6723,-0.6217,0.0036,0.0479,0.9988
3.9930,124.34,0.0398,3.7301,-0.4698,357.2811,0.2072,359.7621,0.0531,2.6759,-0.6286,0.0036,0.0474,0.9989
4.0130,124.34,0.0409,3.7837,-0.4826,357.3091,0.2054,359.7647,0.0537,2.6794,-0.6355,0.0036,0.0469,0.9989
4.0330,124.34,0.0419,3.8373,-0.4954,357.3381,0.2035,359.7673,0.0543,2.6825,-0.6422,0.0035,0.0464,0.9989
4.0530,124.34,0.0430,3.8910,-0.5084,357.3680,0.2016,359.7700,0.0548,2.6854,-0.6488,0.0035,0.0459,0.9989
4.0730,124.34,0.0441,3.9448,-0.5215,357.3987,0.1996,359.7728,0.0554,2.6879,-0.6552,0.0035,0.0454,0.9990
4.0930,124.34,0.0453,3.9986,-0.5347,357.4303,0.1975,359.7756,0.0559,2.6903,-0.6614,0.0034,0.0448,0.9990
4.1130,124.34,0.0464,4.0524,-0.5481,357.4627,0.1954,359.7786,0.0564,2.6923,-0.6675,0.0034,0.0443,0.9990
4.1330,124.34,0.0475,4.1063,-0.5615,357.4959,0.1933,359.7815,0.0569,2.6942,-0.6735,0.0034,0.0437,0.9990
4.1530,128.34,0.0487,4.1602,-0.5751,357.5299,0.1911,359.7846,0.0574,2.6957,-0.6793,0.0033,0.0431,0.9991
4.1730,128.34,0.0498,4.2142,-0.5888,357.5646,0.1888,359.7877,0.0579,2.6971,-0.6849,0.0033,0.0425,0.9991
4.1930,128.34,0.0510,4.2681,-0.6026,357.6000,0.1865,359.7909,0.0583,2.6982,-0.6904,0.0033,0.0419,0.9991
4.2130,128.34,0.0522,4.3221,-0.6165,357.6361,0.1842,359.7941,0.0588,2.6990,-0.6958,0.0032,0.0412,0.9991
4.2330,128.34,0.0534,4.3761,-0.6305,357.6728,0.1818,359.7974,0.0592,2.6996,-0.7009,0.0032,0.0406,0.9992
4.2530,128.34,0.0545,4.4301,-0.6447,357.7101,0.1793,359.8007,0.0596,2.7000,-0.7059,0.0031,0.0400,0.9992
4.2730,128.34,0.0557,4.4841,-0.6589,357.7481,0.1769,359.8041,0.0600,2.7001,-0.7108,0.0031,0.0393,0.9992
4.2930,128.34,0.0570,4.5381,-0.6732,357.7866,0.1744,359.8075,0.0604,2.7001,-0.7155,0.0030,0.0386,0.9992
4.3130,128.34,0.0582,4.5921,-0.6876,357.8257,0.1718,359.8110,0.0608,2.6998,-0.7200,0.0030,0.0379,0.9993
4.3330,128.34,0.0594,4.6461,-0.7021,357.8652,0.1692,359.8145,0.0611,2.6993,-0.7243,0.0030,0.0372,0.9993
4.3530,128.34,0.0606,4.7001,-0.7167,357.9053,0.1666,359.8181,0.0615,2.6985,-0.7285,0.0029,0.0366,0.9993
4.3730,128.34,0.0619,4.7540,-0.7313,357.9458,0.1640,359.8216,0.0618,2.6976,-0.7326,0.0029,0.0358,0.9994
4.3930,128.34,0.0631,4.8079,-0.7460,357.9868,0.1613,359.8253,0.0622,2.6964,-0.7364,0.0028,0.0351,0.9994
4.4130,128.34,0.0644,4.8618,-0.7608,358.0281,0.1586,359.8289,0.0625,2.6951,-0.7401,0.0028,0.0344,0.9994
4.4330,128.34,0.0656,4.9157,-0.7757,358.0699,0.1559,359.8326,0.0628,2.6935,-0.7436,0.0027,0.0337,0.9994
4.4530,128.34,0.0669,4.9696,-0.7906,358.1120,0.1531,359.8363,0.0630,2.6917,-0.7470,0.0027,0.0329,0.9995
4.4730,128.34,0.0681,5.0233,-0.8056,358.1544,0.1504,359.8400,0.0633,2.6898,-0.7502,0.0026,0.0322,0.9995
4.4930,128.34,0.0694,5.0771,-0.8207,358.1972,0.1476,359.8438,0.0636,2.6876,-0.7532,0.0026,0.0315,0.9995
4.5130,128.34,0.0707,5.1308,-0.8358,358.2402,0.1448,359.8475,0.0638,2.6853,-0.7561,0.0025,0.0307,0.9995
4.5330,128.34,0.0720,5.1845,-0.8510,358.2835,0.1420,359.8513,0.0640,2.6828,-0.7588,0.0025,0.0300,0.9995
4.5530,128.34,0.0733,5.2381,-0.8662,358.3270,0.1391,359.8551,0.0642,2.6800,-0.7613,0.0024,0.0292,0.9996
4.5730,128.34,0.0745,5.2916,-0.8815,358.3707,0.1363,359.8590,0.0644,2.6771,-0.7637,0.0024,0.0284,0.9996
4.5930,128.34,0.0758,5.3451,-0.8968,358.4146,0.1334,359.8628,0.0646,2.6740,-0.7659,0.0023,0.0277,0.9996
4.6130,128.34,0.0771,5.3985,-0.9122,358.4587,0.1305,359.8666,0.0648,2.6708,-0.7679,0.0023,0.0269,0.9996
4.6330,128.34,0.0784,5.4518,-0.9276,358.5029,0.1277,359.8705,0.0650,2.6674,-0.7698,0.0022,0.0261,0.9997
4.6530,128.34,0.0797,5.5051,-0.9430,358.5472,0.1248,359.8744,0.0651,2.6638,-0.7715,0.0022,0.0254,0.9997
4.6730,128.34,0.0810,5.5583,-0.9585,358.5917,0.1219,359.8782,0.0652,2.6600,-0.7730,0.0021,0.0246,0.9997
4.6930,128.34,0.0823,5.6114,-0.9740,358.6362,0.1190,359.8821,0.0653,2.6561,-0.7744,0.0021,0.0238,0.9997
4.7130,128.34,0.0836,5.6645,-0.9895,358.6807,0.1161,359.8859,0.0654,2.6520,-0.7756,0.0020,0.0230,0.9997
4.7330,128.34,0.0850,5.7174,-1.0050,358.7253,0.1132,359.8898,0.0655,2.6477,-0.7767,0.0020,0.0222,0.9998
4.7530,128.34,0.0863,5.7703,-1.0206,358.7699,0.1103,359.8936,0.0656,2.6433,-0.7776,0.0019,0.0215,0.9998
4.7730,128.34,0.0876,5.8231,-1.0361,358.8145,0.1074,359.8975,0.0657,2.6387,-0.7784,0.0019,0.0207,0.9998
4.7930,128.34,0.0889,5.8758,-1.0517,358.8590,0.1045,359.9013,0.0657,2.6340,-0.7790,0.0018,0.0199,0.9998
4.8130,128.34,0.0902,5.9283,-1.0673,358.9035,0.1016,359.9052,0.0658,2.6291,-0.7794,0.0018,0.0191,0.9998
4.8330,128.34,0.0915,5.9808,-1.0829,358.9480,0.0987,359.9090,0.0658,2.6241,-0.7797,0.0017,0.0184,0.9998
4.8530,128.34,0.0928,6.0332,-1.0985,358.9923,0.0959,359.9128,0.0658,2.6189,-0.7798,0.0017,0.0176,0.9998
4.8730,128.34,0.0942,6.0855,-1.1141,359.0366,0.0930,359.9166,0.0658,2.6136,-0.7798,0.0016,0.0168,0.9999
4.8930,128.34,0.0955,6.1376,-1.1297,359.0807,0.0901,359.9204,0.0658,2.6082,-0.7796,0.0016,0.0160,0.9999
4.9130,128.34,0.0968,6.1897,-1.1453,359.1247,0.0873,359.9241,0.0658,2.6026,-0.7793,0.0015,0.0153,0.9999
4.9330,128.34,0.0981,6.2416,-1.1608,359.1685,0.0844,359.9279,0.0657,2.5969,-0.7788,0.0015,0.0145,0.9999
4.9530,128.34,0.0994,6.2934,-1.1764,359.2121,0.0816,359.9316,0.0657,2.5910,-0.7782,0.0014,0.0138,0.9999
4.9730,128.34,0.1007,6.3451,-1.1919,359.2556,0.0788,359.9353,0.0656,2.5850,-0.7775,0.0014,0.0130,0.9999
4.9930,128.34,0.1020,6.3967,-1.2075,359.2988,0.0760,359.9390,0.0655,2.5789,-0.7766,0.0013,0.0122,0.9999
5.0130,128.34,0.1034,6.4482,-1.2230,359.3419,0.0732,359.9427,0.0655,2.5727,-0.7755,0.0013,0.0115,0.9999
5.0330,128.34,0.1047,6.4995,-1.2385,359.3846,0.0704,359.9463,0.0654,2.5663,-0.7743,0.0012,0.0107,0.9999
5.0530,128.34,0.1060,6.5507,-1.2539,359.4272,0.0677,359.9499,0.0653,2.5598,-0.7730,0.0012,0.0100,0.9999
5.0730,128.34,0.1073,6.6018,-1.2694,359.4695,0.0649,359.9535,0.0651,2.5532,-0.7716,0.0011,0.0093,1.0000
5.0930,128.34,0.1086,6.6527,-1.2848,359.5114,0.0622,359.9570,0.0650,2.5465,-0.7700,0.0011,0.0085,1.0000
5.1130,128.34,0.1099,6.7035,-1.3001,359.5531,0.0595,359.9605,0.0649,2.5397,-0.7683,0.0010,0.0078,1.0000
5.1330,128.34,0.1112,6.7541,-1.3155,359.5945,0.0568,359.9641,0.0647,2.5327,-0.7664,0.0010,0.0071,1.0000
5.1530,128.34,0.1125,6.8047,-1.3308,359.6356,0.0542,359.9675,0.0645,2.5257,-0.7645,0.0009,0.0064,1.0000
5.1730,127.12,0.1137,6.8550,-1.3460,359.6763,0.0515,359.9709,0.0644,2.5185,-0.7624,0.0009,0.0056,1.0000
5.1930,127.12,0.1150,6.9052,-1.3612,359.7167,0.0489,359.9743,0.0642,2.5112,-0.7601,0.0009,0.0049,1.0000
5.2130,127.12,0.1163,6.9553,-1.3764,359.7567,0.0463,359.9777,0.0640,2.5038,-0.7578,0.0008,0.0042,1.0000
5.2330,127.12,0.1176,7.0053,-1.3915,359.7964,0.0438,359.9810,0.0638,2.4964,-0.7553,0.0008,0.0036,1.0000
5.2530,127.12,0.1189,7.0550,-1.4065,359.8356,0.0412,359.9843,0.0636,2.4888,-0.7527,0.0007,0.0029,1.0000
5.2730,127.12,0.1201,7.1047,-1.4215,359.8745,0.0387,359.9876,0.0634,2.4811,-0.7500,0.0007,0.0022,1.0000
5.2930,127.12,0.1214,7.1541,-1.4365,359.9130,0.0362,359.9908,0.0631,2.4733,-0.7472,0.0006,0.0015,1.0000
5.3130,127.12,0.1226,7.2034,-1.4513,359.9511,0.0338,359.9940,0.0629,2.4655,-0.7443,0.0006,0.0009,1.0000
5.3330,127.12,0.1239,7.2526,-1.4662,359.9888,0.0313,-0.0029,0.0626,2.4575,-0.7412,0.0005,0.0002,1.0000
5.3530,127.12,0.1251,7.3016,-1.4809,0.0260,0.0289,0.0002,0.0624,2.4495,-0.7381,0.0005,-0.0005,1.0000
5.3730,127.12,0.1264,7.3504,-1.4956,0.0628,0.0265,0.0033,0.0621,2.4414,-0.7348,0.0005,-0.0011,1.0000
5.3930,127.12,0.1276,7.3991,-1.5103,0.0992,0.0242,0.0063,0.0618,2.4331,-0.7315,0.0004,-0.0017,1.0000
5.4130,127.12,0.1288,7.4476,-1.5248,0.1351,0.0219,0.0093,0.0615,2.4248,-0.7280,0.0004,-0.0024,1.0000
5.4330,127.12,0.1301,7.4959,-1.5393,0.1705,0.0196,0.0122,0.0612,2.4164,-0.7244,0.0003,-0.0030,1.0000
5.4530,127.12,0.1313,7.5440,-1.5537,0.2055,0.0173,0.0151,0.0609,2.4080,-0.7208,0.0003,-0.0036,1.0000
5.4730,127.12,0.1325,7.5920,-1.5681,0.2400,0.0151,0.0179,0.0606,2.3994,-0.7170,0.0003,-0.0042,1.0000
5.4930,127.12,0.1337,7.6399,-1.5823,0.2740,0.0128,0.0207,0.0603,2.3908,-0.7132,0.0002,-0.0048,1.0000
5.5130,127.12,0.1349,7.6875,-1.5965,0.3076,0.0107,0.0235,0.0600,2.3821,-0.7092,0.0002,-0.0054,1.0000
5.5330,127.12,0.1361,7.7350,-1.6106,0.3406,0.0085,0.0262,0.0597,2.3734,-0.7052,0.0001,-0.0059,1.0000
5.5530,127.12,0.1373,7.7823,-1.6246,0.3731,0.0064,0.0289,0.0593,2.3645,-0.7011,0.0001,-0.0065,1.0000
5.5730,127.12,0.1385,7.8294,-1.6386,0.4052,0.0043,0.0315,0.0590,2.3556,-0.6969,0.0001,-0.0071,1.0000
5.5930,127.12,0.1396,7.8763,-1.6524,0.4367,0.0023,0.0341,0.0586,2.3467,-0.6926,0.0000,-0.0076,1.0000
5.6130,127.12,0.1408,7.9230,-1.6662,0.4678,0.0003,0.0366,0.0582,2.3376,-0.6882,0.0000,-0.0082,1.0000
5.6330,127.12,0.1420,7.9696,-1.6799,0.4983,-0.0017,0.0391,0.0579,2.3285,-0.6837,0.0000,-0.0087,1.0000
5.6530,127.12,0.1431,8.0160,-1.6934,0.5283,-0.0037,0.0416,0.0575,2.3194,-0.6792,-0.0001,-0.0092,1.0000
5.6730,127.12,0.1443,8.0622,-1.7069,0.5578,-0.0056,0.0440,0.0571,2.3101,-0.6746,-0.0001,-0.0097,1.0000
5.6930,127.12,0.1454,8.1082,-1.7203,0.5867,359.9925,0.0463,0.0567,2.3008,-0.6699,-0.0001,-0.0102,0.9999
5.7130,127.12,0.1465,8.1541,-1.7336,0.6151,359.9907,0.0486,0.0563,2.2915,-0.6652,-0.0002,-0.0107,0.9999
5.7330,127.12,0.1476,8.1997,-1.7468,0.6430,359.9888,0.0509,0.0560,2.2821,-0.6604,-0.0002,-0.0112,0.9999
5.7530,127.12,0.1487,8.2452,-1.7600,0.6704,359.9870,0.0531,0.0555,2.2727,-0.6555,-0.0002,-0.0117,0.9999
5.7730,127.12,0.1498,8.2904,-1.7730,0.6972,359.9853,0.0553,0.0551,2.2632,-0.6506,-0.0003,-0.0122,0.9999
5.7930,127.12,0.1509,8.3355,-1.7859,0.7234,359.9836,0.0574,0.0547,2.2536,-0.6456,-0.0003,-0.0126,0.9999
5.8130,127.12,0.1520,8.3804,-1.7987,0.7492,359.9819,0.0595,0.0543,2.2440,-0.6405,-0.0003,-0.0131,0.9999
5.8330,127.12,0.1531,8.4251,-1.8114,0.7744,359.9802,0.0615,0.0539,2.2344,-0.6354,-0.0003,-0.0135,0.9999
5.8530,127.12,0.1542,8.4695,-1.8240,0.7990,359.9786,0.0635,0.0535,2.2247,-0.6302,-0.0004,-0.0139,0.9999
5.8730,127.12,0.1552,8.5138,-1.8365,0.8232,359.9770,0.0654,0.0530,2.2149,-0.6250,-0.0004,-0.0144,0.9999
5.8930,127.12,0.1563,8.5579,-1.8489,0.8467,359.9754,0.0673,0.0526,2.2052,-0.6197,-0.0004,-0.0148,0.9999
5.9130,127.12,0.1573,8.6019,-1.8612,0.8698,359.9739,0.0691,0.0522,2.1953,-0.6143,-0.0005,-0.0152,0.9999
5.9330,127.12,0.1584,8.6456,-1.8734,0.8922,359.9724,0.0709,0.0517,2.1855,-0.6090,-0.0005,-0.0156,0.9999
5.9530,127.12,0.1594,8.6891,-1.8854,0.9142,359.9709,0.0727,0.0513,2.1756,-0.6035,-0.0005,-0.0160,0.9999
5.9730,127.12,0.1604,8.7324,-1.8974,0.9356,359.9695,0.0744,0.0508,2.1656,-0.5980,-0.0005,-0.0163,0.9999
5.9930,127.12,0.1614,8.7755,-1.9092,0.9564,359.9681,0.0760,0.0504,2.1557,-0.5925,-0.0006,-0.0167,0.9999
6.0130,127.12,0.1624,8.8184,-1.9210,0.9768,359.9668,0.0776,0.0499,2.1457,-0.5870,-0.0006,-0.0170,0.9999
6.0330,127.12,0.1634,8.8611,-1.9326,0.9965,359.9654,0.0792,0.0494,2.1356,-0.5814,-0.0006,-0.0174,0.9998
6.0530,127.12,0.1644,8.9036,-1.9441,1.0158,359.9641,0.0807,0.0490,2.1256,-0.5758,-0.0006,-0.0177,0.9998
6.0730,127.12,0.1654,8.9460,-1.9555,1.0345,359.9629,0.0822,0.0485,2.1155,-0.5701,-0.0006,-0.0181,0.9998
6.0930,127.12,0.1663,8.9881,-1.9668,1.0526,359.9616,0.0836,0.0480,2.1053,-0.5644,-0.0007,-0.0184,0.9998
6.1130,127.12,0.1673,9.0300,-1.9780,1.0703,359.9604,0.0850,0.0476,2.0952,-0.5587,-0.0007,-0.0187,0.9998
6.1330,127.12,0.1682,9.0717,-1.9890,1.0874,359.9593,0.0863,0.0471,2.0850,-0.5529,-0.0007,-0.0190,0.9998
6.1530,127.12,0.1691,9.1132,-2.0000,1.1040,359.9582,0.0876,0.0466,2.0748,-0.5471,-0.0007,-0.0193,0.9998
6.1730,126.81,0.1701,9.1544,-2.0108,1.1200,359.9570,0.0889,0.0461,2.0646,-0.5413,-0.0007,-0.0195,0.9998
6.1930,126.81,0.1710,9.1955,-2.0215,1.1355,359.9560,0.0901,0.0457,2.0543,-0.5355,-0.0008,-0.0198,0.9998
6.2130,126.81,0.1719,9.2364,-2.0321,1.1505,359.9549,0.0912,0.0452,2.0440,-0.5296,-0.0008,-0.0201,0.9998
6.2330,126.81,0.1728,9.2771,-2.0426,1.1650,359.9539,0.0923,0.0447,2.0337,-0.5238,-0.0008,-0.0203,0.9998
6.2530,126.81,0.1737,9.3176,-2.0529,1.1790,359.9529,0.0934,0.0442,2.0234,-0.5179,-0.0008,-0.0206,0.9998
6.2730,126.81,0.1745,9.3578,-2.0632,1.1924,359.9520,0.0944,0.0437,2.0131,-0.5120,-0.0008,-0.0208,0.9998
6.2930,126.81,0.1754,9.3979,-2.0733,1.2054,359.9511,0.0954,0.0432,2.0028,-0.5060,-0.0009,-0.0210,0.9998
6.3130,126.81,0.1762,9.4377,-2.0833,1.2178,359.9502,0.0964,0.0428,1.9924,-0.5001,-0.0009,-0.0213,0.9998
6.3330,126.81,0.1771,9.4774,-2.0932,1.2298,359.9493,0.0973,0.0423,1.9820,-0.4942,-0.0009,-0.0215,0.9998
6.3530,126.81,0.1779,9.5168,-2.1030,1.2412,359.9485,0.0982,0.0418,1.9716,-0.4882,-0.0009,-0.0217,0.9998
6.3730,126.81,0.1788,9.5560,-2.1126,1.2522,359.9477,0.0990,0.0413,1.9612,-0.4822,-0.0009,-0.0219,0.9998
6.3930,126.81,0.1796,9.5950,-2.1221,1.2627,359.9470,0.0998,0.0408,1.9508,-0.4763,-0.0009,-0.0220,0.9998
6.4130,126.81,0.1804,9.6338,-2.1315,1.2726,359.9462,0.1005,0.0403,1.9404,-0.4703,-0.0009,-0.0222,0.9998
6.4330,126.81,0.1812,9.6724,-2.1408,1.2821,359.9455,0.1012,0.0398,1.9300,-0.4643,-0.0010,-0.0224,0.9997
6.4530,126.81,0.1820,9.7108,-2.1500,1.2912,359.9448,0.1019,0.0393,1.9196,-0.4583,-0.0010,-0.0225,0.9997
6.4730,126.81,0.1827,9.7490,-2.1590,1.2997,359.9442,0.1025,0.0388,1.9091,-0.4524,-0.0010,-0.0227,0.9997
6.4930,126.81,0.1835,9.7870,-2.1680,1.3078,359.9436,0.1031,0.0384,1.8987,-0.4464,-0.0010,-0.0228,0.9997
6.5130,126.81,0.1843,9.8248,-2.1768,1.3155,359.9430,0.1037,0.0379,1.8883,-0.4404,-0.0010,-0.0230,0.9997
6.5330,126.81,0.1850,9.8623,-2.1855,1.3226,359.9424,0.1042,0.0374,1.8778,-0.4344,-0.0010,-0.0231,0.9997
6.5530,126.81,0.1857,9.8997,-2.1940,1.3293,359.9419,0.1047,0.0369,1.8674,-0.4284,-0.0010,-0.0232,0.9997
6.5730,126.81,0.1865,9.9368,-2.2025,1.3356,359.9413,0.1051,0.0364,1.8569,-0.4225,-0.0010,-0.0233,0.9997
6.5930,126.81,0.1872,9.9737,-2.2108,1.3415,359.9409,0.1055,0.0359,1.8464,-0.4165,-0.0010,-0.0234,0.9997
6.6130,126.81,0.1879,10.0105,-2.2190,1.3469,359.9404,0.1059,0.0354,1.8360,-0.4106,-0.0010,-0.0235,0.9997
6.6330,126.81,0.1886,10.0470,-2.2271,1.3518,359.9399,0.1062,0.0349,1.8256,-0.4046,-0.0010,-0.0236,0.9997
6.6530,126.81,0.1893,10.0833,-2.2351,1.3564,359.9395,0.1065,0.0345,1.8151,-0.3987,-0.0011,-0.0237,0.9997
6.6730,126.81,0.1900,10.1194,-2.2429,1.3605,359.9391,0.1068,0.0340,1.8047,-0.3928,-0.0011,-0.0237,0.9997
6.6930,126.81,0.1906,10.1552,-2.2507,1.3642,359.9388,0.1070,0.0335,1.7942,-0.3869,-0.0011,-0.0238,0.9997
6.7130,126.81,0.1913,10.1909,-2.2583,1.3675,359.9385,0.1073,0.0330,1.7838,-0.3810,-0.0011,-0.0239,0.9997
6.7330,126.81,0.1920,10.2264,-2.2658,1.3704,359.9381,0.1074,0.0325,1.7734,-0.3752,-0.0011,-0.0239,0.9997
6.7530,126.81,0.1926,10.2616,-2.2732,1.3729,359.9379,0.1076,0.0321,1.7629,-0.3693,-0.0011,-0.0240,0.9997
6.7730,126.81,0.1932,10.2967,-2.2805,1.3750,359.9376,0.1077,0.0316,1.7525,-0.3635,-0.0011,-0.0240,0.9997
6.7930,126.81,0.1938,10.3315,-2.2876,1.3767,359.9373,0.1078,0.0311,1.7421,-0.3577,-0.0011,-0.0240,0.9997
6.8130,126.81,0.1945,10.3662,-2.2947,1.3780,359.9371,0.1078,0.0306,1.7317,-0.3519,-0.0011,-0.0240,0.9997
6.8330,126.81,0.1951,10.4006,-2.3016,1.3790,359.9370,0.1078,0.0302,1.7214,-0.3461,-0.0011,-0.0241,0.9997
6.8530,126.81,0.1957,10.4348,-2.3084,1.3796,359.9368,0.1078,0.0297,1.7110,-0.3404,-0.0011,-0.0241,0.9997
6.8730,126.81,0.1962,10.4688,-2.3151,1.3798,359.9366,0.1078,0.0292,1.7006,-0.3346,-0.0011,-0.0241,0.9997
6.8930,126.81,0.1968,10.5026,-2.3217,1.3797,359.9365,0.1077,0.0288,1.6903,-0.3289,-0.0011,-0.0241,0.9997
6.9130,126.81,0.1974,10.5362,-2.3281,1.3792,359.9364,0.1077,0.0283,1.6800,-0.3233,-0.0011,-0.0241,0.9997
6.9330,126.81,0.1979,10.5696,-2.3345,1.3784,359.9363,0.1075,0.0279,1.6696,-0.3176,-0.0011,-0.0241,0.9997
6.9530,126.81,0.1985,10.6028,-2.3407,1.3772,359.9362,0.1074,0.0274,1.6593,-0.3120,-0.0011,-0.0240,0.9997
6.9730,126.81,0.1990,10.6358,-2.3468,1.3757,359.9362,0.1072,0.0270,1.6490,-0.3064,-0.0011,-0.0240,0.9997
6.9930,126.81,0.1996,10.6686,-2.3529,1.3739,359.9362,0.1070,0.0265,1.6388,-0.3009,-0.0011,-0.0240,0.9997
7.0130,126.81,0.2001,10.7011,-2.3588,1.3717,359.9362,0.1068,0.0261,1.6285,-0.2954,-0.0011,-0.0239,0.9997
7.0330,126.81,0.2006,10.7335,-2.3646,1.3693,359.9362,0.1066,0.0256,1.6183,-0.2899,-0.0011,-0.0239,0.9997
7.0530,126.81,0.2011,10.7657,-2.3703,1.3665,359.9362,0.1063,0.0252,1.6081,-0.2844,-0.0011,-0.0238,0.9997
7.0730,126.81,0.2016,10.7976,-2.3758,1.3634,359.9362,0.1060,0.0247,1.5979,-0.2790,-0.0011,-0.0238,0.9997
7.0930,126.81,0.2021,10.8294,-2.3813,1.3601,359.9363,0.1057,0.0243,1.5877,-0.2736,-0.0011,-0.0237,0.9997
7.1130,126.81,0.2026,10.8609,-2.3867,1.3564,359.9364,0.1054,0.0239,1.5775,-0.2682,-0.0011,-0.0237,0.9997
7.1330,126.81,0.2030,10.8923,-2.3919,1.3524,359.9365,0.1051,0.0234,1.5674,-0.2629,-0.0011,-0.0236,0.9997
7.1530,126.81,0.2035,10.9234,-2.3971,1.3482,359.9366,0.1047,0.0230,1.5573,-0.2576,-0.0011,-0.0235,0.9997
7.1730,127.60,0.2039,10.9544,-2.4021,1.3437,359.9367,0.1043,0.0226,1.5472,-0.2523,-0.0011,-0.0235,0.9997
7.1930,127.60,0.2044,10.9851,-2.4071,1.3390,359.9369,0.1039,0.0222,1.5371,-0.2471,-0.0011,-0.0234,0.9997
7.2130,127.60,0.2048,11.0157,-2.4119,1.3339,359.9370,0.1034,0.0217,1.5270,-0.2419,-0.0011,-0.0233,0.9997
7.2330,127.60,0.2052,11.0460,-2.4166,1.3286,359.9372,0.1030,0.0213,1.5170,-0.2368,-0.0011,-0.0232,0.9997
7.2530,127.60,0.2057,11.0761,-2.4213,1.3231,359.9374,0.1025,0.0209,1.5070,-0.2317,-0.0011,-0.0231,0.9997
7.2730,127.60,0.2061,11.1061,-2.4258,1.3173,359.9377,0.1020,0.0205,1.4970,-0.2266,-0.0011,-0.0230,0.9997
7.2930,127.60,0.2065,11.1358,-2.4302,1.3113,359.9379,0.1015,0.0201,1.4871,-0.2216,-0.0011,-0.0229,0.9997
7.3130,127.60,0.2069,11.1654,-2.4346,1.3051,359.9381,0.1010,0.0197,1.4771,-0.2166,-0.0011,-0.0228,0.9997
7.3330,127.60,0.2072,11.1947,-2.4388,1.2986,359.9384,0.1005,0.0193,1.4672,-0.2117,-0.0011,-0.0227,0.9997
7.3530,127.60,0.2076,11.2238,-2.4429,1.2919,359.9386,0.0999,0.0189,1.4574,-0.2068,-0.0011,-0.0225,0.9997
7.3730,127.60,0.2080,11.2528,-2.4470,1.2850,359.9389,0.0993,0.0185,1.4475,-0.2019,-0.0011,-0.0224,0.9997
7.3930,127.60,0.2084,11.2816,-2.4509,1.2779,359.9392,0.0988,0.0181,1.4377,-0.1971,-0.0011,-0.0223,0.9998
7.4130,127.60,0.2087,11.3101,-2.4548,1.2706,359.9395,0.0982,0.0177,1.4279,-0.1924,-0.0011,-0.0222,0.9998
7.4330,127.60,0.2091,11.3385,-2.4585,1.2631,359.9398,0.0976,0.0174,1.4181,-0.1876,-0.0010,-0.0220,0.9998
7.4530,127.60,0.2094,11.3666,-2.4622,1.2554,359.9402,0.0969,0.0170,1.4084,-0.1830,-0.0010,-0.0219,0.9998
7.4730,127.60,0.2097,11.3946,-2.4658,1.2475,359.9405,0.0963,0.0166,1.3987,-0.1783,-0.0010,-0.0218,0.9998
7.4930,127.60,0.2101,11.4224,-2.4692,1.2395,359.9409,0.0956,0.0162,1.3890,-0.1737,-0.0010,-0.0216,0.9998
7.5130,127.60,0.2104,11.4500,-2.4726,1.2312,359.9412,0.0950,0.0159,1.3794,-0.1692,-0.0010,-0.0215,0.9998
7.5330,127.60,0.2107,11.4774,-2.4759,1.2228,359.9416,0.0943,0.0155,1.3698,-0.1647,-0.0010,-0.0213,0.9998
7.5530,127.60,0.2110,11.5046,-2.4791,1.2142,359.9420,0.0936,0.0151,1.3602,-0.1602,-0.0010,-0.0212,0.9998
7.5730,127.60,0.2113,11.5316,-2.4822,1.2055,359.9424,0.0929,0.0148,1.3506,-0.1558,-0.0010,-0.0210,0.9998
7.5930,127.60,0.2116,11.5584,-2.4852,1.1966,359.9428,0.0922,0.0144,1.3411,-0.1514,-0.0010,-0.0209,0.9998
7.6130,127.60,0.2119,11.5850,-2.4882,1.1876,359.9432,0.0915,0.0141,1.3316,-0.1471,-0.0010,-0.0207,0.9998
7.6330,127.60,0.2121,11.6115,-2.4910,1.1784,359.9436,0.0908,0.0137,1.3221,-0.1428,-0.0010,-0.0206,0.9998
7.6530,127.60,0.2124,11.6377,-2.4938,1.1691,359.9441,0.0900,0.0134,1.3127,-0.1386,-0.0010,-0.0204,0.9998
7.6730,127.60,0.2127,11.6638,-2.4965,1.1597,359.9445,0.0893,0.0131,1.3033,-0.1344,-0.0010,-0.0202,0.9998
7.6930,127.60,0.2129,11.6897,-2.4991,1.1501,359.9449,0.0885,0.0127,1.2940,-0.1303,-0.0010,-0.0201,0.9998
7.7130,127.60,0.2132,11.7154,-2.5016,1.1404,359.9454,0.0878,0.0124,1.2846,-0.1262,-0.0010,-0.0199,0.9998
7.7330,127.60,0.2134,11.7409,-2.5041,1.1306,359.9459,0.0870,0.0121,1.2754,-0.1222,-0.0009,-0.0197,0.9998
7.7530,127.60,0.2136,11.7662,-2.5064,1.1207,359.9464,0.0862,0.0118,1.2661,-0.1182,-0.0009,-0.0196,0.9998
7.7730,127.60,0.2139,11.7914,-2.5087,1.1107,359.9468,0.0854,0.0114,1.2569,-0.1142,-0.0009,-0.0194,0.9998
7.7930,127.60,0.2141,11.8163,-2.5109,1.1005,359.9473,0.0847,0.0111,1.2477,-0.1103,-0.0009,-0.0192,0.9998
7.8130,127.60,0.2143,11.8411,-2.5131,1.0903,359.9478,0.0839,0.0108,1.2385,-0.1065,-0.0009,-0.0190,0.9998
7.8330,127.60,0.2145,11.8657,-2.5151,1.0800,359.9483,0.0831,0.0105,1.2294,-0.1027,-0.0009,-0.0188,0.9998
7.8530,127.60,0.2147,11.8901,-2.5171,1.0696,359.9488,0.0823,0.0102,1.2203,-0.0989,-0.0009,-0.0187,0.9998
7.8730,127.60,0.2149,11.9143,-2.5190,1.0591,359.9493,0.0814,0.0099,1.2113,-0.0952,-0.0009,-0.0185,0.9998
7.8930,127.60,0.2151,11.9383,-2.5208,1.0485,359.9498,0.0806,0.0096,1.2023,-0.0916,-0.0009,-0.0183,0.9998
7.9130,127.60,0.2153,11.9622,-2.5226,1.0379,359.9503,0.0798,0.0093,1.1933,-0.0880,-0.0009,-0.0181,0.9998
7.9330,127.60,0.2155,11.9859,-2.5243,1.0272,359.9509,0.0790,0.0090,1.1844,-0.0844,-0.0009,-0.0179,0.9998
7.9530,127.60,0.2157,12.0094,-2.5259,1.0164,359.9514,0.0782,0.0088,1.1755,-0.0809,-0.0008,-0.0177,0.9998
7.9730,127.60,0.2158,12.0327,-2.5274,1.0056,359.9519,0.0773,0.0085,1.1666,-0.0774,-0.0008,-0.0175,0.9998
7.9930,127.60,0.2160,12.0555,-2.5289,0.9910,359.9527,0.0762,0.0082,1.1400,-0.0735,-0.0008,-0.0173,0.9999
8.0130,127.60,0.2161,12.0782,-2.5303,0.9726,359.9536,0.0747,0.0078,1.1305,-0.0694,-0.0008,-0.0170,0.9999
8.0330,127.60,0.2163,12.1003,-2.5316,0.9508,359.9548,0.0730,0.0075,1.1052,-0.0657,-0.0008,-0.0166,0.9999
8.0530,127.60,0.2164,12.1222,-2.5329,0.9254,359.9561,0.0710,0.0072,1.0951,-0.0618,-0.0008,-0.0162,0.9999
8.0730,127.60,0.2166,12.1436,-2.5340,0.8969,359.9576,0.0687,0.0069,1.0711,-0.0583,-0.0007,-0.0157,0.9999
8.0930,127.60,0.2167,12.1648,-2.5351,0.8653,359.9592,0.0661,0.0066,1.0605,-0.0546,-0.0007,-0.0151,0.9999
8.1130,127.60,0.2168,12.1855,-2.5361,0.8310,359.9609,0.0633,0.0064,1.0377,-0.0514,-0.0007,-0.0145,0.9999
8.1330,127.60,0.2170,12.2061,-2.5371,0.7938,359.9627,0.0603,0.0061,1.0267,-0.0481,-0.0007,-0.0139,0.9999
8.1530,127.60,0.2171,12.2262,-2.5380,0.7542,359.9646,0.0570,0.0058,1.0049,-0.0451,-0.0006,-0.0132,0.9999
8.1730,123.90,0.2172,12.2460,-2.5388,0.7121,359.9666,0.0535,0.0056,0.9936,-0.0421,-0.0006,-0.0124,0.9999
8.1930,123.90,0.2173,12.2655,-2.5396,0.6679,359.9686,0.0498,0.0054,0.9728,-0.0395,-0.0005,-0.0117,0.9999
8.2130,123.90,0.2174,12.2847,-2.5404,0.6216,359.9707,0.0460,0.0052,0.9613,-0.0369,-0.0005,-0.0108,0.9999
8.2330,123.90,0.2175,12.3036,-2.5411,0.5734,359.9728,0.0419,0.0050,0.9413,-0.0345,-0.0005,-0.0100,0.9999
8.2530,123.90,0.2176,12.3221,-2.5417,0.5234,359.9749,0.0378,0.0048,0.9296,-0.0323,-0.0004,-0.0091,1.0000
8.2730,123.90,0.2177,12.3404,-2.5423,0.4718,359.9771,0.0334,0.0046,0.9105,-0.0303,-0.0004,-0.0082,1.0000
8.2930,123.90,0.2178,12.3583,-2.5429,0.4187,359.9792,0.0289,0.0045,0.8987,-0.0285,-0.0004,-0.0073,1.0000
8.3130,123.90,0.2179,12.3759,-2.5434,0.3642,359.9814,0.0243,0.0044,0.8803,-0.0269,-0.0003,-0.0064,1.0000
8.3330,123.90,0.2179,12.3933,-2.5439,0.3085,359.9835,0.0196,0.0042,0.8685,-0.0254,-0.0003,-0.0054,1.0000
8.3530,123.90,0.2180,12.4103,-2.5444,0.2516,359.9856,0.0147,0.0042,0.8508,-0.0242,-0.0003,-0.0044,1.0000
8.3730,123.90,0.2181,12.4271,-2.5449,0.1938,359.9877,0.0098,0.0041,0.8389,-0.0231,-0.0002,-0.0034,1.0000
8.3930,123.90,0.2182,12.4435,-2.5453,0.1351,359.9897,0.0048,0.0040,0.8219,-0.0222,-0.0002,-0.0024,1.0000
8.4130,123.90,0.2183,12.4597,-2.5458,0.0755,359.9917,-0.0003,0.0040,0.8100,-0.0216,-0.0001,-0.0013,1.0000
8.4330,123.90,0.2184,12.4756,-2.5462,0.0153,359.9937,-0.0055,0.0039,0.7936,-0.0211,-0.0001,-0.0003,1.0000
8.4530,123.90,0.2184,12.4912,-2.5466,359.9546,-0.0045,359.9893,0.0039,0.7817,-0.0209,-0.0001,0.0008,1.0000
8.4730,123.90,0.2185,12.5066,-2.5470,359.8934,-0.0026,359.9840,0.0039,0.7658,-0.0209,0.0000,0.0019,1.0000
8.4930,123.90,0.2186,12.5216,-2.5474,359.8318,-0.0009,359.9787,0.0040,0.7540,-0.0210,0.0000,0.0029,1.0000
8.5130,123.90,0.2187,12.5364,-2.5479,359.7700,0.0008,359.9734,0.0040,0.7387,-0.0214,0.0000,0.0040,1.0000
8.5330,123.90,0.2187,12.5510,-2.5483,359.7079,0.0024,359.9680,0.0041,0.7270,-0.0219,0.0000,0.0051,1.0000
8.5530,123.90,0.2188,12.5652,-2.5487,359.6458,0.0039,359.9626,0.0041,0.7122,-0.0227,0.0001,0.0062,1.0000
8.5730,123.90,0.2189,12.5792,-2.5492,359.5836,0.0054,359.9572,0.0042,0.7006,-0.0237,0.0001,0.0073,1.0000
8.5930,123.90,0.2190,12.5929,-2.5497,359.5216,0.0067,359.9518,0.0044,0.6862,-0.0248,0.0001,0.0083,1.0000
8.6130,123.90,0.2190,12.6081,-2.5503,359.4582,0.0050,359.9188,-0.0013,0.7598,-0.0266,0.0001,0.0095,1.0000
8.6330,123.90,0.2188,12.6237,-2.5508,359.3949,-0.0004,359.8527,-0.0079,0.7769,-0.0284,0.0000,0.0106,0.9999
8.6530,123.90,0.2186,12.6403,-2.5514,359.3310,359.9913,359.7594,-0.0130,0.8292,-0.0307,-0.0002,0.0117,0.9999
8.6730,123.90,0.2182,12.6574,-2.5522,359.2921,359.9785,359.6430,-0.0169,0.8582,-0.0383,-0.0004,0.0124,0.9999
8.6930,123.90,0.2178,12.6755,-2.5531,359.2755,359.9620,359.5070,-0.0195,0.9018,-0.0457,-0.0007,0.0126,0.9999
8.7130,123.90,0.2174,12.6942,-2.5542,359.2815,359.9415,359.3513,-0.0217,0.9353,-0.0531,-0.0010,0.0125,0.9999
8.7330,123.90,0.2169,12.7137,-2.5554,359.3081,359.9174,359.1778,-0.0228,0.9744,-0.0601,-0.0014,0.0121,0.9999
8.7530,123.90,0.2165,12.7338,-2.5567,359.3551,359.8897,358.9869,-0.0232,1.0091,-0.0668,-0.0019,0.0113,0.9999
8.7730,123.90,0.2160,12.7547,-2.5582,359.4209,359.8587,358.7799,-0.0225,1.0457,-0.0731,-0.0025,0.0101,0.9999
8.7930,123.90,0.2156,12.7764,-2.5598,359.5051,359.8242,358.5577,-0.0210,1.0802,-0.0790,-0.0031,0.0086,1.0000
8.8130,123.90,0.2152,12.7987,-2.5614,359.6066,359.7866,358.3211,-0.0183,1.1153,-0.0843,-0.0037,0.0069,1.0000
8.8330,123.90,0.2149,12.8216,-2.5632,359.7246,359.7457,358.0711,-0.0146,1.1491,-0.0890,-0.0044,0.0048,1.0000
8.8530,123.90,0.2148,12.8453,-2.5651,359.8582,359.7017,357.8084,-0.0097,1.1827,-0.0931,-0.0052,0.0025,1.0000
8.8730,123.90,0.2147,12.8696,-2.5670,0.0068,359.6546,357.5338,-0.0038,1.2156,-0.0965,-0.0060,-0.0001,1.0000
8.8930,123.90,0.2147,12.8946,-2.5690,0.1696,359.6045,357.2481,0.0034,1.2480,-0.0991,-0.0069,-0.0030,1.0000
8.9130,123.90,0.2150,12.9202,-2.5710,0.3457,359.5514,356.9521,0.0117,1.2797,-0.1010,-0.0078,-0.0060,1.0000
8.9330,123.90,0.2154,12.9464,-2.5731,0.5346,359.4954,356.6463,0.0213,1.3109,-0.1020,-0.0088,-0.0093,0.9999
8.9530,123.90,0.2161,12.9732,-2.5751,0.7356,359.4365,356.3315,0.0321,1.3414,-0.1022,-0.0098,-0.0128,0.9999
8.9730,123.90,0.2169,13.0007,-2.5771,0.9480,359.3747,356.0083,0.0442,1.3713,-0.1014,-0.0109,-0.0165,0.9998
8.9930,123.90,0.2181,13.0287,-2.5791,1.1713,359.3101,355.6773,0.0575,1.4005,-0.0997,-0.0120,-0.0204,0.9997
9.0130,123.90,0.2195,13.0573,-2.5811,1.4047,359.2426,355.3391,0.0721,1.4291,-0.0971,-0.0132,-0.0245,0.9996
9.0330,123.90,0.2213,13.0864,-2.5829,1.6478,359.1725,354.9943,0.0880,1.4570,-0.0934,-0.0144,-0.0288,0.9995
9.0530,123.90,0.2234,13.1161,-2.5847,1.9000,359.0995,354.6434,0.1052,1.4843,-0.0887,-0.0157,-0.0332,0.9993
9.0730,123.90,0.2259,13.1463,-2.5864,2.1608,359.0240,354.2869,0.1236,1.5108,-0.0830,-0.0170,-0.0377,0.9991
9.0930,123.90,0.2287,13.1771,-2.5879,2.4297,358.9457,353.9252,0.1434,1.5366,-0.0761,-0.0184,-0.0424,0.9989
9.1130,123.90,0.2320,13.2083,-2.5893,2.7061,358.8648,353.5590,0.1645,1.5615,-0.0682,-0.0198,-0.0472,0.9987
9.1330,123.90,0.2358,13.2400,-2.5904,2.9894,358.7815,353.1889,0.1868,1.5846,-0.0592,-0.0212,-0.0522,0.9984
9.1530,123.90,0.2400,13.2721,-2.5914,3.2787,358.6959,352.8158,0.2103,1.6064,-0.0489,-0.0227,-0.0572,0.9981
9.1730,127.24,0.2447,13.3047,-2.5922,3.5734,358.6082,352.4406,0.2352,1.6266,-0.0376,-0.0242,-0.0623,0.9978
9.1930,127.24,0.2499,13.3376,-2.5927,3.8728,358.5187,352.0638,0.2612,1.6453,-0.0250,-0.0258,-0.0675,0.9974
9.2130,127.24,0.2557,13.3709,-2.5929,4.1761,358.4276,351.6864,0.2885,1.6625,-0.0113,-0.0274,-0.0728,0.9970
9.2330,127.24,0.2620,13.4044,-2.5928,4.4827,358.3349,351.3091,0.3169,1.6782,0.0035,-0.0290,-0.0782,0.9965
9.2530,127.24,0.2690,13.4383,-2.5924,4.7920,358.2410,350.9324,0.3464,1.6924,0.0195,-0.0306,-0.0835,0.9960
9.2730,127.24,0.2765,13.4724,-2.5916,5.0773,358.1608,350.5530,0.3756,1.7044,0.0425,-0.0320,-0.0885,0.9956
9.2930,127.24,0.2845,13.5053,-2.5904,5.3384,358.0927,350.2104,0.4029,1.6458,0.0602,-0.0331,-0.0930,0.9951
9.3130,127.24,0.2933,13.5383,-2.5887,5.5779,358.0353,349.8993,0.4403,1.6497,0.0840,-0.0341,-0.0972,0.9947
9.3330,127.24,0.3027,13.5703,-2.5866,5.7950,357.9893,349.6235,0.4702,1.6015,0.1034,-0.0349,-0.1010,0.9943
9.3530,127.24,0.3129,13.6023,-2.5841,5.9920,357.9535,349.3774,0.5074,1.5974,0.1276,-0.0355,-0.1044,0.9939
9.3730,127.24,0.3237,13.6334,-2.5811,6.1682,357.9283,349.1635,0.5391,1.5573,0.1485,-0.0359,-0.1074,0.9936
9.3930,127.24,0.3352,13.6644,-2.5776,6.3255,357.9128,348.9776,0.5760,1.5475,0.1729,-0.0362,-0.1102,0.9933
9.4130,127.24,0.3474,13.6947,-2.5737,6.4635,357.9072,348.8210,0.6091,1.5136,0.1949,-0.0363,-0.1126,0.9930
9.4330,127.24,0.3603,13.7247,-2.5694,6.5837,357.9105,348.6906,0.6456,1.4999,0.2193,-0.0362,-0.1147,0.9927
9.4530,127.24,0.3739,13.7541,-2.5645,6.6860,357.9227,348.5869,0.6795,1.4706,0.2421,-0.0360,-0.1164,0.9925
9.4730,127.24,0.3882,13.7832,-2.5592,6.7715,357.9431,348.5073,0.7157,1.4546,0.2664,-0.0356,-0.1179,0.9924
9.4930,127.24,0.4032,13.8118,-2.5534,6.8402,357.9715,348.4522,0.7500,1.4288,0.2897,-0.0351,-0.1191,0.9923
9.5130,127.24,0.4189,13.8400,-2.5471,6.8930,358.0073,348.4194,0.7856,1.4115,0.3138,-0.0345,-0.1200,0.9922
9.5330,127.24,0.4353,13.8677,-2.5404,6.9302,358.0501,348.4086,0.8199,1.3882,0.3372,-0.0338,-0.1207,0.9921
9.5530,127.24,0.4524,13.8952,-2.5332,6.9525,358.0995,348.4184,0.8550,1.3704,0.3611,-0.0329,-0.1210,0.9921
9.5730,127.24,0.4702,13.9221,-2.5255,6.9602,358.1548,348.4481,0.8890,1.3490,0.3843,-0.0320,-0.1212,0.9921
9.5930,127.24,0.4886,13.9488,-2.5173,6.9538,358.2158,348.4964,0.9233,1.3312,0.4077,-0.0309,-0.1211,0.9922
9.6130,127.24,0.5078,13.9750,-2.5087,6.9338,358.2818,348.5628,0.9568,1.3114,0.4306,-0.0298,-0.1207,0.9922
9.6330,127.24,0.5276,14.0009,-2.4996,6.9007,358.3524,348.6459,0.9901,1.2938,0.4534,-0.0285,-0.1201,0.9923
9.6530,127.24,0.5480,14.0264,-2.4901,6.8548,358.4272,348.7452,1.0228,1.2752,0.4757,-0.0273,-0.1194,0.9925
9.6730,127.24,0.5691,14.0515,-2.4802,6.7966,358.5056,348.8596,1.0552,1.2581,0.4978,-0.0259,-0.1183,0.9926
9.6930,127.24,0.5909,14.0763,-2.4698,6.7267,358.5872,348.9884,1.0868,1.2405,0.5193,-0.0245,-0.1171,0.9928
9.7130,127.24,0.6132,14.1008,-2.4590,6.6454,358.6716,349.1306,1.1180,1.2240,0.5405,-0.0230,-0.1157,0.9930
9.7330,127.24,0.6362,14.1250,-2.4477,6.5531,358.7583,349.2856,1.1484,1.2073,0.5612,-0.0215,-0.1141,0.9932
9.7530,127.24,0.6598,14.1488,-2.4361,6.4504,358.8468,349.4524,1.1783,1.1913,0.5814,-0.0200,-0.1123,0.9935
9.7730,127.24,0.6839,14.1723,-2.4241,6.3376,358.9368,349.6305,1.2074,1.1754,0.6010,-0.0184,-0.1104,0.9937
9.7930,127.24,0.7086,14.1955,-2.4117,6.2152,359.0278,349.8190,1.2359,1.1601,0.6201,-0.0169,-0.1083,0.9940
9.8130,127.24,0.7339,14.2184,-2.3989,6.0837,359.1194,350.0172,1.2635,1.1448,0.6386,-0.0153,-0.1060,0.9943
9.8330,127.24,0.7597,14.2410,-2.3858,5.9434,359.2113,350.2246,1.2904,1.1301,0.6564,-0.0137,-0.1035,0.9945
9.8530,127.24,0.7861,14.2633,-2.3723,5.7948,359.3031,350.4404,1.3165,1.1155,0.6736,-0.0121,-0.1010,0.9948
9.8730,127.24,0.8129,14.2853,-2.3585,5.6384,359.3945,350.6640,1.3417,1.1012,0.6902,-0.0105,-0.0982,0.9951
9.8930,127.24,0.8402,14.3071,-2.3444,5.4745,359.4850,350.8949,1.3661,1.0872,0.7061,-0.0089,-0.0954,0.9954
9.9130,127.24,0.8680,14.3286,-2.3300,5.3037,359.5745,351.1324,1.3896,1.0734,0.7212,-0.0074,-0.0924,0.9957
9.9330,127.24,0.8962,14.3498,-2.3153,5.1263,359.6626,351.3760,1.4122,1.0598,0.7357,-0.0059,-0.0894,0.9960
9.9530,127.24,0.9249,14.3707,-2.3003,4.9427,359.7491,351.6252,1.4340,1.0465,0.7494,-0.0044,-0.0862,0.9963
9.9730,127.24,0.9540,14.3914,-2.2850,4.7534,359.8337,351.8795,1.4548,1.0334,0.7624,-0.0029,-0.0829,0.9966
9.9930,127.24,0.9835,14.4118,-2.2695,4.5589,359.9162,352.1384,1.4746,1.0204,0.7747,-0.0015,-0.0795,0.9968
10.0130,127.24,1.0134,14.4319,-2.2538,4.3595,-0.0037,352.4015,1.4935,1.0076,0.7862,-0.0001,-0.0760,0.9971
10.0330,127.24,1.0436,14.4518,-2.2379,4.1555,0.0739,352.6682,1.5115,0.9950,0.7969,0.0013,-0.0725,0.9974
10.0530,127.24,1.0742,14.4715,-2.2217,3.9476,0.1488,352.9382,1.5285,0.9826,0.8069,0.0026,-0.0688,0.9976
10.0730,127.24,1.1051,14.4909,-2.2054,3.7359,0.2209,353.2111,1.5445,0.9702,0.8161,0.0038,-0.0652,0.9979
10.0930,127.24,1.1363,14.5101,-2.1889,3.5210,0.2900,353.4865,1.5596,0.9580,0.8245,0.0051,-0.0614,0.9981
10.1130,127.24,1.1677,14.5300,-2.1722,3.3038,0.3560,353.7283,1.5717,0.9954,0.8350,0.0062,-0.0576,0.9983
10.1330,127.24,1.1993,14.5499,-2.1555,3.1129,0.4076,353.9385,1.5794,0.9950,0.8363,0.0071,-0.0543,0.9985
10.1530,127.24,1.2311,14.5704,-2.1387,2.9443,0.4473,354.1222,1.5905,1.0253,0.8395,0.0078,-0.0514,0.9986
10.1730,127.70,1.2631,14.5911,-2.1219,2.8005,0.4748,354.2782,1.5982,1.0326,0.8403,0.0083,-0.0489,0.9988
10.1930,127.70,1.2952,14.6122,-2.1051,2.6780,0.4920,354.4099,1.6078,1.0568,0.8423,0.0086,-0.0467,0.9989
10.2130,127.70,1.3275,14.6336,-2.0882,2.5781,0.4990,354.5170,1.6154,1.0682,0.8430,0.0087,-0.0450,0.9990
10.2330,127.70,1.3600,14.6553,-2.0713,2.4983,0.4971,354.6019,1.6241,1.0888,0.8442,0.0087,-0.0436,0.9990
10.2530,127.70,1.3927,14.6774,-2.0544,2.4390,0.4867,354.6649,1.6318,1.1022,0.8449,0.0085,-0.0426,0.9991
10.2730,127.70,1.4255,14.6998,-2.0375,2.3986,0.4688,354.7079,1.6400,1.1205,0.8459,0.0082,-0.0419,0.9991
10.2930,127.70,1.4584,14.7225,-2.0206,2.3767,0.4437,354.7313,1.6478,1.1348,0.8466,0.0077,-0.0415,0.9991
10.3130,127.70,1.4915,14.7455,-2.0036,2.3722,0.4122,354.7367,1.6560,1.1515,0.8476,0.0072,-0.0414,0.9991
10.3330,127.70,1.5248,14.7688,-1.9866,2.3846,0.3747,354.7247,1.6641,1.1659,0.8487,0.0065,-0.0416,0.9991
10.3530,127.70,1.5583,14.7925,-1.9696,2.4128,0.3319,354.6966,1.6725,1.1814,0.8500,0.0058,-0.0421,0.9991
10.3730,127.70,1.5919,14.8164,-1.9526,2.4562,0.2842,354.6531,1.6811,1.1954,0.8515,0.0050,-0.0429,0.9991
10.3930,127.70,1.6257,14.8406,-1.9355,2.5140,0.2319,354.5953,1.6900,1.2098,0.8534,0.0040,-0.0439,0.9990
10.4130,127.70,1.6597,14.8650,-1.9184,2.5854,0.1756,354.5239,1.6991,1.2232,0.8556,0.0031,-0.0451,0.9990
10.4330,127.70,1.6938,14.8898,-1.9013,2.6697,0.1156,354.4399,1.7087,1.2365,0.8583,0.0020,-0.0466,0.9989
10.4530,127.70,1.7282,14.9147,-1.8840,2.7661,0.0522,354.3441,1.7186,1.2490,0.8613,0.0009,-0.0483,0.9988
10.4730,127.70,1.7628,14.9400,-1.8667,2.8740,359.9859,354.2373,1.7289,1.2612,0.8648,-0.0002,-0.0501,0.9987
10.4930,127.70,1.7976,14.9644,-1.8493,2.9660,359.9271,354.1533,1.7415,1.2234,0.8721,-0.0013,-0.0517,0.9987
10.5130,127.70,1.8328,14.9891,-1.8317,3.0430,359.8753,354.0881,1.7580,1.2308,0.8819,-0.0022,-0.0531,0.9986
10.5330,127.70,1.8682,15.0131,-1.8139,3.1041,359.8308,354.0448,1.7715,1.2013,0.8900,-0.0029,-0.0542,0.9985
10.5530,127.70,1.9040,15.0371,-1.7959,3.1512,359.7926,354.0193,1.7874,1.2027,0.8997,-0.0036,-0.0550,0.9985
10.5730,127.70,1.9400,15.0607,-1.7777,3.1840,359.7608,354.0132,1.8010,1.1790,0.9081,-0.0042,-0.0555,0.9984
10.5930,127.70,1.9763,15.0842,-1.7594,3.2036,359.7346,354.0234,1.8162,1.1763,0.9175,-0.0046,-0.0559,0.9984
10.6130,127.70,2.0129,15.1074,-1.7408,3.2102,359.7141,354.0511,1.8296,1.1568,0.9260,-0.0050,-0.0560,0.9984
10.6330,127.70,2.0498,15.1304,-1.7221,3.2046,359.6985,354.0939,1.8439,1.1515,0.9351,-0.0053,-0.0559,0.9984
10.6530,127.70,2.0869,15.1531,-1.7033,3.1871,359.6877,354.1522,1.8570,1.1349,0.9434,-0.0054,-0.0556,0.9984
10.6730,127.70,2.1243,15.1757,-1.6842,3.1584,359.6812,354.2242,1.8704,1.1279,0.9520,-0.0056,-0.0551,0.9985
10.6930,127.70,2.1620,15.1979,-1.6650,3.1187,359.6788,354.3100,1.8828,1.1135,0.9600,-0.0056,-0.0544,0.9985
10.7130,127.70,2.1999,15.2200,-1.6457,3.0688,359.6800,354.4083,1.8952,1.1054,0.9680,-0.0056,-0.0535,0.9986
10.7330,127.70,2.2380,15.2419,-1.6262,3.0090,359.6845,354.5187,1.9067,1.0924,0.9756,-0.0055,-0.0525,0.9986
10.7530,127.70,2.2764,15.2636,-1.6065,2.9398,359.6921,354.6404,1.9181,1.0838,0.9829,-0.0054,-0.0513,0.9987
10.7730,127.70,2.3149,15.2850,-1.5867,2.8616,359.7023,354.7727,1.9286,1.0719,0.9898,-0.0052,-0.0499,0.9987
10.7930,127.70,2.3537,15.3063,-1.5668,2.7749,359.7149,354.9150,1.9388,1.0629,0.9965,-0.0050,-0.0484,0.9988
10.8130,127.70,2.3927,15.3273,-1.5467,2.6800,359.7296,355.0667,1.9482,1.0518,1.0026,-0.0047,-0.0468,0.9989
10.8330,127.70,2.4318,15.3482,-1.5265,2.5776,359.7461,355.2271,1.9571,1.0426,1.0084,-0.0044,-0.0450,0.9990
10.8530,127.70,2.4711,15.3688,-1.5063,2.4679,359.7641,355.3957,1.9652,1.0321,1.0137,-0.0041,-0.0431,0.9991
10.8730,127.70,2.5106,15.3893,-1.4859,2.3514,359.7834,355.5718,1.9728,1.0228,1.0186,-0.0038,-0.0410,0.9992
10.8930,127.70,2.5502,15.4095,-1.4654,2.2284,359.8038,355.7550,1.9797,1.0127,1.0229,-0.0034,-0.0389,0.9992
10.9130,127.70,2.5899,15.4296,-1.4449,2.0994,359.8249,355.9447,1.9858,1.0034,1.0269,-0.0031,-0.0366,0.9993
10.9330,127.70,2.6297,15.4494,-1.4243,1.9648,359.8466,356.1404,1.9913,0.9935,1.0302,-0.0027,-0.0343,0.9994
10.9530,127.70,2.6696,15.4691,-1.4036,1.8250,359.8687,356.3416,1.9960,0.9842,1.0331,-0.0023,-0.0318,0.9995
10.9730,127.70,2.7096,15.4886,-1.3829,1.6802,359.8910,356.5478,2.0000,0.9745,1.0355,-0.0019,-0.0293,0.9996
10.9930,127.70,2.7497,15.5079,-1.3622,1.5310,359.9132,356.7585,2.0033,0.9653,1.0373,-0.0015,-0.0267,0.9996
11.0130,127.70,2.7898,15.5271,-1.3414,1.3776,359.9353,356.9733,2.0058,0.9557,1.0385,-0.0011,-0.0240,0.9997
11.0330,127.70,2.8300,15.5460,-1.3206,1.2205,359.9571,357.1918,2.0075,0.9464,1.0392,-0.0007,-0.0213,0.9998
11.0530,127.70,2.8702,15.5647,-1.2998,1.0599,359.9785,357.4136,2.0085,0.9369,1.0393,-0.0004,-0.0185,0.9998
11.0730,127.70,2.9103,15.5833,-1.2791,0.8963,-0.0008,357.6383,2.0087,0.9276,1.0389,0.0000,-0.0156,0.9999
11.0930,127.70,2.9505,15.6016,-1.2583,0.7298,0.0193,357.8654,2.0082,0.9180,1.0379,0.0003,-0.0127,0.9999
11.1130,127.70,2.9906,15.6198,-1.2376,0.5610,0.0386,358.0947,2.0069,0.9087,1.0363,0.0007,-0.0098,1.0000
11.1330,127.70,3.0307,15.6378,-1.2169,0.3899,0.0569,358.3258,2.0048,0.8991,1.0341,0.0010,-0.0068,1.0000
11.1530,127.70,3.0708,15.6556,-1.1963,0.2171,0.0744,358.5583,2.0019,0.8897,1.0314,0.0013,-0.0038,1.0000
11.1730,122.91,3.1106,15.6742,-1.1758,0.0674,0.0846,358.7622,1.9933,0.9287,1.0230,0.0015,-0.0012,1.0000
11.1930,122.91,3.1503,15.6930,-1.1556,359.9460,0.0870,358.9331,1.9824,0.9411,1.0130,0.0015,0.0009,1.0000
11.2130,122.91,3.1897,15.7124,-1.1355,359.8488,0.0832,359.0752,1.9721,0.9715,1.0035,0.0015,0.0026,1.0000
11.2330,122.91,3.2289,15.7322,-1.1156,359.7768,0.0733,359.1878,1.9610,0.9899,0.9934,0.0013,0.0039,1.0000
11.2530,122.91,3.2679,15.7526,-1.0959,359.7276,0.0583,359.2736,1.9503,1.0160,0.9837,0.0010,0.0048,1.0000
11.2730,122.91,3.3067,15.7733,-1.0765,359.7012,0.0385,359.3329,1.9392,1.0368,0.9738,0.0007,0.0052,1.0000
11.2930,122.91,3.3453,15.7945,-1.0572,359.6959,0.0146,359.3676,1.9284,1.0608,0.9642,0.0003,0.0053,1.0000
11.3130,122.91,3.3836,15.8162,-1.0381,359.7112,359.9870,359.3783,1.9177,1.0824,0.9548,-0.0002,0.0050,1.0000
11.3330,122.91,3.4218,15.8383,-1.0192,359.7457,359.9561,359.3666,1.9073,1.1052,0.9457,-0.0008,0.0044,1.0000
11.3530,122.91,3.4597,15.8608,-1.0004,359.7989,359.9223,359.3333,1.8972,1.1267,0.9369,-0.0014,0.0035,1.0000
11.3730,122.91,3.4975,15.8838,-0.9819,359.8695,359.8857,359.2797,1.8875,1.1485,0.9286,-0.0020,0.0023,1.0000
11.3930,122.91,3.5351,15.9072,-0.9634,359.9568,359.8468,359.2068,1.8782,1.1695,0.9207,-0.0027,0.0008,1.0000
11.4130,122.91,3.5724,15.9310,-0.9452,0.0599,359.8058,359.1156,1.8695,1.1904,0.9134,-0.0034,-0.0010,1.0000
11.4330,122.91,3.6097,15.9552,-0.9270,0.1779,359.7629,359.0071,1.8613,1.2106,0.9067,-0.0041,-0.0031,1.0000
11.4530,122.91,3.6467,15.9798,-0.9090,0.3099,359.7182,358.8823,1.8538,1.2305,0.9005,-0.0049,-0.0054,1.0000
11.4730,122.91,3.6837,16.0048,-0.8911,0.4551,359.6720,358.7422,1.8469,1.2498,0.8951,-0.0057,-0.0079,1.0000
11.4930,122.91,3.7205,16.0302,-0.8733,0.6127,359.6244,358.5878,1.8408,1.2686,0.8903,-0.0066,-0.0107,0.9999
11.5130,122.91,3.7572,16.0559,-0.8556,0.7819,359.5754,358.4199,1.8354,1.2867,0.8863,-0.0074,-0.0136,0.9999
11.5330,122.91,3.7938,16.0820,-0.8379,0.9620,359.5254,358.2394,1.8309,1.3043,0.8831,-0.0083,-0.0168,0.9998
11.5530,122.91,3.8304,16.1084,-0.8203,1.1522,359.4742,358.0472,1.8271,1.3212,0.8807,-0.0092,-0.0201,0.9998
11.5730,122.91,3.8669,16.1352,-0.8027,1.3517,359.4221,357.8443,1.8242,1.3375,0.8791,-0.0101,-0.0236,0.9997
11.5930,122.91,3.9033,16.1622,-0.7852,1.5599,359.3692,357.6313,1.8222,1.3531,0.8784,-0.0110,-0.0272,0.9996
11.6130,122.91,3.9397,16.1896,-0.7676,1.7761,359.3154,357.4092,1.8211,1.3679,0.8786,-0.0119,-0.0310,0.9994
11.6330,122.91,3.9761,16.2172,-0.7500,1.9995,359.2609,357.1786,1.8208,1.3821,0.8796,-0.0129,-0.0349,0.9993
11.6530,122.91,4.0126,16.2451,-0.7324,2.2296,359.2057,356.9405,1.8215,1.3955,0.8816,-0.0139,-0.0389,0.9991
11.6730,122.91,4.0490,16.2733,-0.7147,2.4658,359.1500,356.6954,1.8232,1.4081,0.8845,-0.0148,-0.0430,0.9990
11.6930,122.91,4.0856,16.3017,-0.6969,2.7073,359.0938,356.4441,1.8257,1.4200,0.8883,-0.0158,-0.0472,0.9988
11.7130,122.91,4.1221,16.3303,-0.6791,2.9537,359.0370,356.1874,1.8293,1.4310,0.8930,-0.0168,-0.0515,0.9985
11.7330,122.91,4.1588,16.3592,-0.6611,3.2044,358.9799,355.9259,1.8337,1.4413,0.8987,-0.0178,-0.0559,0.9983
11.7530,122.91,4.1956,16.3882,-0.6430,3.4587,358.9225,355.6602,1.8391,1.4508,0.9053,-0.0188,-0.0603,0.9980
11.7730,122.91,4.2325,16.4174,-0.6247,3.7162,358.8649,355.3910,1.8455,1.4595,0.9129,-0.0198,-0.0648,0.9977
11.7930,122.91,4.2696,16.4467,-0.6063,3.9764,358.8070,355.1189,1.8527,1.4674,0.9214,-0.0208,-0.0693,0.9974
11.8130,122.91,4.3068,16.4762,-0.5877,4.2387,358.7490,354.8445,1.8609,1.4744,0.9309,-0.0218,-0.0739,0.9970
11.8330,122.91,4.3442,16.5059,-0.5689,4.5028,358.6910,354.5683,1.8701,1.4807,0.9413,-0.0228,-0.0785,0.9967
11.8530,122.91,4.3818,16.5356,-0.5498,4.7680,358.6331,354.2910,1.8801,1.4861,0.9526,-0.0238,-0.0831,0.9963
11.8730,122.91,4.4196,16.5654,-0.5305,5.0340,358.5752,354.0129,1.8910,1.4907,0.9649,-0.0248,-0.0877,0.9958
11.8930,122.91,4.4577,16.5953,-0.5109,5.3004,358.5175,353.7346,1.9029,1.4945,0.9781,-0.0258,-0.0924,0.9954
11.9130,122.91,4.4960,16.6253,-0.4911,5.5667,358.4601,353.4567,1.9155,1.4976,0.9921,-0.0267,-0.0970,0.9949
11.9330,122.91,4.5346,16.6553,-0.4710,5.8326,358.4031,353.1795,1.9291,1.4998,1.0071,-0.0277,-0.1016,0.9944
11.9530,122.91,4.5734,16.6853,-0.4505,6.0977,358.3465,352.9036,1.9435,1.5013,1.0229,-0.0287,-0.1062,0.9939
11.9730,122.91,4.6126,16.7153,-0.4297,6.3616,358.2904,352.6292,1.9586,1.5019,1.0396,-0.0296,-0.1108,0.9934
11.9930,122.91,4.6521,16.7454,-0.4086,6.6239,358.2350,352.3569,1.9746,1.5019,1.0571,-0.0306,-0.1154,0.9929
12.0130,122.91,4.6919,16.7754,-0.3870,6.8845,358.1803,352.0870,1.9914,1.5010,1.0755,-0.0315,-0.1199,0.9923
12.0330,122.91,4.7321,16.8054,-0.3652,7.1428,358.1264,351.8199,2.0089,1.4995,1.0947,-0.0324,-0.1243,0.9917
12.0530,122.91,4.7727,16.8353,-0.3429,7.3988,358.0734,351.5559,2.0272,1.4972,1.1147,-0.0333,-0.1288,0.9911
12.0730,122.91,4.8136,16.8652,-0.3201,7.6520,358.0214,351.2953,2.0462,1.4942,1.1354,-0.0342,-0.1332,0.9905
12.0930,122.91,4.8549,16.8950,-0.2970,7.9022,357.9705,351.0385,2.0659,1.4906,1.1570,-0.0351,-0.1375,0.9899
12.1130,122.91,4.8967,16.9244,-0.2734,8.1225,357.9309,350.8181,2.0899,1.4683,1.1828,-0.0357,-0.1413,0.9893
12.1330,122.91,4.9390,16.9537,-0.2491,8.3138,357.9025,350.6319,2.1168,1.4641,1.2117,-0.0362,-0.1446,0.9888
12.1530,122.91,4.9819,16.9827,-0.2243,8.4762,357.8853,350.4805,2.1425,1.4483,1.2394,-0.0365,-0.1474,0.9884
12.1730,125.72,5.0253,17.0115,-0.1990,8.6113,357.8787,350.3612,2.1693,1.4413,1.2685,-0.0366,-0.1497,0.9880
12.1930,125.72,5.0692,17.0401,-0.1730,8.7195,357.8826,350.2737,2.1955,1.4292,1.2970,-0.0365,-0.1516,0.9878
12.2130,125.72,5.1136,17.0685,-0.1465,8.8022,357.8964,350.2160,2.2221,1.4213,1.3260,-0.0363,-0.1530,0.9876
12.2330,125.72,5.1586,17.0967,-0.1194,8.8600,357.9196,350.1872,2.2483,1.4113,1.3547,-0.0359,-0.1540,0.9874
12.2530,125.72,5.2041,17.1248,-0.0917,8.8939,357.9518,350.1857,2.2745,1.4035,1.3836,-0.0353,-0.1546,0.9873
12.2730,125.72,5.2501,17.1527,-0.0635,8.9047,357.9923,350.2104,2.3003,1.3950,1.4121,-0.0346,-0.1548,0.9873
12.2930,125.72,5.2966,17.1805,-0.0347,8.8932,358.0408,350.2600,2.3258,1.3877,1.4404,-0.0338,-0.1546,0.9874
12.3130,125.72,5.3436,17.2081,-0.0053,8.8602,358.0966,350.3333,2.3508,1.3803,1.4683,-0.0328,-0.1540,0.9875
12.3330,125.72,5.3911,17.2355,0.0246,8.8065,358.1590,350.4289,2.3754,1.3736,1.4959,-0.0317,-0.1531,0.9877
12.3530,125.72,5.4391,17.2629,0.0551,8.7329,358.2276,350.5457,2.3994,1.3671,1.5229,-0.0306,-0.1518,0.9879
12.3730,125.72,5.4876,17.2901,0.0860,8.6400,358.3018,350.6826,2.4228,1.3611,1.5494,-0.0293,-0.1502,0.9882
12.3930,125.72,5.5365,17.3172,0.1176,8.5288,358.3808,350.8383,2.4455,1.3553,1.5752,-0.0279,-0.1483,0.9885
12.4130,125.72,5.5858,17.3442,0.1496,8.3998,358.4642,351.0117,2.4675,1.3498,1.6004,-0.0265,-0.1461,0.9889
12.4330,125.72,5.6356,17.3711,0.1821,8.2539,358.5513,351.2019,2.4887,1.3446,1.6248,-0.0250,-0.1436,0.9893
12.4530,125.72,5.6858,17.3979,0.2150,8.0917,358.6416,351.4076,2.5090,1.3396,1.6484,-0.0235,-0.1408,0.9898
12.4730,125.72,5.7364,17.4246,0.2484,7.9140,358.7345,351.6280,2.5285,1.3349,1.6712,-0.0219,-0.1377,0.9902
12.4930,125.72,5.7873,17.4512,0.2823,7.7215,358.8294,351.8618,2.5470,1.3303,1.6930,-0.0202,-0.1344,0.9907
12.5130,125.72,5.8386,17.4777,0.3166,7.5149,358.9258,352.1083,2.5646,1.3259,1.7139,-0.0186,-0.1308,0.9912
12.5330,125.72,5.8902,17.5042,0.3513,7.2949,359.0231,352.3665,2.5811,1.3216,1.7339,-0.0169,-0.1270,0.9918
12.5530,125.72,5.9421,17.5305,0.3863,7.0623,359.1209,352.6355,2.5966,1.3174,1.7527,-0.0152,-0.1229,0.9923
12.5730,125.72,5.9944,17.5568,0.4217,6.8176,359.2187,352.9144,2.6111,1.3133,1.7706,-0.0135,-0.1187,0.9928
12.5930,125.72,6.0469,17.5830,0.4575,6.5617,359.3159,353.2025,2.6245,1.3092,1.7873,-0.0119,-0.1143,0.9934
12.6130,125.72,6.0996,17.6091,0.4935,6.2952,359.4124,353.4988,2.6367,1.3052,1.8029,-0.0102,-0.1097,0.9939
12.6330,125.72,6.1526,17.6351,0.5299,6.0188,359.5075,353.8028,2.6478,1.3011,1.8174,-0.0085,-0.1049,0.9945
12.6530,125.72,6.2056,17.6614,0.5665,5.7359,359.6034,354.0736,2.6513,1.3161,1.8322,-0.0069,-0.0999,0.9950
12.6730,125.72,6.2586,17.6875,0.6033,5.4755,359.6884,354.3163,2.6520,1.3011,1.8365,-0.0054,-0.0954,0.9954
12.6930,125.72,6.3117,17.7138,0.6401,5.2353,359.7638,354.5343,2.6555,1.3138,1.8432,-0.0041,-0.0912,0.9958
12.7130,125.72,6.3649,17.7398,0.6770,5.0169,359.8294,354.7270,2.6558,1.3039,1.8465,-0.0030,-0.0874,0.9962
12.7330,125.72,6.4180,17.7661,0.7141,4.8178,359.8865,354.8971,2.6579,1.3131,1.8514,-0.0020,-0.0840,0.9965
12.7530,125.72,6.4712,17.7922,0.7512,4.6388,359.9352,355.0444,2.6579,1.3067,1.8541,-0.0011,-0.0809,0.9967
12.7730,125.72,6.5243,17.8185,0.7883,4.4780,359.9763,355.1711,2.6590,1.3135,1.8578,-0.0004,-0.0781,0.9969
12.7930,125.72,6.5775,17.8447,0.8255,4.3359,0.0103,355.2773,2.6587,1.3096,1.8600,0.0002,-0.0756,0.9971
12.8130,125.72,6.6307,17.8710,0.8628,4.2108,0.0377,355.3647,2.6592,1.3146,1.8627,0.0007,-0.0734,0.9973
12.8330,125.72,6.6839,17.8972,0.9001,4.1028,0.0588,355.4337,2.6589,1.3125,1.8644,0.0010,-0.0715,0.9974
12.8530,125.72,6.7371,17.9236,0.9374,4.0106,0.0741,355.4857,2.6591,1.3163,1.8665,0.0013,-0.0699,0.9976
12.8730,125.72,6.7902,17.9499,0.9747,3.9342,0.0840,355.5211,2.6589,1.3153,1.8680,0.0015,-0.0686,0.9976
12.8930,125.72,6.8434,17.9762,1.0121,3.8724,0.0888,355.5412,2.6591,1.3181,1.8697,0.0015,-0.0675,0.9977
12.9130,125.72,6.8966,18.0026,1.0496,3.8250,0.0889,355.5465,2.6590,1.3178,1.8711,0.0015,-0.0667,0.9978
12.9330,125.72,6.9499,18.0286,1.0871,3.7632,0.0923,355.5694,2.6644,1.3004,1.8773,0.0016,-0.0656,0.9978
12.9530,125.72,7.0033,18.0546,1.1248,3.6875,0.0988,355.6085,2.6707,1.3007,1.8844,0.0017,-0.0643,0.9979
12.9730,125.72,7.0568,18.0804,1.1626,3.5976,0.1084,355.6647,2.6761,1.2879,1.8904,0.0019,-0.0627,0.9980
12.9930,125.72,7.1105,18.1061,1.2005,3.4949,0.1206,355.7360,2.6816,1.2853,1.8965,0.0021,-0.0610,0.9981
13.0130,125.72,7.1642,18.1316,1.2386,3.3795,0.1353,355.8224,2.6863,1.2752,1.9017,0.0024,-0.0589,0.9983
13.0330,125.72,7.2180,18.1570,1.2767,3.2524,0.1521,355.9225,2.6908,1.2710,1.9066,0.0027,-0.0567,0.9984
13.0530,125.72,7.2719,18.1823,1.3149,3.1139,0.1707,356.0360,2.6947,1.2624,1.9108,0.0030,-0.0543,0.9985
13.0730,125.72,7.3259,18.2074,1.3532,2.9650,0.1909,356.1617,2.6981,1.2573,1.9145,0.0033,-0.0517,0.9987
13.0930,125.72,7.3799,18.2324,1.3916,2.8061,0.2123,356.2994,2.7009,1.2496,1.9175,0.0037,-0.0490,0.9988
13.1130,125.72,7.4339,18.2573,1.4300,2.6378,0.2348,356.4479,2.7032,1.2439,1.9199,0.0041,-0.0460,0.9989
13.1330,125.72,7.4880,18.2820,1.4684,2.4606,0.2580,356.6068,2.7049,1.2367,1.9216,0.0045,-0.0429,0.9991
13.1530,125.72,7.5422,18.3066,1.5068,2.2753,0.2817,356.7754,2.7059,1.2307,1.9227,0.0049,-0.0397,0.9992
13.1730,125.96,7.5963,18.3311,1.5453,2.0822,0.3058,356.9529,2.7062,1.2238,1.9230,0.0053,-0.0363,0.9993
13.1930,125.96,7.6504,18.3555,1.5838,1.8820,0.3299,357.1389,2.7058,1.2175,1.9226,0.0058,-0.0328,0.9994
13.2130,125.96,7.7045,18.3797,1.6222,1.6753,0.3538,357.3326,2.7047,1.2106,1.9214,0.0062,-0.0292,0.9996
13.2330,125.96,7.7586,18.4038,1.6606,1.4624,0.3775,357.5336,2.7029,1.2040,1.9195,0.0066,-0.0255,0.9997
13.2530,125.96,7.8126,18.4277,1.6989,1.2440,0.4006,357.7412,2.7004,1.1971,1.9168,0.0070,-0.0217,0.9997
13.2730,125.96,7.8665,18.4515,1.7372,1.0206,0.4230,357.9549,2.6971,1.1903,1.9134,0.0074,-0.0178,0.9998
13.2930,125.96,7.9204,18.4752,1.7754,0.7925,0.4446,358.1741,2.6930,1.1831,1.9091,0.0078,-0.0138,0.9999
13.3130,125.96,7.9741,18.4987,1.8134,0.5604,0.4652,358.3985,2.6881,1.1760,1.9041,0.0081,-0.0098,0.9999
13.3330,125.96,8.0278,18.5221,1.8514,0.3247,0.4846,358.6275,2.6824,1.1687,1.8983,0.0085,-0.0057,0.9999
13.3530,125.96,8.0813,18.5453,1.8892,0.0857,0.5029,358.8605,2.6760,1.1613,1.8916,0.0088,-0.0015,1.0000
13.3730,125.96,8.1347,18.5684,1.9269,359.8441,0.5198,359.0973,2.6687,1.1536,1.8842,0.0091,0.0027,1.0000
13.3930,125.96,8.1879,18.5913,1.9644,359.6001,0.5353,359.3372,2.6607,1.1458,1.8760,0.0093,0.0070,0.9999
13.4130,125.96,8.2409,18.6141,2.0018,359.3543,0.5493,359.5800,2.6518,1.1378,1.8669,0.0096,0.0113,0.9999
13.4330,125.96,8.2938,18.6367,2.0389,359.1070,0.5618,359.8253,2.6421,1.1297,1.8571,0.0098,0.0156,0.9998
13.4530,125.96,8.3464,18.6591,2.0759,358.8586,0.5726,0.0725,2.6317,1.1213,1.8465,0.0100,0.0199,0.9998
13.4730,125.96,8.3988,18.6814,2.1126,358.6094,0.5818,0.3214,2.6204,1.1128,1.8351,0.0102,0.0243,0.9997
13.4930,125.96,8.4510,18.7034,2.1490,358.3600,0.5893,0.5716,2.6083,1.1040,1.8230,0.0103,0.0286,0.9995
13.5130,125.96,8.5029,18.7253,2.1852,358.1105,0.5951,0.8227,2.5954,1.0950,1.8100,0.0104,0.0330,0.9994
13.5330,125.96,8.5543,18.7479,2.2211,357.8641,0.5932,1.0353,2.5729,1.1288,1.7945,0.0103,0.0373,0.9993
13.5530,125.96,8.6053,18.7707,2.2567,357.6200,0.5832,1.2053,2.5492,1.1407,1.7791,0.0102,0.0415,0.9991
13.5730,125.96,8.6559,18.7939,2.2918,357.4067,0.5670,1.3449,2.5273,1.1584,1.7566,0.0099,0.0452,0.9989
13.5930,125.96,8.7060,18.8174,2.3265,357.2244,0.5452,1.4551,2.5053,1.1751,1.7334,0.0095,0.0484,0.9988
13.6130,125.96,8.7556,18.8413,2.3607,357.0720,0.5186,1.5374,2.4832,1.1929,1.7099,0.0090,0.0511,0.9987
13.6330,125.96,8.8049,18.8655,2.3944,356.9483,0.4877,1.5927,2.4612,1.2103,1.6862,0.0085,0.0532,0.9985
13.6530,125.96,8.8537,18.8901,2.4277,356.8521,0.4530,1.6225,2.4394,1.2283,1.6624,0.0079,0.0549,0.9985
13.6730,125.96,8.9020,18.9150,2.4604,356.7823,0.4150,1.6276,2.4178,1.2460,1.6386,0.0072,0.0561,0.9984
13.6930,125.96,8.9499,18.9403,2.4927,356.7377,0.3740,1.6094,2.3965,1.2640,1.6149,0.0065,0.0569,0.9984
13.7130,125.96,8.9974,18.9659,2.5246,356.7174,0.3304,1.5688,2.3756,1.2819,1.5913,0.0058,0.0573,0.9983
13.7330,125.96,9.0446,18.9919,2.5559,356.7201,0.2845,1.5070,2.3552,1.2998,1.5679,0.0050,0.0572,0.9983
13.7530,125.96,9.0913,19.0182,2.5868,356.7448,0.2366,1.4249,2.3354,1.3176,1.5449,0.0041,0.0568,0.9984
13.7730,125.96,9.1376,19.0449,2.6173,356.7906,0.1869,1.3236,2.3162,1.3353,1.5222,0.0033,0.0560,0.9984
13.7930,125.96,9.1835,19.0720,2.6473,356.8562,0.1357,1.2040,2.2977,1.3528,1.5001,0.0024,0.0548,0.9985
13.8130,125.96,9.2291,19.0994,2.6768,356.9409,0.0830,1.0673,2.2800,1.3701,1.4784,0.0014,0.0534,0.9986
13.8330,125.96,9.2744,19.1271,2.7060,357.0435,0.0290,0.9143,2.2630,1.3872,1.4574,0.0005,0.0516,0.9987
13.8530,125.96,9.3193,19.1552,2.7347,357.1632,359.9739,0.7459,2.2469,1.4040,1.4370,-0.0005,0.0495,0.9988
13.8730,125.96,9.3640,19.1836,2.7631,357.2990,359.9178,0.5632,2.2317,1.4204,1.4173,-0.0014,0.0471,0.9989
13.8930,125.96,9.4083,19.2124,2.7910,357.4501,359.8607,0.3670,2.2174,1.4366,1.3984,-0.0024,0.0445,0.9990
13.9130,125.96,9.4526,19.2401,2.8188,357.5875,359.8102,0.1915,2.2116,1.3875,1.3891,-0.0033,0.0421,0.9991
13.9330,125.96,9.4967,19.2681,2.8464,357.7109,359.7656,0.0337,2.2053,1.4002,1.3777,-0.0041,0.0399,0.9992
13.9530,125.96,9.5407,19.2953,2.8737,357.8203,359.7272,359.8964,2.2002,1.3585,1.3690,-0.0048,0.0380,0.9993
13.9730,125.96,9.5846,19.3226,2.9009,357.9167,359.6941,359.7756,2.1947,1.3655,1.3585,-0.0053,0.0364,0.9993
13.9930,125.96,9.6284,19.3492,2.9279,358.0005,359.6666,359.6735,2.1900,1.3296,1.3499,-0.0058,0.0349,0.9994
14.0130,125.96,9.6721,19.3758,2.9547,358.0725,359.6438,359.5867,2.1850,1.3321,1.3401,-0.0062,0.0336,0.9994
14.0330,125.96,9.7157,19.4019,2.9813,358.1329,359.6259,359.5168,2.1805,1.3010,1.3316,-0.0065,0.0326,0.9994
14.0530,125.96,9.7592,19.4279,3.0078,358.1826,359.6123,359.4610,2.1758,1.2999,1.3223,-0.0068,0.0317,0.9995
14.0730,125.96,9.8026,19.4533,3.0341,358.2217,359.6028,359.4206,2.1714,1.2727,1.3139,-0.0069,0.0310,0.9995
14.0930,125.96,9.8459,19.4787,3.0602,358.2511,359.5970,359.3931,2.1668,1.2689,1.3048,-0.0070,0.0305,0.9995
14.1130,125.96,9.8892,19.5036,3.0861,358.2708,359.5948,359.3795,2.1623,1.2448,1.2964,-0.0071,0.0302,0.9995
14.1330,125.96,9.9323,19.5284,3.1118,358.2817,359.5958,359.3777,2.1576,1.2388,1.2874,-0.0071,0.0300,0.9995
14.1530,125.96,9.9754,19.5527,3.1374,358.2839,359.5998,359.3883,2.1529,1.2171,1.2789,-0.0070,0.0299,0.9995
14.1730,125.96,10.0184,19.5769,3.1628,358.2781,359.6064,359.4097,2.1480,1.2095,1.2699,-0.0069,0.0300,0.9995
14.1930,124.66,10.0612,19.6007,3.1880,358.2644,359.6156,359.4423,2.1430,1.1898,1.2612,-0.0067,0.0303,0.9995
14.2130,124.66,10.1038,19.6253,3.2130,358.2441,359.6214,359.4488,2.1308,1.2295,1.2504,-0.0066,0.0306,0.9995
14.2330,124.66,10.1462,19.6500,3.2378,358.2170,359.6232,359.4231,2.1169,1.2355,1.2406,-0.0066,0.0311,0.9995
14.2530,124.66,10.1883,19.6752,3.2623,358.2102,359.6204,359.3781,2.1061,1.2600,1.2246,-0.0066,0.0312,0.9995
14.2730,124.66,10.2302,19.7007,3.2865,358.2256,359.6127,359.3132,2.0953,1.2750,1.2084,-0.0068,0.0310,0.9995
14.2930,124.66,10.2719,19.7266,3.3104,358.2612,359.6009,359.2303,2.0853,1.2959,1.1926,-0.0070,0.0303,0.9995
14.3130,124.66,10.3134,19.7529,3.3339,358.3168,359.5850,359.1299,2.0756,1.3126,1.1772,-0.0072,0.0294,0.9995
14.3330,124.66,10.3548,19.7795,3.3571,358.3907,359.5654,359.0132,2.0667,1.3315,1.1623,-0.0076,0.0281,0.9996
14.3530,124.66,10.3959,19.8065,3.3801,358.4826,359.5423,358.8811,2.0583,1.3485,1.1479,-0.0080,0.0265,0.9996
14.3730,124.66,10.4369,19.8338,3.4028,358.5911,359.5161,358.7345,2.0507,1.3660,1.1341,-0.0084,0.0246,0.9997
14.3930,124.66,10.4778,19.8614,3.4252,358.7155,359.4869,358.5743,2.0438,1.3826,1.1210,-0.0090,0.0224,0.9997
14.4130,124.66,10.5186,19.8894,3.4474,358.8548,359.4549,358.4015,2.0377,1.3991,1.1085,-0.0095,0.0200,0.9998
14.4330,124.66,10.5592,19.9177,3.4693,359.0082,359.4203,358.2168,2.0324,1.4148,1.0968,-0.0101,0.0173,0.9998
14.4530,124.66,10.5998,19.9463,3.4910,359.1749,359.3834,358.0211,2.0280,1.4302,1.0859,-0.0108,0.0144,0.9998
14.4730,124.66,10.6403,19.9752,3.5125,359.3539,359.3441,357.8152,2.0244,1.4449,1.0758,-0.0114,0.0113,0.9999
14.4930,124.66,10.6807,20.0044,3.5339,359.5446,359.3028,357.6000,2.0217,1.4592,1.0666,-0.0122,0.0079,0.9999
14.5130,124.66,10.7211,20.0339,3.5550,359.7460,359.2596,357.3761,2.0199,1.4728,1.0582,-0.0129,0.0044,0.9999
14.5330,124.66,10.7615,20.0636,3.5761,359.9576,359.2144,357.1444,2.0190,1.4858,1.0508,-0.0137,0.0007,0.9999
14.5530,124.66,10.8019,20.0936,3.5969,0.1784,359.1677,356.9055,2.0191,1.4982,1.0443,-0.0145,-0.0031,0.9999
14.5730,124.66,10.8423,20.1238,3.6177,0.4078,359.1193,356.6603,2.0201,1.5099,1.0388,-0.0154,-0.0071,0.9999
14.5930,124.66,10.8827,20.1542,3.6384,0.6451,359.0695,356.4094,2.0220,1.5209,1.0342,-0.0162,-0.0113,0.9998
14.6130,124.66,10.9232,20.1848,3.6590,0.8896,359.0184,356.1534,2.0249,1.5312,1.0307,-0.0171,-0.0155,0.9997
14.6330,124.66,10.9638,20.2156,3.6796,1.1407,358.9662,355.8930,2.0288,1.5409,1.0282,-0.0180,-0.0199,0.9996
14.6530,124.66,11.0045,20.2466,3.7001,1.3977,358.9128,355.6289,2.0336,1.5498,1.0267,-0.0190,-0.0244,0.9995
14.6730,124.66,11.0453,20.2778,3.7206,1.6600,358.8584,355.3616,2.0393,1.5579,1.0262,-0.0199,-0.0290,0.9994
14.6930,124.66,11.0862,20.3091,3.7412,1.9270,358.8033,355.0918,2.0460,1.5653,1.0268,-0.0209,-0.0336,0.9992
14.7130,124.66,11.1272,20.3406,3.7617,2.1982,358.7473,354.8200,2.0536,1.5720,1.0284,-0.0218,-0.0384,0.9990
14.7330,124.66,11.1685,20.3721,3.7824,2.4729,358.6908,354.5468,2.0622,1.5779,1.0311,-0.0228,-0.0431,0.9988
14.7530,124.66,11.2099,20.4038,3.8031,2.7506,358.6337,354.2726,2.0716,1.5831,1.0347,-0.0238,-0.0480,0.9986
14.7730,124.66,11.2516,20.4356,3.8238,3.0309,358.5763,353.9981,2.0819,1.5875,1.0395,-0.0248,-0.0529,0.9983
14.7930,124.66,11.2934,20.4674,3.8448,3.3133,358.5186,353.7237,2.0932,1.5911,1.0452,-0.0258,-0.0578,0.9980
14.8130,124.66,11.3355,20.4993,3.8658,3.5971,358.4607,353.4498,2.1052,1.5940,1.0520,-0.0268,-0.0627,0.9977
14.8330,124.66,11.3779,20.5312,3.8870,3.8821,358.4028,353.1769,2.1181,1.5962,1.0598,-0.0278,-0.0677,0.9973
14.8530,124.66,11.4205,20.5632,3.9084,4.1677,358.3450,352.9055,2.1319,1.5976,1.0686,-0.0288,-0.0727,0.9969
14.8730,124.66,11.4635,20.5951,3.9299,4.4535,358.2874,352.6360,2.1464,1.5982,1.0785,-0.0298,-0.0777,0.9965
14.8930,124.66,11.5067,20.6271,3.9517,4.7392,358.2302,352.3687,2.1618,1.5981,1.0893,-0.0308,-0.0826,0.9961
14.9130,124.66,11.5503,20.6590,3.9737,5.0243,358.1734,352.1041,2.1779,1.5973,1.1010,-0.0318,-0.0876,0.9957
14.9330,124.66,11.5942,20.6910,3.9960,5.3084,358.1171,351.8423,2.1947,1.5958,1.1138,-0.0327,-0.0925,0.9952
14.9530,124.66,11.6384,20.7228,4.0186,5.5912,358.0616,351.5840,2.2123,1.5936,1.1274,-0.0337,-0.0974,0.9947
14.9730,124.66,11.6830,20.7547,4.0414,5.8724,358.0069,351.3292,2.2305,1.5906,1.1421,-0.0346,-0.1023,0.9942
14.9930,124.66,11.7280,20.7864,4.0646,6.1517,357.9531,351.0784,2.2495,1.5870,1.1576,-0.0355,-0.1072,0.9936
15.0130,124.66,11.7734,20.8181,4.0880,6.4286,357.9003,350.8318,2.2690,1.5828,1.1740,-0.0364,-0.1120,0.9930
15.0330,124.66,11.8192,20.8496,4.1119,6.7030,357.8488,350.5896,2.2893,1.5779,1.1913,-0.0373,-0.1167,0.9925
15.0530,124.66,11.8654,20.8811,4.1361,6.9745,357.7985,350.3521,2.3101,1.5723,1.2094,-0.0381,-0.1214,0.9919
15.0730,124.66,11.9120,20.9124,4.1606,7.2430,357.7496,350.1197,2.3315,1.5662,1.2284,-0.0390,-0.1261,0.9913
15.0930,124.66,11.9591,20.9436,4.1856,7.5080,357.7023,349.8923,2.3534,1.5594,1.2481,-0.0397,-0.1307,0.9906
15.1130,124.66,12.0066,20.9746,4.2110,7.7695,357.6565,349.6703,2.3759,1.5520,1.2687,-0.0405,-0.1352,0.9900
15.1330,124.66,12.0546,21.0055,4.2368,8.0271,357.6125,349.4539,2.3990,1.5441,1.2901,-0.0412,-0.1396,0.9893
15.1530,124.66,12.1030,21.0363,4.2630,8.2807,357.5703,349.2432,2.4225,1.5357,1.3122,-0.0420,-0.1440,0.9887
15.1730,124.66,12.1520,21.0668,4.2897,8.5301,357.5301,349.0383,2.4464,1.5267,1.3350,-0.0426,-0.1483,0.9880
15.1930,122.74,12.2014,21.0971,4.3169,8.7751,357.4919,348.8394,2.4708,1.5172,1.3585,-0.0432,-0.1526,0.9873
15.2130,122.74,12.2513,21.1273,4.3445,9.0154,357.4559,348.6466,2.4956,1.5072,1.3827,-0.0438,-0.1567,0.9867
15.2330,122.74,12.3017,21.1572,4.3727,9.2510,357.4220,348.4600,2.5209,1.4967,1.4076,-0.0444,-0.1608,0.9860
15.2530,122.74,12.3526,21.1869,4.4014,9.4817,357.3904,348.2798,2.5464,1.4858,1.4331,-0.0449,-0.1647,0.9853
15.2730,122.74,12.4041,21.2164,4.4305,9.7073,357.3613,348.1059,2.5724,1.4744,1.4592,-0.0454,-0.1686,0.9846
15.2930,122.74,12.4561,21.2457,4.4603,9.9278,357.3345,347.9385,2.5987,1.4626,1.4860,-0.0458,-0.1724,0.9840
15.3130,122.74,12.5086,21.2747,4.4905,10.1429,357.3103,347.7776,2.6252,1.4505,1.5132,-0.0462,-0.1761,0.9833
15.3330,122.74,12.5616,21.3035,4.5213,10.3526,357.2887,347.6232,2.6521,1.4379,1.5411,-0.0465,-0.1797,0.9826
15.3530,122.74,12.6152,21.3320,4.5527,10.5567,357.2697,347.4754,2.6792,1.4250,1.5694,-0.0468,-0.1832,0.9820
15.3730,122.74,12.6693,21.3602,4.5847,10.7553,357.2534,347.3342,2.7066,1.4118,1.5982,-0.0471,-0.1866,0.9813
15.3930,122.74,12.7240,21.3882,4.6173,10.9481,357.2398,347.1996,2.7342,1.3982,1.6276,-0.0473,-0.1899,0.9807
15.4130,122.74,12.7792,21.4159,4.6504,11.1351,357.2290,347.0717,2.7620,1.3844,1.6573,-0.0474,-0.1931,0.9800
15.4330,122.74,12.8350,21.4433,4.6842,11.3163,357.2209,346.9502,2.7900,1.3702,1.6875,-0.0475,-0.1962,0.9794
15.4530,122.74,12.8914,21.4704,4.7185,11.4915,357.2157,346.8354,2.8182,1.3558,1.7181,-0.0476,-0.1992,0.9788
15.4730,122.74,12.9483,21.4972,4.7535,11.6608,357.2133,346.7270,2.8465,1.3412,1.7490,-0.0476,-0.2021,0.9782
15.4930,122.74,13.0058,21.5237,4.7891,11.8240,357.2138,346.6251,2.8749,1.3263,1.7804,-0.0476,-0.2049,0.9776
15.5130,122.74,13.0639,21.5500,4.8253,11.9811,357.2172,346.5296,2.9035,1.3113,1.8120,-0.0475,-0.2076,0.9771
15.5330,122.74,13.1226,21.5759,4.8622,12.1322,357.2234,346.4405,2.9322,1.2960,1.8440,-0.0474,-0.2102,0.9765
15.5530,122.74,13.1818,21.6015,4.8997,12.2771,357.2324,346.3576,2.9609,1.2806,1.8762,-0.0472,-0.2126,0.9760
15.5730,122.74,13.2416,21.6268,4.9379,12.4158,357.2442,346.2809,2.9897,1.2650,1.9087,-0.0470,-0.2150,0.9755
15.5930,122.74,13.3019,21.6518,4.9767,12.5484,357.2589,346.2104,3.0185,1.2493,1.9414,-0.0467,-0.2173,0.9750
15.6130,122.74,13.3629,21.6764,5.0162,12.6747,357.2762,346.1458,3.0474,1.2334,1.9744,-0.0464,-0.2194,0.9745
15.6330,122.74,13.4244,21.7008,5.0564,12.7949,357.2964,346.0872,3.0763,1.2175,2.0075,-0.0460,-0.2215,0.9741
15.6530,122.74,13.4865,21.7248,5.0972,12.9089,357.3192,346.0343,3.1052,1.2014,2.0408,-0.0456,-0.2234,0.9737
15.6730,122.74,13.5492,21.7485,5.1387,13.0167,357.3447,345.9871,3.1341,1.1853,2.0743,-0.0451,-0.2252,0.9733
15.6930,122.74,13.6125,21.7719,5.1808,13.1183,357.3727,345.9454,3.1629,1.1691,2.1079,-0.0446,-0.2270,0.9729
15.7130,122.74,13.6763,21.7950,5.2237,13.2138,357.4032,345.9092,3.1917,1.1529,2.1416,-0.0441,-0.2286,0.9725
15.7330,122.74,13.7407,21.8177,5.2672,13.3031,357.4362,345.8783,3.2205,1.1366,2.1754,-0.0435,-0.2301,0.9722
15.7530,122.74,13.8057,21.8401,5.3114,13.3863,357.4716,345.8526,3.2492,1.1204,2.2092,-0.0429,-0.2315,0.9719
15.7730,122.74,13.8712,21.8622,5.3562,13.4634,357.5093,345.8319,3.2778,1.1041,2.2431,-0.0423,-0.2328,0.9716
15.7930,122.74,13.9374,21.8839,5.4018,13.5345,357.5492,345.8161,3.3063,1.0878,2.2770,-0.0416,-0.2340,0.9713
15.8130,122.74,14.0041,21.9054,5.4480,13.5995,357.5912,345.8050,3.3347,1.0715,2.3109,-0.0409,-0.2351,0.9711
15.8330,122.74,14.0713,21.9265,5.4949,13.6587,357.6352,345.7985,3.3631,1.0553,2.3448,-0.0401,-0.2361,0.9709
15.8530,122.74,14.1391,21.9473,5.5425,13.7119,357.6812,345.7964,3.3913,1.0391,2.3786,-0.0393,-0.2370,0.9707
15.8730,122.74,14.2075,21.9677,5.5907,13.7592,357.7290,345.7987,3.4193,1.0230,2.4124,-0.0385,-0.2378,0.9705
15.8930,122.74,14.2765,21.9879,5.6396,13.8007,357.7785,345.8051,3.4472,1.0069,2.4461,-0.0376,-0.2385,0.9704
15.9130,122.74,14.3460,22.0077,5.6892,13.8365,357.8297,345.8154,3.4750,0.9909,2.4797,-0.0368,-0.2392,0.9703
15.9330,122.74,14.4160,22.0272,5.7395,13.8667,357.8824,345.8297,3.5026,0.9750,2.5132,-0.0359,-0.2397,0.9702
15.9530,122.74,14.4866,22.0464,5.7904,13.8912,357.9364,345.8475,3.5300,0.9592,2.5466,-0.0350,-0.2401,0.9701
15.9730,122.74,14.5578,22.0652,5.8420,13.9102,357.9918,345.8690,3.5573,0.9434,2.5798,-0.0340,-0.2404,0.9701
15.9930,122.74,14.6295,22.0838,5.8943,13.9238,358.0483,345.8938,3.5843,0.9278,2.6129,-0.0331,-0.2406,0.9701
16.0130,122.74,14.7017,22.1020,5.9472,13.9320,358.1058,345.9218,3.6112,0.9123,2.6457,-0.0321,-0.2408,0.9701
16.0330,122.74,14.7744,22.1200,6.0008,13.9349,358.1643,345.9529,3.6379,0.8969,2.6784,-0.0311,-0.2408,0.9701
16.0530,122.74,14.8477,22.1376,6.0550,13.9327,358.2235,345.9869,3.6644,0.8817,2.7109,-0.0301,-0.2408,0.9701
16.0730,122.74,14.9215,22.1549,6.1098,13.9253,358.2835,346.0237,3.6906,0.8666,2.7431,-0.0291,-0.2407,0.9702
16.0930,122.74,14.9959,22.1720,6.1653,13.9129,358.3440,346.0631,3.7166,0.8516,2.7751,-0.0281,-0.2404,0.9703
16.1130,122.74,15.0707,22.1887,6.2215,13.8956,358.4050,346.1051,3.7424,0.8368,2.8068,-0.0270,-0.2402,0.9704
16.1330,122.74,15.1461,22.2052,6.2782,13.8736,358.4662,346.1494,3.7680,0.8221,2.8383,-0.0260,-0.2398,0.9705
16.1530,122.74,15.2219,22.2213,6.3356,13.8468,358.5277,346.1959,3.7933,0.8076,2.8694,-0.0249,-0.2393,0.9706
16.1730,122.74,15.2983,22.2372,6.3936,13.8154,358.5892,346.2445,3.8184,0.7932,2.9003,-0.0239,-0.2388,0.9708
16.1930,124.47,15.3752,22.2528,6.4522,13.7796,358.6508,346.2951,3.8432,0.7791,2.9308,-0.0229,-0.2382,0.9709
16.2130,124.47,15.4525,22.2681,6.5115,13.7394,358.7121,346.3475,3.8678,0.7650,2.9611,-0.0218,-0.2375,0.9711
16.2330,124.47,15.5304,22.2831,6.5713,13.6949,358.7732,346.4016,3.8922,0.7512,2.9909,-0.0208,-0.2368,0.9713
16.2530,124.47,15.6087,22.2978,6.6317,13.6463,358.8339,346.4574,3.9162,0.7376,3.0205,-0.0198,-0.2359,0.9716
16.2730,124.47,15.6875,22.3123,6.6927,13.5938,358.8941,346.5146,3.9400,0.7241,3.0497,-0.0188,-0.2350,0.9718
16.2930,124.47,15.7668,22.3265,6.7543,13.5373,358.9538,346.5732,3.9636,0.7108,3.0785,-0.0178,-0.2341,0.9721
16.3130,124.47,15.8465,22.3405,6.8164,13.4770,359.0127,346.6330,3.9868,0.6977,3.1069,-0.0168,-0.2331,0.9723
16.3330,124.47,15.9267,22.3542,6.8791,13.4131,359.0709,346.6941,4.0098,0.6848,3.1350,-0.0158,-0.2320,0.9726
16.3530,124.47,16.0074,22.3676,6.9424,13.3457,359.1282,346.7562,4.0325,0.6721,3.1626,-0.0148,-0.2308,0.9729
16.3730,124.47,16.0885,22.3808,7.0062,13.2749,359.1845,346.8193,4.0549,0.6595,3.1899,-0.0139,-0.2296,0.9732
16.3930,124.47,16.1700,22.3938,7.0705,13.2009,359.2397,346.8833,4.0771,0.6472,3.2167,-0.0129,-0.2284,0.9735
16.4130,124.47,16.2520,22.4065,7.1353,13.1237,359.2938,346.9482,4.0989,0.6351,3.2432,-0.0120,-0.2271,0.9738
16.4330,124.47,16.3344,22.4189,7.2007,13.0435,359.3467,347.0137,4.1205,0.6231,3.2692,-0.0111,-0.2257,0.9741
16.4530,124.47,16.4172,22.4311,7.2666,12.9605,359.3983,347.0800,4.1418,0.6114,3.2947,-0.0102,-0.2243,0.9745
16.4730,124.47,16.5005,22.4431,7.3330,12.8747,359.4485,347.1468,4.1628,0.5998,3.3199,-0.0094,-0.2228,0.9748
16.4930,124.47,16.5841,22.4549,7.3999,12.7864,359.4973,347.2142,4.1834,0.5885,3.3446,-0.0086,-0.2213,0.9752
16.5130,124.47,16.6682,22.4665,7.4673,12.6956,359.5445,347.2820,4.2038,0.5773,3.3688,-0.0078,-0.2198,0.9755
16.5330,124.47,16.7527,22.4778,7.5351,12.6024,359.5902,347.3503,4.2239,0.5664,3.3926,-0.0070,-0.2182,0.9759
16.5530,124.47,16.8376,22.4889,7.6035,12.5071,359.6343,347.4189,4.2437,0.5556,3.4159,-0.0062,-0.2166,0.9762
16.5730,124.47,16.9228,22.4998,7.6722,12.4096,359.6768,347.4878,4.2632,0.5450,3.4388,-0.0055,-0.2149,0.9766
16.5930,124.47,17.0085,22.5105,7.7415,12.3103,359.7176,347.5569,4.2824,0.5347,3.4612,-0.0048,-0.2132,0.9770
16.6130,124.47,17.0945,22.5210,7.8111,12.2091,359.7566,347.6263,4.3014,0.5245,3.4832,-0.0042,-0.2115,0.9774
16.6330,124.47,17.1809,22.5313,7.8812,12.1063,359.7938,347.6959,4.3200,0.5145,3.5047,-0.0035,-0.2097,0.9778
16.6530,124.47,17.2677,22.5414,7.9517,12.0019,359.8293,347.7656,4.3383,0.5047,3.5257,-0.0029,-0.2079,0.9781
16.6730,124.47,17.3548,22.5513,8.0227,11.8961,359.8629,347.8354,4.3563,0.4951,3.5463,-0.0023,-0.2061,0.9785
16.6930,124.47,17.4423,22.5610,8.0940,11.7891,359.8946,347.9053,4.3740,0.4857,3.5664,-0.0018,-0.2043,0.9789
16.7130,124.47,17.5301,22.5705,8.1657,11.6808,359.9245,347.9752,4.3914,0.4765,3.5860,-0.0013,-0.2025,0.9793
16.7330,124.47,17.6183,22.5799,8.2378,11.5715,359.9525,348.0452,4.4084,0.4675,3.6051,-0.0008,-0.2006,0.9797
16.7530,124.47,17.7068,22.5890,8.3103,11.4614,359.9787,348.1151,4.4252,0.4587,3.6238,-0.0004,-0.1987,0.9801
16.7730,124.47,17.7956,22.5980,8.3831,11.3504,0.0029,348.1850,4.4417,0.4500,3.6420,0.0001,-0.1968,0.9804
16.7930,124.47,17.8848,22.6069,8.4563,11.2387,0.0253,348.2549,4.4579,0.4415,3.6598,0.0004,-0.1949,0.9808
16.8130,124.47,17.9743,22.6155,8.5299,11.1265,0.0457,348.3247,4.4738,0.4332,3.6771,0.0008,-0.1930,0.9812
16.8330,124.47,18.0640,22.6240,8.6037,11.0138,0.0643,348.3944,4.4894,0.4251,3.6939,0.0011,-0.1910,0.9816
16.8530,124.47,18.1541,22.6324,8.6780,10.9008,0.0810,348.4641,4.5047,0.4172,3.7103,0.0014,-0.1891,0.9820
16.8730,124.47,18.2445,22.6406,8.7525,10.7876,0.0959,348.5336,4.5197,0.4094,3.7262,0.0016,-0.1872,0.9823
16.8930,124.47,18.3352,22.6486,8.8273,10.6743,0.1089,348.6030,4.5344,0.4018,3.7417,0.0019,-0.1852,0.9827
16.9130,124.47,18.4262,22.6565,8.9024,10.5609,0.1201,348.6723,4.5488,0.3944,3.7567,0.0021,-0.1833,0.9831
16.9330,124.47,18.5175,22.6643,8.9779,10.4477,0.1295,348.7414,4.5629,0.3872,3.7712,0.0022,-0.1813,0.9834
16.9530,124.47,18.6090,22.6719,9.0536,10.3346,0.1371,348.8104,4.5767,0.3801,3.7854,0.0024,-0.1794,0.9838
16.9730,124.47,18.7008,22.6793,9.1296,10.2219,0.1430,348.8792,4.5902,0.3732,3.7991,0.0025,-0.1775,0.9841
16.9930,124.47,18.7929,22.6867,9.2058,10.1095,0.1471,348.9479,4.6034,0.3664,3.8123,0.0025,-0.1755,0.9845
17.0130,124.47,18.8852,22.6938,9.2823,9.9976,0.1496,349.0164,4.6163,0.3599,3.8251,0.0026,-0.1736,0.9848
17.0330,124.47,18.9778,22.7009,9.3591,9.8862,0.1505,349.0847,4.6289,0.3534,3.8375,0.0026,-0.1717,0.9851
17.0530,124.47,19.0706,22.7079,9.4360,9.7756,0.1497,349.1528,4.6413,0.3472,3.8495,0.0026,-0.1698,0.9855
17.0730,124.47,19.1637,22.7147,9.5133,9.6656,0.1474,349.2207,4.6533,0.3410,3.8611,0.0025,-0.1679,0.9858
17.0930,124.47,19.2570,22.7214,9.5907,9.5565,0.1436,349.2885,4.6651,0.3351,3.8723,0.0025,-0.1660,0.9861
17.1130,124.47,19.3505,22.7280,9.6684,9.4483,0.1382,349.3560,4.6766,0.3293,3.8830,0.0024,-0.1642,0.9864
17.1330,124.47,19.4442,22.7344,9.7462,9.3410,0.1315,349.4233,4.6878,0.3236,3.8934,0.0023,-0.1623,0.9867
17.1530,124.47,19.5382,22.7408,9.8243,9.2347,0.1234,349.4904,4.6987,0.3181,3.9034,0.0021,-0.1605,0.9870
17.1730,124.47,19.6324,22.7471,9.9026,9.1296,0.1139,349.5573,4.7093,0.3127,3.9130,0.0020,-0.1587,0.9873
17.1930,119.62,19.7268,22.7532,9.9810,9.0257,0.1031,349.6240,4.7197,0.3074,3.9222,0.0018,-0.1569,0.9876
17.2130,119.62,19.8214,22.7593,10.0596,8.9229,0.0911,349.6904,4.7297,0.3023,3.9310,0.0016,-0.1551,0.9879
17.2330,119.62,19.9162,22.7652,10.1384,8.8215,0.0779,349.7566,4.7395,0.2974,3.9395,0.0013,-0.1534,0.9882
17.2530,119.62,20.0112,22.7711,10.2174,8.7214,0.0636,349.8225,4.7491,0.2925,3.9476,0.0011,-0.1516,0.9884
17.2730,119.62,20.1063,22.7768,10.2965,8.6227,0.0482,349.8882,4.7583,0.2878,3.9554,0.0008,-0.1499,0.9887
17.2930,119.62,20.2017,22.7825,10.3757,8.5255,0.0317,349.9536,4.7673,0.2833,3.9628,0.0005,-0.1482,0.9889
17.3130,119.62,20.2972,22.7881,10.4551,8.4297,0.0143,350.0187,4.7760,0.2788,3.9699,0.0002,-0.1466,0.9892
17.3330,119.62,20.3929,22.7935,10.5347,8.3355,-0.0040,350.0835,4.7845,0.2745,3.9767,-0.0001,-0.1450,0.9894
17.3530,119.62,20.4887,22.7990,10.6143,8.2429,359.9767,350.1481,4.7927,0.2703,3.9832,-0.0004,-0.1434,0.9897
17.3730,119.62,20.5848,22.8043,10.6941,8.1518,359.9567,350.2123,4.8006,0.2662,3.9893,-0.0007,-0.1418,0.9899
17.3930,119.62,20.6809,22.8095,10.7740,8.0625,359.9359,350.2762,4.8083,0.2623,3.9951,-0.0011,-0.1403,0.9901
17.4130,119.62,20.7772,22.8147,10.8540,7.9748,359.9143,350.3398,4.8157,0.2584,4.0007,-0.0015,-0.1387,0.9903
17.4330,119.62,20.8737,22.8198,10.9342,7.8888,359.8921,350.4031,4.8228,0.2547,4.0059,-0.0019,-0.1373,0.9905
17.4530,119.62,20.9703,22.8248,11.0144,7.8046,359.8693,350.4661,4.8298,0.2511,4.0109,-0.0023,-0.1358,0.9907
17.4730,119.62,21.0670,22.8298,11.0947,7.7221,359.8459,350.5287,4.8364,0.2476,4.0156,-0.0027,-0.1344,0.9909
17.4930,119.62,21.1639,22.8346,11.1751,7.6414,359.8221,350.5909,4.8428,0.2442,4.0200,-0.0031,-0.1330,0.9911
17.5130,119.62,21.2608,22.8395,11.2556,7.5625,359.7977,350.6527,4.8490,0.2409,4.0241,-0.0035,-0.1316,0.9913
17.5330,119.62,21.3579,22.8442,11.3361,7.4854,359.7730,350.7142,4.8549,0.2377,4.0280,-0.0039,-0.1303,0.9915
17.5530,119.62,21.4552,22.8489,11.4168,7.4101,359.7479,350.7752,4.8606,0.2346,4.0317,-0.0044,-0.1290,0.9916
17.5730,119.62,21.5525,22.8535,11.4975,7.3367,359.7224,350.8359,4.8661,0.2316,4.0351,-0.0048,-0.1277,0.9918
17.5930,119.62,21.6499,22.8581,11.5782,7.2652,359.6968,350.8961,4.8713,0.2287,4.0383,-0.0052,-0.1265,0.9920
17.6130,119.62,21.7474,22.8626,11.6591,7.1955,359.6709,350.9559,4.8763,0.2259,4.0412,-0.0057,-0.1253,0.9921
17.6330,119.62,21.8451,22.8671,11.7399,7.1276,359.6448,351.0152,4.8811,0.2232,4.0439,-0.0062,-0.1241,0.9923
17.6530,119.62,21.9428,22.8715,11.8209,7.0616,359.6186,351.0740,4.8856,0.2206,4.0465,-0.0066,-0.1229,0.9924
17.6730,119.62,22.0406,22.8759,11.9018,6.9975,359.5923,351.1324,4.8899,0.2181,4.0488,-0.0071,-0.1218,0.9925
17.6930,119.62,22.1384,22.8802,11.9829,6.9352,359.5660,351.1903,4.8940,0.2156,4.0509,-0.0075,-0.1207,0.9927
17.7130,119.62,22.2364,22.8845,12.0639,6.8748,359.5397,351.2477,4.8979,0.2133,4.0528,-0.0080,-0.1197,0.9928
17.7330,119.62,22.3344,22.8887,12.1450,6.8162,359.5134,351.3045,4.9016,0.2110,4.0546,-0.0084,-0.1187,0.9929
17.7530,119.62,22.4325,22.8929,12.2261,6.7595,359.4872,351.3608,4.9051,0.2088,4.0562,-0.0089,-0.1177,0.9930
17.7730,119.62,22.5307,22.8970,12.3073,6.7046,359.4611,351.4166,4.9083,0.2067,4.0576,-0.0093,-0.1168,0.9931
17.7930,119.62,22.6289,22.9011,12.3885,6.6515,359.4352,351.4717,4.9114,0.2047,4.0588,-0.0098,-0.1158,0.9932
17.8130,119.62,22.7272,22.9051,12.4697,6.6002,359.4094,351.5264,4.9142,0.2027,4.0599,-0.0102,-0.1149,0.9933
17.8330,119.62,22.8255,22.9092,12.5509,6.5507,359.3839,351.5804,4.9169,0.2008,4.0609,-0.0107,-0.1141,0.9934
17.8530,119.62,22.9239,22.9131,12.6321,6.5030,359.3586,351.6338,4.9193,0.1990,4.0616,-0.0111,-0.1133,0.9935
17.8730,119.62,23.0224,22.9171,12.7134,6.4571,359.3336,351.6866,4.9216,0.1973,4.0623,-0.0116,-0.1125,0.9936
17.8930,119.62,23.1208,22.9210,12.7946,6.4129,359.3089,351.7388,4.9237,0.1956,4.0628,-0.0120,-0.1117,0.9937
17.9130,119.62,23.2194,22.9249,12.8759,6.3704,359.2845,351.7903,4.9256,0.1940,4.0632,-0.0124,-0.1110,0.9937
17.9330,119.62,23.3179,22.9287,12.9571,6.3296,359.2605,351.8412,4.9273,0.1925,4.0635,-0.0128,-0.1102,0.9938
17.9530,119.62,23.4165,22.9325,13.0384,6.2904,359.2369,351.8914,4.9288,0.1910,4.0637,-0.0132,-0.1096,0.9939
17.9730,119.62,23.5151,22.9363,13.1197,6.2530,359.2137,351.9409,4.9302,0.1896,4.0638,-0.0136,-0.1089,0.9940
17.9930,119.62,23.6137,22.9401,13.2010,6.2171,359.1909,351.9898,4.9314,0.1882,4.0637,-0.0140,-0.1083,0.9940
18.0130,119.62,23.7124,22.9438,13.2822,6.1829,359.1686,352.0379,4.9324,0.1869,4.0636,-0.0144,-0.1077,0.9941
18.0330,119.62,23.8110,22.9475,13.3635,6.1502,359.1468,352.0853,4.9333,0.1856,4.0634,-0.0148,-0.1071,0.9941
18.0530,119.62,23.9097,22.9512,13.4448,6.1191,359.1255,352.1320,4.9340,0.1844,4.0631,-0.0152,-0.1066,0.9942
18.0730,119.62,24.0084,22.9549,13.5260,6.0895,359.1046,352.1780,4.9345,0.1833,4.0627,-0.0155,-0.1061,0.9942
18.0930,119.62,24.1071,22.9585,13.6073,6.0614,359.0844,352.2232,4.9349,0.1822,4.0622,-0.0159,-0.1056,0.9943
18.1130,119.62,24.2058,22.9622,13.6885,6.0347,359.0646,352.2676,4.9351,0.1812,4.0617,-0.0162,-0.1051,0.9943
18.1330,119.62,24.3045,22.9658,13.7697,6.0095,359.0454,352.3113,4.9352,0.1802,4.0611,-0.0166,-0.1047,0.9944
18.1530,119.62,24.4032,22.9694,13.8509,5.9857,359.0268,352.3542,4.9352,0.1792,4.0604,-0.0169,-0.1043,0.9944
18.1730,119.62,24.5019,22.9729,13.9321,5.9632,359.0088,352.3963,4.9350,0.1783,4.0597,-0.0172,-0.1039,0.9944
18.1930,122.51,24.6006,22.9765,14.0133,5.9421,358.9913,352.4377,4.9346,0.1774,4.0590,-0.0175,-0.1035,0.9945
18.2130,122.51,24.6993,22.9800,14.0945,5.9223,358.9745,352.4782,4.9342,0.1766,4.0581,-0.0178,-0.1032,0.9945
18.2330,122.51,24.7979,22.9835,14.1756,5.9038,358.9582,352.5179,4.9336,0.1758,4.0573,-0.0181,-0.1029,0.9945
18.2530,122.51,24.8966,22.9870,14.2567,5.8866,358.9425,352.5568,4.9329,0.1751,4.0564,-0.0184,-0.1026,0.9946
18.2730,122.51,24.9952,22.9905,14.3379,5.8705,358.9275,352.5949,4.9320,0.1744,4.0554,-0.0186,-0.1023,0.9946
18.2930,122.51,25.0939,22.9940,14.4189,5.8556,358.9131,352.6321,4.9310,0.1737,4.0545,-0.0189,-0.1020,0.9946
18.3130,122.51,25.1925,22.9975,14.5000,5.8419,358.8993,352.6685,4.9300,0.1731,4.0535,-0.0191,-0.1018,0.9946
18.3330,122.51,25.2910,23.0009,14.5811,5.8293,358.8861,352.7041,4.9288,0.1725,4.0525,-0.0193,-0.1016,0.9946
18.3530,122.51,25.3896,23.0043,14.6621,5.8178,358.8736,352.7389,4.9275,0.1719,4.0514,-0.0196,-0.1014,0.9947
18.3730,122.51,25.4881,23.0078,14.7431,5.8073,358.8617,352.7728,4.9261,0.1714,4.0504,-0.0198,-0.1012,0.9947
18.3930,122.51,25.5866,23.0112,14.8241,5.7978,358.8504,352.8058,4.9246,0.1709,4.0493,-0.0200,-0.1010,0.9947
18.4130,122.51,25.6851,23.0146,14.9050,5.7893,358.8398,352.8380,4.9229,0.1704,4.0482,-0.0201,-0.1009,0.9947
18.4330,122.51,25.7835,23.0180,14.9860,5.7818,358.8297,352.8693,4.9212,0.1699,4.0471,-0.0203,-0.1007,0.9947
18.4530,122.51,25.8819,23.0214,15.0669,5.7752,358.8203,352.8998,4.9195,0.1695,4.0460,-0.0205,-0.1006,0.9947
18.4730,122.51,25.9802,23.0248,15.1478,5.7695,358.8114,352.9294,4.9176,0.1691,4.0449,-0.0206,-0.1005,0.9947
18.4930,122.51,26.0785,23.0281,15.2287,5.7646,358.8032,352.9582,4.9156,0.1687,4.0438,-0.0208,-0.1004,0.9947
18.5130,122.51,26.1768,23.0315,15.3095,5.7606,358.7956,352.9861,4.9136,0.1684,4.0427,-0.0209,-0.1004,0.9947
18.5330,122.51,26.2750,23.0349,15.3904,5.7573,358.7886,353.0131,4.9114,0.1680,4.0416,-0.0210,-0.1003,0.9947
18.5530,122.51,26.3732,23.0382,15.4712,5.7548,358.7822,353.0392,4.9092,0.1677,4.0405,-0.0211,-0.1003,0.9947
18.5730,122.51,26.4714,23.0416,15.5520,5.7531,358.7763,353.0646,4.9070,0.1674,4.0394,-0.0212,-0.1002,0.9947
18.5930,122.51,26.5695,23.0449,15.6327,5.7520,358.7710,353.0890,4.9046,0.1671,4.0383,-0.0213,-0.1002,0.9947
18.6130,122.51,26.6675,23.0482,15.7135,5.7516,358.7663,353.1126,4.9022,0.1669,4.0372,-0.0214,-0.1002,0.9947
18.6330,122.51,26.7655,23.0516,15.7942,5.7519,358.7621,353.1354,4.8998,0.1666,4.0362,-0.0215,-0.1002,0.9947
18.6530,122.51,26.8634,23.0549,15.8749,5.7528,358.7585,353.1573,4.8972,0.1664,4.0351,-0.0216,-0.1002,0.9947
18.6730,122.51,26.9613,23.0582,15.9556,5.7542,358.7554,353.1783,4.8947,0.1662,4.0341,-0.0216,-0.1003,0.9947
18.6930,122.51,27.0592,23.0616,16.0362,5.7562,358.7529,353.1985,4.8920,0.1660,4.0331,-0.0217,-0.1003,0.9947
18.7130,122.51,27.1570,23.0649,16.1169,5.7587,358.7508,353.2179,4.8894,0.1658,4.0321,-0.0217,-0.1003,0.9947
18.7330,122.51,27.2547,23.0682,16.1975,5.7618,358.7493,353.2364,4.8866,0.1656,4.0311,-0.0217,-0.1004,0.9947
18.7530,122.51,27.3524,23.0715,16.2781,5.7653,358.7482,353.2541,4.8839,0.1655,4.0302,-0.0217,-0.1005,0.9947
18.7730,122.51,27.4500,23.0748,16.3587,5.7692,358.7476,353.2709,4.8811,0.1653,4.0293,-0.0217,-0.1005,0.9947
18.7930,122.51,27.5476,23.0781,16.4393,5.7736,358.7475,353.2870,4.8782,0.1652,4.0284,-0.0217,-0.1006,0.9947
18.8130,122.51,27.6451,23.0814,16.5198,5.7783,358.7478,353.3022,4.8754,0.1650,4.0275,-0.0217,-0.1007,0.9947
18.8330,122.51,27.7425,23.0847,16.6004,5.7834,358.7486,353.3167,4.8725,0.1649,4.0267,-0.0217,-0.1008,0.9947
18.8530,122.51,27.8399,23.0880,16.6809,5.7889,358.7498,353.3303,4.8695,0.1648,4.0259,-0.0217,-0.1009,0.9947
18.8730,122.51,27.9372,23.0913,16.7614,5.7947,358.7513,353.3431,4.8666,0.1647,4.0251,-0.0217,-0.1010,0.9947
18.8930,122.51,28.0345,23.0946,16.8419,5.8007,358.7533,353.3552,4.8636,0.1646,4.0243,-0.0216,-0.1011,0.9946
18.9130,122.51,28.1317,23.0979,16.9223,5.8071,358.7557,353.3665,4.8606,0.1645,4.0236,-0.0216,-0.1012,0.9946
18.9330,122.51,28.2289,23.1012,17.0028,5.8137,358.7584,353.3770,4.8576,0.1644,4.0229,-0.0216,-0.1013,0.9946
18.9530,122.51,28.3262,23.1056,17.0835,5.7953,358.7696,353.4131,4.8663,0.2203,4.0337,-0.0214,-0.1010,0.9947
18.9730,122.51,28.4237,23.1106,17.1643,5.7471,358.7905,353.4806,4.8731,0.2506,4.0427,-0.0210,-0.1001,0.9948
18.9930,122.51,28.5213,23.1165,17.2454,5.6724,358.8196,353.5753,4.8806,0.2967,4.0524,-0.0205,-0.0988,0.9949
19.0130,122.51,28.6190,23.1232,17.3266,5.5711,358.8567,353.6973,4.8866,0.3324,4.0608,-0.0199,-0.0971,0.9951
19.0330,122.51,28.7169,23.1307,17.4080,5.4450,358.9007,353.8442,4.8923,0.3745,4.0688,-0.0191,-0.0949,0.9953
19.0530,122.51,28.8148,23.1389,17.4895,5.2948,358.9511,354.0151,4.8968,0.4115,4.0757,-0.0182,-0.0923,0.9956
19.0730,122.51,28.9128,23.1479,17.5711,5.1218,359.0069,354.2082,4.9005,0.4512,4.0818,-0.0173,-0.0893,0.9959
19.0930,122.51,29.0109,23.1577,17.6528,4.9269,359.0674,354.4224,4.9031,0.4884,4.0868,-0.0162,-0.0859,0.9962
19.1130,122.51,29.1090,23.1682,17.7347,4.7113,359.1319,354.6562,4.9046,0.5266,4.0907,-0.0151,-0.0821,0.9965
19.1330,122.51,29.2071,23.1795,17.8165,4.4758,359.1998,354.9084,4.9050,0.5634,4.0934,-0.0139,-0.0780,0.9969
19.1530,122.51,29.3051,23.1915,17.8984,4.2215,359.2702,355.1780,4.9042,0.6004,4.0950,-0.0127,-0.0736,0.9972
19.1730,122.51,29.4032,23.2042,17.9803,3.9492,359.3426,355.4637,4.9021,0.6365,4.0952,-0.0114,-0.0689,0.9976
19.1930,123.55,29.5012,23.2177,18.0622,3.6599,359.4163,355.7645,4.8987,0.6724,4.0942,-0.0102,-0.0638,0.9979
19.2130,123.55,29.5990,23.2319,18.1440,3.3544,359.4907,356.0794,4.8940,0.7076,4.0917,-0.0089,-0.0585,0.9982
19.2330,123.55,29.6968,23.2467,18.2258,3.0336,359.5653,356.4074,4.8880,0.7425,4.0878,-0.0076,-0.0529,0.9986
19.2530,123.55,29.7944,23.2623,18.3075,2.6983,359.6394,356.7477,4.8805,0.7767,4.0825,-0.0063,-0.0471,0.9989
19.2730,123.55,29.8918,23.2785,18.3890,2.3494,359.7127,357.0995,4.8716,0.8105,4.0757,-0.0050,-0.0410,0.9991
19.2930,123.55,29.9891,23.2953,18.4703,1.9878,359.7845,357.4617,4.8612,0.8430,4.0674,-0.0038,-0.0347,0.9994
19.3130,123.55,30.0861,23.3128,18.5515,1.6144,359.8546,357.8335,4.8493,0.8747,4.0574,-0.0025,-0.0282,0.9996
19.3330,123.55,30.1828,23.3310,18.6324,1.2301,359.9222,358.2139,4.8358,0.9052,4.0459,-0.0014,-0.0215,0.9998
19.3530,123.55,30.2792,23.3497,18.7130,0.8360,359.9872,358.6022,4.8208,0.9347,4.0327,-0.0002,-0.0146,0.9999
19.3730,123.55,30.3753,23.3689,18.7934,0.4329,0.0491,358.9976,4.8042,0.9629,4.0179,0.0009,-0.0076,1.0000
19.3930,123.55,30.4710,23.3887,18.8734,0.0217,0.1075,359.3991,4.7860,0.9900,4.0015,0.0019,-0.0004,1.0000
19.4130,123.55,30.5663,23.4091,18.9531,359.6047,0.0996,359.7953,4.7647,1.0159,3.9832,0.0017,0.0069,1.0000
19.4330,123.55,30.6611,23.4299,19.0324,359.1837,0.0335,0.1883,4.7421,1.0394,3.9634,0.0006,0.0142,0.9999
19.4530,123.55,30.7555,23.4511,19.1112,358.7603,359.9163,0.5799,4.7182,1.0625,3.9420,-0.0015,0.0216,0.9998
19.4730,123.55,30.8494,23.4728,19.1896,358.3356,359.7542,0.9715,4.6932,1.0839,3.9192,-0.0043,0.0290,0.9996
19.4930,123.55,30.9427,23.4949,19.2675,357.9108,359.5527,1.3644,4.6668,1.1045,3.8948,-0.0078,0.0365,0.9993
19.5130,123.55,31.0355,23.5174,19.3449,357.4868,359.3165,1.7593,4.6393,1.1236,3.8691,-0.0119,0.0438,0.9990
19.5330,123.55,31.1277,23.5403,19.4217,357.0648,359.0497,2.1569,4.6105,1.1416,3.8419,-0.0166,0.0512,0.9986
19.5530,123.55,31.2193,23.5634,19.4980,356.6453,358.7558,2.5575,4.5806,1.1584,3.8132,-0.0217,0.0585,0.9981
19.5730,123.55,31.3103,23.5869,19.5736,356.2292,358.4379,2.9613,4.5494,1.1739,3.7832,-0.0272,0.0658,0.9975
19.5930,123.55,31.4006,23.6107,19.6487,355.8171,358.0987,3.3685,4.5172,1.1882,3.7518,-0.0331,0.0729,0.9968
19.6130,123.55,31.4903,23.6347,19.7231,355.4098,357.7407,3.7790,4.4837,1.2012,3.7190,-0.0393,0.0800,0.9960
19.6330,123.55,31.5793,23.6590,19.7968,355.0078,357.3658,4.1927,4.4492,1.2130,3.6848,-0.0458,0.0870,0.9952
19.6530,123.55,31.6675,23.6835,19.8697,354.6117,356.9758,4.6092,4.4135,1.2236,3.6493,-0.0525,0.0939,0.9942
19.6730,123.55,31.7550,23.7082,19.9420,354.2221,356.5723,5.0284,4.3768,1.2329,3.6125,-0.0595,0.1007,0.9931
19.6930,123.55,31.8418,23.7330,20.0135,353.8394,356.1568,5.4500,4.3391,1.2410,3.5744,-0.0666,0.1073,0.9920
19.7130,123.55,31.9278,23.7580,20.0842,353.4641,355.7304,5.8734,4.3004,1.2479,3.5351,-0.0740,0.1138,0.9907
19.7330,123.55,32.0130,23.7831,20.1541,353.0966,355.2943,6.2984,4.2608,1.2536,3.4945,-0.0814,0.1202,0.9894
19.7530,123.55,32.0974,23.8082,20.2232,352.7324,354.8731,6.7241,4.2204,1.2581,3.4531,-0.0886,0.1265,0.9880
19.7730,123.55,32.1810,23.8335,20.2914,352.3717,354.4668,7.1498,4.1792,1.2618,3.4105,-0.0956,0.1327,0.9865
19.7930,123.55,32.2637,23.8588,20.3587,352.0148,354.0751,7.5748,4.1371,1.2640,3.3666,-0.1022,0.1389,0.9850
19.8130,123.55,32.3456,23.8841,20.4251,351.6621,353.6978,7.9984,4.0941,1.2653,3.3215,-0.1086,0.1450,0.9835
19.8330,123.55,32.4266,23.9094,20.4906,351.3139,353.3347,8.4199,4.0504,1.2653,3.2753,-0.1147,0.1510,0.9818
19.8530,123.55,32.5067,23.9347,20.5552,350.9705,352.9856,8.8386,4.0060,1.2643,3.2278,-0.1206,0.1569,0.9802
19.8730,123.55,32.5859,23.9600,20.6188,350.6321,352.6505,9.2540,3.9608,1.2621,3.1792,-0.1262,0.1628,0.9786
19.8930,123.55,32.6642,23.9851,20.6814,350.2990,352.3291,9.6655,3.9148,1.2589,3.1295,-0.1316,0.1685,0.9769
19.9130,123.55,32.7416,24.0102,20.7430,349.9714,352.0215,10.0724,3.8683,1.2545,3.0787,-0.1367,0.1741,0.9752
19.9330,123.55,32.8180,24.0352,20.8035,349.6495,351.7274,10.4743,3.8210,1.2492,3.0269,-0.1415,0.1797,0.9735
19.9530,123.55,32.8935,24.0601,20.8630,349.3336,351.4468,10.8706,3.7732,1.2429,2.9740,-0.1462,0.1851,0.9718
19.9730,123.55,32.9680,24.0848,20.9214,349.0237,351.1797,11.2609,3.7248,1.2356,2.9202,-0.1505,0.1904,0.9701
19.9930,123.55,33.0415,24.1094,20.9787,348.7202,350.9258,11.6447,3.6758,1.2274,2.8655,-0.1547,0.1956,0.9684
20.0130,123.55,33.1140,24.1338,21.0349,348.4230,350.6852,12.0215,3.6263,1.2183,2.8098,-0.1586,0.2007,0.9667
20.0330,123.55,33.1855,24.1579,21.0900,348.1324,350.4579,12.3910,3.5762,1.2082,2.7533,-0.1622,0.2057,0.9651
20.0530,123.55,33.2560,24.1819,21.1439,347.8485,350.2437,12.7527,3.5257,1.1973,2.6959,-0.1657,0.2105,0.9635
20.0730,123.55,33.3255,24.2056,21.1966,347.5714,350.0426,13.1064,3.4748,1.1856,2.6378,-0.1689,0.2152,0.9619
20.0930,123.55,33.3940,24.2291,21.2482,347.3012,349.8545,13.4517,3.4234,1.1731,2.5788,-0.1718,0.2198,0.9603
20.1130,123.55,33.4612,24.2536,21.2982,347.0412,349.6874,13.7967,3.3608,1.2242,2.5015,-0.1745,0.2243,0.9588
20.1330,123.55,33.5273,24.2783,21.3469,346.7932,349.5446,14.1450,3.3061,1.2380,2.4326,-0.1767,0.2285,0.9574
20.1530,123.55,33.5922,24.3038,21.3940,346.5562,349.4233,14.4937,3.2456,1.2722,2.3572,-0.1785,0.2325,0.9561
20.1730,123.55,33.6560,24.3297,21.4397,346.3309,349.3245,14.8438,3.1874,1.2931,2.2845,-0.1800,0.2363,0.9549
20.1930,123.55,33.7185,24.3561,21.4839,346.1169,349.2468,15.1940,3.1267,1.3204,2.2090,-0.1811,0.2399,0.9537
20.2130,124.51,33.7798,24.3829,21.5266,345.9146,349.1904,15.5443,3.0663,1.3425,2.1342,-0.1819,0.2434,0.9527
20.2330,124.51,33.8399,24.4103,21.5677,345.7237,349.1545,15.8941,3.0044,1.3664,2.0580,-0.1824,0.2466,0.9518
20.2530,124.51,33.8988,24.4380,21.6074,345.5446,349.1389,16.2432,2.9422,1.3877,1.9817,-0.1825,0.2496,0.9510
20.2730,124.51,33.9563,24.4662,21.6455,345.3773,349.1432,16.5911,2.8788,1.4093,1.9048,-0.1823,0.2525,0.9503
20.2930,124.51,34.0126,24.4948,21.6820,345.2219,349.1669,16.9376,2.8148,1.4293,1.8276,-0.1817,0.2551,0.9497
20.3130,124.51,34.0676,24.5238,21.7170,345.0784,349.2097,17.2824,2.7497,1.4490,1.7500,-0.1809,0.2575,0.9492
20.3330,124.51,34.1213,24.5531,21.7505,344.9469,349.2713,17.6253,2.6839,1.4676,1.6723,-0.1798,0.2597,0.9488
20.3530,124.51,34.1736,24.5829,21.7823,344.8277,349.3512,17.9660,2.6171,1.4855,1.5943,-0.1783,0.2617,0.9485
20.3730,124.51,34.2246,24.6129,21.8127,344.7207,349.4491,18.3044,2.5493,1.5025,1.5163,-0.1766,0.2635,0.9483
20.3930,124.51,34.2742,24.6433,21.8414,344.6261,349.5646,18.6403,2.4806,1.5189,1.4382,-0.1746,0.2651,0.9483
20.4130,124.51,34.3225,24.6740,21.8686,344.5440,349.6974,18.9735,2.4109,1.5344,1.3602,-0.1724,0.2665,0.9483
20.4330,124.51,34.3693,24.7050,21.8943,344.4746,349.8472,19.3040,2.3403,1.5493,1.2823,-0.1698,0.2677,0.9484
20.4530,124.51,34.4146,24.7362,21.9183,344.4178,350.0134,19.6316,2.2686,1.5634,1.2045,-0.1670,0.2686,0.9487
20.4730,124.51,34.4585,24.7678,21.9409,344.3740,350.1958,19.9563,2.1959,1.5768,1.1271,-0.1640,0.2694,0.9490
20.4930,124.51,34.5010,24.7996,21.9619,344.3431,350.3940,20.2780,2.1222,1.5895,1.0499,-0.1607,0.2699,0.9494
20.5130,124.51,34.5419,24.8316,21.9813,344.3253,350.6075,20.5966,2.0475,1.6014,0.9732,-0.1571,0.2702,0.9499
20.5330,124.51,34.5814,24.8638,21.9993,344.3207,350.8357,20.9120,1.9720,1.6115,0.8974,-0.1533,0.2703,0.9505
20.5530,124.51,34.6193,24.8963,22.0157,344.3292,351.0778,21.2239,1.8956,1.6206,0.8224,-0.1493,0.2701,0.9512
20.5730,124.51,34.6557,24.9288,22.0307,344.3509,351.3329,21.5322,1.8184,1.6281,0.7483,-0.1451,0.2697,0.9519
20.5930,124.51,34.6905,24.9615,22.0442,344.3857,351.6002,21.8366,1.7402,1.6345,0.6752,-0.1407,0.2692,0.9528
20.6130,124.51,34.7237,24.9943,22.0562,344.4336,351.8788,22.1371,1.6612,1.6395,0.6031,-0.1361,0.2684,0.9537
20.6330,124.51,34.7553,25.0272,22.0669,344.4946,352.1681,22.4334,1.5813,1.6435,0.5321,-0.1313,0.2673,0.9546
20.6530,124.51,34.7853,25.0601,22.0761,344.5685,352.4670,22.7255,1.5006,1.6462,0.4623,-0.1264,0.2661,0.9556
20.6730,124.51,34.8137,25.0931,22.0840,344.6555,352.7747,23.0133,1.4191,1.6478,0.3938,-0.1213,0.2646,0.9567
20.6930,124.51,34.8404,25.1260,22.0905,344.7553,353.0905,23.2967,1.3367,1.6483,0.3265,-0.1161,0.2629,0.9578
20.7130,124.51,34.8655,25.1590,22.0957,344.8679,353.4134,23.5756,1.2535,1.6478,0.2606,-0.1107,0.2610,0.9590
20.7330,124.51,34.8889,25.1919,22.0996,344.9932,353.7424,23.8498,1.1695,1.6462,0.1961,-0.1053,0.2589,0.9601
20.7530,124.51,34.9106,25.2248,22.1023,345.1312,354.0769,24.1194,1.0848,1.6436,0.1330,-0.0997,0.2566,0.9614
20.7730,124.51,34.9305,25.2576,22.1037,345.2816,354.4159,24.3842,0.9993,1.6401,0.0715,-0.0941,0.2541,0.9626
20.7930,124.51,34.9489,25.2899,22.1042,345.4307,354.7250,24.6423,0.9199,1.6154,0.0232,-0.0890,0.2516,0.9637
20.8130,124.51,34.9655,25.3221,22.1036,345.5782,355.0047,24.8923,0.8309,1.6105,-0.0299,-0.0843,0.2491,0.9648
20.8330,124.51,34.9805,25.3539,22.1021,345.7240,355.2549,25.1339,0.7496,1.5864,-0.0762,-0.0802,0.2466,0.9658
20.8530,124.51,34.9937,25.3855,22.0995,345.8680,355.4770,25.3665,0.6600,1.5788,-0.1264,-0.0765,0.2442,0.9667
20.8730,124.51,35.0053,25.4166,22.0961,346.0103,355.6713,25.5895,0.5771,1.5552,-0.1709,-0.0732,0.2417,0.9676
20.8930,124.51,35.0150,25.4475,22.0917,346.1505,355.8391,25.8025,0.4872,1.5454,-0.2185,-0.0704,0.2394,0.9684
20.9130,124.51,35.0231,25.4779,22.0865,346.2886,355.9807,26.0050,0.4031,1.5221,-0.2614,-0.0681,0.2370,0.9691
20.9330,124.51,35.0293,25.5081,22.0804,346.4243,356.0974,26.1966,0.3131,1.5103,-0.3067,-0.0662,0.2347,0.9698
20.9530,124.51,35.0339,25.5379,22.0734,346.5574,356.1896,26.3770,0.2280,1.4873,-0.3481,-0.0646,0.2325,0.9705
20.9730,124.51,35.0366,25.5674,22.0656,346.6876,356.2585,26.5460,0.1380,1.4738,-0.3915,-0.0635,0.2303,0.9711
20.9930,124.51,35.0377,25.5964,22.0569,346.8148,356.3045,26.7031,0.0522,1.4511,-0.4316,-0.0628,0.2281,0.9716
21.0130,124.51,35.0369,25.6251,22.0475,346.9384,356.3290,26.8483,-0.0376,1.4363,-0.4732,-0.0624,0.2260,0.9721
21.0330,124.51,35.0345,25.6534,22.0372,347.0583,356.3324,26.9812,-0.1239,1.4138,-0.5123,-0.0623,0.2240,0.9726
21.0530,124.51,35.0302,25.6813,22.0262,347.1740,356.3159,27.1019,-0.2134,1.3978,-0.5525,-0.0627,0.2220,0.9730
21.0730,124.51,35.0242,25.7089,22.0144,347.2853,356.2801,27.2099,-0.2998,1.3756,-0.5906,-0.0633,0.2201,0.9734
21.0930,124.51,35.0164,25.7360,22.0018,347.3917,356.2261,27.3056,-0.3888,1.3587,-0.6296,-0.0642,0.2183,0.9738
21.1130,124.51,35.0069,25.7628,21.9884,347.4929,356.1547,27.3885,-0.4752,1.3367,-0.6670,-0.0655,0.2166,0.9741
21.1330,124.51,34.9956,25.7891,21.9743,347.5884,356.0669,27.4588,-0.5636,1.3191,-0.7051,-0.0670,0.2149,0.9743
21.1530,124.51,34.9826,25.8151,21.9595,347.6780,355.9635,27.5164,-0.6498,1.2974,-0.7420,-0.0688,0.2134,0.9745
21.1730,124.51,34.9679,25.8407,21.9439,347.7612,355.8456,27.5615,-0.7373,1.2792,-0.7794,-0.0708,0.2120,0.9747
21.1930,124.51,34.9514,25.8658,21.9276,347.8376,355.7140,27.5939,-0.8230,1.2579,-0.8159,-0.0731,0.2107,0.9748
21.2130,123.44,34.9332,25.8906,21.9105,347.9070,355.5697,27.6139,-0.9095,1.2393,-0.8529,-0.0755,0.2095,0.9749
21.2330,123.44,34.9134,25.9150,21.8928,347.9688,355.4135,27.6215,-0.9945,1.2183,-0.8891,-0.0782,0.2084,0.9749
21.2530,123.44,34.8918,25.9390,21.8742,348.0229,355.2466,27.6168,-1.0799,1.1995,-0.9259,-0.0811,0.2075,0.9749
21.2730,123.44,34.8685,25.9626,21.8550,348.0688,355.0698,27.6000,-1.1639,1.1789,-0.9621,-0.0841,0.2067,0.9748
21.2930,123.44,34.8435,25.9858,21.8350,348.1062,354.8842,27.5713,-1.2481,1.1599,-0.9988,-0.0873,0.2061,0.9746
21.3130,123.44,34.8169,26.0086,21.8143,348.1349,354.6906,27.5308,-1.3310,1.1397,-1.0352,-0.0906,0.2056,0.9744
21.3330,123.44,34.7886,26.0310,21.7929,348.1546,354.4901,27.4787,-1.4138,1.1207,-1.0720,-0.0940,0.2053,0.9742
21.3530,123.44,34.7587,26.0530,21.7707,348.1650,354.2837,27.4152,-1.4953,1.1009,-1.1087,-0.0975,0.2051,0.9739
21.3730,123.44,34.7272,26.0746,21.7478,348.1660,354.0723,27.3406,-1.5765,1.0820,-1.1458,-0.1011,0.2051,0.9735
21.3930,123.44,34.6941,26.0959,21.7241,348.1574,353.8568,27.2550,-1.6564,1.0626,-1.1828,-0.1047,0.2052,0.9731
21.4130,123.44,34.6593,26.1168,21.6997,348.1390,353.6384,27.1587,-1.7359,1.0439,-1.2204,-0.1084,0.2055,0.9726
21.4330,123.44,34.6230,26.1373,21.6746,348.1108,353.4179,27.0519,-1.8141,1.0248,-1.2580,-0.1122,0.2060,0.9721
21.4530,123.44,34.5852,26.1574,21.6486,348.0726,353.1964,26.9350,-1.8917,1.0065,-1.2961,-0.1159,0.2067,0.9715
21.4730,123.44,34.5459,26.1771,21.6219,348.0244,352.9746,26.8080,-1.9680,0.9878,-1.3344,-0.1196,0.2075,0.9709
21.4930,123.44,34.5050,26.1965,21.5945,347.9662,352.7537,26.6714,-2.0436,0.9697,-1.3732,-0.1234,0.2085,0.9702
21.5130,123.44,34.4626,26.2156,21.5662,347.8981,352.5344,26.5253,-2.1179,0.9514,-1.4122,-0.1270,0.2097,0.9695
21.5330,123.44,34.4188,26.2342,21.5372,347.8200,352.3177,26.3701,-2.1912,0.9336,-1.4517,-0.1307,0.2110,0.9687
21.5530,123.44,34.3735,26.2526,21.5074,347.7323,352.1046,26.2059,-2.2633,0.9157,-1.4916,-0.1342,0.2125,0.9679
21.5730,123.44,34.3268,26.2705,21.4767,347.6349,351.8959,26.0331,-2.3343,0.8982,-1.5319,-0.1377,0.2141,0.9670
21.5930,123.44,34.2787,26.2881,21.4453,347.5281,351.6923,25.8519,-2.4041,0.8807,-1.5726,-0.1411,0.2160,0.9662
21.6130,123.44,34.2293,26.3054,21.4130,347.4121,351.4948,25.6625,-2.4727,0.8636,-1.6139,-0.1443,0.2179,0.9652
21.6330,123.44,34.1785,26.3223,21.3799,347.2871,351.3041,25.4651,-2.5400,0.8465,-1.6555,-0.1475,0.2201,0.9643
21.6530,123.44,34.1264,26.3389,21.3459,347.1536,351.1210,25.2602,-2.6061,0.8296,-1.6977,-0.1505,0.2223,0.9633
21.6730,123.44,34.0729,26.3552,21.3111,347.0118,350.9462,25.0478,-2.6709,0.8129,-1.7403,-0.1533,0.2248,0.9623
21.6930,123.44,34.0183,26.3711,21.2754,346.8621,350.7804,24.8282,-2.7343,0.7963,-1.7833,-0.1560,0.2273,0.9612
21.7130,123.44,33.9623,26.3867,21.2389,346.7049,350.6243,24.6018,-2.7964,0.7799,-1.8269,-0.1585,0.2300,0.9602
21.7330,123.44,33.9052,26.4020,21.2015,346.5406,350.4784,24.3686,-2.8572,0.7637,-1.8709,-0.1609,0.2328,0.9591
21.7530,123.44,33.8469,26.4170,21.1632,346.3697,350.3435,24.1289,-2.9165,0.7476,-1.9153,-0.1630,0.2357,0.9581
21.7730,123.44,33.7873,26.4319,21.1238,346.2038,350.2491,23.8885,-2.9773,0.7453,-1.9689,-0.1645,0.2385,0.9571
21.7930,123.44,33.7266,26.4466,21.0834,346.0457,350.1964,23.6471,-3.0337,0.7359,-2.0210,-0.1652,0.2411,0.9563
21.8130,123.44,33.6644,26.4618,21.0417,345.9038,350.1655,23.3724,-3.1108,0.7611,-2.0857,-0.1657,0.2435,0.9556
21.8330,123.44,33.6007,26.4774,20.9987,345.7815,350.1566,23.0608,-3.1834,0.7773,-2.1483,-0.1657,0.2456,0.9551
21.8530,123.44,33.5356,26.4933,20.9544,345.6778,350.1687,22.7152,-3.2558,0.7989,-2.2123,-0.1654,0.2474,0.9547
21.8730,123.44,33.4691,26.5097,20.9089,345.5929,350.2011,22.3369,-3.3250,0.8179,-2.2750,-0.1648,0.2488,0.9544
21.8930,123.44,33.4013,26.5265,20.8622,345.5265,350.2529,21.9283,-3.3926,0.8387,-2.3378,-0.1639,0.2499,0.9543
21.9130,123.44,33.3321,26.5437,20.8142,345.4785,350.3232,21.4910,-3.4576,0.8589,-2.3998,-0.1627,0.2507,0.9543
21.9330,123.44,33.2617,26.5613,20.7650,345.4489,350.4110,21.0268,-3.5203,0.8799,-2.4614,-0.1612,0.2512,0.9544
21.9530,123.44,33.1901,26.5793,20.7145,345.4375,350.5154,20.5377,-3.5806,0.9009,-2.5221,-0.1595,0.2514,0.9546
21.9730,123.44,33.1173,26.5978,20.6629,345.4444,350.6354,20.0253,-3.6385,0.9223,-2.5820,-0.1575,0.2513,0.9550
21.9930,123.44,33.0434,26.6166,20.6101,345.4695,350.7698,19.4913,-3.6938,0.9440,-2.6409,-0.1553,0.2509,0.9555
22.0130,123.44,32.9685,26.6360,20.5561,345.5126,350.9175,18.9375,-3.7466,0.9660,-2.6989,-0.1528,0.2502,0.9561
22.0330,123.44,32.8926,26.6557,20.5010,345.5738,351.0776,18.3654,-3.7969,0.9883,-2.7558,-0.1502,0.2491,0.9568
22.0530,123.44,32.8157,26.6760,20.4447,345.6530,351.2487,17.7767,-3.8445,1.0109,-2.8115,-0.1474,0.2478,0.9575
22.0730,123.44,32.7379,26.6967,20.3874,345.7500,351.4298,17.1729,-3.8896,1.0337,-2.8660,-0.1444,0.2462,0.9584
22.0930,123.44,32.6598,26.7163,20.3296,345.8395,351.6134,16.5833,-3.9054,0.9800,-2.8897,-0.1414,0.2446,0.9592
22.1130,123.44,32.5810,26.7362,20.2710,345.9185,351.8011,16.0133,-3.9377,0.9982,-2.9331,-0.1383,0.2433,0.9600
22.1330,123.44,32.5020,26.7553,20.2118,345.9895,351.9917,15.4595,-3.9517,0.9513,-2.9572,-0.1352,0.2421,0.9608
22.1530,123.44,32.4224,26.7746,20.1519,346.0516,352.1864,14.9246,-3.9788,0.9651,-2.9977,-0.1319,0.2410,0.9615
22.1730,123.44,32.3426,26.7931,20.0914,346.1069,352.3842,14.4061,-3.9912,0.9234,-3.0222,-0.1287,0.2401,0.9622
22.1930,123.44,32.2623,26.8118,20.0302,346.1549,352.5859,13.9056,-4.0137,0.9338,-3.0604,-0.1253,0.2393,0.9628
22.2130,125.39,32.1818,26.8297,19.9685,346.1972,352.7905,13.4215,-4.0244,0.8964,-3.0851,-0.1219,0.2386,0.9634
22.2330,125.39,32.1009,26.8478,19.9061,346.2333,352.9986,12.9549,-4.0430,0.9040,-3.1214,-0.1184,0.2380,0.9640
22.2530,125.39,32.0199,26.8652,19.8432,346.2650,353.2094,12.5044,-4.0519,0.8702,-3.1461,-0.1149,0.2374,0.9646
22.2730,125.39,31.9386,26.8827,19.7795,346.2916,353.4230,12.0707,-4.0671,0.8757,-3.1808,-0.1113,0.2370,0.9651
22.2930,125.39,31.8571,26.8996,19.7154,346.3147,353.6388,11.6529,-4.0742,0.8449,-3.2056,-0.1076,0.2366,0.9656
22.3130,125.39,31.7753,26.9166,19.6507,346.3338,353.8569,11.2514,-4.0864,0.8485,-3.2389,-0.1040,0.2363,0.9661
22.3330,125.39,31.6935,26.9330,19.5854,346.3503,354.0766,10.8655,-4.0919,0.8204,-3.2637,-0.1003,0.2360,0.9666
22.3530,125.39,31.6115,26.9495,19.5195,346.3636,354.2978,10.4953,-4.1015,0.8225,-3.2958,-0.0966,0.2358,0.9670
22.3730,125.39,31.5294,26.9654,19.4531,346.3750,354.5200,10.1403,-4.1054,0.7966,-3.3205,-0.0928,0.2356,0.9674
22.3930,125.39,31.4471,26.9814,19.3860,346.3841,354.7430,9.8005,-4.1126,0.7974,-3.3517,-0.0890,0.2354,0.9678
22.4130,125.39,31.3645,26.9978,19.3183,346.3849,354.9493,9.4522,-4.1286,0.8233,-3.3875,-0.0856,0.2354,0.9681
22.4330,125.39,31.2817,27.0148,19.2497,346.4143,355.1520,9.0879,-4.1440,0.8494,-3.4315,-0.0821,0.2349,0.9685
22.4530,125.39,31.1985,27.0324,19.1801,346.4720,355.3508,8.7089,-4.1583,0.8791,-3.4757,-0.0788,0.2339,0.9691
22.4730,125.39,31.1151,27.0505,19.1098,346.5570,355.5451,8.3162,-4.1709,0.9063,-3.5184,-0.0755,0.2325,0.9697
22.4930,125.39,31.0314,27.0692,19.0386,346.6680,355.7345,7.9111,-4.1819,0.9348,-3.5604,-0.0724,0.2306,0.9704
22.5130,125.39,30.9476,27.0885,18.9665,346.8041,355.9184,7.4946,-4.1913,0.9622,-3.6010,-0.0693,0.2283,0.9711
22.5330,125.39,30.8636,27.1083,18.8937,346.9639,356.0964,7.0679,-4.1990,0.9900,-3.6405,-0.0663,0.2256,0.9720
22.5530,125.39,30.7795,27.1286,18.8202,347.1464,356.2680,6.6319,-4.2049,1.0173,-3.6787,-0.0635,0.2225,0.9729
22.5730,125.39,30.6953,27.1495,18.7459,347.3506,356.4328,6.1875,-4.2092,1.0446,-3.7155,-0.0607,0.2190,0.9738
22.5930,125.39,30.6111,27.1710,18.6708,347.5753,356.5905,5.7357,-4.2117,1.0716,-3.7510,-0.0581,0.2152,0.9749
22.6130,125.39,30.5269,27.1930,18.5951,347.8196,356.7408,5.2773,-4.2125,1.0984,-3.7849,-0.0556,0.2110,0.9759
22.6330,125.39,30.4426,27.2155,18.5188,348.0825,356.8832,4.8129,-4.2115,1.1250,-3.8174,-0.0532,0.2065,0.9770
22.6530,125.39,30.3584,27.2385,18.4418,348.3629,357.0177,4.3433,-4.2088,1.1513,-3.8483,-0.0510,0.2017,0.9781
22.6730,125.39,30.2744,27.2621,18.3643,348.6599,357.1439,3.8692,-4.2042,1.1774,-3.8776,-0.0489,0.1966,0.9793
22.6930,125.39,30.1904,27.2861,18.2862,348.9725,357.2617,3.3911,-4.1978,1.2031,-3.9053,-0.0469,0.1913,0.9804
22.7130,125.39,30.1066,27.3107,18.2075,349.3000,357.3708,2.9096,-4.1897,1.2286,-3.9313,-0.0451,0.1857,0.9816
22.7330,125.39,30.0230,27.3358,18.1284,349.6413,357.4713,2.4253,-4.1797,1.2537,-3.9556,-0.0434,0.1798,0.9827
22.7530,125.39,29.9396,27.3614,18.0489,349.9957,357.5629,1.9385,-4.1680,1.2784,-3.9781,-0.0419,0.1737,0.9839
22.7730,125.39,29.8566,27.3875,17.9689,350.3624,357.6456,1.4498,-4.1545,1.3027,-3.9989,-0.0405,0.1674,0.9851
22.7930,125.39,29.7738,27.4140,17.8885,350.7405,357.7194,0.9595,-4.1392,1.3267,-4.0180,-0.0393,0.1609,0.9862
22.8130,125.39,29.6913,27.4410,17.8078,351.1292,357.7843,0.4680,-4.1221,1.3498,-4.0351,-0.0382,0.1542,0.9873
22.8330,125.39,29.6093,27.4685,17.7268,351.5276,357.8403,359.9761,-4.1032,1.3720,-4.0504,-0.0373,0.1473,0.9884
22.8530,125.39,29.5276,27.4964,17.6455,351.9349,357.8876,359.4841,-4.0826,1.3932,-4.0637,-0.0365,0.1403,0.9894
22.8730,125.39,29.4464,27.5246,17.5640,352.3500,357.9264,358.9926,-4.0602,1.4134,-4.0751,-0.0359,0.1331,0.9905
22.8930,125.39,29.3657,27.5533,17.4823,352.7722,357.9568,358.5021,-4.0360,1.4326,-4.0845,-0.0354,0.1258,0.9914
22.9130,125.39,29.2855,27.5823,17.4005,353.2006,357.9789,358.0131,-4.0102,1.4507,-4.0920,-0.0350,0.1184,0.9923
22.9330,125.39,29.2058,27.6117,17.3185,353.6345,357.9931,357.5260,-3.9827,1.4677,-4.0976,-0.0348,0.1109,0.9932
22.9530,125.39,29.1268,27.6414,17.2365,354.0730,357.9996,357.0414,-3.9536,1.4836,-4.1013,-0.0347,0.1033,0.9940
22.9730,125.39,29.0483,27.6714,17.1545,354.5154,357.9985,356.5595,-3.9229,1.4983,-4.1031,-0.0348,0.0956,0.9948
22.9930,125.39,28.9705,27.7016,17.0724,354.9610,357.9901,356.0810,-3.8907,1.5119,-4.1030,-0.0349,0.0878,0.9955
23.0130,125.39,28.8934,27.7321,16.9904,355.4091,357.9748,355.6061,-3.8569,1.5243,-4.1011,-0.0352,0.0800,0.9962
23.0330,125.39,28.8169,27.7629,16.9084,355.8591,357.9527,355.1354,-3.8217,1.5356,-4.0973,-0.0356,0.0722,0.9968
23.0530,125.39,28.7412,27.7938,16.8266,356.3102,357.9242,354.6691,-3.7851,1.5456,-4.0918,-0.0361,0.0644,0.9973
23.0730,125.39,28.6663,27.8249,16.7449,356.7619,357.8896,354.2076,-3.7471,1.5545,-4.0844,-0.0368,0.0565,0.9977
23.0930,125.39,28.5921,27.8562,16.6634,357.2136,357.8492,353.7513,-3.7078,1.5622,-4.0753,-0.0375,0.0486,0.9981
23.1130,125.39,28.5188,27.8875,16.5821,357.6648,357.8032,353.3007,-3.6672,1.5687,-4.0645,-0.0383,0.0407,0.9984
23.1330,125.39,28.4463,27.9190,16.5011,358.1148,357.7520,352.8558,-3.6254,1.5740,-4.0520,-0.0392,0.0329,0.9987
23.1530,125.39,28.3746,27.9506,16.4203,358.5633,357.6960,352.4172,-3.5824,1.5781,-4.0379,-0.0402,0.0251,0.9989
23.1730,125.39,28.3039,27.9822,16.3399,359.0097,357.6354,351.9852,-3.5383,1.5811,-4.0221,-0.0413,0.0173,0.9990
23.1930,125.39,28.2340,28.0139,16.2598,359.4535,357.5705,351.5600,-3.4931,1.5829,-4.0047,-0.0424,0.0095,0.9991
23.2130,123.55,28.1651,28.0456,16.1801,359.8944,357.5017,351.1419,-3.4468,1.5835,-3.9858,-0.0436,0.0018,0.9990
23.2330,123.55,28.0971,28.0773,16.1008,0.3319,357.4293,350.7312,-3.3996,1.5831,-3.9654,-0.0449,-0.0058,0.9990
23.2530,123.55,28.0301,28.1089,16.0219,0.7657,357.3536,350.3282,-3.3514,1.5815,-3.9435,-0.0462,-0.0134,0.9988
23.2730,123.55,27.9640,28.1405,15.9435,1.1953,357.2749,349.9331,-3.3023,1.5788,-3.9201,-0.0475,-0.0209,0.9987
23.2930,123.55,27.8990,28.1720,15.8656,1.6205,357.1935,349.5461,-3.2523,1.5751,-3.8954,-0.0489,-0.0283,0.9984
23.3130,123.55,27.8349,28.2034,15.7882,2.0409,357.1098,349.1676,-3.2016,1.5703,-3.8693,-0.0504,-0.0356,0.9981
23.3330,123.55,27.7720,28.2347,15.7114,2.4562,357.0241,348.7977,-3.1500,1.5645,-3.8419,-0.0519,-0.0429,0.9977
23.3530,123.55,27.7100,28.2659,15.6351,2.8661,356.9366,348.4366,-3.0978,1.5577,-3.8131,-0.0534,-0.0500,0.9973
23.3730,123.55,27.6491,28.2969,15.5594,3.2705,356.8477,348.0845,-3.0449,1.5499,-3.7832,-0.0549,-0.0570,0.9969
23.3930,123.55,27.5893,28.3278,15.4844,3.6690,356.7575,347.7416,-2.9913,1.5411,-3.7520,-0.0564,-0.0640,0.9964
23.4130,123.55,27.5305,28.3584,15.4100,4.0614,356.6666,347.4081,-2.9372,1.5315,-3.7196,-0.0580,-0.0708,0.9958
23.4330,123.55,27.4729,28.3888,15.3363,4.4476,356.5750,347.0840,-2.8825,1.5209,-3.6861,-0.0596,-0.0775,0.9952
23.4530,123.55,27.4163,28.4190,15.2633,4.8272,356.4832,346.7697,-2.8273,1.5095,-3.6515,-0.0611,-0.0842,0.9946
23.4730,123.55,27.3609,28.4490,15.1909,5.2002,356.3913,346.4651,-2.7717,1.4972,-3.6158,-0.0627,-0.0906,0.9939
23.4930,123.55,27.3066,28.4787,15.1194,5.5664,356.2996,346.1704,-2.7156,1.4841,-3.5791,-0.0642,-0.0970,0.9932
23.5130,123.55,27.2534,28.5081,15.0485,5.9257,356.2084,345.8858,-2.6591,1.4703,-3.5415,-0.0658,-0.1032,0.9925
23.5330,123.55,27.2014,28.5372,14.9785,6.2779,356.1179,345.6113,-2.6022,1.4557,-3.5028,-0.0673,-0.1094,0.9917
23.5530,123.55,27.1505,28.5660,14.9092,6.6228,356.0284,345.3470,-2.5450,1.4403,-3.4632,-0.0688,-0.1153,0.9909
23.5730,123.55,27.1007,28.5945,14.8408,6.9605,355.9400,345.0929,-2.4876,1.4243,-3.4228,-0.0703,-0.1212,0.9901
23.5930,123.55,27.0521,28.6227,14.7731,7.2907,355.8531,344.8492,-2.4299,1.4076,-3.3815,-0.0717,-0.1269,0.9893
23.6130,123.55,27.0047,28.6505,14.7063,7.6135,355.7677,344.6158,-2.3719,1.3903,-3.3393,-0.0731,-0.1325,0.9885
23.6330,123.55,26.9584,28.6779,14.6404,7.9287,355.6841,344.3929,-2.3138,1.3724,-3.2964,-0.0745,-0.1379,0.9876
23.6530,123.55,26.9133,28.7050,14.5754,8.2362,355.6026,344.1805,-2.2555,1.3539,-3.2527,-0.0759,-0.1433,0.9868
23.6730,123.55,26.8694,28.7317,14.5112,8.5361,355.5232,343.9784,-2.1971,1.3349,-3.2083,-0.0772,-0.1484,0.9859
23.6930,123.55,26.8266,28.7580,14.4479,8.8282,355.4462,343.7869,-2.1386,1.3154,-3.1632,-0.0785,-0.1535,0.9850
23.7130,123.55,26.7850,28.7839,14.3856,9.1126,355.3716,343.6058,-2.0800,1.2953,-3.1175,-0.0797,-0.1584,0.9842
23.7330,123.55,26.7446,28.8094,14.3242,9.3891,355.2998,343.4351,-2.0213,1.2748,-3.0711,-0.0808,-0.1631,0.9833
23.7530,123.55,26.7053,28.8345,14.2637,9.6578,355.2307,343.2749,-1.9627,1.2539,-3.0242,-0.0820,-0.1678,0.9824
23.7730,123.55,26.6673,28.8592,14.2042,9.9187,355.1646,343.1250,-1.9040,1.2326,-2.9766,-0.0830,-0.1723,0.9815
23.7930,123.55,26.6303,28.8834,14.1456,10.1717,355.1014,342.9854,-1.8454,1.2110,-2.9286,-0.0841,-0.1766,0.9807
23.8130,123.55,26.5946,28.9072,14.0880,10.4168,355.0414,342.8561,-1.7869,1.1890,-2.8800,-0.0850,-0.1808,0.9798
23.8330,123.55,26.5600,28.9305,14.0314,10.6541,354.9847,342.7370,-1.7284,1.1666,-2.8309,-0.0859,-0.1849,0.9790
23.8530,123.55,26.5266,28.9534,13.9757,10.8835,354.9313,342.6280,-1.6700,1.1440,-2.7814,-0.0868,-0.1888,0.9782
23.8730,123.55,26.4944,28.9758,13.9211,11.1050,354.8813,342.5290,-1.6118,1.1211,-2.7315,-0.0875,-0.1926,0.9774
23.8930,123.55,26.4633,28.9978,13.8675,11.3186,354.8348,342.4398,-1.5537,1.0980,-2.6812,-0.0883,-0.1963,0.9766
23.9130,123.55,26.4334,29.0193,13.8149,11.5244,354.7918,342.3606,-1.4958,1.0747,-2.6305,-0.0889,-0.1998,0.9758
23.9330,123.55,26.4047,29.0403,13.7633,11.7224,354.7523,342.2910,-1.4381,1.0512,-2.5795,-0.0896,-0.2032,0.9750
23.9530,123.55,26.3770,29.0609,13.7127,11.9126,354.7165,342.2310,-1.3806,1.0275,-2.5282,-0.0901,-0.2064,0.9743
23.9730,123.55,26.3506,29.0809,13.6632,12.0951,354.6842,342.1805,-1.3233,1.0037,-2.4766,-0.0906,-0.2095,0.9736
23.9930,123.55,26.3253,29.1005,13.6147,12.2698,354.6555,342.1392,-1.2662,0.9797,-2.4247,-0.0910,-0.2125,0.9729
24.0130,123.55,26.3011,29.1197,13.5672,12.4367,354.6305,342.1071,-1.2094,0.9557,-2.3726,-0.0914,-0.2154,0.9722
24.0330,123.55,26.2780,29.1383,13.5208,12.5960,354.6091,342.0840,-1.1529,0.9316,-2.3203,-0.0917,-0.2181,0.9716
24.0530,123.55,26.2561,29.1564,13.4755,12.7477,354.5913,342.0697,-1.0967,0.9074,-2.2677,-0.0919,-0.2207,0.9710
24.0730,123.55,26.2353,29.1741,13.4312,12.8918,354.5770,342.0641,-1.0408,0.8832,-2.2151,-0.0921,-0.2231,0.9704
24.0930,123.55,26.2156,29.1913,13.3879,13.0283,354.5663,342.0670,-0.9853,0.8590,-2.1623,-0.0923,-0.2254,0.9699
24.1130,123.55,26.1970,29.2080,13.3458,13.1573,354.5590,342.0782,-0.9301,0.8348,-2.1093,-0.0923,-0.2276,0.9694
24.1330,123.55,26.1795,29.2242,13.3046,13.2788,354.5552,342.0976,-0.8752,0.8107,-2.0563,-0.0923,-0.2297,0.9689
24.1530,123.55,26.1630,29.2399,13.2646,13.3929,354.5547,342.1249,-0.8207,0.7865,-2.0032,-0.0923,-0.2316,0.9684
24.1730,123.55,26.1477,29.2552,13.2256,13.4997,354.5575,342.1600,-0.7666,0.7625,-1.9501,-0.0922,-0.2334,0.9680
24.1930,123.55,26.1335,29.2699,13.1876,13.5991,354.5635,342.2026,-0.7129,0.7385,-1.8969,-0.0921,-0.2351,0.9676
24.2130,123.55,26.1203,29.2842,13.1507,13.6913,354.5727,342.2526,-0.6596,0.7146,-1.8437,-0.0919,-0.2367,0.9672
24.2330,126.31,26.1081,29.2981,13.1149,13.7763,354.5848,342.3098,-0.6067,0.6908,-1.7906,-0.0917,-0.2381,0.9669
24.2530,126.31,26.0970,29.3114,13.0802,13.8542,354.5999,342.3739,-0.5543,0.6672,-1.7375,-0.0914,-0.2395,0.9666
24.2730,126.31,26.0868,29.3228,13.0463,13.8876,354.6421,342.5007,-0.5141,0.5692,-1.6946,-0.0906,-0.2400,0.9665
24.2930,126.31,26.0773,29.3327,13.0133,13.8940,354.6987,342.6644,-0.4720,0.4953,-1.6503,-0.0897,-0.2401,0.9666
24.3130,126.31,26.0687,29.3409,12.9811,13.8699,354.7713,342.8693,-0.4323,0.4123,-1.6081,-0.0885,-0.2397,0.9668
24.3330,126.31,26.0608,29.3476,12.9498,13.8189,354.8571,343.1093,-0.3930,0.3342,-1.5659,-0.0870,-0.2389,0.9671
24.3530,126.31,26.0537,29.3527,12.9193,13.7412,354.9553,343.3830,-0.3549,0.2553,-1.5246,-0.0854,-0.2375,0.9676
24.3730,126.31,26.0474,29.3563,12.8896,13.6383,355.0645,343.6873,-0.3176,0.1779,-1.4839,-0.0836,-0.2358,0.9682
24.3930,126.31,26.0417,29.3583,12.8608,13.5110,355.1834,344.0198,-0.2815,0.1010,-1.4439,-0.0816,-0.2336,0.9689
24.4130,126.31,26.0368,29.3588,12.8327,13.3605,355.3106,344.3780,-0.2465,0.0247,-1.4049,-0.0795,-0.2311,0.9697
24.4330,126.31,26.0326,29.3578,12.8053,13.1881,355.4448,344.7593,-0.2127,-0.0512,-1.3667,-0.0773,-0.2281,0.9706
24.4530,126.31,26.0290,29.3553,12.7787,12.9949,355.5846,345.1613,-0.1801,-0.1267,-1.3296,-0.0750,-0.2249,0.9715
24.4730,126.31,26.0260,29.3512,12.7529,12.7821,355.7287,345.5817,-0.1489,-0.2020,-1.2935,-0.0726,-0.2212,0.9725
24.4930,126.31,26.0236,29.3457,12.7277,12.5510,355.8759,346.0180,-0.1189,-0.2770,-1.2585,-0.0702,-0.2173,0.9736
24.5130,126.31,26.0218,29.3387,12.7032,12.3028,356.0248,346.4682,-0.0904,-0.3519,-1.2247,-0.0677,-0.2131,0.9747
24.5330,126.31,26.0205,29.3301,12.6794,12.0389,356.1744,346.9301,-0.0631,-0.4267,-1.1920,-0.0653,-0.2086,0.9758
24.5530,126.31,26.0198,29.3201,12.6562,11.7606,356.3236,347.4015,-0.0373,-0.5015,-1.1604,-0.0628,-0.2038,0.9770
24.5730,126.31,26.0195,29.3086,12.6336,11.4692,356.4713,347.8806,-0.0128,-0.5762,-1.1301,-0.0603,-0.1988,0.9782
24.5930,126.31,26.0198,29.2956,12.6115,11.1660,356.6167,348.3655,0.0103,-0.6509,-1.1010,-0.0579,-0.1937,0.9794
24.6130,126.31,26.0204,29.2811,12.5901,10.8524,356.7588,348.8545,0.0321,-0.7255,-1.0730,-0.0555,-0.1883,0.9805
24.6330,126.31,26.0215,29.2651,12.5692,10.5296,356.8968,349.3459,0.0525,-0.8001,-1.0462,-0.0532,-0.1827,0.9817
24.6530,126.31,26.0229,29.2476,12.5488,10.1989,357.0302,349.8383,0.0717,-0.8746,-1.0205,-0.0510,-0.1771,0.9829
24.6730,126.31,26.0247,29.2287,12.5288,9.8615,357.1583,350.3301,0.0896,-0.9491,-0.9960,-0.0488,-0.1713,0.9840
24.6930,126.31,26.0268,29.2082,12.5094,9.5188,357.2805,350.8200,0.1062,-1.0234,-0.9726,-0.0468,-0.1654,0.9851
24.7130,126.31,26.0292,29.1863,12.4904,9.1718,357.3966,351.3069,0.1216,-1.0976,-0.9502,-0.0448,-0.1594,0.9862
24.7330,126.31,26.0320,29.1628,12.4718,8.8218,357.5061,351.7896,0.1359,-1.1717,-0.9289,-0.0430,-0.1534,0.9872
24.7530,126.31,26.0349,29.1379,12.4536,8.4698,357.6087,352.2670,0.1490,-1.2455,-0.9087,-0.0413,-0.1473,0.9882
24.7730,126.31,26.0382,29.1116,12.4358,8.1168,357.7043,352.7383,0.1610,-1.3190,-0.8894,-0.0397,-0.1412,0.9892
24.7930,126.31,26.0416,29.0837,12.4184,7.7639,357.7927,353.2025,0.1719,-1.3922,-0.8711,-0.0382,-0.1351,0.9901
24.8130,126.31,26.0453,29.0545,12.4014,7.4120,357.8738,353.6588,0.1818,-1.4650,-0.8537,-0.0368,-0.1290,0.9910
24.8330,126.31,26.0491,29.0237,12.3846,7.0619,357.9475,354.1067,0.1907,-1.5375,-0.8372,-0.0355,-0.1229,0.9918
24.8530,126.31,26.0530,28.9915,12.3682,6.7146,358.0140,354.5455,0.1987,-1.6095,-0.8216,-0.0344,-0.1169,0.9925
24.8730,126.31,26.0572,28.9579,12.3520,6.3708,358.0732,354.9745,0.2057,-1.6810,-0.8069,-0.0334,-0.1110,0.9933
24.8930,126.31,26.0614,28.9229,12.3362,6.0311,358.1253,355.3932,0.2118,-1.7520,-0.7929,-0.0325,-0.1051,0.9939
24.9130,126.31,26.0657,28.8865,12.3206,5.6964,358.1704,355.8014,0.2171,-1.8224,-0.7797,-0.0318,-0.0993,0.9946
24.9330,126.31,26.0702,28.8486,12.3052,5.3671,358.2086,356.1985,0.2215,-1.8922,-0.7673,-0.0311,-0.0935,0.9951
24.9530,126.31,26.0747,28.8094,12.2901,5.0438,358.2401,356.5842,0.2251,-1.9613,-0.7557,-0.0306,-0.0879,0.9957
24.9730,126.31,26.0792,28.7688,12.2752,4.7271,358.2652,356.9583,0.2280,-2.0298,-0.7447,-0.0302,-0.0824,0.9961
24.9930,126.31,26.0838,28.7269,12.2605,4.4173,358.2841,357.3204,0.2301,-2.0976,-0.7344,-0.0299,-0.0770,0.9966
25.0130,126.31,26.0885,28.6836,12.2461,4.1150,358.2969,357.6704,0.2315,-2.1646,-0.7248,-0.0296,-0.0718,0.9970
25.0330,126.31,26.0931,28.6390,12.2317,3.8203,358.3040,358.0082,0.2322,-2.2309,-0.7158,-0.0295,-0.0666,0.9973
25.0530,126.31,26.0978,28.5931,12.2176,3.5337,358.3057,358.3336,0.2323,-2.2963,-0.7074,-0.0295,-0.0616,0.9977
25.0730,126.31,26.1024,28.5459,12.2036,3.2554,358.3021,358.6465,0.2318,-2.3610,-0.6996,-0.0296,-0.0568,0.9979
25.0930,126.31,26.1070,28.4974,12.1898,2.9857,358.2935,358.9469,0.2307,-2.4249,-0.6924,-0.0297,-0.0521,0.9982
25.1130,126.31,26.1116,28.4476,12.1760,2.7246,358.2803,359.2346,0.2290,-2.4879,-0.6857,-0.0300,-0.0475,0.9984
25.1330,126.31,26.1161,28.3966,12.1624,2.4724,358.2626,359.5099,0.2268,-2.5500,-0.6796,-0.0303,-0.0431,0.9986
25.1530,126.31,26.1206,28.3444,12.1490,2.2292,358.2408,359.7726,0.2241,-2.6113,-0.6739,-0.0307,-0.0389,0.9988
25.1730,126.31,26.1250,28.2910,12.1356,1.9951,358.2151,0.0228,0.2209,-2.6718,-0.6687,-0.0311,-0.0348,0.9989
25.1930,126.31,26.1294,28.2364,12.1223,1.7701,358.1857,0.2606,0.2173,-2.7313,-0.6640,-0.0316,-0.0309,0.9990
25.2130,126.31,26.1336,28.1806,12.1091,1.5542,358.1530,0.4861,0.2132,-2.7900,-0.6598,-0.0322,-0.0271,0.9991
25.2330,125.66,26.1378,28.1236,12.0960,1.3474,358.1172,0.6993,0.2088,-2.8479,-0.6559,-0.0328,-0.0235,0.9992
25.2530,125.66,26.1419,28.0655,12.0829,1.1498,358.0785,0.9005,0.2039,-2.9048,-0.6525,-0.0335,-0.0201,0.9992
25.2730,125.66,26.1459,28.0063,12.0700,0.9612,358.0371,1.0898,0.1988,-2.9609,-0.6495,-0.0342,-0.0168,0.9993
25.2930,125.66,26.1497,27.9460,12.0570,0.7816,357.9933,1.2674,0.1933,-3.0161,-0.6468,-0.0350,-0.0136,0.9993
25.3130,125.66,26.1535,27.8846,12.0441,0.6109,357.9474,1.4334,0.1875,-3.0704,-0.6444,-0.0358,-0.0107,0.9993
25.3330,125.66,26.1571,27.8221,12.0313,0.4489,357.8994,1.5880,0.1814,-3.1239,-0.6424,-0.0367,-0.0078,0.9993
25.3530,125.66,26.1606,27.7586,12.0185,0.2957,357.8496,1.7315,0.1751,-3.1765,-0.6407,-0.0375,-0.0052,0.9993
25.3730,125.66,26.1640,27.6940,12.0057,0.1509,357.7983,1.8640,0.1686,-3.2283,-0.6393,-0.0384,-0.0026,0.9993
25.3930,125.66,26.1672,27.6284,11.9929,0.0145,357.7456,1.9859,0.1618,-3.2793,-0.6382,-0.0393,-0.0003,0.9992
25.4130,125.66,26.1703,27.5618,11.9802,359.8864,357.6916,2.0973,0.1549,-3.3294,-0.6374,-0.0403,0.0020,0.9992
25.4330,125.66,26.1733,27.4943,11.9674,359.7662,357.6365,2.1985,0.1478,-3.3787,-0.6367,-0.0412,0.0041,0.9991
25.4530,125.66,26.1761,27.4257,11.9547,359.6539,357.5806,2.2899,0.1406,-3.4272,-0.6363,-0.0422,0.0060,0.9991
25.4730,125.66,26.1787,27.3562,11.9420,359.5493,357.5239,2.3715,0.1333,-3.4750,-0.6361,-0.0432,0.0079,0.9990
25.4930,125.66,26.1813,27.2858,11.9293,359.4521,357.4666,2.4438,0.1259,-3.5220,-0.6361,-0.0442,0.0096,0.9990
25.5130,125.66,26.1836,27.2144,11.9165,359.3621,357.4088,2.5071,0.1184,-3.5682,-0.6363,-0.0452,0.0111,0.9989
25.5330,125.66,26.1859,27.1421,11.9038,359.2792,357.3506,2.5615,0.1109,-3.6136,-0.6366,-0.0462,0.0126,0.9989
25.5530,125.66,26.1879,27.0690,11.8911,359.2031,357.2923,2.6074,0.1034,-3.6584,-0.6371,-0.0472,0.0139,0.9988
25.5730,125.66,26.1898,26.9949,11.8783,359.1336,357.2338,2.6451,0.0958,-3.7024,-0.6377,-0.0483,0.0151,0.9987
25.5930,125.66,26.1916,26.9200,11.8655,359.0705,357.1753,2.6750,0.0882,-3.7457,-0.6384,-0.0493,0.0162,0.9987
25.6130,125.66,26.1932,26.8442,11.8528,359.0136,357.1168,2.6972,0.0807,-3.7884,-0.6392,-0.0503,0.0172,0.9986
25.6330,125.66,26.1947,26.7676,11.8400,358.9626,357.0586,2.7122,0.0732,-3.8304,-0.6401,-0.0513,0.0181,0.9985
25.6530,125.66,26.1960,26.6902,11.8271,358.9173,357.0006,2.7201,0.0657,-3.8717,-0.6411,-0.0523,0.0189,0.9985
25.6730,125.66,26.1972,26.6120,11.8143,358.8775,356.9429,2.7214,0.0584,-3.9123,-0.6421,-0.0533,0.0196,0.9984
25.6930,125.66,26.1982,26.5329,11.8014,358.8430,356.8857,2.7164,0.0511,-3.9524,-0.6432,-0.0543,0.0202,0.9983
25.7130,125.66,26.1991,26.4531,11.7885,358.8135,356.8289,2.7053,0.0439,-3.9918,-0.6443,-0.0553,0.0207,0.9983
25.7330,125.66,26.1998,26.3725,11.7756,358.7888,356.7727,2.6884,0.0368,-4.0306,-0.6454,-0.0563,0.0211,0.9982
25.7530,125.66,26.2004,26.2911,11.7627,358.7688,356.7170,2.6661,0.0298,-4.0688,-0.6465,-0.0573,0.0215,0.9981
25.7730,125.66,26.2008,26.2090,11.7498,358.7531,356.6621,2.6386,0.0230,-4.1064,-0.6477,-0.0582,0.0218,0.9981
25.7930,125.66,26.2012,26.1261,11.7368,358.7416,356.6078,2.6062,0.0163,-4.1435,-0.6488,-0.0592,0.0220,0.9980
25.8130,125.66,26.2014,26.0425,11.7238,358.7340,356.5543,2.5693,0.0097,-4.1800,-0.6499,-0.0601,0.0221,0.9979
25.8330,125.66,26.2014,25.9582,11.7108,358.7303,356.5016,2.5282,0.0033,-4.2160,-0.6510,-0.0610,0.0222,0.9979
25.8530,125.66,26.2014,25.8731,11.6977,358.7300,356.4497,2.4830,-0.0029,-4.2514,-0.6520,-0.0619,0.0222,0.9978
25.8730,125.66,26.2012,25.7874,11.6847,358.7331,356.3987,2.4341,-0.0090,-4.2863,-0.6530,-0.0628,0.0221,0.9978
25.8930,125.66,26.2009,25.7010,11.6716,358.7393,356.3486,2.3818,-0.0148,-4.3208,-0.6540,-0.0637,0.0220,0.9977
25.9130,125.66,26.2005,25.6139,11.6585,358.7484,356.2994,2.3264,-0.0205,-4.3547,-0.6548,-0.0645,0.0218,0.9977
25.9330,125.66,26.2000,25.5261,11.6454,358.7604,356.2512,2.2680,-0.0260,-4.3881,-0.6557,-0.0654,0.0216,0.9976
25.9530,125.66,26.1993,25.4377,11.6322,358.7749,356.2039,2.2070,-0.0313,-4.4210,-0.6564,-0.0662,0.0214,0.9976
25.9730,125.66,26.1986,25.3487,11.6191,358.7918,356.1577,2.1436,-0.0364,-4.4535,-0.6571,-0.0670,0.0211,0.9975
25.9930,125.66,26.1978,25.2589,11.6060,358.8109,356.1125,2.0780,-0.0413,-4.4855,-0.6576,-0.0678,0.0208,0.9975
26.0130,125.66,26.1969,25.1686,11.5928,358.8321,356.0682,2.0105,-0.0459,-4.5170,-0.6581,-0.0686,0.0204,0.9974
26.0330,125.66,26.1959,25.0776,11.5796,358.8552,356.0251,1.9414,-0.0504,-4.5481,-0.6585,-0.0693,0.0200,0.9974
26.0530,125.66,26.1948,24.9861,11.5664,358.8799,355.9830,1.8707,-0.0547,-4.5788,-0.6588,-0.0700,0.0195,0.9974
26.0730,125.66,26.1936,24.8939,11.5533,358.9063,355.9420,1.7989,-0.0587,-4.6090,-0.6591,-0.0708,0.0191,0.9973
26.0930,125.66,26.1923,24.8011,11.5401,358.9340,355.9020,1.7260,-0.0625,-4.6388,-0.6592,-0.0715,0.0186,0.9973
26.1130,125.66,26.1910,24.7078,11.5269,358.9631,355.8631,1.6522,-0.0661,-4.6682,-0.6592,-0.0721,0.0181,0.9972
26.1330,125.66,26.1896,24.6138,11.5137,358.9932,355.8253,1.5779,-0.0695,-4.6971,-0.6590,-0.0728,0.0176,0.9972
26.1530,125.66,26.1882,24.5193,11.5005,359.0244,355.7886,1.5030,-0.0727,-4.7257,-0.6588,-0.0734,0.0170,0.9972
26.1730,125.66,26.1867,24.4242,11.4874,359.0564,355.7530,1.4279,-0.0757,-4.7538,-0.6585,-0.0740,0.0165,0.9971
26.1930,125.66,26.1851,24.3286,11.4742,359.0891,355.7184,1.3527,-0.0785,-4.7816,-0.6581,-0.0746,0.0159,0.9971
26.2130,125.66,26.1835,24.2324,11.4611,359.1224,355.6850,1.2775,-0.0810,-4.8090,-0.6575,-0.0752,0.0153,0.9970
26.2330,121.33,26.1818,24.1357,11.4479,359.1563,355.6526,1.2025,-0.0834,-4.8360,-0.6568,-0.0758,0.0147,0.9970
26.2530,121.33,26.1801,24.0384,11.4348,359.1905,355.6213,1.1279,-0.0855,-4.8626,-0.6561,-0.0763,0.0141,0.9970
26.2730,121.33,26.1783,23.9407,11.4217,359.2250,355.5911,1.0537,-0.0875,-4.8888,-0.6552,-0.0769,0.0135,0.9969
26.2930,121.33,26.1766,23.8424,11.4086,359.2596,355.5620,0.9802,-0.0893,-4.9147,-0.6542,-0.0774,0.0129,0.9969
26.3130,121.33,26.1747,23.7436,11.3955,359.2944,355.5339,0.9075,-0.0908,-4.9402,-0.6531,-0.0779,0.0123,0.9969
26.3330,121.33,26.1729,23.6443,11.3825,359.3291,355.5068,0.8356,-0.0922,-4.9654,-0.6518,-0.0783,0.0117,0.9969
26.3530,121.33,26.1710,23.5445,11.3695,359.3637,355.4809,0.7646,-0.0934,-4.9902,-0.6505,-0.0788,0.0111,0.9968
26.3730,121.33,26.1691,23.4442,11.3565,359.3982,355.4559,0.6947,-0.0944,-5.0146,-0.6491,-0.0792,0.0105,0.9968
26.3930,121.33,26.1672,23.3434,11.3436,359.4323,355.4320,0.6260,-0.0952,-5.0387,-0.6475,-0.0796,0.0099,0.9968
26.4130,121.33,26.1653,23.2421,11.3306,359.4662,355.4091,0.5586,-0.0959,-5.0625,-0.6459,-0.0800,0.0093,0.9967
26.4330,121.33,26.1634,23.1404,11.3178,359.4996,355.3871,0.4925,-0.0963,-5.0859,-0.6442,-0.0804,0.0087,0.9967
26.4530,121.33,26.1615,23.0382,11.3049,359.5325,355.3662,0.4278,-0.0967,-5.1090,-0.6423,-0.0808,0.0082,0.9967
26.4730,121.33,26.1595,22.9356,11.2921,359.5649,355.3462,0.3646,-0.0968,-5.1317,-0.6404,-0.0811,0.0076,0.9967
26.4930,121.33,26.1576,22.8325,11.2793,359.5967,355.3272,0.3029,-0.0968,-5.1541,-0.6383,-0.0815,0.0070,0.9967
26.5130,121.33,26.1557,22.7290,11.2666,359.6278,355.3091,0.2429,-0.0967,-5.1762,-0.6362,-0.0818,0.0065,0.9966
26.5330,121.33,26.1537,22.6250,11.2539,359.6583,355.2919,0.1844,-0.0964,-5.1980,-0.6340,-0.0821,0.0060,0.9966
26.5530,121.33,26.1518,22.5207,11.2413,359.6880,355.2757,0.1277,-0.0960,-5.2195,-0.6317,-0.0824,0.0054,0.9966
26.5730,121.33,26.1499,22.4158,11.2287,359.7169,355.2603,0.0727,-0.0954,-5.2407,-0.6293,-0.0826,0.0049,0.9966
26.5930,121.33,26.1480,22.3106,11.2162,359.7449,355.2458,0.0195,-0.0948,-5.2615,-0.6269,-0.0829,0.0045,0.9965
26.6130,121.33,26.1461,22.2050,11.2037,359.7722,355.2321,359.9680,-0.0939,-5.2821,-0.6243,-0.0831,0.0040,0.9965
26.6330,121.33,26.1443,22.0989,11.1913,359.7985,355.2193,359.9184,-0.0930,-5.3023,-0.6217,-0.0833,0.0035,0.9965
26.6530,121.33,26.1424,21.9925,11.1789,359.8239,355.2073,359.8706,-0.0920,-5.3223,-0.6190,-0.0836,0.0031,0.9965
26.6730,121.33,26.1406,21.8856,11.1666,359.8483,355.1961,359.8246,-0.0909,-5.3419,-0.6163,-0.0837,0.0026,0.9965
26.6930,121.33,26.1388,21.7784,11.1543,359.8717,355.1856,359.7806,-0.0896,-5.3613,-0.6135,-0.0839,0.0022,0.9965
26.7130,121.33,26.1370,21.6708,11.1421,359.8942,355.1759,359.7383,-0.0883,-5.3804,-0.6106,-0.0841,0.0018,0.9965
26.7330,121.33,26.1353,21.5628,11.1299,359.9156,355.1670,359.6980,-0.0868,-5.3992,-0.6077,-0.0843,0.0015,0.9964
26.7530,121.33,26.1336,21.4545,11.1178,359.9361,355.1587,359.6595,-0.0853,-5.4177,-0.6047,-0.0844,0.0011,0.9964
26.7730,121.33,26.1319,21.3457,11.1058,359.9555,355.1511,359.6228,-0.0837,-5.4360,-0.6017,-0.0845,0.0008,0.9964
26.7930,121.33,26.1303,21.2367,11.0938,359.9738,355.1442,359.5880,-0.0821,-5.4540,-0.5987,-0.0846,0.0005,0.9964
26.8130,121.33,26.1287,21.1272,11.0819,359.9911,355.1379,359.5551,-0.0803,-5.4717,-0.5956,-0.0848,0.0002,0.9964
26.8330,121.33,26.1271,21.0174,11.0701,0.0074,355.1322,359.5240,-0.0785,-5.4891,-0.5925,-0.0849,-0.0001,0.9964
26.8530,121.33,26.1256,20.9073,11.0583,0.0226,355.1272,359.4946,-0.0767,-5.5063,-0.5893,-0.0849,-0.0004,0.9964
26.8730,121.33,26.1241,20.7969,11.0465,0.0367,355.1227,359.4670,-0.0747,-5.5233,-0.5861,-0.0850,-0.0006,0.9964
26.8930,121.33,26.1226,20.6861,11.0349,0.0498,355.1188,359.4412,-0.0728,-5.5399,-0.5829,-0.0851,-0.0009,0.9964
26.9130,121.33,26.1212,20.5749,11.0233,0.0619,355.1154,359.4171,-0.0708,-5.5564,-0.5796,-0.0851,-0.0011,0.9964
26.9330,121.33,26.1198,20.4635,11.0118,0.0729,355.1125,359.3947,-0.0687,-5.5725,-0.5764,-0.0852,-0.0013,0.9964
26.9530,121.33,26.1185,20.3517,11.0003,0.0829,355.1101,359.3740,-0.0666,-5.5885,-0.5731,-0.0852,-0.0014,0.9964
26.9730,121.33,26.1172,20.2396,10.9889,0.0919,355.1082,359.3549,-0.0645,-5.6042,-0.5698,-0.0853,-0.0016,0.9964
26.9930,121.33,26.1160,20.1272,10.9776,0.0998,355.1067,359.3374,-0.0623,-5.6196,-0.5665,-0.0853,-0.0017,0.9964
27.0130,121.33,26.1148,20.0145,10.9663,0.1068,355.1057,359.3215,-0.0601,-5.6348,-0.5632,-0.0853,-0.0019,0.9964
27.0330,121.33,26.1136,19.9015,10.9551,0.1128,355.1050,359.3071,-0.0579,-5.6498,-0.5599,-0.0853,-0.0020,0.9964
27.0530,121.33,26.1125,19.7883,10.9440,0.1178,355.1047,359.2942,-0.0557,-5.6646,-0.5566,-0.0853,-0.0021,0.9964
27.0730,121.33,26.1114,19.6747,10.9329,0.1219,355.1048,359.2827,-0.0535,-5.6791,-0.5533,-0.0853,-0.0021,0.9964
27.0930,121.33,26.1104,19.5608,10.9219,0.1251,355.1053,359.2726,-0.0512,-5.6934,-0.5500,-0.0853,-0.0022,0.9964
27.1130,121.33,26.1094,19.4467,10.9110,0.1274,355.1060,359.2639,-0.0490,-5.7075,-0.5467,-0.0853,-0.0022,0.9964
27.1330,121.33,26.1085,19.3322,10.9001,0.1288,355.1071,359.2566,-0.0467,-5.7214,-0.5434,-0.0853,-0.0022,0.9964
27.1530,121.33,26.1076,19.2175,10.8893,0.1293,355.1085,359.2505,-0.0445,-5.7351,-0.5402,-0.0853,-0.0023,0.9964
27.1730,121.33,26.1068,19.1025,10.8786,0.1290,355.1101,359.2456,-0.0422,-5.7485,-0.5369,-0.0852,-0.0023,0.9964
27.1930,121.33,26.1060,18.9873,10.8679,0.1278,355.1119,359.2419,-0.0400,-5.7618,-0.5337,-0.0852,-0.0022,0.9964
27.2130,121.33,26.1052,18.8718,10.8573,0.1259,355.1140,359.2394,-0.0377,-5.7748,-0.5305,-0.0852,-0.0022,0.9964
27.2330,123.01,26.1045,18.7561,10.8468,0.1232,355.1163,359.2380,-0.0355,-5.7877,-0.5273,-0.0851,-0.0022,0.9964
27.2530,123.01,26.1038,18.6401,10.8363,0.1198,355.1188,359.2377,-0.0333,-5.8003,-0.5242,-0.0851,-0.0021,0.9964
27.2730,123.01,26.1032,18.5238,10.8258,0.1157,355.1215,359.2384,-0.0311,-5.8128,-0.5210,-0.0850,-0.0020,0.9964
27.2930,123.01,26.1026,18.4073,10.8155,0.1108,355.1244,359.2400,-0.0289,-5.8251,-0.5179,-0.0850,-0.0019,0.9964
27.3130,123.01,26.1021,18.2906,10.8052,0.1054,355.1273,359.2426,-0.0267,-5.8372,-0.5149,-0.0849,-0.0018,0.9964
27.3330,123.01,26.1016,18.1736,10.7950,0.0992,355.1305,359.2460,-0.0246,-5.8490,-0.5118,-0.0849,-0.0017,0.9964
27.3530,123.01,26.1012,18.0564,10.7848,0.0925,355.1337,359.2503,-0.0225,-5.8608,-0.5088,-0.0848,-0.0016,0.9964
27.3730,123.01,26.1007,17.9389,10.7747,0.0852,355.1371,359.2554,-0.0204,-5.8723,-0.5059,-0.0848,-0.0015,0.9964
27.3930,123.01,26.1004,17.8212,10.7646,0.0773,355.1405,359.2613,-0.0183,-5.8836,-0.5030,-0.0847,-0.0013,0.9964
27.4130,123.01,26.1001,17.7033,10.7546,0.0689,355.1440,359.2679,-0.0163,-5.8948,-0.5001,-0.0847,-0.0012,0.9964
27.4330,123.01,26.0998,17.5852,10.7447,0.0600,355.1476,359.2751,-0.0143,-5.9058,-0.4972,-0.0846,-0.0010,0.9964
27.4530,123.01,26.0996,17.4710,10.7348,0.0456,355.1515,359.2819,-0.0101,-5.7101,-0.4930,-0.0845,-0.0008,0.9964
27.4730,123.01,26.0994,17.3568,10.7250,0.0307,355.1555,359.2892,-0.0080,-5.7109,-0.4902,-0.0845,-0.0005,0.9964
27.4930,123.01,26.0993,17.2462,10.7153,0.0109,355.1599,359.2962,-0.0040,-5.5290,-0.4863,-0.0844,-0.0002,0.9964
27.5130,123.01,26.0993,17.1358,10.7056,359.9906,355.1642,359.3036,-0.0019,-5.5210,-0.4837,-0.0843,0.0002,0.9964
27.5330,123.01,26.0993,17.0288,10.6960,359.9659,355.1687,359.3106,0.0019,-5.3515,-0.4803,-0.0842,0.0006,0.9964
27.5530,123.01,26.0994,16.9221,10.6864,359.9409,355.1732,359.3180,0.0040,-5.3359,-0.4778,-0.0841,0.0010,0.9965
27.5730,123.01,26.0996,16.8185,10.6769,359.9119,355.1779,359.3250,0.0076,-5.1775,-0.4748,-0.0841,0.0015,0.9965
27.5930,123.01,26.0998,16.7154,10.6675,359.8827,355.1826,359.3322,0.0097,-5.1554,-0.4726,-0.0840,0.0020,0.9965
27.6130,123.01,26.1000,16.6153,10.6581,359.8500,355.1873,359.3392,0.0132,-5.0072,-0.4700,-0.0839,0.0026,0.9965
27.6330,123.01,26.1003,16.5157,10.6487,359.8172,355.1920,359.3464,0.0153,-4.9794,-0.4681,-0.0838,0.0032,0.9965
27.6530,123.01,26.1007,16.4189,10.6394,359.7814,355.1968,359.3533,0.0186,-4.8403,-0.4660,-0.0837,0.0038,0.9965
27.6730,123.01,26.1011,16.3227,10.6301,359.7455,355.2014,359.3604,0.0207,-4.8077,-0.4644,-0.0837,0.0044,0.9965
27.6930,123.01,26.1016,16.2292,10.6209,359.7071,355.2061,359.3672,0.0239,-4.6769,-0.4627,-0.0836,0.0051,0.9965
27.7130,123.01,26.1021,16.1364,10.6116,359.6687,355.2106,359.3742,0.0261,-4.6403,-0.4614,-0.0835,0.0058,0.9965
27.7330,123.01,26.1027,16.0460,10.6024,359.6281,355.2152,359.3810,0.0291,-4.5170,-0.4602,-0.0834,0.0065,0.9965
27.7530,123.01,26.1033,15.9565,10.5932,359.5876,355.2196,359.3878,0.0312,-4.4769,-0.4593,-0.0833,0.0072,0.9965
27.7730,123.01,26.1040,15.8693,10.5841,359.5453,355.2240,359.3945,0.0341,-4.3604,-0.4585,-0.0833,0.0079,0.9965
27.7930,123.01,26.1047,15.7829,10.5749,359.5032,355.2281,359.4012,0.0363,-4.3175,-0.4580,-0.0832,0.0087,0.9965
27.8130,123.01,26.1055,15.6988,10.5658,359.4596,355.2323,359.4078,0.0391,-4.2073,-0.4577,-0.0831,0.0094,0.9965
27.8330,123.01,26.1063,15.6155,10.5566,359.4164,355.2363,359.4144,0.0412,-4.1620,-0.4575,-0.0830,0.0102,0.9965
27.8530,123.01,26.1072,15.5344,10.5475,359.3719,355.2402,359.4208,0.0439,-4.0574,-0.4577,-0.0830,0.0110,0.9965
27.8730,123.01,26.1081,15.4542,10.5383,359.3279,355.2440,359.4274,0.0461,-4.0103,-0.4578,-0.0829,0.0117,0.9965
27.8930,123.01,26.1091,15.3760,10.5291,359.2830,355.2476,359.4337,0.0487,-3.9108,-0.4585,-0.0828,0.0125,0.9965
27.9130,123.01,26.1101,15.2987,10.5199,359.2386,355.2510,359.4402,0.0508,-3.8621,-0.4590,-0.0828,0.0133,0.9965
27.9330,123.01,26.1112,15.2234,10.5107,359.1935,355.2544,359.4465,0.0534,-3.7675,-0.4601,-0.0827,0.0141,0.9965
27.9530,123.01,26.1123,15.1490,10.5015,359.1491,355.2575,359.4528,0.0555,-3.7176,-0.4610,-0.0827,0.0149,0.9965
27.9730,123.01,26.1135,15.0765,10.4923,359.1042,355.2606,359.4590,0.0579,-3.6273,-0.4624,-0.0826,0.0156,0.9965
27.9930,123.01,26.1147,15.0050,10.4830,359.0601,355.2634,359.4653,0.0600,-3.5765,-0.4638,-0.0826,0.0164,0.9965
28.0130,123.01,26.1159,14.9351,10.4737,359.0156,355.2661,359.4714,0.0624,-3.4903,-0.4656,-0.0825,0.0172,0.9964
28.0330,123.01,26.1172,14.8664,10.4643,358.9720,355.2687,359.4776,0.0644,-3.4388,-0.4673,-0.0825,0.0179,0.9964
28.0530,123.01,26.1185,14.7992,10.4550,358.9284,355.2711,359.4837,0.0668,-3.3563,-0.4695,-0.0824,0.0187,0.9964
28.0730,123.01,26.1199,14.7332,10.4455,358.8857,355.2733,359.4898,0.0688,-3.3044,-0.4716,-0.0824,0.0194,0.9964
28.0930,123.01,26.1213,14.6686,10.4360,358.8430,355.2754,359.4959,0.0711,-3.2253,-0.4742,-0.0824,0.0202,0.9964
28.1130,123.01,26.1228,14.6052,10.4265,358.8014,355.2773,359.5020,0.0731,-3.1733,-0.4766,-0.0823,0.0209,0.9964
28.1330,123.01,26.1243,14.5432,10.4169,358.7599,355.2790,359.5080,0.0753,-3.0974,-0.4795,-0.0823,0.0216,0.9964
28.1530,123.01,26.1258,14.4823,10.4073,358.7196,355.2806,359.5140,0.0773,-3.0453,-0.4822,-0.0823,0.0223,0.9964
28.1730,123.01,26.1274,14.4229,10.3976,358.6797,355.2820,359.5200,0.0794,-2.9723,-0.4855,-0.0822,0.0230,0.9963
28.1930,123.01,26.1290,14.3645,10.3878,358.6408,355.2833,359.5260,0.0813,-2.9203,-0.4885,-0.0822,0.0237,0.9963
28.2130,123.01,26.1307,14.3075,10.3779,358.6025,355.2845,359.5320,0.0834,-2.8502,-0.4920,-0.0822,0.0244,0.9963
28.2330,123.01,26.1324,14.2515,10.3680,358.5653,355.2854,359.5379,0.0854,-2.7984,-0.4954,-0.0822,0.0250,0.9963
28.2530,125.96,26.1342,14.1969,10.3581,358.5288,355.2863,359.5439,0.0874,-2.7308,-0.4992,-0.0821,0.0257,0.9963
28.2730,125.96,26.1360,14.1433,10.3480,358.4935,355.2870,359.5498,0.0893,-2.6794,-0.5029,-0.0821,0.0263,0.9963
28.2930,125.96,26.1378,14.0910,10.3379,358.4589,355.2875,359.5558,0.0912,-2.6142,-0.5069,-0.0821,0.0269,0.9963
28.3130,125.96,26.1396,14.0398,10.3276,358.4256,355.2880,359.5617,0.0931,-2.5633,-0.5108,-0.0821,0.0275,0.9962
28.3330,125.96,26.1415,13.9897,10.3173,358.3931,355.2882,359.5676,0.0950,-2.5004,-0.5151,-0.0821,0.0280,0.9962
28.3530,125.96,26.1435,13.9407,10.3070,358.3619,355.2884,359.5735,0.0968,-2.4500,-0.5193,-0.0821,0.0286,0.9962
28.3730,125.96,26.1455,13.8930,10.2965,358.3316,355.2885,359.5795,0.0987,-2.3892,-0.5238,-0.0821,0.0291,0.9962
28.3930,125.96,26.1477,13.8422,10.2858,358.3621,355.2919,359.6464,0.1124,-2.5377,-0.5340,-0.0820,0.0286,0.9962
28.4130,125.96,26.1500,13.7919,10.2751,358.3933,355.2951,359.7124,0.1133,-2.5175,-0.5372,-0.0820,0.0280,0.9962
28.4330,125.96,26.1522,13.7389,10.2643,358.4429,355.2966,359.7790,0.1136,-2.6498,-0.5399,-0.0820,0.0272,0.9963
28.4530,125.96,26.1545,13.6860,10.2534,358.4913,355.2978,359.8425,0.1135,-2.6430,-0.5422,-0.0819,0.0263,0.9963
28.4730,125.96,26.1568,13.6308,10.2425,358.5507,355.2978,359.9043,0.1131,-2.7620,-0.5435,-0.0820,0.0253,0.9963
28.4930,125.96,26.1590,13.5755,10.2316,358.6085,355.2975,359.9630,0.1126,-2.7643,-0.5452,-0.0820,0.0243,0.9963
28.5130,125.96,26.1613,13.5180,10.2207,358.6735,355.2964,0.0194,0.1119,-2.8725,-0.5459,-0.0820,0.0231,0.9964
28.5330,125.96,26.1635,13.4604,10.2098,358.7368,355.2952,0.0728,0.1110,-2.8818,-0.5469,-0.0820,0.0220,0.9964
28.5530,125.96,26.1657,13.4008,10.1988,358.8050,355.2933,0.1235,0.1101,-2.9809,-0.5472,-0.0820,0.0209,0.9964
28.5730,125.96,26.1679,13.3409,10.1879,358.8712,355.2914,0.1715,0.1090,-2.9955,-0.5478,-0.0821,0.0197,0.9964
28.5930,125.96,26.1700,13.2791,10.1769,358.9407,355.2889,0.2167,0.1079,-3.0868,-0.5477,-0.0821,0.0185,0.9965
28.6130,125.96,26.1722,13.2170,10.1660,359.0082,355.2865,0.2591,0.1065,-3.1056,-0.5477,-0.0822,0.0173,0.9965
28.6330,125.96,26.1743,13.1532,10.1550,359.0778,355.2837,0.2988,0.1052,-3.1903,-0.5474,-0.0822,0.0161,0.9965
28.6530,125.96,26.1763,13.0890,10.1441,359.1452,355.2809,0.3359,0.1036,-3.2124,-0.5470,-0.0823,0.0149,0.9965
28.6730,125.96,26.1784,13.0231,10.1332,359.2138,355.2780,0.3703,0.1022,-3.2912,-0.5463,-0.0823,0.0137,0.9965
28.6930,125.96,26.1804,12.9568,10.1223,359.2801,355.2750,0.4022,0.1005,-3.3158,-0.5455,-0.0824,0.0126,0.9965
28.7130,125.96,26.1824,12.8890,10.1114,359.3469,355.2719,0.4314,0.0989,-3.3895,-0.5445,-0.0824,0.0114,0.9965
28.7330,125.96,26.1843,12.8207,10.1005,359.4114,355.2689,0.4583,0.0970,-3.4161,-0.5433,-0.0825,0.0103,0.9965
28.7530,125.96,26.1862,12.7510,10.0897,359.4757,355.2657,0.4827,0.0954,-3.4852,-0.5421,-0.0825,0.0092,0.9965
28.7730,125.96,26.1881,12.6807,10.0788,359.5376,355.2627,0.5048,0.0934,-3.5133,-0.5406,-0.0826,0.0081,0.9966
28.7930,125.96,26.1899,12.6092,10.0681,359.5989,355.2597,0.5246,0.0917,-3.5783,-0.5390,-0.0826,0.0070,0.9966
28.8130,125.96,26.1917,12.5370,10.0573,359.6578,355.2567,0.5422,0.0896,-3.6076,-0.5372,-0.0827,0.0060,0.9966
28.8330,125.96,26.1935,12.4636,10.0466,359.7157,355.2538,0.5576,0.0878,-3.6689,-0.5354,-0.0827,0.0050,0.9966
28.8530,125.96,26.1952,12.3897,10.0359,359.7711,355.2510,0.5710,0.0857,-3.6990,-0.5334,-0.0828,0.0040,0.9966
28.8730,125.96,26.1969,12.3145,10.0253,359.8252,355.2483,0.5823,0.0839,-3.7571,-0.5313,-0.0828,0.0031,0.9966
28.8930,125.96,26.1985,12.2388,10.0147,359.8768,355.2456,0.5917,0.0817,-3.7877,-0.5290,-0.0829,0.0021,0.9966
28.9130,125.96,26.2001,12.1619,10.0042,359.9269,355.2431,0.5992,0.0798,-3.8427,-0.5267,-0.0829,0.0013,0.9966
28.9330,125.96,26.2016,12.0844,9.9937,359.9745,355.2407,0.6050,0.0777,-3.8737,-0.5241,-0.0830,0.0004,0.9966
28.9530,125.96,26.2032,12.0059,9.9833,0.0205,355.2384,0.6089,0.0758,-3.9260,-0.5217,-0.0830,-0.0004,0.9965
28.9730,125.96,26.2046,11.9268,9.9729,0.0639,355.2363,0.6113,0.0737,-3.9571,-0.5189,-0.0830,-0.0011,0.9965
28.9930,125.96,26.2061,11.8466,9.9626,0.1055,355.2342,0.6121,0.0717,-4.0069,-0.5162,-0.0831,-0.0018,0.9965
29.0130,125.96,26.2075,11.7659,9.9523,0.1446,355.2323,0.6114,0.0696,-4.0380,-0.5133,-0.0831,-0.0025,0.9965
29.0330,125.96,26.2088,11.6842,9.9421,0.1818,355.2306,0.6092,0.0677,-4.0855,-0.5105,-0.0831,-0.0032,0.9965
29.0530,125.96,26.2101,11.6018,9.9320,0.2165,355.2290,0.6057,0.0657,-4.1165,-0.5074,-0.0832,-0.0038,0.9965
29.0730,125.96,26.2114,11.5186,9.9219,0.2493,355.2275,0.6009,0.0638,-4.1618,-0.5044,-0.0832,-0.0044,0.9965
29.0930,125.96,26.2126,11.4348,9.9118,0.2797,355.2262,0.5949,0.0618,-4.1926,-0.5012,-0.0832,-0.0049,0.9965
29.1130,125.96,26.2138,11.3500,9.9019,0.3081,355.2251,0.5877,0.0600,-4.2359,-0.4981,-0.0832,-0.0054,0.9965
29.1330,125.96,26.2150,11.2647,9.8920,0.3341,355.2241,0.5795,0.0580,-4.2664,-0.4948,-0.0833,-0.0058,0.9965
29.1530,125.96,26.2161,11.1786,9.8822,0.3582,355.2232,0.5702,0.0562,-4.3079,-0.4915,-0.0833,-0.0063,0.9965
29.1730,125.96,26.2172,11.0918,9.8724,0.3800,355.2225,0.5599,0.0544,-4.3380,-0.4882,-0.0833,-0.0066,0.9965
29.1930,125.96,26.2183,11.0042,9.8627,0.3998,355.2220,0.5488,0.0526,-4.3778,-0.4849,-0.0833,-0.0070,0.9965
29.2130,125.96,26.2193,10.9161,9.8531,0.4174,355.2216,0.5369,0.0509,-4.4075,-0.4814,-0.0833,-0.0073,0.9965
29.2330,125.96,26.2203,10.8272,9.8435,0.4331,355.2213,0.5242,0.0492,-4.4456,-0.4780,-0.0833,-0.0076,0.9965
29.2530,124.59,26.2212,10.7417,9.8341,0.4421,355.2215,0.5111,0.0455,-4.2717,-0.4722,-0.0833,-0.0077,0.9965
29.2730,124.59,26.2220,10.6558,9.8247,0.4491,355.2218,0.4973,0.0439,-4.2987,-0.4688,-0.0833,-0.0078,0.9965
29.2930,124.59,26.2229,10.5730,9.8154,0.4501,355.2225,0.4833,0.0405,-4.1383,-0.4631,-0.0833,-0.0079,0.9965
29.3130,124.59,26.2236,10.4899,9.8062,0.4493,355.2234,0.4687,0.0389,-4.1557,-0.4596,-0.0833,-0.0078,0.9965
29.3330,124.59,26.2243,10.4097,9.7972,0.4430,355.2245,0.4539,0.0358,-4.0073,-0.4542,-0.0832,-0.0077,0.9965
29.3530,124.59,26.2250,10.3294,9.7881,0.4350,355.2259,0.4387,0.0342,-4.0164,-0.4507,-0.0832,-0.0076,0.9965
29.3730,124.59,26.2257,10.2518,9.7792,0.4222,355.2275,0.4234,0.0314,-3.8788,-0.4456,-0.0832,-0.0074,0.9965
29.3930,124.59,26.2263,10.1742,9.7704,0.4078,355.2292,0.4077,0.0299,-3.8806,-0.4423,-0.0832,-0.0071,0.9965
29.4130,124.59,26.2268,10.0992,9.7616,0.3890,355.2312,0.3918,0.0274,-3.7527,-0.4375,-0.0831,-0.0068,0.9965
29.4330,124.59,26.2273,10.0242,9.7529,0.3688,355.2333,0.3758,0.0260,-3.7482,-0.4342,-0.0831,-0.0064,0.9965
29.4530,124.59,26.2278,9.9516,9.7443,0.3448,355.2356,0.3596,0.0238,-3.6290,-0.4298,-0.0831,-0.0060,0.9965
29.4730,124.59,26.2283,9.8792,9.7358,0.3196,355.2380,0.3433,0.0224,-3.6191,-0.4267,-0.0830,-0.0056,0.9965
29.4930,124.59,26.2287,9.8049,9.7273,0.2968,355.2401,0.3261,0.0218,-3.7168,-0.4251,-0.0830,-0.0052,0.9965
29.5130,124.59,26.2291,9.7307,9.7189,0.2729,355.2423,0.3089,0.0206,-3.7122,-0.4222,-0.0829,-0.0048,0.9965
29.5330,124.59,26.2295,9.6546,9.7105,0.2511,355.2443,0.2911,0.0200,-3.8023,-0.4204,-0.0829,-0.0044,0.9965
29.5530,124.59,26.2299,9.5786,9.7021,0.2283,355.2464,0.2734,0.0190,-3.8023,-0.4177,-0.0829,-0.0040,0.9966
29.5730,124.59,26.2303,9.5009,9.6938,0.2073,355.2483,0.2553,0.0185,-3.8855,-0.4160,-0.0828,-0.0036,0.9966
29.5930,124.59,26.2306,9.4231,9.6855,0.1854,355.2503,0.2373,0.0177,-3.8894,-0.4134,-0.0828,-0.0032,0.9966
29.6130,124.59,26.2310,9.3437,9.6773,0.1651,355.2521,0.2192,0.0172,-3.9665,-0.4117,-0.0828,-0.0029,0.9966
29.6330,124.59,26.2313,9.2643,9.6691,0.1441,355.2540,0.2012,0.0165,-3.9737,-0.4093,-0.0827,-0.0025,0.9966
29.6530,124.59,26.2316,9.1834,9.6609,0.1244,355.2558,0.1832,0.0161,-4.0453,-0.4076,-0.0827,-0.0022,0.9966
29.6730,124.59,26.2319,9.1023,9.6528,0.1041,355.2576,0.1654,0.0156,-4.0553,-0.4053,-0.0827,-0.0018,0.9966
29.6930,124.59,26.2322,9.0198,9.6448,0.0850,355.2593,0.1477,0.0152,-4.1219,-0.4036,-0.0826,-0.0015,0.9966
29.7130,124.59,26.2325,8.9371,9.6367,0.0654,355.2611,0.1302,0.0148,-4.1342,-0.4015,-0.0826,-0.0011,0.9966
29.7330,124.59,26.2328,8.8532,9.6287,0.0468,355.2628,0.1130,0.0146,-4.1964,-0.3999,-0.0826,-0.0008,0.9966
29.7530,124.59,26.2331,8.7690,9.6208,0.0278,355.2645,0.0960,0.0143,-4.2106,-0.3979,-0.0826,-0.0005,0.9966
29.7730,124.59,26.2334,8.6877,9.6129,0.0045,355.2665,0.0792,0.0136,-4.0663,-0.3951,-0.0825,-0.0001,0.9966
29.7930,124.59,26.2336,8.6062,9.6050,359.9807,355.2686,0.0627,0.0134,-4.0725,-0.3932,-0.0825,0.0003,0.9966
29.8130,124.59,26.2339,8.5275,9.5972,359.9531,355.2708,0.0464,0.0130,-3.9385,-0.3908,-0.0824,0.0008,0.9966
29.8330,124.59,26.2342,8.4487,9.5894,359.9251,355.2731,0.0304,0.0129,-3.9379,-0.3891,-0.0824,0.0013,0.9966
29.8530,124.59,26.2344,8.3724,9.5817,359.8938,355.2756,0.0146,0.0127,-3.8132,-0.3871,-0.0824,0.0019,0.9966
29.8730,124.59,26.2347,8.2963,9.5740,359.8622,355.2780,-0.0008,0.0127,-3.8065,-0.3856,-0.0823,0.0024,0.9966
29.8930,124.59,26.2349,8.2225,9.5663,359.8276,355.2807,359.9839,0.0127,-3.6903,-0.3839,-0.0823,0.0030,0.9966
29.9130,124.59,26.2352,8.1489,9.5586,359.7928,355.2833,359.9691,0.0128,-3.6784,-0.3827,-0.0822,0.0036,0.9966
29.9330,124.59,26.2354,8.0775,9.5510,359.7556,355.2860,359.9544,0.0130,-3.5698,-0.3815,-0.0822,0.0043,0.9966
29.9530,124.59,26.2357,8.0065,9.5434,359.7182,355.2887,359.9401,0.0132,-3.5535,-0.3806,-0.0821,0.0049,0.9966
29.9730,124.59,26.2360,7.9374,9.5358,359.6787,355.2914,359.9260,0.0135,-3.4516,-0.3797,-0.0821,0.0056,0.9966
29.9930,124.59,26.2362,7.8688,9.5282,359.6392,355.2941,359.9123,0.0139,-3.4315,-0.3791,-0.0820,0.0063,0.9966
30.0130,124.59,26.2365,7.8021,9.5206,359.5979,355.2969,359.8989,0.0144,-3.3359,-0.3787,-0.0820,0.0070,0.9966
30.0330,124.59,26.2368,7.7358,9.5131,359.5567,355.2996,359.8858,0.0148,-3.3125,-0.3784,-0.0819,0.0077,0.9966
30.0530,124.59,26.2371,7.6714,9.5055,359.5140,355.3024,359.8730,0.0155,-3.2225,-0.3783,-0.0819,0.0085,0.9966
30.0730,124.59,26.2375,7.6075,9.4979,359.4715,355.3050,359.8605,0.0160,-3.1963,-0.3784,-0.0818,0.0092,0.9966
30.0930,124.59,26.2378,7.5452,9.4904,359.4278,355.3077,359.8483,0.0168,-3.1114,-0.3787,-0.0818,0.0100,0.9966
30.1130,124.59,26.2381,7.4836,9.4828,359.3845,355.3102,359.8364,0.0175,-3.0830,-0.3791,-0.0818,0.0107,0.9966
30.1330,124.59,26.2385,7.4235,9.4752,359.3402,355.3128,359.8248,0.0184,-3.0027,-0.3799,-0.0817,0.0115,0.9966
30.1530,124.59,26.2389,7.3641,9.4676,359.2964,355.3153,359.8136,0.0192,-2.9723,-0.3806,-0.0817,0.0123,0.9966
30.1730,124.59,26.2393,7.3061,9.4599,359.2517,355.3177,359.8027,0.0202,-2.8962,-0.3817,-0.0816,0.0131,0.9966
30.1930,124.59,26.2397,7.2489,9.4523,359.2077,355.3200,359.7921,0.0211,-2.8642,-0.3827,-0.0816,0.0138,0.9966
30.2130,124.59,26.2402,7.1930,9.4446,359.1632,355.3223,359.7818,0.0222,-2.7920,-0.3843,-0.0815,0.0146,0.9966
30.2330,124.59,26.2406,7.1378,9.4369,359.1193,355.3245,359.7719,0.0232,-2.7587,-0.3857,-0.0815,0.0154,0.9966
30.2530,127.90,26.2411,7.0840,9.4291,359.0751,355.3266,359.7622,0.0244,-2.6901,-0.3875,-0.0815,0.0161,0.9965
30.2730,127.90,26.2416,7.0309,9.4213,359.0316,355.3286,359.7529,0.0255,-2.6557,-0.3893,-0.0814,0.0169,0.9965
30.2930,127.90,26.2422,6.9791,9.4135,358.9880,355.3304,359.7439,0.0268,-2.5903,-0.3915,-0.0814,0.0177,0.9965
30.3130,127.90,26.2427,6.9280,9.4056,358.9453,355.3322,359.7352,0.0280,-2.5551,-0.3935,-0.0814,0.0184,0.9965
30.3330,127.90,26.2433,6.8782,9.3977,358.9025,355.3339,359.7268,0.0293,-2.4927,-0.3961,-0.0813,0.0192,0.9965
30.3530,127.90,26.2439,6.8290,9.3898,358.8607,355.3354,359.7188,0.0306,-2.4569,-0.3985,-0.0813,0.0199,0.9965
30.3730,127.90,26.2446,6.7811,9.3817,358.8190,355.3369,359.7110,0.0321,-2.3973,-0.4013,-0.0813,0.0206,0.9965
30.3930,127.90,26.2452,6.7339,9.3737,358.7783,355.3383,359.7036,0.0334,-2.3611,-0.4040,-0.0813,0.0213,0.9965
30.4130,127.90,26.2459,6.6878,9.3655,358.7379,355.3395,359.6965,0.0349,-2.3039,-0.4072,-0.0812,0.0220,0.9965
30.4330,127.90,26.2466,6.6424,9.3573,358.6986,355.3406,359.6897,0.0363,-2.2674,-0.4102,-0.0812,0.0227,0.9964
30.4530,127.90,26.2474,6.5982,9.3490,358.6597,355.3416,359.6832,0.0379,-2.2126,-0.4136,-0.0812,0.0234,0.9964
30.4730,127.90,26.2482,6.5547,9.3407,358.6219,355.3425,359.6770,0.0394,-2.1760,-0.4169,-0.0812,0.0241,0.9964
30.4930,127.90,26.2490,6.5122,9.3323,358.5846,355.3433,359.6711,0.0410,-2.1234,-0.4205,-0.0812,0.0247,0.9964
30.5130,127.90,26.2499,6.4705,9.3238,358.5485,355.3439,359.6655,0.0425,-2.0868,-0.4241,-0.0811,0.0253,0.9964
30.5330,127.90,26.2507,6.4297,9.3152,358.5130,355.3444,359.6602,0.0441,-2.0362,-0.4280,-0.0811,0.0260,0.9964
30.5530,127.90,26.2517,6.3897,9.3066,358.4787,355.3448,359.6553,0.0457,-1.9997,-0.4318,-0.0811,0.0265,0.9963
30.5730,127.90,26.2526,6.3507,9.2979,358.4451,355.3451,359.6506,0.0474,-1.9510,-0.4360,-0.0811,0.0271,0.9963
30.5930,127.90,26.2536,6.3124,9.2891,358.4128,355.3452,359.6462,0.0491,-1.9146,-0.4400,-0.0811,0.0277,0.9963
30.6130,127.90,26.2546,6.2751,9.2802,358.3813,355.3453,359.6421,0.0508,-1.8677,-0.4444,-0.0811,0.0282,0.9963
30.6330,127.90,26.2557,6.2384,9.2712,358.3510,355.3452,359.6383,0.0524,-1.8316,-0.4486,-0.0811,0.0288,0.9963
30.6530,127.90,26.2567,6.2027,9.2622,358.3215,355.3451,359.6348,0.0542,-1.7863,-0.4531,-0.0811,0.0293,0.9963
30.6730,127.90,26.2579,6.1677,9.2530,358.2934,355.3448,359.6315,0.0559,-1.7505,-0.4576,-0.0811,0.0298,0.9963
30.6930,127.90,26.2590,6.1336,9.2438,358.2662,355.3444,359.6285,0.0577,-1.7068,-0.4623,-0.0811,0.0303,0.9962
30.7130,127.90,26.2602,6.1001,9.2344,358.2403,355.3438,359.6259,0.0594,-1.6714,-0.4669,-0.0811,0.0307,0.9962
30.7330,127.90,26.2614,6.0676,9.2250,358.2153,355.3432,359.6234,0.0612,-1.6291,-0.4717,-0.0811,0.0311,0.9962
30.7530,127.90,26.2627,6.0357,9.2155,358.1917,355.3425,359.6212,0.0629,-1.5942,-0.4765,-0.0812,0.0316,0.9962
30.7730,127.90,26.2640,6.0046,9.2058,358.1691,355.3417,359.6194,0.0647,-1.5533,-0.4814,-0.0812,0.0320,0.9962
30.7930,127.90,26.2653,5.9742,9.1961,358.1478,355.3408,359.6177,0.0664,-1.5188,-0.4863,-0.0812,0.0323,0.9962
30.8130,127.90,26.2667,5.9446,9.1863,358.1275,355.3398,359.6163,0.0682,-1.4792,-0.4914,-0.0812,0.0327,0.9962
30.8330,127.90,26.2681,5.9157,9.1764,358.1086,355.3387,359.6152,0.0700,-1.4453,-0.4964,-0.0812,0.0330,0.9961
30.8530,127.90,26.2695,5.8876,9.1663,358.0908,355.3375,359.6143,0.0718,-1.4069,-0.5016,-0.0812,0.0333,0.9961
30.8730,127.90,26.2710,5.8601,9.1562,358.0742,355.3362,359.6136,0.0735,-1.3735,-0.5067,-0.0813,0.0336,0.9961
30.8930,127.90,26.2725,5.8334,9.1460,358.0588,355.3349,359.6132,0.0753,-1.3363,-0.5119,-0.0813,0.0339,0.9961
30.9130,127.90,26.2740,5.8073,9.1356,358.0447,355.3335,359.6130,0.0771,-1.3035,-0.5171,-0.0813,0.0341,0.9961
30.9330,127.90,26.2756,5.7820,9.1252,358.0317,355.3319,359.6131,0.0788,-1.2674,-0.5223,-0.0813,0.0343,0.9961
30.9530,127.90,26.2772,5.7573,9.1146,358.0200,355.3304,359.6134,0.0806,-1.2351,-0.5276,-0.0814,0.0346,0.9961
30.9730,127.90,26.2789,5.7333,9.1040,358.0094,355.3287,359.6139,0.0823,-1.2001,-0.5329,-0.0814,0.0347,0.9961
30.9930,127.90,26.2805,5.7099,9.0932,358.0001,355.3270,359.6146,0.0841,-1.1685,-0.5381,-0.0814,0.0349,0.9961
31.0130,127.90,26.2825,5.6835,9.0822,358.0502,355.3297,359.6767,0.0979,-1.3208,-0.5483,-0.0814,0.0340,0.9961
31.0330,127.90,26.2845,5.6569,9.0712,358.1017,355.3320,359.7387,0.0989,-1.3311,-0.5519,-0.0813,0.0331,0.9961
31.0530,127.90,26.2865,5.6275,9.0601,358.1722,355.3327,359.8009,0.0992,-1.4680,-0.5550,-0.0813,0.0319,0.9962
31.0730,127.90,26.2884,5.5977,9.0489,358.2421,355.3330,359.8603,0.0991,-1.4902,-0.5575,-0.0813,0.0307,0.9962
31.0930,127.90,26.2904,5.5654,9.0378,358.3232,355.3321,359.9178,0.0988,-1.6146,-0.5592,-0.0813,0.0293,0.9963
31.1130,127.90,26.2924,5.5325,9.0265,358.4030,355.3308,359.9725,0.0983,-1.6444,-0.5610,-0.0814,0.0279,0.9963
31.1330,127.90,26.2943,5.4974,9.0153,358.4902,355.3288,0.0249,0.0977,-1.7586,-0.5619,-0.0814,0.0263,0.9963
31.1530,127.90,26.2963,5.4615,9.0040,358.5758,355.3266,0.0744,0.0969,-1.7938,-0.5630,-0.0815,0.0249,0.9964
31.1730,127.90,26.2982,5.4235,8.9928,358.6662,355.3238,0.1214,0.0961,-1.8997,-0.5635,-0.0815,0.0233,0.9964
31.1930,127.90,26.3001,5.3847,8.9815,358.7548,355.3209,0.1657,0.0951,-1.9387,-0.5640,-0.0816,0.0217,0.9964
31.2130,127.90,26.3020,5.3440,8.9702,358.8463,355.3176,0.2074,0.0942,-2.0375,-0.5640,-0.0816,0.0201,0.9965
31.2330,127.90,26.3038,5.3024,8.9589,358.9359,355.3142,0.2465,0.0929,-2.0793,-0.5640,-0.0817,0.0186,0.9965
31.2530,127.41,26.3057,5.2590,8.9477,359.0271,355.3106,0.2829,0.0918,-2.1720,-0.5636,-0.0817,0.0170,0.9965
31.2730,127.41,26.3075,5.2146,8.9364,359.1160,355.3070,0.3169,0.0904,-2.2157,-0.5630,-0.0818,0.0154,0.9965
31.2930,127.41,26.3092,5.1725,8.9251,359.1973,355.3037,0.3484,0.0882,-2.1064,-0.5636,-0.0819,0.0140,0.9965
31.3130,127.41,26.3110,5.1297,8.9139,359.2760,355.3005,0.3777,0.0866,-2.1412,-0.5627,-0.0819,0.0126,0.9966
31.3330,127.41,26.3127,5.0889,8.9026,359.3477,355.2977,0.4047,0.0842,-2.0417,-0.5626,-0.0820,0.0114,0.9966
31.3530,127.41,26.3143,5.0475,8.8914,359.4167,355.2949,0.4296,0.0825,-2.0689,-0.5615,-0.0820,0.0102,0.9966
31.3730,127.41,26.3159,5.0079,8.8802,359.4792,355.2924,0.4524,0.0798,-1.9780,-0.5607,-0.0821,0.0091,0.9966
31.3930,127.41,26.3175,4.9679,8.8690,359.5390,355.2900,0.4732,0.0779,-1.9985,-0.5593,-0.0821,0.0080,0.9966
31.4130,127.41,26.3190,4.9296,8.8578,359.5929,355.2878,0.4921,0.0752,-1.9153,-0.5580,-0.0821,0.0071,0.9966
31.4330,127.41,26.3204,4.8910,8.8467,359.6440,355.2858,0.5091,0.0732,-1.9301,-0.5565,-0.0822,0.0062,0.9966
31.4530,127.41,26.3218,4.8540,8.8356,359.6898,355.2840,0.5243,0.0703,-1.8536,-0.5548,-0.0822,0.0054,0.9966
31.4730,127.41,26.3232,4.8167,8.8245,359.7328,355.2822,0.5378,0.0682,-1.8635,-0.5530,-0.0822,0.0047,0.9966
31.4930,127.41,26.3245,4.7808,8.8135,359.7710,355.2807,0.5496,0.0653,-1.7930,-0.5511,-0.0823,0.0040,0.9966
31.5130,127.41,26.3258,4.7449,8.8025,359.8066,355.2793,0.5598,0.0631,-1.7986,-0.5492,-0.0823,0.0034,0.9966
31.5330,127.41,26.3270,4.7102,8.7916,359.8377,355.2781,0.5685,0.0602,-1.7335,-0.5470,-0.0823,0.0028,0.9966
31.5530,127.41,26.3281,4.6755,8.7807,359.8665,355.2770,0.5756,0.0579,-1.7354,-0.5449,-0.0823,0.0023,0.9966
31.5730,127.41,26.3292,4.6420,8.7698,359.8910,355.2761,0.5814,0.0550,-1.6750,-0.5426,-0.0824,0.0019,0.9966
31.5930,127.41,26.3303,4.6085,8.7590,359.9134,355.2752,0.5857,0.0527,-1.6738,-0.5405,-0.0824,0.0015,0.9966
31.6130,127.41,26.3313,4.5762,8.7483,359.9320,355.2746,0.5888,0.0498,-1.6177,-0.5381,-0.0824,0.0012,0.9966
31.6330,127.41,26.3322,4.5439,8.7376,359.9485,355.2740,0.5906,0.0475,-1.6137,-0.5359,-0.0824,0.0009,0.9966
31.6530,127.41,26.3331,4.5127,8.7269,359.9616,355.2736,0.5913,0.0447,-1.5614,-0.5334,-0.0824,0.0007,0.9966
31.6730,127.41,26.3340,4.4816,8.7163,359.9729,355.2732,0.5907,0.0424,-1.5551,-0.5312,-0.0824,0.0005,0.9966
31.6930,127.41,26.3348,4.4514,8.7057,359.9810,355.2730,0.5891,0.0397,-1.5062,-0.5287,-0.0824,0.0003,0.9966
31.7130,127.41,26.3355,4.4215,8.6952,359.9874,355.2729,0.5864,0.0374,-1.4979,-0.5265,-0.0824,0.0002,0.9966
31.7330,127.41,26.3362,4.3924,8.6847,359.9910,355.2729,0.5827,0.0347,-1.4522,-0.5240,-0.0824,0.0002,0.9966
31.7530,127.41,26.3369,4.3636,8.6742,359.9930,355.2729,0.5781,0.0325,-1.4421,-0.5218,-0.0824,0.0001,0.9966
31.7730,127.41,26.3375,4.3356,8.6639,359.9926,355.2731,0.5725,0.0299,-1.3992,-0.5194,-0.0824,0.0001,0.9966
31.7930,127.41,26.3380,4.3078,8.6535,359.9907,355.2733,0.5661,0.0277,-1.3877,-0.5172,-0.0824,0.0002,0.9966
31.8130,127.41,26.3385,4.2809,8.6432,359.9866,355.2737,0.5589,0.0253,-1.3473,-0.5150,-0.0824,0.0002,0.9966
31.8330,127.41,26.3390,4.2542,8.6330,359.9812,355.2741,0.5508,0.0232,-1.3346,-0.5128,-0.0824,0.0003,0.9966
31.8530,127.41,26.3394,4.2283,8.6227,359.9739,355.2746,0.5420,0.0208,-1.2964,-0.5107,-0.0824,0.0005,0.9966
31.8730,127.41,26.3398,4.2026,8.6126,359.9654,355.2751,0.5326,0.0188,-1.2828,-0.5086,-0.0824,0.0006,0.9966
31.8930,127.41,26.3401,4.1777,8.6024,359.9552,355.2757,0.5224,0.0166,-1.2467,-0.5066,-0.0824,0.0008,0.9966
31.9130,127.41,26.3404,4.1531,8.5923,359.9441,355.2764,0.5117,0.0147,-1.2322,-0.5047,-0.0823,0.0010,0.9966
31.9330,127.41,26.3407,4.1291,8.5823,359.9314,355.2772,0.5004,0.0126,-1.1979,-0.5027,-0.0823,0.0012,0.9966
31.9530,127.41,26.3409,4.1054,8.5723,359.9178,355.2779,0.4885,0.0108,-1.1828,-0.5009,-0.0823,0.0014,0.9966
31.9730,127.41,26.3411,4.0824,8.5623,359.9030,355.2788,0.4761,0.0089,-1.1503,-0.4991,-0.0823,0.0017,0.9966
31.9930,127.41,26.3412,4.0597,8.5523,359.8875,355.2796,0.4632,0.0072,-1.1345,-0.4975,-0.0823,0.0020,0.9966
32.0130,127.41,26.3413,4.0377,8.5424,359.8709,355.2805,0.4498,0.0054,-1.1036,-0.4959,-0.0823,0.0023,0.9966
32.0330,127.41,26.3414,4.0159,8.5325,359.8536,355.2815,0.4361,0.0038,-1.0875,-0.4943,-0.0823,0.0026,0.9966
32.0530,127.41,26.3414,3.9948,8.5227,359.8355,355.2825,0.4219,0.0022,-1.0580,-0.4929,-0.0822,0.0029,0.9966
32.0730,127.41,26.3414,3.9739,8.5128,359.8169,355.2835,0.4074,0.0007,-1.0415,-0.4915,-0.0822,0.0032,0.9966
32.0930,127.41,26.3414,3.9537,8.5030,359.7975,355.2845,0.3926,-0.0008,-1.0134,-0.4902,-0.0822,0.0035,0.9966
32.1130,127.41,26.3414,3.9337,8.4933,359.7777,355.2856,0.3775,-0.0021,-0.9967,-0.4890,-0.0822,0.0039,0.9966
32.1330,127.41,26.3413,3.9143,8.4835,359.7574,355.2867,0.3621,-0.0035,-0.9697,-0.4879,-0.0822,0.0042,0.9966
32.1530,127.41,26.3412,3.8953,8.4738,359.7368,355.2878,0.3465,-0.0047,-0.9529,-0.4868,-0.0822,0.0046,0.9966
32.1730,127.41,26.3411,3.8767,8.4641,359.7157,355.2889,0.3307,-0.0058,-0.9271,-0.4859,-0.0821,0.0050,0.9966
32.1930,127.41,26.3410,3.8585,8.4544,359.6945,355.2899,0.3146,-0.0069,-0.9102,-0.4850,-0.0821,0.0053,0.9966
32.2130,127.41,26.3408,3.8408,8.4447,359.6729,355.2911,0.2985,-0.0079,-0.8854,-0.4842,-0.0821,0.0057,0.9966
32.2330,127.41,26.3403,3.8198,8.4348,359.7055,355.2789,0.1893,-0.0265,-1.0504,-0.4954,-0.0823,0.0051,0.9966
32.2530,127.38,26.3397,3.7987,8.4249,359.7373,355.2673,0.0811,-0.0267,-1.0574,-0.4942,-0.0825,0.0046,0.9966
32.2730,127.38,26.3392,3.7745,8.4150,359.7834,355.2554,359.9751,-0.0259,-1.2100,-0.4953,-0.0827,0.0038,0.9966
32.2930,127.38,26.3387,3.7499,8.4051,359.8267,355.2445,359.8740,-0.0247,-1.2261,-0.4933,-0.0829,0.0030,0.9966
32.3130,127.38,26.3383,3.7226,8.3952,359.8770,355.2340,359.7780,-0.0233,-1.3669,-0.4929,-0.0831,0.0021,0.9965
32.3330,127.38,26.3378,3.6948,8.3854,359.9243,355.2245,359.6869,-0.0216,-1.3896,-0.4905,-0.0833,0.0013,0.9965
32.3530,127.38,26.3374,3.6644,8.3757,359.9754,355.2156,359.6015,-0.0200,-1.5203,-0.4893,-0.0834,0.0004,0.9965
32.3730,127.38,26.3371,3.6335,8.3659,0.0234,355.2077,359.5208,-0.0180,-1.5480,-0.4866,-0.0835,-0.0004,0.9965
32.3930,127.38,26.3367,3.6001,8.3562,0.0733,355.2004,359.4458,-0.0162,-1.6698,-0.4849,-0.0837,-0.0013,0.9965
32.4130,127.38,26.3365,3.5660,8.3466,0.1201,355.1940,359.3753,-0.0139,-1.7016,-0.4819,-0.0838,-0.0021,0.9965
32.4330,127.38,26.3362,3.5297,8.3370,0.1676,355.1883,359.3104,-0.0120,-1.8155,-0.4798,-0.0839,-0.0029,0.9965
32.4530,127.38,26.3360,3.4927,8.3275,0.2120,355.1835,359.2498,-0.0095,-1.8506,-0.4766,-0.0840,-0.0037,0.9965
32.4730,127.38,26.3359,3.4536,8.3180,0.2564,355.1793,359.1946,-0.0075,-1.9573,-0.4743,-0.0840,-0.0045,0.9965
32.4930,127.38,26.3358,3.4137,8.3086,0.2976,355.1760,359.1435,-0.0048,-1.9949,-0.4708,-0.0841,-0.0052,0.9964
32.5130,127.38,26.3357,3.3718,8.2992,0.3383,355.1732,359.0975,-0.0027,-2.0952,-0.4682,-0.0841,-0.0059,0.9964
32.5330,127.38,26.3357,3.3291,8.2899,0.3759,355.1712,359.0553,0.0001,-2.1349,-0.4646,-0.0842,-0.0066,0.9964
32.5530,127.38,26.3358,3.2845,8.2807,0.4125,355.1699,359.0179,0.0023,-2.2294,-0.4618,-0.0842,-0.0072,0.9964
32.5730,127.38,26.3359,3.2430,8.2716,0.4415,355.1694,358.9827,0.0080,-2.0730,-0.4554,-0.0842,-0.0077,0.9964
32.5930,127.38,26.3362,3.1999,8.2625,0.4691,355.1696,358.9516,0.0104,-2.1530,-0.4524,-0.0842,-0.0082,0.9964
32.6130,127.38,26.3365,3.1597,8.2536,0.4898,355.1705,358.9225,0.0161,-2.0116,-0.4460,-0.0842,-0.0085,0.9964
32.6330,127.38,26.3369,3.1181,8.2447,0.5089,355.1719,358.8971,0.0187,-2.0790,-0.4427,-0.0842,-0.0089,0.9964
32.6530,127.38,26.3373,3.0791,8.2360,0.5218,355.1741,358.8734,0.0244,-1.9509,-0.4364,-0.0841,-0.0091,0.9964
32.6730,127.38,26.3379,3.0390,8.2273,0.5330,355.1766,358.8531,0.0272,-2.0072,-0.4329,-0.0841,-0.0093,0.9964
32.6930,127.38,26.3385,3.0012,8.2188,0.5386,355.1797,358.8344,0.0328,-1.8909,-0.4268,-0.0840,-0.0094,0.9964
32.7130,127.38,26.3393,2.9624,8.2103,0.5425,355.1832,358.8187,0.0358,-1.9375,-0.4232,-0.0840,-0.0095,0.9964
32.7330,127.38,26.3401,2.9258,8.2020,0.5414,355.1871,358.8044,0.0413,-1.8317,-0.4173,-0.0839,-0.0094,0.9964
32.7530,127.38,26.3410,2.8884,8.1937,0.5386,355.1913,358.7929,0.0444,-1.8698,-0.4137,-0.0838,-0.0094,0.9964
32.7730,127.38,26.3420,2.8529,8.1856,0.5313,355.1960,358.7827,0.0499,-1.7734,-0.4081,-0.0837,-0.0093,0.9964
32.7930,127.38,26.3430,2.8168,8.1775,0.5225,355.2007,358.7750,0.0531,-1.8039,-0.4045,-0.0837,-0.0091,0.9965
32.8130,127.38,26.3442,2.7825,8.1695,0.5097,355.2058,358.7685,0.0585,-1.7159,-0.3991,-0.0836,-0.0089,0.9965
32.8330,127.38,26.3454,2.7477,8.1616,0.4954,355.2110,358.7643,0.0618,-1.7399,-0.3956,-0.0835,-0.0086,0.9965
32.8530,127.38,26.3468,2.7145,8.1538,0.4775,355.2165,358.7611,0.0670,-1.6592,-0.3905,-0.0834,-0.0083,0.9965
32.8730,127.38,26.3482,2.6810,8.1460,0.4585,355.2220,358.7600,0.0704,-1.6775,-0.3871,-0.0833,-0.0080,0.9965
32.8930,127.38,26.3497,2.6489,8.1384,0.4361,355.2277,358.7599,0.0754,-1.6035,-0.3824,-0.0832,-0.0076,0.9965
32.9130,127.38,26.3513,2.6166,8.1308,0.4127,355.2334,358.7617,0.0789,-1.6168,-0.3791,-0.0831,-0.0072,0.9965
32.9330,127.38,26.3529,2.5856,8.1233,0.3864,355.2391,358.7644,0.0838,-1.5488,-0.3748,-0.0830,-0.0067,0.9965
32.9530,127.38,26.3547,2.5544,8.1159,0.3592,355.2449,358.7687,0.0873,-1.5577,-0.3717,-0.0829,-0.0063,0.9965
32.9730,127.38,26.3565,2.5245,8.1085,0.3294,355.2507,358.7740,0.0920,-1.4949,-0.3677,-0.0828,-0.0057,0.9966
32.9930,127.38,26.3584,2.4945,8.1012,0.2989,355.2564,358.7807,0.0955,-1.5001,-0.3648,-0.0827,-0.0052,0.9966
33.0130,127.38,26.3604,2.4657,8.0940,0.2662,355.2621,358.7882,0.1001,-1.4421,-0.3612,-0.0826,-0.0046,0.9966
33.0330,127.38,26.3625,2.4368,8.0868,0.2329,355.2677,358.7971,0.1035,-1.4440,-0.3585,-0.0825,-0.0041,0.9966
33.0530,127.38,26.3647,2.4090,8.0797,0.1977,355.2732,358.8067,0.1080,-1.3902,-0.3554,-0.0824,-0.0035,0.9966
33.0730,127.38,26.3669,2.3812,8.0727,0.1620,355.2786,358.8175,0.1114,-1.3893,-0.3529,-0.0823,-0.0028,0.9966
33.0930,127.38,26.3692,2.3544,8.0657,0.1247,355.2839,358.8289,0.1157,-1.3393,-0.3502,-0.0822,-0.0022,0.9966
33.1130,127.38,26.3716,2.3277,8.0587,0.0870,355.2890,358.8415,0.1190,-1.3359,-0.3480,-0.0821,-0.0015,0.9966
33.1330,127.38,26.3741,2.3019,8.0518,0.0480,355.2940,358.8547,0.1231,-1.2894,-0.3456,-0.0820,-0.0008,0.9966
33.1530,127.38,26.3766,2.2763,8.0449,0.0088,355.2989,358.8689,0.1264,-1.2839,-0.3437,-0.0820,-0.0002,0.9966
33.1730,127.38,26.3792,2.2515,8.0381,359.9684,355.3035,358.8835,0.1304,-1.2404,-0.3418,-0.0819,0.0006,0.9966
33.1930,127.38,26.3819,2.2268,8.0313,359.9280,355.3080,358.8991,0.1336,-1.2332,-0.3402,-0.0818,0.0013,0.9966
33.2130,127.38,26.3846,2.2029,8.0245,359.8867,355.3123,358.9152,0.1373,-1.1924,-0.3386,-0.0817,0.0020,0.9967
33.2330,127.38,26.3874,2.1793,8.0177,359.8454,355.3164,358.9320,0.1405,-1.1837,-0.3373,-0.0817,0.0027,0.9967
33.2530,127.38,26.3903,2.1564,8.0110,359.8034,355.3203,358.9493,0.1441,-1.1454,-0.3361,-0.0816,0.0034,0.9967
33.2730,128.24,26.3932,2.1337,8.0043,359.7616,355.3239,358.9673,0.1471,-1.1354,-0.3352,-0.0815,0.0042,0.9967
33.2930,128.24,26.3963,2.1117,7.9976,359.7193,355.3274,358.9856,0.1505,-1.0994,-0.3343,-0.0815,0.0049,0.9967
33.3130,128.24,26.3993,2.0899,7.9910,359.6773,355.3306,359.0045,0.1534,-1.0883,-0.3337,-0.0814,0.0056,0.9967
33.3330,128.24,26.4025,2.0688,7.9843,359.6349,355.3337,359.0238,0.1566,-1.0544,-0.3332,-0.0814,0.0064,0.9967
33.3530,128.24,26.4056,2.0480,7.9776,359.5929,355.3365,359.0436,0.1594,-1.0423,-0.3329,-0.0813,0.0071,0.9967
33.3730,128.24,26.4089,2.0278,7.9710,359.5508,355.3391,359.0638,0.1625,-1.0102,-0.3327,-0.0813,0.0078,0.9967
33.3930,128.24,26.4122,2.0078,7.9643,359.5091,355.3414,359.0843,0.1652,-0.9974,-0.3328,-0.0812,0.0086,0.9967
33.4130,128.24,26.4156,1.9885,7.9577,359.4673,355.3435,359.1051,0.1680,-0.9671,-0.3330,-0.0812,0.0093,0.9967
33.4330,128.24,26.4190,1.9694,7.9510,359.4262,355.3454,359.1263,0.1706,-0.9537,-0.3333,-0.0811,0.0100,0.9967
33.4530,128.24,26.4224,1.9509,7.9443,359.3851,355.3471,359.1477,0.1733,-0.9248,-0.3338,-0.0811,0.0107,0.9966
33.4730,128.24,26.4259,1.9327,7.9376,359.3447,355.3486,359.1694,0.1757,-0.9110,-0.3345,-0.0811,0.0114,0.9966
33.4930,128.24,26.4297,1.9112,7.9307,359.3668,355.3494,359.2453,0.1877,-1.0736,-0.3456,-0.0811,0.0111,0.9966
33.5130,128.24,26.4335,1.8896,7.9238,359.3892,355.3500,359.3209,0.1893,-1.0825,-0.3459,-0.0811,0.0107,0.9967
33.5330,128.24,26.4373,1.8649,7.9169,359.4246,355.3500,359.4036,0.1906,-1.2321,-0.3475,-0.0811,0.0100,0.9967
33.5530,128.24,26.4411,1.8399,7.9099,359.4579,355.3499,359.4838,0.1910,-1.2503,-0.3472,-0.0811,0.0095,0.9967
33.5730,128.24,26.4449,1.8121,7.9030,359.4980,355.3494,359.5659,0.1912,-1.3882,-0.3475,-0.0811,0.0088,0.9967
33.5930,128.24,26.4488,1.7839,7.8960,359.5358,355.3487,359.6452,0.1910,-1.4130,-0.3469,-0.0811,0.0081,0.9967
33.6130,128.24,26.4526,1.7531,7.8891,359.5775,355.3477,359.7243,0.1906,-1.5409,-0.3467,-0.0811,0.0074,0.9967
33.6330,128.24,26.4564,1.7217,7.8822,359.6168,355.3466,359.8004,0.1900,-1.5706,-0.3459,-0.0811,0.0067,0.9967
33.6530,128.24,26.4602,1.6879,7.8753,359.6585,355.3452,359.8752,0.1892,-1.6900,-0.3454,-0.0812,0.0060,0.9967
33.6730,128.24,26.4639,1.6534,7.8684,359.6977,355.3438,359.9470,0.1881,-1.7235,-0.3443,-0.0812,0.0053,0.9967
33.6930,128.24,26.4677,1.6167,7.8615,359.7382,355.3421,0.0168,0.1871,-1.8352,-0.3436,-0.0812,0.0046,0.9967
33.7130,128.24,26.4714,1.5793,7.8547,359.7761,355.3404,0.0836,0.1856,-1.8717,-0.3423,-0.0812,0.0039,0.9967
33.7330,128.24,26.4751,1.5397,7.8478,359.8146,355.3384,0.1479,0.1843,-1.9765,-0.3414,-0.0813,0.0032,0.9967
33.7530,128.24,26.4787,1.5034,7.8410,359.8457,355.3368,0.2087,0.1819,-1.8183,-0.3396,-0.0813,0.0027,0.9967
33.7730,128.24,26.4823,1.4652,7.8343,359.8765,355.3349,0.2670,0.1804,-1.9079,-0.3385,-0.0813,0.0022,0.9967
33.7930,128.24,26.4859,1.4299,7.8275,359.9005,355.3333,0.3219,0.1774,-1.7653,-0.3365,-0.0814,0.0017,0.9967
33.8130,128.24,26.4894,1.3931,7.8208,359.9238,355.3315,0.3741,0.1756,-1.8415,-0.3353,-0.0814,0.0013,0.9967
33.8330,128.24,26.4928,1.3588,7.8142,359.9409,355.3300,0.4233,0.1722,-1.7127,-0.3332,-0.0814,0.0010,0.9967
33.8530,128.24,26.4962,1.3233,7.8075,359.9570,355.3283,0.4698,0.1701,-1.7772,-0.3319,-0.0814,0.0008,0.9967
33.8730,128.24,26.4995,1.2901,7.8009,359.9675,355.3267,0.5134,0.1664,-1.6606,-0.3298,-0.0815,0.0006,0.9967
33.8930,128.24,26.5028,1.2558,7.7944,359.9770,355.3251,0.5544,0.1641,-1.7149,-0.3285,-0.0815,0.0004,0.9967
33.9130,128.24,26.5060,1.2236,7.7878,359.9814,355.3236,0.5927,0.1600,-1.6091,-0.3265,-0.0815,0.0003,0.9967
33.9330,128.24,26.5092,1.1905,7.7813,359.9846,355.3220,0.6285,0.1575,-1.6544,-0.3251,-0.0816,0.0003,0.9967
33.9530,128.24,26.5122,1.1593,7.7749,359.9833,355.3205,0.6618,0.1533,-1.5583,-0.3232,-0.0816,0.0003,0.9967
33.9730,128.24,26.5153,1.1274,7.7684,359.9810,355.3190,0.6927,0.1506,-1.5957,-0.3219,-0.0816,0.0003,0.9967
33.9930,128.24,26.5182,1.0972,7.7620,359.9745,355.3175,0.7213,0.1463,-1.5082,-0.3201,-0.0816,0.0004,0.9967
34.0130,128.24,26.5210,1.0665,7.7557,359.9671,355.3160,0.7476,0.1434,-1.5386,-0.3189,-0.0817,0.0006,0.9967
34.0330,128.24,26.5238,1.0373,7.7493,359.9560,355.3146,0.7717,0.1390,-1.4588,-0.3173,-0.0817,0.0008,0.9967
34.0530,128.24,26.5265,1.0076,7.7430,359.9439,355.3131,0.7937,0.1360,-1.4832,-0.3162,-0.0817,0.0010,0.9967
34.0730,128.24,26.5292,0.9794,7.7367,359.9286,355.3118,0.8137,0.1316,-1.4101,-0.3148,-0.0817,0.0012,0.9967
34.0930,128.24,26.5317,0.9508,7.7304,359.9125,355.3104,0.8316,0.1284,-1.4292,-0.3138,-0.0818,0.0015,0.9967
34.1130,128.24,26.5342,0.9236,7.7242,359.8934,355.3091,0.8477,0.1240,-1.3622,-0.3126,-0.0818,0.0019,0.9966
34.1330,128.24,26.5366,0.8961,7.7179,359.8737,355.3078,0.8619,0.1207,-1.3767,-0.3117,-0.0818,0.0022,0.9966
34.1530,128.24,26.5390,0.8698,7.7117,359.8513,355.3065,0.8744,0.1163,-1.3151,-0.3108,-0.0818,0.0026,0.9966
34.1730,128.24,26.5412,0.8433,7.7055,359.8284,355.3053,0.8852,0.1130,-1.3255,-0.3101,-0.0818,0.0030,0.9966
34.1930,128.24,26.5434,0.8179,7.6993,359.8033,355.3041,0.8943,0.1087,-1.2688,-0.3094,-0.0819,0.0034,0.9966
34.2130,128.24,26.5455,0.7924,7.6931,359.7776,355.3030,0.9018,0.1053,-1.2757,-0.3089,-0.0819,0.0039,0.9966
34.2330,128.24,26.5475,0.7679,7.6870,359.7500,355.3019,0.9078,0.1010,-1.2234,-0.3085,-0.0819,0.0044,0.9966
34.2530,128.24,26.5495,0.7434,7.6808,359.7220,355.3008,0.9124,0.0976,-1.2272,-0.3082,-0.0819,0.0049,0.9966
34.2730,128.61,26.5514,0.7198,7.6747,359.6924,355.2999,0.9155,0.0935,-1.1788,-0.3080,-0.0819,0.0054,0.9966
34.2930,128.61,26.5532,0.6962,7.6685,359.6625,355.2989,0.9173,0.0901,-1.1799,-0.3080,-0.0820,0.0059,0.9966
34.3130,128.61,26.5549,0.6735,7.6623,359.6312,355.2980,0.9178,0.0860,-1.1350,-0.3081,-0.0820,0.0064,0.9966
34.3330,128.61,26.5565,0.6508,7.6562,359.5997,355.2971,0.9170,0.0827,-1.1338,-0.3082,-0.0820,0.0070,0.9966
34.3530,128.61,26.5581,0.6290,7.6500,359.5671,355.2964,0.9151,0.0787,-1.0920,-0.3086,-0.0820,0.0076,0.9966
34.3730,128.61,26.5593,0.6038,7.6436,359.5934,355.2849,0.8312,0.0621,-1.2584,-0.3213,-0.0822,0.0071,0.9966
34.3930,128.61,26.5605,0.5786,7.6371,359.6188,355.2738,0.7470,0.0594,-1.2589,-0.3213,-0.0824,0.0067,0.9966
34.4130,128.61,26.5617,0.5504,7.6307,359.6561,355.2624,0.6593,0.0583,-1.4125,-0.3227,-0.0826,0.0060,0.9966
34.4330,128.61,26.5628,0.5219,7.6243,359.6903,355.2520,0.5748,0.0569,-1.4221,-0.3219,-0.0828,0.0054,0.9966
34.4530,128.61,26.5640,0.4906,7.6178,359.7301,355.2418,0.4914,0.0567,-1.5641,-0.3220,-0.0830,0.0047,0.9965
34.4730,128.61,26.5651,0.4590,7.6114,359.7666,355.2325,0.4114,0.0558,-1.5804,-0.3208,-0.0831,0.0041,0.9965
34.4930,128.61,26.5662,0.4248,7.6050,359.8060,355.2238,0.3339,0.0559,-1.7120,-0.3203,-0.0833,0.0034,0.9965
34.5130,128.61,26.5673,0.3941,7.5986,359.8375,355.2162,0.2595,0.0542,-1.5371,-0.3187,-0.0834,0.0028,0.9965
34.5330,128.61,26.5684,0.3610,7.5923,359.8698,355.2092,0.1883,0.0544,-1.6508,-0.3177,-0.0835,0.0023,0.9965
34.5530,128.61,26.5695,0.3312,7.5859,359.8948,355.2033,0.1200,0.0537,-1.4939,-0.3157,-0.0836,0.0018,0.9965
34.5730,128.61,26.5705,0.2993,7.5797,359.9196,355.1980,0.0551,0.0540,-1.5918,-0.3145,-0.0837,0.0014,0.9965
34.5930,128.61,26.5716,0.2703,7.5734,359.9379,355.1937,359.9930,0.0540,-1.4508,-0.3123,-0.0838,0.0011,0.9965
34.6130,128.61,26.5727,0.2396,7.5672,359.9556,355.1900,359.9341,0.0545,-1.5349,-0.3110,-0.0839,0.0008,0.9965
34.6330,128.61,26.5738,0.2115,7.5610,359.9672,355.1873,359.8779,0.0551,-1.4079,-0.3086,-0.0839,0.0006,0.9965
34.6530,128.61,26.5749,0.1819,7.5549,359.9781,355.1850,359.8250,0.0557,-1.4799,-0.3072,-0.0839,0.0004,0.9965
34.6730,128.61,26.5761,0.1545,7.5488,359.9835,355.1836,359.7745,0.0568,-1.3653,-0.3048,-0.0840,0.0003,0.9965
34.6930,128.61,26.5772,0.1260,7.5427,359.9880,355.1826,359.7271,0.0577,-1.4266,-0.3034,-0.0840,0.0002,0.9965
34.7130,128.61,26.5784,0.0996,7.5367,359.9876,355.1824,359.6819,0.0591,-1.3231,-0.3010,-0.0840,0.0002,0.9965
34.7330,128.61,26.5796,0.0721,7.5307,359.9864,355.1826,359.6398,0.0602,-1.3750,-0.2996,-0.0840,0.0002,0.9965
34.7530,128.61,26.5794,0.0634,7.5307,-0.0030,355.1825,359.8308,-0.0121,-0.4346,-0.0006,-0.0840,0.0001,0.9965
34.7730,128.61,26.5792,0.0580,7.5307,-0.0008,355.1827,359.9702,-0.0095,-0.2705,-0.0006,-0.0840,0.0000,0.9965
34.7930,128.61,26.5791,0.0569,7.5307,-0.0011,355.1823,-0.0054,-0.0013,-0.0565,0.0000,-0.0840,0.0000,0.9965
34.8130,128.61,26.5792,0.0574,7.5307,0.0148,355.1821,-0.0010,0.0001,0.0269,0.0007,-0.0840,-0.0003,0.9965
34.8330,128.61,26.5792,0.0573,7.5307,0.0133,355.1820,-0.0002,0.0001,-0.0066,-0.0002,-0.0840,-0.0002,0.9965
34.8530,128.61,26.5792,0.0578,7.5307,0.0077,355.1824,0.0001,0.0000,0.0284,0.0007,-0.0840,-0.0001,0.9965
34.8730,128.61,26.5792,0.0578,7.5307,-0.0008,355.1830,0.0003,-0.0001,-0.0011,0.0013,-0.0840,0.0000,0.9965
34.8930,128.61,26.5792,0.0584,7.5308,359.9869,355.1840,0.0000,-0.0003,0.0301,0.0021,-0.0840,0.0002,0.9965
34.9130,128.61,26.5791,0.0585,7.5308,359.9719,355.1852,-0.0005,-0.0004,0.0041,0.0026,-0.0839,0.0005,0.9965
34.9330,128.61,26.5791,0.0591,7.5309,359.9534,355.1867,-0.0013,-0.0005,0.0318,0.0033,-0.0839,0.0008,0.9965
34.9530,128.61,26.5791,0.0595,7.5309,359.9363,355.1868,-0.0003,0.0001,0.0207,-0.0009,-0.0839,0.0011,0.9965
34.9730,128.61,26.5791,0.0603,7.5309,359.9181,355.1867,-0.0001,0.0000,0.0379,-0.0009,-0.0839,0.0014,0.9965
34.9930,128.61,26.5791,0.0611,7.5308,359.9014,355.1867,0.0000,0.0000,0.0374,-0.0009,-0.0839,0.0017,0.9965
35.0130,128.61,26.5791,0.0619,7.5308,359.8826,355.1868,0.0000,0.0001,0.0426,-0.0010,-0.0839,0.0020,0.9965
35.0330,128.61,26.5791,0.0628,7.5308,359.8628,355.1868,0.0000,0.0001,0.0452,-0.0010,-0.0839,0.0024,0.9965
35.0530,128.61,26.5791,0.0638,7.5308,359.8415,355.1868,0.0000,0.0001,0.0486,-0.0011,-0.0839,0.0028,0.9965
35.0730,128.61,26.5791,0.0648,7.5308,359.8189,355.1868,0.0000,0.0001,0.0515,-0.0012,-0.0839,0.0032,0.9965
35.0930,128.61,26.5791,0.0659,7.5307,359.7950,355.1868,0.0000,0.0001,0.0544,-0.0012,-0.0839,0.0036,0.9965
35.1130,128.61,26.5791,0.0670,7.5307,359.7699,355.1868,0.0000,0.0001,0.0572,-0.0013,-0.0839,0.0040,0.9965
35.1330,128.61,26.5792,0.0682,7.5307,359.7436,355.1869,0.0000,0.0001,0.0599,-0.0014,-0.0839,0.0045,0.9965
35.1530,128.61,26.5792,0.0695,7.5307,359.7161,355.1869,0.0000,0.0002,0.0624,-0.0015,-0.0839,0.0050,0.9965
35.1730,128.61,26.5792,0.0708,7.5306,359.6875,355.1869,0.0000,0.0001,0.0651,-0.0015,-0.0839,0.0055,0.9965
35.1930,128.61,26.5792,0.0721,7.5306,359.6579,355.1869,0.0000,0.0002,0.0675,-0.0018,-0.0839,0.0060,0.9965
35.2130,128.61,26.5792,0.0735,7.5305,359.6273,355.1869,0.0000,0.0002,0.0698,-0.0019,-0.0839,0.0065,0.9965
35.2330,128.61,26.5792,0.0750,7.5305,359.5957,355.1869,0.0000,0.0002,0.0720,-0.0020,-0.0839,0.0071,0.9964
35.2530,128.61,26.5792,0.0765,7.5305,359.5631,355.1869,0.0000,0.0002,0.0742,-0.0021,-0.0839,0.0076,0.9964
35.2730,128.20,26.5792,0.0780,7.5304,359.5297,355.1870,0.0000,0.0002,0.0763,-0.0022,-0.0839,0.0082,0.9964
35.2930,128.20,26.5792,0.0795,7.5304,359.4953,355.1869,0.0000,0.0002,0.0783,-0.0023,-0.0839,0.0088,0.9964
35.3130,128.20,26.5792,0.0812,7.5303,359.4601,355.1870,0.0000,0.0002,0.0802,-0.0024,-0.0839,0.0094,0.9964
35.3330,128.20,26.5792,0.0828,7.5303,359.4241,355.1870,0.0000,0.0002,0.0820,-0.0026,-0.0839,0.0101,0.9964
35.3530,128.20,26.5792,0.0845,7.5302,359.3873,355.1870,0.0000,0.0002,0.0838,-0.0026,-0.0839,0.0107,0.9964
35.3730,128.20,26.5792,0.0862,7.5302,359.3498,355.1870,0.0000,0.0002,0.0854,-0.0028,-0.0839,0.0113,0.9964
35.3930,128.20,26.5792,0.0879,7.5301,359.3116,355.1870,0.0000,0.0003,0.0871,-0.0029,-0.0839,0.0120,0.9964
35.4130,128.20,26.5792,0.0897,7.5300,359.2726,355.1870,0.0000,0.0002,0.0886,-0.0030,-0.0839,0.0127,0.9964
35.4330,128.20,26.5792,0.0915,7.5300,359.2331,355.1870,0.0000,0.0002,0.0901,-0.0031,-0.0839,0.0134,0.9964
35.4530,128.20,26.5792,0.0933,7.5299,359.1929,355.1870,0.0000,0.0003,0.0914,-0.0033,-0.0839,0.0141,0.9964
35.4730,128.20,26.5792,0.0952,7.5298,359.1521,355.1871,0.0000,0.0005,0.0929,-0.0035,-0.0839,0.0148,0.9964
35.4930,128.20,26.5792,0.0971,7.5298,359.1108,355.1873,0.0000,0.0007,0.0941,-0.0038,-0.0839,0.0155,0.9964
35.5130,128.20,26.5793,0.0990,7.5297,359.0690,355.1875,0.0000,0.0009,0.0952,-0.0046,-0.0839,0.0162,0.9963
35.5330,128.20,26.5793,0.1009,7.5296,359.0268,355.1879,0.0000,0.0011,0.0962,-0.0056,-0.0839,0.0170,0.9963
35.5530,128.20,26.5793,0.1028,7.5294,358.9841,355.1884,0.0000,0.0013,0.0971,-0.0070,-0.0839,0.0177,0.9963
35.5730,128.20,26.5793,0.1048,7.5292,358.9412,355.1889,0.0000,0.0015,0.0978,-0.0089,-0.0839,0.0185,0.9963
35.5930,128.20,26.5794,0.1068,7.5290,358.8979,355.1896,0.0000,0.0017,0.0985,-0.0110,-0.0838,0.0192,0.9963
35.6130,128.20,26.5794,0.1087,7.5288,358.8546,355.1899,-0.0002,0.0026,0.0990,-0.0135,-0.0838,0.0200,0.9963
35.6330,128.20,26.5795,0.1107,7.5284,358.8110,355.1902,-0.0004,0.0032,0.0993,-0.0165,-0.0838,0.0208,0.9963
35.6530,128.20,26.5796,0.1127,7.5280,358.7674,355.1903,-0.0007,0.0038,0.0999,-0.0196,-0.0838,0.0215,0.9962
35.6730,128.20,26.5797,0.1147,7.5276,358.7238,355.1904,-0.0012,0.0043,0.1000,-0.0230,-0.0838,0.0223,0.9962
35.6930,128.20,26.5797,0.1167,7.5270,358.6803,355.1906,-0.0018,0.0047,0.1003,-0.0268,-0.0838,0.0230,0.9962
35.7130,128.20,26.5798,0.1187,7.5264,358.6369,355.1908,-0.0027,0.0050,0.1004,-0.0308,-0.0838,0.0238,0.9962
35.7330,128.20,26.5800,0.1208,7.5257,358.5938,355.1911,-0.0039,0.0053,0.1006,-0.0350,-0.0838,0.0245,0.9962
35.7530,128.20,26.5801,0.1228,7.5249,358.5508,355.1915,-0.0053,0.0057,0.1007,-0.0394,-0.0838,0.0253,0.9962
35.7730,128.20,26.5802,0.1248,7.5241,358.5082,355.1920,359.9931,0.0060,0.1009,-0.0439,-0.0838,0.0260,0.9961
35.7930,128.20,26.5803,0.1268,7.5231,358.4660,355.1925,359.9912,0.0063,0.1010,-0.0485,-0.0838,0.0268,0.9961
35.8130,128.20,26.5804,0.1288,7.5220,358.4243,355.1931,359.9891,0.0067,0.1012,-0.0533,-0.0838,0.0275,0.9961
35.8330,128.20,26.5806,0.1309,7.5209,358.3831,355.1938,359.9868,0.0071,0.1012,-0.0581,-0.0838,0.0282,0.9961
35.8530,128.20,26.5807,0.1329,7.5196,358.3423,355.1945,359.9843,0.0075,0.1014,-0.0631,-0.0837,0.0289,0.9961
35.8730,128.20,26.5809,0.1349,7.5182,358.3022,355.1952,359.9817,0.0080,0.1014,-0.0683,-0.0837,0.0296,0.9960
35.8930,128.20,26.5811,0.1369,7.5168,358.2628,355.1960,359.9789,0.0084,0.1016,-0.0735,-0.0837,0.0303,0.9960
35.9130,128.20,26.5812,0.1390,7.5152,358.2239,355.1969,359.9759,0.0089,0.1016,-0.0789,-0.0837,0.0310,0.9960
35.9330,128.20,26.5814,0.1410,7.5135,358.1859,355.1977,359.9728,0.0094,0.1017,-0.0843,-0.0837,0.0317,0.9960
35.9530,128.20,26.5816,0.1430,7.5117,358.1485,355.1986,359.9696,0.0099,0.1018,-0.0899,-0.0837,0.0323,0.9960
35.9730,128.20,26.5818,0.1451,7.5098,358.1120,355.1996,359.9662,0.0105,0.1019,-0.0955,-0.0836,0.0329,0.9960
35.9930,128.20,26.5821,0.1471,7.5078,358.0763,355.2005,359.9627,0.0110,0.1019,-0.1013,-0.0836,0.0336,0.9959
36.0130,128.20,26.5823,0.1492,7.5056,358.0414,355.2015,359.9592,0.0116,0.1020,-0.1072,-0.0836,0.0342,0.9959
36.0330,128.20,26.5825,0.1512,7.5034,358.0074,355.2025,359.9555,0.0122,0.1020,-0.1131,-0.0836,0.0348,0.9959
36.0530,128.20,26.5828,0.1532,7.5010,357.9744,355.2035,359.9518,0.0128,0.1021,-0.1192,-0.0836,0.0353,0.9959
36.0730,128.20,26.5831,0.1553,7.4985,357.9422,355.2045,359.9480,0.0135,0.1021,-0.1253,-0.0835,0.0359,0.9959
36.0930,128.20,26.5833,0.1573,7.4958,357.9110,355.2055,359.9441,0.0141,0.1021,-0.1315,-0.0835,0.0365,0.9958
36.1130,128.20,26.5836,0.1594,7.4931,357.8809,355.2065,359.9402,0.0148,0.1022,-0.1378,-0.0835,0.0370,0.9958
36.1330,128.20,26.5840,0.1614,7.4902,357.8517,355.2076,359.9362,0.0155,0.1022,-0.1442,-0.0835,0.0375,0.9958
36.1530,128.20,26.5843,0.1635,7.4872,357.8235,355.2086,359.9322,0.0162,0.1022,-0.1506,-0.0835,0.0380,0.9958
36.1730,128.20,26.5846,0.1655,7.4840,357.7964,355.2097,359.9282,0.0170,0.1023,-0.1571,-0.0834,0.0385,0.9958
36.1930,128.20,26.5850,0.1675,7.4808,357.7703,355.2107,359.9241,0.0177,0.1023,-0.1637,-0.0834,0.0389,0.9958
36.2130,128.20,26.5853,0.1696,7.4774,357.7452,355.2117,359.9200,0.0185,0.1023,-0.1703,-0.0834,0.0393,0.9957
36.2330,128.20,26.5857,0.1716,7.4738,357.7213,355.2127,359.9160,0.0193,0.1023,-0.1770,-0.0834,0.0398,0.9957
36.2530,128.20,26.5861,0.1737,7.4702,357.6984,355.2137,359.9119,0.0201,0.1023,-0.1837,-0.0834,0.0402,0.9957
36.2730,129.47,26.5866,0.1757,7.4663,357.6766,355.2147,359.9078,0.0210,0.1023,-0.1905,-0.0834,0.0405,0.9957
36.2930,129.47,26.5870,0.1778,7.4624,357.6560,355.2157,359.9038,0.0218,0.1024,-0.1974,-0.0833,0.0409,0.9957
36.3130,129.47,26.5874,0.1798,7.4583,357.6364,355.2167,359.8997,0.0227,0.1024,-0.2042,-0.0833,0.0412,0.9957
36.3330,129.47,26.5879,0.1819,7.4541,357.6180,355.2177,359.8957,0.0235,0.1024,-0.2111,-0.0833,0.0416,0.9957
36.3530,129.47,26.5884,0.1839,7.4497,357.6006,355.2186,359.8918,0.0244,0.1024,-0.2181,-0.0833,0.0419,0.9956
36.3730,129.47,26.5889,0.1860,7.4452,357.5844,355.2195,359.8878,0.0254,0.1024,-0.2250,-0.0833,0.0421,0.9956
36.3930,129.47,26.5894,0.1880,7.4406,357.5693,355.2204,359.8839,0.0263,0.1024,-0.2320,-0.0832,0.0424,0.9956
36.4130,129.47,26.5900,0.1901,7.4358,357.5554,355.2213,359.8800,0.0272,0.1024,-0.2390,-0.0832,0.0427,0.9956
36.4330,129.47,26.5905,0.1921,7.4309,357.5425,355.2222,359.8762,0.0282,0.1024,-0.2460,-0.0832,0.0429,0.9956
36.4530,129.47,26.5911,0.1942,7.4258,357.5308,355.2231,359.8724,0.0291,0.1024,-0.2531,-0.0832,0.0431,0.9956
36.4730,129.47,26.5917,0.1962,7.4206,357.5202,355.2239,359.8687,0.0301,0.1024,-0.2601,-0.0832,0.0433,0.9956
36.4930,129.47,26.5923,0.1983,7.4153,357.5107,355.2247,359.8651,0.0311,0.1024,-0.2671,-0.0832,0.0434,0.9956
36.5130,129.47,26.5930,0.2003,7.4098,357.5023,355.2255,359.8615,0.0321,0.1024,-0.2742,-0.0832,0.0436,0.9956
36.5330,129.47,26.5937,0.2024,7.4042,357.4950,355.2263,359.8580,0.0331,0.1025,-0.2812,-0.0831,0.0437,0.9956
36.5530,129.47,26.5943,0.2044,7.3984,357.4888,355.2271,359.8546,0.0341,0.1025,-0.2883,-0.0831,0.0438,0.9956
36.5730,129.47,26.5950,0.2065,7.3925,357.4837,355.2278,359.8512,0.0351,0.1025,-0.2953,-0.0831,0.0439,0.9956
36.5930,129.47,26.5958,0.2085,7.3865,357.4797,355.2285,359.8479,0.0362,0.1025,-0.3023,-0.0831,0.0440,0.9956
36.6130,129.47,26.5965,0.2106,7.3803,357.4767,355.2292,359.8447,0.0372,0.1025,-0.3093,-0.0831,0.0440,0.9956
36.6330,129.47,26.5973,0.2126,7.3739,357.4748,355.2299,359.8416,0.0383,0.1025,-0.3163,-0.0831,0.0441,0.9956
36.6530,129.47,26.5981,0.2147,7.3675,357.4740,355.2306,359.8385,0.0393,0.1025,-0.3233,-0.0831,0.0441,0.9956
36.6730,129.47,26.5989,0.2167,7.3609,357.4742,355.2313,359.8355,0.0404,0.1025,-0.3302,-0.0831,0.0441,0.9956
36.6930,129.47,26.5997,0.2188,7.3541,357.4754,355.2319,359.8327,0.0415,0.1026,-0.3371,-0.0830,0.0440,0.9956
36.7130,129.47,26.6005,0.2208,7.3472,357.4777,355.2325,359.8299,0.0425,0.1026,-0.3440,-0.0830,0.0440,0.9956
36.7330,129.47,26.6014,0.2229,7.3402,357.4809,355.2331,359.8272,0.0436,0.1026,-0.3508,-0.0830,0.0440,0.9956
36.7530,129.47,26.6023,0.2249,7.3331,357.4851,355.2336,359.8246,0.0447,0.1026,-0.3576,-0.0830,0.0439,0.9956
36.7730,129.47,26.6032,0.2270,7.3258,357.4903,355.2342,359.8221,0.0458,0.1027,-0.3643,-0.0830,0.0438,0.9956
36.7930,129.47,26.6042,0.2290,7.3184,357.4965,355.2347,359.8197,0.0469,0.1027,-0.3710,-0.0830,0.0437,0.9956
36.8130,129.47,26.6051,0.2311,7.3108,357.5036,355.2352,359.8174,0.0480,0.1027,-0.3777,-0.0830,0.0436,0.9956
36.8330,129.47,26.6061,0.2331,7.3031,357.5117,355.2357,359.8152,0.0490,0.1028,-0.3843,-0.0830,0.0434,0.9956
36.8530,129.47,26.6071,0.2352,7.2953,357.5206,355.2362,359.8131,0.0501,0.1028,-0.3908,-0.0830,0.0433,0.9956
36.8730,129.47,26.6081,0.2372,7.2874,357.5305,355.2366,359.8111,0.0512,0.1028,-0.3973,-0.0830,0.0431,0.9956
36.8930,129.47,26.6092,0.2393,7.2793,357.5413,355.2371,359.8092,0.0523,0.1029,-0.4037,-0.0830,0.0429,0.9956
36.9130,129.47,26.6102,0.2414,7.2711,357.5529,355.2375,359.8074,0.0534,0.1029,-0.4101,-0.0829,0.0427,0.9956
36.9330,129.47,26.6113,0.2434,7.2628,357.5653,355.2379,359.8057,0.0545,0.1029,-0.4164,-0.0829,0.0425,0.9956
36.9530,129.47,26.6124,0.2455,7.2543,357.5786,355.2383,359.8041,0.0556,0.1030,-0.4226,-0.0829,0.0422,0.9957
36.9730,129.47,26.6136,0.2475,7.2457,357.5927,355.2387,359.8026,0.0567,0.1030,-0.4288,-0.0829,0.0420,0.9957
36.9930,129.47,26.6147,0.2496,7.2370,357.6076,355.2391,359.8012,0.0577,0.1031,-0.4349,-0.0829,0.0417,0.9957
37.0130,129.47,26.6159,0.2517,7.2282,357.6234,355.2395,359.7999,0.0588,0.1031,-0.4409,-0.0829,0.0415,0.9957
37.0330,129.47,26.6171,0.2537,7.2193,357.6398,355.2398,359.7987,0.0599,0.1031,-0.4468,-0.0829,0.0412,0.9957
37.0530,129.47,26.6183,0.2558,7.2102,357.6570,355.2401,359.7977,0.0609,0.1032,-0.4527,-0.0829,0.0409,0.9957
37.0730,129.47,26.6196,0.2579,7.2011,357.6749,355.2405,359.7967,0.0620,0.1032,-0.4585,-0.0829,0.0406,0.9957
37.0930,129.47,26.6208,0.2599,7.1918,357.6935,355.2408,359.7958,0.0630,0.1033,-0.4642,-0.0829,0.0402,0.9957
37.1130,129.47,26.6221,0.2620,7.1824,357.7128,355.2411,359.7950,0.0641,0.1033,-0.4698,-0.0829,0.0399,0.9958
37.1330,129.47,26.6234,0.2641,7.1729,357.7328,355.2414,359.7943,0.0651,0.1034,-0.4753,-0.0829,0.0396,0.9958
37.1530,129.47,26.6247,0.2661,7.1633,357.7534,355.2417,359.7937,0.0662,0.1034,-0.4807,-0.0829,0.0392,0.9958
37.1730,129.47,26.6261,0.2682,7.1535,357.7747,355.2420,359.7932,0.0672,0.1035,-0.4861,-0.0829,0.0388,0.9958
37.1930,129.47,26.6274,0.2703,7.1437,357.7966,355.2423,359.7928,0.0682,0.1035,-0.4913,-0.0829,0.0384,0.9958
37.2130,129.47,26.6288,0.2723,7.1338,357.8191,355.2426,359.7925,0.0692,0.1036,-0.4965,-0.0829,0.0381,0.9958
37.2330,129.47,26.6302,0.2744,7.1238,357.8421,355.2428,359.7923,0.0702,0.1036,-0.5016,-0.0829,0.0377,0.9958
37.2530,129.47,26.6317,0.2765,7.1136,357.8657,355.2431,359.7922,0.0712,0.1037,-0.5065,-0.0829,0.0372,0.9959
37.2730,129.47,26.6331,0.2786,7.1034,357.8898,355.2433,359.7922,0.0722,0.1038,-0.5114,-0.0829,0.0368,0.9959
37.2930,130.14,26.6346,0.2806,7.0931,357.9145,355.2436,359.7922,0.0731,0.1038,-0.5162,-0.0829,0.0364,0.9959
37.3130,130.14,26.6360,0.2827,7.0827,357.9396,355.2439,359.7924,0.0741,0.1039,-0.5208,-0.0829,0.0360,0.9959
37.3330,130.14,26.6375,0.2848,7.0721,357.9652,355.2441,359.7927,0.0750,0.1039,-0.5254,-0.0829,0.0355,0.9959
37.3530,130.14,26.6391,0.2869,7.0615,357.9913,355.2444,359.7930,0.0759,0.1040,-0.5299,-0.0829,0.0351,0.9959
37.3730,130.14,26.6406,0.2889,7.0509,358.0178,355.2446,359.7934,0.0769,0.1040,-0.5342,-0.0829,0.0346,0.9960
37.3930,130.14,26.6422,0.2910,7.0401,358.0447,355.2449,359.7939,0.0778,0.1041,-0.5385,-0.0828,0.0341,0.9960
37.4130,130.14,26.6437,0.2931,7.0292,358.0721,355.2451,359.7945,0.0787,0.1041,-0.5426,-0.0828,0.0336,0.9960
37.4330,130.14,26.6453,0.2952,7.0183,358.0998,355.2454,359.7952,0.0795,0.1042,-0.5467,-0.0828,0.0332,0.9960
37.4530,130.14,26.6469,0.2973,7.0073,358.1279,355.2456,359.7960,0.0804,0.1042,-0.5506,-0.0828,0.0327,0.9960
37.4730,130.14,26.6486,0.2994,6.9962,358.1563,355.2459,359.7968,0.0813,0.1042,-0.5544,-0.0828,0.0322,0.9960
37.4930,130.14,26.6502,0.3014,6.9850,358.1851,355.2461,359.7977,0.0821,0.1043,-0.5582,-0.0828,0.0317,0.9961
37.5130,130.14,26.6519,0.3035,6.9738,358.2142,355.2464,359.7987,0.0829,0.1043,-0.5618,-0.0828,0.0312,0.9961
37.5330,130.14,26.6535,0.3056,6.9625,358.2436,355.2466,359.7997,0.0837,0.1044,-0.5653,-0.0828,0.0307,0.9961
37.5530,130.14,26.6552,0.3077,6.9511,358.2732,355.2469,359.8009,0.0845,0.1044,-0.5687,-0.0828,0.0301,0.9961
37.5730,130.14,26.6569,0.3098,6.9397,358.3032,355.2472,359.8021,0.0853,0.1044,-0.5720,-0.0828,0.0296,0.9961
37.5930,130.14,26.6586,0.3119,6.9282,358.3333,355.2475,359.8034,0.0861,0.1045,-0.5751,-0.0828,0.0291,0.9961
37.6130,130.14,26.6604,0.3140,6.9166,358.3637,355.2477,359.8047,0.0868,0.1045,-0.5782,-0.0828,0.0286,0.9962
37.6330,130.14,26.6621,0.3161,6.9050,358.3943,355.2480,359.8061,0.0875,0.1045,-0.5811,-0.0828,0.0280,0.9962
37.6530,130.14,26.6639,0.3182,6.8933,358.4250,355.2483,359.8076,0.0883,0.1045,-0.5840,-0.0828,0.0275,0.9962
37.6730,130.14,26.6657,0.3202,6.8816,358.4560,355.2486,359.8091,0.0890,0.1046,-0.5867,-0.0828,0.0269,0.9962
37.6930,130.14,26.6675,0.3223,6.8698,358.4871,355.2489,359.8108,0.0896,0.1046,-0.5893,-0.0828,0.0264,0.9962
37.7130,130.14,26.6693,0.3244,6.8580,358.5184,355.2492,359.8124,0.0903,0.1046,-0.5918,-0.0828,0.0259,0.9962
37.7330,130.14,26.6711,0.3265,6.8461,358.5497,355.2495,359.8141,0.0910,0.1046,-0.5942,-0.0828,0.0253,0.9962
37.7530,130.14,26.6729,0.3286,6.8342,358.5812,355.2498,359.8159,0.0916,0.1046,-0.5965,-0.0828,0.0248,0.9963
37.7730,130.14,26.6748,0.3307,6.8222,358.6128,355.2502,359.8177,0.0922,0.1046,-0.5987,-0.0828,0.0242,0.9963
37.7930,130.14,26.6766,0.3328,6.8102,358.6445,355.2505,359.8196,0.0928,0.1046,-0.6007,-0.0828,0.0237,0.9963
37.8130,130.14,26.6785,0.3349,6.7981,358.6762,355.2509,359.8215,0.0934,0.1046,-0.6027,-0.0828,0.0231,0.9963
37.8330,130.14,26.6804,0.3370,6.7860,358.7080,355.2512,359.8235,0.0940,0.1046,-0.6045,-0.0828,0.0225,0.9963
37.8530,130.14,26.6823,0.3391,6.7739,358.7398,355.2516,359.8255,0.0945,0.1046,-0.6062,-0.0828,0.0220,0.9963
37.8730,130.14,26.6842,0.3412,6.7617,358.7717,355.2519,359.8276,0.0950,0.1045,-0.6079,-0.0828,0.0214,0.9963
37.8930,130.14,26.6861,0.3433,6.7496,358.8036,355.2523,359.8297,0.0955,0.1045,-0.6094,-0.0828,0.0209,0.9964
37.9130,130.14,26.6880,0.3453,6.7373,358.8354,355.2527,359.8319,0.0960,0.1045,-0.6108,-0.0827,0.0203,0.9964
37.9330,130.14,26.6899,0.3474,6.7251,358.8672,355.2531,359.8341,0.0965,0.1045,-0.6121,-0.0827,0.0198,0.9964
37.9530,130.14,26.6919,0.3495,6.7128,358.8990,355.2535,359.8363,0.0970,0.1044,-0.6132,-0.0827,0.0192,0.9964
37.9730,130.14,26.6938,0.3516,6.7005,358.9308,355.2539,359.8386,0.0974,0.1044,-0.6143,-0.0827,0.0187,0.9964
37.9930,130.14,26.6958,0.3537,6.6882,358.9625,355.2543,359.8409,0.0978,0.1043,-0.6153,-0.0827,0.0181,0.9964
38.0130,130.14,26.6977,0.3558,6.6759,358.9941,355.2547,359.8432,0.0982,0.1043,-0.6161,-0.0827,0.0176,0.9964
38.0330,130.14,26.6997,0.3579,6.6636,359.0257,355.2551,359.8456,0.0986,0.1042,-0.6169,-0.0827,0.0170,0.9964
38.0530,130.14,26.7017,0.3600,6.6512,359.0572,355.2556,359.8480,0.0990,0.1042,-0.6176,-0.0827,0.0165,0.9964
38.0730,130.14,26.7037,0.3620,6.6389,359.0885,355.2560,359.8504,0.0993,0.1041,-0.6181,-0.0827,0.0159,0.9964
38.0930,130.14,26.7057,0.3641,6.6265,359.1198,355.2565,359.8529,0.0997,0.1040,-0.6186,-0.0827,0.0154,0.9965
38.1130,130.14,26.7077,0.3662,6.6141,359.1509,355.2569,359.8553,0.1000,0.1039,-0.6189,-0.0827,0.0148,0.9965
38.1330,130.14,26.7097,0.3683,6.6017,359.1819,355.2574,359.8578,0.1003,0.1039,-0.6192,-0.0827,0.0143,0.9965
38.1530,130.14,26.7117,0.3703,6.5893,359.2127,355.2579,359.8604,0.1006,0.1038,-0.6193,-0.0827,0.0137,0.9965
38.1730,130.14,26.7137,0.3724,6.5770,359.2433,355.2584,359.8629,0.1008,0.1037,-0.6193,-0.0827,0.0132,0.9965
38.1930,130.14,26.7157,0.3745,6.5646,359.2739,355.2589,359.8655,0.1011,0.1036,-0.6193,-0.0826,0.0127,0.9965
38.2130,130.14,26.7177,0.3766,6.5522,359.3042,355.2593,359.8681,0.1013,0.1035,-0.6191,-0.0826,0.0121,0.9965
38.2330,130.14,26.7198,0.3786,6.5398,359.3344,355.2599,359.8707,0.1015,0.1033,-0.6189,-0.0826,0.0116,0.9965
38.2530,130.14,26.7218,0.3807,6.5274,359.3643,355.2604,359.8733,0.1017,0.1032,-0.6186,-0.0826,0.0111,0.9965
38.2730,130.14,26.7238,0.3828,6.5151,359.3941,355.2609,359.8759,0.1019,0.1031,-0.6181,-0.0826,0.0106,0.9965
38.2930,127.73,26.7259,0.3848,6.5027,359.4236,355.2614,359.8785,0.1021,0.1030,-0.6176,-0.0826,0.0101,0.9965
38.3130,127.73,26.7279,0.3869,6.4904,359.4529,355.2619,359.8812,0.1022,0.1028,-0.6170,-0.0826,0.0095,0.9965
38.3330,127.73,26.7300,0.3889,6.4781,359.4821,355.2625,359.8839,0.1023,0.1027,-0.6163,-0.0826,0.0090,0.9965
38.3530,127.73,26.7320,0.3910,6.4658,359.5109,355.2630,359.8865,0.1024,0.1025,-0.6155,-0.0826,0.0085,0.9965
38.3730,127.73,26.7341,0.3930,6.4535,359.5395,355.2636,359.8892,0.1025,0.1024,-0.6146,-0.0826,0.0080,0.9966
38.3930,127.73,26.7361,0.3951,6.4412,359.5679,355.2641,359.8918,0.1026,0.1022,-0.6136,-0.0826,0.0075,0.9966
38.4130,127.73,26.7382,0.3971,6.4289,359.5960,355.2647,359.8945,0.1026,0.1020,-0.6125,-0.0826,0.0071,0.9966
38.4330,127.73,26.7402,0.3991,6.4167,359.6239,355.2653,359.8972,0.1027,0.1019,-0.6114,-0.0825,0.0066,0.9966
38.4530,127.73,26.7423,0.4049,6.4045,359.6444,355.2663,359.8993,0.1029,0.2871,-0.6099,-0.0825,0.0062,0.9966
38.4730,127.73,26.7444,0.4109,6.3924,359.6623,355.2675,359.9012,0.1029,0.3012,-0.6081,-0.0825,0.0059,0.9966
38.4930,127.73,26.7464,0.4204,6.3802,359.6735,355.2691,359.9026,0.1030,0.4732,-0.6065,-0.0825,0.0057,0.9966
38.5130,127.73,26.7485,0.4303,6.3681,359.6822,355.2708,359.9037,0.1030,0.4944,-0.6047,-0.0824,0.0055,0.9966
38.5330,127.73,26.7505,0.4433,6.3561,359.6850,355.2728,359.9044,0.1031,0.6544,-0.6030,-0.0824,0.0055,0.9966
38.5530,127.73,26.7526,0.4570,6.3440,359.6854,355.2749,359.9050,0.1031,0.6816,-0.6013,-0.0824,0.0055,0.9966
38.5730,127.73,26.7547,0.4736,6.3321,359.6805,355.2773,359.9051,0.1032,0.8309,-0.5996,-0.0823,0.0056,0.9966
38.5930,127.73,26.7567,0.4909,6.3201,359.6734,355.2798,359.9050,0.1032,0.8631,-0.5980,-0.0823,0.0057,0.9966
38.6130,127.73,26.7588,0.5070,6.3082,359.6678,355.2820,359.9051,0.1031,0.8086,-0.5967,-0.0822,0.0058,0.9966
38.6330,127.73,26.7609,0.5237,6.2963,359.6606,355.2844,359.9052,0.1031,0.8356,-0.5952,-0.0822,0.0059,0.9966
38.6530,127.73,26.7629,0.5395,6.2844,359.6546,355.2865,359.9053,0.1031,0.7865,-0.5940,-0.0822,0.0060,0.9966
38.6730,127.73,26.7650,0.5557,6.2725,359.6473,355.2886,359.9055,0.1031,0.8089,-0.5926,-0.0821,0.0062,0.9966
38.6930,127.73,26.7670,0.5709,6.2607,359.6411,355.2906,359.9057,0.1030,0.7646,-0.5914,-0.0821,0.0063,0.9966
38.7130,127.73,26.7691,0.5866,6.2489,359.6337,355.2926,359.9059,0.1030,0.7830,-0.5900,-0.0821,0.0064,0.9966
38.7330,127.73,26.7712,0.6015,6.2371,359.6272,355.2944,359.9062,0.1030,0.7429,-0.5888,-0.0820,0.0065,0.9966
38.7530,127.73,26.7732,0.6166,6.2254,359.6198,355.2962,359.9064,0.1030,0.7579,-0.5876,-0.0820,0.0066,0.9966
38.7730,127.73,26.7753,0.6311,6.2136,359.6132,355.2979,359.9068,0.1029,0.7215,-0.5865,-0.0820,0.0068,0.9966
38.7930,127.73,26.7773,0.6457,6.2019,359.6057,355.2996,359.9071,0.1029,0.7334,-0.5853,-0.0819,0.0069,0.9966
38.8130,127.73,26.7794,0.6597,6.1902,359.5991,355.3011,359.9076,0.1029,0.7004,-0.5842,-0.0819,0.0070,0.9966
38.8330,127.73,26.7814,0.6739,6.1786,359.5917,355.3026,359.9079,0.1029,0.7097,-0.5831,-0.0819,0.0071,0.9966
38.8530,127.73,26.7835,0.6875,6.1669,359.5850,355.3040,359.9084,0.1029,0.6795,-0.5821,-0.0819,0.0072,0.9966
38.8730,127.73,26.7856,0.7012,6.1553,359.5777,355.3054,359.9088,0.1029,0.6865,-0.5810,-0.0818,0.0074,0.9966
38.8930,127.73,26.7876,0.7144,6.1437,359.5711,355.3066,359.9094,0.1028,0.6590,-0.5801,-0.0818,0.0075,0.9966
38.9130,127.73,26.7897,0.7277,6.1321,359.5640,355.3079,359.9099,0.1028,0.6640,-0.5791,-0.0818,0.0076,0.9966
38.9330,127.73,26.7917,0.7444,6.1206,359.5515,355.3094,359.9099,0.1030,0.8343,-0.5784,-0.0818,0.0078,0.9966
38.9530,127.73,26.7938,0.7613,6.1090,359.5379,355.3109,359.9098,0.1030,0.8470,-0.5774,-0.0817,0.0081,0.9966
38.9730,127.73,26.7959,0.7814,6.0975,359.5195,355.3126,359.9092,0.1032,1.0050,-0.5769,-0.0817,0.0084,0.9966
38.9930,127.73,26.7979,0.8019,6.0860,359.5000,355.3143,359.9086,0.1032,1.0242,-0.5760,-0.0817,0.0087,0.9966
39.0130,127.73,26.8000,0.8253,6.0744,359.4763,355.3162,359.9076,0.1034,1.1712,-0.5758,-0.0817,0.0091,0.9966
39.0330,127.73,26.8021,0.8493,6.0629,359.4516,355.3180,359.9065,0.1035,1.1959,-0.5752,-0.0816,0.0096,0.9966
39.0530,127.73,26.8041,0.8720,6.0514,359.4295,355.3196,359.9056,0.1035,1.1382,-0.5746,-0.0816,0.0100,0.9966
39.0730,127.73,26.8062,0.8952,6.0400,359.4070,355.3212,359.9047,0.1036,1.1581,-0.5743,-0.0816,0.0103,0.9966
39.0930,127.73,26.8083,0.9173,6.0285,359.3868,355.3225,359.9041,0.1036,1.1057,-0.5739,-0.0815,0.0107,0.9966
39.1130,127.73,26.8103,0.9397,6.0170,359.3664,355.3237,359.9034,0.1037,1.1213,-0.5737,-0.0815,0.0111,0.9966
39.1330,127.73,26.8124,0.9612,6.0055,359.3480,355.3247,359.9030,0.1037,1.0736,-0.5734,-0.0815,0.0114,0.9966
39.1530,127.73,26.8145,0.9829,5.9941,359.3295,355.3257,359.9025,0.1038,1.0855,-0.5733,-0.0815,0.0117,0.9966
39.1730,127.73,26.8166,1.0037,5.9826,359.3130,355.3265,359.9022,0.1038,1.0420,-0.5731,-0.0815,0.0120,0.9966
39.1930,127.73,26.8186,1.0248,5.9712,359.2963,355.3272,359.9019,0.1039,1.0507,-0.5731,-0.0815,0.0123,0.9966
39.2130,127.73,26.8207,1.0450,5.9597,359.2815,355.3278,359.9018,0.1040,1.0109,-0.5730,-0.0814,0.0125,0.9966
39.2330,127.73,26.8228,1.0653,5.9482,359.2666,355.3282,359.9016,0.1041,1.0168,-0.5731,-0.0814,0.0128,0.9966
39.2530,127.73,26.8249,1.0888,5.9368,359.2472,355.3290,359.9011,0.1045,1.1763,-0.5742,-0.0814,0.0131,0.9966
39.2730,127.73,26.8270,1.1126,5.9253,359.2272,355.3297,359.9005,0.1046,1.1893,-0.5744,-0.0814,0.0135,0.9966
39.2930,128.49,26.8291,1.1394,5.9137,359.2031,355.3306,359.8995,0.1050,1.3374,-0.5757,-0.0814,0.0139,0.9966
39.3130,128.49,26.8312,1.1665,5.9022,359.1785,355.3315,359.8984,0.1051,1.3564,-0.5761,-0.0814,0.0143,0.9966
39.3330,128.49,26.8333,1.1964,5.8907,359.1503,355.3325,359.8970,0.1055,1.4942,-0.5777,-0.0814,0.0148,0.9966
39.3530,128.49,26.8354,1.2230,5.8790,359.1515,355.3318,359.9004,0.1067,1.3299,-0.5818,-0.0814,0.0148,0.9966
39.3730,128.49,26.8376,1.2518,5.8674,359.1493,355.3313,359.9034,0.1070,1.4426,-0.5832,-0.0814,0.0148,0.9966
39.3930,128.49,26.8397,1.2778,5.8557,359.1603,355.3300,359.9078,0.1072,1.2983,-0.5842,-0.0814,0.0147,0.9966
39.4130,128.49,26.8419,1.3057,5.8440,359.1676,355.3289,359.9118,0.1074,1.3929,-0.5852,-0.0814,0.0145,0.9966
39.4330,128.49,26.8440,1.3310,5.8323,359.1832,355.3273,359.9165,0.1075,1.2653,-0.5854,-0.0815,0.0143,0.9966
39.4530,128.49,26.8462,1.3579,5.8206,359.1952,355.3259,359.9207,0.1076,1.3450,-0.5861,-0.0815,0.0140,0.9966
39.4730,128.49,26.8483,1.3825,5.8088,359.2131,355.3241,359.9255,0.1076,1.2316,-0.5860,-0.0815,0.0137,0.9966
39.4930,128.49,26.8505,1.4085,5.7971,359.2276,355.3226,359.9298,0.1076,1.2987,-0.5864,-0.0815,0.0135,0.9966
39.5130,128.49,26.8526,1.4324,5.7854,359.2465,355.3208,359.9344,0.1075,1.1977,-0.5862,-0.0816,0.0132,0.9966
39.5330,128.49,26.8548,1.4600,5.7736,359.2585,355.3195,359.9384,0.1076,1.3787,-0.5872,-0.0816,0.0129,0.9966
39.5530,128.49,26.8569,1.4873,5.7619,359.2691,355.3183,359.9420,0.1075,1.3662,-0.5868,-0.0816,0.0128,0.9966
39.5730,128.49,26.8591,1.5180,5.7501,359.2737,355.3175,359.9450,0.1075,1.5329,-0.5877,-0.0816,0.0127,0.9966
39.5930,128.49,26.8612,1.5486,5.7384,359.2770,355.3168,359.9478,0.1074,1.5292,-0.5873,-0.0816,0.0126,0.9966
39.6130,128.49,26.8634,1.5822,5.7266,359.2750,355.3163,359.9500,0.1074,1.6831,-0.5881,-0.0816,0.0127,0.9966
39.6330,128.49,26.8659,1.6125,5.7147,359.3351,355.3204,0.0271,0.1238,1.5125,-0.5978,-0.0816,0.0116,0.9966
39.6530,128.49,26.8683,1.6450,5.7027,359.3896,355.3244,0.1017,0.1228,1.6264,-0.5977,-0.0815,0.0107,0.9966
39.6730,128.49,26.8708,1.6745,5.6908,359.4559,355.3272,0.1734,0.1219,1.4755,-0.5982,-0.0815,0.0095,0.9966
39.6930,128.49,26.8731,1.7059,5.6788,359.5156,355.3299,0.2412,0.1198,1.5706,-0.5973,-0.0814,0.0085,0.9966
39.7130,128.49,26.8755,1.7347,5.6669,359.5811,355.3318,0.3052,0.1185,1.4367,-0.5966,-0.0814,0.0073,0.9967
39.7330,128.49,26.8778,1.7650,5.6550,359.6402,355.3336,0.3655,0.1159,1.5168,-0.5950,-0.0814,0.0063,0.9967
39.7530,128.49,26.8801,1.7929,5.6431,359.7024,355.3348,0.4221,0.1143,1.3973,-0.5938,-0.0813,0.0052,0.9967
39.7730,128.49,26.8823,1.8222,5.6313,359.7587,355.3361,0.4752,0.1112,1.4647,-0.5917,-0.0813,0.0042,0.9967
39.7930,128.49,26.8845,1.8494,5.6195,359.8166,355.3368,0.5247,0.1095,1.3577,-0.5902,-0.0813,0.0032,0.9967
39.8130,128.49,26.8867,1.8777,5.6077,359.8689,355.3375,0.5710,0.1061,1.4144,-0.5877,-0.0813,0.0023,0.9967
39.8330,128.49,26.8887,1.9040,5.5960,359.9219,355.3379,0.6139,0.1041,1.3182,-0.5858,-0.0813,0.0014,0.9967
39.8530,128.49,26.8907,1.9314,5.5843,359.9698,355.3383,0.6539,0.1005,1.3655,-0.5830,-0.0813,0.0005,0.9967
39.8730,128.49,26.8927,1.9569,5.5727,0.0177,355.3384,0.6906,0.0983,1.2788,-0.5808,-0.0813,-0.0003,0.9967
39.8930,128.49,26.8946,1.9833,5.5612,0.0609,355.3385,0.7245,0.0945,1.3182,-0.5777,-0.0813,-0.0011,0.9967
39.9130,128.49,26.8964,2.0081,5.5497,0.1038,355.3383,0.7555,0.0921,1.2398,-0.5754,-0.0813,-0.0018,0.9967
39.9330,128.49,26.8982,2.0335,5.5382,0.1423,355.3382,0.7839,0.0883,1.2722,-0.5721,-0.0813,-0.0025,0.9967
39.9530,128.49,26.8999,2.0576,5.5268,0.1802,355.3378,0.8095,0.0857,1.2012,-0.5696,-0.0813,-0.0031,0.9967
39.9730,128.49,26.9016,2.0821,5.5155,0.2140,355.3375,0.8327,0.0818,1.2275,-0.5661,-0.0813,-0.0037,0.9967
39.9930,128.49,26.9031,2.1054,5.5042,0.2470,355.3371,0.8533,0.0791,1.1631,-0.5635,-0.0813,-0.0043,0.9967
40.0130,128.49,26.9046,2.1291,5.4930,0.2763,355.3366,0.8718,0.0751,1.1841,-0.5598,-0.0813,-0.0048,0.9967
40.0330,128.49,26.9061,2.1516,5.4819,0.3048,355.3361,0.8878,0.0723,1.1254,-0.5570,-0.0813,-0.0053,0.9967
40.0530,128.49,26.9075,2.1744,5.4708,0.3297,355.3355,0.9018,0.0683,1.1419,-0.5533,-0.0813,-0.0058,0.9967
40.0730,128.49,26.9088,2.1962,5.4598,0.3538,355.3349,0.9136,0.0655,1.0883,-0.5504,-0.0813,-0.0062,0.9967
40.0930,128.49,26.9100,2.2182,5.4489,0.3747,355.3343,0.9235,0.0615,1.1008,-0.5467,-0.0813,-0.0065,0.9967
40.1130,128.49,26.9112,2.2392,5.4380,0.3945,355.3336,0.9313,0.0586,1.0517,-0.5436,-0.0814,-0.0069,0.9967
40.1330,128.49,26.9123,2.2604,5.4272,0.4115,355.3329,0.9374,0.0547,1.0608,-0.5398,-0.0814,-0.0072,0.9967
40.1530,128.49,26.9133,2.2807,5.4165,0.4275,355.3323,0.9416,0.0517,1.0158,-0.5367,-0.0814,-0.0075,0.9967
40.1730,128.49,26.9143,2.3012,5.4058,0.4409,355.3316,0.9442,0.0478,1.0219,-0.5329,-0.0814,-0.0077,0.9967
40.1930,128.49,26.9151,2.3208,5.3952,0.4532,355.3309,0.9451,0.0448,0.9804,-0.5298,-0.0814,-0.0079,0.9967
40.2130,128.49,26.9160,2.3405,5.3847,0.4632,355.3303,0.9446,0.0411,0.9840,-0.5260,-0.0814,-0.0081,0.9966
40.2330,128.49,26.9167,2.3594,5.3743,0.4722,355.3296,0.9424,0.0381,0.9457,-0.5228,-0.0814,-0.0082,0.9966
40.2530,128.49,26.9174,2.3783,5.3639,0.4790,355.3289,0.9389,0.0344,0.9470,-0.5190,-0.0814,-0.0084,0.9966
40.2730,128.49,26.9181,2.3966,5.3536,0.4848,355.3282,0.9340,0.0314,0.9116,-0.5158,-0.0814,-0.0085,0.9966
40.2930,128.72,26.9186,2.4148,5.3433,0.4887,355.3276,0.9278,0.0279,0.9110,-0.5120,-0.0815,-0.0085,0.9966
40.3130,128.72,26.9191,2.4323,5.3331,0.4917,355.3270,0.9203,0.0249,0.8781,-0.5088,-0.0815,-0.0086,0.9966
40.3330,128.72,26.9195,2.4499,5.3230,0.4928,355.3264,0.9118,0.0215,0.8760,-0.5051,-0.0815,-0.0086,0.9966
40.3530,128.72,26.9199,2.4668,5.3130,0.4932,355.3259,0.9020,0.0186,0.8453,-0.5019,-0.0815,-0.0086,0.9966
40.3730,128.72,26.9202,2.4836,5.3030,0.4919,355.3254,0.8912,0.0154,0.8418,-0.4983,-0.0815,-0.0086,0.9966
40.3930,128.72,26.9205,2.4999,5.2931,0.4899,355.3249,0.8794,0.0126,0.8132,-0.4951,-0.0815,-0.0085,0.9966
40.4130,128.72,26.9207,2.5160,5.2833,0.4863,355.3244,0.8667,0.0094,0.8085,-0.4916,-0.0815,-0.0085,0.9966
40.4330,128.72,26.9208,2.5317,5.2735,0.4821,355.3239,0.8530,0.0067,0.7817,-0.4884,-0.0815,-0.0084,0.9966
40.4530,128.72,26.9209,2.5472,5.2638,0.4765,355.3235,0.8385,0.0037,0.7760,-0.4850,-0.0815,-0.0083,0.9966
40.4730,128.72,26.9209,2.5622,5.2542,0.4703,355.3231,0.8232,0.0011,0.7509,-0.4818,-0.0815,-0.0082,0.9966
40.4930,128.72,26.9209,2.5771,5.2446,0.4629,355.3228,0.8071,-0.0018,0.7443,-0.4785,-0.0815,-0.0081,0.9966
40.5130,128.72,26.9208,2.5915,5.2351,0.4550,355.3224,0.7903,-0.0043,0.7207,-0.4754,-0.0815,-0.0079,0.9966
40.5330,128.72,26.9206,2.6058,5.2257,0.4459,355.3221,0.7729,-0.0070,0.7134,-0.4722,-0.0816,-0.0078,0.9966
40.5530,128.72,26.9204,2.6196,5.2163,0.4364,355.3219,0.7548,-0.0093,0.6912,-0.4692,-0.0816,-0.0076,0.9966
40.5730,128.72,26.9202,2.6333,5.2070,0.4259,355.3217,0.7361,-0.0119,0.6833,-0.4660,-0.0816,-0.0074,0.9966
40.5930,128.72,26.9199,2.6465,5.1977,0.4150,355.3214,0.7169,-0.0141,0.6624,-0.4631,-0.0816,-0.0072,0.9966
40.6130,128.72,26.9196,2.6596,5.1885,0.4032,355.3213,0.6973,-0.0165,0.6540,-0.4601,-0.0816,-0.0070,0.9966
40.6330,128.72,26.9192,2.6723,5.1794,0.3911,355.3211,0.6771,-0.0186,0.6341,-0.4573,-0.0816,-0.0068,0.9966
40.6530,128.72,26.9188,2.6848,5.1703,0.3782,355.3210,0.6566,-0.0208,0.6254,-0.4543,-0.0816,-0.0066,0.9966
40.6730,128.72,26.9183,2.6969,5.1612,0.3650,355.3209,0.6356,-0.0228,0.6065,-0.4516,-0.0816,-0.0064,0.9966
40.6930,128.72,26.9179,2.7089,5.1523,0.3512,355.3208,0.6143,-0.0248,0.5975,-0.4488,-0.0816,-0.0061,0.9966
40.7130,128.72,26.9173,2.7205,5.1434,0.3371,355.3208,0.5927,-0.0266,0.5796,-0.4461,-0.0816,-0.0059,0.9966
40.7330,128.72,26.9168,2.7319,5.1345,0.3225,355.3208,0.5709,-0.0284,0.5703,-0.4435,-0.0816,-0.0056,0.9967
40.7530,128.72,26.9162,2.7429,5.1257,0.3077,355.3208,0.5487,-0.0301,0.5533,-0.4409,-0.0816,-0.0054,0.9967
40.7730,128.72,26.9155,2.7538,5.1169,0.2924,355.3208,0.5264,-0.0318,0.5438,-0.4383,-0.0816,-0.0051,0.9967
40.7930,128.72,26.9148,2.7644,5.1082,0.2770,355.3208,0.5039,-0.0333,0.5276,-0.4359,-0.0816,-0.0048,0.9967
40.8130,128.72,26.9142,2.7747,5.0995,0.2612,355.3209,0.4812,-0.0348,0.5180,-0.4334,-0.0816,-0.0046,0.9967
40.8330,128.72,26.9134,2.7848,5.0909,0.2452,355.3210,0.4584,-0.0361,0.5025,-0.4311,-0.0816,-0.0043,0.9967
40.8530,128.72,26.9127,2.7946,5.0823,0.2290,355.3210,0.4355,-0.0375,0.4928,-0.4288,-0.0816,-0.0040,0.9967
40.8730,128.72,26.9119,2.8042,5.0738,0.2128,355.3211,0.4125,-0.0387,0.4780,-0.4266,-0.0816,-0.0037,0.9967
40.8930,128.72,26.9111,2.8135,5.0653,0.1963,355.3213,0.3895,-0.0398,0.4683,-0.4244,-0.0816,-0.0034,0.9967
40.9130,128.72,26.9103,2.8226,5.0568,0.1798,355.3214,0.3664,-0.0409,0.4541,-0.4222,-0.0816,-0.0031,0.9967
40.9330,128.72,26.9095,2.8315,5.0484,0.1631,355.3215,0.3434,-0.0419,0.4444,-0.4201,-0.0816,-0.0028,0.9967
40.9530,128.72,26.9086,2.8401,5.0401,0.1464,355.3216,0.3204,-0.0428,0.4308,-0.4182,-0.0816,-0.0026,0.9967
40.9730,128.72,26.9077,2.8486,5.0318,0.1297,355.3217,0.2974,-0.0436,0.4211,-0.4162,-0.0816,-0.0023,0.9967
40.9930,128.72,26.9068,2.8567,5.0235,0.1130,355.3219,0.2745,-0.0443,0.4080,-0.4143,-0.0816,-0.0020,0.9967
41.0130,128.72,26.9059,2.8647,5.0152,0.0962,355.3220,0.2517,-0.0450,0.3985,-0.4124,-0.0816,-0.0017,0.9967
41.0330,128.72,26.9050,2.8724,5.0070,0.0796,355.3221,0.2290,-0.0455,0.3859,-0.4106,-0.0816,-0.0014,0.9967
41.0530,128.72,26.9041,2.8799,4.9988,0.0630,355.3222,0.2064,-0.0461,0.3764,-0.4089,-0.0816,-0.0011,0.9967
41.0730,128.72,26.9032,2.8872,4.9907,0.0464,355.3224,0.1840,-0.0465,0.3642,-0.4072,-0.0815,-0.0008,0.9967
41.0930,128.72,26.9022,2.8943,4.9826,0.0300,355.3225,0.1617,-0.0468,0.3549,-0.4056,-0.0815,-0.0005,0.9967
41.1130,128.72,26.9013,2.9012,4.9745,0.0137,355.3226,0.1396,-0.0471,0.3432,-0.4040,-0.0815,-0.0002,0.9967
41.1330,128.72,26.9004,2.9079,4.9664,-0.0026,355.3227,0.1177,-0.0473,0.3339,-0.4025,-0.0815,0.0000,0.9967
41.1530,128.72,26.8994,2.9143,4.9584,359.9814,355.3228,0.0960,-0.0474,0.3227,-0.4010,-0.0815,0.0003,0.9967
41.1730,128.72,26.8985,2.9206,4.9504,359.9655,355.3228,0.0746,-0.0475,0.3136,-0.3996,-0.0815,0.0006,0.9967
41.1930,128.72,26.8975,2.9266,4.9425,359.9498,355.3228,0.0533,-0.0475,0.3027,-0.3983,-0.0815,0.0009,0.9967
41.2130,128.72,26.8966,2.9325,4.9345,359.9343,355.3229,0.0324,-0.0474,0.2937,-0.3970,-0.0815,0.0011,0.9967
41.2330,128.72,26.8956,2.9382,4.9266,359.9190,355.3229,0.0116,-0.0472,0.2832,-0.3957,-0.0815,0.0014,0.9967
41.2530,128.72,26.8947,2.9437,4.9187,359.9039,355.3229,359.9912,-0.0470,0.2744,-0.3945,-0.0815,0.0017,0.9967
41.2730,128.72,26.8937,2.9489,4.9109,359.8890,355.3229,359.9710,-0.0467,0.2643,-0.3933,-0.0815,0.0019,0.9967
41.2930,127.08,26.8928,2.9541,4.9030,359.8744,355.3228,359.9512,-0.0463,0.2557,-0.3922,-0.0815,0.0022,0.9967
41.3130,127.08,26.8919,2.9590,4.8952,359.8601,355.3228,359.9316,-0.0459,0.2459,-0.3911,-0.0815,0.0024,0.9967
41.3330,127.08,26.8910,2.9637,4.8874,359.8460,355.3227,359.9124,-0.0454,0.2374,-0.3901,-0.0815,0.0027,0.9967
41.3530,127.08,26.8901,2.9683,4.8796,359.8322,355.3226,359.8935,-0.0449,0.2279,-0.3891,-0.0815,0.0029,0.9967
41.3730,127.08,26.8892,2.9727,4.8718,359.8186,355.3225,359.8749,-0.0443,0.2196,-0.3882,-0.0815,0.0032,0.9967
41.3930,127.08,26.8883,2.9769,4.8641,359.8054,355.3223,359.8567,-0.0436,0.2105,-0.3873,-0.0816,0.0034,0.9967
41.4130,127.08,26.8875,2.9809,4.8564,359.7924,355.3221,359.8388,-0.0429,0.2024,-0.3864,-0.0816,0.0036,0.9967
41.4330,127.08,26.8866,2.9848,4.8487,359.7798,355.3219,359.8212,-0.0421,0.1935,-0.3856,-0.0816,0.0038,0.9967
41.4530,127.08,26.8858,2.9885,4.8410,359.7675,355.3217,359.8041,-0.0413,0.1856,-0.3848,-0.0816,0.0041,0.9967
41.4730,127.08,26.8850,2.9921,4.8333,359.7554,355.3214,359.7872,-0.0404,0.1770,-0.3841,-0.0816,0.0043,0.9967
41.4930,127.08,26.8842,2.9954,4.8256,359.7437,355.3211,359.7708,-0.0394,0.1693,-0.3834,-0.0816,0.0045,0.9967
41.5130,127.08,26.8834,2.9987,4.8180,359.7324,355.3208,359.7547,-0.0385,0.1610,-0.3827,-0.0816,0.0047,0.9967
41.5330,127.08,26.8827,3.0017,4.8103,359.7214,355.3204,359.7390,-0.0374,0.1534,-0.3821,-0.0816,0.0049,0.9967
41.5530,127.08,26.8820,3.0046,4.8027,359.7107,355.3200,359.7237,-0.0363,0.1454,-0.3815,-0.0816,0.0050,0.9967
41.5730,127.08,26.8813,3.0074,4.7951,359.7003,355.3196,359.7088,-0.0352,0.1381,-0.3809,-0.0816,0.0052,0.9967
41.5930,127.08,26.8806,3.0100,4.7875,359.6903,355.3192,359.6942,-0.0340,0.1303,-0.3804,-0.0816,0.0054,0.9967
41.6130,127.08,26.8799,3.0125,4.7799,359.6807,355.3187,359.6801,-0.0328,0.1231,-0.3798,-0.0816,0.0056,0.9966
41.6330,127.08,26.8793,3.0148,4.7723,359.6714,355.3182,359.6663,-0.0315,0.1156,-0.3794,-0.0816,0.0057,0.9966
41.6530,127.08,26.8787,3.0170,4.7647,359.6624,355.3177,359.6530,-0.0302,0.1086,-0.3789,-0.0816,0.0059,0.9966
41.6730,127.08,26.8781,3.0190,4.7571,359.6538,355.3171,359.6400,-0.0289,0.1013,-0.3785,-0.0816,0.0060,0.9966
41.6930,127.08,26.8776,3.0209,4.7496,359.6456,355.3165,359.6274,-0.0275,0.0945,-0.3781,-0.0816,0.0062,0.9966
41.7130,127.08,26.8770,3.0226,4.7420,359.6377,355.3159,359.6152,-0.0261,0.0875,-0.3777,-0.0817,0.0063,0.9966
41.7330,127.08,26.8765,3.0242,4.7345,359.6302,355.3153,359.6035,-0.0247,0.0809,-0.3774,-0.0817,0.0065,0.9966
41.7530,127.08,26.8761,3.0257,4.7269,359.6230,355.3146,359.5921,-0.0232,0.0741,-0.3770,-0.0817,0.0066,0.9966
41.7730,127.08,26.8756,3.0271,4.7194,359.6162,355.3139,359.5811,-0.0217,0.0676,-0.3767,-0.0817,0.0067,0.9966
41.7930,127.08,26.8752,3.0283,4.7119,359.6097,355.3131,359.5705,-0.0201,0.0610,-0.3764,-0.0817,0.0068,0.9966
41.8130,127.08,26.8749,3.0294,4.7043,359.6036,355.3124,359.5603,-0.0186,0.0548,-0.3761,-0.0817,0.0069,0.9966
41.8330,127.08,26.8745,3.0304,4.6968,359.5979,355.3116,359.5505,-0.0170,0.0484,-0.3759,-0.0817,0.0070,0.9966
41.8530,127.08,26.8742,3.0312,4.6893,359.5925,355.3108,359.5411,-0.0154,0.0423,-0.3756,-0.0817,0.0071,0.9966
41.8730,127.08,26.8740,3.0319,4.6818,359.5874,355.3100,359.5321,-0.0137,0.0362,-0.3754,-0.0818,0.0072,0.9966
41.8930,127.08,26.8737,3.0325,4.6743,359.5827,355.3091,359.5234,-0.0120,0.0303,-0.3752,-0.0818,0.0073,0.9966
41.9130,127.08,26.8735,3.0330,4.6668,359.5783,355.3082,359.5152,-0.0103,0.0243,-0.3750,-0.0818,0.0074,0.9966
41.9330,127.08,26.8733,3.0334,4.6593,359.5743,355.3073,359.5073,-0.0086,0.0186,-0.3748,-0.0818,0.0074,0.9966
41.9530,127.08,26.8732,3.0336,4.6518,359.5707,355.3064,359.4998,-0.0069,0.0128,-0.3747,-0.0818,0.0075,0.9966
41.9730,127.08,26.8731,3.0338,4.6443,359.5673,355.3054,359.4927,-0.0052,0.0073,-0.3745,-0.0818,0.0076,0.9966
41.9930,127.08,26.8730,3.0338,4.6368,359.5643,355.3044,359.4860,-0.0034,0.0017,-0.3743,-0.0819,0.0076,0.9966
42.0130,127.08,26.8730,3.0338,4.6294,359.5617,355.3035,359.4796,-0.0016,-0.0036,-0.3742,-0.0819,0.0077,0.9966
42.0330,127.08,26.8730,3.0336,4.6219,359.5593,355.3025,359.4736,0.0002,-0.0090,-0.3740,-0.0819,0.0077,0.9966
42.0530,127.08,26.8730,3.0333,4.6144,359.5573,355.3014,359.4680,0.0020,-0.0142,-0.3739,-0.0819,0.0077,0.9966
42.0730,127.08,26.8731,3.0329,4.6069,359.5556,355.3004,359.4627,0.0038,-0.0195,-0.3738,-0.0819,0.0078,0.9966
42.0930,127.08,26.8732,3.0324,4.5994,359.5543,355.2993,359.4578,0.0056,-0.0245,-0.3737,-0.0819,0.0078,0.9966
42.1130,127.08,26.8734,3.0318,4.5920,359.5532,355.2982,359.4532,0.0074,-0.0295,-0.3735,-0.0820,0.0078,0.9966
42.1330,127.08,26.8736,3.0311,4.5845,359.5524,355.2972,359.4490,0.0093,-0.0344,-0.3734,-0.0820,0.0078,0.9966
42.1530,127.08,26.8738,3.0303,4.5770,359.5520,355.2961,359.4451,0.0111,-0.0392,-0.3733,-0.0820,0.0078,0.9966
42.1730,127.08,26.8740,3.0295,4.5696,359.5518,355.2950,359.4416,0.0129,-0.0439,-0.3732,-0.0820,0.0078,0.9966
42.1930,127.08,26.8743,3.0285,4.5621,359.5520,355.2938,359.4384,0.0148,-0.0486,-0.3731,-0.0820,0.0078,0.9966
42.2130,127.08,26.8747,3.0274,4.5547,359.5524,355.2927,359.4355,0.0166,-0.0532,-0.3729,-0.0821,0.0078,0.9966
42.2330,127.08,26.8750,3.0263,4.5472,359.5531,355.2916,359.4329,0.0185,-0.0577,-0.3728,-0.0821,0.0078,0.9966
42.2530,127.08,26.8754,3.0250,4.5397,359.5541,355.2904,359.4307,0.0204,-0.0621,-0.3727,-0.0821,0.0078,0.9966
42.2730,127.08,26.8759,3.0237,4.5323,359.5554,355.2893,359.4288,0.0222,-0.0665,-0.3726,-0.0821,0.0078,0.9966
42.2930,127.08,26.8764,3.0223,4.5248,359.5569,355.2881,359.4271,0.0241,-0.0707,-0.3724,-0.0821,0.0077,0.9966
42.3130,126.83,26.8769,3.0208,4.5174,359.5587,355.2870,359.4258,0.0259,-0.0749,-0.3723,-0.0822,0.0077,0.9966
42.3330,126.83,26.8774,3.0192,4.5100,359.5608,355.2858,359.4248,0.0278,-0.0790,-0.3721,-0.0822,0.0077,0.9966
42.3530,126.83,26.8780,3.0176,4.5025,359.5631,355.2846,359.4241,0.0296,-0.0831,-0.3720,-0.0822,0.0076,0.9966
42.3730,126.83,26.8787,3.0158,4.4951,359.5657,355.2834,359.4236,0.0314,-0.0870,-0.3718,-0.0822,0.0076,0.9966
42.3930,126.83,26.8793,3.0140,4.4876,359.5685,355.2823,359.4235,0.0333,-0.0910,-0.3717,-0.0822,0.0075,0.9966
42.4130,126.83,26.8800,3.0121,4.4802,359.5715,355.2811,359.4236,0.0351,-0.0948,-0.3715,-0.0823,0.0075,0.9966
42.4330,126.83,26.8808,3.0101,4.4728,359.5748,355.2800,359.4240,0.0369,-0.0985,-0.3713,-0.0823,0.0074,0.9966
42.4530,126.83,26.8815,3.0081,4.4654,359.5783,355.2788,359.4246,0.0387,-0.1022,-0.3711,-0.0823,0.0074,0.9966
42.4730,126.83,26.8824,3.0060,4.4580,359.5820,355.2776,359.4255,0.0405,-0.1058,-0.3709,-0.0823,0.0073,0.9966
42.4930,126.83,26.8832,3.0038,4.4505,359.5860,355.2765,359.4266,0.0423,-0.1093,-0.3707,-0.0823,0.0072,0.9966
42.5130,126.83,26.8841,3.0015,4.4431,359.5901,355.2754,359.4280,0.0440,-0.1128,-0.3704,-0.0824,0.0072,0.9966
42.5330,126.83,26.8850,2.9992,4.4357,359.5945,355.2742,359.4297,0.0458,-0.1162,-0.3702,-0.0824,0.0071,0.9966
42.5530,126.83,26.8859,2.9968,4.4283,359.5990,355.2731,359.4315,0.0475,-0.1196,-0.3699,-0.0824,0.0070,0.9966
42.5730,126.83,26.8869,2.9943,4.4209,359.6037,355.2720,359.4337,0.0492,-0.1228,-0.3697,-0.0824,0.0069,0.9966
42.5930,126.83,26.8879,2.9918,4.4135,359.6086,355.2709,359.4360,0.0510,-0.1261,-0.3694,-0.0824,0.0068,0.9966
42.6130,126.83,26.8891,2.9910,4.4062,359.6090,355.2731,359.4648,0.0590,-0.0432,-0.3682,-0.0824,0.0068,0.9966
42.6330,126.83,26.8905,2.9907,4.3988,359.6058,355.2791,359.5256,0.0674,-0.0153,-0.3667,-0.0823,0.0069,0.9966
42.6530,126.83,26.8920,2.9916,4.3915,359.5987,355.2881,359.6127,0.0748,0.0464,-0.3655,-0.0821,0.0070,0.9966
42.6730,126.83,26.8936,2.9933,4.3843,359.5883,355.3000,359.7275,0.0818,0.0856,-0.3644,-0.0819,0.0072,0.9966
42.6930,126.83,26.8954,2.9961,4.3770,359.5744,355.3145,359.8667,0.0878,0.1381,-0.3635,-0.0817,0.0074,0.9966
42.7130,126.83,26.8971,2.9978,4.3697,359.5611,355.3277,0.0006,0.0868,0.0866,-0.3633,-0.0815,0.0077,0.9966
42.7330,126.83,26.8988,3.0004,4.3624,359.5455,355.3398,0.1274,0.0851,0.1326,-0.3633,-0.0812,0.0079,0.9967
42.7530,126.83,26.9005,3.0022,4.3552,359.5305,355.3505,0.2475,0.0831,0.0871,-0.3633,-0.0811,0.0082,0.9967
42.7730,126.83,26.9021,3.0047,4.3479,359.5134,355.3602,0.3608,0.0806,0.1275,-0.3635,-0.0809,0.0085,0.9967
42.7930,126.83,26.9036,3.0065,4.3406,359.4969,355.3687,0.4677,0.0782,0.0873,-0.3636,-0.0807,0.0088,0.9967
42.8130,126.83,26.9051,3.0089,4.3334,359.4786,355.3762,0.5683,0.0749,0.1227,-0.3640,-0.0806,0.0091,0.9967
42.8330,126.83,26.9066,3.0107,4.3261,359.4608,355.3827,0.6628,0.0720,0.0872,-0.3643,-0.0805,0.0094,0.9967
42.8530,126.83,26.9079,3.0130,4.3188,359.4415,355.3883,0.7514,0.0682,0.1183,-0.3649,-0.0804,0.0097,0.9967
42.8730,126.83,26.9092,3.0148,4.3115,359.4227,355.3931,0.8342,0.0649,0.0869,-0.3653,-0.0803,0.0101,0.9967
42.8930,126.83,26.9104,3.0171,4.3042,359.4026,355.3970,0.9115,0.0606,0.1142,-0.3661,-0.0802,0.0104,0.9967
42.9130,126.83,26.9116,3.0188,4.2968,359.3830,355.4002,0.9833,0.0569,0.0864,-0.3667,-0.0802,0.0108,0.9967
42.9330,126.83,26.9126,3.0210,4.2895,359.3623,355.4026,1.0500,0.0523,0.1103,-0.3677,-0.0801,0.0111,0.9967
42.9530,126.83,26.9136,3.0227,4.2821,359.3421,355.4044,1.1116,0.0483,0.0857,-0.3684,-0.0801,0.0115,0.9967
42.9730,126.83,26.9145,3.0249,4.2747,359.3210,355.4056,1.1683,0.0434,0.1066,-0.3695,-0.0801,0.0119,0.9967
42.9930,126.83,26.9152,3.0265,4.2673,359.3003,355.4063,1.2203,0.0391,0.0849,-0.3705,-0.0801,0.0122,0.9967
43.0130,126.83,26.9159,3.0286,4.2599,359.2790,355.4064,1.2677,0.0340,0.1032,-0.3718,-0.0801,0.0126,0.9967
43.0330,126.83,26.9165,3.0303,4.2524,359.2581,355.4060,1.3107,0.0295,0.0841,-0.3729,-0.0801,0.0129,0.9967
43.0530,126.83,26.9170,3.0323,4.2449,359.2366,355.4052,1.3495,0.0242,0.1000,-0.3743,-0.0801,0.0133,0.9967
43.0730,126.83,26.9174,3.0340,4.2374,359.2157,355.4039,1.3841,0.0196,0.0831,-0.3756,-0.0801,0.0137,0.9967
43.0930,126.83,26.9177,3.0359,4.2299,359.1943,355.4023,1.4149,0.0142,0.0969,-0.3772,-0.0802,0.0141,0.9967
43.1130,126.83,26.9179,3.0375,4.2223,359.1735,355.4004,1.4417,0.0094,0.0820,-0.3786,-0.0802,0.0144,0.9967
43.1330,126.83,26.9179,3.0394,4.2147,359.1523,355.3982,1.4650,0.0040,0.0941,-0.3803,-0.0802,0.0148,0.9967
43.1530,126.83,26.9179,3.0410,4.2070,359.1317,355.3957,1.4846,-0.0009,0.0809,-0.3819,-0.0803,0.0152,0.9967
43.1730,126.83,26.9178,3.0429,4.1994,359.1108,355.3930,1.5009,-0.0063,0.0914,-0.3837,-0.0803,0.0155,0.9966
43.1930,126.83,26.9176,3.0445,4.1917,359.0905,355.3901,1.5138,-0.0112,0.0798,-0.3854,-0.0804,0.0159,0.9966
43.2130,126.83,26.9172,3.0462,4.1839,359.0701,355.3870,1.5237,-0.0165,0.0888,-0.3874,-0.0804,0.0162,0.9966
43.2330,126.83,26.9168,3.0478,4.1761,359.0503,355.3838,1.5305,-0.0214,0.0786,-0.3893,-0.0805,0.0166,0.9966
43.2530,126.83,26.9163,3.0495,4.1683,359.0305,355.3804,1.5345,-0.0267,0.0864,-0.3914,-0.0805,0.0169,0.9966
43.2730,126.83,26.9157,3.0511,4.1604,359.0113,355.3769,1.5356,-0.0316,0.0774,-0.3933,-0.0806,0.0173,0.9966
43.2930,126.83,26.9149,3.0528,4.1525,358.9922,355.3734,1.5342,-0.0368,0.0842,-0.3956,-0.0806,0.0176,0.9966
43.3130,128.39,26.9141,3.0543,4.1446,358.9736,355.3698,1.5301,-0.0415,0.0762,-0.3976,-0.0807,0.0179,0.9966
43.3330,128.39,26.9132,3.0559,4.1366,358.9552,355.3661,1.5237,-0.0466,0.0820,-0.4000,-0.0808,0.0182,0.9966
43.3530,128.39,26.9121,3.0574,4.1285,358.9375,355.3625,1.5149,-0.0513,0.0750,-0.4022,-0.0808,0.0185,0.9966
43.3730,128.39,26.9110,3.0590,4.1204,358.9200,355.3588,1.5039,-0.0562,0.0800,-0.4046,-0.0809,0.0188,0.9965
43.3930,128.39,26.9098,3.0605,4.1123,358.9031,355.3551,1.4907,-0.0607,0.0738,-0.4069,-0.0810,0.0191,0.9965
43.4130,128.39,26.9085,3.0621,4.1041,358.8864,355.3515,1.4756,-0.0654,0.0781,-0.4094,-0.0810,0.0194,0.9965
43.4330,128.39,26.9071,3.0635,4.0959,358.8705,355.3479,1.4586,-0.0698,0.0726,-0.4118,-0.0811,0.0197,0.9965
43.4530,128.39,26.9056,3.0650,4.0876,358.8549,355.3443,1.4397,-0.0743,0.0763,-0.4143,-0.0812,0.0200,0.9965
43.4730,128.39,26.9041,3.0681,4.0792,358.8368,355.3447,1.4481,-0.0744,0.1508,-0.4174,-0.0811,0.0203,0.9965
43.4930,128.39,26.9027,3.0716,4.0708,358.8177,355.3495,1.4883,-0.0723,0.1774,-0.4197,-0.0811,0.0206,0.9965
43.5130,128.39,26.9012,3.0763,4.0624,358.7967,355.3578,1.5547,-0.0724,0.2352,-0.4228,-0.0809,0.0210,0.9965
43.5330,128.39,26.8998,3.0817,4.0539,358.7746,355.3696,1.6489,-0.0718,0.2710,-0.4255,-0.0807,0.0214,0.9965
43.5530,128.39,26.8982,3.0864,4.0453,358.7546,355.3801,1.7362,-0.0768,0.2310,-0.4278,-0.0805,0.0217,0.9965
43.5730,128.39,26.8966,3.0916,4.0367,358.7341,355.3893,1.8164,-0.0840,0.2621,-0.4313,-0.0804,0.0221,0.9965
43.5930,128.39,26.8948,3.0961,4.0280,358.7156,355.3972,1.8886,-0.0897,0.2269,-0.4338,-0.0802,0.0224,0.9965
43.6130,128.39,26.8928,3.1012,4.0193,358.6967,355.4039,1.9540,-0.0973,0.2536,-0.4374,-0.0801,0.0227,0.9965
43.6330,128.39,26.8908,3.1057,4.0105,358.6796,355.4095,2.0120,-0.1033,0.2226,-0.4401,-0.0800,0.0230,0.9965
43.6530,128.39,26.8885,3.1106,4.0016,358.6623,355.4141,2.0638,-0.1110,0.2456,-0.4438,-0.0799,0.0233,0.9965
43.6730,128.39,26.8862,3.1149,3.9927,358.6467,355.4178,2.1087,-0.1173,0.2183,-0.4466,-0.0799,0.0236,0.9965
43.6930,128.39,26.8837,3.1197,3.9837,358.6309,355.4206,2.1478,-0.1251,0.2379,-0.4503,-0.0798,0.0239,0.9965
43.7130,128.39,26.8811,3.1240,3.9746,358.6166,355.4225,2.1807,-0.1315,0.2140,-0.4532,-0.0798,0.0241,0.9965
43.7330,128.39,26.8783,3.1286,3.9655,358.6024,355.4239,2.2081,-0.1393,0.2306,-0.4570,-0.0798,0.0244,0.9965
43.7530,128.39,26.8754,3.1328,3.9563,358.5896,355.4245,2.2297,-0.1458,0.2095,-0.4600,-0.0797,0.0246,0.9965
43.7730,128.39,26.8723,3.1372,3.9470,358.5768,355.4245,2.2464,-0.1535,0.2236,-0.4638,-0.0797,0.0248,0.9965
43.7930,128.39,26.8691,3.1414,3.9376,358.5654,355.4240,2.2577,-0.1601,0.2051,-0.4670,-0.0798,0.0250,0.9965
43.8130,128.39,26.8657,3.1457,3.9282,358.5541,355.4230,2.2645,-0.1677,0.2170,-0.4707,-0.0798,0.0252,0.9965
43.8330,128.39,26.8622,3.1497,3.9187,358.5441,355.4215,2.2663,-0.1742,0.2007,-0.4740,-0.0798,0.0254,0.9965
43.8530,128.39,26.8586,3.1539,3.9092,358.5343,355.4197,2.2640,-0.1816,0.2107,-0.4777,-0.0798,0.0256,0.9965
43.8730,128.39,26.8549,3.1578,3.8996,358.5257,355.4175,2.2572,-0.1881,0.1963,-0.4810,-0.0799,0.0257,0.9965
43.8930,128.39,26.8510,3.1619,3.8899,358.5173,355.4151,2.2466,-0.1953,0.2046,-0.4848,-0.0799,0.0259,0.9965
43.9130,128.39,26.8469,3.1658,3.8801,358.5101,355.4124,2.2320,-0.2016,0.1919,-0.4881,-0.0800,0.0260,0.9965
43.9330,128.39,26.8427,3.1698,3.8703,358.5032,355.4094,2.2138,-0.2085,0.1988,-0.4919,-0.0800,0.0261,0.9965
43.9530,128.39,26.8385,3.1735,3.8604,358.4973,355.4063,2.1920,-0.2147,0.1876,-0.4953,-0.0801,0.0262,0.9964
43.9730,128.39,26.8340,3.1774,3.8504,358.4918,355.4030,2.1670,-0.2213,0.1933,-0.4990,-0.0801,0.0263,0.9964
43.9930,128.39,26.8295,3.1810,3.8403,358.4872,355.3995,2.1387,-0.2272,0.1833,-0.5024,-0.0802,0.0264,0.9964
44.0130,128.39,26.8248,3.1848,3.8302,358.4831,355.3960,2.1076,-0.2335,0.1879,-0.5060,-0.0802,0.0265,0.9964
44.0330,128.39,26.8200,3.1884,3.8200,358.4799,355.3924,2.0734,-0.2392,0.1791,-0.5094,-0.0803,0.0265,0.9964
44.0530,128.39,26.8151,3.1920,3.8098,358.4771,355.3887,2.0367,-0.2451,0.1828,-0.5131,-0.0804,0.0266,0.9964
44.0730,128.39,26.8101,3.1955,3.7994,358.4753,355.3850,1.9974,-0.2505,0.1749,-0.5164,-0.0804,0.0266,0.9964
44.0930,128.39,26.8050,3.1991,3.7890,358.4738,355.3813,1.9558,-0.2561,0.1779,-0.5200,-0.0805,0.0266,0.9964
44.1130,128.39,26.7998,3.2025,3.7786,358.4733,355.3776,1.9118,-0.2611,0.1709,-0.5234,-0.0806,0.0266,0.9964
44.1330,128.39,26.7944,3.2075,3.7679,358.4941,355.3746,1.8670,-0.2681,0.2501,-0.5335,-0.0806,0.0263,0.9964
44.1530,128.39,26.7890,3.2131,3.7570,358.5422,355.3721,1.8208,-0.2732,0.2777,-0.5433,-0.0807,0.0254,0.9964
44.1730,128.39,26.7834,3.2198,3.7460,358.6125,355.3702,1.7737,-0.2791,0.3350,-0.5526,-0.0807,0.0242,0.9964
44.1930,128.39,26.7777,3.2272,3.7348,358.7062,355.3687,1.7256,-0.2842,0.3737,-0.5613,-0.0807,0.0226,0.9965
44.2130,128.39,26.7719,3.2357,3.7234,358.8208,355.3674,1.6767,-0.2895,0.4226,-0.5693,-0.0807,0.0206,0.9965
44.2330,128.39,26.7660,3.2450,3.7118,358.9562,355.3663,1.6271,-0.2943,0.4645,-0.5767,-0.0808,0.0182,0.9966
44.2530,128.39,26.7601,3.2533,3.7003,359.0881,355.3649,1.5749,-0.2973,0.4147,-0.5765,-0.0808,0.0159,0.9966
44.2730,128.39,26.7540,3.2623,3.6888,359.2121,355.3634,1.5220,-0.3022,0.4496,-0.5765,-0.0808,0.0138,0.9966
44.2930,128.39,26.7479,3.2704,3.6773,359.3311,355.3617,1.4670,-0.3050,0.4056,-0.5755,-0.0809,0.0117,0.9967
44.3130,127.06,26.7417,3.2791,3.6658,359.4426,355.3600,1.4115,-0.3093,0.4352,-0.5746,-0.0809,0.0097,0.9967
44.3330,127.06,26.7355,3.2870,3.6543,359.5492,355.3581,1.3543,-0.3120,0.3963,-0.5731,-0.0809,0.0079,0.9967
44.3530,127.06,26.7292,3.2954,3.6429,359.6488,355.3563,1.2967,-0.3158,0.4214,-0.5715,-0.0810,0.0061,0.9967
44.3730,127.06,26.7228,3.3032,3.6315,359.7437,355.3544,1.2377,-0.3182,0.3868,-0.5695,-0.0810,0.0045,0.9967
44.3930,127.06,26.7164,3.3113,3.6202,359.8321,355.3526,1.1785,-0.3214,0.4080,-0.5672,-0.0810,0.0029,0.9967
44.4130,127.06,26.7099,3.3189,3.6089,359.9160,355.3507,1.1182,-0.3236,0.3772,-0.5647,-0.0811,0.0015,0.9967
44.4330,127.06,26.7034,3.3282,3.5975,0.0146,355.3487,1.0585,-0.3272,0.4665,-0.5665,-0.0811,-0.0003,0.9967
44.4530,127.06,26.6968,3.3379,3.5861,0.1374,355.3463,0.9991,-0.3291,0.4829,-0.5696,-0.0811,-0.0024,0.9967
44.4730,127.06,26.6902,3.3487,3.5747,0.2773,355.3434,0.9404,-0.3317,0.5426,-0.5708,-0.0812,-0.0048,0.9967
44.4930,127.06,26.6835,3.3602,3.5633,0.4371,355.3400,0.8820,-0.3335,0.5748,-0.5720,-0.0812,-0.0076,0.9967
44.5130,127.06,26.6768,3.3727,3.5518,0.6135,355.3362,0.8243,-0.3355,0.6230,-0.5718,-0.0813,-0.0107,0.9966
44.5330,127.06,26.6700,3.3839,3.5405,0.7822,355.3324,0.7654,-0.3365,0.5615,-0.5669,-0.0814,-0.0137,0.9966
44.5530,127.06,26.6633,3.3960,3.5293,0.9392,355.3290,0.7069,-0.3385,0.6024,-0.5594,-0.0814,-0.0164,0.9965
44.5730,127.06,26.6565,3.4069,3.5183,1.0871,355.3258,0.6476,-0.3393,0.5475,-0.5533,-0.0815,-0.0190,0.9965
44.5930,127.06,26.6497,3.4186,3.5074,1.2240,355.3230,0.5888,-0.3408,0.5825,-0.5450,-0.0815,-0.0214,0.9964
44.6130,127.06,26.6428,3.4292,3.4966,1.3522,355.3203,0.5294,-0.3414,0.5333,-0.5383,-0.0816,-0.0236,0.9964
44.6330,127.06,26.6360,3.4405,3.4860,1.4702,355.3181,0.4707,-0.3425,0.5632,-0.5292,-0.0816,-0.0257,0.9963
44.6530,127.06,26.6291,3.4509,3.4756,1.5799,355.3162,0.4117,-0.3428,0.5189,-0.5220,-0.0816,-0.0276,0.9963
44.6730,127.06,26.6223,3.4618,3.4653,1.6800,355.3146,0.3533,-0.3435,0.5444,-0.5123,-0.0816,-0.0293,0.9962
44.6930,127.06,26.6154,3.4737,3.4552,1.7985,355.3120,0.2961,-0.3436,0.5959,-0.5074,-0.0817,-0.0314,0.9962
44.7130,127.06,26.6085,3.4863,3.4451,1.9366,355.3081,0.2401,-0.3433,0.6306,-0.5029,-0.0818,-0.0338,0.9961
44.7330,127.06,26.6017,3.4998,3.4352,2.0919,355.3031,0.1853,-0.3430,0.6751,-0.4969,-0.0818,-0.0365,0.9960
44.7530,127.06,26.5948,3.5140,3.4254,2.2646,355.2969,0.1318,-0.3424,0.7122,-0.4906,-0.0819,-0.0395,0.9959
44.7730,127.06,26.5880,3.5291,3.4157,2.4530,355.2896,0.0796,-0.3418,0.7532,-0.4832,-0.0820,-0.0428,0.9957
44.7930,127.06,26.5812,3.5430,3.4062,2.6295,355.2831,0.0274,-0.3413,0.6933,-0.4736,-0.0821,-0.0459,0.9956
44.8130,127.06,26.5743,3.5575,3.3971,2.7918,355.2776,359.9762,-0.3409,0.7281,-0.4587,-0.0822,-0.0487,0.9954
44.8330,127.06,26.5675,3.5710,3.3881,2.9411,355.2729,359.9251,-0.3403,0.6743,-0.4479,-0.0823,-0.0513,0.9953
44.8530,127.06,26.5607,3.5851,3.3794,3.0772,355.2690,359.8751,-0.3396,0.7037,-0.4324,-0.0824,-0.0537,0.9952
44.8730,127.06,26.5540,3.5982,3.3710,3.2011,355.2660,359.8253,-0.3388,0.6553,-0.4209,-0.0824,-0.0558,0.9950
44.8930,127.06,26.5472,3.6118,3.3629,3.3126,355.2638,359.7766,-0.3378,0.6800,-0.4050,-0.0824,-0.0578,0.9949
44.9130,127.06,26.5405,3.6264,3.3551,3.4414,355.2600,359.7292,-0.3361,0.7278,-0.3936,-0.0825,-0.0600,0.9948
44.9330,127.06,26.5338,3.6416,3.3474,3.5884,355.2544,359.6833,-0.3342,0.7600,-0.3829,-0.0826,-0.0626,0.9946
44.9530,127.06,26.5272,3.6576,3.3400,3.7515,355.2472,359.6390,-0.3322,0.8018,-0.3706,-0.0827,-0.0654,0.9944
44.9730,127.06,26.5206,3.6743,3.3328,3.9308,355.2385,359.5963,-0.3300,0.8360,-0.3581,-0.0828,-0.0686,0.9942
44.9930,127.06,26.5140,3.6918,3.3259,4.1247,355.2283,359.5551,-0.3278,0.8743,-0.3444,-0.0830,-0.0719,0.9940
45.0130,127.06,26.5075,3.7081,3.3193,4.3029,355.2197,359.5145,-0.3265,0.8127,-0.3309,-0.0831,-0.0750,0.9937
45.0330,127.06,26.5010,3.7250,3.3131,4.4647,355.2126,359.4750,-0.3248,0.8449,-0.3097,-0.0832,-0.0778,0.9935
45.0530,127.06,26.4945,3.7408,3.3072,4.6100,355.2071,359.4363,-0.3234,0.7898,-0.2949,-0.0833,-0.0804,0.9933
45.0730,127.06,26.4881,3.7571,3.3018,4.7401,355.2030,359.3987,-0.3216,0.8163,-0.2734,-0.0833,-0.0826,0.9931
45.0930,127.06,26.4817,3.7724,3.2966,4.8548,355.2003,359.3619,-0.3200,0.7671,-0.2578,-0.0834,-0.0846,0.9929
45.1130,127.06,26.4753,3.7896,3.2919,4.9787,355.1963,359.3262,-0.3172,0.8602,-0.2350,-0.0834,-0.0868,0.9927
45.1330,127.06,26.4691,3.8068,3.2874,5.1249,355.1898,359.2927,-0.3142,0.8561,-0.2230,-0.0835,-0.0893,0.9925
45.1530,127.06,26.4628,3.8251,3.2834,5.2831,355.1817,359.2605,-0.3113,0.9188,-0.2023,-0.0836,-0.0921,0.9922
45.1730,127.06,26.4567,3.8438,3.2797,5.4592,355.1715,359.2303,-0.3082,0.9333,-0.1867,-0.0838,-0.0951,0.9919
45.1930,127.06,26.4506,3.8634,3.2763,5.6478,355.1600,359.2014,-0.3052,0.9811,-0.1662,-0.0840,-0.0984,0.9916
45.2130,127.06,26.4445,3.8816,3.2733,5.8169,355.1507,359.1737,-0.3036,0.9078,-0.1503,-0.0841,-0.1013,0.9913
45.2330,127.06,26.4385,3.9005,3.2709,5.9678,355.1435,359.1470,-0.3012,0.9474,-0.1228,-0.0842,-0.1040,0.9910
45.2530,127.06,26.4325,3.9182,3.2688,6.0990,355.1386,359.1213,-0.2995,0.8833,-0.1054,-0.0843,-0.1062,0.9908
45.2730,127.06,26.4265,3.9365,3.2672,6.2133,355.1355,359.0967,-0.2971,0.9148,-0.0782,-0.0843,-0.1082,0.9905
45.2930,127.06,26.4206,3.9537,3.2660,6.3095,355.1344,359.0731,-0.2953,0.8588,-0.0599,-0.0843,-0.1099,0.9904
45.3130,127.06,26.4148,3.9727,3.2654,6.4139,355.1320,359.0503,-0.2919,0.9498,-0.0307,-0.0843,-0.1117,0.9902
45.3330,128.08,26.4090,3.9915,3.2651,6.5412,355.1265,359.0299,-0.2885,0.9404,-0.0155,-0.0844,-0.1139,0.9899
45.3530,128.08,26.4033,4.0115,3.2653,6.6799,355.1194,359.0106,-0.2852,0.9997,0.0104,-0.0845,-0.1163,0.9896
45.3730,128.08,26.3977,4.0317,3.2659,6.8368,355.1099,358.9932,-0.2818,1.0110,0.0297,-0.0846,-0.1190,0.9893
45.3930,128.08,26.3921,4.0527,3.2670,7.0056,355.0988,358.9770,-0.2785,1.0525,0.0545,-0.0848,-0.1220,0.9889
45.4130,128.08,26.3866,4.0724,3.2685,7.1523,355.0907,358.9622,-0.2768,0.9838,0.0734,-0.0849,-0.1245,0.9886
45.4330,128.08,26.3811,4.0927,3.2705,7.2798,355.0851,358.9483,-0.2743,1.0166,0.1048,-0.0850,-0.1267,0.9883
45.4530,128.08,26.3756,4.1119,3.2731,7.3856,355.0822,358.9356,-0.2725,0.9580,0.1253,-0.0850,-0.1285,0.9881
45.4730,128.08,26.3702,4.1316,3.2762,7.4736,355.0814,358.9238,-0.2701,0.9823,0.1559,-0.0850,-0.1301,0.9879
45.4930,128.08,26.3649,4.1517,3.2798,7.5767,355.0784,358.9130,-0.2669,1.0062,0.1797,-0.0850,-0.1319,0.9876
45.5130,128.08,26.3596,4.1724,3.2839,7.6944,355.0733,358.9032,-0.2636,1.0342,0.2045,-0.0851,-0.1339,0.9873
45.5330,128.08,26.3544,4.1935,3.2884,7.8267,355.0662,358.8946,-0.2604,1.0582,0.2291,-0.0852,-0.1362,0.9870
45.5530,128.08,26.3493,4.2152,3.2935,7.9721,355.0573,358.8872,-0.2572,1.0835,0.2546,-0.0853,-0.1387,0.9867
45.5730,128.08,26.3442,4.2373,3.2991,8.1301,355.0468,358.8809,-0.2541,1.1064,0.2803,-0.0855,-0.1414,0.9863
45.5930,128.08,26.3391,4.2584,3.3052,8.2647,355.0395,358.8760,-0.2524,1.0538,0.3033,-0.0856,-0.1437,0.9859
45.6130,128.08,26.3341,4.2798,3.3119,8.3786,355.0351,358.8720,-0.2503,1.0703,0.3361,-0.0856,-0.1457,0.9856
45.6330,128.08,26.3292,4.3003,3.3191,8.4695,355.0337,358.8692,-0.2486,1.0259,0.3606,-0.0856,-0.1473,0.9854
45.6530,128.08,26.3242,4.3210,3.3270,8.5411,355.0348,358.8672,-0.2465,1.0358,0.3926,-0.0856,-0.1485,0.9852
45.6730,128.08,26.3193,4.3410,3.3353,8.5917,355.0385,358.8662,-0.2448,0.9982,0.4178,-0.0855,-0.1494,0.9851
45.6930,128.08,26.3145,4.3622,3.3444,8.6517,355.0406,358.8653,-0.2419,1.0605,0.4518,-0.0855,-0.1504,0.9849
45.7130,128.08,26.3097,4.3833,3.3538,8.7319,355.0396,358.8658,-0.2389,1.0537,0.4731,-0.0855,-0.1518,0.9847
45.7330,128.08,26.3050,4.4052,3.3639,8.8236,355.0370,358.8668,-0.2361,1.0955,0.5039,-0.0855,-0.1534,0.9845
45.7530,128.08,26.3003,4.4272,3.3745,8.9311,355.0322,358.8689,-0.2334,1.1001,0.5283,-0.0855,-0.1552,0.9842
45.7730,128.08,26.2957,4.4498,3.3857,9.0495,355.0258,358.8716,-0.2307,1.1306,0.5580,-0.0856,-0.1573,0.9838
45.7930,128.08,26.2911,4.4713,3.3973,9.1429,355.0230,358.8755,-0.2293,1.0731,0.5817,-0.0857,-0.1589,0.9836
45.8130,128.08,26.2866,4.4932,3.4096,9.2157,355.0229,358.8802,-0.2276,1.0941,0.6172,-0.0856,-0.1602,0.9834
45.8330,128.08,26.2821,4.5141,3.4225,9.2644,355.0259,358.8860,-0.2262,1.0477,0.6427,-0.0856,-0.1610,0.9832
45.8530,128.08,26.2776,4.5353,3.4360,9.2940,355.0313,358.8923,-0.2246,1.0597,0.6766,-0.0855,-0.1615,0.9832
45.8730,128.08,26.2731,4.5557,3.4501,9.3020,355.0392,358.8994,-0.2232,1.0220,0.7028,-0.0853,-0.1616,0.9832
45.8930,128.08,26.2687,4.5763,3.4648,9.2922,355.0492,358.9068,-0.2217,1.0273,0.7352,-0.0852,-0.1615,0.9832
45.9130,128.08,26.2642,4.5978,3.4803,9.2636,355.0663,358.8885,-0.2257,1.0778,0.7746,-0.0849,-0.1610,0.9833
45.9330,128.08,26.2596,4.6199,3.4965,9.2148,355.0906,358.8427,-0.2301,1.1006,0.8095,-0.0845,-0.1601,0.9835
45.9530,128.08,26.2549,4.6427,3.5134,9.1482,355.1208,358.7720,-0.2335,1.1398,0.8464,-0.0840,-0.1590,0.9837
45.9730,128.08,26.2501,4.6660,3.5310,9.0636,355.1566,358.6764,-0.2367,1.1683,0.8811,-0.0834,-0.1575,0.9840
45.9930,128.08,26.2455,4.6884,3.5491,8.9605,355.1925,358.5845,-0.2340,1.1167,0.9032,-0.0828,-0.1558,0.9843
46.0130,128.08,26.2409,4.7110,3.5678,8.8453,355.2274,358.4969,-0.2299,1.1329,0.9344,-0.0822,-0.1538,0.9847
46.0330,128.08,26.2363,4.7328,3.5869,8.7146,355.2618,358.4143,-0.2262,1.0916,0.9568,-0.0816,-0.1515,0.9851
46.0530,128.08,26.2319,4.7548,3.6066,8.5727,355.2954,358.3359,-0.2216,1.0996,0.9854,-0.0811,-0.1491,0.9855
46.0730,128.08,26.2276,4.7762,3.6268,8.4175,355.3284,358.2623,-0.2173,1.0659,1.0076,-0.0806,-0.1464,0.9859
46.0930,128.08,26.2233,4.7975,3.6474,8.2520,355.3607,358.1928,-0.2122,1.0681,1.0340,-0.0800,-0.1435,0.9864
46.1130,128.08,26.2192,4.8183,3.6686,8.0748,355.3923,358.1277,-0.2074,1.0400,1.0556,-0.0795,-0.1405,0.9869
46.1330,128.08,26.2151,4.8406,3.6904,7.8887,355.4269,358.0416,-0.2057,1.1122,1.0900,-0.0790,-0.1373,0.9874
46.1530,128.08,26.2109,4.8630,3.7127,7.6891,355.4659,357.9290,-0.2062,1.1216,1.1156,-0.0783,-0.1338,0.9879
46.1730,128.08,26.2069,4.8864,3.7356,7.4804,355.5073,357.7947,-0.2042,1.1695,1.1448,-0.0777,-0.1302,0.9884
46.1930,128.08,26.2029,4.9085,3.7587,7.2581,355.5482,357.6677,-0.1986,1.1033,1.1593,-0.0770,-0.1263,0.9890
46.2130,128.08,26.1991,4.9311,3.7824,7.0307,355.5869,357.5475,-0.1896,1.1341,1.1840,-0.0764,-0.1224,0.9895
46.2330,128.08,26.1954,4.9528,3.8064,6.7934,355.6245,357.4356,-0.1826,1.0817,1.1983,-0.0758,-0.1183,0.9901
46.2530,128.08,26.1920,4.9748,3.8308,6.5515,355.6601,357.3304,-0.1731,1.1009,1.2196,-0.0752,-0.1141,0.9906
46.2730,128.08,26.1887,4.9960,3.8555,6.3019,355.6946,357.2332,-0.1653,1.0584,1.2334,-0.0746,-0.1098,0.9912
46.2930,128.08,26.1856,5.0174,3.8805,6.0485,355.7274,357.1423,-0.1553,1.0695,1.2517,-0.0741,-0.1054,0.9917
46.3130,128.08,26.1826,5.0381,3.9058,5.7890,355.7590,357.0588,-0.1468,1.0343,1.2646,-0.0736,-0.1009,0.9922
46.3330,128.32,26.1799,5.0589,3.9314,5.5262,355.7889,356.9816,-0.1365,1.0395,1.2803,-0.0731,-0.0963,0.9927
46.3530,128.32,26.1774,5.0802,3.9572,5.2931,355.8100,356.9102,-0.1243,1.0664,1.2902,-0.0728,-0.0923,0.9931
46.3730,128.32,26.1752,5.1018,3.9831,5.0916,355.8218,356.8453,-0.1121,1.0830,1.2978,-0.0726,-0.0887,0.9934
46.3930,128.32,26.1732,5.1240,4.0093,4.9193,355.8253,356.7869,-0.0995,1.1069,1.3059,-0.0725,-0.0858,0.9937
46.4130,128.32,26.1714,5.1465,4.0355,4.7757,355.8208,356.7352,-0.0869,1.1254,1.3129,-0.0726,-0.0833,0.9939
46.4330,128.32,26.1699,5.1681,4.0620,4.6236,355.8175,356.6911,-0.0779,1.0802,1.3219,-0.0727,-0.0806,0.9941
46.4530,128.32,26.1686,5.1900,4.0887,4.4647,355.8149,356.6526,-0.0662,1.0934,1.3349,-0.0728,-0.0778,0.9943
46.4730,128.32,26.1674,5.2111,4.1155,4.2970,355.8136,356.6211,-0.0569,1.0555,1.3437,-0.0728,-0.0749,0.9945
46.4930,128.32,26.1665,5.2323,4.1426,4.1232,355.8128,356.5949,-0.0453,1.0629,1.3549,-0.0728,-0.0719,0.9947
46.5130,128.32,26.1658,5.2529,4.1699,3.9420,355.8131,356.5750,-0.0356,1.0305,1.3628,-0.0728,-0.0687,0.9950
46.5330,128.32,26.1653,5.2736,4.1973,3.7555,355.8139,356.5601,-0.0242,1.0335,1.3723,-0.0728,-0.0655,0.9952
46.5530,128.32,26.1650,5.2937,4.2249,3.5627,355.8154,356.5509,-0.0144,1.0055,1.3791,-0.0728,-0.0621,0.9954
46.5730,128.32,26.1650,5.3149,4.2526,3.3946,355.8100,356.5452,0.0003,1.0599,1.3843,-0.0729,-0.0592,0.9956
46.5930,128.32,26.1653,5.3362,4.2803,3.2603,355.7959,356.5465,0.0130,1.0637,1.3837,-0.0732,-0.0569,0.9957
46.6130,128.32,26.1658,5.3582,4.3080,3.1522,355.7752,356.5523,0.0269,1.1005,1.3862,-0.0736,-0.0550,0.9958
46.6330,128.32,26.1666,5.3805,4.3357,3.0730,355.7477,356.5640,0.0398,1.1148,1.3863,-0.0740,-0.0536,0.9958
46.6530,128.32,26.1677,5.4034,4.3635,3.0190,355.7144,356.5804,0.0531,1.1435,1.3879,-0.0746,-0.0527,0.9958
46.6730,128.32,26.1690,5.4266,4.3913,2.9907,355.6757,356.6021,0.0658,1.1622,1.3886,-0.0753,-0.0522,0.9958
46.6930,128.32,26.1705,5.4489,4.4191,2.9506,355.6408,356.6295,0.0742,1.1152,1.3934,-0.0759,-0.0515,0.9958
46.7130,128.32,26.1722,5.4715,4.4471,2.9000,355.6092,356.6603,0.0853,1.1290,1.4012,-0.0765,-0.0506,0.9958
46.7330,128.32,26.1741,5.4933,4.4753,2.8372,355.5814,356.6960,0.0936,1.0889,1.4063,-0.0769,-0.0495,0.9958
46.7530,128.32,26.1762,5.5152,4.5035,2.7648,355.5565,356.7348,0.1041,1.0972,1.4131,-0.0774,-0.0482,0.9958
46.7730,128.32,26.1784,5.5365,4.5319,2.6817,355.5346,356.7778,0.1123,1.0627,1.4177,-0.0778,-0.0468,0.9959
46.7930,128.32,26.1809,5.5589,4.5603,2.6185,355.5086,356.8225,0.1254,1.1213,1.4203,-0.0782,-0.0457,0.9959
46.8130,128.32,26.1836,5.5814,4.5886,2.5857,355.4764,356.8731,0.1365,1.1234,1.4175,-0.0788,-0.0451,0.9959
46.8330,128.32,26.1866,5.6046,4.6170,2.5751,355.4402,356.9264,0.1483,1.1611,1.4182,-0.0794,-0.0449,0.9958
46.8530,128.32,26.1898,5.6281,4.6453,2.5899,355.3994,356.9840,0.1590,1.1748,1.4169,-0.0801,-0.0452,0.9958
46.8730,128.32,26.1932,5.6522,4.6737,2.6260,355.3554,357.0446,0.1699,1.2034,1.4173,-0.0809,-0.0458,0.9957
46.8930,128.32,26.1967,5.6751,4.7021,2.6469,355.3164,357.1094,0.1760,1.1468,1.4214,-0.0816,-0.0462,0.9956
46.9130,128.32,26.2004,5.6985,4.7307,2.6548,355.2816,357.1757,0.1849,1.1684,1.4289,-0.0822,-0.0463,0.9955
46.9330,128.32,26.2042,5.7209,4.7594,2.6475,355.2514,357.2454,0.1908,1.1207,1.4333,-0.0827,-0.0462,0.9955
46.9530,128.32,26.2082,5.7436,4.7882,2.6281,355.2249,357.3161,0.1988,1.1351,1.4401,-0.0832,-0.0459,0.9955
46.9730,128.32,26.2123,5.7655,4.8171,2.5951,355.2022,357.3896,0.2045,1.0943,1.4445,-0.0836,-0.0453,0.9955
46.9930,128.32,26.2165,5.7875,4.8461,2.5511,355.1826,357.4641,0.2117,1.1030,1.4505,-0.0839,-0.0445,0.9955
47.0130,128.32,26.2209,5.8089,4.8752,2.4950,355.1663,357.5405,0.2171,1.0679,1.4545,-0.0842,-0.0435,0.9955
47.0330,128.32,26.2253,5.8303,4.9044,2.4289,355.1525,357.6176,0.2235,1.0722,1.4597,-0.0844,-0.0424,0.9955
47.0530,128.32,26.2299,5.8512,4.9336,2.3519,355.1414,357.6963,0.2286,1.0415,1.4632,-0.0846,-0.0410,0.9956
47.0730,128.32,26.2345,5.8735,4.9630,2.2662,355.1316,357.7468,0.2310,1.1163,1.4702,-0.0848,-0.0395,0.9956
47.0930,128.32,26.2391,5.8959,4.9925,2.1692,355.1230,357.7622,0.2293,1.1214,1.4741,-0.0850,-0.0379,0.9957
47.1130,128.32,26.2437,5.9194,5.0221,2.0639,355.1154,357.7491,0.2307,1.1727,1.4791,-0.0851,-0.0360,0.9957
47.1330,128.32,26.2483,5.9432,5.0517,1.9493,355.1086,357.7054,0.2305,1.1918,1.4826,-0.0852,-0.0340,0.9958
47.1530,128.32,26.2530,5.9661,5.0814,1.8263,355.1041,357.6677,0.2358,1.1449,1.4836,-0.0853,-0.0319,0.9958
47.1730,128.32,26.2579,5.9893,5.1111,1.6976,355.1011,357.6359,0.2435,1.1580,1.4859,-0.0854,-0.0296,0.9959
47.1930,128.32,26.2629,6.0116,5.1409,1.5619,355.1002,357.6113,0.2494,1.1174,1.4863,-0.0854,-0.0273,0.9960
47.2130,128.32,26.2680,6.0341,5.1706,1.4211,355.1006,357.5921,0.2570,1.1254,1.4874,-0.0854,-0.0248,0.9960
47.2330,128.32,26.2733,6.0559,5.2003,1.2744,355.1026,357.5795,0.2632,1.0898,1.4870,-0.0854,-0.0222,0.9961
47.2530,128.32,26.2787,6.0778,5.2301,1.1234,355.1058,357.5718,0.2707,1.0938,1.4869,-0.0853,-0.0196,0.9962
47.2730,128.32,26.2843,6.0991,5.2598,0.9674,355.1103,357.5700,0.2770,1.0623,1.4856,-0.0852,-0.0169,0.9962
47.2930,128.32,26.2900,6.1203,5.2895,0.8078,355.1158,357.5728,0.2844,1.0631,1.4843,-0.0851,-0.0141,0.9963
47.3130,128.32,26.2958,6.1410,5.3191,0.6440,355.1223,357.5808,0.2907,1.0349,1.4820,-0.0850,-0.0112,0.9963
47.3330,126.03,26.3017,6.1617,5.3487,0.4773,355.1296,357.5930,0.2979,1.0331,1.4794,-0.0849,-0.0083,0.9964
47.3530,126.03,26.3077,6.1834,5.3782,0.3079,355.1348,357.5775,0.3006,1.0870,1.4764,-0.0848,-0.0054,0.9964
47.3730,126.03,26.3138,6.2055,5.4077,0.1353,355.1377,357.5305,0.3013,1.1054,1.4723,-0.0848,-0.0024,0.9964
47.3930,126.03,26.3199,6.2282,5.4369,359.9874,355.1338,357.4608,0.3050,1.1347,1.4620,-0.0848,0.0002,0.9964
47.4130,126.03,26.3260,6.2514,5.4659,359.8651,355.1230,357.3684,0.3087,1.1589,1.4510,-0.0850,0.0024,0.9964
47.4330,126.03,26.3323,6.2751,5.4947,359.7669,355.1059,357.2552,0.3134,1.1859,1.4399,-0.0853,0.0041,0.9963
47.4530,126.03,26.3387,6.2977,5.5234,359.6642,355.0919,357.1536,0.3206,1.1289,1.4353,-0.0856,0.0059,0.9963
47.4730,126.03,26.3453,6.3207,5.5520,359.5574,355.0805,357.0617,0.3316,1.1508,1.4302,-0.0858,0.0077,0.9963
47.4930,126.03,26.3521,6.3427,5.5806,359.4456,355.0723,356.9820,0.3398,1.1011,1.4252,-0.0859,0.0097,0.9963
47.5130,126.03,26.3592,6.3651,5.6089,359.3304,355.0664,356.9115,0.3510,1.1169,1.4193,-0.0860,0.0117,0.9962
47.5330,126.03,26.3664,6.3865,5.6372,359.2111,355.0632,356.8521,0.3595,1.0732,1.4137,-0.0860,0.0138,0.9962
47.5530,126.03,26.3738,6.4082,5.6654,359.0888,355.0620,356.8011,0.3708,1.0840,1.4070,-0.0861,0.0159,0.9962
47.5730,126.03,26.3814,6.4291,5.6934,358.9633,355.0631,356.7602,0.3797,1.0453,1.4006,-0.0860,0.0181,0.9961
47.5930,126.03,26.3892,6.4502,5.7212,358.8354,355.0659,356.7271,0.3909,1.0520,1.3931,-0.0860,0.0203,0.9961
47.6130,126.03,26.3972,6.4705,5.7489,358.7049,355.0705,356.7032,0.4000,1.0175,1.3859,-0.0859,0.0226,0.9960
47.6330,126.03,26.4054,6.4909,5.7765,358.5725,355.0765,356.6864,0.4110,1.0209,1.3775,-0.0858,0.0249,0.9960
47.6530,126.03,26.4138,6.5107,5.8039,358.4382,355.0841,356.6780,0.4203,0.9899,1.3695,-0.0857,0.0273,0.9960
47.6730,126.03,26.4224,6.5306,5.8311,358.3024,355.0927,356.6761,0.4312,0.9906,1.3603,-0.0855,0.0296,0.9959
47.6930,126.03,26.4312,6.5498,5.8581,358.1653,355.1026,356.6818,0.4405,0.9625,1.3514,-0.0853,0.0320,0.9958
47.7130,126.03,26.4403,6.5690,5.8849,358.0271,355.1132,356.6935,0.4510,0.9610,1.3414,-0.0851,0.0344,0.9958
47.7330,126.03,26.4495,6.5877,5.9116,357.8880,355.1248,356.7121,0.4603,0.9354,1.3317,-0.0849,0.0369,0.9957
47.7530,126.03,26.4589,6.6064,5.9380,357.7484,355.1368,356.7361,0.4705,0.9320,1.3208,-0.0847,0.0393,0.9956
47.7730,126.03,26.4685,6.6245,5.9642,357.6083,355.1495,356.7662,0.4796,0.9085,1.3101,-0.0845,0.0417,0.9956
47.7930,126.03,26.4783,6.6426,5.9902,357.4680,355.1626,356.8014,0.4895,0.9036,1.2984,-0.0842,0.0442,0.9955
47.8130,126.03,26.4882,6.6603,6.0159,357.3277,355.1760,356.8420,0.4984,0.8819,1.2869,-0.0840,0.0466,0.9954
47.8330,126.03,26.4984,6.6778,6.0414,357.1875,355.1895,356.8872,0.5079,0.8758,1.2743,-0.0838,0.0491,0.9953
47.8530,126.03,26.5087,6.6949,6.0666,357.0477,355.2031,356.9373,0.5165,0.8556,1.2620,-0.0835,0.0515,0.9952
47.8730,126.03,26.5192,6.7119,6.0916,356.9084,355.2167,356.9914,0.5256,0.8486,1.2486,-0.0833,0.0539,0.9951
47.8930,126.03,26.5299,6.7285,6.1163,356.7698,355.2303,357.0499,0.5338,0.8296,1.2353,-0.0830,0.0563,0.9950
47.9130,126.03,26.5408,6.7449,6.1407,356.6320,355.2436,357.1121,0.5424,0.8218,1.2211,-0.0828,0.0587,0.9948
47.9330,126.03,26.5518,6.7610,6.1649,356.4953,355.2567,357.1781,0.5502,0.8038,1.2070,-0.0825,0.0611,0.9947
47.9530,126.03,26.5629,6.7769,6.1887,356.3596,355.2695,357.2473,0.5583,0.7954,1.1920,-0.0823,0.0635,0.9946
47.9730,126.03,26.5742,6.7924,6.2123,356.2253,355.2819,357.3199,0.5657,0.7784,1.1771,-0.0821,0.0658,0.9944
47.9930,126.03,26.5857,6.8078,6.2355,356.0924,355.2938,357.3953,0.5732,0.7695,1.1613,-0.0819,0.0681,0.9943
48.0130,126.03,26.5973,6.8229,6.2584,355.9610,355.3052,357.4737,0.5802,0.7533,1.1456,-0.0816,0.0704,0.9942
48.0330,126.03,26.6091,6.8378,6.2810,355.8313,355.3161,357.5546,0.5871,0.7440,1.1291,-0.0814,0.0727,0.9940
48.0530,126.03,26.6209,6.8524,6.3032,355.7034,355.3264,357.6379,0.5936,0.7285,1.1126,-0.0812,0.0749,0.9939
48.0730,126.03,26.6329,6.8667,6.3251,355.5774,355.3361,357.7234,0.5999,0.7189,1.0954,-0.0811,0.0771,0.9937
48.0930,126.03,26.6450,6.8808,6.3467,355.4534,355.3451,357.8111,0.6058,0.7040,1.0782,-0.0809,0.0793,0.9936
48.1130,126.03,26.6573,6.8947,6.3679,355.3315,355.3535,357.9005,0.6116,0.6942,1.0602,-0.0807,0.0814,0.9934
48.1330,126.03,26.6696,6.9083,6.3887,355.2119,355.3611,357.9917,0.6169,0.6799,1.0423,-0.0806,0.0835,0.9932
48.1530,126.03,26.6820,6.9217,6.4092,355.0945,355.3680,358.0844,0.6221,0.6699,1.0237,-0.0805,0.0855,0.9931
48.1730,126.03,26.6946,6.9348,6.4293,354.9795,355.3741,358.1785,0.6268,0.6560,1.0051,-0.0803,0.0875,0.9929
48.1930,126.03,26.7072,6.9477,6.4490,354.8670,355.3795,358.2738,0.6314,0.6459,0.9859,-0.0802,0.0895,0.9928
48.2130,126.03,26.7199,6.9604,6.4684,354.7570,355.3842,358.3703,0.6355,0.6325,0.9667,-0.0801,0.0914,0.9926
48.2330,126.03,26.7327,6.9728,6.4873,354.6496,355.3881,358.4677,0.6395,0.6222,0.9469,-0.0801,0.0932,0.9924
48.2530,126.03,26.7456,6.9850,6.5059,354.5449,355.3913,358.5659,0.6430,0.6092,0.9271,-0.0800,0.0951,0.9923
48.2730,126.03,26.7585,6.9970,6.5240,354.4429,355.3936,358.6648,0.6463,0.5990,0.9067,-0.0799,0.0968,0.9921
48.2930,126.03,26.7715,7.0087,6.5417,354.3438,355.3953,358.7642,0.6493,0.5863,0.8863,-0.0799,0.0986,0.9919
48.3130,126.03,26.7845,7.0202,6.5590,354.2475,355.3962,358.8640,0.6519,0.5760,0.8655,-0.0799,0.1002,0.9918
48.3330,127.33,26.7976,7.0315,6.5759,354.1541,355.3964,358.9642,0.6543,0.5637,0.8446,-0.0798,0.1019,0.9916
48.3530,127.33,26.8107,7.0426,6.5924,354.0635,355.3958,359.0645,0.6563,0.5534,0.8233,-0.0798,0.1034,0.9914
48.3730,127.33,26.8239,7.0534,6.6084,353.9760,355.3947,359.1649,0.6580,0.5414,0.8019,-0.0798,0.1049,0.9913
48.3930,127.33,26.8371,7.0640,6.6240,353.8915,355.3928,359.2653,0.6595,0.5312,0.7801,-0.0799,0.1064,0.9911
48.4130,127.33,26.8503,7.0744,6.6392,353.8101,355.3902,359.3655,0.6606,0.5195,0.7583,-0.0799,0.1078,0.9910
48.4330,127.33,26.8635,7.0846,6.6539,353.7317,355.3871,359.4655,0.6614,0.5093,0.7362,-0.0799,0.1092,0.9908
48.4530,127.33,26.8768,7.0946,6.6682,353.6564,355.3833,359.5652,0.6619,0.4979,0.7140,-0.0800,0.1105,0.9907
48.4730,127.33,26.8900,7.1043,6.6820,353.5843,355.3790,359.6644,0.6622,0.4878,0.6915,-0.0801,0.1117,0.9905
48.4930,127.33,26.9032,7.1139,6.6954,353.5152,355.3741,359.7632,0.6621,0.4766,0.6690,-0.0801,0.1129,0.9904
48.5130,127.33,26.9165,7.1232,6.7083,353.4493,355.3687,359.8612,0.6617,0.4666,0.6462,-0.0802,0.1141,0.9902
48.5330,127.33,26.9297,7.1323,6.7208,353.3866,355.3628,359.9587,0.6611,0.4557,0.6234,-0.0803,0.1152,0.9901
48.5530,127.33,26.9429,7.1412,6.7328,353.3269,355.3564,0.0553,0.6601,0.4458,0.6003,-0.0804,0.1162,0.9900
48.5730,127.33,26.9561,7.1499,6.7443,353.2705,355.3497,0.1512,0.6589,0.4351,0.5772,-0.0805,0.1172,0.9898
48.5930,127.33,26.9692,7.1584,6.7554,353.2172,355.3425,0.2461,0.6574,0.4253,0.5539,-0.0806,0.1181,0.9897
48.6130,127.33,26.9823,7.1667,6.7660,353.1671,355.3350,0.3400,0.6556,0.4149,0.5306,-0.0808,0.1190,0.9896
48.6330,127.33,26.9954,7.1748,6.7762,353.1201,355.3271,0.4328,0.6535,0.4053,0.5072,-0.0809,0.1198,0.9895
48.6530,127.33,27.0084,7.1827,6.7858,353.0762,355.3189,0.5246,0.6512,0.3951,0.4837,-0.0810,0.1205,0.9894
48.6730,127.33,27.0214,7.1905,6.7951,353.0355,355.3105,0.6152,0.6486,0.3856,0.4601,-0.0812,0.1213,0.9893
48.6930,127.33,27.0343,7.1980,6.8038,352.9979,355.3018,0.7045,0.6457,0.3756,0.4365,-0.0813,0.1219,0.9892
48.7130,127.33,27.0472,7.2053,6.8120,352.9633,355.2929,0.7926,0.6426,0.3662,0.4128,-0.0814,0.1225,0.9891
48.7330,127.33,27.0599,7.2141,6.8195,352.9516,355.2758,0.8554,0.6341,0.4408,0.3740,-0.0817,0.1227,0.9891
48.7530,127.33,27.0724,7.2234,6.8263,352.9685,355.2493,0.8882,0.6247,0.4643,0.3403,-0.0822,0.1224,0.9891
48.7730,127.33,27.0847,7.2338,6.8324,353.0086,355.2157,0.8959,0.6160,0.5175,0.3044,-0.0828,0.1217,0.9891
48.7930,127.33,27.0968,7.2448,6.8378,353.0732,355.1750,0.8774,0.6073,0.5521,0.2707,-0.0835,0.1206,0.9892
48.8130,127.33,27.1089,7.2549,6.8429,353.1421,355.1367,0.8604,0.6047,0.5053,0.2521,-0.0842,0.1194,0.9893
48.8330,127.33,27.1209,7.2656,6.8474,353.2096,355.1011,0.8451,0.6017,0.5332,0.2259,-0.0848,0.1182,0.9894
48.8530,127.33,27.1329,7.2754,6.8515,353.2796,355.0681,0.8324,0.5994,0.4925,0.2075,-0.0854,0.1170,0.9895
48.8730,127.33,27.1449,7.2857,6.8552,353.3485,355.0376,0.8214,0.5965,0.5151,0.1826,-0.0859,0.1158,0.9895
48.8930,127.33,27.1568,7.2953,6.8585,353.4194,355.0094,0.8127,0.5942,0.4797,0.1641,-0.0864,0.1146,0.9896
48.9130,127.33,27.1686,7.3053,6.8613,353.4893,354.9835,0.8055,0.5914,0.4978,0.1404,-0.0869,0.1134,0.9897
48.9330,127.33,27.1804,7.3146,6.8637,353.5610,354.9597,0.8005,0.5890,0.4668,0.1221,-0.0873,0.1121,0.9898
48.9530,127.33,27.1921,7.3242,6.8657,353.6318,354.9380,0.7969,0.5863,0.4812,0.0994,-0.0877,0.1109,0.9900
48.9730,127.33,27.2037,7.3350,6.8671,353.7220,354.9106,0.7707,0.5786,0.5395,0.0674,-0.0882,0.1094,0.9901
48.9930,127.33,27.2151,7.3464,6.8678,353.8341,354.8772,0.7197,0.5707,0.5715,0.0383,-0.0888,0.1074,0.9902
49.0130,127.33,27.2263,7.3588,6.8680,353.9649,354.8389,0.6471,0.5636,0.6184,0.0087,-0.0895,0.1051,0.9904
49.0330,127.33,27.2375,7.3719,6.8676,354.1147,354.7960,0.5527,0.5568,0.6557,-0.0192,-0.0902,0.1025,0.9906
49.0530,127.33,27.2486,7.3840,6.8670,354.2647,354.7569,0.4638,0.5559,0.6043,-0.0328,-0.0909,0.0999,0.9908
49.0730,127.33,27.2597,7.3967,6.8659,354.4091,354.7220,0.3806,0.5551,0.6342,-0.0528,-0.0916,0.0974,0.9910
49.0930,127.33,27.2708,7.4085,6.8646,354.5520,354.6910,0.3038,0.5547,0.5895,-0.0658,-0.0921,0.0949,0.9912
49.1130,127.33,27.2819,7.4208,6.8629,354.6897,354.6637,0.2324,0.5544,0.6136,-0.0842,-0.0926,0.0925,0.9914
49.1330,127.33,27.2930,7.4323,6.8610,354.8257,354.6398,0.1670,0.5542,0.5745,-0.0968,-0.0930,0.0902,0.9916
49.1530,127.33,27.3041,7.4441,6.8587,354.9569,354.6193,0.1067,0.5542,0.5938,-0.1136,-0.0934,0.0879,0.9917
49.1730,127.33,27.3151,7.4553,6.8562,355.0862,354.6018,0.0521,0.5542,0.5595,-0.1258,-0.0937,0.0857,0.9919
49.1930,127.33,27.3262,7.4668,6.8534,355.2111,354.5872,0.0021,0.5545,0.5748,-0.1413,-0.0940,0.0835,0.9921
49.2130,127.33,27.3373,7.4777,6.8503,355.3340,354.5755,359.9574,0.5546,0.5446,-0.1530,-0.0942,0.0813,0.9922
49.2330,127.33,27.3484,7.4888,6.8469,355.4528,354.5662,359.9171,0.5550,0.5566,-0.1672,-0.0944,0.0793,0.9924
49.2530,127.33,27.3595,7.4994,6.8434,355.5695,354.5594,359.8817,0.5553,0.5297,-0.1784,-0.0945,0.0772,0.9925
49.2730,127.33,27.3706,7.5102,6.8395,355.6824,354.5548,359.8503,0.5557,0.5389,-0.1916,-0.0946,0.0753,0.9927
49.2930,127.33,27.3818,7.5205,6.8355,355.7933,354.5524,359.8234,0.5561,0.5150,-0.2023,-0.0947,0.0734,0.9928
49.3130,127.33,27.3929,7.5310,6.8312,355.9006,354.5519,359.8002,0.5566,0.5219,-0.2145,-0.0947,0.0715,0.9929
49.3330,127.33,27.4040,7.5410,6.8267,356.0058,354.5532,359.7812,0.5569,0.5005,-0.2247,-0.0947,0.0697,0.9931
49.3530,127.68,27.4152,7.5511,6.8220,356.1077,354.5563,359.7657,0.5574,0.5054,-0.2360,-0.0946,0.0679,0.9932
49.3730,127.68,27.4263,7.5608,6.8171,356.2076,354.5609,359.7539,0.5577,0.4862,-0.2456,-0.0946,0.0661,0.9933
49.3930,127.68,27.4375,7.5706,6.8120,356.3044,354.5670,359.7454,0.5582,0.4894,-0.2561,-0.0945,0.0645,0.9934
49.4130,127.68,27.4487,7.5800,6.8067,356.3991,354.5744,359.7403,0.5584,0.4721,-0.2652,-0.0944,0.0628,0.9936
49.4330,127.68,27.4598,7.5895,6.8012,356.4909,354.5831,359.7381,0.5588,0.4739,-0.2750,-0.0942,0.0612,0.9937
49.4530,127.68,27.4710,7.5987,6.7955,356.5807,354.5929,359.7390,0.5590,0.4582,-0.2836,-0.0941,0.0596,0.9938
49.4730,127.68,27.4822,7.6079,6.7896,356.6678,354.6038,359.7426,0.5592,0.4589,-0.2927,-0.0939,0.0581,0.9939
49.4930,127.68,27.4934,7.6167,6.7836,356.7530,354.6156,359.7491,0.5593,0.4445,-0.3008,-0.0937,0.0566,0.9940
49.5130,127.68,27.5046,7.6256,6.7774,356.8356,354.6282,359.7579,0.5593,0.4443,-0.3093,-0.0935,0.0552,0.9941
49.5330,127.68,27.5158,7.6343,6.7711,356.9164,354.6417,359.7692,0.5593,0.4311,-0.3169,-0.0932,0.0538,0.9942
49.5530,127.68,27.5269,7.6429,6.7646,356.9947,354.6558,359.7828,0.5592,0.4300,-0.3248,-0.0930,0.0524,0.9943
49.5730,127.68,27.5380,7.6529,6.7578,357.0883,354.6647,359.7746,0.5549,0.5003,-0.3403,-0.0929,0.0508,0.9944
49.5930,127.68,27.5490,7.6634,6.7507,357.2021,354.6672,359.7401,0.5494,0.5260,-0.3543,-0.0928,0.0488,0.9945
49.6130,127.68,27.5599,7.6749,6.7433,357.3315,354.6649,359.6840,0.5452,0.5784,-0.3680,-0.0929,0.0466,0.9946
49.6330,127.68,27.5708,7.6872,6.7357,357.4781,354.6577,359.6053,0.5408,0.6134,-0.3806,-0.0930,0.0440,0.9947
49.6530,127.68,27.5816,7.7004,6.7279,357.6442,354.6504,359.5327,0.5430,0.6598,-0.3931,-0.0932,0.0411,0.9948
49.6730,127.68,27.5925,7.7124,6.7200,357.8074,354.6454,359.4680,0.5439,0.6005,-0.3958,-0.0933,0.0383,0.9949
49.6930,127.68,27.6034,7.7252,6.7119,357.9618,354.6427,359.4088,0.5456,0.6387,-0.4005,-0.0933,0.0356,0.9950
49.7130,127.68,27.6143,7.7369,6.7039,358.1115,354.6422,359.3566,0.5467,0.5864,-0.4023,-0.0933,0.0330,0.9951
49.7330,127.68,27.6253,7.7493,6.6958,358.2529,354.6436,359.3094,0.5485,0.6183,-0.4058,-0.0933,0.0305,0.9952
49.7530,127.68,27.6363,7.7607,6.6876,358.3895,354.6469,359.2687,0.5497,0.5720,-0.4071,-0.0933,0.0281,0.9952
49.7730,127.68,27.6473,7.7727,6.6795,358.5185,354.6520,359.2326,0.5516,0.5986,-0.4094,-0.0932,0.0259,0.9953
49.7930,127.68,27.6584,7.7839,6.6712,358.6426,354.6586,359.2025,0.5528,0.5575,-0.4102,-0.0931,0.0237,0.9954
49.8130,127.68,27.6695,7.7955,6.6630,358.7597,354.6668,359.1766,0.5547,0.5796,-0.4116,-0.0929,0.0216,0.9954
49.8330,127.68,27.6806,7.8063,6.6548,358.8720,354.6763,359.1561,0.5560,0.5430,-0.4118,-0.0928,0.0197,0.9955
49.8530,127.68,27.6918,7.8175,6.6465,358.9777,354.6871,359.1395,0.5579,0.5612,-0.4124,-0.0926,0.0178,0.9955
49.8730,127.68,27.7030,7.8281,6.6383,359.0788,354.6990,359.1277,0.5591,0.5286,-0.4122,-0.0924,0.0161,0.9956
49.8930,127.68,27.7142,7.8390,6.6300,359.1738,354.7119,359.1196,0.5609,0.5434,-0.4122,-0.0922,0.0144,0.9956
49.9130,127.68,27.7254,7.8493,6.6218,359.2643,354.7259,359.1159,0.5621,0.5141,-0.4116,-0.0919,0.0128,0.9957
49.9330,127.68,27.7367,7.8598,6.6136,359.3491,354.7406,359.1155,0.5637,0.5262,-0.4109,-0.0917,0.0114,0.9957
49.9530,127.68,27.7480,7.8698,6.6054,359.4296,354.7562,359.1190,0.5648,0.4998,-0.4099,-0.0914,0.0100,0.9958
49.9730,127.68,27.7593,7.8800,6.5972,359.5048,354.7724,359.1256,0.5663,0.5094,-0.4088,-0.0911,0.0086,0.9958
49.9930,127.68,27.7707,7.8897,6.5891,359.5759,354.7892,359.1357,0.5673,0.4856,-0.4074,-0.0908,0.0074,0.9958
50.0130,127.68,27.7820,7.8995,6.5810,359.6421,354.8065,359.1485,0.5685,0.4931,-0.4059,-0.0905,0.0062,0.9959
50.0330,127.68,27.7934,7.9090,6.5729,359.7044,354.8243,359.1645,0.5694,0.4715,-0.4042,-0.0902,0.0052,0.9959
50.0530,127.68,27.8048,7.9185,6.5648,359.7621,354.8425,359.1829,0.5705,0.4772,-0.4024,-0.0899,0.0042,0.9959
50.0730,127.68,27.8162,7.9277,6.5568,359.8162,354.8610,359.2042,0.5712,0.4576,-0.4005,-0.0896,0.0032,0.9960
50.0930,127.68,27.8276,7.9385,6.5488,359.8831,354.8754,359.2047,0.5686,0.5393,-0.4025,-0.0893,0.0020,0.9960
50.1130,127.68,27.8389,7.9496,6.5406,359.9705,354.8843,359.1768,0.5637,0.5552,-0.4060,-0.0892,0.0005,0.9960
50.1330,127.68,27.8501,7.9618,6.5325,0.0721,354.8893,359.1276,0.5607,0.6128,-0.4076,-0.0891,-0.0013,0.9960
50.1530,127.68,27.8612,7.9747,6.5243,0.1908,354.8899,359.0544,0.5571,0.6421,-0.4095,-0.0891,-0.0033,0.9960
50.1730,127.68,27.8723,7.9884,6.5161,0.3232,354.8869,358.9609,0.5546,0.6891,-0.4101,-0.0891,-0.0056,0.9960
50.1930,127.68,27.8834,8.0029,6.5079,0.4704,354.8802,358.8464,0.5522,0.7235,-0.4105,-0.0892,-0.0082,0.9960
50.2130,127.68,27.8945,8.0163,6.4998,0.6103,354.8752,358.7413,0.5544,0.6714,-0.4059,-0.0893,-0.0107,0.9959
50.2330,127.68,27.9056,8.0304,6.4918,0.7400,354.8724,358.6445,0.5583,0.7005,-0.3993,-0.0894,-0.0129,0.9959
50.2530,127.68,27.9169,8.0434,6.4839,0.8616,354.8714,358.5579,0.5612,0.6540,-0.3938,-0.0894,-0.0150,0.9959
50.2730,127.68,27.9282,8.0570,6.4762,0.9736,354.8722,358.4791,0.5654,0.6783,-0.3865,-0.0894,-0.0170,0.9959
50.2930,127.68,27.9395,8.0697,6.4686,1.0778,354.8748,358.4096,0.5685,0.6367,-0.3804,-0.0893,-0.0188,0.9958
50.3130,127.68,27.9510,8.0829,6.4611,1.1732,354.8789,358.3474,0.5729,0.6567,-0.3726,-0.0892,-0.0205,0.9958
50.3330,127.68,27.9625,8.0953,6.4538,1.2612,354.8845,358.2937,0.5763,0.6195,-0.3661,-0.0891,-0.0220,0.9958
50.3530,125.94,27.9741,8.1080,6.4466,1.3411,354.8915,358.2467,0.5808,0.6358,-0.3579,-0.0890,-0.0234,0.9958
50.3730,125.94,27.9858,8.1218,6.4396,1.4349,354.8947,358.1796,0.5813,0.6895,-0.3537,-0.0890,-0.0250,0.9957
50.3930,125.94,27.9974,8.1361,6.4326,1.5451,354.8937,358.0898,0.5809,0.7179,-0.3503,-0.0890,-0.0270,0.9957
50.4130,125.94,28.0090,8.1514,6.4257,1.6688,354.8891,357.9808,0.5820,0.7627,-0.3454,-0.0890,-0.0291,0.9956
50.4330,125.94,28.0207,8.1673,6.4188,1.8068,354.8809,357.8520,0.5829,0.7952,-0.3405,-0.0892,-0.0315,0.9955
50.4530,125.94,28.0324,8.1821,6.4122,1.9357,354.8747,357.7350,0.5875,0.7425,-0.3324,-0.0893,-0.0338,0.9954
50.4730,125.94,28.0443,8.1975,6.4058,2.0533,354.8708,357.6283,0.5948,0.7698,-0.3207,-0.0893,-0.0358,0.9954
50.4930,125.94,28.0563,8.2120,6.3996,2.1609,354.8690,357.5341,0.6001,0.7231,-0.3117,-0.0894,-0.0377,0.9953
50.5130,125.94,28.0685,8.2269,6.3936,2.2580,354.8694,357.4496,0.6077,0.7453,-0.2995,-0.0894,-0.0394,0.9952
50.5330,125.94,28.0808,8.2410,6.3878,2.3458,354.8717,357.3764,0.6134,0.7038,-0.2900,-0.0893,-0.0409,0.9952
50.5530,125.94,28.0932,8.2568,6.3822,2.4464,354.8711,357.3113,0.6244,0.7932,-0.2792,-0.0893,-0.0427,0.9951
50.5730,125.94,28.1057,8.2727,6.3767,2.5663,354.8657,357.2206,0.6249,0.7923,-0.2741,-0.0894,-0.0448,0.9950
50.5930,125.94,28.1183,8.2898,6.3714,2.6961,354.8574,357.1136,0.6302,0.8545,-0.2634,-0.0895,-0.0470,0.9949
50.6130,125.94,28.1310,8.3072,6.3663,2.8411,354.8452,356.9851,0.6329,0.8708,-0.2557,-0.0897,-0.0496,0.9947
50.6330,125.94,28.1439,8.3256,6.3614,3.0016,354.8294,356.8686,0.6445,0.9207,-0.2450,-0.0900,-0.0524,0.9946
50.6530,125.94,28.1569,8.3426,6.3567,3.1497,354.8168,356.7685,0.6509,0.8501,-0.2346,-0.0902,-0.0549,0.9944
50.6730,125.94,28.1701,8.3604,6.3524,3.2839,354.8072,356.6789,0.6618,0.8904,-0.2171,-0.0904,-0.0573,0.9943
50.6930,125.94,28.1835,8.3770,6.3483,3.4048,354.8008,356.6041,0.6685,0.8293,-0.2054,-0.0905,-0.0594,0.9941
50.7130,125.94,28.1971,8.3942,6.3445,3.5128,354.7972,356.5391,0.6793,0.8613,-0.1877,-0.0905,-0.0613,0.9940
50.7330,125.94,28.2109,8.4122,6.3410,3.6392,354.7887,356.4858,0.6917,0.8993,-0.1759,-0.0906,-0.0635,0.9939
50.7530,125.94,28.2249,8.4307,6.3377,3.7784,354.7772,356.4123,0.6967,0.9257,-0.1638,-0.0908,-0.0659,0.9937
50.7730,125.94,28.2389,8.4500,6.3347,3.9282,354.7631,356.3198,0.7027,0.9608,-0.1500,-0.0911,-0.0685,0.9935
50.7930,125.94,28.2531,8.4697,6.3320,4.0889,354.7464,356.2085,0.7086,0.9887,-0.1363,-0.0913,-0.0713,0.9933
50.8130,125.94,28.2675,8.4903,6.3296,4.2650,354.7252,356.1103,0.7223,1.0268,-0.1216,-0.0917,-0.0744,0.9930
50.8330,125.94,28.2821,8.5096,6.3274,4.4251,354.7080,356.0290,0.7301,0.9645,-0.1075,-0.0920,-0.0772,0.9928
50.8530,125.94,28.2970,8.5294,6.3257,4.5693,354.6947,355.9589,0.7425,0.9937,-0.0856,-0.0922,-0.0797,0.9926
50.8730,125.94,28.3120,8.5482,6.3243,4.6971,354.6856,355.9039,0.7507,0.9405,-0.0701,-0.0923,-0.0819,0.9924
50.8930,125.94,28.3273,8.5675,6.3233,4.8100,354.6801,355.8592,0.7627,0.9619,-0.0483,-0.0924,-0.0839,0.9922
50.9130,125.94,28.3427,8.5858,6.3227,4.9077,354.6782,355.8280,0.7712,0.9165,-0.0319,-0.0924,-0.0856,0.9920
50.9330,125.94,28.3583,8.6056,6.3225,5.0099,354.6752,355.7837,0.7823,0.9913,-0.0091,-0.0924,-0.0873,0.9919
50.9530,125.94,28.3741,8.6254,6.3226,5.1290,354.6687,355.7133,0.7860,0.9874,0.0039,-0.0925,-0.0894,0.9917
50.9730,125.94,28.3900,8.6461,6.3231,5.2554,354.6605,355.6277,0.7954,1.0354,0.0244,-0.0927,-0.0916,0.9915
50.9930,125.94,28.4060,8.6670,6.3239,5.3937,354.6496,355.5223,0.8016,1.0451,0.0406,-0.0928,-0.0940,0.9912
51.0130,125.94,28.4222,8.6886,6.3252,5.5155,354.6444,355.3977,0.8093,1.0810,0.0660,-0.0929,-0.0961,0.9910
51.0330,125.94,28.4385,8.7090,6.3269,5.6193,354.6432,355.2911,0.8183,1.0198,0.0829,-0.0929,-0.0979,0.9908
51.0530,125.94,28.4552,8.7300,6.3290,5.7078,354.6449,355.1979,0.8330,1.0465,0.1084,-0.0929,-0.0995,0.9907
51.0730,125.94,28.4721,8.7499,6.3316,5.7798,354.6500,355.1226,0.8432,0.9959,0.1263,-0.0928,-0.1007,0.9906
51.0930,125.94,28.4892,8.7701,6.3346,5.8377,354.6578,355.0598,0.8576,1.0138,0.1511,-0.0926,-0.1017,0.9905
51.1130,125.94,28.5066,8.7896,6.3380,5.8806,354.6687,355.0129,0.8682,0.9717,0.1698,-0.0924,-0.1025,0.9904
51.1330,125.94,28.5242,8.8092,6.3419,5.9104,354.6820,354.9777,0.8821,0.9826,0.1938,-0.0922,-0.1030,0.9904
51.1530,125.94,28.5421,8.8282,6.3461,5.9265,354.6980,354.9566,0.8930,0.9475,0.2129,-0.0919,-0.1033,0.9904
51.1730,125.94,28.5602,8.8472,6.3508,5.9306,354.7160,354.9464,0.9065,0.9530,0.2361,-0.0916,-0.1033,0.9904
51.1930,125.94,28.5786,8.8657,6.3560,5.9221,354.7364,354.9488,0.9175,0.9234,0.2554,-0.0912,-0.1032,0.9905
51.2130,125.94,28.5972,8.8842,6.3615,5.9026,354.7585,354.9612,0.9305,0.9248,0.2777,-0.0909,-0.1028,0.9905
51.2330,125.94,28.6160,8.9022,6.3674,5.8716,354.7825,354.9850,0.9415,0.8995,0.2969,-0.0905,-0.1023,0.9906
51.2530,125.94,28.6351,8.9202,6.3738,5.8303,354.8080,355.0180,0.9539,0.8979,0.3183,-0.0900,-0.1016,0.9907
51.2730,125.94,28.6544,8.9377,6.3806,5.7787,354.8350,355.0610,0.9647,0.8760,0.3373,-0.0896,-0.1007,0.9909
51.2930,125.94,28.6739,8.9551,6.3877,5.7177,354.8631,355.1125,0.9765,0.8722,0.3577,-0.0891,-0.0996,0.9910
51.3130,125.94,28.6936,8.9722,6.3952,5.6473,354.8924,355.1729,0.9870,0.8530,0.3762,-0.0886,-0.0984,0.9912
51.3330,125.94,28.7136,8.9891,6.4031,5.5683,354.9225,355.2409,0.9981,0.8475,0.3956,-0.0881,-0.0970,0.9914
51.3530,125.63,28.7338,9.0057,6.4114,5.4808,354.9535,355.3169,1.0081,0.8304,0.4135,-0.0876,-0.0955,0.9916
51.3730,125.63,28.7541,9.0222,6.4201,5.3856,354.9850,355.3997,1.0185,0.8238,0.4319,-0.0870,-0.0939,0.9918
51.3930,125.63,28.7747,9.0384,6.4290,5.2827,355.0169,355.4896,1.0281,0.8084,0.4489,-0.0865,-0.0921,0.9920
51.4130,125.63,28.7955,9.0544,6.4384,5.1729,355.0492,355.5855,1.0377,0.8010,0.4662,-0.0859,-0.0902,0.9922
51.4330,125.63,28.8164,9.0701,6.4480,5.0562,355.0816,355.6877,1.0466,0.7869,0.4824,-0.0854,-0.0881,0.9924
51.4530,125.63,28.8375,9.0857,6.4580,4.9333,355.1140,355.7953,1.0555,0.7789,0.4986,-0.0849,-0.0860,0.9927
51.4730,125.63,28.8588,9.1010,6.4682,4.8044,355.1464,355.9082,1.0637,0.7659,0.5137,-0.0843,-0.0838,0.9929
51.4930,125.63,28.8802,9.1162,6.4788,4.6700,355.1785,356.0258,1.0717,0.7576,0.5287,-0.0838,-0.0814,0.9932
51.5130,125.63,28.9018,9.1311,6.4897,4.5303,355.2102,356.1482,1.0792,0.7454,0.5428,-0.0832,-0.0790,0.9934
51.5330,125.63,28.9235,9.1458,6.5008,4.3857,355.2416,356.2746,1.0864,0.7369,0.5565,-0.0827,-0.0765,0.9936
51.5530,125.63,28.9454,9.1604,6.5122,4.2366,355.2724,356.4050,1.0930,0.7254,0.5694,-0.0822,-0.0739,0.9939
51.5730,125.63,28.9674,9.1747,6.5238,4.0833,355.3025,356.5390,1.0993,0.7168,0.5819,-0.0817,-0.0712,0.9941
51.5930,125.63,28.9895,9.1888,6.5357,3.9261,355.3320,356.6762,1.1051,0.7059,0.5936,-0.0812,-0.0685,0.9943
51.6130,125.63,29.0117,9.2028,6.5478,3.7654,355.3606,356.8165,1.1105,0.6971,0.6049,-0.0807,-0.0657,0.9946
51.6330,125.63,29.0340,9.2165,6.5601,3.6015,355.3884,356.9595,1.1154,0.6867,0.6153,-0.0802,-0.0628,0.9948
51.6530,125.63,29.0564,9.2301,6.5726,3.4346,355.4152,357.1049,1.1199,0.6780,0.6252,-0.0798,-0.0599,0.9950
51.6730,125.63,29.0789,9.2434,6.5853,3.2651,355.4411,357.2527,1.1238,0.6679,0.6344,-0.0794,-0.0570,0.9952
51.6930,125.63,29.1014,9.2566,6.5982,3.0932,355.4659,357.4023,1.1274,0.6592,0.6430,-0.0789,-0.0540,0.9954
51.7130,125.63,29.1240,9.2696,6.6112,2.9192,355.4896,357.5537,1.1304,0.6494,0.6509,-0.0785,-0.0509,0.9956
51.7330,125.63,29.1467,9.2824,6.6243,2.7435,355.5122,357.7066,1.1330,0.6407,0.6582,-0.0782,-0.0479,0.9958
51.7530,125.63,29.1694,9.2950,6.6376,2.5662,355.5336,357.8608,1.1351,0.6312,0.6648,-0.0778,-0.0448,0.9960
51.7730,125.63,29.1921,9.3075,6.6511,2.3876,355.5538,358.0161,1.1368,0.6226,0.6707,-0.0775,-0.0417,0.9961
51.7930,125.63,29.2149,9.3197,6.6646,2.2080,355.5729,358.1722,1.1379,0.6133,0.6760,-0.0771,-0.0385,0.9963
51.8130,125.63,29.2376,9.3318,6.6782,2.0276,355.5907,358.3290,1.1386,0.6047,0.6806,-0.0768,-0.0354,0.9964
51.8330,125.63,29.2604,9.3438,6.6919,1.8466,355.6072,358.4864,1.1389,0.5955,0.6845,-0.0766,-0.0322,0.9965
51.8530,125.63,29.2832,9.3555,6.7056,1.6653,355.6225,358.6440,1.1386,0.5870,0.6879,-0.0763,-0.0291,0.9967
51.8730,125.63,29.3060,9.3671,6.7194,1.4839,355.6366,358.8018,1.1379,0.5780,0.6905,-0.0761,-0.0259,0.9968
51.8930,125.63,29.3287,9.3785,6.7333,1.3025,355.6495,358.9597,1.1367,0.5695,0.6925,-0.0758,-0.0227,0.9969
51.9130,125.63,29.3514,9.3897,6.7472,1.1214,355.6611,359.1173,1.1350,0.5606,0.6939,-0.0756,-0.0196,0.9969
51.9330,125.63,29.3740,9.4007,6.7611,0.9408,355.6715,359.2745,1.1329,0.5522,0.6947,-0.0755,-0.0164,0.9970
51.9530,125.63,29.3967,9.4116,6.7750,0.7609,355.6807,359.4313,1.1304,0.5434,0.6948,-0.0753,-0.0133,0.9971
51.9730,125.63,29.4192,9.4223,6.7889,0.5818,355.6887,359.5875,1.1273,0.5350,0.6943,-0.0752,-0.0102,0.9971
51.9930,125.63,29.4417,9.4328,6.8027,0.4037,355.6955,359.7430,1.1239,0.5263,0.6932,-0.0751,-0.0070,0.9972
52.0130,125.63,29.4641,9.4432,6.8165,0.2268,355.7012,359.8975,1.1200,0.5179,0.6914,-0.0750,-0.0040,0.9972
52.0330,125.63,29.4864,9.4534,6.8303,0.0512,355.7058,0.0511,1.1156,0.5093,0.6891,-0.0749,-0.0009,0.9972
52.0530,125.63,29.5085,9.4648,6.8439,359.8989,355.7053,0.1766,1.1055,0.5703,0.6813,-0.0749,0.0018,0.9972
52.0730,125.63,29.5304,9.4766,6.8574,359.7766,355.6988,0.2669,1.0936,0.5929,0.6713,-0.0750,0.0039,0.9972
52.0930,125.63,29.5520,9.4894,6.8706,359.6790,355.6877,0.3280,1.0825,0.6400,0.6620,-0.0752,0.0056,0.9972
52.1130,125.63,29.5734,9.5029,6.8837,359.6080,355.6718,0.3582,1.0711,0.6713,0.6520,-0.0755,0.0068,0.9971
52.1330,125.63,29.5946,9.5171,6.8965,359.5605,355.6520,0.3610,1.0602,0.7122,0.6424,-0.0758,0.0077,0.9971
52.1530,125.63,29.6156,9.5320,6.9092,359.5366,355.6284,0.3363,1.0493,0.7463,0.6327,-0.0762,0.0081,0.9971
52.1730,125.63,29.6364,9.5477,6.9216,359.5347,355.6015,0.2862,1.0391,0.7843,0.6233,-0.0767,0.0081,0.9970
52.1930,125.63,29.6571,9.5623,6.9340,359.5288,355.5765,0.2432,1.0358,0.7274,0.6206,-0.0771,0.0082,0.9970
52.2130,125.63,29.6778,9.5775,6.9464,359.5172,355.5532,0.2059,1.0320,0.7603,0.6176,-0.0775,0.0084,0.9970
52.2330,125.63,29.6984,9.5917,6.9587,359.5008,355.5319,0.1764,1.0291,0.7101,0.6151,-0.0779,0.0087,0.9969
52.2530,125.63,29.7189,9.6064,6.9709,359.4792,355.5122,0.1522,1.0255,0.7373,0.6120,-0.0782,0.0091,0.9969
52.2730,125.63,29.7393,9.6203,6.9831,359.4533,355.4942,0.1351,1.0226,0.6927,0.6093,-0.0786,0.0095,0.9969
52.2930,125.63,29.7597,9.6346,6.9952,359.4229,355.4777,0.1228,1.0191,0.7150,0.6059,-0.0788,0.0101,0.9968
52.3130,125.63,29.7800,9.6481,7.0073,359.3887,355.4627,0.1168,1.0161,0.6754,0.6029,-0.0791,0.0107,0.9968
52.3330,125.63,29.8003,9.6619,7.0193,359.3505,355.4490,0.1152,1.0127,0.6935,0.5993,-0.0793,0.0113,0.9968
52.3530,125.37,29.8205,9.6751,7.0312,359.3089,355.4367,0.1193,1.0096,0.6581,0.5960,-0.0796,0.0121,0.9968
52.3730,125.37,29.8406,9.6886,7.0430,359.2639,355.4255,0.1272,1.0062,0.6726,0.5920,-0.0797,0.0128,0.9967
52.3930,125.37,29.8607,9.7014,7.0548,359.2159,355.4155,0.1403,1.0030,0.6409,0.5884,-0.0799,0.0137,0.9967
52.4130,125.37,29.8806,9.7144,7.0665,359.1649,355.4065,0.1569,0.9995,0.6523,0.5841,-0.0801,0.0146,0.9967
52.4330,125.37,29.9006,9.7269,7.0781,359.1115,355.3985,0.1780,0.9962,0.6238,0.5801,-0.0802,0.0155,0.9967
52.4530,125.37,29.9204,9.7396,7.0896,359.0555,355.3914,0.2022,0.9925,0.6325,0.5754,-0.0803,0.0165,0.9966
52.4730,125.37,29.9402,9.7517,7.1010,358.9973,355.3851,0.2304,0.9891,0.6068,0.5710,-0.0804,0.0175,0.9966
52.4930,125.37,29.9599,9.7640,7.1123,358.9370,355.3796,0.2614,0.9852,0.6133,0.5659,-0.0805,0.0186,0.9966
52.5130,125.37,29.9795,9.7758,7.1236,358.8749,355.3748,0.2960,0.9815,0.5899,0.5611,-0.0806,0.0196,0.9966
52.5330,125.37,29.9991,9.7876,7.1347,358.8110,355.3707,0.3329,0.9775,0.5945,0.5555,-0.0807,0.0208,0.9965
52.5530,125.37,30.0186,9.7991,7.1457,358.7457,355.3672,0.3730,0.9736,0.5732,0.5502,-0.0808,0.0219,0.9965
52.5730,125.37,30.0379,9.8106,7.1566,358.6789,355.3642,0.4152,0.9693,0.5762,0.5443,-0.0808,0.0231,0.9965
52.5930,125.37,30.0572,9.8218,7.1673,358.6111,355.3617,0.4600,0.9651,0.5567,0.5385,-0.0808,0.0242,0.9964
52.6130,125.37,30.0765,9.8329,7.1780,358.5420,355.3597,0.5067,0.9606,0.5582,0.5321,-0.0809,0.0254,0.9964
52.6330,125.37,30.0956,9.8437,7.1885,358.4723,355.3581,0.5556,0.9561,0.5404,0.5259,-0.0809,0.0267,0.9964
52.6530,125.37,30.1146,9.8545,7.1989,358.4016,355.3568,0.6061,0.9513,0.5407,0.5190,-0.0809,0.0279,0.9963
52.6730,125.37,30.1335,9.8650,7.2091,358.3304,355.3559,0.6585,0.9466,0.5242,0.5124,-0.0809,0.0291,0.9963
52.6930,125.37,30.1524,9.8755,7.2192,358.2587,355.3553,0.7122,0.9415,0.5235,0.5050,-0.0809,0.0304,0.9963
52.7130,125.37,30.1711,9.8857,7.2292,358.1868,355.3549,0.7675,0.9365,0.5082,0.4979,-0.0809,0.0316,0.9962
52.7330,125.37,30.1897,9.8958,7.2390,358.1144,355.3547,0.8238,0.9310,0.5066,0.4901,-0.0809,0.0329,0.9962
52.7530,125.37,30.2082,9.9056,7.2486,358.0421,355.3548,0.8814,0.9257,0.4924,0.4825,-0.0809,0.0342,0.9961
52.7730,125.37,30.2266,9.9155,7.2581,357.9698,355.3550,0.9398,0.9200,0.4901,0.4742,-0.0809,0.0354,0.9961
52.7930,125.37,30.2449,9.9250,7.2674,357.8976,355.3554,0.9992,0.9143,0.4767,0.4661,-0.0809,0.0367,0.9960
52.8130,125.37,30.2631,9.9345,7.2766,357.8256,355.3559,1.0592,0.9082,0.4738,0.4575,-0.0809,0.0379,0.9960
52.8330,125.37,30.2811,9.9437,7.2856,357.7539,355.3565,1.1199,0.9022,0.4613,0.4489,-0.0809,0.0392,0.9960
52.8530,125.37,30.2990,9.9528,7.2944,357.6826,355.3571,1.1811,0.8959,0.4578,0.4398,-0.0809,0.0404,0.9959
52.8730,125.37,30.3168,9.9618,7.3030,357.6120,355.3579,1.2427,0.8895,0.4460,0.4308,-0.0809,0.0417,0.9959
52.8930,125.37,30.3345,9.9706,7.3114,357.5418,355.3587,1.3045,0.8828,0.4421,0.4212,-0.0808,0.0429,0.9958
52.9130,125.37,30.3520,9.9792,7.3196,357.4724,355.3595,1.3666,0.8762,0.4309,0.4118,-0.0808,0.0441,0.9958
52.9330,125.37,30.3694,9.9878,7.3277,357.4037,355.3604,1.4287,0.8692,0.4267,0.4018,-0.0808,0.0453,0.9957
52.9530,125.37,30.3866,9.9961,7.3355,357.3359,355.3613,1.4909,0.8622,0.4160,0.3919,-0.0808,0.0465,0.9956
52.9730,125.37,30.4037,10.0043,7.3431,357.2690,355.3622,1.5530,0.8548,0.4115,0.3816,-0.0808,0.0476,0.9956
52.9930,125.37,30.4207,10.0123,7.3506,357.2031,355.3631,1.6149,0.8475,0.4014,0.3713,-0.0807,0.0488,0.9955
53.0130,125.37,30.4375,10.0203,7.3578,357.1382,355.3640,1.6766,0.8399,0.3966,0.3606,-0.0807,0.0499,0.9955
53.0330,125.37,30.4541,10.0280,7.3648,357.0746,355.3648,1.7380,0.8322,0.3869,0.3499,-0.0807,0.0510,0.9954
53.0530,125.37,30.4706,10.0357,7.3716,357.0120,355.3657,1.7989,0.8243,0.3819,0.3389,-0.0807,0.0521,0.9954
53.0730,125.37,30.4869,10.0431,7.3781,356.9507,355.3665,1.8594,0.8163,0.3726,0.3278,-0.0807,0.0532,0.9953
53.0930,125.37,30.5031,10.0505,7.3844,356.8906,355.3674,1.9194,0.8081,0.3674,0.3164,-0.0806,0.0542,0.9953
53.1130,125.37,30.5191,10.0576,7.3905,356.8319,355.3682,1.9788,0.7998,0.3585,0.3050,-0.0806,0.0553,0.9952
53.1330,125.37,30.5349,10.0647,7.3964,356.7746,355.3690,2.0375,0.7913,0.3532,0.2933,-0.0806,0.0563,0.9952
53.1530,125.37,30.5506,10.0716,7.4020,356.7187,355.3698,2.0955,0.7827,0.3446,0.2816,-0.0806,0.0572,0.9951
53.1730,125.37,30.5661,10.0784,7.4074,356.6642,355.3705,2.1527,0.7739,0.3392,0.2695,-0.0806,0.0582,0.9950
53.1930,125.37,30.5814,10.0850,7.4126,356.6113,355.3713,2.2091,0.7650,0.3309,0.2575,-0.0806,0.0591,0.9950
53.2130,125.37,30.5965,10.0915,7.4175,356.5598,355.3720,2.2646,0.7560,0.3255,0.2452,-0.0805,0.0600,0.9949
53.2330,125.37,30.6114,10.0978,7.4221,356.5100,355.3727,2.3193,0.7468,0.3175,0.2329,-0.0805,0.0609,0.9949
53.2530,125.37,30.6262,10.1041,7.4265,356.4617,355.3734,2.3729,0.7375,0.3119,0.2203,-0.0805,0.0617,0.9948
53.2730,125.37,30.6407,10.1102,7.4307,356.4151,355.3741,2.4256,0.7281,0.3042,0.2078,-0.0805,0.0625,0.9948
53.2930,125.37,30.6551,10.1161,7.4346,356.3701,355.3748,2.4772,0.7186,0.2987,0.1950,-0.0805,0.0633,0.9947
53.3130,125.37,30.6693,10.1220,7.4382,356.3267,355.3755,2.5277,0.7089,0.2912,0.1822,-0.0805,0.0641,0.9947
53.3330,125.37,30.6833,10.1277,7.4416,356.2850,355.3762,2.5771,0.6991,0.2856,0.1692,-0.0804,0.0648,0.9947
53.3530,126.16,30.6970,10.1332,7.4448,356.2451,355.3769,2.6254,0.6893,0.2784,0.1563,-0.0804,0.0655,0.9946
53.3730,126.16,30.7106,10.1387,7.4476,356.2068,355.3777,2.6725,0.6793,0.2728,0.1431,-0.0804,0.0662,0.9946
53.3930,126.16,30.7240,10.1440,7.4502,356.1703,355.3784,2.7184,0.6692,0.2658,0.1299,-0.0804,0.0668,0.9945
53.4130,126.16,30.7372,10.1492,7.4525,356.1355,355.3792,2.7631,0.6590,0.2603,0.1166,-0.0804,0.0674,0.9945
53.4330,126.16,30.7502,10.1543,7.4546,356.1024,355.3800,2.8065,0.6487,0.2535,0.1033,-0.0804,0.0680,0.9944
53.4530,126.16,30.7629,10.1593,7.4564,356.0711,355.3808,2.8486,0.6384,0.2480,0.0898,-0.0803,0.0685,0.9944
53.4730,126.16,30.7755,10.1641,7.4579,356.0416,355.3817,2.8894,0.6279,0.2414,0.0764,-0.0803,0.0690,0.9944
53.4930,126.16,30.7878,10.1688,7.4592,356.0138,355.3826,2.9290,0.6174,0.2359,0.0628,-0.0803,0.0695,0.9943
53.5130,126.16,30.8000,10.1734,7.4602,355.9878,355.3835,2.9671,0.6068,0.2295,0.0492,-0.0803,0.0700,0.9943
53.5330,126.16,30.8119,10.1779,7.4609,355.9635,355.3846,3.0040,0.5960,0.2241,0.0356,-0.0803,0.0704,0.9943
53.5530,126.16,30.8236,10.1822,7.4613,355.9409,355.3856,3.0395,0.5853,0.2179,0.0220,-0.0802,0.0708,0.9943
53.5730,126.16,30.8351,10.1865,7.4615,355.9202,355.3867,3.0736,0.5745,0.2126,0.0083,-0.0802,0.0711,0.9942
53.5930,126.16,30.8464,10.1906,7.4614,355.9011,355.3879,3.1064,0.5636,0.2065,-0.0054,-0.0802,0.0715,0.9942
53.6130,126.16,30.8574,10.1946,7.4610,355.8838,355.3891,3.1377,0.5526,0.2013,-0.0192,-0.0802,0.0718,0.9942
53.6330,126.16,30.8682,10.1986,7.4603,355.8683,355.3904,3.1677,0.5416,0.1954,-0.0329,-0.0802,0.0721,0.9942
53.6530,126.16,30.8789,10.2024,7.4594,355.8544,355.3918,3.1963,0.5306,0.1903,-0.0466,-0.0801,0.0723,0.9942
53.6730,126.16,30.8892,10.2060,7.4582,355.8423,355.3932,3.2235,0.5195,0.1846,-0.0603,-0.0801,0.0725,0.9941
53.6930,126.16,30.8994,10.2096,7.4567,355.8318,355.3947,3.2493,0.5083,0.1795,-0.0741,-0.0801,0.0727,0.9941
53.7130,126.16,30.9094,10.2131,7.4550,355.8230,355.3963,3.2736,0.4972,0.1740,-0.0878,-0.0800,0.0728,0.9941
53.7330,126.16,30.9191,10.2165,7.4529,355.8159,355.3980,3.2966,0.4859,0.1690,-0.1015,-0.0800,0.0730,0.9941
53.7530,126.16,30.9286,10.2198,7.4506,355.8105,355.3997,3.3182,0.4747,0.1636,-0.1152,-0.0800,0.0731,0.9941
53.7730,126.16,30.9378,10.2229,7.4481,355.8067,355.4016,3.3384,0.4635,0.1587,-0.1288,-0.0800,0.0731,0.9941
53.7930,126.16,30.9469,10.2260,7.4452,355.8045,355.4034,3.3572,0.4522,0.1535,-0.1424,-0.0799,0.0732,0.9941
53.8130,126.16,30.9557,10.2290,7.4421,355.8039,355.4054,3.3746,0.4409,0.1488,-0.1560,-0.0799,0.0732,0.9941
53.8330,126.16,30.9643,10.2319,7.4387,355.8049,355.4075,3.3906,0.4296,0.1437,-0.1695,-0.0799,0.0732,0.9941
53.8530,126.16,30.9727,10.2346,7.4350,355.8074,355.4096,3.4053,0.4183,0.1390,-0.1830,-0.0798,0.0731,0.9941
53.8730,126.16,30.9808,10.2373,7.4311,355.8116,355.4119,3.4186,0.4069,0.1342,-0.1964,-0.0798,0.0730,0.9941
53.8930,126.16,30.9887,10.2399,7.4269,355.8172,355.4142,3.4305,0.3956,0.1296,-0.2097,-0.0797,0.0729,0.9941
53.9130,126.16,30.9964,10.2424,7.4225,355.8243,355.4166,3.4411,0.3843,0.1249,-0.2230,-0.0797,0.0728,0.9942
53.9330,126.16,31.0039,10.2448,7.4177,355.8329,355.4190,3.4504,0.3730,0.1204,-0.2362,-0.0797,0.0727,0.9942
53.9530,126.16,31.0111,10.2471,7.4127,355.8429,355.4216,3.4583,0.3617,0.1159,-0.2494,-0.0796,0.0725,0.9942
53.9730,126.16,31.0181,10.2494,7.4075,355.8544,355.4242,3.4650,0.3504,0.1115,-0.2624,-0.0796,0.0723,0.9942
53.9930,126.16,31.0249,10.2515,7.4020,355.8673,355.4269,3.4703,0.3391,0.1071,-0.2754,-0.0795,0.0721,0.9942
54.0130,126.16,31.0314,10.2536,7.3962,355.8815,355.4296,3.4744,0.3279,0.1029,-0.2883,-0.0795,0.0718,0.9942
54.0330,126.16,31.0378,10.2555,7.3902,355.8971,355.4325,3.4771,0.3167,0.0986,-0.3011,-0.0794,0.0715,0.9943
54.0530,126.16,31.0439,10.2574,7.3839,355.9141,355.4354,3.4787,0.3055,0.0945,-0.3137,-0.0794,0.0713,0.9943
54.0730,126.16,31.0498,10.2592,7.3774,355.9323,355.4383,3.4790,0.2943,0.0904,-0.3263,-0.0793,0.0709,0.9943
54.0930,126.16,31.0554,10.2610,7.3706,355.9518,355.4413,3.4781,0.2832,0.0864,-0.3388,-0.0793,0.0706,0.9943
54.1130,126.16,31.0609,10.2626,7.3636,355.9726,355.4444,3.4759,0.2721,0.0824,-0.3512,-0.0792,0.0702,0.9944
54.1330,126.16,31.0661,10.2642,7.3563,355.9946,355.4475,3.4726,0.2611,0.0786,-0.3634,-0.0792,0.0699,0.9944
54.1530,126.16,31.0711,10.2657,7.3488,356.0178,355.4507,3.4682,0.2501,0.0747,-0.3756,-0.0791,0.0694,0.9944
54.1730,126.16,31.0759,10.2671,7.3411,356.0421,355.4540,3.4625,0.2392,0.0710,-0.3876,-0.0791,0.0690,0.9945
54.1930,126.16,31.0804,10.2685,7.3331,356.0676,355.4572,3.4558,0.2283,0.0673,-0.3995,-0.0790,0.0686,0.9945
54.2130,126.16,31.0848,10.2697,7.3249,356.0941,355.4606,3.4479,0.2175,0.0637,-0.4112,-0.0790,0.0681,0.9945
54.2330,126.16,31.0889,10.2709,7.3164,356.1218,355.4639,3.4390,0.2067,0.0601,-0.4229,-0.0789,0.0676,0.9946
54.2530,126.16,31.0929,10.2721,7.3077,356.1505,355.4673,3.4290,0.1960,0.0567,-0.4343,-0.0788,0.0671,0.9946
54.2730,126.16,31.0966,10.2731,7.2988,356.1803,355.4707,3.4179,0.1853,0.0532,-0.4457,-0.0788,0.0666,0.9947
54.2930,126.16,31.1001,10.2741,7.2897,356.2110,355.4742,3.4058,0.1748,0.0499,-0.4569,-0.0787,0.0661,0.9947
54.3130,126.16,31.1033,10.2751,7.2803,356.2427,355.4777,3.3927,0.1643,0.0465,-0.4680,-0.0787,0.0655,0.9947
54.3330,126.16,31.1064,10.2759,7.2707,356.2754,355.4811,3.3786,0.1538,0.0433,-0.4789,-0.0786,0.0650,0.9948
54.3530,126.16,31.1093,10.2767,7.2609,356.3089,355.4846,3.3636,0.1435,0.0401,-0.4897,-0.0786,0.0644,0.9948
54.3730,128.15,31.1120,10.2775,7.2509,356.3434,355.4882,3.3476,0.1332,0.0370,-0.5003,-0.0785,0.0638,0.9949
54.3930,128.15,31.1144,10.2781,7.2407,356.3787,355.4917,3.3307,0.1230,0.0339,-0.5107,-0.0784,0.0632,0.9949
54.4130,128.15,31.1167,10.2788,7.2303,356.4148,355.4952,3.3129,0.1129,0.0310,-0.5210,-0.0784,0.0625,0.9950
54.4330,128.15,31.1187,10.2793,7.2197,356.4517,355.4987,3.2942,0.1029,0.0280,-0.5312,-0.0783,0.0619,0.9950
54.4530,128.15,31.1206,10.2798,7.2088,356.4893,355.5022,3.2746,0.0929,0.0251,-0.5411,-0.0783,0.0612,0.9950
54.4730,128.15,31.1222,10.2803,7.1978,356.5277,355.5057,3.2543,0.0831,0.0223,-0.5509,-0.0782,0.0606,0.9951
54.4930,128.15,31.1237,10.2807,7.1866,356.5668,355.5091,3.2331,0.0733,0.0196,-0.5606,-0.0782,0.0599,0.9951
54.5130,128.15,31.1250,10.2810,7.1752,356.6066,355.5126,3.2111,0.0637,0.0168,-0.5701,-0.0781,0.0592,0.9952
54.5330,128.15,31.1261,10.2813,7.1636,356.6470,355.5160,3.1883,0.0541,0.0142,-0.5794,-0.0780,0.0585,0.9952
54.5530,128.15,31.1270,10.2815,7.1519,356.6881,355.5194,3.1649,0.0447,0.0116,-0.5885,-0.0780,0.0578,0.9953
54.5730,128.15,31.1277,10.2817,7.1399,356.7297,355.5228,3.1406,0.0353,0.0091,-0.5975,-0.0779,0.0570,0.9953
54.5930,128.15,31.1282,10.2818,7.1278,356.7719,355.5261,3.1157,0.0261,0.0066,-0.6062,-0.0779,0.0563,0.9954
54.6130,128.15,31.1285,10.2819,7.1155,356.8147,355.5294,3.0902,0.0169,0.0041,-0.6148,-0.0778,0.0556,0.9954
54.6330,128.15,31.1287,10.2820,7.1030,356.8580,355.5326,3.0639,0.0079,0.0018,-0.6233,-0.0778,0.0548,0.9955
54.6530,128.15,31.1287,10.2819,7.0904,356.9017,355.5358,3.0370,-0.0011,-0.0006,-0.6315,-0.0777,0.0540,0.9955
54.6730,128.15,31.1285,10.2819,7.0776,356.9459,355.5389,3.0096,-0.0099,-0.0028,-0.6396,-0.0777,0.0533,0.9956
54.6930,128.15,31.1281,10.2818,7.0646,356.9906,355.5420,2.9815,-0.0186,-0.0051,-0.6475,-0.0776,0.0525,0.9956
54.7130,128.15,31.1275,10.2816,7.0515,357.0356,355.5450,2.9529,-0.0272,-0.0072,-0.6552,-0.0776,0.0517,0.9956
54.7330,128.15,31.1268,10.2815,7.0383,357.0810,355.5479,2.9237,-0.0357,-0.0094,-0.6627,-0.0775,0.0509,0.9957
54.7530,128.15,31.1260,10.2812,7.0249,357.1268,355.5508,2.8940,-0.0441,-0.0114,-0.6701,-0.0775,0.0501,0.9957
54.7730,128.15,31.1249,10.2810,7.0113,357.1729,355.5536,2.8638,-0.0524,-0.0135,-0.6772,-0.0774,0.0493,0.9958
54.7930,128.15,31.1237,10.2806,6.9977,357.2193,355.5563,2.8331,-0.0605,-0.0154,-0.6842,-0.0774,0.0485,0.9958
54.8130,128.15,31.1223,10.2803,6.9838,357.2660,355.5590,2.8020,-0.0685,-0.0174,-0.6910,-0.0773,0.0477,0.9959
54.8330,128.15,31.1207,10.2815,6.9697,357.3326,355.5627,2.7690,-0.0801,0.0619,-0.7060,-0.0773,0.0465,0.9959
54.8530,128.15,31.1189,10.2834,6.9553,357.4245,355.5674,2.7334,-0.0895,0.0944,-0.7194,-0.0772,0.0449,0.9960
54.8730,128.15,31.1169,10.2865,6.9407,357.5370,355.5731,2.6959,-0.0998,0.1526,-0.7326,-0.0771,0.0430,0.9961
54.8930,128.15,31.1148,10.2904,6.9258,357.6712,355.5794,2.6562,-0.1093,0.1952,-0.7448,-0.0770,0.0406,0.9962
54.9130,128.15,31.1124,10.2953,6.9106,357.8248,355.5863,2.6147,-0.1190,0.2458,-0.7563,-0.0769,0.0380,0.9963
54.9330,128.15,31.1098,10.3011,6.8953,357.9975,355.5938,2.5714,-0.1283,0.2910,-0.7669,-0.0768,0.0349,0.9964
54.9530,128.15,31.1071,10.3079,6.8798,358.1880,355.6015,2.5264,-0.1375,0.3384,-0.7765,-0.0767,0.0316,0.9966
54.9730,128.15,31.1041,10.3156,6.8641,358.3956,355.6095,2.4797,-0.1465,0.3836,-0.7851,-0.0765,0.0280,0.9967
54.9930,128.15,31.1010,10.3241,6.8482,358.6193,355.6176,2.4316,-0.1553,0.4291,-0.7926,-0.0764,0.0241,0.9968
55.0130,128.15,31.0977,10.3336,6.8323,358.8583,355.6258,2.3821,-0.1640,0.4735,-0.7989,-0.0763,0.0199,0.9969
55.0330,128.15,31.0943,10.3440,6.8162,359.1118,355.6339,2.3312,-0.1725,0.5177,-0.8041,-0.0761,0.0155,0.9970
55.0530,128.15,31.0907,10.3552,6.8000,359.3789,355.6419,2.2791,-0.1808,0.5611,-0.8081,-0.0760,0.0108,0.9971
55.0730,128.15,31.0869,10.3673,6.7838,359.6590,355.6496,2.2258,-0.1889,0.6040,-0.8108,-0.0759,0.0060,0.9971
55.0930,128.15,31.0830,10.3802,6.7675,359.9512,355.6571,2.1714,-0.1968,0.6463,-0.8122,-0.0757,0.0009,0.9971
55.1130,128.15,31.0789,10.3940,6.7513,0.2549,355.6641,2.1161,-0.2046,0.6880,-0.8123,-0.0756,-0.0044,0.9971
55.1330,128.15,31.0746,10.4086,6.7351,0.5694,355.6707,2.0598,-0.2122,0.7290,-0.8110,-0.0755,-0.0099,0.9971
55.1530,128.15,31.0702,10.4239,6.7189,0.8940,355.6768,2.0026,-0.2196,0.7694,-0.8083,-0.0754,-0.0156,0.9970
55.1730,128.15,31.0657,10.4401,6.7028,1.2282,355.6824,1.9446,-0.2268,0.8092,-0.8043,-0.0753,-0.0214,0.9969
55.1930,128.15,31.0610,10.4571,6.6869,1.5712,355.6873,1.8859,-0.2338,0.8484,-0.7988,-0.0752,-0.0274,0.9968
55.2130,128.15,31.0562,10.4748,6.6710,1.9225,355.6916,1.8266,-0.2407,0.8869,-0.7918,-0.0751,-0.0335,0.9966
55.2330,128.15,31.0513,10.4933,6.6554,2.2816,355.6952,1.7666,-0.2473,0.9247,-0.7834,-0.0750,-0.0398,0.9964
55.2530,128.15,31.0462,10.5126,6.6399,2.6478,355.6980,1.7061,-0.2538,0.9619,-0.7736,-0.0749,-0.0462,0.9961
55.2730,128.15,31.0410,10.5326,6.6246,3.0208,355.7001,1.6450,-0.2601,0.9984,-0.7622,-0.0749,-0.0527,0.9958
55.2930,128.15,31.0357,10.5533,6.6097,3.3999,355.7014,1.5835,-0.2663,1.0343,-0.7493,-0.0748,-0.0593,0.9954
55.3130,128.15,31.0302,10.5747,6.5950,3.7848,355.7018,1.5217,-0.2723,1.0694,-0.7350,-0.0748,-0.0660,0.9950
55.3330,128.15,31.0246,10.5967,6.5806,4.1749,355.7014,1.4594,-0.2781,1.1038,-0.7191,-0.0748,-0.0728,0.9945
55.3530,128.15,31.0190,10.6195,6.5665,4.5697,355.7002,1.3969,-0.2837,1.1375,-0.7017,-0.0747,-0.0797,0.9940
55.3730,128.38,31.0132,10.6429,6.5529,4.9690,355.6980,1.3342,-0.2891,1.1705,-0.6829,-0.0747,-0.0866,0.9934
55.3930,128.38,31.0073,10.6670,6.5396,5.3722,355.6950,1.2712,-0.2944,1.2028,-0.6625,-0.0747,-0.0936,0.9928
55.4130,128.38,31.0013,10.6917,6.5268,5.7791,355.6910,1.2081,-0.2995,1.2343,-0.6406,-0.0748,-0.1007,0.9921
55.4330,128.38,30.9952,10.7170,6.5145,6.1891,355.6862,1.1449,-0.3045,1.2651,-0.6171,-0.0748,-0.1078,0.9914
55.4530,128.38,30.9890,10.7429,6.5026,6.6019,355.6804,1.0816,-0.3093,1.2951,-0.5922,-0.0748,-0.1150,0.9905
55.4730,128.38,30.9828,10.7694,6.4913,7.0173,355.6736,1.0183,-0.3139,1.3243,-0.5658,-0.0749,-0.1222,0.9897
55.4930,128.38,30.9764,10.7964,6.4806,7.4348,355.6660,0.9551,-0.3184,1.3528,-0.5380,-0.0749,-0.1294,0.9888
55.5130,128.38,30.9699,10.8240,6.4704,7.8542,355.6574,0.8919,-0.3227,1.3805,-0.5086,-0.0750,-0.1367,0.9878
55.5330,128.38,30.9634,10.8522,6.4608,8.2752,355.6479,0.8288,-0.3269,1.4074,-0.4778,-0.0751,-0.1439,0.9867
55.5530,128.38,30.9568,10.8809,6.4519,8.6974,355.6375,0.7659,-0.3309,1.4331,-0.4455,-0.0752,-0.1512,0.9856
55.5730,128.38,30.9501,10.9100,6.4437,9.1202,355.6262,0.7032,-0.3347,1.4571,-0.4120,-0.0753,-0.1585,0.9845
55.5930,128.38,30.9433,10.9396,6.4362,9.5431,355.6140,0.6408,-0.3384,1.4797,-0.3770,-0.0754,-0.1658,0.9833
55.6130,128.38,30.9365,10.9679,6.4292,9.9306,355.6027,0.5779,-0.3407,1.4144,-0.3476,-0.0755,-0.1725,0.9821
55.6330,128.38,30.9296,10.9965,6.4231,10.2858,355.5919,0.5157,-0.3445,1.4293,-0.3043,-0.0756,-0.1786,0.9810
55.6530,128.38,30.9227,11.0240,6.4177,10.6063,355.5821,0.4535,-0.3467,1.3733,-0.2721,-0.0757,-0.1841,0.9800
55.6730,128.38,30.9157,11.0516,6.4131,10.8966,355.5729,0.3919,-0.3501,1.3804,-0.2285,-0.0758,-0.1890,0.9790
55.6930,128.38,30.9086,11.0782,6.4092,11.1547,355.5648,0.3306,-0.3522,1.3324,-0.1942,-0.0759,-0.1935,0.9782
55.7130,128.38,30.9015,11.1049,6.4062,11.3845,355.5574,0.2701,-0.3551,1.3332,-0.1507,-0.0759,-0.1974,0.9774
55.7330,128.38,30.8944,11.1308,6.4039,11.5846,355.5511,0.2100,-0.3571,1.2919,-0.1146,-0.0760,-0.2008,0.9767
55.7530,128.38,30.8872,11.1565,6.4025,11.7582,355.5454,0.1507,-0.3596,1.2877,-0.0714,-0.0760,-0.2038,0.9761
55.7730,128.38,30.8800,11.1815,6.4018,11.9042,355.5409,0.0919,-0.3614,1.2519,-0.0340,-0.0761,-0.2063,0.9755
55.7930,128.38,30.8727,11.2064,6.4020,12.0256,355.5370,0.0340,-0.3635,1.2439,0.0088,-0.0761,-0.2083,0.9751
55.8130,128.38,30.8654,11.2307,6.4029,12.1215,355.5342,359.9768,-0.3650,1.2126,0.0471,-0.0761,-0.2100,0.9747
55.8330,128.38,30.8581,11.2547,6.4047,12.1945,355.5322,359.9204,-0.3667,1.2018,0.0893,-0.0761,-0.2112,0.9745
55.8530,128.38,30.8507,11.2782,6.4073,12.2440,355.5310,359.8647,-0.3680,1.1741,0.1281,-0.0761,-0.2121,0.9743
55.8730,128.38,30.8433,11.3014,6.4107,12.2722,355.5307,359.8100,-0.3692,1.1614,0.1696,-0.0761,-0.2126,0.9742
55.8930,128.38,30.8359,11.3242,6.4148,12.2788,355.5312,359.7560,-0.3702,1.1366,0.2085,-0.0761,-0.2127,0.9742
55.9130,128.38,30.8285,11.3466,6.4198,12.2656,355.5324,359.7029,-0.3711,1.1227,0.2492,-0.0761,-0.2124,0.9742
55.9330,128.38,30.8211,11.3686,6.4256,12.2327,355.5345,359.6506,-0.3717,1.1002,0.2879,-0.0761,-0.2119,0.9743
55.9530,128.38,30.8136,11.3903,6.4321,12.1815,355.5372,359.5992,-0.3723,1.0855,0.3276,-0.0761,-0.2110,0.9745
55.9730,128.38,30.8062,11.4116,6.4395,12.1122,355.5406,359.5486,-0.3725,1.0648,0.3658,-0.0760,-0.2098,0.9748
55.9930,128.38,30.7987,11.4326,6.4475,12.0261,355.5446,359.4990,-0.3727,1.0498,0.4045,-0.0760,-0.2084,0.9751
56.0130,128.38,30.7913,11.4532,6.4564,11.9236,355.5493,359.4502,-0.3726,1.0306,0.4418,-0.0759,-0.2066,0.9755
56.0330,128.38,30.7838,11.4735,6.4660,11.8057,355.5545,359.4022,-0.3723,1.0155,0.4793,-0.0759,-0.2046,0.9759
56.0530,128.38,30.7764,11.4935,6.4763,11.6729,355.5602,359.3552,-0.3719,0.9976,0.5156,-0.0758,-0.2023,0.9764
56.0730,128.38,30.7690,11.5131,6.4873,11.5261,355.5664,359.3090,-0.3713,0.9826,0.5517,-0.0757,-0.1998,0.9769
56.0930,128.38,30.7615,11.5325,6.4990,11.3658,355.5731,359.2638,-0.3704,0.9657,0.5868,-0.0757,-0.1971,0.9775
56.1130,128.38,30.7542,11.5515,6.5115,11.1928,355.5800,359.2194,-0.3694,0.9510,0.6214,-0.0756,-0.1941,0.9781
56.1330,128.38,30.7468,11.5702,6.5246,11.0077,355.5874,359.1759,-0.3682,0.9350,0.6551,-0.0755,-0.1909,0.9787
56.1530,128.38,30.7395,11.5886,6.5383,10.8113,355.5950,359.1333,-0.3668,0.9205,0.6882,-0.0754,-0.1876,0.9793
56.1730,128.38,30.7322,11.6067,6.5527,10.6040,355.6028,359.0916,-0.3653,0.9053,0.7202,-0.0754,-0.1840,0.9800
56.1930,128.38,30.7249,11.6245,6.5678,10.3866,355.6108,359.0508,-0.3635,0.8912,0.7516,-0.0753,-0.1803,0.9807
56.2130,128.38,30.7176,11.6421,6.5834,10.1597,355.6190,359.0110,-0.3616,0.8767,0.7820,-0.0752,-0.1764,0.9814
56.2330,128.38,30.7105,11.6593,6.5996,9.9237,355.6273,358.9720,-0.3594,0.8630,0.8116,-0.0751,-0.1723,0.9822
56.2530,128.38,30.7033,11.6763,6.6165,9.6794,355.6357,358.9340,-0.3571,0.8490,0.8402,-0.0750,-0.1681,0.9829
56.2730,128.38,30.6962,11.6930,6.6338,9.4272,355.6440,358.8968,-0.3547,0.8357,0.8679,-0.0749,-0.1638,0.9836
56.2930,128.38,30.6892,11.7095,6.6517,9.1677,355.6523,358.8606,-0.3520,0.8222,0.8946,-0.0748,-0.1593,0.9844
56.3130,128.38,30.6822,11.7257,6.6701,8.9015,355.6606,358.8254,-0.3492,0.8093,0.9204,-0.0748,-0.1547,0.9851
56.3330,128.38,30.6753,11.7416,6.6890,8.6289,355.6688,358.7910,-0.3462,0.7963,0.9451,-0.0747,-0.1500,0.9859
56.3530,128.38,30.6684,11.7573,6.7084,8.3507,355.6768,358.7577,-0.3430,0.7837,0.9689,-0.0746,-0.1452,0.9866
56.3730,125.54,30.6616,11.7727,6.7282,8.0672,355.6846,358.7253,-0.3396,0.7711,0.9916,-0.0745,-0.1403,0.9873
56.3930,125.54,30.6549,11.7879,6.7485,7.7789,355.6923,358.6938,-0.3361,0.7588,1.0133,-0.0744,-0.1354,0.9880
56.4130,125.54,30.6483,11.8028,6.7692,7.4863,355.6996,358.6633,-0.3325,0.7466,1.0339,-0.0743,-0.1303,0.9887
56.4330,125.54,30.6417,11.8175,6.7902,7.1899,355.7067,358.6338,-0.3287,0.7346,1.0536,-0.0743,-0.1252,0.9894
56.4530,125.54,30.6352,11.8320,6.8117,6.8900,355.7135,358.6053,-0.3247,0.7227,1.0721,-0.0742,-0.1200,0.9900
56.4730,125.54,30.6288,11.8462,6.8335,6.5871,355.7200,358.5777,-0.3206,0.7111,1.0896,-0.0741,-0.1147,0.9906
56.4930,125.54,30.6224,11.8602,6.8556,6.2816,355.7261,358.5512,-0.3163,0.6994,1.1060,-0.0741,-0.1094,0.9912
56.5130,125.54,30.6162,11.8739,6.8780,5.9739,355.7318,358.5256,-0.3119,0.6880,1.1214,-0.0740,-0.1041,0.9918
56.5330,125.54,30.6101,11.8875,6.9007,5.6644,355.7371,358.5011,-0.3074,0.6766,1.1357,-0.0740,-0.0987,0.9924
56.5530,125.54,30.6040,11.9008,6.9237,5.3535,355.7419,358.4776,-0.3027,0.6654,1.1489,-0.0739,-0.0933,0.9929
56.5730,125.54,30.5981,11.9139,6.9469,5.0415,355.7464,358.4551,-0.2979,0.6542,1.1611,-0.0739,-0.0879,0.9934
56.5930,125.54,30.5922,11.9267,6.9704,4.7288,355.7503,358.4337,-0.2930,0.6432,1.1722,-0.0739,-0.0824,0.9939
56.6130,125.54,30.5864,11.9394,6.9940,4.4157,355.7538,358.4133,-0.2879,0.6323,1.1823,-0.0738,-0.0770,0.9943
56.6330,125.54,30.5808,11.9518,7.0179,4.1025,355.7567,358.3939,-0.2828,0.6214,1.1913,-0.0738,-0.0715,0.9947
56.6530,125.54,30.5752,11.9640,7.0418,3.7896,355.7592,358.3755,-0.2775,0.6106,1.1992,-0.0738,-0.0661,0.9951
56.6730,125.54,30.5698,11.9760,7.0660,3.4772,355.7611,358.3582,-0.2721,0.5999,1.2062,-0.0738,-0.0607,0.9954
56.6930,125.54,30.5645,11.9878,7.0902,3.1657,355.7625,358.3419,-0.2666,0.5892,1.2121,-0.0738,-0.0552,0.9957
56.7130,125.54,30.5592,11.9994,7.1145,2.8554,355.7633,358.3268,-0.2610,0.5786,1.2170,-0.0738,-0.0498,0.9960
56.7330,125.54,30.5541,12.0108,7.1390,2.5464,355.7635,358.3126,-0.2554,0.5681,1.2209,-0.0738,-0.0444,0.9963
56.7530,125.54,30.5491,12.0219,7.1634,2.2391,355.7632,358.2994,-0.2496,0.5576,1.2238,-0.0738,-0.0391,0.9965
56.7730,125.54,30.5443,12.0329,7.1880,1.9337,355.7624,358.2874,-0.2437,0.5472,1.2257,-0.0739,-0.0337,0.9967
56.7930,125.54,30.5395,12.0436,7.2125,1.6305,355.7609,358.2763,-0.2378,0.5368,1.2266,-0.0739,-0.0285,0.9969
56.8130,125.54,30.5349,12.0541,7.2370,1.3296,355.7589,358.2663,-0.2318,0.5265,1.2265,-0.0739,-0.0232,0.9970
56.8330,125.54,30.5303,12.0645,7.2615,1.0313,355.7563,358.2573,-0.2257,0.5162,1.2256,-0.0740,-0.0180,0.9971
56.8530,125.54,30.5260,12.0746,7.2860,0.7359,355.7531,358.2493,-0.2196,0.5059,1.2236,-0.0740,-0.0128,0.9972
56.8730,125.54,30.5217,12.0845,7.3104,0.4434,355.7494,358.2423,-0.2133,0.4957,1.2208,-0.0741,-0.0077,0.9972
56.8930,125.54,30.5176,12.0942,7.3348,0.1542,355.7451,358.2364,-0.2071,0.4855,1.2171,-0.0742,-0.0027,0.9972
56.9130,125.54,30.5135,12.1037,7.3590,359.8683,355.7402,358.2314,-0.2007,0.4753,1.2124,-0.0743,0.0023,0.9972
56.9330,125.54,30.5096,12.1130,7.3831,359.5860,355.7347,358.2275,-0.1943,0.4651,1.2069,-0.0744,0.0072,0.9972
56.9530,125.54,30.5059,12.1221,7.4072,359.3074,355.7287,358.2245,-0.1879,0.4550,1.2006,-0.0745,0.0121,0.9971
56.9730,125.54,30.5023,12.1310,7.4310,359.0327,355.7221,358.2225,-0.1814,0.4450,1.1934,-0.0746,0.0169,0.9971
56.9930,125.54,30.4988,12.1397,7.4547,358.7620,355.7150,358.2214,-0.1749,0.4349,1.1853,-0.0747,0.0216,0.9970
57.0130,125.54,30.4954,12.1482,7.4783,358.4955,355.7073,358.2213,-0.1683,0.4249,1.1765,-0.0748,0.0263,0.9969
57.0330,125.54,30.4922,12.1565,7.5016,358.2332,355.6991,358.2221,-0.1618,0.4149,1.1669,-0.0750,0.0308,0.9967
57.0530,125.54,30.4891,12.1646,7.5247,357.9753,355.6904,358.2239,-0.1551,0.4049,1.1565,-0.0751,0.0353,0.9966
57.0730,125.54,30.4861,12.1725,7.5476,357.7220,355.6812,358.2265,-0.1485,0.3950,1.1453,-0.0752,0.0397,0.9964
57.0930,125.54,30.4833,12.1803,7.5703,357.4732,355.6714,358.2300,-0.1418,0.3851,1.1334,-0.0754,0.0441,0.9962
57.1130,125.54,30.4806,12.1878,7.5927,357.2292,355.6612,358.2344,-0.1351,0.3752,1.1208,-0.0756,0.0483,0.9960
57.1330,125.54,30.4780,12.1951,7.6149,356.9901,355.6505,358.2397,-0.1284,0.3653,1.1075,-0.0757,0.0525,0.9957
57.1530,125.54,30.4755,12.2022,7.6367,356.7558,355.6394,358.2457,-0.1217,0.3555,1.0935,-0.0759,0.0566,0.9955
57.1730,125.54,30.4732,12.2091,7.6583,356.5265,355.6278,358.2526,-0.1150,0.3457,1.0788,-0.0761,0.0606,0.9953
57.1930,125.54,30.4711,12.2158,7.6796,356.3022,355.6158,358.2603,-0.1083,0.3359,1.0635,-0.0763,0.0645,0.9950
57.2130,125.54,30.4691,12.2223,7.7005,356.0831,355.6033,358.2687,-0.1015,0.3262,1.0476,-0.0765,0.0683,0.9947
57.2330,125.54,30.4672,12.2287,7.7212,355.8691,355.5905,358.2780,-0.0948,0.3165,1.0310,-0.0767,0.0720,0.9944
57.2530,125.54,30.4654,12.2348,7.7414,355.6603,355.5773,358.2879,-0.0881,0.3069,1.0139,-0.0769,0.0757,0.9942
57.2730,125.54,30.4638,12.2408,7.7614,355.4568,355.5637,358.2986,-0.0814,0.2973,0.9962,-0.0771,0.0792,0.9939
57.2930,125.54,30.4623,12.2465,7.7809,355.2587,355.5498,358.3099,-0.0746,0.2877,0.9780,-0.0773,0.0827,0.9936
57.3130,125.54,30.4609,12.2521,7.8001,355.0658,355.5356,358.3220,-0.0679,0.2782,0.9592,-0.0776,0.0860,0.9933
57.3330,125.54,30.4597,12.2575,7.8189,354.8784,355.5210,358.3346,-0.0613,0.2687,0.9399,-0.0778,0.0893,0.9930
57.3530,125.54,30.4586,12.2626,7.8373,354.6963,355.5062,358.3479,-0.0546,0.2593,0.9201,-0.0780,0.0924,0.9927
57.3730,127.55,30.4576,12.2676,7.8553,354.5197,355.4911,358.3618,-0.0480,0.2499,0.8998,-0.0783,0.0955,0.9923
57.3930,127.55,30.4568,12.2724,7.8729,354.3484,355.4757,358.3764,-0.0413,0.2405,0.8790,-0.0785,0.0985,0.9920
57.4130,127.55,30.4561,12.2771,7.8900,354.1826,355.4602,358.3914,-0.0347,0.2313,0.8579,-0.0787,0.1014,0.9917
57.4330,127.55,30.4556,12.2815,7.9068,354.0223,355.4444,358.4070,-0.0282,0.2221,0.8363,-0.0790,0.1041,0.9914
57.4530,127.55,30.4551,12.2858,7.9230,353.8674,355.4284,358.4232,-0.0216,0.2129,0.8143,-0.0792,0.1068,0.9911
57.4730,127.55,30.4548,12.2899,7.9389,353.7179,355.4123,358.4398,-0.0151,0.2038,0.7919,-0.0795,0.1094,0.9908
57.4930,127.55,30.4546,12.2938,7.9543,353.5739,355.3961,358.4569,-0.0087,0.1948,0.7691,-0.0798,0.1119,0.9905
57.5130,127.55,30.4546,12.2975,7.9692,353.4352,355.3797,358.4744,-0.0022,0.1858,0.7460,-0.0800,0.1143,0.9902
57.5330,127.55,30.4547,12.3010,7.9836,353.3020,355.3632,358.4924,0.0042,0.1770,0.7225,-0.0803,0.1166,0.9899
57.5530,127.55,30.4549,12.3044,7.9976,353.1742,355.3466,358.5108,0.0105,0.1681,0.6988,-0.0806,0.1189,0.9896
57.5730,127.55,30.4552,12.3076,8.0111,353.0517,355.3300,358.5296,0.0168,0.1594,0.6747,-0.0808,0.1210,0.9894
57.5930,127.55,30.4557,12.3106,8.0241,352.9345,355.3133,358.5487,0.0231,0.1507,0.6504,-0.0811,0.1230,0.9891
57.6130,127.55,30.4563,12.3134,8.0366,352.8226,355.2966,358.5682,0.0293,0.1422,0.6258,-0.0814,0.1249,0.9888
57.6330,127.55,30.4570,12.3161,8.0486,352.7160,355.2799,358.5880,0.0354,0.1337,0.6009,-0.0816,0.1268,0.9886
57.6530,127.55,30.4578,12.3186,8.0602,352.6146,355.2632,358.6081,0.0416,0.1253,0.5758,-0.0819,0.1285,0.9883
57.6730,127.55,30.4588,12.3209,8.0712,352.5184,355.2466,358.6284,0.0476,0.1169,0.5505,-0.0822,0.1302,0.9881
57.6930,127.55,30.4598,12.3231,8.0817,352.4273,355.2300,358.6491,0.0536,0.1087,0.5251,-0.0824,0.1318,0.9878
57.7130,127.55,30.4610,12.3251,8.0917,352.3413,355.2135,358.6700,0.0596,0.1005,0.4994,-0.0827,0.1333,0.9876
57.7330,127.55,30.4623,12.3270,8.1011,352.2604,355.1971,358.6911,0.0655,0.0925,0.4735,-0.0830,0.1347,0.9874
57.7530,127.55,30.4638,12.3287,8.1101,352.1844,355.1808,358.7124,0.0713,0.0845,0.4475,-0.0832,0.1360,0.9872
57.7730,127.55,30.4653,12.3302,8.1185,352.1135,355.1647,358.7339,0.0771,0.0767,0.4214,-0.0835,0.1372,0.9870
57.7930,127.55,30.4670,12.3316,8.1264,352.0474,355.1487,358.7555,0.0828,0.0689,0.3952,-0.0838,0.1384,0.9868
57.8130,127.55,30.4687,12.3328,8.1338,351.9861,355.1328,358.7773,0.0884,0.0612,0.3688,-0.0840,0.1394,0.9867
57.8330,127.55,30.4706,12.3339,8.1406,351.9296,355.1172,358.7992,0.0940,0.0537,0.3424,-0.0843,0.1404,0.9865
57.8530,127.55,30.4726,12.3348,8.1470,351.8778,355.1018,358.8213,0.0995,0.0462,0.3159,-0.0845,0.1413,0.9864
57.8730,127.55,30.4747,12.3356,8.1527,351.8307,355.0865,358.8434,0.1050,0.0389,0.2893,-0.0848,0.1421,0.9862
57.8930,127.55,30.4769,12.3362,8.1580,351.7882,355.0716,358.8656,0.1103,0.0316,0.2627,-0.0850,0.1428,0.9861
57.9130,127.55,30.4792,12.3367,8.1627,351.7502,355.0568,358.8879,0.1156,0.0245,0.2360,-0.0853,0.1435,0.9860
57.9330,127.55,30.4816,12.3371,8.1669,351.7166,355.0423,358.9102,0.1209,0.0175,0.2094,-0.0855,0.1441,0.9859
57.9530,127.55,30.4842,12.3373,8.1706,351.6875,355.0281,358.9326,0.1260,0.0106,0.1827,-0.0858,0.1446,0.9858
57.9730,127.55,30.4868,12.3373,8.1737,351.6626,355.0142,358.9550,0.1311,0.0038,0.1560,-0.0860,0.1450,0.9857
57.9930,127.55,30.4895,12.3373,8.1763,351.6420,355.0006,358.9773,0.1361,-0.0029,0.1294,-0.0862,0.1454,0.9856
58.0130,127.55,30.4923,12.3371,8.1783,351.6256,354.9873,358.9997,0.1411,-0.0095,0.1028,-0.0864,0.1456,0.9856
58.0330,127.55,30.4952,12.3368,8.1798,351.6133,354.9743,359.0221,0.1459,-0.0159,0.0762,-0.0867,0.1459,0.9855
58.0530,127.55,30.4983,12.3363,8.1808,351.6050,354.9616,359.0444,0.1507,-0.0223,0.0497,-0.0869,0.1460,0.9855
58.0730,127.55,30.5014,12.3358,8.1813,351.6007,354.9493,359.0667,0.1554,-0.0285,0.0232,-0.0871,0.1461,0.9854
58.0930,127.55,30.5046,12.3351,8.1812,351.6002,354.9373,359.0889,0.1601,-0.0346,-0.0031,-0.0873,0.1461,0.9854
58.1130,127.55,30.5079,12.3343,8.1807,351.6036,354.9257,359.1110,0.1646,-0.0406,-0.0294,-0.0875,0.1460,0.9854
58.1330,127.55,30.5112,12.3333,8.1795,351.6107,354.9145,359.1331,0.1691,-0.0465,-0.0555,-0.0877,0.1459,0.9854
58.1530,127.55,30.5147,12.3323,8.1779,351.6214,354.9036,359.1551,0.1735,-0.0522,-0.0816,-0.0879,0.1457,0.9854
58.1730,127.55,30.5183,12.3311,8.1758,351.6357,354.8932,359.1769,0.1778,-0.0579,-0.1075,-0.0881,0.1455,0.9854
58.1930,127.55,30.5219,12.3299,8.1731,351.6536,354.8831,359.1987,0.1820,-0.0634,-0.1333,-0.0882,0.1452,0.9855
58.2130,127.55,30.5256,12.3285,8.1699,351.6748,354.8734,359.2204,0.1861,-0.0688,-0.1589,-0.0884,0.1448,0.9855
58.2330,127.55,30.5294,12.3270,8.1662,351.6994,354.8640,359.2419,0.1901,-0.0740,-0.1843,-0.0886,0.1444,0.9856
58.2530,127.55,30.5333,12.3254,8.1620,351.7272,354.8551,359.2633,0.1941,-0.0792,-0.2096,-0.0887,0.1439,0.9856
58.2730,127.55,30.5373,12.3237,8.1573,351.7582,354.8466,359.2846,0.1980,-0.0842,-0.2347,-0.0889,0.1434,0.9857
58.2930,127.55,30.5413,12.3219,8.1521,351.7924,354.8385,359.3057,0.2018,-0.0891,-0.2597,-0.0890,0.1428,0.9857
58.3130,127.55,30.5454,12.3201,8.1465,351.8295,354.8308,359.3267,0.2055,-0.0939,-0.2844,-0.0892,0.1421,0.9858
58.3330,127.55,30.5496,12.3181,8.1403,351.8696,354.8235,359.3474,0.2091,-0.0986,-0.3089,-0.0893,0.1414,0.9859
58.3530,127.55,30.5539,12.3160,8.1336,351.9126,354.8167,359.3681,0.2126,-0.1032,-0.3332,-0.0894,0.1407,0.9860
58.3730,127.61,30.5582,12.3139,8.1265,351.9584,354.8102,359.3885,0.2160,-0.1076,-0.3573,-0.0896,0.1399,0.9861
58.3930,127.61,30.5626,12.3116,8.1188,352.0068,354.8042,359.4088,0.2194,-0.1119,-0.3811,-0.0897,0.1391,0.9862
58.4130,127.61,30.5670,12.3093,8.1108,352.0579,354.7986,359.4289,0.2227,-0.1162,-0.4048,-0.0898,0.1382,0.9863
58.4330,127.61,30.5715,12.3069,8.1022,352.1116,354.7933,359.4488,0.2258,-0.1202,-0.4281,-0.0899,0.1372,0.9865
58.4530,127.61,30.5761,12.3044,8.0932,352.1677,354.7885,359.4684,0.2289,-0.1242,-0.4512,-0.0900,0.1363,0.9866
58.4730,127.61,30.5807,12.3019,8.0837,352.2262,354.7841,359.4879,0.2319,-0.1281,-0.4740,-0.0901,0.1353,0.9867
58.4930,127.61,30.5854,12.2992,8.0738,352.2871,354.7801,359.5073,0.2348,-0.1319,-0.4966,-0.0902,0.1342,0.9868
58.5130,127.61,30.5902,12.2965,8.0634,352.3502,354.7766,359.5263,0.2376,-0.1355,-0.5189,-0.0902,0.1331,0.9870
58.5330,127.61,30.5950,12.2937,8.0526,352.4154,354.7733,359.5452,0.2404,-0.1391,-0.5409,-0.0903,0.1320,0.9871
58.5530,127.61,30.5999,12.2909,8.0413,352.4828,354.7705,359.5639,0.2430,-0.1425,-0.5626,-0.0904,0.1308,0.9873
58.5730,127.61,30.6048,12.2880,8.0296,352.5521,354.7681,359.5823,0.2456,-0.1458,-0.5841,-0.0904,0.1296,0.9874
58.5930,127.61,30.6097,12.2850,8.0175,352.6234,354.7661,359.6006,0.2480,-0.1490,-0.6052,-0.0905,0.1284,0.9876
58.6130,127.61,30.6147,12.2820,8.0050,352.6966,354.7644,359.6186,0.2504,-0.1521,-0.6260,-0.0905,0.1271,0.9877
58.6330,127.61,30.6198,12.2788,7.9921,352.7715,354.7632,359.6363,0.2527,-0.1551,-0.6465,-0.0905,0.1258,0.9879
58.6530,127.61,30.6249,12.2757,7.9787,352.8482,354.7623,359.6539,0.2549,-0.1581,-0.6667,-0.0906,0.1245,0.9881
58.6730,127.61,30.6300,12.2725,7.9650,352.9266,354.7617,359.6712,0.2571,-0.1609,-0.6866,-0.0906,0.1231,0.9882
58.6930,127.61,30.6352,12.2692,7.9509,353.0065,354.7616,359.6883,0.2591,-0.1636,-0.7061,-0.0906,0.1218,0.9884
58.7130,127.61,30.6404,12.2659,7.9364,353.0879,354.7617,359.7051,0.2610,-0.1662,-0.7254,-0.0906,0.1203,0.9886
58.7330,127.61,30.6457,12.2625,7.9215,353.1707,354.7623,359.7218,0.2629,-0.1687,-0.7443,-0.0906,0.1189,0.9888
58.7530,127.61,30.6510,12.2591,7.9062,353.2549,354.7631,359.7382,0.2647,-0.1711,-0.7628,-0.0906,0.1175,0.9889
58.7730,127.61,30.6563,12.2556,7.8906,353.3404,354.7643,359.7543,0.2664,-0.1734,-0.7810,-0.0906,0.1160,0.9891
58.7930,127.61,30.6617,12.2521,7.8746,353.4272,354.7658,359.7702,0.2680,-0.1757,-0.7989,-0.0906,0.1145,0.9893
58.8130,127.61,30.6671,12.2485,7.8583,353.5151,354.7677,359.7859,0.2695,-0.1778,-0.8165,-0.0906,0.1129,0.9895
58.8330,127.61,30.6725,12.2449,7.8416,353.6041,354.7698,359.8013,0.2710,-0.1799,-0.8336,-0.0906,0.1114,0.9896
58.8530,127.61,30.6779,12.2413,7.8246,353.6941,354.7723,359.8165,0.2723,-0.1819,-0.8505,-0.0906,0.1098,0.9898
58.8730,127.61,30.6834,12.2376,7.8073,353.7851,354.7750,359.8315,0.2736,-0.1838,-0.8670,-0.0905,0.1083,0.9900
58.8930,127.61,30.6889,12.2339,7.7896,353.8770,354.7780,359.8462,0.2748,-0.1856,-0.8831,-0.0905,0.1067,0.9902
58.9130,127.61,30.6944,12.2302,7.7716,353.9698,354.7813,359.8606,0.2759,-0.1873,-0.8989,-0.0905,0.1051,0.9903
58.9330,127.61,30.7001,12.2239,7.7534,354.1117,354.7902,359.9074,0.2833,-0.3135,-0.9108,-0.0903,0.1026,0.9906
58.9530,127.61,30.7058,12.2166,7.7350,354.2622,354.7987,359.9551,0.2839,-0.3669,-0.9221,-0.0902,0.1000,0.9909
58.9730,127.61,30.7115,12.2071,7.7164,354.4347,354.8061,0.0042,0.2842,-0.4755,-0.9302,-0.0901,0.0970,0.9912
58.9930,127.61,30.7171,12.1962,7.6976,354.6147,354.8129,0.0522,0.2840,-0.5418,-0.9391,-0.0900,0.0939,0.9915
59.0130,127.61,30.7228,12.1834,7.6787,354.8092,354.8189,0.0999,0.2837,-0.6397,-0.9461,-0.0899,0.0905,0.9918
59.0330,127.61,30.7285,12.1692,7.6596,355.0103,354.8243,0.1462,0.2831,-0.7116,-0.9535,-0.0899,0.0870,0.9921
59.0530,127.61,30.7341,12.1531,7.6404,355.2216,354.8292,0.1916,0.2825,-0.8027,-0.9595,-0.0898,0.0833,0.9925
59.0730,127.61,30.7398,12.1356,7.6211,355.4383,354.8337,0.2356,0.2816,-0.8769,-0.9655,-0.0898,0.0795,0.9928
59.0930,127.61,30.7454,12.1163,7.6017,355.6622,354.8379,0.2783,0.2806,-0.9634,-0.9705,-0.0897,0.0756,0.9931
59.1130,127.61,30.7510,12.0956,7.5822,355.8901,354.8418,0.3194,0.2794,-1.0382,-0.9753,-0.0897,0.0717,0.9934
59.1330,127.61,30.7565,12.0732,7.5626,356.1228,354.8455,0.3590,0.2782,-1.1212,-0.9792,-0.0896,0.0676,0.9937
59.1530,127.61,30.7620,12.0492,7.5430,356.3580,354.8491,0.3969,0.2767,-1.1959,-0.9828,-0.0896,0.0635,0.9940
59.1730,127.61,30.7676,12.0237,7.5232,356.5960,354.8526,0.4332,0.2752,-1.2761,-0.9856,-0.0896,0.0594,0.9942
59.1930,127.61,30.7730,11.9967,7.5035,356.8351,354.8561,0.4677,0.2735,-1.3501,-0.9880,-0.0895,0.0552,0.9945
59.2130,127.61,30.7785,11.9682,7.4837,357.0752,354.8596,0.5005,0.2718,-1.4279,-0.9897,-0.0895,0.0510,0.9947
59.2330,127.61,30.7839,11.9382,7.4639,357.3150,354.8632,0.5315,0.2699,-1.5009,-0.9910,-0.0894,0.0468,0.9949
59.2530,127.61,30.7892,11.9066,7.4440,357.5545,354.8668,0.5607,0.2679,-1.5765,-0.9917,-0.0894,0.0427,0.9951
59.2730,127.61,30.7945,11.8737,7.4242,357.7924,354.8706,0.5880,0.2658,-1.6482,-0.9918,-0.0893,0.0385,0.9953
59.2930,127.61,30.7998,11.8392,7.4044,358.0286,354.8746,0.6136,0.2636,-1.7219,-0.9914,-0.0893,0.0344,0.9954
59.3130,127.61,30.8050,11.8034,7.3846,358.2621,354.8788,0.6374,0.2613,-1.7923,-0.9905,-0.0892,0.0303,0.9955
59.3330,127.61,30.8102,11.7661,7.3648,358.4928,354.8831,0.6594,0.2589,-1.8640,-0.9890,-0.0892,0.0263,0.9957
59.3530,127.61,30.8153,11.7275,7.3450,358.7198,354.8876,0.6797,0.2565,-1.9330,-0.9871,-0.0891,0.0223,0.9958
59.3730,127.61,30.8204,11.6874,7.3253,358.9431,354.8924,0.6982,0.2540,-2.0029,-0.9846,-0.0890,0.0184,0.9959
59.3930,126.24,30.8254,11.6460,7.3057,359.1618,354.8974,0.7150,0.2514,-2.0703,-0.9817,-0.0889,0.0146,0.9959
59.4130,126.24,30.8304,11.6032,7.2861,359.3758,354.9026,0.7301,0.2487,-2.1384,-0.9783,-0.0888,0.0109,0.9960
59.4330,126.24,30.8353,11.5591,7.2667,359.5847,354.9081,0.7435,0.2460,-2.2043,-0.9745,-0.0888,0.0072,0.9960
59.4530,126.24,30.8402,11.5137,7.2473,359.7882,354.9138,0.7553,0.2432,-2.2706,-0.9702,-0.0887,0.0037,0.9961
59.4730,126.24,30.8450,11.4670,7.2279,359.9859,354.9197,0.7656,0.2404,-2.3349,-0.9655,-0.0886,0.0002,0.9961
59.4930,126.24,30.8498,11.4191,7.2087,0.1776,354.9259,0.7743,0.2375,-2.3994,-0.9604,-0.0884,-0.0031,0.9961
59.5130,126.24,30.8545,11.3698,7.1896,0.3631,354.9324,0.7815,0.2346,-2.4622,-0.9549,-0.0883,-0.0063,0.9961
59.5330,126.24,30.8591,11.3193,7.1707,0.5421,354.9390,0.7872,0.2316,-2.5250,-0.9490,-0.0882,-0.0095,0.9961
59.5530,126.24,30.8637,11.2676,7.1518,0.7145,354.9459,0.7916,0.2287,-2.5861,-0.9428,-0.0881,-0.0125,0.9960
59.5730,126.24,30.8682,11.2146,7.1331,0.8802,354.9531,0.7946,0.2256,-2.6472,-0.9362,-0.0880,-0.0154,0.9960
59.5930,126.24,30.8726,11.1605,7.1145,1.0390,354.9604,0.7962,0.2226,-2.7067,-0.9292,-0.0878,-0.0181,0.9960
59.6130,126.24,30.8770,11.1052,7.0961,1.1907,354.9680,0.7966,0.2195,-2.7661,-0.9220,-0.0877,-0.0208,0.9959
59.6330,126.24,30.8813,11.0487,7.0778,1.3354,354.9757,0.7958,0.2165,-2.8240,-0.9144,-0.0876,-0.0233,0.9959
59.6530,126.24,30.8856,10.9911,7.0596,1.4729,354.9836,0.7938,0.2134,-2.8817,-0.9066,-0.0874,-0.0257,0.9958
59.6730,126.24,30.8898,10.9323,7.0417,1.6033,354.9917,0.7906,0.2103,-2.9381,-0.8985,-0.0873,-0.0280,0.9958
59.6930,126.24,30.8940,10.8724,7.0239,1.7264,355.0000,0.7864,0.2072,-2.9942,-0.8902,-0.0871,-0.0301,0.9957
59.7130,126.24,30.8980,10.8115,7.0062,1.8424,355.0085,0.7812,0.2041,-3.0489,-0.8816,-0.0870,-0.0321,0.9957
59.7330,126.24,30.9021,10.7494,6.9888,1.9511,355.0170,0.7749,0.2010,-3.1034,-0.8728,-0.0868,-0.0340,0.9956
59.7530,126.24,30.9060,10.6863,6.9715,2.0527,355.0258,0.7678,0.1979,-3.1566,-0.8638,-0.0867,-0.0358,0.9956
59.7730,126.24,30.9099,10.6221,6.9544,2.1472,355.0346,0.7597,0.1949,-3.2095,-0.8547,-0.0865,-0.0375,0.9955
59.7930,126.24,30.9138,10.5568,6.9375,2.2347,355.0435,0.7509,0.1918,-3.2612,-0.8453,-0.0863,-0.0390,0.9955
59.8130,126.24,30.9175,10.4906,6.9208,2.3152,355.0526,0.7412,0.1888,-3.3125,-0.8359,-0.0862,-0.0404,0.9955
59.8330,126.24,30.9212,10.4233,6.9043,2.3888,355.0618,0.7308,0.1858,-3.3627,-0.8263,-0.0860,-0.0417,0.9954
59.8530,126.24,30.9249,10.3551,6.8879,2.4556,355.0710,0.7197,0.1828,-3.4125,-0.8165,-0.0858,-0.0428,0.9954
59.8730,126.24,30.9285,10.2859,6.8718,2.5157,355.0803,0.7079,0.1798,-3.4613,-0.8067,-0.0857,-0.0439,0.9954
59.8930,126.24,30.9320,10.2157,6.8559,2.5694,355.0896,0.6955,0.1769,-3.5096,-0.7968,-0.0855,-0.0448,0.9953
59.9130,126.24,30.9355,10.1445,6.8401,2.6166,355.0990,0.6826,0.1740,-3.5569,-0.7868,-0.0853,-0.0457,0.9953
59.9330,126.24,30.9389,10.0725,6.8246,2.6575,355.1084,0.6691,0.1711,-3.6038,-0.7768,-0.0852,-0.0464,0.9953
59.9530,126.24,30.9423,9.9995,6.8092,2.6923,355.1178,0.6552,0.1683,-3.6498,-0.7667,-0.0850,-0.0470,0.9953
59.9730,126.24,30.9456,9.9256,6.7941,2.7211,355.1273,0.6408,0.1655,-3.6952,-0.7566,-0.0848,-0.0475,0.9953
59.9930,126.24,30.9489,9.8508,6.7792,2.7441,355.1367,0.6260,0.1628,-3.7398,-0.7465,-0.0847,-0.0479,0.9953
60.0130,126.24,30.9520,9.7791,6.7647,2.7589,355.1463,0.6110,0.1571,-3.5827,-0.7264,-0.0845,-0.0481,0.9953
60.0330,126.24,30.9551,9.7068,6.7503,2.7685,355.1558,0.5958,0.1543,-3.6165,-0.7159,-0.0843,-0.0483,0.9953
60.0530,126.24,30.9581,9.6373,6.7364,2.7707,355.1655,0.5804,0.1490,-3.4720,-0.6966,-0.0842,-0.0483,0.9953
60.0730,126.24,30.9610,9.5674,6.7227,2.7682,355.1750,0.5649,0.1462,-3.4965,-0.6859,-0.0840,-0.0483,0.9953
60.0930,126.24,30.9638,9.5001,6.7093,2.7589,355.1847,0.5492,0.1413,-3.3632,-0.6673,-0.0838,-0.0481,0.9953
60.1130,126.24,30.9666,9.4325,6.6962,2.7454,355.1942,0.5334,0.1385,-3.3796,-0.6564,-0.0837,-0.0479,0.9953
60.1330,126.24,30.9693,9.3674,6.6834,2.7258,355.2037,0.5176,0.1339,-3.2564,-0.6387,-0.0835,-0.0476,0.9954
60.1530,126.24,30.9719,9.3021,6.6709,2.7023,355.2131,0.5017,0.1312,-3.2656,-0.6278,-0.0834,-0.0471,0.9954
60.1730,126.24,30.9744,9.2391,6.6587,2.6734,355.2225,0.4858,0.1270,-3.1515,-0.6109,-0.0832,-0.0466,0.9954
60.1930,126.24,30.9769,9.1760,6.6467,2.6411,355.2318,0.4699,0.1244,-3.1545,-0.6000,-0.0830,-0.0461,0.9955
60.2130,126.24,30.9793,9.1150,6.6350,2.6039,355.2410,0.4539,0.1205,-3.0485,-0.5840,-0.0829,-0.0454,0.9955
60.2330,126.24,30.9817,9.0541,6.6235,2.5636,355.2500,0.4380,0.1179,-3.0462,-0.5733,-0.0827,-0.0447,0.9956
60.2530,126.24,30.9840,8.9951,6.6124,2.5190,355.2589,0.4221,0.1143,-2.9475,-0.5582,-0.0826,-0.0440,0.9956
60.2730,126.24,30.9862,8.9363,6.6014,2.4717,355.2677,0.4062,0.1119,-2.9406,-0.5477,-0.0824,-0.0431,0.9957
60.2930,126.24,30.9884,8.8794,6.5907,2.4206,355.2764,0.3904,0.1086,-2.8484,-0.5335,-0.0823,-0.0422,0.9957
60.3130,126.24,30.9905,8.8226,6.5803,2.3671,355.2849,0.3747,0.1063,-2.8375,-0.5232,-0.0821,-0.0413,0.9958
60.3330,126.24,30.9926,8.7676,6.5701,2.3102,355.2932,0.3591,0.1032,-2.7512,-0.5099,-0.0820,-0.0403,0.9958
60.3530,126.24,30.9946,8.7129,6.5601,2.2514,355.3013,0.3435,0.1010,-2.7369,-0.5000,-0.0819,-0.0393,0.9959
60.3730,126.24,30.9966,8.6597,6.5503,2.1896,355.3093,0.3281,0.0983,-2.6560,-0.4876,-0.0817,-0.0382,0.9959
60.3930,125.64,30.9985,8.6070,6.5408,2.1261,355.3170,0.3128,0.0962,-2.6388,-0.4782,-0.0816,-0.0371,0.9960
60.4130,125.64,31.0004,8.5557,6.5314,2.0600,355.3246,0.2976,0.0937,-2.5627,-0.4666,-0.0815,-0.0359,0.9960
60.4330,125.64,31.0022,8.5048,6.5223,1.9926,355.3319,0.2826,0.0918,-2.5431,-0.4577,-0.0813,-0.0348,0.9961
60.4530,125.64,31.0040,8.4554,6.5133,1.9230,355.3391,0.2677,0.0895,-2.4713,-0.4470,-0.0812,-0.0336,0.9961
60.4730,125.64,31.0058,8.4064,6.5046,1.8522,355.3460,0.2530,0.0878,-2.4496,-0.4385,-0.0811,-0.0323,0.9962
60.4930,125.64,31.0075,8.3588,6.4960,1.7797,355.3528,0.2384,0.0857,-2.3818,-0.4287,-0.0810,-0.0311,0.9962
60.5130,125.64,31.0092,8.3116,6.4876,1.7063,355.3593,0.2241,0.0841,-2.3583,-0.4208,-0.0809,-0.0298,0.9963
60.5330,125.64,31.0108,8.2657,6.4793,1.6314,355.3655,0.2099,0.0823,-2.2941,-0.4118,-0.0808,-0.0285,0.9963
60.5530,125.64,31.0124,8.2204,6.4712,1.5558,355.3716,0.1959,0.0808,-2.2693,-0.4044,-0.0807,-0.0272,0.9964
60.5730,125.64,31.0140,8.1762,6.4633,1.4791,355.3774,0.1821,0.0792,-2.2084,-0.3963,-0.0806,-0.0258,0.9964
60.5930,125.64,31.0156,8.1325,6.4555,1.4020,355.3829,0.1685,0.0779,-2.1823,-0.3895,-0.0805,-0.0245,0.9965
60.6130,125.64,31.0171,8.0901,6.4479,1.3240,355.3883,0.1552,0.0765,-2.1244,-0.3822,-0.0804,-0.0231,0.9965
60.6330,125.64,31.0186,8.0481,6.4404,1.2458,355.3934,0.1420,0.0753,-2.0974,-0.3760,-0.0803,-0.0217,0.9965
60.6530,125.64,31.0201,8.0073,6.4330,1.1670,355.3983,0.1291,0.0741,-2.0423,-0.3694,-0.0802,-0.0204,0.9966
60.6730,125.64,31.0211,7.9630,6.4260,0.9904,355.4032,0.0197,0.0518,-2.2129,-0.3489,-0.0801,-0.0173,0.9966
60.6930,125.64,31.0221,7.9193,6.4191,0.8149,355.4081,359.9120,0.0517,-2.1828,-0.3442,-0.0800,-0.0142,0.9967
60.7130,125.64,31.0232,7.8725,6.4122,0.6498,355.4128,359.8123,0.0533,-2.3406,-0.3446,-0.0800,-0.0113,0.9967
60.7330,125.64,31.0243,7.8261,6.4054,0.4893,355.4174,359.7176,0.0547,-2.3200,-0.3419,-0.0799,-0.0085,0.9968
60.7530,125.64,31.0254,7.7769,6.3985,0.3406,355.4218,359.6316,0.0566,-2.4646,-0.3426,-0.0798,-0.0059,0.9968
60.7730,125.64,31.0266,7.7278,6.3917,0.1964,355.4259,359.5503,0.0585,-2.4526,-0.3408,-0.0797,-0.0034,0.9968
60.7930,125.64,31.0278,7.6761,6.3849,0.0634,355.4297,359.4770,0.0604,-2.5854,-0.3415,-0.0797,-0.0011,0.9968
60.8130,125.64,31.0291,7.6245,6.3781,359.9348,355.4333,359.4081,0.0628,-2.5808,-0.3405,-0.0796,0.0011,0.9968
60.8330,125.64,31.0304,7.5704,6.3713,359.8164,355.4365,359.3464,0.0647,-2.7029,-0.3412,-0.0796,0.0032,0.9968
60.8530,125.64,31.0317,7.5163,6.3644,359.7023,355.4395,359.2888,0.0673,-2.7048,-0.3409,-0.0795,0.0052,0.9968
60.8730,125.64,31.0331,7.4600,6.3576,359.5977,355.4420,359.2378,0.0693,-2.8172,-0.3417,-0.0795,0.0070,0.9968
60.8930,125.64,31.0345,7.4035,6.3508,359.4972,355.4444,359.1906,0.0721,-2.8248,-0.3419,-0.0794,0.0088,0.9968
60.9130,125.64,31.0360,7.3449,6.3439,359.4055,355.4462,359.1494,0.0742,-2.9284,-0.3428,-0.0794,0.0104,0.9968
60.9330,125.64,31.0376,7.2901,6.3370,359.3126,355.4482,359.1105,0.0799,-2.7416,-0.3442,-0.0794,0.0120,0.9968
60.9530,125.64,31.0393,7.2335,6.3301,359.2270,355.4497,359.0766,0.0821,-2.8281,-0.3452,-0.0793,0.0135,0.9968
60.9730,125.64,31.0410,7.1803,6.3232,359.1403,355.4513,359.0446,0.0879,-2.6594,-0.3475,-0.0793,0.0150,0.9967
60.9930,125.64,31.0428,7.1257,6.3162,359.0602,355.4525,359.0170,0.0903,-2.7308,-0.3487,-0.0793,0.0164,0.9967
61.0130,125.64,31.0448,7.0742,6.3092,358.9793,355.4537,358.9913,0.0963,-2.5782,-0.3519,-0.0793,0.0178,0.9967
61.0330,125.64,31.0467,7.0214,6.3021,358.9043,355.4545,358.9693,0.0989,-2.6364,-0.3534,-0.0792,0.0191,0.9967
61.0530,125.64,31.0488,6.9715,6.2949,358.8287,355.4553,358.9491,0.1048,-2.4980,-0.3572,-0.0792,0.0204,0.9966
61.0730,125.64,31.0510,6.9206,6.2878,358.7585,355.4557,358.9322,0.1077,-2.5447,-0.3592,-0.0792,0.0217,0.9966
61.0930,125.64,31.0533,6.8722,6.2805,358.6879,355.4560,358.9169,0.1135,-2.4189,-0.3635,-0.0792,0.0229,0.9966
61.1130,125.64,31.0556,6.8231,6.2732,358.6223,355.4560,358.9046,0.1166,-2.4556,-0.3659,-0.0792,0.0240,0.9966
61.1330,125.64,31.0580,6.7763,6.2658,358.5565,355.4558,358.8938,0.1224,-2.3411,-0.3707,-0.0792,0.0252,0.9965
61.1530,125.64,31.0605,6.7289,6.2583,358.4953,355.4554,358.8857,0.1256,-2.3689,-0.3735,-0.0792,0.0263,0.9965
61.1730,125.64,31.0632,6.6836,6.2507,358.4341,355.4548,358.8789,0.1312,-2.2644,-0.3787,-0.0792,0.0273,0.9965
61.1930,125.64,31.0659,6.6379,6.2431,358.3772,355.4539,358.8746,0.1346,-2.2845,-0.3819,-0.0792,0.0283,0.9965
61.2130,125.64,31.0687,6.5941,6.2353,358.3205,355.4529,358.8715,0.1401,-2.1890,-0.3874,-0.0792,0.0293,0.9964
61.2330,125.64,31.0715,6.5501,6.2275,358.2678,355.4516,358.8706,0.1436,-2.2024,-0.3910,-0.0793,0.0302,0.9964
61.2530,125.64,31.0745,6.5078,6.2196,358.2154,355.4501,358.8708,0.1489,-2.1148,-0.3969,-0.0793,0.0311,0.9964
61.2730,125.64,31.0776,6.4653,6.2116,358.1667,355.4483,358.8731,0.1524,-2.1224,-0.4009,-0.0793,0.0320,0.9963
61.2930,125.64,31.0807,6.4245,6.2034,358.1186,355.4464,358.8764,0.1576,-2.0419,-0.4070,-0.0793,0.0328,0.9963
61.3130,125.64,31.0839,6.3836,6.1952,358.0740,355.4442,358.8815,0.1612,-2.0445,-0.4113,-0.0794,0.0336,0.9963
61.3330,125.64,31.0873,6.3442,6.1868,358.0299,355.4420,358.8876,0.1662,-1.9703,-0.4177,-0.0794,0.0344,0.9962
61.3530,125.64,31.0907,6.3048,6.1784,357.9893,355.4394,358.8953,0.1698,-1.9685,-0.4223,-0.0795,0.0351,0.9962
61.3730,125.64,31.0941,6.2668,6.1698,357.9493,355.4366,358.9039,0.1746,-1.9000,-0.4288,-0.0795,0.0358,0.9962
61.3930,128.10,31.0977,6.2290,6.1611,357.9124,355.4337,358.9139,0.1782,-1.8945,-0.4338,-0.0796,0.0364,0.9962
61.4130,128.10,31.1014,6.1923,6.1523,357.8764,355.4306,358.9248,0.1828,-1.8309,-0.4405,-0.0796,0.0371,0.9961
61.4330,128.10,31.1051,6.1559,6.1434,357.8434,355.4273,358.9370,0.1864,-1.8223,-0.4458,-0.0797,0.0376,0.9961
61.4530,128.10,31.1089,6.1206,6.1344,357.8113,355.4238,358.9500,0.1908,-1.7632,-0.4525,-0.0797,0.0382,0.9961
61.4730,128.10,31.1128,6.0856,6.1252,357.7820,355.4202,358.9641,0.1943,-1.7518,-0.4581,-0.0798,0.0387,0.9961
61.4930,128.10,31.1168,6.0517,6.1159,357.7537,355.4164,358.9789,0.1985,-1.6968,-0.4649,-0.0799,0.0392,0.9960
61.5130,128.10,31.1208,6.0180,6.1065,357.7280,355.4125,358.9947,0.2019,-1.6831,-0.4707,-0.0799,0.0396,0.9960
61.5330,128.10,31.1249,5.9854,6.0969,357.7035,355.4084,359.0112,0.2059,-1.6317,-0.4776,-0.0800,0.0401,0.9960
61.5530,128.10,31.1291,5.9530,6.0873,357.6814,355.4042,359.0286,0.2092,-1.6161,-0.4835,-0.0801,0.0405,0.9960
61.5730,128.10,31.1334,5.9217,6.0775,357.6605,355.3999,359.0465,0.2129,-1.5678,-0.4905,-0.0801,0.0408,0.9959
61.5930,128.10,31.1377,5.8907,6.0675,357.6420,355.3954,359.0653,0.2161,-1.5507,-0.4966,-0.0802,0.0411,0.9959
61.6130,128.10,31.1421,5.8606,6.0574,357.6246,355.3909,359.0846,0.2197,-1.5053,-0.5036,-0.0803,0.0414,0.9959
61.6330,128.10,31.1465,5.8308,6.0473,357.6096,355.3862,359.1046,0.2227,-1.4869,-0.5098,-0.0804,0.0417,0.9959
61.6530,128.10,31.1511,5.8019,6.0369,357.5957,355.3815,359.1250,0.2261,-1.4441,-0.5167,-0.0805,0.0420,0.9959
61.6730,128.10,31.1556,5.7734,6.0265,357.5840,355.3766,359.1461,0.2290,-1.4246,-0.5230,-0.0805,0.0422,0.9959
61.6930,128.10,31.1603,5.7458,6.0159,357.5735,355.3718,359.1675,0.2321,-1.3841,-0.5300,-0.0806,0.0423,0.9958
61.7130,128.10,31.1650,5.7185,6.0051,357.5651,355.3668,359.1895,0.2348,-1.3637,-0.5364,-0.0807,0.0425,0.9958
61.7330,128.10,31.1697,5.6920,5.9943,357.5579,355.3618,359.2118,0.2377,-1.3253,-0.5433,-0.0808,0.0426,0.9958
61.7530,128.10,31.1745,5.6659,5.9833,357.5526,355.3567,359.2345,0.2403,-1.3044,-0.5497,-0.0809,0.0427,0.9958
61.7730,128.10,31.1794,5.6405,5.9721,357.5486,355.3516,359.2576,0.2430,-1.2679,-0.5566,-0.0810,0.0428,0.9958
61.7930,128.10,31.1843,5.6156,5.9609,357.5465,355.3464,359.2810,0.2454,-1.2464,-0.5630,-0.0811,0.0428,0.9958
61.8130,128.10,31.1894,5.5878,5.9494,357.6008,355.3440,359.3544,0.2564,-1.3927,-0.5730,-0.0811,0.0419,0.9958
61.8330,128.10,31.1946,5.5596,5.9379,357.6572,355.3414,359.4278,0.2578,-1.4058,-0.5778,-0.0812,0.0409,0.9959
61.8530,128.10,31.1998,5.5289,5.9262,357.7327,355.3376,359.5054,0.2585,-1.5362,-0.5812,-0.0812,0.0396,0.9959
61.8730,128.10,31.2049,5.4977,5.9145,357.8084,355.3336,359.5808,0.2588,-1.5618,-0.5848,-0.0813,0.0382,0.9960
61.8930,128.10,31.2101,5.4641,5.9028,357.8957,355.3288,359.6570,0.2587,-1.6796,-0.5870,-0.0814,0.0367,0.9960
61.9130,128.10,31.2153,5.4298,5.8910,357.9827,355.3239,359.7307,0.2584,-1.7130,-0.5897,-0.0815,0.0352,0.9961
61.9330,128.10,31.2204,5.3934,5.8792,358.0775,355.3184,359.8039,0.2579,-1.8209,-0.5912,-0.0816,0.0335,0.9961
61.9530,128.10,31.2256,5.3562,5.8673,358.1716,355.3128,359.8745,0.2572,-1.8595,-0.5932,-0.0817,0.0319,0.9961
61.9730,128.10,31.2307,5.3170,5.8554,358.2709,355.3070,359.9438,0.2563,-1.9594,-0.5942,-0.0818,0.0302,0.9962
61.9930,128.10,31.2358,5.2809,5.8434,358.3618,355.3015,0.0096,0.2555,-1.8060,-0.5999,-0.0819,0.0286,0.9962
62.0130,128.10,31.2409,5.2431,5.8314,358.4553,355.2959,0.0736,0.2543,-1.8891,-0.6006,-0.0820,0.0270,0.9963
62.0330,128.10,31.2460,5.2081,5.8193,358.5410,355.2906,0.1342,0.2527,-1.7527,-0.6049,-0.0821,0.0255,0.9963
62.0530,128.10,31.2510,5.1716,5.8072,358.6277,355.2854,0.1928,0.2512,-1.8217,-0.6054,-0.0822,0.0239,0.9963
62.0730,128.10,31.2560,5.1377,5.7950,358.7072,355.2805,0.2482,0.2490,-1.6997,-0.6086,-0.0823,0.0226,0.9964
62.0930,128.10,31.2609,5.1025,5.7829,358.7867,355.2755,0.3014,0.2473,-1.7568,-0.6089,-0.0823,0.0212,0.9964
62.1130,128.10,31.2658,5.0696,5.7706,358.8596,355.2710,0.3517,0.2445,-1.6473,-0.6112,-0.0824,0.0199,0.9964
62.1330,128.10,31.2706,5.0357,5.7584,358.9319,355.2664,0.3997,0.2425,-1.6941,-0.6112,-0.0825,0.0186,0.9964
62.1530,128.10,31.2754,5.0038,5.7462,358.9981,355.2622,0.4450,0.2394,-1.5955,-0.6127,-0.0826,0.0175,0.9964
62.1730,128.10,31.2802,4.9711,5.7339,359.0634,355.2581,0.4881,0.2371,-1.6335,-0.6126,-0.0827,0.0163,0.9964
62.1930,128.10,31.2848,4.9402,5.7216,359.1230,355.2542,0.5286,0.2336,-1.5443,-0.6134,-0.0827,0.0153,0.9965
62.2130,128.10,31.2895,4.9087,5.7094,359.1814,355.2504,0.5670,0.2310,-1.5747,-0.6131,-0.0828,0.0143,0.9965
62.2330,128.10,31.2940,4.8788,5.6971,359.2346,355.2469,0.6029,0.2273,-1.4938,-0.6134,-0.0829,0.0134,0.9965
62.2530,128.10,31.2985,4.8485,5.6849,359.2866,355.2436,0.6368,0.2245,-1.5177,-0.6128,-0.0829,0.0125,0.9965
62.2730,128.10,31.3029,4.8196,5.6726,359.3337,355.2404,0.6684,0.2205,-1.4441,-0.6127,-0.0830,0.0116,0.9965
62.2930,128.10,31.3073,4.7904,5.6604,359.3795,355.2375,0.6980,0.2175,-1.4623,-0.6120,-0.0830,0.0108,0.9965
62.3130,128.10,31.3115,4.7625,5.6481,359.4208,355.2347,0.7256,0.2134,-1.3951,-0.6115,-0.0831,0.0101,0.9965
62.3330,128.10,31.3157,4.7343,5.6359,359.4608,355.2321,0.7512,0.2102,-1.4085,-0.6106,-0.0831,0.0094,0.9965
62.3530,128.10,31.3199,4.7074,5.6237,359.4967,355.2297,0.7748,0.2060,-1.3470,-0.6099,-0.0832,0.0088,0.9965
62.3730,128.10,31.3239,4.6802,5.6115,359.5313,355.2274,0.7967,0.2027,-1.3562,-0.6088,-0.0832,0.0082,0.9965
62.3930,124.29,31.3279,4.6542,5.5994,359.5622,355.2254,0.8167,0.1984,-1.2997,-0.6078,-0.0832,0.0076,0.9965
62.4130,124.29,31.3318,4.6281,5.5873,359.5917,355.2235,0.8350,0.1949,-1.3052,-0.6066,-0.0833,0.0071,0.9965
62.4330,124.29,31.3356,4.6031,5.5752,359.6179,355.2218,0.8517,0.1905,-1.2532,-0.6055,-0.0833,0.0067,0.9965
62.4530,124.29,31.3393,4.5780,5.5631,359.6428,355.2202,0.8667,0.1869,-1.2556,-0.6042,-0.0833,0.0062,0.9965
62.4730,124.29,31.3430,4.5538,5.5510,359.6646,355.2189,0.8801,0.1825,-1.2076,-0.6028,-0.0833,0.0059,0.9965
62.4930,124.29,31.3465,4.5297,5.5390,359.6852,355.2177,0.8920,0.1788,-1.2074,-0.6015,-0.0834,0.0055,0.9965
62.5130,124.29,31.3500,4.5064,5.5270,359.7031,355.2166,0.9025,0.1745,-1.1628,-0.6000,-0.0834,0.0052,0.9965
62.5330,124.29,31.3535,4.4832,5.5150,359.7198,355.2157,0.9115,0.1707,-1.1603,-0.5986,-0.0834,0.0049,0.9965
62.5530,124.29,31.3568,4.4608,5.5031,359.7340,355.2150,0.9191,0.1663,-1.1189,-0.5971,-0.0834,0.0046,0.9965
62.5730,124.29,31.3597,4.4352,5.4909,359.7999,355.2035,0.8385,0.1479,-1.2819,-0.6072,-0.0836,0.0035,0.9965
62.5930,124.29,31.3626,4.4095,5.4788,359.8636,355.1926,0.7574,0.1447,-1.2843,-0.6052,-0.0838,0.0024,0.9965
62.6130,124.29,31.3655,4.3808,5.4667,359.9407,355.1815,0.6753,0.1438,-1.4340,-0.6057,-0.0840,0.0010,0.9965
62.6330,124.29,31.3683,4.3519,5.4546,0.0138,355.1714,0.5963,0.1419,-1.4463,-0.6027,-0.0842,-0.0002,0.9965
62.6530,124.29,31.3712,4.3202,5.4426,0.0928,355.1617,0.5196,0.1416,-1.5841,-0.6016,-0.0843,-0.0016,0.9964
62.6730,124.29,31.3740,4.2881,5.4307,0.1674,355.1529,0.4462,0.1402,-1.6033,-0.5980,-0.0845,-0.0029,0.9964
62.6930,124.29,31.3768,4.2535,5.4187,0.2446,355.1446,0.3758,0.1399,-1.7310,-0.5960,-0.0846,-0.0043,0.9964
62.7130,124.29,31.3795,4.2223,5.4069,0.3123,355.1375,0.3083,0.1374,-1.5590,-0.5903,-0.0848,-0.0055,0.9964
62.7330,124.29,31.3823,4.1890,5.3952,0.3803,355.1310,0.2441,0.1372,-1.6688,-0.5876,-0.0849,-0.0066,0.9964
62.7530,124.29,31.3850,4.1587,5.3836,0.4396,355.1256,0.1827,0.1355,-1.5147,-0.5813,-0.0850,-0.0077,0.9964
62.7730,124.29,31.3877,4.1265,5.3720,0.4979,355.1208,0.1247,0.1353,-1.6091,-0.5781,-0.0851,-0.0087,0.9963
62.7930,124.29,31.3904,4.0971,5.3606,0.5481,355.1171,0.0692,0.1342,-1.4706,-0.5714,-0.0851,-0.0096,0.9963
62.8130,124.29,31.3931,4.0661,5.3492,0.5968,355.1140,0.0170,0.1342,-1.5514,-0.5678,-0.0852,-0.0104,0.9963
62.8330,124.29,31.3957,4.0375,5.3380,0.6381,355.1117,359.9672,0.1336,-1.4268,-0.5609,-0.0852,-0.0111,0.9963
62.8530,124.29,31.3984,4.0076,5.3268,0.6775,355.1101,359.9205,0.1337,-1.4958,-0.5570,-0.0852,-0.0118,0.9963
62.8730,124.29,31.4011,3.9799,5.3158,0.7101,355.1093,359.8761,0.1336,-1.3834,-0.5499,-0.0852,-0.0124,0.9963
62.8930,124.29,31.4037,3.9511,5.3049,0.7407,355.1089,359.8346,0.1338,-1.4419,-0.5458,-0.0853,-0.0129,0.9963
62.9130,124.29,31.4064,3.9243,5.2942,0.7652,355.1094,359.7952,0.1340,-1.3403,-0.5386,-0.0852,-0.0134,0.9963
62.9330,124.29,31.4091,3.8965,5.2835,0.7876,355.1103,359.7586,0.1343,-1.3897,-0.5343,-0.0852,-0.0137,0.9963
62.9530,124.29,31.4118,3.8705,5.2729,0.8045,355.1118,359.7239,0.1349,-1.2977,-0.5272,-0.0852,-0.0140,0.9963
62.9730,124.29,31.4145,3.8438,5.2625,0.8193,355.1138,359.6918,0.1354,-1.3391,-0.5227,-0.0852,-0.0143,0.9963
62.9930,124.29,31.4172,3.8186,5.2522,0.8290,355.1163,359.6616,0.1362,-1.2557,-0.5157,-0.0851,-0.0145,0.9963
63.0130,124.29,31.4200,3.7928,5.2419,0.8368,355.1191,359.6338,0.1368,-1.2900,-0.5111,-0.0851,-0.0146,0.9963
63.0330,124.29,31.4227,3.7686,5.2319,0.8400,355.1225,359.6076,0.1378,-1.2142,-0.5043,-0.0850,-0.0147,0.9963
63.0530,124.29,31.4255,3.7437,5.2219,0.8413,355.1262,359.5838,0.1385,-1.2424,-0.4996,-0.0850,-0.0147,0.9963
63.0730,124.29,31.4283,3.7202,5.2120,0.8385,355.1302,359.5615,0.1397,-1.1732,-0.4930,-0.0849,-0.0146,0.9963
63.0930,124.29,31.4311,3.6963,5.2022,0.8340,355.1346,359.5413,0.1405,-1.1960,-0.4883,-0.0848,-0.0146,0.9963
63.1130,124.29,31.4339,3.6737,5.1926,0.8258,355.1392,359.5226,0.1418,-1.1329,-0.4819,-0.0847,-0.0144,0.9963
63.1330,124.29,31.4368,3.6506,5.1831,0.8160,355.1440,359.5058,0.1428,-1.1510,-0.4773,-0.0846,-0.0142,0.9963
63.1530,124.29,31.4397,3.6248,5.1735,0.8097,355.1490,359.4955,0.1439,-1.2931,-0.4755,-0.0846,-0.0141,0.9963
63.1730,124.29,31.4426,3.5985,5.1641,0.8016,355.1541,359.4868,0.1448,-1.3169,-0.4710,-0.0845,-0.0140,0.9963
63.1930,124.29,31.4455,3.5695,5.1547,0.7958,355.1592,359.4832,0.1456,-1.4491,-0.4689,-0.0844,-0.0139,0.9963
63.2130,124.29,31.4484,3.5399,5.1455,0.7882,355.1645,359.4809,0.1465,-1.4777,-0.4645,-0.0843,-0.0138,0.9963
63.2330,124.29,31.4514,3.5079,5.1362,0.7822,355.1698,359.4826,0.1471,-1.6011,-0.4621,-0.0842,-0.0137,0.9964
63.2530,124.29,31.4543,3.4752,5.1271,0.7745,355.1753,359.4855,0.1479,-1.6335,-0.4578,-0.0841,-0.0135,0.9964
63.2730,124.29,31.4573,3.4442,5.1180,0.7625,355.1810,359.4887,0.1493,-1.5529,-0.4515,-0.0840,-0.0133,0.9964
63.2930,124.29,31.4603,3.4126,5.1091,0.7490,355.1867,359.4928,0.1500,-1.5790,-0.4472,-0.0839,-0.0131,0.9964
63.3130,124.29,31.4633,3.3825,5.1003,0.7317,355.1926,359.4972,0.1513,-1.5053,-0.4412,-0.0838,-0.0128,0.9964
63.3330,124.29,31.4664,3.3520,5.0915,0.7130,355.1985,359.5024,0.1520,-1.5260,-0.4371,-0.0837,-0.0124,0.9964
63.3530,124.29,31.4694,3.3228,5.0829,0.6909,355.2045,359.5078,0.1533,-1.4584,-0.4314,-0.0836,-0.0121,0.9964
63.3730,124.29,31.4725,3.2933,5.0743,0.6675,355.2105,359.5140,0.1540,-1.4743,-0.4274,-0.0835,-0.0117,0.9964
63.3930,124.29,31.4756,3.2651,5.0659,0.6412,355.2166,359.5204,0.1551,-1.4123,-0.4222,-0.0834,-0.0112,0.9965
63.4130,127.32,31.4787,3.2366,5.0575,0.6137,355.2226,359.5273,0.1558,-1.4240,-0.4183,-0.0833,-0.0107,0.9965
63.4330,127.32,31.4819,3.2092,5.0493,0.5836,355.2286,359.5345,0.1569,-1.3669,-0.4134,-0.0832,-0.0102,0.9965
63.4530,127.32,31.4850,3.1817,5.0411,0.5526,355.2346,359.5422,0.1576,-1.3750,-0.4098,-0.0831,-0.0096,0.9965
63.4730,127.32,31.4882,3.1553,5.0330,0.5193,355.2405,359.5501,0.1586,-1.3223,-0.4053,-0.0830,-0.0091,0.9965
63.4930,127.32,31.4914,3.1288,5.0249,0.4852,355.2464,359.5584,0.1593,-1.3272,-0.4019,-0.0829,-0.0085,0.9965
63.5130,127.32,31.4946,3.1032,5.0170,0.4491,355.2521,359.5669,0.1602,-1.2784,-0.3978,-0.0828,-0.0078,0.9965
63.5330,127.32,31.4978,3.0776,5.0091,0.4124,355.2578,359.5758,0.1609,-1.2806,-0.3946,-0.0827,-0.0072,0.9966
63.5530,127.32,31.5010,3.0529,5.0013,0.3740,355.2633,359.5848,0.1617,-1.2353,-0.3910,-0.0826,-0.0065,0.9966
63.5730,127.32,31.5043,3.0282,4.9935,0.3351,355.2688,359.5942,0.1623,-1.2351,-0.3881,-0.0825,-0.0058,0.9966
63.5930,127.32,31.5076,3.0043,4.9858,0.2948,355.2741,359.6037,0.1631,-1.1930,-0.3849,-0.0824,-0.0051,0.9966
63.6130,127.32,31.5108,2.9805,4.9781,0.2541,355.2792,359.6135,0.1637,-1.1907,-0.3823,-0.0823,-0.0044,0.9966
63.6330,127.32,31.5141,2.9575,4.9706,0.2122,355.2843,359.6233,0.1644,-1.1515,-0.3794,-0.0822,-0.0037,0.9966
63.6530,127.32,31.5174,2.9345,4.9630,0.1702,355.2891,359.6335,0.1650,-1.1474,-0.3771,-0.0821,-0.0030,0.9966
63.6730,127.32,31.5207,2.9123,4.9555,0.1271,355.2938,359.6436,0.1656,-1.1108,-0.3747,-0.0820,-0.0022,0.9966
63.6930,127.32,31.5241,2.8902,4.9481,0.0841,355.2984,359.6541,0.1661,-1.1051,-0.3727,-0.0820,-0.0015,0.9966
63.7130,127.32,31.5274,2.8688,4.9407,0.0402,355.3028,359.6645,0.1667,-1.0708,-0.3707,-0.0819,-0.0007,0.9966
63.7330,127.32,31.5307,2.8475,4.9333,-0.0036,355.3069,359.6752,0.1672,-1.0639,-0.3690,-0.0818,0.0001,0.9966
63.7530,127.32,31.5341,2.8269,4.9259,359.9521,355.3110,359.6859,0.1677,-1.0316,-0.3674,-0.0817,0.0008,0.9967
63.7730,127.32,31.5377,2.8029,4.9183,359.9801,355.3152,359.7626,0.1822,-1.1985,-0.3800,-0.0817,0.0003,0.9967
63.7930,127.32,31.5414,2.7789,4.9108,0.0074,355.3193,359.8387,0.1821,-1.2000,-0.3784,-0.0816,-0.0001,0.9967
63.8130,127.32,31.5450,2.7518,4.9032,0.0453,355.3228,359.9181,0.1823,-1.3547,-0.3791,-0.0815,-0.0008,0.9967
63.8330,127.32,31.5486,2.7245,4.8956,0.0799,355.3260,359.9941,0.1811,-1.3650,-0.3768,-0.0815,-0.0014,0.9967
63.8530,127.32,31.5522,2.6943,4.8881,0.1189,355.3287,0.0691,0.1802,-1.5082,-0.3762,-0.0814,-0.0021,0.9967
63.8730,127.32,31.5558,2.6638,4.8806,0.1545,355.3313,0.1405,0.1785,-1.5249,-0.3737,-0.0814,-0.0027,0.9967
63.8930,127.32,31.5593,2.6346,4.8732,0.1845,355.3339,0.2082,0.1762,-1.4621,-0.3705,-0.0813,-0.0032,0.9967
63.9130,127.32,31.5628,2.6051,4.8659,0.2110,355.3362,0.2724,0.1741,-1.4746,-0.3679,-0.0813,-0.0037,0.9967
63.9330,127.32,31.5662,2.5768,4.8586,0.2325,355.3386,0.3332,0.1714,-1.4168,-0.3647,-0.0813,-0.0041,0.9967
63.9530,127.32,31.5696,2.5483,4.8513,0.2508,355.3407,0.3907,0.1690,-1.4256,-0.3620,-0.0812,-0.0044,0.9967
63.9730,127.32,31.5729,2.5208,4.8442,0.2645,355.3428,0.4449,0.1659,-1.3723,-0.3588,-0.0812,-0.0046,0.9967
63.9930,127.32,31.5762,2.4933,4.8370,0.2751,355.3446,0.4961,0.1632,-1.3778,-0.3561,-0.0812,-0.0048,0.9967
64.0130,127.32,31.5794,2.4667,4.8300,0.2817,355.3464,0.5441,0.1598,-1.3285,-0.3530,-0.0811,-0.0049,0.9967
64.0330,127.32,31.5825,2.4401,4.8230,0.2855,355.3481,0.5891,0.1568,-1.3313,-0.3503,-0.0811,-0.0050,0.9967
64.0530,127.32,31.5856,2.4144,4.8160,0.2855,355.3495,0.6312,0.1531,-1.2855,-0.3473,-0.0811,-0.0050,0.9967
64.0730,127.32,31.5886,2.3886,4.8091,0.2830,355.3509,0.6706,0.1499,-1.2858,-0.3447,-0.0811,-0.0049,0.9967
64.0930,127.32,31.5915,2.3638,4.8023,0.2772,355.3521,0.7072,0.1460,-1.2433,-0.3418,-0.0810,-0.0048,0.9967
64.1130,127.32,31.5944,2.3389,4.7955,0.2691,355.3532,0.7411,0.1426,-1.2415,-0.3394,-0.0810,-0.0047,0.9967
64.1330,127.32,31.5971,2.3149,4.7888,0.2579,355.3542,0.7725,0.1386,-1.2018,-0.3367,-0.0810,-0.0045,0.9967
64.1530,127.32,31.5998,2.2909,4.7821,0.2448,355.3550,0.8015,0.1350,-1.1982,-0.3343,-0.0810,-0.0043,0.9967
64.1730,127.32,31.6025,2.2677,4.7755,0.2289,355.3557,0.8280,0.1309,-1.1612,-0.3318,-0.0810,-0.0040,0.9967
64.1930,127.32,31.6050,2.2446,4.7689,0.2113,355.3563,0.8521,0.1272,-1.1560,-0.3297,-0.0810,-0.0037,0.9967
64.2130,127.32,31.6075,2.2222,4.7623,0.1912,355.3568,0.8741,0.1230,-1.1213,-0.3274,-0.0809,-0.0033,0.9967
64.2330,127.32,31.6098,2.1999,4.7558,0.1696,355.3572,0.8939,0.1191,-1.1148,-0.3254,-0.0809,-0.0030,0.9967
64.2530,127.32,31.6121,2.1782,4.7493,0.1459,355.3575,0.9115,0.1149,-1.0822,-0.3234,-0.0809,-0.0025,0.9967
64.2730,127.32,31.6144,2.1567,4.7429,0.1208,355.3577,0.9272,0.1110,-1.0746,-0.3216,-0.0809,-0.0021,0.9967
64.2930,127.32,31.6165,2.1359,4.7365,0.0938,355.3578,0.9408,0.1068,-1.0439,-0.3199,-0.0809,-0.0016,0.9967
64.3130,127.32,31.6186,2.1152,4.7301,0.0657,355.3579,0.9526,0.1029,-1.0353,-0.3184,-0.0809,-0.0011,0.9967
64.3330,127.32,31.6205,2.0950,4.7238,0.0360,355.3578,0.9626,0.0987,-1.0063,-0.3168,-0.0809,-0.0006,0.9967
64.3530,127.32,31.6224,2.0751,4.7175,0.0054,355.3577,0.9708,0.0947,-0.9969,-0.3156,-0.0809,-0.0001,0.9967
64.3730,127.32,31.6242,2.0557,4.7112,359.9734,355.3575,0.9774,0.0905,-0.9695,-0.3143,-0.0809,0.0005,0.9967
64.3930,127.32,31.6260,2.0365,4.7049,359.9405,355.3573,0.9823,0.0867,-0.9594,-0.3133,-0.0809,0.0010,0.9967
64.4130,128.41,31.6276,2.0178,4.6987,359.9066,355.3570,0.9857,0.0825,-0.9335,-0.3124,-0.0809,0.0016,0.9967
64.4330,128.41,31.6292,1.9994,4.6925,359.8720,355.3567,0.9875,0.0787,-0.9228,-0.3116,-0.0810,0.0022,0.9967
64.4530,128.41,31.6307,1.9814,4.6862,359.8365,355.3563,0.9880,0.0746,-0.8982,-0.3110,-0.0810,0.0029,0.9967
64.4730,128.41,31.6321,1.9637,4.6800,359.8005,355.3559,0.9870,0.0708,-0.8870,-0.3105,-0.0810,0.0035,0.9967
64.4930,128.41,31.6334,1.9464,4.6738,359.7638,355.3554,0.9848,0.0669,-0.8636,-0.3101,-0.0810,0.0041,0.9967
64.5130,128.41,31.6347,1.9294,4.6676,359.7268,355.3550,0.9812,0.0632,-0.8521,-0.3099,-0.0810,0.0048,0.9967
64.5330,128.41,31.6359,1.9128,4.6614,359.6892,355.3545,0.9765,0.0593,-0.8298,-0.3099,-0.0810,0.0054,0.9967
64.5530,128.41,31.6370,1.8964,4.6552,359.6515,355.3540,0.9706,0.0557,-0.8180,-0.3099,-0.0810,0.0061,0.9967
64.5730,128.41,31.6380,1.8805,4.6490,359.6133,355.3535,0.9636,0.0520,-0.7966,-0.3102,-0.0810,0.0067,0.9967
64.5930,128.41,31.6390,1.8648,4.6428,359.5751,355.3529,0.9556,0.0485,-0.7846,-0.3105,-0.0810,0.0074,0.9967
64.6130,128.41,31.6399,1.8495,4.6366,359.5367,355.3524,0.9466,0.0449,-0.7642,-0.3110,-0.0810,0.0081,0.9967
64.6330,128.41,31.6407,1.8345,4.6304,359.4983,355.3518,0.9366,0.0415,-0.7521,-0.3116,-0.0810,0.0088,0.9967
64.6530,128.41,31.6415,1.8198,4.6241,359.4598,355.3513,0.9257,0.0381,-0.7325,-0.3124,-0.0810,0.0094,0.9967
64.6730,128.41,31.6422,1.8054,4.6178,359.4216,355.3507,0.9140,0.0349,-0.7202,-0.3133,-0.0811,0.0101,0.9967
64.6930,128.41,31.6428,1.7914,4.6116,359.3833,355.3502,0.9014,0.0316,-0.7015,-0.3143,-0.0811,0.0108,0.9967
64.7130,128.41,31.6434,1.7776,4.6052,359.3453,355.3496,0.8881,0.0285,-0.6892,-0.3155,-0.0811,0.0114,0.9966
64.7330,128.41,31.6439,1.7642,4.5989,359.3075,355.3491,0.8741,0.0254,-0.6712,-0.3168,-0.0811,0.0121,0.9966
64.7530,128.41,31.6444,1.7510,4.5925,359.2701,355.3486,0.8593,0.0224,-0.6588,-0.3182,-0.0811,0.0127,0.9966
64.7730,128.41,31.6447,1.7382,4.5862,359.2329,355.3481,0.8440,0.0195,-0.6415,-0.3198,-0.0811,0.0134,0.9966
64.7930,128.41,31.6448,1.7220,4.5795,359.2521,355.3362,0.7500,0.0037,-0.8071,-0.3319,-0.0813,0.0131,0.9966
64.8130,128.41,31.6448,1.7056,4.5729,359.2715,355.3248,0.6559,0.0018,-0.8207,-0.3330,-0.0815,0.0127,0.9966
64.8330,128.41,31.6449,1.6861,4.5662,359.3054,355.3129,0.5588,0.0011,-0.9736,-0.3351,-0.0817,0.0121,0.9966
64.8530,128.41,31.6449,1.6662,4.5594,359.3374,355.3019,0.4651,0.0004,-0.9961,-0.3354,-0.0819,0.0116,0.9966
64.8730,128.41,31.6449,1.6435,4.5527,359.3770,355.2910,0.3729,0.0006,-1.1375,-0.3361,-0.0821,0.0109,0.9966
64.8930,128.41,31.6449,1.6201,4.5460,359.4143,355.2812,0.2844,0.0005,-1.1662,-0.3359,-0.0823,0.0102,0.9966
64.9130,128.41,31.6449,1.5942,4.5393,359.4563,355.2717,0.1988,0.0010,-1.2976,-0.3360,-0.0824,0.0095,0.9966
64.9330,128.41,31.6450,1.5676,4.5326,359.4958,355.2631,0.1169,0.0014,-1.3310,-0.3355,-0.0826,0.0088,0.9965
64.9530,128.41,31.6450,1.5385,4.5259,359.5382,355.2550,0.0384,0.0021,-1.4538,-0.3352,-0.0827,0.0081,0.9965
64.9730,128.41,31.6450,1.5126,4.5192,359.5731,355.2480,359.9634,0.0026,-1.2951,-0.3349,-0.0828,0.0075,0.9965
64.9930,128.41,31.6451,1.4846,4.5125,359.6090,355.2417,359.8919,0.0035,-1.4011,-0.3343,-0.0830,0.0068,0.9965
65.0130,128.41,31.6452,1.4594,4.5058,359.6379,355.2365,359.8236,0.0048,-1.2590,-0.3335,-0.0830,0.0063,0.9965
65.0330,128.41,31.6453,1.4324,4.4992,359.6670,355.2318,359.7589,0.0058,-1.3504,-0.3327,-0.0831,0.0058,0.9965
65.0530,128.41,31.6455,1.4079,4.4925,359.6897,355.2281,359.6972,0.0077,-1.2230,-0.3317,-0.0832,0.0054,0.9965
65.0730,128.41,31.6457,1.3819,4.4859,359.7122,355.2249,359.6391,0.0090,-1.3016,-0.3307,-0.0832,0.0050,0.9965
65.0930,128.41,31.6459,1.3582,4.4793,359.7288,355.2227,359.5837,0.0114,-1.1871,-0.3294,-0.0833,0.0047,0.9965
65.1130,128.41,31.6461,1.3331,4.4728,359.7449,355.2209,359.5318,0.0129,-1.2544,-0.3284,-0.0833,0.0045,0.9965
65.1330,128.41,31.6465,1.3100,4.4662,359.7558,355.2199,359.4825,0.0156,-1.1514,-0.3270,-0.0833,0.0043,0.9965
65.1530,128.41,31.6468,1.2859,4.4597,359.7659,355.2194,359.4364,0.0174,-1.2088,-0.3260,-0.0833,0.0041,0.9965
65.1730,128.41,31.6472,1.2635,4.4532,359.7714,355.2195,359.3927,0.0204,-1.1159,-0.3245,-0.0833,0.0040,0.9965
65.1930,128.41,31.6477,1.2402,4.4467,359.7760,355.2201,359.3521,0.0224,-1.1647,-0.3234,-0.0833,0.0039,0.9965
65.2130,128.41,31.6482,1.2186,4.4403,359.7764,355.2212,359.3138,0.0257,-1.0808,-0.3220,-0.0833,0.0039,0.9965
65.2330,128.41,31.6487,1.1962,4.4339,359.7760,355.2226,359.2784,0.0279,-1.1220,-0.3209,-0.0833,0.0039,0.9965
65.2530,128.41,31.6494,1.1753,4.4275,359.7718,355.2246,359.2451,0.0314,-1.0461,-0.3195,-0.0832,0.0040,0.9965
65.2730,128.41,31.6500,1.1537,4.4211,359.7668,355.2268,359.2145,0.0337,-1.0805,-0.3185,-0.0832,0.0041,0.9965
65.2930,128.41,31.6508,1.1334,4.4148,359.7584,355.2295,359.1859,0.0374,-1.0117,-0.3172,-0.0832,0.0042,0.9965
65.3130,128.41,31.6516,1.1126,4.4085,359.7493,355.2324,359.1598,0.0399,-1.0403,-0.3162,-0.0831,0.0044,0.9965
65.3330,128.41,31.6525,1.0931,4.4022,359.7372,355.2356,359.1356,0.0437,-0.9778,-0.3150,-0.0831,0.0046,0.9965
65.3530,128.41,31.6534,1.0730,4.3959,359.7244,355.2390,359.1137,0.0464,-1.0012,-0.3141,-0.0830,0.0048,0.9965
65.3730,128.41,31.6544,1.0542,4.3896,359.7090,355.2426,359.0935,0.0502,-0.9443,-0.3131,-0.0829,0.0051,0.9965
65.3930,128.41,31.6554,1.0349,4.3834,359.6930,355.2464,359.0756,0.0530,-0.9632,-0.3124,-0.0829,0.0054,0.9965
65.4130,126.59,31.6566,1.0167,4.3771,359.6746,355.2503,359.0593,0.0569,-0.9113,-0.3115,-0.0828,0.0057,0.9965
65.4330,126.59,31.6578,0.9981,4.3709,359.6557,355.2544,359.0450,0.0598,-0.9263,-0.3109,-0.0827,0.0060,0.9966
65.4530,126.59,31.6591,0.9806,4.3647,359.6348,355.2586,359.0322,0.0637,-0.8789,-0.3103,-0.0827,0.0064,0.9966
65.4730,126.59,31.6604,0.9628,4.3585,359.6135,355.2628,359.0214,0.0668,-0.8904,-0.3098,-0.0826,0.0067,0.9966
65.4930,126.59,31.6618,0.9458,4.3523,359.5904,355.2671,359.0119,0.0706,-0.8469,-0.3093,-0.0825,0.0071,0.9966
65.5130,126.59,31.6633,0.9287,4.3461,359.5670,355.2714,359.0042,0.0737,-0.8554,-0.3090,-0.0824,0.0076,0.9966
65.5330,126.59,31.6648,0.9124,4.3400,359.5421,355.2757,358.9978,0.0776,-0.8155,-0.3088,-0.0824,0.0080,0.9966
65.5530,126.59,31.6664,0.8960,4.3338,359.5170,355.2800,358.9930,0.0808,-0.8214,-0.3087,-0.0823,0.0084,0.9966
65.5730,126.59,31.6681,0.8803,4.3276,359.4905,355.2843,358.9894,0.0846,-0.7847,-0.3087,-0.0822,0.0089,0.9966
65.5930,126.59,31.6699,0.8645,4.3214,359.4641,355.2886,358.9874,0.0878,-0.7882,-0.3087,-0.0821,0.0094,0.9966
65.6130,126.59,31.6717,0.8494,4.3153,359.4365,355.2928,358.9865,0.0915,-0.7544,-0.3089,-0.0821,0.0098,0.9966
65.6330,126.59,31.6736,0.8343,4.3091,359.4089,355.2968,358.9869,0.0947,-0.7559,-0.3092,-0.0820,0.0103,0.9966
65.6530,126.59,31.6756,0.8198,4.3029,359.3804,355.3009,358.9884,0.0985,-0.7246,-0.3096,-0.0819,0.0108,0.9966
65.6730,126.59,31.6776,0.8053,4.2967,359.3520,355.3048,358.9912,0.1016,-0.7245,-0.3101,-0.0818,0.0113,0.9966
65.6930,126.59,31.6797,0.7914,4.2905,359.3229,355.3086,358.9949,0.1053,-0.6954,-0.3108,-0.0818,0.0118,0.9966
65.7130,126.59,31.6819,0.7775,4.2842,359.2940,355.3123,358.9998,0.1084,-0.6938,-0.3115,-0.0817,0.0123,0.9966
65.7330,126.59,31.6841,0.7642,4.2780,359.2645,355.3158,359.0056,0.1120,-0.6668,-0.3124,-0.0817,0.0128,0.9966
65.7530,126.59,31.6864,0.7509,4.2717,359.2354,355.3192,359.0125,0.1151,-0.6639,-0.3133,-0.0816,0.0133,0.9966
65.7730,126.59,31.6888,0.7382,4.2654,359.2058,355.3225,359.0202,0.1185,-0.6387,-0.3144,-0.0815,0.0139,0.9966
65.7930,126.59,31.6912,0.7255,4.2591,359.1765,355.3256,359.0288,0.1216,-0.6348,-0.3155,-0.0815,0.0144,0.9966
65.8130,126.59,31.6937,0.7132,4.2528,359.1471,355.3286,359.0382,0.1250,-0.6112,-0.3169,-0.0814,0.0149,0.9966
65.8330,126.59,31.6963,0.7011,4.2464,359.1180,355.3313,359.0485,0.1280,-0.6063,-0.3182,-0.0814,0.0154,0.9966
65.8530,126.59,31.6989,0.6894,4.2400,359.0888,355.3339,359.0595,0.1312,-0.5843,-0.3197,-0.0813,0.0159,0.9966
65.8730,126.59,31.7016,0.6778,4.2336,359.0601,355.3364,359.0713,0.1341,-0.5786,-0.3213,-0.0813,0.0164,0.9966
65.8930,126.59,31.7043,0.6667,4.2271,359.0314,355.3386,359.0837,0.1372,-0.5579,-0.3230,-0.0813,0.0169,0.9966
65.9130,126.59,31.7072,0.6557,4.2207,359.0033,355.3407,359.0968,0.1401,-0.5516,-0.3248,-0.0812,0.0174,0.9965
65.9330,126.59,31.7100,0.6450,4.2141,358.9753,355.3426,359.1104,0.1431,-0.5321,-0.3267,-0.0812,0.0179,0.9965
65.9530,126.59,31.7129,0.6345,4.2075,358.9478,355.3443,359.1248,0.1458,-0.5252,-0.3287,-0.0812,0.0184,0.9965
65.9730,126.59,31.7159,0.6244,4.2009,358.9206,355.3459,359.1396,0.1487,-0.5068,-0.3308,-0.0811,0.0188,0.9965
65.9930,126.59,31.7189,0.6144,4.1943,358.8940,355.3472,359.1550,0.1513,-0.4995,-0.3330,-0.0811,0.0193,0.9965
66.0130,126.59,31.7220,0.6047,4.1876,358.8677,355.3484,359.1708,0.1540,-0.4820,-0.3353,-0.0811,0.0198,0.9965
66.0330,126.59,31.7251,0.5953,4.1808,358.8422,355.3494,359.1871,0.1565,-0.4744,-0.3376,-0.0811,0.0202,0.9965
66.0530,126.59,31.7283,0.5861,4.1740,358.8170,355.3502,359.2039,0.1591,-0.4579,-0.3401,-0.0810,0.0206,0.9965
66.0730,126.59,31.7316,0.5771,4.1672,358.7925,355.3509,359.2210,0.1615,-0.4499,-0.3426,-0.0810,0.0211,0.9965
66.0930,126.59,31.7348,0.5684,4.1603,358.7685,355.3513,359.2386,0.1640,-0.4342,-0.3453,-0.0810,0.0215,0.9965
66.1130,126.59,31.7382,0.5599,4.1533,358.7452,355.3517,359.2564,0.1663,-0.4260,-0.3479,-0.0810,0.0219,0.9965
66.1330,126.59,31.7415,0.5517,4.1463,358.7225,355.3518,359.2746,0.1686,-0.4111,-0.3507,-0.0810,0.0223,0.9965
66.1530,126.59,31.7449,0.5436,4.1392,358.7006,355.3518,359.2931,0.1707,-0.4027,-0.3535,-0.0810,0.0227,0.9965
66.1730,126.59,31.7484,0.5359,4.1321,358.6792,355.3516,359.3119,0.1729,-0.3885,-0.3565,-0.0810,0.0231,0.9964
66.1930,126.59,31.7519,0.5283,4.1249,358.6587,355.3513,359.3309,0.1749,-0.3800,-0.3595,-0.0810,0.0234,0.9964
66.2130,126.59,31.7554,0.5209,4.1176,358.6387,355.3508,359.3502,0.1769,-0.3664,-0.3625,-0.0810,0.0238,0.9964
66.2330,126.59,31.7590,0.5138,4.1103,358.6197,355.3502,359.3696,0.1788,-0.3578,-0.3656,-0.0810,0.0241,0.9964
66.2530,126.59,31.7626,0.5069,4.1029,358.6012,355.3495,359.3892,0.1806,-0.3448,-0.3688,-0.0811,0.0244,0.9964
66.2730,126.59,31.7663,0.5002,4.0955,358.5837,355.3486,359.4090,0.1823,-0.3362,-0.3720,-0.0811,0.0247,0.9964
66.2930,126.59,31.7700,0.4937,4.0880,358.5668,355.3476,359.4290,0.1841,-0.3237,-0.3753,-0.0811,0.0250,0.9964
66.3130,126.59,31.7737,0.4874,4.0804,358.5508,355.3465,359.4490,0.1856,-0.3151,-0.3786,-0.0811,0.0253,0.9964
66.3330,126.59,31.7774,0.4813,4.0728,358.5356,355.3452,359.4691,0.1872,-0.3031,-0.3820,-0.0811,0.0256,0.9964
66.3530,126.59,31.7812,0.4754,4.0651,358.5212,355.3439,359.4893,0.1887,-0.2945,-0.3854,-0.0811,0.0258,0.9964
66.3730,126.59,31.7850,0.4698,4.0573,358.5075,355.3424,359.5096,0.1901,-0.2830,-0.3889,-0.0812,0.0260,0.9964
66.3930,126.59,31.7888,0.4643,4.0495,358.4948,355.3409,359.5299,0.1914,-0.2745,-0.3923,-0.0812,0.0263,0.9964
66.4130,126.59,31.7927,0.4590,4.0415,358.4828,355.3392,359.5503,0.1926,-0.2634,-0.3959,-0.0812,0.0265,0.9963
66.4330,129.04,31.7965,0.4539,4.0335,358.4717,355.3375,359.5706,0.1938,-0.2549,-0.3994,-0.0813,0.0267,0.9963
66.4530,129.04,31.8004,0.4490,4.0255,358.4614,355.3357,359.5909,0.1949,-0.2443,-0.4030,-0.0813,0.0269,0.9963
66.4730,129.04,31.8044,0.4443,4.0174,358.4520,355.3338,359.6113,0.1959,-0.2359,-0.4066,-0.0813,0.0270,0.9963
66.4930,129.04,31.8083,0.4398,4.0092,358.4433,355.3318,359.6315,0.1969,-0.2256,-0.4103,-0.0814,0.0272,0.9963
66.5130,129.04,31.8123,0.4354,4.0009,358.4355,355.3298,359.6518,0.1978,-0.2173,-0.4139,-0.0814,0.0273,0.9963
66.5330,129.04,31.8162,0.4313,3.9925,358.4286,355.3277,359.6719,0.1986,-0.2074,-0.4176,-0.0814,0.0274,0.9963
66.5530,129.04,31.8202,0.4273,3.9841,358.4225,355.3256,359.6920,0.1994,-0.1992,-0.4212,-0.0815,0.0275,0.9963
66.5730,129.04,31.8242,0.4235,3.9756,358.4172,355.3235,359.7119,0.2000,-0.1896,-0.4249,-0.0815,0.0276,0.9963
66.5930,129.04,31.8282,0.4199,3.9670,358.4128,355.3212,359.7318,0.2006,-0.1815,-0.4286,-0.0815,0.0277,0.9963
66.6130,129.04,31.8322,0.4164,3.9584,358.4091,355.3190,359.7515,0.2012,-0.1723,-0.4323,-0.0816,0.0278,0.9963
66.6330,129.04,31.8363,0.4132,3.9497,358.4063,355.3167,359.7711,0.2016,-0.1643,-0.4360,-0.0816,0.0278,0.9963
66.6530,129.04,31.8403,0.4101,3.9409,358.4043,355.3145,359.7906,0.2020,-0.1554,-0.4397,-0.0817,0.0278,0.9963
66.6730,129.04,31.8444,0.4071,3.9320,358.4031,355.3121,359.8099,0.2024,-0.1476,-0.4434,-0.0817,0.0279,0.9963
66.6930,129.04,31.8484,0.4043,3.9231,358.4027,355.3098,359.8290,0.2026,-0.1389,-0.4470,-0.0817,0.0279,0.9963
66.7130,129.04,31.8525,0.4017,3.9140,358.4031,355.3075,359.8480,0.2028,-0.1313,-0.4507,-0.0818,0.0279,0.9963
66.7330,129.04,31.8565,0.3992,3.9050,358.4043,355.3052,359.8668,0.2030,-0.1229,-0.4544,-0.0818,0.0278,0.9963
66.7530,129.04,31.8606,0.3969,3.8958,358.4063,355.3029,359.8853,0.2030,-0.1154,-0.4580,-0.0819,0.0278,0.9963
66.7730,129.04,31.8647,0.3948,3.8866,358.4090,355.3005,359.9037,0.2030,-0.1073,-0.4616,-0.0819,0.0278,0.9963
66.7930,129.04,31.8687,0.3928,3.8773,358.4124,355.2982,359.9219,0.2030,-0.1000,-0.4652,-0.0819,0.0277,0.9963
66.8130,129.04,31.8728,0.3909,3.8679,358.4167,355.2959,359.9398,0.2028,-0.0921,-0.4688,-0.0820,0.0276,0.9963
66.8330,129.04,31.8768,0.3892,3.8584,358.4217,355.2937,359.9575,0.2027,-0.0849,-0.4723,-0.0820,0.0275,0.9963
66.8530,129.04,31.8809,0.3877,3.8489,358.4273,355.2914,359.9750,0.2024,-0.0773,-0.4758,-0.0821,0.0274,0.9962
66.8730,129.04,31.8849,0.3863,3.8393,358.4337,355.2892,359.9922,0.2021,-0.0703,-0.4793,-0.0821,0.0273,0.9962
66.8930,129.04,31.8890,0.3850,3.8297,358.4409,355.2870,0.0093,0.2018,-0.0629,-0.4828,-0.0821,0.0272,0.9962
66.9130,129.04,31.8930,0.3839,3.8200,358.4487,355.2849,0.0260,0.2013,-0.0560,-0.4862,-0.0822,0.0271,0.9963
66.9330,129.04,31.8970,0.3829,3.8102,358.4572,355.2828,0.0425,0.2009,-0.0489,-0.4895,-0.0822,0.0269,0.9963
66.9530,129.04,31.9010,0.3821,3.8003,358.4663,355.2807,0.0587,0.2003,-0.0422,-0.4929,-0.0822,0.0268,0.9963
66.9730,129.04,31.9050,0.3814,3.7904,358.4761,355.2787,0.0747,0.1997,-0.0352,-0.4962,-0.0823,0.0266,0.9963
66.9930,129.04,31.9090,0.3808,3.7804,358.4866,355.2767,0.0903,0.1991,-0.0287,-0.4994,-0.0823,0.0264,0.9963
67.0130,129.04,31.9130,0.3804,3.7704,358.4977,355.2748,0.1057,0.1984,-0.0220,-0.5026,-0.0823,0.0262,0.9963
67.0330,129.04,31.9169,0.3801,3.7602,358.5094,355.2729,0.1208,0.1977,-0.0156,-0.5057,-0.0824,0.0260,0.9963
67.0530,129.04,31.9208,0.3799,3.7501,358.5217,355.2711,0.1357,0.1969,-0.0091,-0.5088,-0.0824,0.0258,0.9963
67.0730,129.04,31.9248,0.3798,3.7398,358.5346,355.2693,0.1502,0.1960,-0.0029,-0.5119,-0.0824,0.0256,0.9963
67.0930,129.04,31.9287,0.3799,3.7295,358.5480,355.2676,0.1645,0.1951,0.0034,-0.5149,-0.0825,0.0253,0.9963
67.1130,129.04,31.9325,0.3801,3.7192,358.5620,355.2660,0.1784,0.1942,0.0095,-0.5178,-0.0825,0.0251,0.9963
67.1330,129.04,31.9364,0.3804,3.7088,358.5766,355.2644,0.1921,0.1932,0.0156,-0.5207,-0.0825,0.0248,0.9963
67.1530,129.04,31.9403,0.3808,3.6983,358.5917,355.2629,0.2054,0.1922,0.0215,-0.5235,-0.0826,0.0246,0.9963
67.1730,129.04,31.9441,0.3814,3.6878,358.6073,355.2614,0.2185,0.1911,0.0274,-0.5263,-0.0826,0.0243,0.9963
67.1930,129.04,31.9479,0.3820,3.6772,358.6234,355.2600,0.2312,0.1900,0.0331,-0.5289,-0.0826,0.0240,0.9963
67.2130,129.04,31.9517,0.3828,3.6665,358.6400,355.2587,0.2437,0.1888,0.0389,-0.5316,-0.0826,0.0237,0.9963
67.2330,129.04,31.9554,0.3837,3.6559,358.6571,355.2575,0.2558,0.1876,0.0444,-0.5341,-0.0827,0.0234,0.9963
67.2530,129.04,31.9591,0.3847,3.6451,358.6746,355.2563,0.2677,0.1864,0.0500,-0.5366,-0.0827,0.0231,0.9963
67.2730,129.04,31.9628,0.3858,3.6344,358.6926,355.2552,0.2792,0.1851,0.0553,-0.5391,-0.0827,0.0228,0.9963
67.2930,129.04,31.9665,0.3870,3.6235,358.7110,355.2542,0.2904,0.1838,0.0608,-0.5414,-0.0827,0.0225,0.9963
67.3130,129.04,31.9702,0.3883,3.6126,358.7298,355.2532,0.3013,0.1824,0.0660,-0.5437,-0.0827,0.0222,0.9963
67.3330,129.04,31.9738,0.3898,3.6017,358.7490,355.2523,0.3119,0.1811,0.0712,-0.5459,-0.0827,0.0218,0.9963
67.3530,129.04,31.9774,0.3913,3.5908,358.7686,355.2515,0.3222,0.1796,0.0763,-0.5481,-0.0828,0.0215,0.9963
67.3730,129.04,31.9809,0.3929,3.5798,358.7885,355.2507,0.3322,0.1782,0.0813,-0.5501,-0.0828,0.0211,0.9963
67.3930,129.04,31.9845,0.3946,3.5687,358.8088,355.2501,0.3419,0.1767,0.0862,-0.5521,-0.0828,0.0208,0.9964
67.4130,129.04,31.9880,0.3965,3.5576,358.8294,355.2495,0.3513,0.1752,0.0911,-0.5541,-0.0828,0.0204,0.9964
67.4330,128.50,31.9915,0.3984,3.5465,358.8504,355.2489,0.3603,0.1736,0.0959,-0.5559,-0.0828,0.0201,0.9964
67.4530,128.50,31.9949,0.4004,3.5354,358.8716,355.2484,0.3691,0.1720,0.1006,-0.5577,-0.0828,0.0197,0.9964
67.4730,128.50,31.9983,0.4025,3.5242,358.8932,355.2480,0.3776,0.1704,0.1052,-0.5594,-0.0828,0.0193,0.9964
67.4930,128.50,32.0017,0.4047,3.5130,358.9150,355.2477,0.3857,0.1688,0.1098,-0.5610,-0.0828,0.0189,0.9964
67.5130,128.50,32.0050,0.4070,3.5017,358.9371,355.2474,0.3936,0.1672,0.1142,-0.5625,-0.0828,0.0185,0.9964
67.5330,128.50,32.0083,0.4094,3.4904,358.9595,355.2473,0.4011,0.1655,0.1187,-0.5640,-0.0828,0.0182,0.9964
67.5530,128.50,32.0116,0.4118,3.4791,358.9820,355.2471,0.4084,0.1638,0.1230,-0.5653,-0.0828,0.0178,0.9964
67.5730,128.50,32.0148,0.4144,3.4678,359.0049,355.2471,0.4154,0.1620,0.1272,-0.5666,-0.0828,0.0174,0.9964
67.5930,128.50,32.0181,0.4170,3.4564,359.0278,355.2471,0.4221,0.1603,0.1314,-0.5678,-0.0828,0.0170,0.9964
67.6130,128.50,32.0212,0.4197,3.4451,359.0511,355.2471,0.4284,0.1585,0.1355,-0.5690,-0.0828,0.0166,0.9964
67.6330,128.50,32.0244,0.4225,3.4337,359.0744,355.2473,0.4346,0.1567,0.1395,-0.5700,-0.0828,0.0162,0.9964
67.6530,128.50,32.0275,0.4254,3.4222,359.0980,355.2474,0.4404,0.1549,0.1435,-0.5710,-0.0828,0.0157,0.9964
67.6730,128.50,32.0305,0.4283,3.4108,359.1216,355.2477,0.4459,0.1531,0.1474,-0.5719,-0.0828,0.0153,0.9964
67.6930,128.50,32.0335,0.4313,3.3994,359.1455,355.2480,0.4512,0.1512,0.1512,-0.5727,-0.0828,0.0149,0.9965
67.7130,128.50,32.0365,0.4344,3.3879,359.1694,355.2484,0.4561,0.1494,0.1549,-0.5734,-0.0828,0.0145,0.9965
67.7330,128.50,32.0395,0.4376,3.3764,359.1935,355.2488,0.4608,0.1475,0.1586,-0.5740,-0.0828,0.0141,0.9965
67.7530,128.50,32.0424,0.4408,3.3649,359.2177,355.2493,0.4653,0.1456,0.1622,-0.5746,-0.0828,0.0137,0.9965
67.7730,128.50,32.0453,0.4442,3.3534,359.2419,355.2498,0.4694,0.1437,0.1658,-0.5751,-0.0828,0.0132,0.9965
67.7930,128.50,32.0481,0.4475,3.3419,359.2663,355.2504,0.4734,0.1418,0.1693,-0.5754,-0.0828,0.0128,0.9965
67.8130,128.50,32.0509,0.4510,3.3304,359.2907,355.2510,0.4770,0.1399,0.1727,-0.5758,-0.0828,0.0124,0.9965
67.8330,128.50,32.0537,0.4545,3.3189,359.3151,355.2517,0.4804,0.1380,0.1760,-0.5760,-0.0828,0.0120,0.9965
67.8530,128.50,32.0564,0.4581,3.3073,359.3396,355.2524,0.4835,0.1360,0.1793,-0.5761,-0.0828,0.0115,0.9965
67.8730,128.50,32.0591,0.4618,3.2958,359.3641,355.2532,0.4864,0.1341,0.1825,-0.5762,-0.0827,0.0111,0.9965
67.8930,128.50,32.0617,0.4655,3.2843,359.3886,355.2540,0.4890,0.1321,0.1857,-0.5762,-0.0827,0.0107,0.9965
67.9130,128.50,32.0643,0.4692,3.2728,359.4131,355.2549,0.4914,0.1301,0.1887,-0.5761,-0.0827,0.0102,0.9965
67.9330,128.50,32.0669,0.4731,3.2613,359.4377,355.2557,0.4936,0.1282,0.1918,-0.5759,-0.0827,0.0098,0.9965
67.9530,128.50,32.0694,0.4770,3.2497,359.4622,355.2567,0.4955,0.1262,0.1947,-0.5756,-0.0827,0.0094,0.9965
67.9730,128.50,32.0719,0.4809,3.2382,359.4866,355.2576,0.4972,0.1242,0.1976,-0.5753,-0.0827,0.0090,0.9965
67.9930,128.50,32.0743,0.4849,3.2267,359.5111,355.2586,0.4986,0.1222,0.2004,-0.5749,-0.0827,0.0085,0.9965
68.0130,128.50,32.0767,0.4890,3.2153,359.5355,355.2597,0.4998,0.1202,0.2032,-0.5744,-0.0826,0.0081,0.9965
68.0330,128.50,32.0791,0.4931,3.2038,359.5598,355.2607,0.5008,0.1183,0.2059,-0.5738,-0.0826,0.0077,0.9966
68.0530,128.50,32.0814,0.4973,3.1923,359.5840,355.2618,0.5016,0.1163,0.2086,-0.5731,-0.0826,0.0073,0.9966
68.0730,128.50,32.0837,0.5015,3.1809,359.6082,355.2629,0.5022,0.1143,0.2112,-0.5724,-0.0826,0.0068,0.9966
68.0930,128.50,32.0859,0.5058,3.1694,359.6323,355.2641,0.5026,0.1123,0.2137,-0.5716,-0.0826,0.0064,0.9966
68.1130,128.50,32.0882,0.5101,3.1580,359.6563,355.2653,0.5028,0.1103,0.2162,-0.5707,-0.0825,0.0060,0.9966
68.1330,128.50,32.0903,0.5145,3.1466,359.6802,355.2664,0.5027,0.1083,0.2186,-0.5697,-0.0825,0.0056,0.9966
68.1530,128.50,32.0924,0.5189,3.1353,359.7039,355.2677,0.5025,0.1063,0.2210,-0.5687,-0.0825,0.0052,0.9966
68.1730,128.50,32.0945,0.5234,3.1239,359.7276,355.2689,0.5021,0.1044,0.2233,-0.5676,-0.0825,0.0048,0.9966
68.1930,128.50,32.0966,0.5279,3.1126,359.7511,355.2701,0.5015,0.1024,0.2255,-0.5664,-0.0825,0.0043,0.9966
68.2130,128.50,32.0986,0.5324,3.1013,359.7744,355.2714,0.5007,0.1004,0.2277,-0.5651,-0.0824,0.0039,0.9966
68.2330,128.50,32.1006,0.5370,3.0900,359.7977,355.2727,0.4997,0.0984,0.2299,-0.5638,-0.0824,0.0035,0.9966
68.2530,128.50,32.1025,0.5417,3.0787,359.8207,355.2740,0.4986,0.0965,0.2319,-0.5624,-0.0824,0.0031,0.9966
68.2730,128.50,32.1044,0.5463,3.0675,359.8437,355.2753,0.4973,0.0945,0.2340,-0.5609,-0.0824,0.0027,0.9966
68.2930,128.50,32.1062,0.5511,3.0563,359.8664,355.2766,0.4958,0.0926,0.2360,-0.5594,-0.0823,0.0023,0.9966
68.3130,128.50,32.1080,0.5558,3.0452,359.8889,355.2779,0.4941,0.0906,0.2379,-0.5578,-0.0823,0.0019,0.9966
68.3330,128.50,32.1098,0.5606,3.0341,359.9113,355.2792,0.4923,0.0887,0.2398,-0.5561,-0.0823,0.0015,0.9966
68.3530,128.50,32.1116,0.5655,3.0230,359.9335,355.2806,0.4904,0.0868,0.2416,-0.5543,-0.0823,0.0012,0.9966
68.3730,128.50,32.1132,0.5703,3.0119,359.9555,355.2819,0.4883,0.0849,0.2434,-0.5525,-0.0823,0.0008,0.9966
68.3930,128.50,32.1149,0.5752,3.0009,359.9772,355.2832,0.4860,0.0830,0.2451,-0.5507,-0.0822,0.0004,0.9966
68.4130,128.50,32.1165,0.5802,2.9899,-0.0012,355.2846,0.4836,0.0811,0.2468,-0.5487,-0.0822,0.0000,0.9966
68.4330,126.19,32.1181,0.5851,2.9790,0.0202,355.2859,0.4811,0.0792,0.2484,-0.5467,-0.0822,-0.0004,0.9966
68.4530,126.19,32.1197,0.5901,2.9681,0.0413,355.2873,0.4784,0.0773,0.2500,-0.5446,-0.0822,-0.0007,0.9966
68.4730,126.19,32.1212,0.5952,2.9573,0.0622,355.2886,0.4756,0.0754,0.2515,-0.5425,-0.0821,-0.0011,0.9966
68.4930,126.19,32.1226,0.6002,2.9465,0.0829,355.2899,0.4727,0.0736,0.2530,-0.5403,-0.0821,-0.0014,0.9966
68.5130,126.19,32.1241,0.6053,2.9357,0.1033,355.2912,0.4696,0.0718,0.2544,-0.5381,-0.0821,-0.0018,0.9966
68.5330,126.19,32.1255,0.6104,2.9250,0.1235,355.2925,0.4664,0.0699,0.2558,-0.5358,-0.0821,-0.0022,0.9966
68.5530,126.19,32.1268,0.6156,2.9143,0.1435,355.2939,0.4632,0.0681,0.2571,-0.5334,-0.0820,-0.0025,0.9966
68.5730,126.19,32.1282,0.6207,2.9037,0.1632,355.2952,0.4598,0.0663,0.2584,-0.5310,-0.0820,-0.0028,0.9966
68.5930,126.19,32.1295,0.6259,2.8931,0.1826,355.2964,0.4563,0.0645,0.2597,-0.5285,-0.0820,-0.0032,0.9966
68.6130,126.19,32.1307,0.6311,2.8826,0.2018,355.2977,0.4527,0.0627,0.2609,-0.5260,-0.0820,-0.0035,0.9966
68.6330,126.19,32.1319,0.6364,2.8721,0.2207,355.2990,0.4489,0.0610,0.2621,-0.5234,-0.0820,-0.0039,0.9966
68.6530,126.19,32.1331,0.6416,2.8617,0.2394,355.3002,0.4452,0.0592,0.2632,-0.5208,-0.0819,-0.0042,0.9966
68.6730,126.19,32.1343,0.6469,2.8514,0.2578,355.3015,0.4413,0.0575,0.2642,-0.5181,-0.0819,-0.0045,0.9966
68.6930,126.19,32.1354,0.6522,2.8411,0.2759,355.3027,0.4373,0.0558,0.2653,-0.5153,-0.0819,-0.0048,0.9966
68.7130,126.19,32.1365,0.6576,2.8308,0.2938,355.3039,0.4332,0.0541,0.2663,-0.5126,-0.0819,-0.0051,0.9966
68.7330,126.19,32.1375,0.6629,2.8206,0.3113,355.3051,0.4291,0.0524,0.2672,-0.5097,-0.0818,-0.0054,0.9966
68.7530,126.19,32.1385,0.6683,2.8105,0.3286,355.3063,0.4249,0.0508,0.2681,-0.5068,-0.0818,-0.0057,0.9966
68.7730,126.19,32.1395,0.6736,2.8004,0.3456,355.3074,0.4206,0.0491,0.2690,-0.5039,-0.0818,-0.0060,0.9966
68.7930,126.19,32.1405,0.6790,2.7904,0.3624,355.3086,0.4162,0.0475,0.2698,-0.5010,-0.0818,-0.0063,0.9966
68.8130,126.19,32.1414,0.6845,2.7804,0.3788,355.3097,0.4118,0.0458,0.2706,-0.4979,-0.0818,-0.0066,0.9966
68.8330,126.19,32.1423,0.6899,2.7705,0.3950,355.3108,0.4073,0.0442,0.2714,-0.4949,-0.0817,-0.0069,0.9966
68.8530,126.19,32.1431,0.6953,2.7607,0.4108,355.3119,0.4027,0.0427,0.2721,-0.4918,-0.0817,-0.0072,0.9966
68.8730,126.19,32.1439,0.7008,2.7509,0.4264,355.3129,0.3981,0.0411,0.2728,-0.4887,-0.0817,-0.0074,0.9966
68.8930,126.19,32.1447,0.7063,2.7412,0.4417,355.3140,0.3934,0.0396,0.2734,-0.4855,-0.0817,-0.0077,0.9966
68.9130,126.19,32.1455,0.7117,2.7316,0.4567,355.3150,0.3887,0.0380,0.2740,-0.4823,-0.0817,-0.0080,0.9966
68.9330,126.19,32.1462,0.7172,2.7220,0.4713,355.3159,0.3840,0.0365,0.2746,-0.4790,-0.0817,-0.0082,0.9966
68.9530,126.19,32.1469,0.7227,2.7125,0.4857,355.3169,0.3791,0.0350,0.2751,-0.4757,-0.0816,-0.0085,0.9966
68.9730,126.19,32.1476,0.7282,2.7030,0.4998,355.3179,0.3743,0.0335,0.2756,-0.4724,-0.0816,-0.0087,0.9966
68.9930,126.19,32.1482,0.7338,2.6936,0.5136,355.3188,0.3694,0.0321,0.2761,-0.4691,-0.0816,-0.0090,0.9966
69.0130,126.19,32.1488,0.7393,2.6843,0.5271,355.3197,0.3645,0.0306,0.2765,-0.4657,-0.0816,-0.0092,0.9966
69.0330,126.19,32.1494,0.7448,2.6751,0.5403,355.3206,0.3595,0.0292,0.2769,-0.4623,-0.0816,-0.0094,0.9966
69.0530,126.19,32.1500,0.7504,2.6659,0.5532,355.3214,0.3546,0.0278,0.2773,-0.4589,-0.0816,-0.0097,0.9966
69.0730,126.19,32.1505,0.7559,2.6568,0.5658,355.3222,0.3496,0.0264,0.2776,-0.4554,-0.0815,-0.0099,0.9966
69.0930,126.19,32.1510,0.7615,2.6477,0.5781,355.3230,0.3445,0.0251,0.2779,-0.4519,-0.0815,-0.0101,0.9966
69.1130,126.19,32.1515,0.7670,2.6388,0.5901,355.3238,0.3395,0.0237,0.2782,-0.4484,-0.0815,-0.0103,0.9966
69.1330,126.19,32.1519,0.7726,2.6299,0.6018,355.3246,0.3344,0.0224,0.2784,-0.4448,-0.0815,-0.0105,0.9966
69.1530,126.19,32.1524,0.7782,2.6211,0.6132,355.3253,0.3293,0.0211,0.2786,-0.4412,-0.0815,-0.0107,0.9966
69.1730,126.19,32.1528,0.7838,2.6123,0.6243,355.3260,0.3242,0.0198,0.2788,-0.4376,-0.0815,-0.0109,0.9966
69.1930,126.19,32.1531,0.7893,2.6036,0.6351,355.3267,0.3191,0.0185,0.2789,-0.4340,-0.0815,-0.0111,0.9966
69.2130,126.19,32.1535,0.7949,2.5950,0.6457,355.3273,0.3140,0.0173,0.2790,-0.4304,-0.0815,-0.0113,0.9966
69.2330,126.19,32.1538,0.8005,2.5865,0.6559,355.3279,0.3089,0.0160,0.2791,-0.4267,-0.0814,-0.0114,0.9966
69.2530,126.19,32.1541,0.8061,2.5780,0.6658,355.3285,0.3037,0.0148,0.2792,-0.4230,-0.0814,-0.0116,0.9966
69.2730,126.19,32.1544,0.8117,2.5696,0.6754,355.3291,0.2986,0.0136,0.2792,-0.4193,-0.0814,-0.0118,0.9966
69.2930,126.19,32.1546,0.8173,2.5613,0.6848,355.3296,0.2935,0.0124,0.2792,-0.4156,-0.0814,-0.0120,0.9966
69.3130,126.19,32.1548,0.8228,2.5531,0.6938,355.3301,0.2884,0.0113,0.2792,-0.4119,-0.0814,-0.0121,0.9966
69.3330,126.19,32.1550,0.8284,2.5449,0.7026,355.3306,0.2832,0.0101,0.2791,-0.4081,-0.0814,-0.0123,0.9966
69.3530,126.19,32.1552,0.8340,2.5368,0.7110,355.3311,0.2781,0.0090,0.2790,-0.4044,-0.0814,-0.0124,0.9966
69.3730,126.19,32.1554,0.8396,2.5288,0.7192,355.3315,0.2730,0.0079,0.2789,-0.4006,-0.0814,-0.0126,0.9966
69.3930,126.19,32.1555,0.8452,2.5209,0.7271,355.3319,0.2679,0.0068,0.2788,-0.3968,-0.0814,-0.0127,0.9966
69.4130,126.19,32.1556,0.8507,2.5130,0.7347,355.3323,0.2628,0.0058,0.2786,-0.3930,-0.0814,-0.0128,0.9966
69.4330,129.18,32.1557,0.8563,2.5052,0.7420,355.3327,0.2578,0.0047,0.2785,-0.3892,-0.0814,-0.0130,0.9966
69.4530,129.18,32.1558,0.8619,2.4975,0.7491,355.3330,0.2527,0.0037,0.2783,-0.3854,-0.0814,-0.0131,0.9966
69.4730,129.18,32.1558,0.8674,2.4899,0.7559,355.3334,0.2477,0.0027,0.2780,-0.3816,-0.0814,-0.0132,0.9966
69.4930,129.18,32.1559,0.8730,2.4823,0.7624,355.3336,0.2427,0.0017,0.2778,-0.3778,-0.0813,-0.0133,0.9966
69.5130,129.18,32.1559,0.8785,2.4749,0.7686,355.3339,0.2377,0.0007,0.2775,-0.3739,-0.0813,-0.0134,0.9966
69.5330,129.18,32.1559,0.8841,2.4675,0.7746,355.3342,0.2327,-0.0002,0.2772,-0.3701,-0.0813,-0.0135,0.9966
69.5530,129.18,32.1558,0.8933,2.4602,0.7732,355.3348,0.2272,-0.0023,0.4618,-0.3623,-0.0813,-0.0135,0.9966
69.5730,129.18,32.1558,0.9027,2.4531,0.7681,355.3355,0.2212,-0.0035,0.4713,-0.3576,-0.0813,-0.0134,0.9966
69.5930,129.18,32.1557,0.9156,2.4461,0.7563,355.3366,0.2146,-0.0054,0.6426,-0.3503,-0.0813,-0.0132,0.9966
69.6130,129.18,32.1555,0.9288,2.4391,0.7412,355.3378,0.2077,-0.0065,0.6593,-0.3456,-0.0813,-0.0129,0.9966
69.6330,129.18,32.1554,0.9413,2.4323,0.7242,355.3390,0.2002,-0.0073,0.6246,-0.3421,-0.0813,-0.0126,0.9966
69.6530,129.18,32.1552,0.9540,2.4255,0.7044,355.3402,0.1925,-0.0083,0.6384,-0.3377,-0.0812,-0.0123,0.9966
69.6730,129.18,32.1550,0.9662,2.4189,0.6831,355.3415,0.1843,-0.0090,0.6069,-0.3343,-0.0812,-0.0119,0.9966
69.6930,129.18,32.1548,0.9785,2.4123,0.6592,355.3427,0.1758,-0.0099,0.6182,-0.3302,-0.0812,-0.0115,0.9966
69.7130,129.18,32.1546,0.9903,2.4057,0.6339,355.3440,0.1670,-0.0106,0.5893,-0.3269,-0.0812,-0.0111,0.9966
69.7330,129.18,32.1544,1.0023,2.3993,0.6065,355.3453,0.1579,-0.0114,0.5984,-0.3232,-0.0811,-0.0106,0.9966
69.7530,129.18,32.1542,1.0137,2.3929,0.5778,355.3466,0.1485,-0.0120,0.5721,-0.3200,-0.0811,-0.0101,0.9967
69.7730,129.18,32.1539,1.0253,2.3865,0.5471,355.3478,0.1388,-0.0127,0.5792,-0.3166,-0.0811,-0.0095,0.9967
69.7930,129.18,32.1536,1.0364,2.3803,0.5154,355.3491,0.1290,-0.0132,0.5550,-0.3136,-0.0811,-0.0090,0.9967
69.8130,129.18,32.1534,1.0476,2.3740,0.4821,355.3503,0.1189,-0.0138,0.5605,-0.3104,-0.0811,-0.0084,0.9967
69.8330,129.18,32.1531,1.0584,2.3679,0.4478,355.3515,0.1086,-0.0142,0.5383,-0.3077,-0.0810,-0.0078,0.9967
69.8530,129.18,32.1528,1.0692,2.3618,0.4121,355.3527,0.0982,-0.0147,0.5423,-0.3048,-0.0810,-0.0072,0.9967
69.8730,129.18,32.1525,1.0797,2.3557,0.3756,355.3538,0.0877,-0.0151,0.5218,-0.3024,-0.0810,-0.0066,0.9967
69.8930,129.18,32.1522,1.0902,2.3497,0.3380,355.3549,0.0770,-0.0154,0.5245,-0.2998,-0.0810,-0.0059,0.9967
69.9130,129.18,32.1519,1.1003,2.3438,0.2997,355.3560,0.0662,-0.0157,0.5056,-0.2976,-0.0810,-0.0052,0.9967
69.9330,129.18,32.1516,1.1104,2.3379,0.2605,355.3570,0.0553,-0.0160,0.5072,-0.2953,-0.0809,-0.0045,0.9967
69.9530,129.18,32.1512,1.1202,2.3320,0.2208,355.3580,0.0443,-0.0162,0.4897,-0.2933,-0.0809,-0.0039,0.9967
69.9730,129.18,32.1509,1.1300,2.3262,0.1803,355.3589,0.0333,-0.0163,0.4903,-0.2913,-0.0809,-0.0031,0.9967
69.9930,129.18,32.1506,1.1395,2.3204,0.1395,355.3598,0.0222,-0.0164,0.4740,-0.2896,-0.0809,-0.0024,0.9967
70.0130,129.18,32.1502,1.1490,2.3146,0.0980,355.3606,0.0111,-0.0165,0.4738,-0.2880,-0.0809,-0.0017,0.9967
70.0330,129.18,32.1499,1.1582,2.3089,0.0564,355.3614,0.0000,-0.0165,0.4587,-0.2866,-0.0809,-0.0010,0.9967
70.0530,129.18,32.1496,1.1673,2.3032,0.0142,355.3621,359.9889,-0.0164,0.4577,-0.2852,-0.0809,-0.0002,0.9967
70.0730,129.18,32.1493,1.1762,2.2975,359.9720,355.3627,359.9778,-0.0163,0.4436,-0.2840,-0.0808,0.0005,0.9967
70.0930,129.18,32.1489,1.1850,2.2919,359.9295,355.3633,359.9667,-0.0162,0.4421,-0.2830,-0.0808,0.0012,0.9967
70.1130,129.18,32.1486,1.1936,2.2862,359.8871,355.3638,359.9557,-0.0160,0.4289,-0.2821,-0.0808,0.0020,0.9967
70.1330,129.18,32.1483,1.2021,2.2806,359.8445,355.3642,359.9447,-0.0158,0.4268,-0.2813,-0.0808,0.0027,0.9967
70.1530,129.18,32.1480,1.2104,2.2750,359.8020,355.3646,359.9338,-0.0155,0.4144,-0.2808,-0.0808,0.0035,0.9967
70.1730,129.18,32.1477,1.2187,2.2694,359.7595,355.3649,359.9230,-0.0152,0.4119,-0.2803,-0.0808,0.0042,0.9967
70.1930,129.18,32.1474,1.2267,2.2638,359.7172,355.3651,359.9122,-0.0148,0.4003,-0.2800,-0.0808,0.0049,0.9967
70.2130,129.18,32.1471,1.2346,2.2582,359.6750,355.3653,359.9016,-0.0144,0.3973,-0.2798,-0.0808,0.0057,0.9967
70.2330,129.18,32.1468,1.2423,2.2526,359.6331,355.3654,359.8911,-0.0139,0.3864,-0.2797,-0.0808,0.0064,0.9967
70.2530,129.18,32.1466,1.2500,2.2470,359.5914,355.3654,359.8806,-0.0134,0.3831,-0.2798,-0.0808,0.0071,0.9967
70.2730,129.18,32.1463,1.2575,2.2414,359.5501,355.3653,359.8703,-0.0129,0.3728,-0.2800,-0.0808,0.0079,0.9967
70.2930,129.18,32.1461,1.2648,2.2358,359.5091,355.3652,359.8601,-0.0123,0.3693,-0.2804,-0.0808,0.0086,0.9967
70.3130,129.18,32.1458,1.2720,2.2302,359.4686,355.3650,359.8501,-0.0116,0.3596,-0.2809,-0.0808,0.0093,0.9967
70.3330,129.18,32.1456,1.2792,2.2245,359.4285,355.3647,359.8402,-0.0110,0.3558,-0.2815,-0.0808,0.0100,0.9967
70.3530,129.18,32.1454,1.2861,2.2189,359.3889,355.3644,359.8305,-0.0102,0.3466,-0.2822,-0.0808,0.0107,0.9967
70.3730,129.18,32.1452,1.2929,2.2132,359.3498,355.3640,359.8209,-0.0095,0.3426,-0.2831,-0.0808,0.0113,0.9967
70.3930,129.18,32.1450,1.2996,2.2075,359.3114,355.3635,359.8115,-0.0087,0.3339,-0.2841,-0.0808,0.0120,0.9967
70.4130,129.18,32.1449,1.3062,2.2018,359.2734,355.3630,359.8023,-0.0079,0.3297,-0.2852,-0.0808,0.0127,0.9966
70.4330,129.18,32.1447,1.3126,2.1961,359.2361,355.3624,359.7932,-0.0070,0.3214,-0.2864,-0.0808,0.0133,0.9966
70.4530,129.35,32.1446,1.3190,2.1904,359.1994,355.3617,359.7844,-0.0061,0.3172,-0.2878,-0.0809,0.0140,0.9966
70.4730,129.35,32.1445,1.3252,2.1846,359.1635,355.3609,359.7757,-0.0052,0.3093,-0.2892,-0.0809,0.0146,0.9966
70.4930,129.35,32.1444,1.3313,2.1788,359.1282,355.3601,359.7672,-0.0042,0.3050,-0.2908,-0.0809,0.0152,0.9966
70.5130,129.35,32.1444,1.3372,2.1729,359.0937,355.3592,359.7590,-0.0032,0.2974,-0.2924,-0.0809,0.0158,0.9966
70.5330,129.35,32.1443,1.3431,2.1670,359.0598,355.3582,359.7509,-0.0022,0.2931,-0.2942,-0.0809,0.0164,0.9966
70.5530,129.35,32.1443,1.3488,2.1611,359.0268,355.3572,359.7430,-0.0011,0.2859,-0.2961,-0.0809,0.0170,0.9966
70.5730,129.35,32.1443,1.3544,2.1551,358.9945,355.3562,359.7354,0.0000,0.2815,-0.2980,-0.0809,0.0175,0.9966
70.5930,129.35,32.1443,1.3599,2.1491,358.9631,355.3550,359.7279,0.0011,0.2746,-0.3001,-0.0810,0.0181,0.9966
70.6130,129.35,32.1444,1.3653,2.1431,358.9325,355.3539,359.7207,0.0023,0.2701,-0.3022,-0.0810,0.0186,0.9965
70.6330,129.35,32.1444,1.3706,2.1370,358.9027,355.3526,359.7137,0.0034,0.2635,-0.3045,-0.0810,0.0192,0.9965
70.6530,129.35,32.1445,1.3758,2.1309,358.8738,355.3513,359.7069,0.0046,0.2591,-0.3068,-0.0810,0.0197,0.9965
70.6730,129.35,32.1446,1.3808,2.1247,358.8457,355.3499,359.7003,0.0059,0.2528,-0.3092,-0.0811,0.0201,0.9965
70.6930,129.35,32.1448,1.3858,2.1185,358.8185,355.3485,359.6940,0.0071,0.2484,-0.3117,-0.0811,0.0206,0.9965
70.7130,129.35,32.1450,1.3906,2.1122,358.7922,355.3470,359.6878,0.0084,0.2423,-0.3142,-0.0811,0.0211,0.9965
70.7330,129.35,32.1452,1.3954,2.1058,358.7668,355.3456,359.6819,0.0097,0.2379,-0.3169,-0.0811,0.0215,0.9965
70.7530,129.35,32.1454,1.4000,2.0994,358.7423,355.3440,359.6762,0.0110,0.2321,-0.3196,-0.0812,0.0219,0.9965
70.7730,129.35,32.1456,1.4046,2.0930,358.7187,355.3424,359.6708,0.0123,0.2277,-0.3224,-0.0812,0.0224,0.9964
70.7930,129.35,32.1459,1.4128,2.0864,358.6904,355.3412,359.6652,0.0149,0.4126,-0.3281,-0.0812,0.0229,0.9964
70.8130,129.35,32.1462,1.4213,2.0798,358.6618,355.3400,359.6598,0.0164,0.4233,-0.3312,-0.0812,0.0234,0.9964
70.8330,129.35,32.1466,1.4332,2.0731,358.6291,355.3391,359.6543,0.0190,0.5948,-0.3371,-0.0812,0.0239,0.9964
70.8530,129.35,32.1470,1.4455,2.0663,358.5961,355.3383,359.6490,0.0206,0.6128,-0.3405,-0.0812,0.0245,0.9964
70.8730,129.35,32.1475,1.4570,2.0594,358.5653,355.3374,359.6441,0.0218,0.5787,-0.3432,-0.0813,0.0250,0.9964
70.8930,129.35,32.1479,1.4689,2.0525,358.5347,355.3364,359.6395,0.0234,0.5937,-0.3467,-0.0813,0.0256,0.9964
70.9130,129.35,32.1484,1.4802,2.0455,358.5061,355.3353,359.6353,0.0247,0.5629,-0.3496,-0.0813,0.0261,0.9963
70.9330,129.35,32.1490,1.4917,2.0384,358.4778,355.3343,359.6314,0.0264,0.5751,-0.3533,-0.0813,0.0266,0.9963
70.9530,129.35,32.1495,1.5026,2.0313,358.4515,355.3330,359.6279,0.0277,0.5472,-0.3564,-0.0813,0.0270,0.9963
70.9730,129.35,32.1501,1.5138,2.0241,358.4256,355.3318,359.6246,0.0293,0.5571,-0.3602,-0.0814,0.0275,0.9963
70.9930,129.35,32.1507,1.5244,2.0168,358.4014,355.3305,359.6217,0.0307,0.5318,-0.3635,-0.0814,0.0279,0.9963
71.0130,129.35,32.1514,1.5352,2.0095,358.3778,355.3292,359.6190,0.0323,0.5395,-0.3674,-0.0814,0.0283,0.9963
71.0330,129.35,32.1520,1.5455,2.0020,358.3559,355.3278,359.6167,0.0337,0.5165,-0.3708,-0.0814,0.0287,0.9963
71.0530,129.35,32.1527,1.5560,1.9945,358.3346,355.3264,359.6146,0.0354,0.5225,-0.3748,-0.0814,0.0291,0.9963
71.0730,129.35,32.1535,1.5660,1.9870,358.3149,355.3249,359.6128,0.0368,0.5015,-0.3783,-0.0815,0.0294,0.9962
71.0930,129.35,32.1543,1.5761,1.9793,358.2959,355.3234,359.6113,0.0384,0.5059,-0.3823,-0.0815,0.0297,0.9962
71.1130,129.35,32.1551,1.5858,1.9716,358.2784,355.3218,359.6100,0.0399,0.4867,-0.3860,-0.0815,0.0300,0.9962
71.1330,129.35,32.1559,1.5956,1.9638,358.2617,355.3202,359.6090,0.0415,0.4897,-0.3901,-0.0816,0.0303,0.9962
71.1530,129.35,32.1567,1.6051,1.9559,358.2464,355.3185,359.6083,0.0430,0.4722,-0.3938,-0.0816,0.0306,0.9962
71.1730,129.35,32.1576,1.6146,1.9480,358.2318,355.3168,359.6078,0.0446,0.4740,-0.3980,-0.0816,0.0309,0.9962
71.1930,129.35,32.1586,1.6237,1.9399,358.2187,355.3151,359.6076,0.0461,0.4579,-0.4018,-0.0816,0.0311,0.9962
71.2130,129.35,32.1595,1.6329,1.9318,358.2063,355.3134,359.6076,0.0477,0.4588,-0.4060,-0.0817,0.0313,0.9962
71.2330,129.35,32.1605,1.6418,1.9236,358.1953,355.3116,359.6078,0.0491,0.4439,-0.4099,-0.0817,0.0315,0.9962
71.2530,129.35,32.1615,1.6507,1.9153,358.1850,355.3098,359.6083,0.0507,0.4439,-0.4141,-0.0817,0.0317,0.9962
71.2730,129.35,32.1626,1.6593,1.9070,358.1761,355.3080,359.6090,0.0522,0.4302,-0.4181,-0.0818,0.0318,0.9961
71.2930,129.35,32.1636,1.6678,1.8985,358.1679,355.3061,359.6099,0.0537,0.4294,-0.4223,-0.0818,0.0320,0.9961
71.3130,129.35,32.1647,1.6762,1.8900,358.1610,355.3043,359.6110,0.0552,0.4167,-0.4263,-0.0818,0.0321,0.9961
71.3330,129.35,32.1659,1.6845,1.8814,358.1549,355.3024,359.6123,0.0568,0.4153,-0.4305,-0.0819,0.0322,0.9961
71.3530,129.35,32.1670,1.6926,1.8727,358.1501,355.3005,359.6138,0.0582,0.4035,-0.4345,-0.0819,0.0323,0.9961
71.3730,129.35,32.1682,1.7006,1.8639,358.1459,355.2986,359.6154,0.0597,0.4016,-0.4387,-0.0819,0.0324,0.9961
71.3930,129.35,32.1695,1.7084,1.8551,358.1430,355.2967,359.6173,0.0612,0.3906,-0.4427,-0.0820,0.0324,0.9961
71.4130,129.35,32.1707,1.7162,1.8461,358.1409,355.2948,359.6194,0.0627,0.3882,-0.4469,-0.0820,0.0324,0.9961
71.4330,129.35,32.1720,1.7237,1.8371,358.1398,355.2928,359.6216,0.0641,0.3779,-0.4509,-0.0820,0.0325,0.9961
71.4530,126.71,32.1733,1.7312,1.8280,358.1396,355.2910,359.6240,0.0655,0.3752,-0.4551,-0.0821,0.0325,0.9961
71.4730,126.71,32.1746,1.7385,1.8188,358.1404,355.2890,359.6266,0.0669,0.3656,-0.4591,-0.0821,0.0325,0.9961
71.4930,126.71,32.1760,1.7458,1.8096,358.1419,355.2871,359.6292,0.0684,0.3625,-0.4632,-0.0821,0.0324,0.9961
71.5130,126.71,32.1774,1.7529,1.8002,358.1445,355.2852,359.6321,0.0697,0.3535,-0.4671,-0.0822,0.0324,0.9961
71.5330,126.71,32.1788,1.7599,1.7908,358.1479,355.2833,359.6351,0.0711,0.3501,-0.4712,-0.0822,0.0323,0.9961
71.5530,126.71,32.1803,1.7667,1.7813,358.1522,355.2814,359.6382,0.0725,0.3416,-0.4751,-0.0822,0.0322,0.9961
71.5730,126.71,32.1817,1.7735,1.7717,358.1572,355.2795,359.6415,0.0738,0.3381,-0.4791,-0.0823,0.0322,0.9961
71.5930,126.71,32.1832,1.7801,1.7621,358.1632,355.2777,359.6449,0.0752,0.3300,-0.4830,-0.0823,0.0321,0.9961
71.6130,126.71,32.1848,1.7866,1.7523,358.1699,355.2758,359.6484,0.0765,0.3263,-0.4869,-0.0823,0.0319,0.9961
71.6330,126.71,32.1863,1.7930,1.7425,358.1774,355.2740,359.6521,0.0778,0.3187,-0.4907,-0.0823,0.0318,0.9961
71.6530,126.71,32.1879,1.7993,1.7326,358.1857,355.2722,359.6558,0.0790,0.3149,-0.4945,-0.0824,0.0317,0.9961
71.6730,126.71,32.1895,1.8054,1.7227,358.1948,355.2704,359.6597,0.0803,0.3077,-0.4982,-0.0824,0.0315,0.9961
71.6930,126.71,32.1911,1.8115,1.7126,358.2045,355.2686,359.6637,0.0815,0.3038,-0.5020,-0.0824,0.0313,0.9961
71.7130,126.71,32.1928,1.8174,1.7025,358.2151,355.2669,359.6677,0.0827,0.2969,-0.5056,-0.0825,0.0311,0.9961
71.7330,126.71,32.1945,1.8233,1.6923,358.2263,355.2652,359.6719,0.0839,0.2929,-0.5093,-0.0825,0.0310,0.9961
71.7530,126.71,32.1961,1.8306,1.6820,358.2365,355.2594,359.6479,0.0798,0.3679,-0.5154,-0.0826,0.0308,0.9961
71.7730,126.71,32.1976,1.8385,1.6716,358.2491,355.2487,359.5907,0.0744,0.3914,-0.5208,-0.0828,0.0306,0.9961
71.7930,126.71,32.1990,1.8474,1.6611,358.2617,355.2342,359.5060,0.0706,0.4473,-0.5264,-0.0830,0.0303,0.9961
71.8130,126.71,32.2003,1.8570,1.6504,358.2758,355.2159,359.3925,0.0667,0.4812,-0.5316,-0.0834,0.0301,0.9961
71.8330,126.71,32.2016,1.8676,1.6397,358.2903,355.1945,359.2536,0.0641,0.5284,-0.5368,-0.0837,0.0298,0.9960
71.8530,126.71,32.2028,1.8789,1.6289,358.3058,355.1701,359.0893,0.0620,0.5660,-0.5417,-0.0842,0.0296,0.9960
71.8730,126.71,32.2041,1.8911,1.6179,358.3220,355.1431,358.9017,0.0611,0.6090,-0.5466,-0.0846,0.0293,0.9960
71.8930,126.71,32.2053,1.9041,1.6069,358.3389,355.1138,358.6916,0.0609,0.6475,-0.5512,-0.0851,0.0290,0.9959
71.9130,126.71,32.2066,1.9159,1.5959,358.3579,355.0871,358.4928,0.0664,0.5944,-0.5529,-0.0856,0.0287,0.9959
71.9330,126.71,32.2081,1.9285,1.5847,358.3752,355.0634,358.3055,0.0747,0.6268,-0.5558,-0.0860,0.0284,0.9959
71.9530,126.71,32.2097,1.9401,1.5736,358.3940,355.0422,358.1307,0.0814,0.5797,-0.5573,-0.0864,0.0280,0.9959
71.9730,126.71,32.2115,1.9522,1.5624,358.4113,355.0238,357.9668,0.0907,0.6068,-0.5600,-0.0867,0.0277,0.9958
71.9930,126.71,32.2135,1.9635,1.5512,358.4300,355.0076,357.8146,0.0982,0.5651,-0.5614,-0.0870,0.0274,0.9958
72.0130,126.71,32.2157,1.9753,1.5399,358.4474,354.9938,357.6726,0.1082,0.5875,-0.5637,-0.0872,0.0271,0.9958
72.0330,126.71,32.2180,1.9863,1.5286,358.4659,354.9819,357.5416,0.1164,0.5504,-0.5650,-0.0874,0.0268,0.9958
72.0530,126.71,32.2205,1.9977,1.5173,358.4834,354.9720,357.4201,0.1270,0.5688,-0.5670,-0.0876,0.0265,0.9958
72.0730,126.71,32.2232,2.0084,1.5059,358.5018,354.9639,357.3090,0.1358,0.5359,-0.5682,-0.0878,0.0261,0.9958
72.0930,126.71,32.2262,2.0194,1.4945,358.5193,354.9575,357.2067,0.1468,0.5507,-0.5699,-0.0879,0.0258,0.9958
72.1130,126.71,32.2293,2.0298,1.4831,358.5376,354.9525,357.1140,0.1561,0.5214,-0.5711,-0.0880,0.0255,0.9958
72.1330,126.71,32.2327,2.0405,1.4716,358.5551,354.9491,357.0297,0.1675,0.5332,-0.5726,-0.0880,0.0252,0.9958
72.1530,126.71,32.2362,2.0506,1.4601,358.5734,354.9469,356.9543,0.1772,0.5071,-0.5736,-0.0881,0.0249,0.9958
72.1730,126.71,32.2400,2.0609,1.4486,358.5909,354.9460,356.8866,0.1887,0.5163,-0.5749,-0.0881,0.0246,0.9958
72.1930,126.71,32.2439,2.0708,1.4371,358.6091,354.9461,356.8273,0.1987,0.4930,-0.5758,-0.0881,0.0243,0.9958
72.2130,126.71,32.2482,2.0808,1.4256,358.6266,354.9473,356.7752,0.2103,0.4999,-0.5770,-0.0880,0.0240,0.9958
72.2330,126.71,32.2525,2.0920,1.4140,358.6432,354.9451,356.6987,0.2185,0.5590,-0.5797,-0.0881,0.0237,0.9958
72.2530,126.71,32.2570,2.1037,1.4023,358.6615,354.9384,356.5941,0.2242,0.5849,-0.5822,-0.0882,0.0234,0.9958
72.2730,126.71,32.2617,2.1163,1.3907,358.6798,354.9286,356.4654,0.2325,0.6333,-0.5846,-0.0884,0.0230,0.9958
72.2930,126.71,32.2665,2.1296,1.3789,358.6992,354.9152,356.3121,0.2401,0.6647,-0.5869,-0.0886,0.0227,0.9958
72.3130,126.71,32.2715,2.1438,1.3671,358.7190,354.8990,356.1367,0.2496,0.7071,-0.5890,-0.0889,0.0224,0.9958
72.3330,126.71,32.2766,2.1586,1.3553,358.7397,354.8801,355.9396,0.2591,0.7406,-0.5909,-0.0892,0.0220,0.9958
72.3530,126.71,32.2820,2.1742,1.3435,358.7608,354.8587,355.7224,0.2701,0.7795,-0.5926,-0.0896,0.0216,0.9957
72.3730,126.71,32.2877,2.1905,1.3316,358.7827,354.8351,355.4860,0.2816,0.8134,-0.5941,-0.0900,0.0212,0.9957
72.3930,126.71,32.2936,2.2075,1.3197,358.8051,354.8095,355.2317,0.2945,0.8494,-0.5954,-0.0904,0.0209,0.9957
72.4130,126.71,32.2997,2.2251,1.3078,358.8282,354.7821,354.9604,0.3083,0.8823,-0.5965,-0.0909,0.0205,0.9956
72.4330,126.71,32.3062,2.2434,1.2958,358.8517,354.7532,354.6736,0.3233,0.9154,-0.5973,-0.0914,0.0200,0.9956
72.4530,126.43,32.3130,2.2606,1.2839,358.8768,354.7279,354.4102,0.3393,0.8600,-0.5963,-0.0919,0.0196,0.9956
72.4730,126.43,32.3202,2.2783,1.2720,358.9000,354.7068,354.1672,0.3631,0.8864,-0.5954,-0.0922,0.0192,0.9956
72.4930,126.43,32.3279,2.2951,1.2601,358.9244,354.6890,353.9478,0.3809,0.8390,-0.5941,-0.0925,0.0188,0.9955
72.5130,126.43,32.3360,2.3123,1.2482,358.9471,354.6748,353.7475,0.4052,0.8586,-0.5928,-0.0928,0.0184,0.9955
72.5330,126.43,32.3445,2.3287,1.2364,358.9707,354.6636,353.5689,0.4242,0.8181,-0.5914,-0.0930,0.0180,0.9955
72.5530,126.43,32.3534,2.3453,1.2246,358.9928,354.6554,353.4082,0.4488,0.8318,-0.5898,-0.0931,0.0176,0.9955
72.5730,126.43,32.3628,2.3613,1.2128,359.0155,354.6498,353.2675,0.4687,0.7972,-0.5882,-0.0932,0.0172,0.9955
72.5930,126.43,32.3727,2.3774,1.2011,359.0370,354.6468,353.1434,0.4933,0.8062,-0.5864,-0.0933,0.0168,0.9955
72.6130,126.43,32.3830,2.3929,1.1894,359.0588,354.6459,353.0377,0.5140,0.7764,-0.5847,-0.0933,0.0164,0.9955
72.6330,126.43,32.3937,2.4085,1.1778,359.0795,354.6472,352.9474,0.5385,0.7816,-0.5827,-0.0933,0.0161,0.9955
72.6530,126.43,32.4049,2.4237,1.1662,359.1004,354.6504,352.8741,0.5597,0.7560,-0.5808,-0.0932,0.0157,0.9955
72.6730,126.43,32.4166,2.4388,1.1546,359.1204,354.6553,352.8152,0.5840,0.7580,-0.5787,-0.0931,0.0154,0.9955
72.6930,126.43,32.4287,2.4535,1.1430,359.1403,354.6618,352.7717,0.6055,0.7359,-0.5767,-0.0930,0.0150,0.9956
72.7130,126.43,32.4413,2.4694,1.1315,359.1579,354.6661,352.7103,0.6303,0.7948,-0.5751,-0.0929,0.0147,0.9956
72.7330,126.43,32.4543,2.4854,1.1201,359.1770,354.6659,352.6229,0.6468,0.8001,-0.5743,-0.0930,0.0144,0.9956
72.7530,126.43,32.4676,2.5023,1.1086,359.1949,354.6633,352.5168,0.6697,0.8420,-0.5728,-0.0930,0.0141,0.9956
72.7730,126.43,32.4814,2.5194,1.0972,359.2132,354.6573,352.3892,0.6888,0.8561,-0.5715,-0.0931,0.0137,0.9956
72.7930,126.43,32.4956,2.5372,1.0858,359.2307,354.6492,352.2443,0.7115,0.8887,-0.5697,-0.0932,0.0134,0.9956
72.8130,126.43,32.5103,2.5553,1.0744,359.2483,354.6386,352.0812,0.7326,0.9065,-0.5681,-0.0934,0.0131,0.9955
72.8330,126.43,32.5254,2.5740,1.0631,359.2654,354.6262,351.9026,0.7559,0.9335,-0.5661,-0.0936,0.0128,0.9955
72.8530,126.43,32.5410,2.5930,1.0518,359.2822,354.6118,351.7085,0.7788,0.9522,-0.5641,-0.0939,0.0125,0.9955
72.8730,126.43,32.5570,2.6112,1.0406,359.2999,354.6003,351.5391,0.8019,0.9112,-0.5613,-0.0941,0.0122,0.9955
72.8930,126.43,32.5737,2.6297,1.0294,359.3162,354.5922,351.3909,0.8327,0.9243,-0.5579,-0.0942,0.0119,0.9955
72.9130,126.43,32.5908,2.6476,1.0183,359.3328,354.5868,351.2668,0.8575,0.8912,-0.5548,-0.0943,0.0116,0.9955
72.9330,126.43,32.6086,2.6655,1.0073,359.3482,354.5843,351.1627,0.8878,0.8981,-0.5514,-0.0944,0.0114,0.9955
72.9530,126.43,32.6269,2.6829,0.9963,359.3638,354.5841,351.0805,0.9135,0.8711,-0.5482,-0.0944,0.0111,0.9955
72.9730,126.43,32.6457,2.7004,0.9854,359.3784,354.5862,351.0168,0.9431,0.8735,-0.5446,-0.0943,0.0108,0.9955
72.9930,126.43,32.6651,2.7174,0.9746,359.3928,354.5904,350.9731,0.9693,0.8511,-0.5413,-0.0943,0.0106,0.9955
73.0130,126.43,32.6851,2.7344,0.9639,359.4063,354.5965,350.9466,0.9983,0.8502,-0.5378,-0.0942,0.0104,0.9955
73.0330,126.43,32.7056,2.7511,0.9532,359.4197,354.6043,350.9383,1.0246,0.8315,-0.5344,-0.0940,0.0101,0.9955
73.0530,126.43,32.7266,2.7676,0.9426,359.4322,354.6136,350.9459,1.0528,0.8282,-0.5308,-0.0939,0.0099,0.9955
73.0730,126.43,32.7482,2.7839,0.9320,359.4444,354.6243,350.9699,1.0790,0.8123,-0.5274,-0.0937,0.0097,0.9956
73.0930,126.43,32.7703,2.8000,0.9215,359.4558,354.6362,351.0087,1.1063,0.8075,-0.5239,-0.0935,0.0095,0.9956
73.1130,126.43,32.7930,2.8159,0.9111,359.4668,354.6492,351.0624,1.1321,0.7937,-0.5205,-0.0932,0.0093,0.9956
73.1330,126.43,32.8161,2.8317,0.9008,359.4771,354.6632,351.1295,1.1585,0.7878,-0.5170,-0.0930,0.0091,0.9956
73.1530,126.43,32.8398,2.8472,0.8905,359.4870,354.6779,351.2102,1.1836,0.7756,-0.5137,-0.0928,0.0090,0.9956
73.1730,126.43,32.8640,2.8625,0.8803,359.4963,354.6934,351.3031,1.2089,0.7691,-0.5103,-0.0925,0.0088,0.9957
73.1930,126.43,32.8887,2.8777,0.8702,359.5051,354.7094,351.4082,1.2332,0.7581,-0.5070,-0.0922,0.0086,0.9957
73.2130,126.43,32.9138,2.8927,0.8601,359.5133,354.7260,351.5244,1.2574,0.7512,-0.5037,-0.0919,0.0085,0.9957
73.2330,126.43,32.9394,2.9076,0.8501,359.5210,354.7429,351.6516,1.2806,0.7413,-0.5004,-0.0916,0.0084,0.9958
73.2530,126.43,32.9655,2.9222,0.8401,359.5282,354.7601,351.7887,1.3036,0.7342,-0.4972,-0.0913,0.0082,0.9958
73.2730,126.43,32.9920,2.9367,0.8303,359.5349,354.7775,351.9356,1.3257,0.7250,-0.4941,-0.0910,0.0081,0.9958
73.2930,126.43,33.0190,2.9511,0.8204,359.5411,354.7950,352.0915,1.3474,0.7179,-0.4910,-0.0907,0.0080,0.9958
73.3130,126.43,33.0463,2.9653,0.8107,359.5469,354.8126,352.2560,1.3682,0.7093,-0.4880,-0.0904,0.0079,0.9959
73.3330,126.43,33.0741,2.9793,0.8010,359.5522,354.8301,352.4285,1.3884,0.7022,-0.4850,-0.0901,0.0078,0.9959
73.3530,126.43,33.1022,2.9932,0.7913,359.5572,354.8476,352.6086,1.4079,0.6941,-0.4822,-0.0898,0.0077,0.9959
73.3730,126.43,33.1308,3.0070,0.7817,359.5617,354.8649,352.7956,1.4267,0.6871,-0.4793,-0.0895,0.0076,0.9960
73.3930,126.43,33.1597,3.0205,0.7722,359.5659,354.8820,352.9893,1.4446,0.6794,-0.4766,-0.0892,0.0076,0.9960
73.4130,126.43,33.1889,3.0340,0.7627,359.5697,354.8989,353.1891,1.4619,0.6725,-0.4739,-0.0889,0.0075,0.9960
73.4330,126.43,33.2187,3.0488,0.7533,359.5697,354.9185,353.4108,1.4907,0.7407,-0.4700,-0.0886,0.0075,0.9960
73.4530,127.10,33.2490,3.0642,0.7440,359.5667,354.9409,353.6581,1.5149,0.7715,-0.4663,-0.0882,0.0076,0.9961
73.4730,127.10,33.2798,3.0806,0.7347,359.5603,354.9655,353.9271,1.5392,0.8200,-0.4628,-0.0878,0.0077,0.9961
73.4930,127.10,33.3110,3.0978,0.7256,359.5509,354.9922,354.2178,1.5613,0.8591,-0.4596,-0.0873,0.0078,0.9962
73.5130,127.10,33.3427,3.1159,0.7164,359.5385,355.0206,354.5284,1.5823,0.9022,-0.4565,-0.0868,0.0081,0.9962
73.5330,127.10,33.3747,3.1347,0.7073,359.5234,355.0504,354.8580,1.6015,0.9427,-0.4537,-0.0863,0.0083,0.9962
73.5530,127.10,33.4071,3.1544,0.6983,359.5055,355.0814,355.2053,1.6191,0.9839,-0.4511,-0.0857,0.0086,0.9963
73.5730,127.10,33.4398,3.1749,0.6893,359.4851,355.1133,355.5693,1.6350,1.0241,-0.4488,-0.0852,0.0090,0.9963
73.5930,127.10,33.4728,3.1962,0.6804,359.4624,355.1459,355.9489,1.6491,1.0641,-0.4468,-0.0846,0.0094,0.9964
73.6130,127.10,33.5060,3.2183,0.6715,359.4373,355.1790,356.3431,1.6615,1.1035,-0.4451,-0.0840,0.0098,0.9964
73.6330,127.10,33.5394,3.2411,0.6626,359.4102,355.2123,356.7511,1.6721,1.1426,-0.4437,-0.0835,0.0103,0.9965
73.6530,127.10,33.5731,3.2648,0.6538,359.3812,355.2458,357.1718,1.6808,1.1811,-0.4426,-0.0829,0.0108,0.9965
73.6730,127.10,33.6068,3.2891,0.6449,359.3504,355.2792,357.6043,1.6876,1.2191,-0.4418,-0.0823,0.0113,0.9965
73.6930,127.10,33.6407,3.3143,0.6361,359.3179,355.3125,358.0480,1.6925,1.2566,-0.4413,-0.0817,0.0119,0.9966
73.7130,127.10,33.6746,3.3402,0.6273,359.2840,355.3454,358.5018,1.6955,1.2935,-0.4411,-0.0811,0.0125,0.9966
73.7330,127.10,33.7084,3.3648,0.6185,359.2536,355.3752,358.9467,1.6902,1.2314,-0.4416,-0.0806,0.0130,0.9967
73.7530,127.10,33.7421,3.3899,0.6096,359.2230,355.4015,359.3757,1.6840,1.2567,-0.4426,-0.0802,0.0136,0.9967
73.7730,127.10,33.7756,3.4140,0.6007,359.1956,355.4248,359.7932,1.6764,1.2026,-0.4433,-0.0798,0.0140,0.9967
73.7930,127.10,33.8089,3.4384,0.5919,359.1684,355.4452,0.1956,1.6673,1.2207,-0.4447,-0.0794,0.0145,0.9967
73.8130,127.10,33.8421,3.4619,0.5829,359.1439,355.4629,0.5862,1.6578,1.1728,-0.4457,-0.0791,0.0149,0.9968
73.8330,127.10,33.8750,3.4856,0.5740,359.1199,355.4779,0.9623,1.6462,1.1853,-0.4474,-0.0788,0.0154,0.9968
73.8530,127.10,33.9077,3.5084,0.5650,359.0984,355.4907,1.3266,1.6348,1.1424,-0.4487,-0.0786,0.0157,0.9968
73.8730,127.10,33.9401,3.5315,0.5560,359.0775,355.5013,1.6771,1.6210,1.1505,-0.4506,-0.0784,0.0161,0.9968
73.8930,127.10,33.9723,3.5537,0.5470,359.0589,355.5099,2.0158,1.6079,1.1116,-0.4522,-0.0783,0.0164,0.9968
73.9130,127.10,34.0041,3.5760,0.5379,359.0410,355.5165,2.3414,1.5922,1.1162,-0.4543,-0.0782,0.0167,0.9968
73.9330,127.10,34.0357,3.5976,0.5287,359.0252,355.5216,2.6553,1.5774,1.0806,-0.4561,-0.0781,0.0170,0.9968
73.9530,127.10,34.0669,3.6193,0.5196,359.0102,355.5250,2.9567,1.5599,1.0823,-0.4585,-0.0780,0.0173,0.9968
73.9730,127.10,34.0977,3.6403,0.5104,358.9972,355.5271,3.2466,1.5436,1.0495,-0.4605,-0.0780,0.0175,0.9968
73.9930,127.10,34.1282,3.6613,0.5011,358.9848,355.5278,3.5245,1.5246,1.0488,-0.4630,-0.0780,0.0177,0.9968
74.0130,127.10,34.1584,3.6816,0.4918,358.9744,355.5274,3.7913,1.5068,1.0184,-0.4651,-0.0780,0.0179,0.9968
74.0330,127.10,34.1881,3.7020,0.4825,358.9647,355.5259,4.0466,1.4865,1.0157,-0.4678,-0.0780,0.0181,0.9968
74.0530,127.10,34.2174,3.7235,0.4730,358.9528,355.5264,4.3147,1.4662,1.0759,-0.4710,-0.0780,0.0183,0.9968
74.0730,127.10,34.2464,3.7454,0.4636,358.9400,355.5293,4.5996,1.4485,1.0973,-0.4736,-0.0779,0.0185,0.9968
74.0930,127.10,34.2749,3.7683,0.4540,358.9256,355.5341,4.8974,1.4273,1.1416,-0.4769,-0.0779,0.0188,0.9968
74.1130,127.10,34.3031,3.7917,0.4444,358.9102,355.5408,5.2092,1.4064,1.1706,-0.4800,-0.0777,0.0190,0.9968
74.1330,127.10,34.3307,3.8158,0.4347,358.8936,355.5493,5.5328,1.3832,1.2081,-0.4835,-0.0776,0.0193,0.9968
74.1530,127.10,34.3579,3.8406,0.4250,358.8763,355.5593,5.8683,1.3595,1.2391,-0.4871,-0.0774,0.0196,0.9968
74.1730,127.10,34.3846,3.8661,0.4152,358.8581,355.5708,6.2145,1.3340,1.2731,-0.4909,-0.0772,0.0199,0.9968
74.1930,127.10,34.4107,3.8922,0.4053,358.8392,355.5837,6.5709,1.3075,1.3040,-0.4948,-0.0770,0.0203,0.9968
74.2130,127.10,34.4364,3.9169,0.3953,358.8246,355.5945,6.9071,1.2845,1.2371,-0.4974,-0.0768,0.0205,0.9968
74.2330,127.10,34.4614,3.9422,0.3853,358.8101,355.6029,7.2230,1.2500,1.2611,-0.5020,-0.0767,0.0208,0.9968
74.2530,127.10,34.4859,3.9662,0.3752,358.7993,355.6094,7.5179,1.2248,1.2007,-0.5049,-0.0765,0.0210,0.9968
74.2730,127.10,34.5097,3.9906,0.3650,358.7887,355.6138,7.7938,1.1894,1.2189,-0.5095,-0.0765,0.0211,0.9968
74.2930,127.10,34.5330,4.0138,0.3548,358.7813,355.6166,8.0497,1.1627,1.1644,-0.5125,-0.0764,0.0213,0.9968
74.3130,127.10,34.5555,4.0374,0.3444,358.7742,355.6177,8.2877,1.1265,1.1776,-0.5171,-0.0764,0.0214,0.9968
74.3330,127.10,34.5775,4.0600,0.3340,358.7698,355.6176,8.5069,1.0984,1.1284,-0.5203,-0.0764,0.0215,0.9968
74.3530,127.10,34.5987,4.0827,0.3235,358.7657,355.6161,8.7093,1.0618,1.1371,-0.5249,-0.0764,0.0215,0.9968
74.3730,127.10,34.6194,4.1046,0.3130,358.7642,355.6136,8.8939,1.0325,1.0927,-0.5282,-0.0765,0.0216,0.9968
74.3930,127.10,34.6393,4.1265,0.3023,358.7628,355.6100,9.0629,0.9956,1.0975,-0.5328,-0.0765,0.0216,0.9968
74.4130,127.10,34.6586,4.1477,0.2916,358.7635,355.6057,9.2152,0.9653,1.0574,-0.5362,-0.0766,0.0216,0.9968
74.4330,127.10,34.6771,4.1688,0.2808,358.7646,355.6006,9.3528,0.9284,1.0589,-0.5407,-0.0767,0.0216,0.9968
74.4530,125.80,34.6951,4.1893,0.2699,358.7675,355.5950,9.4747,0.8972,1.0226,-0.5442,-0.0768,0.0215,0.9968
74.4730,125.80,34.7121,4.2113,0.2589,358.7673,355.5918,9.6098,0.8532,1.0999,-0.5503,-0.0768,0.0215,0.9968
74.4930,125.80,34.7286,4.2332,0.2478,358.7673,355.5931,9.7673,0.8240,1.0971,-0.5542,-0.0768,0.0215,0.9968
74.5130,125.80,34.7443,4.2563,0.2366,358.7653,355.5969,9.9390,0.7830,1.1511,-0.5598,-0.0768,0.0215,0.9968
74.5330,125.80,34.7593,4.2795,0.2253,358.7630,355.6044,10.1294,0.7498,1.1627,-0.5642,-0.0766,0.0216,0.9968
74.5530,125.80,34.7735,4.3036,0.2139,358.7594,355.6143,10.3334,0.7097,1.2035,-0.5695,-0.0765,0.0217,0.9968
74.5730,125.80,34.7869,4.3280,0.2024,358.7554,355.6272,10.5530,0.6734,1.2221,-0.5743,-0.0762,0.0217,0.9969
74.5930,125.80,34.7996,4.3531,0.1908,358.7506,355.6423,10.7851,0.6333,1.2540,-0.5796,-0.0760,0.0218,0.9969
74.6130,125.80,34.8115,4.3786,0.1791,358.7455,355.6598,11.0300,0.5946,1.2744,-0.5846,-0.0757,0.0219,0.9969
74.6330,125.80,34.8227,4.4030,0.1674,358.7439,355.6753,11.2491,0.5620,1.2172,-0.5881,-0.0754,0.0219,0.9969
74.6530,125.80,34.8331,4.4276,0.1555,358.7426,355.6882,11.4462,0.5159,1.2304,-0.5934,-0.0752,0.0219,0.9969
74.6730,125.80,34.8427,4.4512,0.1436,358.7442,355.6990,11.6178,0.4809,1.1818,-0.5971,-0.0750,0.0219,0.9969
74.6930,125.80,34.8514,4.4750,0.1315,358.7462,355.7078,11.7688,0.4356,1.1880,-0.6022,-0.0748,0.0219,0.9970
74.7130,125.80,34.8594,4.4979,0.1194,358.7506,355.7149,11.8964,0.3991,1.1466,-0.6060,-0.0747,0.0218,0.9970
74.7330,125.80,34.8665,4.5208,0.1072,358.7553,355.7203,12.0046,0.3546,1.1472,-0.6109,-0.0746,0.0217,0.9970
74.7530,125.80,34.8728,4.5431,0.0949,358.7621,355.7242,12.0915,0.3171,1.1117,-0.6148,-0.0745,0.0216,0.9970
74.7730,125.80,34.8783,4.5652,0.0825,358.7692,355.7268,12.1603,0.2734,1.1081,-0.6195,-0.0745,0.0215,0.9970
74.7930,125.80,34.8830,4.5868,0.0700,358.7779,355.7282,12.2095,0.2352,1.0773,-0.6235,-0.0745,0.0213,0.9970
74.8130,125.80,34.8868,4.6082,0.0575,358.7870,355.7285,12.2419,0.1924,1.0705,-0.6280,-0.0745,0.0212,0.9970
74.8330,125.80,34.8899,4.6291,0.0448,358.7973,355.7279,12.2564,0.1538,1.0435,-0.6319,-0.0745,0.0210,0.9970
74.8530,125.80,34.8921,4.6498,0.0321,358.8080,355.7264,12.2552,0.1120,1.0345,-0.6363,-0.0745,0.0208,0.9970
74.8730,125.80,34.8936,4.6700,0.0193,358.8197,355.7242,12.2376,0.0734,1.0106,-0.6401,-0.0745,0.0206,0.9970
74.8930,125.80,34.8943,4.6900,0.0064,358.8318,355.7214,12.2056,0.0325,1.0000,-0.6443,-0.0746,0.0204,0.9970
74.9130,125.80,34.8941,4.7095,-0.0065,358.8446,355.7180,12.1586,-0.0058,0.9785,-0.6481,-0.0746,0.0202,0.9970
74.9330,125.80,34.8932,4.7289,-0.0196,358.8578,355.7142,12.0982,-0.0456,0.9668,-0.6521,-0.0747,0.0199,0.9970
74.9530,125.80,34.8916,4.7478,-0.0327,358.8716,355.7101,12.0243,-0.0834,0.9473,-0.6558,-0.0748,0.0197,0.9970
74.9730,125.80,34.8891,4.7665,-0.0459,358.8856,355.7056,11.9380,-0.1221,0.9351,-0.6596,-0.0749,0.0194,0.9970
74.9930,125.80,34.8859,4.7849,-0.0592,358.9001,355.7010,11.8394,-0.1591,0.9172,-0.6632,-0.0749,0.0192,0.9970
75.0130,125.80,34.8820,4.8030,-0.0725,358.9149,355.6961,11.7296,-0.1966,0.9046,-0.6668,-0.0750,0.0189,0.9970
75.0330,125.80,34.8774,4.8207,-0.0859,358.9301,355.6912,11.6087,-0.2328,0.8880,-0.6703,-0.0751,0.0187,0.9970
75.0530,125.80,34.8720,4.8382,-0.0994,358.9455,355.6862,11.4775,-0.2690,0.8753,-0.6737,-0.0752,0.0184,0.9970
75.0730,125.80,34.8658,4.8566,-0.1129,358.9579,355.6847,11.3692,-0.3086,0.9173,-0.6779,-0.0752,0.0182,0.9970
75.0930,125.80,34.8590,4.8750,-0.1265,358.9690,355.6877,11.2884,-0.3391,0.9213,-0.6810,-0.0752,0.0180,0.9970
75.1130,125.80,34.8515,4.8941,-0.1402,358.9778,355.6940,11.2303,-0.3759,0.9537,-0.6847,-0.0751,0.0178,0.9970
75.1330,125.80,34.8434,4.9133,-0.1540,358.9854,355.7041,11.1962,-0.4074,0.9632,-0.6879,-0.0749,0.0177,0.9970
75.1530,125.80,34.8345,4.9331,-0.1678,358.9912,355.7171,11.1829,-0.4428,0.9894,-0.6915,-0.0747,0.0176,0.9971
75.1730,125.80,34.8250,4.9532,-0.1817,358.9961,355.7331,11.1907,-0.4751,1.0016,-0.6947,-0.0744,0.0175,0.9971
75.1930,125.80,34.8148,4.9736,-0.1957,358.9995,355.7517,11.2173,-0.5098,1.0236,-0.6982,-0.0741,0.0175,0.9971
75.2130,125.80,34.8040,4.9932,-0.2097,359.0055,355.7684,11.2231,-0.5397,0.9784,-0.7007,-0.0738,0.0174,0.9971
75.2330,125.80,34.7924,5.0130,-0.2238,359.0111,355.7832,11.2130,-0.5800,0.9919,-0.7043,-0.0735,0.0173,0.9971
75.2530,125.80,34.7802,5.0322,-0.2379,359.0187,355.7962,11.1830,-0.6114,0.9569,-0.7070,-0.0733,0.0171,0.9972
75.2730,125.80,34.7672,5.0514,-0.2521,359.0262,355.8074,11.1380,-0.6495,0.9627,-0.7103,-0.0731,0.0170,0.9972
75.2930,125.80,34.7536,5.0701,-0.2664,359.0351,355.8172,11.0755,-0.6813,0.9350,-0.7129,-0.0729,0.0168,0.9972
75.3130,125.80,34.7392,5.0888,-0.2807,359.0440,355.8255,10.9990,-0.7175,0.9355,-0.7160,-0.0728,0.0167,0.9972
75.3330,125.80,34.7242,5.1071,-0.2951,359.0539,355.8326,10.9070,-0.7492,0.9130,-0.7186,-0.0727,0.0165,0.9972
75.3530,125.80,34.7086,5.1253,-0.3095,359.0639,355.8384,10.8020,-0.7837,0.9100,-0.7214,-0.0726,0.0163,0.9972
75.3730,125.80,34.6923,5.1431,-0.3240,359.0748,355.8431,10.6832,-0.8149,0.8913,-0.7239,-0.0725,0.0161,0.9972
75.3930,125.80,34.6753,5.1608,-0.3385,359.0857,355.8468,10.5526,-0.8477,0.8861,-0.7265,-0.0724,0.0160,0.9972
75.4130,125.80,34.6577,5.1782,-0.3531,359.0972,355.8496,10.4096,-0.8781,0.8700,-0.7289,-0.0724,0.0158,0.9973
75.4330,125.80,34.6396,5.1955,-0.3677,359.1088,355.8516,10.2559,-0.9093,0.8634,-0.7313,-0.0723,0.0156,0.9973
75.4530,125.80,34.6208,5.2125,-0.3824,359.1208,355.8528,10.0913,-0.9386,0.8494,-0.7335,-0.0723,0.0153,0.9973
75.4730,128.14,34.6014,5.2293,-0.3971,359.1330,355.8534,9.9169,-0.9681,0.8418,-0.7357,-0.0723,0.0151,0.9973
75.4930,128.14,34.5815,5.2459,-0.4119,359.1455,355.8534,9.7329,-0.9961,0.8293,-0.7378,-0.0723,0.0149,0.9973
75.5130,128.14,34.5610,5.2624,-0.4267,359.1581,355.8528,9.5403,-1.0239,0.8213,-0.7398,-0.0723,0.0147,0.9973
75.5330,128.14,34.5400,5.2786,-0.4415,359.1709,355.8517,9.3391,-1.0504,0.8099,-0.7416,-0.0723,0.0145,0.9973
75.5530,128.14,34.5185,5.2946,-0.4564,359.1838,355.8502,9.1303,-1.0765,0.8016,-0.7434,-0.0724,0.0142,0.9973
75.5730,128.14,34.4965,5.3104,-0.4713,359.1969,355.8483,8.9141,-1.1015,0.7911,-0.7451,-0.0724,0.0140,0.9973
75.5930,128.14,34.4739,5.3261,-0.4862,359.2101,355.8460,8.6913,-1.1258,0.7828,-0.7467,-0.0724,0.0138,0.9973
75.6130,128.14,34.4510,5.3415,-0.5012,359.2234,355.8435,8.4620,-1.1491,0.7729,-0.7482,-0.0725,0.0136,0.9973
75.6330,128.14,34.4275,5.3568,-0.5162,359.2368,355.8407,8.2270,-1.1716,0.7646,-0.7495,-0.0725,0.0133,0.9973
75.6530,128.14,34.4037,5.3719,-0.5312,359.2502,355.8377,7.9866,-1.1931,0.7552,-0.7508,-0.0726,0.0131,0.9973
75.6730,128.14,34.3794,5.3869,-0.5462,359.2637,355.8345,7.7412,-1.2138,0.7470,-0.7520,-0.0726,0.0128,0.9973
75.6930,128.14,34.3547,5.4016,-0.5613,359.2773,355.8312,7.4914,-1.2335,0.7380,-0.7530,-0.0727,0.0126,0.9973
75.7130,128.14,34.3297,5.4162,-0.5764,359.2910,355.8277,7.2375,-1.2523,0.7299,-0.7540,-0.0728,0.0124,0.9973
75.7330,128.14,34.3043,5.4307,-0.5914,359.3046,355.8241,6.9799,-1.2701,0.7213,-0.7548,-0.0728,0.0121,0.9973
75.7530,128.14,34.2785,5.4449,-0.6066,359.3183,355.8204,6.7191,-1.2870,0.7133,-0.7556,-0.0729,0.0119,0.9973
75.7730,128.14,34.2525,5.4590,-0.6217,359.3321,355.8167,6.4553,-1.3029,0.7050,-0.7562,-0.0729,0.0117,0.9973
75.7930,128.14,34.2261,5.4730,-0.6368,359.3459,355.8128,6.1891,-1.3179,0.6971,-0.7567,-0.0730,0.0114,0.9973
75.8130,128.14,34.1993,5.4883,-0.6521,359.3795,355.8142,5.9248,-1.3391,0.7659,-0.7628,-0.0730,0.0108,0.9973
75.8330,128.14,34.1722,5.5041,-0.6675,359.4380,355.8207,5.6589,-1.3550,0.7902,-0.7689,-0.0729,0.0098,0.9973
75.8530,128.14,34.1448,5.5209,-0.6829,359.5170,355.8312,5.3941,-1.3719,0.8394,-0.7742,-0.0727,0.0084,0.9973
75.8730,128.14,34.1171,5.5384,-0.6985,359.6177,355.8451,5.1292,-1.3865,0.8735,-0.7790,-0.0725,0.0067,0.9973
75.8930,128.14,34.0890,5.5567,-0.7142,359.7380,355.8616,4.8652,-1.4006,0.9156,-0.7830,-0.0722,0.0046,0.9974
75.9130,128.14,34.0608,5.5757,-0.7299,359.8776,355.8800,4.6020,-1.4133,0.9522,-0.7862,-0.0718,0.0021,0.9974
75.9330,128.14,34.0323,5.5956,-0.7457,0.0355,355.8999,4.3398,-1.4250,0.9913,-0.7886,-0.0715,-0.0006,0.9974
75.9530,128.14,34.0036,5.6161,-0.7615,0.2108,355.9206,4.0787,-1.4355,1.0282,-0.7902,-0.0711,-0.0037,0.9975
75.9730,128.14,33.9747,5.6374,-0.7773,0.4028,355.9416,3.8191,-1.4450,1.0655,-0.7907,-0.0708,-0.0070,0.9975
75.9930,128.14,33.9456,5.6595,-0.7931,0.6105,355.9624,3.5609,-1.4535,1.1018,-0.7903,-0.0704,-0.0107,0.9975
76.0130,128.14,33.9164,5.6822,-0.8089,0.8333,355.9828,3.3045,-1.4609,1.1379,-0.7888,-0.0700,-0.0145,0.9974
76.0330,128.14,33.8870,5.7057,-0.8246,1.0704,356.0021,3.0499,-1.4673,1.1733,-0.7862,-0.0697,-0.0187,0.9974
76.0530,128.14,33.8576,5.7299,-0.8402,1.3210,356.0202,2.7972,-1.4727,1.2083,-0.7825,-0.0694,-0.0231,0.9973
76.0730,128.14,33.8280,5.7547,-0.8558,1.5843,356.0368,2.5467,-1.4772,1.2427,-0.7776,-0.0691,-0.0276,0.9972
76.0930,128.14,33.7984,5.7803,-0.8712,1.8598,356.0514,2.2984,-1.4807,1.2765,-0.7715,-0.0688,-0.0325,0.9971
76.1130,128.14,33.7688,5.8065,-0.8865,2.1466,356.0640,2.0524,-1.4832,1.3097,-0.7642,-0.0686,-0.0375,0.9969
76.1330,128.14,33.7391,5.8314,-0.9016,2.4188,356.0733,1.8048,-1.4824,1.2477,-0.7536,-0.0684,-0.0422,0.9968
76.1530,128.14,33.7095,5.8569,-0.9163,2.6735,356.0800,1.5611,-1.4829,1.2713,-0.7383,-0.0683,-0.0466,0.9966
76.1730,128.14,33.6798,5.8812,-0.9309,2.9122,356.0840,1.3174,-1.4811,1.2172,-0.7260,-0.0682,-0.0508,0.9964
76.1930,128.14,33.6502,5.9059,-0.9451,3.1345,356.0860,1.0776,-1.4798,1.2338,-0.7096,-0.0682,-0.0547,0.9962
76.2130,128.14,33.6207,5.9296,-0.9590,3.3415,356.0859,0.8388,-1.4768,1.1861,-0.6960,-0.0681,-0.0583,0.9960
76.2330,128.14,33.5912,5.9536,-0.9725,3.5330,356.0842,0.6040,-1.4738,1.1971,-0.6786,-0.0682,-0.0616,0.9958
76.2530,128.14,33.5618,5.9767,-0.9858,3.7101,356.0810,0.3709,-1.4697,1.1546,-0.6640,-0.0682,-0.0647,0.9956
76.2730,128.14,33.5325,5.9999,-0.9987,3.8727,356.0766,0.1420,-1.4651,1.1611,-0.6459,-0.0683,-0.0675,0.9954
76.2930,128.14,33.5033,6.0223,-1.0114,4.0215,356.0710,359.9154,-1.4599,1.1229,-0.6304,-0.0684,-0.0701,0.9952
76.3130,128.14,33.4743,6.0449,-1.0236,4.1569,356.0646,359.6930,-1.4539,1.1259,-0.6117,-0.0685,-0.0725,0.9950
76.3330,128.14,33.4453,6.0667,-1.0355,4.2793,356.0575,359.4734,-1.4475,1.0911,-0.5954,-0.0686,-0.0746,0.9949
76.3530,128.14,33.4165,6.0885,-1.0470,4.3890,356.0498,359.2581,-1.4401,1.0912,-0.5763,-0.0687,-0.0765,0.9947
76.3730,128.14,33.3878,6.1097,-1.0582,4.4866,356.0416,359.0461,-1.4326,1.0595,-0.5595,-0.0688,-0.0782,0.9946
76.3930,128.14,33.3594,6.1309,-1.0690,4.5725,356.0331,358.8384,-1.4240,1.0572,-0.5401,-0.0690,-0.0797,0.9944
76.4130,128.14,33.3311,6.1514,-1.0795,4.6470,356.0244,358.6342,-1.4153,1.0279,-0.5228,-0.0691,-0.0810,0.9943
76.4330,128.14,33.3030,6.1719,-1.0895,4.7105,356.0155,358.4344,-1.4055,1.0237,-0.5034,-0.0693,-0.0821,0.9942
76.4530,128.14,33.2750,6.1918,-1.0992,4.7634,356.0066,358.2385,-1.3958,0.9965,-0.4858,-0.0694,-0.0830,0.9941
76.4730,127.74,33.2473,6.2116,-1.1086,4.8062,355.9977,358.0470,-1.3849,0.9908,-0.4663,-0.0696,-0.0838,0.9941
76.4930,127.74,33.2199,6.2310,-1.1175,4.8392,355.9889,357.8594,-1.3741,0.9654,-0.4486,-0.0697,-0.0844,0.9940
76.5130,127.74,33.1926,6.2501,-1.1261,4.8628,355.9802,357.6764,-1.3621,0.9584,-0.4292,-0.0698,-0.0848,0.9939
76.5330,127.74,33.1656,6.2688,-1.1344,4.8772,355.9717,357.4975,-1.3503,0.9346,-0.4114,-0.0700,-0.0850,0.9939
76.5530,127.74,33.1389,6.2873,-1.1422,4.8830,355.9634,357.3231,-1.3374,0.9266,-0.3923,-0.0701,-0.0851,0.9939
76.5730,127.74,33.1124,6.3054,-1.1497,4.8804,355.9554,357.1530,-1.3246,0.9042,-0.3745,-0.0703,-0.0851,0.9939
76.5930,127.74,33.0862,6.3233,-1.1568,4.8699,355.9476,356.9874,-1.3108,0.8952,-0.3557,-0.0704,-0.0849,0.9939
76.6130,127.74,33.0602,6.3408,-1.1636,4.8516,355.9402,356.8261,-1.2971,0.8740,-0.3381,-0.0705,-0.0846,0.9939
76.6330,127.74,33.0346,6.3581,-1.1700,4.8260,355.9330,356.6694,-1.2824,0.8645,-0.3197,-0.0707,-0.0841,0.9939
76.6530,127.74,33.0092,6.3750,-1.1760,4.7933,355.9261,356.5170,-1.2679,0.8443,-0.3023,-0.0708,-0.0836,0.9940
76.6730,127.74,32.9842,6.3917,-1.1817,4.7540,355.9196,356.3692,-1.2524,0.8342,-0.2843,-0.0709,-0.0829,0.9940
76.6930,127.74,32.9594,6.4080,-1.1870,4.7083,355.9133,356.2257,-1.2371,0.8150,-0.2673,-0.0710,-0.0821,0.9941
76.7130,127.74,32.9350,6.4241,-1.1920,4.6565,355.9073,356.0868,-1.2209,0.8044,-0.2498,-0.0711,-0.0812,0.9942
76.7330,127.74,32.9109,6.4398,-1.1967,4.5989,355.9017,355.9522,-1.2048,0.7861,-0.2333,-0.0712,-0.0802,0.9942
76.7530,127.74,32.8871,6.4553,-1.2010,4.5357,355.8962,355.8221,-1.1879,0.7752,-0.2163,-0.0713,-0.0791,0.9943
76.7730,127.74,32.8637,6.4704,-1.2050,4.4674,355.8910,355.6964,-1.1711,0.7576,-0.2003,-0.0714,-0.0779,0.9944
76.7930,127.74,32.8406,6.4854,-1.2087,4.3941,355.8860,355.5752,-1.1535,0.7465,-0.1840,-0.0715,-0.0766,0.9945
76.8130,127.74,32.8179,6.5000,-1.2121,4.3162,355.8813,355.4582,-1.1361,0.7296,-0.1685,-0.0716,-0.0753,0.9946
76.8330,127.74,32.7956,6.5143,-1.2151,4.2338,355.8767,355.3456,-1.1180,0.7183,-0.1528,-0.0717,-0.0738,0.9947
76.8530,127.74,32.7736,6.5284,-1.2179,4.1472,355.8723,355.2374,-1.1000,0.7020,-0.1380,-0.0718,-0.0723,0.9948
76.8730,127.74,32.7519,6.5422,-1.2204,4.0568,355.8679,355.1334,-1.0813,0.6907,-0.1230,-0.0719,-0.0707,0.9949
76.8930,127.74,32.7307,6.5557,-1.2225,3.9627,355.8637,355.0337,-1.0628,0.6749,-0.1088,-0.0720,-0.0691,0.9950
76.9130,127.74,32.7098,6.5690,-1.2244,3.8651,355.8595,354.9382,-1.0437,0.6635,-0.0946,-0.0720,-0.0674,0.9951
76.9330,127.74,32.6893,6.5819,-1.2261,3.7644,355.8553,354.8469,-1.0246,0.6483,-0.0811,-0.0721,-0.0657,0.9952
76.9530,127.74,32.6692,6.5947,-1.2274,3.6607,355.8512,354.7598,-1.0051,0.6369,-0.0677,-0.0722,-0.0638,0.9953
76.9730,127.74,32.6495,6.6071,-1.2285,3.5542,355.8470,354.6768,-0.9856,0.6221,-0.0549,-0.0723,-0.0620,0.9955
76.9930,127.74,32.6302,6.6193,-1.2294,3.4452,355.8427,354.5978,-0.9657,0.6108,-0.0423,-0.0724,-0.0601,0.9956
77.0130,127.74,32.6113,6.6313,-1.2300,3.3338,355.8384,354.5229,-0.9459,0.5965,-0.0302,-0.0724,-0.0582,0.9957
77.0330,127.74,32.5928,6.6430,-1.2303,3.2203,355.8339,354.4519,-0.9256,0.5851,-0.0184,-0.0725,-0.0562,0.9958
77.0530,127.74,32.5747,6.6544,-1.2305,3.1049,355.8293,354.3849,-0.9054,0.5713,-0.0072,-0.0726,-0.0542,0.9959
77.0730,127.74,32.5570,6.6656,-1.2304,2.9877,355.8245,354.3218,-0.8849,0.5601,0.0038,-0.0727,-0.0521,0.9960
77.0930,127.74,32.5397,6.6765,-1.2301,2.8690,355.8195,354.2625,-0.8645,0.5466,0.0142,-0.0728,-0.0501,0.9961
77.1130,127.74,32.5228,6.6872,-1.2296,2.7488,355.8143,354.2071,-0.8437,0.5355,0.0244,-0.0729,-0.0480,0.9962
77.1330,127.74,32.5063,6.6977,-1.2289,2.6275,355.8088,354.1554,-0.8230,0.5224,0.0340,-0.0730,-0.0458,0.9963
77.1530,127.74,32.4903,6.7079,-1.2281,2.5051,355.8030,354.1074,-0.8021,0.5114,0.0433,-0.0731,-0.0437,0.9964
77.1730,127.74,32.4747,6.7179,-1.2270,2.3819,355.7969,354.0630,-0.7812,0.4987,0.0520,-0.0732,-0.0416,0.9964
77.1930,127.74,32.4595,6.7276,-1.2258,2.2579,355.7905,354.0222,-0.7601,0.4878,0.0605,-0.0733,-0.0394,0.9965
77.2130,127.74,32.4447,6.7372,-1.2245,2.1333,355.7838,353.9850,-0.7391,0.4755,0.0684,-0.0735,-0.0372,0.9966
77.2330,127.74,32.4303,6.7465,-1.2229,2.0083,355.7766,353.9513,-0.7179,0.4648,0.0760,-0.0736,-0.0350,0.9967
77.2530,127.74,32.4164,6.7555,-1.2213,1.8831,355.7691,353.9210,-0.6968,0.4528,0.0831,-0.0737,-0.0329,0.9967
77.2730,127.74,32.4029,6.7644,-1.2195,1.7577,355.7612,353.8941,-0.6755,0.4422,0.0899,-0.0739,-0.0307,0.9968
77.2930,127.74,32.3898,6.7730,-1.2176,1.6323,355.7529,353.8705,-0.6544,0.4305,0.0962,-0.0740,-0.0285,0.9968
77.3130,127.74,32.3771,6.7814,-1.2155,1.5070,355.7441,353.8502,-0.6331,0.4201,0.1021,-0.0742,-0.0263,0.9969
77.3330,127.74,32.3649,6.7895,-1.2134,1.3820,355.7350,353.8331,-0.6119,0.4088,0.1075,-0.0743,-0.0241,0.9969
77.3530,127.74,32.3531,6.7975,-1.2111,1.2573,355.7253,353.8191,-0.5906,0.3986,0.1126,-0.0745,-0.0219,0.9970
77.3730,127.74,32.3417,6.8053,-1.2088,1.1331,355.7152,353.8083,-0.5694,0.3875,0.1173,-0.0747,-0.0198,0.9970
77.3930,127.74,32.3307,6.8128,-1.2063,1.0095,355.7047,353.8004,-0.5482,0.3775,0.1215,-0.0749,-0.0176,0.9970
77.4130,127.74,32.3202,6.8201,-1.2038,0.8866,355.6937,353.7956,-0.5271,0.3667,0.1254,-0.0751,-0.0155,0.9971
77.4330,127.74,32.3101,6.8273,-1.2012,0.7645,355.6822,353.7937,-0.5060,0.3569,0.1288,-0.0753,-0.0133,0.9971
77.4530,127.74,32.3004,6.8342,-1.1986,0.6433,355.6703,353.7946,-0.4850,0.3465,0.1319,-0.0755,-0.0112,0.9971
77.4730,124.46,32.2911,6.8410,-1.1959,0.5231,355.6578,353.7984,-0.4639,0.3368,0.1345,-0.0757,-0.0091,0.9971
77.4930,124.46,32.2822,6.8475,-1.1932,0.4040,355.6449,353.8049,-0.4431,0.3267,0.1368,-0.0759,-0.0071,0.9971
77.5130,124.46,32.2738,6.8538,-1.1904,0.2860,355.6316,353.8141,-0.4222,0.3172,0.1387,-0.0762,-0.0050,0.9971
77.5330,124.46,32.2657,6.8600,-1.1876,0.1693,355.6178,353.8259,-0.4015,0.3073,0.1403,-0.0764,-0.0030,0.9971
77.5530,124.46,32.2581,6.8659,-1.1848,0.0539,355.6035,353.8403,-0.3808,0.2981,0.1414,-0.0767,-0.0009,0.9971
77.5730,124.46,32.2511,6.8734,-1.1820,359.9638,355.5796,353.8590,-0.3501,0.3751,0.1378,-0.0771,0.0006,0.9970
77.5930,124.46,32.2446,6.8814,-1.1794,359.9057,355.5447,353.8861,-0.3246,0.3959,0.1321,-0.0777,0.0016,0.9970
77.6130,124.46,32.2387,6.8904,-1.1768,359.8733,355.5011,353.9185,-0.2962,0.4522,0.1277,-0.0784,0.0022,0.9969
77.6330,124.46,32.2333,6.9001,-1.1744,359.8687,355.4488,353.9580,-0.2702,0.4846,0.1227,-0.0794,0.0023,0.9968
77.6530,124.46,32.2284,6.9107,-1.1720,359.8889,355.3891,354.0031,-0.2432,0.5316,0.1184,-0.0804,0.0019,0.9968
77.6730,124.46,32.2241,6.9221,-1.1697,359.9339,355.3225,354.0544,-0.2174,0.5683,0.1141,-0.0815,0.0012,0.9967
77.6930,124.46,32.2203,6.9343,-1.1675,0.0020,355.2501,354.1112,-0.1915,0.6109,0.1105,-0.0828,0.0000,0.9966
77.7130,124.46,32.2169,6.9473,-1.1654,0.0927,355.1723,354.1738,-0.1664,0.6488,0.1073,-0.0842,-0.0016,0.9965
77.7330,124.46,32.2141,6.9611,-1.1633,0.2046,355.0900,354.2417,-0.1414,0.6889,0.1048,-0.0856,-0.0036,0.9963
77.7530,124.46,32.2118,6.9756,-1.1612,0.3370,355.0039,354.3148,-0.1171,0.7267,0.1028,-0.0871,-0.0059,0.9962
77.7730,124.46,32.2099,6.9909,-1.1592,0.4888,354.9145,354.3929,-0.0933,0.7652,0.1017,-0.0886,-0.0085,0.9960
77.7930,124.46,32.2085,7.0070,-1.1572,0.6592,354.8225,354.4759,-0.0700,0.8024,0.1013,-0.0902,-0.0115,0.9959
77.8130,124.46,32.2076,7.0238,-1.1551,0.8474,354.7285,354.5636,-0.0472,0.8396,0.1018,-0.0919,-0.0148,0.9957
77.8330,124.46,32.2071,7.0413,-1.1531,1.0524,354.6330,354.6557,-0.0250,0.8759,0.1031,-0.0935,-0.0184,0.9954
77.8530,124.46,32.2070,7.0595,-1.1509,1.2735,354.5365,354.7521,-0.0034,0.9119,0.1055,-0.0952,-0.0222,0.9952
77.8730,124.46,32.2073,7.0785,-1.1488,1.5099,354.4395,354.8527,0.0176,0.9472,0.1088,-0.0969,-0.0263,0.9949
77.8930,124.46,32.2081,7.0981,-1.1465,1.7607,354.3424,354.9573,0.0379,0.9821,0.1132,-0.0985,-0.0307,0.9947
77.9130,124.46,32.2093,7.1184,-1.1441,2.0253,354.2458,355.0658,0.0575,1.0164,0.1186,-0.1002,-0.0353,0.9943
77.9330,124.46,32.2108,7.1394,-1.1416,2.3029,354.1500,355.1779,0.0765,1.0501,0.1252,-0.1018,-0.0402,0.9940
77.9530,124.46,32.2127,7.1611,-1.1390,2.5928,354.0553,355.2936,0.0948,1.0833,0.1329,-0.1035,-0.0452,0.9936
77.9730,124.46,32.2149,7.1834,-1.1361,2.8943,353.9622,355.4128,0.1123,1.1158,0.1418,-0.1051,-0.0505,0.9932
77.9930,124.46,32.2175,7.2064,-1.1331,3.2068,353.8709,355.5352,0.1291,1.1478,0.1519,-0.1066,-0.0559,0.9927
78.0130,124.46,32.2204,7.2300,-1.1298,3.5297,353.7818,355.6608,0.1452,1.1792,0.1633,-0.1081,-0.0616,0.9922
78.0330,124.46,32.2236,7.2542,-1.1263,3.8622,353.6951,355.7894,0.1605,1.2100,0.1758,-0.1096,-0.0674,0.9917
78.0530,124.46,32.2271,7.2790,-1.1225,4.2039,353.6111,355.9209,0.1750,1.2401,0.1897,-0.1110,-0.0733,0.9911
78.0730,124.46,32.2309,7.3044,-1.1184,4.5541,353.5301,356.0553,0.1887,1.2696,0.2048,-0.1123,-0.0794,0.9905
78.0930,124.46,32.2349,7.3304,-1.1140,4.9122,353.4522,356.1924,0.2016,1.2985,0.2212,-0.1136,-0.0856,0.9898
78.1130,124.46,32.2392,7.3569,-1.1092,5.2777,353.3777,356.3319,0.2137,1.3263,0.2388,-0.1148,-0.0920,0.9891
78.1330,124.46,32.2437,7.3840,-1.1040,5.6498,353.3069,356.4739,0.2249,1.3528,0.2578,-0.1160,-0.0984,0.9884
78.1530,124.46,32.2484,7.4115,-1.0985,6.0277,353.2399,356.6179,0.2351,1.3781,0.2780,-0.1171,-0.1050,0.9876
78.1730,124.46,32.2533,7.4396,-1.0925,6.4106,353.1770,356.7638,0.2445,1.4020,0.2996,-0.1181,-0.1117,0.9867
78.1930,124.46,32.2584,7.4681,-1.0860,6.7978,353.1184,356.9113,0.2530,1.4247,0.3224,-0.1190,-0.1184,0.9858
78.2130,124.46,32.2636,7.4970,-1.0791,7.1887,353.0643,357.0603,0.2606,1.4461,0.3464,-0.1198,-0.1251,0.9849
78.2330,124.46,32.2689,7.5263,-1.0717,7.5825,353.0148,357.2105,0.2673,1.4662,0.3718,-0.1206,-0.1320,0.9839
78.2530,124.46,32.2744,7.5560,-1.0637,7.9784,352.9700,357.3617,0.2731,1.4850,0.3983,-0.1212,-0.1388,0.9829
78.2730,124.46,32.2799,7.5861,-1.0552,8.3760,352.9300,357.5137,0.2780,1.5026,0.4261,-0.1218,-0.1457,0.9818
78.2930,124.46,32.2856,7.6165,-1.0461,8.7745,352.8950,357.6663,0.2821,1.5189,0.4551,-0.1222,-0.1525,0.9807
78.3130,124.46,32.2913,7.6472,-1.0364,9.1733,352.8651,357.8193,0.2853,1.5339,0.4853,-0.1226,-0.1594,0.9796
78.3330,124.46,32.2970,7.6781,-1.0260,9.5718,352.8401,357.9725,0.2877,1.5477,0.5166,-0.1229,-0.1663,0.9784
78.3530,124.46,32.3028,7.7093,-1.0151,9.9695,352.8204,358.1258,0.2893,1.5603,0.5491,-0.1231,-0.1731,0.9772
78.3730,124.46,32.3086,7.7408,-1.0034,10.3658,352.8058,358.2789,0.2900,1.5716,0.5827,-0.1232,-0.1799,0.9759
78.3930,124.46,32.3144,7.7724,-0.9910,10.7601,352.7963,358.4317,0.2899,1.5818,0.6174,-0.1232,-0.1867,0.9747
78.4130,124.46,32.3202,7.8042,-0.9780,11.1520,352.7920,358.5840,0.2891,1.5908,0.6531,-0.1231,-0.1934,0.9734
78.4330,124.46,32.3260,7.8362,-0.9642,11.5410,352.7928,358.7356,0.2875,1.5986,0.6899,-0.1229,-0.2001,0.9720
78.4530,124.46,32.3317,7.8683,-0.9496,11.9265,352.7987,358.8863,0.2851,1.6053,0.7277,-0.1226,-0.2067,0.9707
78.4730,126.48,32.3373,7.9006,-0.9343,12.3082,352.8097,359.0359,0.2821,1.6108,0.7664,-0.1223,-0.2132,0.9693
78.4930,126.48,32.3429,7.9329,-0.9182,12.6856,352.8257,359.1844,0.2783,1.6153,0.8062,-0.1218,-0.2196,0.9680
78.5130,126.48,32.3483,7.9652,-0.9012,13.0583,352.8465,359.3315,0.2738,1.6187,0.8468,-0.1213,-0.2259,0.9666
78.5330,126.48,32.3537,7.9977,-0.8835,13.4260,352.8722,359.4771,0.2687,1.6211,0.8884,-0.1207,-0.2322,0.9652
78.5530,126.48,32.3590,8.0301,-0.8648,13.7882,352.9026,359.6209,0.2629,1.6224,0.9308,-0.1200,-0.2383,0.9637
78.5730,126.48,32.3641,8.0626,-0.8454,14.1446,352.9377,359.7629,0.2565,1.6228,0.9741,-0.1192,-0.2444,0.9623
78.5930,126.48,32.3691,8.0950,-0.8250,14.4949,352.9772,359.9029,0.2495,1.6222,1.0182,-0.1184,-0.2503,0.9609
78.6130,126.48,32.3739,8.1275,-0.8037,14.8389,353.0211,0.0407,0.2419,1.6206,1.0631,-0.1175,-0.2561,0.9595
78.6330,126.48,32.3786,8.1598,-0.7816,15.1761,353.0692,0.1761,0.2338,1.6181,1.1088,-0.1165,-0.2618,0.9581
78.6530,126.48,32.3831,8.1921,-0.7585,15.5064,353.1214,0.3090,0.2251,1.6148,1.1551,-0.1154,-0.2673,0.9567
78.6730,126.48,32.3874,8.2243,-0.7344,15.8295,353.1775,0.4393,0.2160,1.6106,1.2022,-0.1143,-0.2728,0.9553
78.6930,126.48,32.3915,8.2565,-0.7094,16.1453,353.2374,0.5667,0.2064,1.6056,1.2500,-0.1131,-0.2781,0.9539
78.7130,126.48,32.3955,8.2885,-0.6834,16.4534,353.3009,0.6912,0.1963,1.5998,1.2984,-0.1119,-0.2832,0.9525
78.7330,126.48,32.3992,8.3203,-0.6565,16.7536,353.3677,0.8126,0.1857,1.5932,1.3474,-0.1106,-0.2883,0.9511
78.7530,126.48,32.4027,8.3520,-0.6285,17.0460,353.4378,0.9307,0.1748,1.5859,1.3971,-0.1093,-0.2931,0.9498
78.7730,126.48,32.4060,8.3836,-0.5996,17.3302,353.5109,1.0454,0.1635,1.5779,1.4472,-0.1079,-0.2979,0.9485
78.7930,126.48,32.4090,8.4150,-0.5696,17.6061,353.5868,1.1566,0.1518,1.5692,1.4980,-0.1065,-0.3025,0.9472
78.8130,126.48,32.4118,8.4462,-0.5387,17.8737,353.6653,1.2641,0.1398,1.5598,1.5492,-0.1050,-0.3069,0.9459
78.8330,126.48,32.4143,8.4772,-0.5066,18.1327,353.7463,1.3679,0.1275,1.5498,1.6010,-0.1035,-0.3112,0.9447
78.8530,126.48,32.4166,8.5080,-0.4736,18.3832,353.8295,1.4677,0.1149,1.5393,1.6531,-0.1020,-0.3154,0.9435
78.8730,126.48,32.4187,8.5385,-0.4395,18.6251,353.9146,1.5634,0.1021,1.5282,1.7058,-0.1005,-0.3194,0.9423
78.8930,126.48,32.4204,8.5689,-0.4043,18.8583,354.0016,1.6550,0.0890,1.5165,1.7588,-0.0989,-0.3232,0.9411
78.9130,126.48,32.4220,8.5990,-0.3680,19.0827,354.0901,1.7423,0.0757,1.5043,1.8122,-0.0973,-0.3269,0.9400
78.9330,126.48,32.4232,8.6288,-0.3307,19.2984,354.1799,1.8253,0.0622,1.4917,1.8660,-0.0957,-0.3305,0.9389
78.9530,126.48,32.4242,8.6584,-0.2923,19.5052,354.2709,1.9037,0.0485,1.4786,1.9201,-0.0941,-0.3339,0.9379
78.9730,126.48,32.4249,8.6877,-0.2528,19.7033,354.3627,1.9776,0.0347,1.4651,1.9745,-0.0925,-0.3371,0.9369
78.9930,126.48,32.4253,8.7167,-0.2122,19.8925,354.4553,2.0468,0.0208,1.4512,2.0291,-0.0909,-0.3403,0.9359
79.0130,126.48,32.4254,8.7454,-0.1706,20.0730,354.5483,2.1113,0.0068,1.4369,2.0841,-0.0892,-0.3432,0.9350
79.0330,126.48,32.4253,8.7739,-0.1278,20.2447,354.6415,2.1710,-0.0073,1.4223,2.1392,-0.0876,-0.3460,0.9341
79.0530,126.48,32.4248,8.8020,-0.0839,20.4077,354.7348,2.2258,-0.0215,1.4073,2.1946,-0.0860,-0.3487,0.9333
79.0730,126.48,32.4241,8.8299,-0.0389,20.5620,354.8280,2.2757,-0.0356,1.3921,2.2502,-0.0844,-0.3512,0.9325
79.0930,126.48,32.4231,8.8574,0.0072,20.7077,354.9207,2.3206,-0.0498,1.3765,2.3059,-0.0828,-0.3536,0.9317
79.1130,126.48,32.4219,8.8846,0.0545,20.8448,355.0128,2.3605,-0.0640,1.3608,2.3617,-0.0812,-0.3558,0.9310
79.1330,126.48,32.4203,8.9115,0.1028,20.9734,355.1042,2.3954,-0.0782,1.3448,2.4177,-0.0797,-0.3579,0.9303
79.1530,126.48,32.4184,8.9381,0.1523,21.0936,355.1945,2.4252,-0.0923,1.3286,2.4737,-0.0782,-0.3599,0.9297
79.1730,126.48,32.4163,8.9643,0.2029,21.2054,355.2838,2.4500,-0.1063,1.3122,2.5299,-0.0767,-0.3617,0.9291
79.1930,126.48,32.4139,8.9903,0.2546,21.3090,355.3716,2.4697,-0.1203,1.2956,2.5860,-0.0752,-0.3634,0.9286
79.2130,126.48,32.4112,9.0158,0.3075,21.4044,355.4579,2.4843,-0.1341,1.2789,2.6422,-0.0737,-0.3649,0.9281
79.2330,126.48,32.4083,9.0411,0.3614,21.4918,355.5424,2.4939,-0.1478,1.2621,2.6984,-0.0723,-0.3664,0.9277
79.2530,126.48,32.4050,9.0660,0.4165,21.5711,355.6251,2.4985,-0.1614,1.2451,2.7545,-0.0709,-0.3677,0.9273
79.2730,126.48,32.4016,9.0905,0.4727,21.6427,355.7057,2.4981,-0.1748,1.2281,2.8106,-0.0696,-0.3688,0.9269
79.2930,126.48,32.3978,9.1148,0.5301,21.7065,355.7841,2.4929,-0.1880,1.2110,2.8666,-0.0683,-0.3699,0.9266
79.3130,126.48,32.3938,9.1386,0.5885,21.7626,355.8602,2.4828,-0.2011,1.1938,2.9226,-0.0670,-0.3708,0.9263
79.3330,126.48,32.3895,9.1622,0.6481,21.8113,355.9339,2.4679,-0.2139,1.1766,2.9784,-0.0658,-0.3716,0.9261
79.3530,126.48,32.3850,9.1854,0.7088,21.8525,356.0049,2.4483,-0.2265,1.1594,3.0341,-0.0647,-0.3722,0.9259
79.3730,126.48,32.3802,9.2082,0.7706,21.8865,356.0732,2.4241,-0.2389,1.1422,3.0896,-0.0635,-0.3728,0.9257
79.3930,126.48,32.3752,9.2307,0.8335,21.9133,356.1386,2.3954,-0.2511,1.1250,3.1450,-0.0625,-0.3732,0.9256
79.4130,126.48,32.3699,9.2529,0.8975,21.9331,356.2011,2.3623,-0.2630,1.1078,3.2001,-0.0615,-0.3735,0.9256
79.4330,126.48,32.3644,9.2747,0.9626,21.9460,356.2607,2.3249,-0.2746,1.0906,3.2551,-0.0605,-0.3737,0.9256
79.4530,126.48,32.3587,9.2961,1.0288,21.9522,356.3170,2.2834,-0.2859,1.0735,3.3098,-0.0596,-0.3738,0.9256
79.4730,124.80,32.3528,9.3173,1.0961,21.9517,356.3702,2.2379,-0.2969,1.0565,3.3642,-0.0587,-0.3738,0.9256
79.4930,124.80,32.3466,9.3381,1.1644,21.9447,356.4202,2.1886,-0.3077,1.0395,3.4184,-0.0579,-0.3737,0.9257
79.5130,124.80,32.3402,9.3585,1.2339,21.9313,356.4668,2.1355,-0.3181,1.0226,3.4723,-0.0572,-0.3735,0.9259
79.5330,124.80,32.3337,9.3786,1.3044,21.9117,356.5101,2.0788,-0.3282,1.0057,3.5259,-0.0565,-0.3732,0.9260
79.5530,124.80,32.3269,9.3984,1.3760,21.8860,356.5500,2.0188,-0.3380,0.9890,3.5792,-0.0558,-0.3728,0.9262
79.5730,124.80,32.3200,9.4179,1.4486,21.8544,356.5865,1.9555,-0.3475,0.9724,3.6321,-0.0553,-0.3722,0.9265
79.5930,124.80,32.3128,9.4370,1.5223,21.8169,356.6196,1.8893,-0.3566,0.9559,3.6846,-0.0547,-0.3716,0.9268
79.6130,124.80,32.3055,9.4558,1.5970,21.7737,356.6492,1.8201,-0.3654,0.9396,3.7368,-0.0543,-0.3709,0.9271
79.6330,124.80,32.2980,9.4742,1.6728,21.7249,356.6754,1.7483,-0.3738,0.9234,3.7886,-0.0539,-0.3702,0.9274
79.6530,124.80,32.2904,9.4924,1.7496,21.6708,356.6982,1.6741,-0.3819,0.9073,3.8400,-0.0535,-0.3693,0.9278
79.6730,124.80,32.2826,9.5102,1.8274,21.6113,356.7175,1.5975,-0.3897,0.8913,3.8909,-0.0532,-0.3683,0.9282
79.6930,124.80,32.2747,9.5277,1.9063,21.5467,356.7335,1.5189,-0.3971,0.8756,3.9414,-0.0530,-0.3673,0.9286
79.7130,124.80,32.2666,9.5449,1.9861,21.4771,356.7461,1.4384,-0.4041,0.8599,3.9915,-0.0528,-0.3661,0.9291
79.7330,124.80,32.2584,9.5618,2.0669,21.4027,356.7554,1.3562,-0.4108,0.8445,4.0410,-0.0527,-0.3649,0.9295
79.7530,124.80,32.2500,9.5784,2.1487,21.3235,356.7614,1.2726,-0.4171,0.8292,4.0901,-0.0526,-0.3636,0.9301
79.7730,124.80,32.2416,9.5947,2.2315,21.2397,356.7642,1.1877,-0.4230,0.8141,4.1387,-0.0526,-0.3623,0.9306
79.7930,124.80,32.2330,9.6107,2.3152,21.1515,356.7639,1.1018,-0.4286,0.7992,4.1868,-0.0526,-0.3608,0.9311
79.8130,124.80,32.2243,9.6263,2.3999,21.0589,356.7604,1.0150,-0.4339,0.7845,4.2344,-0.0527,-0.3593,0.9317
79.8330,124.80,32.2155,9.6417,2.4855,20.9622,356.7540,0.9276,-0.4388,0.7699,4.2815,-0.0529,-0.3578,0.9323
79.8530,124.80,32.2067,9.6569,2.5721,20.8614,356.7447,0.8397,-0.4434,0.7556,4.3280,-0.0531,-0.3561,0.9329
79.8730,124.80,32.1977,9.6717,2.6596,20.7568,356.7325,0.7516,-0.4476,0.7414,4.3739,-0.0533,-0.3544,0.9336
79.8930,124.80,32.1887,9.6862,2.7480,20.6484,356.7175,0.6634,-0.4515,0.7275,4.4193,-0.0536,-0.3526,0.9342
79.9130,124.80,32.1796,9.7005,2.8372,20.5364,356.7000,0.5753,-0.4550,0.7137,4.4641,-0.0539,-0.3508,0.9349
79.9330,124.80,32.1704,9.7145,2.9274,20.4209,356.6798,0.4876,-0.4582,0.7002,4.5083,-0.0543,-0.3489,0.9356
79.9530,124.80,32.1612,9.7283,3.0185,20.3021,356.6572,0.4004,-0.4611,0.6868,4.5520,-0.0547,-0.3470,0.9363
79.9730,124.80,32.1519,9.7417,3.1104,20.1801,356.6323,0.3139,-0.4637,0.6737,4.5950,-0.0551,-0.3450,0.9370
79.9930,124.80,32.1426,9.7549,3.2031,20.0551,356.6051,0.2283,-0.4660,0.6608,4.6375,-0.0556,-0.3429,0.9377
80.0130,124.80,32.1333,9.7679,3.2967,19.9271,356.5758,0.1437,-0.4679,0.6481,4.6793,-0.0562,-0.3408,0.9384
80.0330,124.80,32.1239,9.7806,3.3911,19.7964,356.5444,0.0604,-0.4696,0.6356,4.7205,-0.0567,-0.3387,0.9392
80.0530,124.80,32.1144,9.7931,3.4863,19.6630,356.5112,359.9783,-0.4710,0.6233,4.7611,-0.0573,-0.3365,0.9399
80.0730,124.80,32.1050,9.8053,3.5823,19.5272,356.4762,359.8978,-0.4721,0.6112,4.8010,-0.0579,-0.3343,0.9407
80.0930,124.80,32.0955,9.8173,3.6792,19.3889,356.4395,359.8189,-0.4729,0.5993,4.8404,-0.0586,-0.3320,0.9415
80.1130,124.80,32.0860,9.8301,3.7773,19.2158,356.4044,359.7426,-0.4750,0.6411,4.9051,-0.0592,-0.3291,0.9424
80.1330,124.80,32.0765,9.8434,3.8765,19.0038,356.3716,359.6687,-0.4766,0.6621,4.9625,-0.0598,-0.3256,0.9436
80.1530,124.80,32.0670,9.8573,3.9769,18.7561,356.3410,359.5972,-0.4780,0.6954,5.0223,-0.0604,-0.3215,0.9450
80.1730,124.80,32.0574,9.8717,4.0785,18.4738,356.3127,359.5283,-0.4789,0.7214,5.0780,-0.0610,-0.3169,0.9465
80.1930,124.80,32.0478,9.8867,4.1812,18.1591,356.2867,359.4618,-0.4796,0.7516,5.1332,-0.0615,-0.3117,0.9482
80.2130,124.80,32.0382,9.9023,4.2849,17.8136,356.2627,359.3977,-0.4799,0.7793,5.1857,-0.0621,-0.3059,0.9500
80.2330,124.80,32.0286,9.9185,4.3896,17.4390,356.2409,359.3361,-0.4799,0.8085,5.2366,-0.0625,-0.2997,0.9520
80.2530,124.80,32.0190,9.9352,4.4953,17.0368,356.2212,359.2769,-0.4795,0.8368,5.2852,-0.0630,-0.2930,0.9540
80.2730,124.80,32.0094,9.9526,4.6020,16.6086,356.2035,359.2200,-0.4788,0.8656,5.3317,-0.0635,-0.2858,0.9562
80.2930,124.80,31.9999,9.9705,4.7095,16.1559,356.1877,359.1655,-0.4778,0.8941,5.3758,-0.0639,-0.2783,0.9584
80.3130,124.80,31.9903,9.9889,4.8178,15.6801,356.1736,359.1132,-0.4765,0.9227,5.4176,-0.0642,-0.2703,0.9606
80.3330,124.80,31.9808,10.0079,4.9270,15.1825,356.1614,359.0632,-0.4748,0.9511,5.4569,-0.0646,-0.2619,0.9629
80.3530,124.80,31.9714,10.0275,5.0369,14.6646,356.1508,359.0153,-0.4728,0.9795,5.4938,-0.0649,-0.2532,0.9652
80.3730,124.80,31.9620,10.0477,5.1474,14.1274,356.1418,358.9695,-0.4705,1.0078,5.5281,-0.0653,-0.2441,0.9676
80.3930,124.80,31.9526,10.0684,5.2586,13.5723,356.1342,358.9259,-0.4679,1.0360,5.5599,-0.0655,-0.2347,0.9699
80.4130,124.80,31.9433,10.0897,5.3704,13.0004,356.1280,358.8842,-0.4650,1.0641,5.5890,-0.0658,-0.2250,0.9721
80.4330,124.80,31.9341,10.1116,5.4827,12.4128,356.1230,358.8445,-0.4618,1.0919,5.6154,-0.0660,-0.2150,0.9744
80.4530,124.80,31.9249,10.1340,5.5955,11.8106,356.1193,358.8067,-0.4582,1.1196,5.6392,-0.0662,-0.2047,0.9766
80.4730,124.80,31.9158,10.1569,5.7087,11.1949,356.1166,358.7708,-0.4544,1.1471,5.6602,-0.0664,-0.1941,0.9787
80.4930,122.37,31.9068,10.1804,5.8223,10.5665,356.1150,358.7368,-0.4504,1.1743,5.6785,-0.0666,-0.1834,0.9808
80.5130,122.37,31.8979,10.2045,5.9362,9.9266,356.1143,358.7045,-0.4460,1.2012,5.6941,-0.0668,-0.1724,0.9828
80.5330,122.37,31.8891,10.2291,6.0503,9.2759,356.1143,358.6740,-0.4414,1.2278,5.7068,-0.0669,-0.1612,0.9847
80.5530,122.37,31.8803,10.2542,6.1646,8.6154,356.1152,358.6452,-0.4365,1.2540,5.7168,-0.0670,-0.1498,0.9864
80.5730,122.37,31.8717,10.2798,6.2791,7.9459,356.1167,358.6182,-0.4313,1.2799,5.7240,-0.0671,-0.1382,0.9881
80.5930,122.37,31.8632,10.3059,6.3937,7.2682,356.1188,358.5927,-0.4259,1.3053,5.7284,-0.0671,-0.1265,0.9897
80.6130,122.37,31.8548,10.3325,6.5083,6.5831,356.1214,358.5690,-0.4203,1.3303,5.7300,-0.0672,-0.1146,0.9911
80.6330,122.37,31.8465,10.3596,6.6229,5.8913,356.1245,358.5468,-0.4144,1.3548,5.7288,-0.0672,-0.1026,0.9924
80.6530,122.37,31.8383,10.3872,6.7374,5.1935,356.1279,358.5263,-0.4083,1.3787,5.7249,-0.0673,-0.0905,0.9936
80.6730,122.37,31.8303,10.4153,6.8517,4.4904,356.1317,358.5074,-0.4020,1.4021,5.7182,-0.0673,-0.0783,0.9947
80.6930,122.37,31.8224,10.4438,6.9659,3.7829,356.1357,358.4901,-0.3955,1.4240,5.7086,-0.0672,-0.0660,0.9956
80.7130,122.37,31.8146,10.4727,7.0799,3.0720,356.1398,358.4744,-0.3887,1.4448,5.6963,-0.0672,-0.0536,0.9963
80.7330,122.37,31.8070,10.5020,7.1935,2.3584,356.1439,358.4602,-0.3818,1.4642,5.6811,-0.0672,-0.0412,0.9969
80.7530,122.37,31.7995,10.5317,7.3067,1.6431,356.1480,358.4477,-0.3748,1.4823,5.6633,-0.0672,-0.0287,0.9973
80.7730,122.37,31.7921,10.5617,7.4196,0.9270,356.1519,358.4368,-0.3676,1.4990,5.6427,-0.0671,-0.0162,0.9976
80.7930,122.37,31.7849,10.5920,7.5320,0.2108,356.1556,358.4274,-0.3602,1.5144,5.6195,-0.0670,-0.0037,0.9977
80.8130,122.37,31.7779,10.6226,7.6439,359.4952,356.1590,358.4197,-0.3526,1.5284,5.5938,-0.0670,0.0088,0.9977
80.8330,122.37,31.7710,10.6534,7.7552,358.7812,356.1620,358.4136,-0.3450,1.5411,5.5655,-0.0669,0.0213,0.9975
80.8530,122.37,31.7642,10.6845,7.8659,358.0694,356.1646,358.4091,-0.3372,1.5523,5.5347,-0.0669,0.0337,0.9972
80.8730,122.37,31.7576,10.7157,7.9759,357.3604,356.1667,358.4063,-0.3293,1.5622,5.5016,-0.0668,0.0461,0.9967
80.8930,122.37,31.7512,10.7472,8.0852,356.6551,356.1682,358.4050,-0.3213,1.5707,5.4661,-0.0667,0.0583,0.9961
80.9130,122.37,31.7449,10.7787,8.1938,355.9540,356.1691,358.4053,-0.3133,1.5779,5.4283,-0.0666,0.0706,0.9953
80.9330,122.37,31.7388,10.8104,8.3016,355.2577,356.1693,358.4073,-0.3051,1.5836,5.3882,-0.0666,0.0827,0.9944
80.9530,122.37,31.7329,10.8422,8.4085,354.5669,356.1688,358.4109,-0.2969,1.5880,5.3461,-0.0665,0.0947,0.9933
80.9730,122.37,31.7271,10.8740,8.5145,353.8821,356.1674,358.4160,-0.2885,1.5911,5.3018,-0.0665,0.1066,0.9921
80.9930,122.37,31.7215,10.9059,8.6196,353.2039,356.1653,358.4228,-0.2802,1.5928,5.2555,-0.0664,0.1183,0.9908
81.0130,122.37,31.7161,10.9378,8.7238,352.5328,356.1623,358.4311,-0.2718,1.5932,5.2072,-0.0664,0.1300,0.9893
81.0330,122.37,31.7108,10.9697,8.8269,351.8694,356.1584,358.4410,-0.2633,1.5923,5.1570,-0.0663,0.1414,0.9877
81.0530,122.37,31.7057,11.0015,8.9290,351.2140,356.1535,358.4525,-0.2548,1.5902,5.1049,-0.0663,0.1527,0.9860
81.0730,122.37,31.7008,11.0332,9.0300,350.5671,356.1476,358.4655,-0.2463,1.5867,5.0511,-0.0663,0.1639,0.9842
81.0930,122.37,31.6961,11.0649,9.1299,349.9292,356.1407,358.4799,-0.2378,1.5821,4.9955,-0.0663,0.1749,0.9824
81.1130,122.37,31.6915,11.0964,9.2287,349.3007,356.1328,358.4959,-0.2292,1.5763,4.9382,-0.0663,0.1857,0.9804
81.1330,122.37,31.6871,11.1278,9.3263,348.6819,356.1239,358.5134,-0.2207,1.5692,4.8794,-0.0663,0.1963,0.9783
81.1530,122.37,31.6828,11.1591,9.4226,348.0732,356.1138,358.5323,-0.2121,1.5611,4.8190,-0.0663,0.2067,0.9762
81.1730,122.37,31.6787,11.1901,9.5178,347.4751,356.1026,358.5527,-0.2036,1.5518,4.7571,-0.0664,0.2169,0.9739
81.1930,122.37,31.6748,11.2210,9.6117,346.8877,356.0903,358.5744,-0.1950,1.5414,4.6937,-0.0664,0.2269,0.9717
81.2130,122.37,31.6711,11.2516,9.7042,346.3114,356.0769,358.5975,-0.1865,1.5299,4.6290,-0.0665,0.2366,0.9693
81.2330,122.37,31.6676,11.2819,9.7955,345.7465,356.0623,358.6220,-0.1779,1.5175,4.5630,-0.0666,0.2462,0.9669
81.2530,122.37,31.6642,11.3120,9.8854,345.1931,356.0466,358.6477,-0.1694,1.5040,4.4957,-0.0667,0.2556,0.9645
81.2730,122.37,31.6609,11.3418,9.9739,344.6517,356.0298,358.6747,-0.1610,1.4896,4.4272,-0.0668,0.2647,0.9620
81.2930,122.37,31.6579,11.3713,10.0611,344.1223,356.0117,358.7030,-0.1525,1.4742,4.3575,-0.0669,0.2736,0.9595
81.3130,122.37,31.6550,11.4005,10.1468,343.6053,355.9926,358.7324,-0.1441,1.4580,4.2866,-0.0670,0.2823,0.9570
81.3330,122.37,31.6523,11.4293,10.2311,343.1007,355.9722,358.7630,-0.1357,1.4409,4.2148,-0.0672,0.2907,0.9545
81.3530,122.37,31.6497,11.4578,10.3139,342.6088,355.9508,358.7946,-0.1274,1.4229,4.1419,-0.0674,0.2989,0.9519
81.3730,122.37,31.6474,11.4859,10.3953,342.1297,355.9282,358.8274,-0.1191,1.4042,4.0680,-0.0676,0.3069,0.9494
81.3930,122.37,31.6451,11.5136,10.4752,341.6635,355.9045,358.8611,-0.1109,1.3847,3.9932,-0.0678,0.3146,0.9468
81.4130,122.37,31.6431,11.5409,10.5535,341.2104,355.8798,358.8958,-0.1027,1.3645,3.9175,-0.0680,0.3221,0.9443
81.4330,122.37,31.6412,11.5678,10.6303,340.7705,355.8540,358.9315,-0.0945,1.3436,3.8410,-0.0683,0.3294,0.9417
81.4530,122.37,31.6395,11.5942,10.7056,340.3438,355.8272,358.9680,-0.0864,1.3220,3.7637,-0.0685,0.3364,0.9392
81.4730,122.37,31.6379,11.6202,10.7793,339.9305,355.7993,359.0052,-0.0784,1.2998,3.6856,-0.0688,0.3432,0.9368
81.4930,126.95,31.6365,11.6458,10.8515,339.5305,355.7705,359.0433,-0.0704,1.2770,3.6069,-0.0691,0.3497,0.9343
81.5130,126.95,31.6353,11.6708,10.9220,339.1440,355.7408,359.0821,-0.0624,1.2537,3.5274,-0.0694,0.3560,0.9319
81.5330,126.95,31.6342,11.6968,10.9902,338.8116,355.7053,359.1229,-0.0507,1.2988,3.4121,-0.0698,0.3614,0.9298
81.5530,126.95,31.6334,11.7230,11.0564,338.5367,355.6646,359.1665,-0.0404,1.3086,3.3085,-0.0704,0.3659,0.9280
81.5730,126.95,31.6328,11.7497,11.1204,338.3139,355.6191,359.2122,-0.0295,1.3360,3.1987,-0.0710,0.3695,0.9265
81.5930,126.95,31.6325,11.7768,11.1822,338.1424,355.5695,359.2597,-0.0192,1.3540,3.0922,-0.0717,0.3723,0.9253
81.6130,126.95,31.6323,11.8043,11.2419,338.0190,355.5161,359.3087,-0.0088,1.3765,2.9844,-0.0725,0.3743,0.9245
81.6330,126.95,31.6323,11.8323,11.2995,337.9418,355.4595,359.3589,0.0013,1.3966,2.8780,-0.0734,0.3755,0.9239
81.6530,126.95,31.6325,11.8606,11.3549,337.9086,355.4002,359.4099,0.0113,1.4178,2.7718,-0.0743,0.3761,0.9236
81.6730,126.95,31.6330,11.8894,11.4082,337.9173,355.3386,359.4616,0.0211,1.4385,2.6666,-0.0753,0.3759,0.9236
81.6930,126.95,31.6336,11.9186,11.4595,337.9659,355.2752,359.5135,0.0306,1.4595,2.5622,-0.0764,0.3752,0.9238
81.7130,126.95,31.6344,11.9482,11.5087,338.0523,355.2105,359.5656,0.0400,1.4804,2.4590,-0.0774,0.3738,0.9243
81.7330,126.95,31.6354,11.9782,11.5558,338.1749,355.1447,359.6175,0.0492,1.5015,2.3569,-0.0786,0.3718,0.9250
81.7530,126.95,31.6364,12.0068,11.6017,338.3122,355.0801,359.6684,0.0540,1.4311,2.2971,-0.0797,0.3695,0.9258
81.7730,126.95,31.6377,12.0356,11.6459,338.4524,355.0170,359.7171,0.0614,1.4381,2.2100,-0.0808,0.3673,0.9266
81.7930,126.95,31.6390,12.0632,11.6889,338.6028,354.9554,359.7644,0.0663,1.3794,2.1481,-0.0819,0.3648,0.9275
81.8130,126.95,31.6404,12.0907,11.7302,338.7563,354.8954,359.8097,0.0730,1.3778,2.0662,-0.0829,0.3623,0.9284
81.8330,126.95,31.6420,12.1173,11.7703,338.9181,354.8371,359.8534,0.0779,1.3279,2.0028,-0.0840,0.3597,0.9293
81.8530,126.95,31.6437,12.1437,11.8088,339.0832,354.7807,359.8952,0.0841,1.3202,1.9252,-0.0850,0.3570,0.9302
81.8730,126.95,31.6455,12.1692,11.8460,339.2554,354.7261,359.9354,0.0890,1.2771,1.8611,-0.0860,0.3542,0.9312
81.8930,126.95,31.6474,12.1946,11.8817,339.4308,354.6734,359.9737,0.0948,1.2651,1.7870,-0.0869,0.3513,0.9322
81.9130,126.95,31.6494,12.2191,11.9162,339.6123,354.6227,0.0105,0.0996,1.2273,1.7229,-0.0878,0.3484,0.9332
81.9330,126.95,31.6515,12.2433,11.9492,339.7971,354.5739,0.0455,0.1050,1.2124,1.6518,-0.0887,0.3453,0.9343
81.9530,126.95,31.6537,12.2669,11.9810,339.9870,354.5273,0.0790,0.1098,1.1787,1.5881,-0.0896,0.3422,0.9353
81.9730,126.95,31.6559,12.2902,12.0114,340.1801,354.4827,0.1108,0.1148,1.1619,1.5197,-0.0905,0.3391,0.9364
81.9930,126.95,31.6583,12.3128,12.0405,340.3777,354.4402,0.1412,0.1194,1.1315,1.4568,-0.0913,0.3358,0.9375
82.0130,126.95,31.6608,12.3351,12.0683,340.5782,354.3998,0.1700,0.1242,1.1135,1.3908,-0.0920,0.3325,0.9386
82.0330,126.95,31.6634,12.3568,12.0949,340.7827,354.3615,0.1974,0.1286,1.0857,1.3289,-0.0928,0.3292,0.9397
82.0530,126.95,31.6661,12.3781,12.1202,340.9899,354.3254,0.2234,0.1331,1.0671,1.2651,-0.0935,0.3257,0.9408
82.0730,126.95,31.6688,12.3990,12.1443,341.2005,354.2914,0.2481,0.1373,1.0414,1.2045,-0.0942,0.3223,0.9420
82.0930,126.95,31.6716,12.4194,12.1672,341.4137,354.2595,0.2715,0.1416,1.0225,1.1428,-0.0948,0.3187,0.9431
82.1130,126.95,31.6746,12.4394,12.1888,341.6298,354.2297,0.2936,0.1457,0.9985,1.0836,-0.0954,0.3152,0.9442
82.1330,126.95,31.6775,12.4590,12.2093,341.8481,354.2020,0.3146,0.1497,0.9797,1.0238,-0.0960,0.3115,0.9454
82.1530,126.95,31.6806,12.4781,12.2286,342.0691,354.1764,0.3344,0.1535,0.9572,0.9661,-0.0965,0.3079,0.9465
82.1730,126.95,31.6838,12.4969,12.2468,342.2920,354.1528,0.3532,0.1573,0.9386,0.9083,-0.0970,0.3042,0.9477
82.1930,126.95,31.6870,12.5152,12.2638,342.5171,354.1312,0.3710,0.1609,0.9174,0.8522,-0.0975,0.3004,0.9488
82.2130,126.95,31.6903,12.5332,12.2798,342.7439,354.1116,0.3878,0.1645,0.8991,0.7963,-0.0980,0.2966,0.9499
82.2330,126.95,31.6936,12.5508,12.2946,342.9726,354.0940,0.4036,0.1679,0.8791,0.7418,-0.0984,0.2928,0.9511
82.2530,126.95,31.6971,12.5680,12.3084,343.2027,354.0783,0.4186,0.1713,0.8612,0.6877,-0.0988,0.2890,0.9522
82.2730,126.95,31.7005,12.5849,12.3211,343.4344,354.0645,0.4328,0.1745,0.8422,0.6350,-0.0991,0.2851,0.9534
82.2930,126.95,31.7041,12.6014,12.3327,343.6672,354.0525,0.4463,0.1776,0.8248,0.5827,-0.0994,0.2812,0.9545
82.3130,126.95,31.7077,12.6175,12.3433,343.9013,354.0423,0.4589,0.1806,0.8067,0.5316,-0.0997,0.2773,0.9556
82.3330,126.95,31.7114,12.6333,12.3530,344.1364,354.0338,0.4710,0.1835,0.7899,0.4812,-0.1000,0.2733,0.9567
82.3530,126.95,31.7151,12.6488,12.3616,344.3723,354.0270,0.4823,0.1863,0.7726,0.4319,-0.1002,0.2694,0.9578
82.3730,126.95,31.7189,12.6639,12.3693,344.6090,354.0218,0.4931,0.1889,0.7563,0.3832,-0.1004,0.2654,0.9589
82.3930,126.95,31.7227,12.6787,12.3760,344.8464,354.0183,0.5033,0.1915,0.7398,0.3357,-0.1006,0.2614,0.9600
82.4130,126.95,31.7266,12.6932,12.3818,345.0843,354.0163,0.5130,0.1940,0.7241,0.2888,-0.1007,0.2574,0.9610
82.4330,126.95,31.7305,12.7074,12.3866,345.3225,354.0157,0.5222,0.1963,0.7083,0.2430,-0.1009,0.2534,0.9621
82.4530,126.95,31.7345,12.7212,12.3906,345.5611,354.0166,0.5310,0.1985,0.6932,0.1979,-0.1009,0.2493,0.9631
82.4730,126.95,31.7385,12.7348,12.3937,345.7998,354.0189,0.5393,0.2007,0.6780,0.1538,-0.1010,0.2453,0.9642
82.4930,125.00,31.7426,12.7480,12.3959,346.0386,354.0225,0.5473,0.2027,0.6635,0.1105,-0.1011,0.2413,0.9652
82.5130,125.00,31.7466,12.7610,12.3972,346.2773,354.0274,0.5549,0.2046,0.6490,0.0682,-0.1011,0.2372,0.9662
82.5330,125.00,31.7508,12.7737,12.3978,346.5159,354.0335,0.5622,0.2064,0.6349,0.0266,-0.1011,0.2332,0.9672
82.5530,125.00,31.7549,12.7862,12.3975,346.7542,354.0407,0.5691,0.2081,0.6210,-0.0140,-0.1011,0.2291,0.9681
82.5730,125.00,31.7591,12.7983,12.3964,346.9922,354.0491,0.5758,0.2097,0.6075,-0.0538,-0.1010,0.2251,0.9691
82.5930,125.00,31.7634,12.8102,12.3945,347.2297,354.0585,0.5821,0.2112,0.5942,-0.0927,-0.1010,0.2210,0.9700
82.6130,125.00,31.7676,12.8218,12.3919,347.4667,354.0689,0.5883,0.2126,0.5812,-0.1308,-0.1009,0.2170,0.9709
82.6330,125.00,31.7719,12.8332,12.3886,347.7031,354.0803,0.5942,0.2138,0.5684,-0.1680,-0.1008,0.2130,0.9718
82.6530,125.00,31.7762,12.8443,12.3845,347.9387,354.0926,0.5999,0.2150,0.5559,-0.2044,-0.1006,0.2090,0.9727
82.6730,125.00,31.7805,12.8564,12.3796,348.1432,354.1067,0.6041,0.2159,0.6053,-0.2466,-0.1005,0.2055,0.9735
82.6930,125.00,31.7848,12.8686,12.3740,348.3129,354.1222,0.6064,0.2160,0.6100,-0.2777,-0.1003,0.2026,0.9741
82.7130,125.00,31.7892,12.8816,12.3677,348.4525,354.1393,0.6072,0.2165,0.6490,-0.3162,-0.1000,0.2002,0.9746
82.7330,125.00,31.7935,12.8948,12.3607,348.5611,354.1577,0.6064,0.2166,0.6603,-0.3482,-0.0998,0.1983,0.9750
82.7530,125.00,31.7978,12.9087,12.3530,348.6420,354.1774,0.6042,0.2171,0.6923,-0.3845,-0.0995,0.1969,0.9754
82.7730,125.00,31.8022,12.9216,12.3448,348.7339,354.1971,0.6018,0.2178,0.6464,-0.4131,-0.0992,0.1954,0.9757
82.7930,125.00,31.8066,12.9350,12.3357,348.8305,354.2170,0.5992,0.2189,0.6692,-0.4536,-0.0989,0.1937,0.9761
82.8130,125.00,31.8110,12.9476,12.3260,348.9376,354.2368,0.5965,0.2196,0.6337,-0.4833,-0.0986,0.1919,0.9765
82.8330,125.00,31.8154,12.9606,12.3156,349.0493,354.2568,0.5936,0.2206,0.6481,-0.5211,-0.0982,0.1900,0.9769
82.8530,125.00,31.8198,12.9730,12.3046,349.1700,354.2767,0.5906,0.2213,0.6203,-0.5512,-0.0979,0.1879,0.9773
82.8730,125.00,31.8242,12.9856,12.2928,349.2952,354.2968,0.5874,0.2222,0.6287,-0.5867,-0.0976,0.1857,0.9777
82.8930,125.00,31.8287,12.9987,12.2805,349.3929,354.3180,0.5832,0.2223,0.6575,-0.6187,-0.0973,0.1841,0.9781
82.9130,125.00,31.8331,13.0122,12.2675,349.4620,354.3404,0.5777,0.2222,0.6743,-0.6478,-0.0970,0.1829,0.9783
82.9330,125.00,31.8376,13.0262,12.2539,349.5048,354.3638,0.5711,0.2223,0.6998,-0.6785,-0.0966,0.1822,0.9785
82.9530,125.00,31.8420,13.0394,12.2398,349.5599,354.3868,0.5646,0.2229,0.6605,-0.7053,-0.0962,0.1812,0.9787
82.9730,125.00,31.8465,13.0530,12.2250,349.6220,354.4097,0.5580,0.2237,0.6786,-0.7412,-0.0958,0.1801,0.9790
82.9930,125.00,31.8510,13.0660,12.2096,349.6960,354.4321,0.5515,0.2243,0.6484,-0.7690,-0.0955,0.1789,0.9792
83.0130,125.00,31.8555,13.0792,12.1936,349.7770,354.4543,0.5449,0.2251,0.6594,-0.8028,-0.0951,0.1775,0.9795
83.0330,125.00,31.8600,13.0919,12.1770,349.8684,354.4762,0.5385,0.2257,0.6357,-0.8308,-0.0948,0.1759,0.9798
83.0530,125.00,31.8645,13.1047,12.1597,349.9664,354.4978,0.5321,0.2264,0.6416,-0.8628,-0.0944,0.1742,0.9802
83.0730,125.00,31.8691,13.1172,12.1419,350.0734,354.5191,0.5257,0.2269,0.6228,-0.8905,-0.0941,0.1724,0.9805
83.0930,125.00,31.8736,13.1297,12.1235,350.1868,354.5401,0.5194,0.2275,0.6252,-0.9209,-0.0938,0.1704,0.9809
83.1130,125.00,31.8782,13.1419,12.1045,350.3080,354.5608,0.5132,0.2280,0.6100,-0.9481,-0.0934,0.1684,0.9813
83.1330,125.00,31.8828,13.1541,12.0850,350.4352,354.5812,0.5070,0.2286,0.6100,-0.9769,-0.0931,0.1662,0.9817
83.1530,125.00,31.8873,13.1660,12.0649,350.5694,354.6013,0.5009,0.2290,0.5973,-1.0034,-0.0928,0.1639,0.9821
83.1730,125.00,31.8919,13.1779,12.0443,350.7090,354.6211,0.4949,0.2294,0.5957,-1.0308,-0.0925,0.1614,0.9825
83.1930,125.00,31.8965,13.1896,12.0232,350.8547,354.6406,0.4890,0.2298,0.5850,-1.0563,-0.0922,0.1589,0.9830
83.2130,125.00,31.9011,13.2013,12.0015,351.0054,354.6598,0.4831,0.2301,0.5822,-1.0823,-0.0919,0.1563,0.9834
83.2330,125.00,31.9057,13.2127,11.9794,351.1615,354.6787,0.4773,0.2304,0.5730,-1.1067,-0.0916,0.1537,0.9839
83.2530,125.00,31.9103,13.2241,11.9568,351.3220,354.6973,0.4715,0.2306,0.5695,-1.1313,-0.0914,0.1509,0.9843
83.2730,125.00,31.9150,13.2354,11.9337,351.4872,354.7156,0.4659,0.2308,0.5614,-1.1545,-0.0911,0.1480,0.9848
83.2930,125.00,31.9196,13.2465,11.9101,351.6565,354.7337,0.4603,0.2310,0.5575,-1.1777,-0.0908,0.1451,0.9852
83.3130,125.00,31.9242,13.2575,11.8861,351.8297,354.7514,0.4548,0.2311,0.5502,-1.1997,-0.0905,0.1421,0.9857
83.3330,125.00,31.9288,13.2684,11.8617,352.0065,354.7688,0.4494,0.2312,0.5460,-1.2214,-0.0903,0.1391,0.9862
83.3530,125.00,31.9334,13.2792,11.8369,352.1867,354.7860,0.4441,0.2312,0.5394,-1.2421,-0.0900,0.1359,0.9866
83.3730,125.00,31.9381,13.2899,11.8116,352.3699,354.8028,0.4388,0.2311,0.5350,-1.2624,-0.0898,0.1328,0.9871
83.3930,125.00,31.9427,13.3005,11.7860,352.5561,354.8194,0.4337,0.2310,0.5289,-1.2817,-0.0895,0.1296,0.9875
83.4130,125.00,31.9473,13.3110,11.7600,352.7447,354.8357,0.4286,0.2309,0.5244,-1.3005,-0.0893,0.1263,0.9880
83.4330,125.00,31.9519,13.3214,11.7336,352.9358,354.8517,0.4236,0.2307,0.5187,-1.3185,-0.0891,0.1230,0.9884
83.4530,125.00,31.9565,13.3316,11.7069,353.1290,354.8674,0.4187,0.2305,0.5142,-1.3358,-0.0888,0.1196,0.9888
83.4730,125.00,31.9611,13.3418,11.6798,353.3241,354.8828,0.4138,0.2302,0.5088,-1.3524,-0.0886,0.1163,0.9893
83.4930,124.37,31.9657,13.3519,11.6525,353.5209,354.8980,0.4090,0.2299,0.5044,-1.3683,-0.0884,0.1128,0.9897
83.5130,124.37,31.9703,13.3619,11.6248,353.7192,354.9129,0.4043,0.2295,0.4992,-1.3834,-0.0881,0.1094,0.9901
83.5330,124.37,31.9749,13.3718,11.5968,353.9187,354.9275,0.3997,0.2291,0.4948,-1.3978,-0.0879,0.1059,0.9905
83.5530,124.37,31.9795,13.3816,11.5686,354.1193,354.9418,0.3951,0.2287,0.4899,-1.4114,-0.0877,0.1025,0.9909
83.5730,124.37,31.9840,13.3913,11.5401,354.3207,354.9559,0.3906,0.2281,0.4855,-1.4244,-0.0875,0.0990,0.9912
83.5930,124.37,31.9887,13.3985,11.5115,354.5641,354.9725,0.4050,0.2321,0.3603,-1.4330,-0.0872,0.0947,0.9917
83.6130,124.37,31.9933,13.4044,11.4827,354.8153,354.9884,0.4199,0.2315,0.2926,-1.4399,-0.0870,0.0904,0.9921
83.6330,124.37,31.9979,13.4081,11.4538,355.0858,355.0030,0.4347,0.2310,0.1845,-1.4450,-0.0868,0.0857,0.9925
83.6530,124.37,32.0025,13.4102,11.4248,355.3633,355.0166,0.4487,0.2299,0.1050,-1.4495,-0.0866,0.0808,0.9930
83.6730,124.37,32.0071,13.4103,11.3957,355.6525,355.0291,0.4618,0.2290,0.0055,-1.4529,-0.0864,0.0758,0.9934
83.6930,124.37,32.0117,13.4087,11.3666,355.9473,355.0409,0.4739,0.2278,-0.0782,-1.4557,-0.0862,0.0707,0.9938
83.7130,124.37,32.0162,13.4053,11.3375,356.2495,355.0518,0.4849,0.2266,-0.1727,-1.4577,-0.0861,0.0654,0.9941
83.7330,124.37,32.0207,13.4001,11.3083,356.5555,355.0620,0.4950,0.2252,-0.2576,-1.4589,-0.0859,0.0601,0.9945
83.7530,124.37,32.0252,13.3931,11.2791,356.8657,355.0716,0.5039,0.2239,-0.3489,-1.4594,-0.0858,0.0547,0.9948
83.7730,124.37,32.0296,13.3845,11.2499,357.1777,355.0807,0.5117,0.2224,-0.4338,-1.4592,-0.0856,0.0492,0.9951
83.7930,124.37,32.0341,13.3740,11.2207,357.4913,355.0894,0.5185,0.2208,-0.5226,-1.4583,-0.0855,0.0438,0.9954
83.8130,124.37,32.0384,13.3619,11.1916,357.8047,355.0977,0.5242,0.2192,-0.6068,-1.4566,-0.0854,0.0383,0.9956
83.8330,124.37,32.0428,13.3480,11.1625,358.1176,355.1056,0.5288,0.2175,-0.6934,-1.4542,-0.0853,0.0328,0.9958
83.8530,124.37,32.0471,13.3325,11.1335,358.4285,355.1132,0.5324,0.2158,-0.7767,-1.4512,-0.0852,0.0274,0.9960
83.8730,124.37,32.0514,13.3153,11.1045,358.7370,355.1207,0.5350,0.2140,-0.8613,-1.4475,-0.0850,0.0220,0.9961
83.8930,124.37,32.0556,13.2964,11.0757,359.0419,355.1279,0.5365,0.2122,-0.9432,-1.4431,-0.0849,0.0167,0.9962
83.9130,124.37,32.0598,13.2759,11.0469,359.3427,355.1351,0.5371,0.2103,-1.0260,-1.4381,-0.0848,0.0115,0.9963
83.9330,124.37,32.0640,13.2538,11.0183,359.6385,355.1421,0.5368,0.2083,-1.1065,-1.4324,-0.0847,0.0063,0.9964
83.9530,124.37,32.0681,13.2300,10.9898,359.9288,355.1491,0.5356,0.2063,-1.1874,-1.4261,-0.0846,0.0012,0.9964
83.9730,124.37,32.0722,13.2047,10.9614,0.2128,355.1560,0.5335,0.2043,-1.2663,-1.4192,-0.0844,-0.0037,0.9964
83.9930,124.37,32.0762,13.1778,10.9331,0.4903,355.1630,0.5306,0.2022,-1.3454,-1.4118,-0.0843,-0.0086,0.9964
84.0130,124.37,32.0803,13.1493,10.9051,0.7604,355.1700,0.5270,0.2001,-1.4226,-1.4038,-0.0842,-0.0133,0.9964
84.0330,124.37,32.0842,13.1194,10.8772,1.0229,355.1770,0.5226,0.1980,-1.4997,-1.3952,-0.0841,-0.0179,0.9963
84.0530,124.37,32.0881,13.0879,10.8494,1.2773,355.1841,0.5175,0.1958,-1.5752,-1.3861,-0.0839,-0.0223,0.9962
84.0730,124.37,32.0920,13.0548,10.8219,1.5233,355.1912,0.5117,0.1937,-1.6505,-1.3766,-0.0838,-0.0266,0.9961
84.0930,124.37,32.0958,13.0204,10.7946,1.7605,355.1985,0.5053,0.1914,-1.7242,-1.3665,-0.0837,-0.0307,0.9960
84.1130,124.37,32.0996,12.9844,10.7675,1.9886,355.2058,0.4984,0.1892,-1.7975,-1.3560,-0.0835,-0.0347,0.9959
84.1330,124.37,32.1034,12.9470,10.7406,2.2075,355.2132,0.4909,0.1870,-1.8694,-1.3450,-0.0834,-0.0385,0.9958
84.1530,124.37,32.1070,12.9082,10.7139,2.4169,355.2207,0.4829,0.1847,-1.9408,-1.3336,-0.0832,-0.0422,0.9956
84.1730,124.37,32.1107,12.8680,10.6874,2.6166,355.2284,0.4744,0.1824,-2.0108,-1.3218,-0.0831,-0.0457,0.9955
84.1930,124.37,32.1143,12.8264,10.6613,2.8066,355.2361,0.4655,0.1802,-2.0804,-1.3096,-0.0830,-0.0490,0.9954
84.2130,124.37,32.1179,12.7834,10.6353,2.9867,355.2440,0.4561,0.1779,-2.1485,-1.2971,-0.0828,-0.0521,0.9952
84.2330,124.37,32.1214,12.7391,10.6096,3.1569,355.2519,0.4465,0.1756,-2.2161,-1.2842,-0.0826,-0.0551,0.9951
84.2530,124.37,32.1248,12.6935,10.5842,3.3171,355.2600,0.4364,0.1733,-2.2824,-1.2710,-0.0825,-0.0579,0.9949
84.2730,124.37,32.1283,12.6465,10.5591,3.4673,355.2681,0.4261,0.1710,-2.3481,-1.2576,-0.0823,-0.0605,0.9948
84.2930,124.37,32.1316,12.5982,10.5342,3.6076,355.2764,0.4155,0.1687,-2.4126,-1.2438,-0.0822,-0.0629,0.9946
84.3130,124.37,32.1350,12.5487,10.5096,3.7379,355.2847,0.4046,0.1664,-2.4764,-1.2298,-0.0820,-0.0652,0.9945
84.3330,124.37,32.1382,12.4979,10.4853,3.8584,355.2931,0.3935,0.1642,-2.5390,-1.2156,-0.0819,-0.0673,0.9944
84.3530,124.37,32.1415,12.4459,10.4612,3.9692,355.3015,0.3823,0.1619,-2.6010,-1.2012,-0.0817,-0.0692,0.9942
84.3730,124.37,32.1447,12.3927,10.4375,4.0703,355.3101,0.3708,0.1597,-2.6618,-1.1866,-0.0816,-0.0710,0.9941
84.3930,124.37,32.1478,12.3382,10.4141,4.1618,355.3186,0.3592,0.1574,-2.7220,-1.1718,-0.0814,-0.0726,0.9940
84.4130,124.37,32.1509,12.2826,10.3909,4.2440,355.3272,0.3475,0.1552,-2.7810,-1.1569,-0.0812,-0.0740,0.9939
84.4330,124.37,32.1540,12.2258,10.3681,4.3170,355.3358,0.3357,0.1530,-2.8394,-1.1419,-0.0811,-0.0753,0.9939
84.4530,124.37,32.1570,12.1679,10.3456,4.3810,355.3445,0.3238,0.1509,-2.8967,-1.1268,-0.0809,-0.0764,0.9938
84.4730,124.37,32.1600,12.1088,10.3233,4.4360,355.3531,0.3118,0.1487,-2.9534,-1.1116,-0.0808,-0.0773,0.9937
84.4930,126.61,32.1629,12.0487,10.3014,4.4825,355.3617,0.2999,0.1466,-3.0090,-1.0964,-0.0806,-0.0782,0.9937
84.5130,126.61,32.1658,11.9874,10.2798,4.5205,355.3702,0.2879,0.1445,-3.0640,-1.0811,-0.0805,-0.0788,0.9936
84.5330,126.61,32.1686,11.9250,10.2585,4.5503,355.3788,0.2759,0.1424,-3.1179,-1.0658,-0.0803,-0.0793,0.9936
84.5530,126.61,32.1714,11.8656,10.2378,4.5709,355.3873,0.2637,0.1381,-2.9722,-1.0345,-0.0802,-0.0797,0.9936
84.5730,126.61,32.1741,11.8053,10.2174,4.5844,355.3958,0.2516,0.1360,-3.0151,-1.0187,-0.0800,-0.0799,0.9936
84.5930,126.61,32.1768,11.7476,10.1976,4.5895,355.4041,0.2394,0.1320,-2.8818,-0.9885,-0.0799,-0.0800,0.9936
84.6130,126.61,32.1794,11.6893,10.1782,4.5882,355.4124,0.2273,0.1299,-2.9150,-0.9722,-0.0797,-0.0800,0.9936
84.6330,126.61,32.1819,11.6335,10.1593,4.5794,355.4205,0.2150,0.1262,-2.7928,-0.9433,-0.0796,-0.0798,0.9936
84.6530,126.61,32.1844,11.5771,10.1408,4.5647,355.4285,0.2029,0.1241,-2.8175,-0.9265,-0.0795,-0.0796,0.9937
84.6730,126.61,32.1868,11.5230,10.1228,4.5432,355.4363,0.1908,0.1207,-2.7053,-0.8989,-0.0793,-0.0792,0.9937
84.6930,126.61,32.1892,11.4686,10.1052,4.5164,355.4440,0.1787,0.1187,-2.7227,-0.8819,-0.0792,-0.0787,0.9937
84.7130,126.61,32.1915,11.4162,10.0881,4.4834,355.4515,0.1666,0.1155,-2.6192,-0.8555,-0.0791,-0.0782,0.9938
84.7330,126.61,32.1937,11.3636,10.0713,4.4457,355.4587,0.1547,0.1135,-2.6302,-0.8385,-0.0789,-0.0775,0.9939
84.7530,126.61,32.1960,11.3129,10.0550,4.4026,355.4658,0.1428,0.1106,-2.5347,-0.8133,-0.0788,-0.0768,0.9939
84.7730,126.61,32.1981,11.2621,10.0391,4.3551,355.4726,0.1310,0.1087,-2.5401,-0.7963,-0.0787,-0.0759,0.9940
84.7930,126.61,32.2003,11.2131,10.0237,4.3027,355.4792,0.1192,0.1060,-2.4516,-0.7724,-0.0786,-0.0750,0.9941
84.8130,126.61,32.2023,11.1640,10.0085,4.2466,355.4856,0.1076,0.1042,-2.4522,-0.7556,-0.0785,-0.0740,0.9942
84.8330,126.61,32.2044,11.1166,9.9939,4.1860,355.4917,0.0961,0.1018,-2.3701,-0.7328,-0.0784,-0.0730,0.9942
84.8530,126.61,32.2064,11.0693,9.9796,4.1221,355.4975,0.0847,0.1000,-2.3665,-0.7164,-0.0783,-0.0719,0.9943
84.8730,126.61,32.2083,11.0235,9.9657,4.0544,355.5031,0.0734,0.0978,-2.2900,-0.6948,-0.0782,-0.0707,0.9944
84.8930,126.61,32.2103,10.9778,9.9521,3.9837,355.5084,0.0623,0.0962,-2.2829,-0.6787,-0.0781,-0.0695,0.9945
84.9130,126.61,32.2121,10.9336,9.9389,3.9096,355.5135,0.0513,0.0942,-2.2114,-0.6583,-0.0780,-0.0682,0.9946
84.9330,126.61,32.2140,10.8896,9.9261,3.8330,355.5182,0.0404,0.0927,-2.2013,-0.6427,-0.0780,-0.0668,0.9947
84.9530,126.61,32.2158,10.8469,9.9136,3.7535,355.5227,0.0297,0.0908,-2.1344,-0.6235,-0.0779,-0.0655,0.9948
84.9730,126.61,32.2176,10.8045,9.9014,3.6717,355.5269,0.0193,0.0894,-2.1216,-0.6083,-0.0778,-0.0640,0.9949
84.9930,126.61,32.2194,10.7592,9.8894,3.5781,355.5316,0.0100,0.0890,-2.2632,-0.6013,-0.0778,-0.0624,0.9950
85.0130,126.61,32.2211,10.7140,9.8777,3.4822,355.5359,0.0010,0.0877,-2.2601,-0.5875,-0.0777,-0.0607,0.9951
85.0330,126.61,32.2229,10.6662,9.8660,3.3795,355.5403,359.9930,0.0873,-2.3896,-0.5811,-0.0776,-0.0589,0.9952
85.0530,126.61,32.2246,10.6183,9.8547,3.2754,355.5444,359.9851,0.0862,-2.3940,-0.5685,-0.0776,-0.0571,0.9953
85.0730,126.61,32.2263,10.5680,9.8434,3.1673,355.5484,359.9781,0.0857,-2.5133,-0.5623,-0.0775,-0.0553,0.9955
85.0930,126.61,32.2280,10.5176,9.8324,3.0584,355.5520,359.9712,0.0848,-2.5236,-0.5510,-0.0774,-0.0534,0.9956
85.1130,126.61,32.2297,10.4649,9.8215,2.9472,355.5554,359.9651,0.0843,-2.6339,-0.5450,-0.0774,-0.0514,0.9957
85.1330,126.61,32.2314,10.4119,9.8108,2.8357,355.5584,359.9591,0.0835,-2.6490,-0.5347,-0.0773,-0.0495,0.9958
85.1530,126.61,32.2330,10.3569,9.8002,2.7231,355.5612,359.9537,0.0831,-2.7516,-0.5289,-0.0773,-0.0475,0.9959
85.1730,126.61,32.2347,10.3015,9.7898,2.6106,355.5635,359.9486,0.0823,-2.7705,-0.5195,-0.0773,-0.0455,0.9960
85.1930,126.61,32.2363,10.2442,9.7796,2.4980,355.5656,359.9440,0.0819,-2.8661,-0.5139,-0.0772,-0.0436,0.9961
85.2130,126.61,32.2379,10.1864,9.7695,2.3858,355.5673,359.9396,0.0813,-2.8882,-0.5054,-0.0772,-0.0416,0.9961
85.2330,126.61,32.2396,10.1268,9.7594,2.2741,355.5686,359.9357,0.0809,-2.9776,-0.5001,-0.0772,-0.0397,0.9962
85.2530,126.61,32.2412,10.0668,9.7496,2.1631,355.5695,359.9319,0.0803,-3.0022,-0.4924,-0.0772,-0.0377,0.9963
85.2730,126.61,32.2427,10.0091,9.7400,2.0511,355.5703,359.9280,0.0794,-2.8865,-0.4793,-0.0772,-0.0358,0.9964
85.2930,126.61,32.2443,9.9510,9.7306,1.9400,355.5706,359.9241,0.0789,-2.9038,-0.4721,-0.0772,-0.0339,0.9964
85.3130,126.61,32.2459,9.8951,9.7214,1.8283,355.5708,359.9201,0.0782,-2.7969,-0.4606,-0.0772,-0.0319,0.9965
85.3330,126.61,32.2474,9.8389,9.7123,1.7178,355.5706,359.9163,0.0777,-2.8078,-0.4539,-0.0772,-0.0300,0.9966
85.3530,126.61,32.2490,9.7847,9.7034,1.6068,355.5701,359.9123,0.0771,-2.7088,-0.4438,-0.0772,-0.0280,0.9966
85.3730,126.61,32.2505,9.7304,9.6947,1.4972,355.5693,359.9084,0.0767,-2.7142,-0.4376,-0.0772,-0.0261,0.9967
85.3930,126.61,32.2520,9.6780,9.6861,1.3875,355.5683,359.9044,0.0763,-2.6223,-0.4289,-0.0772,-0.0242,0.9967
85.4130,126.61,32.2536,9.6255,9.6776,1.2794,355.5670,359.9006,0.0760,-2.6229,-0.4233,-0.0773,-0.0223,0.9968
85.4330,126.61,32.2551,9.5748,9.6693,1.1714,355.5654,359.8967,0.0757,-2.5374,-0.4158,-0.0773,-0.0204,0.9968
85.4530,126.61,32.2566,9.5241,9.6611,1.0651,355.5636,359.8929,0.0754,-2.5337,-0.4109,-0.0773,-0.0186,0.9968
85.4730,126.61,32.2581,9.4750,9.6530,0.9590,355.5616,359.8891,0.0752,-2.4540,-0.4046,-0.0774,-0.0167,0.9969
85.4930,126.61,32.2596,9.4261,9.6450,0.8549,355.5592,359.8854,0.0751,-2.4468,-0.4003,-0.0774,-0.0149,0.9969
85.5130,127.34,32.2611,9.3787,9.6371,0.7512,355.5567,359.8817,0.0750,-2.3722,-0.3950,-0.0775,-0.0131,0.9969
85.5330,127.34,32.2626,9.3314,9.6293,0.6494,355.5539,359.8782,0.0749,-2.3619,-0.3914,-0.0775,-0.0113,0.9969
85.5530,127.34,32.2641,9.2856,9.6215,0.5484,355.5509,359.8746,0.0749,-2.2920,-0.3871,-0.0776,-0.0096,0.9969
85.5730,127.34,32.2656,9.2400,9.6138,0.4494,355.5477,359.8712,0.0750,-2.2790,-0.3842,-0.0776,-0.0078,0.9970
85.5930,127.34,32.2671,9.1957,9.6062,0.3512,355.5443,359.8679,0.0750,-2.2134,-0.3809,-0.0777,-0.0061,0.9970
85.6130,127.34,32.2686,9.1518,9.5986,0.2551,355.5407,359.8647,0.0751,-2.1981,-0.3785,-0.0777,-0.0045,0.9970
85.6330,127.34,32.2701,9.1090,9.5911,0.1600,355.5370,359.8615,0.0753,-2.1364,-0.3761,-0.0778,-0.0028,0.9970
85.6530,127.34,32.2716,9.0667,9.5836,0.0671,355.5330,359.8585,0.0755,-2.1191,-0.3745,-0.0779,-0.0012,0.9970
85.6730,127.34,32.2731,9.0254,9.5762,359.9753,355.5289,359.8555,0.0758,-2.0609,-0.3728,-0.0780,0.0004,0.9970
85.6930,127.34,32.2746,8.9846,9.5687,359.8857,355.5247,359.8527,0.0760,-2.0420,-0.3718,-0.0780,0.0020,0.9969
85.7130,127.34,32.2762,8.9449,9.5613,359.7974,355.5203,359.8499,0.0764,-1.9869,-0.3710,-0.0781,0.0035,0.9969
85.7330,127.34,32.2780,8.9019,9.5536,359.7821,355.5184,359.9262,0.0939,-2.1496,-0.3836,-0.0781,0.0038,0.9969
85.7530,127.34,32.2799,8.8593,9.5460,359.7675,355.5162,0.0015,0.0936,-2.1281,-0.3829,-0.0782,0.0041,0.9969
85.7730,127.34,32.2818,8.8138,9.5383,359.7674,355.5127,0.0750,0.0931,-2.2776,-0.3845,-0.0782,0.0041,0.9969
85.7930,127.34,32.2836,8.7684,9.5306,359.7658,355.5089,0.1446,0.0917,-2.2664,-0.3834,-0.0783,0.0041,0.9969
85.8130,127.34,32.2854,8.7204,9.5230,359.7721,355.5041,0.2103,0.0906,-2.4034,-0.3837,-0.0784,0.0040,0.9969
85.8330,127.34,32.2872,8.6724,9.5153,359.7767,355.4991,0.2721,0.0888,-2.4003,-0.3825,-0.0785,0.0039,0.9969
85.8530,127.34,32.2889,8.6218,9.5077,359.7865,355.4934,0.3297,0.0874,-2.5263,-0.3823,-0.0786,0.0037,0.9969
85.8730,127.34,32.2907,8.5712,9.5000,359.7946,355.4875,0.3837,0.0854,-2.5298,-0.3811,-0.0787,0.0036,0.9969
85.8930,127.34,32.2923,8.5183,9.4924,359.8063,355.4811,0.4335,0.0838,-2.6462,-0.3806,-0.0788,0.0034,0.9969
85.9130,127.34,32.2939,8.4692,9.4848,359.8114,355.4749,0.4799,0.0800,-2.4565,-0.3790,-0.0789,0.0033,0.9969
85.9330,127.34,32.2955,8.4181,9.4773,359.8186,355.4683,0.5225,0.0784,-2.5552,-0.3783,-0.0790,0.0032,0.9969
85.9530,127.34,32.2970,8.3704,9.4697,359.8198,355.4619,0.5621,0.0743,-2.3838,-0.3768,-0.0791,0.0031,0.9969
85.9730,127.34,32.2984,8.3211,9.4622,359.8223,355.4553,0.5981,0.0724,-2.4670,-0.3759,-0.0792,0.0031,0.9969
85.9930,127.34,32.2998,8.2748,9.4547,359.8192,355.4488,0.6314,0.0681,-2.3120,-0.3745,-0.0793,0.0032,0.9968
86.0130,127.34,32.3011,8.2272,9.4473,359.8170,355.4422,0.6614,0.0661,-2.3816,-0.3736,-0.0795,0.0032,0.9968
86.0330,127.34,32.3024,8.1824,9.4398,359.8099,355.4358,0.6888,0.0617,-2.2409,-0.3723,-0.0796,0.0033,0.9968
86.0530,127.34,32.3035,8.1364,9.4324,359.8033,355.4293,0.7133,0.0595,-2.2986,-0.3714,-0.0797,0.0034,0.9968
86.0730,127.34,32.3046,8.0930,9.4250,359.7923,355.4229,0.7355,0.0550,-2.1708,-0.3703,-0.0798,0.0036,0.9968
86.0930,127.34,32.3057,8.0486,9.4176,359.7816,355.4165,0.7549,0.0527,-2.2181,-0.3695,-0.0799,0.0038,0.9968
86.1130,127.34,32.3067,8.0066,9.4102,359.7669,355.4103,0.7722,0.0482,-2.1017,-0.3686,-0.0800,0.0041,0.9968
86.1330,127.34,32.3076,7.9638,9.4029,359.7525,355.4041,0.7869,0.0457,-2.1398,-0.3678,-0.0801,0.0043,0.9968
86.1530,127.34,32.3084,7.9231,9.3955,359.7346,355.3980,0.7998,0.0414,-2.0335,-0.3671,-0.0802,0.0046,0.9968
86.1730,127.34,32.3092,7.8818,9.3882,359.7169,355.3920,0.8103,0.0388,-2.0637,-0.3665,-0.0803,0.0049,0.9968
86.1930,127.34,32.3099,7.8425,9.3809,359.6960,355.3861,0.8190,0.0345,-1.9665,-0.3660,-0.0804,0.0053,0.9967
86.2130,127.34,32.3105,7.8027,9.3736,359.6753,355.3803,0.8256,0.0318,-1.9896,-0.3656,-0.0805,0.0057,0.9967
86.2330,127.34,32.3111,7.7647,9.3663,359.6519,355.3748,0.8306,0.0277,-1.9005,-0.3653,-0.0806,0.0061,0.9967
86.2530,127.34,32.3116,7.7264,9.3590,359.6286,355.3692,0.8337,0.0250,-1.9175,-0.3650,-0.0807,0.0065,0.9967
86.2730,127.34,32.3120,7.6897,9.3517,359.6030,355.3639,0.8353,0.0210,-1.8356,-0.3650,-0.0808,0.0069,0.9967
86.2930,127.34,32.3123,7.6527,9.3444,359.5775,355.3586,0.8352,0.0182,-1.8474,-0.3649,-0.0809,0.0074,0.9967
86.3130,127.34,32.3126,7.6173,9.3371,359.5500,355.3535,0.8337,0.0144,-1.7719,-0.3651,-0.0810,0.0079,0.9967
86.3330,127.34,32.3129,7.5817,9.3297,359.5227,355.3485,0.8306,0.0117,-1.7790,-0.3653,-0.0811,0.0083,0.9967
86.3530,127.34,32.3130,7.5475,9.3224,359.4936,355.3438,0.8263,0.0080,-1.7093,-0.3657,-0.0812,0.0088,0.9967
86.3730,127.34,32.3131,7.5133,9.3151,359.4649,355.3391,0.8206,0.0053,-1.7124,-0.3661,-0.0813,0.0093,0.9966
86.3930,127.34,32.3132,7.4803,9.3078,359.4346,355.3347,0.8137,0.0018,-1.6478,-0.3668,-0.0813,0.0099,0.9966
86.4130,127.34,32.3131,7.4474,9.3004,359.4046,355.3303,0.8056,-0.0008,-1.6475,-0.3673,-0.0814,0.0104,0.9966
86.4330,127.34,32.3131,7.4156,9.2931,359.3734,355.3261,0.7964,-0.0041,-1.5876,-0.3683,-0.0815,0.0109,0.9966
86.4530,127.34,32.3127,7.3806,9.2855,359.3989,355.3111,0.7091,-0.0196,-1.7498,-0.3802,-0.0817,0.0105,0.9966
86.4730,127.34,32.3122,7.3458,9.2778,359.4235,355.2967,0.6219,-0.0217,-1.7401,-0.3806,-0.0820,0.0101,0.9966
86.4930,127.34,32.3118,7.3080,9.2702,359.4617,355.2818,0.5306,-0.0224,-1.8886,-0.3823,-0.0823,0.0094,0.9966
86.5130,125.56,32.3113,7.2702,9.2626,359.4972,355.2680,0.4425,-0.0232,-1.8893,-0.3819,-0.0825,0.0088,0.9966
86.5330,125.56,32.3109,7.2297,9.2549,359.5396,355.2544,0.3551,-0.0231,-2.0256,-0.3821,-0.0827,0.0080,0.9965
86.5530,125.56,32.3104,7.1891,9.2473,359.5789,355.2419,0.2711,-0.0232,-2.0338,-0.3813,-0.0829,0.0074,0.9965
86.5730,125.56,32.3099,7.1459,9.2397,359.6221,355.2299,0.1893,-0.0228,-2.1596,-0.3809,-0.0832,0.0066,0.9965
86.5930,125.56,32.3095,7.1063,9.2321,359.6574,355.2193,0.1109,-0.0231,-1.9763,-0.3800,-0.0833,0.0060,0.9965
86.6130,125.56,32.3090,7.0647,9.2245,359.6942,355.2094,0.0353,-0.0225,-2.0839,-0.3791,-0.0835,0.0053,0.9965
86.6330,125.56,32.3086,7.0263,9.2169,359.7237,355.2007,359.9629,-0.0219,-1.9190,-0.3778,-0.0837,0.0048,0.9965
86.6530,125.56,32.3082,6.9861,9.2094,359.7536,355.1927,359.8936,-0.0211,-2.0108,-0.3767,-0.0838,0.0043,0.9965
86.6730,125.56,32.3078,6.9488,9.2019,359.7767,355.1858,359.8274,-0.0198,-1.8622,-0.3750,-0.0839,0.0039,0.9965
86.6930,125.56,32.3074,6.9100,9.1944,359.7997,355.1796,359.7644,-0.0187,-1.9401,-0.3737,-0.0840,0.0035,0.9965
86.7130,125.56,32.3071,6.8739,9.1870,359.8166,355.1745,359.7043,-0.0168,-1.8059,-0.3718,-0.0841,0.0032,0.9965
86.7330,125.56,32.3067,6.8365,9.1796,359.8330,355.1700,359.6473,-0.0155,-1.8717,-0.3705,-0.0842,0.0029,0.9964
86.7530,125.56,32.3065,6.8015,9.1722,359.8438,355.1665,359.5930,-0.0131,-1.7502,-0.3685,-0.0843,0.0027,0.9964
86.7730,125.56,32.3062,6.7654,9.1649,359.8540,355.1636,359.5417,-0.0116,-1.8053,-0.3671,-0.0843,0.0025,0.9964
86.7930,125.56,32.3061,6.7315,9.1576,359.8592,355.1615,359.4930,-0.0088,-1.6952,-0.3650,-0.0843,0.0025,0.9964
86.8130,125.56,32.3059,6.6966,9.1503,359.8636,355.1599,359.4473,-0.0070,-1.7410,-0.3635,-0.0844,0.0024,0.9964
86.8330,125.56,32.3059,6.6638,9.1431,359.8635,355.1591,359.4038,-0.0039,-1.6408,-0.3615,-0.0844,0.0024,0.9964
86.8530,125.56,32.3058,6.6303,9.1359,359.8626,355.1588,359.3632,-0.0018,-1.6784,-0.3601,-0.0844,0.0024,0.9964
86.8730,125.56,32.3059,6.5985,9.1287,359.8577,355.1591,359.3248,0.0016,-1.5872,-0.3581,-0.0844,0.0025,0.9964
86.8930,125.56,32.3059,6.5662,9.1216,359.8521,355.1598,359.2890,0.0038,-1.6177,-0.3567,-0.0844,0.0026,0.9964
86.9130,125.56,32.3061,6.5355,9.1145,359.8428,355.1611,359.2553,0.0074,-1.5344,-0.3548,-0.0844,0.0027,0.9964
86.9330,125.56,32.3063,6.5043,9.1074,359.8329,355.1628,359.2241,0.0099,-1.5586,-0.3535,-0.0843,0.0029,0.9964
86.9530,125.56,32.3065,6.4746,9.1004,359.8196,355.1649,359.1949,0.0136,-1.4825,-0.3518,-0.0843,0.0031,0.9964
86.9730,125.56,32.3069,6.4446,9.0934,359.8058,355.1673,359.1679,0.0163,-1.5011,-0.3505,-0.0842,0.0034,0.9964
86.9930,125.56,32.3073,6.4160,9.0864,359.7892,355.1700,359.1428,0.0202,-1.4313,-0.3490,-0.0842,0.0037,0.9964
87.0130,125.56,32.3077,6.3871,9.0794,359.7719,355.1731,359.1199,0.0230,-1.4452,-0.3479,-0.0841,0.0040,0.9964
87.0330,125.56,32.3083,6.3595,9.0725,359.7522,355.1764,359.0987,0.0270,-1.3811,-0.3466,-0.0841,0.0043,0.9964
87.0530,125.56,32.3089,6.3317,9.0656,359.7320,355.1799,359.0795,0.0299,-1.3908,-0.3455,-0.0840,0.0047,0.9965
87.0730,125.56,32.3096,6.3050,9.0587,359.7096,355.1837,359.0619,0.0339,-1.3317,-0.3445,-0.0840,0.0051,0.9965
87.0930,125.56,32.3103,6.2783,9.0518,359.6869,355.1876,359.0463,0.0371,-1.3377,-0.3436,-0.0839,0.0055,0.9965
87.1130,125.56,32.3111,6.2526,9.0450,359.6622,355.1917,359.0321,0.0411,-1.2832,-0.3427,-0.0838,0.0059,0.9965
87.1330,125.56,32.3122,6.2236,9.0379,359.7082,355.1943,359.0809,0.0557,-1.4479,-0.3552,-0.0838,0.0051,0.9965
87.1530,125.56,32.3134,6.1948,9.0308,359.7525,355.1971,359.1308,0.0586,-1.4445,-0.3541,-0.0837,0.0043,0.9965
87.1730,125.56,32.3146,6.1628,9.0237,359.8070,355.1996,359.1887,0.0606,-1.5963,-0.3548,-0.0837,0.0034,0.9965
87.1930,125.56,32.3159,6.1308,9.0166,359.8575,355.2023,359.2451,0.0623,-1.6024,-0.3529,-0.0836,0.0025,0.9965
87.2130,125.56,32.3171,6.0959,9.0096,359.9119,355.2048,359.3042,0.0632,-1.7423,-0.3523,-0.0836,0.0015,0.9965
87.2330,125.56,32.3184,6.0608,9.0026,359.9621,355.2076,359.3615,0.0644,-1.7554,-0.3501,-0.0835,0.0007,0.9965
87.2530,125.56,32.3197,6.0270,8.9956,0.0061,355.2107,359.4162,0.0662,-1.6889,-0.3474,-0.0835,-0.0001,0.9965
87.2730,125.56,32.3211,5.9931,8.9887,0.0459,355.2139,359.4689,0.0671,-1.6978,-0.3450,-0.0834,-0.0008,0.9965
87.2930,125.56,32.3224,5.9604,8.9819,0.0801,355.2173,359.5193,0.0684,-1.6364,-0.3421,-0.0834,-0.0014,0.9965
87.3130,125.56,32.3238,5.9275,8.9751,0.1104,355.2209,359.5677,0.0691,-1.6417,-0.3396,-0.0833,-0.0019,0.9965
87.3330,125.56,32.3252,5.8958,8.9684,0.1355,355.2246,359.6138,0.0699,-1.5848,-0.3365,-0.0832,-0.0024,0.9965
87.3530,125.56,32.3266,5.8641,8.9617,0.1570,355.2284,359.6581,0.0703,-1.5870,-0.3340,-0.0832,-0.0027,0.9965
87.3730,125.56,32.3280,5.8334,8.9551,0.1738,355.2322,359.7002,0.0708,-1.5342,-0.3309,-0.0831,-0.0030,0.9965
87.3930,125.56,32.3295,5.8027,8.9485,0.1873,355.2361,359.7405,0.0709,-1.5336,-0.3284,-0.0830,-0.0033,0.9965
87.4130,125.56,32.3309,5.7730,8.9420,0.1965,355.2400,359.7787,0.0711,-1.4844,-0.3254,-0.0830,-0.0034,0.9965
87.4330,125.56,32.3323,5.7434,8.9355,0.2026,355.2439,359.8153,0.0710,-1.4814,-0.3228,-0.0829,-0.0035,0.9966
87.4530,125.56,32.3337,5.7147,8.9292,0.2049,355.2479,359.8499,0.0709,-1.4356,-0.3199,-0.0828,-0.0036,0.9966
87.4730,125.56,32.3351,5.6861,8.9228,0.2044,355.2517,359.8828,0.0707,-1.4306,-0.3174,-0.0828,-0.0036,0.9966
87.4930,125.56,32.3365,5.6583,8.9165,0.2004,355.2556,359.9140,0.0703,-1.3877,-0.3146,-0.0827,-0.0035,0.9966
87.5130,127.61,32.3379,5.6307,8.9103,0.1939,355.2594,359.9435,0.0699,-1.3809,-0.3122,-0.0826,-0.0034,0.9966
87.5330,127.61,32.3393,5.6039,8.9041,0.1842,355.2632,359.9714,0.0693,-1.3407,-0.3096,-0.0826,-0.0032,0.9966
87.5530,127.61,32.3407,5.5773,8.8979,0.1724,355.2668,-0.0023,0.0688,-1.3325,-0.3073,-0.0825,-0.0030,0.9966
87.5730,127.61,32.3421,5.5514,8.8918,0.1577,355.2705,0.0225,0.0681,-1.2947,-0.3049,-0.0825,-0.0028,0.9966
87.5930,127.61,32.3434,5.5257,8.8858,0.1410,355.2740,0.0458,0.0673,-1.2852,-0.3028,-0.0824,-0.0025,0.9966
87.6130,127.61,32.3447,5.5007,8.8798,0.1219,355.2774,0.0676,0.0665,-1.2495,-0.3006,-0.0823,-0.0021,0.9966
87.6330,127.61,32.3461,5.4759,8.8738,0.1010,355.2808,0.0881,0.0657,-1.2389,-0.2987,-0.0823,-0.0018,0.9966
87.6530,127.61,32.3474,5.4518,8.8679,0.0779,355.2840,0.1072,0.0647,-1.2053,-0.2967,-0.0822,-0.0014,0.9966
87.6730,127.61,32.3486,5.4279,8.8620,0.0533,355.2872,0.1250,0.0638,-1.1938,-0.2951,-0.0822,-0.0009,0.9966
87.6930,127.61,32.3499,5.4047,8.8561,0.0267,355.2902,0.1414,0.0628,-1.1620,-0.2934,-0.0821,-0.0005,0.9966
87.7130,127.61,32.3511,5.3817,8.8502,-0.0011,355.2931,0.1567,0.0618,-1.1497,-0.2919,-0.0821,0.0000,0.9966
87.7330,127.61,32.3523,5.3593,8.8444,359.9694,355.2959,0.1708,0.0607,-1.1195,-0.2905,-0.0820,0.0005,0.9966
87.7530,127.61,32.3535,5.3371,8.8387,359.9388,355.2986,0.1837,0.0597,-1.1067,-0.2893,-0.0820,0.0011,0.9966
87.7730,127.61,32.3547,5.3156,8.8329,359.9068,355.3012,0.1955,0.0585,-1.0780,-0.2881,-0.0819,0.0016,0.9966
87.7930,127.61,32.3558,5.2943,8.8271,359.8739,355.3037,0.2063,0.0574,-1.0646,-0.2872,-0.0819,0.0022,0.9966
87.8130,127.61,32.3570,5.2736,8.8214,359.8398,355.3061,0.2160,0.0563,-1.0373,-0.2864,-0.0818,0.0028,0.9966
87.8330,127.61,32.3581,5.2531,8.8157,359.8050,355.3083,0.2247,0.0552,-1.0235,-0.2857,-0.0818,0.0034,0.9966
87.8530,127.61,32.3591,5.2292,8.8098,359.8170,355.3057,0.2154,0.0520,-1.1930,-0.2948,-0.0818,0.0032,0.9966
87.8730,127.61,32.3601,5.2053,8.8039,359.8280,355.3032,0.2053,0.0510,-1.1938,-0.2940,-0.0819,0.0030,0.9966
87.8930,127.61,32.3612,5.1783,8.7980,359.8496,355.3000,0.1939,0.0506,-1.3501,-0.2952,-0.0819,0.0026,0.9966
87.9130,127.61,32.3621,5.1512,8.7921,359.8684,355.2971,0.1826,0.0499,-1.3592,-0.2939,-0.0820,0.0023,0.9966
87.9330,127.61,32.3631,5.1211,8.7863,359.8924,355.2940,0.1709,0.0496,-1.5038,-0.2939,-0.0820,0.0019,0.9966
87.9530,127.61,32.3641,5.0907,8.7804,359.9135,355.2912,0.1593,0.0489,-1.5194,-0.2925,-0.0821,0.0015,0.9966
87.9730,127.61,32.3651,5.0615,8.7746,359.9297,355.2889,0.1479,0.0481,-1.4579,-0.2907,-0.0821,0.0012,0.9966
87.9930,127.61,32.3660,5.0322,8.7688,359.9430,355.2868,0.1367,0.0474,-1.4694,-0.2892,-0.0822,0.0010,0.9966
88.0130,127.61,32.3670,5.0039,8.7631,359.9520,355.2852,0.1255,0.0467,-1.4127,-0.2874,-0.0822,0.0008,0.9966
88.0330,127.61,32.3679,4.9755,8.7574,359.9582,355.2838,0.1145,0.0461,-1.4206,-0.2858,-0.0822,0.0007,0.9966
88.0530,127.61,32.3688,4.9481,8.7517,359.9605,355.2828,0.1037,0.0454,-1.3683,-0.2841,-0.0822,0.0007,0.9966
88.0730,127.61,32.3697,4.9207,8.7460,359.9604,355.2820,0.0930,0.0450,-1.3731,-0.2826,-0.0823,0.0007,0.9966
88.0930,127.61,32.3706,4.8942,8.7404,359.9567,355.2815,0.0824,0.0444,-1.3246,-0.2809,-0.0823,0.0008,0.9966
88.1130,127.61,32.3715,4.8676,8.7348,359.9507,355.2812,0.0721,0.0440,-1.3267,-0.2794,-0.0823,0.0009,0.9966
88.1330,127.61,32.3723,4.8420,8.7293,359.9416,355.2812,0.0619,0.0435,-1.2817,-0.2779,-0.0823,0.0010,0.9966
88.1530,127.61,32.3732,4.8164,8.7237,359.9305,355.2814,0.0518,0.0432,-1.2815,-0.2766,-0.0823,0.0012,0.9966
88.1730,127.61,32.3741,4.7916,8.7182,359.9166,355.2818,0.0419,0.0428,-1.2396,-0.2751,-0.0823,0.0015,0.9966
88.1930,127.61,32.3749,4.7668,8.7127,359.9009,355.2823,0.0322,0.0425,-1.2373,-0.2740,-0.0822,0.0017,0.9966
88.2130,127.61,32.3757,4.7429,8.7073,359.8827,355.2831,0.0227,0.0423,-1.1983,-0.2727,-0.0822,0.0020,0.9966
88.2330,127.61,32.3766,4.7190,8.7019,359.8629,355.2839,0.0133,0.0421,-1.1942,-0.2717,-0.0822,0.0024,0.9966
88.2530,127.61,32.3774,4.6958,8.6964,359.8409,355.2849,0.0041,0.0419,-1.1577,-0.2707,-0.0822,0.0028,0.9966
88.2730,127.61,32.3783,4.6728,8.6911,359.8176,355.2860,-0.0049,0.0418,-1.1521,-0.2698,-0.0822,0.0032,0.9966
88.2930,127.61,32.3791,4.6504,8.6857,359.7924,355.2873,359.9863,0.0417,-1.1179,-0.2690,-0.0822,0.0036,0.9966
88.3130,127.61,32.3803,4.6247,8.6800,359.8428,355.2927,0.0692,0.0621,-1.2866,-0.2823,-0.0821,0.0027,0.9966
88.3330,127.61,32.3816,4.5990,8.6744,359.8911,355.2980,0.1512,0.0615,-1.2840,-0.2813,-0.0820,0.0019,0.9966
88.3530,127.61,32.3828,4.5702,8.6688,359.9478,355.3022,0.2287,0.0604,-1.4411,-0.2821,-0.0819,0.0009,0.9966
88.3730,127.61,32.3839,4.5412,8.6632,-0.0003,355.3062,0.3016,0.0584,-1.4469,-0.2802,-0.0818,0.0000,0.9966
88.3930,127.61,32.3851,4.5094,8.6576,0.0538,355.3094,0.3685,0.0568,-1.5923,-0.2797,-0.0818,-0.0009,0.9967
88.4130,127.61,32.3861,4.4812,8.6520,0.0990,355.3126,0.4311,0.0532,-1.4084,-0.2766,-0.0817,-0.0017,0.9967
88.4330,127.61,32.3872,4.4505,8.6465,0.1435,355.3153,0.4887,0.0515,-1.5346,-0.2754,-0.0817,-0.0025,0.9967
88.4530,127.61,32.3881,4.4231,8.6411,0.1798,355.3181,0.5423,0.0474,-1.3698,-0.2721,-0.0816,-0.0031,0.9967
88.4730,127.61,32.3890,4.3936,8.6357,0.2146,355.3205,0.5913,0.0456,-1.4791,-0.2706,-0.0816,-0.0037,0.9967
88.4930,127.61,32.3899,4.3669,8.6303,0.2419,355.3229,0.6368,0.0411,-1.3312,-0.2671,-0.0815,-0.0042,0.9967
88.5130,128.06,32.3906,4.3384,8.6250,0.2674,355.3249,0.6780,0.0391,-1.4255,-0.2654,-0.0815,-0.0047,0.9967
88.5330,128.06,32.3913,4.3126,8.6198,0.2860,355.3270,0.7160,0.0344,-1.2927,-0.2618,-0.0815,-0.0050,0.9967
88.5530,128.06,32.3920,4.2851,8.6146,0.3027,355.3288,0.7501,0.0322,-1.3739,-0.2601,-0.0814,-0.0053,0.9967
88.5730,128.06,32.3925,4.2600,8.6094,0.3132,355.3305,0.7813,0.0274,-1.2543,-0.2566,-0.0814,-0.0055,0.9967
88.5930,128.06,32.3930,4.2335,8.6043,0.3218,355.3320,0.8089,0.0250,-1.3239,-0.2548,-0.0814,-0.0056,0.9967
88.6130,128.06,32.3934,4.2092,8.5993,0.3247,355.3335,0.8339,0.0201,-1.2162,-0.2514,-0.0814,-0.0057,0.9967
88.6330,128.06,32.3938,4.1837,8.5943,0.3259,355.3347,0.8555,0.0176,-1.2756,-0.2495,-0.0813,-0.0057,0.9967
88.6530,128.06,32.3940,4.1601,8.5894,0.3219,355.3360,0.8748,0.0127,-1.1783,-0.2463,-0.0813,-0.0056,0.9967
88.6730,128.06,32.3942,4.1356,8.5845,0.3163,355.3370,0.8910,0.0100,-1.2288,-0.2445,-0.0813,-0.0055,0.9967
88.6930,128.06,32.3943,4.1127,8.5797,0.3061,355.3380,0.9050,0.0052,-1.1409,-0.2415,-0.0813,-0.0053,0.9967
88.7130,128.06,32.3944,4.0891,8.5749,0.2943,355.3389,0.9163,0.0024,-1.1835,-0.2397,-0.0813,-0.0051,0.9967
88.7330,128.06,32.3943,4.0670,8.5702,0.2784,355.3397,0.9256,-0.0023,-1.1038,-0.2369,-0.0812,-0.0049,0.9967
88.7530,128.06,32.3942,4.0442,8.5654,0.2611,355.3404,0.9324,-0.0051,-1.1395,-0.2353,-0.0812,-0.0046,0.9967
88.7730,128.06,32.3940,4.0229,8.5608,0.2402,355.3410,0.9373,-0.0097,-1.0672,-0.2328,-0.0812,-0.0042,0.9967
88.7930,128.06,32.3938,4.0009,8.5562,0.2180,355.3416,0.9399,-0.0126,-1.0968,-0.2313,-0.0812,-0.0038,0.9967
88.8130,128.06,32.3934,3.9803,8.5516,0.1926,355.3421,0.9409,-0.0170,-1.0310,-0.2291,-0.0812,-0.0034,0.9967
88.8330,128.06,32.3930,3.9592,8.5470,0.1661,355.3425,0.9398,-0.0199,-1.0553,-0.2277,-0.0812,-0.0029,0.9967
88.8530,128.06,32.3926,3.9393,8.5425,0.1367,355.3429,0.9372,-0.0241,-0.9954,-0.2259,-0.0812,-0.0024,0.9967
88.8730,128.06,32.3920,3.9190,8.5380,0.1064,355.3432,0.9327,-0.0271,-1.0150,-0.2247,-0.0812,-0.0019,0.9967
88.8930,128.06,32.3914,3.8998,8.5336,0.0736,355.3435,0.9268,-0.0311,-0.9602,-0.2232,-0.0812,-0.0013,0.9967
88.9130,128.06,32.3907,3.8803,8.5291,0.0400,355.3437,0.9192,-0.0340,-0.9758,-0.2222,-0.0812,-0.0007,0.9967
88.9330,128.06,32.3900,3.8618,8.5247,0.0042,355.3440,0.9104,-0.0378,-0.9257,-0.2210,-0.0812,-0.0001,0.9967
88.9530,128.06,32.3891,3.8430,8.5203,359.9678,355.3441,0.9000,-0.0406,-0.9376,-0.2202,-0.0812,0.0006,0.9967
88.9730,128.06,32.3883,3.8252,8.5159,359.9296,355.3443,0.8885,-0.0442,-0.8917,-0.2194,-0.0812,0.0012,0.9967
88.9930,128.06,32.3873,3.8072,8.5115,359.8908,355.3444,0.8757,-0.0469,-0.9005,-0.2189,-0.0812,0.0019,0.9967
89.0130,128.06,32.3863,3.7900,8.5072,359.8505,355.3445,0.8619,-0.0503,-0.8583,-0.2184,-0.0812,0.0026,0.9967
89.0330,128.06,32.3853,3.7727,8.5028,359.8099,355.3446,0.8468,-0.0529,-0.8644,-0.2182,-0.0812,0.0033,0.9967
89.0530,128.06,32.3841,3.7562,8.4984,359.7679,355.3447,0.8309,-0.0560,-0.8255,-0.2181,-0.0812,0.0041,0.9967
89.0730,128.06,32.3830,3.7396,8.4941,359.7258,355.3447,0.8138,-0.0585,-0.8292,-0.2181,-0.0812,0.0048,0.9967
89.0930,128.06,32.3817,3.7238,8.4897,359.6826,355.3448,0.7960,-0.0614,-0.7932,-0.2183,-0.0812,0.0055,0.9967
89.1130,128.06,32.3805,3.7079,8.4853,359.6393,355.3448,0.7773,-0.0637,-0.7949,-0.2187,-0.0812,0.0063,0.9967
89.1330,128.06,32.3791,3.6926,8.4809,359.5952,355.3448,0.7578,-0.0664,-0.7616,-0.2192,-0.0812,0.0071,0.9967
89.1530,128.06,32.3778,3.6774,8.4765,359.5511,355.3448,0.7375,-0.0685,-0.7616,-0.2198,-0.0812,0.0078,0.9967
89.1730,128.06,32.3764,3.6628,8.4721,359.5064,355.3449,0.7166,-0.0709,-0.7306,-0.2207,-0.0812,0.0086,0.9967
89.1930,128.06,32.3749,3.6482,8.4677,359.4619,355.3449,0.6951,-0.0729,-0.7290,-0.2216,-0.0812,0.0094,0.9967
89.2130,128.06,32.3734,3.6342,8.4632,359.4170,355.3449,0.6729,-0.0751,-0.7002,-0.2228,-0.0812,0.0102,0.9966
89.2330,128.06,32.3719,3.6202,8.4588,359.3723,355.3449,0.6502,-0.0769,-0.6973,-0.2241,-0.0812,0.0110,0.9966
89.2530,128.06,32.3703,3.6068,8.4543,359.3274,355.3449,0.6271,-0.0789,-0.6704,-0.2256,-0.0812,0.0117,0.9966
89.2730,128.06,32.3687,3.5935,8.4497,359.2829,355.3449,0.6035,-0.0805,-0.6664,-0.2271,-0.0812,0.0125,0.9966
89.2930,128.06,32.3670,3.5807,8.4451,359.2382,355.3450,0.5795,-0.0822,-0.6413,-0.2289,-0.0811,0.0133,0.9966
89.3130,128.06,32.3654,3.5680,8.4405,359.1941,355.3450,0.5551,-0.0836,-0.6363,-0.2307,-0.0811,0.0141,0.9966
89.3330,128.06,32.3637,3.5557,8.4359,359.1500,355.3450,0.5304,-0.0850,-0.6127,-0.2329,-0.0811,0.0148,0.9966
89.3530,128.06,32.3619,3.5436,8.4312,359.1064,355.3450,0.5054,-0.0862,-0.6069,-0.2350,-0.0811,0.0156,0.9966
89.3730,128.06,32.3602,3.5319,8.4264,359.0631,355.3450,0.4801,-0.0875,-0.5848,-0.2374,-0.0811,0.0164,0.9966
89.3930,128.06,32.3584,3.5203,8.4216,359.0204,355.3450,0.4547,-0.0885,-0.5783,-0.2398,-0.0811,0.0171,0.9966
89.4130,128.06,32.3566,3.5092,8.4168,358.9780,355.3450,0.4291,-0.0895,-0.5574,-0.2424,-0.0811,0.0178,0.9965
89.4330,128.06,32.3548,3.4982,8.4119,358.9364,355.3450,0.4033,-0.0903,-0.5503,-0.2451,-0.0811,0.0186,0.9965
89.4530,128.06,32.3530,3.4875,8.4069,358.8951,355.3450,0.3774,-0.0910,-0.5307,-0.2480,-0.0811,0.0193,0.9965
89.4730,128.06,32.3512,3.4771,8.4019,358.8547,355.3449,0.3514,-0.0916,-0.5231,-0.2509,-0.0811,0.0200,0.9965
89.4930,128.06,32.3493,3.4670,8.3968,358.8148,355.3449,0.3254,-0.0922,-0.5045,-0.2541,-0.0811,0.0207,0.9965
89.5130,128.06,32.3475,3.4571,8.3917,358.7758,355.3448,0.2994,-0.0925,-0.4966,-0.2573,-0.0811,0.0214,0.9965
89.5330,127.02,32.3456,3.4475,8.3864,358.7373,355.3448,0.2734,-0.0929,-0.4789,-0.2607,-0.0811,0.0220,0.9965
89.5530,127.02,32.3438,3.4381,8.3812,358.6997,355.3447,0.2474,-0.0930,-0.4707,-0.2641,-0.0811,0.0227,0.9964
89.5730,127.02,32.3419,3.4290,8.3758,358.6629,355.3446,0.2214,-0.0931,-0.4539,-0.2677,-0.0811,0.0233,0.9964
89.5930,127.02,32.3400,3.4201,8.3704,358.6270,355.3445,0.1956,-0.0931,-0.4454,-0.2713,-0.0811,0.0240,0.9964
89.6130,127.02,32.3382,3.4115,8.3649,358.5919,355.3444,0.1699,-0.0930,-0.4295,-0.2752,-0.0811,0.0246,0.9964
89.6330,127.02,32.3363,3.4031,8.3593,358.5577,355.3442,0.1442,-0.0928,-0.4208,-0.2790,-0.0811,0.0252,0.9964
89.6530,127.02,32.3345,3.3950,8.3536,358.5244,355.3441,0.1188,-0.0925,-0.4056,-0.2830,-0.0811,0.0258,0.9964
89.6730,127.02,32.3326,3.3870,8.3479,358.4921,355.3438,0.0935,-0.0921,-0.3968,-0.2870,-0.0811,0.0263,0.9964
89.6930,127.02,32.3308,3.3794,8.3421,358.4607,355.3436,0.0684,-0.0916,-0.3823,-0.2912,-0.0812,0.0269,0.9963
89.7130,127.02,32.3290,3.3719,8.3362,358.4304,355.3434,0.0436,-0.0910,-0.3734,-0.2954,-0.0812,0.0274,0.9963
89.7330,127.02,32.3272,3.3647,8.3302,358.4010,355.3431,0.0189,-0.0903,-0.3596,-0.2998,-0.0812,0.0279,0.9963
89.7530,127.02,32.3254,3.3577,8.3241,358.3727,355.3428,-0.0055,-0.0895,-0.3506,-0.3041,-0.0812,0.0284,0.9963
89.7730,127.02,32.3236,3.3510,8.3179,358.3452,355.3424,359.9704,-0.0886,-0.3373,-0.3086,-0.0812,0.0289,0.9963
89.7930,127.02,32.3218,3.3444,8.3117,358.3190,355.3421,359.9466,-0.0877,-0.3284,-0.3131,-0.0812,0.0293,0.9963
89.8130,127.02,32.3201,3.3381,8.3053,358.2937,355.3416,359.9230,-0.0866,-0.3156,-0.3177,-0.0812,0.0298,0.9963
89.8330,127.02,32.3184,3.3319,8.2989,358.2696,355.3412,359.8998,-0.0855,-0.3067,-0.3223,-0.0812,0.0302,0.9962
89.8530,127.02,32.3167,3.3260,8.2923,358.2464,355.3407,359.8769,-0.0843,-0.2945,-0.3271,-0.0812,0.0306,0.9962
89.8730,127.02,32.3151,3.3203,8.2857,358.2244,355.3402,359.8543,-0.0830,-0.2856,-0.3318,-0.0812,0.0310,0.9962
89.8930,127.02,32.3134,3.3149,8.2789,358.2034,355.3397,359.8321,-0.0816,-0.2738,-0.3366,-0.0812,0.0314,0.9962
89.9130,127.02,32.3118,3.3096,8.2721,358.1836,355.3391,359.8102,-0.0802,-0.2650,-0.3414,-0.0812,0.0317,0.9962
89.9330,127.02,32.3103,3.3045,8.2652,358.1647,355.3384,359.7888,-0.0787,-0.2536,-0.3464,-0.0812,0.0320,0.9962
89.9530,127.02,32.3087,3.2996,8.2582,358.1471,355.3377,359.7676,-0.0771,-0.2449,-0.3513,-0.0812,0.0323,0.9962
89.9730,127.02,32.3072,3.2949,8.2510,358.1305,355.3370,359.7469,-0.0754,-0.2340,-0.3562,-0.0813,0.0326,0.9962
89.9930,127.02,32.3057,3.2904,8.2438,358.1150,355.3362,359.7266,-0.0737,-0.2253,-0.3612,-0.0813,0.0329,0.9961
90.0130,127.02,32.3043,3.2861,8.2365,358.1006,355.3354,359.7067,-0.0719,-0.2148,-0.3662,-0.0813,0.0331,0.9961
90.0330,127.02,32.3029,3.2820,8.2291,358.0872,355.3346,359.6872,-0.0701,-0.2063,-0.3712,-0.0813,0.0334,0.9961
90.0530,127.02,32.3015,3.2781,8.2215,358.0750,355.3337,359.6681,-0.0681,-0.1961,-0.3763,-0.0813,0.0336,0.9961
90.0730,127.02,32.3002,3.2743,8.2139,358.0639,355.3328,359.6495,-0.0662,-0.1877,-0.3813,-0.0813,0.0338,0.9961
90.0930,127.02,32.2989,3.2708,8.2062,358.0538,355.3318,359.6313,-0.0641,-0.1779,-0.3864,-0.0813,0.0340,0.9961
90.1130,127.02,32.2977,3.2674,8.1984,358.0448,355.3308,359.6135,-0.0620,-0.1696,-0.3914,-0.0814,0.0341,0.9961
90.1330,127.02,32.2965,3.2642,8.1904,358.0369,355.3297,359.5962,-0.0599,-0.1601,-0.3965,-0.0814,0.0343,0.9961
90.1530,127.02,32.2953,3.2611,8.1824,358.0300,355.3286,359.5793,-0.0577,-0.1519,-0.4016,-0.0814,0.0344,0.9961
90.1730,127.02,32.2942,3.2583,8.1743,358.0242,355.3275,359.5628,-0.0554,-0.1428,-0.4067,-0.0814,0.0345,0.9961
90.1930,127.02,32.2932,3.2556,8.1660,358.0195,355.3263,359.5468,-0.0532,-0.1348,-0.4117,-0.0814,0.0346,0.9961
90.2130,127.02,32.2921,3.2531,8.1577,358.0157,355.3251,359.5313,-0.0508,-0.1259,-0.4167,-0.0815,0.0346,0.9961
90.2330,127.02,32.2912,3.2507,8.1493,358.0130,355.3238,359.5163,-0.0484,-0.1180,-0.4218,-0.0815,0.0347,0.9961
90.2530,127.02,32.2903,3.2485,8.1407,358.0113,355.3225,359.5016,-0.0460,-0.1094,-0.4268,-0.0815,0.0347,0.9961
90.2730,127.02,32.2894,3.2465,8.1321,358.0106,355.3212,359.4875,-0.0436,-0.1018,-0.4317,-0.0815,0.0347,0.9961
90.2930,127.02,32.2886,3.2446,8.1233,358.0109,355.3198,359.4738,-0.0411,-0.0934,-0.4367,-0.0815,0.0347,0.9961
90.3130,127.02,32.2878,3.2429,8.1145,358.0121,355.3184,359.4606,-0.0385,-0.0859,-0.4416,-0.0816,0.0347,0.9961
90.3330,127.02,32.2871,3.2413,8.1056,358.0143,355.3169,359.4478,-0.0360,-0.0778,-0.4465,-0.0816,0.0346,0.9961
90.3530,127.02,32.2864,3.2399,8.0966,358.0175,355.3154,359.4355,-0.0334,-0.0705,-0.4514,-0.0816,0.0346,0.9961
90.3730,127.02,32.2858,3.2387,8.0874,358.0216,355.3139,359.4237,-0.0308,-0.0627,-0.4562,-0.0816,0.0345,0.9961
90.3930,127.02,32.2852,3.2376,8.0782,358.0267,355.3123,359.4123,-0.0281,-0.0555,-0.4610,-0.0817,0.0344,0.9961
90.4130,127.02,32.2847,3.2366,8.0689,358.0326,355.3108,359.4014,-0.0254,-0.0479,-0.4657,-0.0817,0.0343,0.9961
90.4330,127.02,32.2843,3.2358,8.0595,358.0394,355.3092,359.3910,-0.0227,-0.0409,-0.4704,-0.0817,0.0342,0.9961
90.4530,127.02,32.2839,3.2351,8.0500,358.0471,355.3075,359.3810,-0.0200,-0.0335,-0.4751,-0.0818,0.0341,0.9961
90.4730,127.02,32.2835,3.2346,8.0404,358.0557,355.3058,359.3714,-0.0173,-0.0267,-0.4796,-0.0818,0.0339,0.9961
90.4930,127.02,32.2832,3.2342,8.0307,358.0651,355.3042,359.3623,-0.0145,-0.0195,-0.4842,-0.0818,0.0338,0.9961
90.5130,127.02,32.2830,3.2339,8.0209,358.0753,355.3025,359.3537,-0.0118,-0.0129,-0.4887,-0.0818,0.0336,0.9961
90.5330,129.16,32.2828,3.2338,8.0111,358.0864,355.3007,359.3455,-0.0090,-0.0060,-0.4931,-0.0819,0.0334,0.9961
90.5530,129.16,32.2827,3.2338,8.0011,358.0982,355.2990,359.3377,-0.0062,0.0006,-0.4974,-0.0819,0.0332,0.9961
90.5730,129.16,32.2826,3.2340,7.9911,358.1108,355.2972,359.3304,-0.0034,0.0073,-0.5017,-0.0819,0.0330,0.9961
90.5930,129.16,32.2826,3.2342,7.9810,358.1241,355.2954,359.3235,-0.0006,0.0136,-0.5060,-0.0820,0.0327,0.9961
90.6130,129.16,32.2827,3.2346,7.9708,358.1382,355.2936,359.3170,0.0022,0.0201,-0.5101,-0.0820,0.0325,0.9961
90.6330,129.16,32.2828,3.2352,7.9605,358.1530,355.2917,359.3110,0.0050,0.0263,-0.5142,-0.0820,0.0322,0.9961
90.6530,129.16,32.2829,3.2358,7.9501,358.1686,355.2899,359.3054,0.0079,0.0326,-0.5182,-0.0821,0.0320,0.9961
90.6730,129.16,32.2831,3.2366,7.9397,358.1848,355.2881,359.3002,0.0107,0.0386,-0.5222,-0.0821,0.0317,0.9961
90.6930,129.16,32.2834,3.2375,7.9292,358.2017,355.2862,359.2954,0.0135,0.0447,-0.5260,-0.0821,0.0314,0.9961
90.7130,129.16,32.2837,3.2385,7.9186,358.2192,355.2844,359.2910,0.0163,0.0506,-0.5298,-0.0822,0.0311,0.9961
90.7330,129.16,32.2841,3.2396,7.9079,358.2373,355.2825,359.2870,0.0192,0.0565,-0.5336,-0.0822,0.0308,0.9961
90.7530,129.16,32.2845,3.2409,7.8972,358.2561,355.2807,359.2834,0.0220,0.0622,-0.5372,-0.0822,0.0304,0.9961
90.7730,129.16,32.2850,3.2422,7.8863,358.2755,355.2788,359.2803,0.0248,0.0679,-0.5407,-0.0823,0.0301,0.9962
90.7930,129.16,32.2856,3.2437,7.8755,358.2954,355.2769,359.2775,0.0276,0.0734,-0.5442,-0.0823,0.0297,0.9962
90.8130,129.16,32.2862,3.2453,7.8645,358.3159,355.2751,359.2750,0.0304,0.0790,-0.5476,-0.0823,0.0294,0.9962
90.8330,129.16,32.2869,3.2470,7.8535,358.3369,355.2732,359.2730,0.0331,0.0843,-0.5509,-0.0824,0.0290,0.9962
90.8530,129.16,32.2876,3.2487,7.8424,358.3585,355.2714,359.2713,0.0359,0.0897,-0.5541,-0.0824,0.0286,0.9962
90.8730,129.16,32.2884,3.2506,7.8313,358.3805,355.2696,359.2700,0.0387,0.0949,-0.5572,-0.0824,0.0283,0.9962
90.8930,129.16,32.2892,3.2526,7.8201,358.4030,355.2677,359.2690,0.0414,0.1001,-0.5603,-0.0825,0.0279,0.9962
90.9130,129.16,32.2901,3.2548,7.8088,358.4260,355.2659,359.2684,0.0441,0.1052,-0.5632,-0.0825,0.0275,0.9962
90.9330,129.16,32.2910,3.2570,7.7975,358.4495,355.2641,359.2681,0.0468,0.1102,-0.5660,-0.0825,0.0271,0.9962
90.9530,129.16,32.2920,3.2593,7.7861,358.4733,355.2623,359.2682,0.0495,0.1151,-0.5688,-0.0826,0.0266,0.9962
90.9730,129.16,32.2930,3.2617,7.7747,358.4976,355.2606,359.2686,0.0522,0.1200,-0.5715,-0.0826,0.0262,0.9962
90.9930,129.16,32.2941,3.2642,7.7632,358.5222,355.2588,359.2693,0.0548,0.1247,-0.5740,-0.0826,0.0258,0.9962
91.0130,129.16,32.2953,3.2667,7.7517,358.5473,355.2571,359.2703,0.0575,0.1294,-0.5765,-0.0827,0.0254,0.9963
91.0330,129.16,32.2965,3.2694,7.7401,358.5727,355.2554,359.2717,0.0601,0.1340,-0.5789,-0.0827,0.0249,0.9963
91.0530,129.16,32.2977,3.2722,7.7285,358.5984,355.2537,359.2733,0.0627,0.1385,-0.5812,-0.0827,0.0245,0.9963
91.0730,129.16,32.2990,3.2750,7.7168,358.6244,355.2520,359.2752,0.0652,0.1430,-0.5833,-0.0827,0.0240,0.9963
91.0930,129.16,32.3004,3.2780,7.7051,358.6508,355.2504,359.2775,0.0677,0.1474,-0.5854,-0.0828,0.0235,0.9963
91.1130,129.16,32.3018,3.2810,7.6933,358.6774,355.2488,359.2800,0.0703,0.1517,-0.5874,-0.0828,0.0231,0.9963
91.1330,129.16,32.3033,3.2841,7.6815,358.7043,355.2472,359.2828,0.0727,0.1559,-0.5893,-0.0828,0.0226,0.9963
91.1530,129.16,32.3048,3.2873,7.6697,358.7314,355.2457,359.2858,0.0752,0.1600,-0.5911,-0.0829,0.0221,0.9963
91.1730,129.16,32.3063,3.2906,7.6579,358.7588,355.2442,359.2891,0.0776,0.1641,-0.5928,-0.0829,0.0217,0.9963
91.1930,129.16,32.3079,3.2940,7.6460,358.7864,355.2427,359.2927,0.0800,0.1681,-0.5944,-0.0829,0.0212,0.9963
91.2130,129.16,32.3096,3.2974,7.6341,358.8141,355.2412,359.2965,0.0823,0.1721,-0.5959,-0.0829,0.0207,0.9963
91.2330,129.16,32.3113,3.3010,7.6221,358.8421,355.2398,359.3006,0.0847,0.1759,-0.5973,-0.0830,0.0202,0.9963
91.2530,129.16,32.3130,3.3045,7.6101,358.8703,355.2385,359.3049,0.0870,0.1798,-0.5986,-0.0830,0.0197,0.9964
91.2730,129.16,32.3148,3.3082,7.5981,358.8986,355.2371,359.3094,0.0892,0.1835,-0.5998,-0.0830,0.0192,0.9964
91.2930,129.16,32.3166,3.3120,7.5861,358.9270,355.2358,359.3142,0.0915,0.1871,-0.6009,-0.0830,0.0187,0.9964
91.3130,129.16,32.3185,3.3158,7.5741,358.9555,355.2346,359.3192,0.0937,0.1907,-0.6019,-0.0831,0.0182,0.9964
91.3330,129.16,32.3204,3.3197,7.5620,358.9842,355.2333,359.3243,0.0958,0.1942,-0.6028,-0.0831,0.0177,0.9964
91.3530,129.16,32.3224,3.3236,7.5500,359.0129,355.2321,359.3297,0.0979,0.1977,-0.6036,-0.0831,0.0172,0.9964
91.3730,129.16,32.3244,3.3276,7.5379,359.0417,355.2310,359.3353,0.1000,0.2011,-0.6043,-0.0831,0.0167,0.9964
91.3930,129.16,32.3264,3.3317,7.5258,359.0706,355.2299,359.3410,0.1021,0.2044,-0.6049,-0.0831,0.0162,0.9964
91.4130,129.16,32.3285,3.3359,7.5137,359.0995,355.2288,359.3470,0.1041,0.2076,-0.6054,-0.0832,0.0157,0.9964
91.4330,129.16,32.3306,3.3401,7.5016,359.1285,355.2278,359.3531,0.1061,0.2108,-0.6058,-0.0832,0.0152,0.9964
91.4530,129.16,32.3328,3.3444,7.4894,359.1575,355.2268,359.3593,0.1080,0.2139,-0.6061,-0.0832,0.0147,0.9964
91.4730,129.16,32.3350,3.3487,7.4773,359.1865,355.2259,359.3658,0.1099,0.2170,-0.6063,-0.0832,0.0142,0.9964
91.4930,129.16,32.3372,3.3531,7.4652,359.2155,355.2250,359.3724,0.1118,0.2200,-0.6064,-0.0832,0.0137,0.9964
91.5130,129.16,32.3395,3.3576,7.4531,359.2444,355.2242,359.3792,0.1136,0.2229,-0.6065,-0.0833,0.0132,0.9964
91.5330,129.36,32.3418,3.3621,7.4409,359.2734,355.2234,359.3860,0.1154,0.2258,-0.6064,-0.0833,0.0127,0.9964
91.5530,129.36,32.3441,3.3667,7.4288,359.3022,355.2226,359.3931,0.1172,0.2286,-0.6062,-0.0833,0.0122,0.9965
91.5730,129.36,32.3465,3.3713,7.4167,359.3311,355.2219,359.4002,0.1189,0.2313,-0.6060,-0.0833,0.0117,0.9965
91.5930,129.36,32.3489,3.3760,7.4046,359.3598,355.2213,359.4075,0.1206,0.2340,-0.6056,-0.0833,0.0112,0.9965
91.6130,129.36,32.3514,3.3807,7.3925,359.3885,355.2206,359.4149,0.1222,0.2366,-0.6052,-0.0833,0.0107,0.9965
91.6330,129.36,32.3538,3.3855,7.3804,359.4171,355.2200,359.4224,0.1238,0.2392,-0.6047,-0.0833,0.0102,0.9965
91.6530,129.36,32.3563,3.3903,7.3683,359.4456,355.2195,359.4300,0.1254,0.2417,-0.6040,-0.0833,0.0097,0.9965
91.6730,129.36,32.3589,3.3952,7.3562,359.4739,355.2190,359.4377,0.1269,0.2441,-0.6033,-0.0833,0.0092,0.9965
91.6930,129.36,32.3614,3.4001,7.3442,359.5022,355.2186,359.4456,0.1284,0.2465,-0.6025,-0.0834,0.0087,0.9965
91.7130,129.36,32.3640,3.4051,7.3321,359.5303,355.2182,359.4535,0.1298,0.2488,-0.6016,-0.0834,0.0082,0.9965
91.7330,129.36,32.3667,3.4101,7.3201,359.5583,355.2178,359.4615,0.1312,0.2511,-0.6007,-0.0834,0.0077,0.9965
91.7530,129.36,32.3693,3.4152,7.3081,359.5861,355.2175,359.4695,0.1325,0.2533,-0.5996,-0.0834,0.0072,0.9965
91.7730,129.36,32.3720,3.4203,7.2962,359.6137,355.2173,359.4777,0.1338,0.2555,-0.5984,-0.0834,0.0067,0.9965
91.7930,129.36,32.3747,3.4254,7.2842,359.6412,355.2170,359.4859,0.1351,0.2576,-0.5972,-0.0834,0.0063,0.9965
91.8130,129.36,32.3775,3.4438,7.2722,359.6627,355.2171,359.4914,0.0887,0.3115,-0.6155,-0.0834,0.0059,0.9965
91.8330,129.36,32.3797,3.4512,7.2601,359.6922,355.2145,359.4878,0.0902,0.3362,-0.6194,-0.0834,0.0054,0.9965
91.8530,129.36,32.3816,3.4576,7.2478,359.7245,355.2108,359.4814,0.0922,0.3185,-0.6172,-0.0835,0.0048,0.9965
91.8730,129.36,32.3834,3.4643,7.2355,359.7560,355.2075,359.4756,0.0938,0.3365,-0.6155,-0.0835,0.0043,0.9965
91.8930,129.36,32.3853,3.4708,7.2232,359.7877,355.2043,359.4702,0.0952,0.3213,-0.6137,-0.0836,0.0037,0.9965
91.9130,129.36,32.3873,3.4775,7.2110,359.8186,355.2015,359.4652,0.0968,0.3370,-0.6118,-0.0837,0.0032,0.9965
91.9330,129.36,32.3892,3.4840,7.1988,359.8496,355.1988,359.4607,0.0981,0.3238,-0.6098,-0.0837,0.0026,0.9965
91.9530,129.36,32.3912,3.4907,7.1866,359.8799,355.1964,359.4566,0.0997,0.3374,-0.6077,-0.0837,0.0021,0.9965
91.9730,129.36,32.3933,3.4972,7.1745,359.9102,355.1941,359.4530,0.1010,0.3260,-0.6056,-0.0838,0.0016,0.9965
91.9930,129.36,32.3953,3.5040,7.1624,359.9399,355.1921,359.4497,0.1026,0.3378,-0.6033,-0.0838,0.0010,0.9965
92.0130,129.36,32.3974,3.5106,7.1504,359.9695,355.1902,359.4469,0.1040,0.3280,-0.6010,-0.0838,0.0005,0.9965
92.0330,129.36,32.3995,3.5173,7.1384,-0.0015,355.1886,359.4445,0.1055,0.3381,-0.5985,-0.0839,0.0000,0.9965
92.0530,129.36,32.4016,3.5239,7.1265,0.0273,355.1871,359.4425,0.1068,0.3296,-0.5960,-0.0839,-0.0005,0.9965
92.0730,129.36,32.4038,3.5307,7.1147,0.0556,355.1858,359.4409,0.1083,0.3384,-0.5934,-0.0839,-0.0010,0.9965
92.0930,129.36,32.4060,3.5373,7.1028,0.0837,355.1847,359.4396,0.1097,0.3310,-0.5907,-0.0839,-0.0015,0.9965
92.1130,129.36,32.4082,3.5441,7.0911,0.1112,355.1837,359.4388,0.1112,0.3386,-0.5879,-0.0840,-0.0019,0.9965
92.1330,129.36,32.4105,3.5507,7.0794,0.1386,355.1829,359.4383,0.1125,0.3322,-0.5851,-0.0840,-0.0024,0.9965
92.1530,129.36,32.4127,3.5575,7.0677,0.1653,355.1823,359.4381,0.1139,0.3387,-0.5822,-0.0840,-0.0029,0.9965
92.1730,129.36,32.4150,3.5642,7.0561,0.1919,355.1818,359.4384,0.1153,0.3331,-0.5792,-0.0840,-0.0033,0.9965
92.1930,129.36,32.4174,3.5709,7.0446,0.2179,355.1814,359.4389,0.1167,0.3388,-0.5761,-0.0840,-0.0038,0.9965
92.2130,129.36,32.4197,3.5776,7.0332,0.2437,355.1812,359.4398,0.1179,0.3339,-0.5730,-0.0840,-0.0043,0.9965
92.2330,129.36,32.4221,3.5844,7.0218,0.2689,355.1811,359.4410,0.1193,0.3387,-0.5698,-0.0840,-0.0047,0.9965
92.2530,129.36,32.4245,3.5911,7.0104,0.2939,355.1811,359.4426,0.1206,0.3344,-0.5665,-0.0840,-0.0051,0.9965
92.2730,129.36,32.4270,3.5978,6.9992,0.3184,355.1812,359.4444,0.1219,0.3386,-0.5632,-0.0840,-0.0056,0.9965
92.2930,129.36,32.4294,3.6045,6.9880,0.3425,355.1815,359.4466,0.1231,0.3348,-0.5598,-0.0840,-0.0060,0.9964
92.3130,129.36,32.4319,3.6113,6.9769,0.3662,355.1818,359.4490,0.1244,0.3384,-0.5563,-0.0840,-0.0064,0.9964
92.3330,129.36,32.4344,3.6180,6.9658,0.3895,355.1823,359.4518,0.1256,0.3350,-0.5528,-0.0840,-0.0068,0.9964
92.3530,129.36,32.4370,3.6248,6.9548,0.4123,355.1828,359.4548,0.1268,0.3380,-0.5492,-0.0840,-0.0072,0.9964
92.3730,129.36,32.4395,3.6315,6.9439,0.4349,355.1835,359.4581,0.1280,0.3350,-0.5456,-0.0840,-0.0076,0.9964
92.3930,129.36,32.4421,3.6382,6.9331,0.4569,355.1842,359.4617,0.1292,0.3376,-0.5418,-0.0839,-0.0080,0.9964
92.4130,129.36,32.4447,3.6449,6.9223,0.4786,355.1850,359.4656,0.1303,0.3349,-0.5381,-0.0839,-0.0084,0.9964
92.4330,129.36,32.4474,3.6517,6.9116,0.4998,355.1859,359.4697,0.1314,0.3371,-0.5343,-0.0839,-0.0087,0.9964
92.4530,129.36,32.4500,3.6584,6.9010,0.5206,355.1869,359.4740,0.1325,0.3347,-0.5304,-0.0839,-0.0091,0.9964
92.4730,129.36,32.4527,3.6651,6.8905,0.5410,355.1879,359.4786,0.1336,0.3365,-0.5265,-0.0839,-0.0094,0.9964
92.4930,129.36,32.4554,3.6718,6.8800,0.5610,355.1890,359.4834,0.1346,0.3343,-0.5226,-0.0839,-0.0098,0.9964
92.5130,129.36,32.4581,3.6785,6.8697,0.5806,355.1902,359.4884,0.1356,0.3357,-0.5186,-0.0838,-0.0101,0.9964
92.5330,123.51,32.4608,3.6852,6.8594,0.5997,355.1914,359.4937,0.1366,0.3337,-0.5145,-0.0838,-0.0105,0.9964
92.5530,123.51,32.4636,3.6919,6.8492,0.6185,355.1927,359.4992,0.1375,0.3349,-0.5104,-0.0838,-0.0108,0.9964
92.5730,123.51,32.4663,3.6985,6.8390,0.6368,355.1940,359.5049,0.1385,0.3331,-0.5063,-0.0838,-0.0111,0.9964
92.5930,123.51,32.4691,3.7052,6.8290,0.6547,355.1954,359.5107,0.1394,0.3340,-0.5021,-0.0838,-0.0114,0.9964
92.6130,123.51,32.4719,3.7118,6.8190,0.6722,355.1969,359.5168,0.1402,0.3323,-0.4979,-0.0837,-0.0117,0.9964
92.6330,123.51,32.4747,3.7185,6.8092,0.6892,355.1983,359.5230,0.1411,0.3330,-0.4937,-0.0837,-0.0120,0.9964
92.6530,123.51,32.4776,3.7251,6.7994,0.7059,355.1999,359.5294,0.1419,0.3314,-0.4894,-0.0837,-0.0123,0.9964
92.6730,123.51,32.4804,3.7318,6.7897,0.7221,355.2014,359.5360,0.1427,0.3319,-0.4851,-0.0836,-0.0126,0.9964
92.6930,123.51,32.4833,3.7384,6.7801,0.7380,355.2030,359.5428,0.1434,0.3304,-0.4808,-0.0836,-0.0129,0.9964
92.7130,123.51,32.4862,3.7450,6.7705,0.7534,355.2046,359.5497,0.1442,0.3307,-0.4764,-0.0836,-0.0131,0.9964
92.7330,123.51,32.4891,3.7516,6.7611,0.7684,355.2062,359.5568,0.1449,0.3293,-0.4720,-0.0836,-0.0134,0.9964
92.7530,123.51,32.4920,3.7582,6.7517,0.7829,355.2079,359.5640,0.1455,0.3294,-0.4675,-0.0835,-0.0137,0.9964
92.7730,123.51,32.4949,3.7647,6.7425,0.7971,355.2096,359.5713,0.1462,0.3281,-0.4631,-0.0835,-0.0139,0.9964
92.7930,123.51,32.4979,3.7713,6.7333,0.8109,355.2113,359.5788,0.1468,0.3281,-0.4586,-0.0835,-0.0142,0.9964
92.8130,123.51,32.5008,3.7778,6.7242,0.8243,355.2130,359.5864,0.1473,0.3268,-0.4541,-0.0834,-0.0144,0.9964
92.8330,123.51,32.5038,3.7844,6.7152,0.8372,355.2147,359.5941,0.1479,0.3266,-0.4495,-0.0834,-0.0146,0.9964
92.8530,123.51,32.5067,3.7909,6.7063,0.8497,355.2165,359.6019,0.1484,0.3253,-0.4450,-0.0834,-0.0148,0.9964
92.8730,123.51,32.5097,3.7974,6.6975,0.8619,355.2183,359.6099,0.1489,0.3251,-0.4404,-0.0834,-0.0150,0.9964
92.8930,123.51,32.5127,3.8038,6.6888,0.8736,355.2200,359.6179,0.1493,0.3239,-0.4359,-0.0833,-0.0152,0.9964
92.9130,123.51,32.5157,3.8103,6.6802,0.8850,355.2218,359.6260,0.1498,0.3235,-0.4312,-0.0833,-0.0154,0.9964
92.9330,123.51,32.5187,3.8168,6.6716,0.8959,355.2236,359.6342,0.1501,0.3223,-0.4266,-0.0833,-0.0156,0.9964
92.9530,123.51,32.5217,3.8232,6.6632,0.9065,355.2254,359.6425,0.1505,0.3218,-0.4220,-0.0832,-0.0158,0.9964
92.9730,123.51,32.5247,3.8296,6.6549,0.9166,355.2272,359.6509,0.1508,0.3206,-0.4174,-0.0832,-0.0160,0.9964
92.9930,123.51,32.5277,3.8360,6.6466,0.9264,355.2289,359.6593,0.1511,0.3201,-0.4127,-0.0832,-0.0162,0.9964
93.0130,123.51,32.5308,3.8424,6.6384,0.9358,355.2307,359.6678,0.1514,0.3189,-0.4080,-0.0831,-0.0163,0.9964
93.0330,123.51,32.5338,3.8488,6.6304,0.9448,355.2325,359.6764,0.1516,0.3183,-0.4034,-0.0831,-0.0165,0.9964
93.0530,123.51,32.5368,3.8551,6.6224,0.9534,355.2343,359.6851,0.1518,0.3171,-0.3987,-0.0831,-0.0166,0.9964
93.0730,123.51,32.5399,3.8614,6.6145,0.9616,355.2361,359.6937,0.1520,0.3164,-0.3940,-0.0830,-0.0168,0.9964
93.0930,123.51,32.5429,3.8677,6.6067,0.9695,355.2379,359.7025,0.1521,0.3152,-0.3893,-0.0830,-0.0169,0.9964
93.1130,123.51,32.5460,3.8740,6.5990,0.9770,355.2396,359.7112,0.1522,0.3144,-0.3846,-0.0830,-0.0171,0.9964
93.1330,123.51,32.5490,3.8803,6.5914,0.9841,355.2414,359.7200,0.1523,0.3132,-0.3799,-0.0829,-0.0172,0.9964
93.1530,123.51,32.5521,3.8865,6.5839,0.9908,355.2431,359.7288,0.1523,0.3124,-0.3752,-0.0829,-0.0173,0.9964
93.1730,123.51,32.5551,3.8928,6.5765,0.9972,355.2448,359.7377,0.1524,0.3112,-0.3705,-0.0829,-0.0174,0.9964
93.1930,123.51,32.5582,3.8990,6.5692,1.0032,355.2466,359.7466,0.1523,0.3103,-0.3658,-0.0829,-0.0175,0.9964
93.2130,123.51,32.5612,3.9051,6.5620,1.0089,355.2483,359.7554,0.1523,0.3091,-0.3612,-0.0828,-0.0176,0.9964
93.2330,123.51,32.5642,3.9113,6.5549,1.0142,355.2500,359.7643,0.1522,0.3082,-0.3565,-0.0828,-0.0177,0.9964
93.2530,123.51,32.5673,3.9174,6.5478,1.0192,355.2516,359.7732,0.1521,0.3070,-0.3518,-0.0828,-0.0178,0.9964
93.2730,123.51,32.5703,3.9236,6.5409,1.0238,355.2533,359.7821,0.1520,0.3060,-0.3471,-0.0827,-0.0179,0.9964
93.2930,123.51,32.5734,3.9297,6.5340,1.0281,355.2549,359.7910,0.1518,0.3048,-0.3424,-0.0827,-0.0179,0.9964
93.3130,123.51,32.5764,3.9357,6.5273,1.0320,355.2566,359.7999,0.1516,0.3038,-0.3378,-0.0827,-0.0180,0.9964
93.3330,123.51,32.5794,3.9418,6.5206,1.0356,355.2582,359.8088,0.1514,0.3025,-0.3331,-0.0827,-0.0181,0.9964
93.3530,123.51,32.5824,3.9478,6.5140,1.0389,355.2598,359.8176,0.1512,0.3015,-0.3285,-0.0826,-0.0181,0.9964
93.3730,123.51,32.5855,3.9538,6.5076,1.0418,355.2613,359.8265,0.1509,0.3002,-0.3239,-0.0826,-0.0182,0.9964
93.3930,123.51,32.5885,3.9598,6.5012,1.0444,355.2629,359.8353,0.1506,0.2991,-0.3192,-0.0826,-0.0182,0.9964
93.4130,123.51,32.5915,3.9658,6.4949,1.0467,355.2644,359.8441,0.1502,0.2979,-0.3146,-0.0825,-0.0183,0.9964
93.4330,123.51,32.5945,3.9717,6.4887,1.0487,355.2659,359.8528,0.1499,0.2968,-0.3100,-0.0825,-0.0183,0.9964
93.4530,123.51,32.5975,3.9776,6.4826,1.0503,355.2674,359.8616,0.1495,0.2955,-0.3055,-0.0825,-0.0183,0.9964
93.4730,123.51,32.6004,3.9835,6.4766,1.0517,355.2689,359.8702,0.1491,0.2943,-0.3009,-0.0825,-0.0184,0.9964
93.4930,123.51,32.6034,3.9894,6.4706,1.0527,355.2703,359.8789,0.1486,0.2931,-0.2964,-0.0824,-0.0184,0.9964
93.5130,123.51,32.6064,3.9952,6.4648,1.0535,355.2718,359.8875,0.1481,0.2919,-0.2918,-0.0824,-0.0184,0.9964
93.5330,123.51,32.6093,4.0010,6.4591,1.0539,355.2732,359.8960,0.1476,0.2906,-0.2873,-0.0824,-0.0184,0.9964
93.5530,128.33,32.6123,4.0068,6.4534,1.0541,355.2745,359.9045,0.1471,0.2894,-0.2828,-0.0824,-0.0184,0.9964
93.5730,128.33,32.6152,4.0126,6.4478,1.0539,355.2759,359.9130,0.1466,0.2881,-0.2784,-0.0823,-0.0184,0.9964
93.5930,128.33,32.6181,4.0183,6.4424,1.0535,355.2772,359.9214,0.1460,0.2869,-0.2739,-0.0823,-0.0184,0.9964
93.6130,128.33,32.6210,4.0240,6.4370,1.0528,355.2785,359.9297,0.1454,0.2855,-0.2695,-0.0823,-0.0184,0.9964
93.6330,128.33,32.6239,4.0297,6.4317,1.0519,355.2798,359.9380,0.1448,0.2843,-0.2651,-0.0823,-0.0184,0.9964
93.6530,128.33,32.6268,4.0353,6.4264,1.0506,355.2811,359.9461,0.1441,0.2830,-0.2607,-0.0823,-0.0183,0.9964
93.6730,128.33,32.6297,4.0410,6.4213,1.0491,355.2823,359.9543,0.1435,0.2817,-0.2563,-0.0822,-0.0183,0.9964
93.6930,128.33,32.6325,4.0466,6.4163,1.0474,355.2835,359.9623,0.1428,0.2804,-0.2520,-0.0822,-0.0183,0.9964
93.7130,128.33,32.6354,4.0522,6.4113,1.0454,355.2847,359.9703,0.1421,0.2791,-0.2477,-0.0822,-0.0182,0.9964
93.7330,128.33,32.6382,4.0577,6.4065,1.0431,355.2859,359.9782,0.1413,0.2777,-0.2434,-0.0822,-0.0182,0.9965
93.7530,128.33,32.6410,4.0632,6.4017,1.0406,355.2870,359.9860,0.1406,0.2764,-0.2392,-0.0822,-0.0182,0.9965
93.7730,128.33,32.6438,4.0687,6.3970,1.0378,355.2881,359.9938,0.1398,0.2751,-0.2349,-0.0821,-0.0181,0.9965
93.7930,128.33,32.6466,4.0742,6.3924,1.0348,355.2892,0.0014,0.1390,0.2737,-0.2307,-0.0821,-0.0181,0.9965
93.8130,128.33,32.6494,4.0797,6.3878,1.0316,355.2903,0.0090,0.1382,0.2724,-0.2266,-0.0821,-0.0180,0.9965
93.8330,128.33,32.6521,4.0851,6.3834,1.0281,355.2914,0.0165,0.1374,0.2710,-0.2224,-0.0821,-0.0179,0.9965
93.8530,128.33,32.6548,4.0905,6.3790,1.0244,355.2924,0.0239,0.1365,0.2697,-0.2183,-0.0821,-0.0179,0.9965
93.8730,128.33,32.6576,4.0959,6.3747,1.0205,355.2934,0.0312,0.1356,0.2683,-0.2142,-0.0820,-0.0178,0.9965
93.8930,128.33,32.6602,4.1012,6.3705,1.0164,355.2944,0.0384,0.1347,0.2669,-0.2102,-0.0820,-0.0177,0.9965
93.9130,128.33,32.6629,4.1065,6.3664,1.0121,355.2953,0.0455,0.1338,0.2656,-0.2062,-0.0820,-0.0177,0.9965
93.9330,128.33,32.6656,4.1118,6.3624,1.0075,355.2963,0.0525,0.1329,0.2642,-0.2022,-0.0820,-0.0176,0.9965
93.9530,128.33,32.6682,4.1170,6.3584,1.0028,355.2972,0.0594,0.1319,0.2628,-0.1982,-0.0820,-0.0175,0.9965
93.9730,128.33,32.6708,4.1223,6.3545,0.9979,355.2981,0.0662,0.1310,0.2614,-0.1943,-0.0820,-0.0174,0.9965
93.9930,128.33,32.6734,4.1275,6.3507,0.9927,355.2990,0.0729,0.1300,0.2601,-0.1904,-0.0819,-0.0173,0.9965
94.0130,128.33,32.6760,4.1326,6.3470,0.9874,355.2998,0.0795,0.1290,0.2587,-0.1866,-0.0819,-0.0172,0.9965
94.0330,128.33,32.6786,4.1378,6.3433,0.9819,355.3006,0.0860,0.1280,0.2573,-0.1828,-0.0819,-0.0171,0.9965
94.0530,128.33,32.6811,4.1429,6.3397,0.9762,355.3014,0.0924,0.1269,0.2559,-0.1790,-0.0819,-0.0170,0.9965
94.0730,128.33,32.6836,4.1480,6.3362,0.9704,355.3022,0.0987,0.1259,0.2545,-0.1752,-0.0819,-0.0169,0.9965
94.0930,128.33,32.6861,4.1531,6.3328,0.9643,355.3029,0.1049,0.1248,0.2531,-0.1715,-0.0819,-0.0168,0.9965
94.1130,128.33,32.6886,4.1581,6.3294,0.9582,355.3037,0.1110,0.1237,0.2517,-0.1678,-0.0819,-0.0167,0.9965
94.1330,128.33,32.6911,4.1631,6.3262,0.9518,355.3044,0.1169,0.1227,0.2503,-0.1642,-0.0819,-0.0166,0.9965
94.1530,128.33,32.6935,4.1681,6.3229,0.9453,355.3051,0.1228,0.1216,0.2489,-0.1606,-0.0818,-0.0165,0.9965
94.1730,128.33,32.6959,4.1730,6.3198,0.9386,355.3058,0.1285,0.1204,0.2475,-0.1570,-0.0818,-0.0164,0.9965
94.1930,128.33,32.6983,4.1779,6.3167,0.9318,355.3064,0.1341,0.1193,0.2461,-0.1535,-0.0818,-0.0163,0.9965
94.2130,128.33,32.7007,4.1828,6.3137,0.9249,355.3071,0.1396,0.1182,0.2446,-0.1500,-0.0818,-0.0161,0.9965
94.2330,128.33,32.7030,4.1877,6.3108,0.9178,355.3077,0.1450,0.1170,0.2432,-0.1465,-0.0818,-0.0160,0.9965
94.2530,128.33,32.7053,4.1925,6.3079,0.9106,355.3083,0.1503,0.1159,0.2418,-0.1431,-0.0818,-0.0159,0.9965
94.2730,128.33,32.7076,4.1974,6.3052,0.9032,355.3089,0.1555,0.1147,0.2404,-0.1397,-0.0818,-0.0158,0.9965
94.2930,128.33,32.7099,4.2021,6.3024,0.8958,355.3094,0.1605,0.1135,0.2390,-0.1364,-0.0818,-0.0156,0.9965
94.3130,128.33,32.7121,4.2069,6.2998,0.8882,355.3100,0.1655,0.1123,0.2376,-0.1331,-0.0818,-0.0155,0.9965
94.3330,128.33,32.7143,4.2116,6.2972,0.8805,355.3105,0.1703,0.1112,0.2362,-0.1298,-0.0817,-0.0154,0.9965
94.3530,128.33,32.7165,4.2163,6.2946,0.8726,355.3110,0.1750,0.1099,0.2348,-0.1266,-0.0817,-0.0152,0.9965
94.3730,128.33,32.7187,4.2210,6.2922,0.8647,355.3115,0.1795,0.1087,0.2333,-0.1234,-0.0817,-0.0151,0.9965
94.3930,128.33,32.7209,4.2256,6.2898,0.8567,355.3120,0.1840,0.1075,0.2319,-0.1202,-0.0817,-0.0150,0.9965
94.4130,128.33,32.7230,4.2302,6.2874,0.8486,355.3124,0.1883,0.1063,0.2305,-0.1171,-0.0817,-0.0148,0.9965
94.4330,128.33,32.7251,4.2348,6.2851,0.8403,355.3129,0.1926,0.1050,0.2291,-0.1140,-0.0817,-0.0147,0.9965
94.4530,128.33,32.7272,4.2394,6.2829,0.8320,355.3133,0.1967,0.1038,0.2277,-0.1110,-0.0817,-0.0145,0.9966
94.4730,128.33,32.7292,4.2439,6.2808,0.8236,355.3137,0.2007,0.1026,0.2263,-0.1080,-0.0817,-0.0144,0.9966
94.4930,128.33,32.7312,4.2484,6.2787,0.8151,355.3141,0.2045,0.1013,0.2249,-0.1051,-0.0817,-0.0142,0.9966
94.5130,128.33,32.7333,4.2528,6.2766,0.8066,355.3145,0.2083,0.1000,0.2235,-0.1021,-0.0817,-0.0141,0.9966
94.5330,128.33,32.7352,4.2573,6.2746,0.7979,355.3148,0.2119,0.0988,0.2220,-0.0993,-0.0817,-0.0139,0.9966
94.5530,127.60,32.7372,4.2617,6.2727,0.7892,355.3152,0.2154,0.0975,0.2206,-0.0964,-0.0817,-0.0138,0.9966
94.5730,127.60,32.7391,4.2661,6.2708,0.7804,355.3155,0.2188,0.0963,0.2192,-0.0936,-0.0817,-0.0136,0.9966
94.5930,127.60,32.7410,4.2704,6.2690,0.7716,355.3158,0.2221,0.0950,0.2178,-0.0909,-0.0817,-0.0135,0.9966
94.6130,127.60,32.7429,4.2748,6.2672,0.7627,355.3161,0.2253,0.0937,0.2164,-0.0882,-0.0817,-0.0133,0.9966
94.6330,127.60,32.7447,4.2791,6.2655,0.7537,355.3164,0.2283,0.0924,0.2150,-0.0855,-0.0816,-0.0132,0.9966
94.6530,127.60,32.7465,4.2833,6.2639,0.7447,355.3167,0.2313,0.0911,0.2136,-0.0829,-0.0816,-0.0130,0.9966
94.6730,127.60,32.7483,4.2876,6.2623,0.7357,355.3170,0.2341,0.0899,0.2122,-0.0803,-0.0816,-0.0128,0.9966
94.6930,127.60,32.7501,4.2918,6.2607,0.7266,355.3172,0.2368,0.0886,0.2108,-0.0777,-0.0816,-0.0127,0.9966
94.7130,127.60,32.7519,4.2960,6.2592,0.7174,355.3174,0.2394,0.0873,0.2095,-0.0752,-0.0816,-0.0125,0.9966
94.7330,127.60,32.7536,4.3002,6.2578,0.7083,355.3177,0.2419,0.0860,0.2081,-0.0727,-0.0816,-0.0124,0.9966
94.7530,127.60,32.7553,4.3043,6.2564,0.6991,355.3179,0.2442,0.0847,0.2067,-0.0703,-0.0816,-0.0122,0.9966
94.7730,127.60,32.7569,4.3084,6.2550,0.6898,355.3181,0.2465,0.0834,0.2053,-0.0679,-0.0816,-0.0120,0.9966
94.7930,127.60,32.7586,4.3125,6.2537,0.6805,355.3183,0.2486,0.0821,0.2039,-0.0655,-0.0816,-0.0119,0.9966
94.8130,127.60,32.7602,4.3165,6.2524,0.6713,355.3185,0.2507,0.0809,0.2025,-0.0632,-0.0816,-0.0117,0.9966
94.8330,127.60,32.7618,4.3205,6.2512,0.6619,355.3186,0.2526,0.0796,0.2012,-0.0609,-0.0816,-0.0116,0.9966
94.8530,127.60,32.7634,4.3245,6.2500,0.6526,355.3188,0.2544,0.0783,0.1998,-0.0587,-0.0816,-0.0114,0.9966
94.8730,127.60,32.7649,4.3285,6.2489,0.6433,355.3189,0.2561,0.0770,0.1984,-0.0565,-0.0816,-0.0112,0.9966
94.8930,127.60,32.7664,4.3324,6.2478,0.6339,355.3191,0.2577,0.0757,0.1971,-0.0543,-0.0816,-0.0111,0.9966
94.9130,127.60,32.7679,4.3364,6.2468,0.6246,355.3192,0.2592,0.0744,0.1957,-0.0522,-0.0816,-0.0109,0.9966
94.9330,127.60,32.7694,4.3403,6.2458,0.6152,355.3193,0.2606,0.0732,0.1943,-0.0501,-0.0816,-0.0107,0.9966
94.9530,127.60,32.7708,4.3441,6.2448,0.6059,355.3194,0.2619,0.0719,0.1930,-0.0481,-0.0816,-0.0106,0.9966
94.9730,127.60,32.7722,4.3479,6.2439,0.5965,355.3195,0.2631,0.0706,0.1916,-0.0460,-0.0816,-0.0104,0.9966
94.9930,127.60,32.7736,4.3517,6.2430,0.5872,355.3196,0.2641,0.0694,0.1903,-0.0441,-0.0816,-0.0102,0.9966
95.0130,127.60,32.7750,4.3555,6.2422,0.5778,355.3197,0.2651,0.0681,0.1890,-0.0421,-0.0816,-0.0101,0.9966
95.0330,127.60,32.7763,4.3593,6.2414,0.5685,355.3198,0.2660,0.0669,0.1876,-0.0402,-0.0816,-0.0099,0.9966
95.0530,127.60,32.7776,4.3630,6.2406,0.5592,355.3198,0.2668,0.0656,0.1863,-0.0384,-0.0816,-0.0098,0.9966
95.0730,127.60,32.7789,4.3667,6.2399,0.5499,355.3199,0.2675,0.0644,0.1850,-0.0366,-0.0816,-0.0096,0.9966
95.0930,127.60,32.7802,4.3704,6.2392,0.5406,355.3199,0.2680,0.0631,0.1836,-0.0348,-0.0816,-0.0094,0.9966
95.1130,127.60,32.7814,4.3740,6.2385,0.5313,355.3200,0.2685,0.0619,0.1823,-0.0330,-0.0816,-0.0093,0.9966
95.1330,127.60,32.7826,4.3776,6.2379,0.5221,355.3200,0.2689,0.0607,0.1810,-0.0313,-0.0816,-0.0091,0.9966
95.1530,127.60,32.7838,4.3812,6.2373,0.5129,355.3200,0.2692,0.0594,0.1797,-0.0296,-0.0816,-0.0090,0.9966
95.1730,127.60,32.7850,4.3848,6.2367,0.5037,355.3200,0.2695,0.0582,0.1784,-0.0280,-0.0816,-0.0088,0.9966
95.1930,127.60,32.7861,4.3883,6.2362,0.4946,355.3201,0.2696,0.0570,0.1771,-0.0264,-0.0816,-0.0086,0.9966
95.2130,127.60,32.7872,4.3919,6.2357,0.4854,355.3201,0.2696,0.0558,0.1758,-0.0248,-0.0816,-0.0085,0.9966
95.2330,127.60,32.7883,4.3954,6.2352,0.4764,355.3201,0.2696,0.0546,0.1745,-0.0233,-0.0816,-0.0083,0.9966
95.2530,127.60,32.7894,4.3988,6.2348,0.4673,355.3201,0.2694,0.0534,0.1732,-0.0218,-0.0816,-0.0082,0.9966
95.2730,127.60,32.7904,4.4023,6.2344,0.4583,355.3200,0.2692,0.0522,0.1719,-0.0203,-0.0816,-0.0080,0.9966
95.2930,127.60,32.7915,4.4057,6.2340,0.4494,355.3200,0.2689,0.0511,0.1706,-0.0189,-0.0816,-0.0078,0.9966
95.3130,127.60,32.7925,4.4091,6.2337,0.4405,355.3200,0.2685,0.0499,0.1694,-0.0175,-0.0816,-0.0077,0.9966
95.3330,127.60,32.7934,4.4124,6.2333,0.4316,355.3200,0.2680,0.0487,0.1681,-0.0161,-0.0816,-0.0075,0.9966
95.3530,127.60,32.7944,4.4158,6.2331,0.4228,355.3199,0.2675,0.0476,0.1668,-0.0148,-0.0816,-0.0074,0.9966
95.3730,127.60,32.7953,4.4191,6.2328,0.4141,355.3199,0.2668,0.0464,0.1656,-0.0135,-0.0816,-0.0072,0.9966
95.3930,127.60,32.7962,4.4224,6.2325,0.4054,355.3199,0.2661,0.0453,0.1643,-0.0122,-0.0816,-0.0071,0.9966
95.4130,127.60,32.7971,4.4256,6.2323,0.3967,355.3198,0.2654,0.0442,0.1631,-0.0110,-0.0816,-0.0069,0.9966
95.4330,127.60,32.7980,4.4289,6.2321,0.3881,355.3197,0.2645,0.0431,0.1618,-0.0098,-0.0816,-0.0068,0.9966
95.4530,127.60,32.7988,4.4321,6.2320,0.3796,355.3197,0.2636,0.0420,0.1606,-0.0086,-0.0816,-0.0066,0.9966
95.4730,127.60,32.7996,4.4353,6.2318,0.3712,355.3196,0.2626,0.0409,0.1594,-0.0074,-0.0816,-0.0065,0.9966
95.4930,127.60,32.8004,4.4384,6.2317,0.3627,355.3195,0.2615,0.0398,0.1581,-0.0063,-0.0816,-0.0063,0.9966
95.5130,127.60,32.8012,4.4416,6.2316,0.3544,355.3195,0.2604,0.0387,0.1569,-0.0053,-0.0816,-0.0062,0.9966
95.5330,127.60,32.8019,4.4447,6.2315,0.3461,355.3194,0.2592,0.0376,0.1557,-0.0042,-0.0816,-0.0060,0.9966
95.5530,119.52,32.8027,4.4478,6.2314,0.3379,355.3193,0.2579,0.0366,0.1545,-0.0032,-0.0816,-0.0059,0.9966
95.5730,119.52,32.8034,4.4508,6.2314,0.3298,355.3192,0.2566,0.0355,0.1533,-0.0022,-0.0816,-0.0058,0.9966
95.5930,119.52,32.8041,4.4539,6.2314,0.3217,355.3191,0.2552,0.0345,0.1521,-0.0012,-0.0816,-0.0056,0.9966
95.6130,119.52,32.8047,4.4569,6.2314,0.3137,355.3190,0.2537,0.0335,0.1509,-0.0003,-0.0816,-0.0055,0.9966
95.6330,119.52,32.8054,4.4599,6.2314,0.3058,355.3189,0.2522,0.0325,0.1497,0.0006,-0.0816,-0.0053,0.9967
95.6530,119.52,32.8060,4.4628,6.2314,0.2980,355.3188,0.2507,0.0315,0.1485,0.0015,-0.0816,-0.0052,0.9967
95.6730,119.52,32.8066,4.4658,6.2314,0.2902,355.3187,0.2490,0.0305,0.1473,0.0023,-0.0816,-0.0051,0.9967
95.6930,119.52,32.8072,4.4687,6.2315,0.2825,355.3186,0.2473,0.0295,0.1462,0.0031,-0.0816,-0.0049,0.9967
95.7130,119.52,32.8078,4.4716,6.2316,0.2749,355.3185,0.2456,0.0285,0.1450,0.0039,-0.0816,-0.0048,0.9967
95.7330,119.52,32.8083,4.4745,6.2317,0.2673,355.3183,0.2438,0.0276,0.1439,0.0047,-0.0816,-0.0047,0.9967
95.7530,119.52,32.8089,4.4773,6.2318,0.2599,355.3182,0.2420,0.0266,0.1427,0.0055,-0.0816,-0.0045,0.9967
95.7730,119.52,32.8094,4.4802,6.2319,0.2525,355.3181,0.2401,0.0257,0.1416,0.0062,-0.0816,-0.0044,0.9967
95.7930,119.52,32.8099,4.4830,6.2320,0.2452,355.3180,0.2382,0.0248,0.1404,0.0069,-0.0816,-0.0043,0.9967
95.8130,119.52,32.8104,4.4858,6.2322,0.2380,355.3178,0.2362,0.0239,0.1393,0.0075,-0.0816,-0.0042,0.9967
95.8330,119.52,32.8108,4.4885,6.2324,0.2308,355.3177,0.2342,0.0230,0.1381,0.0082,-0.0816,-0.0040,0.9967
95.8530,119.52,32.8113,4.4913,6.2325,0.2238,355.3176,0.2321,0.0221,0.1370,0.0088,-0.0816,-0.0039,0.9967
95.8730,119.52,32.8117,4.4940,6.2327,0.2168,355.3174,0.2300,0.0212,0.1359,0.0094,-0.0816,-0.0038,0.9967
95.8930,119.52,32.8121,4.4967,6.2329,0.2100,355.3173,0.2278,0.0203,0.1348,0.0099,-0.0816,-0.0037,0.9967
95.9130,119.52,32.8125,4.4994,6.2331,0.2032,355.3171,0.2257,0.0195,0.1337,0.0105,-0.0816,-0.0035,0.9967
95.9330,119.52,32.8129,4.5020,6.2334,0.1965,355.3170,0.2234,0.0187,0.1326,0.0110,-0.0816,-0.0034,0.9967
95.9530,119.52,32.8132,4.5046,6.2336,0.1898,355.3168,0.2212,0.0178,0.1315,0.0115,-0.0816,-0.0033,0.9967
95.9730,119.52,32.8136,4.5073,6.2338,0.1833,355.3167,0.2189,0.0170,0.1304,0.0120,-0.0816,-0.0032,0.9967
95.9930,119.52,32.8139,4.5098,6.2341,0.1769,355.3165,0.2165,0.0162,0.1293,0.0124,-0.0817,-0.0031,0.9967
96.0130,119.52,32.8142,4.5124,6.2343,0.1705,355.3164,0.2142,0.0154,0.1282,0.0129,-0.0817,-0.0030,0.9967
96.0330,119.52,32.8145,4.5149,6.2346,0.1643,355.3162,0.2118,0.0146,0.1272,0.0133,-0.0817,-0.0029,0.9967
96.0530,119.52,32.8148,4.5175,6.2349,0.1581,355.3160,0.2094,0.0139,0.1261,0.0137,-0.0817,-0.0028,0.9967
96.0730,119.52,32.8150,4.5200,6.2351,0.1520,355.3159,0.2069,0.0131,0.1251,0.0140,-0.0817,-0.0027,0.9967
96.0930,119.52,32.8153,4.5225,6.2354,0.1460,355.3157,0.2045,0.0124,0.1240,0.0144,-0.0817,-0.0025,0.9967
96.1130,119.52,32.8155,4.5249,6.2357,0.1401,355.3156,0.2020,0.0117,0.1230,0.0147,-0.0817,-0.0024,0.9967
96.1330,119.52,32.8157,4.5273,6.2360,0.1343,355.3154,0.1994,0.0109,0.1219,0.0150,-0.0817,-0.0023,0.9967
96.1530,119.52,32.8159,4.5298,6.2363,0.1286,355.3152,0.1969,0.0102,0.1209,0.0153,-0.0817,-0.0022,0.9967
96.1730,119.52,32.8161,4.5322,6.2366,0.1230,355.3151,0.1943,0.0095,0.1199,0.0156,-0.0817,-0.0021,0.9967
96.1930,119.52,32.8163,4.5345,6.2370,0.1175,355.3149,0.1917,0.0089,0.1188,0.0159,-0.0817,-0.0021,0.9967
96.2130,119.52,32.8165,4.5369,6.2373,0.1120,355.3147,0.1891,0.0082,0.1178,0.0161,-0.0817,-0.0020,0.9967
96.2330,119.52,32.8166,4.5392,6.2376,0.1067,355.3145,0.1865,0.0075,0.1168,0.0163,-0.0817,-0.0019,0.9967
96.2530,119.52,32.8167,4.5415,6.2379,0.1014,355.3143,0.1839,0.0069,0.1158,0.0165,-0.0817,-0.0018,0.9967
96.2730,119.52,32.8169,4.5438,6.2383,0.0963,355.3142,0.1812,0.0063,0.1148,0.0167,-0.0817,-0.0017,0.9967
96.2930,119.52,32.8170,4.5461,6.2386,0.0912,355.3140,0.1785,0.0056,0.1138,0.0169,-0.0817,-0.0016,0.9967
96.3130,119.52,32.8171,4.5484,6.2390,0.0862,355.3138,0.1759,0.0050,0.1128,0.0171,-0.0817,-0.0015,0.9967
96.3330,119.52,32.8172,4.5506,6.2393,0.0813,355.3136,0.1732,0.0044,0.1118,0.0172,-0.0817,-0.0014,0.9967
96.3530,119.52,32.8173,4.5528,6.2396,0.0765,355.3134,0.1705,0.0039,0.1109,0.0173,-0.0817,-0.0013,0.9967
96.3730,119.52,32.8173,4.5550,6.2400,0.0718,355.3132,0.1678,0.0033,0.1099,0.0174,-0.0817,-0.0013,0.9967
96.3930,119.52,32.8174,4.5572,6.2403,0.0672,355.3130,0.1650,0.0027,0.1089,0.0175,-0.0817,-0.0012,0.9967
96.4130,119.52,32.8174,4.5594,6.2407,0.0627,355.3129,0.1623,0.0022,0.1080,0.0176,-0.0817,-0.0011,0.9967
96.4330,119.52,32.8174,4.5615,6.2411,0.0583,355.3127,0.1596,0.0017,0.1070,0.0177,-0.0817,-0.0010,0.9967
96.4530,119.52,32.8175,4.5636,6.2414,0.0539,355.3125,0.1568,0.0011,0.1061,0.0177,-0.0817,-0.0009,0.9967
96.4730,119.52,32.8175,4.5657,6.2418,0.0497,355.3123,0.1541,0.0006,0.1052,0.0178,-0.0817,-0.0009,0.9967
96.4930,119.52,32.8175,4.5678,6.2421,0.0455,355.3121,0.1514,0.0001,0.1042,0.0178,-0.0817,-0.0008,0.9967
96.5130,119.52,32.8175,4.5699,6.2425,0.0414,355.3119,0.1486,-0.0004,0.1033,0.0178,-0.0817,-0.0007,0.9967
96.5330,119.52,32.8175,4.5719,6.2428,0.0374,355.3117,0.1459,-0.0008,0.1024,0.0178,-0.0817,-0.0007,0.9967
96.5530,125.78,32.8174,4.5740,6.2432,0.0335,355.3115,0.1431,-0.0013,0.1015,0.0178,-0.0817,-0.0006,0.9967
96.5730,125.78,32.8174,4.5760,6.2435,0.0297,355.3113,0.1404,-0.0017,0.1006,0.0178,-0.0817,-0.0005,0.9967
96.5930,125.78,32.8174,4.5780,6.2439,0.0260,355.3111,0.1377,-0.0022,0.0996,0.0178,-0.0817,-0.0005,0.9967
96.6130,125.78,32.8173,4.5799,6.2443,0.0224,355.3109,0.1349,-0.0026,0.0988,0.0178,-0.0817,-0.0004,0.9967
96.6330,125.78,32.8172,4.5819,6.2446,0.0188,355.3107,0.1322,-0.0030,0.0979,0.0177,-0.0818,-0.0003,0.9967
96.6530,125.78,32.8172,4.5838,6.2450,0.0154,355.3105,0.1295,-0.0034,0.0970,0.0176,-0.0818,-0.0003,0.9967
96.6730,125.78,32.8171,4.5858,6.2453,0.0120,355.3103,0.1268,-0.0038,0.0961,0.0176,-0.0818,-0.0002,0.9967
96.6930,125.78,32.8170,4.5877,6.2457,0.0087,355.3102,0.1241,-0.0042,0.0952,0.0175,-0.0818,-0.0002,0.9967
96.7130,125.78,32.8169,4.5895,6.2460,0.0055,355.3099,0.1214,-0.0046,0.0944,0.0174,-0.0818,-0.0001,0.9967
96.7330,125.78,32.8168,4.5914,6.2464,0.0024,355.3097,0.1187,-0.0049,0.0935,0.0173,-0.0818,0.0000,0.9967
96.7530,125.78,32.8167,4.5933,6.2467,-0.0007,355.3095,0.1160,-0.0053,0.0926,0.0172,-0.0818,0.0000,0.9967
96.7730,125.78,32.8166,4.5951,6.2470,-0.0036,355.3093,0.1133,-0.0056,0.0918,0.0171,-0.0818,0.0001,0.9967
96.7930,125.78,32.8165,4.5969,6.2474,359.9935,355.3091,0.1107,-0.0060,0.0909,0.0170,-0.0818,0.0001,0.9967
96.8130,125.78,32.8164,4.5987,6.2477,359.9907,355.3089,0.1080,-0.0063,0.0901,0.0169,-0.0818,0.0002,0.9967
96.8330,125.78,32.8162,4.6005,6.2481,359.9880,355.3087,0.1054,-0.0066,0.0893,0.0167,-0.0818,0.0002,0.9966
96.8530,125.78,32.8161,4.6023,6.2484,359.9854,355.3085,0.1028,-0.0069,0.0884,0.0166,-0.0818,0.0003,0.9966
96.8730,125.78,32.8159,4.6040,6.2487,359.9828,355.3083,0.1002,-0.0072,0.0876,0.0164,-0.0818,0.0003,0.9966
96.8930,125.78,32.8158,4.6058,6.2490,359.9803,355.3081,0.0976,-0.0075,0.0868,0.0163,-0.0818,0.0003,0.9966
96.9130,125.78,32.8156,4.6075,6.2494,359.9779,355.3079,0.0950,-0.0077,0.0860,0.0161,-0.0818,0.0004,0.9966
96.9330,125.78,32.8155,4.6092,6.2497,359.9756,355.3077,0.0924,-0.0080,0.0852,0.0159,-0.0818,0.0004,0.9966
96.9530,125.78,32.8153,4.6109,6.2500,359.9734,355.3075,0.0899,-0.0082,0.0844,0.0158,-0.0818,0.0005,0.9966
96.9730,125.78,32.8151,4.6126,6.2503,359.9712,355.3073,0.0874,-0.0085,0.0836,0.0156,-0.0818,0.0005,0.9966
96.9930,125.78,32.8150,4.6142,6.2506,359.9691,355.3071,0.0849,-0.0087,0.0828,0.0154,-0.0818,0.0005,0.9966
97.0130,125.78,32.8148,4.6159,6.2509,359.9670,355.3069,0.0824,-0.0089,0.0820,0.0152,-0.0818,0.0006,0.9966
97.0330,125.78,32.8146,4.6175,6.2512,359.9651,355.3067,0.0799,-0.0091,0.0813,0.0150,-0.0818,0.0006,0.9966
97.0530,125.78,32.8144,4.6191,6.2515,359.9632,355.3065,0.0775,-0.0093,0.0805,0.0148,-0.0818,0.0006,0.9966
97.0730,125.78,32.8142,4.6207,6.2518,359.9614,355.3063,0.0751,-0.0095,0.0797,0.0146,-0.0818,0.0007,0.9966
97.0930,125.78,32.8140,4.6223,6.2521,359.9597,355.3061,0.0727,-0.0097,0.0790,0.0144,-0.0818,0.0007,0.9966
97.1130,125.78,32.8138,4.6238,6.2524,359.9580,355.3059,0.0703,-0.0099,0.0782,0.0142,-0.0818,0.0007,0.9966
97.1330,125.78,32.8136,4.6254,6.2527,359.9564,355.3057,0.0679,-0.0101,0.0775,0.0140,-0.0818,0.0008,0.9966
97.1530,125.78,32.8134,4.6269,6.2529,359.9548,355.3055,0.0656,-0.0102,0.0767,0.0137,-0.0818,0.0008,0.9966
97.1730,125.78,32.8132,4.6284,6.2532,359.9533,355.3053,0.0633,-0.0104,0.0760,0.0135,-0.0818,0.0008,0.9966
97.1930,125.78,32.8130,4.6299,6.2535,359.9519,355.3051,0.0610,-0.0105,0.0752,0.0133,-0.0818,0.0008,0.9966
97.2130,125.78,32.8128,4.6314,6.2537,359.9506,355.3049,0.0587,-0.0106,0.0745,0.0131,-0.0819,0.0009,0.9966
97.2330,125.78,32.8126,4.6329,6.2540,359.9493,355.3047,0.0565,-0.0108,0.0738,0.0128,-0.0819,0.0009,0.9966
97.2530,125.78,32.8124,4.6344,6.2542,359.9481,355.3045,0.0543,-0.0109,0.0731,0.0126,-0.0819,0.0009,0.9966
97.2730,125.78,32.8121,4.6358,6.2545,359.9469,355.3044,0.0521,-0.0110,0.0724,0.0124,-0.0819,0.0009,0.9966
97.2930,125.78,32.8119,4.6372,6.2547,359.9458,355.3041,0.0499,-0.0111,0.0716,0.0121,-0.0819,0.0009,0.9966
97.3130,125.78,32.8117,4.6387,6.2550,359.9448,355.3040,0.0478,-0.0112,0.0709,0.0119,-0.0819,0.0010,0.9966
97.3330,125.78,32.8115,4.6401,6.2552,359.9438,355.3038,0.0457,-0.0113,0.0702,0.0116,-0.0819,0.0010,0.9966
97.3530,125.78,32.8112,4.6415,6.2554,359.9429,355.3036,0.0436,-0.0114,0.0696,0.0114,-0.0819,0.0010,0.9966
97.3730,125.78,32.8110,4.6428,6.2556,359.9420,355.3034,0.0415,-0.0114,0.0689,0.0111,-0.0819,0.0010,0.9966
97.3930,125.78,32.8108,4.6442,6.2559,359.9412,355.3032,0.0395,-0.0115,0.0682,0.0109,-0.0819,0.0010,0.9966
97.4130,125.78,32.8106,4.6455,6.2561,359.9405,355.3030,0.0375,-0.0116,0.0675,0.0107,-0.0819,0.0010,0.9966
97.4330,125.78,32.8103,4.6469,6.2563,359.9398,355.3028,0.0355,-0.0116,0.0668,0.0104,-0.0819,0.0011,0.9966
97.4530,125.78,32.8101,4.6482,6.2565,359.9391,355.3026,0.0336,-0.0117,0.0662,0.0102,-0.0819,0.0011,0.9966
97.4730,125.78,32.8099,4.6495,6.2567,359.9385,355.3024,0.0317,-0.0117,0.0655,0.0099,-0.0819,0.0011,0.9966
97.4930,125.78,32.8096,4.6508,6.2569,359.9380,355.3022,0.0298,-0.0117,0.0649,0.0097,-0.0819,0.0011,0.9966
97.5130,125.78,32.8094,4.6521,6.2571,359.9375,355.3021,0.0279,-0.0118,0.0642,0.0094,-0.0819,0.0011,0.9966
97.5330,125.78,32.8091,4.6534,6.2573,359.9370,355.3019,0.0261,-0.0118,0.0636,0.0092,-0.0819,0.0011,0.9966
97.5530,125.78,32.8089,4.6546,6.2574,359.9366,355.3017,0.0243,-0.0118,0.0629,0.0089,-0.0819,0.0011,0.9966
97.5730,129.11,32.8087,4.6559,6.2576,359.9363,355.3015,0.0225,-0.0118,0.0623,0.0087,-0.0819,0.0011,0.9966
97.5930,129.11,32.8084,4.6571,6.2578,359.9360,355.3013,0.0207,-0.0118,0.0616,0.0084,-0.0819,0.0011,0.9966
97.6130,129.11,32.8082,4.6583,6.2579,359.9357,355.3011,0.0190,-0.0118,0.0610,0.0082,-0.0819,0.0011,0.9966
97.6330,129.11,32.8080,4.6595,6.2581,359.9355,355.3010,0.0173,-0.0118,0.0604,0.0079,-0.0819,0.0011,0.9966
97.6530,129.11,32.8077,4.6607,6.2583,359.9353,355.3008,0.0157,-0.0118,0.0598,0.0077,-0.0819,0.0011,0.9966
97.6730,129.11,32.8075,4.6619,6.2584,359.9352,355.3006,0.0141,-0.0118,0.0592,0.0074,-0.0819,0.0011,0.9966
97.6930,129.11,32.8073,4.6631,6.2585,359.9351,355.3005,0.0125,-0.0117,0.0586,0.0072,-0.0819,0.0011,0.9966
97.7130,129.11,32.8070,4.6642,6.2587,359.9351,355.3003,0.0109,-0.0117,0.0580,0.0070,-0.0819,0.0011,0.9966
97.7330,129.11,32.8068,4.6654,6.2588,359.9350,355.3001,0.0094,-0.0117,0.0574,0.0067,-0.0819,0.0011,0.9966
97.7530,129.11,32.8066,4.6665,6.2589,359.9351,355.3000,0.0079,-0.0116,0.0568,0.0065,-0.0819,0.0011,0.9966
97.7730,129.11,32.8063,4.6676,6.2591,359.9351,355.2998,0.0064,-0.0116,0.0562,0.0062,-0.0819,0.0011,0.9966
97.7930,129.11,32.8061,4.6688,6.2592,359.9352,355.2996,0.0049,-0.0116,0.0556,0.0060,-0.0819,0.0011,0.9966
97.8130,129.11,32.8059,4.6699,6.2593,359.9354,355.2995,0.0035,-0.0115,0.0550,0.0058,-0.0819,0.0011,0.9966
97.8330,129.11,32.8056,4.6709,6.2594,359.9355,355.2993,0.0021,-0.0115,0.0544,0.0055,-0.0820,0.0011,0.9966
97.8530,129.11,32.8054,4.6720,6.2595,359.9357,355.2991,0.0008,-0.0114,0.0539,0.0053,-0.0820,0.0011,0.9966
97.8730,129.11,32.8052,4.6731,6.2596,359.9360,355.2990,-0.0006,-0.0113,0.0533,0.0051,-0.0820,0.0011,0.9966
97.8930,129.11,32.8050,4.6741,6.2597,359.9362,355.2988,-0.0019,-0.0113,0.0527,0.0049,-0.0820,0.0011,0.9966
97.9130,129.11,32.8047,4.6752,6.2598,359.9365,355.2987,-0.0031,-0.0112,0.0522,0.0046,-0.0820,0.0011,0.9966
97.9330,129.11,32.8045,4.6762,6.2599,359.9369,355.2985,-0.0044,-0.0111,0.0516,0.0044,-0.0820,0.0011,0.9966
97.9530,129.11,32.8043,4.6772,6.2600,359.9372,355.2984,-0.0056,-0.0110,0.0511,0.0042,-0.0820,0.0011,0.9966
97.9730,129.11,32.8041,4.6783,6.2601,359.9376,355.2982,359.9933,-0.0110,0.0505,0.0040,-0.0820,0.0011,0.9966
97.9930,129.11,32.8039,4.6793,6.2601,359.9380,355.2981,359.9921,-0.0109,0.0500,0.0038,-0.0820,0.0011,0.9966
98.0130,129.11,32.8036,4.6802,6.2602,359.9384,355.2979,359.9910,-0.0108,0.0494,0.0035,-0.0820,0.0011,0.9966
98.0330,129.11,32.8034,4.6812,6.2603,359.9389,355.2978,359.9899,-0.0107,0.0489,0.0033,-0.0820,0.0011,0.9966
98.0530,129.11,32.8032,4.6822,6.2603,359.9394,355.2976,359.9888,-0.0106,0.0484,0.0031,-0.0820,0.0011,0.9966
98.0730,129.11,32.8030,4.6831,6.2604,359.9399,355.2975,359.9878,-0.0105,0.0479,0.0029,-0.0820,0.0010,0.9966
98.0930,129.11,32.8028,4.6841,6.2605,359.9405,355.2973,359.9868,-0.0104,0.0473,0.0027,-0.0820,0.0010,0.9966
98.1130,129.11,32.8026,4.6850,6.2605,359.9410,355.2972,359.9858,-0.0103,0.0468,0.0025,-0.0820,0.0010,0.9966
98.1330,129.11,32.8024,4.6860,6.2606,359.9416,355.2971,359.9848,-0.0102,0.0463,0.0023,-0.0820,0.0010,0.9966
98.1530,129.11,32.8022,4.6869,6.2606,359.9422,355.2969,359.9839,-0.0101,0.0458,0.0021,-0.0820,0.0010,0.9966
98.1730,129.11,32.8020,4.6878,6.2606,359.9428,355.2968,359.9830,-0.0100,0.0453,0.0020,-0.0820,0.0010,0.9966
98.1930,129.11,32.8018,4.6887,6.2607,359.9435,355.2967,359.9821,-0.0099,0.0448,0.0018,-0.0820,0.0010,0.9966
98.2130,129.11,32.8016,4.6896,6.2607,359.9441,355.2965,359.9813,-0.0098,0.0443,0.0016,-0.0820,0.0010,0.9966
98.2330,129.11,32.8014,4.6904,6.2607,359.9448,355.2964,359.9805,-0.0096,0.0438,0.0014,-0.0820,0.0010,0.9966
98.2530,129.11,32.8012,4.6913,6.2608,359.9455,355.2963,359.9797,-0.0095,0.0433,0.0012,-0.0820,0.0010,0.9966
98.2730,129.11,32.8010,4.6922,6.2608,359.9462,355.2961,359.9789,-0.0094,0.0428,0.0011,-0.0820,0.0009,0.9966
98.2930,129.11,32.8008,4.6930,6.2608,359.9469,355.2960,359.9782,-0.0093,0.0424,0.0009,-0.0820,0.0009,0.9966
98.3130,129.11,32.8006,4.6938,6.2608,359.9476,355.2959,359.9775,-0.0092,0.0419,0.0007,-0.0820,0.0009,0.9966
98.3330,129.11,32.8005,4.6947,6.2608,359.9484,355.2958,359.9768,-0.0090,0.0414,0.0006,-0.0820,0.0009,0.9966
98.3530,129.11,32.8003,4.6955,6.2608,359.9491,355.2957,359.9762,-0.0089,0.0409,0.0004,-0.0820,0.0009,0.9966
98.3730,129.11,32.8001,4.6963,6.2608,359.9499,355.2956,359.9755,-0.0088,0.0405,0.0002,-0.0820,0.0009,0.9966
98.3930,129.11,32.7999,4.6971,6.2608,359.9507,355.2954,359.9749,-0.0087,0.0400,0.0001,-0.0820,0.0009,0.9966
98.4130,129.11,32.7998,4.6979,6.2608,359.9515,355.2953,359.9744,-0.0085,0.0396,-0.0001,-0.0820,0.0008,0.9966
98.4330,129.11,32.7996,4.6987,6.2608,359.9523,355.2952,359.9738,-0.0084,0.0391,-0.0002,-0.0820,0.0008,0.9966
98.4530,129.11,32.7994,4.6994,6.2608,359.9531,355.2951,359.9733,-0.0083,0.0387,-0.0004,-0.0820,0.0008,0.9966
98.4730,129.11,32.7993,4.7002,6.2608,359.9539,355.2950,359.9728,-0.0081,0.0382,-0.0005,-0.0820,0.0008,0.9966
98.4930,129.11,32.7991,4.7010,6.2608,359.9548,355.2949,359.9723,-0.0080,0.0378,-0.0006,-0.0820,0.0008,0.9966
98.5130,129.11,32.7990,4.7017,6.2608,359.9556,355.2948,359.9718,-0.0079,0.0373,-0.0008,-0.0820,0.0008,0.9966
98.5330,129.11,32.7988,4.7024,6.2608,359.9565,355.2947,359.9714,-0.0077,0.0369,-0.0009,-0.0820,0.0008,0.9966
98.5530,129.11,32.7986,4.7032,6.2607,359.9573,355.2946,359.9710,-0.0076,0.0365,-0.0010,-0.0820,0.0007,0.9966
98.5730,127.42,32.7985,4.7039,6.2607,359.9582,355.2945,359.9706,-0.0075,0.0360,-0.0012,-0.0820,0.0007,0.9966
98.5930,127.42,32.7984,4.7046,6.2607,359.9590,355.2944,359.9702,-0.0073,0.0356,-0.0013,-0.0820,0.0007,0.9966
98.6130,127.42,32.7982,4.7053,6.2607,359.9599,355.2943,359.9699,-0.0072,0.0352,-0.0014,-0.0820,0.0007,0.9966
98.6330,127.42,32.7981,4.7060,6.2606,359.9608,355.2943,359.9695,-0.0071,0.0348,-0.0015,-0.0820,0.0007,0.9966
98.6530,127.42,32.7979,4.7067,6.2606,359.9616,355.2942,359.9692,-0.0069,0.0344,-0.0016,-0.0820,0.0007,0.9966
98.6730,127.42,32.7978,4.7074,6.2606,359.9625,355.2941,359.9690,-0.0068,0.0340,-0.0017,-0.0820,0.0007,0.9966
98.6930,127.42,32.7977,4.7080,6.2605,359.9634,355.2940,359.9687,-0.0066,0.0336,-0.0018,-0.0820,0.0006,0.9966
98.7130,127.42,32.7975,4.7087,6.2605,359.9643,355.2939,359.9685,-0.0065,0.0331,-0.0019,-0.0820,0.0006,0.9966
98.7330,127.42,32.7974,4.7094,6.2605,359.9652,355.2939,359.9682,-0.0064,0.0327,-0.0020,-0.0820,0.0006,0.9966
98.7530,127.42,32.7973,4.7100,6.2604,359.9661,355.2938,359.9680,-0.0062,0.0324,-0.0021,-0.0820,0.0006,0.9966
98.7730,127.42,32.7972,4.7106,6.2604,359.9669,355.2937,359.9679,-0.0061,0.0320,-0.0022,-0.0820,0.0006,0.9966
98.7930,127.42,32.7970,4.7113,6.2603,359.9678,355.2936,359.9677,-0.0060,0.0316,-0.0023,-0.0820,0.0006,0.9966
98.8130,127.42,32.7969,4.7119,6.2603,359.9687,355.2935,359.9676,-0.0058,0.0312,-0.0024,-0.0821,0.0005,0.9966
98.8330,127.42,32.7968,4.7125,6.2602,359.9696,355.2935,359.9674,-0.0057,0.0308,-0.0025,-0.0821,0.0005,0.9966
98.8530,127.42,32.7967,4.7131,6.2602,359.9705,355.2934,359.9673,-0.0056,0.0304,-0.0025,-0.0821,0.0005,0.9966
98.8730,127.42,32.7966,4.7137,6.2601,359.9713,355.2934,359.9673,-0.0054,0.0300,-0.0026,-0.0821,0.0005,0.9966
98.8930,127.42,32.7965,4.7143,6.2601,359.9722,355.2933,359.9672,-0.0053,0.0297,-0.0027,-0.0821,0.0005,0.9966
98.9130,127.42,32.7964,4.7149,6.2600,359.9731,355.2932,359.9671,-0.0052,0.0293,-0.0027,-0.0821,0.0005,0.9966
98.9330,127.42,32.7963,4.7155,6.2600,359.9740,355.2932,359.9671,-0.0050,0.0289,-0.0028,-0.0821,0.0005,0.9966
98.9530,127.42,32.7962,4.7161,6.2599,359.9748,355.2931,359.9671,-0.0049,0.0286,-0.0029,-0.0821,0.0004,0.9966
98.9730,127.42,32.7961,4.7166,6.2598,359.9757,355.2931,359.9671,-0.0048,0.0282,-0.0029,-0.0821,0.0004,0.9966
98.9930,127.42,32.7960,4.7172,6.2598,359.9765,355.2930,359.9671,-0.0046,0.0279,-0.0030,-0.0821,0.0004,0.9966
99.0130,127.42,32.7959,4.7177,6.2597,359.9774,355.2929,359.9671,-0.0045,0.0275,-0.0030,-0.0821,0.0004,0.9966
99.0330,127.42,32.7958,4.7183,6.2597,359.9782,355.2929,359.9671,-0.0044,0.0272,-0.0031,-0.0821,0.0004,0.9966
99.0530,127.42,32.7957,4.7188,6.2596,359.9791,355.2928,359.9672,-0.0042,0.0268,-0.0031,-0.0821,0.0004,0.9966
99.0730,127.42,32.7956,4.7193,6.2595,359.9799,355.2928,359.9673,-0.0041,0.0265,-0.0032,-0.0821,0.0004,0.9966
99.0930,127.42,32.7956,4.7199,6.2595,359.9807,355.2928,359.9673,-0.0040,0.0261,-0.0032,-0.0821,0.0003,0.9966
99.1130,127.42,32.7955,4.7204,6.2594,359.9816,355.2927,359.9675,-0.0039,0.0258,-0.0033,-0.0821,0.0003,0.9966
99.1330,127.42,32.7954,4.7209,6.2593,359.9824,355.2927,359.9676,-0.0037,0.0254,-0.0033,-0.0821,0.0003,0.9966
99.1530,127.42,32.7953,4.7214,6.2593,359.9832,355.2926,359.9677,-0.0036,0.0251,-0.0033,-0.0821,0.0003,0.9966
99.1730,127.42,32.7953,4.7219,6.2592,359.9840,355.2926,359.9678,-0.0035,0.0248,-0.0034,-0.0821,0.0003,0.9966
99.1930,127.42,32.7952,4.7224,6.2591,359.9848,355.2925,359.9680,-0.0034,0.0245,-0.0034,-0.0821,0.0003,0.9966
99.2130,127.42,32.7951,4.7229,6.2591,359.9856,355.2925,359.9681,-0.0033,0.0241,-0.0034,-0.0821,0.0003,0.9966
99.2330,127.42,32.7951,4.7233,6.2590,359.9863,355.2925,359.9683,-0.0031,0.0238,-0.0034,-0.0821,0.0002,0.9966
99.2530,127.42,32.7950,4.7238,6.2589,359.9871,355.2924,359.9685,-0.0030,0.0235,-0.0035,-0.0821,0.0002,0.9966
99.2730,127.42,32.7950,4.7243,6.2589,359.9879,355.2924,359.9687,-0.0029,0.0232,-0.0035,-0.0821,0.0002,0.9966
99.2930,127.42,32.7949,4.7247,6.2588,359.9886,355.2924,359.9689,-0.0028,0.0229,-0.0035,-0.0821,0.0002,0.9966
99.3130,127.42,32.7948,4.7252,6.2587,359.9893,355.2924,359.9691,-0.0027,0.0226,-0.0035,-0.0821,0.0002,0.9966
99.3330,127.42,32.7948,4.7256,6.2587,359.9901,355.2923,359.9694,-0.0026,0.0223,-0.0035,-0.0821,0.0002,0.9966
99.3530,127.42,32.7947,4.7261,6.2586,359.9908,355.2923,359.9696,-0.0025,0.0220,-0.0035,-0.0821,0.0002,0.9966
99.3730,127.42,32.7947,4.7265,6.2585,359.9915,355.2923,359.9698,-0.0023,0.0216,-0.0035,-0.0821,0.0001,0.9966
99.3930,127.42,32.7947,4.7269,6.2584,359.9922,355.2923,359.9701,-0.0022,0.0214,-0.0035,-0.0821,0.0001,0.9966
99.4130,127.42,32.7946,4.7273,6.2584,359.9929,355.2922,359.9704,-0.0021,0.0211,-0.0035,-0.0821,0.0001,0.9966
99.4330,127.42,32.7946,4.7278,6.2583,359.9936,355.2922,359.9707,-0.0020,0.0208,-0.0035,-0.0821,0.0001,0.9966
99.4530,127.42,32.7945,4.7282,6.2582,359.9943,355.2922,359.9709,-0.0019,0.0205,-0.0035,-0.0821,0.0001,0.9966
99.4730,127.42,32.7945,4.7286,6.2582,-0.0051,355.2922,359.9712,-0.0018,0.0202,-0.0035,-0.0821,0.0001,0.9966
99.4930,127.42,32.7945,4.7290,6.2581,-0.0044,355.2922,359.9715,-0.0017,0.0199,-0.0035,-0.0821,0.0001,0.9966
99.5130,127.42,32.7944,4.7294,6.2580,-0.0038,355.2922,359.9718,-0.0016,0.0196,-0.0035,-0.0821,0.0001,0.9966
99.5330,127.42,32.7944,4.7297,6.2579,-0.0032,355.2921,359.9721,-0.0015,0.0193,-0.0035,-0.0821,0.0001,0.9966
99.5530,127.42,32.7944,4.7301,6.2579,-0.0026,355.2921,359.9725,-0.0014,0.0191,-0.0035,-0.0821,0.0000,0.9966
99.5730,129.59,32.7943,4.7305,6.2578,-0.0020,355.2921,359.9728,-0.0013,0.0188,-0.0035,-0.0821,0.0000,0.9966
99.5930,129.59,32.7943,4.7309,6.2577,-0.0014,355.2921,359.9731,-0.0012,0.0185,-0.0035,-0.0821,0.0000,0.9966
99.6130,129.59,32.7943,4.7312,6.2577,-0.0008,355.2921,359.9735,-0.0012,0.0182,-0.0034,-0.0821,0.0000,0.9966
99.6330,129.59,32.7943,4.7316,6.2576,-0.0002,355.2921,359.9738,-0.0011,0.0180,-0.0034,-0.0821,0.0000,0.9966
99.6530,129.59,32.7942,4.7320,6.2575,0.0004,355.2921,359.9742,-0.0010,0.0177,-0.0034,-0.0821,0.0000,0.9966
99.6730,129.59,32.7942,4.7323,6.2575,0.0009,355.2921,359.9745,-0.0009,0.0175,-0.0034,-0.0821,0.0000,0.9966
99.6930,129.59,32.7942,4.7326,6.2574,0.0014,355.2921,359.9749,-0.0008,0.0172,-0.0033,-0.0821,0.0000,0.9966
99.7130,129.59,32.7942,4.7330,6.2573,0.0020,355.2921,359.9753,-0.0007,0.0169,-0.0033,-0.0821,0.0000,0.9966
99.7330,129.59,32.7942,4.7333,6.2573,0.0025,355.2921,359.9756,-0.0006,0.0167,-0.0033,-0.0821,0.0000,0.9966
99.7530,129.59,32.7942,4.7336,6.2572,0.0030,355.2921,359.9760,-0.0006,0.0164,-0.0033,-0.0821,-0.0001,0.9966
99.7730,129.59,32.7942,4.7340,6.2571,0.0035,355.2921,359.9763,-0.0005,0.0162,-0.0032,-0.0821,-0.0001,0.9966
99.7930,129.59,32.7942,4.7343,6.2571,0.0039,355.2921,359.9767,-0.0004,0.0159,-0.0032,-0.0821,-0.0001,0.9966
99.8130,129.59,32.7941,4.7346,6.2570,0.0044,355.2921,359.9771,-0.0003,0.0157,-0.0032,-0.0821,-0.0001,0.9966
99.8330,129.59,32.7941,4.7349,6.2570,0.0048,355.2921,359.9775,-0.0003,0.0154,-0.0031,-0.0821,-0.0001,0.9966
99.8530,129.59,32.7941,4.7352,6.2569,0.0053,355.2921,359.9779,-0.0002,0.0152,-0.0031,-0.0821,-0.0001,0.9966
99.8730,129.59,32.7941,4.7355,6.2568,0.0057,355.2921,359.9783,-0.0001,0.0150,-0.0031,-0.0821,-0.0001,0.9966
99.8930,129.59,32.7941,4.7358,6.2568,0.0061,355.2921,359.9787,-0.0001,0.0147,-0.0030,-0.0821,-0.0001,0.9966
99.9130,129.59,32.7941,4.7361,6.2567,0.0065,355.2921,359.9791,0.0000,0.0145,-0.0030,-0.0821,-0.0001,0.9966
99.9330,129.59,32.7941,4.7364,6.2566,0.0069,355.2921,359.9795,0.0001,0.0143,-0.0029,-0.0821,-0.0001,0.9966
99.9530,129.59,32.7941,4.7367,6.2566,0.0073,355.2921,359.9799,0.0001,0.0140,-0.0029,-0.0821,-0.0001,0.9966
99.9730,129.59,32.7941,4.7369,6.2565,0.0077,355.2921,359.9803,0.0002,0.0138,-0.0029,-0.0821,-0.0001,0.9966
99.9930,129.59,32.7941,4.7372,6.2565,0.0080,355.2922,359.9807,0.0003,0.0136,-0.0028,-0.0821,-0.0001,0.9966
100.0130,129.59,32.7942,4.7375,6.2564,0.0084,355.2922,359.9811,0.0003,0.0134,-0.0028,-0.0821,-0.0001,0.9966
100.0330,129.59,32.7942,4.7377,6.2564,0.0087,355.2922,359.9815,0.0004,0.0131,-0.0027,-0.0821,-0.0002,0.9966
100.0530,129.59,32.7942,4.7380,6.2563,0.0090,355.2922,359.9819,0.0004,0.0129,-0.0027,-0.0821,-0.0002,0.9966
100.0730,129.59,32.7942,4.7383,6.2563,0.0093,355.2922,359.9823,0.0005,0.0127,-0.0026,-0.0821,-0.0002,0.9966
100.0930,129.59,32.7942,4.7385,6.2562,0.0096,355.2922,359.9827,0.0005,0.0125,-0.0026,-0.0821,-0.0002,0.9966
100.1130,129.59,32.7942,4.7388,6.2562,0.0099,355.2922,359.9831,0.0006,0.0123,-0.0026,-0.0821,-0.0002,0.9966
100.1330,129.59,32.7942,4.7390,6.2561,0.0102,355.2923,359.9835,0.0006,0.0121,-0.0025,-0.0821,-0.0002,0.9966
100.1530,129.59,32.7942,4.7392,6.2561,0.0105,355.2923,359.9839,0.0007,0.0119,-0.0025,-0.0821,-0.0002,0.9966
100.1730,129.59,32.7942,4.7395,6.2560,0.0107,355.2923,359.9843,0.0007,0.0117,-0.0024,-0.0821,-0.0002,0.9966
100.1930,129.59,32.7943,4.7397,6.2560,0.0110,355.2923,359.9847,0.0008,0.0115,-0.0024,-0.0821,-0.0002,0.9966
100.2130,129.59,32.7943,4.7399,6.2559,0.0112,355.2923,359.9851,0.0008,0.0113,-0.0023,-0.0821,-0.0002,0.9966
100.2330,129.59,32.7943,4.7401,6.2559,0.0114,355.2924,359.9855,0.0008,0.0111,-0.0023,-0.0821,-0.0002,0.9966
100.2530,129.59,32.7943,4.7404,6.2558,0.0116,355.2924,359.9859,0.0009,0.0109,-0.0022,-0.0821,-0.0002,0.9966
100.2730,129.59,32.7943,4.7406,6.2558,0.0118,355.2924,359.9863,0.0009,0.0107,-0.0022,-0.0821,-0.0002,0.9966
100.2930,129.59,32.7943,4.7408,6.2557,0.0120,355.2924,359.9867,0.0010,0.0105,-0.0021,-0.0821,-0.0002,0.9966
100.3130,129.59,32.7944,4.7410,6.2557,0.0122,355.2924,359.9871,0.0010,0.0103,-0.0021,-0.0821,-0.0002,0.9966
100.3330,129.59,32.7944,4.7412,6.2557,0.0123,355.2924,359.9875,0.0010,0.0101,-0.0020,-0.0821,-0.0002,0.9966
100.3530,129.59,32.7944,4.7414,6.2556,0.0125,355.2925,359.9879,0.0011,0.0099,-0.0020,-0.0821,-0.0002,0.9966
100.3730,129.59,32.7944,4.7416,6.2556,0.0126,355.2925,359.9883,0.0011,0.0097,-0.0019,-0.0821,-0.0002,0.9966
100.3930,129.59,32.7945,4.7418,6.2555,0.0128,355.2925,359.9886,0.0011,0.0096,-0.0018,-0.0821,-0.0002,0.9966
100.4130,129.59,32.7945,4.7420,6.2555,0.0129,355.2925,359.9890,0.0011,0.0094,-0.0018,-0.0821,-0.0002,0.9966
100.4330,129.59,32.7945,4.7421,6.2555,0.0130,355.2926,359.9894,0.0012,0.0092,-0.0017,-0.0821,-0.0002,0.9966
100.4530,129.59,32.7945,4.7423,6.2554,0.0131,355.2926,359.9898,0.0012,0.0090,-0.0017,-0.0821,-0.0002,0.9966
100.4730,129.59,32.7945,4.7425,6.2554,0.0132,355.2926,359.9901,0.0012,0.0088,-0.0016,-0.0821,-0.0002,0.9966
100.4930,129.59,32.7946,4.7427,6.2554,0.0133,355.2926,359.9905,0.0012,0.0087,-0.0016,-0.0821,-0.0002,0.9966
100.5130,129.59,32.7946,4.7428,6.2553,0.0134,355.2927,359.9909,0.0013,0.0085,-0.0015,-0.0821,-0.0002,0.9966
100.5330,129.59,32.7946,4.7430,6.2553,0.0135,355.2927,359.9912,0.0013,0.0083,-0.0015,-0.0821,-0.0002,0.9966
100.5530,129.59,32.7947,4.7432,6.2553,0.0135,355.2927,359.9916,0.0013,0.0082,-0.0014,-0.0821,-0.0002,0.9966
100.5730,130.31,32.7947,4.7433,6.2553,0.0136,355.2927,359.9920,0.0013,0.0080,-0.0014,-0.0821,-0.0002,0.9966
100.5930,130.31,32.7947,4.7435,6.2552,0.0136,355.2928,359.9923,0.0013,0.0078,-0.0013,-0.0821,-0.0002,0.9966
100.6130,130.31,32.7947,4.7436,6.2552,0.0136,355.2928,359.9927,0.0013,0.0077,-0.0013,-0.0821,-0.0002,0.9966
100.6330,130.31,32.7948,4.7438,6.2552,0.0137,355.2928,359.9930,0.0014,0.0075,-0.0012,-0.0821,-0.0002,0.9966
100.6530,130.31,32.7948,4.7439,6.2552,0.0137,355.2928,359.9934,0.0014,0.0074,-0.0012,-0.0821,-0.0002,0.9966
100.6730,130.31,32.7948,4.7441,6.2551,0.0137,355.2928,359.9937,0.0014,0.0072,-0.0011,-0.0821,-0.0002,0.9966
100.6930,130.31,32.7948,4.7442,6.2551,0.0137,355.2929,359.9940,0.0014,0.0070,-0.0011,-0.0821,-0.0002,0.9966
100.7130,130.31,32.7949,4.7444,6.2551,0.0137,355.2929,-0.0056,0.0014,0.0069,-0.0010,-0.0821,-0.0002,0.9966
100.7330,130.31,32.7949,4.7445,6.2551,0.0136,355.2929,-0.0053,0.0014,0.0067,-0.0010,-0.0821,-0.0002,0.9966
100.7530,130.31,32.7949,4.7446,6.2551,0.0136,355.2930,-0.0050,0.0014,0.0066,-0.0009,-0.0821,-0.0002,0.9966
100.7730,130.31,32.7949,4.7448,6.2550,0.0136,355.2930,-0.0047,0.0014,0.0064,-0.0009,-0.0821,-0.0002,0.9966
100.7930,130.31,32.7950,4.7449,6.2550,0.0135,355.2930,-0.0043,0.0014,0.0063,-0.0008,-0.0821,-0.0002,0.9966
100.8130,130.31,32.7950,4.7450,6.2550,0.0135,355.2930,-0.0040,0.0014,0.0062,-0.0008,-0.0821,-0.0002,0.9966
100.8330,130.31,32.7950,4.7451,6.2550,0.0134,355.2931,-0.0037,0.0014,0.0060,-0.0007,-0.0821,-0.0002,0.9966
100.8530,130.31,32.7951,4.7453,6.2550,0.0134,355.2931,-0.0034,0.0014,0.0059,-0.0007,-0.0821,-0.0002,0.9966
100.8730,130.31,32.7951,4.7454,6.2550,0.0133,355.2931,-0.0031,0.0014,0.0057,-0.0006,-0.0821,-0.0002,0.9966
100.8930,130.31,32.7951,4.7455,6.2550,0.0132,355.2932,-0.0028,0.0014,0.0056,-0.0006,-0.0821,-0.0002,0.9966
100.9130,130.31,32.7951,4.7456,6.2549,0.0132,355.2932,-0.0026,0.0014,0.0055,-0.0005,-0.0821,-0.0002,0.9966
100.9330,130.31,32.7952,4.7457,6.2549,0.0131,355.2932,-0.0023,0.0014,0.0053,-0.0005,-0.0821,-0.0002,0.9966
100.9530,130.31,32.7952,4.7458,6.2549,0.0130,355.2932,-0.0020,0.0014,0.0052,-0.0005,-0.0821,-0.0002,0.9966
100.9730,130.31,32.7952,4.7459,6.2549,0.0129,355.2932,-0.0017,0.0014,0.0051,-0.0004,-0.0821,-0.0002,0.9966
100.9930,130.31,32.7953,4.7460,6.2549,0.0128,355.2933,-0.0014,0.0014,0.0049,-0.0004,-0.0821,-0.0002,0.9966
101.0130,130.31,32.7953,4.7461,6.2549,0.0127,355.2933,-0.0012,0.0014,0.0048,-0.0003,-0.0821,-0.0002,0.9966
101.0330,130.31,32.7953,4.7462,6.2549,0.0125,355.2933,-0.0009,0.0014,0.0047,-0.0003,-0.0821,-0.0002,0.9966
101.0530,130.31,32.7953,4.7463,6.2549,0.0124,355.2934,-0.0007,0.0014,0.0045,-0.0002,-0.0821,-0.0002,0.9966
101.0730,130.31,32.7954,4.7464,6.2549,0.0123,355.2934,-0.0004,0.0014,0.0044,-0.0002,-0.0821,-0.0002,0.9966
101.0930,130.31,32.7954,4.7465,6.2549,0.0122,355.2934,-0.0002,0.0014,0.0043,-0.0002,-0.0821,-0.0002,0.9966
101.1130,130.31,32.7954,4.7465,6.2549,0.0120,355.2934,0.0000,0.0014,0.0042,-0.0001,-0.0821,-0.0002,0.9966
101.1330,130.31,32.7954,4.7466,6.2549,0.0119,355.2935,0.0003,0.0014,0.0041,-0.0001,-0.0821,-0.0002,0.9966
101.1530,130.31,32.7955,4.7467,6.2549,0.0117,355.2935,0.0005,0.0014,0.0039,0.0000,-0.0821,-0.0002,0.9966
101.1730,130.31,32.7955,4.7468,6.2549,0.0116,355.2935,0.0007,0.0013,0.0038,0.0000,-0.0821,-0.0002,0.9966
101.1930,130.31,32.7955,4.7468,6.2549,0.0114,355.2935,0.0009,0.0013,0.0037,0.0000,-0.0821,-0.0002,0.9966
101.2130,130.31,32.7956,4.7469,6.2549,0.0113,355.2935,0.0012,0.0013,0.0036,0.0001,-0.0821,-0.0002,0.9966
101.2330,130.31,32.7956,4.7470,6.2549,0.0111,355.2936,0.0014,0.0013,0.0035,0.0001,-0.0821,-0.0002,0.9966
101.2530,130.31,32.7956,4.7471,6.2549,0.0109,355.2936,0.0016,0.0013,0.0034,0.0001,-0.0820,-0.0002,0.9966
101.2730,130.31,32.7956,4.7471,6.2549,0.0108,355.2936,0.0018,0.0013,0.0033,0.0002,-0.0820,-0.0002,0.9966
101.2930,130.31,32.7957,4.7472,6.2549,0.0106,355.2936,0.0020,0.0013,0.0032,0.0002,-0.0820,-0.0002,0.9966
101.3130,130.31,32.7957,4.7472,6.2549,0.0104,355.2937,0.0022,0.0013,0.0031,0.0002,-0.0820,-0.0002,0.9966
101.3330,130.31,32.7957,4.7473,6.2549,0.0102,355.2937,0.0023,0.0012,0.0030,0.0003,-0.0820,-0.0002,0.9966
101.3530,130.31,32.7957,4.7474,6.2549,0.0100,355.2937,0.0025,0.0012,0.0028,0.0003,-0.0820,-0.0002,0.9966
101.3730,130.31,32.7958,4.7474,6.2549,0.0099,355.2937,0.0027,0.0012,0.0027,0.0003,-0.0820,-0.0002,0.9966
101.3930,130.31,32.7958,4.7475,6.2549,0.0097,355.2938,0.0029,0.0012,0.0026,0.0004,-0.0820,-0.0002,0.9966
101.4130,130.31,32.7958,4.7475,6.2549,0.0095,355.2938,0.0030,0.0012,0.0025,0.0004,-0.0820,-0.0002,0.9966
101.4330,130.31,32.7958,4.7476,6.2549,0.0093,355.2938,0.0032,0.0012,0.0024,0.0004,-0.0820,-0.0002,0.9966
101.4530,130.31,32.7958,4.7476,6.2550,0.0091,355.2938,0.0033,0.0011,0.0023,0.0004,-0.0820,-0.0002,0.9966
101.4730,130.31,32.7959,4.7477,6.2550,0.0089,355.2938,0.0035,0.0011,0.0023,0.0005,-0.0820,-0.0002,0.9966
101.4930,130.31,32.7959,4.7477,6.2550,0.0087,355.2939,0.0036,0.0011,0.0022,0.0005,-0.0820,-0.0002,0.9966
101.5130,130.31,32.7959,4.7477,6.2550,0.0085,355.2939,0.0038,0.0011,0.0021,0.0005,-0.0820,-0.0001,0.9966
101.5330,130.31,32.7959,4.7478,6.2550,0.0083,355.2939,0.0039,0.0011,0.0020,0.0006,-0.0820,-0.0001,0.9966
101.5530,130.31,32.7960,4.7478,6.2550,0.0081,355.2939,0.0040,0.0010,0.0019,0.0006,-0.0820,-0.0001,0.9966
101.5730,127.38,32.7960,4.7479,6.2550,0.0079,355.2939,0.0042,0.0010,0.0018,0.0006,-0.0820,-0.0001,0.9966
101.5930,127.38,32.7960,4.7479,6.2550,0.0076,355.2939,0.0043,0.0010,0.0017,0.0006,-0.0820,-0.0001,0.9966
101.6130,127.38,32.7960,4.7479,6.2550,0.0074,355.2940,0.0044,0.0010,0.0016,0.0006,-0.0820,-0.0001,0.9966
101.6330,127.38,32.7960,4.7480,6.2551,0.0072,355.2940,0.0045,0.0010,0.0015,0.0007,-0.0820,-0.0001,0.9966
101.6530,127.38,32.7961,4.7480,6.2551,0.0070,355.2940,0.0046,0.0009,0.0014,0.0007,-0.0820,-0.0001,0.9966
101.6730,127.38,32.7961,4.7480,6.2551,0.0068,355.2940,0.0047,0.0009,0.0014,0.0007,-0.0820,-0.0001,0.9966
101.6930,127.38,32.7961,4.7480,6.2551,0.0066,355.2940,0.0048,0.0009,0.0013,0.0007,-0.0820,-0.0001,0.9966
101.7130,127.38,32.7961,4.7481,6.2551,0.0064,355.2941,0.0049,0.0009,0.0012,0.0007,-0.0820,-0.0001,0.9966
101.7330,127.38,32.7961,4.7481,6.2551,0.0061,355.2941,0.0050,0.0009,0.0011,0.0007,-0.0820,-0.0001,0.9966
101.7530,127.38,32.7961,4.7481,6.2551,0.0059,355.2941,0.0051,0.0008,0.0010,0.0008,-0.0820,-0.0001,0.9966
101.7730,127.38,32.7962,4.7481,6.2552,0.0057,355.2941,0.0052,0.0008,0.0010,0.0008,-0.0820,-0.0001,0.9966
101.7930,127.38,32.7962,4.7481,6.2552,0.0055,355.2941,0.0052,0.0008,0.0009,0.0008,-0.0820,-0.0001,0.9966
101.8130,127.38,32.7962,4.7482,6.2552,0.0053,355.2942,0.0053,0.0008,0.0008,0.0008,-0.0820,-0.0001,0.9966
101.8330,127.38,32.7962,4.7482,6.2552,0.0051,355.2942,0.0054,0.0008,0.0007,0.0008,-0.0820,-0.0001,0.9966
101.8530,127.38,32.7962,4.7474,6.2552,0.0027,355.2944,0.0053,0.0007,-0.0387,0.0013,-0.0820,0.0000,0.9966
101.8730,127.38,32.7962,4.7466,6.2553,-0.0021,355.2948,0.0049,0.0005,-0.0405,0.0018,-0.0820,0.0000,0.9966
101.8930,127.38,32.7962,4.7451,6.2553,359.9909,355.2954,0.0044,0.0005,-0.0771,0.0022,-0.0820,0.0002,0.9966
101.9130,127.38,32.7962,4.7434,6.2554,359.9816,355.2963,0.0037,0.0004,-0.0803,0.0027,-0.0820,0.0003,0.9966
101.9330,127.38,32.7962,4.7412,6.2554,359.9704,355.2973,0.0028,0.0003,-0.1143,0.0030,-0.0820,0.0005,0.9966
101.9530,127.38,32.7962,4.7388,6.2555,359.9570,355.2985,0.0018,0.0002,-0.1188,0.0034,-0.0820,0.0008,0.9966
101.9730,127.38,32.7963,4.7358,6.2556,359.9419,355.2999,0.0006,0.0001,-0.1504,0.0036,-0.0819,0.0010,0.9966
101.9930,127.38,32.7963,4.7327,6.2556,359.9247,355.3015,-0.0008,0.0001,-0.1560,0.0038,-0.0819,0.0013,0.9966
102.0130,127.38,32.7963,4.7289,6.2557,359.9059,355.3032,-0.0024,0.0000,-0.1855,0.0040,-0.0819,0.0016,0.9966
102.0330,127.38,32.7963,4.7251,6.2558,359.8853,355.3051,-0.0041,0.0000,-0.1918,0.0040,-0.0818,0.0020,0.9966
102.0530,127.38,32.7963,4.7207,6.2559,359.8633,355.3071,359.9941,0.0000,-0.2194,0.0040,-0.0818,0.0024,0.9966
102.0730,127.38,32.7963,4.7162,6.2560,359.8395,355.3093,359.9922,0.0000,-0.2265,0.0040,-0.0818,0.0028,0.9966
102.0930,127.38,32.7963,4.7111,6.2560,359.8145,355.3116,359.9901,0.0000,-0.2523,0.0038,-0.0817,0.0032,0.9966
102.1130,127.38,32.7963,4.7059,6.2561,359.7879,355.3140,359.9879,0.0000,-0.2599,0.0035,-0.0817,0.0037,0.9967
102.1330,127.38,32.7963,4.7003,6.2562,359.7601,355.3166,359.9855,0.0000,-0.2841,0.0032,-0.0816,0.0042,0.9967
102.1530,127.38,32.7963,4.6944,6.2562,359.7310,355.3192,359.9831,0.0001,-0.2922,0.0028,-0.0816,0.0047,0.9967
102.1730,127.38,32.7963,4.6881,6.2563,359.7008,355.3220,359.9805,0.0002,-0.3149,0.0022,-0.0816,0.0052,0.9967
102.1930,127.38,32.7963,4.6817,6.2563,359.6694,355.3249,359.9778,0.0002,-0.3233,0.0016,-0.0815,0.0058,0.9967
102.2130,127.38,32.7963,4.6748,6.2563,359.6371,355.3279,359.9751,0.0003,-0.3446,0.0009,-0.0815,0.0063,0.9967
102.2330,127.38,32.7963,4.6677,6.2563,359.6036,355.3310,359.9723,0.0005,-0.3533,0.0000,-0.0814,0.0069,0.9967
102.2530,127.38,32.7963,4.6602,6.2563,359.5694,355.3342,359.9693,0.0006,-0.3733,-0.0009,-0.0813,0.0075,0.9967
102.2730,127.38,32.7963,4.6526,6.2563,359.5342,355.3374,359.9663,0.0008,-0.3822,-0.0020,-0.0813,0.0081,0.9967
102.2930,127.38,32.7963,4.6446,6.2562,359.4984,355.3407,359.9633,0.0009,-0.4011,-0.0031,-0.0812,0.0088,0.9967
102.3130,127.38,32.7963,4.6364,6.2561,359.4617,355.3441,359.9601,0.0011,-0.4100,-0.0044,-0.0812,0.0094,0.9967
102.3330,127.38,32.7964,4.6278,6.2560,359.4245,355.3476,359.9569,0.0013,-0.4278,-0.0058,-0.0811,0.0100,0.9967
102.3530,127.38,32.7964,4.6191,6.2559,359.3866,355.3511,359.9536,0.0016,-0.4369,-0.0073,-0.0810,0.0107,0.9967
102.3730,127.38,32.7964,4.6100,6.2557,359.3482,355.3547,359.9503,0.0018,-0.4537,-0.0089,-0.0810,0.0114,0.9967
102.3930,127.38,32.7965,4.6007,6.2555,359.3093,355.3583,359.9469,0.0021,-0.4627,-0.0107,-0.0809,0.0121,0.9966
102.4130,127.38,32.7965,4.5912,6.2552,359.2700,355.3620,359.9435,0.0024,-0.4785,-0.0125,-0.0809,0.0127,0.9966
102.4330,127.38,32.7966,4.5814,6.2549,359.2302,355.3657,359.9400,0.0027,-0.4875,-0.0145,-0.0808,0.0134,0.9966
102.4530,127.38,32.7966,4.5714,6.2546,359.1902,355.3694,359.9365,0.0030,-0.5025,-0.0166,-0.0807,0.0141,0.9966
102.4730,127.38,32.7967,4.5612,6.2542,359.1498,355.3732,359.9330,0.0034,-0.5113,-0.0188,-0.0807,0.0148,0.9966
102.4930,127.38,32.7968,4.5506,6.2538,359.1093,355.3770,359.9294,0.0038,-0.5255,-0.0211,-0.0806,0.0155,0.9966
102.5130,127.38,32.7969,4.5400,6.2533,359.0686,355.3808,359.9258,0.0042,-0.5342,-0.0236,-0.0805,0.0163,0.9966
102.5330,127.38,32.7970,4.5290,6.2528,359.0277,355.3846,359.9222,0.0046,-0.5477,-0.0262,-0.0805,0.0170,0.9966
102.5530,127.38,32.7971,4.5179,6.2522,358.9868,355.3885,359.9186,0.0050,-0.5562,-0.0289,-0.0804,0.0177,0.9966
102.5730,127.38,32.7972,4.5065,6.2516,358.9458,355.3923,359.9150,0.0055,-0.5689,-0.0317,-0.0803,0.0184,0.9966
102.5930,128.83,32.7973,4.4950,6.2509,358.9048,355.3962,359.9114,0.0059,-0.5773,-0.0347,-0.0803,0.0191,0.9966
102.6130,128.83,32.7974,4.4832,6.2501,358.8640,355.4001,359.9077,0.0064,-0.5894,-0.0377,-0.0802,0.0198,0.9966
102.6330,128.83,32.7976,4.4712,6.2493,358.8231,355.4039,359.9041,0.0070,-0.5976,-0.0410,-0.0801,0.0205,0.9966
102.6530,128.83,32.7977,4.4590,6.2484,358.7824,355.4078,359.9005,0.0075,-0.6090,-0.0442,-0.0800,0.0212,0.9966
102.6730,128.83,32.7979,4.4467,6.2475,358.7419,355.4116,359.8969,0.0081,-0.6170,-0.0477,-0.0800,0.0220,0.9966
102.6930,128.83,32.7980,4.4341,6.2464,358.7016,355.4154,359.8932,0.0086,-0.6277,-0.0512,-0.0799,0.0227,0.9965
102.7130,128.83,32.7982,4.4214,6.2454,358.6616,355.4193,359.8896,0.0092,-0.6355,-0.0549,-0.0798,0.0234,0.9965
102.7330,128.83,32.7984,4.4085,6.2442,358.6218,355.4230,359.8861,0.0098,-0.6457,-0.0586,-0.0798,0.0241,0.9965
102.7530,128.83,32.7986,4.3955,6.2429,358.5823,355.4268,359.8825,0.0105,-0.6533,-0.0625,-0.0797,0.0247,0.9965
102.7730,128.83,32.7989,4.3822,6.2416,358.5432,355.4305,359.8790,0.0111,-0.6629,-0.0665,-0.0796,0.0254,0.9965
102.7930,128.83,32.7991,4.3688,6.2402,358.5045,355.4342,359.8755,0.0118,-0.6702,-0.0707,-0.0796,0.0261,0.9965
102.8130,128.83,32.7993,4.3552,6.2387,358.4662,355.4379,359.8720,0.0125,-0.6793,-0.0748,-0.0795,0.0268,0.9965
102.8330,128.83,32.7996,4.3415,6.2371,358.4283,355.4415,359.8686,0.0132,-0.6864,-0.0792,-0.0794,0.0274,0.9965
102.8530,128.83,32.7999,4.3276,6.2354,358.3910,355.4451,359.8652,0.0139,-0.6950,-0.0836,-0.0794,0.0281,0.9964
102.8730,128.83,32.8002,4.3135,6.2337,358.3541,355.4486,359.8618,0.0147,-0.7018,-0.0882,-0.0793,0.0287,0.9964
102.8930,128.83,32.8005,4.2993,6.2318,358.3177,355.4521,359.8586,0.0154,-0.7100,-0.0928,-0.0793,0.0294,0.9964
102.9130,128.83,32.8008,4.2850,6.2299,358.2819,355.4556,359.8553,0.0162,-0.7165,-0.0975,-0.0792,0.0300,0.9964
102.9330,128.83,32.8011,4.2705,6.2278,358.2467,355.4590,359.8521,0.0170,-0.7242,-0.1023,-0.0791,0.0306,0.9964
102.9530,128.83,32.8015,4.2559,6.2257,358.2121,355.4623,359.8489,0.0178,-0.7304,-0.1073,-0.0791,0.0312,0.9964
102.9730,128.83,32.8019,4.2412,6.2234,358.1782,355.4656,359.8458,0.0187,-0.7377,-0.1123,-0.0790,0.0318,0.9964
102.9930,128.83,32.8023,4.2263,6.2211,358.1448,355.4689,359.8427,0.0195,-0.7436,-0.1174,-0.0790,0.0324,0.9964
103.0130,128.83,32.8027,4.2113,6.2186,358.1122,355.4720,359.8397,0.0204,-0.7505,-0.1226,-0.0789,0.0329,0.9963
103.0330,128.83,32.8031,4.1962,6.2161,358.0802,355.4752,359.8367,0.0212,-0.7562,-0.1279,-0.0788,0.0335,0.9963
103.0530,128.83,32.8035,4.1809,6.2134,358.0490,355.4782,359.8339,0.0221,-0.7627,-0.1332,-0.0788,0.0340,0.9963
103.0730,128.83,32.8040,4.1655,6.2106,358.0185,355.4812,359.8310,0.0230,-0.7681,-0.1387,-0.0787,0.0346,0.9963
103.0930,128.83,32.8045,4.1501,6.2077,357.9887,355.4841,359.8282,0.0239,-0.7742,-0.1442,-0.0787,0.0351,0.9963
103.1130,128.83,32.8050,4.1345,6.2047,357.9597,355.4870,359.8256,0.0249,-0.7793,-0.1498,-0.0786,0.0356,0.9963
103.1330,128.83,32.8055,4.1188,6.2016,357.9315,355.4897,359.8229,0.0258,-0.7850,-0.1555,-0.0786,0.0361,0.9963
103.1530,128.83,32.8060,4.1030,6.1984,357.9040,355.4925,359.8204,0.0268,-0.7899,-0.1612,-0.0785,0.0366,0.9962
103.1730,128.83,32.8066,4.0871,6.1951,357.8774,355.4951,359.8179,0.0277,-0.7952,-0.1670,-0.0785,0.0370,0.9962
103.1930,128.83,32.8072,4.0711,6.1916,357.8516,355.4977,359.8155,0.0287,-0.7998,-0.1729,-0.0784,0.0375,0.9962
103.2130,128.83,32.8078,4.0550,6.1880,357.8266,355.5001,359.8131,0.0297,-0.8048,-0.1789,-0.0784,0.0379,0.9962
103.2330,128.83,32.8084,4.0388,6.1843,357.8025,355.5025,359.8108,0.0307,-0.8092,-0.1849,-0.0784,0.0383,0.9962
103.2530,128.83,32.8090,4.0225,6.1805,357.7792,355.5049,359.8086,0.0317,-0.8139,-0.1909,-0.0783,0.0388,0.9962
103.2730,128.83,32.8097,4.0062,6.1766,357.7568,355.5071,359.8065,0.0327,-0.8179,-0.1970,-0.0783,0.0391,0.9962
103.2930,128.83,32.8103,3.9897,6.1725,357.7353,355.5093,359.8045,0.0337,-0.8223,-0.2032,-0.0782,0.0395,0.9962
103.3130,128.83,32.8110,3.9732,6.1683,357.7146,355.5114,359.8025,0.0348,-0.8261,-0.2094,-0.0782,0.0399,0.9961
103.3330,128.83,32.8117,3.9566,6.1640,357.6948,355.5134,359.8006,0.0358,-0.8301,-0.2156,-0.0782,0.0402,0.9961
103.3530,128.83,32.8125,3.9399,6.1596,357.6760,355.5153,359.7988,0.0368,-0.8337,-0.2219,-0.0781,0.0406,0.9961
103.3730,128.83,32.8132,3.9232,6.1550,357.6580,355.5171,359.7971,0.0379,-0.8374,-0.2282,-0.0781,0.0409,0.9961
103.3930,128.83,32.8140,3.9064,6.1503,357.6409,355.5189,359.7954,0.0390,-0.8407,-0.2346,-0.0781,0.0412,0.9961
103.4130,128.83,32.8148,3.8895,6.1455,357.6247,355.5205,359.7939,0.0400,-0.8441,-0.2410,-0.0780,0.0414,0.9961
103.4330,128.83,32.8156,3.8725,6.1406,357.6095,355.5221,359.7924,0.0411,-0.8472,-0.2474,-0.0780,0.0417,0.9961
103.4530,128.83,32.8165,3.8555,6.1355,357.5951,355.5236,359.7910,0.0422,-0.8503,-0.2539,-0.0780,0.0420,0.9961
103.4730,128.83,32.8173,3.8385,6.1303,357.5817,355.5250,359.7897,0.0432,-0.8531,-0.2604,-0.0780,0.0422,0.9961
103.4930,128.83,32.8182,3.8213,6.1249,357.5692,355.5263,359.7885,0.0443,-0.8560,-0.2669,-0.0779,0.0424,0.9961
103.5130,128.83,32.8191,3.8042,6.1195,357.5576,355.5276,359.7873,0.0454,-0.8586,-0.2734,-0.0779,0.0426,0.9960
103.5330,128.83,32.8201,3.7869,6.1139,357.5469,355.5287,359.7862,0.0465,-0.8612,-0.2799,-0.0779,0.0428,0.9960
103.5530,128.83,32.8210,3.7697,6.1081,357.5371,355.5298,359.7852,0.0476,-0.8635,-0.2864,-0.0779,0.0430,0.9960
103.5730,128.83,32.8220,3.7524,6.1023,357.5283,355.5308,359.7843,0.0487,-0.8659,-0.2930,-0.0779,0.0431,0.9960
103.5930,125.74,32.8230,3.7350,6.0963,357.5203,355.5316,359.7835,0.0498,-0.8679,-0.2995,-0.0778,0.0433,0.9960
103.6130,125.74,32.8240,3.7176,6.0902,357.5133,355.5325,359.7828,0.0509,-0.8701,-0.3061,-0.0778,0.0434,0.9960
103.6330,125.74,32.8250,3.7002,6.0839,357.5072,355.5332,359.7821,0.0520,-0.8719,-0.3127,-0.0778,0.0435,0.9960
103.6530,125.74,32.8261,3.6827,6.0775,357.5020,355.5338,359.7816,0.0531,-0.8738,-0.3192,-0.0778,0.0436,0.9960
103.6730,125.74,32.8272,3.6652,6.0710,357.4977,355.5344,359.7811,0.0541,-0.8754,-0.3258,-0.0778,0.0437,0.9960
103.6930,125.74,32.8283,3.6476,6.0644,357.4943,355.5348,359.7807,0.0552,-0.8770,-0.3323,-0.0778,0.0437,0.9960
103.7130,125.74,32.8294,3.6301,6.0576,357.4918,355.5352,359.7804,0.0563,-0.8785,-0.3388,-0.0778,0.0438,0.9960
103.7330,125.74,32.8306,3.6125,6.0507,357.4902,355.5355,359.7801,0.0574,-0.8799,-0.3453,-0.0778,0.0438,0.9960
103.7530,125.74,32.8317,3.5948,6.0436,357.4894,355.5357,359.7799,0.0585,-0.8811,-0.3518,-0.0778,0.0438,0.9960
103.7730,125.74,32.8329,3.5772,6.0365,357.4896,355.5358,359.7799,0.0596,-0.8823,-0.3583,-0.0778,0.0438,0.9960
103.7930,125.74,32.8341,3.5595,6.0292,357.4906,355.5358,359.7799,0.0607,-0.8832,-0.3648,-0.0778,0.0438,0.9960
103.8130,125.74,32.8354,3.5419,6.0218,357.4925,355.5358,359.7799,0.0617,-0.8842,-0.3712,-0.0778,0.0438,0.9960
103.8330,125.74,32.8366,3.5242,6.0142,357.4952,355.5356,359.7801,0.0628,-0.8850,-0.3776,-0.0778,0.0437,0.9960
103.8530,125.74,32.8379,3.5064,6.0065,357.4987,355.5354,359.7803,0.0639,-0.8858,-0.3840,-0.0778,0.0436,0.9960
103.8730,125.74,32.8392,3.4887,5.9987,357.5032,355.5352,359.7806,0.0649,-0.8864,-0.3903,-0.0778,0.0436,0.9960
103.8930,125.74,32.8405,3.4710,5.9908,357.5084,355.5348,359.7810,0.0660,-0.8869,-0.3966,-0.0778,0.0435,0.9960
103.9130,125.74,32.8419,3.4532,5.9827,357.5145,355.5343,359.7815,0.0670,-0.8873,-0.4029,-0.0778,0.0434,0.9960
103.9330,125.74,32.8432,3.4355,5.9746,357.5214,355.5338,359.7820,0.0681,-0.8877,-0.4091,-0.0778,0.0432,0.9960
103.9530,125.74,32.8446,3.4177,5.9663,357.5290,355.5332,359.7827,0.0691,-0.8879,-0.4153,-0.0778,0.0431,0.9960
103.9730,125.74,32.8460,3.4000,5.9578,357.5375,355.5325,359.7833,0.0701,-0.8881,-0.4214,-0.0778,0.0430,0.9960
103.9930,125.74,32.8474,3.3822,5.9493,357.5468,355.5318,359.7841,0.0712,-0.8881,-0.4275,-0.0778,0.0428,0.9960
104.0130,125.74,32.8489,3.3644,5.9406,357.5568,355.5309,359.7849,0.0722,-0.8881,-0.4335,-0.0779,0.0426,0.9961
104.0330,125.74,32.8503,3.3467,5.9318,357.5676,355.5300,359.7858,0.0732,-0.8880,-0.4395,-0.0779,0.0424,0.9961
104.0530,125.74,32.8518,3.3289,5.9229,357.5791,355.5291,359.7868,0.0742,-0.8878,-0.4454,-0.0779,0.0422,0.9961
104.0730,125.74,32.8533,3.3112,5.9139,357.5913,355.5280,359.7878,0.0752,-0.8875,-0.4513,-0.0779,0.0420,0.9961
104.0930,125.74,32.8549,3.2934,5.9047,357.6043,355.5269,359.7889,0.0761,-0.8871,-0.4571,-0.0779,0.0418,0.9961
104.1130,125.74,32.8564,3.2757,5.8955,357.6180,355.5257,359.7901,0.0771,-0.8867,-0.4628,-0.0779,0.0416,0.9961
104.1330,125.74,32.8580,3.2580,5.8861,357.6324,355.5244,359.7913,0.0780,-0.8861,-0.4685,-0.0780,0.0413,0.9961
104.1530,125.74,32.8595,3.2403,5.8766,357.6476,355.5231,359.7926,0.0790,-0.8855,-0.4741,-0.0780,0.0410,0.9961
104.1730,125.74,32.8611,3.2226,5.8670,357.6633,355.5217,359.7939,0.0799,-0.8848,-0.4796,-0.0780,0.0408,0.9961
104.1930,125.74,32.8628,3.2049,5.8573,357.6797,355.5203,359.7953,0.0808,-0.8840,-0.4851,-0.0780,0.0405,0.9961
104.2130,125.74,32.8644,3.1872,5.8475,357.6968,355.5188,359.7968,0.0818,-0.8832,-0.4905,-0.0781,0.0402,0.9961
104.2330,125.74,32.8660,3.1696,5.8376,357.7146,355.5172,359.7983,0.0827,-0.8823,-0.4958,-0.0781,0.0399,0.9961
104.2530,125.74,32.8677,3.1519,5.8276,357.7329,355.5156,359.7999,0.0835,-0.8813,-0.5011,-0.0781,0.0396,0.9962
104.2730,125.74,32.8694,3.1343,5.8175,357.7519,355.5139,359.8016,0.0844,-0.8802,-0.5063,-0.0782,0.0392,0.9962
104.2930,125.74,32.8711,3.1168,5.8072,357.7714,355.5121,359.8033,0.0853,-0.8791,-0.5114,-0.0782,0.0389,0.9962
104.3130,125.74,32.8728,3.0992,5.7969,357.7915,355.5103,359.8050,0.0861,-0.8778,-0.5164,-0.0782,0.0385,0.9962
104.3330,125.74,32.8746,3.0817,5.7865,357.8122,355.5084,359.8068,0.0869,-0.8766,-0.5213,-0.0783,0.0382,0.9962
104.3530,125.74,32.8763,3.0642,5.7760,357.8335,355.5065,359.8087,0.0878,-0.8752,-0.5262,-0.0783,0.0378,0.9962
104.3730,125.74,32.8781,3.0467,5.7653,357.8553,355.5045,359.8106,0.0886,-0.8738,-0.5309,-0.0783,0.0374,0.9962
104.3930,125.74,32.8799,3.0292,5.7546,357.8776,355.5025,359.8125,0.0894,-0.8723,-0.5356,-0.0784,0.0370,0.9962
104.4130,125.74,32.8817,3.0118,5.7438,357.9005,355.5005,359.8145,0.0901,-0.8708,-0.5402,-0.0784,0.0366,0.9962
104.4330,125.74,32.8835,2.9944,5.7329,357.9238,355.4983,359.8166,0.0909,-0.8692,-0.5447,-0.0784,0.0362,0.9963
104.4530,125.74,32.8853,2.9771,5.7219,357.9476,355.4962,359.8186,0.0916,-0.8675,-0.5491,-0.0785,0.0358,0.9963
104.4730,125.74,32.8872,2.9598,5.7109,357.9719,355.4940,359.8207,0.0924,-0.8658,-0.5535,-0.0785,0.0354,0.9963
104.4930,125.74,32.8890,2.9425,5.6997,357.9966,355.4917,359.8229,0.0931,-0.8641,-0.5577,-0.0786,0.0350,0.9963
104.5130,125.74,32.8909,2.9252,5.6885,358.0218,355.4894,359.8251,0.0938,-0.8622,-0.5618,-0.0786,0.0345,0.9963
104.5330,125.74,32.8928,2.9080,5.6772,358.0474,355.4871,359.8273,0.0945,-0.8603,-0.5659,-0.0786,0.0341,0.9963
104.5530,125.74,32.8947,2.8909,5.6658,358.0735,355.4847,359.8296,0.0951,-0.8584,-0.5698,-0.0787,0.0336,0.9963
104.5730,125.74,32.8966,2.8737,5.6543,358.0999,355.4822,359.8319,0.0958,-0.8564,-0.5736,-0.0787,0.0332,0.9963
104.5930,122.30,32.8986,2.8567,5.6428,358.1267,355.4798,359.8343,0.0964,-0.8544,-0.5774,-0.0788,0.0327,0.9964
104.6130,122.30,32.9005,2.8396,5.6311,358.1538,355.4773,359.8366,0.0970,-0.8523,-0.5810,-0.0788,0.0322,0.9964
104.6330,122.30,32.9025,2.8226,5.6194,358.1814,355.4748,359.8391,0.0977,-0.8501,-0.5846,-0.0789,0.0317,0.9964
104.6530,122.30,32.9044,2.8057,5.6077,358.2092,355.4722,359.8415,0.0982,-0.8479,-0.5880,-0.0789,0.0312,0.9964
104.6730,122.30,32.9064,2.7887,5.5959,358.2374,355.4696,359.8440,0.0988,-0.8457,-0.5914,-0.0790,0.0308,0.9964
104.6930,122.30,32.9084,2.7719,5.5840,358.2659,355.4670,359.8465,0.0994,-0.8434,-0.5946,-0.0790,0.0303,0.9964
104.7130,122.30,32.9104,2.7551,5.5720,358.2947,355.4644,359.8490,0.0999,-0.8411,-0.5977,-0.0790,0.0298,0.9964
104.7330,122.30,32.9124,2.7383,5.5600,358.3238,355.4617,359.8515,0.1004,-0.8387,-0.6008,-0.0791,0.0293,0.9964
104.7530,122.30,32.9144,2.7216,5.5479,358.3531,355.4590,359.8541,0.1009,-0.8363,-0.6037,-0.0791,0.0287,0.9964
104.7730,122.30,32.9164,2.7049,5.5358,358.3827,355.4562,359.8567,0.1014,-0.8338,-0.6065,-0.0792,0.0282,0.9965
104.7930,122.30,32.9185,2.6882,5.5236,358.4125,355.4535,359.8593,0.1019,-0.8313,-0.6093,-0.0792,0.0277,0.9965
104.8130,122.30,32.9205,2.6717,5.5114,358.4426,355.4507,359.8619,0.1023,-0.8288,-0.6119,-0.0793,0.0272,0.9965
104.8330,122.30,32.9226,2.6552,5.4991,358.4728,355.4479,359.8645,0.1027,-0.8262,-0.6144,-0.0793,0.0267,0.9965
104.8530,122.30,32.9246,2.6387,5.4867,358.5033,355.4451,359.8672,0.1032,-0.8236,-0.6168,-0.0794,0.0261,0.9965
104.8730,122.30,32.9267,2.6223,5.4744,358.5339,355.4423,359.8698,0.1036,-0.8209,-0.6191,-0.0794,0.0256,0.9965
104.8930,122.30,32.9288,2.6059,5.4619,358.5648,355.4394,359.8725,0.1039,-0.8182,-0.6213,-0.0795,0.0250,0.9965
104.9130,122.30,32.9309,2.5896,5.4495,358.5957,355.4366,359.8752,0.1043,-0.8155,-0.6234,-0.0795,0.0245,0.9965
104.9330,122.30,32.9330,2.5733,5.4370,358.6268,355.4337,359.8780,0.1046,-0.8127,-0.6254,-0.0796,0.0240,0.9965
104.9530,122.30,32.9351,2.5571,5.4244,358.6581,355.4308,359.8807,0.1050,-0.8099,-0.6272,-0.0796,0.0234,0.9965
104.9730,122.30,32.9372,2.5410,5.4118,358.6894,355.4279,359.8834,0.1053,-0.8071,-0.6290,-0.0797,0.0229,0.9966
104.9930,122.30,32.9393,2.5249,5.3992,358.7209,355.4250,359.8861,0.1056,-0.8043,-0.6307,-0.0797,0.0223,0.9966
105.0130,122.30,32.9414,2.5089,5.3866,358.7524,355.4221,359.8889,0.1058,-0.8014,-0.6322,-0.0798,0.0218,0.9966
105.0330,122.30,32.9435,2.4929,5.3739,358.7841,355.4191,359.8916,0.1061,-0.7985,-0.6337,-0.0798,0.0212,0.9966
105.0530,122.30,32.9456,2.4770,5.3612,358.8157,355.4162,359.8944,0.1063,-0.7955,-0.6350,-0.0799,0.0207,0.9966
105.0730,122.30,32.9478,2.4611,5.3485,358.8475,355.4132,359.8971,0.1065,-0.7926,-0.6363,-0.0800,0.0201,0.9966
105.0930,122.30,32.9499,2.4454,5.3357,358.8792,355.4103,359.8999,0.1067,-0.7896,-0.6374,-0.0800,0.0196,0.9966
105.1130,122.30,32.9521,2.4296,5.3230,358.9111,355.4073,359.9026,0.1069,-0.7866,-0.6384,-0.0801,0.0190,0.9966
105.1330,122.30,32.9542,2.4140,5.3102,358.9429,355.4044,359.9054,0.1071,-0.7835,-0.6393,-0.0801,0.0184,0.9966
105.1530,122.30,32.9563,2.3983,5.2974,358.9747,355.4014,359.9081,0.1072,-0.7805,-0.6402,-0.0802,0.0179,0.9966
105.1730,122.30,32.9585,2.3828,5.2845,359.0065,355.3985,359.9109,0.1074,-0.7774,-0.6409,-0.0802,0.0173,0.9966
105.1930,122.30,32.9606,2.3673,5.2717,359.0383,355.3955,359.9136,0.1075,-0.7743,-0.6415,-0.0803,0.0168,0.9966
105.2130,122.30,32.9628,2.3519,5.2589,359.0701,355.3926,359.9164,0.1076,-0.7711,-0.6420,-0.0803,0.0162,0.9966
105.2330,122.30,32.9649,2.3365,5.2460,359.1018,355.3896,359.9191,0.1077,-0.7680,-0.6424,-0.0804,0.0157,0.9966
105.2530,122.30,32.9671,2.3212,5.2332,359.1334,355.3867,359.9218,0.1077,-0.7648,-0.6427,-0.0804,0.0151,0.9966
105.2730,122.30,32.9693,2.3060,5.2203,359.1650,355.3837,359.9246,0.1078,-0.7616,-0.6429,-0.0805,0.0146,0.9967
105.2930,122.30,32.9714,2.2908,5.2075,359.1965,355.3808,359.9273,0.1078,-0.7584,-0.6430,-0.0805,0.0140,0.9967
105.3130,122.30,32.9736,2.2757,5.1946,359.2280,355.3779,359.9300,0.1078,-0.7552,-0.6430,-0.0806,0.0135,0.9967
105.3330,122.30,32.9757,2.2607,5.1817,359.2593,355.3750,359.9327,0.1078,-0.7519,-0.6429,-0.0806,0.0129,0.9967
105.3530,122.30,32.9779,2.2457,5.1689,359.2905,355.3721,359.9354,0.1078,-0.7487,-0.6427,-0.0807,0.0124,0.9967
105.3730,122.30,32.9800,2.2308,5.1560,359.3216,355.3692,359.9380,0.1078,-0.7454,-0.6424,-0.0807,0.0118,0.9967
105.3930,122.30,32.9822,2.2160,5.1432,359.3526,355.3663,359.9407,0.1077,-0.7421,-0.6420,-0.0808,0.0113,0.9967
105.4130,122.30,32.9843,2.2012,5.1304,359.3835,355.3634,359.9434,0.1076,-0.7388,-0.6415,-0.0808,0.0108,0.9967
105.4330,122.30,32.9865,2.1865,5.1176,359.4142,355.3605,359.9460,0.1075,-0.7355,-0.6409,-0.0809,0.0102,0.9967
105.4530,122.30,32.9886,2.1718,5.1047,359.4447,355.3577,359.9486,0.1074,-0.7322,-0.6402,-0.0809,0.0097,0.9967
105.4730,122.30,32.9908,2.1573,5.0920,359.4750,355.3549,359.9512,0.1073,-0.7289,-0.6394,-0.0810,0.0092,0.9967
105.4930,122.30,32.9929,2.1428,5.0792,359.5052,355.3521,359.9538,0.1072,-0.7255,-0.6385,-0.0810,0.0086,0.9967
105.5130,122.30,32.9951,2.1283,5.0664,359.5353,355.3492,359.9563,0.1070,-0.7222,-0.6376,-0.0811,0.0081,0.9967
105.5330,122.30,32.9972,2.1139,5.0537,359.5651,355.3465,359.9589,0.1069,-0.7188,-0.6365,-0.0811,0.0076,0.9967
105.5530,122.30,32.9993,2.0996,5.0410,359.5947,355.3437,359.9614,0.1067,-0.7154,-0.6354,-0.0812,0.0071,0.9967
105.5730,122.30,33.0015,2.0854,5.0283,359.6241,355.3409,359.9639,0.1065,-0.7120,-0.6341,-0.0812,0.0066,0.9967
105.5930,127.86,33.0036,2.0712,5.0157,359.6533,355.3382,359.9664,0.1063,-0.7086,-0.6328,-0.0813,0.0061,0.9967
105.6130,127.86,33.0057,2.0571,5.0030,359.6823,355.3355,359.9689,0.1061,-0.7052,-0.6314,-0.0813,0.0055,0.9967
105.6330,127.86,33.0078,2.0431,4.9904,359.7111,355.3328,359.9713,0.1058,-0.7018,-0.6299,-0.0814,0.0050,0.9967
105.6530,127.86,33.0099,2.0291,4.9779,359.7396,355.3301,359.9737,0.1056,-0.6984,-0.6283,-0.0814,0.0045,0.9967
105.6730,127.86,33.0120,2.0152,4.9653,359.7678,355.3275,359.9761,0.1053,-0.6950,-0.6266,-0.0815,0.0041,0.9967
105.6930,127.86,33.0141,2.0014,4.9528,359.7958,355.3249,359.9785,0.1050,-0.6916,-0.6249,-0.0815,0.0036,0.9967
105.7130,127.86,33.0162,1.9876,4.9404,359.8236,355.3222,359.9808,0.1047,-0.6882,-0.6230,-0.0816,0.0031,0.9967
105.7330,127.86,33.0183,1.9739,4.9280,359.8511,355.3197,359.9832,0.1044,-0.6847,-0.6211,-0.0816,0.0026,0.9967
105.7530,127.86,33.0204,1.9603,4.9156,359.8783,355.3171,359.9854,0.1041,-0.6813,-0.6191,-0.0816,0.0021,0.9967
105.7730,127.86,33.0225,1.9467,4.9032,359.9052,355.3146,359.9877,0.1038,-0.6779,-0.6170,-0.0817,0.0017,0.9967
105.7930,127.86,33.0246,1.9332,4.8909,359.9319,355.3121,359.9900,0.1034,-0.6744,-0.6149,-0.0817,0.0012,0.9967
105.8130,127.86,33.0266,1.9198,4.8787,359.9583,355.3096,359.9922,0.1030,-0.6710,-0.6127,-0.0818,0.0007,0.9967
105.8330,127.86,33.0287,1.9065,4.8665,359.9843,355.3071,-0.0056,0.1027,-0.6675,-0.6103,-0.0818,0.0003,0.9966
105.8530,127.86,33.0307,1.8932,4.8543,0.0101,355.3047,-0.0034,0.1023,-0.6641,-0.6080,-0.0819,-0.0002,0.9966
105.8730,127.86,33.0327,1.8800,4.8422,0.0355,355.3023,-0.0013,0.1019,-0.6606,-0.6055,-0.0819,-0.0006,0.9966
105.8930,127.86,33.0348,1.8668,4.8301,0.0607,355.2999,0.0008,0.1015,-0.6572,-0.6030,-0.0819,-0.0011,0.9966
105.9130,127.86,33.0368,1.8538,4.8181,0.0855,355.2976,0.0029,0.1011,-0.6537,-0.6004,-0.0820,-0.0015,0.9966
105.9330,127.86,33.0388,1.8408,4.8062,0.1100,355.2953,0.0049,0.1006,-0.6503,-0.5977,-0.0820,-0.0019,0.9966
105.9530,127.86,33.0408,1.8278,4.7943,0.1342,355.2930,0.0070,0.1002,-0.6468,-0.5950,-0.0821,-0.0023,0.9966
105.9730,127.86,33.0428,1.8149,4.7824,0.1581,355.2907,0.0089,0.0997,-0.6434,-0.5922,-0.0821,-0.0028,0.9966
105.9930,127.86,33.0448,1.8021,4.7707,0.1816,355.2885,0.0109,0.0993,-0.6399,-0.5894,-0.0821,-0.0032,0.9966
106.0130,127.86,33.0468,1.7894,4.7589,0.2048,355.2863,0.0128,0.0988,-0.6365,-0.5865,-0.0822,-0.0036,0.9966
106.0330,127.86,33.0487,1.7768,4.7473,0.2277,355.2841,0.0147,0.0983,-0.6331,-0.5835,-0.0822,-0.0040,0.9966
106.0530,127.86,33.0507,1.7642,4.7356,0.2502,355.2820,0.0166,0.0978,-0.6296,-0.5804,-0.0823,-0.0044,0.9966
106.0730,127.86,33.0526,1.7516,4.7241,0.2724,355.2799,0.0185,0.0973,-0.6262,-0.5773,-0.0823,-0.0048,0.9966
106.0930,127.86,33.0546,1.7392,4.7126,0.2942,355.2778,0.0203,0.0968,-0.6227,-0.5742,-0.0823,-0.0051,0.9966
106.1130,127.86,33.0565,1.7268,4.7012,0.3156,355.2757,0.0220,0.0962,-0.6193,-0.5709,-0.0824,-0.0055,0.9966
106.1330,127.86,33.0584,1.7145,4.6898,0.3368,355.2737,0.0238,0.0957,-0.6159,-0.5677,-0.0824,-0.0059,0.9966
106.1530,127.86,33.0603,1.7022,4.6786,0.3575,355.2717,0.0255,0.0952,-0.6125,-0.5644,-0.0824,-0.0062,0.9966
106.1730,127.86,33.0622,1.6901,4.6673,0.3779,355.2698,0.0272,0.0946,-0.6091,-0.5610,-0.0825,-0.0066,0.9966
106.1930,127.86,33.0641,1.6779,4.6562,0.3979,355.2679,0.0288,0.0940,-0.6056,-0.5575,-0.0825,-0.0069,0.9966
106.2130,127.86,33.0660,1.6659,4.6451,0.4176,355.2660,0.0305,0.0935,-0.6022,-0.5541,-0.0825,-0.0073,0.9966
106.2330,127.86,33.0678,1.6539,4.6341,0.4369,355.2641,0.0320,0.0929,-0.5988,-0.5505,-0.0826,-0.0076,0.9966
106.2530,127.86,33.0697,1.6420,4.6232,0.4558,355.2623,0.0336,0.0923,-0.5954,-0.5470,-0.0826,-0.0080,0.9966
106.2730,127.86,33.0715,1.6302,4.6123,0.4744,355.2605,0.0351,0.0917,-0.5920,-0.5433,-0.0826,-0.0083,0.9965
106.2930,127.86,33.0733,1.6184,4.6015,0.4926,355.2588,0.0366,0.0911,-0.5886,-0.5397,-0.0827,-0.0086,0.9965
106.3130,127.86,33.0751,1.6067,4.5908,0.5104,355.2570,0.0381,0.0905,-0.5853,-0.5360,-0.0827,-0.0089,0.9965
106.3330,127.86,33.0769,1.5951,4.5801,0.5279,355.2553,0.0395,0.0899,-0.5819,-0.5322,-0.0827,-0.0092,0.9965
106.3530,127.86,33.0787,1.5835,4.5696,0.5450,355.2537,0.0409,0.0892,-0.5785,-0.5284,-0.0827,-0.0095,0.9965
106.3730,127.86,33.0805,1.5720,4.5591,0.5617,355.2520,0.0423,0.0886,-0.5752,-0.5246,-0.0828,-0.0098,0.9965
106.3930,127.86,33.0822,1.5605,4.5487,0.5780,355.2505,0.0436,0.0880,-0.5718,-0.5207,-0.0828,-0.0101,0.9965
106.4130,127.86,33.0840,1.5492,4.5383,0.5940,355.2489,0.0449,0.0873,-0.5685,-0.5168,-0.0828,-0.0104,0.9965
106.4330,127.86,33.0857,1.5379,4.5281,0.6096,355.2473,0.0461,0.0867,-0.5651,-0.5129,-0.0828,-0.0106,0.9965
106.4530,127.86,33.0874,1.5266,4.5179,0.6248,355.2459,0.0474,0.0860,-0.5618,-0.5089,-0.0829,-0.0109,0.9965
106.4730,127.86,33.0892,1.5155,4.5078,0.6396,355.2444,0.0486,0.0854,-0.5585,-0.5049,-0.0829,-0.0112,0.9965
106.4930,127.86,33.0908,1.5044,4.4978,0.6541,355.2430,0.0497,0.0847,-0.5551,-0.5009,-0.0829,-0.0114,0.9965
106.5130,127.86,33.0925,1.4933,4.4878,0.6682,355.2416,0.0509,0.0840,-0.5518,-0.4968,-0.0829,-0.0117,0.9965
106.5330,127.86,33.0942,1.4824,4.4780,0.6819,355.2402,0.0520,0.0834,-0.5485,-0.4928,-0.0830,-0.0119,0.9965
106.5530,127.86,33.0959,1.4715,4.4682,0.6952,355.2389,0.0530,0.0827,-0.5452,-0.4886,-0.0830,-0.0121,0.9965
106.5730,127.86,33.0975,1.4606,4.4585,0.7082,355.2376,0.0541,0.0820,-0.5420,-0.4845,-0.0830,-0.0124,0.9965
106.5930,128.06,33.0991,1.4498,4.4489,0.7208,355.2363,0.0551,0.0813,-0.5387,-0.4803,-0.0830,-0.0126,0.9965
106.6130,128.06,33.1007,1.4391,4.4394,0.7330,355.2351,0.0560,0.0806,-0.5354,-0.4761,-0.0831,-0.0128,0.9965
106.6330,128.06,33.1023,1.4285,4.4299,0.7449,355.2339,0.0570,0.0799,-0.5322,-0.4719,-0.0831,-0.0130,0.9965
106.6530,128.06,33.1039,1.4179,4.4206,0.7563,355.2327,0.0579,0.0792,-0.5289,-0.4677,-0.0831,-0.0132,0.9965
106.6730,128.06,33.1055,1.4074,4.4113,0.7675,355.2316,0.0588,0.0785,-0.5257,-0.4634,-0.0831,-0.0134,0.9964
106.6930,128.06,33.1070,1.3969,4.4021,0.7782,355.2305,0.0596,0.0778,-0.5224,-0.4592,-0.0831,-0.0136,0.9964
106.7130,128.06,33.1086,1.3866,4.3930,0.7886,355.2294,0.0604,0.0771,-0.5192,-0.4549,-0.0832,-0.0138,0.9964
106.7330,128.06,33.1101,1.3762,4.3840,0.7987,355.2284,0.0612,0.0764,-0.5160,-0.4506,-0.0832,-0.0139,0.9964
106.7530,128.06,33.1116,1.3660,4.3751,0.8083,355.2274,0.0620,0.0757,-0.5128,-0.4463,-0.0832,-0.0141,0.9964
106.7730,128.06,33.1131,1.3558,4.3663,0.8177,355.2264,0.0627,0.0750,-0.5096,-0.4419,-0.0832,-0.0143,0.9964
106.7930,128.06,33.1146,1.3457,4.3575,0.8266,355.2255,0.0634,0.0743,-0.5064,-0.4376,-0.0832,-0.0144,0.9964
106.8130,128.06,33.1161,1.3356,4.3488,0.8352,355.2246,0.0641,0.0736,-0.5033,-0.4333,-0.0832,-0.0146,0.9964
106.8330,128.06,33.1175,1.3256,4.3403,0.8435,355.2237,0.0647,0.0728,-0.5001,-0.4289,-0.0833,-0.0147,0.9964
106.8530,128.06,33.1190,1.3157,4.3318,0.8514,355.2228,0.0653,0.0721,-0.4969,-0.4245,-0.0833,-0.0149,0.9964
106.8730,128.06,33.1204,1.3058,4.3234,0.8590,355.2220,0.0659,0.0714,-0.4938,-0.4201,-0.0833,-0.0150,0.9964
106.8930,128.06,33.1218,1.2960,4.3151,0.8662,355.2212,0.0665,0.0707,-0.4907,-0.4158,-0.0833,-0.0151,0.9964
106.9130,128.06,33.1232,1.2862,4.3068,0.8731,355.2205,0.0670,0.0700,-0.4875,-0.4114,-0.0833,-0.0152,0.9964
106.9330,128.06,33.1246,1.2765,4.2987,0.8796,355.2198,0.0675,0.0692,-0.4844,-0.4070,-0.0833,-0.0154,0.9964
106.9530,128.06,33.1260,1.2669,4.2906,0.8858,355.2191,0.0679,0.0685,-0.4813,-0.4026,-0.0833,-0.0155,0.9964
106.9730,128.06,33.1273,1.2573,4.2827,0.8917,355.2184,0.0684,0.0678,-0.4782,-0.3982,-0.0833,-0.0156,0.9964
106.9930,128.06,33.1287,1.2478,4.2748,0.8973,355.2177,0.0688,0.0671,-0.4752,-0.3938,-0.0834,-0.0157,0.9964
107.0130,128.06,33.1300,1.2384,4.2670,0.9025,355.2171,0.0692,0.0663,-0.4721,-0.3894,-0.0834,-0.0158,0.9964
107.0330,128.06,33.1313,1.2290,4.2593,0.9074,355.2166,0.0695,0.0656,-0.4690,-0.3850,-0.0834,-0.0158,0.9964
107.0530,128.06,33.1326,1.2197,4.2517,0.9120,355.2160,0.0699,0.0649,-0.4660,-0.3806,-0.0834,-0.0159,0.9964
107.0730,128.06,33.1339,1.2104,4.2442,0.9162,355.2155,0.0702,0.0642,-0.4630,-0.3762,-0.0834,-0.0160,0.9964
107.0930,128.06,33.1352,1.2012,4.2367,0.9202,355.2150,0.0704,0.0635,-0.4599,-0.3718,-0.0834,-0.0161,0.9964
107.1130,128.06,33.1364,1.1921,4.2294,0.9238,355.2145,0.0707,0.0627,-0.4569,-0.3675,-0.0834,-0.0161,0.9964
107.1330,128.06,33.1377,1.1830,4.2221,0.9271,355.2141,0.0709,0.0620,-0.4539,-0.3631,-0.0834,-0.0162,0.9964
107.1530,128.06,33.1389,1.1740,4.2150,0.9302,355.2137,0.0711,0.0613,-0.4509,-0.3587,-0.0834,-0.0162,0.9964
107.1730,128.06,33.1401,1.1650,4.2079,0.9329,355.2133,0.0713,0.0606,-0.4479,-0.3544,-0.0834,-0.0163,0.9964
107.1930,128.06,33.1413,1.1561,4.2009,0.9353,355.2129,0.0715,0.0599,-0.4450,-0.3500,-0.0834,-0.0163,0.9964
107.2130,128.06,33.1425,1.1473,4.1940,0.9375,355.2126,0.0716,0.0592,-0.4420,-0.3457,-0.0834,-0.0164,0.9964
107.2330,128.06,33.1436,1.1385,4.1871,0.9393,355.2122,0.0717,0.0584,-0.4391,-0.3413,-0.0835,-0.0164,0.9964
107.2530,128.06,33.1448,1.1298,4.1804,0.9409,355.2120,0.0718,0.0577,-0.4361,-0.3370,-0.0835,-0.0164,0.9964
107.2730,128.06,33.1459,1.1211,4.1737,0.9422,355.2117,0.0719,0.0570,-0.4332,-0.3327,-0.0835,-0.0164,0.9964
107.2930,128.06,33.1471,1.1125,4.1672,0.9432,355.2115,0.0719,0.0563,-0.4303,-0.3284,-0.0835,-0.0165,0.9964
107.3130,128.06,33.1482,1.1040,4.1607,0.9440,355.2113,0.0719,0.0556,-0.4274,-0.3241,-0.0835,-0.0165,0.9964
107.3330,128.06,33.1493,1.0955,4.1543,0.9445,355.2111,0.0719,0.0549,-0.4245,-0.3199,-0.0835,-0.0165,0.9964
107.3530,128.06,33.1504,1.0871,4.1480,0.9447,355.2109,0.0719,0.0542,-0.4216,-0.3156,-0.0835,-0.0165,0.9964
107.3730,128.06,33.1514,1.0787,4.1417,0.9446,355.2108,0.0719,0.0535,-0.4188,-0.3114,-0.0835,-0.0165,0.9964
107.3930,128.06,33.1525,1.0704,4.1356,0.9443,355.2107,0.0718,0.0528,-0.4159,-0.3072,-0.0835,-0.0165,0.9964
107.4130,128.06,33.1535,1.0621,4.1295,0.9438,355.2106,0.0717,0.0521,-0.4131,-0.3030,-0.0835,-0.0165,0.9964
107.4330,128.06,33.1546,1.0539,4.1236,0.9430,355.2105,0.0716,0.0515,-0.4102,-0.2988,-0.0835,-0.0165,0.9964
107.4530,128.06,33.1556,1.0458,4.1177,0.9419,355.2104,0.0715,0.0508,-0.4074,-0.2947,-0.0835,-0.0164,0.9964
107.4730,128.06,33.1566,1.0377,4.1119,0.9406,355.2104,0.0714,0.0501,-0.4046,-0.2905,-0.0835,-0.0164,0.9964
107.4930,128.06,33.1576,1.0296,4.1061,0.9391,355.2104,0.0712,0.0494,-0.4018,-0.2864,-0.0835,-0.0164,0.9964
107.5130,128.06,33.1585,1.0216,4.1005,0.9373,355.2104,0.0710,0.0488,-0.3990,-0.2823,-0.0835,-0.0164,0.9964
107.5330,128.06,33.1595,1.0137,4.0949,0.9354,355.2104,0.0708,0.0481,-0.3962,-0.2783,-0.0835,-0.0163,0.9964
107.5530,128.06,33.1605,1.0058,4.0894,0.9332,355.2105,0.0706,0.0474,-0.3935,-0.2742,-0.0835,-0.0163,0.9964
107.5730,128.06,33.1614,0.9980,4.0840,0.9307,355.2106,0.0704,0.0468,-0.3907,-0.2702,-0.0835,-0.0162,0.9964
107.5930,128.06,33.1623,0.9903,4.0787,0.9281,355.2107,0.0702,0.0461,-0.3880,-0.2662,-0.0835,-0.0162,0.9964
107.6130,126.21,33.1632,0.9826,4.0735,0.9253,355.2108,0.0699,0.0455,-0.3853,-0.2622,-0.0835,-0.0161,0.9964
107.6330,126.21,33.1641,0.9749,4.0683,0.9222,355.2109,0.0696,0.0448,-0.3825,-0.2583,-0.0835,-0.0161,0.9964
107.6530,126.21,33.1650,0.9673,4.0632,0.9190,355.2111,0.0693,0.0442,-0.3798,-0.2543,-0.0835,-0.0160,0.9964
107.6730,126.21,33.1659,0.9598,4.0582,0.9155,355.2112,0.0690,0.0435,-0.3771,-0.2504,-0.0835,-0.0160,0.9964
107.6930,126.21,33.1667,0.9523,4.0533,0.9119,355.2114,0.0687,0.0429,-0.3745,-0.2466,-0.0835,-0.0159,0.9964
107.7130,126.21,33.1676,0.9449,4.0484,0.9080,355.2116,0.0684,0.0423,-0.3718,-0.2427,-0.0835,-0.0158,0.9964
107.7330,126.21,33.1684,0.9375,4.0436,0.9040,355.2119,0.0680,0.0416,-0.3691,-0.2389,-0.0835,-0.0158,0.9964
107.7530,126.21,33.1692,0.9301,4.0389,0.8998,355.2121,0.0677,0.0410,-0.3665,-0.2351,-0.0835,-0.0157,0.9964
107.7730,126.21,33.1700,0.9229,4.0343,0.8955,355.2123,0.0673,0.0404,-0.3639,-0.2314,-0.0835,-0.0156,0.9964
107.7930,126.21,33.1708,0.9156,4.0298,0.8909,355.2126,0.0669,0.0398,-0.3612,-0.2276,-0.0834,-0.0155,0.9964
107.8130,126.21,33.1716,0.9085,4.0253,0.8862,355.2129,0.0665,0.0392,-0.3586,-0.2239,-0.0834,-0.0155,0.9964
107.8330,126.21,33.1724,0.9013,4.0209,0.8814,355.2132,0.0661,0.0386,-0.3560,-0.2203,-0.0834,-0.0154,0.9964
107.8530,126.21,33.1731,0.8943,4.0165,0.8764,355.2135,0.0657,0.0380,-0.3534,-0.2166,-0.0834,-0.0153,0.9964
107.8730,126.21,33.1739,0.8873,4.0123,0.8712,355.2138,0.0652,0.0374,-0.3509,-0.2130,-0.0834,-0.0152,0.9964
107.8930,126.21,33.1746,0.8803,4.0081,0.8659,355.2141,0.0648,0.0368,-0.3483,-0.2094,-0.0834,-0.0151,0.9964
107.9130,126.21,33.1754,0.8734,4.0040,0.8604,355.2145,0.0644,0.0363,-0.3457,-0.2059,-0.0834,-0.0150,0.9964
107.9330,126.21,33.1761,0.8665,3.9999,0.8548,355.2149,0.0639,0.0357,-0.3432,-0.2024,-0.0834,-0.0149,0.9964
107.9530,126.21,33.1768,0.8597,3.9959,0.8490,355.2152,0.0634,0.0351,-0.3407,-0.1989,-0.0834,-0.0148,0.9964
107.9730,126.21,33.1775,0.8529,3.9920,0.8432,355.2156,0.0629,0.0345,-0.3381,-0.1954,-0.0834,-0.0147,0.9964
107.9930,126.21,33.1781,0.8462,3.9882,0.8372,355.2160,0.0624,0.0340,-0.3356,-0.1920,-0.0834,-0.0146,0.9964
108.0130,126.21,33.1788,0.8396,3.9844,0.8310,355.2165,0.0619,0.0334,-0.3331,-0.1886,-0.0834,-0.0145,0.9964
108.0330,126.21,33.1795,0.8330,3.9807,0.8248,355.2169,0.0614,0.0329,-0.3307,-0.1853,-0.0834,-0.0144,0.9964
108.0530,126.21,33.1801,0.8264,3.9771,0.8184,355.2173,0.0609,0.0323,-0.3282,-0.1819,-0.0834,-0.0143,0.9964
108.0730,126.21,33.1807,0.8199,3.9735,0.8119,355.2178,0.0604,0.0318,-0.3257,-0.1787,-0.0834,-0.0142,0.9964
108.0930,126.21,33.1814,0.8134,3.9700,0.8054,355.2182,0.0599,0.0313,-0.3233,-0.1754,-0.0834,-0.0141,0.9964
108.1130,126.21,33.1820,0.8070,3.9666,0.7987,355.2187,0.0593,0.0308,-0.3209,-0.1722,-0.0833,-0.0139,0.9964
108.1330,126.21,33.1826,0.8006,3.9632,0.7919,355.2191,0.0588,0.0302,-0.3184,-0.1690,-0.0833,-0.0138,0.9964
108.1530,126.21,33.1832,0.7943,3.9599,0.7850,355.2196,0.0582,0.0297,-0.3160,-0.1659,-0.0833,-0.0137,0.9964
108.1730,126.21,33.1838,0.7880,3.9566,0.7780,355.2201,0.0577,0.0292,-0.3136,-0.1627,-0.0833,-0.0136,0.9964
108.1930,126.21,33.1844,0.7818,3.9534,0.7710,355.2206,0.0571,0.0287,-0.3112,-0.1597,-0.0833,-0.0135,0.9964
108.2130,126.21,33.1849,0.7756,3.9503,0.7638,355.2212,0.0565,0.0282,-0.3088,-0.1566,-0.0833,-0.0133,0.9964
108.2330,126.21,33.1855,0.7695,3.9472,0.7566,355.2217,0.0560,0.0277,-0.3065,-0.1536,-0.0833,-0.0132,0.9964
108.2530,126.21,33.1860,0.7634,3.9442,0.7493,355.2222,0.0554,0.0272,-0.3041,-0.1506,-0.0833,-0.0131,0.9964
108.2730,126.21,33.1865,0.7574,3.9412,0.7419,355.2227,0.0548,0.0268,-0.3018,-0.1477,-0.0833,-0.0129,0.9964
108.2930,126.21,33.1871,0.7514,3.9383,0.7345,355.2233,0.0542,0.0263,-0.2994,-0.1448,-0.0833,-0.0128,0.9964
108.3130,126.21,33.1876,0.7454,3.9355,0.7270,355.2238,0.0536,0.0258,-0.2971,-0.1419,-0.0833,-0.0127,0.9964
108.3330,126.21,33.1881,0.7396,3.9327,0.7194,355.2244,0.0530,0.0254,-0.2948,-0.1391,-0.0832,-0.0126,0.9964
108.3530,126.21,33.1886,0.7337,3.9300,0.7118,355.2249,0.0524,0.0249,-0.2925,-0.1363,-0.0832,-0.0124,0.9965
108.3730,126.21,33.1891,0.7279,3.9273,0.7041,355.2255,0.0519,0.0245,-0.2902,-0.1335,-0.0832,-0.0123,0.9965
108.3930,126.21,33.1896,0.7221,3.9247,0.6963,355.2260,0.0512,0.0240,-0.2880,-0.1308,-0.0832,-0.0122,0.9965
108.4130,126.21,33.1900,0.7164,3.9222,0.6886,355.2266,0.0506,0.0236,-0.2857,-0.1281,-0.0832,-0.0120,0.9965
108.4330,126.21,33.1905,0.7108,3.9196,0.6807,355.2272,0.0500,0.0231,-0.2834,-0.1254,-0.0832,-0.0119,0.9965
108.4530,126.21,33.1910,0.7051,3.9172,0.6729,355.2278,0.0494,0.0227,-0.2812,-0.1228,-0.0832,-0.0117,0.9965
108.4730,126.21,33.1914,0.6996,3.9148,0.6650,355.2284,0.0488,0.0223,-0.2790,-0.1202,-0.0832,-0.0116,0.9965
108.4930,126.21,33.1918,0.6940,3.9124,0.6571,355.2290,0.0482,0.0219,-0.2768,-0.1177,-0.0832,-0.0115,0.9965
108.5130,126.21,33.1923,0.6885,3.9101,0.6491,355.2296,0.0476,0.0215,-0.2746,-0.1151,-0.0832,-0.0113,0.9965
108.5330,126.21,33.1927,0.6831,3.9079,0.6411,355.2302,0.0470,0.0211,-0.2724,-0.1127,-0.0831,-0.0112,0.9965
108.5530,126.21,33.1931,0.6777,3.9057,0.6331,355.2307,0.0464,0.0207,-0.2702,-0.1102,-0.0831,-0.0110,0.9965
108.5730,126.21,33.1935,0.6723,3.9035,0.6250,355.2314,0.0458,0.0203,-0.2680,-0.1078,-0.0831,-0.0109,0.9965
108.5930,126.21,33.1939,0.6670,3.9014,0.6170,355.2320,0.0452,0.0199,-0.2658,-0.1054,-0.0831,-0.0108,0.9965
108.6130,120.95,33.1943,0.6617,3.8993,0.6089,355.2326,0.0446,0.0195,-0.2637,-0.1031,-0.0831,-0.0106,0.9965
108.6330,120.95,33.1947,0.6565,3.8973,0.6008,355.2332,0.0440,0.0191,-0.2616,-0.1008,-0.0831,-0.0105,0.9965
108.6530,120.95,33.1950,0.6513,3.8954,0.5928,355.2338,0.0434,0.0188,-0.2594,-0.0985,-0.0831,-0.0103,0.9965
108.6730,120.95,33.1954,0.6462,3.8934,0.5847,355.2344,0.0427,0.0184,-0.2573,-0.0963,-0.0831,-0.0102,0.9965
108.6930,120.95,33.1958,0.6411,3.8916,0.5766,355.2350,0.0421,0.0180,-0.2552,-0.0941,-0.0831,-0.0101,0.9965
108.7130,120.95,33.1961,0.6360,3.8897,0.5685,355.2356,0.0415,0.0177,-0.2531,-0.0919,-0.0831,-0.0099,0.9965
108.7330,120.95,33.1965,0.6310,3.8879,0.5604,355.2362,0.0409,0.0173,-0.2510,-0.0898,-0.0830,-0.0098,0.9965
108.7530,120.95,33.1968,0.6260,3.8862,0.5523,355.2368,0.0403,0.0170,-0.2490,-0.0877,-0.0830,-0.0096,0.9965
108.7730,120.95,33.1971,0.6211,3.8845,0.5442,355.2375,0.0397,0.0167,-0.2469,-0.0856,-0.0830,-0.0095,0.9965
108.7930,120.95,33.1975,0.6162,3.8828,0.5361,355.2381,0.0391,0.0163,-0.2449,-0.0836,-0.0830,-0.0094,0.9965
108.8130,120.95,33.1978,0.6113,3.8812,0.5281,355.2387,0.0386,0.0160,-0.2428,-0.0816,-0.0830,-0.0092,0.9965
108.8330,120.95,33.1981,0.6065,3.8796,0.5200,355.2393,0.0380,0.0157,-0.2408,-0.0796,-0.0830,-0.0091,0.9965
108.8530,120.95,33.1984,0.6017,3.8780,0.5120,355.2399,0.0374,0.0154,-0.2388,-0.0777,-0.0830,-0.0089,0.9965
108.8730,120.95,33.1987,0.5970,3.8765,0.5040,355.2405,0.0368,0.0151,-0.2368,-0.0758,-0.0830,-0.0088,0.9965
108.8930,120.95,33.1990,0.5923,3.8750,0.4960,355.2411,0.0362,0.0148,-0.2348,-0.0739,-0.0830,-0.0087,0.9965
108.9130,120.95,33.1993,0.5876,3.8736,0.4880,355.2418,0.0356,0.0145,-0.2328,-0.0721,-0.0829,-0.0085,0.9965
108.9330,120.95,33.1996,0.5830,3.8722,0.4801,355.2424,0.0351,0.0142,-0.2308,-0.0703,-0.0829,-0.0084,0.9965
108.9530,120.95,33.1999,0.5784,3.8708,0.4722,355.2430,0.0345,0.0139,-0.2289,-0.0685,-0.0829,-0.0082,0.9965
108.9730,120.95,33.2001,0.5739,3.8695,0.4644,355.2436,0.0339,0.0136,-0.2269,-0.0668,-0.0829,-0.0081,0.9965
108.9930,120.95,33.2004,0.5694,3.8682,0.4565,355.2442,0.0334,0.0133,-0.2250,-0.0651,-0.0829,-0.0080,0.9965
109.0130,120.95,33.2007,0.5649,3.8669,0.4487,355.2448,0.0328,0.0130,-0.2231,-0.0634,-0.0829,-0.0078,0.9965
109.0330,120.95,33.2009,0.5605,3.8657,0.4410,355.2454,0.0323,0.0128,-0.2211,-0.0617,-0.0829,-0.0077,0.9965
109.0530,120.95,33.2012,0.5561,3.8645,0.4332,355.2460,0.0317,0.0125,-0.2192,-0.0601,-0.0829,-0.0076,0.9965
109.0730,120.95,33.2014,0.5518,3.8633,0.4256,355.2466,0.0312,0.0122,-0.2173,-0.0586,-0.0829,-0.0074,0.9965
109.0930,120.95,33.2017,0.5475,3.8621,0.4179,355.2471,0.0306,0.0120,-0.2155,-0.0570,-0.0829,-0.0073,0.9965
109.1130,120.95,33.2019,0.5432,3.8610,0.4103,355.2477,0.0301,0.0117,-0.2136,-0.0555,-0.0828,-0.0072,0.9965
109.1330,120.95,33.2021,0.5390,3.8600,0.4028,355.2483,0.0296,0.0115,-0.2117,-0.0540,-0.0828,-0.0070,0.9965
109.1530,120.95,33.2023,0.5348,3.8589,0.3953,355.2489,0.0290,0.0113,-0.2099,-0.0525,-0.0828,-0.0069,0.9965
109.1730,120.95,33.2026,0.5306,3.8579,0.3878,355.2495,0.0285,0.0110,-0.2080,-0.0511,-0.0828,-0.0068,0.9965
109.1930,120.95,33.2028,0.5265,3.8569,0.3804,355.2500,0.0280,0.0108,-0.2062,-0.0497,-0.0828,-0.0066,0.9965
109.2130,120.95,33.2030,0.5224,3.8559,0.3731,355.2506,0.0275,0.0106,-0.2044,-0.0483,-0.0828,-0.0065,0.9965
109.2330,120.95,33.2032,0.5183,3.8550,0.3658,355.2511,0.0270,0.0103,-0.2026,-0.0470,-0.0828,-0.0064,0.9965
109.2530,120.95,33.2034,0.5143,3.8541,0.3586,355.2517,0.0265,0.0101,-0.2008,-0.0457,-0.0828,-0.0063,0.9965
109.2730,120.95,33.2036,0.5103,3.8532,0.3514,355.2523,0.0260,0.0099,-0.1990,-0.0444,-0.0828,-0.0061,0.9966
109.2930,120.95,33.2038,0.5064,3.8523,0.3443,355.2528,0.0255,0.0097,-0.1972,-0.0431,-0.0828,-0.0060,0.9966
109.3130,120.95,33.2040,0.5025,3.8515,0.3373,355.2534,0.0250,0.0095,-0.1955,-0.0419,-0.0827,-0.0059,0.9966
109.3330,120.95,33.2042,0.4986,3.8507,0.3303,355.2539,0.0245,0.0093,-0.1937,-0.0407,-0.0827,-0.0058,0.9966
109.3530,120.95,33.2044,0.4948,3.8499,0.3234,355.2544,0.0241,0.0091,-0.1920,-0.0395,-0.0827,-0.0056,0.9966
109.3730,120.95,33.2045,0.4910,3.8491,0.3165,355.2549,0.0236,0.0089,-0.1902,-0.0384,-0.0827,-0.0055,0.9966
109.3930,120.95,33.2047,0.4872,3.8484,0.3097,355.2555,0.0232,0.0087,-0.1885,-0.0372,-0.0827,-0.0054,0.9966
109.4130,120.95,33.2049,0.4835,3.8476,0.3030,355.2560,0.0227,0.0085,-0.1868,-0.0361,-0.0827,-0.0053,0.9966
109.4330,120.95,33.2050,0.4798,3.8469,0.2963,355.2565,0.0223,0.0083,-0.1851,-0.0351,-0.0827,-0.0052,0.9966
109.4530,120.95,33.2052,0.4761,3.8463,0.2897,355.2570,0.0218,0.0082,-0.1834,-0.0340,-0.0827,-0.0051,0.9966
109.4730,120.95,33.2054,0.4725,3.8456,0.2832,355.2575,0.0214,0.0080,-0.1817,-0.0330,-0.0827,-0.0049,0.9966
109.4930,120.95,33.2055,0.4689,3.8450,0.2767,355.2580,0.0210,0.0078,-0.1800,-0.0320,-0.0827,-0.0048,0.9966
109.5130,120.95,33.2057,0.4653,3.8443,0.2704,355.2585,0.0205,0.0077,-0.1784,-0.0310,-0.0827,-0.0047,0.9966
109.5330,120.95,33.2058,0.4618,3.8437,0.2641,355.2590,0.0201,0.0075,-0.1767,-0.0301,-0.0827,-0.0046,0.9966
109.5530,120.95,33.2060,0.4583,3.8432,0.2578,355.2595,0.0197,0.0073,-0.1751,-0.0291,-0.0826,-0.0045,0.9966
109.5730,120.95,33.2061,0.4548,3.8426,0.2517,355.2599,0.0193,0.0072,-0.1735,-0.0282,-0.0826,-0.0044,0.9966
109.5930,120.95,33.2063,0.4513,3.8420,0.2456,355.2604,0.0189,0.0070,-0.1718,-0.0274,-0.0826,-0.0043,0.9966
109.6130,126.88,33.2064,0.4479,3.8415,0.2396,355.2609,0.0185,0.0069,-0.1702,-0.0265,-0.0826,-0.0042,0.9966
109.6330,126.88,33.2065,0.4446,3.8410,0.2336,355.2613,0.0181,0.0067,-0.1686,-0.0257,-0.0826,-0.0041,0.9966
109.6530,126.88,33.2067,0.4412,3.8405,0.2278,355.2618,0.0178,0.0066,-0.1670,-0.0248,-0.0826,-0.0040,0.9966
109.6730,126.88,33.2068,0.4379,3.8400,0.2220,355.2622,0.0174,0.0065,-0.1655,-0.0241,-0.0826,-0.0039,0.9966
109.6930,126.88,33.2069,0.4346,3.8396,0.2163,355.2627,0.0170,0.0063,-0.1639,-0.0233,-0.0826,-0.0038,0.9966
109.7130,126.88,33.2070,0.4314,3.8391,0.2106,355.2631,0.0167,0.0062,-0.1623,-0.0225,-0.0826,-0.0037,0.9966
109.7330,126.88,33.2072,0.4282,3.8387,0.2051,355.2635,0.0163,0.0061,-0.1608,-0.0218,-0.0826,-0.0036,0.9966
109.7530,126.88,33.2073,0.4250,3.8382,0.1996,355.2639,0.0160,0.0059,-0.1592,-0.0211,-0.0826,-0.0035,0.9966
109.7730,126.88,33.2074,0.4218,3.8378,0.1942,355.2643,0.0156,0.0058,-0.1577,-0.0204,-0.0826,-0.0034,0.9966
109.7930,126.88,33.2075,0.4187,3.8374,0.1889,355.2647,0.0153,0.0057,-0.1562,-0.0197,-0.0826,-0.0033,0.9966
109.8130,126.88,33.2076,0.4156,3.8371,0.1837,355.2651,0.0150,0.0056,-0.1547,-0.0191,-0.0825,-0.0032,0.9966
109.8330,126.88,33.2077,0.4126,3.8367,0.1785,355.2655,0.0147,0.0055,-0.1532,-0.0185,-0.0825,-0.0031,0.9966
109.8530,126.88,33.2078,0.4095,3.8363,0.1734,355.2659,0.0143,0.0054,-0.1517,-0.0178,-0.0825,-0.0030,0.9966
109.8730,126.88,33.2080,0.4065,3.8360,0.1684,355.2663,0.0140,0.0053,-0.1502,-0.0172,-0.0825,-0.0029,0.9966
109.8930,126.88,33.2081,0.4036,3.8357,0.1635,355.2667,0.0137,0.0051,-0.1487,-0.0167,-0.0825,-0.0029,0.9966
109.9130,126.88,33.2082,0.4006,3.8353,0.1587,355.2671,0.0134,0.0050,-0.1473,-0.0161,-0.0825,-0.0028,0.9966
109.9330,126.88,33.2083,0.3977,3.8350,0.1539,355.2674,0.0132,0.0049,-0.1458,-0.0156,-0.0825,-0.0027,0.9966
109.9530,126.88,33.2084,0.3948,3.8347,0.1492,355.2678,0.0129,0.0048,-0.1444,-0.0150,-0.0825,-0.0026,0.9966
109.9730,126.88,33.2084,0.3919,3.8344,0.1446,355.2681,0.0126,0.0048,-0.1430,-0.0145,-0.0825,-0.0025,0.9966
109.9930,126.88,33.2085,0.3891,3.8341,0.1401,355.2685,0.0123,0.0047,-0.1415,-0.0140,-0.0825,-0.0024,0.9966
110.0130,126.88,33.2086,0.3863,3.8339,0.1357,355.2688,0.0121,0.0046,-0.1401,-0.0136,-0.0825,-0.0024,0.9966
110.0330,126.88,33.2087,0.3835,3.8336,0.1313,355.2691,0.0118,0.0045,-0.1387,-0.0131,-0.0825,-0.0023,0.9966
110.0530,126.88,33.2088,0.3808,3.8334,0.1270,355.2695,0.0116,0.0044,-0.1373,-0.0127,-0.0825,-0.0022,0.9966
110.0730,126.88,33.2089,0.3781,3.8331,0.1228,355.2698,0.0113,0.0043,-0.1359,-0.0122,-0.0825,-0.0021,0.9966
110.0930,126.88,33.2090,0.3754,3.8329,0.1187,355.2701,0.0111,0.0042,-0.1346,-0.0118,-0.0825,-0.0021,0.9966
110.1130,126.88,33.2091,0.3727,3.8327,0.1147,355.2704,0.0108,0.0042,-0.1332,-0.0114,-0.0825,-0.0020,0.9966
110.1330,126.88,33.2091,0.3701,3.8324,0.1107,355.2707,0.0106,0.0041,-0.1318,-0.0110,-0.0824,-0.0019,0.9966
110.1530,126.88,33.2092,0.3675,3.8322,0.1068,355.2710,0.0104,0.0040,-0.1305,-0.0107,-0.0824,-0.0019,0.9966
110.1730,126.88,33.2093,0.3649,3.8320,0.1030,355.2713,0.0102,0.0039,-0.1292,-0.0103,-0.0824,-0.0018,0.9966
110.1930,126.88,33.2094,0.3623,3.8318,0.0993,355.2715,0.0100,0.0039,-0.1278,-0.0100,-0.0824,-0.0017,0.9966
110.2130,126.88,33.2095,0.3598,3.8316,0.0957,355.2718,0.0097,0.0038,-0.1265,-0.0096,-0.0824,-0.0017,0.9966
110.2330,126.88,33.2095,0.3573,3.8314,0.0921,355.2721,0.0095,0.0037,-0.1252,-0.0093,-0.0824,-0.0016,0.9966
110.2530,126.88,33.2096,0.3548,3.8313,0.0886,355.2723,0.0094,0.0037,-0.1239,-0.0090,-0.0824,-0.0015,0.9966
110.2730,126.88,33.2097,0.3524,3.8311,0.0852,355.2726,0.0092,0.0036,-0.1226,-0.0087,-0.0824,-0.0015,0.9966
110.2930,126.88,33.2097,0.3499,3.8309,0.0819,355.2729,0.0090,0.0035,-0.1213,-0.0084,-0.0824,-0.0014,0.9966
110.3130,126.88,33.2098,0.3475,3.8308,0.0786,355.2731,0.0088,0.0035,-0.1201,-0.0081,-0.0824,-0.0014,0.9966
110.3330,126.88,33.2099,0.3452,3.8306,0.0754,355.2733,0.0086,0.0034,-0.1188,-0.0079,-0.0824,-0.0013,0.9966
110.3530,126.88,33.2100,0.3428,3.8304,0.0723,355.2736,0.0085,0.0034,-0.1176,-0.0076,-0.0824,-0.0013,0.9966
110.3730,126.88,33.2100,0.3405,3.8303,0.0693,355.2738,0.0083,0.0033,-0.1163,-0.0074,-0.0824,-0.0012,0.9966
110.3930,126.88,33.2101,0.3382,3.8301,0.0663,355.2740,0.0081,0.0032,-0.1151,-0.0072,-0.0824,-0.0012,0.9966
110.4130,126.88,33.2101,0.3359,3.8300,0.0634,355.2742,0.0080,0.0032,-0.1138,-0.0070,-0.0824,-0.0011,0.9966
110.4330,126.88,33.2102,0.3336,3.8299,0.0606,355.2744,0.0078,0.0031,-0.1126,-0.0067,-0.0824,-0.0011,0.9966
110.4530,126.88,33.2103,0.3314,3.8297,0.0578,355.2746,0.0077,0.0031,-0.1114,-0.0065,-0.0824,-0.0010,0.9966
110.4730,126.88,33.2103,0.3292,3.8296,0.0552,355.2748,0.0076,0.0030,-0.1102,-0.0064,-0.0824,-0.0010,0.9966
110.4930,126.88,33.2104,0.3270,3.8295,0.0526,355.2750,0.0074,0.0030,-0.1090,-0.0062,-0.0824,-0.0009,0.9966
110.5130,126.88,33.2104,0.3249,3.8294,0.0500,355.2752,0.0073,0.0029,-0.1079,-0.0060,-0.0824,-0.0009,0.9966
110.5330,126.88,33.2105,0.3227,3.8293,0.0476,355.2754,0.0072,0.0029,-0.1067,-0.0058,-0.0824,-0.0008,0.9966
110.5530,126.88,33.2106,0.3206,3.8291,0.0452,355.2755,0.0070,0.0029,-0.1055,-0.0057,-0.0824,-0.0008,0.9966
110.5730,126.88,33.2106,0.3185,3.8290,0.0428,355.2757,0.0069,0.0028,-0.1044,-0.0055,-0.0824,-0.0007,0.9966
110.5930,126.88,33.2107,0.3165,3.8289,0.0406,355.2759,0.0068,0.0028,-0.1032,-0.0054,-0.0824,-0.0007,0.9966
110.6130,125.89,33.2107,0.3144,3.8288,0.0384,355.2760,0.0067,0.0027,-0.1021,-0.0053,-0.0824,-0.0007,0.9966
110.6330,125.89,33.2108,0.3124,3.8287,0.0363,355.2762,0.0066,0.0027,-0.1009,-0.0051,-0.0824,-0.0006,0.9966
110.6530,125.89,33.2108,0.3104,3.8286,0.0342,355.2763,0.0065,0.0027,-0.0998,-0.0050,-0.0824,-0.0006,0.9966
110.6730,125.89,33.2109,0.3085,3.8285,0.0322,355.2765,0.0064,0.0026,-0.0987,-0.0049,-0.0823,-0.0006,0.9966
110.6930,125.89,33.2109,0.3065,3.8284,0.0303,355.2766,0.0063,0.0026,-0.0976,-0.0048,-0.0823,-0.0005,0.9966
110.7130,125.89,33.2110,0.3046,3.8283,0.0284,355.2767,0.0062,0.0025,-0.0965,-0.0047,-0.0823,-0.0005,0.9966
110.7330,125.89,33.2110,0.3027,3.8282,0.0266,355.2769,0.0062,0.0025,-0.0954,-0.0046,-0.0823,-0.0005,0.9966
110.7530,125.89,33.2111,0.3008,3.8281,0.0249,355.2770,0.0061,0.0025,-0.0944,-0.0045,-0.0823,-0.0004,0.9966
110.7730,125.89,33.2111,0.2989,3.8281,0.0232,355.2771,0.0060,0.0024,-0.0933,-0.0044,-0.0823,-0.0004,0.9966
110.7930,125.89,33.2112,0.2971,3.8280,0.0215,355.2772,0.0059,0.0024,-0.0922,-0.0044,-0.0823,-0.0004,0.9966
110.8130,125.89,33.2112,0.2952,3.8279,0.0200,355.2773,0.0059,0.0024,-0.0912,-0.0043,-0.0823,-0.0003,0.9966
110.8330,125.89,33.2113,0.2934,3.8278,0.0185,355.2774,0.0058,0.0023,-0.0901,-0.0042,-0.0823,-0.0003,0.9966
110.8530,125.89,33.2113,0.2917,3.8277,0.0170,355.2775,0.0057,0.0023,-0.0891,-0.0042,-0.0823,-0.0003,0.9966
110.8730,125.89,33.2114,0.2899,3.8276,0.0156,355.2776,0.0057,0.0023,-0.0881,-0.0041,-0.0823,-0.0003,0.9966
110.8930,125.89,33.2114,0.2882,3.8276,0.0143,355.2777,0.0056,0.0023,-0.0870,-0.0041,-0.0823,-0.0002,0.9966
110.9130,125.89,33.2115,0.2864,3.8275,0.0130,355.2778,0.0056,0.0022,-0.0860,-0.0040,-0.0823,-0.0002,0.9966
110.9330,125.89,33.2115,0.2847,3.8274,0.0118,355.2779,0.0055,0.0022,-0.0850,-0.0040,-0.0823,-0.0002,0.9966
110.9530,125.89,33.2116,0.2831,3.8273,0.0106,355.2780,0.0055,0.0022,-0.0840,-0.0039,-0.0823,-0.0002,0.9966
110.9730,125.89,33.2116,0.2814,3.8272,0.0095,355.2780,0.0054,0.0022,-0.0830,-0.0039,-0.0823,-0.0002,0.9966
110.9930,125.89,33.2116,0.2798,3.8272,0.0084,355.2781,0.0054,0.0021,-0.0821,-0.0039,-0.0823,-0.0001,0.9966
111.0130,125.89,33.2117,0.2781,3.8271,0.0074,355.2781,0.0053,0.0021,-0.0811,-0.0038,-0.0823,-0.0001,0.9966
111.0330,125.89,33.2117,0.2729,3.8270,0.0062,355.2782,0.0053,0.0021,-0.2617,-0.0038,-0.0823,-0.0001,0.9966
111.0530,125.89,33.2118,0.2641,3.8269,0.0048,355.2783,0.0052,0.0021,-0.4417,-0.0037,-0.0823,-0.0001,0.9966
111.0730,125.89,33.2118,0.2516,3.8269,0.0032,355.2784,0.0051,0.0021,-0.6210,-0.0037,-0.0823,-0.0001,0.9966
111.0930,125.89,33.2118,0.2356,3.8268,0.0015,355.2786,0.0050,0.0020,-0.7996,-0.0036,-0.0823,0.0000,0.9966
111.1130,125.89,33.2119,0.2161,3.8267,-0.0005,355.2787,0.0049,0.0020,-0.9776,-0.0036,-0.0823,0.0000,0.9966
111.1330,125.89,33.2119,0.1930,3.8266,-0.0026,355.2789,0.0048,0.0020,-1.1550,-0.0035,-0.0823,0.0000,0.9966
111.1530,125.89,33.2120,0.1664,3.8266,-0.0049,355.2791,0.0046,0.0020,-1.3316,-0.0035,-0.0823,0.0001,0.9966
111.1730,125.89,33.2120,0.1362,3.8265,359.9927,355.2793,0.0045,0.0020,-1.5076,-0.0034,-0.0823,0.0001,0.9966
111.1930,125.89,33.2120,0.1026,3.8264,359.9901,355.2795,0.0043,0.0020,-1.6830,-0.0034,-0.0823,0.0002,0.9966
111.2130,125.89,33.2121,0.0654,3.8264,359.9873,355.2797,0.0041,0.0020,-1.8577,-0.0033,-0.0823,0.0002,0.9966
111.2330,125.89,33.2119,0.0381,3.8267,359.8452,355.2876,359.9791,-0.0071,-1.3058,0.0248,-0.0822,0.0027,0.9966
111.2530,125.89,33.2116,0.0205,3.8289,359.5833,355.2992,359.9324,-0.0198,-0.8493,0.1130,-0.0820,0.0073,0.9966
111.2730,125.89,33.2109,0.0095,3.8318,359.2356,355.3073,359.8943,-0.0419,-0.5448,0.1726,-0.0818,0.0133,0.9966
111.2930,125.89,33.2093,0.0023,3.8370,358.8552,355.2893,359.8736,-0.0851,-0.3705,0.2743,-0.0821,0.0200,0.9964
111.3130,125.89,33.2073,-0.0034,3.8442,358.4601,355.2690,359.8662,-0.0843,-0.3008,0.3511,-0.0824,0.0269,0.9962
111.3330,125.89,33.2059,-0.0093,3.8521,358.0506,355.2750,359.8654,-0.0682,-0.3098,0.3919,-0.0823,0.0340,0.9960
111.3530,125.89,33.2050,-0.0166,3.8595,357.6251,355.2924,359.8765,-0.0497,-0.3700,0.3873,-0.0820,0.0414,0.9958
111.3730,125.89,33.2043,-0.0258,3.8676,357.1982,355.3048,359.8965,-0.0367,-0.4710,0.4107,-0.0818,0.0489,0.9955
111.3930,125.89,33.2038,-0.0371,3.8763,356.7690,355.3144,359.9208,-0.0245,-0.5645,0.4380,-0.0816,0.0564,0.9951
111.4130,125.89,33.2035,-0.0496,3.8852,356.3298,355.3263,359.9466,-0.0195,-0.6226,0.4535,-0.0813,0.0640,0.9946
111.4330,125.89,33.2030,-0.0628,3.8948,355.8823,355.3331,359.9672,-0.0229,-0.6558,0.4862,-0.0812,0.0718,0.9941
111.4530,125.89,33.2025,-0.0761,3.9052,355.4229,355.3372,359.9800,-0.0272,-0.6637,0.5195,-0.0810,0.0798,0.9935
111.4730,125.89,33.2019,-0.0893,3.9163,354.9491,355.3380,359.9843,-0.0330,-0.6532,0.5510,-0.0810,0.0880,0.9928
111.4930,125.89,33.2011,-0.1020,3.9279,354.4602,355.3364,359.9807,-0.0396,-0.6368,0.5808,-0.0809,0.0965,0.9920
111.5130,125.89,33.2002,-0.1145,3.9401,353.9567,355.3331,359.9710,-0.0463,-0.6236,0.6093,-0.0809,0.1053,0.9911
111.5330,125.89,33.1991,-0.1268,3.9528,353.4397,355.3292,359.9573,-0.0529,-0.6179,0.6360,-0.0809,0.1142,0.9902
111.5530,125.89,33.1979,-0.1392,3.9660,352.9104,355.3255,359.9420,-0.0589,-0.6201,0.6611,-0.0809,0.1234,0.9891
111.5730,125.89,33.1967,-0.1517,3.9789,352.3635,355.3233,359.9268,-0.0620,-0.6276,0.6636,-0.0808,0.1329,0.9878
111.5930,125.89,33.1954,-0.1647,3.9927,351.8104,355.3234,359.9134,-0.0662,-0.6506,0.6951,-0.0807,0.1424,0.9865
111.6130,127.96,33.1940,-0.1780,4.0072,351.2498,355.3257,359.9027,-0.0702,-0.6692,0.7256,-0.0805,0.1521,0.9851
111.6330,127.96,33.1925,-0.1916,4.0222,350.6795,355.3294,359.8948,-0.0740,-0.6754,0.7518,-0.0804,0.1620,0.9835
111.6530,127.96,33.1909,-0.2050,4.0377,350.0984,355.3338,359.8894,-0.0773,-0.6736,0.7749,-0.0801,0.1720,0.9818
111.6730,127.96,33.1893,-0.2184,4.0537,349.5060,355.3381,359.8864,-0.0798,-0.6690,0.7962,-0.0799,0.1821,0.9800
111.6930,127.96,33.1877,-0.2317,4.0700,348.9027,355.3424,359.8853,-0.0809,-0.6635,0.8157,-0.0797,0.1925,0.9781
111.7130,127.96,33.1862,-0.2450,4.0859,348.2825,355.3496,359.8850,-0.0773,-0.6642,0.8129,-0.0794,0.2031,0.9759
111.7330,127.96,33.1847,-0.2585,4.1026,347.6581,355.3573,359.8857,-0.0769,-0.6786,0.8425,-0.0791,0.2137,0.9737
111.7530,127.96,33.1831,-0.2722,4.1200,347.0278,355.3648,359.8867,-0.0772,-0.6854,0.8704,-0.0787,0.2245,0.9713
111.7730,127.96,33.1816,-0.2858,4.1378,346.3894,355.3711,359.8870,-0.0779,-0.6796,0.8935,-0.0784,0.2353,0.9687
111.7930,127.96,33.1800,-0.2992,4.1561,345.7415,355.3754,359.8863,-0.0789,-0.6666,0.9123,-0.0781,0.2463,0.9660
111.8130,127.96,33.1784,-0.3122,4.1746,345.0843,355.3777,359.8845,-0.0799,-0.6527,0.9289,-0.0779,0.2574,0.9632
111.8330,127.96,33.1769,-0.3252,4.1926,344.4107,355.3815,359.8814,-0.0800,-0.6486,0.9182,-0.0776,0.2687,0.9601
111.8530,127.96,33.1752,-0.3384,4.2113,343.7351,355.3865,359.8772,-0.0828,-0.6607,0.9430,-0.0772,0.2801,0.9569
111.8730,127.96,33.1735,-0.3517,4.2306,343.0554,355.3922,359.8722,-0.0859,-0.6635,0.9666,-0.0768,0.2914,0.9535
111.8930,127.96,33.1717,-0.3647,4.2503,342.3693,355.3979,359.8662,-0.0889,-0.6521,0.9852,-0.0765,0.3029,0.9500
111.9130,127.96,33.1699,-0.3774,4.2703,341.6754,355.4027,359.8595,-0.0918,-0.6324,0.9993,-0.0761,0.3144,0.9462
111.9330,127.96,33.1680,-0.3896,4.2905,340.9738,355.4062,359.8525,-0.0941,-0.6121,1.0108,-0.0757,0.3260,0.9423
111.9530,127.96,33.1662,-0.4018,4.3099,340.2569,355.4112,359.8451,-0.0928,-0.6077,0.9925,-0.0753,0.3378,0.9382
111.9730,127.96,33.1643,-0.4142,4.3301,339.5406,355.4174,359.8377,-0.0942,-0.6216,1.0138,-0.0749,0.3495,0.9339
111.9930,127.96,33.1624,-0.4267,4.3507,338.8223,355.4251,359.8304,-0.0955,-0.6210,1.0329,-0.0744,0.3613,0.9295
112.0130,127.96,33.1605,-0.4388,4.3716,338.0992,355.4333,359.8231,-0.0966,-0.6035,1.0465,-0.0739,0.3730,0.9249
112.0330,127.96,33.1585,-0.4503,4.3927,337.3701,355.4409,359.8159,-0.0978,-0.5765,1.0549,-0.0734,0.3848,0.9201
112.0530,127.96,33.1565,-0.4613,4.4139,336.6349,355.4471,359.8092,-0.0987,-0.5491,1.0606,-0.0729,0.3966,0.9151
112.0730,127.96,33.1547,-0.4723,4.4341,335.8854,355.4550,359.8019,-0.0960,-0.5456,1.0345,-0.0723,0.4086,0.9099
112.0930,127.96,33.1527,-0.4835,4.4550,335.1389,355.4634,359.7950,-0.0969,-0.5613,1.0508,-0.0718,0.4204,0.9045
112.1130,127.96,33.1508,-0.4947,4.4762,334.3926,355.4729,359.7878,-0.0974,-0.5594,1.0652,-0.0712,0.4322,0.8990
112.1330,127.96,33.1488,-0.5055,4.4977,333.6438,355.4828,359.7800,-0.0979,-0.5374,1.0735,-0.0706,0.4440,0.8933
112.1530,127.96,33.1469,-0.5156,4.5192,332.8906,355.4919,359.7721,-0.0985,-0.5040,1.0756,-0.0700,0.4557,0.8874
112.1730,127.96,33.1510,-0.5080,4.5256,332.3943,355.4574,359.9694,0.2052,0.3660,0.3092,-0.0702,0.4634,0.8834
112.1930,127.96,33.1519,-0.4922,4.5286,332.0652,355.4507,0.0214,0.0298,0.7951,0.1473,-0.0701,0.4685,0.8807
112.2130,127.96,33.1515,-0.4767,4.5309,331.7844,355.4352,0.0350,-0.0137,0.7765,0.1201,-0.0701,0.4728,0.8784
112.2330,127.96,33.1510,-0.4631,4.5330,331.5311,355.4350,0.0227,-0.0249,0.6823,0.1039,-0.0700,0.4767,0.8763
112.2530,127.96,33.1505,-0.4511,4.5347,331.3075,355.4406,0.0043,-0.0211,0.5971,0.0860,-0.0697,0.4801,0.8744
112.2730,127.96,33.1502,-0.4406,4.5361,331.1177,355.4411,-0.0005,-0.0114,0.5286,0.0718,-0.0696,0.4830,0.8728
112.2930,127.96,33.1502,-0.4316,4.5373,330.9575,355.4412,-0.0005,-0.0046,0.4459,0.0608,-0.0695,0.4855,0.8715
112.3130,127.96,33.1501,-0.4243,4.5383,330.8273,355.4418,-0.0002,-0.0022,0.3655,0.0488,-0.0694,0.4874,0.8704
112.3330,127.96,33.1501,-0.4187,4.5391,330.7266,355.4422,-0.0004,-0.0020,0.2837,0.0369,-0.0693,0.4890,0.8695
112.3530,127.96,33.1501,-0.4146,4.5396,330.6550,355.4423,-0.0004,-0.0019,0.2016,0.0258,-0.0693,0.4901,0.8689
112.3730,127.96,33.1500,-0.4122,4.5399,330.6124,355.4423,-0.0004,-0.0014,0.1201,0.0152,-0.0692,0.4907,0.8686
112.3930,127.96,33.1500,-0.4114,4.5400,330.5984,355.4422,-0.0005,-0.0006,0.0391,0.0049,-0.0692,0.4909,0.8684
112.4130,127.96,33.1500,-0.4122,4.5399,330.6137,355.4420,-0.0001,0.0004,-0.0415,-0.0053,-0.0692,0.4907,0.8686
112.4330,127.96,33.1501,-0.4146,4.5395,330.6570,355.4419,0.0000,0.0013,-0.1215,-0.0153,-0.0693,0.4900,0.8689
112.4530,127.96,33.1501,-0.4186,4.5390,330.7283,355.4420,0.0000,0.0023,-0.2011,-0.0255,-0.0693,0.4890,0.8696
112.4730,127.96,33.1502,-0.4242,4.5383,330.8277,355.4421,0.0000,0.0031,-0.2802,-0.0358,-0.0694,0.4874,0.8704
112.4930,127.96,33.1502,-0.4314,4.5374,330.9547,355.4423,-0.0002,0.0039,-0.3598,-0.0464,-0.0695,0.4855,0.8715
112.5130,127.96,33.1503,-0.4402,4.5362,331.1096,355.4424,-0.0003,0.0047,-0.4366,-0.0577,-0.0696,0.4831,0.8728
112.5330,127.96,33.1504,-0.4505,4.5348,331.2919,355.4425,-0.0004,0.0057,-0.5148,-0.0693,-0.0697,0.4803,0.8743
112.5530,127.96,33.1506,-0.4623,4.5332,331.5017,355.4426,-0.0005,0.0068,-0.5906,-0.0817,-0.0698,0.4771,0.8761
112.5730,127.96,33.1507,-0.4756,4.5313,331.7389,355.4428,-0.0007,0.0078,-0.6665,-0.0948,-0.0700,0.4735,0.8780
112.5930,127.96,33.1509,-0.4904,4.5291,332.0033,355.4431,-0.0010,0.0089,-0.7421,-0.1087,-0.0702,0.4694,0.8802
112.6130,127.96,33.1511,-0.5067,4.5266,332.2944,355.4430,-0.0006,0.0103,-0.8170,-0.1236,-0.0703,0.4649,0.8825
112.6330,127.14,33.1514,-0.5246,4.5238,332.6118,355.4429,-0.0002,0.0117,-0.8914,-0.1393,-0.0705,0.4600,0.8851
112.6530,127.14,33.1516,-0.5439,4.5206,332.9556,355.4429,0.0001,0.0132,-0.9647,-0.1562,-0.0708,0.4547,0.8878
112.6730,127.14,33.1519,-0.5646,4.5171,333.3258,355.4433,-0.0002,0.0145,-1.0366,-0.1746,-0.0710,0.4489,0.8907
112.6930,127.14,33.1522,-0.5867,4.5132,333.7220,355.4435,-0.0005,0.0159,-1.1083,-0.1941,-0.0712,0.4427,0.8938
112.7130,127.14,33.1526,-0.6103,4.5088,334.1442,355.4437,-0.0007,0.0177,-1.1793,-0.2150,-0.0715,0.4361,0.8971
112.7330,127.14,33.1529,-0.6205,4.4982,334.4288,355.4510,359.9798,0.0224,-0.4413,-0.5240,-0.0715,0.4316,0.8992
112.7530,127.14,33.1531,-0.6191,4.4850,334.6182,355.4789,359.9377,0.0124,0.0704,-0.6553,-0.0712,0.4286,0.9007
112.7730,127.14,33.1530,-0.6119,4.4707,334.7541,355.5067,359.8882,-0.0101,0.3317,-0.7027,-0.0709,0.4265,0.9017
112.7930,127.14,33.1523,-0.6035,4.4563,334.8695,355.5163,359.8503,-0.0353,0.3825,-0.7062,-0.0708,0.4247,0.9026
112.8130,127.14,33.1512,-0.5961,4.4426,334.9804,355.5058,359.8256,-0.0494,0.3519,-0.6708,-0.0710,0.4229,0.9034
112.8330,127.14,33.1503,-0.5906,4.4300,335.0948,355.4950,359.8026,-0.0426,0.2593,-0.6315,-0.0712,0.4211,0.9042
112.8530,127.14,33.1498,-0.5877,4.4171,335.2010,355.4987,359.7776,-0.0214,0.1464,-0.6248,-0.0712,0.4194,0.9050
112.8730,127.14,33.1497,-0.5870,4.4051,335.3086,355.5119,359.7539,-0.0018,0.0378,-0.5973,-0.0711,0.4177,0.9058
112.8930,127.14,33.1500,-0.5876,4.3937,335.4123,355.5292,359.7360,0.0152,-0.0276,-0.5678,-0.0709,0.4161,0.9066
112.9130,127.14,33.1506,-0.5887,4.3830,335.5079,355.5458,359.7263,0.0284,-0.0473,-0.5361,-0.0707,0.4146,0.9073
112.9330,127.14,33.1514,-0.5895,4.3729,335.5927,355.5588,359.7258,0.0381,-0.0338,-0.5018,-0.0705,0.4132,0.9079
112.9530,127.14,33.1523,-0.5897,4.3636,335.6655,355.5666,359.7336,0.0449,-0.0039,-0.4661,-0.0704,0.4121,0.9084
112.9730,127.14,33.1533,-0.5892,4.3550,335.7259,355.5689,359.7478,0.0500,0.0278,-0.4311,-0.0704,0.4111,0.9089
112.9930,127.14,33.1544,-0.5881,4.3471,335.7744,355.5664,359.7659,0.0542,0.0511,-0.3981,-0.0705,0.4103,0.9092
113.0130,127.14,33.1556,-0.5868,4.3397,335.8120,355.5603,359.7850,0.0575,0.0609,-0.3680,-0.0706,0.4097,0.9095
113.0330,127.14,33.1568,-0.5856,4.3329,335.8393,355.5521,359.8030,0.0599,0.0576,-0.3404,-0.0708,0.4093,0.9097
113.0530,127.14,33.1580,-0.5847,4.3266,335.8571,355.5429,359.8181,0.0607,0.0426,-0.3145,-0.0709,0.4090,0.9098
113.0730,127.14,33.1592,-0.5843,4.3208,335.8661,355.5336,359.8294,0.0596,0.0212,-0.2901,-0.0711,0.4089,0.9098
113.0930,127.14,33.1604,-0.5848,4.3145,335.8586,355.5286,359.8352,0.0562,-0.0243,-0.2948,-0.0711,0.4090,0.9098
113.1130,127.14,33.1613,-0.5865,4.3091,335.8500,355.5291,359.8352,0.0460,-0.0829,-0.2640,-0.0711,0.4091,0.9097
113.1330,127.14,33.1620,-0.5888,4.3045,335.8359,355.5312,359.8320,0.0327,-0.1100,-0.2327,-0.0711,0.4094,0.9096
113.1530,127.14,33.1624,-0.5911,4.3004,335.8124,355.5344,359.8270,0.0187,-0.1069,-0.2038,-0.0710,0.4097,0.9094
113.1730,127.14,33.1625,-0.5929,4.2969,335.7773,355.5387,359.8207,0.0052,-0.0883,-0.1764,-0.0709,0.4103,0.9092
113.1930,127.14,33.1623,-0.5943,4.2939,335.7303,355.5443,359.8137,-0.0069,-0.0679,-0.1502,-0.0708,0.4110,0.9089
113.2130,127.14,33.1620,-0.5953,4.2914,335.6718,355.5507,359.8061,-0.0170,-0.0538,-0.1253,-0.0707,0.4120,0.9085
113.2330,127.14,33.1615,-0.5963,4.2894,335.6025,355.5578,359.7984,-0.0243,-0.0494,-0.1017,-0.0705,0.4131,0.9080
113.2530,127.14,33.1609,-0.5973,4.2878,335.5235,355.5651,359.7906,-0.0281,-0.0543,-0.0793,-0.0704,0.4143,0.9074
113.2730,127.14,33.1603,-0.5986,4.2867,335.4349,355.5722,359.7831,-0.0276,-0.0656,-0.0578,-0.0702,0.4157,0.9068
113.2930,127.14,33.1599,-0.6002,4.2860,335.3373,355.5786,359.7759,-0.0232,-0.0817,-0.0369,-0.0701,0.4173,0.9061
113.3130,127.14,33.1595,-0.6022,4.2856,335.2308,355.5838,359.7693,-0.0156,-0.0993,-0.0164,-0.0699,0.4190,0.9053
113.3330,127.14,33.1594,-0.6045,4.2857,335.1154,355.5876,359.7635,-0.0057,-0.1161,0.0038,-0.0698,0.4208,0.9045
113.3530,127.14,33.1593,-0.6072,4.2860,334.9901,355.5866,359.7610,-0.0037,-0.1330,0.0190,-0.0697,0.4228,0.9035
113.3730,127.14,33.1592,-0.6101,4.2869,334.8577,355.5821,359.7612,-0.0068,-0.1452,0.0429,-0.0697,0.4249,0.9026
113.3930,127.14,33.1592,-0.6131,4.2881,334.7145,355.5806,359.7602,-0.0002,-0.1513,0.0589,-0.0697,0.4271,0.9015
113.4130,127.14,33.1592,-0.6163,4.2897,334.5626,355.5779,359.7610,0.0010,-0.1575,0.0796,-0.0696,0.4295,0.9004
113.4330,127.14,33.1594,-0.6175,4.2911,334.4370,355.5674,359.7873,0.0100,-0.0605,0.0682,-0.0697,0.4315,0.8994
113.4530,127.14,33.1599,-0.6164,4.2919,334.3571,355.5433,359.8442,0.0260,0.0486,0.0432,-0.0701,0.4328,0.8988
113.4730,127.14,33.1606,-0.6156,4.2926,334.3015,355.5228,359.9008,0.0369,0.0465,0.0318,-0.0703,0.4336,0.8983
113.4930,127.14,33.1615,-0.6151,4.2932,334.2622,355.5066,359.9498,0.0400,0.0252,0.0275,-0.0706,0.4343,0.8980
113.5130,127.14,33.1622,-0.6150,4.2935,334.2376,355.4969,359.9879,0.0365,0.0008,0.0158,-0.0707,0.4346,0.8978
113.5330,127.14,33.1624,-0.6150,4.2936,334.2322,355.4938,-0.0030,0.0143,0.0010,0.0096,-0.0708,0.4347,0.8978
113.5530,127.14,33.1624,-0.6157,4.2936,334.2422,355.4937,-0.0011,0.0021,-0.0328,-0.0033,-0.0708,0.4346,0.8979
113.5730,127.14,33.1623,-0.6170,4.2933,334.2652,355.4923,-0.0019,-0.0048,-0.0632,-0.0116,-0.0708,0.4342,0.8980
113.5930,127.14,33.1622,-0.6187,4.2929,334.2968,355.4883,-0.0030,-0.0051,-0.0821,-0.0153,-0.0709,0.4337,0.8983
113.6130,127.14,33.1620,-0.6206,4.2925,334.3380,355.4923,359.9851,-0.0089,-0.0936,-0.0206,-0.0708,0.4331,0.8986
113.6330,122.93,33.1615,-0.6224,4.2922,334.3834,355.5052,359.9632,-0.0246,-0.0884,-0.0183,-0.0707,0.4323,0.8989
113.6530,122.93,33.1607,-0.6237,4.2920,334.4260,355.5141,359.9326,-0.0381,-0.0593,-0.0085,-0.0706,0.4317,0.8993
113.6730,122.93,33.1597,-0.6241,4.2922,334.4581,355.5173,359.8968,-0.0490,-0.0221,0.0032,-0.0705,0.4312,0.8995
113.6930,122.93,33.1589,-0.6239,4.2925,334.4795,355.5177,359.8580,-0.0492,0.0066,0.0156,-0.0705,0.4308,0.8997
113.7130,122.93,33.1577,-0.6234,4.2930,334.4913,355.5180,359.8230,-0.0567,0.0240,0.0235,-0.0705,0.4306,0.8998
113.7330,122.93,33.1564,-0.6227,4.2938,334.4970,355.5110,359.7951,-0.0621,0.0301,0.0314,-0.0706,0.4306,0.8998
113.7530,122.93,33.1553,-0.6221,4.2946,334.4981,355.5026,359.7744,-0.0565,0.0298,0.0332,-0.0708,0.4305,0.8998
113.7730,122.93,33.1545,-0.6215,4.2952,334.4955,355.4947,359.7618,-0.0429,0.0258,0.0288,-0.0709,0.4306,0.8998
113.7930,122.93,33.1539,-0.6210,4.2956,334.4895,355.4937,359.7566,-0.0243,0.0193,0.0190,-0.0709,0.4307,0.8997
113.8130,122.93,33.1538,-0.6208,4.2958,334.4822,355.4921,359.7601,-0.0064,0.0101,0.0085,-0.0709,0.4308,0.8997
113.8330,122.93,33.1540,-0.6209,4.2960,334.4754,355.4884,359.7719,0.0074,-0.0028,0.0060,-0.0710,0.4309,0.8996
113.8530,122.93,33.1542,-0.6211,4.2961,334.4696,355.4825,359.7888,0.0128,-0.0126,0.0074,-0.0711,0.4310,0.8996
113.8730,122.93,33.1547,-0.6214,4.2964,334.4649,355.4796,359.8056,0.0187,-0.0156,0.0120,-0.0711,0.4311,0.8995
113.8930,122.93,33.1551,-0.6217,4.2966,334.4586,355.4756,359.8234,0.0182,-0.0127,0.0110,-0.0712,0.4312,0.8995
113.9130,122.93,33.1555,-0.6218,4.2969,334.4522,355.4738,359.8381,0.0189,-0.0079,0.0135,-0.0712,0.4313,0.8994
113.9330,122.93,33.1558,-0.6219,4.2971,334.4449,355.4713,359.8512,0.0141,-0.0021,0.0099,-0.0712,0.4314,0.8994
113.9530,122.93,33.1561,-0.6218,4.2974,334.4375,355.4696,359.8615,0.0099,0.0022,0.0080,-0.0713,0.4315,0.8993
113.9730,122.93,33.1562,-0.6218,4.2974,334.4317,355.4664,359.8697,0.0043,0.0014,0.0041,-0.0713,0.4316,0.8992
113.9930,122.93,33.1563,-0.6218,4.2975,334.4285,355.4662,359.8740,0.0049,0.0002,0.0036,-0.0713,0.4316,0.8992
114.0130,122.93,33.1563,-0.6218,4.2976,334.4275,355.4661,359.8755,0.0018,-0.0003,0.0008,-0.0713,0.4317,0.8992
114.0330,122.93,33.1563,-0.6218,4.2976,334.4284,355.4668,359.8741,-0.0004,-0.0005,-0.0005,-0.0713,0.4316,0.8992
114.0530,122.93,33.1563,-0.6218,4.2975,334.4308,355.4683,359.8703,-0.0021,-0.0005,-0.0015,-0.0713,0.4316,0.8992
114.0730,122.93,33.1562,-0.6218,4.2975,334.4343,355.4705,359.8647,-0.0032,-0.0005,-0.0022,-0.0712,0.4315,0.8993
114.0930,122.93,33.1561,-0.6218,4.2974,334.4385,355.4732,359.8579,-0.0038,-0.0005,-0.0026,-0.0712,0.4315,0.8993
114.1130,122.93,33.1561,-0.6218,4.2974,334.4430,355.4760,359.8508,-0.0039,-0.0007,-0.0027,-0.0712,0.4314,0.8993
114.1330,122.93,33.1560,-0.6218,4.2973,334.4474,355.4787,359.8441,-0.0037,-0.0009,-0.0027,-0.0711,0.4313,0.8994
114.1530,122.93,33.1559,-0.6218,4.2973,334.4513,355.4810,359.8382,-0.0033,-0.0009,-0.0024,-0.0711,0.4313,0.8994
114.1730,122.93,33.1559,-0.6218,4.2972,334.4545,355.4828,359.8335,-0.0026,-0.0010,-0.0019,-0.0711,0.4312,0.8994
114.1930,122.93,33.1558,-0.6218,4.2972,334.4567,355.4841,359.8303,-0.0017,-0.0008,-0.0013,-0.0710,0.4312,0.8995
114.2130,122.93,33.1558,-0.6218,4.2972,334.4579,355.4847,359.8287,-0.0009,-0.0006,-0.0007,-0.0710,0.4312,0.8995
114.2330,122.93,33.1558,-0.6219,4.2972,334.4580,355.4848,359.8286,0.0000,-0.0003,-0.0001,-0.0710,0.4312,0.8995
114.2530,122.93,33.1558,-0.6219,4.2972,334.4573,355.4843,359.8298,0.0007,-0.0001,0.0004,-0.0710,0.4312,0.8995
114.2730,122.93,33.1558,-0.6218,4.2972,334.4558,355.4834,359.8320,0.0013,0.0002,0.0009,-0.0711,0.4312,0.8995
114.2930,122.93,33.1559,-0.6218,4.2972,334.4538,355.4822,359.8350,0.0017,0.0004,0.0012,-0.0711,0.4312,0.8994
114.3130,122.93,33.1559,-0.6218,4.2973,334.4515,355.4809,359.8383,0.0019,0.0005,0.0014,-0.0711,0.4313,0.8994
114.3330,122.93,33.1560,-0.6218,4.2973,334.4492,355.4796,359.8418,0.0019,0.0005,0.0014,-0.0711,0.4313,0.8994
114.3530,122.93,33.1560,-0.6218,4.2973,334.4470,355.4783,359.8450,0.0017,0.0004,0.0013,-0.0711,0.4313,0.8994
114.3730,122.93,33.1560,-0.6218,4.2973,334.4451,355.4772,359.8477,0.0015,0.0003,0.0012,-0.0711,0.4314,0.8994
114.3930,122.93,33.1560,-0.6218,4.2974,334.4437,355.4764,359.8497,0.0012,0.0001,0.0009,-0.0712,0.4314,0.8994
114.4130,122.93,33.1561,-0.6218,4.2974,334.4428,355.4759,359.8510,0.0007,0.0000,0.0005,-0.0712,0.4314,0.8993
114.4330,122.93,33.1561,-0.6218,4.2974,334.4425,355.4757,359.8516,0.0003,-0.0002,0.0002,-0.0712,0.4314,0.8993
114.4530,122.93,33.1561,-0.6218,4.2974,334.4427,355.4757,359.8514,-0.0001,-0.0004,-0.0001,-0.0712,0.4314,0.8993
114.4730,122.93,33.1561,-0.6218,4.2974,334.4432,355.4760,359.8506,-0.0004,-0.0005,-0.0003,-0.0712,0.4314,0.8993
114.4930,122.93,33.1560,-0.6218,4.2974,334.4441,355.4765,359.8494,-0.0007,-0.0005,-0.0005,-0.0712,0.4314,0.8994
114.5130,122.93,33.1560,-0.6218,4.2973,334.4452,355.4772,359.8477,-0.0009,-0.0005,-0.0007,-0.0711,0.4314,0.8994
114.5330,122.93,33.1560,-0.6218,4.2973,334.4464,355.4779,359.8460,-0.0009,-0.0005,-0.0007,-0.0711,0.4314,0.8994
114.5530,122.93,33.1560,-0.6218,4.2973,334.4475,355.4785,359.8443,-0.0009,-0.0005,-0.0007,-0.0711,0.4313,0.8994
114.5730,122.93,33.1560,-0.6218,4.2973,334.4485,355.4792,359.8428,-0.0008,-0.0004,-0.0006,-0.0711,0.4313,0.8994
114.5930,122.93,33.1560,-0.6218,4.2973,334.4494,355.4797,359.8415,-0.0007,-0.0004,-0.0005,-0.0711,0.4313,0.8994
114.6130,122.93,33.1559,-0.6218,4.2973,334.4500,355.4800,359.8406,-0.0005,-0.0003,-0.0004,-0.0711,0.4313,0.8994
114.6330,128.41,33.1559,-0.6218,4.2973,334.4503,355.4802,359.8401,-0.0003,-0.0002,-0.0002,-0.0711,0.4313,0.8994
114.6530,128.41,33.1559,-0.6218,4.2973,334.4504,355.4803,359.8400,0.0000,-0.0001,0.0000,-0.0711,0.4313,0.8994
114.6730,128.41,33.1559,-0.6218,4.2973,334.4502,355.4802,359.8402,0.0001,-0.0001,0.0001,-0.0711,0.4313,0.8994
114.6930,128.41,33.1559,-0.6218,4.2973,334.4498,355.4799,359.8407,0.0003,-0.0001,0.0002,-0.0711,0.4313,0.8994
114.7130,128.41,33.1560,-0.6218,4.2973,334.4493,355.4797,359.8415,0.0004,0.0000,0.0003,-0.0711,0.4313,0.8994
114.7330,128.41,33.1560,-0.6218,4.2973,334.4488,355.4793,359.8423,0.0005,0.0000,0.0004,-0.0711,0.4313,0.8994
114.7530,128.41,33.1560,-0.6218,4.2973,334.4482,355.4790,359.8432,0.0005,0.0000,0.0004,-0.0711,0.4313,0.8994
114.7730,128.41,33.1560,-0.6218,4.2973,334.4476,355.4787,359.8441,0.0004,-0.0001,0.0003,-0.0711,0.4313,0.8994
114.7930,128.41,33.1560,-0.6218,4.2973,334.4471,355.4783,359.8448,0.0004,-0.0001,0.0003,-0.0711,0.4313,0.8994
114.8130,128.41,33.1560,-0.6218,4.2973,334.4467,355.4781,359.8454,0.0003,-0.0002,0.0002,-0.0711,0.4314,0.8994
114.8330,128.41,33.1560,-0.6218,4.2973,334.4465,355.4780,359.8457,0.0002,-0.0002,0.0002,-0.0711,0.4314,0.8994
114.8530,128.41,33.1560,-0.6218,4.2973,334.4464,355.4779,359.8459,0.0001,-0.0002,0.0001,-0.0711,0.4314,0.8994
114.8730,128.41,33.1560,-0.6218,4.2973,334.4464,355.4779,359.8459,0.0000,-0.0002,0.0000,-0.0711,0.4314,0.8994
114.8930,128.41,33.1560,-0.6218,4.2973,334.4466,355.4780,359.8457,-0.0002,-0.0002,-0.0001,-0.0711,0.4314,0.8994
114.9130,128.41,33.1560,-0.6218,4.2973,334.4467,355.4781,359.8454,-0.0002,-0.0003,-0.0001,-0.0711,0.4313,0.8994
114.9330,128.41,33.1560,-0.6218,4.2973,334.4470,355.4783,359.8450,-0.0002,-0.0002,-0.0001,-0.0711,0.4313,0.8994
114.9530,128.41,33.1560,-0.6218,4.2973,334.4473,355.4785,359.8445,-0.0003,-0.0002,-0.0002,-0.0711,0.4313,0.8994
114.9730,128.41,33.1560,-0.6218,4.2973,334.4476,355.4786,359.8441,-0.0002,-0.0002,-0.0002,-0.0711,0.4313,0.8994
114.9930,128.41,33.1560,-0.6218,4.2973,334.4478,355.4788,359.8437,-0.0003,-0.0003,-0.0002,-0.0711,0.4313,0.8994
115.0130,128.41,33.1560,-0.6218,4.2973,334.4481,355.4789,359.8434,-0.0002,-0.0003,-0.0001,-0.0711,0.4313,0.8994
115.0330,128.41,33.1560,-0.6218,4.2973,334.4482,355.4790,359.8431,-0.0001,-0.0002,-0.0001,-0.0711,0.4313,0.8994
115.0530,128.41,33.1560,-0.6218,4.2973,334.4484,355.4791,359.8430,-0.0001,-0.0002,0.0000,-0.0711,0.4313,0.8994
115.0730,128.41,33.1560,-0.6218,4.2973,334.4484,355.4791,359.8429,0.0000,-0.0002,0.0000,-0.0711,0.4313,0.8994
115.0930,128.41,33.1560,-0.6218,4.2973,334.4484,355.4791,359.8430,0.0000,-0.0002,0.0000,-0.0711,0.4313,0.8994
115.1130,128.41,33.1560,-0.6218,4.2973,334.4483,355.4790,359.8431,0.0001,-0.0002,0.0001,-0.0711,0.4313,0.8994
115.1330,128.41,33.1560,-0.6218,4.2973,334.4482,355.4790,359.8433,0.0000,-0.0001,0.0000,-0.0711,0.4313,0.8994
115.1530,128.41,33.1560,-0.6218,4.2973,334.4480,355.4789,359.8435,0.0001,-0.0002,0.0001,-0.0711,0.4313,0.8994
115.1730,128.41,33.1560,-0.6218,4.2973,334.4479,355.4788,359.8437,0.0001,-0.0001,0.0001,-0.0711,0.4313,0.8994
115.1930,128.41,33.1560,-0.6218,4.2973,334.4477,355.4787,359.8439,0.0001,-0.0001,0.0001,-0.0711,0.4313,0.8994
115.2130,128.41,33.1560,-0.6218,4.2973,334.4476,355.4786,359.8441,0.0001,-0.0001,0.0001,-0.0711,0.4313,0.8994
115.2330,128.41,33.1560,-0.6218,4.2973,334.4474,355.4785,359.8443,0.0001,-0.0002,0.0001,-0.0711,0.4313,0.8994
115.2530,128.41,33.1560,-0.6218,4.2973,334.4474,355.4785,359.8444,0.0000,-0.0002,0.0000,-0.0711,0.4313,0.8994
115.2730,128.41,33.1560,-0.6218,4.2973,334.4474,355.4785,359.8444,0.0000,-0.0002,0.0000,-0.0711,0.4313,0.8994
115.2930,128.41,33.1560,-0.6218,4.2973,334.4474,355.4785,359.8444,0.0000,-0.0002,0.0000,-0.0711,0.4313,0.8994
115.3130,128.41,33.1560,-0.6218,4.2973,334.4474,355.4785,359.8444,0.0000,-0.0002,0.0000,-0.0711,0.4313,0.8994
115.3330,128.41,33.1560,-0.6218,4.2973,334.4475,355.4785,359.8443,0.0000,-0.0002,0.0000,-0.0711,0.4313,0.8994
115.3530,128.41,33.1560,-0.6218,4.2973,334.4476,355.4786,359.8442,0.0000,-0.0002,0.0000,-0.0711,0.4313,0.8994
115.3730,128.41,33.1560,-0.6218,4.2973,334.4476,355.4787,359.8441,-0.0001,-0.0002,-0.0001,-0.0711,0.4313,0.8994
115.3930,128.41,33.1560,-0.6218,4.2973,334.4477,355.4787,359.8439,-0.0001,-0.0002,0.0000,-0.0711,0.4313,0.8994
115.4130,128.41,33.1560,-0.6218,4.2973,334.4478,355.4787,359.8438,-0.0001,-0.0002,0.0000,-0.0711,0.4313,0.8994
115.4330,128.41,33.1560,-0.6218,4.2973,334.4478,355.4788,359.8438,-0.0001,-0.0002,0.0000,-0.0711,0.4313,0.8994
115.4530,128.41,33.1560,-0.6218,4.2973,334.4479,355.4788,359.8437,0.0000,-0.0002,0.0000,-0.0711,0.4313,0.8994
115.4730,128.41,33.1560,-0.6218,4.2973,334.4479,355.4788,359.8437,0.0000,-0.0002,0.0000,-0.0711,0.4313,0.8994
115.4930,128.41,33.1560,-0.6218,4.2973,334.4479,355.4788,359.8437,0.0000,-0.0002,0.0000,-0.0711,0.4313,0.8994
115.5130,128.41,33.1560,-0.6218,4.2973,334.4479,355.4788,359.8437,0.0000,-0.0002,0.0000,-0.0711,0.4313,0.8994
115.5330,128.41,33.1560,-0.6218,4.2973,334.4478,355.4788,359.8437,0.0000,-0.0002,0.0000,-0.0711,0.4313,0.8994
115.5530,128.41,33.1560,-0.6218,4.2973,334.4478,355.4788,359.8438,0.0000,-0.0002,0.0000,-0.0711,0.4313,0.8994
115.5730,128.41,33.1560,-0.6218,4.2973,334.4478,355.4787,359.8438,0.0001,-0.0002,0.0000,-0.0711,0.4313,0.8994
115.5930,128.41,33.1560,-0.6218,4.2973,334.4477,355.4787,359.8439,0.0001,-0.0002,0.0000,-0.0711,0.4313,0.8994
115.6130,128.41,33.1560,-0.6218,4.2973,334.4477,355.4787,359.8439,0.0001,-0.0002,0.0000,-0.0711,0.4313,0.8994
115.6330,126.53,33.1560,-0.6218,4.2973,334.4477,355.4787,359.8440,0.0000,-0.0002,0.0000,-0.0711,0.4313,0.8994
115.6530,126.53,33.1561,-0.6200,4.2965,334.4551,355.4847,359.8377,0.0035,0.0832,-0.0452,-0.0710,0.4312,0.8994
115.6730,126.53,33.1562,-0.6178,4.2938,334.4723,355.4880,359.8300,0.0076,0.1076,-0.1143,-0.0710,0.4309,0.8996
115.6930,126.53,33.1566,-0.6148,4.2893,334.5064,355.4911,359.8222,0.0169,0.1489,-0.2248,-0.0710,0.4304,0.8998
115.7130,126.53,33.1571,-0.6110,4.2827,334.5580,355.4926,359.8151,0.0262,0.1882,-0.3330,-0.0710,0.4296,0.9002
115.7330,126.53,33.1578,-0.6065,4.2739,334.6263,355.4924,359.8087,0.0355,0.2285,-0.4408,-0.0710,0.4285,0.9007
115.7530,126.53,33.1587,-0.6011,4.2629,334.7109,355.4905,359.8032,0.0448,0.2682,-0.5476,-0.0711,0.4272,0.9014
115.7730,126.53,33.1598,-0.5949,4.2498,334.8114,355.4870,359.7984,0.0541,0.3083,-0.6537,-0.0712,0.4256,0.9021
115.7930,126.53,33.1610,-0.5880,4.2347,334.9274,355.4820,359.7943,0.0633,0.3482,-0.7588,-0.0713,0.4238,0.9030
115.8130,126.53,33.1625,-0.5802,4.2174,335.0586,355.4754,359.7910,0.0724,0.3883,-0.8630,-0.0715,0.4217,0.9039
115.8330,126.53,33.1641,-0.5716,4.1981,335.2044,355.4673,359.7882,0.0815,0.4283,-0.9662,-0.0717,0.4194,0.9050
115.8530,126.53,33.1659,-0.5623,4.1767,335.3645,355.4577,359.7861,0.0905,0.4685,-1.0683,-0.0720,0.4168,0.9061
115.8730,126.53,33.1679,-0.5521,4.1533,335.5386,355.4467,359.7846,0.0994,0.5086,-1.1691,-0.0723,0.4141,0.9074
115.8930,126.53,33.1701,-0.5411,4.1279,335.7262,355.4343,359.7837,0.1083,0.5489,-1.2688,-0.0726,0.4111,0.9087
115.9130,126.53,33.1724,-0.5293,4.1006,335.9270,355.4205,359.7833,0.1171,0.5892,-1.3672,-0.0729,0.4079,0.9101
115.9330,126.53,33.1749,-0.5167,4.0713,336.1405,355.4054,359.7834,0.1258,0.6295,-1.4642,-0.0733,0.4045,0.9116
115.9530,126.53,33.1776,-0.5033,4.0401,336.3664,355.3890,359.7839,0.1344,0.6699,-1.5598,-0.0736,0.4009,0.9132
115.9730,126.53,33.1805,-0.4891,4.0070,336.6044,355.3714,359.7849,0.1429,0.7103,-1.6539,-0.0741,0.3971,0.9148
115.9930,126.53,33.1835,-0.4741,3.9721,336.8540,355.3526,359.7863,0.1513,0.7507,-1.7465,-0.0745,0.3931,0.9165
116.0130,126.53,33.1867,-0.4583,3.9354,337.1148,355.3326,359.7880,0.1596,0.7911,-1.8375,-0.0750,0.3889,0.9182
116.0330,126.53,33.1900,-0.4416,3.8968,337.3866,355.3115,359.7901,0.1678,0.8316,-1.9269,-0.0755,0.3845,0.9200
116.0530,126.53,33.1936,-0.4242,3.8565,337.6689,355.2893,359.7924,0.1759,0.8720,-2.0147,-0.0760,0.3800,0.9219
116.0730,126.53,33.1972,-0.4060,3.8145,337.9614,355.2662,359.7951,0.1838,0.9124,-2.1007,-0.0765,0.3752,0.9238
116.0930,126.53,33.2011,-0.3869,3.7708,338.2637,355.2420,359.7979,0.1917,0.9528,-2.1850,-0.0770,0.3703,0.9257
116.1130,126.53,33.2051,-0.3670,3.7255,338.5754,355.2169,359.8010,0.1994,0.9931,-2.2674,-0.0776,0.3653,0.9277
116.1330,126.53,33.2092,-0.3464,3.6785,338.8963,355.1909,359.8042,0.2070,1.0334,-2.3481,-0.0782,0.3601,0.9296
116.1530,126.53,33.2135,-0.3249,3.6300,339.2259,355.1641,359.8076,0.2144,1.0735,-2.4268,-0.0788,0.3547,0.9317
116.1730,126.53,33.2179,-0.3026,3.5799,339.5639,355.1364,359.8111,0.2217,1.1136,-2.5037,-0.0794,0.3492,0.9337
116.1930,126.53,33.2225,-0.2795,3.5283,339.9100,355.1080,359.8147,0.2289,1.1535,-2.5786,-0.0801,0.3435,0.9357
116.2130,126.53,33.2272,-0.2557,3.4753,340.2639,355.0788,359.8183,0.2359,1.1932,-2.6516,-0.0807,0.3377,0.9378
116.2330,126.53,33.2321,-0.2310,3.4208,340.6251,355.0490,359.8220,0.2428,1.2328,-2.7225,-0.0814,0.3317,0.9398
116.2530,126.53,33.2371,-0.2056,3.3650,340.9934,355.0185,359.8257,0.2495,1.2722,-2.7914,-0.0821,0.3257,0.9419
116.2730,126.53,33.2422,-0.1793,3.3078,341.3684,354.9873,359.8293,0.2561,1.3114,-2.8583,-0.0828,0.3195,0.9440
116.2930,126.53,33.2474,-0.1523,3.2494,341.7498,354.9557,359.8330,0.2625,1.3504,-2.9231,-0.0835,0.3132,0.9460
116.3130,126.53,33.2528,-0.1245,3.1897,342.1374,354.9234,359.8366,0.2688,1.3891,-2.9859,-0.0842,0.3067,0.9481
116.3330,126.53,33.2583,-0.0960,3.1287,342.5306,354.8907,359.8401,0.2749,1.4275,-3.0465,-0.0849,0.3002,0.9501
116.3530,126.53,33.2639,-0.0666,3.0666,342.9294,354.8575,359.8435,0.2808,1.4656,-3.1051,-0.0857,0.2936,0.9521
116.3730,126.53,33.2697,-0.0366,3.0034,343.3332,354.8238,359.8469,0.2866,1.5034,-3.1615,-0.0864,0.2868,0.9541
116.3930,126.53,33.2755,-0.0058,2.9391,343.7419,354.7898,359.8501,0.2922,1.5408,-3.2157,-0.0872,0.2800,0.9560
116.4130,126.53,33.2815,0.0258,2.8737,344.1551,354.7554,359.8531,0.2976,1.5779,-3.2679,-0.0879,0.2730,0.9580
116.4330,126.53,33.2875,0.0581,2.8074,344.5726,354.7206,359.8560,0.3029,1.6146,-3.3179,-0.0887,0.2660,0.9599
116.4530,126.53,33.2937,0.0911,2.7400,344.9939,354.6855,359.8588,0.3079,1.6508,-3.3657,-0.0895,0.2589,0.9617
116.4730,126.53,33.2999,0.1249,2.6718,345.4189,354.6502,359.8614,0.3128,1.6867,-3.4114,-0.0902,0.2517,0.9636
116.4930,126.53,33.3063,0.1593,2.6027,345.8473,354.6146,359.8638,0.3176,1.7220,-3.4550,-0.0910,0.2445,0.9654
116.5130,126.53,33.3127,0.1945,2.5328,346.2787,354.5787,359.8660,0.3221,1.7569,-3.4964,-0.0918,0.2372,0.9671
116.5330,126.53,33.3193,0.2303,2.4621,346.7129,354.5427,359.8680,0.3265,1.7913,-3.5356,-0.0926,0.2298,0.9688
116.5530,126.53,33.3259,0.2668,2.3906,347.1495,354.5064,359.8698,0.3307,1.8252,-3.5727,-0.0933,0.2224,0.9705
116.5730,126.53,33.3326,0.3040,2.3185,347.5884,354.4700,359.8713,0.3347,1.8585,-3.6077,-0.0941,0.2149,0.9721
116.5930,126.53,33.3393,0.3418,2.2456,348.0293,354.4335,359.8727,0.3385,1.8913,-3.6406,-0.0949,0.2074,0.9736
116.6130,126.53,33.3462,0.3803,2.1722,348.4719,354.3969,359.8737,0.3422,1.9235,-3.6714,-0.0957,0.1998,0.9751
116.6330,125.16,33.3531,0.4194,2.0982,348.9158,354.3601,359.8746,0.3456,1.9551,-3.7001,-0.0964,0.1923,0.9766
116.6530,125.16,33.3601,0.4591,2.0237,349.3610,354.3233,359.8752,0.3489,1.9861,-3.7267,-0.0972,0.1846,0.9780
116.6730,125.16,33.3671,0.4995,1.9487,349.8071,354.2864,359.8756,0.3520,2.0165,-3.7513,-0.0980,0.1770,0.9793
116.6930,125.16,33.3742,0.5404,1.8732,350.2538,354.2495,359.8758,0.3549,2.0462,-3.7738,-0.0988,0.1693,0.9806
116.7130,125.16,33.3814,0.5819,1.7973,350.7010,354.2126,359.8757,0.3576,2.0753,-3.7943,-0.0995,0.1616,0.9818
116.7330,125.16,33.3886,0.6240,1.7210,351.1483,354.1756,359.8753,0.3602,2.1037,-3.8128,-0.1003,0.1539,0.9830
116.7530,125.16,33.3958,0.6666,1.6444,351.5956,354.1387,359.8747,0.3625,2.1314,-3.8293,-0.1010,0.1462,0.9841
116.7730,125.16,33.4031,0.7098,1.5676,352.0426,354.1018,359.8738,0.3647,2.1585,-3.8438,-0.1018,0.1384,0.9851
116.7930,125.16,33.4104,0.7535,1.4904,352.4891,354.0650,359.8727,0.3667,2.1848,-3.8564,-0.1025,0.1307,0.9861
116.8130,125.16,33.4178,0.7977,1.4131,352.9349,354.0282,359.8713,0.3685,2.2104,-3.8671,-0.1032,0.1230,0.9870
116.8330,125.16,33.4252,0.8425,1.3356,353.3797,353.9915,359.8697,0.3702,2.2353,-3.8759,-0.1040,0.1153,0.9879
116.8530,125.16,33.4327,0.8876,1.2579,353.8233,353.9548,359.8678,0.3716,2.2594,-3.8828,-0.1047,0.1076,0.9887
116.8730,125.16,33.4401,0.9333,1.1802,354.2656,353.9183,359.8657,0.3729,2.2828,-3.8879,-0.1054,0.0999,0.9894
116.8930,125.16,33.4476,0.9794,1.1023,354.7063,353.8819,359.8633,0.3740,2.3055,-3.8912,-0.1061,0.0923,0.9901
116.9130,125.16,33.4551,1.0260,1.0245,355.1452,353.8456,359.8607,0.3750,2.3274,-3.8927,-0.1068,0.0846,0.9907
116.9330,125.16,33.4626,1.0730,0.9466,355.5821,353.8094,359.8578,0.3757,2.3485,-3.8925,-0.1075,0.0770,0.9912
116.9530,125.16,33.4701,1.1203,0.8688,356.0168,353.7734,359.8547,0.3763,2.3689,-3.8905,-0.1082,0.0695,0.9917
116.9730,125.16,33.4777,1.1681,0.7911,356.4492,353.7376,359.8513,0.3768,2.3885,-3.8869,-0.1089,0.0619,0.9921
116.9930,125.16,33.4852,1.2163,0.7135,356.8790,353.7019,359.8477,0.3770,2.4073,-3.8816,-0.1095,0.0544,0.9925
117.0130,125.16,33.4928,1.2648,0.6360,357.3061,353.6664,359.8439,0.3771,2.4254,-3.8746,-0.1102,0.0470,0.9928
117.0330,125.16,33.5003,1.3137,0.5586,357.7303,353.6311,359.8398,0.3770,2.4427,-3.8660,-0.1108,0.0396,0.9930
117.0530,125.16,33.5078,1.3628,0.4815,358.1515,353.5960,359.8355,0.3768,2.4592,-3.8559,-0.1115,0.0323,0.9932
117.0730,125.16,33.5154,1.4123,0.4046,358.5694,353.5611,359.8310,0.3764,2.4749,-3.8443,-0.1121,0.0250,0.9934
117.0930,125.16,33.5229,1.4621,0.3280,358.9839,353.5265,359.8263,0.3758,2.4899,-3.8311,-0.1127,0.0177,0.9935
117.1130,125.16,33.5304,1.5122,0.2517,359.3948,353.4920,359.8214,0.3751,2.5041,-3.8165,-0.1133,0.0106,0.9935
117.1330,125.16,33.5379,1.5626,0.1757,359.8021,353.4579,359.8162,0.3743,2.5175,-3.8004,-0.1139,0.0035,0.9935
117.1530,125.16,33.5453,1.6132,0.1000,0.2055,353.4240,359.8109,0.3733,2.5301,-3.7829,-0.1145,-0.0036,0.9934
117.1730,125.16,33.5528,1.6640,0.0247,0.6049,353.3903,359.8053,0.3721,2.5420,-3.7640,-0.1151,-0.0106,0.9933
117.1930,125.16,33.5602,1.7151,-0.0501,1.0001,353.3569,359.7996,0.3708,2.5531,-3.7438,-0.1157,-0.0175,0.9931
117.2130,125.16,33.5676,1.7664,-0.1246,1.3912,353.3238,359.7936,0.3694,2.5635,-3.7222,-0.1162,-0.0243,0.9929
117.2330,125.16,33.5749,1.8179,-0.1986,1.7778,353.2910,359.7875,0.3678,2.5731,-3.6994,-0.1168,-0.0310,0.9927
117.2530,125.16,33.5823,1.8695,-0.2721,2.1599,353.2585,359.7813,0.3661,2.5820,-3.6754,-0.1173,-0.0377,0.9924
117.2730,125.16,33.5895,1.9213,-0.3451,2.5373,353.2263,359.7748,0.3642,2.5901,-3.6501,-0.1178,-0.0443,0.9920
117.2930,125.16,33.5968,1.9733,-0.4175,2.9100,353.1944,359.7682,0.3622,2.5975,-3.6236,-0.1183,-0.0508,0.9917
117.3130,125.16,33.6040,2.0254,-0.4895,3.2779,353.1629,359.7615,0.3601,2.6042,-3.5960,-0.1189,-0.0572,0.9913
117.3330,125.16,33.6111,2.0776,-0.5608,3.6407,353.1317,359.7546,0.3578,2.6102,-3.5672,-0.1193,-0.0635,0.9908
117.3530,125.16,33.6183,2.1299,-0.6315,3.9985,353.1008,359.7476,0.3555,2.6155,-3.5374,-0.1198,-0.0697,0.9903
117.3730,125.16,33.6253,2.1823,-0.7017,4.3511,353.0703,359.7404,0.3530,2.6201,-3.5065,-0.1203,-0.0759,0.9898
117.3930,125.16,33.6323,2.2348,-0.7712,4.6984,353.0402,359.7331,0.3504,2.6239,-3.4746,-0.1208,-0.0819,0.9893
117.4130,125.16,33.6393,2.2873,-0.8400,5.0404,353.0105,359.7257,0.3477,2.6272,-3.4417,-0.1212,-0.0879,0.9887
117.4330,125.16,33.6462,2.3399,-0.9082,5.3769,352.9811,359.7183,0.3448,2.6297,-3.4078,-0.1217,-0.0937,0.9881
117.4530,125.16,33.6530,2.3926,-0.9756,5.7079,352.9522,359.7107,0.3419,2.6316,-3.3729,-0.1221,-0.0995,0.9875
117.4730,125.16,33.6598,2.4452,-1.0424,6.0333,352.9236,359.7030,0.3388,2.6328,-3.3372,-0.1225,-0.1051,0.9869
117.4930,125.16,33.6665,2.4979,-1.1084,6.3530,352.8955,359.6952,0.3357,2.6334,-3.3006,-0.1229,-0.1107,0.9862
117.5130,125.16,33.6732,2.5506,-1.1736,6.6669,352.8678,359.6873,0.3324,2.6334,-3.2631,-0.1233,-0.1161,0.9856
117.5330,125.16,33.6797,2.6032,-1.2381,6.9751,352.8405,359.6794,0.3291,2.6327,-3.2249,-0.1237,-0.1214,0.9849
117.5530,125.16,33.6862,2.6559,-1.3018,7.2773,352.8136,359.6715,0.3256,2.6315,-3.1858,-0.1241,-0.1267,0.9842
117.5730,125.16,33.6927,2.7084,-1.3648,7.5736,352.7872,359.6635,0.3221,2.6297,-3.1460,-0.1245,-0.1318,0.9834
117.5930,125.16,33.6991,2.7610,-1.4269,7.8640,352.7613,359.6554,0.3184,2.6273,-3.1054,-0.1248,-0.1368,0.9827
117.6130,125.16,33.7054,2.8135,-1.4881,8.1482,352.7358,359.6473,0.3147,2.6243,-3.0641,-0.1252,-0.1417,0.9820
117.6330,128.53,33.7116,2.8659,-1.5486,8.4264,352.7108,359.6392,0.3109,2.6208,-3.0222,-0.1255,-0.1465,0.9812
117.6530,128.53,33.7177,2.9182,-1.6082,8.6985,352.6863,359.6311,0.3071,2.6167,-2.9796,-0.1258,-0.1512,0.9805
117.6730,128.53,33.7238,2.9705,-1.6669,8.9644,352.6622,359.6230,0.3031,2.6121,-2.9364,-0.1262,-0.1558,0.9797
117.6930,128.53,33.7298,3.0226,-1.7248,9.2241,352.6387,359.6149,0.2991,2.6070,-2.8925,-0.1265,-0.1603,0.9789
117.7130,128.53,33.7357,3.0747,-1.7817,9.4776,352.6156,359.6068,0.2950,2.6014,-2.8481,-0.1268,-0.1647,0.9782
117.7330,128.53,33.7415,3.1266,-1.8378,9.7247,352.5931,359.5986,0.2908,2.5953,-2.8032,-0.1271,-0.1689,0.9774
117.7530,128.53,33.7472,3.1783,-1.8929,9.9656,352.5710,359.5906,0.2866,2.5888,-2.7577,-0.1273,-0.1731,0.9766
117.7730,128.53,33.7529,3.2300,-1.9472,10.2002,352.5495,359.5826,0.2823,2.5817,-2.7118,-0.1276,-0.1771,0.9759
117.7930,128.53,33.7584,3.2815,-2.0005,10.4285,352.5285,359.5746,0.2779,2.5742,-2.6654,-0.1279,-0.1810,0.9751
117.8130,128.53,33.7639,3.3328,-2.0528,10.6504,352.5081,359.5666,0.2735,2.5663,-2.6185,-0.1281,-0.1848,0.9744
117.8330,128.53,33.7693,3.3840,-2.1043,10.8660,352.4881,359.5587,0.2691,2.5580,-2.5712,-0.1284,-0.1885,0.9736
117.8530,128.53,33.7746,3.4349,-2.1547,11.0751,352.4688,359.5509,0.2645,2.5492,-2.5235,-0.1286,-0.1921,0.9729
117.8730,128.53,33.7798,3.4857,-2.2042,11.2780,352.4499,359.5432,0.2600,2.5401,-2.4754,-0.1289,-0.1956,0.9722
117.8930,128.53,33.7849,3.5364,-2.2528,11.4744,352.4316,359.5355,0.2554,2.5305,-2.4270,-0.1291,-0.1989,0.9715
117.9130,128.53,33.7899,3.5868,-2.3004,11.6645,352.4139,359.5279,0.2507,2.5206,-2.3782,-0.1293,-0.2022,0.9708
117.9330,128.53,33.7948,3.6370,-2.3469,11.8482,352.3967,359.5204,0.2460,2.5104,-2.3291,-0.1295,-0.2053,0.9701
117.9530,128.53,33.7996,3.6870,-2.3925,12.0255,352.3801,359.5131,0.2413,2.4998,-2.2798,-0.1297,-0.2083,0.9694
117.9730,128.53,33.8044,3.7368,-2.4371,12.1965,352.3641,359.5058,0.2365,2.4888,-2.2301,-0.1299,-0.2113,0.9688
117.9930,128.53,33.8090,3.7863,-2.4807,12.3611,352.3486,359.4986,0.2317,2.4776,-2.1803,-0.1301,-0.2141,0.9681
118.0130,128.53,33.8135,3.8356,-2.5233,12.5194,352.3337,359.4916,0.2269,2.4660,-2.1302,-0.1302,-0.2168,0.9675
118.0330,128.53,33.8180,3.8847,-2.5649,12.6714,352.3193,359.4846,0.2221,2.4542,-2.0799,-0.1304,-0.2194,0.9669
118.0530,128.53,33.8223,3.9336,-2.6055,12.8171,352.3056,359.4779,0.2172,2.4420,-2.0294,-0.1306,-0.2218,0.9663
118.0730,128.53,33.8266,3.9822,-2.6451,12.9566,352.2924,359.4712,0.2123,2.4296,-1.9787,-0.1307,-0.2242,0.9657
118.0930,128.53,33.8307,4.0305,-2.6837,13.0898,352.2798,359.4647,0.2074,2.4170,-1.9280,-0.1308,-0.2265,0.9652
118.1130,128.53,33.8348,4.0786,-2.7212,13.2168,352.2678,359.4583,0.2024,2.4040,-1.8771,-0.1310,-0.2286,0.9647
118.1330,128.53,33.8387,4.1264,-2.7577,13.3375,352.2563,359.4521,0.1975,2.3909,-1.8260,-0.1311,-0.2307,0.9642
118.1530,128.53,33.8426,4.1739,-2.7932,13.4522,352.2454,359.4460,0.1925,2.3775,-1.7749,-0.1312,-0.2326,0.9637
118.1730,128.53,33.8463,4.2212,-2.8277,13.5607,352.2351,359.4402,0.1876,2.3640,-1.7238,-0.1313,-0.2345,0.9632
118.1930,128.53,33.8500,4.2682,-2.8611,13.6631,352.2254,359.4344,0.1826,2.3502,-1.6725,-0.1314,-0.2362,0.9628
118.2130,128.53,33.8535,4.3150,-2.8936,13.7595,352.2162,359.4288,0.1776,2.3362,-1.6213,-0.1315,-0.2378,0.9624
118.2330,128.53,33.8570,4.3614,-2.9250,13.8499,352.2076,359.4234,0.1726,2.3221,-1.5700,-0.1316,-0.2394,0.9620
118.2530,128.53,33.8603,4.4075,-2.9553,13.9343,352.1996,359.4182,0.1677,2.3078,-1.5188,-0.1317,-0.2408,0.9616
118.2730,128.53,33.8636,4.4534,-2.9847,14.0128,352.1922,359.4131,0.1627,2.2933,-1.4675,-0.1318,-0.2421,0.9612
118.2930,128.53,33.8667,4.4990,-3.0130,14.0854,352.1853,359.4082,0.1577,2.2787,-1.4163,-0.1319,-0.2434,0.9609
118.3130,128.53,33.8698,4.5443,-3.0403,14.1522,352.1790,359.4035,0.1527,2.2640,-1.3652,-0.1319,-0.2445,0.9606
118.3330,128.53,33.8727,4.5893,-3.0666,14.2132,352.1732,359.3990,0.1478,2.2491,-1.3141,-0.1320,-0.2455,0.9604
118.3530,128.53,33.8756,4.6339,-3.0919,14.2685,352.1680,359.3947,0.1428,2.2341,-1.2631,-0.1321,-0.2465,0.9601
118.3730,128.53,33.8784,4.6783,-3.1161,14.3181,352.1633,359.3905,0.1379,2.2191,-1.2122,-0.1321,-0.2473,0.9599
118.3930,128.53,33.8810,4.7224,-3.1393,14.3621,352.1592,359.3865,0.1330,2.2039,-1.1614,-0.1322,-0.2480,0.9597
118.4130,128.53,33.8836,4.7662,-3.1615,14.4005,352.1556,359.3827,0.1281,2.1886,-1.1107,-0.1322,-0.2487,0.9595
118.4330,128.53,33.8860,4.8096,-3.1828,14.4335,352.1526,359.3791,0.1232,2.1733,-1.0602,-0.1322,-0.2493,0.9594
118.4530,128.53,33.8884,4.8528,-3.2029,14.4610,352.1500,359.3757,0.1183,2.1579,-1.0099,-0.1323,-0.2497,0.9592
118.4730,128.53,33.8907,4.8956,-3.2221,14.4831,352.1480,359.3725,0.1135,2.1424,-0.9597,-0.1323,-0.2501,0.9591
118.4930,128.53,33.8928,4.9382,-3.2403,14.4999,352.1465,359.3694,0.1087,2.1269,-0.9097,-0.1323,-0.2504,0.9591
118.5130,128.53,33.8949,4.9804,-3.2575,14.5114,352.1455,359.3666,0.1039,2.1113,-0.8599,-0.1323,-0.2506,0.9590
118.5330,128.53,33.8969,5.0223,-3.2737,14.5177,352.1451,359.3639,0.0991,2.0957,-0.8103,-0.1323,-0.2507,0.9590
118.5530,128.53,33.8988,5.0639,-3.2890,14.5189,352.1451,359.3615,0.0944,2.0801,-0.7610,-0.1323,-0.2507,0.9590
118.5730,128.53,33.9006,5.1052,-3.3032,14.5151,352.1455,359.3592,0.0897,2.0645,-0.7119,-0.1323,-0.2506,0.9590
118.5930,128.53,33.9023,5.1462,-3.3165,14.5063,352.1465,359.3571,0.0850,2.0488,-0.6630,-0.1323,-0.2505,0.9590
118.6130,128.53,33.9039,5.1869,-3.3287,14.4925,352.1479,359.3551,0.0804,2.0332,-0.6145,-0.1323,-0.2503,0.9591
118.6330,128.53,33.9054,5.2272,-3.3401,14.4739,352.1498,359.3534,0.0758,2.0175,-0.5662,-0.1322,-0.2499,0.9592
118.6530,128.88,33.9068,5.2672,-3.3504,14.4505,352.1522,359.3518,0.0713,2.0019,-0.5182,-0.1322,-0.2495,0.9593
118.6730,128.88,33.9082,5.3070,-3.3598,14.4224,352.1550,359.3504,0.0667,1.9862,-0.4705,-0.1322,-0.2491,0.9594
118.6930,128.88,33.9094,5.3464,-3.3683,14.3897,352.1582,359.3492,0.0623,1.9706,-0.4231,-0.1322,-0.2485,0.9596
118.7130,128.88,33.9106,5.3855,-3.3758,14.3524,352.1619,359.3482,0.0578,1.9550,-0.3760,-0.1321,-0.2479,0.9597
118.7330,128.88,33.9116,5.4243,-3.3824,14.3106,352.1659,359.3474,0.0535,1.9395,-0.3293,-0.1321,-0.2472,0.9599
118.7530,128.88,33.9126,5.4627,-3.3881,14.2644,352.1704,359.3466,0.0491,1.9240,-0.2829,-0.1320,-0.2464,0.9601
118.7730,128.88,33.9135,5.5009,-3.3928,14.2139,352.1752,359.3461,0.0448,1.9085,-0.2369,-0.1320,-0.2455,0.9604
118.7930,128.88,33.9143,5.5388,-3.3966,14.1591,352.1805,359.3458,0.0406,1.8931,-0.1913,-0.1319,-0.2446,0.9606
118.8130,128.88,33.9151,5.5763,-3.3996,14.1001,352.1861,359.3456,0.0364,1.8777,-0.1460,-0.1319,-0.2436,0.9609
118.8330,128.88,33.9157,5.6136,-3.4016,14.0370,352.1921,359.3456,0.0322,1.8624,-0.1012,-0.1318,-0.2425,0.9611
118.8530,128.88,33.9163,5.6505,-3.4027,13.9699,352.1984,359.3457,0.0281,1.8471,-0.0567,-0.1317,-0.2414,0.9614
118.8730,128.88,33.9168,5.6872,-3.4030,13.8989,352.2051,359.3460,0.0241,1.8319,-0.0126,-0.1317,-0.2402,0.9618
118.8930,128.88,33.9172,5.7235,-3.4023,13.8240,352.2121,359.3465,0.0201,1.8168,0.0310,-0.1316,-0.2389,0.9621
118.9130,128.88,33.9175,5.7595,-3.4009,13.7453,352.2195,359.3471,0.0162,1.8018,0.0742,-0.1315,-0.2376,0.9624
118.9330,128.88,33.9177,5.7953,-3.3985,13.6629,352.2271,359.3479,0.0123,1.7868,0.1170,-0.1314,-0.2362,0.9628
118.9530,128.88,33.9179,5.8307,-3.3953,13.5769,352.2351,359.3488,0.0085,1.7719,0.1593,-0.1313,-0.2348,0.9631
118.9730,128.88,33.9180,5.8658,-3.3913,13.4873,352.2433,359.3499,0.0047,1.7571,0.2011,-0.1312,-0.2332,0.9635
118.9930,128.88,33.9180,5.9007,-3.3865,13.3943,352.2519,359.3510,0.0010,1.7424,0.2425,-0.1312,-0.2317,0.9639
119.0130,128.88,33.9180,5.9353,-3.3808,13.2979,352.2607,359.3524,-0.0027,1.7278,0.2835,-0.1311,-0.2300,0.9643
119.0330,128.88,33.9178,5.9695,-3.3743,13.1983,352.2697,359.3539,-0.0062,1.7132,0.3239,-0.1310,-0.2283,0.9647
119.0530,128.88,33.9176,6.0035,-3.3670,13.0954,352.2791,359.3555,-0.0098,1.6988,0.3639,-0.1309,-0.2266,0.9652
119.0730,128.88,33.9174,6.0372,-3.3590,12.9893,352.2886,359.3572,-0.0132,1.6844,0.4033,-0.1308,-0.2248,0.9656
119.0930,128.88,33.9170,6.0706,-3.3501,12.8802,352.2984,359.3591,-0.0166,1.6702,0.4423,-0.1306,-0.2229,0.9660
119.1130,128.88,33.9166,6.1037,-3.3405,12.7682,352.3083,359.3611,-0.0200,1.6560,0.4807,-0.1305,-0.2210,0.9665
119.1330,128.88,33.9162,6.1365,-3.3301,12.6533,352.3186,359.3633,-0.0233,1.6420,0.5187,-0.1304,-0.2191,0.9670
119.1530,128.88,33.9156,6.1691,-3.3190,12.5355,352.3290,359.3655,-0.0265,1.6281,0.5561,-0.1303,-0.2170,0.9674
119.1730,128.88,33.9150,6.2014,-3.3072,12.4151,352.3395,359.3679,-0.0296,1.6142,0.5930,-0.1302,-0.2150,0.9679
119.1930,128.88,33.9144,6.2334,-3.2946,12.2920,352.3503,359.3704,-0.0327,1.6005,0.6293,-0.1301,-0.2129,0.9684
119.2130,128.88,33.9137,6.2651,-3.2813,12.1664,352.3612,359.3730,-0.0357,1.5869,0.6651,-0.1299,-0.2108,0.9689
119.2330,128.88,33.9129,6.2966,-3.2673,12.0383,352.3723,359.3757,-0.0387,1.5734,0.7004,-0.1298,-0.2086,0.9694
119.2530,128.88,33.9121,6.3278,-3.2526,11.9078,352.3836,359.3786,-0.0416,1.5600,0.7351,-0.1297,-0.2063,0.9698
119.2730,128.88,33.9112,6.3587,-3.2372,11.7750,352.3949,359.3815,-0.0444,1.5467,0.7692,-0.1296,-0.2041,0.9703
119.2930,128.88,33.9102,6.3894,-3.2211,11.6400,352.4064,359.3846,-0.0471,1.5335,0.8028,-0.1294,-0.2018,0.9708
119.3130,128.88,33.9092,6.4198,-3.2044,11.5028,352.4181,359.3877,-0.0498,1.5205,0.8359,-0.1293,-0.1994,0.9713
119.3330,128.88,33.9082,6.4500,-3.1870,11.3636,352.4298,359.3910,-0.0525,1.5075,0.8683,-0.1292,-0.1970,0.9719
119.3530,128.88,33.9071,6.4799,-3.1690,11.2224,352.4416,359.3943,-0.0550,1.4947,0.9002,-0.1290,-0.1946,0.9724
119.3730,128.88,33.9059,6.5095,-3.1504,11.0794,352.4535,359.3978,-0.0575,1.4819,0.9315,-0.1289,-0.1922,0.9729
119.3930,128.88,33.9048,6.5389,-3.1311,10.9345,352.4655,359.4013,-0.0599,1.4693,0.9622,-0.1287,-0.1897,0.9734
119.4130,128.88,33.9035,6.5680,-3.1113,10.7878,352.4776,359.4050,-0.0623,1.4568,0.9924,-0.1286,-0.1872,0.9739
119.4330,128.88,33.9022,6.5969,-3.0909,10.6395,352.4897,359.4087,-0.0646,1.4444,1.0219,-0.1285,-0.1846,0.9744
119.4530,128.88,33.9009,6.6256,-3.0698,10.4897,352.5019,359.4125,-0.0668,1.4322,1.0509,-0.1283,-0.1821,0.9749
119.4730,128.88,33.8995,6.6540,-3.0483,10.3383,352.5141,359.4164,-0.0690,1.4200,1.0793,-0.1282,-0.1795,0.9754
119.4930,128.88,33.8981,6.6821,-3.0261,10.1855,352.5264,359.4204,-0.0710,1.4079,1.1070,-0.1280,-0.1768,0.9759
119.5130,128.88,33.8966,6.7101,-3.0034,10.0314,352.5387,359.4245,-0.0731,1.3960,1.1342,-0.1279,-0.1742,0.9764
119.5330,128.88,33.8951,6.7377,-2.9802,9.8760,352.5510,359.4287,-0.0750,1.3842,1.1608,-0.1277,-0.1715,0.9769
119.5530,128.88,33.8936,6.7652,-2.9565,9.7194,352.5634,359.4330,-0.0769,1.3724,1.1868,-0.1276,-0.1688,0.9774
119.5730,128.88,33.8920,6.7924,-2.9322,9.5617,352.5757,359.4373,-0.0787,1.3608,1.2121,-0.1274,-0.1661,0.9778
119.5930,128.88,33.8904,6.8194,-2.9075,9.4029,352.5880,359.4417,-0.0805,1.3493,1.2369,-0.1273,-0.1634,0.9783
119.6130,128.88,33.8887,6.8461,-2.8823,9.2432,352.6004,359.4462,-0.0822,1.3379,1.2611,-0.1271,-0.1606,0.9788
119.6330,128.88,33.8871,6.8727,-2.8566,9.0827,352.6127,359.4507,-0.0838,1.3266,1.2847,-0.1270,-0.1579,0.9793
119.6530,124.75,33.8854,6.8990,-2.8304,8.9213,352.6250,359.4554,-0.0854,1.3154,1.3076,-0.1268,-0.1551,0.9797
119.6730,124.75,33.8836,6.9251,-2.8038,8.7591,352.6373,359.4601,-0.0869,1.3043,1.3300,-0.1267,-0.1523,0.9802
119.6930,124.75,33.8819,6.9509,-2.7768,8.5963,352.6496,359.4649,-0.0883,1.2933,1.3518,-0.1265,-0.1495,0.9806
119.7130,124.75,33.8801,6.9766,-2.7493,8.4329,352.6618,359.4697,-0.0897,1.2825,1.3729,-0.1263,-0.1467,0.9811
119.7330,124.75,33.8782,7.0020,-2.7215,8.2690,352.6739,359.4746,-0.0910,1.2717,1.3935,-0.1262,-0.1438,0.9815
119.7530,124.75,33.8764,7.0273,-2.6932,8.1046,352.6860,359.4796,-0.0923,1.2610,1.4134,-0.1260,-0.1410,0.9820
119.7730,124.75,33.8745,7.0523,-2.6645,7.9398,352.6981,359.4847,-0.0935,1.2504,1.4328,-0.1259,-0.1381,0.9824
119.7930,124.75,33.8726,7.0771,-2.6355,7.7747,352.7101,359.4898,-0.0946,1.2399,1.4515,-0.1257,-0.1353,0.9828
119.8130,124.75,33.8707,7.1017,-2.6061,7.6093,352.7220,359.4950,-0.0957,1.2295,1.4697,-0.1256,-0.1324,0.9832
119.8330,124.75,33.8688,7.1260,-2.5764,7.4438,352.7338,359.5002,-0.0967,1.2192,1.4872,-0.1254,-0.1296,0.9836
119.8530,124.75,33.8668,7.1502,-2.5463,7.2781,352.7456,359.5055,-0.0976,1.2090,1.5042,-0.1253,-0.1267,0.9840
119.8730,124.75,33.8649,7.1742,-2.5159,7.1124,352.7573,359.5109,-0.0985,1.1989,1.5206,-0.1251,-0.1238,0.9844
119.8930,124.75,33.8629,7.1980,-2.4852,6.9467,352.7689,359.5163,-0.0994,1.1889,1.5363,-0.1249,-0.1209,0.9848
119.9130,124.75,33.8609,7.2216,-2.4541,6.7810,352.7804,359.5218,-0.1002,1.1789,1.5515,-0.1248,-0.1181,0.9851
119.9330,124.75,33.8589,7.2449,-2.4228,6.6155,352.7917,359.5273,-0.1009,1.1691,1.5661,-0.1246,-0.1152,0.9855
119.9530,124.75,33.8568,7.2681,-2.3912,6.4501,352.8030,359.5329,-0.1015,1.1593,1.5802,-0.1245,-0.1123,0.9858
119.9730,124.75,33.8548,7.2911,-2.3593,6.2850,352.8142,359.5386,-0.1022,1.1496,1.5936,-0.1243,-0.1095,0.9862
119.9930,124.75,33.8527,7.3139,-2.3272,6.1202,352.8253,359.5443,-0.1027,1.1400,1.6065,-0.1242,-0.1066,0.9865
120.0130,124.75,33.8507,7.3365,-2.2948,5.9558,352.8386,359.5507,-0.1032,1.1305,1.6188,-0.1240,-0.1038,0.9868
120.0330,124.75,33.8486,7.3590,-2.2622,5.7916,352.8540,359.5578,-0.1036,1.1211,1.6306,-0.1238,-0.1009,0.9872
120.0530,124.75,33.8465,7.3812,-2.2294,5.6280,352.8713,359.5654,-0.1039,1.1117,1.6418,-0.1235,-0.0981,0.9875
120.0730,124.75,33.8444,7.4032,-2.1963,5.4647,352.8905,359.5736,-0.1042,1.1024,1.6524,-0.1232,-0.0952,0.9878
120.0930,124.75,33.8423,7.4251,-2.1631,5.3021,352.9115,359.5822,-0.1045,1.0932,1.6625,-0.1229,-0.0924,0.9881
120.1130,124.75,33.8402,7.4468,-2.1296,5.1400,352.9342,359.5912,-0.1048,1.0841,1.6720,-0.1225,-0.0896,0.9884
120.1330,124.75,33.8381,7.4683,-2.0960,4.9786,352.9584,359.6006,-0.1050,1.0750,1.6809,-0.1221,-0.0868,0.9887
120.1530,124.75,33.8360,7.4896,-2.0622,4.8179,352.9840,359.6104,-0.1051,1.0661,1.6893,-0.1217,-0.0840,0.9890
120.1730,124.75,33.8339,7.5108,-2.0283,4.6579,353.0110,359.6203,-0.1052,1.0571,1.6972,-0.1213,-0.0812,0.9893
120.1930,124.75,33.8318,7.5317,-1.9942,4.4988,353.0393,359.6306,-0.1053,1.0483,1.7045,-0.1208,-0.0784,0.9896
120.2130,124.75,33.8297,7.5525,-1.9600,4.3405,353.0688,359.6409,-0.1054,1.0395,1.7114,-0.1203,-0.0757,0.9898
120.2330,124.75,33.8276,7.5731,-1.9256,4.1830,353.0993,359.6515,-0.1054,1.0308,1.7176,-0.1198,-0.0729,0.9901
120.2530,124.75,33.8255,7.5936,-1.8911,4.0266,353.1309,359.6621,-0.1054,1.0222,1.7234,-0.1193,-0.0702,0.9904
120.2730,124.75,33.8234,7.6138,-1.8566,3.8711,353.1634,359.6728,-0.1054,1.0136,1.7286,-0.1188,-0.0675,0.9906
120.2930,124.75,33.8213,7.6339,-1.8219,3.7167,353.1967,359.6836,-0.1053,1.0051,1.7333,-0.1182,-0.0648,0.9909
120.3130,124.75,33.8192,7.6539,-1.7872,3.5634,353.2307,359.6944,-0.1052,0.9966,1.7376,-0.1176,-0.0622,0.9911
120.3330,124.75,33.8171,7.6736,-1.7523,3.4112,353.2655,359.7052,-0.1051,0.9882,1.7413,-0.1171,-0.0595,0.9913
120.3530,124.75,33.8150,7.6932,-1.7174,3.2602,353.3009,359.7159,-0.1050,0.9799,1.7445,-0.1165,-0.0569,0.9916
120.3730,124.75,33.8129,7.7127,-1.6825,3.1103,353.3369,359.7266,-0.1048,0.9716,1.7473,-0.1159,-0.0543,0.9918
120.3930,124.75,33.8108,7.7319,-1.6475,2.9618,353.3733,359.7373,-0.1046,0.9634,1.7495,-0.1152,-0.0517,0.9920
120.4130,124.75,33.8087,7.7511,-1.6125,2.8145,353.4101,359.7478,-0.1044,0.9552,1.7513,-0.1146,-0.0491,0.9922
120.4330,124.75,33.8066,7.7700,-1.5774,2.6685,353.4473,359.7583,-0.1042,0.9471,1.7526,-0.1140,-0.0466,0.9924
120.4530,124.75,33.8045,7.7888,-1.5424,2.5239,353.4847,359.7686,-0.1039,0.9391,1.7535,-0.1134,-0.0440,0.9926
120.4730,124.75,33.8025,7.8074,-1.5073,2.3807,353.5225,359.7788,-0.1036,0.9311,1.7539,-0.1127,-0.0415,0.9928
120.4930,124.75,33.8004,7.8259,-1.4722,2.2389,353.5604,359.7888,-0.1033,0.9232,1.7538,-0.1121,-0.0391,0.9929
120.5130,124.75,33.7984,7.8442,-1.4371,2.0985,353.5984,359.7987,-0.1030,0.9153,1.7533,-0.1114,-0.0366,0.9931
120.5330,124.75,33.7963,7.8623,-1.4021,1.9597,353.6365,359.8084,-0.1026,0.9074,1.7524,-0.1108,-0.0342,0.9933
120.5530,124.75,33.7943,7.8803,-1.3671,1.8223,353.6747,359.8180,-0.1022,0.8997,1.7510,-0.1101,-0.0318,0.9934
120.5730,124.75,33.7922,7.8982,-1.3321,1.6866,353.7128,359.8274,-0.1018,0.8919,1.7492,-0.1095,-0.0294,0.9936
120.5930,124.75,33.7902,7.9158,-1.2971,1.5523,353.7509,359.8365,-0.1014,0.8843,1.7470,-0.1088,-0.0271,0.9937
120.6130,124.75,33.7882,7.9334,-1.2623,1.4197,353.7889,359.8456,-0.1010,0.8766,1.7444,-0.1082,-0.0248,0.9938
120.6330,124.75,33.7862,7.9508,-1.2274,1.2887,353.8268,359.8543,-0.1006,0.8690,1.7414,-0.1075,-0.0225,0.9939
120.6530,124.77,33.7842,7.9680,-1.1927,1.1594,353.8645,359.8629,-0.1001,0.8615,1.7380,-0.1069,-0.0202,0.9941
120.6730,124.77,33.7822,7.9851,-1.1580,1.0317,353.9020,359.8713,-0.0996,0.8540,1.7342,-0.1062,-0.0180,0.9942
120.6930,124.77,33.7802,8.0020,-1.1234,0.9058,353.9392,359.8795,-0.0991,0.8466,1.7300,-0.1056,-0.0158,0.9943
120.7130,124.77,33.7782,8.0188,-1.0889,0.7815,353.9762,359.8875,-0.0986,0.8392,1.7254,-0.1049,-0.0136,0.9944
120.7330,124.77,33.7762,8.0354,-1.0545,0.6590,354.0129,359.8953,-0.0981,0.8318,1.7205,-0.1043,-0.0115,0.9945
120.7530,124.77,33.7743,8.0519,-1.0202,0.5382,354.0492,359.9029,-0.0976,0.8245,1.7152,-0.1037,-0.0094,0.9946
120.7730,124.77,33.7724,8.0683,-0.9860,0.4192,354.0852,359.9103,-0.0970,0.8173,1.7095,-0.1030,-0.0073,0.9946
120.7930,124.77,33.7704,8.0845,-0.9519,0.3020,354.1208,359.9174,-0.0964,0.8101,1.7036,-0.1024,-0.0053,0.9947
120.8130,124.77,33.7685,8.1005,-0.9180,0.1866,354.1561,359.9244,-0.0959,0.8029,1.6972,-0.1018,-0.0033,0.9948
120.8330,124.77,33.7666,8.1164,-0.8842,0.0729,354.1909,359.9312,-0.0953,0.7958,1.6906,-0.1012,-0.0013,0.9949
120.8530,124.77,33.7647,8.1322,-0.8505,359.9612,354.2252,359.9378,-0.0947,0.7887,1.6836,-0.1006,0.0007,0.9949
120.8730,124.77,33.7628,8.1478,-0.8170,359.8513,354.2591,359.9442,-0.0940,0.7817,1.6763,-0.1000,0.0026,0.9950
120.8930,124.77,33.7610,8.1633,-0.7836,359.7432,354.2925,359.9504,-0.0934,0.7747,1.6687,-0.0994,0.0045,0.9950
120.9130,124.77,33.7591,8.1787,-0.7504,359.6370,354.3255,359.9564,-0.0928,0.7677,1.6608,-0.0989,0.0063,0.9951
120.9330,124.77,33.7573,8.1939,-0.7173,359.5326,354.3579,359.9622,-0.0921,0.7608,1.6526,-0.0983,0.0082,0.9951
120.9530,124.77,33.7554,8.2090,-0.6844,359.4301,354.3898,359.9679,-0.0915,0.7540,1.6441,-0.0978,0.0099,0.9952
120.9730,124.77,33.7536,8.2239,-0.6517,359.3296,354.4211,359.9734,-0.0908,0.7471,1.6353,-0.0972,0.0117,0.9952
120.9930,124.77,33.7518,8.2387,-0.6192,359.2309,354.4520,359.9786,-0.0901,0.7404,1.6262,-0.0967,0.0134,0.9952
121.0130,124.77,33.7500,8.2534,-0.5869,359.1341,354.4822,359.9838,-0.0894,0.7336,1.6169,-0.0961,0.0151,0.9953
121.0330,124.77,33.7483,8.2680,-0.5547,359.0392,354.5120,359.9887,-0.0887,0.7269,1.6073,-0.0956,0.0168,0.9953
121.0530,124.77,33.7465,8.2824,-0.5228,358.9463,354.5411,359.9935,-0.0880,0.7203,1.5975,-0.0951,0.0184,0.9953
121.0730,124.77,33.7448,8.2966,-0.4910,358.8552,354.5697,-0.0018,-0.0873,0.7137,1.5874,-0.0946,0.0200,0.9953
121.0930,124.77,33.7430,8.3145,-0.4595,358.7610,354.5981,0.0022,-0.0864,0.8944,1.5744,-0.0941,0.0216,0.9953
121.1130,124.77,33.7413,8.3325,-0.4282,358.6644,354.6264,0.0059,-0.0858,0.8976,1.5645,-0.0936,0.0233,0.9953
121.1330,124.77,33.7396,8.3538,-0.3972,358.5650,354.6544,0.0091,-0.0849,1.0642,1.5506,-0.0931,0.0250,0.9953
121.1530,124.77,33.7379,8.3753,-0.3664,358.4637,354.6822,0.0119,-0.0842,1.0754,1.5398,-0.0926,0.0268,0.9953
121.1730,124.77,33.7363,8.3999,-0.3359,358.3601,354.7097,0.0142,-0.0832,1.2294,1.5250,-0.0922,0.0286,0.9953
121.1930,124.77,33.7346,8.4248,-0.3057,358.2549,354.7368,0.0162,-0.0824,1.2474,1.5133,-0.0917,0.0305,0.9953
121.2130,124.77,33.7330,8.4526,-0.2757,358.1476,354.7637,0.0177,-0.0814,1.3903,1.4976,-0.0912,0.0323,0.9953
121.2330,124.77,33.7314,8.4809,-0.2460,358.0392,354.7901,0.0189,-0.0806,1.4138,1.4850,-0.0908,0.0342,0.9953
121.2530,124.77,33.7298,8.5118,-0.2166,357.9290,354.8162,0.0196,-0.0795,1.5468,1.4684,-0.0903,0.0361,0.9953
121.2730,124.77,33.7282,8.5433,-0.1875,357.8180,354.8418,0.0201,-0.0786,1.5749,1.4548,-0.0898,0.0381,0.9952
121.2930,124.77,33.7267,8.5734,-0.1586,357.7052,354.8671,0.0204,-0.0779,1.5043,1.4448,-0.0894,0.0400,0.9952
121.3130,124.77,33.7251,8.6039,-0.1300,357.5914,354.8919,0.0206,-0.0770,1.5261,1.4307,-0.0890,0.0420,0.9951
121.3330,124.77,33.7236,8.6332,-0.1016,357.4764,354.9164,0.0207,-0.0762,1.4620,1.4200,-0.0885,0.0440,0.9951
121.3530,124.77,33.7221,8.6627,-0.0735,357.3607,354.9404,0.0205,-0.0753,1.4785,1.4054,-0.0881,0.0460,0.9950
121.3730,124.77,33.7206,8.6911,-0.0457,357.2442,354.9639,0.0203,-0.0745,1.4201,1.3939,-0.0877,0.0481,0.9950
121.3930,124.77,33.7191,8.7198,-0.0181,357.1273,354.9869,0.0199,-0.0734,1.4320,1.3788,-0.0873,0.0501,0.9949
121.4130,124.77,33.7177,8.7474,0.0093,357.0099,355.0094,0.0194,-0.0726,1.3785,1.3666,-0.0869,0.0522,0.9949
121.4330,124.77,33.7163,8.7751,0.0363,356.8923,355.0314,0.0187,-0.0715,1.3865,1.3510,-0.0865,0.0542,0.9948
121.4530,124.77,33.7148,8.8018,0.0630,356.7746,355.0529,0.0179,-0.0706,1.3374,1.3381,-0.0861,0.0563,0.9947
121.4730,124.77,33.7135,8.8287,0.0895,356.6570,355.0738,0.0170,-0.0695,1.3421,1.3219,-0.0857,0.0583,0.9946
121.4930,124.77,33.7121,8.8546,0.1156,356.5395,355.0941,0.0160,-0.0685,1.2966,1.3083,-0.0854,0.0604,0.9945
121.5130,124.77,33.7107,8.8806,0.1415,356.4223,355.1140,0.0148,-0.0673,1.2986,1.2916,-0.0850,0.0624,0.9944
121.5330,124.77,33.7094,8.9057,0.1670,356.3056,355.1331,0.0136,-0.0663,1.2564,1.2774,-0.0847,0.0644,0.9943
121.5530,124.77,33.7081,8.9308,0.1922,356.1893,355.1518,0.0122,-0.0651,1.2559,1.2602,-0.0843,0.0665,0.9942
121.5730,124.77,33.7068,8.9552,0.2171,356.0737,355.1699,0.0108,-0.0640,1.2167,1.2452,-0.0840,0.0685,0.9941
121.5930,124.77,33.7056,8.9794,0.2417,355.9588,355.1873,0.0093,-0.0627,1.2142,1.2275,-0.0837,0.0705,0.9940
121.6130,124.77,33.7043,9.0030,0.2659,355.8447,355.2042,0.0077,-0.0616,1.1775,1.2119,-0.0834,0.0725,0.9939
121.6330,124.77,33.7031,9.0265,0.2898,355.7315,355.2205,0.0060,-0.0603,1.1732,1.1937,-0.0831,0.0744,0.9938
121.6530,125.31,33.7020,9.0492,0.3133,355.6195,355.2362,0.0043,-0.0591,1.1389,1.1774,-0.0828,0.0764,0.9936
121.6730,125.31,33.7008,9.0719,0.3365,355.5084,355.2513,0.0025,-0.0577,1.1331,1.1588,-0.0825,0.0783,0.9935
121.6930,125.31,33.6997,9.0939,0.3594,355.3986,355.2658,0.0007,-0.0565,1.1008,1.1419,-0.0823,0.0802,0.9934
121.7130,125.31,33.6986,9.1158,0.3818,355.2900,355.2798,-0.0012,-0.0551,1.0937,1.1228,-0.0820,0.0821,0.9932
121.7330,125.31,33.6975,9.1371,0.4039,355.1829,355.2931,-0.0032,-0.0538,1.0633,1.1053,-0.0818,0.0840,0.9931
121.7530,125.31,33.6964,9.1582,0.4256,355.0771,355.3059,-0.0052,-0.0523,1.0551,1.0857,-0.0815,0.0858,0.9930
121.7730,125.31,33.6954,9.1787,0.4470,354.9728,355.3181,359.9928,-0.0509,1.0263,1.0676,-0.0813,0.0876,0.9928
121.7930,125.31,33.6944,9.1990,0.4679,354.8701,355.3297,359.9908,-0.0494,1.0173,1.0477,-0.0811,0.0894,0.9927
121.8130,125.31,33.6935,9.2188,0.4885,354.7691,355.3408,359.9887,-0.0480,0.9899,1.0290,-0.0809,0.0912,0.9925
121.8330,125.31,33.6925,9.2384,0.5087,354.6697,355.3513,359.9866,-0.0465,0.9801,1.0086,-0.0807,0.0929,0.9924
121.8530,125.31,33.6916,9.2575,0.5285,354.5722,355.3612,359.9846,-0.0450,0.9542,0.9895,-0.0805,0.0946,0.9923
121.8730,125.31,33.6908,9.2764,0.5479,354.4764,355.3706,359.9825,-0.0434,0.9437,0.9687,-0.0803,0.0963,0.9921
121.8930,125.31,33.6899,9.2948,0.5668,354.3826,355.3795,359.9803,-0.0419,0.9190,0.9490,-0.0802,0.0979,0.9920
121.9130,125.31,33.6891,9.3129,0.5854,354.2906,355.3878,359.9782,-0.0403,0.9080,0.9279,-0.0800,0.0995,0.9918
121.9330,125.31,33.6884,9.3306,0.6035,354.2007,355.3956,359.9761,-0.0387,0.8844,0.9078,-0.0799,0.1010,0.9917
121.9530,125.31,33.6876,9.3481,0.6213,354.1128,355.4029,359.9740,-0.0371,0.8730,0.8863,-0.0797,0.1026,0.9915
121.9730,125.31,33.6869,9.3651,0.6386,354.0270,355.4096,359.9720,-0.0355,0.8504,0.8657,-0.0796,0.1041,0.9914
121.9930,125.31,33.6862,9.3819,0.6555,353.9433,355.4159,359.9699,-0.0338,0.8387,0.8439,-0.0795,0.1055,0.9912
122.0130,125.31,33.6856,9.3982,0.6719,353.8618,355.4217,359.9679,-0.0321,0.8171,0.8229,-0.0794,0.1069,0.9911
122.0330,125.31,33.6850,9.4143,0.6879,353.7824,355.4270,359.9658,-0.0304,0.8050,0.8008,-0.0793,0.1083,0.9910
122.0530,125.31,33.6844,9.4300,0.7035,353.7054,355.4319,359.9638,-0.0287,0.7843,0.7794,-0.0792,0.1096,0.9908
122.0730,125.31,33.6839,9.4454,0.7187,353.6306,355.4362,359.9619,-0.0269,0.7721,0.7571,-0.0791,0.1109,0.9907
122.0930,125.31,33.6834,9.4605,0.7334,353.5581,355.4402,359.9599,-0.0252,0.7522,0.7353,-0.0790,0.1122,0.9905
122.1130,125.31,33.6829,9.4753,0.7476,353.4879,355.4437,359.9580,-0.0234,0.7398,0.7127,-0.0789,0.1134,0.9904
122.1330,125.31,33.6825,9.4897,0.7614,353.4201,355.4468,359.9561,-0.0217,0.7207,0.6907,-0.0789,0.1146,0.9903
122.1530,125.31,33.6821,9.5039,0.7748,353.3547,355.4494,359.9543,-0.0198,0.7082,0.6678,-0.0788,0.1157,0.9902
122.1730,125.31,33.6817,9.5177,0.7877,353.2917,355.4517,359.9525,-0.0181,0.6898,0.6455,-0.0788,0.1168,0.9900
122.1930,125.31,33.6814,9.5312,0.8002,353.2311,355.4535,359.9507,-0.0162,0.6773,0.6225,-0.0787,0.1179,0.9899
122.2130,125.31,33.6811,9.5444,0.8122,353.1730,355.4550,359.9490,-0.0144,0.6596,0.5999,-0.0787,0.1189,0.9898
122.2330,125.31,33.6808,9.5573,0.8237,353.1174,355.4561,359.9473,-0.0125,0.6470,0.5767,-0.0787,0.1198,0.9897
122.2530,125.31,33.6806,9.5699,0.8348,353.0642,355.4568,359.9457,-0.0107,0.6300,0.5539,-0.0786,0.1208,0.9896
122.2730,125.31,33.6805,9.5823,0.8454,353.0135,355.4572,359.9441,-0.0088,0.6175,0.5306,-0.0786,0.1216,0.9895
122.2930,125.31,33.6803,9.5943,0.8555,352.9654,355.4573,359.9425,-0.0069,0.6011,0.5076,-0.0786,0.1225,0.9894
122.3130,125.31,33.6802,9.6061,0.8652,352.9197,355.4570,359.9410,-0.0050,0.5886,0.4841,-0.0786,0.1233,0.9893
122.3330,125.31,33.6802,9.6175,0.8744,352.8766,355.4565,359.9396,-0.0031,0.5727,0.4610,-0.0786,0.1240,0.9892
122.3530,125.31,33.6801,9.6287,0.8832,352.8360,355.4556,359.9382,-0.0012,0.5604,0.4375,-0.0786,0.1247,0.9891
122.3730,125.31,33.6801,9.6396,0.8915,352.7980,355.4544,359.9368,0.0007,0.5451,0.4142,-0.0786,0.1254,0.9890
122.3930,125.31,33.6802,9.6503,0.8993,352.7624,355.4529,359.9355,0.0027,0.5328,0.3906,-0.0786,0.1260,0.9889
122.4130,125.31,33.6803,9.6607,0.9066,352.7294,355.4512,359.9342,0.0046,0.5181,0.3673,-0.0787,0.1266,0.9888
122.4330,125.31,33.6804,9.6708,0.9135,352.6990,355.4492,359.9330,0.0065,0.5059,0.3437,-0.0787,0.1271,0.9888
122.4530,125.31,33.6806,9.6806,0.9199,352.6711,355.4470,359.9318,0.0085,0.4917,0.3203,-0.0787,0.1276,0.9887
122.4730,125.31,33.6808,9.6902,0.9258,352.6456,355.4445,359.9307,0.0104,0.4797,0.2966,-0.0788,0.1280,0.9886
122.4930,125.31,33.6810,9.6995,0.9313,352.6228,355.4419,359.9296,0.0124,0.4660,0.2733,-0.0788,0.1284,0.9886
122.5130,125.31,33.6813,9.7086,0.9363,352.6024,355.4390,359.9286,0.0144,0.4542,0.2496,-0.0789,0.1288,0.9885
122.5330,125.31,33.6817,9.7174,0.9408,352.5845,355.4359,359.9276,0.0163,0.4409,0.2262,-0.0789,0.1291,0.9885
122.5530,125.31,33.6820,9.7260,0.9449,352.5692,355.4326,359.9267,0.0183,0.4293,0.2027,-0.0790,0.1293,0.9885
122.5730,125.31,33.6824,9.7343,0.9485,352.5563,355.4291,359.9258,0.0203,0.4165,0.1793,-0.0790,0.1296,0.9884
122.5930,125.31,33.6829,9.7424,0.9516,352.5459,355.4255,359.9250,0.0222,0.4051,0.1559,-0.0791,0.1297,0.9884
122.6130,125.31,33.6834,9.7503,0.9542,352.5379,355.4217,359.9242,0.0242,0.3927,0.1326,-0.0791,0.1299,0.9884
122.6330,125.31,33.6839,9.7579,0.9564,352.5324,355.4178,359.9234,0.0262,0.3816,0.1092,-0.0792,0.1300,0.9883
122.6530,124.23,33.6844,9.7653,0.9581,352.5293,355.4137,359.9227,0.0281,0.3696,0.0861,-0.0793,0.1300,0.9883
122.6730,124.23,33.6850,9.7725,0.9594,352.5286,355.4095,359.9221,0.0301,0.3587,0.0628,-0.0794,0.1300,0.9883
122.6930,124.23,33.6857,9.7794,0.9602,352.5304,355.4052,359.9214,0.0321,0.3471,0.0398,-0.0794,0.1300,0.9883
122.7130,124.23,33.6864,9.7862,0.9605,352.5344,355.4007,359.9209,0.0340,0.3365,0.0167,-0.0795,0.1299,0.9883
122.7330,124.23,33.6871,9.7927,0.9604,352.5409,355.3962,359.9203,0.0360,0.3253,-0.0062,-0.0796,0.1298,0.9883
122.7530,124.23,33.6878,9.7990,0.9598,352.5496,355.3915,359.9199,0.0379,0.3150,-0.0290,-0.0797,0.1297,0.9884
122.7730,124.23,33.6886,9.8051,0.9588,352.5607,355.3868,359.9194,0.0399,0.3041,-0.0517,-0.0798,0.1295,0.9884
122.7930,124.23,33.6895,9.8109,0.9573,352.5740,355.3821,359.9190,0.0418,0.2940,-0.0744,-0.0798,0.1292,0.9884
122.8130,124.23,33.6904,9.8166,0.9554,352.5896,355.3772,359.9186,0.0438,0.2836,-0.0968,-0.0799,0.1290,0.9884
122.8330,124.23,33.6913,9.8221,0.9530,352.6074,355.3723,359.9183,0.0457,0.2738,-0.1192,-0.0800,0.1287,0.9885
122.8530,124.23,33.6922,9.8274,0.9502,352.6274,355.3674,359.9180,0.0476,0.2636,-0.1415,-0.0801,0.1283,0.9885
122.8730,124.23,33.6932,9.8324,0.9469,352.6496,355.3624,359.9178,0.0495,0.2541,-0.1636,-0.0802,0.1279,0.9885
122.8930,124.23,33.6942,9.8373,0.9432,352.6740,355.3574,359.9176,0.0514,0.2443,-0.1856,-0.0803,0.1275,0.9886
122.9130,124.23,33.6953,9.8420,0.9390,352.7004,355.3524,359.9174,0.0533,0.2351,-0.2074,-0.0804,0.1271,0.9886
122.9330,124.23,33.6964,9.8465,0.9344,352.7290,355.3473,359.9173,0.0552,0.2257,-0.2291,-0.0805,0.1266,0.9887
122.9530,124.23,33.6976,9.8509,0.9294,352.7596,355.3423,359.9172,0.0571,0.2167,-0.2506,-0.0806,0.1260,0.9887
122.9730,124.23,33.6987,9.8550,0.9240,352.7922,355.3372,359.9171,0.0590,0.2076,-0.2719,-0.0806,0.1255,0.9888
122.9930,124.23,33.7000,9.8590,0.9181,352.8268,355.3322,359.9171,0.0608,0.1990,-0.2931,-0.0807,0.1249,0.9889
123.0130,124.23,33.7012,9.8628,0.9118,352.8634,355.3271,359.9171,0.0626,0.1902,-0.3141,-0.0808,0.1242,0.9890
123.0330,124.23,33.7025,9.8664,0.9051,352.9019,355.3221,359.9171,0.0645,0.1818,-0.3349,-0.0809,0.1236,0.9890
123.0530,124.23,33.7038,9.8699,0.8980,352.9423,355.3171,359.9172,0.0663,0.1733,-0.3555,-0.0810,0.1229,0.9891
123.0730,124.23,33.7052,9.8732,0.8905,352.9845,355.3122,359.9173,0.0681,0.1652,-0.3760,-0.0811,0.1221,0.9892
123.0930,124.23,33.7066,9.8764,0.8826,353.0286,355.3073,359.9174,0.0698,0.1571,-0.3962,-0.0812,0.1214,0.9893
123.1130,124.23,33.7080,9.8793,0.8743,353.0744,355.3024,359.9176,0.0716,0.1493,-0.4162,-0.0813,0.1206,0.9894
123.1330,124.23,33.7095,9.8822,0.8655,353.1220,355.2975,359.9178,0.0734,0.1414,-0.4360,-0.0814,0.1198,0.9895
123.1530,124.23,33.7110,9.8848,0.8564,353.1714,355.2927,359.9180,0.0751,0.1339,-0.4556,-0.0815,0.1189,0.9896
123.1730,124.23,33.7125,9.8874,0.8469,353.2224,355.2880,359.9182,0.0768,0.1263,-0.4750,-0.0816,0.1180,0.9897
123.1930,124.23,33.7141,9.8898,0.8371,353.2750,355.2834,359.9185,0.0785,0.1190,-0.4941,-0.0817,0.1171,0.9898
123.2130,124.23,33.7157,9.8920,0.8268,353.3292,355.2787,359.9189,0.0802,0.1118,-0.5130,-0.0818,0.1162,0.9899
123.2330,124.23,33.7173,9.8941,0.8162,353.3850,355.2742,359.9192,0.0818,0.1048,-0.5317,-0.0818,0.1152,0.9900
123.2530,124.23,33.7190,9.8960,0.8052,353.4424,355.2698,359.9196,0.0835,0.0978,-0.5501,-0.0819,0.1142,0.9901
123.2730,124.23,33.7207,9.8979,0.7938,353.5012,355.2654,359.9200,0.0851,0.0910,-0.5683,-0.0820,0.1132,0.9902
123.2930,124.23,33.7224,9.8995,0.7821,353.5614,355.2611,359.9204,0.0867,0.0844,-0.5863,-0.0821,0.1121,0.9903
123.3130,124.23,33.7242,9.9011,0.7700,353.6231,355.2569,359.9208,0.0883,0.0779,-0.6040,-0.0822,0.1111,0.9904
123.3330,124.23,33.7260,9.9025,0.7576,353.6862,355.2528,359.9213,0.0898,0.0714,-0.6214,-0.0823,0.1100,0.9905
123.3530,124.23,33.7278,9.9038,0.7448,353.7505,355.2487,359.9218,0.0913,0.0652,-0.6386,-0.0823,0.1089,0.9906
123.3730,124.23,33.7297,9.9050,0.7317,353.8162,355.2448,359.9224,0.0929,0.0590,-0.6555,-0.0824,0.1077,0.9908
123.3930,124.23,33.7316,9.9061,0.7182,353.8831,355.2410,359.9229,0.0943,0.0530,-0.6721,-0.0825,0.1066,0.9909
123.4130,124.23,33.7335,9.9070,0.7045,353.9512,355.2372,359.9235,0.0958,0.0471,-0.6885,-0.0826,0.1054,0.9910
123.4330,124.23,33.7354,9.9078,0.6904,354.0205,355.2336,359.9241,0.0972,0.0414,-0.7046,-0.0826,0.1042,0.9911
123.4530,124.23,33.7374,9.9086,0.6760,354.0910,355.2301,359.9247,0.0987,0.0357,-0.7205,-0.0827,0.1029,0.9912
123.4730,124.23,33.7394,9.9092,0.6612,354.1625,355.2267,359.9254,0.1000,0.0302,-0.7360,-0.0828,0.1017,0.9914
123.4930,124.23,33.7414,9.9097,0.6462,354.2351,355.2234,359.9261,0.1014,0.0248,-0.7513,-0.0829,0.1004,0.9915
123.5130,124.23,33.7435,9.9101,0.6309,354.3087,355.2202,359.9268,0.1028,0.0195,-0.7663,-0.0829,0.0992,0.9916
123.5330,124.23,33.7456,9.9103,0.6153,354.3833,355.2170,359.9275,0.1041,0.0143,-0.7810,-0.0830,0.0979,0.9917
123.5530,124.23,33.7477,9.9105,0.5994,354.4588,355.2141,359.9283,0.1054,0.0093,-0.7954,-0.0830,0.0966,0.9919
123.5730,124.23,33.7498,9.9106,0.5832,354.5352,355.2112,359.9290,0.1066,0.0043,-0.8095,-0.0831,0.0952,0.9920
123.5930,124.23,33.7520,9.9106,0.5667,354.6125,355.2084,359.9298,0.1079,-0.0005,-0.8233,-0.0832,0.0939,0.9921
123.6130,124.23,33.7541,9.9105,0.5500,354.6905,355.2058,359.9306,0.1091,-0.0053,-0.8369,-0.0832,0.0925,0.9922
123.6330,124.23,33.7563,9.9103,0.5330,354.7694,355.2032,359.9315,0.1102,-0.0099,-0.8501,-0.0833,0.0912,0.9923
123.6530,125.84,33.7586,9.9100,0.5157,354.8490,355.2008,359.9323,0.1114,-0.0144,-0.8631,-0.0833,0.0898,0.9925
123.6730,125.84,33.7608,9.9096,0.4982,354.9293,355.1985,359.9332,0.1125,-0.0189,-0.8757,-0.0834,0.0884,0.9926
123.6930,125.84,33.7631,9.9092,0.4804,355.0102,355.1964,359.9341,0.1136,-0.0232,-0.8880,-0.0834,0.0870,0.9927
123.7130,125.84,33.7654,9.9086,0.4624,355.0918,355.1943,359.9351,0.1147,-0.0274,-0.9001,-0.0835,0.0856,0.9928
123.7330,125.84,33.7677,9.9080,0.4442,355.1739,355.1923,359.9360,0.1157,-0.0315,-0.9118,-0.0835,0.0841,0.9929
123.7530,125.84,33.7700,9.9073,0.4257,355.2566,355.1905,359.9370,0.1168,-0.0356,-0.9233,-0.0836,0.0827,0.9931
123.7730,125.84,33.7724,9.9065,0.4070,355.3398,355.1888,359.9380,0.1177,-0.0395,-0.9344,-0.0836,0.0812,0.9932
123.7930,125.84,33.7748,9.9056,0.3881,355.4235,355.1872,359.9389,0.1187,-0.0434,-0.9452,-0.0836,0.0798,0.9933
123.8130,125.84,33.7772,9.9047,0.3690,355.5077,355.1857,359.9400,0.1196,-0.0471,-0.9558,-0.0837,0.0783,0.9934
123.8330,125.84,33.7796,9.9037,0.3497,355.5922,355.1843,359.9410,0.1205,-0.0508,-0.9660,-0.0837,0.0769,0.9935
123.8530,125.84,33.7820,9.9026,0.3302,355.6770,355.1830,359.9420,0.1214,-0.0544,-0.9759,-0.0837,0.0754,0.9936
123.8730,125.84,33.7844,9.9014,0.3105,355.7622,355.1819,359.9431,0.1223,-0.0579,-0.9855,-0.0838,0.0739,0.9937
123.8930,125.84,33.7869,9.9002,0.2906,355.8477,355.1808,359.9442,0.1231,-0.0613,-0.9948,-0.0838,0.0724,0.9938
123.9130,125.84,33.7894,9.8989,0.2705,355.9335,355.1799,359.9453,0.1239,-0.0647,-1.0038,-0.0838,0.0709,0.9940
123.9330,125.84,33.7919,9.8975,0.2503,356.0194,355.1790,359.9464,0.1246,-0.0680,-1.0125,-0.0838,0.0694,0.9941
123.9530,125.84,33.7944,9.8961,0.2298,356.1056,355.1783,359.9476,0.1253,-0.0711,-1.0209,-0.0839,0.0679,0.9942
123.9730,125.84,33.7969,9.8946,0.2093,356.1919,355.1777,359.9487,0.1260,-0.0743,-1.0290,-0.0839,0.0664,0.9943
123.9930,125.84,33.7994,9.8931,0.1885,356.2783,355.1772,359.9499,0.1267,-0.0773,-1.0368,-0.0839,0.0649,0.9944
124.0130,125.84,33.8020,9.8915,0.1676,356.3648,355.1768,359.9511,0.1273,-0.0803,-1.0442,-0.0839,0.0634,0.9945
124.0330,125.84,33.8045,9.8898,0.1466,356.4513,355.1765,359.9523,0.1279,-0.0832,-1.0514,-0.0839,0.0619,0.9945
124.0530,125.84,33.8071,9.8881,0.1254,356.5379,355.1763,359.9535,0.1285,-0.0860,-1.0583,-0.0839,0.0604,0.9946
124.0730,125.84,33.8097,9.8863,0.1041,356.6244,355.1762,359.9547,0.1291,-0.0887,-1.0649,-0.0839,0.0589,0.9947
124.0930,125.84,33.8124,9.8818,0.0827,356.7463,355.1802,359.9837,0.1353,-0.2278,-1.0701,-0.0839,0.0568,0.9949
124.1130,125.84,33.8151,9.8762,0.0613,356.8708,355.1840,0.0128,0.1355,-0.2772,-1.0739,-0.0838,0.0546,0.9950
124.1330,125.84,33.8178,9.8682,0.0398,357.0090,355.1862,0.0415,0.1354,-0.3992,-1.0757,-0.0838,0.0522,0.9951
124.1530,125.84,33.8205,9.8590,0.0182,357.1493,355.1878,0.0691,0.1351,-0.4605,-1.0781,-0.0838,0.0497,0.9952
124.1730,125.84,33.8232,9.8476,-0.0034,357.2982,355.1884,0.0959,0.1347,-0.5711,-1.0791,-0.0838,0.0471,0.9954
124.1930,125.84,33.8259,9.8348,-0.0250,357.4488,355.1887,0.1216,0.1342,-0.6384,-1.0805,-0.0838,0.0445,0.9955
124.2130,125.84,33.8286,9.8200,-0.0466,357.6053,355.1882,0.1463,0.1337,-0.7408,-1.0809,-0.0838,0.0418,0.9956
124.2330,125.84,33.8312,9.8038,-0.0682,357.7630,355.1875,0.1698,0.1331,-0.8112,-1.0814,-0.0838,0.0390,0.9957
124.2530,125.84,33.8339,9.7857,-0.0899,357.9248,355.1862,0.1923,0.1324,-0.9074,-1.0812,-0.0839,0.0362,0.9958
124.2730,125.84,33.8365,9.7661,-0.1115,358.0873,355.1848,0.2136,0.1317,-0.9793,-1.0809,-0.0839,0.0334,0.9959
124.2930,125.84,33.8391,9.7447,-0.1331,358.2523,355.1830,0.2339,0.1309,-1.0706,-1.0800,-0.0839,0.0305,0.9960
124.3130,125.84,33.8417,9.7218,-0.1547,358.4175,355.1812,0.2530,0.1300,-1.1430,-1.0790,-0.0840,0.0276,0.9961
124.3330,125.84,33.8443,9.6972,-0.1762,358.5840,355.1792,0.2711,0.1291,-1.2303,-1.0775,-0.0840,0.0247,0.9962
124.3530,125.84,33.8469,9.6712,-0.1977,358.7502,355.1772,0.2880,0.1280,-1.3024,-1.0757,-0.0841,0.0218,0.9962
124.3730,125.84,33.8494,9.6434,-0.2192,358.9166,355.1752,0.3039,0.1270,-1.3862,-1.0735,-0.0841,0.0189,0.9963
124.3930,125.84,33.8519,9.6143,-0.2406,359.0821,355.1732,0.3186,0.1259,-1.4577,-1.0710,-0.0841,0.0160,0.9963
124.4130,125.84,33.8544,9.5835,-0.2620,359.2471,355.1712,0.3323,0.1247,-1.5384,-1.0681,-0.0842,0.0131,0.9964
124.4330,125.84,33.8569,9.5513,-0.2833,359.4106,355.1694,0.3449,0.1235,-1.6090,-1.0649,-0.0842,0.0103,0.9964
124.4530,125.84,33.8593,9.5176,-0.3045,359.5728,355.1677,0.3565,0.1223,-1.6869,-1.0613,-0.0842,0.0075,0.9964
124.4730,125.84,33.8618,9.4825,-0.3257,359.7329,355.1662,0.3671,0.1209,-1.7563,-1.0574,-0.0843,0.0047,0.9964
124.4930,125.84,33.8642,9.4458,-0.3467,359.8912,355.1648,0.3766,0.1196,-1.8317,-1.0532,-0.0843,0.0019,0.9964
124.5130,125.84,33.8665,9.4078,-0.3677,0.0469,355.1637,0.3852,0.1182,-1.8998,-1.0487,-0.0843,-0.0008,0.9964
124.5330,125.84,33.8689,9.3684,-0.3886,0.2003,355.1628,0.3928,0.1168,-1.9728,-1.0438,-0.0843,-0.0035,0.9964
124.5530,125.84,33.8712,9.3276,-0.4093,0.3506,355.1621,0.3994,0.1153,-2.0395,-1.0386,-0.0843,-0.0061,0.9964
124.5730,125.84,33.8734,9.2854,-0.4300,0.4981,355.1617,0.4052,0.1138,-2.1102,-1.0332,-0.0843,-0.0087,0.9964
124.5930,125.84,33.8757,9.2419,-0.4506,0.6422,355.1615,0.4100,0.1122,-2.1754,-1.0274,-0.0843,-0.0112,0.9964
124.6130,125.84,33.8779,9.1970,-0.4710,0.7830,355.1616,0.4140,0.1107,-2.2440,-1.0213,-0.0843,-0.0137,0.9963
124.6330,125.84,33.8801,9.1509,-0.4913,0.9201,355.1620,0.4171,0.1091,-2.3077,-1.0149,-0.0843,-0.0161,0.9963
124.6530,125.84,33.8822,9.1034,-0.5114,1.0535,355.1626,0.4194,0.1075,-2.3743,-1.0083,-0.0843,-0.0184,0.9963
124.6730,127.50,33.8843,9.0546,-0.5315,1.1830,355.1636,0.4209,0.1058,-2.4364,-1.0013,-0.0843,-0.0206,0.9962
124.6930,127.50,33.8864,9.0046,-0.5514,1.3086,355.1648,0.4216,0.1042,-2.5009,-0.9942,-0.0843,-0.0228,0.9962
124.7130,127.50,33.8885,8.9534,-0.5711,1.4300,355.1664,0.4215,0.1025,-2.5615,-0.9867,-0.0842,-0.0250,0.9961
124.7330,127.50,33.8905,8.9009,-0.5907,1.5472,355.1682,0.4207,0.1008,-2.6241,-0.9791,-0.0842,-0.0270,0.9961
124.7530,127.50,33.8925,8.8472,-0.6101,1.6600,355.1703,0.4193,0.0991,-2.6832,-0.9711,-0.0842,-0.0290,0.9960
124.7730,127.50,33.8944,8.7924,-0.6294,1.7684,355.1727,0.4171,0.0974,-2.7439,-0.9630,-0.0841,-0.0309,0.9960
124.7930,127.50,33.8963,8.7363,-0.6484,1.8724,355.1754,0.4144,0.0956,-2.8014,-0.9546,-0.0841,-0.0327,0.9959
124.8130,127.50,33.8982,8.6791,-0.6674,1.9718,355.1783,0.4109,0.0939,-2.8603,-0.9461,-0.0840,-0.0344,0.9959
124.8330,127.50,33.9000,8.6208,-0.6861,2.0667,355.1815,0.4069,0.0922,-2.9163,-0.9373,-0.0839,-0.0361,0.9958
124.8530,127.50,33.9019,8.5613,-0.7047,2.1569,355.1850,0.4023,0.0904,-2.9734,-0.9284,-0.0839,-0.0376,0.9958
124.8730,127.50,33.9036,8.5008,-0.7231,2.2424,355.1887,0.3972,0.0887,-3.0279,-0.9193,-0.0838,-0.0391,0.9957
124.8930,127.50,33.9054,8.4391,-0.7413,2.3233,355.1927,0.3915,0.0870,-3.0832,-0.9100,-0.0837,-0.0405,0.9957
124.9130,127.50,33.9071,8.3764,-0.7593,2.3995,355.1969,0.3854,0.0852,-3.1362,-0.9006,-0.0837,-0.0419,0.9956
124.9330,127.50,33.9087,8.3126,-0.7771,2.4710,355.2014,0.3787,0.0835,-3.1899,-0.8910,-0.0836,-0.0431,0.9956
124.9530,127.50,33.9104,8.2478,-0.7947,2.5378,355.2061,0.3717,0.0818,-3.2414,-0.8813,-0.0835,-0.0443,0.9955
124.9730,127.50,33.9120,8.1819,-0.8122,2.6000,355.2109,0.3641,0.0801,-3.2935,-0.8715,-0.0834,-0.0454,0.9955
124.9930,127.50,33.9135,8.1150,-0.8294,2.6575,355.2160,0.3562,0.0784,-3.3435,-0.8615,-0.0833,-0.0464,0.9954
125.0130,127.50,33.9151,8.0472,-0.8464,2.7104,355.2213,0.3479,0.0767,-3.3940,-0.8515,-0.0832,-0.0473,0.9954
125.0330,127.50,33.9166,7.9783,-0.8632,2.7587,355.2267,0.3392,0.0750,-3.4426,-0.8414,-0.0831,-0.0481,0.9954
125.0530,127.50,33.9181,7.9085,-0.8799,2.8025,355.2323,0.3302,0.0734,-3.4916,-0.8312,-0.0830,-0.0489,0.9953
125.0730,127.50,33.9195,7.8377,-0.8963,2.8417,355.2380,0.3209,0.0717,-3.5388,-0.8209,-0.0829,-0.0496,0.9953
125.0930,127.50,33.9209,7.7660,-0.9125,2.8766,355.2439,0.3113,0.0701,-3.5862,-0.8106,-0.0828,-0.0502,0.9953
125.1130,127.50,33.9223,7.6933,-0.9285,2.9070,355.2499,0.3014,0.0685,-3.6321,-0.8002,-0.0827,-0.0507,0.9953
125.1330,127.50,33.9236,7.6198,-0.9443,2.9331,355.2560,0.2912,0.0670,-3.6781,-0.7898,-0.0826,-0.0512,0.9953
125.1530,127.50,33.9249,7.5453,-0.9599,2.9550,355.2622,0.2808,0.0654,-3.7226,-0.7794,-0.0825,-0.0516,0.9953
125.1730,127.50,33.9262,7.4700,-0.9753,2.9727,355.2685,0.2702,0.0639,-3.7672,-0.7689,-0.0824,-0.0519,0.9953
125.1930,127.50,33.9274,7.3938,-0.9904,2.9862,355.2749,0.2595,0.0624,-3.8105,-0.7585,-0.0823,-0.0521,0.9952
125.2130,127.50,33.9287,7.3167,-1.0054,2.9958,355.2813,0.2485,0.0610,-3.8537,-0.7480,-0.0822,-0.0523,0.9952
125.2330,127.50,33.9298,7.2388,-1.0202,3.0014,355.2878,0.2374,0.0596,-3.8957,-0.7376,-0.0820,-0.0524,0.9953
125.2530,127.50,33.9310,7.1600,-1.0347,3.0032,355.2943,0.2261,0.0582,-3.9376,-0.7272,-0.0819,-0.0524,0.9953
125.2730,127.50,33.9321,7.0805,-1.0490,3.0013,355.3009,0.2147,0.0568,-3.9783,-0.7168,-0.0818,-0.0524,0.9953
125.2930,127.50,33.9333,7.0001,-1.0632,2.9957,355.3075,0.2033,0.0555,-4.0189,-0.7065,-0.0817,-0.0523,0.9953
125.3130,127.50,33.9343,6.9189,-1.0771,2.9865,355.3140,0.1917,0.0542,-4.0585,-0.6961,-0.0816,-0.0521,0.9953
125.3330,127.50,33.9354,6.8410,-1.0906,2.9723,355.3207,0.1800,0.0514,-3.8960,-0.6752,-0.0815,-0.0519,0.9953
125.3530,127.50,33.9364,6.7625,-1.1039,2.9549,355.3274,0.1683,0.0501,-3.9249,-0.6646,-0.0814,-0.0515,0.9954
125.3730,127.50,33.9373,6.6870,-1.1168,2.9330,355.3341,0.1564,0.0475,-3.7751,-0.6446,-0.0812,-0.0512,0.9954
125.3930,127.50,33.9382,6.6111,-1.1294,2.9081,355.3408,0.1446,0.0463,-3.7947,-0.6338,-0.0811,-0.0507,0.9954
125.4130,127.50,33.9391,6.5380,-1.1417,2.8791,355.3475,0.1327,0.0440,-3.6564,-0.6149,-0.0810,-0.0502,0.9954
125.4330,127.50,33.9400,6.4646,-1.1538,2.8474,355.3541,0.1207,0.0428,-3.6679,-0.6039,-0.0809,-0.0497,0.9955
125.4530,127.50,33.9408,6.3938,-1.1655,2.8118,355.3607,0.1087,0.0407,-3.5399,-0.5860,-0.0808,-0.0491,0.9955
125.4730,127.50,33.9416,6.3229,-1.1770,2.7739,355.3672,0.0968,0.0395,-3.5443,-0.5751,-0.0807,-0.0484,0.9956
125.4930,127.50,33.9423,6.2544,-1.1882,2.7324,355.3736,0.0848,0.0377,-3.4254,-0.5581,-0.0806,-0.0477,0.9956
125.5130,127.50,33.9431,6.1859,-1.1992,2.6888,355.3799,0.0728,0.0366,-3.4238,-0.5473,-0.0805,-0.0469,0.9957
125.5330,127.50,33.9438,6.1197,-1.2098,2.6420,355.3862,0.0609,0.0350,-3.3132,-0.5313,-0.0804,-0.0461,0.9957
125.5530,127.50,33.9444,6.0535,-1.2202,2.5931,355.3922,0.0490,0.0340,-3.3063,-0.5206,-0.0803,-0.0452,0.9957
125.5730,127.50,33.9451,5.9895,-1.2303,2.5415,355.3983,0.0371,0.0326,-3.2031,-0.5056,-0.0802,-0.0443,0.9958
125.5930,127.50,33.9457,5.9257,-1.2402,2.4880,355.4041,0.0253,0.0317,-3.1917,-0.4952,-0.0801,-0.0434,0.9958
125.6130,127.50,33.9463,5.8637,-1.2498,2.4320,355.4098,0.0135,0.0305,-3.0952,-0.4811,-0.0800,-0.0424,0.9959
125.6330,127.50,33.9469,5.8022,-1.2592,2.3744,355.4153,0.0018,0.0297,-3.0799,-0.4709,-0.0799,-0.0414,0.9959
125.6530,127.50,33.9475,5.7424,-1.2684,2.3144,355.4207,359.9901,0.0287,-2.9894,-0.4578,-0.0798,-0.0404,0.9960
125.6730,123.10,33.9481,5.6829,-1.2774,2.2531,355.4258,359.9785,0.0280,-2.9708,-0.4480,-0.0797,-0.0393,0.9960
125.6930,123.10,33.9486,5.6252,-1.2861,2.1897,355.4309,359.9670,0.0272,-2.8857,-0.4357,-0.0796,-0.0382,0.9961
125.7130,123.10,33.9491,5.5679,-1.2946,2.1251,355.4357,359.9557,0.0266,-2.8644,-0.4263,-0.0795,-0.0371,0.9961
125.7330,123.10,33.9497,5.5123,-1.3029,2.0588,355.4404,359.9444,0.0259,-2.7842,-0.4149,-0.0794,-0.0359,0.9962
125.7530,123.10,33.9502,5.4571,-1.3110,1.9913,355.4449,359.9332,0.0255,-2.7605,-0.4060,-0.0794,-0.0347,0.9962
125.7730,123.10,33.9507,5.4034,-1.3189,1.9223,355.4492,359.9221,0.0250,-2.6848,-0.3955,-0.0793,-0.0335,0.9963
125.7930,123.10,33.9512,5.3502,-1.3267,1.8524,355.4532,359.9112,0.0246,-2.6591,-0.3871,-0.0792,-0.0323,0.9963
125.8130,123.10,33.9517,5.2984,-1.3342,1.7812,355.4571,359.9003,0.0243,-2.5874,-0.3773,-0.0792,-0.0311,0.9964
125.8330,123.10,33.9521,5.2472,-1.3416,1.7093,355.4608,359.8897,0.0241,-2.5601,-0.3694,-0.0791,-0.0298,0.9964
125.8530,123.10,33.9526,5.1974,-1.3488,1.6362,355.4642,359.8791,0.0239,-2.4921,-0.3605,-0.0790,-0.0286,0.9965
125.8730,123.10,33.9531,5.1481,-1.3559,1.5626,355.4674,359.8687,0.0238,-2.4635,-0.3532,-0.0790,-0.0273,0.9965
125.8930,123.10,33.9536,5.1001,-1.3628,1.4880,355.4705,359.8585,0.0237,-2.3989,-0.3451,-0.0789,-0.0260,0.9965
125.9130,123.10,33.9540,5.0528,-1.3696,1.4131,355.4733,359.8484,0.0238,-2.3692,-0.3383,-0.0789,-0.0247,0.9966
125.9330,123.10,33.9545,5.0066,-1.3762,1.3373,355.4759,359.8384,0.0238,-2.3077,-0.3310,-0.0789,-0.0233,0.9966
125.9530,123.10,33.9550,4.9611,-1.3827,1.2614,355.4783,359.8287,0.0240,-2.2771,-0.3248,-0.0788,-0.0220,0.9966
125.9730,123.10,33.9555,4.9167,-1.3890,1.1848,355.4805,359.8191,0.0242,-2.2185,-0.3183,-0.0788,-0.0207,0.9967
125.9930,123.10,33.9560,4.8718,-1.3953,1.1087,355.4827,359.8099,0.0244,-2.2457,-0.3140,-0.0787,-0.0193,0.9967
126.0130,123.10,33.9565,4.8279,-1.4015,1.0321,355.4850,359.8008,0.0247,-2.1923,-0.3082,-0.0787,-0.0180,0.9967
126.0330,123.10,33.9570,4.7836,-1.4076,0.9561,355.4873,359.7921,0.0250,-2.2148,-0.3043,-0.0787,-0.0167,0.9968
126.0530,123.10,33.9575,4.7403,-1.4136,0.8796,355.4897,359.7836,0.0255,-2.1659,-0.2993,-0.0786,-0.0154,0.9968
126.0730,123.10,33.9580,4.6966,-1.4195,0.8038,355.4920,359.7755,0.0258,-2.1843,-0.2958,-0.0786,-0.0140,0.9968
126.0930,123.10,33.9585,4.6538,-1.4253,0.7278,355.4944,359.7675,0.0264,-2.1394,-0.2914,-0.0785,-0.0127,0.9968
126.1130,123.10,33.9591,4.6108,-1.4311,0.6525,355.4968,359.7598,0.0268,-2.1541,-0.2883,-0.0785,-0.0114,0.9968
126.1330,123.10,33.9596,4.5685,-1.4368,0.5772,355.4992,359.7524,0.0275,-2.1128,-0.2846,-0.0785,-0.0101,0.9969
126.1530,123.10,33.9602,4.5260,-1.4424,0.5025,355.5016,359.7453,0.0280,-2.1243,-0.2819,-0.0784,-0.0088,0.9969
126.1730,123.10,33.9607,4.4843,-1.4480,0.4280,355.5041,359.7383,0.0287,-2.0862,-0.2789,-0.0784,-0.0075,0.9969
126.1930,123.10,33.9613,4.4424,-1.4535,0.3543,355.5065,359.7318,0.0293,-2.0948,-0.2766,-0.0783,-0.0062,0.9969
126.2130,123.10,33.9619,4.4012,-1.4590,0.2807,355.5089,359.7253,0.0301,-2.0595,-0.2742,-0.0783,-0.0049,0.9969
126.2330,123.10,33.9625,4.3599,-1.4644,0.2081,355.5113,359.7192,0.0308,-2.0656,-0.2723,-0.0783,-0.0036,0.9969
126.2530,123.10,33.9632,4.3192,-1.4698,0.1357,355.5136,359.7133,0.0317,-2.0329,-0.2705,-0.0782,-0.0024,0.9969
126.2730,123.10,33.9638,4.2785,-1.4752,0.0643,355.5159,359.7077,0.0324,-2.0367,-0.2691,-0.0782,-0.0011,0.9969
126.2930,123.10,33.9645,4.2384,-1.4806,359.9933,355.5182,359.7024,0.0334,-2.0063,-0.2678,-0.0781,0.0001,0.9969
126.3130,123.10,33.9652,4.1982,-1.4859,359.9232,355.5205,359.6972,0.0342,-2.0082,-0.2668,-0.0781,0.0013,0.9969
126.3330,123.10,33.9659,4.1586,-1.4912,359.8537,355.5227,359.6924,0.0352,-1.9797,-0.2660,-0.0781,0.0026,0.9969
126.3530,123.10,33.9666,4.1190,-1.4965,359.7852,355.5249,359.6877,0.0361,-1.9799,-0.2655,-0.0780,0.0037,0.9969
126.3730,123.10,33.9673,4.0800,-1.5018,359.7173,355.5270,359.6833,0.0371,-1.9532,-0.2652,-0.0780,0.0049,0.9969
126.3930,123.10,33.9681,4.0409,-1.5071,359.6505,355.5290,359.6792,0.0381,-1.9518,-0.2651,-0.0780,0.0061,0.9969
126.4130,123.10,33.9689,4.0024,-1.5125,359.5844,355.5310,359.6752,0.0392,-1.9268,-0.2653,-0.0779,0.0073,0.9969
126.4330,123.10,33.9697,3.9639,-1.5178,359.5194,355.5330,359.6716,0.0402,-1.9241,-0.2657,-0.0779,0.0084,0.9969
126.4530,123.10,33.9705,3.9259,-1.5231,359.4552,355.5348,359.6681,0.0413,-1.9005,-0.2663,-0.0778,0.0095,0.9969
126.4730,123.10,33.9714,3.8880,-1.5284,359.3921,355.5366,359.6649,0.0424,-1.8965,-0.2671,-0.0778,0.0106,0.9969
126.4930,123.10,33.9722,3.8505,-1.5338,359.3298,355.5384,359.6619,0.0436,-1.8742,-0.2681,-0.0778,0.0117,0.9969
126.5130,123.10,33.9731,3.8131,-1.5392,359.2688,355.5400,359.6591,0.0447,-1.8693,-0.2693,-0.0778,0.0128,0.9969
126.5330,123.10,33.9741,3.7761,-1.5446,359.2086,355.5416,359.6566,0.0459,-1.8481,-0.2708,-0.0777,0.0138,0.9969
126.5530,123.10,33.9750,3.7393,-1.5500,359.1497,355.5430,359.6542,0.0471,-1.8422,-0.2723,-0.0777,0.0148,0.9969
126.5730,123.10,33.9760,3.7029,-1.5555,359.0917,355.5444,359.6521,0.0483,-1.8221,-0.2742,-0.0777,0.0159,0.9969
126.5930,123.10,33.9770,3.6665,-1.5611,359.0349,355.5457,359.6502,0.0495,-1.8155,-0.2761,-0.0777,0.0168,0.9968
126.6130,123.10,33.9780,3.6306,-1.5666,358.9792,355.5469,359.6485,0.0508,-1.7962,-0.2783,-0.0776,0.0178,0.9968
126.6330,123.10,33.9790,3.5948,-1.5722,358.9248,355.5481,359.6470,0.0520,-1.7889,-0.2806,-0.0776,0.0188,0.9968
126.6530,123.10,33.9801,3.5594,-1.5779,358.8714,355.5491,359.6458,0.0533,-1.7705,-0.2832,-0.0776,0.0197,0.9968
126.6730,128.37,33.9812,3.5242,-1.5836,358.8193,355.5500,359.6447,0.0546,-1.7626,-0.2858,-0.0776,0.0206,0.9968
126.6930,128.37,33.9823,3.4893,-1.5894,358.7682,355.5508,359.6439,0.0559,-1.7449,-0.2887,-0.0776,0.0215,0.9968
126.7130,128.37,33.9834,3.4546,-1.5952,358.7186,355.5516,359.6432,0.0572,-1.7365,-0.2916,-0.0775,0.0224,0.9967
126.7330,128.37,33.9846,3.4202,-1.6011,358.6700,355.5522,359.6427,0.0585,-1.7195,-0.2949,-0.0775,0.0232,0.9967
126.7530,128.37,33.9858,3.3860,-1.6071,358.6228,355.5527,359.6425,0.0598,-1.7106,-0.2981,-0.0775,0.0240,0.9967
126.7730,128.37,33.9870,3.3521,-1.6131,358.5768,355.5531,359.6424,0.0612,-1.6942,-0.3016,-0.0775,0.0248,0.9967
126.7930,128.37,33.9883,3.3184,-1.6192,358.5320,355.5534,359.6425,0.0625,-1.6849,-0.3051,-0.0775,0.0256,0.9967
126.8130,128.37,33.9896,3.2850,-1.6254,358.4885,355.5536,359.6428,0.0639,-1.6691,-0.3089,-0.0775,0.0264,0.9966
126.8330,128.37,33.9909,3.2518,-1.6316,358.4464,355.5537,359.6432,0.0652,-1.6595,-0.3127,-0.0775,0.0271,0.9966
126.8530,128.37,33.9922,3.2189,-1.6380,358.4054,355.5537,359.6439,0.0666,-1.6441,-0.3167,-0.0775,0.0278,0.9966
126.8730,128.37,33.9936,3.1862,-1.6444,358.3658,355.5536,359.6447,0.0679,-1.6342,-0.3208,-0.0775,0.0285,0.9966
126.8930,128.37,33.9949,3.1538,-1.6509,358.3275,355.5533,359.6457,0.0693,-1.6193,-0.3250,-0.0775,0.0292,0.9966
126.9130,128.37,33.9963,3.1217,-1.6575,358.2905,355.5529,359.6469,0.0706,-1.6092,-0.3293,-0.0775,0.0298,0.9965
126.9330,128.37,33.9978,3.0898,-1.6642,358.2547,355.5525,359.6482,0.0720,-1.5947,-0.3338,-0.0775,0.0305,0.9965
126.9530,128.37,33.9992,3.0581,-1.6709,358.2204,355.5519,359.6497,0.0733,-1.5844,-0.3383,-0.0775,0.0311,0.9965
126.9730,128.37,34.0007,3.0267,-1.6778,358.1872,355.5512,359.6513,0.0747,-1.5703,-0.3429,-0.0775,0.0316,0.9965
126.9930,128.37,34.0023,2.9955,-1.6847,358.1555,355.5504,359.6531,0.0760,-1.5598,-0.3476,-0.0775,0.0322,0.9965
127.0130,128.37,34.0038,2.9646,-1.6918,358.1250,355.5494,359.6551,0.0774,-1.5460,-0.3524,-0.0776,0.0327,0.9965
127.0330,128.37,34.0054,2.9338,-1.6989,358.0958,355.5484,359.6572,0.0787,-1.5354,-0.3573,-0.0776,0.0332,0.9964
127.0530,128.37,34.0070,2.9034,-1.7062,358.0679,355.5472,359.6594,0.0801,-1.5219,-0.3623,-0.0776,0.0337,0.9964
127.0730,128.37,34.0086,2.8732,-1.7135,358.0414,355.5460,359.6618,0.0814,-1.5112,-0.3672,-0.0776,0.0342,0.9964
127.0930,128.37,34.0103,2.8432,-1.7210,358.0161,355.5446,359.6643,0.0827,-1.4980,-0.3724,-0.0776,0.0346,0.9964
127.1130,128.37,34.0120,2.8135,-1.7285,357.9922,355.5431,359.6670,0.0840,-1.4873,-0.3775,-0.0777,0.0350,0.9964
127.1330,128.37,34.0137,2.7840,-1.7362,357.9695,355.5414,359.6698,0.0853,-1.4743,-0.3827,-0.0777,0.0354,0.9963
127.1530,128.37,34.0154,2.7547,-1.7439,357.9482,355.5397,359.6727,0.0866,-1.4635,-0.3880,-0.0777,0.0358,0.9963
127.1730,128.37,34.0172,2.7257,-1.7518,357.9281,355.5379,359.6757,0.0879,-1.4508,-0.3933,-0.0777,0.0362,0.9963
127.1930,128.37,34.0189,2.6969,-1.7598,357.9093,355.5359,359.6789,0.0892,-1.4399,-0.3987,-0.0778,0.0365,0.9963
127.2130,128.37,34.0207,2.6684,-1.7678,357.8917,355.5339,359.6822,0.0905,-1.4274,-0.4041,-0.0778,0.0368,0.9963
127.2330,128.37,34.0226,2.6400,-1.7760,357.8755,355.5317,359.6856,0.0917,-1.4165,-0.4095,-0.0779,0.0371,0.9963
127.2530,128.37,34.0244,2.6119,-1.7843,357.8605,355.5294,359.6891,0.0930,-1.4042,-0.4150,-0.0779,0.0373,0.9963
127.2730,128.37,34.0263,2.5841,-1.7927,357.8467,355.5270,359.6927,0.0942,-1.3934,-0.4205,-0.0779,0.0376,0.9963
127.2930,128.37,34.0282,2.5565,-1.8013,357.8342,355.5246,359.6964,0.0954,-1.3813,-0.4260,-0.0780,0.0378,0.9962
127.3130,128.37,34.0302,2.5290,-1.8099,357.8229,355.5220,359.7002,0.0966,-1.3704,-0.4315,-0.0780,0.0380,0.9962
127.3330,128.37,34.0321,2.5019,-1.8186,357.8129,355.5193,359.7041,0.0978,-1.3585,-0.4371,-0.0781,0.0382,0.9962
127.3530,128.37,34.0341,2.4749,-1.8275,357.8040,355.5164,359.7081,0.0990,-1.3476,-0.4426,-0.0781,0.0383,0.9962
127.3730,128.37,34.0361,2.4482,-1.8365,357.7964,355.5135,359.7122,0.1001,-1.3359,-0.4482,-0.0782,0.0385,0.9962
127.3930,128.37,34.0381,2.4217,-1.8455,357.7899,355.5105,359.7164,0.1013,-1.3251,-0.4537,-0.0782,0.0386,0.9962
127.4130,128.37,34.0402,2.3954,-1.8547,357.7846,355.5074,359.7207,0.1024,-1.3135,-0.4593,-0.0783,0.0387,0.9962
127.4330,128.37,34.0422,2.3694,-1.8640,357.7805,355.5042,359.7250,0.1035,-1.3027,-0.4649,-0.0783,0.0387,0.9962
127.4530,128.37,34.0443,2.3435,-1.8734,357.7775,355.5009,359.7294,0.1046,-1.2913,-0.4704,-0.0784,0.0388,0.9962
127.4730,128.37,34.0464,2.3179,-1.8829,357.7756,355.4975,359.7339,0.1056,-1.2806,-0.4760,-0.0784,0.0388,0.9962
127.4930,128.37,34.0486,2.2926,-1.8926,357.7749,355.4940,359.7385,0.1067,-1.2693,-0.4815,-0.0785,0.0388,0.9962
127.5130,128.37,34.0507,2.2674,-1.9023,357.7753,355.4905,359.7431,0.1077,-1.2586,-0.4870,-0.0786,0.0388,0.9962
127.5330,128.37,34.0529,2.2424,-1.9122,357.7767,355.4868,359.7478,0.1087,-1.2475,-0.4925,-0.0786,0.0388,0.9961
127.5530,128.37,34.0551,2.2177,-1.9221,357.7793,355.4831,359.7526,0.1097,-1.2369,-0.4979,-0.0787,0.0387,0.9961
127.5730,128.37,34.0573,2.1932,-1.9322,357.7829,355.4792,359.7574,0.1107,-1.2259,-0.5033,-0.0788,0.0387,0.9961
127.5930,128.37,34.0595,2.1689,-1.9424,357.7876,355.4753,359.7622,0.1117,-1.2154,-0.5087,-0.0788,0.0386,0.9961
127.6130,128.37,34.0618,2.1448,-1.9526,357.7933,355.4713,359.7671,0.1126,-1.2045,-0.5140,-0.0789,0.0385,0.9961
127.6330,128.37,34.0641,2.1209,-1.9630,357.8000,355.4672,359.7721,0.1135,-1.1940,-0.5193,-0.0790,0.0384,0.9961
127.6530,128.37,34.0664,2.0972,-1.9735,357.8077,355.4630,359.7771,0.1144,-1.1833,-0.5246,-0.0790,0.0383,0.9961
127.6730,128.37,34.0687,2.0738,-1.9841,357.8164,355.4588,359.7821,0.1152,-1.1729,-0.5298,-0.0791,0.0381,0.9961
127.6930,127.10,34.0710,2.0505,-1.9948,357.8261,355.4545,359.7872,0.1161,-1.1623,-0.5350,-0.0792,0.0379,0.9961
127.7130,127.10,34.0733,2.0275,-2.0056,357.8367,355.4501,359.7923,0.1169,-1.1520,-0.5401,-0.0793,0.0377,0.9961
127.7330,127.10,34.0757,2.0047,-2.0165,357.8482,355.4456,359.7974,0.1177,-1.1415,-0.5451,-0.0793,0.0375,0.9961
127.7530,127.10,34.0780,1.9820,-2.0275,357.8607,355.4411,359.8026,0.1185,-1.1313,-0.5501,-0.0794,0.0373,0.9961
127.7730,127.10,34.0804,1.9596,-2.0386,357.8741,355.4365,359.8078,0.1192,-1.1209,-0.5550,-0.0795,0.0371,0.9961
127.7930,127.10,34.0828,1.9374,-2.0498,357.8883,355.4319,359.8130,0.1200,-1.1108,-0.5599,-0.0796,0.0368,0.9961
127.8130,127.10,34.0852,1.9154,-2.0611,357.9034,355.4272,359.8182,0.1207,-1.1005,-0.5647,-0.0797,0.0366,0.9961
127.8330,127.10,34.0877,1.8936,-2.0725,357.9193,355.4224,359.8235,0.1213,-1.0905,-0.5694,-0.0798,0.0363,0.9962
127.8530,127.10,34.0901,1.8720,-2.0840,357.9361,355.4175,359.8287,0.1220,-1.0803,-0.5741,-0.0798,0.0360,0.9962
127.8730,127.10,34.0926,1.8506,-2.0956,357.9537,355.4126,359.8340,0.1226,-1.0704,-0.5786,-0.0799,0.0357,0.9962
127.8930,127.10,34.0950,1.8294,-2.1072,357.9720,355.4077,359.8392,0.1232,-1.0604,-0.5831,-0.0800,0.0354,0.9962
127.9130,127.10,34.0975,1.8083,-2.1190,357.9912,355.4027,359.8445,0.1238,-1.0505,-0.5876,-0.0801,0.0351,0.9962
127.9330,127.10,34.1000,1.7875,-2.1308,358.0111,355.3976,359.8498,0.1244,-1.0406,-0.5919,-0.0802,0.0347,0.9962
127.9530,127.10,34.1025,1.7669,-2.1427,358.0317,355.3925,359.8551,0.1249,-1.0309,-0.5961,-0.0803,0.0343,0.9962
127.9730,127.10,34.1050,1.7465,-2.1547,358.0530,355.3874,359.8604,0.1254,-1.0211,-0.6003,-0.0804,0.0340,0.9962
127.9930,127.10,34.1075,1.7263,-2.1668,358.0750,355.3822,359.8656,0.1259,-1.0114,-0.6044,-0.0805,0.0336,0.9962
128.0130,127.10,34.1100,1.7062,-2.1790,358.0977,355.3770,359.8709,0.1264,-1.0018,-0.6084,-0.0806,0.0332,0.9962
128.0330,127.10,34.1126,1.6864,-2.1912,358.1211,355.3716,359.8762,0.1268,-0.9922,-0.6123,-0.0806,0.0328,0.9962
128.0530,127.10,34.1151,1.6667,-2.2036,358.1451,355.3663,359.8814,0.1272,-0.9827,-0.6161,-0.0807,0.0324,0.9962
128.0730,127.10,34.1177,1.6473,-2.2160,358.1696,355.3610,359.8866,0.1276,-0.9732,-0.6198,-0.0808,0.0319,0.9962
128.0930,127.10,34.1202,1.6280,-2.2284,358.1949,355.3556,359.8918,0.1279,-0.9638,-0.6234,-0.0809,0.0315,0.9962
128.1130,127.10,34.1228,1.6089,-2.2410,358.2206,355.3502,359.8970,0.1283,-0.9544,-0.6269,-0.0810,0.0311,0.9962
128.1330,127.10,34.1254,1.5900,-2.2536,358.2469,355.3447,359.9022,0.1286,-0.9451,-0.6303,-0.0811,0.0306,0.9962
128.1530,127.10,34.1279,1.5713,-2.2662,358.2738,355.3393,359.9073,0.1289,-0.9359,-0.6336,-0.0812,0.0301,0.9962
128.1730,127.10,34.1305,1.5528,-2.2790,358.3012,355.3337,359.9124,0.1291,-0.9267,-0.6368,-0.0813,0.0296,0.9962
128.1930,127.10,34.1331,1.5344,-2.2918,358.3291,355.3282,359.9175,0.1294,-0.9175,-0.6399,-0.0814,0.0292,0.9963
128.2130,127.10,34.1357,1.5162,-2.3046,358.3575,355.3227,359.9226,0.1296,-0.9084,-0.6429,-0.0815,0.0287,0.9963
128.2330,127.10,34.1383,1.4982,-2.3175,358.3864,355.3171,359.9276,0.1297,-0.8994,-0.6458,-0.0816,0.0282,0.9963
128.2530,127.10,34.1409,1.4804,-2.3305,358.4156,355.3115,359.9326,0.1299,-0.8904,-0.6486,-0.0817,0.0276,0.9963
128.2730,127.10,34.1435,1.4628,-2.3435,358.4454,355.3059,359.9376,0.1300,-0.8815,-0.6513,-0.0818,0.0271,0.9963
128.2930,127.10,34.1461,1.4454,-2.3566,358.4755,355.3003,359.9425,0.1301,-0.8727,-0.6538,-0.0819,0.0266,0.9963
128.3130,127.10,34.1487,1.4281,-2.3697,358.5060,355.2946,359.9474,0.1302,-0.8639,-0.6563,-0.0820,0.0261,0.9963
128.3330,127.10,34.1513,1.4110,-2.3829,358.5369,355.2890,359.9522,0.1303,-0.8551,-0.6586,-0.0821,0.0255,0.9963
128.3530,127.10,34.1539,1.3940,-2.3961,358.5681,355.2833,359.9570,0.1303,-0.8464,-0.6609,-0.0822,0.0250,0.9963
128.3730,127.10,34.1565,1.3773,-2.4094,358.5997,355.2776,359.9618,0.1303,-0.8378,-0.6630,-0.0823,0.0244,0.9963
128.3930,127.10,34.1591,1.3607,-2.4227,358.6316,355.2720,359.9665,0.1303,-0.8292,-0.6650,-0.0824,0.0239,0.9963
128.4130,127.10,34.1617,1.3443,-2.4360,358.6638,355.2663,359.9712,0.1303,-0.8207,-0.6669,-0.0825,0.0233,0.9963
128.4330,127.10,34.1643,1.3280,-2.4494,358.6962,355.2606,359.9758,0.1302,-0.8122,-0.6687,-0.0826,0.0228,0.9963
128.4530,127.10,34.1669,1.3120,-2.4628,358.7290,355.2549,359.9803,0.1301,-0.8038,-0.6703,-0.0827,0.0222,0.9963
128.4730,127.10,34.1695,1.2961,-2.4763,358.7619,355.2493,359.9849,0.1300,-0.7955,-0.6719,-0.0828,0.0216,0.9963
128.4930,127.10,34.1721,1.2803,-2.4897,358.7951,355.2436,359.9893,0.1299,-0.7872,-0.6733,-0.0829,0.0210,0.9963
128.5130,127.10,34.1747,1.2647,-2.5032,358.8286,355.2379,359.9937,0.1297,-0.7789,-0.6746,-0.0830,0.0204,0.9963
128.5330,127.10,34.1773,1.2493,-2.5167,358.8622,355.2323,-0.0019,0.1296,-0.7708,-0.6758,-0.0831,0.0199,0.9963
128.5530,127.10,34.1799,1.2341,-2.5303,358.8959,355.2266,0.0024,0.1294,-0.7627,-0.6769,-0.0832,0.0193,0.9963
128.5730,127.10,34.1825,1.2190,-2.5438,358.9298,355.2209,0.0066,0.1292,-0.7546,-0.6779,-0.0833,0.0187,0.9963
128.5930,127.10,34.1851,1.2040,-2.5574,358.9639,355.2153,0.0108,0.1289,-0.7466,-0.6788,-0.0834,0.0181,0.9964
128.6130,127.10,34.1876,1.1893,-2.5710,358.9981,355.2097,0.0149,0.1286,-0.7386,-0.6795,-0.0835,0.0175,0.9964
128.6330,127.10,34.1902,1.1747,-2.5846,359.0324,355.2041,0.0190,0.1284,-0.7307,-0.6801,-0.0836,0.0169,0.9964
128.6530,127.10,34.1928,1.1602,-2.5982,359.0668,355.1985,0.0230,0.1281,-0.7229,-0.6806,-0.0837,0.0163,0.9964
128.6730,127.10,34.1953,1.1459,-2.6118,359.1013,355.1929,0.0269,0.1277,-0.7151,-0.6810,-0.0838,0.0157,0.9964
128.6930,125.67,34.1979,1.1318,-2.6255,359.1359,355.1873,0.0308,0.1274,-0.7074,-0.6813,-0.0839,0.0151,0.9964
128.7130,125.67,34.2004,1.1178,-2.6391,359.1704,355.1818,0.0346,0.1270,-0.6998,-0.6815,-0.0840,0.0145,0.9964
128.7330,125.67,34.2030,1.1039,-2.6527,359.2050,355.1762,0.0384,0.1266,-0.6922,-0.6815,-0.0841,0.0139,0.9964
128.7530,125.67,34.2055,1.0902,-2.6663,359.2397,355.1707,0.0420,0.1262,-0.6846,-0.6815,-0.0842,0.0133,0.9964
128.7730,125.67,34.2080,1.0767,-2.6800,359.2743,355.1652,0.0457,0.1258,-0.6771,-0.6813,-0.0843,0.0127,0.9964
128.7930,125.67,34.2105,1.0633,-2.6936,359.3089,355.1598,0.0492,0.1253,-0.6697,-0.6810,-0.0844,0.0121,0.9964
128.8130,125.67,34.2130,1.0500,-2.7072,359.3435,355.1543,0.0527,0.1248,-0.6624,-0.6806,-0.0845,0.0115,0.9964
128.8330,125.67,34.2155,1.0369,-2.7208,359.3781,355.1489,0.0561,0.1244,-0.6550,-0.6801,-0.0846,0.0109,0.9964
128.8530,125.67,34.2180,1.0240,-2.7344,359.4125,355.1435,0.0595,0.1239,-0.6478,-0.6794,-0.0847,0.0103,0.9964
128.8730,125.67,34.2204,1.0112,-2.7480,359.4470,355.1382,0.0627,0.1233,-0.6406,-0.6787,-0.0847,0.0097,0.9964
128.8930,125.67,34.2229,0.9985,-2.7615,359.4813,355.1328,0.0660,0.1228,-0.6335,-0.6779,-0.0848,0.0091,0.9964
128.9130,125.67,34.2253,0.9860,-2.7751,359.5155,355.1276,0.0691,0.1222,-0.6264,-0.6769,-0.0849,0.0085,0.9964
128.9330,125.67,34.2278,0.9736,-2.7886,359.5497,355.1223,0.0722,0.1216,-0.6194,-0.6758,-0.0850,0.0079,0.9963
128.9530,125.67,34.2302,0.9613,-2.8021,359.5837,355.1171,0.0752,0.1210,-0.6124,-0.6747,-0.0851,0.0073,0.9963
128.9730,125.67,34.2326,0.9492,-2.8155,359.6175,355.1119,0.0781,0.1204,-0.6055,-0.6734,-0.0852,0.0067,0.9963
128.9930,125.67,34.2350,0.9373,-2.8290,359.6512,355.1067,0.0810,0.1198,-0.5987,-0.6720,-0.0853,0.0061,0.9963
129.0130,125.67,34.2374,0.9254,-2.8424,359.6848,355.1016,0.0838,0.1192,-0.5919,-0.6705,-0.0854,0.0055,0.9963
129.0330,125.67,34.2397,0.9137,-2.8558,359.7182,355.0965,0.0865,0.1185,-0.5851,-0.6689,-0.0855,0.0049,0.9963
129.0530,125.67,34.2421,0.9021,-2.8691,359.7514,355.0914,0.0892,0.1178,-0.5784,-0.6672,-0.0856,0.0043,0.9963
129.0730,125.67,34.2444,0.8907,-2.8824,359.7844,355.0864,0.0918,0.1171,-0.5718,-0.6654,-0.0857,0.0038,0.9963
129.0930,125.67,34.2468,0.8794,-2.8957,359.8172,355.0815,0.0943,0.1164,-0.5653,-0.6635,-0.0857,0.0032,0.9963
129.1130,125.67,34.2491,0.8682,-2.9089,359.8498,355.0765,0.0967,0.1157,-0.5588,-0.6616,-0.0858,0.0026,0.9963
129.1330,125.67,34.2514,0.8572,-2.9221,359.8822,355.0716,0.0991,0.1150,-0.5523,-0.6595,-0.0859,0.0021,0.9963
129.1530,125.67,34.2537,0.8463,-2.9353,359.9143,355.0668,0.1014,0.1142,-0.5459,-0.6573,-0.0860,0.0015,0.9963
129.1730,125.67,34.2559,0.8355,-2.9484,359.9462,355.0620,0.1036,0.1135,-0.5396,-0.6550,-0.0861,0.0009,0.9963
129.1930,125.67,34.2582,0.8248,-2.9614,359.9778,355.0572,0.1058,0.1127,-0.5333,-0.6526,-0.0862,0.0004,0.9963
129.2130,125.67,34.2604,0.8143,-2.9744,0.0091,355.0525,0.1079,0.1119,-0.5271,-0.6501,-0.0862,-0.0002,0.9963
129.2330,125.67,34.2627,0.8038,-2.9874,0.0402,355.0478,0.1099,0.1111,-0.5209,-0.6476,-0.0863,-0.0007,0.9963
129.2530,125.67,34.2649,0.7935,-3.0003,0.0710,355.0432,0.1119,0.1103,-0.5148,-0.6449,-0.0864,-0.0012,0.9963
129.2730,125.67,34.2670,0.7834,-3.0131,0.1015,355.0386,0.1138,0.1095,-0.5087,-0.6422,-0.0865,-0.0018,0.9963
129.2930,125.67,34.2692,0.7733,-3.0259,0.1317,355.0341,0.1156,0.1086,-0.5027,-0.6393,-0.0866,-0.0023,0.9962
129.3130,125.67,34.2714,0.7634,-3.0386,0.1616,355.0295,0.1173,0.1078,-0.4968,-0.6364,-0.0866,-0.0028,0.9962
129.3330,125.67,34.2735,0.7536,-3.0513,0.1912,355.0251,0.1190,0.1069,-0.4909,-0.6334,-0.0867,-0.0033,0.9962
129.3530,125.67,34.2756,0.7439,-3.0639,0.2204,355.0207,0.1206,0.1060,-0.4850,-0.6303,-0.0868,-0.0038,0.9962
129.3730,125.67,34.2777,0.7343,-3.0764,0.2493,355.0164,0.1222,0.1052,-0.4793,-0.6271,-0.0869,-0.0044,0.9962
129.3930,125.67,34.2798,0.7248,-3.0889,0.2779,355.0121,0.1236,0.1043,-0.4735,-0.6239,-0.0869,-0.0049,0.9962
129.4130,125.67,34.2819,0.7155,-3.1013,0.3061,355.0078,0.1250,0.1034,-0.4678,-0.6206,-0.0870,-0.0053,0.9962
129.4330,125.67,34.2839,0.7062,-3.1137,0.3340,355.0036,0.1264,0.1025,-0.4622,-0.6171,-0.0871,-0.0058,0.9962
129.4530,125.67,34.2860,0.6971,-3.1259,0.3615,354.9995,0.1277,0.1016,-0.4566,-0.6137,-0.0872,-0.0063,0.9962
129.4730,125.67,34.2880,0.6881,-3.1381,0.3886,354.9953,0.1289,0.1006,-0.4511,-0.6101,-0.0872,-0.0068,0.9962
129.4930,125.67,34.2900,0.6791,-3.1503,0.4154,354.9913,0.1300,0.0997,-0.4457,-0.6065,-0.0873,-0.0073,0.9962
129.5130,125.67,34.2920,0.6703,-3.1623,0.4418,354.9873,0.1311,0.0988,-0.4402,-0.6028,-0.0874,-0.0077,0.9961
129.5330,125.67,34.2939,0.6616,-3.1743,0.4678,354.9833,0.1321,0.0978,-0.4349,-0.5990,-0.0874,-0.0082,0.9961
129.5530,125.67,34.2959,0.6530,-3.1862,0.4934,354.9794,0.1331,0.0969,-0.4296,-0.5951,-0.0875,-0.0086,0.9961
129.5730,125.67,34.2978,0.6446,-3.1980,0.5187,354.9756,0.1340,0.0959,-0.4243,-0.5912,-0.0876,-0.0091,0.9961
129.5930,125.67,34.2997,0.6362,-3.2098,0.5435,354.9718,0.1348,0.0950,-0.4191,-0.5872,-0.0876,-0.0095,0.9961
129.6130,125.67,34.3015,0.6279,-3.2214,0.5679,354.9680,0.1356,0.0940,-0.4140,-0.5832,-0.0877,-0.0099,0.9961
129.6330,125.67,34.3034,0.6197,-3.2330,0.5919,354.9644,0.1363,0.0930,-0.4089,-0.5791,-0.0878,-0.0103,0.9961
129.6530,125.67,34.3052,0.6116,-3.2445,0.6155,354.9607,0.1370,0.0920,-0.4038,-0.5749,-0.0878,-0.0107,0.9961
129.6730,125.67,34.3071,0.6037,-3.2559,0.6387,354.9571,0.1376,0.0910,-0.3988,-0.5707,-0.0879,-0.0111,0.9961
129.6930,128.85,34.3089,0.5958,-3.2673,0.6615,354.9536,0.1381,0.0900,-0.3938,-0.5664,-0.0880,-0.0115,0.9961
129.7130,128.85,34.3107,0.5880,-3.2785,0.6838,354.9501,0.1386,0.0891,-0.3889,-0.5621,-0.0880,-0.0119,0.9960
129.7330,128.85,34.3124,0.5803,-3.2897,0.7057,354.9467,0.1390,0.0881,-0.3841,-0.5577,-0.0881,-0.0123,0.9960
129.7530,128.85,34.3142,0.5727,-3.3007,0.7272,354.9433,0.1394,0.0870,-0.3793,-0.5532,-0.0881,-0.0127,0.9960
129.7730,128.85,34.3159,0.5653,-3.3117,0.7483,354.9400,0.1397,0.0860,-0.3745,-0.5487,-0.0882,-0.0131,0.9960
129.7930,128.85,34.3176,0.5579,-3.3226,0.7689,354.9367,0.1399,0.0850,-0.3698,-0.5442,-0.0882,-0.0134,0.9960
129.8130,128.85,34.3193,0.5506,-3.3334,0.7891,354.9335,0.1401,0.0840,-0.3652,-0.5396,-0.0883,-0.0138,0.9960
129.8330,128.85,34.3209,0.5433,-3.3441,0.8089,354.9304,0.1403,0.0830,-0.3605,-0.5350,-0.0884,-0.0141,0.9960
129.8530,128.85,34.3226,0.5362,-3.3547,0.8282,354.9272,0.1404,0.0820,-0.3560,-0.5303,-0.0884,-0.0145,0.9960
129.8730,128.85,34.3242,0.5292,-3.3652,0.8471,354.9242,0.1404,0.0810,-0.3515,-0.5255,-0.0885,-0.0148,0.9960
129.8930,128.85,34.3258,0.5223,-3.3756,0.8655,354.9212,0.1404,0.0800,-0.3470,-0.5208,-0.0885,-0.0151,0.9960
129.9130,128.85,34.3274,0.5154,-3.3859,0.8835,354.9182,0.1404,0.0789,-0.3426,-0.5160,-0.0886,-0.0154,0.9960
129.9330,128.85,34.3289,0.5086,-3.3961,0.9010,354.9153,0.1402,0.0779,-0.3382,-0.5111,-0.0886,-0.0157,0.9959
129.9530,128.85,34.3304,0.5020,-3.4063,0.9181,354.9125,0.1401,0.0769,-0.3339,-0.5062,-0.0887,-0.0160,0.9959
129.9730,128.85,34.3320,0.4954,-3.4163,0.9348,354.9097,0.1399,0.0759,-0.3296,-0.5013,-0.0887,-0.0163,0.9959
129.9930,128.85,34.3335,0.4889,-3.4262,0.9510,354.9070,0.1396,0.0749,-0.3253,-0.4963,-0.0888,-0.0166,0.9959
130.0130,128.85,34.3349,0.4824,-3.4360,0.9667,354.9043,0.1393,0.0738,-0.3211,-0.4914,-0.0888,-0.0169,0.9959
130.0330,128.85,34.3364,0.4761,-3.4458,0.9820,354.9016,0.1390,0.0728,-0.3170,-0.4863,-0.0889,-0.0171,0.9959
130.0530,128.85,34.3378,0.4698,-3.4554,0.9969,354.8990,0.1386,0.0718,-0.3129,-0.4813,-0.0889,-0.0174,0.9959
130.0730,128.85,34.3392,0.4637,-3.4649,1.0113,354.8965,0.1382,0.0708,-0.3088,-0.4762,-0.0889,-0.0176,0.9959
130.0930,128.85,34.3406,0.4576,-3.4743,1.0253,354.8940,0.1377,0.0698,-0.3048,-0.4711,-0.0890,-0.0179,0.9959
130.1130,128.85,34.3420,0.4516,-3.4837,1.0388,354.8916,0.1372,0.0687,-0.3008,-0.4660,-0.0890,-0.0181,0.9959
130.1330,128.85,34.3434,0.4456,-3.4929,1.0519,354.8893,0.1367,0.0677,-0.2969,-0.4609,-0.0891,-0.0184,0.9959
130.1530,128.85,34.3447,0.4398,-3.5020,1.0645,354.8869,0.1361,0.0667,-0.2930,-0.4557,-0.0891,-0.0186,0.9958
130.1730,128.85,34.3460,0.4340,-3.5110,1.0767,354.8846,0.1354,0.0657,-0.2891,-0.4505,-0.0891,-0.0188,0.9958
130.1930,128.85,34.3473,0.4283,-3.5199,1.0884,354.8824,0.1348,0.0647,-0.2853,-0.4453,-0.0892,-0.0190,0.9958
130.2130,128.85,34.3486,0.4226,-3.5287,1.0998,354.8802,0.1341,0.0637,-0.2815,-0.4401,-0.0892,-0.0192,0.9958
130.2330,128.85,34.3498,0.4171,-3.5374,1.1106,354.8781,0.1333,0.0627,-0.2778,-0.4348,-0.0893,-0.0194,0.9958
130.2530,128.85,34.3511,0.4116,-3.5460,1.1211,354.8760,0.1325,0.0617,-0.2741,-0.4296,-0.0893,-0.0196,0.9958
130.2730,128.85,34.3523,0.4062,-3.5545,1.1311,354.8740,0.1317,0.0607,-0.2704,-0.4243,-0.0893,-0.0197,0.9958
130.2930,128.85,34.3535,0.4009,-3.5629,1.1406,354.8720,0.1309,0.0597,-0.2668,-0.4191,-0.0894,-0.0199,0.9958
130.3130,128.85,34.3547,0.3956,-3.5711,1.1498,354.8701,0.1300,0.0587,-0.2633,-0.4138,-0.0894,-0.0201,0.9958
130.3330,128.85,34.3558,0.3904,-3.5793,1.1585,354.8682,0.1291,0.0577,-0.2597,-0.4085,-0.0894,-0.0202,0.9958
130.3530,128.85,34.3569,0.3853,-3.5874,1.1668,354.8664,0.1281,0.0568,-0.2562,-0.4032,-0.0895,-0.0204,0.9958
130.3730,128.85,34.3581,0.3802,-3.5953,1.1747,354.8646,0.1272,0.0558,-0.2528,-0.3979,-0.0895,-0.0205,0.9958
130.3930,128.85,34.3592,0.3752,-3.6032,1.1821,354.8628,0.1262,0.0548,-0.2494,-0.3926,-0.0895,-0.0206,0.9958
130.4130,128.85,34.3602,0.3703,-3.6109,1.1891,354.8611,0.1251,0.0539,-0.2460,-0.3873,-0.0896,-0.0208,0.9958
130.4330,128.85,34.3613,0.3655,-3.6186,1.1957,354.8595,0.1241,0.0529,-0.2426,-0.3820,-0.0896,-0.0209,0.9958
130.4530,128.85,34.3623,0.3607,-3.6261,1.2019,354.8579,0.1230,0.0519,-0.2393,-0.3767,-0.0896,-0.0210,0.9958
130.4730,128.85,34.3633,0.3560,-3.6335,1.2077,354.8563,0.1219,0.0510,-0.2361,-0.3714,-0.0896,-0.0211,0.9958
130.4930,128.85,34.3643,0.3513,-3.6409,1.2131,354.8548,0.1208,0.0501,-0.2328,-0.3660,-0.0897,-0.0212,0.9957
130.5130,128.85,34.3653,0.3467,-3.6481,1.2181,354.8533,0.1196,0.0491,-0.2296,-0.3607,-0.0897,-0.0213,0.9957
130.5330,128.85,34.3663,0.3422,-3.6552,1.2227,354.8519,0.1184,0.0482,-0.2265,-0.3555,-0.0897,-0.0213,0.9957
130.5530,128.85,34.3672,0.3377,-3.6622,1.2269,354.8505,0.1172,0.0473,-0.2233,-0.3502,-0.0897,-0.0214,0.9957
130.5730,128.85,34.3682,0.3333,-3.6691,1.2307,354.8492,0.1160,0.0464,-0.2203,-0.3449,-0.0898,-0.0215,0.9957
130.5930,128.85,34.3691,0.3290,-3.6759,1.2342,354.8479,0.1148,0.0454,-0.2172,-0.3396,-0.0898,-0.0215,0.9957
130.6130,128.85,34.3700,0.3247,-3.6826,1.2372,354.8466,0.1135,0.0445,-0.2142,-0.3344,-0.0898,-0.0216,0.9957
130.6330,128.85,34.3708,0.3205,-3.6891,1.2399,354.8454,0.1122,0.0436,-0.2112,-0.3291,-0.0898,-0.0216,0.9957
130.6530,128.85,34.3717,0.3163,-3.6956,1.2422,354.8442,0.1109,0.0428,-0.2082,-0.3239,-0.0898,-0.0217,0.9957
130.6730,128.85,34.3725,0.3122,-3.7020,1.2441,354.8431,0.1096,0.0419,-0.2053,-0.3187,-0.0899,-0.0217,0.9957
130.6930,128.63,34.3734,0.3081,-3.7083,1.2457,354.8420,0.1083,0.0410,-0.2024,-0.3134,-0.0899,-0.0217,0.9957
130.7130,128.63,34.3742,0.3041,-3.7144,1.2469,354.8409,0.1069,0.0401,-0.1995,-0.3083,-0.0899,-0.0218,0.9957
130.7330,128.63,34.3749,0.3002,-3.7205,1.2477,354.8399,0.1056,0.0393,-0.1967,-0.3031,-0.0899,-0.0218,0.9957
130.7530,128.63,34.3757,0.2963,-3.7264,1.2482,354.8389,0.1042,0.0384,-0.1939,-0.2979,-0.0899,-0.0218,0.9957
130.7730,128.63,34.3765,0.2925,-3.7323,1.2484,354.8380,0.1028,0.0376,-0.1912,-0.2928,-0.0900,-0.0218,0.9957
130.7930,128.63,34.3772,0.2887,-3.7381,1.2482,354.8371,0.1014,0.0367,-0.1884,-0.2877,-0.0900,-0.0218,0.9957
130.8130,128.63,34.3779,0.2850,-3.7437,1.2476,354.8362,0.1000,0.0359,-0.1857,-0.2826,-0.0900,-0.0218,0.9957
130.8330,128.63,34.3786,0.2814,-3.7493,1.2468,354.8354,0.0986,0.0351,-0.1831,-0.2775,-0.0900,-0.0218,0.9957
130.8530,128.63,34.3793,0.2778,-3.7547,1.2456,354.8346,0.0972,0.0343,-0.1804,-0.2725,-0.0900,-0.0217,0.9957
130.8730,128.63,34.3800,0.2742,-3.7601,1.2440,354.8338,0.0957,0.0335,-0.1778,-0.2674,-0.0900,-0.0217,0.9957
130.8930,128.63,34.3806,0.2670,-3.7654,1.2422,354.8331,0.0943,0.0333,-0.3581,-0.2664,-0.0900,-0.0217,0.9957
130.9130,128.63,34.3813,0.2563,-3.7707,1.2402,354.8324,0.0928,0.0332,-0.5377,-0.2653,-0.0900,-0.0216,0.9957
130.9330,128.63,34.3820,0.2419,-3.7760,1.2378,354.8317,0.0913,0.0331,-0.7167,-0.2643,-0.0901,-0.0216,0.9957
130.9530,128.63,34.3826,0.2241,-3.7812,1.2352,354.8311,0.0898,0.0329,-0.8950,-0.2633,-0.0901,-0.0216,0.9957
130.9730,128.63,34.3833,0.2026,-3.7865,1.2323,354.8305,0.0883,0.0328,-1.0726,-0.2622,-0.0901,-0.0215,0.9957
130.9930,128.63,34.3839,0.1776,-3.7917,1.2291,354.8299,0.0868,0.0327,-1.2496,-0.2612,-0.0901,-0.0215,0.9957
131.0130,128.63,34.3846,0.1491,-3.7969,1.2257,354.8293,0.0853,0.0326,-1.4259,-0.2602,-0.0901,-0.0214,0.9957
131.0330,128.63,34.3852,0.1171,-3.8021,1.2220,354.8288,0.0838,0.0324,-1.6015,-0.2592,-0.0901,-0.0213,0.9957
131.0530,128.63,34.3859,0.0815,-3.8073,1.2181,354.8283,0.0823,0.0323,-1.7765,-0.2581,-0.0901,-0.0213,0.9957
131.0730,128.63,34.3865,0.0425,-3.8124,1.2139,354.8279,0.0807,0.0322,-1.9509,-0.2571,-0.0901,-0.0212,0.9957
131.0930,128.63,34.3872,0.0000,-3.8175,1.2095,354.8275,0.0792,0.0320,-2.1246,-0.2561,-0.0901,-0.0211,0.9957
131.1130,128.63,34.3878,-0.0459,-3.8226,1.2048,354.8271,0.0776,0.0319,-2.2977,-0.2551,-0.0901,-0.0210,0.9957
131.1330,128.63,34.3884,-0.0953,-3.8277,1.1999,354.8267,0.0760,0.0318,-2.4701,-0.2541,-0.0901,-0.0209,0.9957
131.1530,128.63,34.3891,-0.1482,-3.8328,1.1947,354.8264,0.0744,0.0317,-2.6419,-0.2531,-0.0902,-0.0208,0.9957
131.1730,128.63,34.3897,-0.2044,-3.8378,1.1893,354.8260,0.0729,0.0315,-2.8131,-0.2522,-0.0902,-0.0208,0.9957
131.1930,128.63,34.3903,-0.2641,-3.8428,1.1836,354.8257,0.0713,0.0314,-2.9836,-0.2512,-0.0902,-0.0207,0.9957
131.2130,128.63,34.3910,-0.3272,-3.8478,1.1778,354.8255,0.0697,0.0313,-3.1535,-0.2502,-0.0902,-0.0206,0.9957
131.2330,128.63,34.3916,-0.3936,-3.8528,1.1717,354.8252,0.0681,0.0312,-3.3228,-0.2492,-0.0902,-0.0204,0.9957
131.2530,128.63,34.3922,-0.4635,-3.8578,1.1653,354.8250,0.0664,0.0311,-3.4914,-0.2483,-0.0902,-0.0203,0.9957
131.2730,128.63,34.3928,-0.5367,-3.8627,1.1588,354.8248,0.0648,0.0309,-3.6594,-0.2473,-0.0902,-0.0202,0.9957
131.2930,128.63,34.3934,-0.6132,-3.8677,1.1520,354.8247,0.0632,0.0308,-3.8268,-0.2463,-0.0902,-0.0201,0.9957
131.3130,128.63,34.3940,-0.6931,-3.8726,1.1451,354.8246,0.0616,0.0307,-3.9936,-0.2454,-0.0902,-0.0200,0.9957
131.3330,128.63,34.3947,-0.7763,-3.8775,1.1379,354.8245,0.0599,0.0306,-4.1597,-0.2444,-0.0902,-0.0199,0.9957
131.3530,128.63,34.3953,-0.8628,-3.8823,1.1305,354.8244,0.0583,0.0305,-4.3253,-0.2435,-0.0902,-0.0197,0.9957
131.3730,128.63,34.3959,-0.9526,-3.8872,1.1229,354.8243,0.0566,0.0303,-4.4902,-0.2425,-0.0902,-0.0196,0.9957
131.3930,128.63,34.3965,-1.0457,-3.8920,1.1151,354.8243,0.0550,0.0302,-4.6545,-0.2416,-0.0902,-0.0195,0.9957
131.4130,128.63,34.3971,-1.1420,-3.8968,1.1070,354.8243,0.0533,0.0301,-4.8182,-0.2406,-0.0902,-0.0193,0.9957
131.4330,128.63,34.3977,-1.2416,-3.9016,1.0988,354.8243,0.0516,0.0300,-4.9813,-0.2397,-0.0902,-0.0192,0.9957
131.4530,128.63,34.3983,-1.3445,-3.9064,1.0904,354.8243,0.0500,0.0299,-5.1438,-0.2388,-0.0902,-0.0190,0.9957
131.4730,128.63,34.3989,-1.4506,-3.9112,1.0818,354.8244,0.0483,0.0298,-5.3057,-0.2379,-0.0902,-0.0189,0.9957
131.4930,128.63,34.3995,-1.5600,-3.9159,1.0731,354.8245,0.0466,0.0296,-5.4670,-0.2369,-0.0902,-0.0187,0.9957
131.5130,128.63,34.4001,-1.6725,-3.9206,1.0641,354.8246,0.0449,0.0295,-5.6277,-0.2360,-0.0902,-0.0186,0.9958
131.5330,128.63,34.4006,-1.7883,-3.9253,1.0549,354.8247,0.0432,0.0294,-5.7878,-0.2351,-0.0902,-0.0184,0.9958
131.5530,128.63,34.4012,-1.9072,-3.9300,1.0456,354.8249,0.0415,0.0293,-5.9473,-0.2342,-0.0902,-0.0182,0.9958
131.5730,128.63,34.3984,-1.9356,-3.9039,0.2409,354.8158,0.0099,-0.1225,-1.3481,1.2299,-0.0904,-0.0042,0.9959
131.5930,128.63,34.3959,-1.9320,-3.8891,359.8262,354.8284,-0.0003,-0.1062,0.1862,0.7085,-0.0901,0.0030,0.9959
131.6130,128.63,34.3946,-1.9205,-3.8786,359.5132,354.8259,-0.0049,-0.0568,0.5754,0.5222,-0.0902,0.0085,0.9959
131.6330,128.63,34.3937,-1.9086,-3.8695,359.2401,354.8234,-0.0023,-0.0412,0.6005,0.4553,-0.0902,0.0133,0.9958
131.6530,128.63,34.3931,-1.8973,-3.8614,358.9945,354.8239,-0.0014,-0.0340,0.5614,0.4066,-0.0902,0.0175,0.9958
131.6730,128.63,34.3925,-1.8872,-3.8541,358.7743,354.8246,-0.0009,-0.0305,0.5073,0.3629,-0.0902,0.0214,0.9957
131.6930,126.18,34.3919,-1.8781,-3.8477,358.5790,354.8249,-0.0007,-0.0280,0.4521,0.3201,-0.0902,0.0248,0.9956
131.7130,126.18,34.3914,-1.8702,-3.8422,358.4084,354.8249,-0.0006,-0.0251,0.3961,0.2782,-0.0902,0.0278,0.9955
131.7330,126.18,34.3910,-1.8634,-3.8374,358.2622,354.8248,-0.0007,-0.0216,0.3398,0.2371,-0.0902,0.0303,0.9955
131.7530,126.18,34.3906,-1.8577,-3.8335,358.1406,354.8247,-0.0007,-0.0179,0.2834,0.1968,-0.0902,0.0324,0.9954
131.7730,126.18,34.3903,-1.8532,-3.8304,358.0432,354.8247,-0.0007,-0.0142,0.2269,0.1570,-0.0902,0.0341,0.9953
131.7930,126.18,34.3901,-1.8498,-3.8280,357.9701,354.8247,-0.0007,-0.0105,0.1707,0.1177,-0.0901,0.0354,0.9953
131.8130,126.18,34.3900,-1.8475,-3.8264,357.9211,354.8247,-0.0007,-0.0070,0.1145,0.0788,-0.0901,0.0363,0.9953
131.8330,126.18,34.3899,-1.8463,-3.8256,357.8960,354.8248,-0.0007,-0.0036,0.0585,0.0403,-0.0901,0.0367,0.9953
131.8530,126.18,34.3899,-1.8462,-3.8256,357.8947,354.8247,-0.0007,-0.0001,0.0028,0.0020,-0.0901,0.0367,0.9953
131.8730,126.18,34.3900,-1.8473,-3.8263,357.9172,354.8245,-0.0006,0.0030,-0.0527,-0.0359,-0.0901,0.0363,0.9953
131.8930,126.18,34.3901,-1.8494,-3.8278,357.9631,354.8246,-0.0007,0.0068,-0.1074,-0.0738,-0.0901,0.0355,0.9953
131.9130,126.18,34.3903,-1.8527,-3.8300,358.0324,354.8247,-0.0007,0.0105,-0.1621,-0.1113,-0.0901,0.0343,0.9953
131.9330,126.18,34.3906,-1.8570,-3.8330,358.1249,354.8248,-0.0007,0.0137,-0.2161,-0.1489,-0.0902,0.0327,0.9954
131.9530,126.18,34.3909,-1.8624,-3.8367,358.2404,354.8248,-0.0007,0.0170,-0.2696,-0.1865,-0.0902,0.0307,0.9955
131.9730,126.18,34.3913,-1.8688,-3.8412,358.3789,354.8248,-0.0007,0.0203,-0.3225,-0.2241,-0.0902,0.0283,0.9955
131.9930,126.18,34.3918,-1.8763,-3.8465,358.5400,354.8248,-0.0006,0.0238,-0.3746,-0.2617,-0.0902,0.0255,0.9956
132.0130,126.18,34.3923,-1.8848,-3.8525,358.7236,354.8248,-0.0007,0.0271,-0.4261,-0.2995,-0.0902,0.0223,0.9957
132.0330,126.18,34.3929,-1.8944,-3.8592,358.9296,354.8248,-0.0007,0.0306,-0.4767,-0.3375,-0.0902,0.0187,0.9957
132.0530,126.18,34.3936,-1.9049,-3.8667,359.1576,354.8248,-0.0007,0.0342,-0.5265,-0.3757,-0.0902,0.0147,0.9958
132.0730,126.18,34.3944,-1.9164,-3.8750,359.4076,354.8248,-0.0007,0.0376,-0.5755,-0.4141,-0.0902,0.0103,0.9959
132.0930,126.18,34.3952,-1.9289,-3.8841,359.6794,354.8248,-0.0007,0.0411,-0.6235,-0.4528,-0.0902,0.0056,0.9959
132.1130,126.18,34.3961,-1.9408,-3.8935,359.9583,354.8255,0.0006,0.0455,-0.5980,-0.4680,-0.0902,0.0007,0.9959
132.1330,126.18,34.3966,-1.9394,-3.8971,0.0589,354.8306,-0.0038,0.0229,0.0704,-0.1723,-0.0901,-0.0010,0.9959
132.1530,126.18,34.3968,-1.9373,-3.8988,0.1144,354.8296,-0.0011,0.0091,0.1100,-0.0902,-0.0901,-0.0020,0.9959
132.1730,126.18,34.3968,-1.9360,-3.8997,0.1405,354.8278,-0.0004,0.0012,0.0627,-0.0445,-0.0901,-0.0025,0.9959
132.1930,126.18,34.3968,-1.9360,-3.8997,0.1412,354.8271,-0.0006,-0.0015,0.0014,-0.0016,-0.0902,-0.0025,0.9959
132.2130,126.18,34.3967,-1.9373,-3.8989,0.1174,354.8271,-0.0007,-0.0037,-0.0627,0.0402,-0.0902,-0.0020,0.9959
132.2330,126.18,34.3965,-1.9398,-3.8973,0.0694,354.8269,-0.0006,-0.0074,-0.1266,0.0814,-0.0902,-0.0012,0.9959
132.2530,126.18,34.3963,-1.9427,-3.8954,0.0144,354.8264,-0.0005,-0.0094,-0.1451,0.0934,-0.0902,-0.0003,0.9959
132.2730,126.18,34.3962,-1.9432,-3.8949,0.0001,354.8247,0.0018,-0.0031,-0.0251,0.0236,-0.0902,0.0000,0.9959
132.2930,126.18,34.3962,-1.9434,-3.8949,-0.0007,354.8251,0.0001,-0.0017,-0.0121,-0.0002,-0.0902,0.0000,0.9959
132.3130,126.18,34.3962,-1.9434,-3.8949,-0.0002,354.8254,-0.0001,0.0009,-0.0023,-0.0012,-0.0902,0.0000,0.9959
132.3330,126.18,34.3963,-1.9435,-3.8949,0.0000,354.8258,0.0000,0.0009,-0.0005,-0.0002,-0.0902,0.0000,0.9959
132.3530,126.18,34.3963,-1.9435,-3.8949,0.0000,354.8260,0.0000,0.0003,0.0000,0.0000,-0.0902,0.0000,0.9959
132.3730,126.18,34.3963,-1.9434,-3.8949,0.0000,354.8260,0.0000,0.0000,0.0000,0.0000,-0.0902,0.0000,0.9959
132.3930,126.18,34.3963,-1.9435,-3.8949,0.0000,354.8259,0.0000,-0.0001,-0.0002,0.0000,-0.0902,0.0000,0.9959
132.4130,126.18,34.3963,-1.9435,-3.8949,0.0000,354.8259,0.0000,0.0000,0.0000,0.0000,-0.0902,0.0000,0.9959
132.4330,126.18,34.3963,-1.9435,-3.8949,0.0000,354.8259,0.0000,0.0000,0.0000,0.0000,-0.0902,0.0000,0.9959
132.4530,126.18,34.3963,-1.9435,-3.8949,0.0000,354.8259,0.0000,0.0000,0.0000,0.0000,-0.0902,0.0000,0.9959
132.4730,126.18,34.3963,-1.9435,-3.8949,0.0000,354.8259,0.0000,0.0000,0.0000,0.0000,-0.0902,0.0000,0.9959
132.4930,126.18,34.3963,-1.9435,-3.8949,0.0000,354.8259,0.0000,0.0000,0.0000,0.0000,-0.0902,0.0000,0.9959
132.5130,126.18,34.3963,-1.9434,-3.8949,0.0000,354.8259,0.0000,0.0000,0.0000,0.0000,-0.0902,0.0000,0.9959
132.5330,126.18,34.3963,-1.9435,-3.8949,0.0000,354.8259,0.0000,0.0000,-0.0002,0.0000,-0.0902,0.0000,0.9959
132.5530,126.18,34.3963,-1.9435,-3.8949,0.0000,354.8259,0.0000,0.0000,0.0000,0.0000,-0.0902,0.0000,0.9959
132.5730,126.18,34.3963,-1.9435,-3.8949,0.0000,354.8259,0.0000,0.0000,0.0000,0.0000,-0.0902,0.0000,0.9959
132.5930,126.18,34.3963,-1.9434,-3.8949,0.0000,354.8259,0.0000,0.0000,0.0000,0.0000,-0.0902,0.0000,0.9959
132.6130,126.18,34.3963,-1.9434,-3.8949,0.0000,354.8259,0.0000,0.0000,0.0000,0.0000,-0.0902,0.0000,0.9959
132.6330,126.18,34.3963,-1.9434,-3.8949,0.0000,354.8259,0.0000,0.0000,0.0000,0.0000,-0.0902,0.0000,0.9959
132.6530,126.18,34.3963,-1.9435,-3.8949,0.0000,354.8259,0.0000,0.0000,-0.0002,0.0000,-0.0902,0.0000,0.9959
132.6730,126.18,34.3963,-1.9435,-3.8949,0.0000,354.8259,0.0000,0.0000,0.0000,0.0000,-0.0902,0.0000,0.9959
132.6930,128.69,34.3963,-1.9434,-3.8949,0.0000,354.8259,0.0000,0.0000,0.0000,0.0000,-0.0902,0.0000,0.9959
132.7130,128.69,34.3963,-1.9434,-3.8949,0.0000,354.8259,0.0000,0.0000,0.0000,0.0000,-0.0902,0.0000,0.9959
132.7330,128.69,34.3963,-1.9434,-3.8949,0.0000,354.8259,0.0000,0.0000,0.0000,0.0000,-0.0902,0.0000,0.9959
132.7530,128.69,34.3963,-1.9434,-3.8949,0.0000,354.8259,0.0000,0.0000,0.0000,0.0000,-0.0902,0.0000,0.9959
132.7730,128.69,34.3963,-1.9435,-3.8949,0.0000,354.8259,0.0000,0.0000,-0.0002,0.0001,-0.0902,0.0000,0.9959
132.7930,128.69,34.3963,-1.9434,-3.8949,0.0000,354.8259,0.0000,0.0000,0.0000,0.0000,-0.0902,0.0000,0.9959
132.8130,128.69,34.3963,-1.9434,-3.8949,0.0000,354.8259,0.0000,0.0000,0.0000,0.0000,-0.0902,0.0000,0.9959
132.8330,128.69,34.3963,-1.9434,-3.8949,0.0000,354.8259,0.0000,0.0000,0.0000,0.0000,-0.0902,0.0000,0.9959
132.8530,128.69,34.3963,-1.9434,-3.8949,0.0000,354.8259,0.0000,0.0000,0.0000,0.0000,-0.0902,0.0000,0.9959
132.8730,128.69,34.3963,-1.9434,-3.8949,0.0000,354.8259,0.0000,0.0000,0.0000,0.0000,-0.0902,0.0000,0.9959
132.8930,128.69,34.3963,-1.9434,-3.8949,0.0000,354.8259,0.0000,0.0000,-0.0002,0.0001,-0.0902,0.0000,0.9959
132.9130,128.69,34.3963,-1.9434,-3.8949,0.0000,354.8259,0.0000,0.0000,0.0000,0.0000,-0.0902,0.0000,0.9959
132.9330,128.69,34.3963,-1.9434,-3.8949,0.0000,354.8259,0.0000,0.0000,0.0000,0.0000,-0.0902,0.0000,0.9959
132.9530,128.69,34.3963,-1.9434,-3.8949,0.0000,354.8259,0.0000,0.0000,0.0000,0.0000,-0.0902,0.0000,0.9959
132.9730,128.69,34.3963,-1.9434,-3.8949,0.0000,354.8259,0.0000,0.0000,0.0000,0.0000,-0.0902,0.0000,0.9959
132.9930,128.69,34.3963,-1.9434,-3.8949,0.0000,354.8259,0.0001,0.0000,0.0000,0.0000,-0.0902,0.0000,0.9959
133.0130,128.69,34.3963,-1.9434,-3.8949,0.0000,354.8259,0.0000,0.0000,0.0000,0.0000,-0.0902,0.0000,0.9959
133.0330,128.69,34.3963,-1.9434,-3.8949,0.0000,354.8259,0.0000,0.0000,-0.0002,0.0001,-0.0902,0.0000,0.9959
133.0530,128.69,34.3963,-1.9434,-3.8949,0.0000,354.8259,0.0000,0.0000,0.0000,0.0000,-0.0902,0.0000,0.9959
133.0730,128.69,34.3963,-1.9434,-3.8949,0.0000,354.8259,0.0000,0.0000,0.0000,0.0000,-0.0902,0.0000,0.9959
133.0930,128.69,34.3963,-1.9434,-3.8949,0.0000,354.8259,0.0000,0.0000,0.0000,0.0000,-0.0902,0.0000,0.9959
133.1130,128.69,34.3963,-1.9434,-3.8949,0.0000,354.8259,0.0000,0.0000,0.0000,0.0000,-0.0902,0.0000,0.9959
133.1330,128.69,34.3963,-1.9434,-3.8949,0.0000,354.8259,0.0000,0.0000,0.0000,0.0000,-0.0902,0.0000,0.9959
133.1530,128.69,34.3963,-1.9434,-3.8949,0.0000,354.8259,0.0000,0.0000,0.0000,0.0000,-0.0902,0.0000,0.9959
133.1730,128.69,34.3963,-1.9434,-3.8949,0.0000,354.8259,0.0000,0.0000,0.0000,0.0000,-0.0902,0.0000,0.9959
133.1930,128.69,34.3963,-1.9434,-3.8949,0.0000,354.8259,0.0000,0.0000,0.0000,0.0000,-0.0902,0.0000,0.9959
133.2130,128.69,34.3963,-1.9434,-3.8949,0.0000,354.8259,0.0000,0.0000,0.0000,0.0000,-0.0902,0.0000,0.9959
133.2330,128.69,34.3963,-1.9434,-3.8949,0.0000,354.8259,0.0000,0.0000,0.0000,0.0000,-0.0902,0.0000,0.9959
133.2530,128.69,34.3963,-1.9434,-3.8949,0.0000,354.8259,0.0000,0.0000,-0.0002,0.0001,-0.0902,0.0000,0.9959
133.2730,128.69,34.3963,-1.9434,-3.8949,0.0000,354.8259,0.0000,0.0000,0.0000,0.0000,-0.0902,0.0000,0.9959
133.2930,128.69,34.3963,-1.9434,-3.8949,0.0000,354.8259,0.0000,0.0000,0.0000,0.0000,-0.0902,0.0000,0.9959
133.3130,128.69,34.3963,-1.9434,-3.8949,0.0000,354.8259,0.0000,0.0000,0.0000,0.0000,-0.0902,0.0000,0.9959
133.3330,128.69,34.3963,-1.9434,-3.8949,0.0000,354.8259,0.0000,0.0000,0.0000,0.0000,-0.0902,0.0000,0.9959
133.3530,128.69,34.3963,-1.9434,-3.8949,0.0000,354.8259,0.0000,0.0000,0.0000,0.0000,-0.0902,0.0000,0.9959
133.3730,128.69,34.3963,-1.9434,-3.8949,0.0000,354.8259,0.0000,0.0000,0.0000,0.0000,-0.0902,0.0000,0.9959
133.3930,128.69,34.3963,-1.9434,-3.8949,0.0000,354.8259,0.0000,0.0000,0.0000,0.0000,-0.0902,0.0000,0.9959
133.4130,128.69,34.3963,-1.9434,-3.8949,0.0000,354.8259,0.0000,0.0000,0.0000,0.0000,-0.0902,0.0000,0.9959
133.4330,128.69,34.3963,-1.9434,-3.8949,0.0000,354.8259,0.0000,0.0000,0.0000,0.0000,-0.0902,0.0000,0.9959
133.4530,128.69,34.3963,-1.9434,-3.8949,0.0000,354.8259,0.0000,0.0000,0.0000,0.0000,-0.0902,0.0000,0.9959
133.4730,128.69,34.3963,-1.9434,-3.8949,0.0000,354.8259,0.0000,0.0000,0.0000,0.0000,-0.0902,0.0000,0.9959
133.4930,128.69,34.3963,-1.9434,-3.8949,0.0001,354.8259,0.0000,0.0000,0.0000,-0.0001,-0.0902,0.0000,0.9959
133.5130,128.69,34.3963,-1.9434,-3.8949,0.0000,354.8259,0.0000,0.0000,-0.0002,0.0001,-0.0902,0.0000,0.9959
133.5330,128.69,34.3963,-1.9434,-3.8949,0.0000,354.8259,0.0000,0.0000,0.0000,0.0000,-0.0902,0.0000,0.9959
133.5530,128.69,34.3963,-1.9434,-3.8949,0.0000,354.8259,0.0000,0.0000,0.0000,0.0000,-0.0902,0.0000,0.9959
133.5730,128.69,34.3963,-1.9434,-3.8949,0.0000,354.8259,0.0000,0.0000,0.0000,0.0000,-0.0902,0.0000,0.9959
133.5930,128.69,34.3963,-1.9434,-3.8949,0.0000,354.8259,0.0000,0.0000,0.0000,0.0000,-0.0902,0.0000,0.9959
133.6130,128.69,34.3963,-1.9434,-3.8949,0.0000,354.8259,0.0000,0.0000,0.0000,0.0000,-0.0902,0.0000,0.9959
133.6330,128.69,34.3963,-1.9434,-3.8949,0.0000,354.8259,0.0000,0.0000,0.0000,0.0000,-0.0902,0.0000,0.9959
133.6530,128.69,34.3963,-1.9434,-3.8949,0.0000,354.8259,0.0000,0.0000,0.0000,0.0000,-0.0902,0.0000,0.9959
133.6730,128.69,34.3963,-1.9434,-3.8949,0.0000,354.8259,0.0000,0.0000,0.0000,0.0000,-0.0902,0.0000,0.9959
133.6930,128.69,34.3963,-1.9434,-3.8949,0.0000,354.8259,0.0000,0.0000,0.0000,0.0000,-0.0902,0.0000,0.9959
133.7130,127.24,34.3963,-1.9434,-3.8949,0.0000,354.8259,0.0000,0.0000,0.0000,0.0000,-0.0902,0.0000,0.9959
133.7330,127.24,34.3963,-1.9434,-3.8949,0.0000,354.8259,0.0000,0.0000,0.0000,0.0000,-0.0902,0.0000,0.9959
133.7530,127.24,34.3963,-1.9434,-3.8949,0.0000,354.8259,0.0000,0.0000,0.0000,0.0000,-0.0902,0.0000,0.9959
133.7730,127.24,34.3963,-1.9434,-3.8949,0.0000,354.8259,0.0000,0.0000,0.0000,0.0000,-0.0902,0.0000,0.9959
133.7930,127.24,34.3963,-1.9435,-3.8949,0.0000,354.8259,0.0000,0.0000,-0.0002,0.0001,-0.0902,0.0000,0.9959
133.8130,127.24,34.3963,-1.9434,-3.8949,0.0000,354.8259,0.0000,0.0000,0.0000,0.0000,-0.0902,0.0000,0.9959
133.8330,127.24,34.3963,-1.9434,-3.8949,0.0000,354.8259,0.0000,0.0000,0.0000,0.0000,-0.0902,0.0000,0.9959
133.8530,127.24,34.3963,-1.9434,-3.8949,0.0000,354.8259,0.0000,0.0000,0.0000,0.0000,-0.0902,0.0000,0.9959
133.8730,127.24,34.3963,-1.9434,-3.8949,0.0000,354.8259,0.0000,0.0000,0.0000,0.0000,-0.0902,0.0000,0.9959
133.8930,127.24,34.3963,-1.9434,-3.8949,0.0000,354.8259,0.0000,0.0000,0.0000,0.0000,-0.0902,0.0000,0.9959
133.9130,127.24,34.3963,-1.9435,-3.8949,0.0000,354.8259,0.0000,0.0000,-0.0002,0.0001,-0.0902,0.0000,0.9959
133.9330,127.24,34.3963,-1.9435,-3.8949,0.0000,354.8259,0.0000,0.0000,0.0000,0.0000,-0.0902,0.0000,0.9959
133.9530,127.24,34.3963,-1.9434,-3.8949,0.0000,354.8259,0.0000,0.0000,0.0000,0.0000,-0.0902,0.0000,0.9959
133.9730,127.24,34.3963,-1.9434,-3.8949,0.0000,354.8259,0.0000,0.0000,0.0000,0.0000,-0.0902,0.0000,0.9959
133.9930,127.24,34.3963,-1.9434,-3.8949,0.0000,354.8259,0.0000,0.0000,0.0000,0.0000,-0.0902,0.0000,0.9959
134.0130,127.24,34.3963,-1.9434,-3.8949,0.0000,354.8259,0.0000,0.0000,0.0000,0.0000,-0.0902,0.0000,0.9959
134.0330,127.24,34.3963,-1.9435,-3.8949,0.0000,354.8259,0.0000,0.0000,-0.0002,0.0001,-0.0902,0.0000,0.9959
134.0530,127.24,34.3963,-1.9435,-3.8949,0.0000,354.8259,0.0000,0.0000,0.0000,0.0000,-0.0902,0.0000,0.9959
134.0730,127.24,34.3963,-1.9435,-3.8949,0.0000,354.8259,0.0000,0.0000,0.0000,0.0000,-0.0902,0.0000,0.9959
134.0930,127.24,34.3963,-1.9435,-3.8949,0.0000,354.8259,0.0000,0.0000,0.0000,0.0000,-0.0902,0.0000,0.9959
134.1130,127.24,34.3963,-1.9435,-3.8949,0.0000,354.8259,0.0000,0.0000,0.0000,0.0000,-0.0902,0.0000,0.9959
134.1330,127.24,34.3963,-1.9435,-3.8949,0.0000,354.8259,0.0000,0.0000,0.0000,0.0000,-0.0902,0.0000,0.9959
134.1530,127.24,34.3963,-1.9435,-3.8949,0.0000,354.8259,0.0000,0.0000,0.0000,0.0000,-0.0902,0.0000,0.9959
134.1730,127.24,34.3963,-1.9435,-3.8949,0.0000,354.8259,0.0000,0.0000,0.0000,0.0000,-0.0902,0.0000,0.9959
134.1930,127.24,34.3963,-1.9435,-3.8949,0.0000,354.8259,0.0000,0.0000,0.0000,0.0000,-0.0902,0.0000,0.9959
134.2130,127.24,34.3963,-1.9435,-3.8949,0.0000,354.8259,0.0000,0.0000,0.0000,0.0000,-0.0902,0.0000,0.9959
134.2330,127.24,34.3963,-1.9435,-3.8949,0.0000,354.8259,0.0000,0.0000,0.0000,0.0000,-0.0902,0.0000,0.9959
134.2530,127.24,34.3963,-1.9435,-3.8949,0.0000,354.8259,0.0000,0.0000,0.0000,0.0000,-0.0902,0.0000,0.9959
134.2730,127.24,34.3963,-1.9435,-3.8949,0.0000,354.8259,0.0000,0.0000,0.0000,0.0000,-0.0902,0.0000,0.9959
134.2930,127.24,34.3963,-1.9435,-3.8949,0.0000,354.8259,0.0000,0.0000,0.0000,0.0000,-0.0902,0.0000,0.9959
134.3130,127.24,34.3963,-1.9435,-3.8949,0.0000,354.8259,0.0000,0.0000,0.0000,0.0000,-0.0902,0.0000,0.9959
134.3330,127.24,34.3963,-1.9435,-3.8949,0.0000,354.8259,0.0000,0.0000,0.0000,0.0000,-0.0902,0.0000,0.9959
134.3530,127.24,34.3963,-1.9435,-3.8949,0.0000,354.8259,0.0000,0.0000,0.0000,0.0000,-0.0902,0.0000,0.9959
134.3730,127.24,34.3963,-1.9435,-3.8949,0.0000,354.8259,0.0000,0.0000,0.0000,0.0000,-0.0902,0.0000,0.9959
134.3930,127.24,34.3963,-1.9435,-3.8949,0.0000,354.8259,0.0000,0.0000,0.0000,0.0000,-0.0902,0.0000,0.9959
134.4130,127.24,34.3963,-1.9435,-3.8949,0.0000,354.8259,0.0000,0.0000,0.0000,0.0000,-0.0902,0.0000,0.9959
134.4330,127.24,34.3963,-1.9435,-3.8949,0.0000,354.8259,0.0000,0.0000,0.0000,0.0000,-0.0902,0.0000,0.9959
134.4530,127.24,34.3963,-1.9435,-3.8949,0.0000,354.8259,0.0000,0.0000,0.0000,0.0000,-0.0902,0.0000,0.9959
134.4730,127.24,34.3963,-1.9435,-3.8949,0.0000,354.8259,0.0000,0.0000,0.0000,0.0000,-0.0902,0.0000,0.9959
134.4930,127.24,34.3963,-1.9435,-3.8949,0.0000,354.8259,0.0000,0.0000,0.0000,0.0000,-0.0902,0.0000,0.9959
134.5130,127.24,34.3963,-1.9435,-3.8949,0.0000,354.8259,0.0000,0.0000,0.0000,0.0000,-0.0902,0.0000,0.9959
134.5330,127.24,34.3963,-1.9435,-3.8949,0.0000,354.8259,0.0000,0.0000,0.0000,0.0000,-0.0902,0.0000,0.9959
134.5530,127.24,34.3963,-1.9435,-3.8949,0.0000,354.8259,0.0000,0.0000,0.0000,0.0000,-0.0902,0.0000,0.9959
134.5730,127.24,34.3963,-1.9435,-3.8949,0.0000,354.8259,0.0000,0.0000,0.0000,0.0000,-0.0902,0.0000,0.9959
134.5930,127.24,34.3963,-1.9435,-3.8949,0.0000,354.8259,0.0000,0.0000,0.0000,0.0000,-0.0902,0.0000,0.9959
134.6130,127.24,34.3963,-1.9435,-3.8949,0.0000,354.8259,0.0000,0.0000,0.0000,0.0000,-0.0902,0.0000,0.9959
134.6330,127.24,34.3963,-1.9435,-3.8949,0.0000,354.8259,0.0000,0.0000,0.0000,0.0000,-0.0902,0.0000,0.9959
134.6530,127.24,34.3963,-1.9435,-3.8949,0.0000,354.8259,0.0000,0.0000,0.0000,0.0000,-0.0902,0.0000,0.9959
134.6730,127.24,34.3963,-1.9435,-3.8949,0.0000,354.8259,0.0000,0.0000,0.0000,0.0000,-0.0902,0.0000,0.9959
134.6930,127.24,34.3963,-1.9435,-3.8949,0.0000,354.8259,0.0000,0.0000,0.0000,0.0000,-0.0902,0.0000,0.9959
134.7130,127.75,34.3963,-1.9435,-3.8949,0.0000,354.8259,0.0000,0.0000,0.0000,0.0000,-0.0902,0.0000,0.9959
134.7330,127.75,34.3963,-1.9435,-3.8949,0.0000,354.8259,0.0000,0.0000,0.0000,0.0000,-0.0902,0.0000,0.9959
134.7530,127.75,34.3963,-1.9435,-3.8949,0.0000,354.8259,0.0000,0.0000,0.0000,0.0000,-0.0902,0.0000,0.9959
134.7730,127.75,34.3963,-1.9435,-3.8949,0.0000,354.8259,0.0000,0.0000,0.0000,0.0000,-0.0902,0.0000,0.9959
134.7930,127.75,34.3963,-1.9435,-3.8949,0.0000,354.8259,0.0000,0.0000,0.0000,0.0000,-0.0902,0.0000,0.9959
134.8130,127.75,34.3963,-1.9435,-3.8949,0.0000,354.8259,0.0000,0.0000,0.0000,0.0000,-0.0902,0.0000,0.9959
134.8330,127.75,34.3963,-1.9435,-3.8949,0.0000,354.8259,0.0000,0.0000,0.0000,0.0000,-0.0902,0.0000,0.9959
134.8530,127.75,34.3963,-1.9435,-3.8949,0.0000,354.8259,0.0000,0.0000,0.0000,0.0000,-0.0902,0.0000,0.9959
134.8730,127.75,34.3963,-1.9435,-3.8949,0.0000,354.8259,0.0000,0.0000,0.0000,0.0000,-0.0902,0.0000,0.9959
134.8930,127.75,34.3963,-1.9435,-3.8949,0.0000,354.8259,0.0000,0.0000,0.0000,0.0000,-0.0902,0.0000,0.9959
134.9130,127.75,34.3963,-1.9435,-3.8949,0.0000,354.8259,0.0000,0.0000,0.0000,0.0000,-0.0902,0.0000,0.9959
134.9330,127.75,34.3963,-1.9435,-3.8949,0.0000,354.8259,0.0000,0.0000,0.0000,0.0000,-0.0902,0.0000,0.9959
134.9530,127.75,34.3963,-1.9435,-3.8949,0.0000,354.8259,0.0000,0.0000,0.0000,0.0000,-0.0902,0.0000,0.9959
134.9730,127.75,34.3963,-1.9435,-3.8949,0.0000,354.8259,0.0000,0.0000,0.0000,0.0000,-0.0902,0.0000,0.9959
134.9930,127.75,34.3963,-1.9435,-3.8949,0.0000,354.8259,0.0000,0.0000,0.0000,0.0000,-0.0902,0.0000,0.9959
135.0130,127.75,34.3963,-1.9435,-3.8949,0.0000,354.8259,0.0000,0.0000,0.0000,0.0000,-0.0902,0.0000,0.9959
135.0330,127.75,34.3963,-1.9435,-3.8949,0.0000,354.8259,0.0000,0.0000,0.0000,0.0000,-0.0902,0.0000,0.9959
135.0530,127.75,34.3963,-1.9435,-3.8949,0.0000,354.8259,0.0000,0.0000,0.0000,0.0000,-0.0902,0.0000,0.9959
135.0730,127.75,34.3963,-1.9435,-3.8949,0.0000,354.8259,0.0000,0.0000,0.0000,0.0000,-0.0902,0.0000,0.9959
135.0930,127.75,34.3963,-1.9435,-3.8949,0.0000,354.8259,0.0000,0.0000,0.0000,0.0000,-0.0902,0.0000,0.9959
135.1130,127.75,34.3963,-1.9435,-3.8949,0.0000,354.8259,0.0000,0.0000,0.0000,0.0000,-0.0902,0.0000,0.9959
135.1330,127.75,34.3963,-1.9435,-3.8949,0.0000,354.8259,0.0000,0.0000,0.0000,0.0000,-0.0902,0.0000,0.9959
135.1530,127.75,34.3963,-1.9435,-3.8949,0.0000,354.8259,0.0000,0.0000,0.0000,0.0000,-0.0902,0.0000,0.9959
135.1730,127.75,34.3963,-1.9435,-3.8949,0.0000,354.8259,0.0000,0.0000,0.0000,0.0000,-0.0902,0.0000,0.9959
135.1930,127.75,34.3963,-1.9435,-3.8949,0.0000,354.8259,0.0000,0.0000,0.0000,0.0000,-0.0902,0.0000,0.9959
135.2130,127.75,34.3963,-1.9435,-3.8949,0.0000,354.8259,0.0000,0.0000,0.0000,0.0000,-0.0902,0.0000,0.9959
135.2330,127.75,34.3963,-1.9435,-3.8949,0.0000,354.8259,0.0000,0.0000,0.0000,0.0000,-0.0902,0.0000,0.9959
135.2530,127.75,34.3963,-1.9435,-3.8949,0.0000,354.8259,0.0000,0.0000,0.0000,0.0000,-0.0902,0.0000,0.9959
135.2730,127.75,34.3963,-1.9435,-3.8949,0.0000,354.8259,0.0000,0.0000,0.0000,0.0000,-0.0902,0.0000,0.9959
135.2930,127.75,34.3963,-1.9435,-3.8949,0.0000,354.8259,0.0000,0.0000,0.0000,0.0000,-0.0902,0.0000,0.9959
135.3130,127.75,34.3963,-1.9435,-3.8949,0.0000,354.8259,0.0000,0.0000,0.0000,0.0000,-0.0902,0.0000,0.9959
135.3330,127.75,34.3963,-1.9435,-3.8949,0.0000,354.8259,0.0000,0.0000,0.0000,0.0000,-0.0902,0.0000,0.9959
135.3530,127.75,34.3963,-1.9435,-3.8949,0.0000,354.8259,0.0000,0.0000,0.0000,0.0000,-0.0902,0.0000,0.9959
135.3730,127.75,34.3963,-1.9435,-3.8949,0.0000,354.8259,0.0000,0.0000,0.0000,0.0000,-0.0902,0.0000,0.9959
135.3930,127.75,34.3963,-1.9435,-3.8949,0.0000,354.8259,0.0000,0.0000,0.0000,0.0000,-0.0902,0.0000,0.9959
135.4130,127.75,34.3963,-1.9435,-3.8949,0.0000,354.8259,0.0000,0.0000,0.0000,0.0000,-0.0902,0.0000,0.9959
135.4330,127.75,34.3963,-1.9435,-3.8949,0.0000,354.8259,0.0000,0.0000,0.0000,0.0000,-0.0902,0.0000,0.9959
135.4530,127.75,34.3963,-1.9435,-3.8949,0.0000,354.8259,0.0000,0.0000,0.0000,0.0000,-0.0902,0.0000,0.9959
135.4730,127.75,34.3963,-1.9435,-3.8949,0.0000,354.8259,0.0000,0.0000,0.0000,0.0000,-0.0902,0.0000,0.9959
135.4930,127.75,34.3963,-1.9435,-3.8949,0.0000,354.8259,0.0000,0.0000,0.0000,0.0000,-0.0902,0.0000,0.9959
135.5130,127.75,34.3963,-1.9435,-3.8949,0.0000,354.8259,0.0000,0.0000,0.0000,0.0000,-0.0902,0.0000,0.9959
135.5330,127.75,34.3963,-1.9435,-3.8949,0.0000,354.8259,0.0000,0.0000,0.0000,0.0000,-0.0902,0.0000,0.9959
135.5530,127.75,34.3963,-1.9435,-3.8949,0.0000,354.8259,0.0000,0.0000,0.0000,0.0000,-0.0902,0.0000,0.9959
135.5730,127.75,34.3963,-1.9435,-3.8949,0.0000,354.8259,0.0000,0.0000,0.0000,0.0000,-0.0902,0.0000,0.9959
135.5930,127.75,34.3963,-1.9435,-3.8949,0.0000,354.8259,0.0000,0.0000,0.0000,0.0000,-0.0902,0.0000,0.9959
135.6130,127.75,34.3963,-1.9435,-3.8949,0.0000,354.8259,0.0000,0.0000,0.0000,0.0000,-0.0902,0.0000,0.9959
135.6330,127.75,34.3963,-1.9435,-3.8949,0.0000,354.8259,0.0000,0.0000,0.0000,0.0000,-0.0902,0.0000,0.9959
135.6530,127.75,34.3963,-1.9435,-3.8949,0.0000,354.8259,0.0000,0.0000,0.0000,0.0000,-0.0902,0.0000,0.9959
135.6730,127.75,34.3963,-1.9435,-3.8949,0.0000,354.8259,0.0000,0.0000,0.0000,0.0000,-0.0902,0.0000,0.9959
135.6930,127.75,34.3963,-1.9435,-3.8949,0.0000,354.8259,0.0000,0.0000,0.0000,0.0000,-0.0902,0.0000,0.9959
135.7130,129.98,34.3963,-1.9435,-3.8949,0.0000,354.8259,0.0000,0.0000,0.0000,0.0000,-0.0902,0.0000,0.9959
135.7330,129.98,34.3963,-1.9435,-3.8949,0.0000,354.8259,0.0000,0.0000,0.0000,0.0000,-0.0902,0.0000,0.9959
135.7530,129.98,34.3963,-1.9435,-3.8949,0.0000,354.8259,0.0000,0.0000,0.0000,0.0000,-0.0902,0.0000,0.9959
135.7730,129.98,34.3963,-1.9435,-3.8949,0.0000,354.8259,0.0000,0.0000,0.0000,0.0000,-0.0902,0.0000,0.9959
135.7930,129.98,34.3963,-1.9435,-3.8949,0.0000,354.8259,0.0000,0.0000,0.0000,0.0000,-0.0902,0.0000,0.9959
135.8130,129.98,34.3963,-1.9435,-3.8949,0.0000,354.8259,0.0000,0.0000,0.0000,0.0000,-0.0902,0.0000,0.9959
135.8330,129.98,34.3963,-1.9435,-3.8949,0.0000,354.8259,0.0000,0.0000,0.0000,0.0000,-0.0902,0.0000,0.9959
135.8530,129.98,34.3963,-1.9435,-3.8949,0.0000,354.8259,0.0000,0.0000,0.0000,0.0000,-0.0902,0.0000,0.9959
135.8730,129.98,34.3963,-1.9435,-3.8949,0.0000,354.8259,0.0000,0.0000,0.0000,0.0000,-0.0902,0.0000,0.9959
135.8930,129.98,34.3963,-1.9435,-3.8949,0.0000,354.8259,0.0000,0.0000,0.0000,0.0000,-0.0902,0.0000,0.9959
135.9130,129.98,34.3963,-1.9435,-3.8949,0.0000,354.8259,0.0000,0.0000,0.0000,0.0000,-0.0902,0.0000,0.9959
135.9330,129.98,34.3963,-1.9435,-3.8949,0.0000,354.8259,0.0000,0.0000,0.0000,0.0000,-0.0902,0.0000,0.9959
135.9530,129.98,34.3963,-1.9435,-3.8949,0.0000,354.8259,0.0000,0.0000,0.0000,0.0000,-0.0902,0.0000,0.9959
135.9730,129.98,34.3963,-1.9435,-3.8949,0.0000,354.8259,0.0000,0.0000,0.0000,0.0000,-0.0902,0.0000,0.9959
135.9930,129.98,34.3963,-1.9435,-3.8949,0.0000,354.8259,0.0000,0.0000,0.0000,0.0000,-0.0902,0.0000,0.9959
136.0130,129.98,34.3963,-1.9435,-3.8949,0.0000,354.8259,0.0000,0.0000,0.0000,0.0000,-0.0902,0.0000,0.9959
136.0330,129.98,34.3963,-1.9435,-3.8949,0.0000,354.8259,0.0000,0.0000,0.0000,0.0000,-0.0902,0.0000,0.9959
136.0530,129.98,34.3963,-1.9435,-3.8949,0.0000,354.8259,0.0000,0.0000,0.0000,0.0000,-0.0902,0.0000,0.9959
136.0730,129.98,34.3963,-1.9435,-3.8949,0.0000,354.8259,0.0000,0.0000,0.0000,0.0000,-0.0902,0.0000,0.9959
136.0930,129.98,34.3963,-1.9435,-3.8949,0.0000,354.8259,0.0000,0.0000,0.0000,0.0000,-0.0902,0.0000,0.9959
136.1130,129.98,34.3963,-1.9435,-3.8949,0.0000,354.8259,0.0000,0.0000,0.0000,0.0000,-0.0902,0.0000,0.9959
136.1330,129.98,34.3963,-1.9435,-3.8949,0.0000,354.8259,0.0000,0.0000,0.0000,0.0000,-0.0902,0.0000,0.9959
136.1530,129.98,34.3963,-1.9435,-3.8949,0.0000,354.8259,0.0000,0.0000,0.0000,0.0000,-0.0902,0.0000,0.9959
136.1730,129.98,34.3963,-1.9435,-3.8949,0.0000,354.8259,0.0000,0.0000,0.0000,0.0000,-0.0902,0.0000,0.9959
136.1930,129.98,34.3963,-1.9435,-3.8949,0.0000,354.8259,0.0000,0.0000,0.0000,0.0000,-0.0902,0.0000,0.9959
136.2130,129.98,34.3963,-1.9435,-3.8949,0.0000,354.8259,0.0000,0.0000,0.0000,0.0000,-0.0902,0.0000,0.9959
136.2330,129.98,34.3963,-1.9435,-3.8949,0.0000,354.8259,0.0000,0.0000,0.0000,0.0000,-0.0902,0.0000,0.9959
136.2530,129.98,34.3963,-1.9435,-3.8949,0.0000,354.8259,0.0000,0.0000,0.0000,0.0000,-0.0902,0.0000,0.9959
136.2730,129.98,34.3963,-1.9435,-3.8949,0.0000,354.8259,0.0000,0.0000,0.0000,0.0000,-0.0902,0.0000,0.9959
136.2930,129.98,34.3963,-1.9435,-3.8949,0.0000,354.8259,0.0000,0.0000,0.0000,0.0000,-0.0902,0.0000,0.9959
136.3130,129.98,34.3963,-1.9435,-3.8949,0.0000,354.8259,0.0000,0.0000,0.0000,0.0000,-0.0902,0.0000,0.9959
136.3330,129.98,34.3963,-1.9435,-3.8949,0.0000,354.8259,0.0000,0.0000,0.0000,0.0000,-0.0902,0.0000,0.9959
136.3530,129.98,34.3963,-1.9435,-3.8949,0.0000,354.8259,0.0000,0.0000,0.0000,0.0000,-0.0902,0.0000,0.9959
136.3730,129.98,34.3963,-1.9435,-3.8949,0.0000,354.8259,0.0000,0.0000,0.0000,0.0000,-0.0902,0.0000,0.9959
136.3930,129.98,34.3963,-1.9435,-3.8949,0.0000,354.8259,0.0000,0.0000,0.0000,0.0000,-0.0902,0.0000,0.9959
136.4130,129.98,34.3963,-1.9435,-3.8949,0.0000,354.8259,0.0000,0.0000,0.0000,0.0000,-0.0902,0.0000,0.9959
136.4330,129.98,34.3963,-1.9435,-3.8949,0.0000,354.8259,0.0000,0.0000,0.0000,0.0000,-0.0902,0.0000,0.9959
136.4530,129.98,34.3963,-1.9435,-3.8949,0.0000,354.8259,0.0000,0.0000,0.0000,0.0000,-0.0902,0.0000,0.9959
136.4730,129.98,34.3963,-1.9435,-3.8949,0.0000,354.8259,0.0000,0.0000,0.0000,0.0000,-0.0902,0.0000,0.9959
136.4930,129.98,34.3963,-1.9435,-3.8949,0.0000,354.8259,0.0000,0.0000,0.0000,0.0000,-0.0902,0.0000,0.9959
136.5130,129.98,34.3963,-1.9435,-3.8949,0.0000,354.8259,0.0000,0.0000,0.0000,0.0000,-0.0902,0.0000,0.9959
136.5330,129.98,34.3963,-1.9435,-3.8949,0.0000,354.8259,0.0000,0.0000,0.0000,0.0000,-0.0902,0.0000,0.9959
136.5530,129.98,34.3963,-1.9435,-3.8949,0.0000,354.8259,0.0000,0.0000,0.0000,0.0000,-0.0902,0.0000,0.9959
136.5730,129.98,34.3963,-1.9435,-3.8949,0.0000,354.8259,0.0000,0.0000,0.0000,0.0000,-0.0902,0.0000,0.9959
136.5930,129.98,34.3963,-1.9435,-3.8949,0.0000,354.8259,0.0000,0.0000,0.0000,0.0000,-0.0902,0.0000,0.9959
136.6130,129.98,34.3963,-1.9435,-3.8949,0.0000,354.8259,0.0000,0.0000,0.0000,0.0000,-0.0902,0.0000,0.9959
136.6330,129.98,34.3963,-1.9435,-3.8949,0.0000,354.8259,0.0000,0.0000,0.0000,0.0000,-0.0902,0.0000,0.9959
136.6530,129.98,34.3963,-1.9435,-3.8949,0.0000,354.8259,0.0000,0.0000,0.0000,0.0000,-0.0902,0.0000,0.9959
136.6730,129.98,34.3963,-1.9435,-3.8949,0.0000,354.8259,0.0000,0.0000,0.0000,0.0000,-0.0902,0.0000,0.9959
136.6930,129.98,34.3963,-1.9435,-3.8949,0.0000,354.8259,0.0000,0.0000,0.0000,0.0000,-0.0902,0.0000,0.9959
136.7130,127.66,34.3963,-1.9435,-3.8949,0.0000,354.8259,0.0000,0.0000,0.0000,0.0000,-0.0902,0.0000,0.9959
136.7330,127.66,34.3963,-1.9435,-3.8949,0.0000,354.8259,0.0000,0.0000,0.0000,0.0000,-0.0902,0.0000,0.9959
136.7530,127.66,34.3963,-1.9435,-3.8949,0.0000,354.8259,0.0000,0.0000,0.0000,0.0000,-0.0902,0.0000,0.9959
136.7730,127.66,34.3963,-1.9435,-3.8949,0.0000,354.8259,0.0000,0.0000,0.0000,0.0000,-0.0902,0.0000,0.9959
136.7930,127.66,34.3963,-1.9435,-3.8949,0.0000,354.8259,0.0000,0.0000,0.0000,0.0000,-0.0902,0.0000,0.9959
136.8130,127.66,34.3963,-1.9435,-3.8949,0.0000,354.8259,0.0000,0.0000,0.0000,0.0000,-0.0902,0.0000,0.9959
136.8330,127.66,34.3963,-1.9435,-3.8949,0.0000,354.8259,0.0000,0.0000,0.0000,0.0000,-0.0902,0.0000,0.9959
136.8530,127.66,34.3963,-1.9435,-3.8949,0.0000,354.8259,0.0000,0.0000,0.0000,0.0000,-0.0902,0.0000,0.9959
136.8730,127.66,34.3963,-1.9435,-3.8949,0.0000,354.8259,0.0000,0.0000,0.0000,0.0000,-0.0902,0.0000,0.9959
136.8930,127.66,34.3963,-1.9435,-3.8949,0.0000,354.8259,0.0000,0.0000,0.0000,0.0000,-0.0902,0.0000,0.9959
136.9130,127.66,34.3963,-1.9435,-3.8949,0.0000,354.8259,0.0000,0.0000,0.0000,0.0000,-0.0902,0.0000,0.9959
136.9330,127.66,34.3963,-1.9435,-3.8949,0.0000,354.8259,0.0000,0.0000,0.0000,0.0000,-0.0902,0.0000,0.9959
136.9530,127.66,34.3963,-1.9435,-3.8949,0.0000,354.8259,0.0000,0.0000,0.0000,0.0000,-0.0902,0.0000,0.9959
136.9730,127.66,34.3963,-1.9435,-3.8949,0.0000,354.8259,0.0000,0.0000,0.0000,0.0000,-0.0902,0.0000,0.9959
136.9930,127.66,34.3963,-1.9435,-3.8949,0.0000,354.8259,0.0000,0.0000,0.0000,0.0000,-0.0902,0.0000,0.9959
137.0130,127.66,34.3963,-1.9435,-3.8949,0.0000,354.8259,0.0000,0.0000,0.0000,0.0000,-0.0902,0.0000,0.9959
137.0330,127.66,34.3963,-1.9435,-3.8949,0.0000,354.8259,0.0000,0.0000,0.0000,0.0000,-0.0902,0.0000,0.9959
137.0530,127.66,34.3963,-1.9435,-3.8949,0.0000,354.8259,0.0000,0.0000,0.0000,0.0000,-0.0902,0.0000,0.9959
137.0730,127.66,34.3963,-1.9435,-3.8949,0.0000,354.8259,0.0000,0.0000,0.0000,0.0000,-0.0902,0.0000,0.9959
137.0930,127.66,34.3963,-1.9435,-3.8949,0.0000,354.8259,0.0000,0.0000,0.0000,0.0000,-0.0902,0.0000,0.9959
137.1130,127.66,34.3963,-1.9435,-3.8949,0.0000,354.8259,0.0000,0.0000,0.0000,0.0000,-0.0902,0.0000,0.9959
137.1330,127.66,34.3963,-1.9435,-3.8949,0.0000,354.8259,0.0000,0.0000,0.0000,0.0000,-0.0902,0.0000,0.9959
137.1530,127.66,34.3963,-1.9435,-3.8949,0.0000,354.8259,0.0000,0.0000,0.0000,0.0000,-0.0902,0.0000,0.9959
137.1730,127.66,34.3963,-1.9435,-3.8949,0.0000,354.8259,0.0000,0.0000,0.0000,0.0000,-0.0902,0.0000,0.9959
137.1930,127.66,34.3963,-1.9435,-3.8949,0.0000,354.8259,0.0000,0.0000,0.0000,0.0000,-0.0902,0.0000,0.9959
137.2130,127.66,34.3963,-1.9435,-3.8949,0.0000,354.8259,0.0000,0.0000,0.0000,0.0000,-0.0902,0.0000,0.9959
137.2330,127.66,34.3963,-1.9435,-3.8949,0.0000,354.8259,0.0000,0.0000,0.0000,0.0000,-0.0902,0.0000,0.9959
137.2530,127.66,34.3963,-1.9435,-3.8949,0.0000,354.8259,0.0000,0.0000,0.0000,0.0000,-0.0902,0.0000,0.9959
137.2730,127.66,34.3963,-1.9435,-3.8949,0.0000,354.8259,0.0000,0.0000,0.0000,0.0000,-0.0902,0.0000,0.9959
137.2930,127.66,34.3963,-1.9435,-3.8949,0.0000,354.8259,0.0000,0.0000,0.0000,0.0000,-0.0902,0.0000,0.9959
137.3130,127.66,34.3963,-1.9435,-3.8949,0.0000,354.8259,0.0000,0.0000,0.0000,0.0000,-0.0902,0.0000,0.9959
137.3330,127.66,34.3963,-1.9435,-3.8949,0.0000,354.8259,0.0000,0.0000,0.0000,0.0000,-0.0902,0.0000,0.9959
137.3530,127.66,34.3963,-1.9435,-3.8949,0.0000,354.8259,0.0000,0.0000,0.0000,0.0000,-0.0902,0.0000,0.9959
137.3730,127.66,34.3963,-1.9435,-3.8949,0.0000,354.8259,0.0000,0.0000,0.0000,0.0000,-0.0902,0.0000,0.9959
137.3930,127.66,34.3963,-1.9435,-3.8949,0.0000,354.8259,0.0000,0.0000,0.0000,0.0000,-0.0902,0.0000,0.9959
137.4130,127.66,34.3963,-1.9435,-3.8949,0.0000,354.8259,0.0000,0.0000,0.0000,0.0000,-0.0902,0.0000,0.9959
137.4330,127.66,34.3963,-1.9435,-3.8949,0.0000,354.8259,0.0000,0.0000,0.0000,0.0000,-0.0902,0.0000,0.9959
137.4530,127.66,34.3963,-1.9435,-3.8949,0.0000,354.8259,0.0000,0.0000,0.0000,0.0000,-0.0902,0.0000,0.9959
137.4730,127.66,34.3963,-1.9435,-3.8949,0.0000,354.8259,0.0000,0.0000,0.0000,0.0000,-0.0902,0.0000,0.9959
137.4930,127.66,34.3963,-1.9435,-3.8949,0.0000,354.8259,0.0000,0.0000,0.0000,0.0000,-0.0902,0.0000,0.9959
137.5130,127.66,34.3963,-1.9435,-3.8949,0.0000,354.8259,0.0000,0.0000,0.0000,0.0000,-0.0902,0.0000,0.9959
137.5330,127.66,34.3963,-1.9435,-3.8949,0.0000,354.8259,0.0000,0.0000,0.0000,0.0000,-0.0902,0.0000,0.9959
137.5530,127.66,34.3963,-1.9435,-3.8949,0.0000,354.8259,0.0000,0.0000,0.0000,0.0000,-0.0902,0.0000,0.9959
137.5730,127.66,34.3963,-1.9435,-3.8949,0.0000,354.8259,0.0000,0.0000,0.0000,0.0000,-0.0902,0.0000,0.9959
137.5930,127.66,34.3963,-1.9435,-3.8949,0.0000,354.8259,0.0000,0.0000,0.0000,0.0000,-0.0902,0.0000,0.9959
137.6130,127.66,34.3963,-1.9435,-3.8949,0.0000,354.8259,0.0000,0.0000,0.0000,0.0000,-0.0902,0.0000,0.9959
137.6330,127.66,34.3963,-1.9435,-3.8949,0.0000,354.8259,0.0000,0.0000,0.0000,0.0000,-0.0902,0.0000,0.9959
137.6530,127.66,34.3963,-1.9435,-3.8949,0.0000,354.8259,0.0000,0.0000,0.0000,0.0000,-0.0902,0.0000,0.9959
137.6730,127.66,34.3963,-1.9435,-3.8949,0.0000,354.8259,0.0000,0.0000,0.0000,0.0000,-0.0902,0.0000,0.9959
137.6930,127.66,34.3963,-1.9435,-3.8949,0.0000,354.8259,0.0000,0.0000,0.0000,0.0000,-0.0902,0.0000,0.9959
137.7130,121.44,34.3963,-1.9435,-3.8949,0.0000,354.8259,0.0000,0.0000,0.0000,0.0000,-0.0902,0.0000,0.9959
137.7330,121.44,34.3963,-1.9435,-3.8949,0.0000,354.8259,0.0000,0.0000,0.0000,0.0000,-0.0902,0.0000,0.9959
137.7530,121.44,34.3963,-1.9435,-3.8949,0.0000,354.8259,0.0000,0.0000,0.0000,0.0000,-0.0902,0.0000,0.9959
137.7730,121.44,34.3963,-1.9435,-3.8949,0.0000,354.8259,0.0000,0.0000,0.0000,0.0000,-0.0902,0.0000,0.9959
137.7930,121.44,34.3963,-1.9435,-3.8949,0.0000,354.8259,0.0000,0.0000,0.0000,0.0000,-0.0902,0.0000,0.9959
137.8130,121.44,34.3963,-1.9435,-3.8949,0.0000,354.8259,0.0000,0.0000,0.0000,0.0000,-0.0902,0.0000,0.9959
137.8330,121.44,34.3963,-1.9435,-3.8949,0.0000,354.8259,0.0000,0.0000,0.0000,0.0000,-0.0902,0.0000,0.9959
137.8530,121.44,34.3963,-1.9435,-3.8949,0.0000,354.8259,0.0000,0.0000,0.0000,0.0000,-0.0902,0.0000,0.9959
137.8730,121.44,34.3963,-1.9435,-3.8949,0.0000,354.8259,0.0000,0.0000,0.0000,0.0000,-0.0902,0.0000,0.9959
137.8930,121.44,34.3963,-1.9435,-3.8949,0.0000,354.8259,0.0000,0.0000,0.0000,0.0000,-0.0902,0.0000,0.9959
137.9130,121.44,34.3963,-1.9435,-3.8949,0.0000,354.8259,0.0000,0.0000,0.0000,0.0000,-0.0902,0.0000,0.9959
137.9330,121.44,34.3963,-1.9435,-3.8949,0.0000,354.8259,0.0000,0.0000,0.0000,0.0000,-0.0902,0.0000,0.9959
137.9530,121.44,34.3963,-1.9435,-3.8949,0.0000,354.8259,0.0000,0.0000,0.0000,0.0000,-0.0902,0.0000,0.9959
137.9730,121.44,34.3963,-1.9435,-3.8949,0.0000,354.8259,0.0000,0.0000,0.0000,0.0000,-0.0902,0.0000,0.9959
137.9930,121.44,34.3963,-1.9435,-3.8949,0.0000,354.8259,0.0000,0.0000,0.0000,0.0000,-0.0902,0.0000,0.9959
138.0130,121.44,34.3963,-1.9435,-3.8949,0.0000,354.8259,0.0000,0.0000,0.0000,0.0000,-0.0902,0.0000,0.9959
138.0330,121.44,34.3963,-1.9435,-3.8949,0.0000,354.8259,0.0000,0.0000,0.0000,0.0000,-0.0902,0.0000,0.9959
138.0530,121.44,34.3963,-1.9435,-3.8949,0.0000,354.8259,0.0000,0.0000,0.0000,0.0000,-0.0902,0.0000,0.9959
138.0730,121.44,34.3963,-1.9435,-3.8949,0.0000,354.8259,0.0000,0.0000,0.0000,0.0000,-0.0902,0.0000,0.9959
138.0930,121.44,34.3963,-1.9435,-3.8949,0.0000,354.8259,0.0000,0.0000,0.0000,0.0000,-0.0902,0.0000,0.9959
138.1130,121.44,34.3963,-1.9435,-3.8949,0.0000,354.8259,0.0000,0.0000,0.0000,0.0000,-0.0902,0.0000,0.9959
138.1330,121.44,34.3963,-1.9435,-3.8949,0.0000,354.8259,0.0000,0.0000,0.0000,0.0000,-0.0902,0.0000,0.9959
138.1530,121.44,34.3963,-1.9435,-3.8949,0.0000,354.8259,0.0000,0.0000,0.0000,0.0000,-0.0902,0.0000,0.9959
138.1730,121.44,34.3963,-1.9435,-3.8949,0.0000,354.8259,0.0000,0.0000,0.0000,0.0000,-0.0902,0.0000,0.9959
138.1930,121.44,34.3963,-1.9435,-3.8949,0.0000,354.8259,0.0000,0.0000,0.0000,0.0000,-0.0902,0.0000,0.9959
138.2130,121.44,34.3963,-1.9435,-3.8949,0.0000,354.8259,0.0000,0.0000,0.0000,0.0000,-0.0902,0.0000,0.9959
138.2330,121.44,34.3963,-1.9435,-3.8949,0.0000,354.8259,0.0000,0.0000,0.0000,0.0000,-0.0902,0.0000,0.9959
138.2530,121.44,34.3963,-1.9435,-3.8949,0.0000,354.8259,0.0000,0.0000,0.0000,0.0000,-0.0902,0.0000,0.9959
138.2730,121.44,34.3963,-1.9435,-3.8949,0.0000,354.8259,0.0000,0.0000,0.0000,0.0000,-0.0902,0.0000,0.9959
138.2930,121.44,34.3963,-1.9435,-3.8949,0.0000,354.8259,0.0000,0.0000,0.0000,0.0000,-0.0902,0.0000,0.9959
138.3130,121.44,34.3963,-1.9435,-3.8949,0.0000,354.8259,0.0000,0.0000,0.0000,0.0000,-0.0902,0.0000,0.9959
138.3330,121.44,34.3963,-1.9435,-3.8949,0.0000,354.8259,0.0000,0.0000,0.0000,0.0000,-0.0902,0.0000,0.9959
138.3530,121.44,34.3963,-1.9435,-3.8949,0.0000,354.8259,0.0000,0.0000,0.0000,0.0000,-0.0902,0.0000,0.9959
138.3730,121.44,34.3963,-1.9435,-3.8949,0.0000,354.8259,0.0000,0.0000,0.0000,0.0000,-0.0902,0.0000,0.9959
138.3930,121.44,34.3963,-1.9435,-3.8949,0.0000,354.8259,0.0000,0.0000,0.0000,0.0000,-0.0902,0.0000,0.9959
