Time(s),FPS,PosX,PosY,PosZ,RotX,RotY,RotZ,VelX,VelY,VelZ,DirX,DirY,DirZ
-0.2112,0.00,0.0000,5.0000,0.0000,0.0000,0.0000,0.0000,0.0000,0.0000,0.0000,0.0000,0.0000,1.0000
-0.1912,0.00,0.0000,4.9964,0.0000,-0.0003,0.0000,0.0000,0.0000,-0.1809,0.0001,0.0000,0.0000,1.0000
-0.1712,0.00,0.0000,4.9892,0.0000,-0.0008,0.0001,-0.0001,0.0000,-0.3612,0.0001,0.0000,0.0000,1.0000
-0.1512,0.00,0.0000,4.9783,0.0000,-0.0016,0.0001,-0.0001,0.0000,-0.5408,0.0002,0.0000,0.0000,1.0000
-0.1312,0.00,0.0000,4.9639,0.0000,-0.0027,0.0002,-0.0002,0.0000,-0.7198,0.0002,0.0000,0.0000,1.0000
-0.1112,0.00,0.0000,4.9460,0.0000,-0.0040,0.0003,-0.0003,0.0000,-0.8980,0.0003,0.0000,0.0001,1.0000
-0.0912,0.00,0.0000,4.9245,0.0000,-0.0056,0.0004,-0.0005,0.0000,-1.0757,0.0003,0.0000,0.0001,1.0000
-0.0712,0.00,0.0000,4.8994,0.0000,359.9925,0.0005,-0.0006,0.0000,-1.2526,0.0004,0.0000,0.0001,1.0000
-0.0512,0.00,0.0000,4.8708,0.0000,359.9904,0.0006,-0.0008,0.0000,-1.4289,0.0004,0.0000,0.0002,1.0000
-0.0312,0.00,0.0000,4.8387,0.0000,359.9880,0.0008,-0.0010,0.0000,-1.6046,0.0005,0.0000,0.0002,1.0000
-0.0112,0.00,0.0000,4.8032,0.0001,359.9854,0.0009,-0.0012,0.0000,-1.7796,0.0005,0.0000,0.0003,1.0000
0.0088,0.00,0.0000,4.7641,0.0001,359.9826,0.0011,-0.0015,-0.0001,-1.9539,0.0006,0.0000,0.0003,1.0000
0.0288,0.00,0.0000,4.7215,0.0001,359.9795,0.0013,-0.0018,-0.0001,-2.1276,0.0006,0.0000,0.0004,1.0000
0.0488,0.00,0.0000,4.6755,0.0001,359.9762,0.0015,-0.0020,-0.0001,-2.3007,0.0007,0.0000,0.0004,1.0000
0.0688,0.00,0.0000,4.6261,0.0001,359.9727,0.0017,-0.0023,-0.0001,-2.4731,0.0007,0.0000,0.0005,1.0000
0.0888,0.00,0.0000,4.5732,0.0001,359.9689,0.0020,-0.0027,-0.0001,-2.6449,0.0008,0.0000,0.0005,1.0000
0.1088,0.00,0.0000,4.5168,0.0001,359.9648,0.0022,-0.0030,-0.0001,-2.8160,0.0008,0.0000,0.0006,1.0000
0.1288,0.00,0.0000,4.4571,0.0002,359.9606,0.0025,-0.0034,-0.0001,-2.9866,0.0009,0.0000,0.0007,1.0000
0.1488,0.00,0.0000,4.3940,0.0002,359.9561,0.0028,-0.0038,-0.0001,-3.1564,0.0009,0.0000,0.0008,1.0000
0.1688,0.00,0.0000,4.3275,0.0002,359.9514,0.0031,-0.0042,-0.0001,-3.3257,0.0010,0.0001,0.0008,1.0000
0.1888,20.94,0.0000,4.2576,0.0002,359.9466,0.0034,-0.0046,-0.0001,-3.4943,0.0010,0.0001,0.0009,1.0000
0.2088,20.94,0.0000,4.1843,0.0002,359.9414,0.0037,-0.0050,-0.0001,-3.6623,0.0010,0.0001,0.0010,1.0000
0.2288,20.94,0.0000,4.1077,0.0003,359.9361,0.0041,-0.0055,-0.0001,-3.8297,0.0011,0.0001,0.0011,1.0000
0.2488,20.94,0.0000,4.0278,0.0003,359.9306,0.0044,359.9940,-0.0001,-3.9964,0.0011,0.0001,0.0012,1.0000
0.2688,20.94,0.0000,3.9446,0.0003,359.9248,0.0048,359.9935,-0.0001,-4.1626,0.0012,0.0001,0.0013,1.0000
0.2888,20.94,0.0000,3.8580,0.0003,359.9189,0.0052,359.9930,-0.0001,-4.3281,0.0012,0.0001,0.0014,1.0000
0.3088,20.94,0.0000,3.7681,0.0004,359.9128,0.0056,359.9925,-0.0001,-4.4930,0.0012,0.0001,0.0015,1.0000
0.3288,20.94,0.0000,3.6750,0.0004,359.9064,0.0060,359.9919,-0.0001,-4.6573,0.0013,0.0001,0.0016,1.0000
0.3488,20.94,0.0000,3.5786,0.0004,359.8999,0.0064,359.9914,-0.0001,-4.8210,0.0013,0.0001,0.0017,1.0000
0.3688,20.94,0.0000,3.4789,0.0004,359.8932,0.0068,359.9908,-0.0001,-4.9841,0.0013,0.0001,0.0019,1.0000
0.3888,20.94,0.0000,3.3759,0.0005,359.8863,0.0072,359.9902,-0.0001,-5.1466,0.0014,0.0001,0.0020,1.0000
0.4088,20.94,0.0000,3.2698,0.0005,359.8792,0.0077,359.9896,-0.0001,-5.3085,0.0014,0.0001,0.0021,1.0000
0.4288,20.94,0.0000,3.1604,0.0005,359.8719,0.0082,359.9890,-0.0001,-5.4697,0.0014,0.0001,0.0022,1.0000
0.4488,20.94,0.0000,3.0478,0.0005,359.8644,0.0086,359.9883,-0.0001,-5.6304,0.0015,0.0002,0.0024,1.0000
0.4688,20.94,-0.0001,2.9320,0.0006,359.8568,0.0091,359.9877,-0.0001,-5.7905,0.0015,0.0002,0.0025,1.0000
0.4888,20.94,-0.0001,2.8130,0.0006,359.8490,0.0096,359.9870,-0.0001,-5.9500,0.0015,0.0002,0.0026,1.0000
0.5088,20.94,-0.0001,2.6908,0.0006,359.8410,0.0101,359.9863,-0.0001,-6.1089,0.0016,0.0002,0.0028,1.0000
0.5288,20.94,-0.0001,2.5654,0.0007,359.8329,0.0107,359.9856,-0.0001,-6.2672,0.0016,0.0002,0.0029,1.0000
0.5488,20.94,-0.0001,2.4369,0.0007,359.8245,0.0112,359.9849,-0.0001,-6.4250,0.0016,0.0002,0.0031,1.0000
0.5688,20.94,-0.0001,2.3053,0.0007,359.8160,0.0118,359.9842,-0.0001,-6.5821,0.0017,0.0002,0.0032,1.0000
0.5888,20.94,-0.0001,2.1705,0.0008,359.8074,0.0123,359.9834,-0.0002,-6.7387,0.0017,0.0002,0.0034,1.0000
0.6088,20.94,-0.0001,2.0326,0.0008,359.7986,0.0129,359.9827,-0.0002,-6.8947,0.0017,0.0002,0.0035,1.0000
0.6288,20.94,-0.0001,1.8916,0.0008,359.7897,0.0135,359.9819,-0.0002,-7.0501,0.0017,0.0002,0.0037,1.0000
0.6488,20.94,-0.0001,1.7475,0.0009,359.7805,0.0140,359.9811,-0.0002,-7.2049,0.0018,0.0002,0.0038,1.0000
0.6688,20.94,-0.0001,1.6004,0.0009,359.7713,0.0146,359.9803,-0.0002,-7.3591,0.0018,0.0003,0.0040,1.0000
0.6888,20.94,-0.0001,1.4501,0.0010,359.7619,0.0152,359.9795,-0.0002,-7.5128,0.0018,0.0003,0.0042,1.0000
0.7088,20.94,-0.0001,1.2968,0.0010,359.7523,0.0159,359.9787,-0.0002,-7.6659,0.0018,0.0003,0.0043,1.0000
0.7288,20.94,-0.0001,1.1404,0.0010,359.7426,0.0165,359.9778,-0.0002,-7.8185,0.0019,0.0003,0.0045,1.0000
0.7488,20.94,-0.0001,0.9810,0.0011,359.7328,0.0171,359.9770,-0.0002,-7.9705,0.0019,0.0003,0.0047,1.0000
0.7688,20.94,-0.0001,0.8186,0.0011,359.7228,0.0178,359.9761,-0.0002,-8.1219,0.0019,0.0003,0.0048,1.0000
0.7888,20.94,-0.0001,0.6531,0.0011,359.7127,0.0184,359.9753,-0.0002,-8.2728,0.0019,0.0003,0.0050,1.0000
0.8088,20.94,-0.0001,0.4846,0.0012,359.7025,0.0191,359.9744,-0.0002,-8.4231,0.0020,0.0003,0.0052,1.0000
0.8288,20.94,-0.0001,0.3132,0.0012,359.6921,0.0198,359.9735,-0.0002,-8.5728,0.0020,0.0003,0.0054,1.0000
0.8488,20.94,-0.0001,0.1387,0.0013,359.6816,0.0204,359.9726,-0.0002,-8.7220,0.0020,0.0004,0.0056,1.0000
0.8688,20.94,-0.0001,-0.0387,0.0013,359.6710,0.0211,359.9717,-0.0002,-8.8706,0.0020,0.0004,0.0057,1.0000
0.8888,20.94,-0.0002,0.0375,0.0011,359.9343,0.0219,-0.0057,0.0081,-0.0841,0.0045,0.0004,0.0011,1.0000
0.9088,20.94,-0.0001,0.0527,0.0011,359.9870,0.0228,-0.0013,-0.0022,0.0918,-0.0019,0.0004,0.0002,1.0000
0.9288,20.94,-0.0002,0.0559,0.0012,-0.0026,0.0221,0.0019,-0.0027,0.0641,-0.0008,0.0004,0.0000,1.0000
0.9488,20.94,-0.0002,0.0564,0.0012,-0.0005,0.0220,0.0004,-0.0003,0.0000,0.0001,0.0004,0.0000,1.0000
0.9688,20.94,-0.0002,0.0565,0.0012,-0.0001,0.0219,0.0001,-0.0001,-0.0002,-0.0001,0.0004,0.0000,1.0000
0.9888,20.94,-0.0002,0.0565,0.0012,0.0000,0.0219,0.0000,0.0000,0.0000,0.0000,0.0004,0.0000,1.0000
1.0088,20.94,-0.0002,0.0566,0.0012,0.0000,0.0219,-0.0001,0.0000,0.0000,0.0000,0.0004,0.0000,1.0000
1.0288,20.94,-0.0002,0.0566,0.0012,0.0000,0.0219,0.0000,0.0000,0.0000,0.0000,0.0004,0.0000,1.0000
1.0488,20.94,-0.0002,0.0566,0.0012,0.0000,0.0219,0.0000,0.0000,0.0000,0.0000,0.0004,0.0000,1.0000
1.0688,20.94,-0.0002,0.0566,0.0012,0.0001,0.0219,0.0000,0.0000,0.0000,0.0000,0.0004,0.0000,1.0000
1.0888,20.94,-0.0002,0.0566,0.0012,0.0000,0.0219,0.0000,0.0000,-0.0002,0.0000,0.0004,0.0000,1.0000
1.1088,20.94,-0.0002,0.0566,0.0012,0.0000,0.0219,0.0000,0.0000,0.0000,0.0000,0.0004,0.0000,1.0000
1.1288,20.94,-0.0002,0.0566,0.0012,0.0000,0.0219,0.0000,0.0000,0.0000,0.0000,0.0004,0.0000,1.0000
1.1488,20.94,-0.0002,0.0566,0.0012,0.0000,0.0219,0.0000,0.0000,0.0000,0.0000,0.0004,0.0000,1.0000
1.1688,20.94,-0.0002,0.0566,0.0012,0.0001,0.0219,0.0000,0.0000,0.0000,0.0000,0.0004,0.0000,1.0000
1.1888,114.82,-0.0002,0.0566,0.0012,0.0000,0.0219,0.0000,0.0000,-0.0002,0.0000,0.0004,0.0000,1.0000
1.2088,114.82,-0.0002,0.0566,0.0012,0.0000,0.0219,-0.0001,0.0000,0.0000,0.0000,0.0004,0.0000,1.0000
1.2288,114.82,-0.0002,0.0566,0.0012,0.0000,0.0219,0.0000,0.0000,0.0000,0.0000,0.0004,0.0000,1.0000
1.2488,114.82,-0.0002,0.0566,0.0012,0.0000,0.0219,-0.0001,0.0000,0.0000,0.0000,0.0004,0.0000,1.0000
1.2688,114.82,-0.0002,0.0566,0.0012,0.0000,0.0219,0.0000,0.0000,-0.0001,0.0000,0.0004,0.0000,1.0000
1.2888,114.82,-0.0002,0.0566,0.0012,0.0000,0.0219,-0.0001,0.0000,0.0000,0.0000,0.0004,0.0000,1.0000
1.3088,114.82,-0.0002,0.0566,0.0012,0.0000,0.0219,0.0000,0.0000,-0.0001,0.0000,0.0004,0.0000,1.0000
1.3288,114.82,-0.0002,0.0566,0.0012,0.0000,0.0219,0.0000,0.0000,0.0000,0.0000,0.0004,0.0000,1.0000
1.3488,114.82,-0.0002,0.0566,0.0012,0.0000,0.0219,0.0000,0.0000,0.0000,0.0000,0.0004,0.0000,1.0000
1.3688,114.82,-0.0002,0.0566,0.0012,0.0000,0.0219,-0.0001,0.0000,0.0000,0.0000,0.0004,0.0000,1.0000
1.3888,114.82,-0.0002,0.0566,0.0012,0.0000,0.0219,0.0000,0.0000,0.0000,0.0000,0.0004,0.0000,1.0000
1.4088,114.82,-0.0002,0.0566,0.0012,0.0000,0.0219,0.0000,0.0000,0.0000,0.0000,0.0004,0.0000,1.0000
1.4288,114.82,-0.0002,0.0566,0.0012,0.0000,0.0219,0.0000,0.0000,0.0000,0.0000,0.0004,0.0000,1.0000
1.4488,114.82,-0.0002,0.0566,0.0012,0.0000,0.0219,0.0000,0.0000,0.0000,0.0000,0.0004,0.0000,1.0000
1.4688,114.82,-0.0002,0.0566,0.0012,0.0000,0.0219,0.0000,0.0000,0.0000,0.0000,0.0004,0.0000,1.0000
1.4888,114.82,-0.0002,0.0566,0.0012,0.0000,0.0219,0.0000,0.0000,0.0000,0.0000,0.0004,0.0000,1.0000
1.5088,114.82,-0.0002,0.0566,0.0012,0.0000,0.0219,0.0000,0.0000,0.0000,0.0000,0.0004,0.0000,1.0000
1.5288,114.82,-0.0002,0.0566,0.0012,0.0000,0.0219,0.0000,0.0000,0.0000,0.0000,0.0004,0.0000,1.0000
1.5488,114.82,-0.0002,0.0566,0.0012,0.0000,0.0219,0.0000,0.0000,0.0000,0.0000,0.0004,0.0000,1.0000
1.5688,114.82,-0.0002,0.0566,0.0012,0.0000,0.0219,0.0000,0.0000,0.0000,0.0000,0.0004,0.0000,1.0000
1.5888,114.82,-0.0002,0.0566,0.0012,0.0000,0.0219,0.0000,0.0000,0.0000,0.0000,0.0004,0.0000,1.0000
1.6088,114.82,-0.0002,0.0566,0.0012,0.0000,0.0219,0.0000,0.0000,0.0000,0.0000,0.0004,0.0000,1.0000
1.6288,114.82,-0.0002,0.0566,0.0012,0.0000,0.0219,0.0000,0.0000,0.0000,0.0000,0.0004,0.0000,1.0000
1.6488,114.82,-0.0002,0.0566,0.0012,0.0000,0.0219,0.0000,0.0000,0.0000,0.0000,0.0004,0.0000,1.0000
1.6688,114.82,-0.0002,0.0566,0.0012,0.0000,0.0219,0.0000,0.0000,0.0000,0.0000,0.0004,0.0000,1.0000
1.6888,114.82,-0.0002,0.0566,0.0012,0.0000,0.0219,0.0000,0.0000,0.0000,0.0000,0.0004,0.0000,1.0000
1.7088,114.82,-0.0002,0.0566,0.0012,0.0000,0.0219,0.0000,0.0000,0.0000,0.0000,0.0004,0.0000,1.0000
1.7288,114.82,-0.0002,0.0566,0.0012,0.0000,0.0219,0.0000,0.0000,0.0000,0.0000,0.0004,0.0000,1.0000
1.7488,114.82,-0.0002,0.0566,0.0012,0.0000,0.0219,0.0000,0.0000,0.0000,0.0000,0.0004,0.0000,1.0000
1.7688,114.82,-0.0002,0.0566,0.0012,0.0000,0.0219,0.0000,0.0000,0.0000,0.0000,0.0004,0.0000,1.0000
1.7888,114.82,-0.0002,0.0566,0.0012,0.0000,0.0219,0.0000,0.0000,0.0000,0.0000,0.0004,0.0000,1.0000
1.8088,114.82,-0.0002,0.0566,0.0012,0.0000,0.0219,0.0000,0.0000,0.0000,0.0000,0.0004,0.0000,1.0000
1.8288,114.82,-0.0002,0.0566,0.0012,0.0000,0.0219,0.0000,0.0000,0.0000,0.0000,0.0004,0.0000,1.0000
1.8488,114.82,-0.0002,0.0566,0.0012,0.0000,0.0219,0.0000,0.0000,0.0000,0.0000,0.0004,0.0000,1.0000
1.8688,114.82,-0.0002,0.0566,0.0012,0.0000,0.0219,0.0000,0.0000,0.0000,0.0000,0.0004,0.0000,1.0000
1.8888,114.82,-0.0002,0.0566,0.0012,0.0000,0.0219,0.0000,0.0000,0.0000,0.0000,0.0004,0.0000,1.0000
1.9088,114.82,-0.0002,0.0566,0.0012,0.0000,0.0219,0.0000,0.0000,0.0000,0.0000,0.0004,0.0000,1.0000
1.9288,114.82,-0.0002,0.0566,0.0012,0.0000,0.0219,0.0000,0.0000,0.0000,0.0000,0.0004,0.0000,1.0000
1.9488,114.82,-0.0002,0.0566,0.0012,0.0000,0.0219,0.0000,0.0000,0.0000,0.0000,0.0004,0.0000,1.0000
1.9688,114.82,-0.0002,0.0566,0.0012,0.0000,0.0219,0.0000,0.0000,0.0000,0.0000,0.0004,0.0000,1.0000
1.9888,114.82,-0.0002,0.0566,0.0012,0.0000,0.0219,0.0000,0.0000,0.0000,0.0000,0.0004,0.0000,1.0000
2.0088,114.82,-0.0002,0.0566,0.0012,0.0000,0.0219,0.0000,0.0000,0.0000,0.0000,0.0004,0.0000,1.0000
2.0288,114.82,-0.0002,0.0566,0.0012,0.0000,0.0219,0.0000,0.0000,0.0000,0.0000,0.0004,0.0000,1.0000
2.0488,114.82,-0.0002,0.0566,0.0012,0.0000,0.0219,0.0000,0.0000,0.0000,0.0000,0.0004,0.0000,1.0000
2.0688,114.82,-0.0002,0.0566,0.0012,0.0000,0.0219,0.0000,0.0000,0.0000,0.0000,0.0004,0.0000,1.0000
2.0888,114.82,-0.0002,0.0566,0.0012,0.0000,0.0219,0.0000,0.0000,0.0000,0.0000,0.0004,0.0000,1.0000
2.1088,114.82,-0.0002,0.0566,0.0012,0.0000,0.0219,0.0000,0.0000,0.0000,0.0000,0.0004,0.0000,1.0000
2.1288,114.82,-0.0002,0.0566,0.0012,0.0000,0.0219,0.0000,0.0000,0.0000,0.0000,0.0004,0.0000,1.0000
2.1488,114.82,-0.0002,0.0566,0.0012,0.0000,0.0219,0.0000,0.0000,0.0000,0.0000,0.0004,0.0000,1.0000
2.1688,114.82,-0.0002,0.0566,0.0012,0.0000,0.0219,0.0000,0.0000,0.0000,0.0000,0.0004,0.0000,1.0000
2.1888,123.94,-0.0002,0.0566,0.0012,0.0000,0.0219,0.0000,0.0000,0.0000,0.0000,0.0004,0.0000,1.0000
2.2088,123.94,-0.0002,0.0566,0.0012,0.0000,0.0219,0.0000,0.0000,0.0000,0.0000,0.0004,0.0000,1.0000
2.2288,123.94,-0.0002,0.0566,0.0012,0.0000,0.0219,0.0000,0.0000,0.0000,0.0000,0.0004,0.0000,1.0000
2.2488,123.94,-0.0002,0.0566,0.0012,0.0000,0.0219,0.0000,0.0000,0.0000,0.0000,0.0004,0.0000,1.0000
2.2688,123.94,-0.0002,0.0566,0.0012,0.0000,0.0219,0.0000,0.0000,0.0000,0.0000,0.0004,0.0000,1.0000
2.2888,123.94,-0.0002,0.0566,0.0012,0.0000,0.0219,0.0000,0.0000,0.0000,0.0000,0.0004,0.0000,1.0000
2.3088,123.94,-0.0002,0.0566,0.0012,0.0000,0.0219,0.0000,0.0000,0.0000,0.0000,0.0004,0.0000,1.0000
2.3288,123.94,-0.0002,0.0566,0.0012,0.0000,0.0219,0.0000,0.0000,0.0000,0.0000,0.0004,0.0000,1.0000
2.3488,123.94,-0.0002,0.0566,0.0012,0.0000,0.0219,0.0000,0.0000,0.0000,0.0000,0.0004,0.0000,1.0000
2.3688,123.94,-0.0002,0.0566,0.0012,0.0000,0.0219,0.0000,0.0000,0.0000,0.0000,0.0004,0.0000,1.0000
2.3888,123.94,-0.0002,0.0566,0.0012,0.0000,0.0219,0.0000,0.0000,0.0000,0.0000,0.0004,0.0000,1.0000
2.4088,123.94,-0.0002,0.0566,0.0012,0.0000,0.0219,0.0000,0.0000,0.0000,0.0000,0.0004,0.0000,1.0000
2.4288,123.94,-0.0002,0.0566,0.0012,0.0000,0.0219,0.0000,0.0000,0.0000,0.0000,0.0004,0.0000,1.0000
2.4488,123.94,-0.0002,0.0566,0.0012,0.0000,0.0219,0.0000,0.0000,0.0000,0.0000,0.0004,0.0000,1.0000
2.4688,123.94,-0.0002,0.0566,0.0012,0.0000,0.0219,0.0000,0.0000,0.0000,0.0000,0.0004,0.0000,1.0000
2.4888,123.94,-0.0002,0.0566,0.0012,0.0000,0.0219,0.0000,0.0000,0.0000,0.0000,0.0004,0.0000,1.0000
2.5088,123.94,-0.0002,0.0566,0.0012,0.0000,0.0219,0.0000,0.0000,0.0000,0.0000,0.0004,0.0000,1.0000
2.5288,123.94,-0.0002,0.0566,0.0012,0.0000,0.0219,0.0000,0.0000,0.0000,0.0000,0.0004,0.0000,1.0000
2.5488,123.94,-0.0002,0.0566,0.0012,0.0000,0.0219,0.0000,0.0000,0.0000,0.0000,0.0004,0.0000,1.0000
2.5688,123.94,-0.0002,0.0566,0.0012,0.0000,0.0219,0.0000,0.0000,0.0000,0.0000,0.0004,0.0000,1.0000
2.5888,123.94,-0.0002,0.0566,0.0012,0.0000,0.0219,0.0000,0.0000,0.0000,0.0000,0.0004,0.0000,1.0000
2.6088,123.94,-0.0002,0.0566,0.0012,0.0000,0.0219,0.0000,0.0000,0.0000,0.0000,0.0004,0.0000,1.0000
2.6288,123.94,-0.0002,0.0566,0.0012,0.0000,0.0219,0.0000,0.0000,0.0000,0.0000,0.0004,0.0000,1.0000
2.6488,123.94,-0.0002,0.0566,0.0012,0.0000,0.0219,0.0000,0.0000,0.0000,0.0000,0.0004,0.0000,1.0000
2.6688,123.94,-0.0002,0.0566,0.0012,0.0000,0.0219,0.0000,0.0000,0.0000,0.0000,0.0004,0.0000,1.0000
2.6888,123.94,-0.0002,0.0566,0.0012,0.0000,0.0219,0.0000,0.0000,0.0000,0.0000,0.0004,0.0000,1.0000
2.7088,123.94,-0.0002,0.0566,0.0012,0.0000,0.0219,0.0000,0.0000,0.0000,0.0000,0.0004,0.0000,1.0000
2.7288,123.94,-0.0002,0.0566,0.0012,0.0000,0.0219,0.0000,0.0000,0.0000,0.0000,0.0004,0.0000,1.0000
2.7488,123.94,-0.0002,0.0566,0.0012,0.0000,0.0219,0.0000,0.0000,0.0000,0.0000,0.0004,0.0000,1.0000
2.7688,123.94,-0.0002,0.0566,0.0012,0.0000,0.0219,0.0000,0.0000,0.0000,0.0000,0.0004,0.0000,1.0000
2.7888,123.94,-0.0002,0.0566,0.0012,0.0000,0.0219,0.0000,0.0000,0.0000,0.0000,0.0004,0.0000,1.0000
2.8088,123.94,-0.0002,0.0566,0.0012,0.0000,0.0219,0.0000,0.0000,0.0000,0.0000,0.0004,0.0000,1.0000
2.8288,123.94,-0.0002,0.0566,0.0012,0.0000,0.0219,0.0000,0.0000,0.0000,0.0000,0.0004,0.0000,1.0000
2.8488,123.94,-0.0002,0.0566,0.0012,0.0000,0.0219,0.0000,0.0000,0.0000,0.0000,0.0004,0.0000,1.0000
2.8688,123.94,-0.0002,0.0566,0.0012,0.0000,0.0219,0.0000,0.0000,0.0000,0.0000,0.0004,0.0000,1.0000
2.8888,123.94,-0.0002,0.0566,0.0012,0.0000,0.0219,0.0000,0.0000,0.0000,0.0000,0.0004,0.0000,1.0000
2.9088,123.94,-0.0002,0.0566,0.0012,0.0000,0.0219,0.0000,0.0000,0.0000,0.0000,0.0004,0.0000,1.0000
2.9288,123.94,-0.0002,0.0566,0.0012,0.0000,0.0219,0.0000,0.0000,0.0000,0.0000,0.0004,0.0000,1.0000
2.9488,123.94,-0.0002,0.0566,0.0012,0.0000,0.0219,0.0000,0.0000,0.0000,0.0000,0.0004,0.0000,1.0000
2.9688,123.94,-0.0002,0.0566,0.0012,0.0000,0.0219,0.0000,0.0000,0.0000,0.0000,0.0004,0.0000,1.0000
2.9888,123.94,-0.0002,0.0566,0.0012,0.0000,0.0219,0.0000,0.0000,0.0000,0.0000,0.0004,0.0000,1.0000
3.0088,123.94,-0.0002,0.0566,0.0012,0.0000,0.0219,0.0000,0.0000,0.0000,0.0000,0.0004,0.0000,1.0000
3.0288,123.94,-0.0002,0.0566,0.0012,0.0000,0.0219,0.0000,0.0000,0.0000,0.0000,0.0004,0.0000,1.0000
3.0488,123.94,-0.0002,0.0566,0.0012,0.0000,0.0219,0.0000,0.0000,0.0000,0.0000,0.0004,0.0000,1.0000
3.0688,123.94,-0.0002,0.0566,0.0012,0.0000,0.0219,0.0000,0.0000,0.0000,0.0000,0.0004,0.0000,1.0000
3.0888,123.94,-0.0002,0.0566,0.0012,0.0000,0.0219,0.0000,0.0000,0.0000,0.0000,0.0004,0.0000,1.0000
3.1088,123.94,-0.0002,0.0566,0.0012,0.0000,0.0219,0.0000,0.0000,0.0000,0.0000,0.0004,0.0000,1.0000
3.1288,123.94,-0.0002,0.0566,0.0012,0.0000,0.0219,0.0000,0.0000,0.0000,0.0000,0.0004,0.0000,1.0000
3.1488,123.94,-0.0002,0.0566,0.0012,0.0000,0.0219,0.0000,0.0000,0.0000,0.0000,0.0004,0.0000,1.0000
3.1688,123.94,-0.0002,0.0566,0.0012,0.0000,0.0219,0.0000,0.0000,0.0000,0.0000,0.0004,0.0000,1.0000
3.1888,128.80,-0.0002,0.0566,0.0012,0.0000,0.0219,0.0000,0.0000,0.0000,0.0000,0.0004,0.0000,1.0000
3.2088,128.80,-0.0002,0.0566,0.0012,0.0000,0.0219,0.0000,0.0000,0.0000,0.0000,0.0004,0.0000,1.0000
3.2288,128.80,-0.0002,0.0566,0.0012,0.0000,0.0219,0.0000,0.0000,0.0000,0.0000,0.0004,0.0000,1.0000
3.2488,128.80,-0.0002,0.0566,0.0012,0.0000,0.0219,0.0000,0.0000,0.0000,0.0000,0.0004,0.0000,1.0000
3.2688,128.80,-0.0002,0.0566,0.0012,0.0000,0.0219,0.0000,0.0000,0.0000,0.0000,0.0004,0.0000,1.0000
3.2888,128.80,-0.0002,0.0566,0.0012,0.0000,0.0219,0.0000,0.0000,0.0000,0.0000,0.0004,0.0000,1.0000
3.3088,128.80,-0.0002,0.0566,0.0012,0.0000,0.0219,0.0000,0.0000,0.0000,0.0000,0.0004,0.0000,1.0000
3.3288,128.80,-0.0002,0.0566,0.0012,0.0000,0.0219,0.0000,0.0000,0.0000,0.0000,0.0004,0.0000,1.0000
3.3488,128.80,-0.0002,0.0566,0.0012,0.0000,0.0219,0.0000,0.0000,0.0000,0.0000,0.0004,0.0000,1.0000
3.3688,128.80,-0.0002,0.0566,0.0012,0.0000,0.0219,0.0000,0.0000,0.0000,0.0000,0.0004,0.0000,1.0000
3.3888,128.80,-0.0002,0.0566,0.0012,0.0000,0.0219,0.0000,0.0000,0.0000,0.0000,0.0004,0.0000,1.0000
3.4088,128.80,-0.0002,0.0566,0.0012,0.0000,0.0219,0.0000,0.0000,0.0000,0.0000,0.0004,0.0000,1.0000
3.4288,128.80,-0.0002,0.0566,0.0012,0.0000,0.0219,0.0000,0.0000,0.0000,0.0000,0.0004,0.0000,1.0000
3.4488,128.80,-0.0002,0.0566,0.0012,0.0000,0.0219,0.0000,0.0000,0.0000,0.0000,0.0004,0.0000,1.0000
3.4688,128.80,-0.0002,0.0566,0.0012,0.0000,0.0219,0.0000,0.0000,0.0000,0.0000,0.0004,0.0000,1.0000
3.4888,128.80,-0.0002,0.0566,0.0012,0.0000,0.0219,0.0000,0.0000,0.0000,0.0000,0.0004,0.0000,1.0000
3.5088,128.80,-0.0002,0.0566,0.0012,0.0000,0.0219,0.0000,0.0000,0.0000,0.0000,0.0004,0.0000,1.0000
3.5288,128.80,-0.0002,0.0566,0.0012,0.0000,0.0219,0.0000,0.0000,0.0000,0.0000,0.0004,0.0000,1.0000
3.5488,128.80,-0.0002,0.0566,0.0012,0.0000,0.0219,0.0000,0.0000,0.0000,0.0000,0.0004,0.0000,1.0000
3.5688,128.80,-0.0002,0.0566,0.0012,0.0000,0.0219,0.0000,0.0000,0.0000,0.0000,0.0004,0.0000,1.0000
3.5888,128.80,-0.0002,0.0566,0.0012,0.0000,0.0219,0.0000,0.0000,0.0000,0.0000,0.0004,0.0000,1.0000
3.6088,128.80,-0.0002,0.0566,0.0012,0.0000,0.0219,0.0000,0.0000,0.0000,0.0000,0.0004,0.0000,1.0000
3.6288,128.80,-0.0002,0.0566,0.0012,0.0000,0.0219,0.0000,0.0000,0.0000,0.0000,0.0004,0.0000,1.0000
3.6488,128.80,-0.0002,0.0566,0.0012,0.0000,0.0219,0.0000,0.0000,0.0000,0.0000,0.0004,0.0000,1.0000
3.6688,128.80,-0.0002,0.0566,0.0012,0.0000,0.0219,0.0000,0.0000,0.0000,0.0000,0.0004,0.0000,1.0000
3.6888,128.80,-0.0002,0.0566,0.0012,0.0000,0.0219,0.0000,0.0000,0.0000,0.0000,0.0004,0.0000,1.0000
3.7088,128.80,-0.0002,0.0566,0.0012,0.0000,0.0219,0.0000,0.0000,0.0000,0.0000,0.0004,0.0000,1.0000
3.7288,128.80,-0.0002,0.0566,0.0012,0.0000,0.0219,0.0000,0.0000,0.0000,0.0000,0.0004,0.0000,1.0000
3.7488,128.80,-0.0002,0.0566,0.0012,0.0000,0.0219,0.0000,0.0000,0.0000,0.0000,0.0004,0.0000,1.0000
3.7688,128.80,-0.0002,0.0566,0.0012,0.0000,0.0219,0.0000,0.0000,0.0000,0.0000,0.0004,0.0000,1.0000
3.7888,128.80,-0.0002,0.0566,0.0012,0.0000,0.0219,0.0000,0.0000,0.0000,0.0000,0.0004,0.0000,1.0000
3.8088,128.80,-0.0002,0.0566,0.0012,0.0000,0.0219,0.0000,0.0000,0.0000,0.0000,0.0004,0.0000,1.0000
3.8288,128.80,-0.0002,0.0566,0.0012,0.0000,0.0219,0.0000,0.0000,0.0000,0.0000,0.0004,0.0000,1.0000
3.8488,128.80,-0.0002,0.0566,0.0012,0.0000,0.0219,0.0000,0.0000,0.0000,0.0000,0.0004,0.0000,1.0000
3.8688,128.80,-0.0002,0.0566,0.0012,0.0000,0.0219,0.0000,0.0000,0.0000,0.0000,0.0004,0.0000,1.0000
3.8888,128.80,-0.0002,0.0566,0.0012,0.0000,0.0219,0.0000,0.0000,0.0000,0.0000,0.0004,0.0000,1.0000
3.9088,128.80,-0.0002,0.0566,0.0012,0.0000,0.0219,0.0000,0.0000,0.0000,0.0000,0.0004,0.0000,1.0000
3.9288,128.80,-0.0002,0.0566,0.0012,0.0000,0.0219,0.0000,0.0000,0.0000,0.0000,0.0004,0.0000,1.0000
3.9488,128.80,-0.0002,0.0566,0.0012,0.0000,0.0219,0.0000,0.0000,0.0000,0.0000,0.0004,0.0000,1.0000
3.9688,128.80,-0.0002,0.0566,0.0012,0.0000,0.0219,0.0000,0.0000,0.0000,0.0000,0.0004,0.0000,1.0000
3.9888,128.80,-0.0002,0.0566,0.0012,0.0000,0.0219,0.0000,0.0000,0.0000,0.0000,0.0004,0.0000,1.0000
4.0088,128.80,-0.0002,0.0566,0.0012,0.0000,0.0219,0.0000,0.0000,0.0000,0.0000,0.0004,0.0000,1.0000
4.0288,128.80,-0.0002,0.0566,0.0012,0.0000,0.0219,0.0000,0.0000,0.0000,0.0000,0.0004,0.0000,1.0000
4.0488,128.80,-0.0002,0.0566,0.0012,0.0000,0.0219,0.0000,0.0000,0.0000,0.0000,0.0004,0.0000,1.0000
4.0688,128.80,-0.0002,0.0566,0.0012,0.0000,0.0219,0.0000,0.0000,0.0000,0.0000,0.0004,0.0000,1.0000
4.0888,128.80,-0.0002,0.0566,0.0012,0.0000,0.0219,0.0000,0.0000,0.0000,0.0000,0.0004,0.0000,1.0000
4.1088,128.80,-0.0002,0.0566,0.0012,0.0000,0.0219,0.0000,0.0000,0.0000,0.0000,0.0004,0.0000,1.0000
4.1288,128.80,-0.0002,0.0566,0.0012,0.0000,0.0219,0.0000,0.0000,0.0000,0.0000,0.0004,0.0000,1.0000
4.1488,128.80,-0.0002,0.0566,0.0012,0.0000,0.0219,0.0000,0.0000,0.0000,0.0000,0.0004,0.0000,1.0000
4.1688,128.80,-0.0002,0.0566,0.0012,0.0000,0.0219,0.0000,0.0000,0.0000,0.0000,0.0004,0.0000,1.0000
4.1888,123.22,-0.0002,0.0566,0.0012,0.0000,0.0219,0.0000,0.0000,0.0000,0.0000,0.0004,0.0000,1.0000
4.2088,123.22,-0.0002,0.0566,0.0012,0.0000,0.0219,0.0000,0.0000,0.0000,0.0000,0.0004,0.0000,1.0000
4.2288,123.22,-0.0002,0.0566,0.0012,0.0000,0.0219,0.0000,0.0000,0.0000,0.0000,0.0004,0.0000,1.0000
4.2488,123.22,-0.0002,0.0566,0.0012,0.0000,0.0219,0.0000,0.0000,0.0000,0.0000,0.0004,0.0000,1.0000
4.2688,123.22,-0.0002,0.0566,0.0012,0.0000,0.0219,0.0000,0.0000,0.0000,0.0000,0.0004,0.0000,1.0000
4.2888,123.22,-0.0002,0.0566,0.0012,0.0000,0.0219,0.0000,0.0000,0.0000,0.0000,0.0004,0.0000,1.0000
4.3088,123.22,-0.0002,0.0566,0.0012,0.0000,0.0219,0.0000,0.0000,0.0000,0.0000,0.0004,0.0000,1.0000
4.3288,123.22,-0.0002,0.0566,0.0012,0.0000,0.0219,0.0000,0.0000,0.0000,0.0000,0.0004,0.0000,1.0000
4.3488,123.22,-0.0002,0.0566,0.0012,0.0000,0.0219,0.0000,0.0000,0.0000,0.0000,0.0004,0.0000,1.0000
4.3688,123.22,-0.0002,0.0566,0.0012,0.0000,0.0219,0.0000,0.0000,0.0000,0.0000,0.0004,0.0000,1.0000
4.3888,123.22,-0.0002,0.0566,0.0012,0.0000,0.0219,0.0000,0.0000,0.0000,0.0000,0.0004,0.0000,1.0000
4.4088,123.22,-0.0002,0.0566,0.0012,0.0000,0.0219,0.0000,0.0000,0.0000,0.0000,0.0004,0.0000,1.0000
4.4288,123.22,-0.0002,0.0566,0.0012,0.0000,0.0219,0.0000,0.0000,0.0000,0.0000,0.0004,0.0000,1.0000
4.4488,123.22,-0.0002,0.0566,0.0012,0.0000,0.0219,0.0000,0.0000,0.0000,0.0000,0.0004,0.0000,1.0000
4.4688,123.22,-0.0002,0.0566,0.0012,0.0000,0.0219,0.0000,0.0000,0.0000,0.0000,0.0004,0.0000,1.0000
4.4888,123.22,-0.0002,0.0566,0.0012,0.0000,0.0219,0.0000,0.0000,0.0000,0.0000,0.0004,0.0000,1.0000
4.5088,123.22,-0.0002,0.0566,0.0012,0.0000,0.0219,0.0000,0.0000,0.0000,0.0000,0.0004,0.0000,1.0000
4.5288,123.22,-0.0002,0.0566,0.0012,0.0000,0.0219,0.0000,0.0000,0.0000,0.0000,0.0004,0.0000,1.0000
4.5488,123.22,-0.0002,0.0566,0.0012,0.0000,0.0219,0.0000,0.0000,0.0000,0.0000,0.0004,0.0000,1.0000
4.5688,123.22,-0.0002,0.0566,0.0012,0.0000,0.0219,0.0000,0.0000,0.0000,0.0000,0.0004,0.0000,1.0000
4.5888,123.22,-0.0002,0.0566,0.0012,0.0000,0.0219,0.0000,0.0000,0.0000,0.0000,0.0004,0.0000,1.0000
4.6088,123.22,-0.0002,0.0566,0.0012,0.0000,0.0219,0.0000,0.0000,0.0000,0.0000,0.0004,0.0000,1.0000
4.6288,123.22,-0.0002,0.0566,0.0012,0.0000,0.0219,0.0000,0.0000,0.0000,0.0000,0.0004,0.0000,1.0000
4.6488,123.22,-0.0002,0.0566,0.0012,0.0000,0.0219,0.0000,0.0000,0.0000,0.0000,0.0004,0.0000,1.0000
4.6688,123.22,-0.0002,0.0566,0.0012,0.0000,0.0219,0.0000,0.0000,0.0000,0.0000,0.0004,0.0000,1.0000
4.6888,123.22,-0.0002,0.0566,0.0012,0.0000,0.0219,0.0000,0.0000,0.0000,0.0000,0.0004,0.0000,1.0000
4.7088,123.22,-0.0002,0.0566,0.0012,0.0000,0.0219,0.0000,0.0000,0.0000,0.0000,0.0004,0.0000,1.0000
4.7288,123.22,-0.0002,0.0566,0.0012,0.0000,0.0219,0.0000,0.0000,0.0000,0.0000,0.0004,0.0000,1.0000
4.7488,123.22,-0.0002,0.0566,0.0012,0.0000,0.0219,0.0000,0.0000,0.0000,0.0000,0.0004,0.0000,1.0000
4.7688,123.22,-0.0002,0.0566,0.0012,0.0000,0.0219,0.0000,0.0000,0.0000,0.0000,0.0004,0.0000,1.0000
4.7888,123.22,-0.0002,0.0566,0.0012,0.0000,0.0219,0.0000,0.0000,0.0000,0.0000,0.0004,0.0000,1.0000
4.8088,123.22,-0.0002,0.0566,0.0012,0.0000,0.0219,0.0000,0.0000,0.0000,0.0000,0.0004,0.0000,1.0000
4.8288,123.22,-0.0002,0.0566,0.0012,0.0000,0.0219,0.0000,0.0000,0.0000,0.0000,0.0004,0.0000,1.0000
4.8488,123.22,-0.0002,0.0566,0.0012,0.0000,0.0219,0.0000,0.0000,0.0000,0.0000,0.0004,0.0000,1.0000
4.8688,123.22,-0.0002,0.0566,0.0012,0.0000,0.0219,0.0000,0.0000,0.0000,0.0000,0.0004,0.0000,1.0000
4.8888,123.22,-0.0002,0.0566,0.0012,0.0000,0.0219,0.0000,0.0000,0.0000,0.0000,0.0004,0.0000,1.0000
4.9088,123.22,-0.0002,0.0566,0.0012,0.0000,0.0219,0.0000,0.0000,0.0000,0.0000,0.0004,0.0000,1.0000
4.9288,123.22,-0.0002,0.0566,0.0012,0.0000,0.0219,0.0000,0.0000,0.0000,0.0000,0.0004,0.0000,1.0000
4.9488,123.22,-0.0002,0.0566,0.0012,0.0000,0.0219,0.0000,0.0000,0.0000,0.0000,0.0004,0.0000,1.0000
4.9688,123.22,-0.0002,0.0566,0.0012,0.0000,0.0219,0.0000,0.0000,0.0000,0.0000,0.0004,0.0000,1.0000
4.9888,123.22,-0.0002,0.0566,0.0012,0.0000,0.0219,0.0000,0.0000,0.0000,0.0000,0.0004,0.0000,1.0000
5.0088,123.22,-0.0002,0.0566,0.0012,0.0000,0.0219,0.0000,0.0000,0.0000,0.0000,0.0004,0.0000,1.0000
5.0288,123.22,-0.0002,0.0566,0.0012,0.0000,0.0219,0.0000,0.0000,0.0000,0.0000,0.0004,0.0000,1.0000
5.0488,123.22,-0.0002,0.0566,0.0012,0.0000,0.0219,0.0000,0.0000,0.0000,0.0000,0.0004,0.0000,1.0000
5.0688,123.22,-0.0002,0.0566,0.0012,0.0000,0.0219,0.0000,0.0000,0.0000,0.0000,0.0004,0.0000,1.0000
5.0888,123.22,-0.0002,0.0566,0.0012,0.0000,0.0219,0.0000,0.0000,0.0000,0.0000,0.0004,0.0000,1.0000
5.1088,123.22,-0.0002,0.0566,0.0012,0.0000,0.0219,0.0000,0.0000,0.0000,0.0000,0.0004,0.0000,1.0000
5.1288,123.22,-0.0002,0.0566,0.0012,0.0000,0.0219,0.0000,0.0000,0.0000,0.0000,0.0004,0.0000,1.0000
5.1488,123.22,-0.0002,0.0566,0.0012,0.0000,0.0219,0.0000,0.0000,0.0000,0.0000,0.0004,0.0000,1.0000
5.1688,123.22,-0.0002,0.0566,0.0012,0.0000,0.0219,0.0000,0.0000,0.0000,0.0000,0.0004,0.0000,1.0000
5.1888,132.74,-0.0002,0.0566,0.0012,0.0000,0.0219,0.0000,0.0000,0.0000,0.0000,0.0004,0.0000,1.0000
5.2088,132.74,-0.0002,0.0566,0.0012,0.0000,0.0219,0.0000,0.0000,0.0000,0.0000,0.0004,0.0000,1.0000
5.2288,132.74,-0.0002,0.0566,0.0012,0.0000,0.0219,0.0000,0.0000,0.0000,0.0000,0.0004,0.0000,1.0000
5.2488,132.74,-0.0002,0.0566,0.0012,0.0000,0.0219,0.0000,0.0000,0.0000,0.0000,0.0004,0.0000,1.0000
5.2688,132.74,-0.0002,0.0566,0.0012,0.0000,0.0219,0.0000,0.0000,0.0000,0.0000,0.0004,0.0000,1.0000
5.2888,132.74,-0.0002,0.0566,0.0012,0.0000,0.0219,0.0000,0.0000,0.0000,0.0000,0.0004,0.0000,1.0000
5.3088,132.74,-0.0002,0.0566,0.0012,0.0000,0.0219,0.0000,0.0000,0.0000,0.0000,0.0004,0.0000,1.0000
5.3288,132.74,-0.0002,0.0566,0.0012,0.0000,0.0219,0.0000,0.0000,0.0000,0.0000,0.0004,0.0000,1.0000
5.3488,132.74,-0.0002,0.0566,0.0012,0.0000,0.0219,0.0000,0.0000,0.0000,0.0000,0.0004,0.0000,1.0000
5.3688,132.74,-0.0002,0.0566,0.0012,0.0000,0.0219,0.0000,0.0000,0.0000,0.0000,0.0004,0.0000,1.0000
5.3888,132.74,-0.0002,0.0566,0.0012,0.0000,0.0219,0.0000,0.0000,0.0000,0.0000,0.0004,0.0000,1.0000
5.4088,132.74,-0.0002,0.0566,0.0012,0.0000,0.0219,0.0000,0.0000,0.0000,0.0000,0.0004,0.0000,1.0000
5.4288,132.74,-0.0002,0.0566,0.0012,0.0000,0.0219,0.0000,0.0000,0.0000,0.0000,0.0004,0.0000,1.0000
5.4488,132.74,-0.0002,0.0566,0.0012,0.0000,0.0219,0.0000,0.0000,0.0000,0.0000,0.0004,0.0000,1.0000
5.4688,132.74,-0.0002,0.0566,0.0012,0.0000,0.0219,0.0000,0.0000,0.0000,0.0000,0.0004,0.0000,1.0000
5.4888,132.74,-0.0002,0.0566,0.0012,0.0000,0.0219,0.0000,0.0000,0.0000,0.0000,0.0004,0.0000,1.0000
5.5088,132.74,-0.0002,0.0566,0.0012,0.0000,0.0219,0.0000,0.0000,0.0000,0.0000,0.0004,0.0000,1.0000
5.5288,132.74,-0.0002,0.0566,0.0012,0.0000,0.0219,0.0000,0.0000,0.0000,0.0000,0.0004,0.0000,1.0000
5.5488,132.74,-0.0002,0.0566,0.0012,0.0000,0.0219,0.0000,0.0000,0.0000,0.0000,0.0004,0.0000,1.0000
5.5688,132.74,-0.0002,0.0566,0.0012,0.0000,0.0219,0.0000,0.0000,0.0000,0.0000,0.0004,0.0000,1.0000
5.5888,132.74,-0.0002,0.0566,0.0012,0.0000,0.0219,0.0000,0.0000,0.0000,0.0000,0.0004,0.0000,1.0000
5.6088,132.74,-0.0002,0.0566,0.0012,0.0000,0.0219,0.0000,0.0000,0.0000,0.0000,0.0004,0.0000,1.0000
5.6288,132.74,-0.0002,0.0566,0.0012,0.0000,0.0219,0.0000,0.0000,0.0000,0.0000,0.0004,0.0000,1.0000
5.6488,132.74,-0.0002,0.0566,0.0012,0.0000,0.0219,0.0000,0.0000,0.0000,0.0000,0.0004,0.0000,1.0000
5.6688,132.74,-0.0002,0.0566,0.0012,0.0000,0.0219,0.0000,0.0000,0.0000,0.0000,0.0004,0.0000,1.0000
5.6888,132.74,-0.0002,0.0566,0.0012,0.0000,0.0219,0.0000,0.0000,0.0000,0.0000,0.0004,0.0000,1.0000
5.7088,132.74,-0.0002,0.0566,0.0012,0.0000,0.0219,0.0000,0.0000,0.0000,0.0000,0.0004,0.0000,1.0000
5.7288,132.74,-0.0002,0.0566,0.0012,0.0000,0.0219,0.0000,0.0000,0.0000,0.0000,0.0004,0.0000,1.0000
5.7488,132.74,-0.0002,0.0566,0.0012,0.0000,0.0219,0.0000,0.0000,0.0000,0.0000,0.0004,0.0000,1.0000
5.7688,132.74,-0.0002,0.0566,0.0012,0.0000,0.0219,0.0000,0.0000,0.0000,0.0000,0.0004,0.0000,1.0000
5.7888,132.74,-0.0002,0.0566,0.0012,0.0000,0.0219,0.0000,0.0000,0.0000,0.0000,0.0004,0.0000,1.0000
5.8088,132.74,-0.0002,0.0566,0.0012,0.0000,0.0219,0.0000,0.0000,0.0000,0.0000,0.0004,0.0000,1.0000
5.8288,132.74,-0.0002,0.0566,0.0012,0.0000,0.0219,0.0000,0.0000,0.0000,0.0000,0.0004,0.0000,1.0000
5.8488,132.74,-0.0002,0.0566,0.0012,0.0000,0.0219,0.0000,0.0000,0.0000,0.0000,0.0004,0.0000,1.0000
5.8688,132.74,-0.0002,0.0566,0.0012,0.0000,0.0219,0.0000,0.0000,0.0000,0.0000,0.0004,0.0000,1.0000
5.8888,132.74,-0.0002,0.0566,0.0012,0.0000,0.0219,0.0000,0.0000,0.0000,0.0000,0.0004,0.0000,1.0000
5.9088,132.74,-0.0002,0.0566,0.0012,0.0000,0.0219,0.0000,0.0000,0.0000,0.0000,0.0004,0.0000,1.0000
5.9288,132.74,-0.0002,0.0566,0.0012,0.0000,0.0219,0.0000,0.0000,0.0000,0.0000,0.0004,0.0000,1.0000
5.9488,132.74,-0.0002,0.0566,0.0012,0.0000,0.0219,0.0000,0.0000,0.0000,0.0000,0.0004,0.0000,1.0000
5.9688,132.74,-0.0002,0.0566,0.0012,0.0000,0.0219,0.0000,0.0000,0.0000,0.0000,0.0004,0.0000,1.0000
5.9888,132.74,-0.0002,0.0566,0.0012,0.0000,0.0219,0.0000,0.0000,0.0000,0.0000,0.0004,0.0000,1.0000
6.0088,132.74,-0.0002,0.0566,0.0012,0.0000,0.0219,0.0000,0.0000,0.0000,0.0000,0.0004,0.0000,1.0000
6.0288,132.74,-0.0002,0.0566,0.0012,0.0000,0.0219,0.0000,0.0000,0.0000,0.0000,0.0004,0.0000,1.0000
6.0488,132.74,-0.0002,0.0566,0.0012,0.0000,0.0219,0.0000,0.0000,0.0000,0.0000,0.0004,0.0000,1.0000
6.0688,132.74,-0.0002,0.0566,0.0012,0.0000,0.0219,0.0000,0.0000,0.0000,0.0000,0.0004,0.0000,1.0000
6.0888,132.74,-0.0002,0.0566,0.0012,0.0000,0.0219,0.0000,0.0000,0.0000,0.0000,0.0004,0.0000,1.0000
6.1088,132.74,-0.0002,0.0566,0.0012,0.0000,0.0219,0.0000,0.0000,0.0000,0.0000,0.0004,0.0000,1.0000
6.1288,132.74,-0.0002,0.0566,0.0012,0.0000,0.0219,0.0000,0.0000,0.0000,0.0000,0.0004,0.0000,1.0000
6.1488,132.74,-0.0002,0.0566,0.0012,0.0000,0.0219,0.0000,0.0000,0.0000,0.0000,0.0004,0.0000,1.0000
6.1688,132.74,-0.0002,0.0566,0.0012,0.0000,0.0219,0.0000,0.0000,0.0000,0.0000,0.0004,0.0000,1.0000
6.1888,132.74,-0.0002,0.0566,0.0012,0.0000,0.0219,0.0000,0.0000,0.0000,0.0000,0.0004,0.0000,1.0000
6.2088,117.21,-0.0002,0.0566,0.0012,0.0000,0.0219,0.0000,0.0000,0.0000,0.0000,0.0004,0.0000,1.0000
6.2288,117.21,-0.0002,0.0566,0.0012,0.0000,0.0219,0.0000,0.0000,0.0000,0.0000,0.0004,0.0000,1.0000
6.2488,117.21,-0.0002,0.0566,0.0012,0.0000,0.0219,0.0000,0.0000,0.0000,0.0000,0.0004,0.0000,1.0000
6.2688,117.21,-0.0002,0.0566,0.0012,0.0000,0.0219,0.0000,0.0000,0.0000,0.0000,0.0004,0.0000,1.0000
6.2888,117.21,-0.0002,0.0566,0.0012,0.0000,0.0219,0.0000,0.0000,0.0000,0.0000,0.0004,0.0000,1.0000
6.3088,117.21,-0.0002,0.0566,0.0012,0.0000,0.0219,0.0000,0.0000,0.0000,0.0000,0.0004,0.0000,1.0000
6.3288,117.21,-0.0002,0.0566,0.0012,0.0000,0.0219,0.0000,0.0000,0.0000,0.0000,0.0004,0.0000,1.0000
6.3488,117.21,-0.0002,0.0566,0.0012,0.0000,0.0219,0.0000,0.0000,0.0000,0.0000,0.0004,0.0000,1.0000
6.3688,117.21,-0.0002,0.0566,0.0012,0.0000,0.0219,0.0000,0.0000,0.0000,0.0000,0.0004,0.0000,1.0000
6.3888,117.21,-0.0002,0.0566,0.0012,0.0000,0.0219,0.0000,0.0000,0.0000,0.0000,0.0004,0.0000,1.0000
6.4088,117.21,-0.0002,0.0566,0.0012,0.0000,0.0219,0.0000,0.0000,0.0000,0.0000,0.0004,0.0000,1.0000
6.4288,117.21,-0.0002,0.0566,0.0012,0.0000,0.0219,0.0000,0.0000,0.0000,0.0000,0.0004,0.0000,1.0000
6.4488,117.21,-0.0002,0.0566,0.0012,0.0000,0.0219,0.0000,0.0000,0.0000,0.0000,0.0004,0.0000,1.0000
6.4688,117.21,-0.0002,0.0566,0.0012,0.0000,0.0219,0.0000,0.0000,0.0000,0.0000,0.0004,0.0000,1.0000
6.4888,117.21,-0.0002,0.0566,0.0012,0.0000,0.0219,0.0000,0.0000,0.0000,0.0000,0.0004,0.0000,1.0000
6.5088,117.21,-0.0002,0.0566,0.0012,0.0000,0.0219,0.0000,0.0000,0.0000,0.0000,0.0004,0.0000,1.0000
6.5288,117.21,-0.0002,0.0566,0.0012,0.0000,0.0219,0.0000,0.0000,0.0000,0.0000,0.0004,0.0000,1.0000
6.5488,117.21,-0.0002,0.0566,0.0012,0.0000,0.0219,0.0000,0.0000,0.0000,0.0000,0.0004,0.0000,1.0000
6.5688,117.21,-0.0002,0.0566,0.0012,0.0000,0.0219,0.0000,0.0000,0.0000,0.0000,0.0004,0.0000,1.0000
6.5888,117.21,-0.0002,0.0566,0.0012,0.0000,0.0219,0.0000,0.0000,0.0000,0.0000,0.0004,0.0000,1.0000
6.6088,117.21,-0.0002,0.0566,0.0012,0.0000,0.0219,0.0000,0.0000,0.0000,0.0000,0.0004,0.0000,1.0000
6.6288,117.21,-0.0002,0.0566,0.0012,0.0000,0.0219,0.0000,0.0000,0.0000,0.0000,0.0004,0.0000,1.0000
6.6488,117.21,-0.0002,0.0566,0.0012,0.0000,0.0219,0.0000,0.0000,0.0000,0.0000,0.0004,0.0000,1.0000
6.6688,117.21,-0.0002,0.0566,0.0012,0.0000,0.0219,0.0000,0.0000,0.0000,0.0000,0.0004,0.0000,1.0000
6.6888,117.21,-0.0002,0.0566,0.0012,0.0000,0.0219,0.0000,0.0000,0.0000,0.0000,0.0004,0.0000,1.0000
6.7088,117.21,-0.0002,0.0566,0.0012,0.0000,0.0219,0.0000,0.0000,0.0000,0.0000,0.0004,0.0000,1.0000
6.7288,117.21,-0.0002,0.0566,0.0012,0.0000,0.0219,0.0000,0.0000,0.0000,0.0000,0.0004,0.0000,1.0000
6.7488,117.21,-0.0002,0.0566,0.0012,0.0000,0.0219,0.0000,0.0000,0.0000,0.0000,0.0004,0.0000,1.0000
6.7688,117.21,-0.0002,0.0566,0.0012,0.0000,0.0219,0.0000,0.0000,0.0000,0.0000,0.0004,0.0000,1.0000
6.7888,117.21,-0.0002,0.0566,0.0012,0.0000,0.0219,0.0000,0.0000,0.0000,0.0000,0.0004,0.0000,1.0000
6.8088,117.21,-0.0002,0.0566,0.0012,0.0000,0.0219,0.0000,0.0000,0.0000,0.0000,0.0004,0.0000,1.0000
6.8288,117.21,-0.0002,0.0566,0.0012,0.0000,0.0219,0.0000,0.0000,0.0000,0.0000,0.0004,0.0000,1.0000
6.8488,117.21,-0.0002,0.0566,0.0012,0.0000,0.0219,0.0000,0.0000,0.0000,0.0000,0.0004,0.0000,1.0000
6.8688,117.21,-0.0002,0.0566,0.0012,0.0000,0.0219,0.0000,0.0000,0.0000,0.0000,0.0004,0.0000,1.0000
6.8888,117.21,-0.0002,0.0566,0.0012,0.0000,0.0219,0.0000,0.0000,0.0000,0.0000,0.0004,0.0000,1.0000
6.9088,117.21,-0.0002,0.0566,0.0012,0.0000,0.0219,0.0000,0.0000,0.0000,0.0000,0.0004,0.0000,1.0000
6.9288,117.21,-0.0002,0.0566,0.0012,0.0000,0.0219,0.0000,0.0000,0.0000,0.0000,0.0004,0.0000,1.0000
6.9488,117.21,-0.0002,0.0566,0.0012,0.0000,0.0219,0.0000,0.0000,0.0000,0.0000,0.0004,0.0000,1.0000
6.9688,117.21,-0.0002,0.0566,0.0012,0.0000,0.0219,0.0000,0.0000,0.0000,0.0000,0.0004,0.0000,1.0000
6.9888,117.21,-0.0002,0.0566,0.0012,0.0000,0.0219,0.0000,0.0000,0.0000,0.0000,0.0004,0.0000,1.0000
7.0088,117.21,-0.0002,0.0566,0.0012,0.0000,0.0219,0.0000,0.0000,0.0000,0.0000,0.0004,0.0000,1.0000
7.0288,117.21,-0.0002,0.0566,0.0012,0.0000,0.0219,0.0000,0.0000,0.0000,0.0000,0.0004,0.0000,1.0000
7.0488,117.21,-0.0002,0.0566,0.0012,0.0000,0.0219,0.0000,0.0000,0.0000,0.0000,0.0004,0.0000,1.0000
7.0688,117.21,-0.0002,0.0566,0.0012,0.0000,0.0219,0.0000,0.0000,0.0000,0.0000,0.0004,0.0000,1.0000
7.0888,117.21,-0.0002,0.0566,0.0012,0.0000,0.0219,0.0000,0.0000,0.0000,0.0000,0.0004,0.0000,1.0000
7.1088,117.21,-0.0002,0.0566,0.0012,0.0000,0.0219,0.0000,0.0000,0.0000,0.0000,0.0004,0.0000,1.0000
7.1288,117.21,-0.0002,0.0566,0.0012,0.0000,0.0219,0.0000,0.0000,0.0000,0.0000,0.0004,0.0000,1.0000
7.1488,117.21,-0.0002,0.0566,0.0012,0.0000,0.0219,0.0000,0.0000,0.0000,0.0000,0.0004,0.0000,1.0000
7.1688,117.21,-0.0002,0.0566,0.0012,0.0000,0.0219,0.0000,0.0000,0.0000,0.0000,0.0004,0.0000,1.0000
7.1888,117.21,-0.0002,0.0566,0.0012,0.0000,0.0219,0.0000,0.0000,0.0000,0.0000,0.0004,0.0000,1.0000
7.2088,127.62,-0.0002,0.0566,0.0012,0.0000,0.0219,0.0000,0.0000,0.0000,0.0000,0.0004,0.0000,1.0000
7.2288,127.62,-0.0002,0.0566,0.0012,0.0000,0.0219,0.0000,0.0000,0.0000,0.0000,0.0004,0.0000,1.0000
7.2488,127.62,-0.0002,0.0566,0.0012,0.0000,0.0219,0.0000,0.0000,0.0000,0.0000,0.0004,0.0000,1.0000
7.2688,127.62,-0.0002,0.0566,0.0012,0.0000,0.0219,0.0000,0.0000,0.0000,0.0000,0.0004,0.0000,1.0000
7.2888,127.62,-0.0002,0.0566,0.0012,0.0000,0.0219,0.0000,0.0000,0.0000,0.0000,0.0004,0.0000,1.0000
7.3088,127.62,-0.0002,0.0566,0.0012,0.0000,0.0219,0.0000,0.0000,0.0000,0.0000,0.0004,0.0000,1.0000
7.3288,127.62,-0.0002,0.0566,0.0012,0.0000,0.0219,0.0000,0.0000,0.0000,0.0000,0.0004,0.0000,1.0000
7.3488,127.62,-0.0002,0.0566,0.0012,0.0000,0.0219,0.0000,0.0000,0.0000,0.0000,0.0004,0.0000,1.0000
7.3688,127.62,-0.0002,0.0566,0.0012,0.0000,0.0219,0.0000,0.0000,0.0000,0.0000,0.0004,0.0000,1.0000
7.3888,127.62,-0.0002,0.0566,0.0012,0.0000,0.0219,0.0000,0.0000,0.0000,0.0000,0.0004,0.0000,1.0000
7.4088,127.62,-0.0002,0.0566,0.0012,0.0000,0.0219,0.0000,0.0000,0.0000,0.0000,0.0004,0.0000,1.0000
7.4288,127.62,-0.0002,0.0566,0.0012,0.0000,0.0219,0.0000,0.0000,0.0000,0.0000,0.0004,0.0000,1.0000
7.4488,127.62,-0.0002,0.0566,0.0012,0.0000,0.0219,0.0000,0.0000,0.0000,0.0000,0.0004,0.0000,1.0000
7.4688,127.62,-0.0002,0.0566,0.0012,0.0000,0.0219,0.0000,0.0000,0.0000,0.0000,0.0004,0.0000,1.0000
7.4888,127.62,-0.0002,0.0566,0.0012,0.0000,0.0219,0.0000,0.0000,0.0000,0.0000,0.0004,0.0000,1.0000
7.5088,127.62,-0.0002,0.0566,0.0012,0.0000,0.0219,0.0000,0.0000,0.0000,0.0000,0.0004,0.0000,1.0000
7.5288,127.62,-0.0002,0.0566,0.0012,0.0000,0.0219,0.0000,0.0000,0.0000,0.0000,0.0004,0.0000,1.0000
7.5488,127.62,-0.0002,0.0566,0.0012,0.0000,0.0219,0.0000,0.0000,0.0000,0.0000,0.0004,0.0000,1.0000
7.5688,127.62,-0.0002,0.0566,0.0012,0.0000,0.0219,0.0000,0.0000,0.0000,0.0000,0.0004,0.0000,1.0000
7.5888,127.62,-0.0002,0.0566,0.0012,0.0000,0.0219,0.0000,0.0000,0.0000,0.0000,0.0004,0.0000,1.0000
7.6088,127.62,-0.0002,0.0566,0.0012,0.0000,0.0219,0.0000,0.0000,0.0000,0.0000,0.0004,0.0000,1.0000
7.6288,127.62,-0.0002,0.0566,0.0012,0.0000,0.0219,0.0000,0.0000,0.0000,0.0000,0.0004,0.0000,1.0000
7.6488,127.62,-0.0002,0.0566,0.0012,0.0000,0.0219,0.0000,0.0000,0.0000,0.0000,0.0004,0.0000,1.0000
7.6688,127.62,-0.0002,0.0566,0.0012,0.0000,0.0219,0.0000,0.0000,0.0000,0.0000,0.0004,0.0000,1.0000
7.6888,127.62,-0.0002,0.0566,0.0012,0.0000,0.0219,0.0000,0.0000,0.0000,0.0000,0.0004,0.0000,1.0000
7.7088,127.62,-0.0002,0.0566,0.0012,0.0000,0.0219,0.0000,0.0000,0.0000,0.0000,0.0004,0.0000,1.0000
7.7288,127.62,-0.0002,0.0566,0.0012,0.0000,0.0219,0.0000,0.0000,0.0000,0.0000,0.0004,0.0000,1.0000
7.7488,127.62,-0.0002,0.0566,0.0012,0.0000,0.0219,0.0000,0.0000,0.0000,0.0000,0.0004,0.0000,1.0000
7.7688,127.62,-0.0002,0.0566,0.0012,0.0000,0.0219,0.0000,0.0000,0.0000,0.0000,0.0004,0.0000,1.0000
7.7888,127.62,-0.0002,0.0566,0.0012,0.0000,0.0219,0.0000,0.0000,0.0000,0.0000,0.0004,0.0000,1.0000
7.8088,127.62,-0.0002,0.0566,0.0012,0.0000,0.0219,0.0000,0.0000,0.0000,0.0000,0.0004,0.0000,1.0000
7.8288,127.62,-0.0002,0.0566,0.0012,0.0000,0.0219,0.0000,0.0000,0.0000,0.0000,0.0004,0.0000,1.0000
7.8488,127.62,-0.0002,0.0566,0.0012,0.0000,0.0219,0.0000,0.0000,0.0000,0.0000,0.0004,0.0000,1.0000
7.8688,127.62,-0.0002,0.0566,0.0012,0.0000,0.0219,0.0000,0.0000,0.0000,0.0000,0.0004,0.0000,1.0000
7.8888,127.62,-0.0002,0.0566,0.0012,0.0000,0.0219,0.0000,0.0000,0.0000,0.0000,0.0004,0.0000,1.0000
7.9088,127.62,-0.0002,0.0566,0.0012,0.0000,0.0219,0.0000,0.0000,0.0000,0.0000,0.0004,0.0000,1.0000
7.9288,127.62,-0.0002,0.0566,0.0012,0.0000,0.0219,0.0000,0.0000,0.0000,0.0000,0.0004,0.0000,1.0000
7.9488,127.62,-0.0002,0.0566,0.0012,0.0000,0.0219,0.0000,0.0000,0.0000,0.0000,0.0004,0.0000,1.0000
7.9688,127.62,-0.0002,0.0566,0.0012,0.0000,0.0219,0.0000,0.0000,0.0000,0.0000,0.0004,0.0000,1.0000
7.9888,127.62,-0.0002,0.0566,0.0012,0.0000,0.0219,0.0000,0.0000,0.0000,0.0000,0.0004,0.0000,1.0000
8.0088,127.62,-0.0002,0.0566,0.0012,0.0000,0.0219,0.0000,0.0000,0.0000,0.0000,0.0004,0.0000,1.0000
8.0288,127.62,-0.0002,0.0566,0.0012,0.0000,0.0219,0.0000,0.0000,0.0000,0.0000,0.0004,0.0000,1.0000
8.0488,127.62,-0.0002,0.0566,0.0012,0.0000,0.0219,0.0000,0.0000,0.0000,0.0000,0.0004,0.0000,1.0000
8.0688,127.62,-0.0002,0.0566,0.0012,0.0000,0.0219,0.0000,0.0000,0.0000,0.0000,0.0004,0.0000,1.0000
8.0888,127.62,-0.0002,0.0566,0.0012,0.0000,0.0219,0.0000,0.0000,0.0000,0.0000,0.0004,0.0000,1.0000
8.1088,127.62,-0.0002,0.0566,0.0012,0.0000,0.0219,0.0000,0.0000,0.0000,0.0000,0.0004,0.0000,1.0000
8.1288,127.62,-0.0002,0.0566,0.0012,0.0000,0.0219,0.0000,0.0000,0.0000,0.0000,0.0004,0.0000,1.0000
8.1488,127.62,-0.0002,0.0566,0.0012,0.0000,0.0219,0.0000,0.0000,0.0000,0.0000,0.0004,0.0000,1.0000
8.1688,127.62,-0.0002,0.0566,0.0012,0.0000,0.0219,0.0000,0.0000,0.0000,0.0000,0.0004,0.0000,1.0000
8.1888,127.62,-0.0002,0.0566,0.0012,0.0000,0.0219,0.0000,0.0000,0.0000,0.0000,0.0004,0.0000,1.0000
8.2088,124.50,-0.0002,0.0566,0.0012,0.0000,0.0219,0.0000,0.0000,0.0000,0.0000,0.0004,0.0000,1.0000
8.2288,124.50,-0.0002,0.0566,0.0012,0.0000,0.0219,0.0000,0.0000,0.0000,0.0000,0.0004,0.0000,1.0000
8.2488,124.50,-0.0002,0.0566,0.0012,0.0000,0.0219,0.0000,0.0000,0.0000,0.0000,0.0004,0.0000,1.0000
8.2688,124.50,-0.0002,0.0566,0.0012,0.0000,0.0219,0.0000,0.0000,0.0000,0.0000,0.0004,0.0000,1.0000
8.2888,124.50,-0.0002,0.0566,0.0012,0.0000,0.0219,0.0000,0.0000,0.0000,0.0000,0.0004,0.0000,1.0000
8.3088,124.50,-0.0002,0.0566,0.0012,0.0000,0.0219,0.0000,0.0000,0.0000,0.0000,0.0004,0.0000,1.0000
8.3288,124.50,-0.0002,0.0566,0.0012,0.0000,0.0219,0.0000,0.0000,0.0000,0.0000,0.0004,0.0000,1.0000
8.3488,124.50,-0.0002,0.0566,0.0012,0.0000,0.0219,0.0000,0.0000,0.0000,0.0000,0.0004,0.0000,1.0000
8.3688,124.50,-0.0002,0.0566,0.0012,0.0000,0.0219,0.0000,0.0000,0.0000,0.0000,0.0004,0.0000,1.0000
8.3888,124.50,-0.0002,0.0566,0.0012,0.0000,0.0219,0.0000,0.0000,0.0000,0.0000,0.0004,0.0000,1.0000
8.4088,124.50,-0.0002,0.0566,0.0012,0.0000,0.0219,0.0000,0.0000,0.0000,0.0000,0.0004,0.0000,1.0000
8.4288,124.50,-0.0002,0.0566,0.0012,0.0000,0.0219,0.0000,0.0000,0.0000,0.0000,0.0004,0.0000,1.0000
8.4488,124.50,-0.0002,0.0566,0.0012,0.0000,0.0219,0.0000,0.0000,0.0000,0.0000,0.0004,0.0000,1.0000
8.4688,124.50,-0.0002,0.0566,0.0012,0.0000,0.0219,0.0000,0.0000,0.0000,0.0000,0.0004,0.0000,1.0000
8.4888,124.50,-0.0002,0.0566,0.0012,0.0000,0.0219,0.0000,0.0000,0.0000,0.0000,0.0004,0.0000,1.0000
8.5088,124.50,-0.0002,0.0566,0.0012,0.0000,0.0219,0.0000,0.0000,0.0000,0.0000,0.0004,0.0000,1.0000
8.5288,124.50,-0.0002,0.0566,0.0012,0.0000,0.0219,0.0000,0.0000,0.0000,0.0000,0.0004,0.0000,1.0000
8.5488,124.50,-0.0002,0.0566,0.0012,0.0000,0.0219,0.0000,0.0000,0.0000,0.0000,0.0004,0.0000,1.0000
8.5688,124.50,-0.0002,0.0566,0.0012,0.0000,0.0219,0.0000,0.0000,0.0000,0.0000,0.0004,0.0000,1.0000
8.5888,124.50,-0.0002,0.0566,0.0012,0.0000,0.0219,0.0000,0.0000,0.0000,0.0000,0.0004,0.0000,1.0000
8.6088,124.50,-0.0002,0.0566,0.0012,0.0000,0.0219,0.0000,0.0000,0.0000,0.0000,0.0004,0.0000,1.0000
8.6288,124.50,-0.0002,0.0566,0.0012,0.0000,0.0219,0.0000,0.0000,0.0000,0.0000,0.0004,0.0000,1.0000
8.6488,124.50,-0.0002,0.0566,0.0012,0.0000,0.0219,0.0000,0.0000,0.0000,0.0000,0.0004,0.0000,1.0000
8.6688,124.50,-0.0002,0.0566,0.0012,0.0000,0.0219,0.0000,0.0000,0.0000,0.0000,0.0004,0.0000,1.0000
8.6888,124.50,-0.0002,0.0566,0.0012,0.0000,0.0219,0.0000,0.0000,0.0000,0.0000,0.0004,0.0000,1.0000
8.7088,124.50,-0.0002,0.0566,0.0012,0.0000,0.0219,0.0000,0.0000,0.0000,0.0000,0.0004,0.0000,1.0000
8.7288,124.50,-0.0002,0.0566,0.0012,0.0000,0.0219,0.0000,0.0000,0.0000,0.0000,0.0004,0.0000,1.0000
8.7488,124.50,-0.0002,0.0566,0.0012,0.0000,0.0219,0.0000,0.0000,0.0000,0.0000,0.0004,0.0000,1.0000
8.7688,124.50,-0.0002,0.0566,0.0012,0.0000,0.0219,0.0000,0.0000,0.0000,0.0000,0.0004,0.0000,1.0000
8.7888,124.50,-0.0002,0.0566,0.0012,0.0000,0.0219,0.0000,0.0000,0.0000,0.0000,0.0004,0.0000,1.0000
8.8088,124.50,-0.0002,0.0566,0.0012,0.0000,0.0219,0.0000,0.0000,0.0000,0.0000,0.0004,0.0000,1.0000
8.8288,124.50,-0.0002,0.0566,0.0012,0.0000,0.0219,0.0000,0.0000,0.0000,0.0000,0.0004,0.0000,1.0000
8.8488,124.50,-0.0002,0.0566,0.0012,0.0000,0.0219,0.0000,0.0000,0.0000,0.0000,0.0004,0.0000,1.0000
8.8688,124.50,-0.0002,0.0566,0.0012,0.0000,0.0219,0.0000,0.0000,0.0000,0.0000,0.0004,0.0000,1.0000
8.8888,124.50,-0.0002,0.0566,0.0012,0.0000,0.0219,0.0000,0.0000,0.0000,0.0000,0.0004,0.0000,1.0000
8.9088,124.50,-0.0002,0.0566,0.0012,0.0000,0.0219,0.0000,0.0000,0.0000,0.0000,0.0004,0.0000,1.0000
8.9288,124.50,-0.0002,0.0566,0.0012,0.0000,0.0219,0.0000,0.0000,0.0000,0.0000,0.0004,0.0000,1.0000
8.9488,124.50,-0.0002,0.0566,0.0012,0.0000,0.0219,0.0000,0.0000,0.0000,0.0000,0.0004,0.0000,1.0000
8.9688,124.50,-0.0002,0.0566,0.0012,0.0000,0.0219,0.0000,0.0000,0.0000,0.0000,0.0004,0.0000,1.0000
8.9888,124.50,-0.0002,0.0566,0.0012,0.0000,0.0219,0.0000,0.0000,0.0000,0.0000,0.0004,0.0000,1.0000
9.0088,124.50,-0.0002,0.0566,0.0012,0.0000,0.0219,0.0000,0.0000,0.0000,0.0000,0.0004,0.0000,1.0000
9.0288,124.50,-0.0002,0.0566,0.0012,0.0000,0.0219,0.0000,0.0000,0.0000,0.0000,0.0004,0.0000,1.0000
9.0488,124.50,-0.0002,0.0566,0.0012,0.0000,0.0219,0.0000,0.0000,0.0000,0.0000,0.0004,0.0000,1.0000
9.0688,124.50,-0.0002,0.0566,0.0012,0.0000,0.0219,0.0000,0.0000,0.0000,0.0000,0.0004,0.0000,1.0000
9.0888,124.50,-0.0002,0.0566,0.0012,0.0000,0.0219,0.0000,0.0000,0.0000,0.0000,0.0004,0.0000,1.0000
9.1088,124.50,-0.0002,0.0566,0.0012,0.0000,0.0219,0.0000,0.0000,0.0000,0.0000,0.0004,0.0000,1.0000
9.1288,124.50,-0.0002,0.0566,0.0012,0.0000,0.0219,0.0000,0.0000,0.0000,0.0000,0.0004,0.0000,1.0000
9.1488,124.50,-0.0002,0.0566,0.0012,0.0000,0.0219,0.0000,0.0000,0.0000,0.0000,0.0004,0.0000,1.0000
9.1688,124.50,-0.0002,0.0566,0.0012,0.0000,0.0219,0.0000,0.0000,0.0000,0.0000,0.0004,0.0000,1.0000
9.1888,124.50,-0.0002,0.0566,0.0012,0.0000,0.0219,0.0000,0.0000,0.0000,0.0000,0.0004,0.0000,1.0000
9.2088,123.18,-0.0002,0.0566,0.0012,0.0000,0.0219,0.0000,0.0000,0.0000,0.0000,0.0004,0.0000,1.0000
9.2288,123.18,-0.0002,0.0566,0.0012,0.0000,0.0219,0.0000,0.0000,0.0000,0.0000,0.0004,0.0000,1.0000
9.2488,123.18,-0.0002,0.0566,0.0012,0.0000,0.0219,0.0000,0.0000,0.0000,0.0000,0.0004,0.0000,1.0000
9.2688,123.18,-0.0002,0.0566,0.0012,0.0000,0.0219,0.0000,0.0000,0.0000,0.0000,0.0004,0.0000,1.0000
9.2888,123.18,-0.0002,0.0566,0.0012,0.0000,0.0219,0.0000,0.0000,0.0000,0.0000,0.0004,0.0000,1.0000
9.3088,123.18,-0.0002,0.0566,0.0012,0.0000,0.0219,0.0000,0.0000,0.0000,0.0000,0.0004,0.0000,1.0000
9.3288,123.18,-0.0002,0.0566,0.0012,0.0000,0.0219,0.0000,0.0000,0.0000,0.0000,0.0004,0.0000,1.0000
9.3488,123.18,-0.0002,0.0566,0.0012,0.0000,0.0219,0.0000,0.0000,0.0000,0.0000,0.0004,0.0000,1.0000
9.3688,123.18,-0.0002,0.0566,0.0012,0.0000,0.0219,0.0000,0.0000,0.0000,0.0000,0.0004,0.0000,1.0000
9.3888,123.18,-0.0002,0.0566,0.0012,0.0000,0.0219,0.0000,0.0000,0.0000,0.0000,0.0004,0.0000,1.0000
9.4088,123.18,-0.0002,0.0566,0.0012,0.0000,0.0219,0.0000,0.0000,0.0000,0.0000,0.0004,0.0000,1.0000
9.4288,123.18,-0.0002,0.0566,0.0012,0.0000,0.0219,0.0000,0.0000,0.0000,0.0000,0.0004,0.0000,1.0000
9.4488,123.18,-0.0002,0.0566,0.0012,0.0000,0.0219,0.0000,0.0000,0.0000,0.0000,0.0004,0.0000,1.0000
9.4688,123.18,-0.0002,0.0566,0.0012,0.0000,0.0219,0.0000,0.0000,0.0000,0.0000,0.0004,0.0000,1.0000
9.4888,123.18,-0.0002,0.0566,0.0012,0.0000,0.0219,0.0000,0.0000,0.0000,0.0000,0.0004,0.0000,1.0000
9.5088,123.18,-0.0002,0.0566,0.0012,0.0000,0.0219,0.0000,0.0000,0.0000,0.0000,0.0004,0.0000,1.0000
9.5288,123.18,-0.0002,0.0566,0.0012,0.0000,0.0219,0.0000,0.0000,0.0000,0.0000,0.0004,0.0000,1.0000
9.5488,123.18,-0.0002,0.0566,0.0012,0.0000,0.0219,0.0000,0.0000,0.0000,0.0000,0.0004,0.0000,1.0000
9.5688,123.18,-0.0002,0.0566,0.0012,0.0000,0.0219,0.0000,0.0000,0.0000,0.0000,0.0004,0.0000,1.0000
9.5888,123.18,-0.0002,0.0566,0.0012,0.0000,0.0219,0.0000,0.0000,0.0000,0.0000,0.0004,0.0000,1.0000
9.6088,123.18,-0.0002,0.0566,0.0012,0.0000,0.0219,0.0000,0.0000,0.0000,0.0000,0.0004,0.0000,1.0000
9.6288,123.18,-0.0002,0.0566,0.0012,0.0000,0.0219,0.0000,0.0000,0.0000,0.0000,0.0004,0.0000,1.0000
9.6488,123.18,-0.0002,0.0566,0.0012,0.0000,0.0219,0.0000,0.0000,0.0000,0.0000,0.0004,0.0000,1.0000
9.6688,123.18,-0.0002,0.0566,0.0012,0.0000,0.0219,0.0000,0.0000,0.0000,0.0000,0.0004,0.0000,1.0000
9.6888,123.18,-0.0002,0.0566,0.0012,0.0000,0.0219,0.0000,0.0000,0.0000,0.0000,0.0004,0.0000,1.0000
9.7088,123.18,-0.0002,0.0566,0.0012,0.0000,0.0219,0.0000,0.0000,0.0000,0.0000,0.0004,0.0000,1.0000
9.7288,123.18,-0.0002,0.0566,0.0012,0.0000,0.0219,0.0000,0.0000,0.0000,0.0000,0.0004,0.0000,1.0000
9.7488,123.18,-0.0002,0.0566,0.0012,0.0000,0.0219,0.0000,0.0000,0.0000,0.0000,0.0004,0.0000,1.0000
9.7688,123.18,-0.0002,0.0566,0.0012,0.0000,0.0219,0.0000,0.0000,0.0000,0.0000,0.0004,0.0000,1.0000
9.7888,123.18,-0.0002,0.0566,0.0012,0.0000,0.0219,0.0000,0.0000,0.0000,0.0000,0.0004,0.0000,1.0000
9.8088,123.18,-0.0002,0.0566,0.0012,0.0000,0.0219,0.0000,0.0000,0.0000,0.0000,0.0004,0.0000,1.0000
9.8288,123.18,-0.0002,0.0589,0.0012,359.9941,0.0223,-0.0005,-0.0001,0.1181,0.0013,0.0004,0.0001,1.0000
9.8488,123.18,-0.0002,0.0614,0.0012,359.9844,0.0229,-0.0013,-0.0002,0.1233,0.0020,0.0004,0.0003,1.0000
9.8688,123.18,-0.0002,0.0660,0.0013,359.9694,0.0238,-0.0026,-0.0003,0.2329,0.0031,0.0004,0.0005,1.0000
9.8888,123.18,-0.0002,0.0709,0.0014,359.9510,0.0250,-0.0042,-0.0003,0.2425,0.0037,0.0004,0.0009,1.0000
9.9088,123.18,-0.0002,0.0778,0.0014,359.9278,0.0265,359.9938,-0.0004,0.3443,0.0044,0.0005,0.0013,1.0000
9.9288,123.18,-0.0002,0.0849,0.0015,359.9017,0.0281,359.9915,-0.0004,0.3576,0.0048,0.0005,0.0017,1.0000
9.9488,123.18,-0.0002,0.0940,0.0016,359.8713,0.0301,359.9889,-0.0005,0.4524,0.0052,0.0005,0.0022,1.0000
9.9688,123.18,-0.0002,0.1034,0.0017,359.8383,0.0322,359.9861,-0.0005,0.4688,0.0053,0.0006,0.0028,1.0000
9.9888,123.18,-0.0002,0.1145,0.0019,359.8016,0.0345,359.9829,-0.0005,0.5572,0.0053,0.0006,0.0035,1.0000
10.0088,123.18,-0.0002,0.1260,0.0020,359.7627,0.0370,359.9795,-0.0005,0.5762,0.0050,0.0006,0.0041,1.0000
10.0288,123.18,-0.0003,0.1392,0.0020,359.7205,0.0397,359.9759,-0.0004,0.6588,0.0046,0.0007,0.0049,1.0000
10.0488,123.18,-0.0003,0.1528,0.0021,359.6764,0.0425,359.9720,-0.0004,0.6799,0.0040,0.0007,0.0056,1.0000
10.0688,123.18,-0.0003,0.1679,0.0022,359.6294,0.0455,359.9680,-0.0003,0.7571,0.0031,0.0008,0.0065,1.0000
10.0888,123.18,-0.0003,0.1835,0.0022,359.5809,0.0486,359.9637,-0.0002,0.7799,0.0021,0.0008,0.0073,1.0000
10.1088,123.18,-0.0003,0.2006,0.0022,359.5300,0.0519,359.9593,-0.0001,0.8523,0.0007,0.0009,0.0082,1.0000
10.1288,123.18,-0.0003,0.2181,0.0022,359.4778,0.0552,359.9547,0.0000,0.8764,-0.0007,0.0010,0.0091,1.0000
10.1488,123.18,-0.0003,0.2370,0.0022,359.4235,0.0587,359.9500,0.0002,0.9443,-0.0026,0.0010,0.0101,0.9999
10.1688,123.18,-0.0003,0.2564,0.0021,359.3683,0.0623,359.9452,0.0003,0.9694,-0.0045,0.0011,0.0110,0.9999
10.1888,123.18,-0.0002,0.2771,0.0019,359.3113,0.0660,359.9402,0.0006,1.0332,-0.0069,0.0012,0.0120,0.9999
10.2088,123.18,-0.0002,0.2982,0.0018,359.2537,0.0697,359.9352,0.0008,1.0591,-0.0092,0.0012,0.0130,0.9999
10.2288,123.46,-0.0002,0.3206,0.0015,359.1947,0.0735,359.9300,0.0010,1.1192,-0.0121,0.0013,0.0141,0.9999
10.2488,123.46,-0.0002,0.3435,0.0012,359.1353,0.0774,359.9248,0.0012,1.1456,-0.0149,0.0014,0.0151,0.9999
10.2688,123.46,-0.0002,0.3676,0.0009,359.0748,0.0813,359.9195,0.0015,1.2021,-0.0183,0.0014,0.0161,0.9999
10.2888,123.46,-0.0001,0.3921,0.0004,359.0140,0.0853,359.9141,0.0018,1.2288,-0.0216,0.0015,0.0172,0.9999
10.3088,123.46,-0.0001,0.4178,-0.0001,358.9525,0.0893,359.9087,0.0021,1.2821,-0.0255,0.0016,0.0183,0.9998
10.3288,123.46,0.0000,0.4440,-0.0007,358.8910,0.0933,359.9033,0.0025,1.3090,-0.0293,0.0016,0.0194,0.9998
10.3488,123.46,0.0000,0.4712,-0.0013,358.8290,0.0974,359.8979,0.0028,1.3592,-0.0336,0.0017,0.0204,0.9998
10.3688,123.46,0.0001,0.4989,-0.0021,358.7672,0.1015,359.8924,0.0032,1.3861,-0.0379,0.0018,0.0215,0.9998
10.3888,123.46,0.0002,0.5275,-0.0030,358.7051,0.1056,359.8869,0.0036,1.4335,-0.0427,0.0018,0.0226,0.9997
10.4088,123.46,0.0002,0.5567,-0.0039,358.6434,0.1096,359.8815,0.0040,1.4602,-0.0474,0.0019,0.0237,0.9997
10.4288,123.46,0.0003,0.5868,-0.0050,358.5817,0.1137,359.8760,0.0045,1.5050,-0.0527,0.0020,0.0248,0.9997
10.4488,123.46,0.0004,0.6175,-0.0061,358.5205,0.1178,359.8706,0.0049,1.5315,-0.0579,0.0021,0.0258,0.9997
10.4688,123.46,0.0005,0.6490,-0.0074,358.4595,0.1218,359.8652,0.0054,1.5738,-0.0636,0.0021,0.0269,0.9996
10.4888,123.46,0.0007,0.6810,-0.0088,358.3992,0.1259,359.8598,0.0059,1.5999,-0.0693,0.0022,0.0279,0.9996
10.5088,123.46,0.0008,0.7138,-0.0103,358.3393,0.1299,359.8545,0.0064,1.6400,-0.0754,0.0023,0.0290,0.9996
10.5288,123.46,0.0009,0.7471,-0.0119,358.2802,0.1338,359.8493,0.0069,1.6656,-0.0815,0.0023,0.0300,0.9995
10.5488,123.46,0.0011,0.7811,-0.0137,358.2216,0.1378,359.8441,0.0075,1.7035,-0.0880,0.0024,0.0310,0.9995
10.5688,123.46,0.0012,0.8157,-0.0156,358.1640,0.1416,359.8390,0.0081,1.7287,-0.0945,0.0025,0.0320,0.9995
10.5888,123.46,0.0014,0.8510,-0.0176,358.1071,0.1455,359.8339,0.0086,1.7646,-0.1014,0.0025,0.0330,0.9995
10.6088,123.46,0.0016,0.8868,-0.0198,358.0512,0.1492,359.8289,0.0092,1.7891,-0.1083,0.0026,0.0340,0.9994
10.6288,123.46,0.0018,0.9232,-0.0221,357.9962,0.1530,359.8240,0.0099,1.8231,-0.1156,0.0027,0.0350,0.9994
10.6488,123.46,0.0020,0.9602,-0.0245,357.9424,0.1566,359.8192,0.0105,1.8470,-0.1228,0.0027,0.0359,0.9994
10.6688,123.46,0.0022,0.9978,-0.0271,357.8896,0.1602,359.8145,0.0111,1.8792,-0.1304,0.0028,0.0368,0.9993
10.6888,123.46,0.0025,1.0358,-0.0299,357.8380,0.1637,359.8099,0.0118,1.9025,-0.1380,0.0029,0.0377,0.9993
10.7088,123.46,0.0027,1.0745,-0.0328,357.7874,0.1672,359.8054,0.0124,1.9329,-0.1459,0.0029,0.0386,0.9993
10.7288,123.46,0.0030,1.1136,-0.0359,357.7383,0.1706,359.8010,0.0131,1.9555,-0.1538,0.0030,0.0395,0.9992
10.7488,123.46,0.0032,1.1533,-0.0391,357.6903,0.1739,359.7968,0.0138,1.9843,-0.1620,0.0030,0.0403,0.9992
10.7688,123.46,0.0035,1.1934,-0.0425,357.6437,0.1771,359.7926,0.0145,2.0062,-0.1702,0.0031,0.0411,0.9991
10.7888,123.46,0.0038,1.2341,-0.0461,357.5984,0.1802,359.7885,0.0152,2.0334,-0.1786,0.0031,0.0419,0.9991
10.8088,123.46,0.0042,1.2752,-0.0498,357.5545,0.1832,359.7846,0.0159,2.0545,-0.1870,0.0032,0.0427,0.9991
10.8288,123.46,0.0045,1.3168,-0.0538,357.5120,0.1862,359.7808,0.0167,2.0804,-0.1957,0.0032,0.0434,0.9991
10.8488,123.46,0.0048,1.3588,-0.0578,357.4710,0.1891,359.7772,0.0174,2.1007,-0.2044,0.0033,0.0441,0.9990
10.8688,123.46,0.0052,1.4013,-0.0621,357.4314,0.1918,359.7737,0.0182,2.1251,-0.2133,0.0033,0.0448,0.9990
10.8888,123.46,0.0056,1.4442,-0.0666,357.3934,0.1945,359.7703,0.0189,2.1447,-0.2221,0.0034,0.0455,0.9990
10.9088,123.46,0.0060,1.4875,-0.0712,357.3568,0.1971,359.7670,0.0197,2.1678,-0.2312,0.0034,0.0461,0.9989
10.9288,123.46,0.0064,1.5313,-0.0760,357.3218,0.1995,359.7639,0.0205,2.1866,-0.2403,0.0035,0.0467,0.9989
10.9488,123.46,0.0068,1.5754,-0.0810,357.2883,0.2019,359.7609,0.0212,2.2084,-0.2495,0.0035,0.0473,0.9989
10.9688,123.46,0.0073,1.6200,-0.0861,357.2564,0.2042,359.7581,0.0220,2.2265,-0.2587,0.0036,0.0479,0.9988
10.9888,123.46,0.0077,1.6649,-0.0915,357.2260,0.2063,359.7554,0.0228,2.2471,-0.2680,0.0036,0.0484,0.9988
11.0088,123.46,0.0082,1.7102,-0.0971,357.1973,0.2084,359.7528,0.0236,2.2643,-0.2773,0.0036,0.0489,0.9988
11.0288,123.46,0.0087,1.7559,-0.1028,357.1701,0.2103,359.7504,0.0244,2.2837,-0.2868,0.0037,0.0494,0.9988
11.0488,123.46,0.0092,1.8019,-0.1087,357.1446,0.2122,359.7481,0.0252,2.3002,-0.2962,0.0037,0.0498,0.9988
11.0688,123.46,0.0097,1.8482,-0.1148,357.1206,0.2139,359.7460,0.0260,2.3185,-0.3057,0.0037,0.0502,0.9987
11.0888,123.46,0.0102,1.8949,-0.1211,357.0983,0.2155,359.7440,0.0268,2.3342,-0.3151,0.0038,0.0506,0.9987
11.1088,123.46,0.0108,1.9420,-0.1276,357.0776,0.2171,359.7422,0.0276,2.3515,-0.3247,0.0038,0.0510,0.9987
11.1288,123.46,0.0114,1.9893,-0.1343,357.0585,0.2185,359.7405,0.0284,2.3664,-0.3342,0.0038,0.0513,0.9987
11.1488,123.46,0.0119,2.0369,-0.1412,357.0410,0.2198,359.7390,0.0292,2.3826,-0.3438,0.0038,0.0516,0.9987
11.1688,123.46,0.0125,2.0849,-0.1483,357.0251,0.2210,359.7376,0.0300,2.3968,-0.3533,0.0039,0.0519,0.9986
11.1888,123.46,0.0132,2.1331,-0.1555,357.0107,0.2221,359.7364,0.0308,2.4120,-0.3629,0.0039,0.0521,0.9986
11.2088,123.46,0.0138,2.1816,-0.1630,356.9980,0.2231,359.7353,0.0316,2.4254,-0.3724,0.0039,0.0524,0.9986
11.2288,129.58,0.0144,2.2304,-0.1706,356.9868,0.2239,359.7343,0.0324,2.4397,-0.3820,0.0039,0.0526,0.9986
11.2488,129.58,0.0151,2.2795,-0.1784,356.9773,0.2247,359.7335,0.0332,2.4524,-0.3914,0.0039,0.0527,0.9986
11.2688,129.58,0.0158,2.3288,-0.1864,356.9693,0.2254,359.7328,0.0340,2.4657,-0.4009,0.0039,0.0529,0.9986
11.2888,129.58,0.0165,2.3783,-0.1947,356.9629,0.2259,359.7323,0.0348,2.4777,-0.4104,0.0039,0.0530,0.9986
11.3088,129.58,0.0172,2.4281,-0.2030,356.9579,0.2264,359.7319,0.0356,2.4902,-0.4198,0.0039,0.0531,0.9986
11.3288,129.58,0.0179,2.4782,-0.2116,356.9546,0.2267,359.7317,0.0364,2.5014,-0.4291,0.0040,0.0531,0.9986
11.3488,129.58,0.0187,2.5284,-0.2204,356.9527,0.2270,359.7315,0.0372,2.5130,-0.4385,0.0040,0.0532,0.9986
11.3688,129.58,0.0194,2.5789,-0.2294,356.9523,0.2271,359.7316,0.0380,2.5235,-0.4477,0.0040,0.0532,0.9986
11.3888,129.58,0.0202,2.6296,-0.2385,356.9534,0.2272,359.7317,0.0388,2.5343,-0.4569,0.0040,0.0531,0.9986
11.4088,129.58,0.0210,2.6805,-0.2478,356.9560,0.2271,359.7320,0.0395,2.5441,-0.4660,0.0040,0.0531,0.9986
11.4288,129.58,0.0218,2.7315,-0.2573,356.9600,0.2270,359.7324,0.0403,2.5542,-0.4751,0.0040,0.0530,0.9986
11.4488,129.58,0.0226,2.7828,-0.2670,356.9655,0.2267,359.7330,0.0410,2.5633,-0.4841,0.0040,0.0529,0.9986
11.4688,129.58,0.0234,2.8343,-0.2769,356.9723,0.2264,359.7336,0.0418,2.5726,-0.4930,0.0039,0.0528,0.9986
11.4888,129.58,0.0243,2.8859,-0.2869,356.9805,0.2259,359.7344,0.0425,2.5810,-0.5018,0.0039,0.0527,0.9986
11.5088,129.58,0.0252,2.9377,-0.2971,356.9901,0.2254,359.7354,0.0433,2.5896,-0.5106,0.0039,0.0525,0.9986
11.5288,129.58,0.0260,2.9896,-0.3075,357.0010,0.2247,359.7364,0.0440,2.5974,-0.5192,0.0039,0.0523,0.9986
11.5488,129.58,0.0269,3.0417,-0.3180,357.0132,0.2240,359.7375,0.0447,2.6052,-0.5278,0.0039,0.0521,0.9986
11.5688,129.58,0.0278,3.0940,-0.3288,357.0268,0.2232,359.7388,0.0454,2.6123,-0.5363,0.0039,0.0519,0.9986
11.5888,129.58,0.0288,3.1464,-0.3397,357.0416,0.2223,359.7402,0.0461,2.6195,-0.5446,0.0039,0.0516,0.9987
11.6088,129.58,0.0297,3.1989,-0.3507,357.0576,0.2213,359.7417,0.0468,2.6260,-0.5529,0.0039,0.0513,0.9987
11.6288,129.58,0.0307,3.2515,-0.3619,357.0749,0.2203,359.7433,0.0475,2.6325,-0.5610,0.0038,0.0510,0.9987
11.6488,129.58,0.0316,3.3043,-0.3733,357.0934,0.2191,359.7450,0.0482,2.6384,-0.5690,0.0038,0.0507,0.9987
11.6688,129.58,0.0326,3.3572,-0.3849,357.1130,0.2179,359.7468,0.0488,2.6443,-0.5769,0.0038,0.0504,0.9987
11.6888,129.58,0.0336,3.4102,-0.3966,357.1338,0.2166,359.7487,0.0495,2.6496,-0.5847,0.0038,0.0500,0.9987
11.7088,129.58,0.0346,3.4633,-0.4084,357.1557,0.2152,359.7507,0.0501,2.6548,-0.5923,0.0038,0.0496,0.9988
11.7288,129.58,0.0356,3.5165,-0.4204,357.1787,0.2137,359.7528,0.0507,2.6595,-0.5999,0.0037,0.0492,0.9988
11.7488,129.58,0.0366,3.5697,-0.4325,357.2028,0.2122,359.7550,0.0514,2.6641,-0.6073,0.0037,0.0488,0.9988
11.7688,129.58,0.0377,3.6231,-0.4448,357.2279,0.2106,359.7573,0.0520,2.6683,-0.6145,0.0037,0.0484,0.9988
11.7888,129.58,0.0387,3.6766,-0.4573,357.2540,0.2089,359.7597,0.0526,2.6723,-0.6217,0.0036,0.0479,0.9988
11.8088,129.58,0.0398,3.7301,-0.4698,357.2811,0.2072,359.7621,0.0531,2.6759,-0.6286,0.0036,0.0474,0.9989
11.8288,129.58,0.0409,3.7837,-0.4826,357.3091,0.2054,359.7647,0.0537,2.6794,-0.6355,0.0036,0.0469,0.9989
11.8488,129.58,0.0419,3.8373,-0.4954,357.3381,0.2035,359.7673,0.0543,2.6825,-0.6422,0.0035,0.0464,0.9989
11.8688,129.58,0.0430,3.8910,-0.5084,357.3680,0.2016,359.7700,0.0548,2.6854,-0.6488,0.0035,0.0459,0.9989
11.8888,129.58,0.0441,3.9448,-0.5215,357.3987,0.1996,359.7728,0.0554,2.6879,-0.6552,0.0035,0.0454,0.9990
11.9088,129.58,0.0453,3.9986,-0.5347,357.4303,0.1975,359.7756,0.0559,2.6903,-0.6614,0.0034,0.0448,0.9990
11.9288,129.58,0.0464,4.0524,-0.5481,357.4627,0.1954,359.7786,0.0564,2.6923,-0.6675,0.0034,0.0443,0.9990
11.9488,129.58,0.0475,4.1063,-0.5615,357.4959,0.1933,359.7815,0.0569,2.6942,-0.6735,0.0034,0.0437,0.9990
11.9688,129.58,0.0487,4.1602,-0.5751,357.5299,0.1911,359.7846,0.0574,2.6957,-0.6793,0.0033,0.0431,0.9991
11.9888,129.58,0.0498,4.2142,-0.5888,357.5646,0.1888,359.7877,0.0579,2.6971,-0.6849,0.0033,0.0425,0.9991
12.0088,129.58,0.0510,4.2681,-0.6026,357.6000,0.1865,359.7909,0.0583,2.6982,-0.6904,0.0033,0.0419,0.9991
12.0288,129.58,0.0522,4.3221,-0.6165,357.6361,0.1842,359.7941,0.0588,2.6990,-0.6958,0.0032,0.0412,0.9991
12.0488,129.58,0.0534,4.3761,-0.6305,357.6728,0.1818,359.7974,0.0592,2.6996,-0.7009,0.0032,0.0406,0.9992
12.0688,129.58,0.0545,4.4301,-0.6447,357.7101,0.1793,359.8007,0.0596,2.7000,-0.7059,0.0031,0.0400,0.9992
12.0888,129.58,0.0557,4.4841,-0.6589,357.7481,0.1769,359.8041,0.0600,2.7001,-0.7108,0.0031,0.0393,0.9992
12.1088,129.58,0.0570,4.5381,-0.6732,357.7866,0.1744,359.8075,0.0604,2.7001,-0.7155,0.0030,0.0386,0.9992
12.1288,129.58,0.0582,4.5921,-0.6876,357.8257,0.1718,359.8110,0.0608,2.6998,-0.7200,0.0030,0.0379,0.9993
12.1488,129.58,0.0594,4.6461,-0.7021,357.8652,0.1692,359.8145,0.0611,2.6993,-0.7243,0.0030,0.0372,0.9993
12.1688,129.58,0.0606,4.7001,-0.7167,357.9053,0.1666,359.8181,0.0615,2.6985,-0.7285,0.0029,0.0366,0.9993
12.1888,129.58,0.0619,4.7540,-0.7313,357.9458,0.1640,359.8216,0.0618,2.6976,-0.7326,0.0029,0.0358,0.9994
12.2088,129.58,0.0631,4.8079,-0.7460,357.9868,0.1613,359.8253,0.0622,2.6964,-0.7364,0.0028,0.0351,0.9994
12.2288,122.29,0.0644,4.8618,-0.7608,358.0281,0.1586,359.8289,0.0625,2.6951,-0.7401,0.0028,0.0344,0.9994
12.2488,122.29,0.0656,4.9157,-0.7757,358.0699,0.1559,359.8326,0.0628,2.6935,-0.7436,0.0027,0.0337,0.9994
12.2688,122.29,0.0669,4.9696,-0.7906,358.1120,0.1531,359.8363,0.0630,2.6917,-0.7470,0.0027,0.0329,0.9995
12.2888,122.29,0.0681,5.0233,-0.8056,358.1544,0.1504,359.8400,0.0633,2.6898,-0.7502,0.0026,0.0322,0.9995
12.3088,122.29,0.0694,5.0771,-0.8207,358.1972,0.1476,359.8438,0.0636,2.6876,-0.7532,0.0026,0.0315,0.9995
12.3288,122.29,0.0707,5.1308,-0.8358,358.2402,0.1448,359.8475,0.0638,2.6853,-0.7561,0.0025,0.0307,0.9995
12.3488,122.29,0.0720,5.1845,-0.8510,358.2835,0.1420,359.8513,0.0640,2.6828,-0.7588,0.0025,0.0300,0.9995
12.3688,122.29,0.0733,5.2381,-0.8662,358.3270,0.1391,359.8551,0.0642,2.6800,-0.7613,0.0024,0.0292,0.9996
12.3888,122.29,0.0745,5.2916,-0.8815,358.3707,0.1363,359.8590,0.0644,2.6771,-0.7637,0.0024,0.0284,0.9996
12.4088,122.29,0.0758,5.3451,-0.8968,358.4146,0.1334,359.8628,0.0646,2.6740,-0.7659,0.0023,0.0277,0.9996
12.4288,122.29,0.0771,5.3985,-0.9122,358.4587,0.1305,359.8666,0.0648,2.6708,-0.7679,0.0023,0.0269,0.9996
12.4488,122.29,0.0784,5.4518,-0.9276,358.5029,0.1277,359.8705,0.0650,2.6674,-0.7698,0.0022,0.0261,0.9997
12.4688,122.29,0.0797,5.5051,-0.9430,358.5472,0.1248,359.8744,0.0651,2.6638,-0.7715,0.0022,0.0254,0.9997
12.4888,122.29,0.0810,5.5583,-0.9585,358.5917,0.1219,359.8782,0.0652,2.6600,-0.7730,0.0021,0.0246,0.9997
12.5088,122.29,0.0823,5.6114,-0.9740,358.6362,0.1190,359.8821,0.0653,2.6561,-0.7744,0.0021,0.0238,0.9997
12.5288,122.29,0.0836,5.6645,-0.9895,358.6807,0.1161,359.8859,0.0654,2.6520,-0.7756,0.0020,0.0230,0.9997
12.5488,122.29,0.0850,5.7174,-1.0050,358.7253,0.1132,359.8898,0.0655,2.6477,-0.7767,0.0020,0.0222,0.9998
12.5688,122.29,0.0863,5.7703,-1.0206,358.7699,0.1103,359.8936,0.0656,2.6433,-0.7776,0.0019,0.0215,0.9998
12.5888,122.29,0.0876,5.8231,-1.0361,358.8145,0.1074,359.8975,0.0657,2.6387,-0.7784,0.0019,0.0207,0.9998
12.6088,122.29,0.0889,5.8758,-1.0517,358.8590,0.1045,359.9013,0.0657,2.6340,-0.7790,0.0018,0.0199,0.9998
12.6288,122.29,0.0902,5.9283,-1.0673,358.9035,0.1016,359.9052,0.0658,2.6291,-0.7794,0.0018,0.0191,0.9998
12.6488,122.29,0.0915,5.9808,-1.0829,358.9480,0.0987,359.9090,0.0658,2.6241,-0.7797,0.0017,0.0184,0.9998
12.6688,122.29,0.0928,6.0332,-1.0985,358.9923,0.0959,359.9128,0.0658,2.6189,-0.7798,0.0017,0.0176,0.9998
12.6888,122.29,0.0942,6.0855,-1.1141,359.0366,0.0930,359.9166,0.0658,2.6136,-0.7798,0.0016,0.0168,0.9999
12.7088,122.29,0.0955,6.1376,-1.1297,359.0807,0.0901,359.9204,0.0658,2.6082,-0.7796,0.0016,0.0160,0.9999
12.7288,122.29,0.0968,6.1897,-1.1453,359.1247,0.0873,359.9241,0.0658,2.6026,-0.7793,0.0015,0.0153,0.9999
12.7488,122.29,0.0981,6.2416,-1.1608,359.1685,0.0844,359.9279,0.0657,2.5969,-0.7788,0.0015,0.0145,0.9999
12.7688,122.29,0.0994,6.2934,-1.1764,359.2121,0.0816,359.9316,0.0657,2.5910,-0.7782,0.0014,0.0138,0.9999
12.7888,122.29,0.1007,6.3451,-1.1919,359.2556,0.0788,359.9353,0.0656,2.5850,-0.7775,0.0014,0.0130,0.9999
12.8088,122.29,0.1020,6.3967,-1.2075,359.2988,0.0760,359.9390,0.0655,2.5789,-0.7766,0.0013,0.0122,0.9999
12.8288,122.29,0.1034,6.4482,-1.2230,359.3419,0.0732,359.9427,0.0655,2.5727,-0.7755,0.0013,0.0115,0.9999
12.8488,122.29,0.1047,6.4995,-1.2385,359.3846,0.0704,359.9463,0.0654,2.5663,-0.7743,0.0012,0.0107,0.9999
12.8688,122.29,0.1060,6.5507,-1.2539,359.4272,0.0677,359.9499,0.0653,2.5598,-0.7730,0.0012,0.0100,0.9999
12.8888,122.29,0.1073,6.6018,-1.2694,359.4695,0.0649,359.9535,0.0651,2.5532,-0.7716,0.0011,0.0093,1.0000
12.9088,122.29,0.1086,6.6527,-1.2848,359.5114,0.0622,359.9570,0.0650,2.5465,-0.7700,0.0011,0.0085,1.0000
12.9288,122.29,0.1099,6.7035,-1.3001,359.5531,0.0595,359.9605,0.0649,2.5397,-0.7683,0.0010,0.0078,1.0000
12.9488,122.29,0.1112,6.7541,-1.3155,359.5945,0.0568,359.9641,0.0647,2.5327,-0.7664,0.0010,0.0071,1.0000
12.9688,122.29,0.1125,6.8047,-1.3308,359.6356,0.0542,359.9675,0.0645,2.5257,-0.7645,0.0009,0.0064,1.0000
12.9888,122.29,0.1137,6.8550,-1.3460,359.6763,0.0515,359.9709,0.0644,2.5185,-0.7624,0.0009,0.0056,1.0000
13.0088,122.29,0.1150,6.9052,-1.3612,359.7167,0.0489,359.9743,0.0642,2.5112,-0.7601,0.0009,0.0049,1.0000
13.0288,122.29,0.1163,6.9553,-1.3764,359.7567,0.0463,359.9777,0.0640,2.5038,-0.7578,0.0008,0.0042,1.0000
13.0488,122.29,0.1176,7.0053,-1.3915,359.7964,0.0438,359.9810,0.0638,2.4964,-0.7553,0.0008,0.0036,1.0000
13.0688,122.29,0.1189,7.0550,-1.4065,359.8356,0.0412,359.9843,0.0636,2.4888,-0.7527,0.0007,0.0029,1.0000
13.0888,122.29,0.1201,7.1047,-1.4215,359.8745,0.0387,359.9876,0.0634,2.4811,-0.7500,0.0007,0.0022,1.0000
13.1088,122.29,0.1214,7.1541,-1.4365,359.9130,0.0362,359.9908,0.0631,2.4733,-0.7472,0.0006,0.0015,1.0000
13.1288,122.29,0.1226,7.2034,-1.4513,359.9511,0.0338,359.9940,0.0629,2.4655,-0.7443,0.0006,0.0009,1.0000
13.1488,122.29,0.1239,7.2526,-1.4662,359.9888,0.0313,-0.0029,0.0626,2.4575,-0.7412,0.0005,0.0002,1.0000
13.1688,122.29,0.1251,7.3016,-1.4809,0.0260,0.0289,0.0002,0.0624,2.4495,-0.7381,0.0005,-0.0005,1.0000
13.1888,122.29,0.1264,7.3504,-1.4956,0.0628,0.0265,0.0033,0.0621,2.4414,-0.7348,0.0005,-0.0011,1.0000
13.2088,122.29,0.1276,7.3991,-1.5103,0.0992,0.0242,0.0063,0.0618,2.4331,-0.7315,0.0004,-0.0017,1.0000
13.2288,124.31,0.1288,7.4476,-1.5248,0.1351,0.0219,0.0093,0.0615,2.4248,-0.7280,0.0004,-0.0024,1.0000
13.2488,124.31,0.1301,7.4959,-1.5393,0.1705,0.0196,0.0122,0.0612,2.4164,-0.7244,0.0003,-0.0030,1.0000
13.2688,124.31,0.1313,7.5440,-1.5537,0.2055,0.0173,0.0151,0.0609,2.4080,-0.7208,0.0003,-0.0036,1.0000
13.2888,124.31,0.1325,7.5920,-1.5681,0.2400,0.0151,0.0179,0.0606,2.3994,-0.7170,0.0003,-0.0042,1.0000
13.3088,124.31,0.1337,7.6399,-1.5823,0.2740,0.0128,0.0207,0.0603,2.3908,-0.7132,0.0002,-0.0048,1.0000
13.3288,124.31,0.1349,7.6875,-1.5965,0.3076,0.0107,0.0235,0.0600,2.3821,-0.7092,0.0002,-0.0054,1.0000
13.3488,124.31,0.1361,7.7350,-1.6106,0.3406,0.0085,0.0262,0.0597,2.3734,-0.7052,0.0001,-0.0059,1.0000
13.3688,124.31,0.1373,7.7823,-1.6246,0.3731,0.0064,0.0289,0.0593,2.3645,-0.7011,0.0001,-0.0065,1.0000
13.3888,124.31,0.1385,7.8294,-1.6386,0.4052,0.0043,0.0315,0.0590,2.3556,-0.6969,0.0001,-0.0071,1.0000
13.4088,124.31,0.1396,7.8763,-1.6524,0.4367,0.0023,0.0341,0.0586,2.3467,-0.6926,0.0000,-0.0076,1.0000
13.4288,124.31,0.1408,7.9230,-1.6662,0.4678,0.0003,0.0366,0.0582,2.3376,-0.6882,0.0000,-0.0082,1.0000
13.4488,124.31,0.1420,7.9696,-1.6799,0.4983,-0.0017,0.0391,0.0579,2.3285,-0.6837,0.0000,-0.0087,1.0000
13.4688,124.31,0.1431,8.0160,-1.6934,0.5283,-0.0037,0.0416,0.0575,2.3194,-0.6792,-0.0001,-0.0092,1.0000
13.4888,124.31,0.1443,8.0622,-1.7069,0.5578,-0.0056,0.0440,0.0571,2.3101,-0.6746,-0.0001,-0.0097,1.0000
13.5088,124.31,0.1454,8.1082,-1.7203,0.5867,359.9925,0.0463,0.0567,2.3008,-0.6699,-0.0001,-0.0102,0.9999
13.5288,124.31,0.1465,8.1541,-1.7336,0.6151,359.9907,0.0486,0.0563,2.2915,-0.6652,-0.0002,-0.0107,0.9999
13.5488,124.31,0.1476,8.1997,-1.7468,0.6430,359.9888,0.0509,0.0560,2.2821,-0.6604,-0.0002,-0.0112,0.9999
13.5688,124.31,0.1487,8.2452,-1.7600,0.6704,359.9870,0.0531,0.0555,2.2727,-0.6555,-0.0002,-0.0117,0.9999
13.5888,124.31,0.1498,8.2904,-1.7730,0.6972,359.9853,0.0553,0.0551,2.2632,-0.6506,-0.0003,-0.0122,0.9999
13.6088,124.31,0.1509,8.3355,-1.7859,0.7234,359.9836,0.0574,0.0547,2.2536,-0.6456,-0.0003,-0.0126,0.9999
13.6288,124.31,0.1520,8.3804,-1.7987,0.7492,359.9819,0.0595,0.0543,2.2440,-0.6405,-0.0003,-0.0131,0.9999
13.6488,124.31,0.1531,8.4251,-1.8114,0.7744,359.9802,0.0615,0.0539,2.2344,-0.6354,-0.0003,-0.0135,0.9999
13.6688,124.31,0.1542,8.4695,-1.8240,0.7990,359.9786,0.0635,0.0535,2.2247,-0.6302,-0.0004,-0.0139,0.9999
13.6888,124.31,0.1552,8.5138,-1.8365,0.8232,359.9770,0.0654,0.0530,2.2149,-0.6250,-0.0004,-0.0144,0.9999
13.7088,124.31,0.1563,8.5579,-1.8489,0.8467,359.9754,0.0673,0.0526,2.2052,-0.6197,-0.0004,-0.0148,0.9999
13.7288,124.31,0.1573,8.6019,-1.8612,0.8698,359.9739,0.0691,0.0522,2.1953,-0.6143,-0.0005,-0.0152,0.9999
13.7488,124.31,0.1584,8.6456,-1.8734,0.8922,359.9724,0.0709,0.0517,2.1855,-0.6090,-0.0005,-0.0156,0.9999
13.7688,124.31,0.1594,8.6891,-1.8854,0.9142,359.9709,0.0727,0.0513,2.1756,-0.6035,-0.0005,-0.0160,0.9999
13.7888,124.31,0.1604,8.7324,-1.8974,0.9356,359.9695,0.0744,0.0508,2.1656,-0.5980,-0.0005,-0.0163,0.9999
13.8088,124.31,0.1614,8.7755,-1.9092,0.9564,359.9681,0.0760,0.0504,2.1557,-0.5925,-0.0006,-0.0167,0.9999
13.8288,124.31,0.1624,8.8184,-1.9210,0.9768,359.9668,0.0776,0.0499,2.1457,-0.5870,-0.0006,-0.0170,0.9999
13.8488,124.31,0.1634,8.8611,-1.9326,0.9965,359.9654,0.0792,0.0494,2.1356,-0.5814,-0.0006,-0.0174,0.9998
13.8688,124.31,0.1644,8.9036,-1.9441,1.0158,359.9641,0.0807,0.0490,2.1256,-0.5758,-0.0006,-0.0177,0.9998
13.8888,124.31,0.1654,8.9460,-1.9555,1.0345,359.9629,0.0822,0.0485,2.1155,-0.5701,-0.0006,-0.0181,0.9998
13.9088,124.31,0.1663,8.9881,-1.9668,1.0526,359.9616,0.0836,0.0480,2.1053,-0.5644,-0.0007,-0.0184,0.9998
13.9288,124.31,0.1673,9.0300,-1.9780,1.0703,359.9604,0.0850,0.0476,2.0952,-0.5587,-0.0007,-0.0187,0.9998
13.9488,124.31,0.1682,9.0717,-1.9890,1.0874,359.9593,0.0863,0.0471,2.0850,-0.5529,-0.0007,-0.0190,0.9998
13.9688,124.31,0.1691,9.1132,-2.0000,1.1040,359.9582,0.0876,0.0466,2.0748,-0.5471,-0.0007,-0.0193,0.9998
13.9888,124.31,0.1701,9.1544,-2.0108,1.1200,359.9570,0.0889,0.0461,2.0646,-0.5413,-0.0007,-0.0195,0.9998
14.0088,124.31,0.1710,9.1955,-2.0215,1.1355,359.9560,0.0901,0.0457,2.0543,-0.5355,-0.0008,-0.0198,0.9998
14.0288,124.31,0.1719,9.2364,-2.0321,1.1505,359.9549,0.0912,0.0452,2.0440,-0.5296,-0.0008,-0.0201,0.9998
14.0488,124.31,0.1728,9.2771,-2.0426,1.1650,359.9539,0.0923,0.0447,2.0337,-0.5238,-0.0008,-0.0203,0.9998
14.0688,124.31,0.1737,9.3176,-2.0529,1.1790,359.9529,0.0934,0.0442,2.0234,-0.5179,-0.0008,-0.0206,0.9998
14.0888,124.31,0.1745,9.3578,-2.0632,1.1924,359.9520,0.0944,0.0437,2.0131,-0.5120,-0.0008,-0.0208,0.9998
14.1088,124.31,0.1754,9.3979,-2.0733,1.2054,359.9511,0.0954,0.0432,2.0028,-0.5060,-0.0009,-0.0210,0.9998
14.1288,124.31,0.1762,9.4377,-2.0833,1.2178,359.9502,0.0964,0.0428,1.9924,-0.5001,-0.0009,-0.0213,0.9998
14.1488,124.31,0.1771,9.4774,-2.0932,1.2298,359.9493,0.0973,0.0423,1.9820,-0.4942,-0.0009,-0.0215,0.9998
14.1688,124.31,0.1779,9.5168,-2.1030,1.2412,359.9485,0.0982,0.0418,1.9716,-0.4882,-0.0009,-0.0217,0.9998
14.1888,124.31,0.1788,9.5560,-2.1126,1.2522,359.9477,0.0990,0.0413,1.9612,-0.4822,-0.0009,-0.0219,0.9998
14.2088,124.31,0.1796,9.5950,-2.1221,1.2627,359.9470,0.0998,0.0408,1.9508,-0.4763,-0.0009,-0.0220,0.9998
14.2288,124.31,0.1804,9.6338,-2.1315,1.2726,359.9462,0.1005,0.0403,1.9404,-0.4703,-0.0009,-0.0222,0.9998
14.2488,91.44,0.1812,9.6724,-2.1408,1.2821,359.9455,0.1012,0.0398,1.9300,-0.4643,-0.0010,-0.0224,0.9997
14.2688,91.44,0.1820,9.7108,-2.1500,1.2912,359.9448,0.1019,0.0393,1.9196,-0.4583,-0.0010,-0.0225,0.9997
14.2888,91.44,0.1827,9.7490,-2.1590,1.2997,359.9442,0.1025,0.0388,1.9091,-0.4524,-0.0010,-0.0227,0.9997
14.3088,91.44,0.1835,9.7870,-2.1680,1.3078,359.9436,0.1031,0.0384,1.8987,-0.4464,-0.0010,-0.0228,0.9997
14.3288,91.44,0.1843,9.8248,-2.1768,1.3155,359.9430,0.1037,0.0379,1.8883,-0.4404,-0.0010,-0.0230,0.9997
14.3488,91.44,0.1850,9.8623,-2.1855,1.3226,359.9424,0.1042,0.0374,1.8778,-0.4344,-0.0010,-0.0231,0.9997
14.3688,91.44,0.1857,9.8997,-2.1940,1.3293,359.9419,0.1047,0.0369,1.8674,-0.4284,-0.0010,-0.0232,0.9997
14.3888,91.44,0.1865,9.9368,-2.2025,1.3356,359.9413,0.1051,0.0364,1.8569,-0.4225,-0.0010,-0.0233,0.9997
14.4088,91.44,0.1872,9.9737,-2.2108,1.3415,359.9409,0.1055,0.0359,1.8464,-0.4165,-0.0010,-0.0234,0.9997
14.4288,91.44,0.1879,10.0105,-2.2190,1.3469,359.9404,0.1059,0.0354,1.8360,-0.4106,-0.0010,-0.0235,0.9997
14.4488,91.44,0.1886,10.0470,-2.2271,1.3518,359.9399,0.1062,0.0349,1.8256,-0.4046,-0.0010,-0.0236,0.9997
14.4688,91.44,0.1893,10.0833,-2.2351,1.3564,359.9395,0.1065,0.0345,1.8151,-0.3987,-0.0011,-0.0237,0.9997
14.4888,91.44,0.1900,10.1194,-2.2429,1.3605,359.9391,0.1068,0.0340,1.8047,-0.3928,-0.0011,-0.0237,0.9997
14.5088,91.44,0.1906,10.1552,-2.2507,1.3642,359.9388,0.1070,0.0335,1.7942,-0.3869,-0.0011,-0.0238,0.9997
14.5288,91.44,0.1913,10.1909,-2.2583,1.3675,359.9385,0.1073,0.0330,1.7838,-0.3810,-0.0011,-0.0239,0.9997
14.5488,91.44,0.1920,10.2264,-2.2658,1.3704,359.9381,0.1074,0.0325,1.7734,-0.3752,-0.0011,-0.0239,0.9997
14.5688,91.44,0.1926,10.2616,-2.2732,1.3729,359.9379,0.1076,0.0321,1.7629,-0.3693,-0.0011,-0.0240,0.9997
14.5888,91.44,0.1932,10.2967,-2.2805,1.3750,359.9376,0.1077,0.0316,1.7525,-0.3635,-0.0011,-0.0240,0.9997
14.6088,91.44,0.1938,10.3315,-2.2876,1.3767,359.9373,0.1078,0.0311,1.7421,-0.3577,-0.0011,-0.0240,0.9997
14.6288,91.44,0.1945,10.3662,-2.2947,1.3780,359.9371,0.1078,0.0306,1.7317,-0.3519,-0.0011,-0.0240,0.9997
14.6488,91.44,0.1951,10.4006,-2.3016,1.3790,359.9370,0.1078,0.0302,1.7214,-0.3461,-0.0011,-0.0241,0.9997
14.6688,91.44,0.1957,10.4348,-2.3084,1.3796,359.9368,0.1078,0.0297,1.7110,-0.3404,-0.0011,-0.0241,0.9997
14.6888,91.44,0.1962,10.4688,-2.3151,1.3798,359.9366,0.1078,0.0292,1.7006,-0.3346,-0.0011,-0.0241,0.9997
14.7088,91.44,0.1968,10.5026,-2.3217,1.3797,359.9365,0.1077,0.0288,1.6903,-0.3289,-0.0011,-0.0241,0.9997
14.7288,91.44,0.1974,10.5362,-2.3281,1.3792,359.9364,0.1077,0.0283,1.6800,-0.3233,-0.0011,-0.0241,0.9997
14.7488,91.44,0.1979,10.5696,-2.3345,1.3784,359.9363,0.1075,0.0279,1.6696,-0.3176,-0.0011,-0.0241,0.9997
14.7688,91.44,0.1985,10.6028,-2.3407,1.3772,359.9362,0.1074,0.0274,1.6593,-0.3120,-0.0011,-0.0240,0.9997
14.7888,91.44,0.1990,10.6358,-2.3468,1.3757,359.9362,0.1072,0.0270,1.6490,-0.3064,-0.0011,-0.0240,0.9997
14.8088,91.44,0.1996,10.6686,-2.3529,1.3739,359.9362,0.1070,0.0265,1.6388,-0.3009,-0.0011,-0.0240,0.9997
14.8288,91.44,0.2001,10.7011,-2.3588,1.3717,359.9362,0.1068,0.0261,1.6285,-0.2954,-0.0011,-0.0239,0.9997
14.8488,91.44,0.2006,10.7335,-2.3646,1.3693,359.9362,0.1066,0.0256,1.6183,-0.2899,-0.0011,-0.0239,0.9997
14.8688,91.44,0.2011,10.7657,-2.3703,1.3665,359.9362,0.1063,0.0252,1.6081,-0.2844,-0.0011,-0.0238,0.9997
14.8888,91.44,0.2016,10.7976,-2.3758,1.3634,359.9362,0.1060,0.0247,1.5979,-0.2790,-0.0011,-0.0238,0.9997
14.9088,91.44,0.2021,10.8294,-2.3813,1.3601,359.9363,0.1057,0.0243,1.5877,-0.2736,-0.0011,-0.0237,0.9997
14.9288,91.44,0.2026,10.8609,-2.3867,1.3564,359.9364,0.1054,0.0239,1.5775,-0.2682,-0.0011,-0.0237,0.9997
14.9488,91.44,0.2030,10.8923,-2.3919,1.3524,359.9365,0.1051,0.0234,1.5674,-0.2629,-0.0011,-0.0236,0.9997
14.9688,91.44,0.2035,10.9234,-2.3971,1.3482,359.9366,0.1047,0.0230,1.5573,-0.2576,-0.0011,-0.0235,0.9997
14.9888,91.44,0.2039,10.9544,-2.4021,1.3437,359.9367,0.1043,0.0226,1.5472,-0.2523,-0.0011,-0.0235,0.9997
15.0088,91.44,0.2044,10.9851,-2.4071,1.3390,359.9369,0.1039,0.0222,1.5371,-0.2471,-0.0011,-0.0234,0.9997
15.0288,91.44,0.2048,11.0157,-2.4119,1.3339,359.9370,0.1034,0.0217,1.5270,-0.2419,-0.0011,-0.0233,0.9997
15.0488,91.44,0.2052,11.0460,-2.4166,1.3286,359.9372,0.1030,0.0213,1.5170,-0.2368,-0.0011,-0.0232,0.9997
15.0688,91.44,0.2057,11.0761,-2.4213,1.3231,359.9374,0.1025,0.0209,1.5070,-0.2317,-0.0011,-0.0231,0.9997
15.0888,91.44,0.2061,11.1061,-2.4258,1.3173,359.9377,0.1020,0.0205,1.4970,-0.2266,-0.0011,-0.0230,0.9997
15.1088,91.44,0.2065,11.1358,-2.4302,1.3113,359.9379,0.1015,0.0201,1.4871,-0.2216,-0.0011,-0.0229,0.9997
15.1288,91.44,0.2069,11.1654,-2.4346,1.3051,359.9381,0.1010,0.0197,1.4771,-0.2166,-0.0011,-0.0228,0.9997
15.1488,91.44,0.2072,11.1947,-2.4388,1.2986,359.9384,0.1005,0.0193,1.4672,-0.2117,-0.0011,-0.0227,0.9997
15.1688,91.44,0.2076,11.2238,-2.4429,1.2919,359.9386,0.0999,0.0189,1.4574,-0.2068,-0.0011,-0.0225,0.9997
15.1888,91.44,0.2080,11.2528,-2.4470,1.2850,359.9389,0.0993,0.0185,1.4475,-0.2019,-0.0011,-0.0224,0.9997
15.2088,91.44,0.2084,11.2816,-2.4509,1.2779,359.9392,0.0988,0.0181,1.4377,-0.1971,-0.0011,-0.0223,0.9998
15.2288,91.44,0.2087,11.3101,-2.4548,1.2706,359.9395,0.0982,0.0177,1.4279,-0.1924,-0.0011,-0.0222,0.9998
15.2488,117.26,0.2091,11.3385,-2.4585,1.2631,359.9398,0.0976,0.0174,1.4181,-0.1876,-0.0010,-0.0220,0.9998
15.2688,117.26,0.2094,11.3666,-2.4622,1.2554,359.9402,0.0969,0.0170,1.4084,-0.1830,-0.0010,-0.0219,0.9998
15.2888,117.26,0.2097,11.3946,-2.4658,1.2475,359.9405,0.0963,0.0166,1.3987,-0.1783,-0.0010,-0.0218,0.9998
15.3088,117.26,0.2101,11.4224,-2.4692,1.2395,359.9409,0.0956,0.0162,1.3890,-0.1737,-0.0010,-0.0216,0.9998
15.3288,117.26,0.2104,11.4500,-2.4726,1.2312,359.9412,0.0950,0.0159,1.3794,-0.1692,-0.0010,-0.0215,0.9998
15.3488,117.26,0.2107,11.4774,-2.4759,1.2228,359.9416,0.0943,0.0155,1.3698,-0.1647,-0.0010,-0.0213,0.9998
15.3688,117.26,0.2110,11.5046,-2.4791,1.2142,359.9420,0.0936,0.0151,1.3602,-0.1602,-0.0010,-0.0212,0.9998
15.3888,117.26,0.2113,11.5316,-2.4822,1.2055,359.9424,0.0929,0.0148,1.3506,-0.1558,-0.0010,-0.0210,0.9998
15.4088,117.26,0.2116,11.5584,-2.4852,1.1966,359.9428,0.0922,0.0144,1.3411,-0.1514,-0.0010,-0.0209,0.9998
15.4288,117.26,0.2119,11.5850,-2.4882,1.1876,359.9432,0.0915,0.0141,1.3316,-0.1471,-0.0010,-0.0207,0.9998
15.4488,117.26,0.2121,11.6115,-2.4910,1.1784,359.9436,0.0908,0.0137,1.3221,-0.1428,-0.0010,-0.0206,0.9998
15.4688,117.26,0.2124,11.6377,-2.4938,1.1691,359.9441,0.0900,0.0134,1.3127,-0.1386,-0.0010,-0.0204,0.9998
15.4888,117.26,0.2127,11.6638,-2.4965,1.1597,359.9445,0.0893,0.0131,1.3033,-0.1344,-0.0010,-0.0202,0.9998
15.5088,117.26,0.2129,11.6897,-2.4991,1.1501,359.9449,0.0885,0.0127,1.2940,-0.1303,-0.0010,-0.0201,0.9998
15.5288,117.26,0.2132,11.7154,-2.5016,1.1404,359.9454,0.0878,0.0124,1.2846,-0.1262,-0.0010,-0.0199,0.9998
15.5488,117.26,0.2134,11.7409,-2.5041,1.1306,359.9459,0.0870,0.0121,1.2754,-0.1222,-0.0009,-0.0197,0.9998
15.5688,117.26,0.2136,11.7662,-2.5064,1.1207,359.9464,0.0862,0.0118,1.2661,-0.1182,-0.0009,-0.0196,0.9998
15.5888,117.26,0.2139,11.7914,-2.5087,1.1107,359.9468,0.0854,0.0114,1.2569,-0.1142,-0.0009,-0.0194,0.9998
15.6088,117.26,0.2141,11.8163,-2.5109,1.1005,359.9473,0.0847,0.0111,1.2477,-0.1103,-0.0009,-0.0192,0.9998
15.6288,117.26,0.2143,11.8411,-2.5131,1.0903,359.9478,0.0839,0.0108,1.2385,-0.1065,-0.0009,-0.0190,0.9998
15.6488,117.26,0.2145,11.8657,-2.5151,1.0800,359.9483,0.0831,0.0105,1.2294,-0.1027,-0.0009,-0.0188,0.9998
15.6688,117.26,0.2147,11.8901,-2.5171,1.0696,359.9488,0.0823,0.0102,1.2203,-0.0989,-0.0009,-0.0187,0.9998
15.6888,117.26,0.2149,11.9143,-2.5190,1.0591,359.9493,0.0814,0.0099,1.2113,-0.0952,-0.0009,-0.0185,0.9998
15.7088,117.26,0.2151,11.9383,-2.5208,1.0485,359.9498,0.0806,0.0096,1.2023,-0.0916,-0.0009,-0.0183,0.9998
15.7288,117.26,0.2153,11.9622,-2.5226,1.0379,359.9503,0.0798,0.0093,1.1933,-0.0880,-0.0009,-0.0181,0.9998
15.7488,117.26,0.2155,11.9859,-2.5243,1.0272,359.9509,0.0790,0.0090,1.1844,-0.0844,-0.0009,-0.0179,0.9998
15.7688,117.26,0.2157,12.0094,-2.5259,1.0164,359.9514,0.0782,0.0088,1.1755,-0.0809,-0.0008,-0.0177,0.9998
15.7888,117.26,0.2158,12.0327,-2.5274,1.0056,359.9519,0.0773,0.0085,1.1666,-0.0774,-0.0008,-0.0175,0.9998
15.8088,117.26,0.2160,12.0555,-2.5289,0.9910,359.9527,0.0762,0.0082,1.1400,-0.0735,-0.0008,-0.0173,0.9999
15.8288,117.26,0.2161,12.0782,-2.5303,0.9726,359.9536,0.0747,0.0078,1.1305,-0.0694,-0.0008,-0.0170,0.9999
15.8488,117.26,0.2163,12.1003,-2.5316,0.9508,359.9548,0.0730,0.0075,1.1052,-0.0657,-0.0008,-0.0166,0.9999
15.8688,117.26,0.2164,12.1222,-2.5329,0.9254,359.9561,0.0710,0.0072,1.0951,-0.0618,-0.0008,-0.0162,0.9999
15.8888,117.26,0.2166,12.1436,-2.5340,0.8969,359.9576,0.0687,0.0069,1.0711,-0.0583,-0.0007,-0.0157,0.9999
15.9088,117.26,0.2167,12.1648,-2.5351,0.8653,359.9592,0.0661,0.0066,1.0605,-0.0546,-0.0007,-0.0151,0.9999
15.9288,117.26,0.2168,12.1855,-2.5361,0.8310,359.9609,0.0633,0.0064,1.0377,-0.0514,-0.0007,-0.0145,0.9999
15.9488,117.26,0.2170,12.2061,-2.5371,0.7938,359.9627,0.0603,0.0061,1.0267,-0.0481,-0.0007,-0.0139,0.9999
15.9688,117.26,0.2171,12.2262,-2.5380,0.7542,359.9646,0.0570,0.0058,1.0049,-0.0451,-0.0006,-0.0132,0.9999
15.9888,117.26,0.2172,12.2460,-2.5388,0.7121,359.9666,0.0535,0.0056,0.9936,-0.0421,-0.0006,-0.0124,0.9999
16.0088,117.26,0.2173,12.2655,-2.5396,0.6679,359.9686,0.0498,0.0054,0.9728,-0.0395,-0.0005,-0.0117,0.9999
16.0288,117.26,0.2174,12.2847,-2.5404,0.6216,359.9707,0.0460,0.0052,0.9613,-0.0369,-0.0005,-0.0108,0.9999
16.0488,117.26,0.2175,12.3036,-2.5411,0.5734,359.9728,0.0419,0.0050,0.9413,-0.0345,-0.0005,-0.0100,0.9999
16.0688,117.26,0.2176,12.3221,-2.5417,0.5234,359.9749,0.0378,0.0048,0.9296,-0.0323,-0.0004,-0.0091,1.0000
16.0888,117.26,0.2177,12.3404,-2.5423,0.4718,359.9771,0.0334,0.0046,0.9105,-0.0303,-0.0004,-0.0082,1.0000
16.1088,117.26,0.2178,12.3583,-2.5429,0.4187,359.9792,0.0289,0.0045,0.8987,-0.0285,-0.0004,-0.0073,1.0000
16.1288,117.26,0.2179,12.3759,-2.5434,0.3642,359.9814,0.0243,0.0044,0.8803,-0.0269,-0.0003,-0.0064,1.0000
16.1488,117.26,0.2179,12.3933,-2.5439,0.3085,359.9835,0.0196,0.0042,0.8685,-0.0254,-0.0003,-0.0054,1.0000
16.1688,117.26,0.2180,12.4103,-2.5444,0.2516,359.9856,0.0147,0.0042,0.8508,-0.0242,-0.0003,-0.0044,1.0000
16.1888,117.26,0.2181,12.4271,-2.5449,0.1938,359.9877,0.0098,0.0041,0.8389,-0.0231,-0.0002,-0.0034,1.0000
16.2088,117.26,0.2182,12.4435,-2.5453,0.1351,359.9897,0.0048,0.0040,0.8219,-0.0222,-0.0002,-0.0024,1.0000
16.2288,117.26,0.2183,12.4597,-2.5458,0.0755,359.9917,-0.0003,0.0040,0.8100,-0.0216,-0.0001,-0.0013,1.0000
16.2488,127.44,0.2184,12.4756,-2.5462,0.0153,359.9937,-0.0055,0.0039,0.7936,-0.0211,-0.0001,-0.0003,1.0000
16.2688,127.44,0.2184,12.4912,-2.5466,359.9546,-0.0045,359.9893,0.0039,0.7817,-0.0209,-0.0001,0.0008,1.0000
16.2888,127.44,0.2185,12.5066,-2.5470,359.8934,-0.0026,359.9840,0.0039,0.7658,-0.0209,0.0000,0.0019,1.0000
16.3088,127.44,0.2186,12.5216,-2.5474,359.8318,-0.0009,359.9787,0.0040,0.7540,-0.0210,0.0000,0.0029,1.0000
16.3288,127.44,0.2187,12.5364,-2.5479,359.7700,0.0008,359.9734,0.0040,0.7387,-0.0214,0.0000,0.0040,1.0000
16.3488,127.44,0.2187,12.5510,-2.5483,359.7079,0.0024,359.9680,0.0041,0.7270,-0.0219,0.0000,0.0051,1.0000
16.3688,127.44,0.2188,12.5652,-2.5487,359.6458,0.0039,359.9626,0.0041,0.7122,-0.0227,0.0001,0.0062,1.0000
16.3888,127.44,0.2189,12.5792,-2.5492,359.5836,0.0054,359.9572,0.0042,0.7006,-0.0237,0.0001,0.0073,1.0000
16.4088,127.44,0.2190,12.5929,-2.5497,359.5216,0.0067,359.9518,0.0044,0.6862,-0.0248,0.0001,0.0083,1.0000
16.4288,127.44,0.2191,12.6064,-2.5502,359.4596,0.0080,359.9465,0.0045,0.6747,-0.0262,0.0001,0.0094,1.0000
16.4488,127.44,0.2192,12.6196,-2.5508,359.3979,0.0092,359.9411,0.0046,0.6608,-0.0277,0.0002,0.0105,0.9999
16.4688,127.44,0.2193,12.6326,-2.5514,359.3365,0.0103,359.9358,0.0048,0.6495,-0.0295,0.0002,0.0116,0.9999
16.4888,127.44,0.2194,12.6454,-2.5520,359.2755,0.0113,359.9305,0.0050,0.6360,-0.0314,0.0002,0.0126,0.9999
16.5088,127.44,0.2195,12.6579,-2.5527,359.2148,0.0122,359.9252,0.0052,0.6248,-0.0336,0.0002,0.0137,0.9999
16.5288,127.44,0.2196,12.6701,-2.5534,359.1547,0.0130,359.9200,0.0054,0.6117,-0.0359,0.0002,0.0148,0.9999
16.5488,127.44,0.2197,12.6821,-2.5542,359.0951,0.0137,359.9148,0.0056,0.6007,-0.0384,0.0002,0.0158,0.9999
16.5688,127.44,0.2198,12.6939,-2.5550,359.0361,0.0143,359.9097,0.0059,0.5880,-0.0411,0.0003,0.0168,0.9999
16.5888,127.44,0.2199,12.7054,-2.5559,358.9778,0.0149,359.9047,0.0061,0.5771,-0.0440,0.0003,0.0178,0.9998
16.6088,127.44,0.2201,12.7167,-2.5568,358.9202,0.0153,359.8997,0.0064,0.5648,-0.0470,0.0003,0.0188,0.9998
16.6288,127.44,0.2202,12.7278,-2.5578,358.8633,0.0156,359.8947,0.0067,0.5541,-0.0502,0.0003,0.0198,0.9998
16.6488,127.44,0.2203,12.7386,-2.5589,358.8073,0.0159,359.8899,0.0070,0.5422,-0.0536,0.0003,0.0208,0.9998
16.6688,127.44,0.2205,12.7493,-2.5600,358.7521,0.0160,359.8851,0.0073,0.5316,-0.0572,0.0003,0.0218,0.9998
16.6888,127.44,0.2206,12.7597,-2.5613,358.6978,0.0160,359.8804,0.0076,0.5200,-0.0609,0.0003,0.0227,0.9997
16.7088,127.44,0.2208,12.7699,-2.5625,358.6444,0.0160,359.8758,0.0080,0.5097,-0.0647,0.0003,0.0237,0.9997
16.7288,127.44,0.2210,12.7798,-2.5639,358.5920,0.0158,359.8713,0.0084,0.4984,-0.0688,0.0003,0.0246,0.9997
16.7488,127.44,0.2211,12.7896,-2.5654,358.5406,0.0156,359.8669,0.0087,0.4882,-0.0730,0.0003,0.0255,0.9997
16.7688,127.44,0.2213,12.7991,-2.5669,358.4902,0.0153,359.8626,0.0091,0.4773,-0.0773,0.0003,0.0263,0.9997
16.7888,127.44,0.2215,12.8085,-2.5686,358.4409,0.0149,359.8584,0.0095,0.4673,-0.0818,0.0003,0.0272,0.9996
16.8088,127.44,0.2217,12.8176,-2.5703,358.3927,0.0144,359.8543,0.0099,0.4567,-0.0864,0.0003,0.0280,0.9996
16.8288,127.44,0.2219,12.8266,-2.5721,358.3456,0.0138,359.8503,0.0104,0.4469,-0.0911,0.0002,0.0289,0.9996
16.8488,127.44,0.2221,12.8353,-2.5740,358.2997,0.0131,359.8464,0.0108,0.4366,-0.0960,0.0002,0.0297,0.9996
16.8688,127.44,0.2224,12.8438,-2.5761,358.2549,0.0123,359.8426,0.0112,0.4270,-0.1010,0.0002,0.0305,0.9995
16.8888,127.44,0.2226,12.8522,-2.5782,358.2114,0.0115,359.8389,0.0117,0.4169,-0.1062,0.0002,0.0312,0.9995
16.9088,127.44,0.2228,12.8603,-2.5804,358.1690,0.0106,359.8354,0.0122,0.4076,-0.1114,0.0002,0.0320,0.9995
16.9288,127.44,0.2231,12.8683,-2.5827,358.1279,0.0096,359.8319,0.0126,0.3978,-0.1168,0.0002,0.0327,0.9995
16.9488,127.44,0.2234,12.8760,-2.5852,358.0880,0.0086,359.8286,0.0131,0.3886,-0.1223,0.0001,0.0334,0.9994
16.9688,127.44,0.2236,12.8836,-2.5877,358.0494,0.0074,359.8254,0.0136,0.3791,-0.1278,0.0001,0.0340,0.9994
16.9888,127.44,0.2239,12.8910,-2.5904,358.0121,0.0062,359.8223,0.0141,0.3701,-0.1335,0.0001,0.0347,0.9994
17.0088,127.44,0.2242,12.8982,-2.5932,357.9760,0.0050,359.8193,0.0146,0.3609,-0.1393,0.0001,0.0353,0.9994
17.0288,127.44,0.2245,12.9053,-2.5961,357.9412,0.0037,359.8165,0.0151,0.3521,-0.1452,0.0001,0.0359,0.9994
17.0488,127.44,0.2248,12.9121,-2.5991,357.9077,0.0023,359.8138,0.0157,0.3431,-0.1511,0.0000,0.0365,0.9993
17.0688,127.44,0.2251,12.9188,-2.6023,357.8755,0.0008,359.8112,0.0162,0.3346,-0.1572,0.0000,0.0371,0.9993
17.0888,127.44,0.2255,12.9254,-2.6055,357.8447,-0.0007,359.8087,0.0167,0.3258,-0.1633,0.0000,0.0376,0.9993
17.1088,127.44,0.2258,12.9317,-2.6089,357.8152,-0.0022,359.8064,0.0173,0.3175,-0.1695,0.0000,0.0381,0.9993
17.1288,127.44,0.2262,12.9379,-2.6124,357.7869,-0.0038,359.8041,0.0178,0.3090,-0.1758,-0.0001,0.0386,0.9993
17.1488,127.44,0.2265,12.9439,-2.6161,357.7600,-0.0055,359.8020,0.0184,0.3009,-0.1821,-0.0001,0.0391,0.9992
17.1688,127.44,0.2269,12.9498,-2.6199,357.7344,359.9929,359.8000,0.0189,0.2926,-0.1885,-0.0001,0.0395,0.9992
17.1888,127.44,0.2273,12.9555,-2.6237,357.7101,359.9911,359.7982,0.0195,0.2847,-0.1950,-0.0002,0.0400,0.9992
17.2088,127.44,0.2277,12.9610,-2.6278,357.6872,359.9894,359.7964,0.0201,0.2766,-0.2015,-0.0002,0.0404,0.9992
17.2288,127.44,0.2281,12.9664,-2.6319,357.6655,359.9875,359.7949,0.0206,0.2689,-0.2080,-0.0002,0.0407,0.9992
17.2488,124.99,0.2286,12.9716,-2.6362,357.6451,359.9857,359.7934,0.0212,0.2611,-0.2146,-0.0002,0.0411,0.9992
17.2688,124.99,0.2290,12.9767,-2.6407,357.6261,359.9839,359.7920,0.0218,0.2536,-0.2212,-0.0003,0.0414,0.9991
17.2888,124.99,0.2294,12.9816,-2.6452,357.6083,359.9820,359.7907,0.0224,0.2460,-0.2279,-0.0003,0.0417,0.9991
17.3088,124.99,0.2299,12.9863,-2.6499,357.5919,359.9800,359.7896,0.0229,0.2387,-0.2346,-0.0003,0.0420,0.9991
17.3288,124.99,0.2304,12.9910,-2.6547,357.5767,359.9781,359.7886,0.0235,0.2313,-0.2413,-0.0004,0.0423,0.9991
17.3488,124.99,0.2308,12.9955,-2.6597,357.5628,359.9762,359.7877,0.0241,0.2242,-0.2481,-0.0004,0.0425,0.9991
17.3688,124.99,0.2313,12.9998,-2.6648,357.5501,359.9742,359.7869,0.0247,0.2170,-0.2549,-0.0005,0.0427,0.9991
17.3888,124.99,0.2318,13.0040,-2.6700,357.5387,359.9722,359.7862,0.0253,0.2101,-0.2616,-0.0005,0.0429,0.9991
17.4088,124.99,0.2324,13.0081,-2.6754,357.5285,359.9702,359.7856,0.0259,0.2031,-0.2684,-0.0005,0.0431,0.9991
17.4288,124.99,0.2329,13.0120,-2.6809,357.5196,359.9682,359.7852,0.0264,0.1964,-0.2752,-0.0006,0.0433,0.9991
17.4488,124.99,0.2334,13.0158,-2.6865,357.5119,359.9662,359.7849,0.0270,0.1896,-0.2820,-0.0006,0.0434,0.9991
17.4688,124.99,0.2340,13.0194,-2.6923,357.5053,359.9641,359.7846,0.0276,0.1831,-0.2888,-0.0006,0.0435,0.9991
17.4888,124.99,0.2345,13.0230,-2.6982,357.5000,359.9621,359.7845,0.0282,0.1765,-0.2956,-0.0007,0.0436,0.9990
17.5088,124.99,0.2351,13.0264,-2.7043,357.4958,359.9601,359.7845,0.0288,0.1702,-0.3024,-0.0007,0.0437,0.9990
17.5288,124.99,0.2357,13.0297,-2.7105,357.4928,359.9581,359.7845,0.0293,0.1638,-0.3092,-0.0007,0.0437,0.9990
17.5488,124.99,0.2363,13.0328,-2.7168,357.4909,359.9561,359.7847,0.0299,0.1576,-0.3159,-0.0008,0.0438,0.9990
17.5688,124.99,0.2369,13.0358,-2.7232,357.4901,359.9541,359.7850,0.0305,0.1515,-0.3227,-0.0008,0.0438,0.9990
17.5888,124.99,0.2375,13.0387,-2.7298,357.4905,359.9521,359.7854,0.0311,0.1455,-0.3294,-0.0008,0.0438,0.9990
17.6088,124.99,0.2382,13.0415,-2.7365,357.4919,359.9501,359.7858,0.0316,0.1395,-0.3360,-0.0009,0.0438,0.9990
17.6288,124.99,0.2388,13.0442,-2.7434,357.4945,359.9481,359.7864,0.0322,0.1337,-0.3427,-0.0009,0.0437,0.9990
17.6488,124.99,0.2395,13.0468,-2.7504,357.4980,359.9462,359.7870,0.0328,0.1279,-0.3493,-0.0009,0.0437,0.9990
17.6688,124.99,0.2401,13.0492,-2.7575,357.5026,359.9442,359.7878,0.0333,0.1223,-0.3559,-0.0010,0.0436,0.9990
17.6888,124.99,0.2408,13.0515,-2.7647,357.5083,359.9423,359.7886,0.0339,0.1167,-0.3624,-0.0010,0.0435,0.9991
17.7088,124.99,0.2415,13.0538,-2.7721,357.5149,359.9404,359.7895,0.0344,0.1112,-0.3689,-0.0010,0.0434,0.9991
17.7288,124.99,0.2422,13.0559,-2.7796,357.5225,359.9386,359.7905,0.0350,0.1058,-0.3754,-0.0011,0.0432,0.9991
17.7488,124.99,0.2429,13.0579,-2.7873,357.5310,359.9367,359.7916,0.0355,0.1005,-0.3818,-0.0011,0.0431,0.9991
17.7688,124.99,0.2436,13.0598,-2.7950,357.5406,359.9349,359.7928,0.0360,0.0952,-0.3881,-0.0011,0.0429,0.9991
17.7888,124.99,0.2444,13.0616,-2.8029,357.5510,359.9331,359.7940,0.0366,0.0901,-0.3944,-0.0012,0.0427,0.9991
17.8088,124.99,0.2451,13.0633,-2.8109,357.5623,359.9314,359.7953,0.0371,0.0850,-0.4007,-0.0012,0.0425,0.9991
17.8288,124.99,0.2459,13.0649,-2.8191,357.5745,359.9296,359.7967,0.0376,0.0800,-0.4068,-0.0012,0.0423,0.9991
17.8488,124.99,0.2466,13.0664,-2.8273,357.5876,359.9279,359.7982,0.0381,0.0751,-0.4129,-0.0013,0.0421,0.9991
17.8688,124.99,0.2474,13.0678,-2.8357,357.6014,359.9263,359.7997,0.0386,0.0703,-0.4190,-0.0013,0.0419,0.9991
17.8888,124.99,0.2482,13.0691,-2.8442,357.6162,359.9247,359.8013,0.0391,0.0655,-0.4250,-0.0013,0.0416,0.9991
17.9088,124.99,0.2490,13.0703,-2.8528,357.6317,359.9231,359.8029,0.0396,0.0609,-0.4309,-0.0013,0.0413,0.9991
17.9288,124.99,0.2498,13.0715,-2.8616,357.6480,359.9215,359.8047,0.0401,0.0563,-0.4367,-0.0014,0.0410,0.9992
17.9488,124.99,0.2506,13.0725,-2.8704,357.6650,359.9200,359.8065,0.0405,0.0518,-0.4425,-0.0014,0.0407,0.9992
17.9688,124.99,0.2514,13.0734,-2.8794,357.6828,359.9185,359.8083,0.0410,0.0473,-0.4482,-0.0014,0.0404,0.9992
17.9888,124.99,0.2522,13.0743,-2.8884,357.7013,359.9171,359.8102,0.0415,0.0430,-0.4538,-0.0014,0.0401,0.9992
18.0088,124.99,0.2531,13.0751,-2.8976,357.7205,359.9157,359.8121,0.0419,0.0387,-0.4593,-0.0015,0.0398,0.9992
18.0288,124.99,0.2539,13.0758,-2.9069,357.7403,359.9143,359.8141,0.0424,0.0345,-0.4647,-0.0015,0.0394,0.9992
18.0488,124.99,0.2548,13.0764,-2.9163,357.7608,359.9130,359.8162,0.0428,0.0304,-0.4701,-0.0015,0.0391,0.9992
18.0688,124.99,0.2556,13.0769,-2.9258,357.7820,359.9118,359.8183,0.0432,0.0263,-0.4754,-0.0015,0.0387,0.9992
18.0888,124.99,0.2565,13.0773,-2.9354,357.8037,359.9106,359.8204,0.0436,0.0223,-0.4805,-0.0016,0.0383,0.9993
18.1088,124.99,0.2574,13.0777,-2.9452,357.8260,359.9094,359.8226,0.0441,0.0184,-0.4856,-0.0016,0.0379,0.9993
18.1288,124.99,0.2583,13.0780,-2.9550,357.8490,359.9082,359.8249,0.0445,0.0145,-0.4906,-0.0016,0.0375,0.9993
18.1488,124.99,0.2592,13.0782,-2.9649,357.8724,359.9071,359.8271,0.0449,0.0107,-0.4955,-0.0016,0.0371,0.9993
18.1688,124.99,0.2601,13.0784,-2.9749,357.8964,359.9061,359.8295,0.0452,0.0070,-0.5004,-0.0016,0.0367,0.9993
18.1888,124.99,0.2610,13.0784,-2.9850,357.9209,359.9051,359.8318,0.0456,0.0034,-0.5051,-0.0017,0.0363,0.9993
18.2088,124.99,0.2619,13.0784,-2.9952,357.9458,359.9042,359.8342,0.0460,-0.0002,-0.5097,-0.0017,0.0358,0.9994
18.2288,124.99,0.2628,13.0783,-3.0055,357.9713,359.9033,359.8366,0.0463,-0.0037,-0.5142,-0.0017,0.0354,0.9994
18.2488,119.32,0.2638,13.0782,-3.0158,357.9971,359.9024,359.8391,0.0467,-0.0072,-0.5187,-0.0017,0.0349,0.9994
18.2688,119.32,0.2647,13.0780,-3.0263,358.0234,359.9016,359.8416,0.0470,-0.0106,-0.5230,-0.0017,0.0345,0.9994
18.2888,119.32,0.2657,13.0777,-3.0368,358.0501,359.9008,359.8441,0.0473,-0.0139,-0.5272,-0.0017,0.0340,0.9994
18.3088,119.32,0.2666,13.0774,-3.0475,358.0772,359.9001,359.8466,0.0477,-0.0172,-0.5313,-0.0017,0.0336,0.9994
18.3288,119.32,0.2676,13.0770,-3.0582,358.1047,359.8994,359.8492,0.0480,-0.0204,-0.5353,-0.0018,0.0331,0.9995
18.3488,119.32,0.2685,13.0765,-3.0690,358.1325,359.8988,359.8517,0.0483,-0.0236,-0.5393,-0.0018,0.0326,0.9995
18.3688,119.32,0.2695,13.0760,-3.0798,358.1606,359.8982,359.8543,0.0486,-0.0267,-0.5431,-0.0018,0.0321,0.9995
18.3888,119.32,0.2705,13.0754,-3.0908,358.1891,359.8977,359.8569,0.0489,-0.0297,-0.5468,-0.0018,0.0316,0.9995
18.4088,119.32,0.2715,13.0747,-3.1018,358.2178,359.8972,359.8596,0.0491,-0.0327,-0.5504,-0.0018,0.0311,0.9995
18.4288,119.32,0.2725,13.0740,-3.1128,358.2468,359.8968,359.8622,0.0494,-0.0356,-0.5539,-0.0018,0.0306,0.9995
18.4488,119.32,0.2734,13.0732,-3.1240,358.2761,359.8964,359.8649,0.0496,-0.0384,-0.5573,-0.0018,0.0301,0.9995
18.4688,119.32,0.2744,13.0724,-3.1352,358.3055,359.8960,359.8676,0.0499,-0.0413,-0.5606,-0.0018,0.0296,0.9996
18.4888,119.32,0.2754,13.0715,-3.1465,358.3353,359.8957,359.8702,0.0501,-0.0440,-0.5637,-0.0018,0.0291,0.9996
18.5088,119.32,0.2765,13.0706,-3.1578,358.3652,359.8954,359.8730,0.0503,-0.0467,-0.5668,-0.0018,0.0285,0.9996
18.5288,119.32,0.2775,13.0696,-3.1692,358.3953,359.8952,359.8756,0.0506,-0.0494,-0.5698,-0.0018,0.0280,0.9996
18.5488,119.32,0.2785,13.0686,-3.1807,358.4256,359.8951,359.8784,0.0508,-0.0520,-0.5726,-0.0018,0.0275,0.9996
18.5688,119.32,0.2795,13.0675,-3.1922,358.4560,359.8949,359.8811,0.0510,-0.0545,-0.5754,-0.0018,0.0269,0.9996
18.5888,119.32,0.2805,13.0663,-3.2037,358.4865,359.8948,359.8838,0.0511,-0.0570,-0.5780,-0.0018,0.0264,0.9996
18.6088,119.32,0.2815,13.0651,-3.2153,358.5172,359.8947,359.8865,0.0513,-0.0594,-0.5805,-0.0018,0.0259,0.9997
18.6288,119.32,0.2826,13.0639,-3.2270,358.5480,359.8947,359.8892,0.0515,-0.0618,-0.5830,-0.0018,0.0253,0.9997
18.6488,119.32,0.2836,13.0626,-3.2387,358.5789,359.8947,359.8919,0.0516,-0.0642,-0.5853,-0.0018,0.0248,0.9997
18.6688,119.32,0.2846,13.0613,-3.2505,358.6098,359.8948,359.8947,0.0518,-0.0665,-0.5875,-0.0018,0.0243,0.9997
18.6888,119.32,0.2857,13.0599,-3.2622,358.6408,359.8949,359.8974,0.0519,-0.0687,-0.5896,-0.0018,0.0237,0.9997
18.7088,119.32,0.2867,13.0585,-3.2741,358.6719,359.8951,359.9001,0.0520,-0.0709,-0.5916,-0.0018,0.0232,0.9997
18.7288,119.32,0.2878,13.0570,-3.2859,358.7029,359.8952,359.9028,0.0522,-0.0731,-0.5935,-0.0018,0.0226,0.9997
18.7488,119.32,0.2888,13.0555,-3.2979,358.7340,359.8954,359.9055,0.0523,-0.0752,-0.5953,-0.0018,0.0221,0.9998
18.7688,119.32,0.2899,13.0540,-3.3098,358.7651,359.8957,359.9082,0.0524,-0.0773,-0.5969,-0.0018,0.0216,0.9998
18.7888,119.32,0.2909,13.0524,-3.3218,358.7962,359.8960,359.9109,0.0525,-0.0793,-0.5985,-0.0018,0.0210,0.9998
18.8088,119.32,0.2920,13.0508,-3.3338,358.8273,359.8963,359.9135,0.0526,-0.0813,-0.6000,-0.0018,0.0205,0.9998
18.8288,119.32,0.2930,13.0491,-3.3458,358.8583,359.8966,359.9162,0.0526,-0.0833,-0.6013,-0.0018,0.0199,0.9998
18.8488,119.32,0.2941,13.0474,-3.3578,358.8892,359.8970,359.9188,0.0527,-0.0852,-0.6026,-0.0018,0.0194,0.9998
18.8688,119.32,0.2951,13.0457,-3.3699,358.9201,359.8974,359.9214,0.0527,-0.0870,-0.6037,-0.0018,0.0188,0.9998
18.8888,119.32,0.2962,13.0439,-3.3820,358.9510,359.8979,359.9241,0.0528,-0.0888,-0.6048,-0.0018,0.0183,0.9998
18.9088,119.32,0.2972,13.0421,-3.3941,358.9817,359.8983,359.9267,0.0528,-0.0906,-0.6057,-0.0018,0.0178,0.9998
18.9288,119.32,0.2983,13.0402,-3.4063,359.0123,359.8988,359.9293,0.0529,-0.0924,-0.6066,-0.0018,0.0172,0.9998
18.9488,119.32,0.2994,13.0384,-3.4184,359.0428,359.8994,359.9318,0.0529,-0.0941,-0.6073,-0.0018,0.0167,0.9999
18.9688,119.32,0.3004,13.0364,-3.4306,359.0733,359.8999,359.9344,0.0529,-0.0958,-0.6080,-0.0017,0.0162,0.9999
18.9888,119.32,0.3015,13.0345,-3.4427,359.1035,359.9005,359.9369,0.0529,-0.0974,-0.6085,-0.0017,0.0156,0.9999
19.0088,119.32,0.3025,13.0325,-3.4549,359.1337,359.9011,359.9394,0.0529,-0.0990,-0.6090,-0.0017,0.0151,0.9999
19.0288,119.32,0.3036,13.0305,-3.4671,359.1636,359.9017,359.9419,0.0529,-0.1005,-0.6093,-0.0017,0.0146,0.9999
19.0488,119.32,0.3046,13.0285,-3.4793,359.1935,359.9023,359.9444,0.0529,-0.1021,-0.6096,-0.0017,0.0141,0.9999
19.0688,119.32,0.3057,13.0264,-3.4915,359.2231,359.9030,359.9468,0.0528,-0.1036,-0.6097,-0.0017,0.0136,0.9999
19.0888,119.32,0.3068,13.0243,-3.5037,359.2526,359.9037,359.9493,0.0528,-0.1050,-0.6098,-0.0017,0.0130,0.9999
19.1088,119.32,0.3078,13.0222,-3.5159,359.2819,359.9044,359.9517,0.0527,-0.1064,-0.6097,-0.0017,0.0125,0.9999
19.1288,119.32,0.3089,13.0200,-3.5281,359.3109,359.9051,359.9541,0.0527,-0.1078,-0.6096,-0.0017,0.0120,0.9999
19.1488,119.32,0.3099,13.0178,-3.5403,359.3398,359.9059,359.9564,0.0526,-0.1092,-0.6094,-0.0016,0.0115,0.9999
19.1688,119.32,0.3110,13.0156,-3.5524,359.3685,359.9066,359.9588,0.0526,-0.1105,-0.6091,-0.0016,0.0110,0.9999
19.1888,119.32,0.3120,13.0134,-3.5646,359.3969,359.9074,359.9611,0.0525,-0.1118,-0.6087,-0.0016,0.0105,0.9999
19.2088,119.32,0.3131,13.0111,-3.5768,359.4251,359.9082,359.9633,0.0524,-0.1131,-0.6082,-0.0016,0.0100,0.9999
19.2288,119.32,0.3141,13.0088,-3.5889,359.4531,359.9090,359.9656,0.0523,-0.1143,-0.6076,-0.0016,0.0095,1.0000
19.2488,119.32,0.3152,13.0065,-3.6011,359.4808,359.9099,359.9679,0.0522,-0.1155,-0.6070,-0.0016,0.0091,1.0000
19.2688,124.13,0.3162,13.0042,-3.6132,359.5083,359.9107,359.9701,0.0521,-0.1167,-0.6062,-0.0016,0.0086,1.0000
19.2888,124.13,0.3172,13.0018,-3.6253,359.5355,359.9115,359.9722,0.0520,-0.1178,-0.6054,-0.0015,0.0081,1.0000
19.3088,124.13,0.3183,12.9994,-3.6374,359.5625,359.9124,359.9744,0.0519,-0.1190,-0.6045,-0.0015,0.0076,1.0000
19.3288,124.13,0.3193,12.9970,-3.6495,359.5892,359.9132,359.9765,0.0518,-0.1200,-0.6035,-0.0015,0.0072,1.0000
19.3488,124.13,0.3203,12.9946,-3.6615,359.6156,359.9141,359.9786,0.0517,-0.1211,-0.6024,-0.0015,0.0067,1.0000
19.3688,124.13,0.3214,12.9922,-3.6735,359.6418,359.9150,359.9807,0.0515,-0.1221,-0.6013,-0.0015,0.0063,1.0000
19.3888,124.13,0.3224,12.9897,-3.6855,359.6676,359.9159,359.9827,0.0514,-0.1231,-0.6000,-0.0015,0.0058,1.0000
19.4088,124.13,0.3234,12.9872,-3.6975,359.6932,359.9168,359.9847,0.0512,-0.1241,-0.5987,-0.0015,0.0054,1.0000
19.4288,124.13,0.3244,12.9847,-3.7095,359.7184,359.9177,359.9867,0.0511,-0.1251,-0.5973,-0.0014,0.0049,1.0000
19.4488,124.13,0.3255,12.9822,-3.7214,359.7434,359.9186,359.9886,0.0509,-0.1260,-0.5959,-0.0014,0.0045,1.0000
19.4688,124.13,0.3265,12.9797,-3.7333,359.7681,359.9195,359.9905,0.0508,-0.1269,-0.5943,-0.0014,0.0040,1.0000
19.4888,124.13,0.3275,12.9771,-3.7451,359.7924,359.9204,359.9924,0.0506,-0.1278,-0.5927,-0.0014,0.0036,1.0000
19.5088,124.13,0.3285,12.9745,-3.7569,359.8165,359.9214,-0.0057,0.0504,-0.1287,-0.5911,-0.0014,0.0032,1.0000
19.5288,124.13,0.3295,12.9720,-3.7687,359.8402,359.9223,-0.0039,0.0502,-0.1295,-0.5893,-0.0014,0.0028,1.0000
19.5488,124.13,0.3305,12.9693,-3.7805,359.8636,359.9232,-0.0021,0.0500,-0.1303,-0.5875,-0.0013,0.0024,1.0000
19.5688,124.13,0.3315,12.9667,-3.7922,359.8867,359.9241,-0.0003,0.0499,-0.1311,-0.5856,-0.0013,0.0020,1.0000
19.5888,124.13,0.3325,12.9641,-3.8039,359.9095,359.9251,0.0014,0.0497,-0.1319,-0.5837,-0.0013,0.0016,1.0000
19.6088,124.13,0.3335,12.9614,-3.8155,359.9319,359.9260,0.0031,0.0495,-0.1326,-0.5817,-0.0013,0.0012,1.0000
19.6288,124.13,0.3345,12.9588,-3.8271,359.9541,359.9269,0.0048,0.0493,-0.1333,-0.5796,-0.0013,0.0008,1.0000
19.6488,124.13,0.3355,12.9561,-3.8386,359.9759,359.9278,0.0064,0.0490,-0.1340,-0.5774,-0.0013,0.0004,1.0000
19.6688,124.13,0.3364,12.9534,-3.8501,-0.0027,359.9287,0.0080,0.0488,-0.1347,-0.5752,-0.0012,0.0000,1.0000
19.6888,124.13,0.3374,12.9507,-3.8616,0.0184,359.9297,0.0096,0.0486,-0.1354,-0.5730,-0.0012,-0.0003,1.0000
19.7088,124.13,0.3384,12.9480,-3.8730,0.0392,359.9306,0.0112,0.0484,-0.1360,-0.5707,-0.0012,-0.0007,1.0000
19.7288,124.13,0.3393,12.9452,-3.8844,0.0596,359.9315,0.0127,0.0482,-0.1366,-0.5683,-0.0012,-0.0010,1.0000
19.7488,124.13,0.3403,12.9425,-3.8957,0.0797,359.9324,0.0142,0.0479,-0.1372,-0.5659,-0.0012,-0.0014,1.0000
19.7688,124.13,0.3412,12.9397,-3.9070,0.0995,359.9333,0.0156,0.0477,-0.1378,-0.5634,-0.0012,-0.0017,1.0000
19.7888,124.13,0.3422,12.9370,-3.9182,0.1189,359.9342,0.0171,0.0475,-0.1383,-0.5609,-0.0011,-0.0021,1.0000
19.8088,124.13,0.3431,12.9342,-3.9293,0.1380,359.9351,0.0185,0.0472,-0.1389,-0.5583,-0.0011,-0.0024,1.0000
19.8288,124.13,0.3441,12.9314,-3.9405,0.1568,359.9359,0.0198,0.0470,-0.1394,-0.5557,-0.0011,-0.0027,1.0000
19.8488,124.13,0.3450,12.9286,-3.9515,0.1751,359.9368,0.0212,0.0467,-0.1399,-0.5530,-0.0011,-0.0031,1.0000
19.8688,124.13,0.3459,12.9258,-3.9625,0.1932,359.9377,0.0225,0.0465,-0.1404,-0.5502,-0.0011,-0.0034,1.0000
19.8888,124.13,0.3469,12.9230,-3.9735,0.2109,359.9385,0.0237,0.0462,-0.1408,-0.5475,-0.0011,-0.0037,1.0000
19.9088,124.13,0.3478,12.9202,-3.9844,0.2283,359.9394,0.0250,0.0460,-0.1413,-0.5447,-0.0011,-0.0040,1.0000
19.9288,124.13,0.3487,12.9173,-3.9952,0.2453,359.9402,0.0262,0.0457,-0.1417,-0.5418,-0.0010,-0.0043,1.0000
19.9488,124.13,0.3496,12.9145,-4.0060,0.2620,359.9410,0.0274,0.0454,-0.1421,-0.5389,-0.0010,-0.0046,1.0000
19.9688,124.13,0.3505,12.9116,-4.0167,0.2783,359.9419,0.0286,0.0452,-0.1425,-0.5359,-0.0010,-0.0049,1.0000
19.9888,124.13,0.3514,12.9088,-4.0274,0.2943,359.9427,0.0297,0.0449,-0.1429,-0.5329,-0.0010,-0.0051,1.0000
20.0088,124.13,0.3523,12.9059,-4.0380,0.3099,359.9435,0.0308,0.0446,-0.1433,-0.5299,-0.0010,-0.0054,1.0000
20.0288,124.13,0.3532,12.9030,-4.0485,0.3253,359.9442,0.0319,0.0444,-0.1436,-0.5269,-0.0010,-0.0057,1.0000
20.0488,124.13,0.3541,12.9002,-4.0590,0.3402,359.9450,0.0329,0.0441,-0.1439,-0.5238,-0.0010,-0.0059,1.0000
20.0688,124.13,0.3549,12.8973,-4.0694,0.3549,359.9458,0.0339,0.0438,-0.1443,-0.5206,-0.0009,-0.0062,1.0000
20.0888,124.13,0.3558,12.8944,-4.0797,0.3692,359.9465,0.0349,0.0435,-0.1446,-0.5175,-0.0009,-0.0064,1.0000
20.1088,124.13,0.3567,12.8915,-4.0900,0.3831,359.9473,0.0359,0.0432,-0.1448,-0.5143,-0.0009,-0.0067,1.0000
20.1288,124.13,0.3575,12.8886,-4.1002,0.3967,359.9480,0.0368,0.0430,-0.1451,-0.5110,-0.0009,-0.0069,1.0000
20.1488,124.13,0.3584,12.8857,-4.1104,0.4100,359.9487,0.0377,0.0427,-0.1454,-0.5078,-0.0009,-0.0072,1.0000
20.1688,124.13,0.3592,12.8828,-4.1205,0.4230,359.9494,0.0386,0.0424,-0.1456,-0.5045,-0.0009,-0.0074,1.0000
20.1888,124.13,0.3601,12.8798,-4.1305,0.4356,359.9501,0.0394,0.0421,-0.1458,-0.5012,-0.0009,-0.0076,1.0000
20.2088,124.13,0.3609,12.8769,-4.1405,0.4479,359.9508,0.0403,0.0418,-0.1461,-0.4978,-0.0009,-0.0078,1.0000
20.2288,124.13,0.3618,12.8740,-4.1503,0.4599,359.9515,0.0411,0.0415,-0.1463,-0.4945,-0.0008,-0.0080,1.0000
20.2488,124.13,0.3626,12.8711,-4.1602,0.4716,359.9521,0.0418,0.0412,-0.1464,-0.4911,-0.0008,-0.0082,1.0000
20.2688,123.15,0.3634,12.8681,-4.1699,0.4829,359.9528,0.0426,0.0409,-0.1466,-0.4876,-0.0008,-0.0084,1.0000
20.2888,123.15,0.3642,12.8652,-4.1796,0.4940,359.9534,0.0433,0.0406,-0.1468,-0.4842,-0.0008,-0.0086,1.0000
20.3088,123.15,0.3650,12.8623,-4.1892,0.5047,359.9540,0.0440,0.0403,-0.1469,-0.4807,-0.0008,-0.0088,1.0000
20.3288,123.15,0.3658,12.8593,-4.1988,0.5151,359.9546,0.0447,0.0400,-0.1471,-0.4773,-0.0008,-0.0090,1.0000
20.3488,123.15,0.3666,12.8564,-4.2082,0.5251,359.9552,0.0453,0.0397,-0.1472,-0.4738,-0.0008,-0.0092,1.0000
20.3688,123.15,0.3674,12.8534,-4.2176,0.5349,359.9557,0.0460,0.0394,-0.1473,-0.4703,-0.0008,-0.0093,1.0000
20.3888,123.15,0.3682,12.8505,-4.2270,0.5444,359.9563,0.0466,0.0391,-0.1474,-0.4667,-0.0008,-0.0095,1.0000
20.4088,123.15,0.3690,12.8475,-4.2362,0.5535,359.9568,0.0472,0.0388,-0.1475,-0.4632,-0.0008,-0.0097,1.0000
20.4288,123.15,0.3697,12.8446,-4.2454,0.5624,359.9574,0.0477,0.0385,-0.1475,-0.4596,-0.0007,-0.0098,1.0000
20.4488,123.15,0.3705,12.8416,-4.2546,0.5710,359.9579,0.0483,0.0382,-0.1476,-0.4560,-0.0007,-0.0100,1.0000
20.4688,123.15,0.3713,12.8387,-4.2636,0.5792,359.9584,0.0488,0.0379,-0.1477,-0.4524,-0.0007,-0.0101,0.9999
20.4888,123.15,0.3720,12.8357,-4.2726,0.5872,359.9589,0.0493,0.0376,-0.1477,-0.4488,-0.0007,-0.0102,0.9999
20.5088,123.15,0.3727,12.8328,-4.2815,0.5949,359.9593,0.0497,0.0373,-0.1477,-0.4452,-0.0007,-0.0104,0.9999
20.5288,123.15,0.3735,12.8298,-4.2903,0.6023,359.9598,0.0502,0.0370,-0.1477,-0.4416,-0.0007,-0.0105,0.9999
20.5488,123.15,0.3742,12.8269,-4.2991,0.6095,359.9602,0.0506,0.0367,-0.1478,-0.4380,-0.0007,-0.0106,0.9999
20.5688,123.15,0.3750,12.8239,-4.3078,0.6163,359.9607,0.0510,0.0364,-0.1477,-0.4343,-0.0007,-0.0108,0.9999
20.5888,123.15,0.3757,12.8209,-4.3164,0.6229,359.9611,0.0514,0.0361,-0.1477,-0.4307,-0.0007,-0.0109,0.9999
20.6088,123.15,0.3764,12.8180,-4.3249,0.6292,359.9615,0.0518,0.0358,-0.1477,-0.4271,-0.0007,-0.0110,0.9999
20.6288,123.15,0.3771,12.8150,-4.3334,0.6352,359.9619,0.0522,0.0355,-0.1477,-0.4234,-0.0007,-0.0111,0.9999
20.6488,123.15,0.3778,12.8121,-4.3418,0.6410,359.9622,0.0525,0.0352,-0.1476,-0.4197,-0.0007,-0.0112,0.9999
20.6688,123.15,0.3785,12.8091,-4.3501,0.6465,359.9626,0.0528,0.0349,-0.1476,-0.4161,-0.0007,-0.0113,0.9999
20.6888,123.15,0.3792,12.8062,-4.3584,0.6517,359.9630,0.0531,0.0346,-0.1475,-0.4124,-0.0006,-0.0114,0.9999
20.7088,123.15,0.3799,12.8032,-4.3665,0.6567,359.9633,0.0534,0.0343,-0.1474,-0.4087,-0.0006,-0.0115,0.9999
20.7288,123.15,0.3806,12.8003,-4.3746,0.6615,359.9636,0.0536,0.0340,-0.1473,-0.4051,-0.0006,-0.0115,0.9999
20.7488,123.15,0.3812,12.7973,-4.3827,0.6659,359.9639,0.0539,0.0337,-0.1472,-0.4014,-0.0006,-0.0116,0.9999
20.7688,123.15,0.3819,12.7944,-4.3906,0.6702,359.9642,0.0541,0.0334,-0.1471,-0.3977,-0.0006,-0.0117,0.9999
20.7888,123.15,0.3826,12.7915,-4.3985,0.6742,359.9645,0.0543,0.0331,-0.1470,-0.3941,-0.0006,-0.0118,0.9999
20.8088,123.15,0.3832,12.7885,-4.4063,0.6780,359.9648,0.0545,0.0328,-0.1469,-0.3904,-0.0006,-0.0118,0.9999
20.8288,123.15,0.3839,12.7856,-4.4140,0.6815,359.9650,0.0547,0.0325,-0.1468,-0.3867,-0.0006,-0.0119,0.9999
20.8488,123.15,0.3845,12.7827,-4.4217,0.6848,359.9652,0.0549,0.0322,-0.1466,-0.3831,-0.0006,-0.0120,0.9999
20.8688,123.15,0.3851,12.7797,-4.4293,0.6879,359.9655,0.0550,0.0319,-0.1465,-0.3794,-0.0006,-0.0120,0.9999
20.8888,123.15,0.3858,12.7768,-4.4368,0.6907,359.9657,0.0552,0.0316,-0.1463,-0.3758,-0.0006,-0.0121,0.9999
20.9088,123.15,0.3864,12.7739,-4.4443,0.6933,359.9659,0.0553,0.0313,-0.1462,-0.3721,-0.0006,-0.0121,0.9999
20.9288,123.15,0.3870,12.7710,-4.4516,0.6957,359.9661,0.0554,0.0310,-0.1460,-0.3685,-0.0006,-0.0121,0.9999
20.9488,123.15,0.3876,12.7680,-4.4589,0.6979,359.9663,0.0555,0.0307,-0.1458,-0.3649,-0.0006,-0.0122,0.9999
20.9688,123.15,0.3882,12.7651,-4.4661,0.6999,359.9665,0.0555,0.0304,-0.1456,-0.3613,-0.0006,-0.0122,0.9999
20.9888,123.15,0.3888,12.7622,-4.4733,0.7017,359.9666,0.0556,0.0301,-0.1454,-0.3576,-0.0006,-0.0122,0.9999
21.0088,123.15,0.3894,12.7593,-4.4804,0.7033,359.9668,0.0557,0.0298,-0.1452,-0.3540,-0.0006,-0.0123,0.9999
21.0288,123.15,0.3900,12.7564,-4.4874,0.7047,359.9669,0.0557,0.0295,-0.1450,-0.3504,-0.0006,-0.0123,0.9999
21.0488,123.15,0.3906,12.7535,-4.4943,0.7059,359.9670,0.0557,0.0292,-0.1448,-0.3469,-0.0006,-0.0123,0.9999
21.0688,123.15,0.3912,12.7506,-4.5012,0.7069,359.9671,0.0557,0.0289,-0.1446,-0.3433,-0.0006,-0.0123,0.9999
21.0888,123.15,0.3918,12.7477,-4.5080,0.7077,359.9673,0.0557,0.0286,-0.1443,-0.3397,-0.0006,-0.0124,0.9999
21.1088,123.15,0.3923,12.7449,-4.5147,0.7083,359.9673,0.0557,0.0284,-0.1441,-0.3362,-0.0006,-0.0124,0.9999
21.1288,123.15,0.3929,12.7420,-4.5214,0.7088,359.9674,0.0557,0.0281,-0.1439,-0.3326,-0.0006,-0.0124,0.9999
21.1488,123.15,0.3935,12.7391,-4.5279,0.7091,359.9675,0.0557,0.0278,-0.1436,-0.3291,-0.0006,-0.0124,0.9999
21.1688,123.15,0.3940,12.7362,-4.5345,0.7092,359.9676,0.0556,0.0275,-0.1433,-0.3256,-0.0006,-0.0124,0.9999
21.1888,123.15,0.3945,12.7334,-4.5409,0.7091,359.9676,0.0556,0.0272,-0.1431,-0.3221,-0.0006,-0.0124,0.9999
21.2088,123.15,0.3951,12.7305,-4.5473,0.7089,359.9677,0.0555,0.0269,-0.1428,-0.3186,-0.0006,-0.0124,0.9999
21.2288,123.15,0.3956,12.7277,-4.5536,0.7085,359.9677,0.0555,0.0267,-0.1425,-0.3151,-0.0006,-0.0124,0.9999
21.2488,123.15,0.3961,12.7248,-4.5598,0.7079,359.9677,0.0554,0.0264,-0.1422,-0.3117,-0.0006,-0.0124,0.9999
21.2688,123.15,0.3967,12.7220,-4.5660,0.7072,359.9678,0.0553,0.0261,-0.1419,-0.3082,-0.0006,-0.0123,0.9999
21.2888,122.03,0.3972,12.7192,-4.5721,0.7064,359.9678,0.0552,0.0258,-0.1416,-0.3048,-0.0006,-0.0123,0.9999
21.3088,122.03,0.3977,12.7163,-4.5781,0.7053,359.9678,0.0551,0.0256,-0.1413,-0.3014,-0.0006,-0.0123,0.9999
21.3288,122.03,0.3982,12.7135,-4.5841,0.7042,359.9678,0.0550,0.0253,-0.1410,-0.2980,-0.0006,-0.0123,0.9999
21.3488,122.03,0.3987,12.7107,-4.5899,0.7029,359.9677,0.0548,0.0250,-0.1407,-0.2946,-0.0006,-0.0123,0.9999
21.3688,122.03,0.3992,12.7079,-4.5958,0.7015,359.9677,0.0547,0.0247,-0.1404,-0.2913,-0.0006,-0.0122,0.9999
21.3888,122.03,0.3997,12.7051,-4.6015,0.6999,359.9677,0.0545,0.0245,-0.1401,-0.2880,-0.0006,-0.0122,0.9999
21.4088,122.03,0.4002,12.7023,-4.6072,0.6982,359.9677,0.0544,0.0242,-0.1397,-0.2846,-0.0006,-0.0122,0.9999
21.4288,122.03,0.4007,12.6995,-4.6128,0.6964,359.9676,0.0542,0.0239,-0.1394,-0.2813,-0.0006,-0.0122,0.9999
21.4488,122.03,0.4011,12.6967,-4.6184,0.6944,359.9676,0.0541,0.0237,-0.1390,-0.2781,-0.0006,-0.0121,0.9999
21.4688,122.03,0.4016,12.6939,-4.6239,0.6923,359.9675,0.0539,0.0234,-0.1387,-0.2748,-0.0006,-0.0121,0.9999
21.4888,122.03,0.4021,12.6912,-4.6293,0.6901,359.9675,0.0537,0.0232,-0.1383,-0.2715,-0.0006,-0.0120,0.9999
21.5088,122.03,0.4025,12.6884,-4.6347,0.6878,359.9674,0.0535,0.0229,-0.1380,-0.2683,-0.0006,-0.0120,0.9999
21.5288,122.03,0.4030,12.6857,-4.6400,0.6854,359.9673,0.0533,0.0226,-0.1376,-0.2651,-0.0006,-0.0120,0.9999
21.5488,122.03,0.4034,12.6829,-4.6452,0.6829,359.9672,0.0531,0.0224,-0.1372,-0.2619,-0.0006,-0.0119,0.9999
21.5688,122.03,0.4039,12.6802,-4.6504,0.6803,359.9672,0.0529,0.0221,-0.1369,-0.2588,-0.0006,-0.0119,0.9999
21.5888,122.03,0.4043,12.6775,-4.6555,0.6775,359.9671,0.0527,0.0219,-0.1365,-0.2556,-0.0006,-0.0118,0.9999
21.6088,122.03,0.4047,12.6747,-4.6606,0.6747,359.9669,0.0525,0.0216,-0.1361,-0.2525,-0.0006,-0.0118,0.9999
21.6288,122.03,0.4052,12.6720,-4.6656,0.6718,359.9669,0.0523,0.0214,-0.1357,-0.2494,-0.0006,-0.0117,0.9999
21.6488,122.03,0.4056,12.6693,-4.6705,0.6687,359.9668,0.0521,0.0211,-0.1353,-0.2463,-0.0006,-0.0117,0.9999
21.6688,122.03,0.4060,12.6666,-4.6754,0.6656,359.9666,0.0518,0.0209,-0.1349,-0.2433,-0.0006,-0.0116,0.9999
21.6888,122.03,0.4064,12.6639,-4.6802,0.6624,359.9665,0.0516,0.0206,-0.1345,-0.2403,-0.0006,-0.0116,0.9999
21.7088,122.03,0.4068,12.6612,-4.6849,0.6591,359.9664,0.0514,0.0204,-0.1341,-0.2372,-0.0006,-0.0115,0.9999
21.7288,122.03,0.4072,12.6586,-4.6896,0.6557,359.9663,0.0511,0.0201,-0.1337,-0.2343,-0.0006,-0.0114,0.9999
21.7488,122.03,0.4076,12.6559,-4.6942,0.6523,359.9662,0.0509,0.0199,-0.1333,-0.2313,-0.0006,-0.0114,0.9999
21.7688,122.03,0.4080,12.6532,-4.6988,0.6488,359.9660,0.0506,0.0197,-0.1329,-0.2283,-0.0006,-0.0113,0.9999
21.7888,122.03,0.4084,12.6506,-4.7033,0.6452,359.9659,0.0504,0.0194,-0.1324,-0.2254,-0.0006,-0.0113,0.9999
21.8088,122.03,0.4088,12.6480,-4.7077,0.6415,359.9658,0.0501,0.0192,-0.1320,-0.2225,-0.0006,-0.0112,0.9999
21.8288,122.03,0.4092,12.6453,-4.7121,0.6377,359.9656,0.0498,0.0190,-0.1316,-0.2197,-0.0006,-0.0111,0.9999
21.8488,122.03,0.4095,12.6427,-4.7165,0.6339,359.9655,0.0496,0.0187,-0.1312,-0.2168,-0.0006,-0.0111,0.9999
21.8688,122.03,0.4099,12.6401,-4.7208,0.6301,359.9653,0.0493,0.0185,-0.1307,-0.2140,-0.0006,-0.0110,0.9999
21.8888,122.03,0.4103,12.6375,-4.7250,0.6261,359.9651,0.0490,0.0183,-0.1303,-0.2112,-0.0006,-0.0109,0.9999
21.9088,122.03,0.4106,12.6349,-4.7291,0.6221,359.9650,0.0487,0.0181,-0.1298,-0.2084,-0.0006,-0.0109,0.9999
21.9288,122.03,0.4110,12.6323,-4.7333,0.6181,359.9648,0.0485,0.0178,-0.1294,-0.2056,-0.0006,-0.0108,0.9999
21.9488,122.03,0.4113,12.6297,-4.7373,0.6140,359.9647,0.0482,0.0176,-0.1289,-0.2029,-0.0006,-0.0107,0.9999
21.9688,122.03,0.4117,12.6271,-4.7413,0.6099,359.9645,0.0479,0.0174,-0.1285,-0.2002,-0.0006,-0.0106,0.9999
21.9888,122.03,0.4120,12.6246,-4.7453,0.6057,359.9644,0.0476,0.0172,-0.1280,-0.1975,-0.0006,-0.0106,0.9999
22.0088,122.03,0.4124,12.6220,-4.7492,0.6014,359.9642,0.0473,0.0170,-0.1276,-0.1948,-0.0006,-0.0105,0.9999
22.0288,122.03,0.4127,12.6195,-4.7530,0.5971,359.9640,0.0470,0.0167,-0.1271,-0.1922,-0.0006,-0.0104,0.9999
22.0488,122.03,0.4130,12.6170,-4.7568,0.5928,359.9639,0.0467,0.0165,-0.1266,-0.1896,-0.0006,-0.0103,0.9999
22.0688,122.03,0.4134,12.6144,-4.7605,0.5884,359.9637,0.0464,0.0163,-0.1262,-0.1870,-0.0006,-0.0103,0.9999
22.0888,122.03,0.4137,12.6119,-4.7642,0.5840,359.9635,0.0461,0.0161,-0.1257,-0.1844,-0.0006,-0.0102,0.9999
22.1088,122.03,0.4140,12.6094,-4.7679,0.5796,359.9633,0.0458,0.0159,-0.1252,-0.1819,-0.0006,-0.0101,0.9999
22.1288,122.03,0.4143,12.6069,-4.7715,0.5751,359.9632,0.0455,0.0157,-0.1247,-0.1794,-0.0006,-0.0100,0.9999
22.1488,122.03,0.4146,12.6044,-4.7750,0.5706,359.9630,0.0452,0.0155,-0.1243,-0.1769,-0.0006,-0.0100,1.0000
22.1688,122.03,0.4149,12.6020,-4.7785,0.5660,359.9628,0.0449,0.0153,-0.1238,-0.1744,-0.0006,-0.0099,1.0000
22.1888,122.03,0.4152,12.5995,-4.7819,0.5615,359.9626,0.0446,0.0151,-0.1233,-0.1720,-0.0007,-0.0098,1.0000
22.2088,122.03,0.4155,12.5970,-4.7853,0.5569,359.9625,0.0443,0.0149,-0.1228,-0.1695,-0.0007,-0.0097,1.0000
22.2288,122.03,0.4158,12.5946,-4.7887,0.5523,359.9623,0.0439,0.0147,-0.1223,-0.1671,-0.0007,-0.0096,1.0000
22.2488,122.03,0.4161,12.5922,-4.7920,0.5476,359.9621,0.0436,0.0145,-0.1218,-0.1648,-0.0007,-0.0096,1.0000
22.2688,122.03,0.4164,12.5897,-4.7952,0.5430,359.9619,0.0433,0.0143,-0.1213,-0.1624,-0.0007,-0.0095,1.0000
22.2888,119.27,0.4167,12.5873,-4.7984,0.5383,359.9618,0.0430,0.0141,-0.1208,-0.1601,-0.0007,-0.0094,1.0000
22.3088,119.27,0.4170,12.5849,-4.8016,0.5336,359.9616,0.0427,0.0139,-0.1203,-0.1578,-0.0007,-0.0093,1.0000
22.3288,119.27,0.4172,12.5825,-4.8047,0.5289,359.9614,0.0424,0.0137,-0.1199,-0.1555,-0.0007,-0.0092,1.0000
22.3488,119.27,0.4175,12.5801,-4.8077,0.5242,359.9612,0.0421,0.0136,-0.1193,-0.1532,-0.0007,-0.0091,1.0000
22.3688,119.27,0.4178,12.5777,-4.8108,0.5195,359.9611,0.0417,0.0134,-0.1188,-0.1510,-0.0007,-0.0091,1.0000
22.3888,119.27,0.4180,12.5754,-4.8137,0.5148,359.9609,0.0414,0.0132,-0.1183,-0.1488,-0.0007,-0.0090,1.0000
22.4088,119.27,0.4183,12.5730,-4.8167,0.5100,359.9607,0.0411,0.0130,-0.1178,-0.1466,-0.0007,-0.0089,1.0000
22.4288,119.27,0.4186,12.5707,-4.8196,0.5053,359.9605,0.0408,0.0128,-0.1173,-0.1445,-0.0007,-0.0088,1.0000
22.4488,119.27,0.4188,12.5683,-4.8224,0.5005,359.9604,0.0405,0.0126,-0.1168,-0.1423,-0.0007,-0.0087,1.0000
22.4688,119.27,0.4191,12.5660,-4.8252,0.4957,359.9602,0.0401,0.0125,-0.1163,-0.1402,-0.0007,-0.0087,1.0000
22.4888,119.27,0.4193,12.5637,-4.8280,0.4910,359.9600,0.0398,0.0123,-0.1158,-0.1381,-0.0007,-0.0086,1.0000
22.5088,119.27,0.4195,12.5614,-4.8307,0.4862,359.9598,0.0395,0.0121,-0.1153,-0.1361,-0.0007,-0.0085,1.0000
22.5288,119.27,0.4198,12.5591,-4.8334,0.4815,359.9597,0.0392,0.0120,-0.1148,-0.1340,-0.0007,-0.0084,1.0000
22.5488,119.27,0.4200,12.5568,-4.8360,0.4767,359.9595,0.0388,0.0118,-0.1142,-0.1320,-0.0007,-0.0083,1.0000
22.5688,119.27,0.4203,12.5545,-4.8386,0.4720,359.9593,0.0385,0.0116,-0.1137,-0.1300,-0.0007,-0.0082,1.0000
22.5888,119.27,0.4205,12.5523,-4.8412,0.4672,359.9591,0.0382,0.0114,-0.1132,-0.1280,-0.0007,-0.0082,1.0000
22.6088,119.27,0.4207,12.5500,-4.8437,0.4625,359.9590,0.0379,0.0113,-0.1127,-0.1261,-0.0007,-0.0081,1.0000
22.6288,119.27,0.4209,12.5478,-4.8462,0.4577,359.9588,0.0376,0.0111,-0.1122,-0.1241,-0.0007,-0.0080,1.0000
22.6488,119.27,0.4212,12.5455,-4.8486,0.4530,359.9586,0.0372,0.0110,-0.1116,-0.1222,-0.0007,-0.0079,1.0000
22.6688,119.27,0.4214,12.5433,-4.8510,0.4483,359.9585,0.0369,0.0108,-0.1111,-0.1203,-0.0007,-0.0078,1.0000
22.6888,119.27,0.4216,12.5411,-4.8534,0.4436,359.9583,0.0366,0.0106,-0.1106,-0.1185,-0.0007,-0.0077,1.0000
22.7088,119.27,0.4218,12.5389,-4.8557,0.4389,359.9582,0.0363,0.0105,-0.1101,-0.1166,-0.0007,-0.0077,1.0000
22.7288,119.27,0.4220,12.5367,-4.8580,0.4342,359.9580,0.0360,0.0103,-0.1095,-0.1148,-0.0007,-0.0076,1.0000
22.7488,119.27,0.4222,12.5345,-4.8603,0.4295,359.9579,0.0356,0.0102,-0.1090,-0.1130,-0.0007,-0.0075,1.0000
22.7688,119.27,0.4224,12.5324,-4.8625,0.4249,359.9577,0.0353,0.0100,-0.1085,-0.1112,-0.0007,-0.0074,1.0000
22.7888,119.27,0.4226,12.5302,-4.8647,0.4202,359.9575,0.0350,0.0099,-0.1080,-0.1095,-0.0007,-0.0073,1.0000
22.8088,119.27,0.4228,12.5281,-4.8668,0.4156,359.9574,0.0347,0.0097,-0.1074,-0.1078,-0.0007,-0.0073,1.0000
22.8288,119.27,0.4230,12.5259,-4.8690,0.4110,359.9572,0.0344,0.0096,-0.1069,-0.1060,-0.0007,-0.0072,1.0000
22.8488,119.27,0.4232,12.5238,-4.8711,0.4064,359.9571,0.0340,0.0094,-0.1064,-0.1043,-0.0007,-0.0071,1.0000
22.8688,119.27,0.4234,12.5217,-4.8731,0.4018,359.9569,0.0337,0.0093,-0.1058,-0.1027,-0.0008,-0.0070,1.0000
22.8888,119.27,0.4235,12.5196,-4.8751,0.3973,359.9568,0.0334,0.0091,-0.1053,-0.1010,-0.0008,-0.0069,1.0000
22.9088,119.27,0.4237,12.5175,-4.8771,0.3928,359.9566,0.0331,0.0090,-0.1048,-0.0994,-0.0008,-0.0069,1.0000
22.9288,119.27,0.4239,12.5154,-4.8791,0.3883,359.9565,0.0328,0.0089,-0.1042,-0.0978,-0.0008,-0.0068,1.0000
22.9488,119.27,0.4241,12.5133,-4.8810,0.3838,359.9564,0.0325,0.0087,-0.1037,-0.0962,-0.0008,-0.0067,1.0000
22.9688,119.27,0.4242,12.5113,-4.8829,0.3793,359.9562,0.0322,0.0086,-0.1032,-0.0946,-0.0008,-0.0066,1.0000
22.9888,119.27,0.4244,12.5092,-4.8848,0.3749,359.9561,0.0319,0.0085,-0.1026,-0.0931,-0.0008,-0.0065,1.0000
23.0088,119.27,0.4246,12.5072,-4.8866,0.3705,359.9559,0.0316,0.0083,-0.1021,-0.0916,-0.0008,-0.0065,1.0000
23.0288,119.27,0.4247,12.5051,-4.8884,0.3661,359.9558,0.0312,0.0082,-0.1016,-0.0901,-0.0008,-0.0064,1.0000
23.0488,119.27,0.4249,12.5031,-4.8902,0.3617,359.9557,0.0309,0.0081,-0.1010,-0.0886,-0.0008,-0.0063,1.0000
23.0688,119.27,0.4251,12.5011,-4.8919,0.3574,359.9555,0.0306,0.0079,-0.1005,-0.0871,-0.0008,-0.0062,1.0000
23.0888,119.27,0.4252,12.4991,-4.8936,0.3531,359.9554,0.0303,0.0078,-0.1000,-0.0857,-0.0008,-0.0062,1.0000
23.1088,119.27,0.4254,12.5008,-4.8952,0.3417,359.9557,0.0294,0.0075,0.0862,-0.0816,-0.0008,-0.0060,1.0000
23.1288,119.27,0.4255,12.5029,-4.8968,0.3265,359.9563,0.0282,0.0072,0.1047,-0.0793,-0.0008,-0.0057,1.0000
23.1488,119.27,0.4257,12.5085,-4.8983,0.3048,359.9572,0.0264,0.0069,0.2779,-0.0756,-0.0007,-0.0053,1.0000
23.1688,119.27,0.4258,12.5145,-4.8998,0.2798,359.9583,0.0243,0.0067,0.3031,-0.0735,-0.0007,-0.0049,1.0000
23.1888,119.27,0.4259,12.5238,-4.9012,0.2490,359.9597,0.0216,0.0064,0.4646,-0.0703,-0.0007,-0.0043,1.0000
23.2088,119.27,0.4260,12.5337,-4.9026,0.2152,359.9613,0.0188,0.0063,0.4954,-0.0685,-0.0007,-0.0038,1.0000
23.2288,119.27,0.4262,12.5467,-4.9039,0.1763,359.9631,0.0154,0.0060,0.6463,-0.0659,-0.0006,-0.0031,1.0000
23.2488,119.27,0.4263,12.5603,-4.9052,0.1347,359.9651,0.0118,0.0059,0.6818,-0.0644,-0.0006,-0.0024,1.0000
23.2688,119.27,0.4264,12.5768,-4.9064,0.0886,359.9672,0.0078,0.0057,0.8232,-0.0625,-0.0006,-0.0015,1.0000
23.2888,120.82,0.4265,12.5940,-4.9077,0.0402,359.9694,0.0036,0.0056,0.8626,-0.0614,-0.0005,-0.0007,1.0000
23.3088,120.82,0.4266,12.6139,-4.9089,359.9879,359.9717,-0.0010,0.0055,0.9953,-0.0601,-0.0005,0.0002,1.0000
23.3288,120.82,0.4267,12.6347,-4.9101,359.9335,359.9742,-0.0057,0.0055,1.0379,-0.0595,-0.0005,0.0012,1.0000
23.3488,120.82,0.4268,12.6579,-4.9112,359.8757,359.9767,359.9892,0.0054,1.1627,-0.0589,-0.0004,0.0022,1.0000
23.3688,120.82,0.4269,12.6821,-4.9124,359.8161,359.9792,359.9839,0.0054,1.2079,-0.0588,-0.0004,0.0032,1.0000
23.3888,120.82,0.4271,12.7086,-4.9136,359.7536,359.9818,359.9784,0.0054,1.3255,-0.0589,-0.0003,0.0043,1.0000
23.4088,120.82,0.4272,12.7361,-4.9148,359.6897,359.9844,359.9727,0.0054,1.3728,-0.0594,-0.0003,0.0054,1.0000
23.4288,120.82,0.4273,12.7657,-4.9160,359.6231,359.9870,359.9668,0.0055,1.4839,-0.0602,-0.0002,0.0066,1.0000
23.4488,120.82,0.4274,12.7964,-4.9172,359.5555,359.9897,359.9607,0.0056,1.5327,-0.0613,-0.0002,0.0078,1.0000
23.4688,120.82,0.4275,12.8291,-4.9185,359.4856,359.9923,359.9545,0.0057,1.6378,-0.0628,-0.0001,0.0090,1.0000
23.4888,120.82,0.4276,12.8629,-4.9198,359.4148,-0.0051,359.9481,0.0059,1.6878,-0.0645,-0.0001,0.0102,0.9999
23.5088,120.82,0.4277,12.8986,-4.9211,359.3422,-0.0025,359.9416,0.0061,1.7874,-0.0668,0.0000,0.0115,0.9999
23.5288,120.82,0.4279,12.9354,-4.9225,359.2690,0.0000,359.9350,0.0063,1.8383,-0.0691,0.0000,0.0128,0.9999
23.5488,120.82,0.4280,12.9741,-4.9239,359.1942,0.0025,359.9282,0.0065,1.9327,-0.0721,0.0000,0.0141,0.9999
23.5688,120.82,0.4281,13.0138,-4.9254,359.1189,0.0050,359.9214,0.0068,1.9842,-0.0751,0.0001,0.0154,0.9999
23.5888,120.82,0.4283,13.0552,-4.9270,359.0425,0.0074,359.9145,0.0071,2.0740,-0.0788,0.0001,0.0167,0.9999
23.6088,120.82,0.4284,13.0977,-4.9286,358.9658,0.0097,359.9075,0.0075,2.1257,-0.0825,0.0002,0.0180,0.9998
23.6288,120.82,0.4286,13.1420,-4.9304,358.8881,0.0119,359.9005,0.0079,2.2112,-0.0869,0.0002,0.0194,0.9998
23.6488,120.82,0.4287,13.1872,-4.9322,358.8104,0.0141,359.8934,0.0082,2.2630,-0.0912,0.0002,0.0208,0.9998
23.6688,120.82,0.4289,13.2341,-4.9341,358.7321,0.0162,359.8863,0.0087,2.3445,-0.0964,0.0003,0.0221,0.9998
23.6888,120.82,0.4291,13.2820,-4.9362,358.6538,0.0182,359.8791,0.0091,2.3961,-0.1014,0.0003,0.0235,0.9997
23.7088,120.82,0.4293,13.3315,-4.9383,358.5750,0.0201,359.8719,0.0097,2.4739,-0.1072,0.0004,0.0249,0.9997
23.7288,120.82,0.4295,13.3820,-4.9406,358.4966,0.0219,359.8648,0.0102,2.5253,-0.1128,0.0004,0.0262,0.9997
23.7488,120.82,0.4297,13.4340,-4.9430,358.4179,0.0236,359.8576,0.0108,2.5996,-0.1193,0.0004,0.0276,0.9996
23.7688,120.82,0.4299,13.4870,-4.9455,358.3396,0.0252,359.8504,0.0113,2.6505,-0.1255,0.0004,0.0290,0.9996
23.7888,120.82,0.4302,13.5415,-4.9481,358.2613,0.0267,359.8432,0.0120,2.7216,-0.1326,0.0005,0.0303,0.9995
23.8088,120.82,0.4304,13.5969,-4.9509,358.1835,0.0281,359.8361,0.0126,2.7720,-0.1396,0.0005,0.0317,0.9995
23.8288,120.82,0.4307,13.6537,-4.9539,358.1059,0.0294,359.8290,0.0133,2.8401,-0.1473,0.0005,0.0331,0.9995
23.8488,120.82,0.4310,13.7115,-4.9569,358.0289,0.0306,359.8220,0.0139,2.8898,-0.1548,0.0005,0.0344,0.9994
23.8688,120.82,0.4313,13.7706,-4.9602,357.9522,0.0317,359.8149,0.0147,2.9550,-0.1631,0.0006,0.0357,0.9994
23.8888,120.82,0.4316,13.8307,-4.9636,357.8763,0.0326,359.8080,0.0154,3.0041,-0.1713,0.0006,0.0371,0.9993
23.9088,120.82,0.4319,13.8920,-4.9672,357.8009,0.0335,359.8011,0.0162,3.0666,-0.1801,0.0006,0.0384,0.9993
23.9288,120.82,0.4322,13.9543,-4.9710,357.7263,0.0342,359.7943,0.0170,3.1148,-0.1888,0.0006,0.0397,0.9992
23.9488,120.82,0.4326,14.0178,-4.9750,357.6523,0.0349,359.7875,0.0179,3.1749,-0.1983,0.0006,0.0410,0.9992
23.9688,120.82,0.4330,14.0823,-4.9791,357.5793,0.0354,359.7808,0.0187,3.2223,-0.2075,0.0006,0.0422,0.9991
23.9888,120.82,0.4334,14.1479,-4.9835,357.5070,0.0358,359.7742,0.0196,3.2800,-0.2175,0.0006,0.0435,0.9991
24.0088,120.82,0.4338,14.2144,-4.9880,357.4357,0.0361,359.7677,0.0205,3.3265,-0.2273,0.0006,0.0447,0.9990
24.0288,120.82,0.4342,14.2820,-4.9928,357.3653,0.0363,359.7612,0.0214,3.3820,-0.2377,0.0006,0.0460,0.9989
24.0488,120.82,0.4346,14.3506,-4.9977,357.2959,0.0364,359.7549,0.0223,3.4275,-0.2480,0.0006,0.0472,0.9989
24.0688,120.82,0.4351,14.4202,-5.0029,357.2275,0.0364,359.7487,0.0233,3.4809,-0.2589,0.0006,0.0484,0.9988
24.0888,120.82,0.4356,14.4907,-5.0083,357.1603,0.0362,359.7426,0.0243,3.5254,-0.2696,0.0006,0.0495,0.9988
24.1088,120.82,0.4361,14.5622,-5.0139,357.0941,0.0360,359.7365,0.0253,3.5768,-0.2810,0.0006,0.0507,0.9987
24.1288,120.82,0.4366,14.6347,-5.0198,357.0291,0.0357,359.7307,0.0263,3.6204,-0.2922,0.0006,0.0518,0.9987
24.1488,120.82,0.4372,14.7081,-5.0259,356.9651,0.0352,359.7249,0.0274,3.6699,-0.3039,0.0006,0.0529,0.9986
24.1688,120.82,0.4378,14.7823,-5.0322,356.9025,0.0347,359.7192,0.0284,3.7125,-0.3156,0.0006,0.0540,0.9985
24.1888,120.82,0.4383,14.8575,-5.0387,356.8410,0.0341,359.7136,0.0295,3.7602,-0.3277,0.0006,0.0551,0.9985
24.2088,120.82,0.4390,14.9335,-5.0455,356.7809,0.0333,359.7082,0.0306,3.8018,-0.3397,0.0006,0.0562,0.9984
24.2288,120.82,0.4396,15.0105,-5.0526,356.7220,0.0325,359.7029,0.0317,3.8478,-0.3522,0.0006,0.0572,0.9984
24.2488,120.82,0.4402,15.0883,-5.0598,356.6644,0.0316,359.6977,0.0329,3.8884,-0.3646,0.0006,0.0582,0.9983
24.2688,120.82,0.4409,15.1669,-5.0674,356.6081,0.0306,359.6927,0.0340,3.9328,-0.3774,0.0005,0.0592,0.9982
24.2888,122.44,0.4416,15.2464,-5.0752,356.5532,0.0295,359.6878,0.0352,3.9723,-0.3901,0.0005,0.0601,0.9982
24.3088,122.44,0.4424,15.3267,-5.0833,356.4995,0.0283,359.6830,0.0363,4.0151,-0.4032,0.0005,0.0611,0.9981
24.3288,122.44,0.4431,15.4077,-5.0916,356.4474,0.0271,359.6783,0.0375,4.0537,-0.4162,0.0005,0.0620,0.9981
24.3488,122.44,0.4439,15.4896,-5.1002,356.3965,0.0257,359.6738,0.0387,4.0951,-0.4296,0.0004,0.0629,0.9980
24.3688,122.44,0.4447,15.5723,-5.1090,356.3471,0.0243,359.6695,0.0399,4.1326,-0.4429,0.0004,0.0637,0.9980
24.3888,122.44,0.4455,15.6557,-5.1182,356.2991,0.0228,359.6652,0.0411,4.1726,-0.4564,0.0004,0.0645,0.9979
24.4088,122.44,0.4463,15.7399,-5.1276,356.2525,0.0213,359.6611,0.0424,4.2091,-0.4700,0.0004,0.0654,0.9979
24.4288,122.44,0.4472,15.8249,-5.1372,356.2073,0.0196,359.6572,0.0436,4.2477,-0.4838,0.0003,0.0661,0.9978
24.4488,122.44,0.4481,15.9106,-5.1472,356.1636,0.0180,359.6534,0.0449,4.2833,-0.4976,0.0003,0.0669,0.9978
24.4688,122.44,0.4490,15.9970,-5.1574,356.1213,0.0162,359.6497,0.0461,4.3206,-0.5115,0.0003,0.0676,0.9977
24.4888,122.44,0.4500,16.0841,-5.1679,356.0805,0.0144,359.6461,0.0474,4.3552,-0.5255,0.0003,0.0684,0.9977
24.5088,122.44,0.4510,16.1719,-5.1787,356.0411,0.0125,359.6427,0.0486,4.3913,-0.5396,0.0002,0.0690,0.9976
24.5288,122.44,0.4520,16.2604,-5.1898,356.0032,0.0106,359.6395,0.0499,4.4250,-0.5537,0.0002,0.0697,0.9976
24.5488,122.44,0.4530,16.3496,-5.2012,355.9667,0.0086,359.6364,0.0512,4.4599,-0.5680,0.0002,0.0703,0.9975
24.5688,122.44,0.4540,16.4394,-5.2128,355.9317,0.0066,359.6334,0.0525,4.4926,-0.5822,0.0001,0.0709,0.9975
24.5888,122.44,0.4551,16.5300,-5.2247,355.8982,0.0046,359.6305,0.0538,4.5264,-0.5966,0.0001,0.0715,0.9974
24.6088,122.44,0.4562,16.6211,-5.2370,355.8661,0.0024,359.6278,0.0551,4.5582,-0.6110,0.0000,0.0721,0.9974
24.6288,122.44,0.4573,16.7130,-5.2495,355.8354,0.0003,359.6252,0.0564,4.5909,-0.6254,0.0000,0.0726,0.9974
24.6488,122.44,0.4585,16.8054,-5.2623,355.8062,-0.0019,359.6228,0.0577,4.6218,-0.6398,0.0000,0.0731,0.9973
24.6688,122.44,0.4597,16.8985,-5.2753,355.7784,-0.0041,359.6205,0.0590,4.6534,-0.6543,-0.0001,0.0736,0.9973
24.6888,122.44,0.4609,16.9921,-5.2887,355.7521,359.9937,359.6184,0.0603,4.6835,-0.6688,-0.0001,0.0741,0.9973
24.7088,122.44,0.4621,17.0864,-5.3024,355.7272,359.9914,359.6164,0.0616,4.7141,-0.6833,-0.0002,0.0745,0.9972
24.7288,122.44,0.4634,17.1813,-5.3163,355.7037,359.9891,359.6145,0.0629,4.7433,-0.6978,-0.0002,0.0749,0.9972
24.7488,122.44,0.4647,17.2767,-5.3306,355.6817,359.9868,359.6127,0.0642,4.7730,-0.7124,-0.0002,0.0753,0.9972
24.7688,122.44,0.4660,17.3728,-5.3451,355.6610,359.9844,359.6111,0.0655,4.8014,-0.7269,-0.0003,0.0757,0.9971
24.7888,122.44,0.4673,17.4694,-5.3600,355.6418,359.9821,359.6096,0.0668,4.8301,-0.7414,-0.0003,0.0760,0.9971
24.8088,122.44,0.4687,17.5665,-5.3751,355.6239,359.9797,359.6082,0.0681,4.8576,-0.7559,-0.0004,0.0763,0.9971
24.8288,122.44,0.4700,17.6642,-5.3905,355.6074,359.9773,359.6070,0.0694,4.8855,-0.7704,-0.0004,0.0766,0.9971
24.8488,122.44,0.4715,17.7625,-5.4062,355.5923,359.9749,359.6059,0.0707,4.9122,-0.7848,-0.0004,0.0769,0.9970
24.8688,122.44,0.4729,17.8613,-5.4222,355.5786,359.9725,359.6049,0.0720,4.9392,-0.7992,-0.0005,0.0771,0.9970
24.8888,122.44,0.4744,17.9606,-5.4384,355.5662,359.9701,359.6041,0.0733,4.9652,-0.8136,-0.0005,0.0773,0.9970
24.9088,122.44,0.4759,18.0604,-5.4550,355.5551,359.9677,359.6033,0.0746,4.9913,-0.8279,-0.0006,0.0775,0.9970
24.9288,122.44,0.4774,18.1607,-5.4718,355.5454,359.9653,359.6027,0.0759,5.0166,-0.8422,-0.0006,0.0777,0.9970
24.9488,122.44,0.4789,18.2616,-5.4890,355.5369,359.9629,359.6022,0.0772,5.0419,-0.8565,-0.0006,0.0778,0.9970
24.9688,122.44,0.4805,18.3629,-5.5064,355.5298,359.9605,359.6019,0.0784,5.0665,-0.8706,-0.0007,0.0779,0.9970
24.9888,122.44,0.4821,18.4647,-5.5241,355.5239,359.9581,359.6016,0.0797,5.0910,-0.8847,-0.0007,0.0780,0.9969
25.0088,122.44,0.4837,18.5670,-5.5420,355.5193,359.9557,359.6015,0.0810,5.1149,-0.8988,-0.0008,0.0781,0.9969
25.0288,122.44,0.4854,18.6698,-5.5603,355.5160,359.9534,359.6014,0.0822,5.1387,-0.9128,-0.0008,0.0782,0.9969
25.0488,122.44,0.4870,18.7730,-5.5788,355.5138,359.9510,359.6015,0.0835,5.1618,-0.9266,-0.0009,0.0782,0.9969
25.0688,122.44,0.4887,18.8767,-5.5976,355.5129,359.9487,359.6017,0.0847,5.1849,-0.9405,-0.0009,0.0782,0.9969
25.0888,122.44,0.4904,18.9809,-5.6167,355.5132,359.9464,359.6020,0.0859,5.2074,-0.9542,-0.0009,0.0782,0.9969
25.1088,122.44,0.4922,19.0855,-5.6361,355.5147,359.9441,359.6024,0.0872,5.2298,-0.9678,-0.0010,0.0782,0.9969
25.1288,122.44,0.4939,19.1905,-5.6557,355.5173,359.9418,359.6029,0.0884,5.2516,-0.9814,-0.0010,0.0782,0.9969
25.1488,122.44,0.4957,19.2960,-5.6756,355.5211,359.9395,359.6035,0.0896,5.2734,-0.9948,-0.0011,0.0781,0.9969
25.1688,122.44,0.4976,19.4018,-5.6958,355.5261,359.9373,359.6042,0.0908,5.2946,-1.0082,-0.0011,0.0780,0.9970
25.1888,122.44,0.4994,19.5082,-5.7162,355.5321,359.9351,359.6050,0.0920,5.3157,-1.0214,-0.0011,0.0779,0.9970
25.2088,122.44,0.5013,19.6149,-5.7369,355.5392,359.9329,359.6060,0.0931,5.3363,-1.0346,-0.0012,0.0778,0.9970
25.2288,122.44,0.5031,19.7220,-5.7578,355.5475,359.9308,359.6069,0.0943,5.3567,-1.0476,-0.0012,0.0776,0.9970
25.2488,122.44,0.5050,19.8296,-5.7791,355.5567,359.9287,359.6080,0.0955,5.3767,-1.0605,-0.0012,0.0775,0.9970
25.2688,122.44,0.5070,19.9375,-5.8005,355.5670,359.9266,359.6092,0.0966,5.3966,-1.0733,-0.0013,0.0773,0.9970
25.2888,123.24,0.5089,20.0458,-5.8222,355.5783,359.9246,359.6105,0.0977,5.4160,-1.0859,-0.0013,0.0771,0.9970
25.3088,123.24,0.5109,20.1545,-5.8442,355.5907,359.9225,359.6118,0.0989,5.4353,-1.0985,-0.0013,0.0769,0.9970
25.3288,123.24,0.5129,20.2636,-5.8664,355.6040,359.9206,359.6133,0.1000,5.4542,-1.1109,-0.0014,0.0766,0.9971
25.3488,123.24,0.5149,20.3731,-5.8889,355.6183,359.9186,359.6148,0.1011,5.4729,-1.1232,-0.0014,0.0764,0.9971
25.3688,123.24,0.5170,20.4829,-5.9116,355.6335,359.9167,359.6164,0.1021,5.4913,-1.1353,-0.0014,0.0761,0.9971
25.3888,123.24,0.5190,20.5931,-5.9345,355.6496,359.9149,359.6181,0.1032,5.5094,-1.1473,-0.0015,0.0759,0.9971
25.4088,123.24,0.5211,20.7036,-5.9577,355.6667,359.9131,359.6199,0.1043,5.5272,-1.1592,-0.0015,0.0756,0.9971
25.4288,123.24,0.5232,20.8145,-5.9811,355.6846,359.9113,359.6217,0.1053,5.5449,-1.1709,-0.0015,0.0752,0.9972
25.4488,123.24,0.5254,20.9258,-6.0048,355.7033,359.9096,359.6236,0.1063,5.5622,-1.1825,-0.0016,0.0749,0.9972
25.4688,123.24,0.5275,21.0373,-6.0287,355.7230,359.9079,359.6256,0.1074,5.5793,-1.1939,-0.0016,0.0746,0.9972
25.4888,123.24,0.5297,21.1493,-6.0528,355.7434,359.9063,359.6277,0.1084,5.5962,-1.2051,-0.0016,0.0742,0.9972
25.5088,123.24,0.5319,21.2615,-6.0771,355.7647,359.9047,359.6298,0.1093,5.6128,-1.2163,-0.0017,0.0739,0.9973
25.5288,123.24,0.5341,21.3741,-6.1016,355.7867,359.9032,359.6320,0.1103,5.6292,-1.2272,-0.0017,0.0735,0.9973
25.5488,123.24,0.5363,21.4870,-6.1264,355.8095,359.9017,359.6342,0.1113,5.6453,-1.2380,-0.0017,0.0731,0.9973
25.5688,123.24,0.5385,21.6002,-6.1514,355.8330,359.9002,359.6365,0.1122,5.6612,-1.2487,-0.0017,0.0727,0.9974
25.5888,123.24,0.5408,21.7138,-6.1766,355.8573,359.8988,359.6389,0.1131,5.6769,-1.2592,-0.0018,0.0722,0.9974
25.6088,123.24,0.5431,21.8276,-6.2020,355.8823,359.8975,359.6414,0.1141,5.6923,-1.2695,-0.0018,0.0718,0.9974
25.6288,123.24,0.5454,21.9418,-6.2275,355.9079,359.8962,359.6438,0.1150,5.7076,-1.2796,-0.0018,0.0714,0.9974
25.6488,123.24,0.5477,22.0562,-6.2533,355.9342,359.8949,359.6464,0.1158,5.7226,-1.2896,-0.0018,0.0709,0.9975
25.6688,123.24,0.5500,22.1710,-6.2793,355.9611,359.8937,359.6490,0.1167,5.7374,-1.2994,-0.0019,0.0704,0.9975
25.6888,123.24,0.5524,22.2825,-6.3054,356.0277,359.8908,359.6596,0.1181,5.5753,-1.3049,-0.0019,0.0693,0.9976
25.7088,123.24,0.5548,22.3936,-6.3317,356.0967,359.8879,359.6703,0.1188,5.5549,-1.3122,-0.0020,0.0681,0.9977
25.7288,123.24,0.5571,22.5019,-6.3580,356.1855,359.8838,359.6830,0.1190,5.4139,-1.3146,-0.0020,0.0665,0.9978
25.7488,123.24,0.5595,22.6094,-6.3844,356.2762,359.8798,359.6957,0.1194,5.3773,-1.3202,-0.0021,0.0649,0.9979
25.7688,123.24,0.5619,22.7144,-6.4108,356.3804,359.8749,359.7095,0.1195,5.2515,-1.3220,-0.0022,0.0631,0.9980
25.7888,123.24,0.5643,22.8185,-6.4373,356.4863,359.8702,359.7231,0.1198,5.2047,-1.3262,-0.0023,0.0613,0.9981
25.8088,123.24,0.5667,22.9203,-6.4639,356.6022,359.8650,359.7375,0.1198,5.0904,-1.3277,-0.0024,0.0593,0.9982
25.8288,123.24,0.5691,23.0211,-6.4905,356.7198,359.8599,359.7519,0.1200,5.0368,-1.3308,-0.0024,0.0572,0.9984
25.8488,123.24,0.5715,23.1197,-6.5171,356.8451,359.8546,359.7668,0.1200,4.9314,-1.3319,-0.0025,0.0550,0.9985
25.8688,123.24,0.5739,23.2172,-6.5438,356.9719,359.8493,359.7815,0.1200,4.8732,-1.3341,-0.0026,0.0528,0.9986
25.8888,123.24,0.5763,23.3127,-6.5705,357.1047,359.8439,359.7966,0.1199,4.7750,-1.3347,-0.0027,0.0505,0.9987
25.9088,123.24,0.5787,23.4069,-6.5972,357.2389,359.8387,359.8116,0.1199,4.7137,-1.3360,-0.0028,0.0482,0.9988
25.9288,123.24,0.5811,23.4994,-6.6240,357.3778,359.8335,359.8269,0.1198,4.6215,-1.3361,-0.0029,0.0458,0.9989
25.9488,123.24,0.5835,23.5905,-6.6507,357.5177,359.8284,359.8420,0.1197,4.5582,-1.3366,-0.0030,0.0433,0.9991
25.9688,123.24,0.5859,23.6799,-6.6774,357.6613,359.8234,359.8574,0.1195,4.4708,-1.3362,-0.0031,0.0408,0.9992
25.9888,123.24,0.5883,23.7681,-6.7041,357.8058,359.8186,359.8725,0.1193,4.4064,-1.3359,-0.0032,0.0383,0.9993
26.0088,123.24,0.5907,23.8545,-6.7308,357.9530,359.8139,359.8878,0.1190,4.3231,-1.3349,-0.0032,0.0357,0.9994
26.0288,123.24,0.5930,23.9397,-6.7575,358.1008,359.8094,359.9029,0.1188,4.2582,-1.3338,-0.0033,0.0331,0.9994
26.0488,123.24,0.5954,24.0233,-6.7841,358.2506,359.8051,359.9181,0.1184,4.1785,-1.3322,-0.0034,0.0305,0.9995
26.0688,123.24,0.5978,24.1055,-6.8107,358.4007,359.8010,359.9331,0.1181,4.1135,-1.3303,-0.0035,0.0279,0.9996
26.0888,123.24,0.6001,24.1863,-6.8373,358.5522,359.7972,359.9481,0.1177,4.0367,-1.3280,-0.0035,0.0253,0.9997
26.1088,123.24,0.6025,24.2679,-6.8639,358.7201,359.7923,359.9622,0.1173,4.0816,-1.3317,-0.0036,0.0223,0.9997
26.1288,123.24,0.6048,24.3492,-6.8906,358.9120,359.7859,359.9760,0.1168,4.0618,-1.3348,-0.0037,0.0190,0.9998
26.1488,123.24,0.6071,24.4307,-6.9174,359.1225,359.7785,359.9893,0.1163,4.0753,-1.3368,-0.0039,0.0153,0.9999
26.1688,123.24,0.6094,24.5121,-6.9441,359.3528,359.7700,0.0020,0.1158,4.0707,-1.3379,-0.0040,0.0113,0.9999
26.1888,123.24,0.6117,24.5936,-6.9709,359.6006,359.7607,0.0142,0.1152,4.0755,-1.3379,-0.0042,0.0070,1.0000
26.2088,123.24,0.6140,24.6751,-6.9976,359.8657,359.7507,0.0259,0.1146,4.0751,-1.3369,-0.0044,0.0023,1.0000
26.2288,123.24,0.6163,24.7566,-7.0243,0.1466,359.7401,0.0371,0.1139,4.0772,-1.3347,-0.0045,-0.0026,1.0000
26.2488,123.24,0.6186,24.8382,-7.0509,0.4427,359.7289,0.0479,0.1132,4.0777,-1.3314,-0.0047,-0.0077,1.0000
26.2688,123.24,0.6208,24.9198,-7.0775,0.7529,359.7174,0.0582,0.1125,4.0787,-1.3268,-0.0049,-0.0131,0.9999
26.2888,123.24,0.6231,25.0014,-7.1039,1.0765,359.7056,0.0682,0.1117,4.0792,-1.3210,-0.0051,-0.0188,0.9998
26.3088,123.70,0.6253,25.0830,-7.1302,1.4125,359.6935,0.0777,0.1109,4.0796,-1.3140,-0.0053,-0.0247,0.9997
26.3288,123.70,0.6275,25.1646,-7.1563,1.7603,359.6813,0.0868,0.1101,4.0797,-1.3056,-0.0056,-0.0307,0.9995
26.3488,123.70,0.6297,25.2462,-7.1822,2.1190,359.6691,0.0956,0.1092,4.0796,-1.2959,-0.0058,-0.0370,0.9993
26.3688,123.70,0.6318,25.3277,-7.2079,2.4880,359.6568,0.1040,0.1083,4.0792,-1.2849,-0.0060,-0.0434,0.9990
26.3888,123.70,0.6340,25.4093,-7.2334,2.8664,359.6446,0.1121,0.1074,4.0786,-1.2724,-0.0062,-0.0500,0.9987
26.4088,123.70,0.6361,25.4909,-7.2585,3.2538,359.6324,0.1198,0.1064,4.0776,-1.2586,-0.0064,-0.0568,0.9984
26.4288,123.70,0.6382,25.5724,-7.2834,3.6493,359.6205,0.1273,0.1055,4.0763,-1.2434,-0.0066,-0.0636,0.9980
26.4488,123.70,0.6403,25.6539,-7.3079,4.0524,359.6087,0.1345,0.1045,4.0747,-1.2268,-0.0068,-0.0707,0.9975
26.4688,123.70,0.6424,25.7354,-7.3321,4.4625,359.5972,0.1415,0.1034,4.0728,-1.2088,-0.0070,-0.0778,0.9969
26.4888,123.70,0.6444,25.8168,-7.3559,4.8790,359.5860,0.1482,0.1023,4.0705,-1.1893,-0.0072,-0.0851,0.9964
26.5088,123.70,0.6465,25.8982,-7.3793,5.3014,359.5751,0.1547,0.1012,4.0679,-1.1685,-0.0074,-0.0924,0.9957
26.5288,123.70,0.6485,25.9795,-7.4022,5.7291,359.5645,0.1610,0.1001,4.0648,-1.1461,-0.0076,-0.0998,0.9950
26.5488,123.70,0.6504,26.0607,-7.4246,6.1617,359.5544,0.1671,0.0989,4.0613,-1.1223,-0.0077,-0.1073,0.9942
26.5688,123.70,0.6524,26.1418,-7.4466,6.5987,359.5446,0.1730,0.0978,4.0575,-1.0971,-0.0079,-0.1149,0.9933
26.5888,123.70,0.6543,26.2229,-7.4680,7.0395,359.5352,0.1788,0.0965,4.0532,-1.0705,-0.0081,-0.1226,0.9924
26.6088,123.70,0.6562,26.3039,-7.4888,7.4839,359.5263,0.1844,0.0953,4.0485,-1.0424,-0.0082,-0.1302,0.9914
26.6288,123.70,0.6581,26.3848,-7.5091,7.9313,359.5179,0.1899,0.0940,4.0433,-1.0129,-0.0083,-0.1380,0.9904
26.6488,123.70,0.6600,26.4655,-7.5287,8.3813,359.5099,0.1953,0.0927,4.0376,-0.9820,-0.0085,-0.1458,0.9893
26.6688,123.70,0.6618,26.5462,-7.5477,8.8336,359.5023,0.2006,0.0914,4.0315,-0.9496,-0.0086,-0.1536,0.9881
26.6888,123.70,0.6636,26.6267,-7.5660,9.2877,359.4953,0.2058,0.0900,4.0249,-0.9158,-0.0087,-0.1614,0.9869
26.7088,123.70,0.6654,26.7070,-7.5836,9.7435,359.4888,0.2109,0.0886,4.0178,-0.8807,-0.0088,-0.1692,0.9855
26.7288,123.70,0.6671,26.7872,-7.6005,10.2004,359.4828,0.2159,0.0872,4.0101,-0.8441,-0.0089,-0.1771,0.9842
26.7488,123.70,0.6688,26.8673,-7.6166,10.6582,359.4773,0.2208,0.0858,4.0020,-0.8062,-0.0090,-0.1850,0.9827
26.7688,123.70,0.6705,26.9472,-7.6320,11.1167,359.4723,0.2257,0.0843,3.9933,-0.7670,-0.0090,-0.1928,0.9812
26.7888,123.70,0.6722,27.0269,-7.6465,11.5754,359.4678,0.2306,0.0828,3.9841,-0.7263,-0.0091,-0.2007,0.9796
26.8088,123.70,0.6738,27.1063,-7.6602,12.0341,359.4638,0.2353,0.0813,3.9743,-0.6844,-0.0092,-0.2085,0.9780
26.8288,123.70,0.6754,27.1856,-7.6730,12.4926,359.4604,0.2401,0.0797,3.9640,-0.6411,-0.0092,-0.2163,0.9763
26.8488,123.70,0.6769,27.2647,-7.6849,12.9506,359.4575,0.2447,0.0781,3.9531,-0.5966,-0.0092,-0.2241,0.9745
26.8688,123.70,0.6785,27.3435,-7.6959,13.4078,359.4551,0.2494,0.0765,3.9417,-0.5507,-0.0093,-0.2319,0.9727
26.8888,123.70,0.6801,27.4222,-7.7060,13.8564,359.4444,0.2796,0.0808,3.9329,-0.5011,-0.0094,-0.2395,0.9709
26.9088,123.70,0.6818,27.5007,-7.7150,14.2957,359.4260,0.3350,0.0849,3.9228,-0.4503,-0.0097,-0.2469,0.9690
26.9288,123.70,0.6836,27.5789,-7.7229,14.7256,359.4006,0.4145,0.0885,3.9129,-0.3981,-0.0101,-0.2542,0.9671
26.9488,123.70,0.6854,27.6570,-7.7298,15.1460,359.3687,0.5172,0.0915,3.9021,-0.3449,-0.0106,-0.2613,0.9652
26.9688,123.70,0.6873,27.7348,-7.7356,15.5569,359.3311,0.6423,0.0940,3.8912,-0.2905,-0.0112,-0.2682,0.9633
26.9888,123.70,0.6892,27.8124,-7.7403,15.9584,359.2884,0.7890,0.0958,3.8796,-0.2351,-0.0119,-0.2749,0.9614
27.0088,123.70,0.6911,27.8898,-7.7439,16.3503,359.2411,0.9565,0.0969,3.8678,-0.1785,-0.0127,-0.2815,0.9595
27.0288,123.70,0.6931,27.9669,-7.7463,16.7326,359.1899,1.1441,0.0971,3.8552,-0.1211,-0.0135,-0.2879,0.9576
27.0488,123.70,0.6950,28.0437,-7.7476,17.1051,359.1355,1.3508,0.0964,3.8414,-0.0629,-0.0144,-0.2941,0.9557
27.0688,123.70,0.6969,28.1203,-7.7476,17.4672,359.0787,1.5757,0.0947,3.8265,-0.0039,-0.0153,-0.3002,0.9538
27.0888,123.70,0.6987,28.1965,-7.7465,17.8186,359.0201,1.8179,0.0920,3.8105,0.0559,-0.0163,-0.3060,0.9519
27.1088,123.70,0.7005,28.2724,-7.7442,18.1591,358.9604,2.0764,0.0882,3.7935,0.1163,-0.0172,-0.3117,0.9500
27.1288,123.70,0.7022,28.3479,-7.7407,18.4882,358.9002,2.3504,0.0833,3.7754,0.1773,-0.0182,-0.3171,0.9482
27.1488,123.70,0.7037,28.4230,-7.7359,18.8056,358.8400,2.6390,0.0772,3.7563,0.2388,-0.0192,-0.3224,0.9464
27.1688,123.70,0.7051,28.4977,-7.7299,19.1111,358.7805,2.9414,0.0699,3.7362,0.3009,-0.0201,-0.3274,0.9447
27.1888,123.70,0.7063,28.5720,-7.7226,19.4042,358.7222,3.2568,0.0614,3.7151,0.3634,-0.0210,-0.3322,0.9430
27.2088,123.70,0.7074,28.6459,-7.7140,19.6849,358.6654,3.5844,0.0517,3.6930,0.4263,-0.0219,-0.3368,0.9413
27.2288,123.70,0.7082,28.7193,-7.7043,19.9528,358.6107,3.9235,0.0406,3.6700,0.4895,-0.0228,-0.3412,0.9397
27.2488,123.70,0.7087,28.7922,-7.6932,20.2076,358.5583,4.2732,0.0283,3.6461,0.5530,-0.0236,-0.3454,0.9382
27.2688,123.70,0.7090,28.8647,-7.6809,20.4492,358.5088,4.6329,0.0147,3.6213,0.6168,-0.0244,-0.3494,0.9367
27.2888,123.70,0.7090,28.9366,-7.6672,20.6774,358.4623,5.0017,-0.0002,3.5957,0.6807,-0.0251,-0.3531,0.9352
27.3088,122.31,0.7087,29.0080,-7.6523,20.8920,358.4193,5.3789,-0.0165,3.5692,0.7447,-0.0258,-0.3566,0.9339
27.3288,122.31,0.7080,29.0788,-7.6362,21.0928,358.3798,5.7638,-0.0341,3.5419,0.8089,-0.0264,-0.3599,0.9326
27.3488,122.31,0.7070,29.1491,-7.6187,21.2798,358.3441,6.1557,-0.0530,3.5139,0.8730,-0.0269,-0.3629,0.9314
27.3688,122.31,0.7055,29.2188,-7.5999,21.4528,358.3125,6.5539,-0.0732,3.4851,0.9371,-0.0274,-0.3657,0.9303
27.3888,122.31,0.7036,29.2880,-7.5799,21.6117,358.2850,6.9575,-0.0948,3.4557,1.0011,-0.0278,-0.3683,0.9293
27.4088,122.31,0.7012,29.3565,-7.5586,21.7564,358.2618,7.3660,-0.1177,3.4255,1.0650,-0.0282,-0.3707,0.9283
27.4288,122.31,0.6984,29.4244,-7.5360,21.8870,358.2430,7.7787,-0.1419,3.3947,1.1287,-0.0285,-0.3728,0.9275
27.4488,122.31,0.6951,29.4916,-7.5122,22.0034,358.2285,8.1947,-0.1674,3.3632,1.1922,-0.0287,-0.3747,0.9267
27.4688,122.31,0.6912,29.5583,-7.4871,22.1057,358.2186,8.6135,-0.1942,3.3312,1.2554,-0.0288,-0.3763,0.9260
27.4888,122.31,0.6867,29.6242,-7.4607,22.1938,358.2132,9.0344,-0.2223,3.2986,1.3184,-0.0289,-0.3777,0.9255
27.5088,122.31,0.6817,29.6896,-7.4331,22.2678,358.2123,9.4566,-0.2516,3.2655,1.3810,-0.0289,-0.3789,0.9250
27.5288,122.31,0.6760,29.7542,-7.4042,22.3278,358.2159,9.8795,-0.2822,3.2319,1.4432,-0.0288,-0.3799,0.9246
27.5488,122.31,0.6698,29.8182,-7.3741,22.3739,358.2240,10.3025,-0.3141,3.1978,1.5049,-0.0287,-0.3806,0.9243
27.5688,122.31,0.6628,29.8814,-7.3428,22.4062,358.2365,10.7249,-0.3471,3.1632,1.5663,-0.0285,-0.3812,0.9241
27.5888,122.31,0.6551,29.9439,-7.3103,22.4299,358.2765,11.1303,-0.3857,3.1240,1.6231,-0.0278,-0.3816,0.9239
27.6088,122.31,0.6466,30.0058,-7.2767,22.4448,358.3428,11.5177,-0.4268,3.0910,1.6822,-0.0267,-0.3818,0.9239
27.6288,122.31,0.6372,30.0668,-7.2419,22.4513,358.4345,11.8857,-0.4679,3.0532,1.7390,-0.0252,-0.3819,0.9239
27.6488,122.31,0.6270,30.1272,-7.2060,22.4493,358.5498,12.2339,-0.5109,3.0197,1.7973,-0.0234,-0.3819,0.9239
27.6688,122.31,0.6159,30.1869,-7.1689,22.4393,358.6874,12.5612,-0.5539,2.9832,1.8539,-0.0212,-0.3817,0.9240
27.6888,122.31,0.6039,30.2459,-7.1306,22.4216,358.8455,12.8673,-0.5983,2.9497,1.9115,-0.0186,-0.3814,0.9242
27.7088,122.31,0.5911,30.3042,-7.0913,22.3967,359.0230,13.1512,-0.6428,2.9143,1.9679,-0.0158,-0.3810,0.9244
27.7288,122.31,0.5773,30.3618,-7.0508,22.3648,359.2182,13.4125,-0.6882,2.8811,2.0250,-0.0126,-0.3805,0.9247
27.7488,122.31,0.5626,30.4187,-7.0092,22.3267,359.4297,13.6505,-0.7338,2.8469,2.0813,-0.0092,-0.3799,0.9250
27.7688,122.31,0.5470,30.4750,-6.9664,22.2827,359.6562,13.8649,-0.7799,2.8141,2.1379,-0.0056,-0.3792,0.9253
27.7888,122.31,0.5305,30.5306,-6.9225,22.2336,359.8961,14.0551,-0.8261,2.7809,2.1940,-0.0017,-0.3784,0.9256
27.8088,122.31,0.5131,30.5856,-6.8775,22.1798,0.1481,14.2208,-0.8726,2.7489,2.2503,0.0024,-0.3775,0.9260
27.8288,122.31,0.4947,30.6400,-6.8314,22.1221,0.4108,14.3617,-0.9190,2.7167,2.3062,0.0066,-0.3766,0.9264
27.8488,122.31,0.4754,30.6937,-6.7842,22.0610,0.6828,14.4775,-0.9655,2.6855,2.3623,0.0110,-0.3756,0.9267
27.8688,122.31,0.4551,30.7468,-6.7358,21.9973,0.9628,14.5681,-1.0117,2.6544,2.4181,0.0156,-0.3746,0.9271
27.8888,122.31,0.4340,30.7992,-6.6863,21.9315,1.2494,14.6333,-1.0578,2.6241,2.4739,0.0202,-0.3735,0.9274
27.9088,122.31,0.4119,30.8511,-6.6357,21.8643,1.5415,14.6729,-1.1034,2.5941,2.5295,0.0250,-0.3724,0.9277
27.9288,122.31,0.3889,30.9024,-6.5840,21.7962,1.8375,14.6871,-1.1486,2.5647,2.5852,0.0298,-0.3713,0.9280
27.9488,122.31,0.3651,30.9531,-6.5312,21.7280,2.1364,14.6758,-1.1933,2.5357,2.6407,0.0346,-0.3702,0.9283
27.9688,122.31,0.3403,31.0033,-6.4773,21.6601,2.4368,14.6392,-1.2373,2.5073,2.6962,0.0395,-0.3691,0.9285
27.9888,122.31,0.3147,31.0529,-6.4222,21.5932,2.7375,14.5774,-1.2806,2.4794,2.7516,0.0444,-0.3680,0.9288
28.0088,122.31,0.2883,31.1019,-6.3661,21.5276,3.0373,14.4906,-1.3231,2.4520,2.8070,0.0493,-0.3669,0.9289
28.0288,122.31,0.2610,31.1504,-6.3089,21.4639,3.3351,14.3791,-1.3647,2.4251,2.8622,0.0541,-0.3659,0.9291
28.0488,122.31,0.2329,31.1984,-6.2505,21.4025,3.6296,14.2432,-1.4053,2.3986,2.9174,0.0589,-0.3649,0.9292
28.0688,122.31,0.2040,31.2458,-6.1911,21.3437,3.9198,14.0832,-1.4447,2.3726,2.9724,0.0637,-0.3640,0.9292
28.0888,122.31,0.1743,31.2928,-6.1305,21.2878,4.2045,13.8997,-1.4831,2.3470,3.0274,0.0683,-0.3631,0.9293
28.1088,122.31,0.1439,31.3392,-6.0689,21.2352,4.4826,13.6929,-1.5201,2.3219,3.0822,0.0729,-0.3622,0.9293
28.1288,122.31,0.1128,31.3852,-6.0061,21.1860,4.7533,13.4636,-1.5559,2.2972,3.1369,0.0773,-0.3614,0.9292
28.1488,122.31,0.0810,31.4306,-5.9423,21.1403,5.0154,13.2121,-1.5903,2.2728,3.1914,0.0815,-0.3607,0.9291
28.1688,122.31,0.0485,31.4756,-5.8774,21.0983,5.2680,12.9391,-1.6232,2.2488,3.2458,0.0857,-0.3600,0.9290
28.1888,122.31,0.0154,31.5201,-5.8114,21.0600,5.5102,12.6453,-1.6545,2.2252,3.2999,0.0896,-0.3593,0.9289
28.2088,122.31,-0.0183,31.5641,-5.7443,21.0254,5.7412,12.3313,-1.6844,2.2018,3.3539,0.0934,-0.3588,0.9287
28.2288,122.31,-0.0525,31.6077,-5.6761,20.9943,5.9601,11.9977,-1.7125,2.1787,3.4075,0.0969,-0.3583,0.9286
28.2488,122.31,-0.0873,31.6508,-5.6069,20.9666,6.1662,11.6455,-1.7390,2.1559,3.4610,0.1003,-0.3578,0.9284
28.2688,122.31,-0.1226,31.6935,-5.5366,20.9422,6.3588,11.2753,-1.7638,2.1333,3.5141,0.1034,-0.3574,0.9282
28.2888,122.31,-0.1583,31.7357,-5.4653,20.9209,6.5373,10.8879,-1.7867,2.1109,3.5669,0.1063,-0.3571,0.9280
28.3088,124.19,-0.1945,31.7775,-5.3929,20.9022,6.7010,10.4842,-1.8079,2.0887,3.6194,0.1090,-0.3568,0.9278
28.3288,124.19,-0.2310,31.8189,-5.3194,20.8860,6.8496,10.0651,-1.8273,2.0666,3.6715,0.1114,-0.3565,0.9276
28.3488,124.19,-0.2679,31.8598,-5.2450,20.8718,6.9824,9.6315,-1.8448,2.0446,3.7232,0.1136,-0.3563,0.9275
28.3688,124.19,-0.3051,31.9002,-5.1695,20.8593,7.0992,9.1843,-1.8604,2.0227,3.7745,0.1155,-0.3561,0.9273
28.3888,124.19,-0.3426,31.9402,-5.0929,20.8480,7.1996,8.7244,-1.8741,2.0009,3.8254,0.1171,-0.3559,0.9272
28.4088,124.19,-0.3803,31.9798,-5.0154,20.8376,7.2835,8.2529,-1.8859,1.9792,3.8758,0.1185,-0.3557,0.9271
28.4288,124.19,-0.4182,32.0190,-4.9369,20.8275,7.3505,7.7707,-1.8958,1.9574,3.9258,0.1196,-0.3556,0.9270
28.4488,124.19,-0.4563,32.0577,-4.8574,20.8173,7.4006,7.2789,-1.9038,1.9356,3.9752,0.1204,-0.3554,0.9269
28.4688,124.19,-0.4945,32.0960,-4.7769,20.8065,7.4338,6.7784,-1.9100,1.9139,4.0241,0.1209,-0.3552,0.9269
28.4888,124.19,-0.5328,32.1339,-4.6955,20.7946,7.4501,6.2704,-1.9142,1.8921,4.0724,0.1212,-0.3550,0.9270
28.5088,124.19,-0.5711,32.1713,-4.6131,20.7812,7.4495,5.7559,-1.9165,1.8702,4.1202,0.1212,-0.3548,0.9271
28.5288,124.19,-0.6095,32.2082,-4.5297,20.7658,7.4323,5.2359,-1.9170,1.8483,4.1674,0.1210,-0.3545,0.9272
28.5488,124.19,-0.6478,32.2448,-4.4454,20.7479,7.3986,4.7115,-1.9157,1.8263,4.2140,0.1204,-0.3543,0.9274
28.5688,124.19,-0.6860,32.2809,-4.3602,20.7271,7.3487,4.1839,-1.9126,1.8043,4.2600,0.1196,-0.3539,0.9276
28.5888,124.19,-0.7242,32.3165,-4.2741,20.7030,7.2830,3.6541,-1.9077,1.7822,4.3054,0.1186,-0.3535,0.9279
28.6088,124.19,-0.7622,32.3517,-4.1871,20.6751,7.2018,3.1232,-1.9010,1.7599,4.3502,0.1173,-0.3531,0.9282
28.6288,124.19,-0.8001,32.3865,-4.0992,20.6432,7.1055,2.5922,-1.8926,1.7376,4.3943,0.1158,-0.3525,0.9286
28.6488,124.19,-0.8377,32.4208,-4.0104,20.6068,6.9947,2.0623,-1.8826,1.7152,4.4378,0.1140,-0.3520,0.9291
28.6688,124.19,-0.8751,32.4547,-3.9208,20.5657,6.8697,1.5344,-1.8709,1.6928,4.4806,0.1120,-0.3513,0.9295
28.6888,124.19,-0.9123,32.4881,-3.8304,20.5196,6.7313,1.0097,-1.8576,1.6702,4.5228,0.1098,-0.3505,0.9301
28.7088,124.19,-0.9491,32.5210,-3.7391,20.4683,6.5799,0.4892,-1.8428,1.6476,4.5644,0.1074,-0.3497,0.9307
28.7288,124.19,-0.9857,32.5536,-3.6470,20.4116,6.4162,359.9738,-1.8265,1.6249,4.6052,0.1047,-0.3488,0.9313
28.7488,124.19,-1.0218,32.5856,-3.5541,20.3493,6.2407,359.4645,-1.8087,1.6021,4.6455,0.1019,-0.3477,0.9320
28.7688,124.19,-1.0576,32.6172,-3.4604,20.2813,6.0542,358.9623,-1.7895,1.5794,4.6851,0.0989,-0.3466,0.9328
28.7888,124.19,-1.0930,32.6483,-3.3659,20.2076,5.8573,358.4682,-1.7690,1.5565,4.7240,0.0958,-0.3454,0.9335
28.8088,124.19,-1.1280,32.6790,-3.2706,20.1280,5.6506,357.9830,-1.7472,1.5337,4.7623,0.0924,-0.3441,0.9344
28.8288,124.19,-1.1624,32.7092,-3.1746,20.0426,5.4349,357.5075,-1.7241,1.5109,4.8000,0.0890,-0.3427,0.9352
28.8488,124.19,-1.1964,32.7390,-3.0779,19.9515,5.2109,357.0426,-1.6999,1.4880,4.8370,0.0854,-0.3412,0.9361
28.8688,124.19,-1.2299,32.7683,-2.9804,19.8547,4.9793,356.5891,-1.6745,1.4652,4.8734,0.0816,-0.3396,0.9370
28.8888,124.19,-1.2629,32.7972,-2.8823,19.7523,4.7407,356.1477,-1.6480,1.4425,4.9092,0.0778,-0.3380,0.9379
28.9088,124.19,-1.2953,32.8256,-2.7834,19.6444,4.4958,355.7190,-1.6205,1.4198,4.9444,0.0738,-0.3362,0.9389
28.9288,124.19,-1.3271,32.8535,-2.6838,19.5312,4.2453,355.3038,-1.5921,1.3972,4.9790,0.0698,-0.3343,0.9399
28.9488,124.19,-1.3584,32.8810,-2.5835,19.4130,3.9899,354.9026,-1.5627,1.3747,5.0131,0.0656,-0.3324,0.9409
28.9688,124.19,-1.3890,32.9081,-2.4826,19.2898,3.7302,354.5161,-1.5324,1.3523,5.0465,0.0614,-0.3303,0.9419
28.9888,124.19,-1.4191,32.9347,-2.3810,19.1620,3.4670,354.1446,-1.5014,1.3300,5.0794,0.0571,-0.3282,0.9429
29.0088,124.19,-1.4485,32.9608,-2.2788,19.0299,3.2008,353.7886,-1.4696,1.3079,5.1117,0.0528,-0.3261,0.9439
29.0288,124.19,-1.4772,32.9866,-2.1759,18.8936,2.9322,353.4486,-1.4372,1.2860,5.1435,0.0484,-0.3238,0.9449
29.0488,124.19,-1.5053,33.0118,-2.0724,18.7536,2.6619,353.1249,-1.4041,1.2642,5.1747,0.0440,-0.3215,0.9459
29.0688,124.19,-1.5327,33.0367,-1.9683,18.6100,2.3905,352.8178,-1.3704,1.2427,5.2054,0.0395,-0.3191,0.9469
29.0888,124.19,-1.5594,33.0611,-1.8636,18.4633,2.1184,352.5276,-1.3362,1.2214,5.2356,0.0351,-0.3167,0.9479
29.1088,124.19,-1.5855,33.0851,-1.7583,18.3137,1.8464,352.2546,-1.3016,1.2003,5.2653,0.0306,-0.3142,0.9489
29.1288,124.19,-1.6108,33.1087,-1.6524,18.1615,1.5748,351.9987,-1.2665,1.1795,5.2944,0.0261,-0.3117,0.9498
29.1488,124.19,-1.6354,33.1319,-1.5459,18.0072,1.3043,351.7603,-1.2311,1.1589,5.3231,0.0216,-0.3091,0.9508
29.1688,124.19,-1.6593,33.1547,-1.4389,17.8509,1.0352,351.5393,-1.1954,1.1387,5.3513,0.0172,-0.3065,0.9517
29.1888,124.19,-1.6825,33.1771,-1.3313,17.6931,0.7682,351.3358,-1.1595,1.1187,5.3791,0.0128,-0.3039,0.9526
29.2088,124.19,-1.7050,33.1990,-1.2232,17.5341,0.5036,351.1498,-1.1233,1.0990,5.4063,0.0084,-0.3013,0.9535
29.2288,124.19,-1.7267,33.2206,-1.1146,17.3741,0.2419,350.9813,-1.0870,1.0796,5.4331,0.0040,-0.2986,0.9544
29.2488,124.19,-1.7477,33.2419,-1.0054,17.2136,359.9835,350.8301,-1.0507,1.0606,5.4595,-0.0003,-0.2959,0.9552
29.2688,124.19,-1.7680,33.2627,-0.8957,17.0527,359.7288,350.6961,-1.0143,1.0419,5.4854,-0.0045,-0.2933,0.9560
29.2888,124.19,-1.7876,33.2832,-0.7854,16.8917,359.4782,350.5793,-0.9779,1.0236,5.5108,-0.0087,-0.2906,0.9568
29.3088,123.71,-1.8064,33.3033,-0.6747,16.7310,359.2321,350.4792,-0.9416,1.0056,5.5358,-0.0128,-0.2879,0.9576
29.3288,123.71,-1.8245,33.3230,-0.5635,16.5708,358.9908,350.3959,-0.9054,0.9879,5.5604,-0.0169,-0.2852,0.9583
29.3488,123.71,-1.8419,33.3425,-0.4518,16.4113,358.7545,350.3289,-0.8694,0.9706,5.5845,-0.0209,-0.2825,0.9590
29.3688,123.71,-1.8586,33.3615,-0.3397,16.2527,358.5238,350.2781,-0.8336,0.9537,5.6082,-0.0247,-0.2799,0.9597
29.3888,123.71,-1.8745,33.3803,-0.2270,16.0953,358.2987,350.2430,-0.7980,0.9371,5.6315,-0.0285,-0.2772,0.9604
29.4088,123.71,-1.8898,33.3987,-0.1139,15.9393,358.0797,350.2235,-0.7627,0.9209,5.6544,-0.0322,-0.2746,0.9610
29.4288,123.71,-1.9044,33.4168,-0.0004,15.7848,357.8669,350.2190,-0.7277,0.9051,5.6768,-0.0358,-0.2720,0.9616
29.4488,123.71,-1.9182,33.4346,0.1136,15.6321,357.6606,350.2293,-0.6932,0.8896,5.6988,-0.0393,-0.2695,0.9622
29.4688,123.71,-1.9314,33.4521,0.2280,15.4811,357.4610,350.2539,-0.6590,0.8745,5.7204,-0.0427,-0.2669,0.9628
29.4888,123.71,-1.9439,33.4693,0.3428,15.3321,357.2683,350.2924,-0.6253,0.8598,5.7416,-0.0460,-0.2644,0.9633
29.5088,123.71,-1.9558,33.4862,0.4581,15.1852,357.0828,350.3445,-0.5921,0.8454,5.7624,-0.0491,-0.2619,0.9638
29.5288,123.71,-1.9669,33.5028,0.5737,15.0404,356.9044,350.4095,-0.5594,0.8314,5.7827,-0.0522,-0.2595,0.9643
29.5488,123.71,-1.9775,33.5192,0.6898,14.8979,356.7336,350.4871,-0.5273,0.8177,5.8026,-0.0551,-0.2571,0.9648
29.5688,123.71,-1.9874,33.5352,0.8062,14.7576,356.5702,350.5768,-0.4957,0.8044,5.8221,-0.0579,-0.2547,0.9653
29.5888,123.71,-1.9967,33.5511,0.9230,14.6197,356.4145,350.6782,-0.4648,0.7914,5.8412,-0.0605,-0.2524,0.9657
29.6088,123.71,-2.0054,33.5667,1.0402,14.4841,356.2666,350.7906,-0.4345,0.7788,5.8598,-0.0630,-0.2501,0.9662
29.6288,123.71,-2.0135,33.5820,1.1578,14.3509,356.1265,350.9137,-0.4049,0.7664,5.8780,-0.0654,-0.2479,0.9666
29.6488,123.71,-2.0210,33.5971,1.2757,14.2201,355.9943,351.0470,-0.3760,0.7544,5.8958,-0.0677,-0.2456,0.9670
29.6688,123.71,-2.0280,33.6119,1.3940,14.0916,355.8700,351.1898,-0.3478,0.7427,5.9132,-0.0699,-0.2435,0.9674
29.6888,123.71,-2.0344,33.6266,1.5126,13.9655,355.7537,351.3417,-0.3203,0.7313,5.9301,-0.0719,-0.2413,0.9678
29.7088,123.71,-2.0402,33.6410,1.6315,13.8417,355.6453,351.5023,-0.2936,0.7202,5.9466,-0.0737,-0.2392,0.9682
29.7288,123.71,-2.0456,33.6552,1.7508,13.7202,355.5450,351.6709,-0.2677,0.7094,5.9627,-0.0755,-0.2372,0.9685
29.7488,123.71,-2.0504,33.6691,1.8703,13.6009,355.4525,351.8470,-0.2425,0.6989,5.9783,-0.0771,-0.2352,0.9689
29.7688,123.71,-2.0548,33.6829,1.9902,13.4838,355.3680,352.0302,-0.2182,0.6886,5.9935,-0.0785,-0.2332,0.9693
29.7888,123.71,-2.0587,33.6965,2.1104,13.3688,355.2914,352.2199,-0.1947,0.6786,6.0083,-0.0799,-0.2312,0.9696
29.8088,123.71,-2.0621,33.7099,2.2308,13.2559,355.2225,352.4157,-0.1720,0.6688,6.0227,-0.0811,-0.2293,0.9700
29.8288,123.71,-2.0651,33.7230,2.3516,13.1449,355.1614,352.6170,-0.1501,0.6593,6.0366,-0.0821,-0.2274,0.9703
29.8488,123.71,-2.0677,33.7360,2.4726,13.0359,355.1078,352.8233,-0.1291,0.6500,6.0500,-0.0831,-0.2256,0.9707
29.8688,123.71,-2.0699,33.7489,2.5938,12.9287,355.0618,353.0341,-0.1089,0.6409,6.0631,-0.0839,-0.2237,0.9710
29.8888,123.71,-2.0717,33.7615,2.7153,12.8232,355.0232,353.2489,-0.0896,0.6320,6.0757,-0.0846,-0.2219,0.9714
29.9088,123.71,-2.0731,33.7740,2.8371,12.7195,354.9919,353.4673,-0.0711,0.6234,6.0879,-0.0852,-0.2202,0.9717
29.9288,123.71,-2.0742,33.7863,2.9591,12.6174,354.9676,353.6889,-0.0534,0.6149,6.0996,-0.0856,-0.2184,0.9721
29.9488,123.71,-2.0749,33.7984,3.0813,12.5168,354.9503,353.9130,-0.0367,0.6066,6.1109,-0.0859,-0.2167,0.9724
29.9688,123.71,-2.0753,33.8104,3.2038,12.4177,354.9399,354.1393,-0.0207,0.5986,6.1218,-0.0861,-0.2150,0.9728
29.9888,123.71,-2.0754,33.8222,3.3264,12.3200,354.9361,354.3674,-0.0056,0.5906,6.1323,-0.0862,-0.2134,0.9732
30.0088,123.71,-2.0753,33.8339,3.4492,12.2236,354.9388,354.5967,0.0086,0.5829,6.1423,-0.0862,-0.2117,0.9735
30.0288,123.71,-2.0748,33.8454,3.5723,12.1285,354.9477,354.8270,0.0220,0.5753,6.1519,-0.0861,-0.2101,0.9739
30.0488,123.71,-2.0741,33.8567,3.6955,12.0346,354.9627,355.0577,0.0346,0.5679,6.1611,-0.0859,-0.2085,0.9742
30.0688,123.71,-2.0732,33.8680,3.8189,11.9419,354.9836,355.2885,0.0464,0.5606,6.1699,-0.0855,-0.2069,0.9746
30.0888,123.71,-2.0721,33.8790,3.9425,11.8503,355.0102,355.5190,0.0574,0.5535,6.1783,-0.0851,-0.2054,0.9750
30.1088,123.71,-2.0707,33.8900,4.0662,11.7598,355.0422,355.7488,0.0676,0.5464,6.1863,-0.0846,-0.2038,0.9753
30.1288,123.71,-2.0692,33.9007,4.1901,11.6703,355.0796,355.9776,0.0770,0.5396,6.1939,-0.0840,-0.2023,0.9757
30.1488,123.71,-2.0675,33.9114,4.3141,11.5817,355.1220,356.2050,0.0856,0.5328,6.2011,-0.0833,-0.2008,0.9761
30.1688,123.71,-2.0656,33.9219,4.4383,11.4942,355.1692,356.4307,0.0934,0.5262,6.2079,-0.0825,-0.1993,0.9765
30.1888,123.71,-2.0636,33.9323,4.5625,11.4075,355.2211,356.6544,0.1005,0.5197,6.2143,-0.0817,-0.1978,0.9768
30.2088,123.71,-2.0614,33.9426,4.6870,11.3218,355.2774,356.8757,0.1069,0.5133,6.2204,-0.0807,-0.1963,0.9772
30.2288,123.71,-2.0592,33.9527,4.8115,11.2369,355.3378,357.0945,0.1126,0.5070,6.2260,-0.0797,-0.1949,0.9776
30.2488,123.71,-2.0568,33.9628,4.9361,11.1529,355.4023,357.3104,0.1176,0.5008,6.2313,-0.0786,-0.1934,0.9780
30.2688,123.71,-2.0544,33.9727,5.0608,11.0698,355.4704,357.5231,0.1218,0.4948,6.2363,-0.0775,-0.1920,0.9783
30.2888,123.71,-2.0519,33.9824,5.1856,10.9875,355.5421,357.7324,0.1255,0.4888,6.2409,-0.0763,-0.1906,0.9787
30.3088,120.94,-2.0493,33.9921,5.3105,10.9061,355.6172,357.9381,0.1284,0.4830,6.2451,-0.0750,-0.1892,0.9791
30.3288,120.94,-2.0467,34.0016,5.4355,10.8255,355.6953,358.1400,0.1308,0.4772,6.2490,-0.0737,-0.1878,0.9794
30.3488,120.94,-2.0441,34.0111,5.5606,10.7459,355.7764,358.3377,0.1325,0.4715,6.2526,-0.0724,-0.1865,0.9798
30.3688,120.94,-2.0414,34.0204,5.6857,10.6670,355.8601,358.5313,0.1337,0.4660,6.2559,-0.0709,-0.1851,0.9802
30.3888,120.94,-2.0387,34.0296,5.8109,10.5891,355.9463,358.7205,0.1342,0.4605,6.2589,-0.0695,-0.1838,0.9805
30.4088,120.94,-2.0360,34.0387,5.9361,10.5121,356.0348,358.9051,0.1343,0.4551,6.2615,-0.0680,-0.1824,0.9809
30.4288,120.94,-2.0333,34.0477,6.0614,10.4360,356.1254,359.0849,0.1337,0.4498,6.2638,-0.0665,-0.1811,0.9812
30.4488,120.94,-2.0307,34.0566,6.1867,10.3609,356.2178,359.2599,0.1327,0.4446,6.2659,-0.0649,-0.1798,0.9816
30.4688,120.94,-2.0281,34.0654,6.3121,10.2867,356.3120,359.4300,0.1312,0.4395,6.2677,-0.0633,-0.1786,0.9819
30.4888,120.94,-2.0255,34.0741,6.4374,10.2135,356.4076,359.5949,0.1292,0.4345,6.2692,-0.0617,-0.1773,0.9822
30.5088,120.94,-2.0229,34.0827,6.5628,10.1414,356.5046,359.7546,0.1267,0.4295,6.2704,-0.0600,-0.1761,0.9825
30.5288,120.94,-2.0205,34.0912,6.6883,10.0703,356.6027,359.9091,0.1239,0.4247,6.2714,-0.0583,-0.1749,0.9829
30.5488,120.94,-2.0181,34.0996,6.8137,10.0002,356.7018,0.0582,0.1206,0.4199,6.2721,-0.0567,-0.1737,0.9832
30.5688,120.94,-2.0157,34.1079,6.9392,9.9313,356.8018,0.2018,0.1169,0.4153,6.2726,-0.0550,-0.1725,0.9835
30.5888,120.94,-2.0135,34.1161,7.0646,9.8634,356.9023,0.3401,0.1128,0.4107,6.2728,-0.0532,-0.1713,0.9838
30.6088,120.94,-2.0113,34.1242,7.1901,9.7968,357.0034,0.4728,0.1084,0.4062,6.2728,-0.0515,-0.1702,0.9841
30.6288,120.94,-2.0092,34.1322,7.3155,9.7313,357.1047,0.5999,0.1036,0.4018,6.2726,-0.0498,-0.1690,0.9844
30.6488,120.94,-2.0072,34.1402,7.4410,9.6670,357.2063,0.7216,0.0986,0.3975,6.2722,-0.0480,-0.1679,0.9846
30.6688,120.94,-2.0054,34.1481,7.5664,9.6040,357.3079,0.8376,0.0932,0.3932,6.2716,-0.0463,-0.1668,0.9849
30.6888,120.94,-2.0036,34.1558,7.6918,9.5422,357.4094,0.9481,0.0876,0.3891,6.2707,-0.0446,-0.1658,0.9852
30.7088,120.94,-2.0020,34.1635,7.8172,9.4818,357.5107,1.0530,0.0817,0.3850,6.2697,-0.0428,-0.1647,0.9854
30.7288,120.94,-2.0005,34.1712,7.9426,9.4226,357.6116,1.1523,0.0756,0.3810,6.2686,-0.0411,-0.1637,0.9857
30.7488,120.94,-1.9991,34.1787,8.0679,9.3648,357.7120,1.2462,0.0693,0.3772,6.2672,-0.0394,-0.1627,0.9859
30.7688,120.94,-1.9978,34.1862,8.1932,9.3083,357.8118,1.3345,0.0627,0.3734,6.2657,-0.0377,-0.1617,0.9861
30.7888,120.94,-1.9967,34.1936,8.3185,9.2532,357.9109,1.4174,0.0560,0.3696,6.2640,-0.0360,-0.1608,0.9863
30.8088,120.94,-1.9957,34.2009,8.4438,9.1996,358.0092,1.4949,0.0491,0.3660,6.2621,-0.0343,-0.1599,0.9865
30.8288,120.94,-1.9949,34.2081,8.5690,9.1473,358.1065,1.5670,0.0421,0.3624,6.2602,-0.0326,-0.1590,0.9867
30.8488,120.94,-1.9942,34.2153,8.6941,9.0964,358.2028,1.6339,0.0350,0.3590,6.2580,-0.0310,-0.1581,0.9869
30.8688,120.94,-1.9936,34.2224,8.8192,9.0470,358.2980,1.6955,0.0277,0.3556,6.2558,-0.0293,-0.1572,0.9871
30.8888,120.94,-1.9932,34.2295,8.9443,8.9990,358.3920,1.7520,0.0204,0.3523,6.2534,-0.0277,-0.1564,0.9873
30.9088,120.94,-1.9930,34.2365,9.0693,8.9525,358.4847,1.8034,0.0129,0.3491,6.2509,-0.0261,-0.1556,0.9875
30.9288,120.94,-1.9929,34.2434,9.1943,8.9075,358.5760,1.8498,0.0055,0.3459,6.2483,-0.0246,-0.1548,0.9876
30.9488,120.94,-1.9929,34.2502,9.3192,8.8639,358.6658,1.8913,-0.0021,0.3428,6.2456,-0.0230,-0.1541,0.9878
30.9688,120.94,-1.9930,34.2578,9.4442,8.8110,358.7502,1.9487,-0.0066,0.3783,6.2512,-0.0216,-0.1532,0.9880
30.9888,120.94,-1.9932,34.2656,9.5693,8.7472,358.8286,2.0254,-0.0095,0.3885,6.2530,-0.0202,-0.1521,0.9882
31.0088,120.94,-1.9935,34.2739,9.6944,8.6742,358.9020,2.1181,-0.0141,0.4161,6.2569,-0.0189,-0.1508,0.9884
31.0288,120.94,-1.9939,34.2825,9.8196,8.5918,358.9704,2.2277,-0.0182,0.4303,6.2585,-0.0178,-0.1494,0.9886
31.0488,120.94,-1.9943,34.2916,9.9448,8.5010,359.0343,2.3522,-0.0234,0.4532,6.2608,-0.0167,-0.1478,0.9889
31.0688,120.94,-1.9949,34.3009,10.0700,8.4021,359.0940,2.4916,-0.0288,0.4690,6.2618,-0.0156,-0.1461,0.9891
31.0888,120.94,-1.9956,34.3107,10.1953,8.2959,359.1498,2.6445,-0.0350,0.4890,6.2628,-0.0147,-0.1443,0.9894
31.1088,120.94,-1.9965,34.3208,10.3206,8.1826,359.2019,2.8107,-0.0416,0.5050,6.2628,-0.0138,-0.1423,0.9897
31.1288,120.94,-1.9974,34.3313,10.4458,8.0630,359.2507,2.9890,-0.0491,0.5230,6.2625,-0.0129,-0.1403,0.9900
31.1488,120.94,-1.9986,34.3421,10.5710,7.9374,359.2964,3.1789,-0.0571,0.5385,6.2614,-0.0122,-0.1381,0.9903
31.1688,120.94,-1.9999,34.3532,10.6962,7.8063,359.3392,3.3797,-0.0660,0.5550,6.2598,-0.0114,-0.1358,0.9907
31.1888,120.94,-2.0014,34.3645,10.8214,7.6703,359.3794,3.5906,-0.0755,0.5697,6.2575,-0.0107,-0.1335,0.9910
31.2088,120.94,-2.0031,34.3762,10.9465,7.5298,359.4171,3.8109,-0.0859,0.5847,6.2546,-0.0101,-0.1310,0.9913
31.2288,120.94,-2.0051,34.3882,11.0715,7.3852,359.4527,4.0399,-0.0971,0.5985,6.2510,-0.0095,-0.1285,0.9917
31.2488,120.94,-2.0072,34.4005,11.1964,7.2369,359.4862,4.2771,-0.1091,0.6122,6.2469,-0.0089,-0.1260,0.9920
31.2688,120.94,-2.0097,34.4130,11.3213,7.0854,359.5180,4.5217,-0.1219,0.6249,6.2420,-0.0083,-0.1233,0.9923
31.2888,120.94,-2.0124,34.4257,11.4460,6.9310,359.5480,4.7730,-0.1357,0.6373,6.2365,-0.0078,-0.1207,0.9927
31.3088,124.58,-2.0154,34.4387,11.5706,6.7742,359.5766,5.0306,-0.1502,0.6489,6.2303,-0.0073,-0.1180,0.9930
31.3288,124.58,-2.0187,34.4519,11.6951,6.6153,359.6039,5.2937,-0.1657,0.6600,6.2235,-0.0069,-0.1152,0.9933
31.3488,124.58,-2.0224,34.4653,11.8194,6.4547,359.6301,5.5618,-0.1821,0.6704,6.2160,-0.0064,-0.1124,0.9936
31.3688,124.58,-2.0263,34.4789,11.9436,6.2926,359.6552,5.8343,-0.1994,0.6803,6.2079,-0.0060,-0.1096,0.9940
31.3888,124.58,-2.0307,34.4927,12.0675,6.1295,359.6794,6.1106,-0.2176,0.6895,6.1992,-0.0056,-0.1068,0.9943
31.4088,124.58,-2.0354,34.5067,12.1913,5.9657,359.7030,6.3902,-0.2366,0.6982,6.1898,-0.0052,-0.1039,0.9946
31.4288,124.58,-2.0406,34.5208,12.3149,5.8014,359.7259,6.6725,-0.2566,0.7062,6.1798,-0.0048,-0.1011,0.9949
31.4488,124.58,-2.0461,34.5351,12.4383,5.6369,359.7483,6.9571,-0.2775,0.7136,6.1691,-0.0044,-0.0982,0.9952
31.4688,124.58,-2.0521,34.5495,12.5615,5.4725,359.7704,7.2434,-0.2992,0.7205,6.1579,-0.0040,-0.0954,0.9954
31.4888,124.58,-2.0585,34.5640,12.6844,5.3085,359.7922,7.5309,-0.3219,0.7267,6.1460,-0.0036,-0.0925,0.9957
31.5088,124.58,-2.0654,34.5787,12.8071,5.1451,359.8139,7.8192,-0.3454,0.7324,6.1336,-0.0032,-0.0897,0.9960
31.5288,124.58,-2.0728,34.5934,12.9295,4.9825,359.8356,8.1078,-0.3698,0.7375,6.1206,-0.0029,-0.0869,0.9962
31.5488,124.58,-2.0807,34.6083,13.0516,4.8211,359.8573,8.3962,-0.3951,0.7420,6.1071,-0.0025,-0.0840,0.9965
31.5688,124.58,-2.0892,34.6232,13.1735,4.6609,359.8792,8.6842,-0.4212,0.7459,6.0929,-0.0021,-0.0813,0.9967
31.5888,124.58,-2.0981,34.6382,13.2950,4.5022,359.9013,8.9711,-0.4482,0.7493,6.0783,-0.0017,-0.0785,0.9969
31.6088,124.58,-2.1077,34.6532,13.4163,4.3452,359.9238,9.2567,-0.4760,0.7521,6.0632,-0.0013,-0.0758,0.9971
31.6288,124.58,-2.1177,34.6683,13.5373,4.1901,359.9466,9.5405,-0.5046,0.7544,6.0475,-0.0009,-0.0731,0.9973
31.6488,124.58,-2.1284,34.6835,13.6579,4.0370,359.9699,9.8222,-0.5340,0.7562,6.0314,-0.0005,-0.0704,0.9975
31.6688,124.58,-2.1397,34.6986,13.7782,3.8861,359.9938,10.1014,-0.5642,0.7575,6.0148,-0.0001,-0.0678,0.9977
31.6888,124.58,-2.1516,34.7138,13.8981,3.7375,0.0182,10.3779,-0.5951,0.7582,5.9977,0.0003,-0.0652,0.9979
31.7088,124.58,-2.1641,34.7289,14.0177,3.5915,0.0434,10.6512,-0.6268,0.7585,5.9802,0.0008,-0.0626,0.9980
31.7288,124.58,-2.1773,34.7441,14.1370,3.4481,0.0692,10.9211,-0.6592,0.7583,5.9623,0.0012,-0.0601,0.9982
31.7488,124.58,-2.1912,34.7593,14.2559,3.3074,0.0959,11.1873,-0.6923,0.7576,5.9440,0.0017,-0.0577,0.9983
31.7688,124.58,-2.2057,34.7744,14.3744,3.1696,0.1233,11.4495,-0.7261,0.7564,5.9253,0.0021,-0.0553,0.9985
31.7888,124.58,-2.2209,34.7895,14.4925,3.0349,0.1516,11.7074,-0.7606,0.7548,5.9062,0.0026,-0.0529,0.9986
31.8088,124.58,-2.2368,34.8046,14.6102,2.9032,0.1807,11.9609,-0.7958,0.7528,5.8868,0.0032,-0.0506,0.9987
31.8288,124.58,-2.2535,34.8196,14.7276,2.7747,0.2108,12.2096,-0.8315,0.7504,5.8671,0.0037,-0.0484,0.9988
31.8488,124.58,-2.2708,34.8345,14.8445,2.6495,0.2419,12.4533,-0.8679,0.7476,5.8470,0.0042,-0.0462,0.9989
31.8688,124.58,-2.2889,34.8494,14.9610,2.5277,0.2739,12.6919,-0.9049,0.7444,5.8267,0.0048,-0.0441,0.9990
31.8888,124.58,-2.3078,34.8642,15.0772,2.4093,0.3069,12.9251,-0.9424,0.7408,5.8060,0.0054,-0.0420,0.9991
31.9088,124.58,-2.3274,34.8790,15.1929,2.2944,0.3408,13.1528,-0.9805,0.7369,5.7851,0.0059,-0.0400,0.9992
31.9288,124.58,-2.3478,34.8936,15.3081,2.1831,0.3758,13.3748,-1.0191,0.7327,5.7640,0.0066,-0.0381,0.9993
31.9488,124.58,-2.3689,34.9082,15.4230,2.0754,0.4118,13.5909,-1.0582,0.7281,5.7426,0.0072,-0.0362,0.9993
31.9688,124.58,-2.3909,34.9227,15.5374,1.9715,0.4488,13.8010,-1.0978,0.7232,5.7211,0.0078,-0.0344,0.9994
31.9888,124.58,-2.4136,34.9370,15.6514,1.8713,0.4868,14.0050,-1.1379,0.7180,5.6993,0.0085,-0.0327,0.9994
32.0088,124.58,-2.4372,34.9513,15.7649,1.7749,0.5258,14.2027,-1.1784,0.7125,5.6773,0.0092,-0.0310,0.9995
32.0288,124.58,-2.4616,34.9654,15.8781,1.6823,0.5658,14.3940,-1.2193,0.7068,5.6552,0.0099,-0.0294,0.9995
32.0488,124.58,-2.4868,34.9794,15.9907,1.5935,0.6067,14.5789,-1.2606,0.7009,5.6330,0.0106,-0.0278,0.9996
32.0688,124.58,-2.5128,34.9933,16.1029,1.5087,0.6486,14.7572,-1.3022,0.6947,5.6106,0.0113,-0.0263,0.9996
32.0888,124.58,-2.5397,35.0071,16.2147,1.4278,0.6914,14.9289,-1.3442,0.6882,5.5881,0.0121,-0.0249,0.9996
32.1088,124.58,-2.5675,35.0207,16.3260,1.3508,0.7350,15.0939,-1.3866,0.6816,5.5656,0.0128,-0.0236,0.9996
32.1288,124.58,-2.5961,35.0342,16.4369,1.2778,0.7796,15.2522,-1.4292,0.6748,5.5429,0.0136,-0.0223,0.9997
32.1488,124.58,-2.6255,35.0476,16.5473,1.2087,0.8249,15.4036,-1.4721,0.6678,5.5202,0.0144,-0.0211,0.9997
32.1688,124.58,-2.6558,35.0608,16.6572,1.1436,0.8710,15.5483,-1.5153,0.6607,5.4974,0.0152,-0.0200,0.9997
32.1888,124.58,-2.6870,35.0739,16.7667,1.0825,0.9179,15.6861,-1.5587,0.6534,5.4746,0.0160,-0.0189,0.9997
32.2088,124.58,-2.7190,35.0868,16.8757,1.0254,0.9654,15.8170,-1.6024,0.6460,5.4518,0.0168,-0.0179,0.9997
32.2288,124.58,-2.7519,35.0996,16.9843,0.9722,1.0136,15.9410,-1.6462,0.6385,5.4290,0.0177,-0.0170,0.9997
32.2488,124.58,-2.7858,35.1122,17.0924,0.9230,1.0623,16.0581,-1.6902,0.6308,5.4062,0.0185,-0.0161,0.9997
32.2688,124.58,-2.8204,35.1246,17.2001,0.8777,1.1116,16.1684,-1.7343,0.6231,5.3834,0.0194,-0.0153,0.9997
32.2888,124.58,-2.8560,35.1369,17.3073,0.8364,1.1614,16.2718,-1.7786,0.6153,5.3607,0.0203,-0.0146,0.9997
32.3088,124.58,-2.8925,35.1491,17.4141,0.7990,1.2116,16.3684,-1.8229,0.6074,5.3380,0.0211,-0.0139,0.9997
32.3288,122.80,-2.9298,35.1611,17.5204,0.7656,1.2621,16.4581,-1.8674,0.5995,5.3153,0.0220,-0.0134,0.9997
32.3488,122.80,-2.9681,35.1729,17.6262,0.7359,1.3129,16.5411,-1.9119,0.5915,5.2928,0.0229,-0.0128,0.9997
32.3688,122.80,-3.0072,35.1846,17.7316,0.7102,1.3640,16.6173,-1.9564,0.5835,5.2703,0.0238,-0.0124,0.9996
32.3888,122.80,-3.0472,35.1961,17.8366,0.6882,1.4152,16.6869,-2.0009,0.5754,5.2479,0.0247,-0.0120,0.9996
32.4088,122.80,-3.0881,35.2074,17.9411,0.6700,1.4664,16.7498,-2.0455,0.5674,5.2257,0.0256,-0.0117,0.9996
32.4288,122.80,-3.1299,35.2186,18.0452,0.6556,1.5178,16.8062,-2.0900,0.5593,5.2036,0.0265,-0.0114,0.9996
32.4488,122.80,-3.1726,35.2297,18.1488,0.6448,1.5690,16.8560,-2.1345,0.5513,5.1816,0.0274,-0.0113,0.9996
32.4688,122.80,-3.2162,35.2405,18.2520,0.6377,1.6201,16.8995,-2.1789,0.5432,5.1597,0.0283,-0.0111,0.9995
32.4888,122.80,-3.2606,35.2512,18.3548,0.6342,1.6711,16.9366,-2.2232,0.5352,5.1380,0.0292,-0.0111,0.9995
32.5088,122.80,-3.3060,35.2618,18.4571,0.6342,1.7217,16.9674,-2.2674,0.5273,5.1165,0.0300,-0.0111,0.9995
32.5288,122.80,-3.3522,35.2722,18.5590,0.6378,1.7720,16.9920,-2.3115,0.5193,5.0951,0.0309,-0.0111,0.9995
32.5488,122.80,-3.3993,35.2824,18.6605,0.6448,1.8219,17.0106,-2.3555,0.5114,5.0740,0.0318,-0.0113,0.9994
32.5688,122.80,-3.4473,35.2925,18.7615,0.6551,1.8713,17.0231,-2.3992,0.5036,5.0530,0.0327,-0.0114,0.9994
32.5888,122.80,-3.4962,35.3024,18.8622,0.6688,1.9202,17.0298,-2.4428,0.4958,5.0322,0.0335,-0.0117,0.9994
32.6088,122.80,-3.5459,35.3121,18.9624,0.6857,1.9684,17.0306,-2.4862,0.4881,5.0116,0.0343,-0.0120,0.9993
32.6288,122.80,-3.5965,35.3217,19.0622,0.7058,2.0159,17.0258,-2.5294,0.4805,4.9913,0.0352,-0.0123,0.9993
32.6488,122.80,-3.6479,35.3312,19.1617,0.7290,2.0626,17.0154,-2.5723,0.4730,4.9711,0.0360,-0.0127,0.9993
32.6688,122.80,-3.7002,35.3405,19.2607,0.7552,2.1085,16.9996,-2.6150,0.4655,4.9512,0.0368,-0.0132,0.9992
32.6888,122.80,-3.7534,35.3497,19.3593,0.7844,2.1534,16.9783,-2.6574,0.4581,4.9316,0.0376,-0.0137,0.9992
32.7088,122.80,-3.8074,35.3587,19.4576,0.8165,2.1974,16.9519,-2.6996,0.4508,4.9121,0.0383,-0.0143,0.9992
32.7288,122.80,-3.8622,35.3676,19.5554,0.8514,2.2404,16.9203,-2.7414,0.4437,4.8930,0.0391,-0.0149,0.9991
32.7488,122.80,-3.9179,35.3763,19.6529,0.8890,2.2822,16.8838,-2.7829,0.4366,4.8740,0.0398,-0.0155,0.9991
32.7688,122.80,-3.9743,35.3849,19.7500,0.9292,2.3229,16.8424,-2.8240,0.4296,4.8554,0.0405,-0.0162,0.9990
32.7888,122.80,-4.0316,35.3933,19.8468,0.9720,2.3623,16.7963,-2.8648,0.4227,4.8370,0.0412,-0.0170,0.9990
32.8088,122.80,-4.0897,35.4017,19.9431,1.0173,2.4004,16.7455,-2.9053,0.4160,4.8188,0.0419,-0.0178,0.9990
32.8288,122.80,-4.1486,35.4099,20.0391,1.0649,2.4372,16.6903,-2.9454,0.4093,4.8010,0.0425,-0.0186,0.9989
32.8488,122.80,-4.2083,35.4179,20.1348,1.1148,2.4726,16.6307,-2.9850,0.4028,4.7834,0.0431,-0.0195,0.9989
32.8688,122.80,-4.2688,35.4258,20.2301,1.1669,2.5066,16.5669,-3.0243,0.3964,4.7661,0.0437,-0.0204,0.9988
32.8888,122.80,-4.3301,35.4336,20.3251,1.2211,2.5391,16.4990,-3.0631,0.3901,4.7491,0.0443,-0.0213,0.9988
32.9088,122.80,-4.3921,35.4413,20.4198,1.2773,2.5700,16.4272,-3.1016,0.3839,4.7323,0.0448,-0.0223,0.9987
32.9288,122.80,-4.4549,35.4489,20.5141,1.3355,2.5994,16.3515,-3.1395,0.3778,4.7159,0.0453,-0.0233,0.9987
32.9488,122.80,-4.5185,35.4563,20.6081,1.3954,2.6271,16.2722,-3.1771,0.3719,4.6997,0.0458,-0.0244,0.9987
32.9688,122.80,-4.5827,35.4636,20.7018,1.4571,2.6532,16.1894,-3.2141,0.3660,4.6838,0.0463,-0.0254,0.9986
32.9888,122.80,-4.6478,35.4708,20.7951,1.5204,2.6777,16.1031,-3.2507,0.3603,4.6683,0.0467,-0.0265,0.9986
33.0088,122.80,-4.7135,35.4779,20.8882,1.5852,2.7004,16.0136,-3.2868,0.3547,4.6530,0.0471,-0.0277,0.9985
33.0288,122.80,-4.7799,35.4849,20.9809,1.6514,2.7214,15.9209,-3.3224,0.3493,4.6380,0.0475,-0.0288,0.9985
33.0488,122.80,-4.8471,35.4918,21.0734,1.7190,2.7406,15.8253,-3.3575,0.3439,4.6233,0.0478,-0.0300,0.9984
33.0688,122.80,-4.9149,35.4986,21.1656,1.7878,2.7581,15.7268,-3.3921,0.3387,4.6089,0.0481,-0.0312,0.9984
33.0888,122.80,-4.9835,35.5052,21.2575,1.8578,2.7738,15.6255,-3.4262,0.3336,4.5948,0.0484,-0.0324,0.9983
33.1088,122.80,-5.0527,35.5118,21.3491,1.9288,2.7877,15.5217,-3.4598,0.3286,4.5810,0.0486,-0.0337,0.9983
33.1288,122.80,-5.1225,35.5183,21.4404,2.0008,2.7997,15.4154,-3.4928,0.3237,4.5675,0.0488,-0.0349,0.9982
33.1488,122.80,-5.1930,35.5247,21.5315,2.0736,2.8100,15.3069,-3.5253,0.3190,4.5542,0.0490,-0.0362,0.9981
33.1688,122.80,-5.2642,35.5310,21.6224,2.1472,2.8184,15.1961,-3.5573,0.3143,4.5413,0.0491,-0.0375,0.9981
33.1888,122.80,-5.3359,35.5371,21.7129,2.2214,2.8250,15.0833,-3.5887,0.3098,4.5287,0.0492,-0.0388,0.9980
33.2088,122.80,-5.4083,35.5433,21.8033,2.2963,2.8298,14.9685,-3.6196,0.3053,4.5163,0.0493,-0.0401,0.9980
33.2288,122.80,-5.4813,35.5493,21.8933,2.3716,2.8328,14.8520,-3.6499,0.3010,4.5042,0.0494,-0.0414,0.9979
33.2488,122.80,-5.5549,35.5552,21.9832,2.4473,2.8340,14.7339,-3.6796,0.2968,4.4925,0.0494,-0.0427,0.9979
33.2688,122.80,-5.6291,35.5611,22.0728,2.5234,2.8334,14.6142,-3.7088,0.2927,4.4810,0.0494,-0.0440,0.9978
33.2888,122.80,-5.7038,35.5668,22.1622,2.5996,2.8311,14.4931,-3.7375,0.2887,4.4697,0.0493,-0.0454,0.9978
33.3088,122.80,-5.7792,35.5725,22.2514,2.6760,2.8269,14.3707,-3.7656,0.2848,4.4588,0.0493,-0.0467,0.9977
33.3288,119.82,-5.8550,35.5782,22.3403,2.7525,2.8211,14.2472,-3.7931,0.2810,4.4481,0.0492,-0.0480,0.9976
33.3488,119.82,-5.9314,35.5837,22.4291,2.8290,2.8135,14.1226,-3.8200,0.2773,4.4378,0.0490,-0.0494,0.9976
33.3688,119.82,-6.0083,35.5892,22.5177,2.9053,2.8043,13.9971,-3.8464,0.2737,4.4276,0.0489,-0.0507,0.9975
33.3888,119.82,-6.0858,35.5946,22.6060,2.9815,2.7934,13.8709,-3.8722,0.2701,4.4178,0.0487,-0.0520,0.9975
33.4088,119.82,-6.1637,35.5999,22.6942,3.0575,2.7809,13.7440,-3.8975,0.2667,4.4082,0.0484,-0.0533,0.9974
33.4288,119.82,-6.2422,35.6052,22.7822,3.1331,2.7668,13.6165,-3.9222,0.2634,4.3989,0.0482,-0.0547,0.9973
33.4488,119.82,-6.3211,35.6104,22.8699,3.2084,2.7512,13.4886,-3.9463,0.2601,4.3898,0.0479,-0.0560,0.9973
33.4688,119.82,-6.4005,35.6155,22.9576,3.2832,2.7340,13.3603,-3.9699,0.2569,4.3810,0.0476,-0.0573,0.9972
33.4888,119.82,-6.4804,35.6206,23.0450,3.3574,2.7153,13.2318,-3.9929,0.2538,4.3724,0.0473,-0.0586,0.9972
33.5088,119.82,-6.5607,35.6256,23.1323,3.4311,2.6952,13.1033,-4.0154,0.2508,4.3641,0.0469,-0.0598,0.9971
33.5288,119.82,-6.6414,35.6306,23.2194,3.5042,2.6738,12.9746,-4.0373,0.2479,4.3560,0.0466,-0.0611,0.9970
33.5488,119.82,-6.7226,35.6355,23.3064,3.5765,2.6509,12.8461,-4.0587,0.2451,4.3482,0.0462,-0.0624,0.9970
33.5688,119.82,-6.8042,35.6403,23.3932,3.6482,2.6268,12.7178,-4.0795,0.2423,4.3406,0.0457,-0.0636,0.9969
33.5888,119.82,-6.8862,35.6451,23.4799,3.7190,2.6014,12.5898,-4.0998,0.2396,4.3332,0.0453,-0.0649,0.9969
33.6088,119.82,-6.9686,35.6499,23.5664,3.7889,2.5748,12.4621,-4.1196,0.2369,4.3260,0.0448,-0.0661,0.9968
33.6288,119.82,-7.0514,35.6545,23.6528,3.8580,2.5470,12.3349,-4.1388,0.2344,4.3191,0.0443,-0.0673,0.9967
33.6488,119.82,-7.1345,35.6592,23.7390,3.9261,2.5181,12.2083,-4.1575,0.2319,4.3124,0.0438,-0.0685,0.9967
33.6688,119.82,-7.2180,35.6638,23.8251,3.9932,2.4882,12.0823,-4.1757,0.2294,4.3059,0.0433,-0.0696,0.9966
33.6888,119.82,-7.3019,35.6683,23.9111,4.0593,2.4572,11.9571,-4.1934,0.2271,4.2996,0.0428,-0.0708,0.9966
33.7088,119.82,-7.3861,35.6728,23.9970,4.1244,2.4253,11.8327,-4.2106,0.2248,4.2935,0.0422,-0.0719,0.9965
33.7288,119.82,-7.4706,35.6773,24.0827,4.1883,2.3925,11.7091,-4.2272,0.2225,4.2876,0.0416,-0.0730,0.9965
33.7488,119.82,-7.5555,35.6817,24.1684,4.2511,2.3588,11.5866,-4.2434,0.2203,4.2819,0.0410,-0.0741,0.9964
33.7688,119.82,-7.6407,35.6860,24.2539,4.3128,2.3243,11.4651,-4.2591,0.2182,4.2764,0.0404,-0.0752,0.9963
33.7888,119.82,-7.7262,35.6904,24.3393,4.3733,2.2890,11.3447,-4.2743,0.2161,4.2710,0.0398,-0.0763,0.9963
33.8088,119.82,-7.8120,35.6946,24.4246,4.4326,2.2531,11.2254,-4.2891,0.2141,4.2659,0.0392,-0.0773,0.9962
33.8288,119.82,-7.8980,35.6989,24.5099,4.4906,2.2165,11.1074,-4.3033,0.2121,4.2609,0.0386,-0.0783,0.9962
33.8488,119.82,-7.9844,35.7031,24.5950,4.5474,2.1793,10.9908,-4.3172,0.2102,4.2561,0.0379,-0.0793,0.9961
33.8688,119.82,-8.0710,35.7072,24.6800,4.6029,2.1416,10.8755,-4.3305,0.2084,4.2514,0.0372,-0.0802,0.9961
33.8888,119.82,-8.1578,35.7114,24.7649,4.6572,2.1034,10.7616,-4.3435,0.2065,4.2470,0.0366,-0.0812,0.9960
33.9088,119.82,-8.2450,35.7155,24.8498,4.7101,2.0647,10.6492,-4.3560,0.2048,4.2426,0.0359,-0.0821,0.9960
33.9288,119.82,-8.3323,35.7195,24.9346,4.7618,2.0257,10.5383,-4.3680,0.2030,4.2385,0.0352,-0.0830,0.9959
33.9488,119.82,-8.4199,35.7236,25.0193,4.8121,1.9864,10.4290,-4.3797,0.2014,4.2344,0.0345,-0.0839,0.9959
33.9688,119.82,-8.5077,35.7276,25.1039,4.8611,1.9467,10.3213,-4.3909,0.1997,4.2305,0.0338,-0.0847,0.9958
33.9888,119.82,-8.5958,35.7315,25.1884,4.9088,1.9068,10.2152,-4.4017,0.1981,4.2268,0.0332,-0.0856,0.9958
34.0088,119.82,-8.6840,35.7355,25.2729,4.9552,1.8667,10.1109,-4.4122,0.1966,4.2232,0.0325,-0.0864,0.9957
34.0288,119.82,-8.7725,35.7394,25.3573,5.0002,1.8265,10.0082,-4.4222,0.1951,4.2197,0.0318,-0.0872,0.9957
34.0488,119.82,-8.8611,35.7432,25.4416,5.0439,1.7862,9.9074,-4.4319,0.1936,4.2163,0.0310,-0.0879,0.9956
34.0688,119.82,-8.9499,35.7471,25.5258,5.0862,1.7458,9.8084,-4.4412,0.1922,4.2131,0.0303,-0.0887,0.9956
34.0888,119.82,-9.0389,35.7509,25.6100,5.1273,1.7055,9.7111,-4.4502,0.1908,4.2100,0.0296,-0.0894,0.9956
34.1088,119.82,-9.1281,35.7547,25.6942,5.1670,1.6651,9.6158,-4.4588,0.1895,4.2070,0.0289,-0.0901,0.9955
34.1288,119.82,-9.2174,35.7584,25.7783,5.2054,1.6249,9.5223,-4.4670,0.1881,4.2041,0.0282,-0.0907,0.9955
34.1488,119.82,-9.3069,35.7622,25.8623,5.2424,1.5848,9.4307,-4.4749,0.1869,4.2013,0.0275,-0.0914,0.9954
34.1688,119.82,-9.3966,35.7659,25.9463,5.2782,1.5448,9.3410,-4.4825,0.1856,4.1986,0.0268,-0.0920,0.9954
34.1888,119.82,-9.4864,35.7696,26.0302,5.3127,1.5051,9.2532,-4.4898,0.1844,4.1960,0.0262,-0.0926,0.9954
34.2088,119.82,-9.5763,35.7733,26.1141,5.3460,1.4655,9.1674,-4.4968,0.1832,4.1935,0.0255,-0.0932,0.9953
34.2288,119.82,-9.6664,35.7769,26.1979,5.3779,1.4263,9.0835,-4.5035,0.1821,4.1910,0.0248,-0.0937,0.9953
34.2488,119.82,-9.7566,35.7805,26.2816,5.4087,1.3874,9.0016,-4.5098,0.1810,4.1887,0.0241,-0.0943,0.9953
34.2688,119.82,-9.8469,35.7841,26.3654,5.4382,1.3488,8.9216,-4.5159,0.1799,4.1865,0.0234,-0.0948,0.9952
34.2888,119.82,-9.9373,35.7877,26.4491,5.4664,1.3106,8.8437,-4.5217,0.1788,4.1843,0.0228,-0.0953,0.9952
34.3088,119.82,-10.0279,35.7912,26.5327,5.4935,1.2728,8.7676,-4.5273,0.1778,4.1822,0.0221,-0.0957,0.9952
34.3288,122.83,-10.1185,35.7948,26.6163,5.5194,1.2354,8.6936,-4.5326,0.1768,4.1801,0.0215,-0.0962,0.9951
34.3488,122.83,-10.2093,35.7983,26.6999,5.5441,1.1985,8.6215,-4.5376,0.1759,4.1782,0.0208,-0.0966,0.9951
34.3688,122.83,-10.3001,35.8018,26.7834,5.5677,1.1621,8.5514,-4.5424,0.1749,4.1762,0.0202,-0.0970,0.9951
34.3888,122.83,-10.3911,35.8053,26.8669,5.5902,1.1262,8.4832,-4.5470,0.1740,4.1744,0.0196,-0.0974,0.9951
34.4088,122.83,-10.4821,35.8087,26.9503,5.6116,1.0909,8.4170,-4.5513,0.1731,4.1726,0.0189,-0.0978,0.9950
34.4288,122.83,-10.5732,35.8122,27.0338,5.6319,1.0561,8.3527,-4.5554,0.1723,4.1709,0.0183,-0.0981,0.9950
34.4488,122.83,-10.6644,35.8156,27.1171,5.6511,1.0219,8.2904,-4.5593,0.1715,4.1692,0.0177,-0.0985,0.9950
34.4688,122.83,-10.7557,35.8190,27.2005,5.6693,0.9883,8.2299,-4.5630,0.1707,4.1675,0.0172,-0.0988,0.9950
34.4888,122.83,-10.8470,35.8224,27.2838,5.6865,0.9554,8.1714,-4.5665,0.1699,4.1659,0.0166,-0.0991,0.9949
34.5088,122.83,-10.9384,35.8258,27.3671,5.7027,0.9231,8.1147,-4.5699,0.1691,4.1644,0.0160,-0.0994,0.9949
34.5288,122.83,-11.0299,35.8292,27.4504,5.7179,0.8915,8.0599,-4.5730,0.1684,4.1629,0.0155,-0.0996,0.9949
34.5488,122.83,-11.1214,35.8325,27.5336,5.7322,0.8605,8.0069,-4.5759,0.1677,4.1614,0.0149,-0.0999,0.9949
34.5688,122.83,-11.2130,35.8359,27.6168,5.7455,0.8302,7.9557,-4.5787,0.1670,4.1599,0.0144,-0.1001,0.9949
34.5888,122.83,-11.3046,35.8392,27.6999,5.7580,0.8007,7.9064,-4.5814,0.1663,4.1585,0.0139,-0.1003,0.9949
34.6088,122.83,-11.3963,35.8425,27.7831,5.7696,0.7718,7.8588,-4.5838,0.1657,4.1571,0.0134,-0.1005,0.9948
34.6288,122.83,-11.4880,35.8458,27.8662,5.7804,0.7437,7.8129,-4.5861,0.1651,4.1558,0.0129,-0.1007,0.9948
34.6488,122.83,-11.5797,35.8491,27.9493,5.7903,0.7164,7.7688,-4.5883,0.1645,4.1544,0.0124,-0.1009,0.9948
34.6688,122.83,-11.6716,35.8524,28.0324,5.7994,0.6897,7.7264,-4.5903,0.1639,4.1531,0.0120,-0.1010,0.9948
34.6888,122.83,-11.7634,35.8556,28.1154,5.8078,0.6639,7.6857,-4.5923,0.1633,4.1518,0.0115,-0.1012,0.9948
34.7088,122.83,-11.8553,35.8589,28.1984,5.8154,0.6387,7.6465,-4.5940,0.1628,4.1505,0.0111,-0.1013,0.9948
34.7288,122.83,-11.9472,35.8621,28.2814,5.8224,0.6144,7.6091,-4.5957,0.1623,4.1492,0.0107,-0.1014,0.9948
34.7488,122.83,-12.0391,35.8654,28.3643,5.8286,0.5908,7.5731,-4.5973,0.1618,4.1480,0.0103,-0.1016,0.9948
34.7688,122.83,-12.1311,35.8686,28.4473,5.8341,0.5680,7.5388,-4.5987,0.1613,4.1468,0.0099,-0.1016,0.9948
34.7888,122.83,-12.2231,35.8718,28.5302,5.8390,0.5459,7.5059,-4.6000,0.1608,4.1455,0.0095,-0.1017,0.9948
34.8088,122.83,-12.3151,35.8750,28.6131,5.8433,0.5247,7.4746,-4.6013,0.1604,4.1443,0.0091,-0.1018,0.9948
34.8288,122.83,-12.4072,35.8782,28.6959,5.8470,0.5042,7.4447,-4.6024,0.1599,4.1431,0.0088,-0.1019,0.9948
34.8488,122.83,-12.4993,35.8814,28.7788,5.8501,0.4844,7.4162,-4.6035,0.1595,4.1419,0.0084,-0.1019,0.9948
34.8688,122.83,-12.5913,35.8846,28.8616,5.8527,0.4655,7.3891,-4.6045,0.1591,4.1407,0.0081,-0.1020,0.9948
34.8888,122.83,-12.6835,35.8878,28.9444,5.8547,0.4473,7.3634,-4.6054,0.1587,4.1395,0.0078,-0.1020,0.9948
34.9088,122.83,-12.7756,35.8909,29.0271,5.8562,0.4299,7.3390,-4.6062,0.1584,4.1382,0.0075,-0.1020,0.9948
34.9288,122.83,-12.8677,35.8941,29.1099,5.8573,0.4132,7.3159,-4.6070,0.1580,4.1370,0.0072,-0.1021,0.9948
34.9488,122.83,-12.9599,35.8973,29.1926,5.8579,0.3973,7.2940,-4.6077,0.1577,4.1358,0.0069,-0.1021,0.9948
34.9688,122.83,-13.0520,35.9004,29.2753,5.8581,0.3821,7.2734,-4.6084,0.1573,4.1346,0.0066,-0.1021,0.9948
34.9888,122.83,-13.1442,35.9036,29.3580,5.8579,0.3677,7.2540,-4.6090,0.1570,4.1334,0.0064,-0.1021,0.9948
35.0088,122.83,-13.2364,35.9067,29.4406,5.8573,0.3540,7.2357,-4.6095,0.1567,4.1322,0.0061,-0.1021,0.9948
35.0288,122.83,-13.3286,35.9098,29.5232,5.8563,0.3411,7.2185,-4.6100,0.1564,4.1310,0.0059,-0.1020,0.9948
35.0488,122.83,-13.4208,35.9129,29.6058,5.8550,0.3289,7.2024,-4.6104,0.1562,4.1298,0.0057,-0.1020,0.9948
35.0688,122.83,-13.5130,35.9161,29.6884,5.8533,0.3173,7.1874,-4.6108,0.1559,4.1285,0.0055,-0.1020,0.9948
35.0888,122.83,-13.6053,35.9192,29.7709,5.8514,0.3065,7.1733,-4.6112,0.1557,4.1273,0.0053,-0.1019,0.9948
35.1088,122.83,-13.6975,35.9223,29.8535,5.8492,0.2964,7.1603,-4.6115,0.1554,4.1261,0.0051,-0.1019,0.9948
35.1288,122.83,-13.7897,35.9254,29.9360,5.8467,0.2870,7.1482,-4.6118,0.1552,4.1248,0.0050,-0.1019,0.9948
35.1488,122.83,-13.8820,35.9285,30.0184,5.8440,0.2782,7.1370,-4.6121,0.1550,4.1236,0.0048,-0.1018,0.9948
35.1688,122.83,-13.9742,35.9316,30.1009,5.8410,0.2701,7.1267,-4.6123,0.1548,4.1223,0.0047,-0.1018,0.9948
35.1888,122.83,-14.0665,35.9347,30.1833,5.8379,0.2626,7.1173,-4.6125,0.1546,4.1210,0.0046,-0.1017,0.9948
35.2088,122.83,-14.1587,35.9378,30.2657,5.8346,0.2558,7.1087,-4.6127,0.1544,4.1197,0.0044,-0.1017,0.9948
35.2288,122.83,-14.2510,35.9408,30.3481,5.8311,0.2496,7.1008,-4.6129,0.1542,4.1184,0.0043,-0.1016,0.9948
35.2488,122.83,-14.3432,35.9439,30.4304,5.8274,0.2440,7.0937,-4.6131,0.1540,4.1171,0.0042,-0.1015,0.9948
35.2688,122.83,-14.4355,35.9470,30.5127,5.8237,0.2391,7.0873,-4.6132,0.1539,4.1158,0.0042,-0.1015,0.9948
35.2888,122.83,-14.5278,35.9501,30.5950,5.8198,0.2347,7.0817,-4.6134,0.1537,4.1145,0.0041,-0.1014,0.9948
35.3088,122.83,-14.6200,35.9531,30.6773,5.8158,0.2308,7.0766,-4.6135,0.1536,4.1132,0.0040,-0.1013,0.9948
35.3288,123.30,-14.7123,35.9562,30.7595,5.8117,0.2276,7.0723,-4.6136,0.1535,4.1118,0.0040,-0.1013,0.9949
35.3488,123.30,-14.8046,35.9593,30.8417,5.8076,0.2249,7.0685,-4.6137,0.1533,4.1105,0.0039,-0.1012,0.9949
35.3688,123.30,-14.8969,35.9623,30.9239,5.8034,0.2227,7.0652,-4.6138,0.1532,4.1091,0.0039,-0.1011,0.9949
35.3888,123.30,-14.9891,35.9654,31.0061,5.7992,0.2210,7.0626,-4.6139,0.1531,4.1078,0.0038,-0.1010,0.9949
35.4088,123.30,-15.0814,35.9685,31.0882,5.7950,0.2199,7.0604,-4.6140,0.1530,4.1064,0.0038,-0.1010,0.9949
35.4288,123.30,-15.1737,35.9715,31.1703,5.7907,0.2192,7.0587,-4.6141,0.1529,4.1050,0.0038,-0.1009,0.9949
35.4488,123.30,-15.2660,35.9746,31.2524,5.7864,0.2190,7.0575,-4.6142,0.1528,4.1036,0.0038,-0.1008,0.9949
35.4688,123.30,-15.3583,35.9776,31.3344,5.7822,0.2193,7.0567,-4.6143,0.1527,4.1022,0.0038,-0.1007,0.9949
35.4888,123.30,-15.4506,35.9807,31.4164,5.7780,0.2200,7.0564,-4.6144,0.1527,4.1008,0.0038,-0.1007,0.9949
35.5088,123.30,-15.5429,35.9837,31.4984,5.7738,0.2211,7.0564,-4.6145,0.1526,4.0994,0.0038,-0.1006,0.9949
35.5288,123.30,-15.6351,35.9868,31.5804,5.7697,0.2227,7.0567,-4.6146,0.1525,4.0980,0.0039,-0.1005,0.9949
35.5488,123.30,-15.7274,35.9898,31.6623,5.7656,0.2246,7.0574,-4.6148,0.1525,4.0965,0.0039,-0.1005,0.9949
35.5688,123.30,-15.8197,35.9929,31.7442,5.7616,0.2270,7.0585,-4.6149,0.1524,4.0951,0.0039,-0.1004,0.9949
35.5888,123.30,-15.9120,35.9959,31.8261,5.7577,0.2297,7.0598,-4.6150,0.1524,4.0937,0.0040,-0.1003,0.9949
35.6088,123.30,-16.0043,35.9990,31.9079,5.7539,0.2328,7.0614,-4.6152,0.1523,4.0922,0.0040,-0.1003,0.9950
35.6288,123.30,-16.0966,36.0020,31.9897,5.7502,0.2362,7.0632,-4.6153,0.1523,4.0908,0.0041,-0.1002,0.9950
35.6488,123.30,-16.1890,36.0051,32.0715,5.7466,0.2399,7.0652,-4.6155,0.1522,4.0893,0.0042,-0.1001,0.9950
35.6688,123.30,-16.2813,36.0081,32.1533,5.7430,0.2440,7.0675,-4.6157,0.1522,4.0878,0.0042,-0.1001,0.9950
35.6888,123.30,-16.3736,36.0112,32.2350,5.7397,0.2483,7.0699,-4.6158,0.1522,4.0864,0.0043,-0.1000,0.9950
35.7088,123.30,-16.4659,36.0142,32.3167,5.7364,0.2530,7.0725,-4.6160,0.1522,4.0849,0.0044,-0.1000,0.9950
35.7288,123.30,-16.5582,36.0173,32.3984,5.7333,0.2579,7.0753,-4.6162,0.1521,4.0835,0.0045,-0.0999,0.9950
35.7488,123.30,-16.6506,36.0203,32.4800,5.7303,0.2631,7.0782,-4.6164,0.1521,4.0820,0.0046,-0.0998,0.9950
35.7688,123.30,-16.7429,36.0233,32.5616,5.7275,0.2685,7.0812,-4.6167,0.1521,4.0805,0.0047,-0.0998,0.9950
35.7888,123.30,-16.8352,36.0264,32.6432,5.7248,0.2741,7.0843,-4.6169,0.1521,4.0791,0.0048,-0.0998,0.9950
35.8088,123.30,-16.9276,36.0294,32.7247,5.7223,0.2800,7.0875,-4.6171,0.1521,4.0776,0.0049,-0.0997,0.9950
35.8288,123.30,-17.0199,36.0325,32.8063,5.7199,0.2861,7.0907,-4.6174,0.1521,4.0761,0.0050,-0.0997,0.9950
35.8488,123.30,-17.1123,36.0355,32.8878,5.7177,0.2923,7.0940,-4.6177,0.1521,4.0747,0.0051,-0.0996,0.9950
35.8688,123.30,-17.2046,36.0385,32.9692,5.7157,0.2988,7.0974,-4.6179,0.1521,4.0732,0.0052,-0.0996,0.9950
35.8888,123.30,-17.2970,36.0416,33.0507,5.7139,0.3054,7.1008,-4.6182,0.1521,4.0718,0.0053,-0.0996,0.9950
35.9088,123.30,-17.3894,36.0446,33.1321,5.7122,0.3121,7.1042,-4.6185,0.1521,4.0703,0.0054,-0.0995,0.9950
35.9288,123.30,-17.4817,36.0477,33.2134,5.7107,0.3190,7.1076,-4.6188,0.1521,4.0689,0.0055,-0.0995,0.9950
35.9488,123.30,-17.5741,36.0507,33.2948,5.7094,0.3260,7.1110,-4.6191,0.1521,4.0675,0.0057,-0.0995,0.9950
35.9688,123.30,-17.6665,36.0537,33.3761,5.7083,0.3332,7.1143,-4.6195,0.1521,4.0660,0.0058,-0.0995,0.9950
35.9888,123.30,-17.7589,36.0568,33.4574,5.7073,0.3404,7.1177,-4.6198,0.1521,4.0646,0.0059,-0.0994,0.9950
36.0088,123.30,-17.8513,36.0598,33.5387,5.7066,0.3477,7.1210,-4.6202,0.1521,4.0632,0.0060,-0.0994,0.9950
36.0288,123.30,-17.9437,36.0629,33.6199,5.7060,0.3551,7.1242,-4.6205,0.1522,4.0618,0.0062,-0.0994,0.9950
36.0488,123.30,-18.0361,36.0659,33.7011,5.7056,0.3626,7.1274,-4.6209,0.1522,4.0604,0.0063,-0.0994,0.9950
36.0688,123.30,-18.1286,36.0690,33.7823,5.7055,0.3702,7.1306,-4.6213,0.1522,4.0590,0.0064,-0.0994,0.9950
36.0888,123.30,-18.2210,36.0720,33.8635,5.7054,0.3778,7.1337,-4.6216,0.1522,4.0576,0.0066,-0.0994,0.9950
36.1088,123.30,-18.3134,36.0751,33.9446,5.7056,0.3854,7.1366,-4.6220,0.1522,4.0562,0.0067,-0.0994,0.9950
36.1288,123.30,-18.4059,36.0781,34.0257,5.7060,0.3931,7.1395,-4.6224,0.1523,4.0549,0.0068,-0.0994,0.9950
36.1488,123.30,-18.4984,36.0811,34.1067,5.7066,0.4008,7.1424,-4.6228,0.1523,4.0535,0.0070,-0.0994,0.9950
36.1688,123.30,-18.5908,36.0842,34.1878,5.7073,0.4085,7.1451,-4.6232,0.1523,4.0522,0.0071,-0.0994,0.9950
36.1888,123.30,-18.6833,36.0872,34.2688,5.7082,0.4162,7.1477,-4.6237,0.1524,4.0509,0.0072,-0.0995,0.9950
36.2088,123.30,-18.7758,36.0903,34.3498,5.7093,0.4239,7.1502,-4.6241,0.1524,4.0496,0.0074,-0.0995,0.9950
36.2288,123.30,-18.8683,36.0933,34.4308,5.7106,0.4316,7.1526,-4.6245,0.1524,4.0483,0.0075,-0.0995,0.9950
36.2488,123.30,-18.9608,36.0964,34.5117,5.7121,0.4392,7.1549,-4.6249,0.1524,4.0470,0.0076,-0.0995,0.9950
36.2688,123.30,-19.0533,36.0994,34.5926,5.7137,0.4469,7.1570,-4.6254,0.1525,4.0457,0.0078,-0.0996,0.9950
36.2888,123.30,-19.1458,36.1025,34.6735,5.7155,0.4544,7.1591,-4.6258,0.1525,4.0445,0.0079,-0.0996,0.9950
36.3088,123.30,-19.2383,36.1055,34.7544,5.7175,0.4620,7.1610,-4.6262,0.1525,4.0433,0.0080,-0.0996,0.9950
36.3288,119.78,-19.3308,36.1086,34.8352,5.7197,0.4695,7.1628,-4.6267,0.1526,4.0420,0.0082,-0.0997,0.9950
36.3488,119.78,-19.4234,36.1116,34.9160,5.7220,0.4769,7.1645,-4.6271,0.1526,4.0408,0.0083,-0.0997,0.9950
36.3688,119.78,-19.5159,36.1147,34.9968,5.7244,0.4843,7.1660,-4.6276,0.1526,4.0397,0.0084,-0.0997,0.9950
36.3888,119.78,-19.6085,36.1177,35.0776,5.7271,0.4916,7.1674,-4.6280,0.1526,4.0385,0.0085,-0.0998,0.9950
36.4088,119.78,-19.7011,36.1208,35.1583,5.7299,0.4988,7.1687,-4.6285,0.1527,4.0374,0.0087,-0.0998,0.9950
36.4288,119.78,-19.7936,36.1238,35.2391,5.7328,0.5059,7.1698,-4.6289,0.1527,4.0362,0.0088,-0.0999,0.9950
36.4488,119.78,-19.8862,36.1269,35.3198,5.7359,0.5130,7.1708,-4.6294,0.1527,4.0351,0.0089,-0.0999,0.9950
36.4688,119.78,-19.9788,36.1300,35.4004,5.7391,0.5199,7.1717,-4.6298,0.1528,4.0340,0.0090,-0.1000,0.9949
36.4888,119.78,-20.0714,36.1330,35.4811,5.7424,0.5268,7.1725,-4.6303,0.1528,4.0330,0.0091,-0.1001,0.9949
36.5088,119.78,-20.1640,36.1361,35.5617,5.7459,0.5335,7.1731,-4.6307,0.1528,4.0319,0.0093,-0.1001,0.9949
36.5288,119.78,-20.2567,36.1391,35.6424,5.7496,0.5401,7.1736,-4.6311,0.1529,4.0309,0.0094,-0.1002,0.9949
36.5488,119.78,-20.3493,36.1422,35.7230,5.7533,0.5467,7.1739,-4.6316,0.1529,4.0299,0.0095,-0.1002,0.9949
36.5688,119.78,-20.4419,36.1452,35.8035,5.7572,0.5531,7.1742,-4.6320,0.1529,4.0289,0.0096,-0.1003,0.9949
36.5888,119.78,-20.5346,36.1483,35.8841,5.7611,0.5593,7.1743,-4.6324,0.1529,4.0279,0.0097,-0.1004,0.9949
36.6088,119.78,-20.6272,36.1514,35.9646,5.7652,0.5655,7.1743,-4.6329,0.1530,4.0270,0.0098,-0.1005,0.9949
36.6288,119.78,-20.7199,36.1544,36.0451,5.7694,0.5715,7.1741,-4.6333,0.1530,4.0261,0.0099,-0.1005,0.9949
36.6488,119.78,-20.8126,36.1575,36.1256,5.7737,0.5774,7.1739,-4.6337,0.1530,4.0252,0.0100,-0.1006,0.9949
36.6688,119.78,-20.9053,36.1605,36.2061,5.7781,0.5832,7.1735,-4.6341,0.1530,4.0243,0.0101,-0.1007,0.9949
36.6888,119.78,-20.9980,36.1636,36.2866,5.7826,0.5888,7.1730,-4.6345,0.1531,4.0234,0.0102,-0.1008,0.9949
36.7088,119.78,-21.0907,36.1667,36.3671,5.7871,0.5943,7.1724,-4.6349,0.1531,4.0226,0.0103,-0.1008,0.9948
36.7288,119.78,-21.1834,36.1697,36.4475,5.7918,0.5997,7.1717,-4.6353,0.1531,4.0218,0.0104,-0.1009,0.9948
36.7488,119.78,-21.2761,36.1728,36.5279,5.7965,0.6049,7.1708,-4.6357,0.1531,4.0210,0.0105,-0.1010,0.9948
36.7688,119.78,-21.3688,36.1759,36.6083,5.8013,0.6100,7.1699,-4.6361,0.1532,4.0202,0.0106,-0.1011,0.9948
36.7888,119.78,-21.4615,36.1789,36.6887,5.8062,0.6149,7.1689,-4.6365,0.1532,4.0195,0.0107,-0.1012,0.9948
36.8088,119.78,-21.5543,36.1820,36.7691,5.8111,0.6197,7.1677,-4.6368,0.1532,4.0188,0.0108,-0.1012,0.9948
36.8288,119.78,-21.6470,36.1850,36.8494,5.8160,0.6244,7.1665,-4.6372,0.1532,4.0181,0.0108,-0.1013,0.9948
36.8488,119.78,-21.7398,36.1881,36.9298,5.8211,0.6289,7.1652,-4.6375,0.1532,4.0174,0.0109,-0.1014,0.9948
36.8688,119.78,-21.8325,36.1912,37.0101,5.8261,0.6332,7.1638,-4.6379,0.1533,4.0167,0.0110,-0.1015,0.9948
36.8888,119.78,-21.9253,36.1942,37.0905,5.8313,0.6374,7.1623,-4.6382,0.1533,4.0161,0.0111,-0.1016,0.9948
36.9088,119.78,-22.0181,36.1973,37.1708,5.8364,0.6415,7.1608,-4.6385,0.1533,4.0155,0.0111,-0.1017,0.9948
36.9288,119.78,-22.1108,36.2004,37.2511,5.8416,0.6454,7.1591,-4.6389,0.1533,4.0149,0.0112,-0.1018,0.9947
36.9488,119.78,-22.2036,36.2034,37.3313,5.8468,0.6492,7.1574,-4.6392,0.1533,4.0143,0.0113,-0.1019,0.9947
36.9688,119.78,-22.2964,36.2065,37.4116,5.8520,0.6528,7.1556,-4.6395,0.1533,4.0138,0.0113,-0.1020,0.9947
36.9888,119.78,-22.3892,36.2096,37.4919,5.8572,0.6562,7.1537,-4.6398,0.1533,4.0132,0.0114,-0.1021,0.9947
37.0088,119.78,-22.4820,36.2126,37.5721,5.8625,0.6596,7.1518,-4.6400,0.1533,4.0127,0.0115,-0.1021,0.9947
37.0288,119.78,-22.5748,36.2157,37.6524,5.8678,0.6627,7.1499,-4.6403,0.1534,4.0122,0.0115,-0.1022,0.9947
37.0488,119.78,-22.6676,36.2188,37.7326,5.8730,0.6658,7.1478,-4.6406,0.1534,4.0118,0.0116,-0.1023,0.9947
37.0688,119.78,-22.7604,36.2218,37.8128,5.8783,0.6687,7.1457,-4.6408,0.1534,4.0113,0.0116,-0.1024,0.9947
37.0888,119.78,-22.8533,36.2249,37.8931,5.8836,0.6714,7.1436,-4.6411,0.1534,4.0109,0.0117,-0.1025,0.9947
37.1088,119.78,-22.9461,36.2280,37.9733,5.8888,0.6740,7.1414,-4.6413,0.1534,4.0105,0.0117,-0.1026,0.9947
37.1288,119.78,-23.0389,36.2310,38.0535,5.8940,0.6765,7.1392,-4.6415,0.1534,4.0101,0.0117,-0.1027,0.9946
37.1488,119.78,-23.1317,36.2341,38.1337,5.8992,0.6789,7.1370,-4.6417,0.1534,4.0098,0.0118,-0.1028,0.9946
37.1688,119.78,-23.2246,36.2372,38.2139,5.9044,0.6811,7.1347,-4.6419,0.1534,4.0094,0.0118,-0.1029,0.9946
37.1888,119.78,-23.3174,36.2403,38.2940,5.9096,0.6831,7.1324,-4.6421,0.1534,4.0091,0.0119,-0.1030,0.9946
37.2088,119.78,-23.4103,36.2433,38.3742,5.9148,0.6851,7.1301,-4.6423,0.1534,4.0088,0.0119,-0.1030,0.9946
37.2288,119.78,-23.5031,36.2464,38.4544,5.9199,0.6869,7.1277,-4.6425,0.1534,4.0086,0.0119,-0.1031,0.9946
37.2488,119.78,-23.5960,36.2495,38.5346,5.9249,0.6886,7.1253,-4.6427,0.1534,4.0083,0.0120,-0.1032,0.9946
37.2688,119.78,-23.6888,36.2525,38.6147,5.9300,0.6901,7.1230,-4.6428,0.1534,4.0080,0.0120,-0.1033,0.9946
37.2888,119.78,-23.7817,36.2556,38.6949,5.9349,0.6916,7.1206,-4.6430,0.1534,4.0078,0.0120,-0.1034,0.9946
37.3088,119.78,-23.8746,36.2587,38.7750,5.9399,0.6929,7.1182,-4.6431,0.1534,4.0076,0.0120,-0.1035,0.9946
37.3288,123.14,-23.9674,36.2617,38.8552,5.9448,0.6941,7.1157,-4.6432,0.1533,4.0074,0.0120,-0.1036,0.9945
37.3488,123.14,-24.0603,36.2648,38.9353,5.9496,0.6952,7.1133,-4.6433,0.1533,4.0073,0.0121,-0.1037,0.9945
37.3688,123.14,-24.1532,36.2679,39.0155,5.9544,0.6961,7.1109,-4.6434,0.1533,4.0071,0.0121,-0.1037,0.9945
37.3888,123.14,-24.2460,36.2709,39.0956,5.9591,0.6970,7.1085,-4.6435,0.1533,4.0070,0.0121,-0.1038,0.9945
37.4088,123.14,-24.3389,36.2740,39.1757,5.9637,0.6978,7.1061,-4.6436,0.1533,4.0068,0.0121,-0.1039,0.9945
37.4288,123.14,-24.4318,36.2771,39.2559,5.9683,0.6984,7.1037,-4.6437,0.1533,4.0067,0.0121,-0.1040,0.9945
37.4488,123.14,-24.5246,36.2801,39.3360,5.9728,0.6990,7.1014,-4.6438,0.1533,4.0067,0.0121,-0.1041,0.9945
37.4688,123.14,-24.6175,36.2832,39.4161,5.9773,0.6994,7.0990,-4.6438,0.1533,4.0066,0.0121,-0.1041,0.9945
37.4888,123.14,-24.7104,36.2863,39.4963,5.9817,0.6998,7.0967,-4.6439,0.1532,4.0065,0.0121,-0.1042,0.9945
37.5088,123.14,-24.8033,36.2893,39.5764,5.9860,0.7000,7.0944,-4.6439,0.1532,4.0065,0.0122,-0.1043,0.9945
37.5288,123.14,-24.8962,36.2924,39.6565,5.9902,0.7002,7.0921,-4.6440,0.1532,4.0065,0.0122,-0.1044,0.9945
37.5488,123.14,-24.9890,36.2954,39.7367,5.9943,0.7003,7.0898,-4.6440,0.1532,4.0064,0.0122,-0.1044,0.9945
37.5688,123.14,-25.0819,36.2985,39.8168,5.9984,0.7003,7.0876,-4.6440,0.1532,4.0064,0.0122,-0.1045,0.9945
37.5888,123.14,-25.1748,36.3016,39.8969,6.0024,0.7002,7.0854,-4.6440,0.1531,4.0064,0.0122,-0.1046,0.9944
37.6088,123.14,-25.2677,36.3046,39.9770,6.0063,0.7001,7.0832,-4.6440,0.1531,4.0065,0.0122,-0.1046,0.9944
37.6288,123.14,-25.3606,36.3077,40.0572,6.0101,0.6998,7.0811,-4.6440,0.1531,4.0065,0.0121,-0.1047,0.9944
37.6488,123.14,-25.4534,36.3108,40.1373,6.0139,0.6995,7.0790,-4.6440,0.1531,4.0066,0.0121,-0.1048,0.9944
37.6688,123.14,-25.5463,36.3138,40.2174,6.0175,0.6991,7.0769,-4.6440,0.1531,4.0066,0.0121,-0.1048,0.9944
37.6888,123.14,-25.6392,36.3169,40.2976,6.0210,0.6987,7.0749,-4.6440,0.1530,4.0067,0.0121,-0.1049,0.9944
37.7088,123.14,-25.7321,36.3199,40.3777,6.0245,0.6982,7.0729,-4.6439,0.1530,4.0068,0.0121,-0.1050,0.9944
37.7288,123.14,-25.8250,36.3230,40.4578,6.0279,0.6976,7.0710,-4.6439,0.1530,4.0069,0.0121,-0.1050,0.9944
37.7488,123.14,-25.9178,36.3261,40.5380,6.0312,0.6970,7.0691,-4.6439,0.1529,4.0070,0.0121,-0.1051,0.9944
37.7688,123.14,-26.0107,36.3291,40.6181,6.0344,0.6963,7.0673,-4.6438,0.1529,4.0071,0.0121,-0.1051,0.9944
37.7888,123.14,-26.1036,36.3322,40.6983,6.0375,0.6956,7.0655,-4.6438,0.1529,4.0072,0.0121,-0.1052,0.9944
37.8088,123.14,-26.1965,36.3352,40.7784,6.0405,0.6948,7.0638,-4.6437,0.1529,4.0073,0.0121,-0.1052,0.9944
37.8288,123.14,-26.2893,36.3383,40.8586,6.0434,0.6939,7.0621,-4.6436,0.1528,4.0075,0.0120,-0.1053,0.9944
37.8488,123.14,-26.3822,36.3413,40.9387,6.0462,0.6931,7.0604,-4.6436,0.1528,4.0076,0.0120,-0.1053,0.9944
37.8688,123.14,-26.4751,36.3444,41.0189,6.0489,0.6921,7.0588,-4.6435,0.1528,4.0078,0.0120,-0.1054,0.9944
37.8888,123.14,-26.5679,36.3475,41.0990,6.0515,0.6912,7.0573,-4.6434,0.1527,4.0079,0.0120,-0.1054,0.9944
37.9088,123.14,-26.6608,36.3505,41.1792,6.0541,0.6902,7.0558,-4.6433,0.1527,4.0081,0.0120,-0.1055,0.9944
37.9288,123.14,-26.7537,36.3536,41.2594,6.0565,0.6892,7.0544,-4.6432,0.1527,4.0083,0.0120,-0.1055,0.9943
37.9488,123.14,-26.8465,36.3566,41.3395,6.0589,0.6881,7.0530,-4.6431,0.1526,4.0085,0.0119,-0.1056,0.9943
37.9688,123.14,-26.9394,36.3597,41.4197,6.0611,0.6870,7.0517,-4.6430,0.1526,4.0086,0.0119,-0.1056,0.9943
37.9888,123.14,-27.0323,36.3627,41.4999,6.0633,0.6859,7.0504,-4.6429,0.1526,4.0088,0.0119,-0.1056,0.9943
38.0088,123.14,-27.1251,36.3658,41.5801,6.0653,0.6848,7.0492,-4.6428,0.1525,4.0090,0.0119,-0.1057,0.9943
38.0288,123.14,-27.2180,36.3688,41.6602,6.0673,0.6836,7.0481,-4.6427,0.1525,4.0092,0.0119,-0.1057,0.9943
38.0488,123.14,-27.3108,36.3719,41.7404,6.0692,0.6825,7.0470,-4.6426,0.1524,4.0094,0.0118,-0.1057,0.9943
38.0688,123.14,-27.4037,36.3749,41.8206,6.0710,0.6813,7.0459,-4.6425,0.1524,4.0097,0.0118,-0.1058,0.9943
38.0888,123.14,-27.4965,36.3780,41.9008,6.0727,0.6801,7.0449,-4.6424,0.1524,4.0099,0.0118,-0.1058,0.9943
38.1088,123.14,-27.5894,36.3810,41.9810,6.0743,0.6789,7.0440,-4.6423,0.1523,4.0101,0.0118,-0.1058,0.9943
38.1288,123.14,-27.6822,36.3840,42.0612,6.0758,0.6776,7.0431,-4.6421,0.1523,4.0103,0.0118,-0.1058,0.9943
38.1488,123.14,-27.7750,36.3871,42.1414,6.0772,0.6764,7.0423,-4.6420,0.1523,4.0105,0.0117,-0.1059,0.9943
38.1688,123.14,-27.8679,36.3901,42.2217,6.0786,0.6752,7.0416,-4.6419,0.1522,4.0108,0.0117,-0.1059,0.9943
38.1888,123.14,-27.9607,36.3932,42.3019,6.0798,0.6739,7.0408,-4.6418,0.1522,4.0110,0.0117,-0.1059,0.9943
38.2088,123.14,-28.0536,36.3962,42.3821,6.0810,0.6727,7.0402,-4.6417,0.1521,4.0112,0.0117,-0.1059,0.9943
38.2288,123.14,-28.1464,36.3993,42.4623,6.0821,0.6714,7.0396,-4.6415,0.1521,4.0115,0.0117,-0.1060,0.9943
38.2488,123.14,-28.2392,36.4023,42.5426,6.0831,0.6702,7.0390,-4.6414,0.1521,4.0117,0.0116,-0.1060,0.9943
38.2688,123.14,-28.3320,36.4053,42.6228,6.0840,0.6690,7.0385,-4.6413,0.1520,4.0119,0.0116,-0.1060,0.9943
38.2888,123.14,-28.4249,36.4084,42.7030,6.0848,0.6677,7.0381,-4.6411,0.1520,4.0122,0.0116,-0.1060,0.9943
38.3088,123.14,-28.5177,36.4114,42.7833,6.0856,0.6665,7.0377,-4.6410,0.1519,4.0124,0.0116,-0.1060,0.9943
38.3288,123.14,-28.6105,36.4145,42.8635,6.0863,0.6653,7.0374,-4.6409,0.1519,4.0127,0.0115,-0.1060,0.9943
38.3488,123.55,-28.7033,36.4175,42.9438,6.0869,0.6641,7.0371,-4.6408,0.1519,4.0129,0.0115,-0.1060,0.9943
38.3688,123.55,-28.7961,36.4205,43.0241,6.0874,0.6629,7.0368,-4.6406,0.1518,4.0131,0.0115,-0.1060,0.9943
38.3888,123.55,-28.8889,36.4236,43.1043,6.0879,0.6617,7.0366,-4.6405,0.1518,4.0134,0.0115,-0.1061,0.9943
38.4088,123.55,-28.9817,36.4266,43.1846,6.0883,0.6605,7.0365,-4.6404,0.1517,4.0136,0.0115,-0.1061,0.9943
38.4288,123.55,-29.0746,36.4296,43.2649,6.0886,0.6594,7.0364,-4.6402,0.1517,4.0139,0.0114,-0.1061,0.9943
38.4488,123.55,-29.1674,36.4327,43.3452,6.0889,0.6583,7.0363,-4.6401,0.1517,4.0141,0.0114,-0.1061,0.9943
38.4688,123.55,-29.2602,36.4357,43.4255,6.0891,0.6571,7.0363,-4.6400,0.1516,4.0143,0.0114,-0.1061,0.9943
38.4888,123.55,-29.3530,36.4387,43.5057,6.0892,0.6560,7.0363,-4.6399,0.1516,4.0146,0.0114,-0.1061,0.9943
38.5088,123.55,-29.4457,36.4418,43.5860,6.0892,0.6550,7.0364,-4.6397,0.1515,4.0148,0.0114,-0.1061,0.9943
38.5288,123.55,-29.5385,36.4448,43.6663,6.0892,0.6539,7.0365,-4.6396,0.1515,4.0150,0.0113,-0.1061,0.9943
38.5488,123.55,-29.6313,36.4478,43.7466,6.0892,0.6529,7.0367,-4.6395,0.1515,4.0153,0.0113,-0.1061,0.9943
38.5688,123.55,-29.7241,36.4509,43.8270,6.0890,0.6518,7.0368,-4.6394,0.1514,4.0155,0.0113,-0.1061,0.9943
38.5888,123.55,-29.8169,36.4539,43.9073,6.0889,0.6508,7.0371,-4.6393,0.1514,4.0157,0.0113,-0.1061,0.9943
38.6088,123.55,-29.9097,36.4569,43.9876,6.0886,0.6499,7.0373,-4.6392,0.1513,4.0159,0.0113,-0.1061,0.9943
38.6288,123.55,-30.0025,36.4599,44.0679,6.0883,0.6489,7.0376,-4.6390,0.1513,4.0161,0.0113,-0.1061,0.9943
38.6488,123.55,-30.0952,36.4630,44.1482,6.0880,0.6480,7.0379,-4.6389,0.1513,4.0164,0.0112,-0.1061,0.9943
38.6688,123.55,-30.1880,36.4660,44.2286,6.0876,0.6471,7.0383,-4.6388,0.1512,4.0166,0.0112,-0.1060,0.9943
38.6888,123.55,-30.2808,36.4690,44.3089,6.0872,0.6463,7.0387,-4.6387,0.1512,4.0168,0.0112,-0.1060,0.9943
38.7088,123.55,-30.3736,36.4720,44.3892,6.0867,0.6454,7.0391,-4.6386,0.1512,4.0170,0.0112,-0.1060,0.9943
38.7288,123.55,-30.4663,36.4751,44.4696,6.0862,0.6446,7.0396,-4.6385,0.1511,4.0172,0.0112,-0.1060,0.9943
38.7488,123.55,-30.5591,36.4781,44.5499,6.0856,0.6438,7.0400,-4.6384,0.1511,4.0174,0.0112,-0.1060,0.9943
38.7688,123.55,-30.6519,36.4811,44.6303,6.0850,0.6431,7.0405,-4.6383,0.1510,4.0176,0.0112,-0.1060,0.9943
38.7888,123.55,-30.7446,36.4841,44.7106,6.0844,0.6423,7.0411,-4.6382,0.1510,4.0178,0.0111,-0.1060,0.9943
38.8088,123.55,-30.8374,36.4871,44.7910,6.0837,0.6416,7.0416,-4.6381,0.1510,4.0180,0.0111,-0.1060,0.9943
38.8288,123.55,-30.9302,36.4902,44.8714,6.0830,0.6409,7.0422,-4.6380,0.1509,4.0182,0.0111,-0.1060,0.9943
38.8488,123.55,-31.0229,36.4932,44.9517,6.0822,0.6403,7.0428,-4.6380,0.1509,4.0183,0.0111,-0.1060,0.9943
38.8688,123.55,-31.1157,36.4962,45.0321,6.0814,0.6397,7.0434,-4.6379,0.1509,4.0185,0.0111,-0.1059,0.9943
38.8888,123.55,-31.2084,36.4992,45.1125,6.0806,0.6391,7.0440,-4.6378,0.1508,4.0187,0.0111,-0.1059,0.9943
38.9088,123.55,-31.3012,36.5022,45.1929,6.0798,0.6385,7.0446,-4.6377,0.1508,4.0189,0.0111,-0.1059,0.9943
38.9288,123.55,-31.3939,36.5052,45.2732,6.0789,0.6380,7.0453,-4.6376,0.1508,4.0190,0.0111,-0.1059,0.9943
38.9488,123.55,-31.4867,36.5082,45.3536,6.0780,0.6375,7.0460,-4.6376,0.1507,4.0192,0.0111,-0.1059,0.9943
38.9688,123.55,-31.5794,36.5113,45.4340,6.0771,0.6370,7.0466,-4.6375,0.1507,4.0194,0.0111,-0.1059,0.9943
38.9888,123.55,-31.6722,36.5143,45.5144,6.0761,0.6366,7.0473,-4.6374,0.1507,4.0195,0.0110,-0.1058,0.9943
39.0088,123.55,-31.7649,36.5173,45.5948,6.0752,0.6362,7.0481,-4.6374,0.1506,4.0197,0.0110,-0.1058,0.9943
39.0288,123.55,-31.8577,36.5203,45.6752,6.0742,0.6358,7.0488,-4.6373,0.1506,4.0198,0.0110,-0.1058,0.9943
39.0488,123.55,-31.9504,36.5233,45.7556,6.0732,0.6354,7.0495,-4.6373,0.1506,4.0199,0.0110,-0.1058,0.9943
39.0688,123.55,-32.0432,36.5263,45.8360,6.0722,0.6351,7.0502,-4.6372,0.1505,4.0201,0.0110,-0.1058,0.9943
39.0888,123.55,-32.1359,36.5293,45.9164,6.0711,0.6348,7.0510,-4.6372,0.1505,4.0202,0.0110,-0.1058,0.9943
39.1088,123.55,-32.2287,36.5323,45.9968,6.0701,0.6345,7.0517,-4.6371,0.1505,4.0203,0.0110,-0.1057,0.9943
39.1288,123.55,-32.3214,36.5354,46.0772,6.0691,0.6343,7.0525,-4.6371,0.1504,4.0205,0.0110,-0.1057,0.9943
39.1488,123.55,-32.4141,36.5384,46.1576,6.0680,0.6340,7.0532,-4.6370,0.1504,4.0206,0.0110,-0.1057,0.9943
39.1688,123.55,-32.5069,36.5414,46.2380,6.0669,0.6338,7.0540,-4.6370,0.1504,4.0207,0.0110,-0.1057,0.9943
39.1888,123.55,-32.5996,36.5444,46.3185,6.0659,0.6337,7.0547,-4.6369,0.1504,4.0208,0.0110,-0.1057,0.9943
39.2088,123.55,-32.6924,36.5474,46.3989,6.0648,0.6335,7.0555,-4.6369,0.1503,4.0209,0.0110,-0.1057,0.9943
39.2288,123.55,-32.7851,36.5504,46.4793,6.0637,0.6334,7.0562,-4.6369,0.1503,4.0210,0.0110,-0.1056,0.9943
39.2488,123.55,-32.8778,36.5534,46.5597,6.0626,0.6333,7.0570,-4.6369,0.1503,4.0211,0.0110,-0.1056,0.9943
39.2688,123.55,-32.9706,36.5564,46.6401,6.0615,0.6332,7.0577,-4.6368,0.1502,4.0212,0.0110,-0.1056,0.9943
39.2888,123.55,-33.0633,36.5594,46.7206,6.0604,0.6331,7.0585,-4.6368,0.1502,4.0213,0.0110,-0.1056,0.9944
39.3088,123.55,-33.1560,36.5624,46.8010,6.0593,0.6331,7.0592,-4.6368,0.1502,4.0214,0.0110,-0.1056,0.9944
39.3288,123.55,-33.2488,36.5654,46.8814,6.0582,0.6331,7.0599,-4.6368,0.1502,4.0215,0.0110,-0.1055,0.9944
39.3488,121.31,-33.3415,36.5684,46.9619,6.0571,0.6331,7.0607,-4.6368,0.1501,4.0216,0.0110,-0.1055,0.9944
39.3688,121.31,-33.4342,36.5714,47.0423,6.0561,0.6331,7.0614,-4.6367,0.1501,4.0216,0.0110,-0.1055,0.9944
39.3888,121.31,-33.5270,36.5744,47.1227,6.0550,0.6332,7.0621,-4.6367,0.1501,4.0217,0.0110,-0.1055,0.9944
39.4088,121.31,-33.6197,36.5774,47.2032,6.0539,0.6333,7.0628,-4.6367,0.1501,4.0218,0.0110,-0.1055,0.9944
39.4288,121.31,-33.7124,36.5804,47.2836,6.0528,0.6334,7.0635,-4.6367,0.1501,4.0218,0.0110,-0.1054,0.9944
39.4488,121.31,-33.8052,36.5834,47.3640,6.0518,0.6335,7.0642,-4.6367,0.1500,4.0219,0.0110,-0.1054,0.9944
39.4688,121.31,-33.8979,36.5864,47.4445,6.0507,0.6336,7.0648,-4.6367,0.1500,4.0219,0.0110,-0.1054,0.9944
39.4888,121.31,-33.9907,36.5894,47.5249,6.0497,0.6337,7.0655,-4.6367,0.1500,4.0220,0.0110,-0.1054,0.9944
39.5088,121.31,-34.0834,36.5924,47.6054,6.0486,0.6339,7.0662,-4.6367,0.1500,4.0220,0.0110,-0.1054,0.9944
39.5288,121.31,-34.1761,36.5954,47.6858,6.0476,0.6341,7.0668,-4.6367,0.1499,4.0221,0.0110,-0.1054,0.9944
39.5488,121.31,-34.2689,36.5984,47.7662,6.0466,0.6343,7.0674,-4.6367,0.1499,4.0221,0.0110,-0.1053,0.9944
39.5688,121.31,-34.3616,36.6014,47.8467,6.0456,0.6345,7.0680,-4.6368,0.1499,4.0221,0.0110,-0.1053,0.9944
39.5888,121.31,-34.4543,36.6044,47.9271,6.0446,0.6347,7.0686,-4.6368,0.1499,4.0222,0.0110,-0.1053,0.9944
39.6088,121.31,-34.5471,36.6074,48.0076,6.0437,0.6349,7.0692,-4.6368,0.1499,4.0222,0.0110,-0.1053,0.9944
39.6288,121.31,-34.6398,36.6104,48.0880,6.0427,0.6352,7.0698,-4.6368,0.1499,4.0222,0.0110,-0.1053,0.9944
39.6488,121.31,-34.7325,36.6134,48.1685,6.0418,0.6354,7.0704,-4.6368,0.1498,4.0223,0.0110,-0.1053,0.9944
39.6688,121.31,-34.8253,36.6164,48.2489,6.0409,0.6357,7.0709,-4.6368,0.1498,4.0223,0.0110,-0.1052,0.9944
39.6888,121.31,-34.9180,36.6194,48.3293,6.0399,0.6360,7.0714,-4.6369,0.1498,4.0223,0.0110,-0.1052,0.9944
39.7088,121.31,-35.0108,36.6224,48.4098,6.0391,0.6363,7.0719,-4.6369,0.1498,4.0223,0.0110,-0.1052,0.9944
39.7288,121.31,-35.1035,36.6254,48.4902,6.0382,0.6366,7.0724,-4.6369,0.1498,4.0223,0.0110,-0.1052,0.9944
39.7488,121.31,-35.1962,36.6284,48.5707,6.0373,0.6369,7.0729,-4.6369,0.1498,4.0223,0.0111,-0.1052,0.9944
39.7688,121.31,-35.2890,36.6314,48.6511,6.0365,0.6372,7.0734,-4.6370,0.1497,4.0223,0.0111,-0.1052,0.9944
39.7888,121.31,-35.3817,36.6344,48.7316,6.0357,0.6375,7.0738,-4.6370,0.1497,4.0223,0.0111,-0.1051,0.9944
39.8088,121.31,-35.4744,36.6374,48.8120,6.0349,0.6378,7.0743,-4.6370,0.1497,4.0223,0.0111,-0.1051,0.9944
39.8288,121.31,-35.5672,36.6404,48.8925,6.0341,0.6382,7.0747,-4.6371,0.1497,4.0223,0.0111,-0.1051,0.9944
39.8488,121.31,-35.6599,36.6433,48.9729,6.0333,0.6385,7.0751,-4.6371,0.1497,4.0223,0.0111,-0.1051,0.9944
39.8688,121.31,-35.7527,36.6463,49.0534,6.0325,0.6389,7.0755,-4.6371,0.1497,4.0223,0.0111,-0.1051,0.9944
39.8888,121.31,-35.8454,36.6493,49.1338,6.0318,0.6392,7.0758,-4.6372,0.1497,4.0223,0.0111,-0.1051,0.9944
39.9088,121.31,-35.9382,36.6523,49.2143,6.0311,0.6396,7.0762,-4.6372,0.1497,4.0223,0.0111,-0.1051,0.9944
39.9288,121.31,-36.0309,36.6553,49.2947,6.0304,0.6400,7.0765,-4.6372,0.1496,4.0223,0.0111,-0.1051,0.9944
39.9488,121.31,-36.1237,36.6583,49.3752,6.0298,0.6403,7.0768,-4.6373,0.1496,4.0223,0.0111,-0.1050,0.9944
39.9688,121.31,-36.2164,36.6613,49.4556,6.0291,0.6407,7.0771,-4.6373,0.1496,4.0223,0.0111,-0.1050,0.9944
39.9888,121.31,-36.3091,36.6643,49.5360,6.0285,0.6411,7.0774,-4.6373,0.1496,4.0222,0.0111,-0.1050,0.9944
40.0088,121.31,-36.4019,36.6673,49.6165,6.0279,0.6414,7.0777,-4.6374,0.1496,4.0222,0.0111,-0.1050,0.9944
40.0288,121.31,-36.4949,36.6712,49.6970,6.0346,0.6461,7.0556,-4.6481,0.1966,4.0256,0.0112,-0.1051,0.9944
40.0488,121.31,-36.5880,36.6758,49.7777,6.0117,0.6448,7.0023,-4.6584,0.2278,4.0355,0.0112,-0.1047,0.9944
40.0688,121.31,-36.6814,36.6812,49.8586,5.9608,0.6382,6.9211,-4.6692,0.2713,4.0461,0.0111,-0.1038,0.9945
40.0888,121.31,-36.7750,36.6874,49.9397,5.8819,0.6263,6.8117,-4.6790,0.3084,4.0558,0.0109,-0.1025,0.9947
40.1088,121.31,-36.8687,36.6944,50.0210,5.7766,0.6099,6.6763,-4.6883,0.3490,4.0651,0.0106,-0.1006,0.9949
40.1288,121.31,-36.9627,36.7021,50.1025,5.6458,0.5892,6.5159,-4.6965,0.3867,4.0735,0.0102,-0.0984,0.9951
40.1488,121.31,-37.0568,36.7106,50.1841,5.4910,0.5650,6.3321,-4.7038,0.4257,4.0812,0.0098,-0.0957,0.9954
40.1688,121.31,-37.1510,36.7199,50.2659,5.3130,0.5376,6.1260,-4.7100,0.4632,4.0878,0.0093,-0.0926,0.9957
40.1888,121.31,-37.2453,36.7299,50.3478,5.1132,0.5076,5.8991,-4.7152,0.5011,4.0934,0.0088,-0.0891,0.9960
40.2088,121.31,-37.3396,36.7407,50.4297,4.8924,0.4756,5.6525,-4.7191,0.5379,4.0979,0.0083,-0.0853,0.9963
40.2288,121.31,-37.4341,36.7522,50.5118,4.6518,0.4419,5.3874,-4.7219,0.5748,4.1013,0.0077,-0.0811,0.9967
40.2488,121.31,-37.5285,36.7644,50.5938,4.3923,0.4071,5.1049,-4.7233,0.6109,4.1034,0.0071,-0.0766,0.9970
40.2688,121.31,-37.6230,36.7773,50.6759,4.1148,0.3717,4.8061,-4.7234,0.6468,4.1043,0.0065,-0.0718,0.9974
40.2888,121.31,-37.7175,36.7910,50.7580,3.8205,0.3361,4.4919,-4.7221,0.6821,4.1039,0.0059,-0.0666,0.9978
40.3088,121.31,-37.8118,36.8053,50.8400,3.5100,0.3006,4.1634,-4.7194,0.7170,4.1020,0.0052,-0.0612,0.9981
40.3288,121.31,-37.9062,36.8204,50.9220,3.1843,0.2659,3.8214,-4.7153,0.7511,4.0988,0.0046,-0.0555,0.9984
40.3488,122.42,-38.0003,36.8361,51.0039,2.8445,0.2321,3.4671,-4.7096,0.7844,4.0940,0.0040,-0.0496,0.9988
40.3688,122.42,-38.0944,36.8524,51.0856,2.4914,0.1998,3.1012,-4.7023,0.8168,4.0877,0.0035,-0.0435,0.9990
40.3888,122.42,-38.1883,36.8694,51.1672,2.1262,0.1692,2.7249,-4.6935,0.8482,4.0799,0.0030,-0.0371,0.9993
40.4088,122.42,-38.2819,36.8870,51.2486,1.7496,0.1406,2.3389,-4.6830,0.8786,4.0704,0.0025,-0.0305,0.9995
40.4288,122.42,-38.3753,36.9051,51.3298,1.3627,0.1145,1.9442,-4.6710,0.9080,4.0594,0.0020,-0.0238,0.9997
40.4488,122.42,-38.4685,36.9239,51.4108,0.9663,0.0909,1.5415,-4.6573,0.9362,4.0467,0.0016,-0.0169,0.9999
40.4688,122.42,-38.5613,36.9431,51.4914,0.5615,0.0701,1.1318,-4.6420,0.9633,4.0325,0.0012,-0.0098,1.0000
40.4888,122.42,-38.6538,36.9629,51.5717,0.1491,0.0524,0.7158,-4.6251,0.9892,4.0166,0.0009,-0.0026,1.0000
40.5088,122.42,-38.7460,36.9832,51.6517,359.7299,0.0379,0.2942,-4.6066,1.0140,3.9991,0.0007,0.0047,1.0000
40.5288,122.42,-38.8377,37.0040,51.7313,359.3049,0.0267,359.8678,-4.5864,1.0375,3.9800,0.0005,0.0121,0.9999
40.5488,122.42,-38.9290,37.0252,51.8105,358.8748,0.0190,359.4373,-4.5647,1.0597,3.9593,0.0003,0.0196,0.9998
40.5688,122.42,-39.0198,37.0468,51.8893,358.4406,0.0147,359.0033,-4.5414,1.0806,3.9370,0.0003,0.0272,0.9996
40.5888,122.42,-39.1102,37.0688,51.9675,358.0029,0.0141,358.5665,-4.5165,1.1003,3.9131,0.0002,0.0348,0.9994
40.6088,122.42,-39.2000,37.0912,52.0453,357.5626,0.0170,358.1275,-4.4901,1.1186,3.8877,0.0003,0.0425,0.9991
40.6288,122.42,-39.2892,37.1140,52.1225,357.1205,0.0235,357.6869,-4.4622,1.1356,3.8607,0.0004,0.0502,0.9987
40.6488,122.42,-39.3779,37.1370,52.1991,356.6772,0.0335,357.2453,-4.4327,1.1513,3.8322,0.0006,0.0580,0.9983
40.6688,122.42,-39.4659,37.1603,52.2752,356.2334,0.0471,356.8033,-4.4019,1.1657,3.8023,0.0008,0.0657,0.9978
40.6888,122.42,-39.5533,37.1839,52.3506,355.7899,0.0641,356.3615,-4.3696,1.1786,3.7709,0.0011,0.0734,0.9973
40.7088,122.42,-39.6400,37.2077,52.4254,355.3474,0.0844,355.9202,-4.3358,1.1903,3.7381,0.0015,0.0811,0.9967
40.7288,122.42,-39.7260,37.2318,52.4994,354.9063,0.1079,355.4801,-4.3008,1.2006,3.7039,0.0019,0.0888,0.9960
40.7488,122.42,-39.8113,37.2560,52.5728,354.4673,0.1346,355.0417,-4.2643,1.2097,3.6684,0.0023,0.0964,0.9953
40.7688,122.42,-39.8958,37.2803,52.6454,354.0311,0.1641,354.6053,-4.2266,1.2174,3.6316,0.0028,0.1040,0.9946
40.7888,122.42,-39.9796,37.3048,52.7173,353.5980,0.1964,354.1715,-4.1877,1.2237,3.5934,0.0034,0.1115,0.9938
40.8088,122.42,-40.0625,37.3294,52.7884,353.1687,0.2313,353.7408,-4.1474,1.2289,3.5540,0.0040,0.1189,0.9929
40.8288,122.42,-40.1446,37.3541,52.8586,352.7437,0.2686,353.3134,-4.1060,1.2327,3.5135,0.0047,0.1263,0.9920
40.8488,122.42,-40.2259,37.3788,52.9281,352.3234,0.3081,352.8899,-4.0635,1.2353,3.4717,0.0053,0.1336,0.9910
40.8688,122.42,-40.3063,37.4036,52.9966,351.9082,0.3496,352.4706,-4.0198,1.2366,3.4288,0.0060,0.1408,0.9900
40.8888,122.42,-40.3858,37.4283,53.0643,351.4985,0.3928,352.0560,-3.9750,1.2368,3.3848,0.0068,0.1478,0.9890
40.9088,122.42,-40.4644,37.4530,53.1311,351.0948,0.4375,351.6464,-3.9292,1.2358,3.3398,0.0075,0.1548,0.9879
40.9288,122.42,-40.5420,37.4777,53.1970,350.6974,0.4835,351.2422,-3.8824,1.2336,3.2937,0.0083,0.1616,0.9868
40.9488,122.42,-40.6187,37.5023,53.2619,350.3066,0.5306,350.8436,-3.8346,1.2303,3.2467,0.0091,0.1684,0.9857
40.9688,122.42,-40.6944,37.5269,53.3259,349.9227,0.5784,350.4511,-3.7859,1.2258,3.1987,0.0099,0.1750,0.9845
40.9888,122.42,-40.7692,37.5513,53.3889,349.5460,0.6268,350.0649,-3.7362,1.2204,3.1498,0.0108,0.1814,0.9833
41.0088,122.42,-40.8429,37.5756,53.4509,349.1768,0.6755,349.6855,-3.6857,1.2138,3.1000,0.0116,0.1878,0.9821
41.0288,122.42,-40.9156,37.5997,53.5119,348.8153,0.7243,349.3129,-3.6344,1.2063,3.0494,0.0124,0.1940,0.9809
41.0488,122.42,-40.9872,37.6237,53.5718,348.4618,0.7728,348.9476,-3.5822,1.1977,2.9980,0.0132,0.2000,0.9797
41.0688,122.42,-41.0578,37.6474,53.6308,348.1163,0.8209,348.5898,-3.5293,1.1883,2.9459,0.0140,0.2059,0.9785
41.0888,122.42,-41.1273,37.6710,53.6886,347.7791,0.8683,348.2397,-3.4757,1.1779,2.8930,0.0148,0.2117,0.9772
41.1088,122.42,-41.1957,37.6943,53.7454,347.4504,0.9148,347.8976,-3.4214,1.1666,2.8394,0.0156,0.2173,0.9760
41.1288,122.42,-41.2631,37.7174,53.8011,347.1303,0.9601,347.5637,-3.3664,1.1545,2.7852,0.0163,0.2227,0.9747
41.1488,122.42,-41.3293,37.7403,53.8557,346.8189,1.0040,347.2383,-3.3108,1.1415,2.7304,0.0171,0.2280,0.9735
41.1688,122.42,-41.3944,37.7628,53.9092,346.5164,1.0463,346.9214,-3.2545,1.1278,2.6749,0.0178,0.2332,0.9723
41.1888,122.42,-41.4583,37.7851,53.9616,346.2227,1.0868,346.6133,-3.1978,1.1133,2.6190,0.0184,0.2381,0.9711
41.2088,122.42,-41.5211,37.8071,54.0128,345.9380,1.1252,346.3143,-3.1404,1.0981,2.5624,0.0190,0.2430,0.9698
41.2288,122.42,-41.5828,37.8287,54.0629,345.6623,1.1614,346.0243,-3.0826,1.0822,2.5054,0.0196,0.2476,0.9687
41.2488,122.42,-41.6433,37.8501,54.1119,345.3958,1.1952,345.7436,-3.0243,1.0657,2.4480,0.0202,0.2521,0.9675
41.2688,122.42,-41.7026,37.8710,54.1597,345.1383,1.2263,345.4723,-2.9655,1.0486,2.3901,0.0207,0.2565,0.9663
41.2888,122.42,-41.7607,37.8917,54.2063,344.8900,1.2547,345.2105,-2.9063,1.0309,2.3318,0.0211,0.2607,0.9652
41.3088,122.42,-41.8176,37.9119,54.2518,344.6509,1.2801,344.9583,-2.8467,1.0126,2.2732,0.0215,0.2647,0.9641
41.3288,122.42,-41.8734,37.9318,54.2961,344.4210,1.3025,344.7159,-2.7867,0.9939,2.2142,0.0219,0.2686,0.9630
41.3488,116.45,-41.9279,37.9513,54.3392,344.2002,1.3216,344.4832,-2.7264,0.9746,2.1549,0.0222,0.2723,0.9620
41.3688,116.45,-41.9812,37.9704,54.3811,343.9886,1.3374,344.2603,-2.6658,0.9549,2.0953,0.0224,0.2758,0.9609
41.3888,116.45,-42.0333,37.9891,54.4218,343.7861,1.3497,344.0472,-2.6049,0.9348,2.0355,0.0226,0.2792,0.9600
41.4088,116.45,-42.0842,38.0074,54.4613,343.5927,1.3584,343.8441,-2.5437,0.9143,1.9755,0.0227,0.2825,0.9590
41.4288,116.45,-42.1338,38.0253,54.4996,343.4084,1.3635,343.6509,-2.4822,0.8935,1.9152,0.0228,0.2855,0.9581
41.4488,116.45,-42.1822,38.0427,54.5367,343.2331,1.3649,343.4677,-2.4206,0.8723,1.8548,0.0228,0.2885,0.9572
41.4688,116.45,-42.2294,38.0597,54.5726,343.0669,1.3624,343.2943,-2.3587,0.8508,1.7942,0.0227,0.2913,0.9564
41.4888,116.45,-42.2753,38.0763,54.6073,342.9095,1.3561,343.1309,-2.2967,0.8291,1.7336,0.0226,0.2939,0.9556
41.5088,116.45,-42.3200,38.0924,54.6407,342.7611,1.3459,342.9774,-2.2345,0.8072,1.6728,0.0224,0.2964,0.9548
41.5288,116.45,-42.3635,38.1081,54.6729,342.6215,1.3318,342.8336,-2.1722,0.7850,1.6119,0.0222,0.2987,0.9541
41.5488,116.45,-42.4057,38.1234,54.7040,342.4907,1.3138,342.6997,-2.1098,0.7627,1.5510,0.0219,0.3009,0.9534
41.5688,116.45,-42.4466,38.1382,54.7338,342.3686,1.2918,342.5755,-2.0473,0.7402,1.4901,0.0215,0.3029,0.9528
41.5888,116.45,-42.4863,38.1526,54.7623,342.2551,1.2659,342.4610,-1.9847,0.7176,1.4292,0.0210,0.3048,0.9522
41.6088,116.45,-42.5247,38.1665,54.7897,342.1502,1.2361,342.3560,-1.9221,0.6950,1.3683,0.0205,0.3065,0.9516
41.6288,116.45,-42.5619,38.1799,54.8159,342.0538,1.2024,342.2604,-1.8594,0.6722,1.3075,0.0200,0.3081,0.9511
41.6488,116.45,-42.5979,38.1929,54.8408,341.9659,1.1649,342.1742,-1.7967,0.6494,1.2467,0.0193,0.3096,0.9507
41.6688,116.45,-42.6325,38.2054,54.8645,341.8862,1.1236,342.0973,-1.7341,0.6266,1.1860,0.0186,0.3109,0.9503
41.6888,116.45,-42.6660,38.2175,54.8870,341.8149,1.0787,342.0295,-1.6715,0.6038,1.1255,0.0179,0.3121,0.9499
41.7088,116.45,-42.6982,38.2291,54.9083,341.7517,1.0301,341.9707,-1.6089,0.5810,1.0650,0.0171,0.3131,0.9496
41.7288,116.45,-42.7291,38.2403,54.9284,341.6966,0.9779,341.9207,-1.5464,0.5583,1.0048,0.0162,0.3140,0.9493
41.7488,116.45,-42.7588,38.2510,54.9473,341.6495,0.9223,341.8795,-1.4840,0.5356,0.9447,0.0153,0.3148,0.9490
41.7688,116.45,-42.7872,38.2613,54.9650,341.6104,0.8634,341.8468,-1.4217,0.5130,0.8848,0.0143,0.3155,0.9488
41.7888,116.45,-42.8144,38.2711,54.9815,341.5791,0.8013,341.8226,-1.3595,0.4906,0.8251,0.0133,0.3160,0.9487
41.8088,116.45,-42.8403,38.2804,54.9968,341.5556,0.7361,341.8065,-1.2974,0.4683,0.7656,0.0122,0.3164,0.9486
41.8288,116.45,-42.8650,38.2894,55.0110,341.5397,0.6679,341.7986,-1.2355,0.4461,0.7064,0.0111,0.3166,0.9485
41.8488,116.45,-42.8885,38.2978,55.0239,341.5313,0.5968,341.7986,-1.1738,0.4241,0.6475,0.0099,0.3168,0.9484
41.8688,116.45,-42.9108,38.3059,55.0357,341.5305,0.5232,341.8064,-1.1123,0.4023,0.5889,0.0087,0.3168,0.9485
41.8888,116.45,-42.9318,38.3135,55.0463,341.5370,0.4469,341.8217,-1.0510,0.3806,0.5306,0.0074,0.3167,0.9485
41.9088,116.45,-42.9516,38.3207,55.0558,341.5507,0.3683,341.8444,-0.9898,0.3592,0.4726,0.0061,0.3165,0.9486
41.9288,116.45,-42.9702,38.3274,55.0641,341.5716,0.2875,341.8742,-0.9290,0.3381,0.4150,0.0048,0.3161,0.9487
41.9488,116.45,-42.9875,38.3338,55.0712,341.5996,0.2046,341.9112,-0.8684,0.3172,0.3577,0.0034,0.3157,0.9489
41.9688,116.45,-43.0037,38.3397,55.0772,341.6345,0.1199,341.9549,-0.8080,0.2965,0.3008,0.0020,0.3151,0.9491
41.9888,116.45,-43.0186,38.3452,55.0821,341.6763,0.0334,342.0053,-0.7480,0.2761,0.2443,0.0006,0.3144,0.9493
42.0088,116.45,-43.0324,38.3504,55.0859,341.7248,359.9454,342.0622,-0.6882,0.2560,0.1882,-0.0009,0.3136,0.9496
42.0288,116.45,-43.0450,38.3551,55.0885,341.7799,359.8561,342.1253,-0.6288,0.2362,0.1325,-0.0024,0.3127,0.9499
42.0488,116.45,-43.0564,38.3594,55.0901,341.8415,359.7656,342.1946,-0.5696,0.2167,0.0772,-0.0039,0.3116,0.9502
42.0688,116.45,-43.0666,38.3634,55.0905,341.9095,359.6741,342.2697,-0.5109,0.1976,0.0225,-0.0054,0.3105,0.9506
42.0888,116.45,-43.0756,38.3669,55.0899,341.9837,359.5818,342.3506,-0.4525,0.1787,-0.0319,-0.0069,0.3093,0.9509
42.1088,116.45,-43.0835,38.3702,55.0882,342.0641,359.4888,342.4371,-0.3944,0.1602,-0.0857,-0.0085,0.3080,0.9514
42.1288,116.45,-43.0903,38.3730,55.0854,342.1505,359.3954,342.5289,-0.3368,0.1421,-0.1390,-0.0100,0.3065,0.9518
42.1488,116.45,-43.0959,38.3755,55.0816,342.2428,359.3017,342.6259,-0.2795,0.1243,-0.1918,-0.0116,0.3050,0.9523
42.1688,116.45,-43.1003,38.3776,55.0767,342.3408,359.2079,342.7279,-0.2227,0.1068,-0.2441,-0.0132,0.3034,0.9528
42.1888,116.45,-43.1036,38.3794,55.0708,342.4445,359.1142,342.8348,-0.1663,0.0897,-0.2959,-0.0147,0.3016,0.9533
42.2088,116.45,-43.1058,38.3809,55.0638,342.5536,359.0206,342.9463,-0.1103,0.0730,-0.3471,-0.0163,0.2998,0.9539
42.2288,116.45,-43.1069,38.3820,55.0559,342.6681,358.9275,343.0624,-0.0548,0.0567,-0.3977,-0.0179,0.2979,0.9544
42.2488,116.45,-43.1069,38.3828,55.0469,342.7878,358.8350,343.1828,0.0002,0.0407,-0.4478,-0.0194,0.2959,0.9550
42.2688,116.45,-43.1058,38.3833,55.0370,342.9125,358.7431,343.3074,0.0547,0.0252,-0.4973,-0.0210,0.2938,0.9556
42.2888,116.45,-43.1037,38.3835,55.0260,343.0422,358.6522,343.4360,0.1087,0.0100,-0.5462,-0.0225,0.2917,0.9563
42.3088,116.45,-43.1004,38.3834,55.0141,343.1766,358.5622,343.5685,0.1622,-0.0048,-0.5944,-0.0240,0.2894,0.9569
42.3288,116.45,-43.0961,38.3831,55.0013,343.3157,358.4735,343.7048,0.2152,-0.0192,-0.6420,-0.0255,0.2871,0.9576
42.3488,116.45,-43.0908,38.3824,54.9875,343.4592,358.3860,343.8446,0.2676,-0.0332,-0.6890,-0.0270,0.2847,0.9582
42.3688,120.16,-43.0844,38.3815,54.9728,343.6071,358.3000,343.9879,0.3195,-0.0468,-0.7353,-0.0285,0.2822,0.9589
42.3888,120.16,-43.0770,38.3803,54.9572,343.7591,358.2155,344.1344,0.3708,-0.0600,-0.7810,-0.0299,0.2797,0.9596
42.4088,120.16,-43.0685,38.3788,54.9407,343.9151,358.1327,344.2841,0.4215,-0.0728,-0.8260,-0.0313,0.2771,0.9603
42.4288,120.16,-43.0591,38.3771,54.9233,344.0750,358.0517,344.4369,0.4715,-0.0852,-0.8704,-0.0327,0.2744,0.9611
42.4488,120.16,-43.0487,38.3752,54.9050,344.2385,357.9726,344.5925,0.5210,-0.0972,-0.9140,-0.0340,0.2716,0.9618
42.4688,120.16,-43.0373,38.3730,54.8859,344.4056,357.8954,344.7509,0.5698,-0.1088,-0.9570,-0.0354,0.2688,0.9625
42.4888,120.16,-43.0249,38.3706,54.8659,344.5760,357.8204,344.9120,0.6180,-0.1200,-0.9992,-0.0367,0.2660,0.9633
42.5088,120.16,-43.0116,38.3680,54.8451,344.7497,357.7476,345.0755,0.6656,-0.1309,-1.0408,-0.0379,0.2630,0.9640
42.5288,120.16,-42.9974,38.3651,54.8234,344.9265,357.6770,345.2415,0.7124,-0.1413,-1.0816,-0.0391,0.2601,0.9648
42.5488,120.16,-42.9822,38.3621,54.8010,345.1061,357.6087,345.4097,0.7586,-0.1514,-1.1217,-0.0403,0.2570,0.9656
42.5688,120.16,-42.9661,38.3589,54.7778,345.2885,357.5428,345.5802,0.8041,-0.1611,-1.1611,-0.0415,0.2540,0.9663
42.5888,120.16,-42.9491,38.3555,54.7538,345.4734,357.4794,345.7527,0.8489,-0.1704,-1.1998,-0.0426,0.2508,0.9671
42.6088,120.16,-42.9313,38.3519,54.7290,345.6608,357.4185,345.9271,0.8930,-0.1793,-1.2377,-0.0436,0.2477,0.9679
42.6288,120.16,-42.9125,38.3482,54.7035,345.8504,357.3601,346.1034,0.9364,-0.1879,-1.2749,-0.0447,0.2445,0.9686
42.6488,120.16,-42.8930,38.3442,54.6773,346.0422,357.3043,346.2814,0.9790,-0.1961,-1.3114,-0.0456,0.2412,0.9694
42.6688,120.16,-42.8725,38.3402,54.6503,346.2359,357.2512,346.4611,1.0209,-0.2040,-1.3471,-0.0466,0.2379,0.9702
42.6888,120.16,-42.8513,38.3359,54.6227,346.4315,357.2006,346.6424,1.0621,-0.2115,-1.3821,-0.0475,0.2346,0.9709
42.7088,120.16,-42.8292,38.3316,54.5944,346.6286,357.1528,346.8250,1.1025,-0.2187,-1.4163,-0.0483,0.2313,0.9717
42.7288,120.16,-42.8064,38.3271,54.5654,346.8274,357.1076,347.0091,1.1422,-0.2255,-1.4498,-0.0491,0.2279,0.9724
42.7488,120.16,-42.7828,38.3224,54.5357,347.0274,357.0651,347.1944,1.1811,-0.2320,-1.4826,-0.0499,0.2245,0.9732
42.7688,120.16,-42.7584,38.3177,54.5054,347.2288,357.0253,347.3809,1.2193,-0.2382,-1.5146,-0.0506,0.2211,0.9739
42.7888,120.16,-42.7333,38.3128,54.4745,347.4311,356.9882,347.5685,1.2566,-0.2440,-1.5459,-0.0513,0.2176,0.9747
42.8088,120.16,-42.7074,38.3078,54.4430,347.6345,356.9537,347.7570,1.2932,-0.2495,-1.5764,-0.0519,0.2141,0.9754
42.8288,120.16,-42.6808,38.3027,54.4109,347.8387,356.9220,347.9465,1.3291,-0.2548,-1.6062,-0.0525,0.2107,0.9761
42.8488,120.16,-42.6535,38.2975,54.3782,348.0435,356.8929,348.1368,1.3641,-0.2597,-1.6353,-0.0530,0.2072,0.9769
42.8688,120.16,-42.6256,38.2922,54.3449,348.2489,356.8664,348.3278,1.3983,-0.2644,-1.6636,-0.0535,0.2037,0.9776
42.8888,120.16,-42.5969,38.2868,54.3111,348.4547,356.8426,348.5195,1.4318,-0.2687,-1.6912,-0.0540,0.2001,0.9783
42.9088,120.16,-42.5676,38.2814,54.2767,348.6608,356.8213,348.7118,1.4645,-0.2728,-1.7180,-0.0544,0.1966,0.9790
42.9288,120.16,-42.5377,38.2759,54.2418,348.8672,356.8026,348.9046,1.4963,-0.2766,-1.7441,-0.0547,0.1931,0.9797
42.9488,120.16,-42.5072,38.2703,54.2064,349.0735,356.7864,349.0978,1.5274,-0.2802,-1.7695,-0.0550,0.1895,0.9803
42.9688,120.16,-42.4760,38.2646,54.1705,349.2799,356.7727,349.2913,1.5577,-0.2835,-1.7942,-0.0553,0.1860,0.9810
42.9888,120.16,-42.4443,38.2589,54.1342,349.4861,356.7615,349.4851,1.5872,-0.2866,-1.8181,-0.0555,0.1825,0.9816
43.0088,120.16,-42.4119,38.2531,54.0974,349.6920,356.7526,349.6791,1.6159,-0.2894,-1.8413,-0.0557,0.1789,0.9823
43.0288,120.16,-42.3791,38.2472,54.0601,349.8976,356.7462,349.8732,1.6438,-0.2920,-1.8639,-0.0559,0.1754,0.9829
43.0488,120.16,-42.3456,38.2414,54.0224,350.1027,356.7420,350.0673,1.6709,-0.2944,-1.8857,-0.0560,0.1719,0.9835
43.0688,120.16,-42.3117,38.2354,53.9842,350.3073,356.7401,350.2614,1.6972,-0.2965,-1.9068,-0.0561,0.1684,0.9841
43.0888,120.16,-42.2772,38.2295,53.9457,350.5112,356.7404,350.4554,1.7228,-0.2985,-1.9272,-0.0561,0.1649,0.9847
43.1088,120.16,-42.2423,38.2235,53.9067,350.7144,356.7429,350.6492,1.7475,-0.3002,-1.9469,-0.0561,0.1614,0.9853
43.1288,120.16,-42.2069,38.2174,53.8674,350.9167,356.7474,350.8428,1.7715,-0.3018,-1.9659,-0.0560,0.1579,0.9859
43.1488,120.16,-42.1710,38.2114,53.8277,351.1182,356.7541,351.0360,1.7946,-0.3031,-1.9843,-0.0559,0.1544,0.9864
43.1688,120.16,-42.1346,38.2053,53.7877,351.3187,356.7627,351.2289,1.8170,-0.3043,-2.0020,-0.0558,0.1509,0.9870
43.1888,120.16,-42.0979,38.1992,53.7473,351.5181,356.7733,351.4213,1.8387,-0.3053,-2.0190,-0.0557,0.1475,0.9875
43.2088,120.16,-42.0607,38.1931,53.7066,351.7164,356.7857,351.6132,1.8595,-0.3062,-2.0353,-0.0555,0.1441,0.9880
43.2288,120.16,-42.0231,38.1869,53.6656,351.9135,356.8000,351.8045,1.8796,-0.3068,-2.0510,-0.0553,0.1407,0.9885
43.2488,120.16,-41.9851,38.1808,53.6243,352.1093,356.8160,351.9951,1.8990,-0.3074,-2.0661,-0.0550,0.1373,0.9890
43.2688,120.16,-41.9467,38.1746,53.5827,352.3038,356.8338,352.1851,1.9176,-0.3078,-2.0805,-0.0547,0.1339,0.9895
43.2888,120.16,-41.9080,38.1685,53.5408,352.4969,356.8532,352.3743,1.9354,-0.3080,-2.0942,-0.0544,0.1306,0.9899
43.3088,120.16,-41.8690,38.1623,53.4986,352.6886,356.8743,352.5626,1.9525,-0.3081,-2.1074,-0.0541,0.1273,0.9904
43.3288,120.16,-41.8296,38.1562,53.4562,352.8787,356.8968,352.7501,1.9688,-0.3081,-2.1199,-0.0537,0.1240,0.9908
43.3488,120.16,-41.7899,38.1500,53.4136,353.0674,356.9209,352.9365,1.9845,-0.3080,-2.1318,-0.0533,0.1207,0.9913
43.3688,124.08,-41.7499,38.1438,53.3707,353.2544,356.9463,353.1220,1.9994,-0.3078,-2.1430,-0.0529,0.1175,0.9917
43.3888,124.08,-41.7097,38.1377,53.3277,353.4397,356.9731,353.3065,2.0136,-0.3074,-2.1537,-0.0525,0.1142,0.9921
43.4088,124.08,-41.6691,38.1316,53.2844,353.6234,357.0013,353.4897,2.0271,-0.3070,-2.1638,-0.0520,0.1111,0.9925
43.4288,124.08,-41.6283,38.1254,53.2409,353.8054,357.0306,353.6719,2.0399,-0.3064,-2.1733,-0.0515,0.1079,0.9928
43.4488,124.08,-41.5873,38.1193,53.1973,353.9855,357.0612,353.8528,2.0520,-0.3058,-2.1822,-0.0510,0.1048,0.9932
43.4688,124.08,-41.5460,38.1132,53.1535,354.1639,357.0929,354.0324,2.0634,-0.3051,-2.1906,-0.0505,0.1017,0.9935
43.4888,124.08,-41.5045,38.1071,53.1095,354.3405,357.1257,354.2108,2.0741,-0.3043,-2.1984,-0.0499,0.0986,0.9939
43.5088,124.08,-41.4628,38.1011,53.0654,354.5151,357.1595,354.3877,2.0842,-0.3034,-2.2056,-0.0493,0.0956,0.9942
43.5288,124.08,-41.4210,38.0950,53.0211,354.6879,357.1943,354.5632,2.0936,-0.3024,-2.2123,-0.0487,0.0926,0.9945
43.5488,124.08,-41.3789,38.0890,52.9768,354.8588,357.2300,354.7373,2.1023,-0.3014,-2.2184,-0.0481,0.0896,0.9948
43.5688,124.08,-41.3367,38.0830,52.9323,355.0277,357.2665,354.9099,2.1105,-0.3003,-2.2241,-0.0475,0.0867,0.9951
43.5888,124.08,-41.2944,38.0770,52.8877,355.1946,357.3040,355.0809,2.1179,-0.2992,-2.2291,-0.0469,0.0838,0.9954
43.6088,124.08,-41.2519,38.0711,52.8430,355.3596,357.3421,355.2503,2.1248,-0.2980,-2.2337,-0.0462,0.0809,0.9956
43.6288,124.08,-41.2092,38.0651,52.7983,355.5225,357.3810,355.4182,2.1311,-0.2968,-2.2378,-0.0456,0.0781,0.9959
43.6488,124.08,-41.1665,38.0592,52.7534,355.6834,357.4205,355.5843,2.1367,-0.2955,-2.2413,-0.0449,0.0753,0.9962
43.6688,124.08,-41.1237,38.0533,52.7086,355.8423,357.4606,355.7487,2.1417,-0.2942,-2.2444,-0.0442,0.0725,0.9964
43.6888,124.08,-41.0808,38.0475,52.6636,355.9991,357.5013,355.9115,2.1462,-0.2928,-2.2470,-0.0435,0.0698,0.9966
43.7088,124.08,-41.0378,38.0416,52.6186,356.1538,357.5426,356.0724,2.1501,-0.2915,-2.2491,-0.0428,0.0671,0.9968
43.7288,124.08,-40.9947,38.0358,52.5736,356.3065,357.5843,356.2316,2.1534,-0.2900,-2.2507,-0.0421,0.0644,0.9970
43.7488,124.08,-40.9516,38.0301,52.5286,356.4571,357.6264,356.3890,2.1562,-0.2886,-2.2519,-0.0413,0.0618,0.9972
43.7688,124.08,-40.9084,38.0243,52.4835,356.6056,357.6690,356.5445,2.1584,-0.2871,-2.2526,-0.0406,0.0592,0.9974
43.7888,124.08,-40.8652,38.0186,52.4385,356.7520,357.7119,356.6981,2.1601,-0.2856,-2.2529,-0.0399,0.0567,0.9976
43.8088,124.08,-40.8220,38.0129,52.3934,356.8962,357.7551,356.8498,2.1612,-0.2841,-2.2527,-0.0391,0.0541,0.9978
43.8288,124.08,-40.7787,38.0073,52.3484,357.0384,357.7985,356.9996,2.1619,-0.2826,-2.2521,-0.0384,0.0517,0.9979
43.8488,124.08,-40.7355,38.0017,52.3033,357.1785,357.8422,357.1474,2.1620,-0.2811,-2.2511,-0.0376,0.0492,0.9981
43.8688,124.08,-40.6923,37.9961,52.2584,357.3164,357.8861,357.2932,2.1617,-0.2795,-2.2497,-0.0368,0.0468,0.9982
43.8888,124.08,-40.6490,37.9905,52.2134,357.4522,357.9301,357.4371,2.1608,-0.2780,-2.2478,-0.0361,0.0445,0.9984
43.9088,124.08,-40.6059,37.9850,52.1685,357.5859,357.9742,357.5790,2.1595,-0.2764,-2.2456,-0.0353,0.0421,0.9985
43.9288,124.08,-40.5627,37.9795,52.1236,357.7176,358.0185,357.7188,2.1577,-0.2749,-2.2430,-0.0346,0.0398,0.9986
43.9488,124.08,-40.5196,37.9740,52.0788,357.8470,358.0627,357.8566,2.1554,-0.2733,-2.2400,-0.0338,0.0376,0.9987
43.9688,124.08,-40.4765,37.9686,52.0341,357.9744,358.1070,357.9923,2.1527,-0.2718,-2.2366,-0.0330,0.0353,0.9988
43.9888,124.08,-40.4335,37.9632,51.9894,358.0997,358.1512,358.1260,2.1496,-0.2702,-2.2328,-0.0322,0.0332,0.9989
44.0088,124.08,-40.3906,37.9578,51.9449,358.2229,358.1955,358.2576,2.1460,-0.2687,-2.2287,-0.0315,0.0310,0.9990
44.0288,124.08,-40.3478,37.9525,51.9004,358.3440,358.2396,358.3871,2.1421,-0.2671,-2.2242,-0.0307,0.0289,0.9991
44.0488,124.08,-40.3050,37.9472,51.8560,358.4630,358.2836,358.5145,2.1377,-0.2656,-2.2194,-0.0299,0.0268,0.9992
44.0688,124.08,-40.2624,37.9419,51.8117,358.5800,358.3275,358.6398,2.1329,-0.2641,-2.2143,-0.0292,0.0248,0.9993
44.0888,124.08,-40.2198,37.9367,51.7675,358.6949,358.3712,358.7630,2.1277,-0.2626,-2.2088,-0.0284,0.0228,0.9993
44.1088,124.08,-40.1774,37.9314,51.7235,358.8077,358.4146,358.8841,2.1222,-0.2611,-2.2030,-0.0277,0.0208,0.9994
44.1288,124.08,-40.1351,37.9262,51.6795,358.9185,358.4579,359.0031,2.1162,-0.2596,-2.1969,-0.0269,0.0189,0.9995
44.1488,124.08,-40.0929,37.9211,51.6357,359.0272,358.5009,359.1199,2.1100,-0.2581,-2.1905,-0.0262,0.0170,0.9995
44.1688,124.08,-40.0508,37.9160,51.5920,359.1339,358.5437,359.2346,2.1033,-0.2566,-2.1838,-0.0254,0.0151,0.9996
44.1888,124.08,-40.0089,37.9108,51.5485,359.2386,358.5862,359.3472,2.0964,-0.2552,-2.1768,-0.0247,0.0133,0.9996
44.2088,124.08,-39.9671,37.9058,51.5051,359.3413,358.6284,359.4577,2.0891,-0.2538,-2.1695,-0.0239,0.0115,0.9996
44.2288,124.08,-39.9255,37.9007,51.4619,359.4420,358.6702,359.5661,2.0814,-0.2524,-2.1619,-0.0232,0.0097,0.9997
44.2488,124.08,-39.8840,37.8957,51.4188,359.5408,358.7116,359.6723,2.0735,-0.2510,-2.1540,-0.0225,0.0080,0.9997
44.2688,124.08,-39.8427,37.8907,51.3759,359.6375,358.7527,359.7765,2.0653,-0.2496,-2.1459,-0.0218,0.0063,0.9997
44.2888,124.08,-39.8015,37.8858,51.3331,359.7324,358.7934,359.8785,2.0567,-0.2482,-2.1375,-0.0211,0.0047,0.9998
44.3088,124.08,-39.7606,37.8808,51.2906,359.8253,358.8337,359.9784,2.0479,-0.2469,-2.1289,-0.0204,0.0030,0.9998
44.3288,124.08,-39.7198,37.8759,51.2482,359.9163,358.8736,0.0762,2.0388,-0.2456,-2.1200,-0.0197,0.0015,0.9998
44.3488,124.08,-39.6792,37.8710,51.2059,0.0053,358.9130,0.1720,2.0295,-0.2443,-2.1109,-0.0190,-0.0001,0.9998
44.3688,122.04,-39.6388,37.8662,51.1639,0.0925,358.9519,0.2657,2.0198,-0.2430,-2.1016,-0.0183,-0.0016,0.9998
44.3888,122.04,-39.5986,37.8613,51.1221,0.1778,358.9904,0.3573,2.0099,-0.2418,-2.0921,-0.0176,-0.0031,0.9998
44.4088,122.04,-39.5586,37.8565,51.0804,0.2613,359.0284,0.4468,1.9998,-0.2406,-2.0823,-0.0170,-0.0046,0.9998
44.4288,122.04,-39.5188,37.8517,51.0390,0.3429,359.0659,0.5343,1.9895,-0.2394,-2.0723,-0.0163,-0.0060,0.9998
44.4488,122.04,-39.4793,37.8470,50.9977,0.4227,359.1029,0.6198,1.9789,-0.2382,-2.0621,-0.0157,-0.0074,0.9999
44.4688,122.04,-39.4399,37.8422,50.9567,0.5006,359.1393,0.7033,1.9681,-0.2370,-2.0517,-0.0150,-0.0087,0.9998
44.4888,122.04,-39.4008,37.8375,50.9159,0.5768,359.1753,0.7847,1.9571,-0.2359,-2.0411,-0.0144,-0.0101,0.9998
44.5088,122.04,-39.3618,37.8328,50.8753,0.6513,359.2107,0.8642,1.9458,-0.2347,-2.0304,-0.0138,-0.0114,0.9998
44.5288,122.04,-39.3232,37.8281,50.8349,0.7239,359.2455,0.9417,1.9344,-0.2336,-2.0194,-0.0132,-0.0126,0.9998
44.5488,122.04,-39.2847,37.8235,50.7947,0.7948,359.2798,1.0172,1.9228,-0.2326,-2.0083,-0.0126,-0.0139,0.9998
44.5688,122.04,-39.2465,37.8189,50.7548,0.8640,359.3135,1.0908,1.9111,-0.2315,-1.9970,-0.0120,-0.0151,0.9998
44.5888,122.04,-39.2085,37.8143,50.7151,0.9315,359.3466,1.1624,1.8991,-0.2305,-1.9856,-0.0114,-0.0163,0.9998
44.6088,122.04,-39.1708,37.8097,50.6756,0.9973,359.3792,1.2322,1.8870,-0.2295,-1.9740,-0.0108,-0.0174,0.9998
44.6288,122.04,-39.1333,37.8051,50.6363,1.0615,359.4112,1.3000,1.8747,-0.2285,-1.9622,-0.0103,-0.0185,0.9998
44.6488,122.04,-39.0960,37.8005,50.5973,1.1240,359.4426,1.3660,1.8623,-0.2275,-1.9503,-0.0097,-0.0196,0.9998
44.6688,122.04,-39.0590,37.7960,50.5586,1.1848,359.4734,1.4301,1.8497,-0.2265,-1.9383,-0.0092,-0.0207,0.9997
44.6888,122.04,-39.0223,37.7915,50.5201,1.2441,359.5035,1.4924,1.8370,-0.2256,-1.9261,-0.0087,-0.0217,0.9997
44.7088,122.04,-38.9858,37.7870,50.4818,1.3017,359.5331,1.5529,1.8241,-0.2247,-1.9138,-0.0081,-0.0227,0.9997
44.7288,122.04,-38.9496,37.7825,50.4437,1.3578,359.5621,1.6116,1.8112,-0.2238,-1.9014,-0.0076,-0.0237,0.9997
44.7488,122.04,-38.9136,37.7781,50.4060,1.4123,359.5905,1.6685,1.7981,-0.2229,-1.8889,-0.0071,-0.0246,0.9997
44.7688,122.04,-38.8779,37.7736,50.3684,1.4653,359.6183,1.7236,1.7849,-0.2221,-1.8762,-0.0067,-0.0256,0.9997
44.7888,122.04,-38.8425,37.7692,50.3312,1.5168,359.6454,1.7771,1.7715,-0.2212,-1.8635,-0.0062,-0.0265,0.9996
44.8088,122.04,-38.8073,37.7648,50.2942,1.5668,359.6720,1.8288,1.7581,-0.2204,-1.8506,-0.0057,-0.0273,0.9996
44.8288,122.04,-38.7724,37.7604,50.2574,1.6152,359.6980,1.8788,1.7446,-0.2196,-1.8377,-0.0053,-0.0282,0.9996
44.8488,122.04,-38.7378,37.7560,50.2209,1.6623,359.7233,1.9272,1.7310,-0.2188,-1.8246,-0.0048,-0.0290,0.9996
44.8688,122.04,-38.7035,37.7517,50.1847,1.7078,359.7480,1.9739,1.7174,-0.2181,-1.8115,-0.0044,-0.0298,0.9995
44.8888,122.04,-38.6694,37.7473,50.1487,1.7520,359.7722,2.0190,1.7036,-0.2173,-1.7983,-0.0040,-0.0306,0.9995
44.9088,122.04,-38.6356,37.7430,50.1130,1.7947,359.7957,2.0625,1.6898,-0.2166,-1.7850,-0.0036,-0.0313,0.9995
44.9288,122.04,-38.6021,37.7387,50.0776,1.8361,359.8187,2.1044,1.6759,-0.2159,-1.7717,-0.0032,-0.0320,0.9995
44.9488,122.04,-38.5688,37.7344,50.0424,1.8761,359.8410,2.1448,1.6619,-0.2152,-1.7582,-0.0028,-0.0327,0.9995
44.9688,122.04,-38.5359,37.7301,50.0075,1.9147,359.8628,2.1837,1.6479,-0.2145,-1.7447,-0.0024,-0.0334,0.9994
44.9888,122.04,-38.5032,37.7258,49.9729,1.9520,359.8839,2.2210,1.6339,-0.2138,-1.7312,-0.0020,-0.0341,0.9994
45.0088,122.04,-38.4708,37.7215,49.9386,1.9880,359.9045,2.2569,1.6198,-0.2131,-1.7176,-0.0017,-0.0347,0.9994
45.0288,122.04,-38.4387,37.7173,49.9045,2.0227,359.9245,2.2913,1.6056,-0.2125,-1.7040,-0.0013,-0.0353,0.9994
45.0488,122.04,-38.4069,37.7131,49.8707,2.0561,359.9439,2.3243,1.5914,-0.2118,-1.6903,-0.0010,-0.0359,0.9994
45.0688,122.04,-38.3753,37.7088,49.8371,2.0883,359.9628,2.3558,1.5772,-0.2112,-1.6765,-0.0006,-0.0364,0.9993
45.0888,122.04,-38.3441,37.7046,49.8039,2.1193,359.9811,2.3860,1.5630,-0.2106,-1.6628,-0.0003,-0.0370,0.9993
45.1088,122.04,-38.3131,37.7004,49.7709,2.1490,-0.0012,2.4149,1.5487,-0.2100,-1.6490,0.0000,-0.0375,0.9993
45.1288,122.04,-38.2824,37.6962,49.7382,2.1775,0.0160,2.4423,1.5344,-0.2094,-1.6351,0.0003,-0.0380,0.9993
45.1488,122.04,-38.2520,37.6921,49.7058,2.2048,0.0326,2.4685,1.5201,-0.2088,-1.6213,0.0006,-0.0385,0.9993
45.1688,122.04,-38.2219,37.6879,49.6736,2.2310,0.0487,2.4934,1.5058,-0.2083,-1.6074,0.0008,-0.0389,0.9992
45.1888,122.04,-38.1920,37.6837,49.6418,2.2560,0.0642,2.5170,1.4915,-0.2077,-1.5935,0.0011,-0.0394,0.9992
45.2088,122.04,-38.1625,37.6796,49.6102,2.2799,0.0793,2.5394,1.4772,-0.2071,-1.5796,0.0014,-0.0398,0.9992
45.2288,122.04,-38.1332,37.6755,49.5789,2.3027,0.0938,2.5606,1.4628,-0.2066,-1.5657,0.0016,-0.0402,0.9992
45.2488,122.04,-38.1043,37.6713,49.5478,2.3244,0.1078,2.5805,1.4485,-0.2061,-1.5517,0.0019,-0.0406,0.9992
45.2688,122.04,-38.0756,37.6672,49.5171,2.3451,0.1213,2.5993,1.4342,-0.2055,-1.5378,0.0021,-0.0409,0.9992
45.2888,122.04,-38.0472,37.6631,49.4866,2.3647,0.1343,2.6170,1.4199,-0.2050,-1.5239,0.0023,-0.0413,0.9991
45.3088,122.04,-38.0191,37.6590,49.4564,2.3832,0.1468,2.6335,1.4056,-0.2045,-1.5099,0.0026,-0.0416,0.9991
45.3288,122.04,-37.9913,37.6550,49.4265,2.4008,0.1588,2.6489,1.3914,-0.2040,-1.4960,0.0028,-0.0419,0.9991
45.3488,122.04,-37.9637,37.6509,49.3968,2.4173,0.1704,2.6632,1.3771,-0.2035,-1.4821,0.0030,-0.0422,0.9991
45.3688,122.04,-37.9364,37.6468,49.3675,2.4328,0.1814,2.6765,1.3629,-0.2030,-1.4682,0.0032,-0.0424,0.9991
45.3888,119.53,-37.9095,37.6428,49.3384,2.4474,0.1921,2.6888,1.3487,-0.2025,-1.4543,0.0033,-0.0427,0.9991
45.4088,119.53,-37.8828,37.6387,49.3096,2.4611,0.2023,2.7000,1.3346,-0.2020,-1.4404,0.0035,-0.0429,0.9991
45.4288,119.53,-37.8564,37.6347,49.2810,2.4738,0.2120,2.7103,1.3204,-0.2015,-1.4266,0.0037,-0.0432,0.9991
45.4488,119.53,-37.8302,37.6307,49.2528,2.4856,0.2213,2.7195,1.3063,-0.2011,-1.4127,0.0039,-0.0434,0.9991
45.4688,119.53,-37.8044,37.6267,49.2248,2.4966,0.2302,2.7279,1.2923,-0.2006,-1.3989,0.0040,-0.0436,0.9990
45.4888,119.53,-37.7788,37.6227,49.1971,2.5066,0.2387,2.7353,1.2783,-0.2001,-1.3851,0.0042,-0.0437,0.9990
45.5088,119.53,-37.7535,37.6187,49.1697,2.5158,0.2467,2.7418,1.2643,-0.1997,-1.3714,0.0043,-0.0439,0.9990
45.5288,119.53,-37.7285,37.6147,49.1425,2.5241,0.2544,2.7474,1.2504,-0.1992,-1.3577,0.0044,-0.0440,0.9990
45.5488,119.53,-37.7038,37.6107,49.1156,2.5317,0.2617,2.7522,1.2365,-0.1987,-1.3440,0.0046,-0.0442,0.9990
45.5688,119.53,-37.6794,37.6068,49.0890,2.5384,0.2686,2.7562,1.2227,-0.1983,-1.3304,0.0047,-0.0443,0.9990
45.5888,119.53,-37.6552,37.6028,49.0627,2.5443,0.2751,2.7593,1.2089,-0.1978,-1.3168,0.0048,-0.0444,0.9990
45.6088,119.53,-37.6313,37.5989,49.0366,2.5494,0.2813,2.7616,1.1952,-0.1974,-1.3033,0.0049,-0.0445,0.9990
45.6288,119.53,-37.6076,37.5949,49.0108,2.5538,0.2871,2.7631,1.1816,-0.1969,-1.2897,0.0050,-0.0446,0.9990
45.6488,119.53,-37.5843,37.5910,48.9853,2.5575,0.2926,2.7639,1.1680,-0.1965,-1.2763,0.0051,-0.0446,0.9990
45.6688,119.53,-37.5612,37.5871,48.9601,2.5604,0.2978,2.7640,1.1544,-0.1960,-1.2629,0.0052,-0.0447,0.9990
45.6888,119.53,-37.5384,37.5832,48.9351,2.5626,0.3026,2.7633,1.1409,-0.1956,-1.2495,0.0053,-0.0447,0.9990
45.7088,119.53,-37.5158,37.5793,48.9103,2.5641,0.3071,2.7619,1.1275,-0.1951,-1.2362,0.0054,-0.0447,0.9990
45.7288,119.53,-37.4935,37.5754,48.8859,2.5650,0.3112,2.7599,1.1142,-0.1947,-1.2230,0.0054,-0.0448,0.9990
45.7488,119.53,-37.4715,37.5715,48.8617,2.5651,0.3151,2.7571,1.1009,-0.1942,-1.2098,0.0055,-0.0448,0.9990
45.7688,119.53,-37.4498,37.5676,48.8378,2.5647,0.3187,2.7538,1.0877,-0.1938,-1.1967,0.0056,-0.0447,0.9990
45.7888,119.53,-37.4283,37.5637,48.8141,2.5636,0.3220,2.7498,1.0746,-0.1933,-1.1836,0.0056,-0.0447,0.9990
45.8088,119.53,-37.4070,37.5599,48.7907,2.5618,0.3251,2.7452,1.0615,-0.1929,-1.1706,0.0057,-0.0447,0.9990
45.8288,119.53,-37.3861,37.5560,48.7675,2.5595,0.3278,2.7400,1.0485,-0.1924,-1.1577,0.0057,-0.0447,0.9990
45.8488,119.53,-37.3654,37.5522,48.7446,2.5566,0.3303,2.7342,1.0356,-0.1920,-1.1448,0.0058,-0.0446,0.9990
45.8688,119.53,-37.3449,37.5484,48.7220,2.5531,0.3326,2.7279,1.0228,-0.1915,-1.1320,0.0058,-0.0445,0.9990
45.8888,119.53,-37.3247,37.5445,48.6996,2.5491,0.3346,2.7210,1.0100,-0.1911,-1.1192,0.0058,-0.0445,0.9990
45.9088,119.53,-37.3048,37.5407,48.6775,2.5445,0.3364,2.7136,0.9974,-0.1906,-1.1066,0.0059,-0.0444,0.9990
45.9288,119.53,-37.2851,37.5369,48.6556,2.5394,0.3379,2.7057,0.9848,-0.1901,-1.0940,0.0059,-0.0443,0.9990
45.9488,119.53,-37.2656,37.5331,48.6340,2.5338,0.3392,2.6974,0.9723,-0.1897,-1.0814,0.0059,-0.0442,0.9990
45.9688,119.53,-37.2464,37.5293,48.6126,2.5277,0.3403,2.6885,0.9598,-0.1892,-1.0690,0.0059,-0.0441,0.9990
45.9888,119.53,-37.2275,37.5256,48.5914,2.5211,0.3412,2.6792,0.9475,-0.1888,-1.0566,0.0059,-0.0440,0.9990
46.0088,119.53,-37.2088,37.5218,48.5706,2.5140,0.3419,2.6694,0.9352,-0.1883,-1.0443,0.0060,-0.0439,0.9990
46.0288,119.53,-37.1903,37.5180,48.5499,2.5065,0.3424,2.6592,0.9230,-0.1878,-1.0321,0.0060,-0.0437,0.9990
46.0488,119.53,-37.1721,37.5143,48.5295,2.4985,0.3428,2.6485,0.9109,-0.1873,-1.0200,0.0060,-0.0436,0.9990
46.0688,119.53,-37.1541,37.5106,48.5094,2.4901,0.3429,2.6375,0.8989,-0.1869,-1.0079,0.0060,-0.0434,0.9990
46.0888,119.53,-37.1364,37.5068,48.4894,2.4813,0.3429,2.6261,0.8870,-0.1864,-0.9959,0.0060,-0.0433,0.9990
46.1088,119.53,-37.1189,37.5031,48.4698,2.4720,0.3427,2.6143,0.8752,-0.1859,-0.9840,0.0060,-0.0431,0.9991
46.1288,119.53,-37.1016,37.4994,48.4503,2.4624,0.3423,2.6021,0.8634,-0.1854,-0.9722,0.0060,-0.0430,0.9991
46.1488,119.53,-37.0846,37.4957,48.4311,2.4524,0.3418,2.5896,0.8518,-0.1849,-0.9604,0.0060,-0.0428,0.9991
46.1688,119.53,-37.0678,37.4920,48.4121,2.4420,0.3412,2.5768,0.8402,-0.1845,-0.9488,0.0059,-0.0426,0.9991
46.1888,119.53,-37.0512,37.4883,48.3934,2.4313,0.3404,2.5636,0.8288,-0.1840,-0.9372,0.0059,-0.0424,0.9991
46.2088,119.53,-37.0348,37.4847,48.3749,2.4202,0.3395,2.5502,0.8174,-0.1835,-0.9257,0.0059,-0.0422,0.9991
46.2288,119.53,-37.0187,37.4810,48.3566,2.4088,0.3384,2.5364,0.8061,-0.1830,-0.9143,0.0059,-0.0420,0.9991
46.2488,119.53,-37.0028,37.4774,48.3385,2.3970,0.3372,2.5223,0.7949,-0.1825,-0.9030,0.0059,-0.0418,0.9991
46.2688,119.53,-36.9871,37.4737,48.3207,2.3850,0.3360,2.5080,0.7838,-0.1820,-0.8918,0.0059,-0.0416,0.9991
46.2888,119.53,-36.9717,37.4701,48.3031,2.3726,0.3345,2.4934,0.7728,-0.1814,-0.8807,0.0058,-0.0414,0.9991
46.3088,119.53,-36.9565,37.4665,48.2857,2.3600,0.3330,2.4785,0.7619,-0.1809,-0.8696,0.0058,-0.0412,0.9991
46.3288,119.53,-36.9414,37.4629,48.2685,2.3471,0.3314,2.4634,0.7510,-0.1804,-0.8586,0.0058,-0.0410,0.9991
46.3488,119.53,-36.9266,37.4593,48.2516,2.3339,0.3297,2.4481,0.7403,-0.1799,-0.8478,0.0057,-0.0407,0.9992
46.3688,119.53,-36.9120,37.4557,48.2348,2.3205,0.3279,2.4325,0.7297,-0.1794,-0.8370,0.0057,-0.0405,0.9992
46.3888,126.63,-36.8977,37.4521,48.2183,2.3068,0.3260,2.4167,0.7191,-0.1788,-0.8263,0.0057,-0.0403,0.9992
46.4088,126.63,-36.8835,37.4485,48.2020,2.2929,0.3241,2.4008,0.7087,-0.1783,-0.8157,0.0057,-0.0400,0.9992
46.4288,126.63,-36.8695,37.4450,48.1859,2.2788,0.3220,2.3846,0.6983,-0.1778,-0.8052,0.0056,-0.0398,0.9992
46.4488,126.63,-36.8557,37.4414,48.1700,2.2645,0.3199,2.3683,0.6881,-0.1772,-0.7947,0.0056,-0.0395,0.9992
46.4688,126.63,-36.8422,37.4379,48.1543,2.2499,0.3177,2.3517,0.6779,-0.1767,-0.7844,0.0055,-0.0393,0.9992
46.4888,126.63,-36.8288,37.4344,48.1388,2.2352,0.3155,2.3351,0.6679,-0.1761,-0.7742,0.0055,-0.0390,0.9992
46.5088,126.63,-36.8157,37.4309,48.1235,2.2202,0.3131,2.3182,0.6579,-0.1756,-0.7640,0.0055,-0.0387,0.9992
46.5288,126.63,-36.8027,37.4274,48.1085,2.2051,0.3108,2.3012,0.6480,-0.1750,-0.7539,0.0054,-0.0385,0.9992
46.5488,126.63,-36.7900,37.4239,48.0936,2.1899,0.3084,2.2841,0.6382,-0.1745,-0.7440,0.0054,-0.0382,0.9993
46.5688,126.63,-36.7774,37.4204,48.0789,2.1745,0.3059,2.2669,0.6285,-0.1739,-0.7341,0.0053,-0.0379,0.9993
46.5888,126.63,-36.7650,37.4169,48.0644,2.1589,0.3034,2.2495,0.6189,-0.1733,-0.7243,0.0053,-0.0377,0.9993
46.6088,126.63,-36.7528,37.4135,48.0501,2.1432,0.3008,2.2320,0.6094,-0.1728,-0.7146,0.0052,-0.0374,0.9993
46.6288,126.63,-36.7408,37.4100,48.0360,2.1273,0.2982,2.2144,0.6000,-0.1722,-0.7050,0.0052,-0.0371,0.9993
46.6488,126.63,-36.7290,37.4066,48.0221,2.1113,0.2956,2.1967,0.5907,-0.1716,-0.6955,0.0052,-0.0368,0.9993
46.6688,126.63,-36.7174,37.4032,48.0084,2.0952,0.2929,2.1790,0.5815,-0.1710,-0.6861,0.0051,-0.0366,0.9993
46.6888,126.63,-36.7059,37.3998,47.9948,2.0790,0.2902,2.1611,0.5724,-0.1705,-0.6767,0.0051,-0.0363,0.9993
46.7088,126.63,-36.6947,37.3964,47.9815,2.0627,0.2874,2.1432,0.5634,-0.1699,-0.6675,0.0050,-0.0360,0.9993
46.7288,126.63,-36.6836,37.3930,47.9683,2.0463,0.2847,2.1252,0.5544,-0.1693,-0.6583,0.0050,-0.0357,0.9994
46.7488,126.63,-36.6727,37.3896,47.9553,2.0299,0.2819,2.1071,0.5456,-0.1687,-0.6493,0.0049,-0.0354,0.9994
46.7688,126.63,-36.6619,37.3862,47.9425,2.0133,0.2791,2.0890,0.5368,-0.1681,-0.6403,0.0049,-0.0351,0.9994
46.7888,126.63,-36.6514,37.3829,47.9299,1.9967,0.2763,2.0708,0.5282,-0.1675,-0.6314,0.0048,-0.0348,0.9994
46.8088,126.63,-36.6410,37.3796,47.9175,1.9800,0.2734,2.0526,0.5196,-0.1669,-0.6227,0.0048,-0.0346,0.9994
46.8288,126.63,-36.6307,37.3762,47.9052,1.9632,0.2706,2.0343,0.5112,-0.1663,-0.6140,0.0047,-0.0343,0.9994
46.8488,126.63,-36.6207,37.3729,47.8931,1.9464,0.2677,2.0160,0.5028,-0.1657,-0.6053,0.0047,-0.0340,0.9994
46.8688,126.63,-36.6108,37.3696,47.8811,1.9296,0.2649,1.9977,0.4945,-0.1650,-0.5968,0.0046,-0.0337,0.9994
46.8888,126.63,-36.6011,37.3663,47.8694,1.9127,0.2620,1.9793,0.4863,-0.1644,-0.5884,0.0046,-0.0334,0.9994
46.9088,126.63,-36.5915,37.3631,47.8578,1.8958,0.2591,1.9610,0.4782,-0.1638,-0.5801,0.0045,-0.0331,0.9994
46.9288,126.63,-36.5821,37.3598,47.8463,1.8788,0.2562,1.9426,0.4702,-0.1632,-0.5718,0.0045,-0.0328,0.9995
46.9488,126.63,-36.5729,37.3565,47.8351,1.8618,0.2533,1.9242,0.4623,-0.1626,-0.5636,0.0044,-0.0325,0.9995
46.9688,126.63,-36.5638,37.3533,47.8239,1.8449,0.2505,1.9059,0.4544,-0.1619,-0.5556,0.0044,-0.0322,0.9995
46.9888,126.63,-36.5548,37.3501,47.8130,1.8279,0.2476,1.8875,0.4467,-0.1613,-0.5476,0.0043,-0.0319,0.9995
47.0088,126.63,-36.5460,37.3469,47.8022,1.8109,0.2447,1.8691,0.4390,-0.1607,-0.5397,0.0043,-0.0316,0.9995
47.0288,126.63,-36.5374,37.3437,47.7916,1.7939,0.2418,1.8508,0.4315,-0.1600,-0.5319,0.0042,-0.0313,0.9995
47.0488,126.63,-36.5289,37.3405,47.7811,1.7769,0.2389,1.8325,0.4240,-0.1594,-0.5241,0.0042,-0.0310,0.9995
47.0688,126.63,-36.5206,37.3373,47.7707,1.7599,0.2361,1.8141,0.4166,-0.1587,-0.5165,0.0041,-0.0307,0.9995
47.0888,126.63,-36.5124,37.3341,47.7606,1.7429,0.2332,1.7959,0.4093,-0.1581,-0.5089,0.0041,-0.0304,0.9995
47.1088,126.63,-36.5044,37.3310,47.7505,1.7260,0.2304,1.7776,0.4021,-0.1574,-0.5014,0.0040,-0.0301,0.9995
47.1288,126.63,-36.4965,37.3279,47.7407,1.7091,0.2275,1.7594,0.3950,-0.1568,-0.4941,0.0040,-0.0298,0.9995
47.1488,126.63,-36.4887,37.3247,47.7309,1.6922,0.2247,1.7412,0.3879,-0.1561,-0.4868,0.0039,-0.0295,0.9996
47.1688,126.63,-36.4811,37.3216,47.7213,1.6753,0.2219,1.7231,0.3810,-0.1555,-0.4795,0.0039,-0.0292,0.9996
47.1888,126.63,-36.4736,37.3185,47.7119,1.6585,0.2191,1.7050,0.3741,-0.1548,-0.4724,0.0038,-0.0289,0.9996
47.2088,126.63,-36.4663,37.3154,47.7026,1.6418,0.2163,1.6869,0.3673,-0.1542,-0.4653,0.0038,-0.0287,0.9996
47.2288,126.63,-36.4591,37.3124,47.6934,1.6250,0.2135,1.6689,0.3606,-0.1535,-0.4584,0.0037,-0.0284,0.9996
47.2488,126.63,-36.4520,37.3093,47.6844,1.6083,0.2107,1.6510,0.3540,-0.1528,-0.4515,0.0037,-0.0281,0.9996
47.2688,126.63,-36.4450,37.3063,47.6755,1.5917,0.2080,1.6331,0.3474,-0.1522,-0.4447,0.0036,-0.0278,0.9996
47.2888,126.63,-36.4382,37.3032,47.6667,1.5751,0.2053,1.6153,0.3410,-0.1515,-0.4379,0.0036,-0.0275,0.9996
47.3088,126.63,-36.4315,37.3002,47.6581,1.5586,0.2025,1.5975,0.3346,-0.1508,-0.4313,0.0035,-0.0272,0.9996
47.3288,126.63,-36.4250,37.2972,47.6496,1.5422,0.1998,1.5798,0.3283,-0.1502,-0.4247,0.0035,-0.0269,0.9996
47.3488,126.63,-36.4185,37.2942,47.6412,1.5258,0.1972,1.5622,0.3221,-0.1495,-0.4182,0.0034,-0.0266,0.9996
47.3688,126.63,-36.4122,37.2913,47.6330,1.5095,0.1945,1.5447,0.3160,-0.1488,-0.4118,0.0034,-0.0263,0.9996
47.3888,127.41,-36.4060,37.2883,47.6249,1.4933,0.1919,1.5272,0.3099,-0.1481,-0.4055,0.0033,-0.0261,0.9997
47.4088,127.41,-36.3999,37.2853,47.6169,1.4771,0.1892,1.5098,0.3039,-0.1475,-0.3992,0.0033,-0.0258,0.9997
47.4288,127.41,-36.3940,37.2824,47.6091,1.4610,0.1866,1.4925,0.2980,-0.1468,-0.3930,0.0033,-0.0255,0.9997
47.4488,127.41,-36.3881,37.2795,47.6013,1.4450,0.1841,1.4753,0.2922,-0.1461,-0.3869,0.0032,-0.0252,0.9997
47.4688,127.41,-36.3824,37.2766,47.5937,1.4291,0.1815,1.4581,0.2865,-0.1454,-0.3809,0.0032,-0.0249,0.9997
47.4888,127.41,-36.3768,37.2737,47.5862,1.4132,0.1789,1.4410,0.2808,-0.1447,-0.3749,0.0031,-0.0247,0.9997
47.5088,127.41,-36.3713,37.2708,47.5788,1.3975,0.1764,1.4241,0.2752,-0.1441,-0.3690,0.0031,-0.0244,0.9997
47.5288,127.41,-36.3659,37.2679,47.5716,1.3818,0.1739,1.4072,0.2697,-0.1434,-0.3632,0.0030,-0.0241,0.9997
47.5488,127.41,-36.3606,37.2651,47.5644,1.3662,0.1714,1.3904,0.2643,-0.1427,-0.3575,0.0030,-0.0238,0.9997
47.5688,127.41,-36.3554,37.2622,47.5574,1.3508,0.1690,1.3737,0.2589,-0.1420,-0.3518,0.0029,-0.0236,0.9997
47.5888,127.41,-36.3503,37.2594,47.5505,1.3354,0.1665,1.3571,0.2536,-0.1413,-0.3462,0.0029,-0.0233,0.9997
47.6088,127.41,-36.3454,37.2566,47.5436,1.3201,0.1641,1.3406,0.2484,-0.1406,-0.3407,0.0029,-0.0230,0.9997
47.6288,127.41,-36.3405,37.2538,47.5369,1.3049,0.1617,1.3242,0.2432,-0.1399,-0.3352,0.0028,-0.0228,0.9997
47.6488,127.41,-36.3357,37.2510,47.5303,1.2898,0.1593,1.3079,0.2382,-0.1392,-0.3298,0.0028,-0.0225,0.9997
47.6688,127.41,-36.3311,37.2482,47.5238,1.2749,0.1570,1.2917,0.2332,-0.1385,-0.3245,0.0027,-0.0222,0.9997
47.6888,127.41,-36.3265,37.2455,47.5175,1.2600,0.1546,1.2756,0.2282,-0.1379,-0.3193,0.0027,-0.0220,0.9998
47.7088,127.41,-36.3220,37.2427,47.5112,1.2452,0.1523,1.2596,0.2234,-0.1372,-0.3141,0.0027,-0.0217,0.9998
47.7288,127.41,-36.3177,37.2400,47.5050,1.2305,0.1500,1.2437,0.2186,-0.1365,-0.3090,0.0026,-0.0215,0.9998
47.7488,127.41,-36.3134,37.2373,47.4989,1.2160,0.1478,1.2279,0.2138,-0.1358,-0.3040,0.0026,-0.0212,0.9998
47.7688,127.41,-36.3092,37.2346,47.4929,1.2015,0.1455,1.2123,0.2092,-0.1351,-0.2990,0.0025,-0.0210,0.9998
47.7888,127.41,-36.3051,37.2319,47.4871,1.1872,0.1433,1.1967,0.2046,-0.1344,-0.2941,0.0025,-0.0207,0.9998
47.8088,127.41,-36.3011,37.2292,47.4813,1.1729,0.1411,1.1813,0.2001,-0.1337,-0.2892,0.0025,-0.0205,0.9998
47.8288,127.41,-36.2972,37.2266,47.4756,1.1588,0.1389,1.1659,0.1956,-0.1330,-0.2844,0.0024,-0.0202,0.9998
47.8488,127.41,-36.2934,37.2239,47.4700,1.1448,0.1367,1.1507,0.1912,-0.1323,-0.2797,0.0024,-0.0200,0.9998
47.8688,127.41,-36.2896,37.2213,47.4645,1.1309,0.1346,1.1356,0.1869,-0.1316,-0.2750,0.0023,-0.0197,0.9998
47.8888,127.41,-36.2860,37.2187,47.4591,1.1171,0.1324,1.1206,0.1826,-0.1309,-0.2704,0.0023,-0.0195,0.9998
47.9088,127.41,-36.2824,37.2161,47.4538,1.1035,0.1303,1.1057,0.1784,-0.1302,-0.2659,0.0023,-0.0193,0.9998
47.9288,127.41,-36.2789,37.2135,47.4485,1.0899,0.1282,1.0910,0.1743,-0.1295,-0.2614,0.0022,-0.0190,0.9998
47.9488,127.41,-36.2755,37.2109,47.4434,1.0765,0.1262,1.0763,0.1702,-0.1288,-0.2570,0.0022,-0.0188,0.9998
47.9688,127.41,-36.2722,37.2083,47.4383,1.0632,0.1241,1.0618,0.1662,-0.1281,-0.2527,0.0022,-0.0186,0.9998
47.9888,127.41,-36.2690,37.2058,47.4334,1.0500,0.1221,1.0474,0.1622,-0.1274,-0.2484,0.0021,-0.0183,0.9998
48.0088,127.41,-36.2658,37.2033,47.4285,1.0369,0.1201,1.0331,0.1583,-0.1267,-0.2441,0.0021,-0.0181,0.9998
48.0288,127.41,-36.2627,37.2007,47.4237,1.0240,0.1181,1.0189,0.1545,-0.1260,-0.2400,0.0021,-0.0179,0.9998
48.0488,127.41,-36.2597,37.1982,47.4190,1.0111,0.1161,1.0049,0.1507,-0.1253,-0.2358,0.0020,-0.0176,0.9998
48.0688,127.41,-36.2568,37.1957,47.4143,0.9984,0.1142,0.9909,0.1470,-0.1247,-0.2318,0.0020,-0.0174,0.9998
48.0888,127.41,-36.2539,37.1933,47.4098,0.9858,0.1122,0.9771,0.1434,-0.1240,-0.2278,0.0020,-0.0172,0.9999
48.1088,127.41,-36.2511,37.1908,47.4053,0.9733,0.1103,0.9634,0.1398,-0.1233,-0.2238,0.0019,-0.0170,0.9999
48.1288,127.41,-36.2484,37.1883,47.4009,0.9609,0.1084,0.9499,0.1362,-0.1226,-0.2199,0.0019,-0.0168,0.9999
48.1488,127.41,-36.2457,37.1859,47.3966,0.9487,0.1066,0.9364,0.1327,-0.1219,-0.2161,0.0019,-0.0166,0.9999
48.1688,127.41,-36.2431,37.1835,47.3923,0.9365,0.1047,0.9231,0.1293,-0.1212,-0.2123,0.0018,-0.0163,0.9999
48.1888,127.41,-36.2406,37.1811,47.3882,0.9245,0.1029,0.9099,0.1259,-0.1205,-0.2085,0.0018,-0.0161,0.9999
48.2088,127.41,-36.2382,37.1787,47.3841,0.9126,0.1010,0.8968,0.1226,-0.1198,-0.2048,0.0018,-0.0159,0.9999
48.2288,127.41,-36.2358,37.1763,47.3801,0.9009,0.0992,0.8838,0.1194,-0.1191,-0.2012,0.0017,-0.0157,0.9999
48.2488,127.41,-36.2334,37.1739,47.3761,0.8892,0.0975,0.8710,0.1161,-0.1184,-0.1976,0.0017,-0.0155,0.9999
48.2688,127.41,-36.2312,37.1716,47.3722,0.8777,0.0957,0.8583,0.1130,-0.1178,-0.1941,0.0017,-0.0153,0.9999
48.2888,127.41,-36.2290,37.1692,47.3684,0.8662,0.0939,0.8457,0.1099,-0.1171,-0.1906,0.0016,-0.0151,0.9999
48.3088,127.41,-36.2268,37.1669,47.3647,0.8549,0.0922,0.8332,0.1068,-0.1164,-0.1872,0.0016,-0.0149,0.9999
48.3288,127.41,-36.2248,37.1646,47.3610,0.8438,0.0905,0.8209,0.1038,-0.1157,-0.1838,0.0016,-0.0147,0.9999
48.3488,127.41,-36.2228,37.1623,47.3574,0.8327,0.0888,0.8086,0.1009,-0.1150,-0.1805,0.0015,-0.0145,0.9999
48.3688,127.41,-36.2208,37.1600,47.3538,0.8217,0.0871,0.7965,0.0980,-0.1143,-0.1772,0.0015,-0.0143,0.9999
48.3888,119.46,-36.2189,37.1577,47.3504,0.8109,0.0854,0.7845,0.0951,-0.1137,-0.1739,0.0015,-0.0142,0.9999
48.4088,119.46,-36.2170,37.1555,47.3469,0.8002,0.0838,0.7727,0.0923,-0.1130,-0.1707,0.0015,-0.0140,0.9999
48.4288,119.46,-36.2153,37.1532,47.3436,0.7896,0.0821,0.7609,0.0895,-0.1123,-0.1676,0.0014,-0.0138,0.9999
48.4488,119.46,-36.2135,37.1510,47.3403,0.7791,0.0805,0.7493,0.0868,-0.1116,-0.1645,0.0014,-0.0136,0.9999
48.4688,119.46,-36.2118,37.1488,47.3371,0.7687,0.0789,0.7378,0.0841,-0.1109,-0.1614,0.0014,-0.0134,0.9999
48.4888,119.46,-36.2102,37.1466,47.3339,0.7584,0.0773,0.7264,0.0815,-0.1103,-0.1584,0.0013,-0.0132,0.9999
48.5088,119.46,-36.2086,37.1444,47.3308,0.7483,0.0757,0.7151,0.0790,-0.1096,-0.1554,0.0013,-0.0131,0.9999
48.5288,119.46,-36.2071,37.1422,47.3277,0.7383,0.0742,0.7040,0.0764,-0.1089,-0.1525,0.0013,-0.0129,0.9999
48.5488,119.46,-36.2056,37.1400,47.3248,0.7283,0.0726,0.6929,0.0739,-0.1083,-0.1496,0.0013,-0.0127,0.9999
48.5688,119.46,-36.2042,37.1379,47.3218,0.7185,0.0711,0.6820,0.0715,-0.1076,-0.1468,0.0012,-0.0125,0.9999
48.5888,119.46,-36.2028,37.1357,47.3189,0.7088,0.0695,0.6712,0.0691,-0.1069,-0.1440,0.0012,-0.0124,0.9999
48.6088,119.46,-36.2015,37.1336,47.3161,0.6992,0.0680,0.6606,0.0667,-0.1063,-0.1412,0.0012,-0.0122,0.9999
48.6288,119.46,-36.2002,37.1315,47.3133,0.6898,0.0666,0.6500,0.0644,-0.1056,-0.1385,0.0012,-0.0120,0.9999
48.6488,119.46,-36.1989,37.1294,47.3106,0.6804,0.0651,0.6396,0.0622,-0.1049,-0.1358,0.0011,-0.0119,0.9999
48.6688,119.46,-36.1977,37.1273,47.3080,0.6711,0.0636,0.6293,0.0599,-0.1043,-0.1332,0.0011,-0.0117,0.9999
48.6888,119.46,-36.1966,37.1252,47.3054,0.6620,0.0622,0.6190,0.0577,-0.1036,-0.1306,0.0011,-0.0116,0.9999
48.7088,119.46,-36.1955,37.1232,47.3028,0.6529,0.0607,0.6090,0.0556,-0.1030,-0.1280,0.0011,-0.0114,0.9999
48.7288,119.46,-36.1944,37.1211,47.3003,0.6440,0.0593,0.5990,0.0535,-0.1023,-0.1255,0.0010,-0.0112,0.9999
48.7488,119.46,-36.1934,37.1191,47.2978,0.6351,0.0579,0.5891,0.0514,-0.1016,-0.1230,0.0010,-0.0111,0.9999
48.7688,119.46,-36.1924,37.1171,47.2954,0.6264,0.0565,0.5794,0.0494,-0.1010,-0.1206,0.0010,-0.0109,0.9999
48.7888,119.46,-36.1914,37.1151,47.2931,0.6177,0.0551,0.5698,0.0474,-0.1003,-0.1182,0.0010,-0.0108,0.9999
48.8088,119.46,-36.1905,37.1131,47.2907,0.6092,0.0538,0.5602,0.0455,-0.0997,-0.1158,0.0009,-0.0106,0.9999
48.8288,119.46,-36.1897,37.1111,47.2885,0.6008,0.0524,0.5508,0.0435,-0.0990,-0.1134,0.0009,-0.0105,0.9999
48.8488,119.46,-36.1888,37.1091,47.2862,0.5925,0.0510,0.5415,0.0417,-0.0984,-0.1111,0.0009,-0.0103,0.9999
48.8688,119.46,-36.1880,37.1072,47.2841,0.5842,0.0497,0.5323,0.0398,-0.0978,-0.1089,0.0009,-0.0102,0.9999
48.8888,119.46,-36.1873,37.1052,47.2819,0.5761,0.0484,0.5233,0.0380,-0.0971,-0.1066,0.0008,-0.0101,0.9999
48.9088,119.46,-36.1865,37.1033,47.2798,0.5681,0.0471,0.5143,0.0362,-0.0965,-0.1044,0.0008,-0.0099,1.0000
48.9288,119.46,-36.1859,37.1014,47.2778,0.5601,0.0458,0.5055,0.0345,-0.0958,-0.1023,0.0008,-0.0098,1.0000
48.9488,119.46,-36.1852,37.0995,47.2758,0.5523,0.0445,0.4967,0.0328,-0.0952,-0.1001,0.0008,-0.0096,1.0000
48.9688,119.46,-36.1846,37.0976,47.2738,0.5446,0.0432,0.4881,0.0311,-0.0946,-0.0980,0.0008,-0.0095,1.0000
48.9888,119.46,-36.1840,37.0957,47.2719,0.5369,0.0420,0.4795,0.0295,-0.0939,-0.0960,0.0007,-0.0094,1.0000
49.0088,119.46,-36.1834,37.0939,47.2700,0.5294,0.0407,0.4711,0.0279,-0.0933,-0.0939,0.0007,-0.0092,1.0000
49.0288,119.46,-36.1829,37.0920,47.2682,0.5219,0.0395,0.4628,0.0263,-0.0927,-0.0919,0.0007,-0.0091,1.0000
49.0488,119.46,-36.1824,37.0902,47.2664,0.5145,0.0383,0.4546,0.0248,-0.0921,-0.0899,0.0007,-0.0090,1.0000
49.0688,119.46,-36.1819,37.0883,47.2646,0.5073,0.0371,0.4465,0.0233,-0.0914,-0.0880,0.0006,-0.0089,1.0000
49.0888,119.46,-36.1815,37.0865,47.2629,0.5001,0.0359,0.4385,0.0218,-0.0908,-0.0861,0.0006,-0.0087,1.0000
49.1088,119.46,-36.1811,37.0847,47.2612,0.4930,0.0347,0.4306,0.0203,-0.0902,-0.0842,0.0006,-0.0086,1.0000
49.1288,119.46,-36.1807,37.0829,47.2596,0.4860,0.0335,0.4228,0.0189,-0.0896,-0.0823,0.0006,-0.0085,1.0000
49.1488,119.46,-36.1804,37.0811,47.2580,0.4791,0.0323,0.4151,0.0175,-0.0890,-0.0805,0.0006,-0.0084,1.0000
49.1688,119.46,-36.1800,37.0794,47.2564,0.4722,0.0312,0.4075,0.0162,-0.0884,-0.0787,0.0005,-0.0082,1.0000
49.1888,119.46,-36.1797,37.0776,47.2549,0.4655,0.0300,0.4000,0.0149,-0.0877,-0.0770,0.0005,-0.0081,1.0000
49.2088,119.46,-36.1795,37.0759,47.2534,0.4588,0.0289,0.3926,0.0136,-0.0871,-0.0752,0.0005,-0.0080,1.0000
49.2288,119.46,-36.1792,37.0741,47.2519,0.4523,0.0278,0.3853,0.0123,-0.0865,-0.0735,0.0005,-0.0079,1.0000
49.2488,119.46,-36.1790,37.0724,47.2505,0.4458,0.0267,0.3781,0.0110,-0.0859,-0.0718,0.0005,-0.0078,1.0000
49.2688,119.46,-36.1788,37.0707,47.2491,0.4394,0.0256,0.3709,0.0098,-0.0853,-0.0702,0.0004,-0.0077,1.0000
49.2888,119.46,-36.1786,37.0690,47.2477,0.4330,0.0245,0.3639,0.0086,-0.0847,-0.0685,0.0004,-0.0076,1.0000
49.3088,119.46,-36.1785,37.0673,47.2463,0.4268,0.0234,0.3570,0.0075,-0.0841,-0.0669,0.0004,-0.0074,1.0000
49.3288,119.46,-36.1784,37.0657,47.2450,0.4206,0.0223,0.3502,0.0063,-0.0835,-0.0653,0.0004,-0.0073,1.0000
49.3488,119.46,-36.1783,37.0640,47.2438,0.4145,0.0213,0.3435,0.0052,-0.0830,-0.0638,0.0004,-0.0072,1.0000
49.3688,119.46,-36.1782,37.0624,47.2425,0.4085,0.0202,0.3368,0.0041,-0.0824,-0.0622,0.0004,-0.0071,1.0000
49.3888,119.46,-36.1781,37.0607,47.2413,0.4026,0.0192,0.3303,0.0031,-0.0818,-0.0607,0.0003,-0.0070,1.0000
49.4088,118.38,-36.1781,37.0591,47.2401,0.3967,0.0181,0.3238,0.0020,-0.0812,-0.0592,0.0003,-0.0069,1.0000
49.4288,118.38,-36.1781,37.0575,47.2390,0.3910,0.0171,0.3174,0.0010,-0.0806,-0.0578,0.0003,-0.0068,1.0000
49.4488,118.38,-36.1781,37.0559,47.2378,0.3853,0.0161,0.3112,0.0000,-0.0800,-0.0564,0.0003,-0.0067,1.0000
49.4688,118.38,-36.1781,37.0543,47.2367,0.3796,0.0151,0.3050,-0.0009,-0.0795,-0.0549,0.0003,-0.0066,1.0000
49.4888,118.38,-36.1781,37.0527,47.2357,0.3741,0.0141,0.2989,-0.0019,-0.0789,-0.0535,0.0002,-0.0065,1.0000
49.5088,118.38,-36.1782,37.0511,47.2346,0.3686,0.0132,0.2929,-0.0028,-0.0783,-0.0522,0.0002,-0.0064,1.0000
49.5288,118.38,-36.1782,37.0496,47.2336,0.3632,0.0122,0.2869,-0.0037,-0.0777,-0.0508,0.0002,-0.0063,1.0000
49.5488,118.38,-36.1783,37.0480,47.2326,0.3578,0.0112,0.2811,-0.0046,-0.0772,-0.0495,0.0002,-0.0062,1.0000
49.5688,118.38,-36.1784,37.0465,47.2316,0.3526,0.0103,0.2753,-0.0054,-0.0766,-0.0482,0.0002,-0.0062,1.0000
49.5888,118.38,-36.1786,37.0450,47.2307,0.3474,0.0093,0.2697,-0.0062,-0.0760,-0.0469,0.0002,-0.0061,1.0000
49.6088,118.38,-36.1787,37.0435,47.2298,0.3422,0.0084,0.2641,-0.0071,-0.0755,-0.0457,0.0001,-0.0060,1.0000
49.6288,118.38,-36.1789,37.0420,47.2289,0.3371,0.0075,0.2585,-0.0079,-0.0749,-0.0444,0.0001,-0.0059,1.0000
49.6488,118.38,-36.1790,37.0405,47.2280,0.3321,0.0066,0.2531,-0.0086,-0.0744,-0.0432,0.0001,-0.0058,1.0000
49.6688,118.38,-36.1792,37.0390,47.2272,0.3272,0.0057,0.2478,-0.0094,-0.0738,-0.0420,0.0001,-0.0057,1.0000
49.6888,118.38,-36.1794,37.0376,47.2264,0.3223,0.0048,0.2425,-0.0101,-0.0733,-0.0408,0.0001,-0.0056,1.0000
49.7088,118.38,-36.1796,37.0361,47.2256,0.3175,0.0039,0.2373,-0.0108,-0.0727,-0.0397,0.0001,-0.0055,1.0000
49.7288,3.64,-36.1799,37.0347,47.2248,0.3128,0.0030,0.2322,-0.0115,-0.0722,-0.0385,0.0001,-0.0055,1.0000
49.7488,3.64,-36.1801,37.0332,47.2241,0.3081,0.0022,0.2272,-0.0122,-0.0716,-0.0374,0.0000,-0.0054,1.0000
49.7688,3.64,-36.1804,37.0318,47.2234,0.3035,0.0013,0.2222,-0.0128,-0.0711,-0.0363,0.0000,-0.0053,1.0000
49.7888,3.64,-36.1806,37.0304,47.2226,0.2989,0.0005,0.2173,-0.0135,-0.0706,-0.0352,0.0000,-0.0052,1.0000
49.8088,3.64,-36.1809,37.0290,47.2220,0.2944,-0.0003,0.2125,-0.0141,-0.0700,-0.0342,0.0000,-0.0051,1.0000
49.8288,3.64,-36.1812,37.0276,47.2213,0.2899,-0.0012,0.2078,-0.0147,-0.0695,-0.0331,0.0000,-0.0051,1.0000
49.8488,3.64,-36.1815,37.0262,47.2207,0.2856,-0.0020,0.2031,-0.0153,-0.0690,-0.0321,0.0000,-0.0050,1.0000
49.8688,3.64,-36.1818,37.0249,47.2200,0.2812,-0.0028,0.1985,-0.0159,-0.0684,-0.0311,0.0000,-0.0049,1.0000
49.8888,3.64,-36.1822,37.0235,47.2194,0.2770,-0.0036,0.1940,-0.0164,-0.0679,-0.0301,-0.0001,-0.0048,1.0000
49.9088,3.64,-36.1825,37.0221,47.2189,0.2728,-0.0044,0.1895,-0.0170,-0.0674,-0.0291,-0.0001,-0.0048,1.0000
49.9288,3.64,-36.1829,37.0208,47.2183,0.2686,-0.0052,0.1852,-0.0175,-0.0669,-0.0282,-0.0001,-0.0047,1.0000
49.9488,3.64,-36.1832,37.0195,47.2177,0.2645,359.9940,0.1808,-0.0180,-0.0664,-0.0272,-0.0001,-0.0046,1.0000
49.9688,3.64,-36.1836,37.0182,47.2172,0.2605,359.9933,0.1766,-0.0185,-0.0658,-0.0263,-0.0001,-0.0045,1.0000
49.9888,3.64,-36.1840,37.0169,47.2167,0.2565,359.9926,0.1724,-0.0190,-0.0653,-0.0254,-0.0001,-0.0045,1.0000
50.0088,3.64,-36.1844,37.0156,47.2162,0.2525,359.9918,0.1683,-0.0194,-0.0648,-0.0245,-0.0001,-0.0044,1.0000
50.0288,3.64,-36.1848,37.0143,47.2157,0.2486,359.9911,0.1643,-0.0199,-0.0643,-0.0236,-0.0002,-0.0043,1.0000
50.0488,3.64,-36.1852,37.0130,47.2153,0.2448,359.9903,0.1603,-0.0203,-0.0638,-0.0228,-0.0002,-0.0043,1.0000
50.0688,3.64,-36.1856,37.0117,47.2149,0.2410,359.9896,0.1564,-0.0207,-0.0633,-0.0219,-0.0002,-0.0042,1.0000
50.0888,3.64,-36.1860,37.0105,47.2144,0.2373,359.9889,0.1525,-0.0211,-0.0628,-0.0211,-0.0002,-0.0041,1.0000
50.1088,3.64,-36.1864,37.0092,47.2140,0.2336,359.9882,0.1487,-0.0215,-0.0623,-0.0203,-0.0002,-0.0041,1.0000
50.1288,3.64,-36.1869,37.0080,47.2136,0.2299,359.9875,0.1450,-0.0219,-0.0618,-0.0194,-0.0002,-0.0040,1.0000
50.1488,3.64,-36.1873,37.0068,47.2133,0.2264,359.9868,0.1413,-0.0223,-0.0613,-0.0187,-0.0002,-0.0040,1.0000
50.1688,3.64,-36.1878,37.0055,47.2129,0.2228,359.9861,0.1377,-0.0226,-0.0608,-0.0179,-0.0002,-0.0039,1.0000
50.1888,3.64,-36.1882,37.0043,47.2126,0.2193,359.9855,0.1342,-0.0229,-0.0604,-0.0171,-0.0003,-0.0038,1.0000
50.2088,3.64,-36.1887,37.0031,47.2122,0.2159,359.9848,0.1307,-0.0233,-0.0599,-0.0164,-0.0003,-0.0038,1.0000
50.2288,3.64,-36.1892,37.0020,47.2119,0.2125,359.9842,0.1273,-0.0236,-0.0594,-0.0156,-0.0003,-0.0037,1.0000
50.2488,3.64,-36.1896,37.0008,47.2116,0.2091,359.9835,0.1239,-0.0239,-0.0589,-0.0149,-0.0003,-0.0036,1.0000
50.2688,3.64,-36.1901,36.9996,47.2113,0.2058,359.9829,0.1206,-0.0242,-0.0584,-0.0142,-0.0003,-0.0036,1.0000
50.2888,3.64,-36.1906,36.9984,47.2111,0.2025,359.9823,0.1173,-0.0245,-0.0580,-0.0135,-0.0003,-0.0035,1.0000
50.3088,3.64,-36.1911,36.9973,47.2108,0.1993,359.9816,0.1141,-0.0247,-0.0575,-0.0128,-0.0003,-0.0035,1.0000
50.3288,3.64,-36.1916,36.9962,47.2106,0.1961,359.9810,0.1110,-0.0250,-0.0570,-0.0122,-0.0003,-0.0034,1.0000
50.3488,3.64,-36.1921,36.9950,47.2103,0.1930,359.9804,0.1079,-0.0252,-0.0566,-0.0115,-0.0003,-0.0034,1.0000
50.3688,3.64,-36.1926,36.9939,47.2101,0.1899,359.9798,0.1048,-0.0255,-0.0561,-0.0109,-0.0004,-0.0033,1.0000
50.3888,3.64,-36.1931,36.9928,47.2099,0.1868,359.9792,0.1018,-0.0257,-0.0556,-0.0102,-0.0004,-0.0033,1.0000
50.4088,3.64,-36.1937,36.9917,47.2097,0.1838,359.9787,0.0989,-0.0259,-0.0552,-0.0096,-0.0004,-0.0032,1.0000
50.4288,3.64,-36.1942,36.9906,47.2095,0.1808,359.9781,0.0960,-0.0261,-0.0547,-0.0090,-0.0004,-0.0032,1.0000
50.4488,3.64,-36.1947,36.9895,47.2094,0.1779,359.9775,0.0932,-0.0263,-0.0543,-0.0084,-0.0004,-0.0031,1.0000
50.4688,3.64,-36.1952,36.9884,47.2092,0.1750,359.9770,0.0904,-0.0265,-0.0538,-0.0078,-0.0004,-0.0031,1.0000
50.4888,3.64,-36.1958,36.9874,47.2091,0.1721,359.9764,0.0876,-0.0267,-0.0534,-0.0073,-0.0004,-0.0030,1.0000
50.5088,3.64,-36.1963,36.9863,47.2089,0.1693,359.9759,0.0850,-0.0268,-0.0529,-0.0067,-0.0004,-0.0030,1.0000
50.5288,3.64,-36.1968,36.9853,47.2088,0.1665,359.9753,0.0823,-0.0270,-0.0525,-0.0061,-0.0004,-0.0029,1.0000
50.5488,3.64,-36.1974,36.9842,47.2087,0.1638,359.9748,0.0797,-0.0272,-0.0520,-0.0056,-0.0004,-0.0029,1.0000
50.5688,3.64,-36.1979,36.9832,47.2086,0.1610,359.9743,0.0772,-0.0273,-0.0516,-0.0051,-0.0004,-0.0028,1.0000
50.5888,3.64,-36.1985,36.9822,47.2085,0.1584,359.9738,0.0747,-0.0274,-0.0512,-0.0045,-0.0005,-0.0028,1.0000
50.6088,3.64,-36.1990,36.9811,47.2084,0.1557,359.9733,0.0722,-0.0276,-0.0507,-0.0040,-0.0005,-0.0027,1.0000
50.6288,3.64,-36.1996,36.9801,47.2084,0.1531,359.9728,0.0698,-0.0277,-0.0503,-0.0035,-0.0005,-0.0027,1.0000
50.6488,3.64,-36.2001,36.9791,47.2083,0.1505,359.9723,0.0675,-0.0278,-0.0499,-0.0030,-0.0005,-0.0026,1.0000
50.6688,3.64,-36.2007,36.9782,47.2083,0.1480,359.9718,0.0651,-0.0279,-0.0495,-0.0026,-0.0005,-0.0026,1.0000
50.6888,3.64,-36.2013,36.9772,47.2082,0.1455,359.9713,0.0629,-0.0280,-0.0490,-0.0021,-0.0005,-0.0025,1.0000
50.7088,3.64,-36.2018,36.9762,47.2082,0.1430,359.9709,0.0606,-0.0281,-0.0486,-0.0016,-0.0005,-0.0025,1.0000
50.7288,115.37,-36.2024,36.9752,47.2082,0.1406,359.9704,0.0584,-0.0281,-0.0482,-0.0012,-0.0005,-0.0025,1.0000
50.7488,115.37,-36.2030,36.9743,47.2081,0.1382,359.9699,0.0563,-0.0282,-0.0478,-0.0007,-0.0005,-0.0024,1.0000
50.7688,115.37,-36.2035,36.9733,47.2081,0.1358,359.9695,0.0541,-0.0283,-0.0474,-0.0003,-0.0005,-0.0024,1.0000
50.7888,115.37,-36.2041,36.9724,47.2081,0.1335,359.9691,0.0521,-0.0283,-0.0470,0.0001,-0.0005,-0.0023,1.0000
50.8088,115.37,-36.2047,36.9715,47.2081,0.1312,359.9686,0.0500,-0.0284,-0.0466,0.0005,-0.0005,-0.0023,1.0000
50.8288,115.37,-36.2052,36.9705,47.2082,0.1289,359.9682,0.0480,-0.0284,-0.0462,0.0009,-0.0006,-0.0022,1.0000
50.8488,115.37,-36.2058,36.9696,47.2082,0.1266,359.9678,0.0461,-0.0285,-0.0458,0.0013,-0.0006,-0.0022,1.0000
50.8688,115.37,-36.2064,36.9687,47.2082,0.1244,359.9673,0.0442,-0.0285,-0.0453,0.0017,-0.0006,-0.0022,1.0000
50.8888,115.37,-36.2069,36.9678,47.2083,0.1222,359.9669,0.0423,-0.0285,-0.0450,0.0021,-0.0006,-0.0021,1.0000
50.9088,115.37,-36.2075,36.9669,47.2083,0.1201,359.9666,0.0404,-0.0285,-0.0446,0.0025,-0.0006,-0.0021,1.0000
50.9288,115.37,-36.2081,36.9660,47.2084,0.1179,359.9662,0.0386,-0.0286,-0.0442,0.0028,-0.0006,-0.0021,1.0000
50.9488,115.37,-36.2086,36.9652,47.2084,0.1158,359.9658,0.0369,-0.0286,-0.0438,0.0032,-0.0006,-0.0020,1.0000
50.9688,115.37,-36.2092,36.9643,47.2085,0.1138,359.9654,0.0351,-0.0286,-0.0434,0.0035,-0.0006,-0.0020,1.0000
50.9888,115.37,-36.2098,36.9634,47.2086,0.1117,359.9650,0.0334,-0.0286,-0.0430,0.0039,-0.0006,-0.0019,1.0000
51.0088,115.37,-36.2104,36.9626,47.2087,0.1097,359.9646,0.0317,-0.0286,-0.0426,0.0042,-0.0006,-0.0019,1.0000
51.0288,115.37,-36.2109,36.9617,47.2088,0.1077,359.9643,0.0301,-0.0286,-0.0422,0.0045,-0.0006,-0.0019,1.0000
51.0488,115.37,-36.2115,36.9609,47.2089,0.1058,359.9639,0.0285,-0.0285,-0.0419,0.0049,-0.0006,-0.0018,1.0000
51.0688,115.37,-36.2121,36.9601,47.2090,0.1038,359.9635,0.0269,-0.0285,-0.0415,0.0052,-0.0006,-0.0018,1.0000
51.0888,115.37,-36.2126,36.9592,47.2091,0.1019,359.9632,0.0254,-0.0285,-0.0411,0.0055,-0.0006,-0.0018,1.0000
51.1088,115.37,-36.2132,36.9584,47.2092,0.1000,359.9629,0.0239,-0.0285,-0.0407,0.0058,-0.0006,-0.0017,1.0000
51.1288,115.37,-36.2138,36.9576,47.2093,0.0981,359.9625,0.0224,-0.0284,-0.0404,0.0061,-0.0007,-0.0017,1.0000
51.1488,115.37,-36.2143,36.9568,47.2094,0.0963,359.9622,0.0210,-0.0284,-0.0400,0.0063,-0.0007,-0.0017,1.0000
51.1688,115.37,-36.2149,36.9560,47.2096,0.0945,359.9619,0.0196,-0.0283,-0.0396,0.0066,-0.0007,-0.0016,1.0000
51.1888,115.37,-36.2155,36.9552,47.2097,0.0927,359.9615,0.0182,-0.0283,-0.0393,0.0069,-0.0007,-0.0016,1.0000
51.2088,115.37,-36.2160,36.9545,47.2099,0.0909,359.9612,0.0168,-0.0282,-0.0389,0.0072,-0.0007,-0.0016,1.0000
51.2288,115.37,-36.2166,36.9537,47.2100,0.0892,359.9609,0.0155,-0.0282,-0.0386,0.0074,-0.0007,-0.0016,1.0000
51.2488,115.37,-36.2172,36.9529,47.2102,0.0875,359.9606,0.0142,-0.0281,-0.0382,0.0077,-0.0007,-0.0015,1.0000
51.2688,115.37,-36.2177,36.9522,47.2103,0.0858,359.9603,0.0129,-0.0280,-0.0379,0.0079,-0.0007,-0.0015,1.0000
51.2888,115.37,-36.2183,36.9514,47.2105,0.0841,359.9600,0.0117,-0.0280,-0.0375,0.0081,-0.0007,-0.0015,1.0000
51.3088,115.37,-36.2189,36.9507,47.2106,0.0825,359.9597,0.0105,-0.0279,-0.0372,0.0084,-0.0007,-0.0014,1.0000
51.3288,115.37,-36.2194,36.9499,47.2108,0.0809,359.9594,0.0093,-0.0278,-0.0368,0.0086,-0.0007,-0.0014,1.0000
51.3488,115.37,-36.2200,36.9492,47.2110,0.0793,359.9592,0.0081,-0.0277,-0.0365,0.0088,-0.0007,-0.0014,1.0000
51.3688,115.37,-36.2205,36.9485,47.2112,0.0777,359.9589,0.0070,-0.0277,-0.0361,0.0090,-0.0007,-0.0014,1.0000
51.3888,115.37,-36.2211,36.9478,47.2114,0.0761,359.9586,0.0058,-0.0276,-0.0358,0.0092,-0.0007,-0.0013,1.0000
51.4088,115.37,-36.2216,36.9471,47.2115,0.0746,359.9584,0.0048,-0.0275,-0.0355,0.0094,-0.0007,-0.0013,1.0000
51.4288,115.37,-36.2222,36.9464,47.2117,0.0731,359.9581,0.0037,-0.0274,-0.0351,0.0096,-0.0007,-0.0013,1.0000
51.4488,115.37,-36.2227,36.9457,47.2119,0.0716,359.9579,0.0027,-0.0273,-0.0348,0.0098,-0.0007,-0.0012,1.0000
51.4688,115.37,-36.2233,36.9450,47.2121,0.0701,359.9576,0.0016,-0.0272,-0.0345,0.0100,-0.0007,-0.0012,1.0000
51.4888,115.37,-36.2238,36.9443,47.2123,0.0687,359.9574,0.0006,-0.0271,-0.0341,0.0102,-0.0007,-0.0012,1.0000
51.5088,115.37,-36.2243,36.9436,47.2125,0.0672,359.9571,-0.0003,-0.0270,-0.0338,0.0104,-0.0007,-0.0012,1.0000
51.5288,115.37,-36.2249,36.9430,47.2127,0.0658,359.9569,-0.0013,-0.0269,-0.0335,0.0105,-0.0008,-0.0011,1.0000
51.5488,115.37,-36.2254,36.9423,47.2130,0.0644,359.9566,-0.0022,-0.0268,-0.0332,0.0107,-0.0008,-0.0011,1.0000
51.5688,115.37,-36.2259,36.9416,47.2132,0.0630,359.9564,-0.0031,-0.0267,-0.0328,0.0109,-0.0008,-0.0011,1.0000
51.5888,115.37,-36.2265,36.9410,47.2134,0.0617,359.9562,-0.0040,-0.0266,-0.0325,0.0110,-0.0008,-0.0011,1.0000
51.6088,115.37,-36.2270,36.9403,47.2136,0.0604,359.9560,-0.0048,-0.0264,-0.0322,0.0112,-0.0008,-0.0011,1.0000
51.6288,115.37,-36.2275,36.9397,47.2138,0.0590,359.9558,-0.0057,-0.0263,-0.0319,0.0113,-0.0008,-0.0010,1.0000
51.6488,115.37,-36.2281,36.9391,47.2141,0.0577,359.9556,359.9935,-0.0262,-0.0316,0.0114,-0.0008,-0.0010,1.0000
51.6688,115.37,-36.2286,36.9384,47.2143,0.0565,359.9554,359.9927,-0.0261,-0.0313,0.0116,-0.0008,-0.0010,1.0000
51.6888,115.37,-36.2291,36.9378,47.2145,0.0552,359.9552,359.9919,-0.0260,-0.0310,0.0117,-0.0008,-0.0010,1.0000
51.7088,115.37,-36.2296,36.9372,47.2148,0.0540,359.9550,359.9912,-0.0258,-0.0307,0.0118,-0.0008,-0.0009,1.0000
51.7288,118.52,-36.2301,36.9366,47.2150,0.0527,359.9548,359.9905,-0.0257,-0.0304,0.0120,-0.0008,-0.0009,1.0000
51.7488,118.52,-36.2306,36.9360,47.2153,0.0515,359.9546,359.9897,-0.0256,-0.0301,0.0121,-0.0008,-0.0009,1.0000
51.7688,118.52,-36.2311,36.9354,47.2155,0.0503,359.9544,359.9890,-0.0255,-0.0298,0.0122,-0.0008,-0.0009,1.0000
51.7888,118.52,-36.2317,36.9348,47.2157,0.0492,359.9542,359.9884,-0.0253,-0.0295,0.0123,-0.0008,-0.0009,1.0000
51.8088,118.52,-36.2322,36.9342,47.2160,0.0480,359.9540,359.9877,-0.0252,-0.0292,0.0124,-0.0008,-0.0008,1.0000
51.8288,118.52,-36.2327,36.9336,47.2162,0.0468,359.9539,359.9871,-0.0250,-0.0289,0.0125,-0.0008,-0.0008,1.0000
51.8488,118.52,-36.2332,36.9331,47.2165,0.0457,359.9537,359.9864,-0.0249,-0.0286,0.0126,-0.0008,-0.0008,1.0000
51.8688,118.52,-36.2337,36.9325,47.2168,0.0446,359.9535,359.9858,-0.0248,-0.0283,0.0127,-0.0008,-0.0008,1.0000
51.8888,118.52,-36.2341,36.9319,47.2170,0.0435,359.9534,359.9852,-0.0246,-0.0280,0.0128,-0.0008,-0.0008,1.0000
51.9088,118.52,-36.2346,36.9314,47.2173,0.0424,359.9532,359.9846,-0.0245,-0.0278,0.0129,-0.0008,-0.0007,1.0000
51.9288,118.52,-36.2351,36.9308,47.2175,0.0414,359.9531,359.9841,-0.0243,-0.0275,0.0130,-0.0008,-0.0007,1.0000
51.9488,118.52,-36.2356,36.9303,47.2178,0.0403,359.9529,359.9835,-0.0242,-0.0272,0.0130,-0.0008,-0.0007,1.0000
51.9688,118.52,-36.2361,36.9298,47.2180,0.0393,359.9528,359.9830,-0.0241,-0.0269,0.0131,-0.0008,-0.0007,1.0000
51.9888,118.52,-36.2366,36.9292,47.2183,0.0383,359.9526,359.9825,-0.0239,-0.0267,0.0132,-0.0008,-0.0007,1.0000
52.0088,118.52,-36.2370,36.9287,47.2186,0.0373,359.9525,359.9820,-0.0238,-0.0264,0.0133,-0.0008,-0.0007,1.0000
52.0288,118.52,-36.2375,36.9282,47.2188,0.0363,359.9523,359.9815,-0.0236,-0.0261,0.0133,-0.0008,-0.0006,1.0000
52.0488,118.52,-36.2380,36.9277,47.2191,0.0353,359.9522,359.9810,-0.0235,-0.0258,0.0134,-0.0008,-0.0006,1.0000
52.0688,118.52,-36.2384,36.9271,47.2194,0.0344,359.9521,359.9806,-0.0233,-0.0256,0.0135,-0.0008,-0.0006,1.0000
52.0888,118.52,-36.2389,36.9266,47.2197,0.0334,359.9519,359.9801,-0.0232,-0.0253,0.0135,-0.0008,-0.0006,1.0000
52.1088,118.52,-36.2394,36.9261,47.2199,0.0325,359.9518,359.9797,-0.0230,-0.0251,0.0136,-0.0008,-0.0006,1.0000
52.1288,118.52,-36.2398,36.9256,47.2202,0.0316,359.9517,359.9793,-0.0229,-0.0248,0.0136,-0.0008,-0.0006,1.0000
52.1488,118.52,-36.2403,36.9252,47.2205,0.0307,359.9516,359.9789,-0.0227,-0.0245,0.0137,-0.0008,-0.0005,1.0000
52.1688,118.52,-36.2407,36.9247,47.2207,0.0298,359.9514,359.9785,-0.0226,-0.0243,0.0137,-0.0008,-0.0005,1.0000
52.1888,118.52,-36.2412,36.9242,47.2210,0.0289,359.9513,359.9781,-0.0224,-0.0240,0.0137,-0.0008,-0.0005,1.0000
52.2088,118.52,-36.2416,36.9237,47.2213,0.0281,359.9512,359.9778,-0.0222,-0.0238,0.0138,-0.0009,-0.0005,1.0000
52.2288,118.52,-36.2421,36.9232,47.2216,0.0272,359.9511,359.9774,-0.0221,-0.0235,0.0138,-0.0009,-0.0005,1.0000
52.2488,118.52,-36.2425,36.9228,47.2218,0.0264,359.9510,359.9771,-0.0219,-0.0233,0.0138,-0.0009,-0.0005,1.0000
52.2688,118.52,-36.2429,36.9223,47.2221,0.0256,359.9509,359.9767,-0.0218,-0.0230,0.0139,-0.0009,-0.0004,1.0000
52.2888,118.52,-36.2434,36.9219,47.2224,0.0248,359.9508,359.9764,-0.0216,-0.0228,0.0139,-0.0009,-0.0004,1.0000
52.3088,118.52,-36.2438,36.9214,47.2227,0.0240,359.9507,359.9761,-0.0215,-0.0225,0.0139,-0.0009,-0.0004,1.0000
52.3288,118.52,-36.2442,36.9210,47.2230,0.0232,359.9506,359.9758,-0.0213,-0.0223,0.0139,-0.0009,-0.0004,1.0000
52.3488,118.52,-36.2447,36.9205,47.2232,0.0224,359.9505,359.9755,-0.0212,-0.0221,0.0140,-0.0009,-0.0004,1.0000
52.3688,118.52,-36.2451,36.9201,47.2235,0.0217,359.9504,359.9753,-0.0210,-0.0218,0.0140,-0.0009,-0.0004,1.0000
52.3888,118.52,-36.2455,36.9197,47.2238,0.0209,359.9503,359.9750,-0.0208,-0.0216,0.0140,-0.0009,-0.0004,1.0000
52.4088,118.52,-36.2459,36.9192,47.2241,0.0202,359.9502,359.9747,-0.0207,-0.0213,0.0140,-0.0009,-0.0004,1.0000
52.4288,118.52,-36.2463,36.9188,47.2244,0.0195,359.9502,359.9745,-0.0205,-0.0211,0.0140,-0.0009,-0.0003,1.0000
52.4488,118.52,-36.2467,36.9184,47.2246,0.0188,359.9501,359.9743,-0.0204,-0.0209,0.0140,-0.0009,-0.0003,1.0000
52.4688,118.52,-36.2471,36.9180,47.2249,0.0180,359.9500,359.9741,-0.0202,-0.0207,0.0140,-0.0009,-0.0003,1.0000
52.4888,118.52,-36.2475,36.9176,47.2252,0.0174,359.9499,359.9738,-0.0200,-0.0204,0.0140,-0.0009,-0.0003,1.0000
52.5088,118.52,-36.2479,36.9172,47.2255,0.0167,359.9498,359.9736,-0.0199,-0.0202,0.0140,-0.0009,-0.0003,1.0000
52.5288,118.52,-36.2483,36.9168,47.2258,0.0160,359.9498,359.9734,-0.0197,-0.0200,0.0140,-0.0009,-0.0003,1.0000
52.5488,118.52,-36.2487,36.9164,47.2260,0.0154,359.9497,359.9733,-0.0196,-0.0198,0.0140,-0.0009,-0.0003,1.0000
52.5688,118.52,-36.2491,36.9160,47.2263,0.0147,359.9496,359.9731,-0.0194,-0.0195,0.0140,-0.0009,-0.0003,1.0000
52.5888,118.52,-36.2495,36.9156,47.2266,0.0141,359.9496,359.9729,-0.0192,-0.0193,0.0140,-0.0009,-0.0002,1.0000
52.6088,118.52,-36.2499,36.9152,47.2269,0.0135,359.9495,359.9727,-0.0191,-0.0191,0.0140,-0.0009,-0.0002,1.0000
52.6288,118.52,-36.2502,36.9148,47.2272,0.0129,359.9494,359.9726,-0.0189,-0.0189,0.0140,-0.0009,-0.0002,1.0000
52.6488,118.52,-36.2506,36.9145,47.2274,0.0123,359.9494,359.9725,-0.0188,-0.0187,0.0140,-0.0009,-0.0002,1.0000
52.6688,118.52,-36.2510,36.9141,47.2277,0.0117,359.9493,359.9724,-0.0186,-0.0185,0.0140,-0.0009,-0.0002,1.0000
52.6888,118.52,-36.2514,36.9137,47.2280,0.0111,359.9492,359.9722,-0.0185,-0.0183,0.0139,-0.0009,-0.0002,1.0000
52.7088,118.52,-36.2517,36.9134,47.2283,0.0105,359.9492,359.9721,-0.0183,-0.0181,0.0139,-0.0009,-0.0002,1.0000
52.7288,126.37,-36.2521,36.9130,47.2286,0.0100,359.9492,359.9720,-0.0181,-0.0178,0.0139,-0.0009,-0.0002,1.0000
52.7488,126.37,-36.2524,36.9127,47.2288,0.0094,359.9491,359.9719,-0.0180,-0.0176,0.0139,-0.0009,-0.0002,1.0000
52.7688,126.37,-36.2528,36.9123,47.2291,0.0089,359.9491,359.9718,-0.0178,-0.0174,0.0139,-0.0009,-0.0002,1.0000
52.7888,126.37,-36.2532,36.9120,47.2294,0.0084,359.9490,359.9717,-0.0177,-0.0172,0.0138,-0.0009,-0.0001,1.0000
52.8088,126.37,-36.2535,36.9116,47.2297,0.0078,359.9489,359.9716,-0.0175,-0.0170,0.0138,-0.0009,-0.0001,1.0000
52.8288,126.37,-36.2539,36.9113,47.2299,0.0073,359.9489,359.9716,-0.0174,-0.0168,0.0138,-0.0009,-0.0001,1.0000
52.8488,126.37,-36.2542,36.9110,47.2302,0.0068,359.9489,359.9715,-0.0172,-0.0166,0.0138,-0.0009,-0.0001,1.0000
52.8688,126.37,-36.2545,36.9106,47.2305,0.0063,359.9488,359.9714,-0.0170,-0.0165,0.0137,-0.0009,-0.0001,1.0000
52.8888,126.37,-36.2549,36.9103,47.2308,0.0058,359.9488,359.9714,-0.0169,-0.0163,0.0137,-0.0009,-0.0001,1.0000
52.9088,126.37,-36.2552,36.9100,47.2310,0.0054,359.9487,359.9713,-0.0167,-0.0161,0.0137,-0.0009,-0.0001,1.0000
52.9288,126.37,-36.2555,36.9097,47.2313,0.0049,359.9487,359.9713,-0.0166,-0.0159,0.0136,-0.0009,-0.0001,1.0000
52.9488,126.37,-36.2559,36.9094,47.2316,0.0044,359.9487,359.9713,-0.0164,-0.0157,0.0136,-0.0009,-0.0001,1.0000
52.9688,126.37,-36.2562,36.9090,47.2319,0.0040,359.9486,359.9712,-0.0163,-0.0155,0.0135,-0.0009,-0.0001,1.0000
52.9888,126.37,-36.2565,36.9087,47.2321,0.0036,359.9486,359.9712,-0.0161,-0.0153,0.0135,-0.0009,-0.0001,1.0000
53.0088,126.37,-36.2568,36.9084,47.2324,0.0031,359.9485,359.9712,-0.0160,-0.0151,0.0135,-0.0009,-0.0001,1.0000
53.0288,126.37,-36.2572,36.9081,47.2327,0.0027,359.9485,359.9712,-0.0158,-0.0150,0.0134,-0.0009,0.0000,1.0000
53.0488,126.37,-36.2575,36.9078,47.2329,0.0023,359.9485,359.9712,-0.0157,-0.0148,0.0134,-0.0009,0.0000,1.0000
53.0688,126.37,-36.2578,36.9076,47.2332,0.0019,359.9485,359.9712,-0.0155,-0.0146,0.0133,-0.0009,0.0000,1.0000
53.0888,126.37,-36.2581,36.9073,47.2335,0.0015,359.9485,359.9712,-0.0154,-0.0144,0.0133,-0.0009,0.0000,1.0000
53.1088,126.37,-36.2584,36.9070,47.2337,0.0011,359.9484,359.9712,-0.0152,-0.0142,0.0132,-0.0009,0.0000,1.0000
53.1288,126.37,-36.2587,36.9067,47.2340,0.0007,359.9484,359.9712,-0.0151,-0.0141,0.0132,-0.0009,0.0000,1.0000
53.1488,126.37,-36.2590,36.9064,47.2343,0.0003,359.9484,359.9712,-0.0149,-0.0139,0.0131,-0.0009,0.0000,1.0000
53.1688,126.37,-36.2593,36.9061,47.2345,0.0000,359.9484,359.9712,-0.0148,-0.0137,0.0131,-0.0009,0.0000,1.0000
53.1888,126.37,-36.2596,36.9059,47.2348,-0.0004,359.9483,359.9713,-0.0146,-0.0136,0.0131,-0.0009,0.0000,1.0000
53.2088,126.37,-36.2599,36.9056,47.2350,-0.0007,359.9483,359.9713,-0.0145,-0.0134,0.0130,-0.0009,0.0000,1.0000
53.2288,126.37,-36.2602,36.9053,47.2353,-0.0011,359.9483,359.9713,-0.0143,-0.0132,0.0129,-0.0009,0.0000,1.0000
53.2488,126.37,-36.2604,36.9051,47.2356,-0.0014,359.9483,359.9714,-0.0142,-0.0131,0.0129,-0.0009,0.0000,1.0000
53.2688,126.37,-36.2607,36.9048,47.2358,-0.0018,359.9483,359.9714,-0.0140,-0.0129,0.0128,-0.0009,0.0000,1.0000
53.2888,126.37,-36.2610,36.9046,47.2361,-0.0021,359.9483,359.9714,-0.0139,-0.0127,0.0128,-0.0009,0.0000,1.0000
53.3088,126.37,-36.2613,36.9043,47.2363,-0.0024,359.9482,359.9715,-0.0138,-0.0126,0.0127,-0.0009,0.0000,1.0000
53.3288,126.37,-36.2615,36.9041,47.2366,-0.0027,359.9482,359.9716,-0.0136,-0.0124,0.0127,-0.0009,0.0000,1.0000
53.3488,126.37,-36.2618,36.9038,47.2368,-0.0030,359.9482,359.9716,-0.0135,-0.0122,0.0126,-0.0009,0.0001,1.0000
53.3688,126.37,-36.2621,36.9036,47.2371,-0.0033,359.9482,359.9717,-0.0133,-0.0121,0.0126,-0.0009,0.0001,1.0000
53.3888,126.37,-36.2623,36.9033,47.2373,-0.0036,359.9482,359.9717,-0.0132,-0.0119,0.0125,-0.0009,0.0001,1.0000
53.4088,126.37,-36.2626,36.9031,47.2376,-0.0039,359.9482,359.9718,-0.0131,-0.0118,0.0124,-0.0009,0.0001,1.0000
53.4288,126.37,-36.2629,36.9029,47.2378,-0.0041,359.9482,359.9719,-0.0129,-0.0116,0.0124,-0.0009,0.0001,1.0000
53.4488,126.37,-36.2631,36.9026,47.2381,-0.0044,359.9482,359.9720,-0.0128,-0.0115,0.0123,-0.0009,0.0001,1.0000
53.4688,126.37,-36.2634,36.9024,47.2383,-0.0047,359.9482,359.9721,-0.0126,-0.0113,0.0123,-0.0009,0.0001,1.0000
53.4888,126.37,-36.2636,36.9022,47.2386,-0.0049,359.9482,359.9721,-0.0125,-0.0112,0.0122,-0.0009,0.0001,1.0000
53.5088,126.37,-36.2639,36.9020,47.2388,-0.0052,359.9482,359.9722,-0.0124,-0.0110,0.0121,-0.0009,0.0001,1.0000
53.5288,126.37,-36.2641,36.9018,47.2390,-0.0054,359.9482,359.9723,-0.0122,-0.0109,0.0121,-0.0009,0.0001,1.0000
53.5488,126.37,-36.2644,36.9015,47.2393,-0.0057,359.9482,359.9724,-0.0121,-0.0107,0.0120,-0.0009,0.0001,1.0000
53.5688,126.37,-36.2646,36.9013,47.2395,359.9941,359.9482,359.9725,-0.0120,-0.0106,0.0119,-0.0009,0.0001,1.0000
53.5888,126.37,-36.2648,36.9011,47.2398,359.9939,359.9482,359.9726,-0.0118,-0.0105,0.0119,-0.0009,0.0001,1.0000
53.6088,126.37,-36.2651,36.9009,47.2400,359.9937,359.9482,359.9727,-0.0117,-0.0103,0.0118,-0.0009,0.0001,1.0000
53.6288,126.37,-36.2653,36.9007,47.2402,359.9934,359.9482,359.9728,-0.0116,-0.0102,0.0118,-0.0009,0.0001,1.0000
53.6488,126.37,-36.2655,36.9005,47.2405,359.9932,359.9482,359.9729,-0.0115,-0.0100,0.0117,-0.0009,0.0001,1.0000
53.6688,126.37,-36.2658,36.9003,47.2407,359.9930,359.9482,359.9730,-0.0113,-0.0099,0.0116,-0.0009,0.0001,1.0000
53.6888,126.37,-36.2660,36.9001,47.2409,359.9928,359.9482,359.9731,-0.0112,-0.0098,0.0116,-0.0009,0.0001,1.0000
53.7088,126.37,-36.2662,36.8999,47.2412,359.9926,359.9482,359.9733,-0.0111,-0.0096,0.0115,-0.0009,0.0001,1.0000
53.7288,126.37,-36.2664,36.8997,47.2414,359.9924,359.9482,359.9734,-0.0109,-0.0095,0.0114,-0.0009,0.0001,1.0000
53.7488,122.38,-36.2666,36.8995,47.2416,359.9922,359.9482,359.9735,-0.0108,-0.0094,0.0114,-0.0009,0.0001,1.0000
53.7688,122.38,-36.2668,36.8994,47.2418,359.9921,359.9482,359.9736,-0.0107,-0.0092,0.0113,-0.0009,0.0001,1.0000
53.7888,122.38,-36.2671,36.8992,47.2421,359.9919,359.9482,359.9738,-0.0106,-0.0091,0.0112,-0.0009,0.0001,1.0000
53.8088,122.38,-36.2673,36.8990,47.2423,359.9917,359.9482,359.9739,-0.0104,-0.0090,0.0112,-0.0009,0.0001,1.0000
53.8288,122.38,-36.2675,36.8988,47.2425,359.9915,359.9482,359.9740,-0.0103,-0.0088,0.0111,-0.0009,0.0001,1.0000
53.8488,122.38,-36.2677,36.8986,47.2427,359.9914,359.9482,359.9741,-0.0102,-0.0087,0.0110,-0.0009,0.0002,1.0000
53.8688,122.38,-36.2679,36.8985,47.2429,359.9912,359.9482,359.9742,-0.0101,-0.0086,0.0109,-0.0009,0.0002,1.0000
53.8888,122.38,-36.2681,36.8983,47.2432,359.9911,359.9482,359.9744,-0.0100,-0.0085,0.0109,-0.0009,0.0002,1.0000
53.9088,122.38,-36.2683,36.8981,47.2434,359.9910,359.9482,359.9745,-0.0098,-0.0084,0.0108,-0.0009,0.0002,1.0000
53.9288,122.38,-36.2685,36.8980,47.2436,359.9908,359.9482,359.9746,-0.0097,-0.0082,0.0107,-0.0009,0.0002,1.0000
53.9488,122.38,-36.2687,36.8978,47.2438,359.9907,359.9482,359.9748,-0.0096,-0.0081,0.0107,-0.0009,0.0002,1.0000
53.9688,122.38,-36.2689,36.8976,47.2440,359.9905,359.9482,359.9749,-0.0095,-0.0080,0.0106,-0.0009,0.0002,1.0000
53.9888,122.38,-36.2690,36.8975,47.2442,359.9904,359.9482,359.9751,-0.0094,-0.0079,0.0105,-0.0009,0.0002,1.0000
54.0088,122.38,-36.2692,36.8973,47.2444,359.9903,359.9483,359.9752,-0.0093,-0.0078,0.0105,-0.0009,0.0002,1.0000
54.0288,122.38,-36.2694,36.8972,47.2446,359.9902,359.9483,359.9753,-0.0092,-0.0076,0.0104,-0.0009,0.0002,1.0000
54.0488,122.38,-36.2696,36.8970,47.2449,359.9901,359.9483,359.9755,-0.0090,-0.0075,0.0103,-0.0009,0.0002,1.0000
54.0688,122.38,-36.2698,36.8969,47.2451,359.9900,359.9483,359.9756,-0.0089,-0.0074,0.0102,-0.0009,0.0002,1.0000
54.0888,122.38,-36.2699,36.8967,47.2453,359.9898,359.9483,359.9758,-0.0088,-0.0073,0.0102,-0.0009,0.0002,1.0000
54.1088,122.38,-36.2701,36.8966,47.2455,359.9897,359.9483,359.9759,-0.0087,-0.0072,0.0101,-0.0009,0.0002,1.0000
54.1288,122.38,-36.2703,36.8965,47.2457,359.9897,359.9483,359.9761,-0.0086,-0.0071,0.0100,-0.0009,0.0002,1.0000
54.1488,122.38,-36.2705,36.8963,47.2459,359.9896,359.9483,359.9762,-0.0085,-0.0070,0.0100,-0.0009,0.0002,1.0000
54.1688,122.38,-36.2706,36.8962,47.2461,359.9895,359.9484,359.9763,-0.0084,-0.0069,0.0099,-0.0009,0.0002,1.0000
54.1888,122.38,-36.2708,36.8960,47.2463,359.9894,359.9484,359.9765,-0.0083,-0.0068,0.0098,-0.0009,0.0002,1.0000
54.2088,122.38,-36.2710,36.8959,47.2465,359.9893,359.9484,359.9767,-0.0082,-0.0067,0.0098,-0.0009,0.0002,1.0000
54.2288,122.38,-36.2711,36.8958,47.2466,359.9892,359.9484,359.9768,-0.0081,-0.0065,0.0097,-0.0009,0.0002,1.0000
54.2488,122.38,-36.2713,36.8957,47.2468,359.9891,359.9484,359.9770,-0.0080,-0.0064,0.0096,-0.0009,0.0002,1.0000
54.2688,122.38,-36.2714,36.8955,47.2470,359.9891,359.9484,359.9771,-0.0079,-0.0063,0.0095,-0.0009,0.0002,1.0000
54.2888,122.38,-36.2716,36.8954,47.2472,359.9890,359.9485,359.9773,-0.0078,-0.0062,0.0095,-0.0009,0.0002,1.0000
54.3088,122.38,-36.2717,36.8953,47.2474,359.9889,359.9485,359.9774,-0.0077,-0.0061,0.0094,-0.0009,0.0002,1.0000
54.3288,122.38,-36.2719,36.8952,47.2476,359.9889,359.9485,359.9776,-0.0076,-0.0060,0.0093,-0.0009,0.0002,1.0000
54.3488,122.38,-36.2720,36.8950,47.2478,359.9888,359.9485,359.9778,-0.0075,-0.0059,0.0093,-0.0009,0.0002,1.0000
54.3688,122.38,-36.2722,36.8949,47.2480,359.9888,359.9485,359.9779,-0.0074,-0.0058,0.0092,-0.0009,0.0002,1.0000
54.3888,122.38,-36.2723,36.8948,47.2481,359.9887,359.9485,359.9781,-0.0073,-0.0057,0.0091,-0.0009,0.0002,1.0000
54.4088,122.38,-36.2725,36.8947,47.2483,359.9886,359.9485,359.9782,-0.0072,-0.0057,0.0091,-0.0009,0.0002,1.0000
54.4288,122.38,-36.2726,36.8946,47.2485,359.9886,359.9486,359.9784,-0.0071,-0.0056,0.0090,-0.0009,0.0002,1.0000
54.4488,122.38,-36.2728,36.8945,47.2487,359.9886,359.9486,359.9785,-0.0070,-0.0055,0.0089,-0.0009,0.0002,1.0000
54.4688,122.38,-36.2729,36.8944,47.2489,359.9885,359.9486,359.9787,-0.0069,-0.0054,0.0088,-0.0009,0.0002,1.0000
54.4888,122.38,-36.2730,36.8943,47.2490,359.9885,359.9486,359.9789,-0.0068,-0.0053,0.0088,-0.0009,0.0002,1.0000
54.5088,122.38,-36.2732,36.8942,47.2492,359.9885,359.9486,359.9790,-0.0067,-0.0052,0.0087,-0.0009,0.0002,1.0000
54.5288,122.38,-36.2733,36.8940,47.2494,359.9884,359.9487,359.9792,-0.0066,-0.0051,0.0086,-0.0009,0.0002,1.0000
54.5488,122.38,-36.2734,36.8939,47.2496,359.9884,359.9487,359.9793,-0.0065,-0.0050,0.0086,-0.0009,0.0002,1.0000
54.5688,122.38,-36.2736,36.8938,47.2497,359.9884,359.9487,359.9795,-0.0064,-0.0049,0.0085,-0.0009,0.0002,1.0000
54.5888,122.38,-36.2737,36.8938,47.2499,359.9883,359.9487,359.9796,-0.0063,-0.0048,0.0084,-0.0009,0.0002,1.0000
54.6088,122.38,-36.2738,36.8937,47.2501,359.9883,359.9487,359.9798,-0.0063,-0.0048,0.0084,-0.0009,0.0002,1.0000
54.6288,122.38,-36.2739,36.8936,47.2502,359.9883,359.9488,359.9799,-0.0062,-0.0047,0.0083,-0.0009,0.0002,1.0000
54.6488,122.38,-36.2741,36.8935,47.2504,359.9883,359.9488,359.9801,-0.0061,-0.0046,0.0082,-0.0009,0.0002,1.0000
54.6688,122.38,-36.2742,36.8934,47.2506,359.9883,359.9488,359.9803,-0.0060,-0.0045,0.0082,-0.0009,0.0002,1.0000
54.6888,122.38,-36.2743,36.8933,47.2507,359.9883,359.9488,359.9804,-0.0059,-0.0044,0.0081,-0.0009,0.0002,1.0000
54.7088,122.38,-36.2744,36.8932,47.2509,359.9883,359.9488,359.9806,-0.0058,-0.0043,0.0080,-0.0009,0.0002,1.0000
54.7288,122.38,-36.2745,36.8931,47.2510,359.9883,359.9489,359.9807,-0.0057,-0.0043,0.0079,-0.0009,0.0002,1.0000
54.7488,123.74,-36.2746,36.8930,47.2512,359.9882,359.9489,359.9809,-0.0057,-0.0042,0.0079,-0.0009,0.0002,1.0000
54.7688,123.74,-36.2748,36.8930,47.2513,359.9882,359.9489,359.9811,-0.0056,-0.0041,0.0078,-0.0009,0.0002,1.0000
54.7888,123.74,-36.2749,36.8929,47.2515,359.9882,359.9489,359.9812,-0.0055,-0.0040,0.0077,-0.0009,0.0002,1.0000
54.8088,123.74,-36.2750,36.8928,47.2517,359.9882,359.9489,359.9814,-0.0054,-0.0039,0.0077,-0.0009,0.0002,1.0000
54.8288,123.74,-36.2751,36.8927,47.2518,359.9882,359.9489,359.9816,-0.0053,-0.0039,0.0076,-0.0009,0.0002,1.0000
54.8488,123.74,-36.2752,36.8926,47.2520,359.9882,359.9490,359.9817,-0.0053,-0.0038,0.0076,-0.0009,0.0002,1.0000
54.8688,123.74,-36.2753,36.8926,47.2521,359.9883,359.9490,359.9819,-0.0052,-0.0037,0.0075,-0.0009,0.0002,1.0000
54.8888,123.74,-36.2754,36.8925,47.2523,359.9883,359.9490,359.9820,-0.0051,-0.0036,0.0074,-0.0009,0.0002,1.0000
54.9088,123.74,-36.2755,36.8924,47.2524,359.9883,359.9490,359.9822,-0.0050,-0.0036,0.0074,-0.0009,0.0002,1.0000
54.9288,123.74,-36.2756,36.8924,47.2526,359.9883,359.9490,359.9824,-0.0050,-0.0035,0.0073,-0.0009,0.0002,1.0000
54.9488,123.74,-36.2757,36.8923,47.2527,359.9883,359.9491,359.9825,-0.0049,-0.0034,0.0072,-0.0009,0.0002,1.0000
54.9688,123.74,-36.2758,36.8922,47.2528,359.9883,359.9491,359.9827,-0.0048,-0.0034,0.0072,-0.0009,0.0002,1.0000
54.9888,123.74,-36.2759,36.8922,47.2530,359.9883,359.9491,359.9828,-0.0047,-0.0033,0.0071,-0.0009,0.0002,1.0000
55.0088,123.74,-36.2760,36.8921,47.2531,359.9883,359.9491,359.9830,-0.0047,-0.0032,0.0070,-0.0009,0.0002,1.0000
55.0288,123.74,-36.2761,36.8920,47.2533,359.9883,359.9492,359.9831,-0.0046,-0.0031,0.0070,-0.0009,0.0002,1.0000
55.0488,123.74,-36.2762,36.8920,47.2534,359.9884,359.9492,359.9833,-0.0045,-0.0031,0.0069,-0.0009,0.0002,1.0000
55.0688,123.74,-36.2762,36.8919,47.2535,359.9884,359.9492,359.9835,-0.0045,-0.0030,0.0068,-0.0009,0.0002,1.0000
55.0888,123.74,-36.2763,36.8919,47.2537,359.9884,359.9492,359.9836,-0.0044,-0.0029,0.0068,-0.0009,0.0002,1.0000
55.1088,123.74,-36.2764,36.8918,47.2538,359.9884,359.9492,359.9838,-0.0043,-0.0029,0.0067,-0.0009,0.0002,1.0000
55.1288,123.74,-36.2765,36.8917,47.2539,359.9885,359.9492,359.9839,-0.0043,-0.0028,0.0067,-0.0009,0.0002,1.0000
55.1488,123.74,-36.2766,36.8917,47.2541,359.9885,359.9493,359.9841,-0.0042,-0.0028,0.0066,-0.0009,0.0002,1.0000
55.1688,123.74,-36.2767,36.8916,47.2542,359.9885,359.9493,359.9842,-0.0041,-0.0027,0.0065,-0.0009,0.0002,1.0000
55.1888,123.74,-36.2768,36.8916,47.2543,359.9886,359.9493,359.9844,-0.0041,-0.0026,0.0065,-0.0009,0.0002,1.0000
55.2088,123.74,-36.2768,36.8915,47.2545,359.9886,359.9493,359.9845,-0.0040,-0.0026,0.0064,-0.0009,0.0002,1.0000
55.2288,123.74,-36.2769,36.8915,47.2546,359.9886,359.9494,359.9847,-0.0039,-0.0025,0.0064,-0.0009,0.0002,1.0000
55.2488,123.74,-36.2770,36.8914,47.2547,359.9887,359.9494,359.9848,-0.0039,-0.0024,0.0063,-0.0009,0.0002,1.0000
55.2688,123.74,-36.2771,36.8914,47.2548,359.9887,359.9494,359.9850,-0.0038,-0.0024,0.0062,-0.0009,0.0002,1.0000
55.2888,123.74,-36.2771,36.8913,47.2550,359.9887,359.9494,359.9851,-0.0037,-0.0023,0.0062,-0.0009,0.0002,1.0000
55.3088,123.74,-36.2772,36.8913,47.2551,359.9888,359.9495,359.9853,-0.0037,-0.0023,0.0061,-0.0009,0.0002,1.0000
55.3288,123.74,-36.2773,36.8912,47.2552,359.9888,359.9495,359.9854,-0.0036,-0.0022,0.0061,-0.0009,0.0002,1.0000
55.3488,123.74,-36.2774,36.8912,47.2553,359.9889,359.9495,359.9856,-0.0036,-0.0022,0.0060,-0.0009,0.0002,1.0000
55.3688,123.74,-36.2774,36.8912,47.2554,359.9889,359.9495,359.9857,-0.0035,-0.0021,0.0059,-0.0009,0.0002,1.0000
55.3888,123.74,-36.2775,36.8911,47.2556,359.9890,359.9495,359.9859,-0.0034,-0.0020,0.0059,-0.0009,0.0002,1.0000
55.4088,123.74,-36.2776,36.8911,47.2557,359.9890,359.9496,359.9860,-0.0034,-0.0020,0.0058,-0.0009,0.0002,1.0000
55.4288,123.74,-36.2776,36.8910,47.2558,359.9890,359.9496,359.9861,-0.0033,-0.0019,0.0058,-0.0009,0.0002,1.0000
55.4488,123.74,-36.2777,36.8910,47.2559,359.9891,359.9496,359.9863,-0.0033,-0.0019,0.0057,-0.0009,0.0002,1.0000
55.4688,123.74,-36.2778,36.8910,47.2560,359.9891,359.9496,359.9865,-0.0032,-0.0018,0.0057,-0.0009,0.0002,1.0000
55.4888,123.74,-36.2778,36.8909,47.2561,359.9892,359.9496,359.9866,-0.0032,-0.0018,0.0056,-0.0009,0.0002,1.0000
55.5088,123.74,-36.2779,36.8909,47.2562,359.9892,359.9496,359.9867,-0.0031,-0.0017,0.0056,-0.0009,0.0002,1.0000
55.5288,123.74,-36.2779,36.8909,47.2564,359.9893,359.9497,359.9869,-0.0031,-0.0017,0.0055,-0.0009,0.0002,1.0000
55.5488,123.74,-36.2780,36.8908,47.2565,359.9893,359.9497,359.9870,-0.0030,-0.0016,0.0054,-0.0009,0.0002,1.0000
55.5688,123.74,-36.2781,36.8908,47.2566,359.9894,359.9497,359.9872,-0.0030,-0.0016,0.0054,-0.0009,0.0002,1.0000
55.5888,123.74,-36.2781,36.8908,47.2567,359.9894,359.9497,359.9873,-0.0029,-0.0015,0.0053,-0.0009,0.0002,1.0000
55.6088,123.74,-36.2782,36.8907,47.2568,359.9895,359.9498,359.9874,-0.0029,-0.0015,0.0053,-0.0009,0.0002,1.0000
55.6288,123.74,-36.2782,36.8907,47.2569,359.9896,359.9498,359.9876,-0.0028,-0.0014,0.0052,-0.0009,0.0002,1.0000
55.6488,123.74,-36.2783,36.8907,47.2570,359.9896,359.9498,359.9877,-0.0028,-0.0014,0.0052,-0.0009,0.0002,1.0000
55.6688,123.74,-36.2783,36.8907,47.2571,359.9897,359.9498,359.9878,-0.0027,-0.0013,0.0051,-0.0009,0.0002,1.0000
55.6888,123.74,-36.2784,36.8906,47.2572,359.9897,359.9498,359.9880,-0.0027,-0.0013,0.0051,-0.0009,0.0002,1.0000
55.7088,123.74,-36.2785,36.8906,47.2573,359.9898,359.9499,359.9881,-0.0026,-0.0012,0.0050,-0.0009,0.0002,1.0000
55.7288,123.74,-36.2785,36.8906,47.2574,359.9898,359.9499,359.9883,-0.0026,-0.0012,0.0050,-0.0009,0.0002,1.0000
55.7488,121.09,-36.2786,36.8906,47.2575,359.9899,359.9499,359.9884,-0.0025,-0.0012,0.0049,-0.0009,0.0002,1.0000
55.7688,121.09,-36.2786,36.8905,47.2576,359.9900,359.9499,359.9885,-0.0025,-0.0011,0.0049,-0.0009,0.0002,1.0000
55.7888,121.09,-36.2787,36.8905,47.2577,359.9900,359.9499,359.9886,-0.0024,-0.0011,0.0048,-0.0009,0.0002,1.0000
55.8088,121.09,-36.2787,36.8905,47.2578,359.9901,359.9500,359.9888,-0.0024,-0.0010,0.0048,-0.0009,0.0002,1.0000
55.8288,121.09,-36.2787,36.8905,47.2579,359.9901,359.9500,359.9889,-0.0023,-0.0010,0.0047,-0.0009,0.0002,1.0000
55.8488,121.09,-36.2788,36.8905,47.2580,359.9902,359.9500,359.9890,-0.0023,-0.0009,0.0047,-0.0009,0.0002,1.0000
55.8688,121.09,-36.2788,36.8904,47.2581,359.9902,359.9500,359.9891,-0.0023,-0.0009,0.0046,-0.0009,0.0002,1.0000
55.8888,121.09,-36.2789,36.8904,47.2582,359.9903,359.9500,359.9893,-0.0022,-0.0009,0.0046,-0.0009,0.0002,1.0000
55.9088,121.09,-36.2789,36.8904,47.2583,359.9904,359.9500,359.9894,-0.0022,-0.0008,0.0045,-0.0009,0.0002,1.0000
55.9288,121.09,-36.2790,36.8904,47.2583,359.9904,359.9501,359.9895,-0.0021,-0.0008,0.0045,-0.0009,0.0002,1.0000
55.9488,121.09,-36.2790,36.8904,47.2584,359.9905,359.9501,359.9897,-0.0021,-0.0007,0.0044,-0.0009,0.0002,1.0000
55.9688,121.09,-36.2791,36.8904,47.2585,359.9905,359.9501,359.9898,-0.0020,-0.0007,0.0044,-0.0009,0.0002,1.0000
55.9888,121.09,-36.2791,36.8903,47.2586,359.9906,359.9501,359.9899,-0.0020,-0.0007,0.0043,-0.0009,0.0002,1.0000
56.0088,121.09,-36.2791,36.8903,47.2587,359.9907,359.9501,359.9900,-0.0020,-0.0006,0.0043,-0.0009,0.0002,1.0000
56.0288,121.09,-36.2792,36.8903,47.2588,359.9908,359.9502,359.9901,-0.0019,-0.0006,0.0043,-0.0009,0.0002,1.0000
56.0488,121.09,-36.2792,36.8903,47.2589,359.9908,359.9502,359.9903,-0.0019,-0.0006,0.0042,-0.0009,0.0002,1.0000
56.0688,121.09,-36.2792,36.8903,47.2589,359.9909,359.9502,359.9904,-0.0019,-0.0005,0.0042,-0.0009,0.0002,1.0000
56.0888,121.09,-36.2793,36.8903,47.2590,359.9909,359.9502,359.9905,-0.0018,-0.0005,0.0041,-0.0009,0.0002,1.0000
56.1088,121.09,-36.2793,36.8903,47.2591,359.9910,359.9502,359.9906,-0.0018,-0.0005,0.0041,-0.0009,0.0002,1.0000
56.1288,121.09,-36.2793,36.8903,47.2592,359.9911,359.9503,359.9907,-0.0017,-0.0004,0.0040,-0.0009,0.0002,1.0000
56.1488,121.09,-36.2794,36.8903,47.2593,359.9911,359.9503,359.9908,-0.0017,-0.0004,0.0040,-0.0009,0.0002,1.0000
56.1688,121.09,-36.2794,36.8903,47.2593,359.9912,359.9503,359.9910,-0.0017,-0.0004,0.0039,-0.0009,0.0002,1.0000
56.1888,121.09,-36.2794,36.8903,47.2594,359.9912,359.9503,359.9911,-0.0016,-0.0003,0.0039,-0.0009,0.0002,1.0000
56.2088,121.09,-36.2795,36.8902,47.2595,359.9913,359.9503,359.9912,-0.0016,-0.0003,0.0039,-0.0009,0.0002,1.0000
56.2288,121.09,-36.2795,36.8902,47.2596,359.9914,359.9503,359.9913,-0.0016,-0.0003,0.0038,-0.0009,0.0002,1.0000
56.2488,121.09,-36.2795,36.8902,47.2597,359.9915,359.9503,359.9914,-0.0015,-0.0002,0.0038,-0.0009,0.0001,1.0000
56.2688,121.09,-36.2796,36.8902,47.2597,359.9915,359.9504,359.9915,-0.0015,-0.0002,0.0037,-0.0009,0.0001,1.0000
56.2888,121.09,-36.2796,36.8902,47.2598,359.9916,359.9504,359.9916,-0.0015,-0.0002,0.0037,-0.0009,0.0001,1.0000
56.3088,121.09,-36.2796,36.8902,47.2599,359.9916,359.9504,359.9917,-0.0014,-0.0001,0.0037,-0.0009,0.0001,1.0000
56.3288,121.09,-36.2797,36.8902,47.2599,359.9917,359.9504,359.9919,-0.0014,-0.0001,0.0036,-0.0009,0.0001,1.0000
56.3488,121.09,-36.2797,36.8902,47.2600,359.9918,359.9504,359.9919,-0.0014,-0.0001,0.0036,-0.0009,0.0001,1.0000
56.3688,121.09,-36.2797,36.8902,47.2601,359.9918,359.9505,359.9921,-0.0013,-0.0001,0.0035,-0.0009,0.0001,1.0000
56.3888,121.09,-36.2797,36.8902,47.2602,359.9919,359.9505,359.9922,-0.0013,0.0000,0.0035,-0.0009,0.0001,1.0000
56.4088,121.09,-36.2798,36.8902,47.2602,359.9920,359.9505,359.9923,-0.0013,0.0000,0.0035,-0.0009,0.0001,1.0000
56.4288,121.09,-36.2798,36.8902,47.2603,359.9920,359.9505,359.9924,-0.0013,0.0000,0.0034,-0.0009,0.0001,1.0000
56.4488,121.09,-36.2798,36.8902,47.2604,359.9921,359.9505,359.9925,-0.0012,0.0001,0.0034,-0.0009,0.0001,1.0000
56.4688,121.09,-36.2798,36.8902,47.2604,359.9922,359.9505,359.9926,-0.0012,0.0001,0.0033,-0.0009,0.0001,1.0000
56.4888,121.09,-36.2799,36.8902,47.2605,359.9922,359.9506,359.9927,-0.0012,0.0001,0.0033,-0.0009,0.0001,1.0000
56.5088,121.09,-36.2799,36.8902,47.2606,359.9923,359.9506,359.9928,-0.0011,0.0001,0.0033,-0.0009,0.0001,1.0000
56.5288,121.09,-36.2799,36.8902,47.2606,359.9923,359.9506,359.9929,-0.0011,0.0002,0.0032,-0.0009,0.0001,1.0000
56.5488,121.09,-36.2799,36.8902,47.2607,359.9924,359.9506,359.9930,-0.0011,0.0002,0.0032,-0.0009,0.0001,1.0000
56.5688,121.09,-36.2800,36.8902,47.2608,359.9925,359.9506,359.9931,-0.0011,0.0002,0.0032,-0.0009,0.0001,1.0000
56.5888,121.09,-36.2800,36.8902,47.2608,359.9925,359.9507,359.9932,-0.0010,0.0002,0.0031,-0.0009,0.0001,1.0000
56.6088,121.09,-36.2800,36.8902,47.2609,359.9926,359.9507,359.9933,-0.0010,0.0003,0.0031,-0.0009,0.0001,1.0000
56.6288,121.09,-36.2800,36.8903,47.2609,359.9926,359.9507,359.9933,-0.0010,0.0003,0.0031,-0.0009,0.0001,1.0000
56.6488,121.09,-36.2800,36.8903,47.2610,359.9927,359.9507,359.9934,-0.0010,0.0003,0.0030,-0.0009,0.0001,1.0000
56.6688,121.09,-36.2800,36.8903,47.2611,359.9928,359.9507,359.9935,-0.0009,0.0003,0.0030,-0.0009,0.0001,1.0000
56.6888,121.09,-36.2801,36.8903,47.2611,359.9929,359.9507,359.9936,-0.0009,0.0003,0.0030,-0.0009,0.0001,1.0000
56.7088,121.09,-36.2801,36.8903,47.2612,359.9929,359.9507,359.9937,-0.0009,0.0004,0.0029,-0.0009,0.0001,1.0000
56.7288,121.09,-36.2801,36.8903,47.2612,359.9930,359.9507,359.9938,-0.0009,0.0004,0.0029,-0.0009,0.0001,1.0000
56.7488,114.31,-36.2801,36.8903,47.2613,359.9930,359.9508,359.9939,-0.0008,0.0004,0.0029,-0.0009,0.0001,1.0000
56.7688,114.31,-36.2801,36.8903,47.2613,359.9931,359.9508,359.9940,-0.0008,0.0004,0.0028,-0.0009,0.0001,1.0000
56.7888,114.31,-36.2801,36.8903,47.2614,359.9932,359.9508,359.9941,-0.0008,0.0004,0.0028,-0.0009,0.0001,1.0000
56.8088,114.31,-36.2802,36.8903,47.2615,359.9932,359.9508,359.9942,-0.0008,0.0005,0.0028,-0.0009,0.0001,1.0000
56.8288,114.31,-36.2802,36.8903,47.2615,359.9933,359.9508,359.9943,-0.0008,0.0005,0.0027,-0.0009,0.0001,1.0000
56.8488,0.25,-36.2802,36.8903,47.2616,359.9933,359.9508,-0.0057,-0.0007,0.0005,0.0027,-0.0009,0.0001,1.0000
56.8688,0.25,-36.2802,36.8904,47.2616,359.9934,359.9508,-0.0056,-0.0007,0.0005,0.0027,-0.0009,0.0001,1.0000
56.8888,0.25,-36.2802,36.8904,47.2617,359.9935,359.9509,-0.0055,-0.0007,0.0005,0.0026,-0.0009,0.0001,1.0000
56.9088,0.25,-36.2802,36.8904,47.2617,359.9935,359.9509,-0.0054,-0.0007,0.0006,0.0026,-0.0009,0.0001,1.0000
56.9288,0.25,-36.2803,36.8904,47.2618,359.9936,359.9509,-0.0053,-0.0007,0.0006,0.0026,-0.0009,0.0001,1.0000
56.9488,0.25,-36.2803,36.8904,47.2618,359.9937,359.9509,-0.0053,-0.0006,0.0006,0.0025,-0.0009,0.0001,1.0000
56.9688,0.25,-36.2803,36.8904,47.2619,359.9937,359.9509,-0.0052,-0.0006,0.0006,0.0025,-0.0009,0.0001,1.0000
56.9888,0.25,-36.2803,36.8904,47.2619,359.9938,359.9509,-0.0051,-0.0006,0.0006,0.0025,-0.0009,0.0001,1.0000
57.0088,0.25,-36.2803,36.8904,47.2620,359.9938,359.9510,-0.0050,-0.0006,0.0006,0.0025,-0.0009,0.0001,1.0000
57.0288,0.25,-36.2803,36.8905,47.2620,359.9939,359.9510,-0.0049,-0.0006,0.0007,0.0024,-0.0009,0.0001,1.0000
57.0488,0.25,-36.2803,36.8905,47.2621,359.9939,359.9510,-0.0049,-0.0006,0.0007,0.0024,-0.0009,0.0001,1.0000
57.0688,0.25,-36.2803,36.8905,47.2621,359.9940,359.9510,-0.0048,-0.0005,0.0007,0.0024,-0.0009,0.0001,1.0000
57.0888,0.25,-36.2803,36.8905,47.2622,359.9940,359.9510,-0.0047,-0.0005,0.0007,0.0023,-0.0009,0.0001,1.0000
57.1088,0.25,-36.2804,36.8905,47.2622,359.9941,359.9510,-0.0046,-0.0005,0.0007,0.0023,-0.0009,0.0001,1.0000
57.1288,0.25,-36.2804,36.8905,47.2623,359.9942,359.9510,-0.0046,-0.0005,0.0007,0.0023,-0.0009,0.0001,1.0000
57.1488,0.25,-36.2804,36.8905,47.2623,359.9942,359.9510,-0.0045,-0.0005,0.0008,0.0023,-0.0009,0.0001,1.0000
57.1688,0.25,-36.2804,36.8906,47.2624,-0.0057,359.9510,-0.0044,-0.0005,0.0008,0.0022,-0.0009,0.0001,1.0000
