Time(s),FPS,PosX,PosY,PosZ,RotX,RotY,RotZ,VelX,VelY,VelZ,DirX,DirY,DirZ
-0.2050,0.00,0.0000,5.0000,0.0000,0.0000,0.0000,0.0000,0.0000,0.0000,0.0000,0.0000,0.0000,1.0000
-0.1850,0.00,0.0000,4.9964,0.0000,-0.0003,0.0000,0.0000,0.0000,-0.1809,0.0001,0.0000,0.0000,1.0000
-0.1650,0.00,0.0000,4.9892,0.0000,-0.0008,0.0001,-0.0001,0.0000,-0.3612,0.0001,0.0000,0.0000,1.0000
-0.1450,0.00,0.0000,4.9783,0.0000,-0.0016,0.0001,-0.0001,0.0000,-0.5408,0.0002,0.0000,0.0000,1.0000
-0.1250,0.00,0.0000,4.9639,0.0000,-0.0027,0.0002,-0.0002,0.0000,-0.7198,0.0002,0.0000,0.0000,1.0000
-0.1050,0.00,0.0000,4.9460,0.0000,-0.0040,0.0003,-0.0003,0.0000,-0.8980,0.0003,0.0000,0.0001,1.0000
-0.0850,0.00,0.0000,4.9245,0.0000,-0.0056,0.0004,-0.0005,0.0000,-1.0757,0.0003,0.0000,0.0001,1.0000
-0.0650,0.00,0.0000,4.8994,0.0000,359.9925,0.0005,-0.0006,0.0000,-1.2526,0.0004,0.0000,0.0001,1.0000
-0.0450,0.00,0.0000,4.8708,0.0000,359.9904,0.0006,-0.0008,0.0000,-1.4289,0.0004,0.0000,0.0002,1.0000
-0.0250,0.00,0.0000,4.8387,0.0000,359.9880,0.0008,-0.0010,0.0000,-1.6046,0.0005,0.0000,0.0002,1.0000
-0.0050,0.00,0.0000,4.8032,0.0001,359.9854,0.0009,-0.0012,0.0000,-1.7796,0.0005,0.0000,0.0003,1.0000
0.0150,1.83,0.0000,4.7641,0.0001,359.9826,0.0011,-0.0015,-0.0001,-1.9539,0.0006,0.0000,0.0003,1.0000
0.0350,1.83,0.0000,4.7215,0.0001,359.9795,0.0013,-0.0018,-0.0001,-2.1276,0.0006,0.0000,0.0004,1.0000
0.0550,1.83,0.0000,4.6755,0.0001,359.9762,0.0015,-0.0020,-0.0001,-2.3007,0.0007,0.0000,0.0004,1.0000
0.0750,1.83,0.0000,4.6261,0.0001,359.9727,0.0017,-0.0023,-0.0001,-2.4731,0.0007,0.0000,0.0005,1.0000
0.0950,1.83,0.0000,4.5732,0.0001,359.9689,0.0020,-0.0027,-0.0001,-2.6449,0.0008,0.0000,0.0005,1.0000
0.1150,1.83,0.0000,4.5168,0.0001,359.9648,0.0022,-0.0030,-0.0001,-2.8160,0.0008,0.0000,0.0006,1.0000
0.1350,1.83,0.0000,4.4571,0.0002,359.9606,0.0025,-0.0034,-0.0001,-2.9866,0.0009,0.0000,0.0007,1.0000
0.1550,1.83,0.0000,4.3940,0.0002,359.9561,0.0028,-0.0038,-0.0001,-3.1564,0.0009,0.0000,0.0008,1.0000
0.1750,1.83,0.0000,4.3275,0.0002,359.9514,0.0031,-0.0042,-0.0001,-3.3257,0.0010,0.0001,0.0008,1.0000
0.1950,1.83,0.0000,4.2576,0.0002,359.9466,0.0034,-0.0046,-0.0001,-3.4943,0.0010,0.0001,0.0009,1.0000
0.2150,1.83,0.0000,4.1843,0.0002,359.9414,0.0037,-0.0050,-0.0001,-3.6623,0.0010,0.0001,0.0010,1.0000
0.2350,1.83,0.0000,4.1077,0.0003,359.9361,0.0041,-0.0055,-0.0001,-3.8297,0.0011,0.0001,0.0011,1.0000
0.2550,1.83,0.0000,4.0278,0.0003,359.9306,0.0044,359.9940,-0.0001,-3.9964,0.0011,0.0001,0.0012,1.0000
0.2750,1.83,0.0000,3.9446,0.0003,359.9248,0.0048,359.9935,-0.0001,-4.1626,0.0012,0.0001,0.0013,1.0000
0.2950,1.83,0.0000,3.8580,0.0003,359.9189,0.0052,359.9930,-0.0001,-4.3281,0.0012,0.0001,0.0014,1.0000
0.3150,1.83,0.0000,3.7681,0.0004,359.9128,0.0056,359.9925,-0.0001,-4.4930,0.0012,0.0001,0.0015,1.0000
0.3350,1.83,0.0000,3.6750,0.0004,359.9064,0.0060,359.9919,-0.0001,-4.6573,0.0013,0.0001,0.0016,1.0000
0.3550,1.83,0.0000,3.5786,0.0004,359.8999,0.0064,359.9914,-0.0001,-4.8210,0.0013,0.0001,0.0017,1.0000
0.3750,1.83,0.0000,3.4789,0.0004,359.8932,0.0068,359.9908,-0.0001,-4.9841,0.0013,0.0001,0.0019,1.0000
0.3950,1.83,0.0000,3.3759,0.0005,359.8863,0.0072,359.9902,-0.0001,-5.1466,0.0014,0.0001,0.0020,1.0000
0.4150,1.83,0.0000,3.2698,0.0005,359.8792,0.0077,359.9896,-0.0001,-5.3085,0.0014,0.0001,0.0021,1.0000
0.4350,1.83,0.0000,3.1604,0.0005,359.8719,0.0082,359.9890,-0.0001,-5.4697,0.0014,0.0001,0.0022,1.0000
0.4550,1.83,0.0000,3.0478,0.0005,359.8644,0.0086,359.9883,-0.0001,-5.6304,0.0015,0.0002,0.0024,1.0000
0.4750,1.83,-0.0001,2.9320,0.0006,359.8568,0.0091,359.9877,-0.0001,-5.7905,0.0015,0.0002,0.0025,1.0000
0.4950,1.83,-0.0001,2.8130,0.0006,359.8490,0.0096,359.9870,-0.0001,-5.9500,0.0015,0.0002,0.0026,1.0000
0.5150,1.83,-0.0001,2.6908,0.0006,359.8410,0.0101,359.9863,-0.0001,-6.1089,0.0016,0.0002,0.0028,1.0000
0.5350,1.83,-0.0001,2.5654,0.0007,359.8329,0.0107,359.9856,-0.0001,-6.2672,0.0016,0.0002,0.0029,1.0000
0.5550,1.83,-0.0001,2.4369,0.0007,359.8245,0.0112,359.9849,-0.0001,-6.4250,0.0016,0.0002,0.0031,1.0000
0.5750,1.83,-0.0001,2.3053,0.0007,359.8160,0.0118,359.9842,-0.0001,-6.5821,0.0017,0.0002,0.0032,1.0000
0.5950,1.83,-0.0001,2.1705,0.0008,359.8074,0.0123,359.9834,-0.0002,-6.7387,0.0017,0.0002,0.0034,1.0000
0.6150,1.83,-0.0001,2.0326,0.0008,359.7986,0.0129,359.9827,-0.0002,-6.8947,0.0017,0.0002,0.0035,1.0000
0.6350,1.83,-0.0001,1.8916,0.0008,359.7897,0.0135,359.9819,-0.0002,-7.0501,0.0017,0.0002,0.0037,1.0000
0.6550,1.83,-0.0001,1.7475,0.0009,359.7805,0.0140,359.9811,-0.0002,-7.2049,0.0018,0.0002,0.0038,1.0000
0.6750,1.83,-0.0001,1.6004,0.0009,359.7713,0.0146,359.9803,-0.0002,-7.3591,0.0018,0.0003,0.0040,1.0000
0.6950,1.83,-0.0001,1.4501,0.0010,359.7619,0.0152,359.9795,-0.0002,-7.5128,0.0018,0.0003,0.0042,1.0000
0.7150,1.83,-0.0001,1.2968,0.0010,359.7523,0.0159,359.9787,-0.0002,-7.6659,0.0018,0.0003,0.0043,1.0000
0.7350,1.83,-0.0001,1.1404,0.0010,359.7426,0.0165,359.9778,-0.0002,-7.8185,0.0019,0.0003,0.0045,1.0000
0.7550,1.83,-0.0001,0.9810,0.0011,359.7328,0.0171,359.9770,-0.0002,-7.9705,0.0019,0.0003,0.0047,1.0000
0.7750,1.83,-0.0001,0.8186,0.0011,359.7228,0.0178,359.9761,-0.0002,-8.1219,0.0019,0.0003,0.0048,1.0000
0.7950,1.83,-0.0001,0.6531,0.0011,359.7127,0.0184,359.9753,-0.0002,-8.2728,0.0019,0.0003,0.0050,1.0000
0.8150,1.83,-0.0001,0.4846,0.0012,359.7025,0.0191,359.9744,-0.0002,-8.4231,0.0020,0.0003,0.0052,1.0000
0.8350,1.83,-0.0001,0.3132,0.0012,359.6921,0.0198,359.9735,-0.0002,-8.5728,0.0020,0.0003,0.0054,1.0000
0.8550,1.83,-0.0001,0.1387,0.0013,359.6816,0.0204,359.9726,-0.0002,-8.7220,0.0020,0.0004,0.0056,1.0000
0.8750,1.83,-0.0001,-0.0387,0.0013,359.6710,0.0211,359.9717,-0.0002,-8.8706,0.0020,0.0004,0.0057,1.0000
0.8950,1.83,-0.0002,0.0375,0.0011,359.9343,0.0219,-0.0057,0.0081,-0.0841,0.0045,0.0004,0.0011,1.0000
0.9150,1.83,-0.0001,0.0527,0.0011,359.9870,0.0228,-0.0013,-0.0022,0.0918,-0.0019,0.0004,0.0002,1.0000
0.9350,1.83,-0.0002,0.0559,0.0012,-0.0026,0.0221,0.0019,-0.0027,0.0641,-0.0008,0.0004,0.0000,1.0000
0.9550,1.83,-0.0002,0.0564,0.0012,-0.0005,0.0220,0.0004,-0.0003,0.0000,0.0001,0.0004,0.0000,1.0000
0.9750,1.83,-0.0002,0.0565,0.0012,-0.0001,0.0219,0.0001,-0.0001,-0.0002,-0.0001,0.0004,0.0000,1.0000
0.9950,1.83,-0.0002,0.0565,0.0012,0.0000,0.0219,0.0000,0.0000,0.0000,0.0000,0.0004,0.0000,1.0000
1.0150,112.54,-0.0002,0.0566,0.0012,0.0000,0.0219,-0.0001,0.0000,0.0000,0.0000,0.0004,0.0000,1.0000
1.0350,112.54,-0.0002,0.0566,0.0012,0.0000,0.0219,0.0000,0.0000,0.0000,0.0000,0.0004,0.0000,1.0000
1.0550,112.54,-0.0002,0.0566,0.0012,0.0000,0.0219,0.0000,0.0000,0.0000,0.0000,0.0004,0.0000,1.0000
1.0750,112.54,-0.0002,0.0566,0.0012,0.0001,0.0219,0.0000,0.0000,0.0000,0.0000,0.0004,0.0000,1.0000
1.0950,112.54,-0.0002,0.0566,0.0012,0.0000,0.0219,0.0000,0.0000,-0.0002,0.0000,0.0004,0.0000,1.0000
1.1150,112.54,-0.0002,0.0566,0.0012,0.0000,0.0219,0.0000,0.0000,0.0000,0.0000,0.0004,0.0000,1.0000
1.1350,112.54,-0.0002,0.0566,0.0012,0.0000,0.0219,0.0000,0.0000,0.0000,0.0000,0.0004,0.0000,1.0000
1.1550,112.54,-0.0002,0.0566,0.0012,0.0000,0.0219,0.0000,0.0000,0.0000,0.0000,0.0004,0.0000,1.0000
1.1750,112.54,-0.0002,0.0566,0.0012,0.0001,0.0219,0.0000,0.0000,0.0000,0.0000,0.0004,0.0000,1.0000
1.1950,112.54,-0.0002,0.0566,0.0012,0.0000,0.0219,0.0000,0.0000,-0.0002,0.0000,0.0004,0.0000,1.0000
1.2150,112.54,-0.0002,0.0566,0.0012,0.0000,0.0219,-0.0001,0.0000,0.0000,0.0000,0.0004,0.0000,1.0000
1.2350,112.54,-0.0002,0.0566,0.0012,0.0000,0.0219,0.0000,0.0000,0.0000,0.0000,0.0004,0.0000,1.0000
1.2550,112.54,-0.0002,0.0566,0.0012,0.0000,0.0219,-0.0001,0.0000,0.0000,0.0000,0.0004,0.0000,1.0000
1.2750,112.54,-0.0002,0.0566,0.0012,0.0000,0.0219,0.0000,0.0000,-0.0001,0.0000,0.0004,0.0000,1.0000
1.2950,112.54,-0.0002,0.0566,0.0012,0.0000,0.0219,-0.0001,0.0000,0.0000,0.0000,0.0004,0.0000,1.0000
1.3150,112.54,-0.0002,0.0566,0.0012,0.0000,0.0219,0.0000,0.0000,-0.0001,0.0000,0.0004,0.0000,1.0000
1.3350,112.54,-0.0002,0.0566,0.0012,0.0000,0.0219,0.0000,0.0000,0.0000,0.0000,0.0004,0.0000,1.0000
1.3550,112.54,-0.0002,0.0566,0.0012,0.0000,0.0219,0.0000,0.0000,0.0000,0.0000,0.0004,0.0000,1.0000
1.3750,112.54,-0.0002,0.0566,0.0012,0.0000,0.0219,-0.0001,0.0000,0.0000,0.0000,0.0004,0.0000,1.0000
1.3950,112.54,-0.0002,0.0566,0.0012,0.0000,0.0219,0.0000,0.0000,0.0000,0.0000,0.0004,0.0000,1.0000
1.4150,112.54,-0.0002,0.0566,0.0012,0.0000,0.0219,0.0000,0.0000,0.0000,0.0000,0.0004,0.0000,1.0000
1.4350,112.54,-0.0002,0.0566,0.0012,0.0000,0.0219,0.0000,0.0000,0.0000,0.0000,0.0004,0.0000,1.0000
1.4550,112.54,-0.0002,0.0566,0.0012,0.0000,0.0219,0.0000,0.0000,0.0000,0.0000,0.0004,0.0000,1.0000
1.4750,112.54,-0.0002,0.0566,0.0012,0.0000,0.0219,0.0000,0.0000,0.0000,0.0000,0.0004,0.0000,1.0000
1.4950,112.54,-0.0002,0.0566,0.0012,0.0000,0.0219,0.0000,0.0000,0.0000,0.0000,0.0004,0.0000,1.0000
1.5150,112.54,-0.0002,0.0566,0.0012,0.0000,0.0219,0.0000,0.0000,0.0000,0.0000,0.0004,0.0000,1.0000
1.5350,112.54,-0.0002,0.0566,0.0012,0.0000,0.0219,0.0000,0.0000,0.0000,0.0000,0.0004,0.0000,1.0000
1.5550,112.54,-0.0002,0.0566,0.0012,0.0000,0.0219,0.0000,0.0000,0.0000,0.0000,0.0004,0.0000,1.0000
1.5750,112.54,-0.0002,0.0566,0.0012,0.0000,0.0219,0.0000,0.0000,0.0000,0.0000,0.0004,0.0000,1.0000
1.5950,112.54,-0.0002,0.0566,0.0012,0.0000,0.0219,0.0000,0.0000,0.0000,0.0000,0.0004,0.0000,1.0000
1.6150,112.54,-0.0002,0.0566,0.0012,0.0000,0.0219,0.0000,0.0000,0.0000,0.0000,0.0004,0.0000,1.0000
1.6350,112.54,-0.0002,0.0566,0.0012,0.0000,0.0219,0.0000,0.0000,0.0000,0.0000,0.0004,0.0000,1.0000
1.6550,112.54,-0.0002,0.0566,0.0012,0.0000,0.0219,0.0000,0.0000,0.0000,0.0000,0.0004,0.0000,1.0000
1.6750,112.54,-0.0002,0.0566,0.0012,0.0000,0.0219,0.0000,0.0000,0.0000,0.0000,0.0004,0.0000,1.0000
1.6950,112.54,-0.0002,0.0566,0.0012,0.0000,0.0219,0.0000,0.0000,0.0000,0.0000,0.0004,0.0000,1.0000
1.7150,112.54,-0.0002,0.0566,0.0012,0.0000,0.0219,0.0000,0.0000,0.0000,0.0000,0.0004,0.0000,1.0000
1.7350,112.54,-0.0002,0.0566,0.0012,0.0000,0.0219,0.0000,0.0000,0.0000,0.0000,0.0004,0.0000,1.0000
1.7550,112.54,-0.0002,0.0566,0.0012,0.0000,0.0219,0.0000,0.0000,0.0000,0.0000,0.0004,0.0000,1.0000
1.7750,112.54,-0.0002,0.0566,0.0012,0.0000,0.0219,0.0000,0.0000,0.0000,0.0000,0.0004,0.0000,1.0000
1.7950,112.54,-0.0002,0.0566,0.0012,0.0000,0.0219,0.0000,0.0000,0.0000,0.0000,0.0004,0.0000,1.0000
1.8150,112.54,-0.0002,0.0566,0.0012,0.0000,0.0219,0.0000,0.0000,0.0000,0.0000,0.0004,0.0000,1.0000
1.8350,112.54,-0.0002,0.0566,0.0012,0.0000,0.0219,0.0000,0.0000,0.0000,0.0000,0.0004,0.0000,1.0000
1.8550,112.54,-0.0002,0.0566,0.0012,0.0000,0.0219,0.0000,0.0000,0.0000,0.0000,0.0004,0.0000,1.0000
1.8750,112.54,-0.0002,0.0566,0.0012,0.0000,0.0219,0.0000,0.0000,0.0000,0.0000,0.0004,0.0000,1.0000
1.8950,112.54,-0.0002,0.0566,0.0012,0.0000,0.0219,0.0000,0.0000,0.0000,0.0000,0.0004,0.0000,1.0000
1.9150,112.54,-0.0002,0.0566,0.0012,0.0000,0.0219,0.0000,0.0000,0.0000,0.0000,0.0004,0.0000,1.0000
1.9350,112.54,-0.0002,0.0566,0.0012,0.0000,0.0219,0.0000,0.0000,0.0000,0.0000,0.0004,0.0000,1.0000
1.9550,112.54,-0.0002,0.0566,0.0012,0.0000,0.0219,0.0000,0.0000,0.0000,0.0000,0.0004,0.0000,1.0000
1.9750,112.54,-0.0002,0.0566,0.0012,0.0000,0.0219,0.0000,0.0000,0.0000,0.0000,0.0004,0.0000,1.0000
1.9950,112.54,-0.0002,0.0566,0.0012,0.0000,0.0219,0.0000,0.0000,0.0000,0.0000,0.0004,0.0000,1.0000
2.0150,122.39,-0.0002,0.0566,0.0012,0.0000,0.0219,0.0000,0.0000,0.0000,0.0000,0.0004,0.0000,1.0000
2.0350,122.39,-0.0002,0.0566,0.0012,0.0000,0.0219,0.0000,0.0000,0.0000,0.0000,0.0004,0.0000,1.0000
2.0550,122.39,-0.0002,0.0566,0.0012,0.0000,0.0219,0.0000,0.0000,0.0000,0.0000,0.0004,0.0000,1.0000
2.0750,122.39,-0.0002,0.0566,0.0012,0.0000,0.0219,0.0000,0.0000,0.0000,0.0000,0.0004,0.0000,1.0000
2.0950,122.39,-0.0002,0.0566,0.0012,0.0000,0.0219,0.0000,0.0000,0.0000,0.0000,0.0004,0.0000,1.0000
2.1150,122.39,-0.0002,0.0566,0.0012,0.0000,0.0219,0.0000,0.0000,0.0000,0.0000,0.0004,0.0000,1.0000
2.1350,122.39,-0.0002,0.0566,0.0012,0.0000,0.0219,0.0000,0.0000,0.0000,0.0000,0.0004,0.0000,1.0000
2.1550,122.39,-0.0002,0.0566,0.0012,0.0000,0.0219,0.0000,0.0000,0.0000,0.0000,0.0004,0.0000,1.0000
2.1750,122.39,-0.0002,0.0566,0.0012,0.0000,0.0219,0.0000,0.0000,0.0000,0.0000,0.0004,0.0000,1.0000
2.1950,122.39,-0.0002,0.0566,0.0012,0.0000,0.0219,0.0000,0.0000,0.0000,0.0000,0.0004,0.0000,1.0000
2.2150,122.39,-0.0002,0.0566,0.0012,0.0000,0.0219,0.0000,0.0000,0.0000,0.0000,0.0004,0.0000,1.0000
2.2350,122.39,-0.0002,0.0566,0.0012,0.0000,0.0219,0.0000,0.0000,0.0000,0.0000,0.0004,0.0000,1.0000
2.2550,122.39,-0.0002,0.0566,0.0012,0.0000,0.0219,0.0000,0.0000,0.0000,0.0000,0.0004,0.0000,1.0000
2.2750,122.39,-0.0002,0.0566,0.0012,0.0000,0.0219,0.0000,0.0000,0.0000,0.0000,0.0004,0.0000,1.0000
2.2950,122.39,-0.0002,0.0566,0.0012,0.0000,0.0219,0.0000,0.0000,0.0000,0.0000,0.0004,0.0000,1.0000
2.3150,122.39,-0.0002,0.0566,0.0012,0.0000,0.0219,0.0000,0.0000,0.0000,0.0000,0.0004,0.0000,1.0000
2.3350,122.39,-0.0002,0.0566,0.0012,0.0000,0.0219,0.0000,0.0000,0.0000,0.0000,0.0004,0.0000,1.0000
2.3550,122.39,-0.0002,0.0566,0.0012,0.0000,0.0219,0.0000,0.0000,0.0000,0.0000,0.0004,0.0000,1.0000
2.3750,122.39,-0.0002,0.0566,0.0012,0.0000,0.0219,0.0000,0.0000,0.0000,0.0000,0.0004,0.0000,1.0000
2.3950,122.39,-0.0002,0.0566,0.0012,0.0000,0.0219,0.0000,0.0000,0.0000,0.0000,0.0004,0.0000,1.0000
2.4150,122.39,-0.0002,0.0566,0.0012,0.0000,0.0219,0.0000,0.0000,0.0000,0.0000,0.0004,0.0000,1.0000
2.4350,122.39,-0.0002,0.0566,0.0012,0.0000,0.0219,0.0000,0.0000,0.0000,0.0000,0.0004,0.0000,1.0000
2.4550,122.39,-0.0002,0.0566,0.0012,0.0000,0.0219,0.0000,0.0000,0.0000,0.0000,0.0004,0.0000,1.0000
2.4750,122.39,-0.0002,0.0566,0.0012,0.0000,0.0219,0.0000,0.0000,0.0000,0.0000,0.0004,0.0000,1.0000
2.4950,122.39,-0.0002,0.0566,0.0012,0.0000,0.0219,0.0000,0.0000,0.0000,0.0000,0.0004,0.0000,1.0000
2.5150,122.39,-0.0002,0.0566,0.0012,0.0000,0.0219,0.0000,0.0000,0.0000,0.0000,0.0004,0.0000,1.0000
2.5350,122.39,-0.0002,0.0566,0.0012,0.0000,0.0219,0.0000,0.0000,0.0000,0.0000,0.0004,0.0000,1.0000
2.5550,122.39,-0.0002,0.0566,0.0012,0.0000,0.0219,0.0000,0.0000,0.0000,0.0000,0.0004,0.0000,1.0000
2.5750,122.39,-0.0002,0.0566,0.0012,0.0000,0.0219,0.0000,0.0000,0.0000,0.0000,0.0004,0.0000,1.0000
2.5950,122.39,-0.0002,0.0566,0.0012,0.0000,0.0219,0.0000,0.0000,0.0000,0.0000,0.0004,0.0000,1.0000
2.6150,122.39,-0.0002,0.0566,0.0012,0.0000,0.0219,0.0000,0.0000,0.0000,0.0000,0.0004,0.0000,1.0000
2.6350,122.39,-0.0002,0.0566,0.0012,0.0000,0.0219,0.0000,0.0000,0.0000,0.0000,0.0004,0.0000,1.0000
2.6550,122.39,-0.0002,0.0566,0.0012,0.0000,0.0219,0.0000,0.0000,0.0000,0.0000,0.0004,0.0000,1.0000
2.6750,122.39,-0.0002,0.0566,0.0012,0.0000,0.0219,0.0000,0.0000,0.0000,0.0000,0.0004,0.0000,1.0000
2.6950,122.39,-0.0002,0.0566,0.0012,0.0000,0.0219,0.0000,0.0000,0.0000,0.0000,0.0004,0.0000,1.0000
2.7150,122.39,-0.0002,0.0566,0.0012,0.0000,0.0219,0.0000,0.0000,0.0000,0.0000,0.0004,0.0000,1.0000
2.7350,122.39,-0.0002,0.0566,0.0012,0.0000,0.0219,0.0000,0.0000,0.0000,0.0000,0.0004,0.0000,1.0000
2.7550,122.39,-0.0002,0.0566,0.0012,0.0000,0.0219,0.0000,0.0000,0.0000,0.0000,0.0004,0.0000,1.0000
2.7750,122.39,-0.0002,0.0566,0.0012,0.0000,0.0219,0.0000,0.0000,0.0000,0.0000,0.0004,0.0000,1.0000
2.7950,122.39,-0.0002,0.0566,0.0012,0.0000,0.0219,0.0000,0.0000,0.0000,0.0000,0.0004,0.0000,1.0000
2.8150,122.39,-0.0002,0.0566,0.0012,0.0000,0.0219,0.0000,0.0000,0.0000,0.0000,0.0004,0.0000,1.0000
2.8350,122.39,-0.0002,0.0566,0.0012,0.0000,0.0219,0.0000,0.0000,0.0000,0.0000,0.0004,0.0000,1.0000
2.8550,122.39,-0.0002,0.0566,0.0012,0.0000,0.0219,0.0000,0.0000,0.0000,0.0000,0.0004,0.0000,1.0000
2.8750,122.39,-0.0002,0.0566,0.0012,0.0000,0.0219,0.0000,0.0000,0.0000,0.0000,0.0004,0.0000,1.0000
2.8950,122.39,-0.0002,0.0566,0.0012,0.0000,0.0219,0.0000,0.0000,0.0000,0.0000,0.0004,0.0000,1.0000
2.9150,122.39,-0.0002,0.0566,0.0012,0.0000,0.0219,0.0000,0.0000,0.0000,0.0000,0.0004,0.0000,1.0000
2.9350,122.39,-0.0002,0.0566,0.0012,0.0000,0.0219,0.0000,0.0000,0.0000,0.0000,0.0004,0.0000,1.0000
2.9550,122.39,-0.0002,0.0566,0.0012,0.0000,0.0219,0.0000,0.0000,0.0000,0.0000,0.0004,0.0000,1.0000
2.9750,122.39,-0.0002,0.0566,0.0012,0.0000,0.0219,0.0000,0.0000,0.0000,0.0000,0.0004,0.0000,1.0000
2.9950,122.39,-0.0002,0.0566,0.0012,0.0000,0.0219,0.0000,0.0000,0.0000,0.0000,0.0004,0.0000,1.0000
3.0150,122.39,-0.0002,0.0566,0.0012,0.0000,0.0219,0.0000,0.0000,0.0000,0.0000,0.0004,0.0000,1.0000
3.0350,114.00,-0.0002,0.0566,0.0012,0.0000,0.0219,0.0000,0.0000,0.0000,0.0000,0.0004,0.0000,1.0000
3.0550,114.00,-0.0002,0.0566,0.0012,0.0000,0.0219,0.0000,0.0000,0.0000,0.0000,0.0004,0.0000,1.0000
3.0750,114.00,-0.0002,0.0566,0.0012,0.0000,0.0219,0.0000,0.0000,0.0000,0.0000,0.0004,0.0000,1.0000
3.0950,114.00,-0.0002,0.0566,0.0012,0.0000,0.0219,0.0000,0.0000,0.0000,0.0000,0.0004,0.0000,1.0000
3.1150,114.00,-0.0002,0.0566,0.0012,0.0000,0.0219,0.0000,0.0000,0.0000,0.0000,0.0004,0.0000,1.0000
3.1350,114.00,-0.0002,0.0566,0.0012,0.0000,0.0219,0.0000,0.0000,0.0000,0.0000,0.0004,0.0000,1.0000
3.1550,114.00,-0.0002,0.0566,0.0012,0.0000,0.0219,0.0000,0.0000,0.0000,0.0000,0.0004,0.0000,1.0000
3.1750,114.00,-0.0002,0.0566,0.0012,0.0000,0.0219,0.0000,0.0000,0.0000,0.0000,0.0004,0.0000,1.0000
3.1950,114.00,-0.0002,0.0566,0.0012,0.0000,0.0219,0.0000,0.0000,0.0000,0.0000,0.0004,0.0000,1.0000
3.2150,114.00,-0.0002,0.0566,0.0012,0.0000,0.0219,0.0000,0.0000,0.0000,0.0000,0.0004,0.0000,1.0000
3.2350,114.00,-0.0002,0.0566,0.0012,0.0000,0.0219,0.0000,0.0000,0.0000,0.0000,0.0004,0.0000,1.0000
3.2550,114.00,-0.0002,0.0566,0.0012,0.0000,0.0219,0.0000,0.0000,0.0000,0.0000,0.0004,0.0000,1.0000
3.2750,114.00,-0.0002,0.0566,0.0012,0.0000,0.0219,0.0000,0.0000,0.0000,0.0000,0.0004,0.0000,1.0000
3.2950,114.00,-0.0002,0.0566,0.0012,0.0000,0.0219,0.0000,0.0000,0.0000,0.0000,0.0004,0.0000,1.0000
3.3150,114.00,-0.0002,0.0566,0.0012,0.0000,0.0219,0.0000,0.0000,0.0000,0.0000,0.0004,0.0000,1.0000
3.3350,114.00,-0.0002,0.0566,0.0012,0.0000,0.0219,0.0000,0.0000,0.0000,0.0000,0.0004,0.0000,1.0000
3.3550,114.00,-0.0002,0.0566,0.0012,0.0000,0.0219,0.0000,0.0000,0.0000,0.0000,0.0004,0.0000,1.0000
3.3750,114.00,-0.0002,0.0566,0.0012,0.0000,0.0219,0.0000,0.0000,0.0000,0.0000,0.0004,0.0000,1.0000
3.3950,114.00,-0.0002,0.0566,0.0012,0.0000,0.0219,0.0000,0.0000,0.0000,0.0000,0.0004,0.0000,1.0000
3.4150,114.00,-0.0002,0.0566,0.0012,0.0000,0.0219,0.0000,0.0000,0.0000,0.0000,0.0004,0.0000,1.0000
3.4350,114.00,-0.0002,0.0566,0.0012,0.0000,0.0219,0.0000,0.0000,0.0000,0.0000,0.0004,0.0000,1.0000
3.4550,114.00,-0.0002,0.0566,0.0012,0.0000,0.0219,0.0000,0.0000,0.0000,0.0000,0.0004,0.0000,1.0000
3.4750,114.00,-0.0002,0.0566,0.0012,0.0000,0.0219,0.0000,0.0000,0.0000,0.0000,0.0004,0.0000,1.0000
3.4950,114.00,-0.0002,0.0566,0.0012,0.0000,0.0219,0.0000,0.0000,0.0000,0.0000,0.0004,0.0000,1.0000
3.5150,114.00,-0.0002,0.0566,0.0012,0.0000,0.0219,0.0000,0.0000,0.0000,0.0000,0.0004,0.0000,1.0000
3.5350,114.00,-0.0002,0.0566,0.0012,0.0000,0.0219,0.0000,0.0000,0.0000,0.0000,0.0004,0.0000,1.0000
3.5550,114.00,-0.0002,0.0566,0.0012,0.0000,0.0219,0.0000,0.0000,0.0000,0.0000,0.0004,0.0000,1.0000
3.5750,114.00,-0.0002,0.0566,0.0012,0.0000,0.0219,0.0000,0.0000,0.0000,0.0000,0.0004,0.0000,1.0000
3.5950,114.00,-0.0002,0.0566,0.0012,0.0000,0.0219,0.0000,0.0000,0.0000,0.0000,0.0004,0.0000,1.0000
3.6150,114.00,-0.0002,0.0566,0.0012,0.0000,0.0219,0.0000,0.0000,0.0000,0.0000,0.0004,0.0000,1.0000
3.6350,114.00,-0.0002,0.0566,0.0012,0.0000,0.0219,0.0000,0.0000,0.0000,0.0000,0.0004,0.0000,1.0000
3.6550,114.00,-0.0002,0.0566,0.0012,0.0000,0.0219,0.0000,0.0000,0.0000,0.0000,0.0004,0.0000,1.0000
3.6750,114.00,-0.0002,0.0566,0.0012,0.0000,0.0219,0.0000,0.0000,0.0000,0.0000,0.0004,0.0000,1.0000
3.6950,114.00,-0.0002,0.0566,0.0012,0.0000,0.0219,0.0000,0.0000,0.0000,0.0000,0.0004,0.0000,1.0000
3.7150,114.00,-0.0002,0.0566,0.0012,0.0000,0.0219,0.0000,0.0000,0.0000,0.0000,0.0004,0.0000,1.0000
3.7350,114.00,-0.0002,0.0566,0.0012,0.0000,0.0219,0.0000,0.0000,0.0000,0.0000,0.0004,0.0000,1.0000
3.7550,114.00,-0.0002,0.0566,0.0012,0.0000,0.0219,0.0000,0.0000,0.0000,0.0000,0.0004,0.0000,1.0000
3.7750,114.00,-0.0002,0.0566,0.0012,0.0000,0.0219,0.0000,0.0000,0.0000,0.0000,0.0004,0.0000,1.0000
3.7950,114.00,-0.0002,0.0566,0.0012,0.0000,0.0219,0.0000,0.0000,0.0000,0.0000,0.0004,0.0000,1.0000
3.8150,114.00,-0.0002,0.0566,0.0012,0.0000,0.0219,0.0000,0.0000,0.0000,0.0000,0.0004,0.0000,1.0000
3.8350,114.00,-0.0002,0.0566,0.0012,0.0000,0.0219,0.0000,0.0000,0.0000,0.0000,0.0004,0.0000,1.0000
3.8550,114.00,-0.0002,0.0566,0.0012,0.0000,0.0219,0.0000,0.0000,0.0000,0.0000,0.0004,0.0000,1.0000
3.8750,114.00,-0.0002,0.0566,0.0012,0.0000,0.0219,0.0000,0.0000,0.0000,0.0000,0.0004,0.0000,1.0000
3.8950,114.00,-0.0002,0.0566,0.0012,0.0000,0.0219,0.0000,0.0000,0.0000,0.0000,0.0004,0.0000,1.0000
3.9150,114.00,-0.0002,0.0566,0.0012,0.0000,0.0219,0.0000,0.0000,0.0000,0.0000,0.0004,0.0000,1.0000
3.9350,114.00,-0.0002,0.0566,0.0012,0.0000,0.0219,0.0000,0.0000,0.0000,0.0000,0.0004,0.0000,1.0000
3.9550,114.00,-0.0002,0.0566,0.0012,0.0000,0.0219,0.0000,0.0000,0.0000,0.0000,0.0004,0.0000,1.0000
3.9750,114.00,-0.0002,0.0566,0.0012,0.0000,0.0219,0.0000,0.0000,0.0000,0.0000,0.0004,0.0000,1.0000
3.9950,114.00,-0.0002,0.0566,0.0012,0.0000,0.0219,0.0000,0.0000,0.0000,0.0000,0.0004,0.0000,1.0000
4.0150,114.00,-0.0002,0.0566,0.0012,0.0000,0.0219,0.0000,0.0000,0.0000,0.0000,0.0004,0.0000,1.0000
4.0350,128.89,-0.0002,0.0566,0.0012,0.0000,0.0219,0.0000,0.0000,0.0000,0.0000,0.0004,0.0000,1.0000
4.0550,128.89,-0.0002,0.0566,0.0012,0.0000,0.0219,0.0000,0.0000,0.0000,0.0000,0.0004,0.0000,1.0000
4.0750,128.89,-0.0002,0.0566,0.0012,0.0000,0.0219,0.0000,0.0000,0.0000,0.0000,0.0004,0.0000,1.0000
4.0950,128.89,-0.0002,0.0566,0.0012,0.0000,0.0219,0.0000,0.0000,0.0000,0.0000,0.0004,0.0000,1.0000
4.1150,128.89,-0.0002,0.0566,0.0012,0.0000,0.0219,0.0000,0.0000,0.0000,0.0000,0.0004,0.0000,1.0000
4.1350,128.89,-0.0002,0.0566,0.0012,0.0000,0.0219,0.0000,0.0000,0.0000,0.0000,0.0004,0.0000,1.0000
4.1550,128.89,-0.0002,0.0566,0.0012,0.0000,0.0219,0.0000,0.0000,0.0000,0.0000,0.0004,0.0000,1.0000
4.1750,128.89,-0.0002,0.0566,0.0012,0.0000,0.0219,0.0000,0.0000,0.0000,0.0000,0.0004,0.0000,1.0000
4.1950,128.89,-0.0002,0.0566,0.0012,0.0000,0.0219,0.0000,0.0000,0.0000,0.0000,0.0004,0.0000,1.0000
4.2150,128.89,-0.0002,0.0566,0.0012,0.0000,0.0219,0.0000,0.0000,0.0000,0.0000,0.0004,0.0000,1.0000
4.2350,128.89,-0.0002,0.0566,0.0012,0.0000,0.0219,0.0000,0.0000,0.0000,0.0000,0.0004,0.0000,1.0000
4.2550,128.89,-0.0002,0.0566,0.0012,0.0000,0.0219,0.0000,0.0000,0.0000,0.0000,0.0004,0.0000,1.0000
4.2750,128.89,-0.0002,0.0566,0.0012,0.0000,0.0219,0.0000,0.0000,0.0000,0.0000,0.0004,0.0000,1.0000
4.2950,128.89,-0.0002,0.0566,0.0012,0.0000,0.0219,0.0000,0.0000,0.0000,0.0000,0.0004,0.0000,1.0000
4.3150,128.89,-0.0002,0.0566,0.0012,0.0000,0.0219,0.0000,0.0000,0.0000,0.0000,0.0004,0.0000,1.0000
4.3350,128.89,-0.0002,0.0566,0.0012,0.0000,0.0219,0.0000,0.0000,0.0000,0.0000,0.0004,0.0000,1.0000
4.3550,128.89,-0.0002,0.0566,0.0012,0.0000,0.0219,0.0000,0.0000,0.0000,0.0000,0.0004,0.0000,1.0000
4.3750,128.89,-0.0002,0.0566,0.0012,0.0000,0.0219,0.0000,0.0000,0.0000,0.0000,0.0004,0.0000,1.0000
4.3950,128.89,-0.0002,0.0566,0.0012,0.0000,0.0219,0.0000,0.0000,0.0000,0.0000,0.0004,0.0000,1.0000
4.4150,128.89,-0.0002,0.0566,0.0012,0.0000,0.0219,0.0000,0.0000,0.0000,0.0000,0.0004,0.0000,1.0000
4.4350,128.89,-0.0002,0.0566,0.0012,0.0000,0.0219,0.0000,0.0000,0.0000,0.0000,0.0004,0.0000,1.0000
4.4550,128.89,-0.0002,0.0566,0.0012,0.0000,0.0219,0.0000,0.0000,0.0000,0.0000,0.0004,0.0000,1.0000
4.4750,128.89,-0.0002,0.0566,0.0012,0.0000,0.0219,0.0000,0.0000,0.0000,0.0000,0.0004,0.0000,1.0000
4.4950,128.89,-0.0002,0.0566,0.0012,0.0000,0.0219,0.0000,0.0000,0.0000,0.0000,0.0004,0.0000,1.0000
4.5150,128.89,-0.0002,0.0566,0.0012,0.0000,0.0219,0.0000,0.0000,0.0000,0.0000,0.0004,0.0000,1.0000
4.5350,128.89,-0.0002,0.0566,0.0012,0.0000,0.0219,0.0000,0.0000,0.0000,0.0000,0.0004,0.0000,1.0000
4.5550,128.89,-0.0002,0.0566,0.0012,0.0000,0.0219,0.0000,0.0000,0.0000,0.0000,0.0004,0.0000,1.0000
4.5750,128.89,-0.0002,0.0566,0.0012,0.0000,0.0219,0.0000,0.0000,0.0000,0.0000,0.0004,0.0000,1.0000
4.5950,128.89,-0.0002,0.0566,0.0012,0.0000,0.0219,0.0000,0.0000,0.0000,0.0000,0.0004,0.0000,1.0000
4.6150,128.89,-0.0002,0.0566,0.0012,0.0000,0.0219,0.0000,0.0000,0.0000,0.0000,0.0004,0.0000,1.0000
4.6350,128.89,-0.0002,0.0566,0.0012,0.0000,0.0219,0.0000,0.0000,0.0000,0.0000,0.0004,0.0000,1.0000
4.6550,128.89,-0.0002,0.0566,0.0012,0.0000,0.0219,0.0000,0.0000,0.0000,0.0000,0.0004,0.0000,1.0000
4.6750,128.89,-0.0002,0.0566,0.0012,0.0000,0.0219,0.0000,0.0000,0.0000,0.0000,0.0004,0.0000,1.0000
4.6950,128.89,-0.0002,0.0566,0.0012,0.0000,0.0219,0.0000,0.0000,0.0000,0.0000,0.0004,0.0000,1.0000
4.7150,128.89,-0.0002,0.0566,0.0012,0.0000,0.0219,0.0000,0.0000,0.0000,0.0000,0.0004,0.0000,1.0000
4.7350,128.89,-0.0002,0.0566,0.0012,0.0000,0.0219,0.0000,0.0000,0.0000,0.0000,0.0004,0.0000,1.0000
4.7550,128.89,-0.0002,0.0566,0.0012,0.0000,0.0219,0.0000,0.0000,0.0000,0.0000,0.0004,0.0000,1.0000
4.7750,128.89,-0.0002,0.0566,0.0012,0.0000,0.0219,0.0000,0.0000,0.0000,0.0000,0.0004,0.0000,1.0000
4.7950,128.89,-0.0002,0.0566,0.0012,0.0000,0.0219,0.0000,0.0000,0.0000,0.0000,0.0004,0.0000,1.0000
4.8150,128.89,-0.0002,0.0566,0.0012,0.0000,0.0219,0.0000,0.0000,0.0000,0.0000,0.0004,0.0000,1.0000
4.8350,128.89,-0.0002,0.0566,0.0012,0.0000,0.0219,0.0000,0.0000,0.0000,0.0000,0.0004,0.0000,1.0000
4.8550,128.89,-0.0002,0.0566,0.0012,0.0000,0.0219,0.0000,0.0000,0.0000,0.0000,0.0004,0.0000,1.0000
4.8750,128.89,-0.0002,0.0566,0.0012,0.0000,0.0219,0.0000,0.0000,0.0000,0.0000,0.0004,0.0000,1.0000
4.8950,128.89,-0.0002,0.0566,0.0012,0.0000,0.0219,0.0000,0.0000,0.0000,0.0000,0.0004,0.0000,1.0000
4.9150,128.89,-0.0002,0.0566,0.0012,0.0000,0.0219,0.0000,0.0000,0.0000,0.0000,0.0004,0.0000,1.0000
4.9350,128.89,-0.0002,0.0566,0.0012,0.0000,0.0219,0.0000,0.0000,0.0000,0.0000,0.0004,0.0000,1.0000
4.9550,128.89,-0.0002,0.0566,0.0012,0.0000,0.0219,0.0000,0.0000,0.0000,0.0000,0.0004,0.0000,1.0000
4.9750,128.89,-0.0002,0.0566,0.0012,0.0000,0.0219,0.0000,0.0000,0.0000,0.0000,0.0004,0.0000,1.0000
4.9950,128.89,-0.0002,0.0566,0.0012,0.0000,0.0219,0.0000,0.0000,0.0000,0.0000,0.0004,0.0000,1.0000
5.0150,128.89,-0.0002,0.0566,0.0012,0.0000,0.0219,0.0000,0.0000,0.0000,0.0000,0.0004,0.0000,1.0000
5.0350,105.81,-0.0002,0.0566,0.0012,0.0000,0.0219,0.0000,0.0000,0.0000,0.0000,0.0004,0.0000,1.0000
5.0550,105.81,-0.0002,0.0566,0.0012,0.0000,0.0219,0.0000,0.0000,0.0000,0.0000,0.0004,0.0000,1.0000
5.0750,105.81,-0.0002,0.0566,0.0012,0.0000,0.0219,0.0000,0.0000,0.0000,0.0000,0.0004,0.0000,1.0000
5.0950,105.81,-0.0002,0.0566,0.0012,0.0000,0.0219,0.0000,0.0000,0.0000,0.0000,0.0004,0.0000,1.0000
5.1150,105.81,-0.0002,0.0566,0.0012,0.0000,0.0219,0.0000,0.0000,0.0000,0.0000,0.0004,0.0000,1.0000
5.1350,105.81,-0.0002,0.0566,0.0012,0.0000,0.0219,0.0000,0.0000,0.0000,0.0000,0.0004,0.0000,1.0000
5.1550,105.81,-0.0002,0.0566,0.0012,0.0000,0.0219,0.0000,0.0000,0.0000,0.0000,0.0004,0.0000,1.0000
5.1750,105.81,-0.0002,0.0566,0.0012,0.0000,0.0219,0.0000,0.0000,0.0000,0.0000,0.0004,0.0000,1.0000
5.1950,105.81,-0.0002,0.0566,0.0012,0.0000,0.0219,0.0000,0.0000,0.0000,0.0000,0.0004,0.0000,1.0000
5.2150,105.81,-0.0002,0.0566,0.0012,0.0000,0.0219,0.0000,0.0000,0.0000,0.0000,0.0004,0.0000,1.0000
5.2350,105.81,-0.0002,0.0566,0.0012,0.0000,0.0219,0.0000,0.0000,0.0000,0.0000,0.0004,0.0000,1.0000
5.2550,105.81,-0.0002,0.0566,0.0012,0.0000,0.0219,0.0000,0.0000,0.0000,0.0000,0.0004,0.0000,1.0000
5.2750,105.81,-0.0002,0.0566,0.0012,0.0000,0.0219,0.0000,0.0000,0.0000,0.0000,0.0004,0.0000,1.0000
5.2950,105.81,-0.0002,0.0566,0.0012,0.0000,0.0219,0.0000,0.0000,0.0000,0.0000,0.0004,0.0000,1.0000
5.3150,105.81,-0.0002,0.0566,0.0012,0.0000,0.0219,0.0000,0.0000,0.0000,0.0000,0.0004,0.0000,1.0000
5.3350,105.81,-0.0002,0.0566,0.0012,0.0000,0.0219,0.0000,0.0000,0.0000,0.0000,0.0004,0.0000,1.0000
5.3550,105.81,-0.0002,0.0566,0.0012,0.0000,0.0219,0.0000,0.0000,0.0000,0.0000,0.0004,0.0000,1.0000
5.3750,105.81,-0.0002,0.0566,0.0012,0.0000,0.0219,0.0000,0.0000,0.0000,0.0000,0.0004,0.0000,1.0000
5.3950,105.81,-0.0002,0.0566,0.0012,0.0000,0.0219,0.0000,0.0000,0.0000,0.0000,0.0004,0.0000,1.0000
5.4150,105.81,-0.0002,0.0566,0.0012,0.0000,0.0219,0.0000,0.0000,0.0000,0.0000,0.0004,0.0000,1.0000
5.4350,105.81,-0.0002,0.0566,0.0012,0.0000,0.0219,0.0000,0.0000,0.0000,0.0000,0.0004,0.0000,1.0000
5.4550,105.81,-0.0002,0.0566,0.0012,0.0000,0.0219,0.0000,0.0000,0.0000,0.0000,0.0004,0.0000,1.0000
5.4750,105.81,-0.0002,0.0566,0.0012,0.0000,0.0219,0.0000,0.0000,0.0000,0.0000,0.0004,0.0000,1.0000
5.4950,105.81,-0.0002,0.0566,0.0012,0.0000,0.0219,0.0000,0.0000,0.0000,0.0000,0.0004,0.0000,1.0000
5.5150,105.81,-0.0002,0.0566,0.0012,0.0000,0.0219,0.0000,0.0000,0.0000,0.0000,0.0004,0.0000,1.0000
5.5350,105.81,-0.0002,0.0566,0.0012,0.0000,0.0219,0.0000,0.0000,0.0000,0.0000,0.0004,0.0000,1.0000
5.5550,105.81,-0.0002,0.0566,0.0012,0.0000,0.0219,0.0000,0.0000,0.0000,0.0000,0.0004,0.0000,1.0000
5.5750,105.81,-0.0002,0.0566,0.0012,0.0000,0.0219,0.0000,0.0000,0.0000,0.0000,0.0004,0.0000,1.0000
5.5950,105.81,-0.0002,0.0566,0.0012,0.0000,0.0219,0.0000,0.0000,0.0000,0.0000,0.0004,0.0000,1.0000
5.6150,105.81,-0.0002,0.0566,0.0012,0.0000,0.0219,0.0000,0.0000,0.0000,0.0000,0.0004,0.0000,1.0000
5.6350,105.81,-0.0002,0.0566,0.0012,0.0000,0.0219,0.0000,0.0000,0.0000,0.0000,0.0004,0.0000,1.0000
5.6550,105.81,-0.0002,0.0566,0.0012,0.0000,0.0219,0.0000,0.0000,0.0000,0.0000,0.0004,0.0000,1.0000
5.6750,105.81,-0.0002,0.0566,0.0012,0.0000,0.0219,0.0000,0.0000,0.0000,0.0000,0.0004,0.0000,1.0000
5.6950,105.81,-0.0002,0.0566,0.0012,0.0000,0.0219,0.0000,0.0000,0.0000,0.0000,0.0004,0.0000,1.0000
5.7150,105.81,-0.0002,0.0566,0.0012,0.0000,0.0219,0.0000,0.0000,0.0000,0.0000,0.0004,0.0000,1.0000
5.7350,105.81,-0.0002,0.0566,0.0012,0.0000,0.0219,0.0000,0.0000,0.0000,0.0000,0.0004,0.0000,1.0000
5.7550,105.81,-0.0002,0.0566,0.0012,0.0000,0.0219,0.0000,0.0000,0.0000,0.0000,0.0004,0.0000,1.0000
5.7750,105.81,-0.0002,0.0566,0.0012,0.0000,0.0219,0.0000,0.0000,0.0000,0.0000,0.0004,0.0000,1.0000
5.7950,105.81,-0.0002,0.0566,0.0012,0.0000,0.0219,0.0000,0.0000,0.0000,0.0000,0.0004,0.0000,1.0000
5.8150,105.81,-0.0002,0.0566,0.0012,0.0000,0.0219,0.0000,0.0000,0.0000,0.0000,0.0004,0.0000,1.0000
5.8350,105.81,-0.0002,0.0566,0.0012,0.0000,0.0219,0.0000,0.0000,0.0000,0.0000,0.0004,0.0000,1.0000
5.8550,105.81,-0.0002,0.0566,0.0012,0.0000,0.0219,0.0000,0.0000,0.0000,0.0000,0.0004,0.0000,1.0000
5.8750,105.81,-0.0002,0.0566,0.0012,0.0000,0.0219,0.0000,0.0000,0.0000,0.0000,0.0004,0.0000,1.0000
5.8950,105.81,-0.0002,0.0566,0.0012,0.0000,0.0219,0.0000,0.0000,0.0000,0.0000,0.0004,0.0000,1.0000
5.9150,105.81,-0.0002,0.0566,0.0012,0.0000,0.0219,0.0000,0.0000,0.0000,0.0000,0.0004,0.0000,1.0000
5.9350,105.81,-0.0002,0.0566,0.0012,0.0000,0.0219,0.0000,0.0000,0.0000,0.0000,0.0004,0.0000,1.0000
5.9550,105.81,-0.0002,0.0566,0.0012,0.0000,0.0219,0.0000,0.0000,0.0000,0.0000,0.0004,0.0000,1.0000
5.9750,105.81,-0.0002,0.0566,0.0012,0.0000,0.0219,0.0000,0.0000,0.0000,0.0000,0.0004,0.0000,1.0000
5.9950,105.81,-0.0002,0.0566,0.0012,0.0000,0.0219,0.0000,0.0000,0.0000,0.0000,0.0004,0.0000,1.0000
6.0150,105.81,-0.0002,0.0566,0.0012,0.0000,0.0219,0.0000,0.0000,0.0000,0.0000,0.0004,0.0000,1.0000
6.0350,130.34,-0.0002,0.0566,0.0012,0.0000,0.0219,0.0000,0.0000,0.0000,0.0000,0.0004,0.0000,1.0000
6.0550,130.34,-0.0002,0.0566,0.0012,0.0000,0.0219,0.0000,0.0000,0.0000,0.0000,0.0004,0.0000,1.0000
6.0750,130.34,-0.0002,0.0566,0.0012,0.0000,0.0219,0.0000,0.0000,0.0000,0.0000,0.0004,0.0000,1.0000
6.0950,130.34,-0.0002,0.0566,0.0012,0.0000,0.0219,0.0000,0.0000,0.0000,0.0000,0.0004,0.0000,1.0000
6.1150,130.34,-0.0002,0.0566,0.0012,0.0000,0.0219,0.0000,0.0000,0.0000,0.0000,0.0004,0.0000,1.0000
6.1350,130.34,-0.0002,0.0566,0.0012,0.0000,0.0219,0.0000,0.0000,0.0000,0.0000,0.0004,0.0000,1.0000
6.1550,130.34,-0.0002,0.0566,0.0012,0.0000,0.0219,0.0000,0.0000,0.0000,0.0000,0.0004,0.0000,1.0000
6.1750,130.34,-0.0002,0.0566,0.0012,0.0000,0.0219,0.0000,0.0000,0.0000,0.0000,0.0004,0.0000,1.0000
6.1950,130.34,-0.0002,0.0566,0.0012,0.0000,0.0219,0.0000,0.0000,0.0000,0.0000,0.0004,0.0000,1.0000
6.2150,130.34,-0.0002,0.0566,0.0012,0.0000,0.0219,0.0000,0.0000,0.0000,0.0000,0.0004,0.0000,1.0000
6.2350,130.34,-0.0002,0.0566,0.0012,0.0000,0.0219,0.0000,0.0000,0.0000,0.0000,0.0004,0.0000,1.0000
6.2550,130.34,-0.0002,0.0566,0.0012,0.0000,0.0219,0.0000,0.0000,0.0000,0.0000,0.0004,0.0000,1.0000
6.2750,130.34,-0.0002,0.0566,0.0012,0.0000,0.0219,0.0000,0.0000,0.0000,0.0000,0.0004,0.0000,1.0000
6.2950,130.34,-0.0002,0.0566,0.0012,0.0000,0.0219,0.0000,0.0000,0.0000,0.0000,0.0004,0.0000,1.0000
6.3150,130.34,-0.0002,0.0566,0.0012,0.0000,0.0219,0.0000,0.0000,0.0000,0.0000,0.0004,0.0000,1.0000
6.3350,130.34,-0.0002,0.0566,0.0012,0.0000,0.0219,0.0000,0.0000,0.0000,0.0000,0.0004,0.0000,1.0000
6.3550,130.34,-0.0002,0.0566,0.0012,0.0000,0.0219,0.0000,0.0000,0.0000,0.0000,0.0004,0.0000,1.0000
6.3750,130.34,-0.0002,0.0566,0.0012,0.0000,0.0219,0.0000,0.0000,0.0000,0.0000,0.0004,0.0000,1.0000
6.3950,130.34,-0.0002,0.0566,0.0012,0.0000,0.0219,0.0000,0.0000,0.0000,0.0000,0.0004,0.0000,1.0000
6.4150,130.34,-0.0002,0.0566,0.0012,0.0000,0.0219,0.0000,0.0000,0.0000,0.0000,0.0004,0.0000,1.0000
6.4350,130.34,-0.0002,0.0566,0.0012,0.0000,0.0219,0.0000,0.0000,0.0000,0.0000,0.0004,0.0000,1.0000
6.4550,130.34,-0.0002,0.0566,0.0012,0.0000,0.0219,0.0000,0.0000,0.0000,0.0000,0.0004,0.0000,1.0000
6.4750,130.34,-0.0002,0.0566,0.0012,0.0000,0.0219,0.0000,0.0000,0.0000,0.0000,0.0004,0.0000,1.0000
6.4950,130.34,-0.0002,0.0566,0.0012,0.0000,0.0219,0.0000,0.0000,0.0000,0.0000,0.0004,0.0000,1.0000
6.5150,130.34,-0.0002,0.0566,0.0012,0.0000,0.0219,0.0000,0.0000,0.0000,0.0000,0.0004,0.0000,1.0000
6.5350,130.34,-0.0002,0.0566,0.0012,0.0000,0.0219,0.0000,0.0000,0.0000,0.0000,0.0004,0.0000,1.0000
6.5550,130.34,-0.0002,0.0566,0.0012,0.0000,0.0219,0.0000,0.0000,0.0000,0.0000,0.0004,0.0000,1.0000
6.5750,130.34,-0.0002,0.0566,0.0012,0.0000,0.0219,0.0000,0.0000,0.0000,0.0000,0.0004,0.0000,1.0000
6.5950,130.34,-0.0002,0.0566,0.0012,0.0000,0.0219,0.0000,0.0000,0.0000,0.0000,0.0004,0.0000,1.0000
6.6150,130.34,-0.0002,0.0566,0.0012,0.0000,0.0219,0.0000,0.0000,0.0000,0.0000,0.0004,0.0000,1.0000
6.6350,130.34,-0.0002,0.0566,0.0012,0.0000,0.0219,0.0000,0.0000,0.0000,0.0000,0.0004,0.0000,1.0000
6.6550,130.34,-0.0002,0.0566,0.0012,0.0000,0.0219,0.0000,0.0000,0.0000,0.0000,0.0004,0.0000,1.0000
6.6750,130.34,-0.0002,0.0566,0.0012,0.0000,0.0219,0.0000,0.0000,0.0000,0.0000,0.0004,0.0000,1.0000
6.6950,130.34,-0.0002,0.0566,0.0012,0.0000,0.0219,0.0000,0.0000,0.0000,0.0000,0.0004,0.0000,1.0000
6.7150,130.34,-0.0002,0.0566,0.0012,0.0000,0.0219,0.0000,0.0000,0.0000,0.0000,0.0004,0.0000,1.0000
6.7350,130.34,-0.0002,0.0566,0.0012,0.0000,0.0219,0.0000,0.0000,0.0000,0.0000,0.0004,0.0000,1.0000
6.7550,130.34,-0.0002,0.0566,0.0012,0.0000,0.0219,0.0000,0.0000,0.0000,0.0000,0.0004,0.0000,1.0000
6.7750,130.34,-0.0002,0.0566,0.0012,0.0000,0.0219,0.0000,0.0000,0.0000,0.0000,0.0004,0.0000,1.0000
6.7950,130.34,-0.0002,0.0566,0.0012,0.0000,0.0219,0.0000,0.0000,0.0000,0.0000,0.0004,0.0000,1.0000
6.8150,130.34,-0.0002,0.0566,0.0012,0.0000,0.0219,0.0000,0.0000,0.0000,0.0000,0.0004,0.0000,1.0000
6.8350,130.34,-0.0002,0.0566,0.0012,0.0000,0.0219,0.0000,0.0000,0.0000,0.0000,0.0004,0.0000,1.0000
6.8550,130.34,-0.0002,0.0566,0.0012,0.0000,0.0219,0.0000,0.0000,0.0000,0.0000,0.0004,0.0000,1.0000
6.8750,130.34,-0.0002,0.0566,0.0012,0.0000,0.0219,0.0000,0.0000,0.0000,0.0000,0.0004,0.0000,1.0000
6.8950,130.34,-0.0002,0.0566,0.0012,0.0000,0.0219,0.0000,0.0000,0.0000,0.0000,0.0004,0.0000,1.0000
6.9150,130.34,-0.0002,0.0566,0.0012,0.0000,0.0219,0.0000,0.0000,0.0000,0.0000,0.0004,0.0000,1.0000
6.9350,130.34,-0.0002,0.0566,0.0012,0.0000,0.0219,0.0000,0.0000,0.0000,0.0000,0.0004,0.0000,1.0000
6.9550,130.34,-0.0002,0.0566,0.0012,0.0000,0.0219,0.0000,0.0000,0.0000,0.0000,0.0004,0.0000,1.0000
6.9750,130.34,-0.0002,0.0566,0.0012,0.0000,0.0219,0.0000,0.0000,0.0000,0.0000,0.0004,0.0000,1.0000
6.9950,130.34,-0.0002,0.0566,0.0012,0.0000,0.0219,0.0000,0.0000,0.0000,0.0000,0.0004,0.0000,1.0000
7.0150,130.34,-0.0002,0.0566,0.0012,0.0000,0.0219,0.0000,0.0000,0.0000,0.0000,0.0004,0.0000,1.0000
7.0350,121.91,-0.0002,0.0566,0.0012,0.0000,0.0219,0.0000,0.0000,0.0000,0.0000,0.0004,0.0000,1.0000
7.0550,121.91,-0.0002,0.0566,0.0012,0.0000,0.0219,0.0000,0.0000,0.0000,0.0000,0.0004,0.0000,1.0000
7.0750,121.91,-0.0002,0.0566,0.0012,0.0000,0.0219,0.0000,0.0000,0.0000,0.0000,0.0004,0.0000,1.0000
7.0950,121.91,-0.0002,0.0566,0.0012,0.0000,0.0219,0.0000,0.0000,0.0000,0.0000,0.0004,0.0000,1.0000
7.1150,121.91,-0.0002,0.0566,0.0012,0.0000,0.0219,0.0000,0.0000,0.0000,0.0000,0.0004,0.0000,1.0000
7.1350,121.91,-0.0002,0.0589,0.0012,359.9941,0.0223,-0.0005,-0.0001,0.1181,0.0013,0.0004,0.0001,1.0000
7.1550,121.91,-0.0002,0.0614,0.0012,359.9844,0.0228,-0.0014,-0.0002,0.1233,0.0022,0.0004,0.0003,1.0000
7.1750,121.91,-0.0002,0.0660,0.0013,359.9694,0.0236,-0.0027,-0.0003,0.2329,0.0034,0.0004,0.0005,1.0000
7.1950,121.91,-0.0002,0.0709,0.0014,359.9510,0.0246,-0.0043,-0.0003,0.2425,0.0040,0.0004,0.0009,1.0000
7.2150,121.91,-0.0002,0.0778,0.0015,359.9278,0.0259,359.9937,-0.0004,0.3443,0.0049,0.0005,0.0013,1.0000
7.2350,121.91,-0.0002,0.0849,0.0016,359.9016,0.0273,359.9914,-0.0004,0.3576,0.0054,0.0005,0.0017,1.0000
7.2550,121.91,-0.0002,0.0940,0.0017,359.8712,0.0288,359.9888,-0.0005,0.4524,0.0059,0.0005,0.0022,1.0000
7.2750,121.91,-0.0002,0.1033,0.0018,359.8382,0.0305,359.9860,-0.0005,0.4688,0.0061,0.0005,0.0028,1.0000
7.2950,121.91,-0.0002,0.1145,0.0019,359.8014,0.0324,359.9828,-0.0005,0.5571,0.0062,0.0006,0.0035,1.0000
7.3150,121.91,-0.0002,0.1260,0.0021,359.7624,0.0343,359.9795,-0.0004,0.5761,0.0060,0.0006,0.0041,1.0000
7.3350,121.91,-0.0003,0.1392,0.0022,359.7201,0.0364,359.9758,-0.0004,0.6587,0.0058,0.0006,0.0049,1.0000
7.3550,121.91,-0.0003,0.1528,0.0023,359.6758,0.0385,359.9721,-0.0003,0.6797,0.0053,0.0007,0.0057,1.0000
7.3750,121.91,-0.0003,0.1679,0.0024,359.6287,0.0408,359.9681,-0.0003,0.7569,0.0045,0.0007,0.0065,1.0000
7.3950,121.91,-0.0003,0.1835,0.0024,359.5800,0.0431,359.9640,-0.0002,0.7797,0.0037,0.0008,0.0073,1.0000
7.4150,121.91,-0.0003,0.2006,0.0025,359.5288,0.0456,359.9597,-0.0001,0.8520,0.0025,0.0008,0.0082,1.0000
7.4350,121.91,-0.0003,0.2181,0.0025,359.4763,0.0481,359.9553,0.0001,0.8761,0.0013,0.0008,0.0091,1.0000
7.4550,121.91,-0.0003,0.2370,0.0025,359.4218,0.0507,359.9507,0.0002,0.9440,-0.0004,0.0009,0.0101,0.9999
7.4750,121.91,-0.0003,0.2563,0.0025,359.3661,0.0533,359.9461,0.0004,0.9691,-0.0021,0.0009,0.0111,0.9999
7.4950,121.91,-0.0002,0.2770,0.0024,359.3088,0.0561,359.9413,0.0006,1.0329,-0.0042,0.0010,0.0121,0.9999
7.5150,121.91,-0.0002,0.2982,0.0023,359.2506,0.0588,359.9365,0.0008,1.0588,-0.0063,0.0010,0.0131,0.9999
7.5350,121.91,-0.0002,0.3205,0.0021,359.1911,0.0617,359.9315,0.0010,1.1187,-0.0089,0.0011,0.0141,0.9999
7.5550,121.91,-0.0002,0.3435,0.0019,359.1311,0.0646,359.9265,0.0013,1.1451,-0.0115,0.0011,0.0152,0.9999
7.5750,121.91,-0.0002,0.3675,0.0016,359.0700,0.0676,359.9214,0.0015,1.2016,-0.0146,0.0012,0.0162,0.9999
7.5950,121.91,-0.0001,0.3920,0.0012,359.0086,0.0705,359.9162,0.0018,1.2283,-0.0176,0.0012,0.0173,0.9998
7.6150,121.91,-0.0001,0.4177,0.0008,358.9464,0.0736,359.9109,0.0021,1.2815,-0.0212,0.0013,0.0184,0.9998
7.6350,121.91,0.0000,0.4438,0.0003,358.8842,0.0766,359.9056,0.0024,1.3083,-0.0247,0.0013,0.0195,0.9998
7.6550,121.91,0.0000,0.4710,-0.0003,358.8214,0.0797,359.9003,0.0028,1.3585,-0.0287,0.0014,0.0206,0.9998
7.6750,121.91,0.0001,0.4987,-0.0009,358.7589,0.0827,359.8948,0.0031,1.3853,-0.0326,0.0014,0.0217,0.9998
7.6950,121.91,0.0002,0.5274,-0.0017,358.6961,0.0858,359.8893,0.0035,1.4327,-0.0371,0.0015,0.0228,0.9997
7.7150,121.91,0.0002,0.5566,-0.0025,358.6336,0.0889,359.8837,0.0039,1.4594,-0.0415,0.0016,0.0238,0.9997
7.7350,121.91,0.0003,0.5866,-0.0034,358.5712,0.0920,359.8781,0.0044,1.5041,-0.0465,0.0016,0.0249,0.9997
7.7550,121.91,0.0004,0.6173,-0.0045,358.5092,0.0951,359.8724,0.0048,1.5305,-0.0513,0.0017,0.0260,0.9997
7.7750,121.91,0.0005,0.6487,-0.0056,358.4475,0.0983,359.8667,0.0052,1.5728,-0.0566,0.0017,0.0271,0.9996
7.7950,121.91,0.0006,0.6807,-0.0068,358.3865,0.1014,359.8609,0.0057,1.5988,-0.0619,0.0018,0.0282,0.9996
7.8150,121.91,0.0008,0.7135,-0.0082,358.3259,0.1047,359.8551,0.0062,1.6388,-0.0676,0.0018,0.0292,0.9996
7.8350,121.91,0.0009,0.7468,-0.0096,358.2661,0.1079,359.8492,0.0067,1.6644,-0.0732,0.0019,0.0303,0.9995
7.8550,121.91,0.0011,0.7808,-0.0112,358.2069,0.1113,359.8433,0.0073,1.7023,-0.0794,0.0019,0.0313,0.9995
7.8750,121.91,0.0012,0.8153,-0.0129,358.1487,0.1146,359.8374,0.0078,1.7273,-0.0854,0.0020,0.0323,0.9995
7.8950,121.91,0.0014,0.8506,-0.0148,358.0912,0.1180,359.8315,0.0084,1.7631,-0.0919,0.0021,0.0333,0.9994
7.9150,121.91,0.0016,0.8864,-0.0167,358.0347,0.1215,359.8257,0.0090,1.7876,-0.0982,0.0021,0.0343,0.9994
7.9350,121.91,0.0017,0.9228,-0.0188,357.9790,0.1250,359.8199,0.0096,1.8215,-0.1050,0.0022,0.0353,0.9994
7.9550,121.91,0.0020,0.9597,-0.0211,357.9245,0.1285,359.8141,0.0102,1.8453,-0.1117,0.0022,0.0362,0.9993
7.9750,121.91,0.0022,0.9972,-0.0235,357.8709,0.1321,359.8084,0.0109,1.8774,-0.1189,0.0023,0.0372,0.9993
7.9950,121.91,0.0024,1.0353,-0.0260,357.8185,0.1356,359.8028,0.0116,1.9006,-0.1259,0.0024,0.0381,0.9993
8.0150,121.91,0.0026,1.0739,-0.0286,357.7671,0.1392,359.7973,0.0123,1.9310,-0.1333,0.0024,0.0390,0.9992
8.0350,121.91,0.0029,1.1129,-0.0315,357.7170,0.1427,359.7919,0.0130,1.9534,-0.1405,0.0025,0.0398,0.9992
8.0550,126.10,0.0032,1.1526,-0.0344,357.6679,0.1461,359.7867,0.0137,1.9822,-0.1482,0.0025,0.0407,0.9992
8.0750,126.10,0.0035,1.1927,-0.0375,357.6202,0.1495,359.7816,0.0145,2.0039,-0.1557,0.0026,0.0415,0.9991
8.0950,126.10,0.0038,1.2333,-0.0408,357.5736,0.1528,359.7767,0.0152,2.0311,-0.1636,0.0027,0.0423,0.9991
8.1150,126.10,0.0041,1.2743,-0.0442,357.5284,0.1559,359.7720,0.0160,2.0521,-0.1714,0.0027,0.0431,0.9991
8.1350,126.10,0.0044,1.3159,-0.0478,357.4843,0.1590,359.7675,0.0168,2.0778,-0.1795,0.0028,0.0439,0.9990
8.1550,126.10,0.0048,1.3578,-0.0516,357.4417,0.1618,359.7631,0.0176,2.0980,-0.1875,0.0028,0.0446,0.9990
8.1750,126.10,0.0052,1.4003,-0.0555,357.4003,0.1645,359.7589,0.0184,2.1223,-0.1958,0.0029,0.0454,0.9990
8.1950,126.10,0.0055,1.4431,-0.0596,357.3604,0.1670,359.7550,0.0193,2.1418,-0.2040,0.0029,0.0461,0.9989
8.2150,126.10,0.0059,1.4864,-0.0638,357.3217,0.1692,359.7513,0.0201,2.1648,-0.2124,0.0030,0.0467,0.9989
8.2350,126.10,0.0064,1.5301,-0.0682,357.2844,0.1712,359.7477,0.0209,2.1834,-0.2207,0.0030,0.0474,0.9989
8.2550,126.10,0.0068,1.5742,-0.0728,357.2485,0.1729,359.7444,0.0218,2.2051,-0.2293,0.0030,0.0480,0.9988
8.2750,126.10,0.0072,1.6187,-0.0776,357.2140,0.1742,359.7412,0.0227,2.2230,-0.2378,0.0030,0.0486,0.9988
8.2950,126.10,0.0077,1.6635,-0.0825,357.1808,0.1752,359.7383,0.0235,2.2435,-0.2465,0.0031,0.0492,0.9988
8.3150,126.10,0.0082,1.7087,-0.0876,357.1491,0.1759,359.7355,0.0244,2.2606,-0.2551,0.0031,0.0497,0.9988
8.3350,126.10,0.0087,1.7543,-0.0929,357.1187,0.1762,359.7328,0.0252,2.2799,-0.2639,0.0031,0.0503,0.9987
8.3550,126.10,0.0092,1.8003,-0.0983,357.0899,0.1761,359.7303,0.0261,2.2962,-0.2726,0.0031,0.0508,0.9987
8.3750,126.10,0.0098,1.8466,-0.1040,357.0624,0.1757,359.7280,0.0270,2.3144,-0.2814,0.0031,0.0512,0.9987
8.3950,126.10,0.0103,1.8932,-0.1098,357.0364,0.1750,359.7258,0.0278,2.3300,-0.2902,0.0030,0.0517,0.9987
8.4150,126.10,0.0109,1.9401,-0.1157,357.0119,0.1739,359.7238,0.0287,2.3471,-0.2991,0.0030,0.0521,0.9986
8.4350,126.10,0.0115,1.9873,-0.1219,356.9889,0.1726,359.7219,0.0296,2.3619,-0.3080,0.0030,0.0525,0.9986
8.4550,126.10,0.0121,2.0349,-0.1282,356.9673,0.1709,359.7201,0.0304,2.3780,-0.3169,0.0030,0.0529,0.9986
8.4750,126.10,0.0127,2.0827,-0.1348,356.9473,0.1691,359.7184,0.0313,2.3919,-0.3258,0.0029,0.0533,0.9986
8.4950,126.10,0.0134,2.1309,-0.1415,356.9288,0.1670,359.7168,0.0322,2.4071,-0.3348,0.0029,0.0536,0.9986
8.5150,126.10,0.0140,2.1793,-0.1483,356.9119,0.1647,359.7154,0.0331,2.4203,-0.3437,0.0029,0.0539,0.9985
8.5350,126.10,0.0147,2.2280,-0.1554,356.8965,0.1622,359.7142,0.0339,2.4345,-0.3527,0.0028,0.0541,0.9985
8.5550,126.10,0.0154,2.2769,-0.1626,356.8826,0.1596,359.7130,0.0348,2.4469,-0.3616,0.0028,0.0544,0.9985
8.5750,126.10,0.0161,2.3261,-0.1700,356.8703,0.1569,359.7121,0.0357,2.4602,-0.3706,0.0027,0.0546,0.9985
8.5950,126.10,0.0169,2.3755,-0.1776,356.8596,0.1540,359.7113,0.0366,2.4720,-0.3795,0.0027,0.0548,0.9985
8.6150,126.10,0.0176,2.4252,-0.1854,356.8503,0.1511,359.7107,0.0374,2.4843,-0.3884,0.0026,0.0549,0.9985
8.6350,126.10,0.0184,2.4751,-0.1933,356.8427,0.1482,359.7103,0.0383,2.4954,-0.3973,0.0026,0.0551,0.9985
8.6550,126.10,0.0192,2.5253,-0.2015,356.8365,0.1452,359.7101,0.0392,2.5069,-0.4061,0.0025,0.0552,0.9985
8.6750,126.10,0.0200,2.5756,-0.2098,356.8320,0.1421,359.7101,0.0401,2.5172,-0.4149,0.0025,0.0553,0.9985
8.6950,126.10,0.0208,2.6262,-0.2182,356.8289,0.1391,359.7103,0.0409,2.5279,-0.4237,0.0024,0.0553,0.9985
8.7150,126.10,0.0216,2.6769,-0.2269,356.8273,0.1361,359.7107,0.0418,2.5376,-0.4324,0.0024,0.0553,0.9985
8.7350,126.10,0.0225,2.7279,-0.2357,356.8272,0.1331,359.7114,0.0427,2.5475,-0.4411,0.0023,0.0553,0.9985
8.7550,126.10,0.0233,2.7790,-0.2447,356.8285,0.1301,359.7123,0.0435,2.5565,-0.4497,0.0023,0.0553,0.9985
8.7750,126.10,0.0242,2.8303,-0.2539,356.8313,0.1271,359.7134,0.0444,2.5656,-0.4582,0.0022,0.0553,0.9985
8.7950,126.10,0.0251,2.8818,-0.2632,356.8355,0.1242,359.7148,0.0452,2.5739,-0.4667,0.0022,0.0552,0.9985
8.8150,126.10,0.0260,2.9335,-0.2727,356.8410,0.1213,359.7164,0.0460,2.5824,-0.4751,0.0021,0.0551,0.9985
8.8350,126.10,0.0270,2.9853,-0.2824,356.8480,0.1185,359.7182,0.0468,2.5900,-0.4834,0.0021,0.0550,0.9985
8.8550,126.10,0.0279,3.0372,-0.2922,356.8562,0.1156,359.7203,0.0476,2.5977,-0.4917,0.0020,0.0548,0.9985
8.8750,126.10,0.0289,3.0893,-0.3022,356.8657,0.1128,359.7226,0.0484,2.6047,-0.4999,0.0020,0.0547,0.9985
8.8950,126.10,0.0299,3.1415,-0.3124,356.8765,0.1099,359.7250,0.0492,2.6118,-0.5079,0.0019,0.0545,0.9985
8.9150,126.10,0.0309,3.1939,-0.3227,356.8885,0.1070,359.7277,0.0500,2.6182,-0.5159,0.0019,0.0543,0.9985
8.9350,126.10,0.0319,3.2464,-0.3331,356.9018,0.1041,359.7305,0.0507,2.6245,-0.5238,0.0018,0.0540,0.9985
8.9550,126.10,0.0329,3.2990,-0.3438,356.9162,0.1012,359.7334,0.0514,2.6303,-0.5316,0.0018,0.0538,0.9986
8.9750,126.10,0.0340,3.3517,-0.3546,356.9318,0.0982,359.7365,0.0521,2.6361,-0.5393,0.0017,0.0535,0.9986
8.9950,126.10,0.0350,3.4045,-0.3655,356.9486,0.0951,359.7397,0.0528,2.6412,-0.5469,0.0017,0.0532,0.9986
9.0150,126.10,0.0361,3.4575,-0.3766,356.9665,0.0919,359.7429,0.0535,2.6464,-0.5543,0.0016,0.0529,0.9986
9.0350,126.10,0.0372,3.5105,-0.3878,356.9854,0.0886,359.7462,0.0542,2.6510,-0.5617,0.0015,0.0526,0.9986
9.0550,113.69,0.0383,3.5636,-0.3992,357.0055,0.0853,359.7496,0.0548,2.6555,-0.5689,0.0015,0.0522,0.9986
9.0750,113.69,0.0394,3.6168,-0.4107,357.0266,0.0819,359.7530,0.0554,2.6595,-0.5761,0.0014,0.0519,0.9987
9.0950,113.69,0.0405,3.6701,-0.4224,357.0488,0.0783,359.7564,0.0560,2.6634,-0.5831,0.0014,0.0515,0.9987
9.1150,113.69,0.0416,3.7234,-0.4342,357.0721,0.0747,359.7599,0.0566,2.6669,-0.5899,0.0013,0.0511,0.9987
9.1350,113.69,0.0428,3.7768,-0.4461,357.0963,0.0711,359.7634,0.0572,2.6703,-0.5967,0.0012,0.0507,0.9987
9.1550,113.69,0.0439,3.8303,-0.4582,357.1215,0.0673,359.7668,0.0577,2.6732,-0.6033,0.0012,0.0502,0.9987
9.1750,113.69,0.0451,3.8838,-0.4704,357.1477,0.0635,359.7703,0.0582,2.6761,-0.6097,0.0011,0.0498,0.9988
9.1950,113.69,0.0463,3.9374,-0.4827,357.1749,0.0596,359.7738,0.0588,2.6785,-0.6161,0.0010,0.0493,0.9988
9.2150,113.69,0.0475,3.9910,-0.4951,357.2030,0.0557,359.7772,0.0593,2.6808,-0.6223,0.0010,0.0488,0.9988
9.2350,113.69,0.0487,4.0446,-0.5077,357.2321,0.0518,359.7807,0.0597,2.6827,-0.6283,0.0009,0.0483,0.9988
9.2550,113.69,0.0499,4.0983,-0.5204,357.2620,0.0478,359.7841,0.0602,2.6844,-0.6342,0.0008,0.0478,0.9989
9.2750,113.69,0.0511,4.1520,-0.5332,357.2928,0.0439,359.7876,0.0607,2.6859,-0.6399,0.0008,0.0472,0.9989
9.2950,113.69,0.0523,4.2058,-0.5461,357.3245,0.0399,359.7910,0.0611,2.6871,-0.6455,0.0007,0.0467,0.9989
9.3150,113.69,0.0535,4.2595,-0.5591,357.3570,0.0361,359.7945,0.0616,2.6881,-0.6509,0.0006,0.0461,0.9989
9.3350,113.69,0.0548,4.3133,-0.5722,357.3903,0.0322,359.7980,0.0620,2.6888,-0.6562,0.0006,0.0455,0.9990
9.3550,113.69,0.0560,4.3671,-0.5855,357.4243,0.0285,359.8015,0.0624,2.6893,-0.6613,0.0005,0.0449,0.9990
9.3750,113.69,0.0573,4.4209,-0.5988,357.4591,0.0248,359.8051,0.0628,2.6896,-0.6662,0.0004,0.0443,0.9990
9.3950,113.69,0.0585,4.4747,-0.6122,357.4945,0.0212,359.8087,0.0632,2.6896,-0.6709,0.0004,0.0437,0.9990
9.4150,113.69,0.0598,4.5285,-0.6257,357.5306,0.0176,359.8124,0.0636,2.6894,-0.6755,0.0003,0.0431,0.9991
9.4350,113.69,0.0611,4.5823,-0.6393,357.5673,0.0142,359.8161,0.0640,2.6889,-0.6799,0.0002,0.0424,0.9991
9.4550,113.69,0.0624,4.6360,-0.6530,357.6046,0.0108,359.8199,0.0643,2.6883,-0.6841,0.0002,0.0418,0.9991
9.4750,113.69,0.0637,4.6898,-0.6668,357.6423,0.0075,359.8237,0.0646,2.6874,-0.6881,0.0001,0.0411,0.9992
9.4950,113.69,0.0650,4.7435,-0.6806,357.6805,0.0042,359.8275,0.0649,2.6864,-0.6919,0.0001,0.0405,0.9992
9.5150,113.69,0.0663,4.7972,-0.6945,357.7192,0.0010,359.8315,0.0652,2.6851,-0.6956,0.0000,0.0398,0.9992
9.5350,113.69,0.0676,4.8509,-0.7085,357.7582,-0.0022,359.8354,0.0655,2.6836,-0.6990,0.0000,0.0391,0.9992
9.5550,113.69,0.0689,4.9045,-0.7225,357.7975,-0.0054,359.8394,0.0658,2.6818,-0.7023,-0.0001,0.0384,0.9993
9.5750,113.69,0.0702,4.9581,-0.7366,357.8372,359.9913,359.8433,0.0660,2.6799,-0.7054,-0.0002,0.0377,0.9993
9.5950,113.69,0.0715,5.0117,-0.7508,357.8771,359.9881,359.8473,0.0663,2.6778,-0.7083,-0.0002,0.0370,0.9993
9.6150,113.69,0.0729,5.0652,-0.7650,357.9172,359.9847,359.8512,0.0665,2.6755,-0.7110,-0.0003,0.0363,0.9993
9.6350,113.69,0.0742,5.1186,-0.7793,357.9576,359.9813,359.8550,0.0667,2.6730,-0.7135,-0.0003,0.0356,0.9994
9.6550,113.69,0.0755,5.1720,-0.7936,357.9980,359.9778,359.8589,0.0669,2.6703,-0.7158,-0.0004,0.0349,0.9994
9.6750,113.69,0.0769,5.2254,-0.8080,358.0386,359.9742,359.8626,0.0670,2.6674,-0.7179,-0.0005,0.0342,0.9994
9.6950,113.69,0.0782,5.2787,-0.8224,358.0792,359.9703,359.8663,0.0672,2.6643,-0.7198,-0.0005,0.0335,0.9994
9.7150,113.69,0.0796,5.3319,-0.8368,358.1199,359.9662,359.8699,0.0673,2.6610,-0.7216,-0.0006,0.0328,0.9995
9.7350,113.69,0.0809,5.3850,-0.8513,358.1606,359.9620,359.8734,0.0674,2.6575,-0.7231,-0.0007,0.0321,0.9995
9.7550,113.69,0.0823,5.4381,-0.8658,358.2013,359.9574,359.8768,0.0675,2.6539,-0.7245,-0.0007,0.0314,0.9995
9.7750,113.69,0.0836,5.4911,-0.8803,358.2419,359.9526,359.8801,0.0676,2.6501,-0.7256,-0.0008,0.0307,0.9995
9.7950,113.69,0.0850,5.5440,-0.8948,358.2825,359.9474,359.8833,0.0677,2.6461,-0.7266,-0.0009,0.0300,0.9996
9.8150,113.69,0.0863,5.5969,-0.9093,358.3229,359.9419,359.8864,0.0678,2.6419,-0.7274,-0.0010,0.0293,0.9996
9.8350,113.69,0.0877,5.6496,-0.9239,358.3633,359.9360,359.8894,0.0678,2.6376,-0.7280,-0.0011,0.0286,0.9996
9.8550,113.69,0.0890,5.7023,-0.9385,358.4036,359.9297,359.8923,0.0679,2.6331,-0.7284,-0.0012,0.0279,0.9996
9.8750,113.69,0.0904,5.7549,-0.9530,358.4437,359.9232,359.8951,0.0679,2.6285,-0.7286,-0.0013,0.0272,0.9996
9.8950,113.69,0.0918,5.8073,-0.9676,358.4836,359.9163,359.8978,0.0680,2.6236,-0.7287,-0.0015,0.0265,0.9996
9.9150,113.69,0.0931,5.8597,-0.9822,358.5234,359.9090,359.9005,0.0680,2.6187,-0.7285,-0.0016,0.0258,0.9997
9.9350,113.69,0.0945,5.9120,-0.9968,358.5630,359.9015,359.9032,0.0680,2.6135,-0.7282,-0.0017,0.0251,0.9997
9.9550,113.69,0.0958,5.9641,-1.0113,358.6024,359.8938,359.9058,0.0681,2.6083,-0.7277,-0.0019,0.0244,0.9997
9.9750,113.69,0.0972,6.0162,-1.0259,358.6416,359.8858,359.9084,0.0681,2.6028,-0.7270,-0.0020,0.0237,0.9997
9.9950,113.69,0.0986,6.0681,-1.0404,358.6806,359.8777,359.9110,0.0681,2.5972,-0.7262,-0.0021,0.0230,0.9997
10.0150,113.69,0.0999,6.1200,-1.0549,358.7194,359.8695,359.9136,0.0681,2.5915,-0.7251,-0.0023,0.0223,0.9997
10.0350,113.69,0.1013,6.1717,-1.0694,358.7579,359.8611,359.9162,0.0681,2.5856,-0.7239,-0.0024,0.0217,0.9998
10.0550,118.00,0.1027,6.2233,-1.0838,358.7962,359.8528,359.9188,0.0680,2.5796,-0.7225,-0.0026,0.0210,0.9998
10.0750,118.00,0.1040,6.2748,-1.0982,358.8341,359.8444,359.9215,0.0680,2.5735,-0.7210,-0.0027,0.0203,0.9998
10.0950,118.00,0.1054,6.3261,-1.1126,358.8718,359.8361,359.9241,0.0680,2.5672,-0.7192,-0.0029,0.0197,0.9998
10.1150,118.00,0.1067,6.3773,-1.1270,358.9091,359.8278,359.9268,0.0679,2.5608,-0.7173,-0.0030,0.0190,0.9998
10.1350,118.00,0.1081,6.4284,-1.1413,358.9461,359.8196,359.9294,0.0679,2.5542,-0.7153,-0.0031,0.0184,0.9998
10.1550,118.00,0.1094,6.4793,-1.1555,358.9827,359.8115,359.9321,0.0678,2.5475,-0.7130,-0.0033,0.0178,0.9998
10.1750,118.00,0.1108,6.5302,-1.1697,359.0190,359.8036,359.9348,0.0677,2.5407,-0.7107,-0.0034,0.0171,0.9998
10.1950,118.00,0.1122,6.5808,-1.1839,359.0548,359.7958,359.9374,0.0676,2.5338,-0.7081,-0.0036,0.0165,0.9999
10.2150,118.00,0.1135,6.6314,-1.1980,359.0902,359.7882,359.9400,0.0675,2.5268,-0.7054,-0.0037,0.0159,0.9999
10.2350,118.00,0.1149,6.6818,-1.2121,359.1253,359.7808,359.9426,0.0674,2.5196,-0.7025,-0.0038,0.0153,0.9999
10.2550,118.00,0.1162,6.7320,-1.2260,359.1600,359.7735,359.9451,0.0673,2.5123,-0.6995,-0.0040,0.0147,0.9999
10.2750,118.00,0.1175,6.7821,-1.2400,359.1942,359.7663,359.9476,0.0672,2.5049,-0.6964,-0.0041,0.0141,0.9999
10.2950,118.00,0.1189,6.8321,-1.2538,359.2281,359.7592,359.9500,0.0670,2.4974,-0.6931,-0.0042,0.0135,0.9999
10.3150,118.00,0.1202,6.8819,-1.2676,359.2616,359.7521,359.9522,0.0669,2.4898,-0.6896,-0.0043,0.0129,0.9999
10.3350,118.00,0.1216,6.9315,-1.2813,359.2946,359.7451,359.9543,0.0667,2.4821,-0.6861,-0.0044,0.0123,0.9999
10.3550,118.00,0.1229,6.9810,-1.2950,359.3273,359.7381,359.9563,0.0666,2.4743,-0.6824,-0.0046,0.0117,0.9999
10.3750,118.00,0.1242,7.0303,-1.3086,359.3595,359.7310,359.9582,0.0664,2.4664,-0.6786,-0.0047,0.0112,0.9999
10.3950,118.00,0.1255,7.0795,-1.3221,359.3913,359.7239,359.9600,0.0662,2.4584,-0.6746,-0.0048,0.0106,0.9999
10.4150,118.00,0.1269,7.1285,-1.3355,359.4226,359.7166,359.9616,0.0660,2.4503,-0.6706,-0.0049,0.0101,0.9999
10.4350,118.00,0.1282,7.1773,-1.3488,359.4536,359.7093,359.9632,0.0658,2.4421,-0.6664,-0.0051,0.0095,0.9999
10.4550,118.00,0.1295,7.2260,-1.3620,359.4839,359.7018,359.9646,0.0656,2.4338,-0.6621,-0.0052,0.0090,0.9999
10.4750,118.00,0.1308,7.2745,-1.3752,359.5139,359.6942,359.9659,0.0654,2.4254,-0.6578,-0.0053,0.0085,0.9999
10.4950,118.00,0.1321,7.3228,-1.3883,359.5433,359.6864,359.9672,0.0652,2.4170,-0.6533,-0.0055,0.0080,1.0000
10.5150,118.00,0.1334,7.3710,-1.4012,359.5721,359.6786,359.9684,0.0650,2.4084,-0.6487,-0.0056,0.0075,1.0000
10.5350,118.00,0.1347,7.4190,-1.4141,359.6004,359.6707,359.9697,0.0648,2.3998,-0.6441,-0.0057,0.0070,1.0000
10.5550,118.00,0.1360,7.4668,-1.4269,359.6281,359.6627,359.9709,0.0647,2.3911,-0.6393,-0.0059,0.0065,1.0000
10.5750,118.00,0.1373,7.5145,-1.4396,359.6552,359.6547,359.9721,0.0645,2.3824,-0.6345,-0.0060,0.0060,1.0000
10.5950,118.00,0.1386,7.5619,-1.4522,359.6816,359.6468,359.9734,0.0643,2.3735,-0.6296,-0.0062,0.0056,1.0000
10.6150,118.00,0.1398,7.6092,-1.4647,359.7073,359.6389,359.9748,0.0641,2.3646,-0.6246,-0.0063,0.0051,1.0000
10.6350,118.00,0.1411,7.6564,-1.4771,359.7325,359.6312,359.9763,0.0639,2.3557,-0.6196,-0.0064,0.0047,1.0000
10.6550,118.00,0.1424,7.7033,-1.4894,359.7569,359.6236,359.9779,0.0637,2.3466,-0.6146,-0.0066,0.0042,1.0000
10.6750,118.00,0.1437,7.7500,-1.5016,359.7806,359.6163,359.9796,0.0635,2.3375,-0.6094,-0.0067,0.0038,1.0000
10.6950,118.00,0.1449,7.7966,-1.5136,359.8036,359.6091,359.9815,0.0633,2.3284,-0.6043,-0.0068,0.0034,1.0000
10.7150,118.00,0.1462,7.8430,-1.5256,359.8260,359.6021,359.9836,0.0632,2.3192,-0.5991,-0.0069,0.0030,1.0000
10.7350,118.00,0.1475,7.8892,-1.5375,359.8477,359.5954,359.9858,0.0630,2.3099,-0.5939,-0.0071,0.0027,1.0000
10.7550,118.00,0.1487,7.9352,-1.5493,359.8688,359.5888,359.9883,0.0628,2.3006,-0.5887,-0.0072,0.0023,1.0000
10.7750,118.00,0.1500,7.9810,-1.5609,359.8893,359.5824,359.9911,0.0626,2.2912,-0.5834,-0.0073,0.0019,1.0000
10.7950,118.00,0.1512,8.0267,-1.5725,359.9091,359.5761,359.9940,0.0624,2.2818,-0.5782,-0.0074,0.0016,1.0000
10.8150,118.00,0.1525,8.0721,-1.5840,359.9284,359.5699,-0.0028,0.0621,2.2724,-0.5729,-0.0075,0.0012,1.0000
10.8350,118.00,0.1537,8.1174,-1.5953,359.9472,359.5638,0.0005,0.0619,2.2629,-0.5676,-0.0076,0.0009,1.0000
10.8550,118.00,0.1549,8.1624,-1.6066,359.9654,359.5577,0.0041,0.0617,2.2533,-0.5624,-0.0077,0.0006,1.0000
10.8750,118.00,0.1562,8.2073,-1.6177,359.9832,359.5516,0.0079,0.0614,2.2438,-0.5571,-0.0078,0.0003,1.0000
10.8950,118.00,0.1574,8.2520,-1.6287,0.0005,359.5454,0.0117,0.0612,2.2342,-0.5519,-0.0079,0.0000,1.0000
10.9150,118.00,0.1586,8.2965,-1.6397,0.0174,359.5392,0.0157,0.0609,2.2245,-0.5467,-0.0080,-0.0003,1.0000
10.9350,118.00,0.1598,8.3408,-1.6505,0.0339,359.5328,0.0198,0.0606,2.2148,-0.5415,-0.0082,-0.0006,1.0000
10.9550,118.00,0.1610,8.3849,-1.6612,0.0500,359.5264,0.0239,0.0602,2.2051,-0.5363,-0.0083,-0.0009,1.0000
10.9750,118.00,0.1622,8.4288,-1.6719,0.0658,359.5198,0.0280,0.0599,2.1954,-0.5311,-0.0084,-0.0011,1.0000
10.9950,118.00,0.1634,8.4725,-1.6824,0.0811,359.5131,0.0321,0.0595,2.1856,-0.5259,-0.0085,-0.0014,1.0000
11.0150,118.00,0.1646,8.5160,-1.6928,0.0960,359.5063,0.0362,0.0591,2.1758,-0.5208,-0.0086,-0.0017,1.0000
11.0350,118.00,0.1658,8.5593,-1.7031,0.1106,359.4994,0.0401,0.0587,2.1659,-0.5156,-0.0087,-0.0019,1.0000
11.0550,109.48,0.1669,8.6025,-1.7133,0.1248,359.4925,0.0440,0.0583,2.1561,-0.5105,-0.0089,-0.0022,1.0000
11.0750,109.48,0.1681,8.6454,-1.7234,0.1386,359.4855,0.0477,0.0579,2.1462,-0.5055,-0.0090,-0.0024,1.0000
11.0950,109.48,0.1692,8.6881,-1.7334,0.1519,359.4786,0.0512,0.0575,2.1363,-0.5004,-0.0091,-0.0027,1.0000
11.1150,109.48,0.1704,8.7306,-1.7433,0.1649,359.4717,0.0546,0.0570,2.1264,-0.4954,-0.0092,-0.0029,1.0000
11.1350,109.48,0.1715,8.7730,-1.7531,0.1775,359.4649,0.0579,0.0565,2.1164,-0.4903,-0.0093,-0.0031,1.0000
11.1550,109.48,0.1726,8.8151,-1.7628,0.1896,359.4583,0.0609,0.0560,2.1064,-0.4854,-0.0095,-0.0033,0.9999
11.1750,109.48,0.1737,8.8570,-1.7725,0.2013,359.4518,0.0637,0.0556,2.0965,-0.4804,-0.0096,-0.0035,0.9999
11.1950,109.48,0.1748,8.8987,-1.7820,0.2125,359.4455,0.0664,0.0551,2.0864,-0.4755,-0.0097,-0.0037,0.9999
11.2150,109.48,0.1759,8.9403,-1.7914,0.2234,359.4395,0.0687,0.0545,2.0764,-0.4706,-0.0098,-0.0039,0.9999
11.2350,109.48,0.1770,8.9816,-1.8007,0.2338,359.4338,0.0709,0.0540,2.0664,-0.4657,-0.0099,-0.0041,0.9999
11.2550,109.48,0.1781,9.0227,-1.8099,0.2437,359.4284,0.0728,0.0535,2.0563,-0.4609,-0.0100,-0.0043,0.9999
11.2750,109.48,0.1791,9.0637,-1.8190,0.2533,359.4234,0.0744,0.0530,2.0463,-0.4561,-0.0101,-0.0044,0.9999
11.2950,109.48,0.1802,9.1044,-1.8281,0.2625,359.4188,0.0758,0.0524,2.0362,-0.4513,-0.0101,-0.0046,0.9999
11.3150,109.48,0.1812,9.1449,-1.8370,0.2713,359.4145,0.0769,0.0519,2.0261,-0.4465,-0.0102,-0.0047,0.9999
11.3350,109.48,0.1823,9.1852,-1.8458,0.2797,359.4107,0.0778,0.0514,2.0160,-0.4418,-0.0103,-0.0049,0.9999
11.3550,109.48,0.1833,9.2253,-1.8546,0.2878,359.4072,0.0784,0.0508,2.0059,-0.4372,-0.0103,-0.0050,0.9999
11.3750,109.48,0.1843,9.2653,-1.8632,0.2956,359.4042,0.0788,0.0503,1.9958,-0.4325,-0.0104,-0.0052,0.9999
11.3950,109.48,0.1853,9.3050,-1.8718,0.3031,359.4015,0.0790,0.0498,1.9857,-0.4279,-0.0104,-0.0053,0.9999
11.4150,109.48,0.1863,9.3445,-1.8802,0.3103,359.3990,0.0791,0.0493,1.9756,-0.4233,-0.0105,-0.0054,0.9999
11.4350,109.48,0.1872,9.3838,-1.8886,0.3173,359.3969,0.0790,0.0488,1.9654,-0.4188,-0.0105,-0.0055,0.9999
11.4550,109.48,0.1882,9.4229,-1.8969,0.3240,359.3951,0.0787,0.0483,1.9553,-0.4143,-0.0106,-0.0057,0.9999
11.4750,109.48,0.1892,9.4618,-1.9051,0.3305,359.3934,0.0784,0.0478,1.9451,-0.4098,-0.0106,-0.0058,0.9999
11.4950,109.48,0.1901,9.5005,-1.9132,0.3368,359.3919,0.0780,0.0473,1.9350,-0.4053,-0.0106,-0.0059,0.9999
11.5150,109.48,0.1910,9.5390,-1.9212,0.3429,359.3905,0.0776,0.0468,1.9248,-0.4009,-0.0106,-0.0060,0.9999
11.5350,109.48,0.1920,9.5773,-1.9291,0.3489,359.3892,0.0771,0.0463,1.9147,-0.3964,-0.0107,-0.0061,0.9999
11.5550,109.48,0.1929,9.6154,-1.9370,0.3547,359.3879,0.0766,0.0459,1.9045,-0.3920,-0.0107,-0.0062,0.9999
11.5750,109.48,0.1938,9.6533,-1.9447,0.3603,359.3867,0.0762,0.0454,1.8943,-0.3876,-0.0107,-0.0063,0.9999
11.5950,109.48,0.1947,9.6909,-1.9524,0.3658,359.3854,0.0757,0.0450,1.8842,-0.3832,-0.0107,-0.0064,0.9999
11.6150,109.48,0.1956,9.7284,-1.9600,0.3711,359.3841,0.0753,0.0446,1.8740,-0.3789,-0.0107,-0.0065,0.9999
11.6350,109.48,0.1965,9.7657,-1.9675,0.3762,359.3828,0.0750,0.0441,1.8638,-0.3745,-0.0108,-0.0066,0.9999
11.6550,109.48,0.1973,9.8028,-1.9749,0.3812,359.3813,0.0747,0.0437,1.8537,-0.3702,-0.0108,-0.0067,0.9999
11.6750,109.48,0.1982,9.8396,-1.9822,0.3860,359.3796,0.0745,0.0433,1.8435,-0.3658,-0.0108,-0.0067,0.9999
11.6950,109.48,0.1991,9.8763,-1.9894,0.3906,359.3778,0.0744,0.0429,1.8333,-0.3615,-0.0109,-0.0068,0.9999
11.7150,109.48,0.1999,9.9128,-1.9966,0.3951,359.3758,0.0744,0.0425,1.8231,-0.3572,-0.0109,-0.0069,0.9999
11.7350,109.48,0.2008,9.9490,-2.0036,0.3995,359.3735,0.0746,0.0421,1.8130,-0.3528,-0.0109,-0.0070,0.9999
11.7550,109.48,0.2016,9.9851,-2.0106,0.4036,359.3709,0.0749,0.0417,1.8028,-0.3485,-0.0110,-0.0070,0.9999
11.7750,109.48,0.2024,10.0209,-2.0175,0.4076,359.3680,0.0753,0.0413,1.7926,-0.3442,-0.0110,-0.0071,0.9999
11.7950,109.48,0.2032,10.0566,-2.0243,0.4115,359.3648,0.0759,0.0409,1.7825,-0.3399,-0.0111,-0.0072,0.9999
11.8150,109.48,0.2040,10.0920,-2.0310,0.4151,359.3612,0.0766,0.0405,1.7723,-0.3355,-0.0111,-0.0072,0.9999
11.8350,109.48,0.2048,10.1273,-2.0376,0.4186,359.3573,0.0774,0.0401,1.7621,-0.3312,-0.0112,-0.0073,0.9999
11.8550,109.48,0.2056,10.1623,-2.0441,0.4220,359.3529,0.0785,0.0397,1.7520,-0.3268,-0.0113,-0.0074,0.9999
11.8750,109.48,0.2064,10.1972,-2.0506,0.4251,359.3483,0.0796,0.0393,1.7418,-0.3224,-0.0114,-0.0074,0.9999
11.8950,109.48,0.2072,10.2318,-2.0570,0.4280,359.3432,0.0809,0.0389,1.7317,-0.3181,-0.0115,-0.0075,0.9999
11.9150,109.48,0.2080,10.2662,-2.0632,0.4308,359.3379,0.0822,0.0385,1.7215,-0.3137,-0.0116,-0.0075,0.9999
11.9350,109.48,0.2087,10.3005,-2.0694,0.4333,359.3322,0.0836,0.0381,1.7114,-0.3093,-0.0117,-0.0076,0.9999
11.9550,109.48,0.2095,10.3345,-2.0755,0.4357,359.3264,0.0851,0.0377,1.7012,-0.3049,-0.0118,-0.0076,0.9999
11.9750,109.48,0.2102,10.3683,-2.0815,0.4378,359.3203,0.0866,0.0372,1.6911,-0.3004,-0.0119,-0.0076,0.9999
11.9950,109.48,0.2110,10.4019,-2.0874,0.4397,359.3140,0.0881,0.0368,1.6810,-0.2960,-0.0120,-0.0077,0.9999
12.0150,109.48,0.2117,10.4353,-2.0933,0.4414,359.3076,0.0895,0.0363,1.6709,-0.2915,-0.0121,-0.0077,0.9999
12.0350,109.48,0.2124,10.4686,-2.0990,0.4429,359.3011,0.0909,0.0359,1.6608,-0.2870,-0.0122,-0.0077,0.9999
12.0550,109.48,0.2131,10.5016,-2.1047,0.4441,359.2945,0.0923,0.0354,1.6507,-0.2825,-0.0123,-0.0078,0.9999
12.0750,119.38,0.2138,10.5344,-2.1102,0.4451,359.2879,0.0935,0.0349,1.6406,-0.2780,-0.0124,-0.0078,0.9999
12.0950,119.38,0.2145,10.5670,-2.1157,0.4458,359.2814,0.0947,0.0344,1.6305,-0.2735,-0.0125,-0.0078,0.9999
12.1150,119.38,0.2152,10.5994,-2.1211,0.4463,359.2749,0.0958,0.0339,1.6204,-0.2690,-0.0127,-0.0078,0.9999
12.1350,119.38,0.2159,10.6316,-2.1264,0.4465,359.2685,0.0967,0.0335,1.6104,-0.2644,-0.0128,-0.0078,0.9999
12.1550,119.38,0.2165,10.6636,-2.1316,0.4464,359.2622,0.0975,0.0330,1.6003,-0.2598,-0.0129,-0.0078,0.9999
12.1750,119.38,0.2172,10.6954,-2.1367,0.4460,359.2561,0.0981,0.0325,1.5903,-0.2552,-0.0130,-0.0078,0.9999
12.1950,119.38,0.2178,10.7270,-2.1417,0.4454,359.2502,0.0985,0.0320,1.5803,-0.2506,-0.0131,-0.0078,0.9999
12.2150,119.38,0.2184,10.7584,-2.1466,0.4444,359.2446,0.0988,0.0315,1.5702,-0.2460,-0.0132,-0.0078,0.9999
12.2350,119.38,0.2190,10.7896,-2.1514,0.4431,359.2393,0.0990,0.0309,1.5603,-0.2413,-0.0133,-0.0077,0.9999
12.2550,119.38,0.2197,10.8206,-2.1562,0.4414,359.2344,0.0989,0.0304,1.5503,-0.2366,-0.0134,-0.0077,0.9999
12.2750,119.38,0.2203,10.8514,-2.1608,0.4394,359.2299,0.0987,0.0299,1.5403,-0.2319,-0.0134,-0.0077,0.9999
12.2950,119.38,0.2208,10.8820,-2.1653,0.4370,359.2259,0.0983,0.0294,1.5303,-0.2272,-0.0135,-0.0076,0.9999
12.3150,119.38,0.2214,10.9125,-2.1698,0.4342,359.2224,0.0978,0.0290,1.5204,-0.2225,-0.0136,-0.0076,0.9999
12.3350,119.38,0.2220,10.9427,-2.1741,0.4310,359.2193,0.0971,0.0285,1.5105,-0.2178,-0.0136,-0.0075,0.9999
12.3550,119.38,0.2226,10.9727,-2.1784,0.4273,359.2168,0.0963,0.0280,1.5006,-0.2130,-0.0137,-0.0075,0.9999
12.3750,119.38,0.2231,11.0025,-2.1826,0.4232,359.2148,0.0954,0.0275,1.4907,-0.2082,-0.0137,-0.0074,0.9999
12.3950,119.38,0.2236,11.0321,-2.1866,0.4188,359.2132,0.0943,0.0271,1.4808,-0.2034,-0.0137,-0.0073,0.9999
12.4150,119.38,0.2242,11.0615,-2.1906,0.4139,359.2121,0.0933,0.0266,1.4710,-0.1986,-0.0138,-0.0072,0.9999
12.4350,119.38,0.2247,11.0907,-2.1945,0.4085,359.2113,0.0921,0.0262,1.4612,-0.1938,-0.0138,-0.0071,0.9999
12.4550,119.38,0.2252,11.1198,-2.1983,0.4028,359.2110,0.0910,0.0257,1.4514,-0.1889,-0.0138,-0.0070,0.9999
12.4750,119.38,0.2257,11.1486,-2.2019,0.3967,359.2109,0.0898,0.0253,1.4416,-0.1841,-0.0138,-0.0069,0.9999
12.4950,119.38,0.2262,11.1772,-2.2055,0.3903,359.2111,0.0886,0.0249,1.4318,-0.1792,-0.0138,-0.0068,0.9999
12.5150,119.38,0.2267,11.2057,-2.2090,0.3834,359.2114,0.0874,0.0245,1.4220,-0.1743,-0.0138,-0.0067,0.9999
12.5350,119.38,0.2272,11.2339,-2.2124,0.3763,359.2119,0.0862,0.0241,1.4123,-0.1694,-0.0138,-0.0066,0.9999
12.5550,119.38,0.2277,11.2620,-2.2157,0.3689,359.2124,0.0850,0.0237,1.4026,-0.1645,-0.0137,-0.0064,0.9999
12.5750,119.38,0.2281,11.2898,-2.2189,0.3611,359.2129,0.0838,0.0233,1.3929,-0.1596,-0.0137,-0.0063,0.9999
12.5950,119.38,0.2286,11.3175,-2.2220,0.3531,359.2134,0.0826,0.0229,1.3833,-0.1547,-0.0137,-0.0062,0.9999
12.6150,119.38,0.2290,11.3450,-2.2250,0.3449,359.2138,0.0814,0.0226,1.3737,-0.1498,-0.0137,-0.0060,0.9999
12.6350,119.38,0.2295,11.3723,-2.2279,0.3364,359.2141,0.0803,0.0222,1.3640,-0.1448,-0.0137,-0.0059,0.9999
12.6550,119.38,0.2299,11.3994,-2.2307,0.3278,359.2142,0.0791,0.0218,1.3545,-0.1399,-0.0137,-0.0057,0.9999
12.6750,119.38,0.2303,11.4263,-2.2334,0.3190,359.2141,0.0780,0.0215,1.3449,-0.1349,-0.0137,-0.0056,0.9999
12.6950,119.38,0.2308,11.4530,-2.2360,0.3100,359.2136,0.0768,0.0211,1.3354,-0.1300,-0.0137,-0.0054,0.9999
12.7150,119.38,0.2312,11.4795,-2.2385,0.3009,359.2129,0.0757,0.0208,1.3259,-0.1250,-0.0137,-0.0053,0.9999
12.7350,119.38,0.2316,11.5058,-2.2409,0.2917,359.2118,0.0747,0.0205,1.3164,-0.1200,-0.0138,-0.0051,0.9999
12.7550,119.38,0.2320,11.5319,-2.2432,0.2825,359.2103,0.0737,0.0202,1.3070,-0.1151,-0.0138,-0.0049,0.9999
12.7750,119.38,0.2324,11.5579,-2.2454,0.2732,359.2085,0.0728,0.0198,1.2975,-0.1101,-0.0138,-0.0048,0.9999
12.7950,119.38,0.2328,11.5837,-2.2475,0.2638,359.2062,0.0721,0.0195,1.2882,-0.1052,-0.0139,-0.0046,0.9999
12.8150,119.38,0.2332,11.6092,-2.2495,0.2545,359.2036,0.0714,0.0192,1.2788,-0.1002,-0.0139,-0.0044,0.9999
12.8350,119.38,0.2336,11.6346,-2.2514,0.2450,359.2006,0.0709,0.0190,1.2695,-0.0953,-0.0140,-0.0043,0.9999
12.8550,119.38,0.2339,11.6598,-2.2532,0.2355,359.1973,0.0705,0.0187,1.2602,-0.0903,-0.0140,-0.0041,0.9999
12.8750,119.38,0.2343,11.6848,-2.2549,0.2260,359.1936,0.0702,0.0184,1.2509,-0.0854,-0.0141,-0.0039,0.9999
12.8950,119.38,0.2347,11.7097,-2.2565,0.2163,359.1897,0.0701,0.0181,1.2417,-0.0804,-0.0141,-0.0038,0.9999
12.9150,119.38,0.2350,11.7343,-2.2580,0.2066,359.1855,0.0702,0.0178,1.2325,-0.0755,-0.0142,-0.0036,0.9999
12.9350,119.38,0.2354,11.7588,-2.2594,0.1966,359.1812,0.0703,0.0176,1.2233,-0.0706,-0.0143,-0.0034,0.9999
12.9550,119.38,0.2357,11.7831,-2.2607,0.1865,359.1767,0.0706,0.0173,1.2142,-0.0657,-0.0144,-0.0033,0.9999
12.9750,119.38,0.2360,11.8072,-2.2620,0.1761,359.1721,0.0710,0.0170,1.2051,-0.0608,-0.0144,-0.0031,0.9999
12.9950,119.38,0.2364,11.8311,-2.2631,0.1654,359.1675,0.0714,0.0167,1.1960,-0.0559,-0.0145,-0.0029,0.9999
13.0150,119.38,0.2367,11.8548,-2.2641,0.1544,359.1628,0.0719,0.0164,1.1870,-0.0511,-0.0146,-0.0027,0.9999
13.0350,119.38,0.2370,11.8784,-2.2650,0.1431,359.1581,0.0724,0.0161,1.1780,-0.0463,-0.0147,-0.0025,0.9999
13.0550,119.38,0.2373,11.9018,-2.2659,0.1314,359.1534,0.0728,0.0158,1.1691,-0.0416,-0.0148,-0.0023,0.9999
13.0750,124.09,0.2377,11.9250,-2.2666,0.1194,359.1487,0.0732,0.0155,1.1602,-0.0368,-0.0149,-0.0021,0.9999
13.0950,124.09,0.2380,11.9480,-2.2672,0.1069,359.1440,0.0736,0.0152,1.1513,-0.0322,-0.0149,-0.0019,0.9999
13.1150,124.09,0.2383,11.9709,-2.2678,0.0940,359.1393,0.0738,0.0148,1.1425,-0.0276,-0.0150,-0.0016,0.9999
13.1350,124.09,0.2385,11.9935,-2.2682,0.0807,359.1345,0.0739,0.0145,1.1337,-0.0230,-0.0151,-0.0014,0.9999
13.1550,124.09,0.2388,12.0160,-2.2686,0.0670,359.1298,0.0738,0.0142,1.1249,-0.0186,-0.0152,-0.0012,0.9999
13.1750,124.09,0.2391,12.0384,-2.2689,0.0529,359.1250,0.0735,0.0138,1.1162,-0.0142,-0.0153,-0.0009,0.9999
13.1950,124.09,0.2393,12.0734,-2.2690,0.0308,359.1207,0.0703,-0.0394,1.1451,-0.0190,-0.0153,-0.0005,0.9999
13.2150,124.09,0.2390,12.0972,-2.2691,0.0120,359.1144,0.0567,-0.0361,1.1546,-0.0187,-0.0155,-0.0002,0.9999
13.2350,124.09,0.2383,12.1195,-2.2694,359.9932,359.1074,0.0400,-0.0354,1.1127,-0.0136,-0.0156,0.0001,0.9999
13.2550,124.09,0.2375,12.1418,-2.2696,359.9716,359.1009,0.0234,-0.0354,1.1170,-0.0090,-0.0157,0.0005,0.9999
13.2750,124.09,0.2368,12.1634,-2.2697,359.9477,359.0948,0.0069,-0.0353,1.0782,-0.0046,-0.0158,0.0009,0.9999
13.2950,124.09,0.2361,12.1850,-2.2697,359.9212,359.0894,359.9905,-0.0351,1.0803,-0.0004,-0.0159,0.0014,0.9999
13.3150,124.09,0.2354,12.2059,-2.2696,359.8927,359.0843,359.9742,-0.0349,1.0444,0.0037,-0.0160,0.0019,0.9999
13.3350,124.09,0.2347,12.2268,-2.2694,359.8619,359.0796,359.9579,-0.0347,1.0446,0.0076,-0.0161,0.0024,0.9999
13.3550,124.09,0.2341,12.2470,-2.2692,359.8292,359.0754,359.9417,-0.0344,1.0111,0.0114,-0.0161,0.0030,0.9999
13.3750,124.09,0.2334,12.2672,-2.2689,359.7944,359.0716,359.9256,-0.0341,1.0098,0.0149,-0.0162,0.0036,0.9999
13.3950,124.09,0.2327,12.2868,-2.2685,359.7579,359.0682,359.9097,-0.0337,0.9786,0.0183,-0.0163,0.0042,0.9999
13.4150,124.09,0.2320,12.3063,-2.2681,359.7197,359.0651,359.8938,-0.0332,0.9758,0.0214,-0.0163,0.0049,0.9999
13.4350,124.09,0.2314,12.3252,-2.2676,359.6799,359.0624,359.8782,-0.0327,0.9466,0.0244,-0.0164,0.0056,0.9999
13.4550,124.09,0.2307,12.3441,-2.2671,359.6385,359.0600,359.8628,-0.0321,0.9426,0.0271,-0.0164,0.0063,0.9998
13.4750,124.09,0.2301,12.3624,-2.2665,359.5959,359.0579,359.8476,-0.0316,0.9153,0.0297,-0.0164,0.0071,0.9998
13.4950,124.09,0.2295,12.3806,-2.2659,359.5519,359.0562,359.8327,-0.0309,0.9102,0.0319,-0.0165,0.0078,0.9998
13.5150,124.09,0.2289,12.3983,-2.2652,359.5068,359.0547,359.8181,-0.0302,0.8846,0.0341,-0.0165,0.0086,0.9998
13.5350,124.09,0.2283,12.4158,-2.2645,359.4605,359.0535,359.8038,-0.0294,0.8786,0.0359,-0.0165,0.0094,0.9998
13.5550,124.09,0.2277,12.4329,-2.2637,359.4133,359.0525,359.7899,-0.0286,0.8545,0.0376,-0.0165,0.0102,0.9998
13.5750,124.09,0.2272,12.4499,-2.2629,359.3651,359.0518,359.7763,-0.0277,0.8478,0.0389,-0.0165,0.0111,0.9998
13.5950,124.09,0.2266,12.4664,-2.2621,359.3162,359.0513,359.7631,-0.0269,0.8250,0.0402,-0.0166,0.0119,0.9998
13.6150,124.09,0.2261,12.4827,-2.2613,359.2663,359.0511,359.7503,-0.0259,0.8177,0.0410,-0.0166,0.0128,0.9998
13.6350,124.09,0.2256,12.4987,-2.2605,359.2159,359.0510,359.7379,-0.0250,0.7962,0.0418,-0.0166,0.0137,0.9998
13.6550,124.09,0.2251,12.5144,-2.2596,359.1648,359.0512,359.7260,-0.0239,0.7884,0.0422,-0.0166,0.0146,0.9998
13.6750,124.09,0.2247,12.5298,-2.2588,359.1133,359.0515,359.7145,-0.0229,0.7680,0.0425,-0.0166,0.0155,0.9997
13.6950,124.09,0.2242,12.5450,-2.2579,359.0612,359.0521,359.7034,-0.0218,0.7597,0.0425,-0.0165,0.0164,0.9997
13.7150,124.09,0.2238,12.5598,-2.2571,359.0088,359.0529,359.6928,-0.0207,0.7403,0.0423,-0.0165,0.0173,0.9997
13.7350,124.09,0.2234,12.5744,-2.2562,358.9561,359.0539,359.6827,-0.0195,0.7317,0.0418,-0.0165,0.0182,0.9997
13.7550,124.09,0.2231,12.5887,-2.2554,358.9032,359.0551,359.6730,-0.0184,0.7133,0.0412,-0.0165,0.0191,0.9997
13.7750,124.09,0.2227,12.6028,-2.2546,358.8501,359.0566,359.6638,-0.0171,0.7044,0.0402,-0.0165,0.0201,0.9997
13.7950,124.09,0.2224,12.6165,-2.2538,358.7970,359.0584,359.6550,-0.0159,0.6868,0.0391,-0.0164,0.0210,0.9996
13.8150,124.09,0.2221,12.6301,-2.2531,358.7439,359.0605,359.6466,-0.0147,0.6777,0.0377,-0.0164,0.0219,0.9996
13.8350,124.09,0.2219,12.6433,-2.2524,358.6908,359.0629,359.6387,-0.0134,0.6610,0.0362,-0.0164,0.0228,0.9996
13.8550,124.09,0.2216,12.6563,-2.2517,358.6378,359.0655,359.6312,-0.0121,0.6517,0.0343,-0.0163,0.0238,0.9996
13.8750,124.09,0.2214,12.6690,-2.2510,358.5851,359.0684,359.6241,-0.0108,0.6357,0.0323,-0.0163,0.0247,0.9996
13.8950,124.09,0.2212,12.6816,-2.2504,358.5326,359.0715,359.6174,-0.0095,0.6263,0.0300,-0.0162,0.0256,0.9995
13.9150,124.09,0.2210,12.6938,-2.2499,358.4803,359.0748,359.6110,-0.0082,0.6110,0.0277,-0.0161,0.0265,0.9995
13.9350,124.09,0.2209,12.7058,-2.2494,358.4284,359.0783,359.6050,-0.0068,0.6015,0.0250,-0.0161,0.0274,0.9995
13.9550,124.09,0.2208,12.7175,-2.2489,358.3768,359.0819,359.5993,-0.0055,0.5868,0.0222,-0.0160,0.0283,0.9995
13.9750,124.09,0.2207,12.7291,-2.2485,358.3257,359.0857,359.5938,-0.0041,0.5773,0.0191,-0.0160,0.0292,0.9994
13.9950,124.09,0.2207,12.7404,-2.2482,358.2749,359.0894,359.5887,-0.0027,0.5632,0.0159,-0.0159,0.0301,0.9994
14.0150,124.09,0.2206,12.7514,-2.2480,358.2246,359.0932,359.5839,-0.0013,0.5537,0.0124,-0.0158,0.0310,0.9994
14.0350,124.09,0.2206,12.7622,-2.2478,358.1749,359.0969,359.5793,0.0001,0.5401,0.0089,-0.0158,0.0318,0.9994
14.0550,124.09,0.2207,12.7728,-2.2477,358.1256,359.1006,359.5750,0.0015,0.5306,0.0050,-0.0157,0.0327,0.9993
14.0750,120.51,0.2207,12.7832,-2.2477,358.0770,359.1041,359.5710,0.0029,0.5176,0.0011,-0.0156,0.0336,0.9993
14.0950,120.51,0.2208,12.7934,-2.2477,358.0288,359.1075,359.5673,0.0043,0.5081,-0.0031,-0.0156,0.0344,0.9993
14.1150,120.51,0.2209,12.8033,-2.2479,357.9813,359.1106,359.5638,0.0057,0.4956,-0.0073,-0.0155,0.0352,0.9993
14.1350,120.51,0.2211,12.8130,-2.2481,357.9344,359.1135,359.5605,0.0072,0.4862,-0.0119,-0.0155,0.0360,0.9992
14.1550,120.51,0.2212,12.8225,-2.2484,357.8882,359.1161,359.5575,0.0086,0.4741,-0.0165,-0.0154,0.0368,0.9992
14.1750,120.51,0.2214,12.8318,-2.2489,357.8427,359.1184,359.5547,0.0101,0.4648,-0.0213,-0.0154,0.0376,0.9992
14.1950,120.51,0.2217,12.8408,-2.2494,357.7978,359.1204,359.5522,0.0115,0.4531,-0.0263,-0.0153,0.0384,0.9991
14.2150,120.51,0.2219,12.8497,-2.2500,357.7536,359.1220,359.5500,0.0130,0.4439,-0.0314,-0.0153,0.0392,0.9991
14.2350,120.51,0.2222,12.8584,-2.2508,357.7102,359.1234,359.5479,0.0145,0.4327,-0.0367,-0.0153,0.0400,0.9991
14.2550,120.51,0.2225,12.8668,-2.2516,357.6675,359.1243,359.5461,0.0159,0.4236,-0.0422,-0.0153,0.0407,0.9991
14.2750,120.51,0.2229,12.8751,-2.2526,357.6256,359.1250,359.5446,0.0174,0.4127,-0.0477,-0.0153,0.0414,0.9990
14.2950,120.51,0.2233,12.8832,-2.2536,357.5845,359.1252,359.5433,0.0189,0.4038,-0.0535,-0.0153,0.0421,0.9990
14.3150,120.51,0.2237,12.8910,-2.2548,357.5442,359.1252,359.5423,0.0203,0.3932,-0.0594,-0.0153,0.0428,0.9990
14.3350,120.51,0.2241,12.8987,-2.2561,357.5048,359.1249,359.5415,0.0218,0.3845,-0.0654,-0.0153,0.0435,0.9989
14.3550,120.51,0.2246,12.9062,-2.2576,357.4662,359.1243,359.5409,0.0232,0.3743,-0.0716,-0.0153,0.0442,0.9989
14.3750,120.51,0.2251,12.9135,-2.2591,357.4285,359.1235,359.5406,0.0247,0.3656,-0.0779,-0.0153,0.0449,0.9989
14.3950,120.51,0.2256,12.9206,-2.2608,357.3918,359.1225,359.5404,0.0262,0.3558,-0.0844,-0.0153,0.0455,0.9988
14.4150,120.51,0.2261,12.9276,-2.2626,357.3560,359.1213,359.5406,0.0276,0.3473,-0.0910,-0.0153,0.0461,0.9988
14.4350,120.51,0.2267,12.9343,-2.2646,357.3212,359.1200,359.5409,0.0291,0.3378,-0.0977,-0.0153,0.0467,0.9988
14.4550,120.51,0.2273,12.9409,-2.2667,357.2875,359.1185,359.5414,0.0305,0.3295,-0.1046,-0.0154,0.0473,0.9988
14.4750,120.51,0.2280,12.9473,-2.2689,357.2549,359.1169,359.5422,0.0320,0.3203,-0.1115,-0.0154,0.0479,0.9987
14.4950,120.51,0.2286,12.9536,-2.2713,357.2233,359.1153,359.5432,0.0334,0.3121,-0.1187,-0.0154,0.0484,0.9987
14.5150,120.51,0.2293,12.9596,-2.2738,357.1929,359.1136,359.5444,0.0348,0.3032,-0.1259,-0.0155,0.0490,0.9987
14.5350,120.51,0.2301,12.9655,-2.2765,357.1636,359.1119,359.5458,0.0362,0.2952,-0.1332,-0.0155,0.0495,0.9987
14.5550,120.51,0.2308,12.9713,-2.2793,357.1355,359.1101,359.5474,0.0376,0.2866,-0.1406,-0.0155,0.0500,0.9986
14.5750,120.51,0.2316,12.9769,-2.2822,357.1086,359.1082,359.5493,0.0391,0.2788,-0.1482,-0.0155,0.0504,0.9986
14.5950,120.51,0.2324,12.9823,-2.2854,357.0830,359.1064,359.5512,0.0404,0.2705,-0.1558,-0.0156,0.0509,0.9986
14.6150,120.51,0.2332,12.9875,-2.2886,357.0585,359.1045,359.5534,0.0418,0.2629,-0.1635,-0.0156,0.0513,0.9986
14.6350,120.51,0.2341,12.9926,-2.2920,357.0353,359.1025,359.5558,0.0432,0.2548,-0.1713,-0.0156,0.0517,0.9985
14.6550,120.51,0.2350,12.9976,-2.2956,357.0134,359.1006,359.5584,0.0446,0.2474,-0.1792,-0.0157,0.0521,0.9985
14.6750,120.51,0.2359,13.0024,-2.2994,356.9928,359.0986,359.5612,0.0459,0.2395,-0.1871,-0.0157,0.0525,0.9985
14.6950,120.51,0.2369,13.0070,-2.3033,356.9734,359.0966,359.5641,0.0472,0.2323,-0.1952,-0.0157,0.0528,0.9985
14.7150,120.51,0.2378,13.0115,-2.3073,356.9553,359.0946,359.5672,0.0486,0.2247,-0.2032,-0.0158,0.0531,0.9985
14.7350,120.51,0.2388,13.0158,-2.3116,356.9384,359.0927,359.5704,0.0499,0.2177,-0.2114,-0.0158,0.0534,0.9984
14.7550,120.51,0.2399,13.0200,-2.3160,356.9229,359.0907,359.5739,0.0512,0.2103,-0.2195,-0.0158,0.0537,0.9984
14.7750,120.51,0.2409,13.0241,-2.3205,356.9086,359.0888,359.5774,0.0525,0.2034,-0.2278,-0.0159,0.0539,0.9984
14.7950,120.51,0.2420,13.0280,-2.3252,356.8955,359.0870,359.5811,0.0537,0.1963,-0.2360,-0.0159,0.0542,0.9984
14.8150,120.51,0.2431,13.0318,-2.3301,356.8837,359.0853,359.5851,0.0550,0.1897,-0.2443,-0.0159,0.0544,0.9984
14.8350,120.51,0.2442,13.0355,-2.3352,356.8732,359.0836,359.5891,0.0562,0.1828,-0.2526,-0.0160,0.0545,0.9984
14.8550,120.51,0.2453,13.0390,-2.3404,356.8639,359.0821,359.5932,0.0574,0.1763,-0.2610,-0.0160,0.0547,0.9984
14.8750,120.51,0.2465,13.0424,-2.3458,356.8557,359.0806,359.5976,0.0586,0.1696,-0.2693,-0.0160,0.0548,0.9984
14.8950,120.51,0.2477,13.0457,-2.3513,356.8488,359.0791,359.6020,0.0598,0.1633,-0.2777,-0.0160,0.0550,0.9984
14.9150,120.51,0.2489,13.0488,-2.3571,356.8432,359.0778,359.6066,0.0610,0.1569,-0.2860,-0.0161,0.0551,0.9984
14.9350,120.51,0.2502,13.0518,-2.3629,356.8387,359.0765,359.6113,0.0621,0.1508,-0.2944,-0.0161,0.0551,0.9983
14.9550,120.51,0.2514,13.0547,-2.3690,356.8354,359.0753,359.6161,0.0633,0.1446,-0.3028,-0.0161,0.0552,0.9983
14.9750,120.51,0.2527,13.0575,-2.3752,356.8333,359.0741,359.6210,0.0644,0.1386,-0.3111,-0.0161,0.0552,0.9983
14.9950,120.51,0.2540,13.0601,-2.3816,356.8323,359.0730,359.6260,0.0655,0.1326,-0.3195,-0.0162,0.0553,0.9983
15.0150,120.51,0.2554,13.0627,-2.3882,356.8325,359.0718,359.6312,0.0665,0.1268,-0.3278,-0.0162,0.0553,0.9983
15.0350,120.51,0.2567,13.0651,-2.3949,356.8338,359.0707,359.6364,0.0676,0.1210,-0.3361,-0.0162,0.0552,0.9983
15.0550,120.51,0.2581,13.0674,-2.4018,356.8363,359.0696,359.6418,0.0686,0.1154,-0.3443,-0.0162,0.0552,0.9983
15.0750,120.51,0.2595,13.0696,-2.4088,356.8400,359.0684,359.6472,0.0696,0.1098,-0.3526,-0.0162,0.0551,0.9983
15.0950,111.42,0.2609,13.0717,-2.4160,356.8448,359.0672,359.6527,0.0706,0.1044,-0.3607,-0.0163,0.0550,0.9984
15.1150,111.42,0.2623,13.0737,-2.4234,356.8506,359.0659,359.6583,0.0716,0.0990,-0.3689,-0.0163,0.0549,0.9984
15.1350,111.42,0.2638,13.0756,-2.4310,356.8577,359.0647,359.6640,0.0725,0.0937,-0.3770,-0.0163,0.0548,0.9984
15.1550,111.42,0.2652,13.0773,-2.4387,356.8658,359.0633,359.6698,0.0734,0.0885,-0.3850,-0.0163,0.0547,0.9984
15.1750,111.42,0.2667,13.0790,-2.4465,356.8750,359.0618,359.6756,0.0743,0.0834,-0.3930,-0.0163,0.0545,0.9984
15.1950,111.42,0.2682,13.0806,-2.4545,356.8853,359.0603,359.6815,0.0752,0.0783,-0.4009,-0.0164,0.0543,0.9984
15.2150,111.42,0.2698,13.0820,-2.4627,356.8966,359.0587,359.6874,0.0761,0.0734,-0.4088,-0.0164,0.0541,0.9984
15.2350,111.42,0.2713,13.0834,-2.4710,356.9090,359.0569,359.6934,0.0769,0.0685,-0.4165,-0.0164,0.0539,0.9984
15.2550,111.42,0.2728,13.0847,-2.4795,356.9224,359.0551,359.6994,0.0777,0.0638,-0.4242,-0.0165,0.0537,0.9984
15.2750,111.42,0.2744,13.0858,-2.4882,356.9367,359.0533,359.7055,0.0785,0.0591,-0.4318,-0.0165,0.0534,0.9984
15.2950,111.42,0.2760,13.0869,-2.4970,356.9521,359.0513,359.7116,0.0792,0.0545,-0.4394,-0.0165,0.0532,0.9984
15.3150,111.42,0.2776,13.0879,-2.5059,356.9684,359.0492,359.7177,0.0800,0.0499,-0.4468,-0.0166,0.0529,0.9985
15.3350,111.42,0.2792,13.0888,-2.5150,356.9857,359.0471,359.7238,0.0807,0.0455,-0.4541,-0.0166,0.0526,0.9985
15.3550,111.42,0.2808,13.0897,-2.5242,357.0038,359.0449,359.7299,0.0814,0.0411,-0.4614,-0.0166,0.0523,0.9985
15.3750,111.42,0.2825,13.0904,-2.5336,357.0228,359.0427,359.7360,0.0820,0.0368,-0.4685,-0.0167,0.0519,0.9985
15.3950,111.42,0.2841,13.0911,-2.5431,357.0427,359.0405,359.7422,0.0827,0.0326,-0.4755,-0.0167,0.0516,0.9985
15.4150,111.42,0.2858,13.0916,-2.5527,357.0634,359.0382,359.7483,0.0833,0.0285,-0.4824,-0.0168,0.0512,0.9985
15.4350,111.42,0.2875,13.0921,-2.5625,357.0848,359.0360,359.7544,0.0839,0.0244,-0.4892,-0.0168,0.0509,0.9986
15.4550,111.42,0.2892,13.0925,-2.5724,357.1071,359.0338,359.7605,0.0845,0.0204,-0.4959,-0.0168,0.0505,0.9986
15.4750,111.42,0.2909,13.0929,-2.5825,357.1301,359.0316,359.7666,0.0850,0.0165,-0.5024,-0.0169,0.0501,0.9986
15.4950,111.42,0.2926,13.0931,-2.5927,357.1538,359.0295,359.7727,0.0855,0.0126,-0.5088,-0.0169,0.0497,0.9986
15.5150,111.42,0.2943,13.0933,-2.6030,357.1783,359.0274,359.7787,0.0860,0.0088,-0.5151,-0.0170,0.0492,0.9986
15.5350,111.42,0.2960,13.0934,-2.6134,357.2034,359.0255,359.7849,0.0865,0.0051,-0.5213,-0.0170,0.0488,0.9987
15.5550,111.42,0.2978,13.0934,-2.6239,357.2292,359.0236,359.7910,0.0870,0.0015,-0.5273,-0.0170,0.0483,0.9987
15.5750,111.42,0.2995,13.0934,-2.6346,357.2556,359.0218,359.7971,0.0874,-0.0021,-0.5332,-0.0171,0.0479,0.9987
15.5950,111.42,0.3013,13.0933,-2.6454,357.2827,359.0200,359.8032,0.0879,-0.0056,-0.5389,-0.0171,0.0474,0.9987
15.6150,111.42,0.3030,13.0931,-2.6563,357.3104,359.0183,359.8094,0.0883,-0.0090,-0.5445,-0.0171,0.0469,0.9988
15.6350,111.42,0.3048,13.0928,-2.6673,357.3387,359.0168,359.8156,0.0886,-0.0124,-0.5500,-0.0171,0.0464,0.9988
15.6550,111.42,0.3066,13.0925,-2.6784,357.3676,359.0152,359.8217,0.0890,-0.0157,-0.5553,-0.0172,0.0459,0.9988
15.6750,111.42,0.3084,13.0921,-2.6896,357.3971,359.0138,359.8280,0.0893,-0.0190,-0.5604,-0.0172,0.0454,0.9988
15.6950,111.42,0.3102,13.0917,-2.7009,357.4271,359.0124,359.8342,0.0896,-0.0222,-0.5654,-0.0172,0.0449,0.9988
15.7150,111.42,0.3120,13.0912,-2.7123,357.4576,359.0111,359.8405,0.0899,-0.0253,-0.5703,-0.0172,0.0444,0.9989
15.7350,111.42,0.3138,13.0906,-2.7238,357.4887,359.0099,359.8468,0.0902,-0.0284,-0.5750,-0.0173,0.0438,0.9989
15.7550,111.42,0.3156,13.0900,-2.7354,357.5202,359.0088,359.8531,0.0904,-0.0314,-0.5795,-0.0173,0.0433,0.9989
15.7750,111.42,0.3174,13.0893,-2.7470,357.5522,359.0077,359.8594,0.0906,-0.0344,-0.5839,-0.0173,0.0427,0.9989
15.7950,111.42,0.3192,13.0886,-2.7588,357.5847,359.0067,359.8657,0.0908,-0.0373,-0.5881,-0.0173,0.0421,0.9990
15.8150,111.42,0.3210,13.0878,-2.7707,357.6176,359.0058,359.8719,0.0910,-0.0401,-0.5922,-0.0173,0.0416,0.9990
15.8350,111.42,0.3229,13.0869,-2.7826,357.6509,359.0049,359.8782,0.0911,-0.0429,-0.5961,-0.0174,0.0410,0.9990
15.8550,111.42,0.3247,13.0860,-2.7946,357.6845,359.0041,359.8844,0.0912,-0.0456,-0.5998,-0.0174,0.0404,0.9990
15.8750,111.42,0.3265,13.0850,-2.8066,357.7185,359.0034,359.8906,0.0913,-0.0483,-0.6034,-0.0174,0.0398,0.9991
15.8950,111.42,0.3283,13.0840,-2.8188,357.7528,359.0027,359.8967,0.0914,-0.0510,-0.6068,-0.0174,0.0392,0.9991
15.9150,111.42,0.3302,13.0829,-2.8310,357.7874,359.0022,359.9027,0.0914,-0.0535,-0.6100,-0.0174,0.0386,0.9991
15.9350,111.42,0.3320,13.0818,-2.8432,357.8222,359.0017,359.9087,0.0915,-0.0561,-0.6131,-0.0174,0.0380,0.9991
15.9550,111.42,0.3338,13.0806,-2.8556,357.8572,359.0013,359.9146,0.0914,-0.0586,-0.6160,-0.0174,0.0374,0.9991
15.9750,111.42,0.3357,13.0794,-2.8679,357.8924,359.0009,359.9203,0.0914,-0.0610,-0.6188,-0.0174,0.0368,0.9992
15.9950,111.42,0.3375,13.0781,-2.8804,357.9278,359.0006,359.9261,0.0914,-0.0634,-0.6214,-0.0174,0.0362,0.9992
16.0150,111.42,0.3393,13.0768,-2.8928,357.9633,359.0004,359.9317,0.0913,-0.0657,-0.6238,-0.0174,0.0355,0.9992
16.0350,111.42,0.3411,13.0755,-2.9054,357.9989,359.0002,359.9372,0.0912,-0.0680,-0.6261,-0.0174,0.0349,0.9992
16.0550,111.42,0.3430,13.0741,-2.9179,358.0345,359.0002,359.9427,0.0911,-0.0702,-0.6282,-0.0174,0.0343,0.9993
16.0750,111.42,0.3448,13.0726,-2.9305,358.0703,359.0001,359.9482,0.0910,-0.0724,-0.6302,-0.0174,0.0337,0.9993
16.0950,124.92,0.3466,13.0711,-2.9432,358.1061,359.0002,359.9536,0.0909,-0.0746,-0.6320,-0.0174,0.0330,0.9993
16.1150,124.92,0.3484,13.0696,-2.9558,358.1419,359.0003,359.9589,0.0907,-0.0767,-0.6336,-0.0174,0.0324,0.9993
16.1350,124.92,0.3502,13.0680,-2.9685,358.1778,359.0005,359.9642,0.0906,-0.0788,-0.6351,-0.0174,0.0318,0.9993
16.1550,124.92,0.3520,13.0664,-2.9813,358.2136,359.0008,359.9695,0.0904,-0.0808,-0.6365,-0.0174,0.0312,0.9994
16.1750,124.92,0.3538,13.0647,-2.9940,358.2494,359.0011,359.9748,0.0902,-0.0828,-0.6377,-0.0174,0.0305,0.9994
16.1950,124.92,0.3556,13.0630,-3.0068,358.2851,359.0014,359.9801,0.0900,-0.0848,-0.6387,-0.0174,0.0299,0.9994
16.2150,124.92,0.3574,13.0613,-3.0196,358.3208,359.0017,359.9854,0.0897,-0.0867,-0.6396,-0.0174,0.0293,0.9994
16.2350,124.92,0.3592,13.0595,-3.0324,358.3564,359.0020,359.9908,0.0895,-0.0885,-0.6403,-0.0174,0.0287,0.9994
16.2550,124.92,0.3610,13.0577,-3.0452,358.3920,359.0023,-0.0038,0.0892,-0.0904,-0.6409,-0.0174,0.0281,0.9995
16.2750,124.92,0.3628,13.0559,-3.0580,358.4274,359.0025,0.0017,0.0890,-0.0922,-0.6413,-0.0174,0.0274,0.9995
16.2950,124.92,0.3645,13.0540,-3.0709,358.4626,359.0026,0.0072,0.0887,-0.0939,-0.6415,-0.0174,0.0268,0.9995
16.3150,124.92,0.3663,13.0521,-3.0837,358.4978,359.0026,0.0127,0.0883,-0.0956,-0.6416,-0.0174,0.0262,0.9995
16.3350,124.92,0.3681,13.0502,-3.0965,358.5327,359.0025,0.0183,0.0880,-0.0973,-0.6416,-0.0174,0.0256,0.9995
16.3550,124.92,0.3698,13.0482,-3.1094,358.5676,359.0022,0.0240,0.0877,-0.0990,-0.6414,-0.0174,0.0250,0.9995
16.3750,124.92,0.3716,13.0462,-3.1222,358.6022,359.0018,0.0297,0.0873,-0.1006,-0.6410,-0.0174,0.0244,0.9996
16.3950,124.92,0.3733,13.0441,-3.1350,358.6366,359.0013,0.0355,0.0869,-0.1022,-0.6405,-0.0174,0.0238,0.9996
16.4150,124.92,0.3750,13.0420,-3.1478,358.6707,359.0005,0.0413,0.0865,-0.1038,-0.6398,-0.0174,0.0232,0.9996
16.4350,124.92,0.3768,13.0399,-3.1606,358.7047,358.9997,0.0470,0.0861,-0.1053,-0.6390,-0.0175,0.0226,0.9996
16.4550,124.92,0.3785,13.0378,-3.1733,358.7383,358.9988,0.0528,0.0856,-0.1068,-0.6380,-0.0175,0.0220,0.9996
16.4750,124.92,0.3802,13.0356,-3.1861,358.7717,358.9978,0.0585,0.0851,-0.1082,-0.6369,-0.0175,0.0214,0.9996
16.4950,124.92,0.3819,13.0334,-3.1988,358.8047,358.9968,0.0641,0.0846,-0.1097,-0.6356,-0.0175,0.0209,0.9996
16.5150,124.92,0.3836,13.0312,-3.2115,358.8375,358.9957,0.0697,0.0841,-0.1111,-0.6342,-0.0175,0.0203,0.9996
16.5350,124.92,0.3852,13.0290,-3.2241,358.8700,358.9947,0.0752,0.0835,-0.1125,-0.6326,-0.0175,0.0197,0.9997
16.5550,124.92,0.3869,13.0267,-3.2367,358.9021,358.9937,0.0805,0.0830,-0.1138,-0.6309,-0.0176,0.0192,0.9997
16.5750,124.92,0.3885,13.0244,-3.2493,358.9338,358.9929,0.0858,0.0824,-0.1151,-0.6290,-0.0176,0.0186,0.9997
16.5950,124.92,0.3902,13.0221,-3.2619,358.9652,358.9922,0.0909,0.0818,-0.1164,-0.6270,-0.0176,0.0181,0.9997
16.6150,124.92,0.3918,13.0197,-3.2744,358.9962,358.9916,0.0958,0.0811,-0.1177,-0.6249,-0.0176,0.0175,0.9997
16.6350,124.92,0.3934,13.0173,-3.2868,359.0268,358.9913,0.1006,0.0805,-0.1189,-0.6226,-0.0176,0.0170,0.9997
16.6550,124.92,0.3950,13.0149,-3.2992,359.0569,358.9912,0.1052,0.0798,-0.1202,-0.6202,-0.0176,0.0165,0.9997
16.6750,124.92,0.3966,13.0125,-3.3116,359.0867,358.9913,0.1095,0.0792,-0.1214,-0.6176,-0.0176,0.0159,0.9997
16.6950,124.92,0.3981,13.0101,-3.3239,359.1160,358.9917,0.1137,0.0785,-0.1225,-0.6149,-0.0176,0.0154,0.9997
16.7150,124.92,0.3997,13.0076,-3.3361,359.1449,358.9923,0.1176,0.0777,-0.1237,-0.6121,-0.0176,0.0149,0.9997
16.7350,124.92,0.4012,13.0051,-3.3483,359.1733,358.9932,0.1212,0.0770,-0.1248,-0.6092,-0.0176,0.0144,0.9997
16.7550,124.92,0.4028,13.0026,-3.3604,359.2014,358.9943,0.1246,0.0763,-0.1259,-0.6061,-0.0176,0.0139,0.9997
16.7750,124.92,0.4043,13.0000,-3.3725,359.2290,358.9955,0.1277,0.0755,-0.1270,-0.6030,-0.0175,0.0135,0.9998
16.7950,124.92,0.4058,12.9975,-3.3845,359.2562,358.9969,0.1305,0.0748,-0.1280,-0.5997,-0.0175,0.0130,0.9998
16.8150,124.92,0.4073,12.9949,-3.3964,359.2830,358.9983,0.1329,0.0740,-0.1290,-0.5963,-0.0175,0.0125,0.9998
16.8350,124.92,0.4087,12.9923,-3.4082,359.3094,358.9998,0.1351,0.0732,-0.1300,-0.5928,-0.0175,0.0121,0.9998
16.8550,124.92,0.4102,12.9897,-3.4200,359.3354,359.0013,0.1370,0.0724,-0.1310,-0.5892,-0.0174,0.0116,0.9998
16.8750,124.92,0.4116,12.9870,-3.4317,359.3609,359.0027,0.1386,0.0717,-0.1320,-0.5856,-0.0174,0.0112,0.9998
16.8950,124.92,0.4130,12.9844,-3.4434,359.3860,359.0041,0.1399,0.0709,-0.1329,-0.5818,-0.0174,0.0107,0.9998
16.9150,124.92,0.4144,12.9817,-3.4549,359.4107,359.0054,0.1409,0.0701,-0.1338,-0.5779,-0.0174,0.0103,0.9998
16.9350,124.92,0.4158,12.9790,-3.4664,359.4349,359.0065,0.1418,0.0693,-0.1347,-0.5740,-0.0173,0.0099,0.9998
16.9550,124.92,0.4172,12.9763,-3.4778,359.4587,359.0075,0.1424,0.0685,-0.1356,-0.5700,-0.0173,0.0094,0.9998
16.9750,124.92,0.4185,12.9736,-3.4891,359.4820,359.0084,0.1429,0.0678,-0.1365,-0.5659,-0.0173,0.0090,0.9998
16.9950,124.92,0.4199,12.9708,-3.5004,359.5049,359.0092,0.1432,0.0670,-0.1373,-0.5617,-0.0173,0.0086,0.9998
17.0150,124.92,0.4212,12.9680,-3.5115,359.5272,359.0099,0.1434,0.0663,-0.1381,-0.5575,-0.0173,0.0083,0.9998
17.0350,124.92,0.4225,12.9653,-3.5226,359.5490,359.0106,0.1435,0.0655,-0.1389,-0.5532,-0.0173,0.0079,0.9998
17.0550,124.92,0.4238,12.9625,-3.5335,359.5702,359.0112,0.1435,0.0648,-0.1397,-0.5488,-0.0173,0.0075,0.9998
17.0750,124.92,0.4251,12.9597,-3.5444,359.5909,359.0119,0.1435,0.0641,-0.1404,-0.5444,-0.0172,0.0071,0.9998
17.0950,127.40,0.4264,12.9568,-3.5552,359.6110,359.0127,0.1435,0.0633,-0.1412,-0.5399,-0.0172,0.0068,0.9998
17.1150,127.40,0.4276,12.9540,-3.5659,359.6306,359.0136,0.1435,0.0626,-0.1419,-0.5354,-0.0172,0.0064,0.9998
17.1350,127.40,0.4288,12.9512,-3.5766,359.6495,359.0146,0.1435,0.0619,-0.1426,-0.5309,-0.0172,0.0061,0.9998
17.1550,127.40,0.4301,12.9483,-3.5871,359.6678,359.0159,0.1435,0.0612,-0.1433,-0.5263,-0.0172,0.0058,0.9998
17.1750,127.40,0.4313,12.9454,-3.5975,359.6855,359.0175,0.1436,0.0605,-0.1439,-0.5217,-0.0171,0.0055,0.9998
17.1950,127.40,0.4325,12.9425,-3.6079,359.7026,359.0192,0.1438,0.0598,-0.1445,-0.5171,-0.0171,0.0052,0.9998
17.2150,127.40,0.4337,12.9396,-3.6181,359.7191,359.0211,0.1441,0.0591,-0.1452,-0.5125,-0.0171,0.0049,0.9998
17.2350,127.40,0.4348,12.9367,-3.6283,359.7350,359.0233,0.1445,0.0584,-0.1458,-0.5079,-0.0170,0.0046,0.9998
17.2550,127.40,0.4360,12.9338,-3.6383,359.7502,359.0257,0.1450,0.0578,-0.1463,-0.5033,-0.0170,0.0044,0.9998
17.2750,127.40,0.4371,12.9308,-3.6483,359.7650,359.0283,0.1457,0.0571,-0.1469,-0.4987,-0.0170,0.0041,0.9998
17.2950,127.40,0.4382,12.9279,-3.6582,359.7792,359.0309,0.1465,0.0564,-0.1474,-0.4940,-0.0169,0.0039,0.9998
17.3150,127.40,0.4394,12.9249,-3.6680,359.7929,359.0336,0.1475,0.0557,-0.1479,-0.4894,-0.0169,0.0036,0.9999
17.3350,127.40,0.4405,12.9220,-3.6777,359.8061,359.0363,0.1486,0.0551,-0.1484,-0.4849,-0.0168,0.0034,0.9999
17.3550,127.40,0.4416,12.9190,-3.6873,359.8188,359.0390,0.1498,0.0544,-0.1489,-0.4803,-0.0168,0.0032,0.9999
17.3750,127.40,0.4426,12.9160,-3.6968,359.8311,359.0416,0.1511,0.0537,-0.1494,-0.4758,-0.0167,0.0029,0.9999
17.3950,127.40,0.4437,12.9130,-3.7062,359.8430,359.0441,0.1525,0.0530,-0.1498,-0.4713,-0.0167,0.0027,0.9999
17.4150,127.40,0.4447,12.9100,-3.7156,359.8545,359.0464,0.1540,0.0523,-0.1502,-0.4668,-0.0166,0.0025,0.9999
17.4350,127.40,0.4458,12.9070,-3.7248,359.8656,359.0486,0.1555,0.0516,-0.1507,-0.4623,-0.0166,0.0023,0.9999
17.4550,127.40,0.4468,12.9040,-3.7340,359.8763,359.0506,0.1570,0.0509,-0.1510,-0.4579,-0.0166,0.0022,0.9999
17.4750,127.40,0.4478,12.9009,-3.7430,359.8867,359.0525,0.1586,0.0502,-0.1514,-0.4535,-0.0165,0.0020,0.9999
17.4950,127.40,0.4488,12.8979,-3.7520,359.8967,359.0541,0.1601,0.0495,-0.1518,-0.4491,-0.0165,0.0018,0.9999
17.5150,127.40,0.4498,12.8949,-3.7609,359.9063,359.0557,0.1616,0.0488,-0.1521,-0.4448,-0.0165,0.0016,0.9999
17.5350,127.40,0.4507,12.8918,-3.7697,359.9156,359.0570,0.1630,0.0480,-0.1524,-0.4405,-0.0165,0.0015,0.9999
17.5550,127.40,0.4517,12.8888,-3.7785,359.9245,359.0583,0.1643,0.0473,-0.1527,-0.4363,-0.0164,0.0013,0.9999
17.5750,127.40,0.4526,12.8857,-3.7871,359.9331,359.0596,0.1655,0.0465,-0.1530,-0.4321,-0.0164,0.0012,0.9999
17.5950,127.40,0.4535,12.8826,-3.7957,359.9413,359.0609,0.1666,0.0458,-0.1532,-0.4279,-0.0164,0.0010,0.9999
17.6150,127.40,0.4544,12.8796,-3.8041,359.9491,359.0622,0.1676,0.0450,-0.1535,-0.4238,-0.0164,0.0009,0.9999
17.6350,127.40,0.4553,12.8765,-3.8125,359.9565,359.0635,0.1684,0.0443,-0.1537,-0.4197,-0.0163,0.0008,0.9999
17.6550,127.40,0.4562,12.8734,-3.8208,359.9635,359.0650,0.1691,0.0435,-0.1539,-0.4156,-0.0163,0.0006,0.9999
17.6750,127.40,0.4570,12.8703,-3.8291,359.9702,359.0666,0.1697,0.0428,-0.1541,-0.4116,-0.0163,0.0005,0.9999
17.6950,127.40,0.4579,12.8672,-3.8372,359.9764,359.0683,0.1701,0.0420,-0.1543,-0.4076,-0.0163,0.0004,0.9999
17.7150,127.40,0.4587,12.8642,-3.8453,359.9822,359.0701,0.1703,0.0413,-0.1545,-0.4037,-0.0162,0.0003,0.9999
17.7350,127.40,0.4595,12.8611,-3.8533,359.9877,359.0720,0.1704,0.0405,-0.1546,-0.3998,-0.0162,0.0002,0.9999
17.7550,127.40,0.4603,12.8580,-3.8612,359.9927,359.0740,0.1703,0.0398,-0.1548,-0.3960,-0.0162,0.0001,0.9999
17.7750,127.40,0.4611,12.8549,-3.8691,-0.0027,359.0760,0.1701,0.0390,-0.1549,-0.3922,-0.0161,0.0000,0.9999
17.7950,127.40,0.4618,12.8518,-3.8768,0.0015,359.0781,0.1696,0.0383,-0.1550,-0.3885,-0.0161,0.0000,0.9999
17.8150,127.40,0.4626,12.8487,-3.8845,0.0054,359.0802,0.1691,0.0376,-0.1551,-0.3848,-0.0161,-0.0001,0.9999
17.8350,127.40,0.4633,12.8456,-3.8921,0.0088,359.0822,0.1683,0.0368,-0.1552,-0.3811,-0.0160,-0.0002,0.9999
17.8550,127.40,0.4640,12.8425,-3.8997,0.0120,359.0842,0.1675,0.0361,-0.1552,-0.3775,-0.0160,-0.0002,0.9999
17.8750,127.40,0.4648,12.8393,-3.9072,0.0147,359.0860,0.1665,0.0354,-0.1553,-0.3740,-0.0160,-0.0003,0.9999
17.8950,127.40,0.4654,12.8362,-3.9146,0.0172,359.0878,0.1654,0.0347,-0.1553,-0.3705,-0.0159,-0.0003,0.9999
17.9150,127.40,0.4661,12.8331,-3.9219,0.0194,359.0894,0.1642,0.0340,-0.1553,-0.3670,-0.0159,-0.0003,0.9999
17.9350,127.40,0.4668,12.8300,-3.9292,0.0213,359.0908,0.1628,0.0333,-0.1553,-0.3636,-0.0159,-0.0004,0.9999
17.9550,127.40,0.4674,12.8269,-3.9364,0.0229,359.0921,0.1615,0.0327,-0.1553,-0.3603,-0.0158,-0.0004,0.9999
17.9750,127.40,0.4681,12.8238,-3.9435,0.0244,359.0932,0.1600,0.0320,-0.1553,-0.3570,-0.0158,-0.0004,0.9999
17.9950,127.40,0.4687,12.8207,-3.9506,0.0257,359.0941,0.1585,0.0313,-0.1552,-0.3537,-0.0158,-0.0004,0.9999
18.0150,127.40,0.4693,12.8176,-3.9576,0.0268,359.0949,0.1570,0.0307,-0.1552,-0.3505,-0.0158,-0.0005,0.9999
18.0350,127.40,0.4699,12.8145,-3.9646,0.0278,359.0957,0.1554,0.0301,-0.1551,-0.3474,-0.0158,-0.0005,0.9999
18.0550,127.40,0.4705,12.8114,-3.9715,0.0287,359.0963,0.1538,0.0294,-0.1550,-0.3443,-0.0158,-0.0005,0.9999
18.0750,127.40,0.4711,12.8083,-3.9783,0.0295,359.0969,0.1522,0.0288,-0.1549,-0.3412,-0.0158,-0.0005,0.9999
18.0950,116.68,0.4717,12.8052,-3.9850,0.0302,359.0974,0.1506,0.0282,-0.1548,-0.3382,-0.0158,-0.0005,0.9999
18.1150,116.68,0.4722,12.8021,-3.9918,0.0309,359.0980,0.1489,0.0276,-0.1547,-0.3352,-0.0157,-0.0005,0.9999
18.1350,116.68,0.4728,12.7990,-3.9984,0.0314,359.0986,0.1472,0.0270,-0.1546,-0.3323,-0.0157,-0.0005,0.9999
18.1550,116.68,0.4733,12.7959,-4.0050,0.0320,359.0993,0.1455,0.0264,-0.1544,-0.3294,-0.0157,-0.0006,0.9999
18.1750,116.68,0.4738,12.7929,-4.0115,0.0325,359.1001,0.1438,0.0259,-0.1543,-0.3265,-0.0157,-0.0006,0.9999
18.1950,116.68,0.4743,12.7898,-4.0180,0.0330,359.1010,0.1421,0.0253,-0.1541,-0.3237,-0.0157,-0.0006,0.9999
18.2150,116.68,0.4748,12.7867,-4.0244,0.0336,359.1021,0.1404,0.0247,-0.1539,-0.3210,-0.0157,-0.0006,0.9999
18.2350,116.68,0.4753,12.7836,-4.0308,0.0341,359.1032,0.1386,0.0242,-0.1537,-0.3182,-0.0157,-0.0006,0.9999
18.2550,116.68,0.4758,12.7805,-4.0371,0.0346,359.1045,0.1369,0.0236,-0.1535,-0.3155,-0.0156,-0.0006,0.9999
18.2750,116.68,0.4762,12.7775,-4.0433,0.0351,359.1060,0.1351,0.0231,-0.1533,-0.3129,-0.0156,-0.0006,0.9999
18.2950,116.68,0.4767,12.7744,-4.0495,0.0357,359.1075,0.1333,0.0226,-0.1531,-0.3103,-0.0156,-0.0006,0.9999
18.3150,116.68,0.4771,12.7714,-4.0557,0.0363,359.1093,0.1316,0.0221,-0.1529,-0.3077,-0.0155,-0.0006,0.9999
18.3350,116.68,0.4775,12.7683,-4.0618,0.0369,359.1110,0.1298,0.0215,-0.1526,-0.3052,-0.0155,-0.0006,0.9999
18.3550,116.68,0.4780,12.7653,-4.0679,0.0375,359.1129,0.1280,0.0210,-0.1524,-0.3027,-0.0155,-0.0007,0.9999
18.3750,116.68,0.4784,12.7622,-4.0739,0.0381,359.1149,0.1261,0.0205,-0.1521,-0.3002,-0.0154,-0.0007,0.9999
18.3950,116.68,0.4788,12.7592,-4.0798,0.0388,359.1168,0.1243,0.0201,-0.1519,-0.2978,-0.0154,-0.0007,0.9999
18.4150,116.68,0.4792,12.7561,-4.0857,0.0394,359.1188,0.1225,0.0196,-0.1516,-0.2954,-0.0154,-0.0007,0.9999
18.4350,116.68,0.4795,12.7531,-4.0916,0.0400,359.1208,0.1207,0.0191,-0.1513,-0.2930,-0.0153,-0.0007,0.9999
18.4550,116.68,0.4799,12.7501,-4.0974,0.0407,359.1227,0.1188,0.0186,-0.1510,-0.2907,-0.0153,-0.0007,0.9999
18.4750,116.68,0.4803,12.7471,-4.1032,0.0413,359.1246,0.1169,0.0182,-0.1507,-0.2884,-0.0153,-0.0007,0.9999
18.4950,116.68,0.4806,12.7441,-4.1089,0.0419,359.1264,0.1151,0.0177,-0.1504,-0.2861,-0.0152,-0.0007,0.9999
18.5150,116.68,0.4810,12.7411,-4.1146,0.0425,359.1281,0.1132,0.0173,-0.1500,-0.2839,-0.0152,-0.0007,0.9999
18.5350,116.68,0.4813,12.7381,-4.1202,0.0431,359.1297,0.1113,0.0169,-0.1497,-0.2817,-0.0152,-0.0008,0.9999
18.5550,116.68,0.4816,12.7351,-4.1258,0.0437,359.1313,0.1094,0.0164,-0.1494,-0.2795,-0.0152,-0.0008,0.9999
18.5750,116.68,0.4820,12.7321,-4.1313,0.0442,359.1327,0.1075,0.0160,-0.1490,-0.2774,-0.0151,-0.0008,0.9999
18.5950,116.68,0.4823,12.7291,-4.1368,0.0448,359.1340,0.1056,0.0156,-0.1486,-0.2753,-0.0151,-0.0008,0.9999
18.6150,116.68,0.4826,12.7262,-4.1423,0.0454,359.1353,0.1037,0.0152,-0.1483,-0.2732,-0.0151,-0.0008,0.9999
18.6350,116.68,0.4829,12.7232,-4.1477,0.0460,359.1365,0.1018,0.0148,-0.1479,-0.2712,-0.0151,-0.0008,0.9999
18.6550,116.68,0.4832,12.7203,-4.1531,0.0465,359.1375,0.0999,0.0144,-0.1475,-0.2691,-0.0151,-0.0008,0.9999
18.6750,116.68,0.4835,12.7173,-4.1585,0.0471,359.1385,0.0980,0.0141,-0.1471,-0.2671,-0.0150,-0.0008,0.9999
18.6950,116.68,0.4837,12.7144,-4.1638,0.0477,359.1394,0.0960,0.0137,-0.1467,-0.2652,-0.0150,-0.0008,0.9999
18.7150,116.68,0.4840,12.7115,-4.1690,0.0483,359.1402,0.0941,0.0133,-0.1463,-0.2632,-0.0150,-0.0008,0.9999
18.7350,116.68,0.4843,12.7086,-4.1743,0.0488,359.1408,0.0921,0.0130,-0.1459,-0.2613,-0.0150,-0.0009,0.9999
18.7550,116.68,0.4845,12.7056,-4.1794,0.0494,359.1413,0.0902,0.0126,-0.1455,-0.2595,-0.0150,-0.0009,0.9999
18.7750,116.68,0.4848,12.7027,-4.1846,0.0500,359.1417,0.0882,0.0123,-0.1451,-0.2576,-0.0150,-0.0009,0.9999
18.7950,116.68,0.4850,12.6998,-4.1897,0.0505,359.1419,0.0861,0.0120,-0.1446,-0.2558,-0.0150,-0.0009,0.9999
18.8150,116.68,0.4852,12.6970,-4.1948,0.0511,359.1419,0.0841,0.0116,-0.1442,-0.2539,-0.0150,-0.0009,0.9999
18.8350,116.68,0.4855,12.6941,-4.1998,0.0516,359.1418,0.0820,0.0113,-0.1438,-0.2521,-0.0150,-0.0009,0.9999
18.8550,116.68,0.4857,12.6912,-4.2048,0.0521,359.1415,0.0799,0.0110,-0.1433,-0.2504,-0.0150,-0.0009,0.9999
18.8750,116.68,0.4859,12.6884,-4.2098,0.0526,359.1410,0.0777,0.0107,-0.1429,-0.2486,-0.0150,-0.0009,0.9999
18.8950,116.68,0.4861,12.6855,-4.2147,0.0531,359.1404,0.0756,0.0104,-0.1424,-0.2469,-0.0150,-0.0009,0.9999
18.9150,116.68,0.4863,12.6827,-4.2196,0.0536,359.1396,0.0734,0.0101,-0.1419,-0.2452,-0.0150,-0.0009,0.9999
18.9350,116.68,0.4865,12.6798,-4.2245,0.0540,359.1388,0.0712,0.0098,-0.1415,-0.2435,-0.0150,-0.0009,0.9999
18.9550,116.68,0.4867,12.6770,-4.2294,0.0545,359.1378,0.0690,0.0096,-0.1410,-0.2418,-0.0150,-0.0010,0.9999
18.9750,116.68,0.4869,12.6742,-4.2342,0.0550,359.1367,0.0667,0.0093,-0.1405,-0.2401,-0.0151,-0.0010,0.9999
18.9950,116.68,0.4871,12.6714,-4.2389,0.0555,359.1355,0.0645,0.0091,-0.1400,-0.2385,-0.0151,-0.0010,0.9999
19.0150,116.68,0.4872,12.6686,-4.2437,0.0560,359.1342,0.0623,0.0088,-0.1395,-0.2369,-0.0151,-0.0010,0.9999
19.0350,116.68,0.4874,12.6658,-4.2484,0.0566,359.1330,0.0601,0.0086,-0.1390,-0.2353,-0.0151,-0.0010,0.9999
19.0550,116.68,0.4876,12.6631,-4.2530,0.0571,359.1317,0.0580,0.0084,-0.1385,-0.2337,-0.0152,-0.0010,0.9999
19.0750,116.68,0.4877,12.6603,-4.2577,0.0577,359.1305,0.0559,0.0082,-0.1380,-0.2321,-0.0152,-0.0010,0.9999
19.0950,126.86,0.4879,12.6576,-4.2623,0.0584,359.1292,0.0538,0.0080,-0.1375,-0.2305,-0.0152,-0.0010,0.9999
19.1150,126.86,0.4880,12.6548,-4.2669,0.0591,359.1281,0.0518,0.0078,-0.1370,-0.2290,-0.0152,-0.0010,0.9999
19.1350,126.86,0.4882,12.6521,-4.2714,0.0598,359.1269,0.0499,0.0076,-0.1365,-0.2274,-0.0152,-0.0010,0.9999
19.1550,126.86,0.4883,12.6494,-4.2759,0.0607,359.1259,0.0480,0.0074,-0.1359,-0.2259,-0.0153,-0.0011,0.9999
19.1750,126.86,0.4885,12.6467,-4.2804,0.0615,359.1250,0.0462,0.0072,-0.1354,-0.2244,-0.0153,-0.0011,0.9999
19.1950,126.86,0.4886,12.6440,-4.2849,0.0625,359.1241,0.0445,0.0071,-0.1349,-0.2229,-0.0153,-0.0011,0.9999
19.2150,126.86,0.4888,12.6413,-4.2893,0.0634,359.1234,0.0428,0.0069,-0.1343,-0.2214,-0.0153,-0.0011,0.9999
19.2350,126.86,0.4889,12.6386,-4.2937,0.0645,359.1228,0.0413,0.0068,-0.1338,-0.2199,-0.0153,-0.0011,0.9999
19.2550,126.86,0.4890,12.6359,-4.2981,0.0656,359.1223,0.0398,0.0066,-0.1332,-0.2184,-0.0153,-0.0011,0.9999
19.2750,126.86,0.4892,12.6333,-4.3024,0.0668,359.1220,0.0384,0.0065,-0.1327,-0.2169,-0.0153,-0.0012,0.9999
19.2950,126.86,0.4893,12.6307,-4.3067,0.0681,359.1218,0.0370,0.0063,-0.1322,-0.2154,-0.0153,-0.0012,0.9999
19.3150,126.86,0.4894,12.6280,-4.3110,0.0694,359.1216,0.0358,0.0062,-0.1316,-0.2139,-0.0153,-0.0012,0.9999
19.3350,126.86,0.4895,12.6254,-4.3153,0.0707,359.1216,0.0346,0.0061,-0.1310,-0.2124,-0.0153,-0.0012,0.9999
19.3550,126.86,0.4897,12.6228,-4.3195,0.0722,359.1217,0.0335,0.0060,-0.1305,-0.2110,-0.0153,-0.0013,0.9999
19.3750,126.86,0.4898,12.6202,-4.3237,0.0736,359.1219,0.0324,0.0058,-0.1299,-0.2095,-0.0153,-0.0013,0.9999
19.3950,126.86,0.4899,12.6176,-4.3278,0.0751,359.1220,0.0314,0.0057,-0.1294,-0.2080,-0.0153,-0.0013,0.9999
19.4150,126.86,0.4900,12.6150,-4.3320,0.0767,359.1223,0.0304,0.0056,-0.1288,-0.2066,-0.0153,-0.0013,0.9999
19.4350,126.86,0.4901,12.6125,-4.3361,0.0782,359.1226,0.0295,0.0055,-0.1282,-0.2051,-0.0153,-0.0014,0.9999
19.4550,126.86,0.4902,12.6099,-4.3401,0.0798,359.1229,0.0286,0.0054,-0.1277,-0.2036,-0.0153,-0.0014,0.9999
19.4750,126.86,0.4903,12.6074,-4.3442,0.0814,359.1232,0.0277,0.0053,-0.1271,-0.2021,-0.0153,-0.0014,0.9999
19.4950,126.86,0.4904,12.6048,-4.3482,0.0830,359.1234,0.0269,0.0052,-0.1265,-0.2007,-0.0153,-0.0014,0.9999
19.5150,126.86,0.4905,12.6023,-4.3522,0.0846,359.1237,0.0260,0.0051,-0.1260,-0.1992,-0.0153,-0.0015,0.9999
19.5350,126.86,0.4906,12.5998,-4.3561,0.0862,359.1240,0.0252,0.0050,-0.1254,-0.1977,-0.0153,-0.0015,0.9999
19.5550,126.86,0.4907,12.5973,-4.3600,0.0878,359.1242,0.0244,0.0049,-0.1248,-0.1963,-0.0153,-0.0015,0.9999
19.5750,126.86,0.4908,12.5948,-4.3639,0.0894,359.1244,0.0236,0.0048,-0.1242,-0.1948,-0.0153,-0.0016,0.9999
19.5950,126.86,0.4909,12.5924,-4.3678,0.0910,359.1245,0.0228,0.0047,-0.1237,-0.1933,-0.0153,-0.0016,0.9999
19.6150,126.86,0.4910,12.5899,-4.3716,0.0926,359.1246,0.0221,0.0046,-0.1231,-0.1918,-0.0153,-0.0016,0.9999
19.6350,126.86,0.4911,12.5874,-4.3755,0.0942,359.1247,0.0213,0.0045,-0.1225,-0.1904,-0.0153,-0.0016,0.9999
19.6550,126.86,0.4912,12.5850,-4.3792,0.0957,359.1248,0.0206,0.0044,-0.1219,-0.1889,-0.0153,-0.0017,0.9999
19.6750,126.86,0.4913,12.5826,-4.3830,0.0973,359.1248,0.0199,0.0043,-0.1213,-0.1874,-0.0153,-0.0017,0.9999
19.6950,126.86,0.4914,12.5802,-4.3867,0.0989,359.1248,0.0192,0.0042,-0.1207,-0.1859,-0.0153,-0.0017,0.9999
19.7150,126.86,0.4914,12.5778,-4.3904,0.1004,359.1248,0.0185,0.0042,-0.1202,-0.1844,-0.0153,-0.0018,0.9999
19.7350,126.86,0.4915,12.5754,-4.3940,0.1019,359.1247,0.0179,0.0041,-0.1196,-0.1830,-0.0153,-0.0018,0.9999
19.7550,126.86,0.4916,12.5730,-4.3977,0.1034,359.1245,0.0172,0.0040,-0.1190,-0.1815,-0.0153,-0.0018,0.9999
19.7750,126.86,0.4917,12.5706,-4.4013,0.1049,359.1242,0.0166,0.0039,-0.1184,-0.1800,-0.0153,-0.0018,0.9999
19.7950,126.86,0.4918,12.5683,-4.4048,0.1064,359.1239,0.0161,0.0039,-0.1178,-0.1785,-0.0153,-0.0019,0.9999
19.8150,126.86,0.4918,12.5659,-4.4084,0.1078,359.1234,0.0156,0.0038,-0.1172,-0.1770,-0.0153,-0.0019,0.9999
19.8350,126.86,0.4919,12.5636,-4.4119,0.1093,359.1229,0.0151,0.0038,-0.1166,-0.1756,-0.0153,-0.0019,0.9999
19.8550,126.86,0.4920,12.5613,-4.4154,0.1107,359.1222,0.0147,0.0037,-0.1161,-0.1741,-0.0153,-0.0019,0.9999
19.8750,126.86,0.4921,12.5590,-4.4188,0.1121,359.1215,0.0144,0.0036,-0.1155,-0.1726,-0.0153,-0.0020,0.9999
19.8950,126.86,0.4921,12.5567,-4.4223,0.1135,359.1206,0.0140,0.0036,-0.1149,-0.1711,-0.0153,-0.0020,0.9999
19.9150,126.86,0.4922,12.5544,-4.4256,0.1148,359.1197,0.0138,0.0035,-0.1143,-0.1696,-0.0154,-0.0020,0.9999
19.9350,126.86,0.4923,12.5521,-4.4290,0.1162,359.1187,0.0135,0.0035,-0.1137,-0.1682,-0.0154,-0.0020,0.9999
19.9550,126.86,0.4923,12.5498,-4.4323,0.1175,359.1176,0.0133,0.0034,-0.1131,-0.1667,-0.0154,-0.0021,0.9999
19.9750,126.86,0.4924,12.5476,-4.4356,0.1187,359.1164,0.0132,0.0034,-0.1125,-0.1652,-0.0154,-0.0021,0.9999
19.9950,126.86,0.4925,12.5453,-4.4389,0.1200,359.1152,0.0130,0.0033,-0.1119,-0.1638,-0.0154,-0.0021,0.9999
20.0150,126.86,0.4925,12.5431,-4.4422,0.1212,359.1140,0.0129,0.0033,-0.1114,-0.1623,-0.0155,-0.0021,0.9999
20.0350,126.86,0.4926,12.5409,-4.4454,0.1224,359.1127,0.0128,0.0032,-0.1108,-0.1608,-0.0155,-0.0021,0.9999
20.0550,126.86,0.4927,12.5387,-4.4486,0.1236,359.1115,0.0128,0.0032,-0.1102,-0.1594,-0.0155,-0.0022,0.9999
20.0750,126.86,0.4927,12.5365,-4.4517,0.1247,359.1103,0.0127,0.0031,-0.1096,-0.1579,-0.0155,-0.0022,0.9999
20.0950,121.40,0.4928,12.5343,-4.4549,0.1258,359.1092,0.0126,0.0030,-0.1090,-0.1564,-0.0155,-0.0022,0.9999
20.1150,121.40,0.4928,12.5322,-4.4580,0.1268,359.1081,0.0126,0.0030,-0.1084,-0.1550,-0.0156,-0.0022,0.9999
20.1350,121.40,0.4929,12.5300,-4.4610,0.1278,359.1071,0.0125,0.0029,-0.1078,-0.1535,-0.0156,-0.0022,0.9999
20.1550,121.40,0.4930,12.5279,-4.4641,0.1288,359.1062,0.0124,0.0029,-0.1073,-0.1521,-0.0156,-0.0022,0.9999
20.1750,121.40,0.4930,12.5257,-4.4671,0.1298,359.1053,0.0123,0.0028,-0.1067,-0.1507,-0.0156,-0.0023,0.9999
20.1950,121.40,0.4931,12.5236,-4.4701,0.1307,359.1046,0.0121,0.0027,-0.1061,-0.1492,-0.0156,-0.0023,0.9999
20.2150,121.40,0.4931,12.5215,-4.4730,0.1316,359.1041,0.0120,0.0027,-0.1055,-0.1478,-0.0156,-0.0023,0.9999
20.2350,121.40,0.4932,12.5194,-4.4759,0.1324,359.1036,0.0118,0.0026,-0.1049,-0.1464,-0.0156,-0.0023,0.9999
20.2550,121.40,0.4932,12.5173,-4.4788,0.1333,359.1033,0.0115,0.0025,-0.1043,-0.1449,-0.0156,-0.0023,0.9999
20.2750,121.40,0.4933,12.5152,-4.4817,0.1341,359.1031,0.0113,0.0025,-0.1038,-0.1435,-0.0157,-0.0023,0.9999
20.2950,121.40,0.4933,12.5132,-4.4846,0.1349,359.1031,0.0110,0.0024,-0.1032,-0.1421,-0.0157,-0.0024,0.9999
20.3150,121.40,0.4934,12.5111,-4.4874,0.1357,359.1031,0.0106,0.0024,-0.1026,-0.1407,-0.0157,-0.0024,0.9999
20.3350,121.40,0.4934,12.5091,-4.4902,0.1365,359.1033,0.0102,0.0023,-0.1020,-0.1392,-0.0156,-0.0024,0.9999
20.3550,121.40,0.4935,12.5070,-4.4929,0.1373,359.1035,0.0098,0.0022,-0.1014,-0.1378,-0.0156,-0.0024,0.9999
20.3750,121.40,0.4935,12.5050,-4.4956,0.1380,359.1039,0.0094,0.0022,-0.1009,-0.1364,-0.0156,-0.0024,0.9999
20.3950,121.40,0.4935,12.5030,-4.4983,0.1388,359.1043,0.0090,0.0021,-0.1003,-0.1350,-0.0156,-0.0024,0.9999
20.4150,121.40,0.4936,12.5010,-4.5010,0.1396,359.1047,0.0085,0.0021,-0.0997,-0.1336,-0.0156,-0.0024,0.9999
20.4350,121.40,0.4936,12.4990,-4.5037,0.1403,359.1052,0.0081,0.0020,-0.0991,-0.1322,-0.0156,-0.0024,0.9999
20.4550,121.40,0.4937,12.4971,-4.5063,0.1410,359.1057,0.0076,0.0020,-0.0986,-0.1308,-0.0156,-0.0025,0.9999
20.4750,121.40,0.4937,12.4951,-4.5089,0.1417,359.1063,0.0071,0.0020,-0.0980,-0.1293,-0.0156,-0.0025,0.9999
20.4950,121.40,0.4937,12.4932,-4.5114,0.1424,359.1068,0.0066,0.0019,-0.0974,-0.1279,-0.0156,-0.0025,0.9999
20.5150,121.40,0.4938,12.4912,-4.5139,0.1431,359.1073,0.0062,0.0019,-0.0969,-0.1265,-0.0156,-0.0025,0.9999
20.5350,121.40,0.4938,12.4893,-4.5164,0.1437,359.1078,0.0057,0.0019,-0.0963,-0.1251,-0.0156,-0.0025,0.9999
20.5550,121.40,0.4939,12.4874,-4.5189,0.1442,359.1082,0.0053,0.0018,-0.0957,-0.1236,-0.0156,-0.0025,0.9999
20.5750,121.40,0.4939,12.4855,-4.5214,0.1447,359.1086,0.0048,0.0018,-0.0952,-0.1222,-0.0156,-0.0025,0.9999
20.5950,121.40,0.4939,12.4836,-4.5238,0.1452,359.1091,0.0044,0.0018,-0.0946,-0.1207,-0.0155,-0.0025,0.9999
20.6150,121.40,0.4940,12.4817,-4.5262,0.1455,359.1095,0.0040,0.0018,-0.0940,-0.1193,-0.0155,-0.0025,0.9999
20.6350,121.40,0.4940,12.4798,-4.5285,0.1458,359.1099,0.0036,0.0017,-0.0935,-0.1178,-0.0155,-0.0025,0.9999
20.6550,121.40,0.4940,12.4780,-4.5308,0.1460,359.1102,0.0032,0.0017,-0.0929,-0.1164,-0.0155,-0.0025,0.9999
20.6750,121.40,0.4941,12.4761,-4.5331,0.1461,359.1106,0.0028,0.0017,-0.0924,-0.1149,-0.0155,-0.0026,0.9999
20.6950,121.40,0.4941,12.4743,-4.5354,0.1461,359.1110,0.0025,0.0017,-0.0918,-0.1134,-0.0155,-0.0026,0.9999
20.7150,121.40,0.4941,12.4725,-4.5377,0.1460,359.1114,0.0022,0.0016,-0.0913,-0.1120,-0.0155,-0.0025,0.9999
20.7350,121.40,0.4942,12.4707,-4.5399,0.1458,359.1118,0.0019,0.0016,-0.0907,-0.1105,-0.0155,-0.0025,0.9999
20.7550,121.40,0.4942,12.4689,-4.5420,0.1454,359.1123,0.0016,0.0016,-0.0902,-0.1090,-0.0155,-0.0025,0.9999
20.7750,121.40,0.4942,12.4671,-4.5442,0.1449,359.1129,0.0014,0.0016,-0.0897,-0.1075,-0.0155,-0.0025,0.9999
20.7950,121.40,0.4943,12.4653,-4.5463,0.1442,359.1135,0.0012,0.0016,-0.0891,-0.1060,-0.0155,-0.0025,0.9999
20.8150,121.40,0.4943,12.4635,-4.5484,0.1434,359.1143,0.0011,0.0016,-0.0886,-0.1044,-0.0155,-0.0025,0.9999
20.8350,121.40,0.4943,12.4618,-4.5505,0.1424,359.1151,0.0010,0.0016,-0.0880,-0.1029,-0.0154,-0.0025,0.9999
20.8550,121.40,0.4944,12.4600,-4.5525,0.1413,359.1161,0.0010,0.0016,-0.0875,-0.1014,-0.0154,-0.0025,0.9999
20.8750,121.40,0.4944,12.4583,-4.5545,0.1401,359.1172,0.0011,0.0016,-0.0870,-0.0999,-0.0154,-0.0024,0.9999
20.8950,121.40,0.4944,12.4565,-4.5565,0.1386,359.1183,0.0012,0.0016,-0.0865,-0.0983,-0.0154,-0.0024,0.9999
20.9150,121.40,0.4945,12.4548,-4.5584,0.1371,359.1196,0.0014,0.0016,-0.0859,-0.0968,-0.0154,-0.0024,0.9999
20.9350,121.40,0.4945,12.4531,-4.5603,0.1354,359.1210,0.0016,0.0015,-0.0854,-0.0953,-0.0153,-0.0024,0.9999
20.9550,121.40,0.4945,12.4514,-4.5622,0.1336,359.1224,0.0019,0.0015,-0.0849,-0.0937,-0.0153,-0.0023,0.9999
20.9750,121.40,0.4945,12.4497,-4.5640,0.1317,359.1239,0.0022,0.0015,-0.0844,-0.0922,-0.0153,-0.0023,0.9999
20.9950,121.40,0.4946,12.4480,-4.5658,0.1298,359.1255,0.0025,0.0015,-0.0838,-0.0906,-0.0153,-0.0023,0.9999
21.0150,121.40,0.4946,12.4464,-4.5676,0.1277,359.1270,0.0028,0.0015,-0.0833,-0.0890,-0.0152,-0.0022,0.9999
21.0350,121.40,0.4946,12.4447,-4.5694,0.1255,359.1285,0.0032,0.0015,-0.0828,-0.0875,-0.0152,-0.0022,0.9999
21.0550,121.40,0.4947,12.4431,-4.5711,0.1233,359.1300,0.0035,0.0015,-0.0823,-0.0859,-0.0152,-0.0022,0.9999
21.0750,121.40,0.4947,12.4414,-4.5728,0.1211,359.1314,0.0038,0.0014,-0.0818,-0.0844,-0.0152,-0.0021,0.9999
21.0950,121.40,0.4947,12.4398,-4.5744,0.1188,359.1328,0.0041,0.0014,-0.0813,-0.0828,-0.0151,-0.0021,0.9999
21.1150,127.06,0.4947,12.4382,-4.5760,0.1165,359.1339,0.0044,0.0014,-0.0808,-0.0812,-0.0151,-0.0020,0.9999
21.1350,127.06,0.4948,12.4366,-4.5776,0.1141,359.1350,0.0046,0.0013,-0.0803,-0.0796,-0.0151,-0.0020,0.9999
21.1550,127.06,0.4948,12.4350,-4.5792,0.1117,359.1359,0.0047,0.0013,-0.0798,-0.0780,-0.0151,-0.0019,0.9999
21.1750,127.06,0.4948,12.4334,-4.5807,0.1093,359.1366,0.0049,0.0013,-0.0793,-0.0765,-0.0151,-0.0019,0.9999
21.1950,127.06,0.4949,12.4318,-4.5822,0.1069,359.1371,0.0049,0.0012,-0.0788,-0.0749,-0.0151,-0.0019,0.9999
21.2150,127.06,0.4949,12.4303,-4.5837,0.1045,359.1374,0.0049,0.0012,-0.0783,-0.0733,-0.0151,-0.0018,0.9999
21.2350,127.06,0.4949,12.4287,-4.5851,0.1022,359.1376,0.0048,0.0012,-0.0778,-0.0717,-0.0151,-0.0018,0.9999
21.2550,127.06,0.4949,12.4272,-4.5865,0.0998,359.1376,0.0047,0.0011,-0.0774,-0.0701,-0.0151,-0.0017,0.9999
21.2750,127.06,0.4949,12.4256,-4.5879,0.0975,359.1375,0.0046,0.0011,-0.0769,-0.0685,-0.0151,-0.0017,0.9999
21.2950,127.06,0.4950,12.4241,-4.5892,0.0952,359.1373,0.0044,0.0011,-0.0764,-0.0668,-0.0151,-0.0017,0.9999
21.3150,127.06,0.4950,12.4226,-4.5905,0.0930,359.1370,0.0042,0.0010,-0.0759,-0.0652,-0.0151,-0.0016,0.9999
21.3350,127.06,0.4950,12.4211,-4.5918,0.0908,359.1366,0.0040,0.0010,-0.0754,-0.0636,-0.0151,-0.0016,0.9999
21.3550,127.06,0.4950,12.4196,-4.5930,0.0886,359.1362,0.0038,0.0010,-0.0750,-0.0620,-0.0151,-0.0015,0.9999
21.3750,127.06,0.4950,12.4181,-4.5942,0.0865,359.1358,0.0036,0.0010,-0.0745,-0.0603,-0.0151,-0.0015,0.9999
21.3950,127.06,0.4951,12.4166,-4.5954,0.0843,359.1355,0.0034,0.0010,-0.0741,-0.0587,-0.0151,-0.0015,0.9999
21.4150,127.06,0.4951,12.4151,-4.5966,0.0821,359.1352,0.0033,0.0010,-0.0736,-0.0570,-0.0151,-0.0014,0.9999
21.4350,127.06,0.4951,12.4137,-4.5977,0.0800,359.1349,0.0032,0.0009,-0.0731,-0.0553,-0.0151,-0.0014,0.9999
21.4550,127.06,0.4951,12.4122,-4.5987,0.0778,359.1348,0.0031,0.0009,-0.0727,-0.0537,-0.0151,-0.0014,0.9999
21.4750,127.06,0.4951,12.4108,-4.5998,0.0755,359.1347,0.0031,0.0009,-0.0722,-0.0520,-0.0151,-0.0013,0.9999
21.4950,127.06,0.4952,12.4093,-4.6008,0.0732,359.1347,0.0031,0.0009,-0.0718,-0.0503,-0.0151,-0.0013,0.9999
21.5150,127.06,0.4952,12.4079,-4.6018,0.0707,359.1348,0.0032,0.0009,-0.0713,-0.0486,-0.0151,-0.0012,0.9999
21.5350,127.06,0.4952,12.4065,-4.6027,0.0682,359.1349,0.0032,0.0009,-0.0709,-0.0469,-0.0151,-0.0012,0.9999
21.5550,127.06,0.4952,12.4051,-4.6036,0.0656,359.1350,0.0033,0.0009,-0.0705,-0.0452,-0.0151,-0.0011,0.9999
21.5750,127.06,0.4952,12.4037,-4.6045,0.0629,359.1352,0.0034,0.0009,-0.0700,-0.0435,-0.0151,-0.0011,0.9999
21.5950,127.06,0.4952,12.4023,-4.6053,0.0600,359.1352,0.0035,0.0008,-0.0696,-0.0418,-0.0151,-0.0010,0.9999
21.6150,127.06,0.4953,12.4009,-4.6061,0.0570,359.1352,0.0035,0.0008,-0.0692,-0.0401,-0.0151,-0.0010,0.9999
21.6350,127.06,0.4953,12.3995,-4.6069,0.0538,359.1351,0.0035,0.0008,-0.0687,-0.0384,-0.0151,-0.0009,0.9999
21.6550,127.06,0.4953,12.3982,-4.6076,0.0505,359.1349,0.0035,0.0008,-0.0683,-0.0367,-0.0151,-0.0009,0.9999
21.6750,127.06,0.4953,12.3968,-4.6083,0.0470,359.1345,0.0034,0.0007,-0.0679,-0.0350,-0.0151,-0.0008,0.9999
21.6950,127.06,0.4953,12.3955,-4.6090,0.0434,359.1339,0.0033,0.0007,-0.0675,-0.0333,-0.0151,-0.0008,0.9999
21.7150,127.06,0.4953,12.3941,-4.6096,0.0395,359.1331,0.0031,0.0007,-0.0671,-0.0317,-0.0151,-0.0007,0.9999
21.7350,127.06,0.4953,12.3928,-4.6102,0.0355,359.1322,0.0029,0.0007,-0.0666,-0.0300,-0.0151,-0.0006,0.9999
21.7550,127.06,0.4954,12.3915,-4.6108,0.0312,359.1310,0.0026,0.0006,-0.0662,-0.0283,-0.0152,-0.0005,0.9999
21.7750,127.06,0.4954,12.3901,-4.6113,0.0267,359.1296,0.0023,0.0006,-0.0658,-0.0267,-0.0152,-0.0005,0.9999
21.7950,127.06,0.4954,12.3888,-4.6118,0.0220,359.1280,0.0020,0.0006,-0.0654,-0.0251,-0.0152,-0.0004,0.9999
21.8150,127.06,0.4954,12.3875,-4.6123,0.0171,359.1263,0.0016,0.0006,-0.0650,-0.0235,-0.0152,-0.0003,0.9999
21.8350,127.06,0.4954,12.3862,-4.6127,0.0119,359.1244,0.0013,0.0006,-0.0646,-0.0219,-0.0153,-0.0002,0.9999
21.8550,127.06,0.4954,12.3850,-4.6131,0.0066,359.1223,0.0010,0.0006,-0.0642,-0.0203,-0.0153,-0.0001,0.9999
21.8750,127.06,0.4954,12.3837,-4.6135,0.0010,359.1201,0.0007,0.0006,-0.0638,-0.0187,-0.0154,0.0000,0.9999
21.8950,127.06,0.4954,12.3824,-4.6138,-0.0047,359.1179,0.0004,0.0006,-0.0634,-0.0172,-0.0154,0.0001,0.9999
21.9150,127.06,0.4955,12.3811,-4.6142,359.9894,359.1156,0.0002,0.0006,-0.0630,-0.0157,-0.0154,0.0002,0.9999
21.9350,127.06,0.4955,12.3799,-4.6144,359.9833,359.1133,0.0000,0.0006,-0.0626,-0.0142,-0.0155,0.0003,0.9999
21.9550,127.06,0.4955,12.3787,-4.6147,359.9771,359.1110,-0.0001,0.0006,-0.0622,-0.0128,-0.0155,0.0004,0.9999
21.9750,127.06,0.4955,12.3774,-4.6149,359.9708,359.1087,-0.0001,0.0006,-0.0618,-0.0113,-0.0156,0.0005,0.9999
21.9950,127.06,0.4955,12.3762,-4.6151,359.9644,359.1065,-0.0001,0.0006,-0.0614,-0.0099,-0.0156,0.0006,0.9999
22.0150,127.06,0.4955,12.3750,-4.6153,359.9580,359.1044,-0.0001,0.0006,-0.0611,-0.0086,-0.0156,0.0007,0.9999
22.0350,127.06,0.4955,12.3738,-4.6154,359.9514,359.1023,0.0000,0.0007,-0.0607,-0.0073,-0.0157,0.0008,0.9999
22.0550,127.06,0.4955,12.3725,-4.6156,359.9449,359.1003,0.0001,0.0007,-0.0603,-0.0060,-0.0157,0.0010,0.9999
22.0750,127.06,0.4956,12.3713,-4.6156,359.9383,359.0984,0.0003,0.0007,-0.0599,-0.0047,-0.0157,0.0011,0.9999
22.0950,127.06,0.4956,12.3702,-4.6157,359.9317,359.0965,0.0004,0.0007,-0.0595,-0.0034,-0.0158,0.0012,0.9999
22.1150,128.73,0.4956,12.3690,-4.6158,359.9252,359.0948,0.0006,0.0007,-0.0591,-0.0022,-0.0158,0.0013,0.9999
22.1350,128.73,0.4956,12.3678,-4.6158,359.9186,359.0930,0.0007,0.0006,-0.0587,-0.0011,-0.0158,0.0014,0.9999
22.1550,128.73,0.4956,12.3666,-4.6158,359.9121,359.0914,0.0007,0.0006,-0.0584,0.0001,-0.0159,0.0015,0.9999
22.1750,128.73,0.4956,12.3655,-4.6158,359.9056,359.0898,0.0008,0.0006,-0.0580,0.0012,-0.0159,0.0016,0.9999
22.1950,128.73,0.4956,12.3643,-4.6157,359.8993,359.0883,0.0008,0.0006,-0.0576,0.0023,-0.0159,0.0018,0.9999
22.2150,128.73,0.4956,12.3632,-4.6156,359.8930,359.0868,0.0007,0.0006,-0.0572,0.0034,-0.0159,0.0019,0.9999
22.2350,128.73,0.4957,12.3620,-4.6156,359.8868,359.0853,0.0005,0.0006,-0.0568,0.0044,-0.0160,0.0020,0.9999
22.2550,128.73,0.4957,12.3609,-4.6155,359.8807,359.0839,0.0003,0.0006,-0.0565,0.0054,-0.0160,0.0021,0.9999
22.2750,128.73,0.4957,12.3598,-4.6153,359.8748,359.0826,0.0000,0.0006,-0.0561,0.0063,-0.0160,0.0022,0.9999
22.2950,128.73,0.4957,12.3587,-4.6152,359.8690,359.0813,-0.0004,0.0006,-0.0557,0.0072,-0.0160,0.0023,0.9999
22.3150,128.73,0.4957,12.3576,-4.6150,359.8633,359.0800,-0.0008,0.0005,-0.0553,0.0081,-0.0161,0.0024,0.9999
22.3350,128.73,0.4957,12.3565,-4.6148,359.8578,359.0788,-0.0013,0.0005,-0.0550,0.0090,-0.0161,0.0025,0.9999
22.3550,128.73,0.4957,12.3554,-4.6146,359.8524,359.0776,-0.0018,0.0005,-0.0546,0.0098,-0.0161,0.0026,0.9999
22.3750,128.73,0.4957,12.3543,-4.6144,359.8471,359.0764,-0.0024,0.0005,-0.0542,0.0106,-0.0161,0.0027,0.9999
22.3950,128.73,0.4957,12.3532,-4.6142,359.8420,359.0753,-0.0030,0.0005,-0.0538,0.0114,-0.0161,0.0028,0.9999
22.4150,128.73,0.4958,12.3521,-4.6140,359.8369,359.0743,-0.0036,0.0006,-0.0535,0.0121,-0.0162,0.0028,0.9999
22.4350,128.73,0.4958,12.3511,-4.6137,359.8320,359.0733,-0.0042,0.0006,-0.0531,0.0128,-0.0162,0.0029,0.9999
22.4550,128.73,0.4958,12.3500,-4.6134,359.8272,359.0724,-0.0049,0.0006,-0.0527,0.0134,-0.0162,0.0030,0.9999
22.4750,128.73,0.4958,12.3490,-4.6132,359.8225,359.0715,-0.0055,0.0006,-0.0524,0.0140,-0.0162,0.0031,0.9999
22.4950,128.73,0.4958,12.3479,-4.6129,359.8178,359.0706,359.9939,0.0006,-0.0520,0.0146,-0.0162,0.0032,0.9999
22.5150,128.73,0.4958,12.3469,-4.6126,359.8132,359.0699,359.9933,0.0007,-0.0516,0.0151,-0.0162,0.0033,0.9999
22.5350,128.73,0.4958,12.3459,-4.6122,359.8086,359.0692,359.9928,0.0007,-0.0513,0.0156,-0.0162,0.0033,0.9999
22.5550,128.73,0.4958,12.3449,-4.6119,359.8040,359.0685,359.9923,0.0007,-0.0509,0.0161,-0.0163,0.0034,0.9999
22.5750,128.73,0.4959,12.3439,-4.6116,359.7995,359.0679,359.9918,0.0008,-0.0505,0.0165,-0.0163,0.0035,0.9999
22.5950,128.73,0.4959,12.3428,-4.6113,359.7950,359.0673,359.9914,0.0008,-0.0502,0.0169,-0.0163,0.0036,0.9999
22.6150,128.73,0.4959,12.3419,-4.6109,359.7905,359.0668,359.9910,0.0009,-0.0498,0.0172,-0.0163,0.0037,0.9999
22.6350,128.73,0.4959,12.3409,-4.6106,359.7860,359.0664,359.9906,0.0009,-0.0494,0.0175,-0.0163,0.0037,0.9999
22.6550,128.73,0.4959,12.3399,-4.6102,359.7816,359.0660,359.9903,0.0009,-0.0491,0.0177,-0.0163,0.0038,0.9999
22.6750,128.73,0.4960,12.3389,-4.6099,359.7771,359.0656,359.9899,0.0010,-0.0487,0.0179,-0.0163,0.0039,0.9999
22.6950,128.73,0.4960,12.3379,-4.6095,359.7727,359.0654,359.9897,0.0010,-0.0483,0.0181,-0.0163,0.0040,0.9999
22.7150,128.73,0.4960,12.3370,-4.6091,359.7682,359.0651,359.9894,0.0011,-0.0480,0.0182,-0.0163,0.0040,0.9999
22.7350,128.73,0.4960,12.3360,-4.6088,359.7638,359.0649,359.9892,0.0011,-0.0476,0.0182,-0.0163,0.0041,0.9999
22.7550,128.73,0.4960,12.3351,-4.6084,359.7594,359.0648,359.9890,0.0012,-0.0472,0.0183,-0.0163,0.0042,0.9999
22.7750,128.73,0.4961,12.3341,-4.6080,359.7550,359.0647,359.9888,0.0012,-0.0469,0.0182,-0.0163,0.0043,0.9999
22.7950,128.73,0.4961,12.3332,-4.6077,359.7506,359.0646,359.9886,0.0013,-0.0465,0.0182,-0.0163,0.0044,0.9999
22.8150,128.73,0.4961,12.3323,-4.6073,359.7463,359.0646,359.9885,0.0013,-0.0461,0.0181,-0.0163,0.0044,0.9999
22.8350,128.73,0.4961,12.3314,-4.6070,359.7421,359.0646,359.9884,0.0014,-0.0458,0.0179,-0.0163,0.0045,0.9999
22.8550,128.73,0.4962,12.3305,-4.6066,359.7378,359.0646,359.9883,0.0014,-0.0454,0.0177,-0.0163,0.0046,0.9999
22.8750,128.73,0.4962,12.3296,-4.6062,359.7337,359.0647,359.9883,0.0015,-0.0450,0.0175,-0.0163,0.0046,0.9999
22.8950,128.73,0.4962,12.3287,-4.6059,359.7296,359.0648,359.9883,0.0015,-0.0447,0.0172,-0.0163,0.0047,0.9999
22.9150,128.73,0.4963,12.3278,-4.6056,359.7256,359.0649,359.9883,0.0016,-0.0443,0.0169,-0.0163,0.0048,0.9999
22.9350,128.73,0.4963,12.3269,-4.6052,359.7218,359.0651,359.9883,0.0016,-0.0439,0.0165,-0.0163,0.0049,0.9999
22.9550,128.73,0.4963,12.3260,-4.6049,359.7180,359.0653,359.9883,0.0017,-0.0436,0.0161,-0.0163,0.0049,0.9999
22.9750,128.73,0.4964,12.3252,-4.6046,359.7144,359.0655,359.9884,0.0017,-0.0432,0.0157,-0.0163,0.0050,0.9999
22.9950,128.73,0.4964,12.3243,-4.6043,359.7109,359.0658,359.9884,0.0018,-0.0428,0.0152,-0.0163,0.0050,0.9999
23.0150,128.73,0.4964,12.3235,-4.6040,359.7075,359.0660,359.9885,0.0018,-0.0425,0.0148,-0.0163,0.0051,0.9999
23.0350,128.73,0.4965,12.3226,-4.6037,359.7043,359.0663,359.9886,0.0019,-0.0421,0.0142,-0.0163,0.0052,0.9999
23.0550,128.73,0.4965,12.3218,-4.6034,359.7012,359.0666,359.9888,0.0019,-0.0417,0.0137,-0.0163,0.0052,0.9999
23.0750,128.73,0.4966,12.3210,-4.6032,359.6982,359.0669,359.9889,0.0020,-0.0414,0.0131,-0.0163,0.0053,0.9999
23.0950,128.73,0.4966,12.3201,-4.6029,359.6955,359.0672,359.9890,0.0020,-0.0410,0.0125,-0.0163,0.0053,0.9999
23.1150,127.99,0.4966,12.3193,-4.6027,359.6928,359.0675,359.9892,0.0020,-0.0406,0.0119,-0.0163,0.0054,0.9999
23.1350,127.99,0.4967,12.3185,-4.6025,359.6903,359.0679,359.9894,0.0021,-0.0403,0.0113,-0.0163,0.0054,0.9999
23.1550,127.99,0.4967,12.3177,-4.6022,359.6880,359.0682,359.9896,0.0021,-0.0399,0.0106,-0.0163,0.0054,0.9999
23.1750,127.99,0.4968,12.3169,-4.6021,359.6858,359.0686,359.9898,0.0022,-0.0395,0.0100,-0.0163,0.0055,0.9999
23.1950,127.99,0.4968,12.3162,-4.6019,359.6838,359.0689,359.9900,0.0022,-0.0392,0.0093,-0.0162,0.0055,0.9999
23.2150,127.99,0.4968,12.3154,-4.6017,359.6819,359.0692,359.9902,0.0023,-0.0388,0.0086,-0.0162,0.0056,0.9999
23.2350,127.99,0.4969,12.3146,-4.6015,359.6802,359.0695,359.9904,0.0023,-0.0384,0.0078,-0.0162,0.0056,0.9999
23.2550,127.99,0.4969,12.3138,-4.6014,359.6786,359.0698,359.9906,0.0023,-0.0381,0.0071,-0.0162,0.0056,0.9999
23.2750,127.99,0.4970,12.3131,-4.6013,359.6773,359.0700,359.9908,0.0024,-0.0377,0.0064,-0.0162,0.0056,0.9999
23.2950,127.99,0.4970,12.3123,-4.6012,359.6761,359.0701,359.9910,0.0024,-0.0373,0.0056,-0.0162,0.0057,0.9999
23.3150,127.99,0.4971,12.3116,-4.6011,359.6750,359.0702,359.9911,0.0024,-0.0370,0.0049,-0.0162,0.0057,0.9999
23.3350,127.99,0.4971,12.3109,-4.6010,359.6742,359.0701,359.9912,0.0025,-0.0366,0.0041,-0.0162,0.0057,0.9999
23.3550,127.99,0.4972,12.3102,-4.6009,359.6735,359.0700,359.9913,0.0025,-0.0363,0.0034,-0.0162,0.0057,0.9999
23.3750,127.99,0.4972,12.3094,-4.6009,359.6730,359.0698,359.9914,0.0025,-0.0359,0.0026,-0.0162,0.0057,0.9999
23.3950,127.99,0.4973,12.3087,-4.6008,359.6727,359.0695,359.9914,0.0026,-0.0355,0.0018,-0.0162,0.0057,0.9999
23.4150,127.99,0.4973,12.3080,-4.6008,359.6725,359.0692,359.9914,0.0026,-0.0352,0.0011,-0.0162,0.0057,0.9999
23.4350,127.99,0.4974,12.3073,-4.6008,359.6725,359.0688,359.9914,0.0026,-0.0348,0.0003,-0.0163,0.0057,0.9999
23.4550,127.99,0.4974,12.3066,-4.6008,359.6727,359.0683,359.9914,0.0027,-0.0345,-0.0004,-0.0163,0.0057,0.9999
23.4750,127.99,0.4975,12.3059,-4.6008,359.6730,359.0678,359.9914,0.0027,-0.0341,-0.0012,-0.0163,0.0057,0.9999
23.4950,127.99,0.4976,12.3053,-4.6009,359.6734,359.0672,359.9913,0.0027,-0.0338,-0.0019,-0.0163,0.0057,0.9999
23.5150,127.99,0.4976,12.3046,-4.6009,359.6740,359.0667,359.9913,0.0028,-0.0334,-0.0026,-0.0163,0.0057,0.9999
23.5350,127.99,0.4977,12.3039,-4.6010,359.6747,359.0661,359.9913,0.0028,-0.0331,-0.0033,-0.0163,0.0057,0.9999
23.5550,127.99,0.4977,12.3033,-4.6011,359.6754,359.0656,359.9912,0.0028,-0.0328,-0.0040,-0.0163,0.0057,0.9999
23.5750,127.99,0.4978,12.3026,-4.6012,359.6763,359.0651,359.9913,0.0029,-0.0324,-0.0047,-0.0163,0.0056,0.9999
23.5950,127.99,0.4978,12.3020,-4.6013,359.6773,359.0647,359.9913,0.0029,-0.0321,-0.0054,-0.0163,0.0056,0.9999
23.6150,127.99,0.4979,12.3014,-4.6014,359.6784,359.0644,359.9914,0.0029,-0.0317,-0.0061,-0.0163,0.0056,0.9999
23.6350,127.99,0.4980,12.3007,-4.6015,359.6795,359.0641,359.9915,0.0030,-0.0314,-0.0067,-0.0163,0.0056,0.9999
23.6550,127.99,0.4980,12.3001,-4.6017,359.6807,359.0640,359.9916,0.0030,-0.0311,-0.0073,-0.0163,0.0056,0.9999
23.6750,127.99,0.4981,12.2995,-4.6018,359.6820,359.0639,359.9918,0.0031,-0.0307,-0.0079,-0.0163,0.0056,0.9999
23.6950,127.99,0.4981,12.2989,-4.6020,359.6833,359.0641,359.9920,0.0031,-0.0304,-0.0085,-0.0163,0.0055,0.9999
23.7150,127.99,0.4982,12.2983,-4.6022,359.6846,359.0644,359.9923,0.0031,-0.0301,-0.0091,-0.0163,0.0055,0.9999
23.7350,127.99,0.4983,12.2977,-4.6024,359.6859,359.0649,359.9926,0.0032,-0.0298,-0.0096,-0.0163,0.0055,0.9999
23.7550,127.99,0.4983,12.2971,-4.6026,359.6873,359.0656,359.9930,0.0032,-0.0295,-0.0101,-0.0163,0.0055,0.9999
23.7750,127.99,0.4984,12.2965,-4.6028,359.6887,359.0665,359.9934,0.0032,-0.0291,-0.0106,-0.0163,0.0054,0.9999
23.7950,127.99,0.4985,12.2959,-4.6030,359.6901,359.0677,359.9939,0.0033,-0.0288,-0.0111,-0.0163,0.0054,0.9999
23.8150,127.99,0.4985,12.2954,-4.6032,359.6916,359.0691,-0.0057,0.0033,-0.0285,-0.0116,-0.0162,0.0054,0.9999
23.8350,127.99,0.4986,12.2948,-4.6035,359.6930,359.0707,-0.0052,0.0033,-0.0282,-0.0120,-0.0162,0.0054,0.9999
23.8550,127.99,0.4987,12.2942,-4.6037,359.6944,359.0725,-0.0047,0.0033,-0.0279,-0.0124,-0.0162,0.0053,0.9999
23.8750,127.99,0.4987,12.2937,-4.6040,359.6958,359.0746,-0.0042,0.0033,-0.0276,-0.0128,-0.0162,0.0053,0.9999
23.8950,127.99,0.4988,12.2932,-4.6042,359.6973,359.0768,-0.0038,0.0034,-0.0273,-0.0131,-0.0161,0.0053,0.9999
23.9150,127.99,0.4989,12.2926,-4.6045,359.6988,359.0792,-0.0033,0.0034,-0.0270,-0.0134,-0.0161,0.0053,0.9999
23.9350,127.99,0.4989,12.2921,-4.6048,359.7002,359.0818,-0.0029,0.0034,-0.0267,-0.0137,-0.0160,0.0052,0.9999
23.9550,127.99,0.4990,12.2915,-4.6051,359.7017,359.0844,-0.0025,0.0034,-0.0264,-0.0140,-0.0160,0.0052,0.9999
23.9750,127.99,0.4991,12.2910,-4.6053,359.7032,359.0871,-0.0021,0.0034,-0.0261,-0.0142,-0.0159,0.0052,0.9999
23.9950,127.99,0.4991,12.2905,-4.6056,359.7048,359.0898,-0.0018,0.0034,-0.0259,-0.0144,-0.0159,0.0052,0.9999
24.0150,127.99,0.4992,12.2900,-4.6059,359.7063,359.0925,-0.0015,0.0034,-0.0256,-0.0146,-0.0158,0.0051,0.9999
24.0350,127.99,0.4993,12.2895,-4.6062,359.7079,359.0952,-0.0013,0.0034,-0.0253,-0.0148,-0.0158,0.0051,0.9999
24.0550,127.99,0.4993,12.2890,-4.6065,359.7095,359.0978,-0.0010,0.0034,-0.0250,-0.0149,-0.0157,0.0051,0.9999
24.0750,127.99,0.4994,12.2885,-4.6068,359.7111,359.1003,-0.0008,0.0034,-0.0248,-0.0150,-0.0157,0.0050,0.9999
24.0950,127.99,0.4995,12.2880,-4.6071,359.7127,359.1027,-0.0006,0.0034,-0.0245,-0.0150,-0.0157,0.0050,0.9999
24.1150,128.74,0.4995,12.2875,-4.6074,359.7143,359.1049,-0.0003,0.0034,-0.0242,-0.0151,-0.0156,0.0050,0.9999
24.1350,128.74,0.4996,12.2870,-4.6077,359.7160,359.1071,-0.0001,0.0034,-0.0240,-0.0150,-0.0156,0.0050,0.9999
24.1550,128.74,0.4997,12.2866,-4.6080,359.7176,359.1090,0.0002,0.0034,-0.0237,-0.0150,-0.0156,0.0049,0.9999
24.1750,128.74,0.4997,12.2861,-4.6083,359.7192,359.1107,0.0004,0.0034,-0.0235,-0.0149,-0.0155,0.0049,0.9999
24.1950,128.74,0.4998,12.2856,-4.6086,359.7209,359.1121,0.0007,0.0034,-0.0232,-0.0148,-0.0155,0.0049,0.9999
24.2150,128.74,0.4999,12.2852,-4.6089,359.7225,359.1133,0.0010,0.0034,-0.0230,-0.0147,-0.0155,0.0048,0.9999
24.2350,128.74,0.4999,12.2847,-4.6092,359.7242,359.1141,0.0014,0.0034,-0.0227,-0.0145,-0.0155,0.0048,0.9999
24.2550,128.74,0.5000,12.2843,-4.6095,359.7258,359.1147,0.0017,0.0034,-0.0225,-0.0143,-0.0155,0.0048,0.9999
24.2750,128.74,0.5001,12.2838,-4.6098,359.7274,359.1148,0.0021,0.0034,-0.0223,-0.0140,-0.0154,0.0048,0.9999
24.2950,128.74,0.5001,12.2834,-4.6100,359.7291,359.1146,0.0024,0.0034,-0.0220,-0.0137,-0.0155,0.0047,0.9999
24.3150,128.74,0.5002,12.2829,-4.6103,359.7308,359.1140,0.0028,0.0034,-0.0218,-0.0134,-0.0155,0.0047,0.9999
24.3350,128.74,0.5003,12.2825,-4.6106,359.7325,359.1129,0.0031,0.0034,-0.0216,-0.0131,-0.0155,0.0047,0.9999
24.3550,128.74,0.5003,12.2821,-4.6108,359.7342,359.1116,0.0034,0.0034,-0.0214,-0.0127,-0.0155,0.0046,0.9999
24.3750,128.74,0.5004,12.2817,-4.6111,359.7360,359.1099,0.0037,0.0034,-0.0212,-0.0123,-0.0155,0.0046,0.9999
24.3950,128.74,0.5005,12.2812,-4.6113,359.7377,359.1078,0.0039,0.0033,-0.0209,-0.0118,-0.0156,0.0046,0.9999
24.4150,128.74,0.5005,12.2808,-4.6115,359.7394,359.1055,0.0041,0.0033,-0.0207,-0.0113,-0.0156,0.0045,0.9999
24.4350,128.74,0.5006,12.2804,-4.6118,359.7411,359.1029,0.0043,0.0033,-0.0205,-0.0108,-0.0157,0.0045,0.9999
24.4550,128.74,0.5007,12.2800,-4.6120,359.7428,359.1002,0.0044,0.0033,-0.0203,-0.0103,-0.0157,0.0045,0.9999
24.4750,128.74,0.5007,12.2796,-4.6122,359.7444,359.0973,0.0045,0.0033,-0.0201,-0.0097,-0.0158,0.0045,0.9999
24.4950,128.74,0.5008,12.2792,-4.6123,359.7460,359.0943,0.0045,0.0032,-0.0199,-0.0090,-0.0158,0.0044,0.9999
24.5150,128.74,0.5009,12.2788,-4.6125,359.7475,359.0913,0.0046,0.0032,-0.0198,-0.0084,-0.0159,0.0044,0.9999
24.5350,128.74,0.5009,12.2784,-4.6127,359.7489,359.0883,0.0046,0.0032,-0.0196,-0.0077,-0.0159,0.0044,0.9999
24.5550,128.74,0.5010,12.2780,-4.6128,359.7502,359.0854,0.0045,0.0032,-0.0194,-0.0069,-0.0160,0.0044,0.9999
24.5750,128.74,0.5011,12.2777,-4.6129,359.7513,359.0825,0.0045,0.0032,-0.0192,-0.0061,-0.0160,0.0043,0.9999
24.5950,128.74,0.5011,12.2773,-4.6130,359.7523,359.0798,0.0046,0.0032,-0.0191,-0.0053,-0.0161,0.0043,0.9999
24.6150,128.74,0.5012,12.2769,-4.6131,359.7532,359.0773,0.0046,0.0031,-0.0189,-0.0045,-0.0161,0.0043,0.9999
24.6350,128.74,0.5013,12.2765,-4.6132,359.7539,359.0750,0.0048,0.0031,-0.0187,-0.0036,-0.0161,0.0043,0.9999
24.6550,128.74,0.5013,12.2761,-4.6132,359.7545,359.0730,0.0049,0.0031,-0.0186,-0.0028,-0.0162,0.0043,0.9999
24.6750,128.74,0.5014,12.2758,-4.6133,359.7548,359.0712,0.0052,0.0031,-0.0184,-0.0018,-0.0162,0.0043,0.9999
24.6950,128.74,0.5014,12.2754,-4.6133,359.7549,359.0698,0.0055,0.0031,-0.0183,-0.0009,-0.0162,0.0043,0.9999
24.7150,128.74,0.5015,12.2751,-4.6133,359.7548,359.0688,0.0059,0.0031,-0.0181,0.0001,-0.0163,0.0043,0.9999
24.7350,128.74,0.5016,12.2747,-4.6133,359.7544,359.0682,0.0065,0.0031,-0.0180,0.0010,-0.0163,0.0043,0.9999
24.7550,128.74,0.5016,12.2743,-4.6132,359.7538,359.0680,0.0071,0.0031,-0.0178,0.0020,-0.0163,0.0043,0.9999
24.7750,128.74,0.5017,12.2740,-4.6132,359.7531,359.0683,0.0078,0.0031,-0.0177,0.0031,-0.0163,0.0043,0.9999
24.7950,128.74,0.5018,12.2736,-4.6131,359.7520,359.0691,0.0087,0.0031,-0.0175,0.0041,-0.0162,0.0043,0.9999
24.8150,128.74,0.5018,12.2733,-4.6130,359.7507,359.0703,0.0096,0.0031,-0.0174,0.0051,-0.0162,0.0044,0.9999
24.8350,128.74,0.5019,12.2729,-4.6129,359.7493,359.0721,0.0106,0.0031,-0.0173,0.0062,-0.0162,0.0044,0.9999
24.8550,128.74,0.5019,12.2726,-4.6127,359.7476,359.0742,0.0117,0.0030,-0.0171,0.0072,-0.0162,0.0044,0.9999
24.8750,128.74,0.5020,12.2723,-4.6126,359.7457,359.0768,0.0128,0.0030,-0.0170,0.0083,-0.0161,0.0044,0.9999
24.8950,128.74,0.5021,12.2719,-4.6124,359.7436,359.0798,0.0140,0.0030,-0.0169,0.0093,-0.0161,0.0045,0.9999
24.9150,128.74,0.5021,12.2716,-4.6122,359.7413,359.0831,0.0152,0.0029,-0.0168,0.0104,-0.0160,0.0045,0.9999
24.9350,128.74,0.5022,12.2713,-4.6119,359.7389,359.0866,0.0164,0.0029,-0.0166,0.0114,-0.0159,0.0046,0.9999
24.9550,128.74,0.5022,12.2709,-4.6117,359.7363,359.0904,0.0175,0.0028,-0.0165,0.0124,-0.0159,0.0046,0.9999
24.9750,128.74,0.5023,12.2706,-4.6114,359.7336,359.0942,0.0187,0.0028,-0.0164,0.0135,-0.0158,0.0046,0.9999
24.9950,128.74,0.5023,12.2703,-4.6111,359.7309,359.0982,0.0198,0.0027,-0.0163,0.0145,-0.0157,0.0047,0.9999
25.0150,128.74,0.5024,12.2699,-4.6108,359.7280,359.1021,0.0209,0.0026,-0.0162,0.0155,-0.0157,0.0047,0.9999
25.0350,128.74,0.5024,12.2696,-4.6105,359.7250,359.1060,0.0219,0.0026,-0.0161,0.0165,-0.0156,0.0048,0.9999
25.0550,128.74,0.5025,12.2693,-4.6101,359.7219,359.1098,0.0229,0.0025,-0.0159,0.0175,-0.0155,0.0049,0.9999
25.0750,128.74,0.5025,12.2690,-4.6098,359.7187,359.1134,0.0238,0.0024,-0.0158,0.0185,-0.0155,0.0049,0.9999
25.0950,128.74,0.5026,12.2687,-4.6094,359.7155,359.1169,0.0246,0.0023,-0.0157,0.0195,-0.0154,0.0050,0.9999
25.1150,124.94,0.5026,12.2684,-4.6090,359.7122,359.1201,0.0254,0.0022,-0.0156,0.0205,-0.0154,0.0050,0.9999
25.1350,124.94,0.5027,12.2680,-4.6085,359.7088,359.1230,0.0261,0.0021,-0.0155,0.0214,-0.0153,0.0051,0.9999
25.1550,124.94,0.5027,12.2677,-4.6081,359.7053,359.1257,0.0268,0.0021,-0.0154,0.0223,-0.0153,0.0051,0.9999
25.1750,124.94,0.5028,12.2674,-4.6076,359.7018,359.1281,0.0274,0.0020,-0.0153,0.0233,-0.0152,0.0052,0.9999
25.1950,124.94,0.5028,12.2671,-4.6071,359.6982,359.1302,0.0279,0.0019,-0.0152,0.0242,-0.0152,0.0053,0.9999
25.2150,124.94,0.5028,12.2668,-4.6066,359.6946,359.1321,0.0284,0.0018,-0.0151,0.0250,-0.0151,0.0053,0.9999
25.2350,124.94,0.5029,12.2665,-4.6061,359.6909,359.1336,0.0289,0.0017,-0.0150,0.0259,-0.0151,0.0054,0.9999
25.2550,124.94,0.5029,12.2662,-4.6056,359.6871,359.1349,0.0292,0.0016,-0.0149,0.0267,-0.0151,0.0055,0.9999
25.2750,124.94,0.5029,12.2659,-4.6050,359.6833,359.1360,0.0296,0.0015,-0.0148,0.0276,-0.0151,0.0055,0.9999
25.2950,124.94,0.5029,12.2656,-4.6045,359.6794,359.1370,0.0299,0.0014,-0.0147,0.0284,-0.0151,0.0056,0.9999
25.3150,124.94,0.5030,12.2654,-4.6039,359.6755,359.1378,0.0301,0.0013,-0.0146,0.0291,-0.0150,0.0057,0.9999
25.3350,124.94,0.5030,12.2651,-4.6033,359.6715,359.1384,0.0304,0.0012,-0.0145,0.0299,-0.0150,0.0057,0.9999
25.3550,124.94,0.5030,12.2648,-4.6027,359.6675,359.1390,0.0306,0.0011,-0.0144,0.0306,-0.0150,0.0058,0.9999
25.3750,124.94,0.5030,12.2645,-4.6020,359.6635,359.1396,0.0307,0.0010,-0.0143,0.0313,-0.0150,0.0059,0.9999
25.3950,124.94,0.5031,12.2642,-4.6014,359.6594,359.1402,0.0309,0.0010,-0.0142,0.0320,-0.0150,0.0059,0.9999
25.4150,124.94,0.5031,12.2639,-4.6008,359.6552,359.1407,0.0310,0.0009,-0.0141,0.0327,-0.0150,0.0060,0.9999
25.4350,124.94,0.5031,12.2636,-4.6001,359.6510,359.1414,0.0311,0.0008,-0.0140,0.0333,-0.0150,0.0061,0.9999
25.4550,124.94,0.5031,12.2634,-4.5994,359.6468,359.1421,0.0311,0.0007,-0.0139,0.0340,-0.0150,0.0062,0.9999
25.4750,124.94,0.5031,12.2631,-4.5987,359.6426,359.1429,0.0312,0.0006,-0.0138,0.0346,-0.0150,0.0062,0.9999
25.4950,124.94,0.5031,12.2628,-4.5980,359.6383,359.1436,0.0312,0.0005,-0.0137,0.0351,-0.0149,0.0063,0.9999
25.5150,124.94,0.5031,12.2625,-4.5973,359.6340,359.1445,0.0312,0.0004,-0.0136,0.0357,-0.0149,0.0064,0.9999
25.5350,124.94,0.5031,12.2623,-4.5966,359.6297,359.1453,0.0311,0.0003,-0.0136,0.0362,-0.0149,0.0065,0.9999
25.5550,124.94,0.5032,12.2620,-4.5958,359.6254,359.1461,0.0311,0.0002,-0.0135,0.0367,-0.0149,0.0065,0.9999
25.5750,124.94,0.5032,12.2617,-4.5951,359.6210,359.1469,0.0310,0.0002,-0.0134,0.0372,-0.0149,0.0066,0.9999
25.5950,124.94,0.5032,12.2615,-4.5943,359.6167,359.1476,0.0309,0.0001,-0.0133,0.0377,-0.0149,0.0067,0.9999
25.6150,124.94,0.5032,12.2612,-4.5936,359.6123,359.1481,0.0308,0.0000,-0.0132,0.0381,-0.0149,0.0068,0.9999
25.6350,124.94,0.5032,12.2609,-4.5928,359.6079,359.1485,0.0306,-0.0001,-0.0131,0.0385,-0.0149,0.0068,0.9999
25.6550,124.94,0.5031,12.2607,-4.5920,359.6036,359.1486,0.0304,-0.0002,-0.0130,0.0389,-0.0149,0.0069,0.9999
25.6750,124.94,0.5031,12.2604,-4.5912,359.5993,359.1486,0.0302,-0.0003,-0.0129,0.0393,-0.0149,0.0070,0.9999
25.6950,124.94,0.5031,12.2602,-4.5905,359.5950,359.1483,0.0300,-0.0003,-0.0128,0.0397,-0.0149,0.0071,0.9999
25.7150,124.94,0.5031,12.2599,-4.5896,359.5907,359.1477,0.0298,-0.0004,-0.0127,0.0400,-0.0149,0.0071,0.9999
25.7350,124.94,0.5031,12.2597,-4.5888,359.5865,359.1468,0.0296,-0.0005,-0.0126,0.0404,-0.0149,0.0072,0.9999
25.7550,124.94,0.5031,12.2594,-4.5880,359.5823,359.1457,0.0294,-0.0005,-0.0125,0.0407,-0.0149,0.0073,0.9999
25.7750,124.94,0.5031,12.2592,-4.5872,359.5782,359.1443,0.0293,-0.0006,-0.0125,0.0410,-0.0149,0.0074,0.9999
25.7950,124.94,0.5031,12.2589,-4.5864,359.5741,359.1426,0.0292,-0.0007,-0.0124,0.0413,-0.0150,0.0074,0.9999
25.8150,124.94,0.5031,12.2587,-4.5856,359.5702,359.1407,0.0291,-0.0007,-0.0123,0.0415,-0.0150,0.0075,0.9999
25.8350,124.94,0.5031,12.2584,-4.5847,359.5663,359.1385,0.0291,-0.0008,-0.0122,0.0418,-0.0150,0.0076,0.9999
25.8550,124.94,0.5030,12.2582,-4.5839,359.5625,359.1362,0.0292,-0.0008,-0.0121,0.0420,-0.0151,0.0076,0.9999
25.8750,124.94,0.5030,12.2579,-4.5830,359.5588,359.1337,0.0293,-0.0009,-0.0120,0.0423,-0.0151,0.0077,0.9999
25.8950,124.94,0.5030,12.2577,-4.5822,359.5552,359.1310,0.0295,-0.0009,-0.0119,0.0425,-0.0152,0.0078,0.9999
25.9150,124.94,0.5030,12.2575,-4.5813,359.5517,359.1283,0.0298,-0.0010,-0.0118,0.0428,-0.0152,0.0078,0.9999
25.9350,124.94,0.5030,12.2572,-4.5805,359.5483,359.1255,0.0301,-0.0010,-0.0118,0.0430,-0.0153,0.0079,0.9999
25.9550,124.94,0.5029,12.2570,-4.5796,359.5449,359.1227,0.0305,-0.0011,-0.0117,0.0433,-0.0153,0.0079,0.9999
25.9750,124.94,0.5029,12.2568,-4.5787,359.5416,359.1199,0.0309,-0.0011,-0.0116,0.0435,-0.0154,0.0080,0.9999
25.9950,124.94,0.5029,12.2565,-4.5779,359.5383,359.1171,0.0314,-0.0012,-0.0115,0.0438,-0.0154,0.0081,0.9998
26.0150,124.94,0.5029,12.2563,-4.5770,359.5351,359.1144,0.0319,-0.0013,-0.0114,0.0440,-0.0155,0.0081,0.9998
26.0350,124.94,0.5028,12.2561,-4.5761,359.5318,359.1118,0.0324,-0.0014,-0.0114,0.0443,-0.0155,0.0082,0.9998
26.0550,124.94,0.5028,12.2559,-4.5752,359.5286,359.1093,0.0329,-0.0014,-0.0113,0.0445,-0.0155,0.0082,0.9998
26.0750,124.94,0.5028,12.2556,-4.5743,359.5253,359.1068,0.0334,-0.0015,-0.0112,0.0448,-0.0156,0.0083,0.9998
26.0950,124.94,0.5028,12.2554,-4.5734,359.5220,359.1044,0.0338,-0.0016,-0.0111,0.0450,-0.0156,0.0083,0.9998
26.1150,101.18,0.5027,12.2552,-4.5725,359.5187,359.1021,0.0342,-0.0017,-0.0111,0.0453,-0.0157,0.0084,0.9998
26.1350,101.18,0.5027,12.2550,-4.5716,359.5153,359.0999,0.0345,-0.0018,-0.0110,0.0456,-0.0157,0.0085,0.9998
26.1550,101.18,0.5026,12.2547,-4.5707,359.5118,359.0978,0.0348,-0.0019,-0.0109,0.0459,-0.0157,0.0085,0.9998
26.1750,101.18,0.5026,12.2545,-4.5697,359.5082,359.0957,0.0350,-0.0020,-0.0108,0.0462,-0.0158,0.0086,0.9998
26.1950,101.18,0.5026,12.2543,-4.5688,359.5046,359.0937,0.0351,-0.0021,-0.0108,0.0465,-0.0158,0.0086,0.9998
26.2150,101.18,0.5025,12.2541,-4.5679,359.5008,359.0918,0.0351,-0.0021,-0.0107,0.0468,-0.0158,0.0087,0.9998
26.2350,101.18,0.5025,12.2539,-4.5669,359.4968,359.0900,0.0351,-0.0022,-0.0106,0.0471,-0.0159,0.0088,0.9998
26.2550,101.18,0.5024,12.2537,-4.5660,359.4927,359.0883,0.0350,-0.0023,-0.0106,0.0474,-0.0159,0.0089,0.9998
26.2750,101.18,0.5024,12.2535,-4.5650,359.4885,359.0866,0.0348,-0.0024,-0.0105,0.0477,-0.0159,0.0089,0.9998
26.2950,101.18,0.5023,12.2533,-4.5641,359.4840,359.0851,0.0346,-0.0025,-0.0105,0.0480,-0.0160,0.0090,0.9998
26.3150,101.18,0.5023,12.2530,-4.5631,359.4794,359.0836,0.0343,-0.0026,-0.0104,0.0483,-0.0160,0.0091,0.9998
26.3350,101.18,0.5022,12.2528,-4.5621,359.4746,359.0822,0.0341,-0.0027,-0.0103,0.0487,-0.0160,0.0092,0.9998
26.3550,101.18,0.5022,12.2526,-4.5612,359.4697,359.0808,0.0338,-0.0027,-0.0103,0.0490,-0.0160,0.0093,0.9998
26.3750,101.18,0.5021,12.2524,-4.5602,359.4646,359.0796,0.0335,-0.0028,-0.0102,0.0493,-0.0161,0.0093,0.9998
26.3950,101.18,0.5021,12.2522,-4.5592,359.4593,359.0784,0.0333,-0.0029,-0.0102,0.0496,-0.0161,0.0094,0.9998
26.4150,101.18,0.5020,12.2520,-4.5582,359.4539,359.0773,0.0331,-0.0029,-0.0101,0.0500,-0.0161,0.0095,0.9998
26.4350,101.18,0.5019,12.2518,-4.5572,359.4484,359.0763,0.0329,-0.0030,-0.0101,0.0503,-0.0161,0.0096,0.9998
26.4550,101.18,0.5019,12.2516,-4.5562,359.4428,359.0754,0.0328,-0.0030,-0.0100,0.0506,-0.0161,0.0097,0.9998
26.4750,101.18,0.5018,12.2514,-4.5551,359.4371,359.0745,0.0327,-0.0031,-0.0100,0.0510,-0.0162,0.0098,0.9998
26.4950,101.18,0.5018,12.2512,-4.5541,359.4314,359.0736,0.0327,-0.0031,-0.0099,0.0513,-0.0162,0.0099,0.9998
26.5150,101.18,0.5017,12.2510,-4.5531,359.4257,359.0729,0.0326,-0.0032,-0.0099,0.0516,-0.0162,0.0100,0.9998
26.5350,101.18,0.5016,12.2508,-4.5520,359.4199,359.0721,0.0326,-0.0033,-0.0098,0.0520,-0.0162,0.0101,0.9998
26.5550,101.18,0.5016,12.2506,-4.5510,359.4142,359.0714,0.0326,-0.0033,-0.0098,0.0523,-0.0162,0.0102,0.9998
26.5750,101.18,0.5015,12.2504,-4.5499,359.4085,359.0708,0.0326,-0.0034,-0.0097,0.0526,-0.0162,0.0103,0.9998
26.5950,101.18,0.5014,12.2502,-4.5489,359.4028,359.0702,0.0326,-0.0034,-0.0097,0.0530,-0.0162,0.0104,0.9998
26.6150,101.18,0.5014,12.2501,-4.5478,359.3972,359.0696,0.0325,-0.0035,-0.0096,0.0533,-0.0162,0.0105,0.9998
26.6350,101.18,0.5013,12.2499,-4.5467,359.3917,359.0690,0.0323,-0.0036,-0.0096,0.0536,-0.0162,0.0106,0.9998
26.6550,101.18,0.5012,12.2497,-4.5457,359.3862,359.0685,0.0321,-0.0036,-0.0095,0.0540,-0.0163,0.0107,0.9998
26.6750,101.18,0.5011,12.2495,-4.5446,359.3808,359.0679,0.0318,-0.0037,-0.0095,0.0544,-0.0163,0.0108,0.9998
26.6950,101.18,0.5011,12.2493,-4.5435,359.3755,359.0673,0.0314,-0.0038,-0.0094,0.0547,-0.0163,0.0109,0.9998
26.7150,101.18,0.5010,12.2491,-4.5424,359.3704,359.0666,0.0309,-0.0039,-0.0094,0.0551,-0.0163,0.0110,0.9998
26.7350,101.18,0.5009,12.2489,-4.5413,359.3653,359.0659,0.0302,-0.0039,-0.0094,0.0555,-0.0163,0.0111,0.9998
26.7550,101.18,0.5008,12.2487,-4.5402,359.3603,359.0649,0.0294,-0.0040,-0.0093,0.0558,-0.0163,0.0112,0.9998
26.7750,101.18,0.5007,12.2485,-4.5390,359.3555,359.0639,0.0285,-0.0041,-0.0093,0.0562,-0.0163,0.0112,0.9998
26.7950,101.18,0.5007,12.2484,-4.5379,359.3508,359.0627,0.0275,-0.0041,-0.0093,0.0566,-0.0164,0.0113,0.9998
26.8150,101.18,0.5006,12.2482,-4.5368,359.3462,359.0612,0.0264,-0.0042,-0.0092,0.0570,-0.0164,0.0114,0.9998
26.8350,101.18,0.5005,12.2480,-4.5356,359.3416,359.0595,0.0252,-0.0042,-0.0092,0.0575,-0.0164,0.0115,0.9998
26.8550,101.18,0.5004,12.2478,-4.5345,359.3372,359.0576,0.0238,-0.0043,-0.0092,0.0579,-0.0164,0.0116,0.9998
26.8750,101.18,0.5003,12.2476,-4.5333,359.3329,359.0555,0.0224,-0.0043,-0.0091,0.0583,-0.0165,0.0116,0.9998
26.8950,101.18,0.5002,12.2474,-4.5321,359.3285,359.0531,0.0209,-0.0044,-0.0091,0.0588,-0.0165,0.0117,0.9998
26.9150,101.18,0.5001,12.2473,-4.5309,359.3242,359.0505,0.0194,-0.0044,-0.0091,0.0592,-0.0166,0.0118,0.9998
26.9350,101.18,0.5001,12.2471,-4.5297,359.3200,359.0477,0.0178,-0.0044,-0.0090,0.0597,-0.0166,0.0119,0.9998
26.9550,101.18,0.5000,12.2469,-4.5285,359.3158,359.0448,0.0163,-0.0044,-0.0090,0.0602,-0.0167,0.0119,0.9998
26.9750,101.18,0.4999,12.2467,-4.5273,359.3115,359.0417,0.0147,-0.0044,-0.0090,0.0607,-0.0167,0.0120,0.9998
26.9950,101.18,0.4998,12.2465,-4.5261,359.3072,359.0387,0.0132,-0.0044,-0.0090,0.0612,-0.0168,0.0121,0.9998
27.0150,101.18,0.4997,12.2464,-4.5249,359.3029,359.0356,0.0117,-0.0043,-0.0089,0.0617,-0.0168,0.0122,0.9998
27.0350,101.18,0.4996,12.2462,-4.5236,359.2985,359.0325,0.0103,-0.0043,-0.0089,0.0621,-0.0169,0.0122,0.9998
27.0550,101.18,0.4995,12.2460,-4.5224,359.2941,359.0296,0.0089,-0.0043,-0.0089,0.0626,-0.0169,0.0123,0.9998
27.0750,101.18,0.4994,12.2458,-4.5211,359.2897,359.0268,0.0075,-0.0042,-0.0089,0.0631,-0.0170,0.0124,0.9998
27.0950,101.18,0.4994,12.2457,-4.5198,359.2852,359.0241,0.0062,-0.0042,-0.0089,0.0636,-0.0170,0.0125,0.9998
27.1150,101.18,0.4993,12.2455,-4.5185,359.2806,359.0217,0.0050,-0.0042,-0.0088,0.0641,-0.0171,0.0126,0.9998
27.1350,104.78,0.4992,12.2453,-4.5173,359.2760,359.0196,0.0038,-0.0041,-0.0088,0.0646,-0.0171,0.0126,0.9998
27.1550,104.78,0.4991,12.2451,-4.5160,359.2713,359.0177,0.0026,-0.0041,-0.0088,0.0650,-0.0171,0.0127,0.9998
27.1750,104.78,0.4990,12.2449,-4.5146,359.2666,359.0162,0.0016,-0.0040,-0.0088,0.0655,-0.0172,0.0128,0.9998
27.1950,104.78,0.4990,12.2448,-4.5133,359.2619,359.0150,0.0005,-0.0039,-0.0088,0.0659,-0.0172,0.0129,0.9998
27.2150,104.78,0.4989,12.2446,-4.5120,359.2572,359.0141,-0.0005,-0.0039,-0.0088,0.0663,-0.0172,0.0130,0.9998
27.2350,104.78,0.4988,12.2444,-4.5107,359.2524,359.0135,-0.0014,-0.0038,-0.0087,0.0668,-0.0172,0.0130,0.9998
27.2550,104.78,0.4987,12.2442,-4.5093,359.2477,359.0132,-0.0023,-0.0037,-0.0087,0.0671,-0.0172,0.0131,0.9998
27.2750,104.78,0.4987,12.2441,-4.5080,359.2430,359.0130,-0.0031,-0.0037,-0.0087,0.0675,-0.0172,0.0132,0.9998
27.2950,104.78,0.4986,12.2439,-4.5066,359.2383,359.0131,-0.0040,-0.0036,-0.0087,0.0679,-0.0172,0.0133,0.9998
27.3150,104.78,0.4985,12.2437,-4.5052,359.2338,359.0132,-0.0047,-0.0035,-0.0087,0.0682,-0.0172,0.0134,0.9998
27.3350,104.78,0.4984,12.2436,-4.5039,359.2292,359.0135,-0.0055,-0.0034,-0.0086,0.0685,-0.0172,0.0135,0.9998
27.3550,104.78,0.4984,12.2434,-4.5025,359.2248,359.0138,359.9938,-0.0034,-0.0086,0.0688,-0.0172,0.0135,0.9998
27.3750,104.78,0.4983,12.2432,-4.5011,359.2204,359.0140,359.9931,-0.0033,-0.0086,0.0690,-0.0172,0.0136,0.9998
27.3950,104.78,0.4983,12.2430,-4.4997,359.2161,359.0143,359.9924,-0.0032,-0.0086,0.0693,-0.0172,0.0137,0.9998
27.4150,104.78,0.4982,12.2429,-4.4983,359.2119,359.0144,359.9918,-0.0031,-0.0086,0.0695,-0.0172,0.0138,0.9998
27.4350,104.78,0.4981,12.2427,-4.4970,359.2078,359.0144,359.9911,-0.0030,-0.0085,0.0697,-0.0172,0.0138,0.9998
27.4550,104.78,0.4981,12.2425,-4.4956,359.2038,359.0143,359.9905,-0.0029,-0.0085,0.0698,-0.0172,0.0139,0.9998
27.4750,104.78,0.4980,12.2424,-4.4942,359.1998,359.0141,359.9899,-0.0028,-0.0085,0.0700,-0.0172,0.0140,0.9998
27.4950,104.78,0.4980,12.2422,-4.4928,359.1959,359.0138,359.9894,-0.0027,-0.0085,0.0701,-0.0172,0.0140,0.9998
27.5150,104.78,0.4979,12.2420,-4.4914,359.1920,359.0134,359.9889,-0.0026,-0.0084,0.0702,-0.0172,0.0141,0.9998
27.5350,104.78,0.4979,12.2419,-4.4900,359.1882,359.0129,359.9883,-0.0025,-0.0084,0.0702,-0.0172,0.0142,0.9998
27.5550,104.78,0.4978,12.2417,-4.4885,359.1843,359.0125,359.9879,-0.0024,-0.0084,0.0703,-0.0172,0.0142,0.9998
27.5750,104.78,0.4978,12.2415,-4.4871,359.1805,359.0121,359.9874,-0.0023,-0.0084,0.0703,-0.0172,0.0143,0.9997
27.5950,104.78,0.4977,12.2413,-4.4857,359.1766,359.0117,359.9870,-0.0022,-0.0083,0.0703,-0.0172,0.0144,0.9997
27.6150,104.78,0.4977,12.2412,-4.4843,359.1727,359.0116,359.9866,-0.0021,-0.0083,0.0703,-0.0172,0.0144,0.9997
27.6350,104.78,0.4976,12.2410,-4.4829,359.1687,359.0116,359.9863,-0.0020,-0.0083,0.0702,-0.0172,0.0145,0.9997
27.6550,104.78,0.4976,12.2409,-4.4815,359.1647,359.0118,359.9859,-0.0019,-0.0083,0.0701,-0.0172,0.0146,0.9997
27.6750,104.78,0.4976,12.2407,-4.4801,359.1606,359.0124,359.9857,-0.0018,-0.0082,0.0700,-0.0172,0.0147,0.9997
27.6950,104.78,0.4975,12.2405,-4.4787,359.1564,359.0133,359.9854,-0.0017,-0.0082,0.0699,-0.0172,0.0147,0.9997
27.7150,104.78,0.4975,12.2404,-4.4773,359.1522,359.0145,359.9851,-0.0016,-0.0082,0.0697,-0.0172,0.0148,0.9997
27.7350,104.78,0.4975,12.2402,-4.4759,359.1478,359.0162,359.9848,-0.0015,-0.0081,0.0695,-0.0172,0.0149,0.9997
27.7550,104.78,0.4974,12.2400,-4.4746,359.1434,359.0184,359.9846,-0.0014,-0.0081,0.0693,-0.0171,0.0150,0.9997
27.7750,104.78,0.4974,12.2399,-4.4732,359.1389,359.0211,359.9843,-0.0014,-0.0081,0.0690,-0.0171,0.0150,0.9997
27.7950,104.78,0.4974,12.2397,-4.4718,359.1343,359.0243,359.9839,-0.0013,-0.0080,0.0687,-0.0170,0.0151,0.9997
27.8150,104.78,0.4974,12.2396,-4.4704,359.1296,359.0280,359.9835,-0.0012,-0.0080,0.0683,-0.0170,0.0152,0.9997
27.8350,104.78,0.4973,12.2394,-4.4691,359.1249,359.0321,359.9830,-0.0011,-0.0079,0.0680,-0.0169,0.0153,0.9997
27.8550,104.78,0.4973,12.2392,-4.4677,359.1202,359.0367,359.9825,-0.0010,-0.0079,0.0676,-0.0168,0.0154,0.9997
27.8750,104.78,0.4973,12.2391,-4.4664,359.1154,359.0417,359.9819,-0.0009,-0.0079,0.0671,-0.0167,0.0154,0.9997
27.8950,104.78,0.4973,12.2389,-4.4650,359.1107,359.0471,359.9813,-0.0008,-0.0078,0.0666,-0.0166,0.0155,0.9997
27.9150,104.78,0.4973,12.2388,-4.4637,359.1059,359.0529,359.9805,-0.0007,-0.0078,0.0661,-0.0165,0.0156,0.9997
27.9350,104.78,0.4972,12.2386,-4.4624,359.1012,359.0588,359.9797,-0.0006,-0.0077,0.0655,-0.0164,0.0157,0.9997
27.9550,104.78,0.4972,12.2385,-4.4611,359.0966,359.0648,359.9789,-0.0005,-0.0077,0.0650,-0.0163,0.0158,0.9997
27.9750,104.78,0.4972,12.2383,-4.4598,359.0921,359.0710,359.9779,-0.0004,-0.0076,0.0643,-0.0162,0.0158,0.9997
27.9950,104.78,0.4972,12.2382,-4.4586,359.0876,359.0772,359.9770,-0.0003,-0.0076,0.0637,-0.0161,0.0159,0.9997
28.0150,104.78,0.4972,12.2380,-4.4573,359.0833,359.0833,359.9760,-0.0002,-0.0075,0.0630,-0.0160,0.0160,0.9997
28.0350,104.78,0.4972,12.2379,-4.4560,359.0792,359.0892,359.9750,-0.0001,-0.0074,0.0623,-0.0159,0.0161,0.9997
28.0550,104.78,0.4972,12.2377,-4.4548,359.0751,359.0950,359.9740,0.0000,-0.0074,0.0615,-0.0158,0.0161,0.9997
28.0750,104.78,0.4972,12.2376,-4.4536,359.0712,359.1006,359.9731,0.0002,-0.0073,0.0607,-0.0157,0.0162,0.9997
28.0950,104.78,0.4972,12.2374,-4.4524,359.0674,359.1059,359.9721,0.0003,-0.0073,0.0599,-0.0156,0.0163,0.9997
28.1150,104.78,0.4972,12.2373,-4.4512,359.0638,359.1109,359.9713,0.0005,-0.0072,0.0591,-0.0155,0.0163,0.9997
28.1350,113.10,0.4972,12.2371,-4.4501,359.0603,359.1155,359.9705,0.0006,-0.0071,0.0582,-0.0154,0.0164,0.9997
28.1550,113.10,0.4973,12.2370,-4.4489,359.0569,359.1198,359.9698,0.0008,-0.0071,0.0574,-0.0154,0.0165,0.9997
28.1750,113.10,0.4973,12.2369,-4.4478,359.0538,359.1236,359.9691,0.0009,-0.0070,0.0565,-0.0153,0.0165,0.9997
28.1950,113.10,0.4973,12.2367,-4.4467,359.0508,359.1270,359.9686,0.0011,-0.0069,0.0555,-0.0152,0.0166,0.9997
28.2150,113.10,0.4973,12.2366,-4.4456,359.0480,359.1298,359.9682,0.0013,-0.0069,0.0546,-0.0152,0.0166,0.9997
28.2350,113.10,0.4974,12.2364,-4.4445,359.0454,359.1321,359.9679,0.0014,-0.0068,0.0536,-0.0151,0.0167,0.9997
28.2550,113.10,0.4974,12.2363,-4.4435,359.0430,359.1338,359.9677,0.0016,-0.0067,0.0526,-0.0151,0.0167,0.9997
28.2750,113.10,0.4974,12.2362,-4.4424,359.0408,359.1349,359.9676,0.0018,-0.0067,0.0516,-0.0151,0.0167,0.9997
28.2950,113.10,0.4975,12.2360,-4.4414,359.0388,359.1353,359.9677,0.0020,-0.0066,0.0505,-0.0151,0.0168,0.9997
28.3150,113.10,0.4975,12.2359,-4.4404,359.0371,359.1352,359.9678,0.0021,-0.0065,0.0495,-0.0151,0.0168,0.9997
28.3350,113.10,0.4976,12.2358,-4.4395,359.0356,359.1345,359.9681,0.0023,-0.0064,0.0484,-0.0151,0.0168,0.9997
28.3550,113.10,0.4976,12.2357,-4.4385,359.0344,359.1331,359.9685,0.0025,-0.0063,0.0474,-0.0151,0.0169,0.9997
28.3750,113.10,0.4977,12.2355,-4.4376,359.0334,359.1313,359.9689,0.0026,-0.0063,0.0463,-0.0152,0.0169,0.9997
28.3950,113.10,0.4977,12.2354,-4.4367,359.0326,359.1289,359.9695,0.0028,-0.0062,0.0452,-0.0152,0.0169,0.9997
28.4150,113.10,0.4978,12.2353,-4.4358,359.0321,359.1261,359.9701,0.0029,-0.0061,0.0441,-0.0152,0.0169,0.9997
28.4350,113.10,0.4978,12.2352,-4.4349,359.0318,359.1230,359.9707,0.0031,-0.0060,0.0430,-0.0153,0.0169,0.9997
28.4550,113.10,0.4979,12.2350,-4.4341,359.0316,359.1196,359.9714,0.0032,-0.0059,0.0419,-0.0154,0.0169,0.9997
28.4750,113.10,0.4980,12.2349,-4.4333,359.0317,359.1159,359.9722,0.0033,-0.0059,0.0408,-0.0154,0.0169,0.9997
28.4950,113.10,0.4980,12.2348,-4.4325,359.0320,359.1121,359.9729,0.0035,-0.0058,0.0398,-0.0155,0.0169,0.9997
28.5150,113.10,0.4981,12.2347,-4.4317,359.0323,359.1082,359.9737,0.0036,-0.0057,0.0387,-0.0156,0.0169,0.9997
28.5350,113.10,0.4982,12.2346,-4.4310,359.0328,359.1044,359.9745,0.0037,-0.0056,0.0376,-0.0156,0.0169,0.9997
28.5550,113.10,0.4983,12.2345,-4.4302,359.0334,359.1005,359.9754,0.0038,-0.0055,0.0366,-0.0157,0.0169,0.9997
28.5750,113.10,0.4983,12.2344,-4.4295,359.0342,359.0968,359.9762,0.0039,-0.0055,0.0355,-0.0158,0.0169,0.9997
28.5950,113.10,0.4984,12.2343,-4.4288,359.0350,359.0932,359.9771,0.0040,-0.0054,0.0345,-0.0158,0.0168,0.9997
28.6150,113.10,0.4985,12.2341,-4.4282,359.0358,359.0898,359.9780,0.0041,-0.0053,0.0335,-0.0159,0.0168,0.9997
28.6350,113.10,0.4986,12.2340,-4.4275,359.0367,359.0865,359.9789,0.0042,-0.0052,0.0324,-0.0159,0.0168,0.9997
28.6550,113.10,0.4987,12.2339,-4.4269,359.0376,359.0836,359.9798,0.0043,-0.0051,0.0315,-0.0160,0.0168,0.9997
28.6750,113.10,0.4988,12.2338,-4.4263,359.0385,359.0809,359.9807,0.0044,-0.0051,0.0305,-0.0160,0.0168,0.9997
28.6950,113.10,0.4988,12.2337,-4.4257,359.0394,359.0784,359.9816,0.0045,-0.0050,0.0295,-0.0161,0.0168,0.9997
28.7150,113.10,0.4989,12.2336,-4.4251,359.0403,359.0763,359.9825,0.0046,-0.0049,0.0286,-0.0161,0.0167,0.9997
28.7350,113.10,0.4990,12.2335,-4.4246,359.0412,359.0744,359.9835,0.0047,-0.0048,0.0277,-0.0162,0.0167,0.9997
28.7550,113.10,0.4991,12.2334,-4.4240,359.0421,359.0727,359.9843,0.0048,-0.0048,0.0268,-0.0162,0.0167,0.9997
28.7750,113.10,0.4992,12.2334,-4.4235,359.0429,359.0712,359.9851,0.0048,-0.0047,0.0259,-0.0162,0.0167,0.9997
28.7950,113.10,0.4993,12.2333,-4.4230,359.0437,359.0699,359.9859,0.0049,-0.0046,0.0250,-0.0162,0.0167,0.9997
28.8150,113.10,0.4994,12.2332,-4.4225,359.0444,359.0687,359.9865,0.0049,-0.0045,0.0242,-0.0163,0.0167,0.9997
28.8350,113.10,0.4995,12.2331,-4.4221,359.0452,359.0675,359.9872,0.0050,-0.0045,0.0234,-0.0163,0.0167,0.9997
28.8550,113.10,0.4996,12.2330,-4.4216,359.0459,359.0664,359.9876,0.0050,-0.0044,0.0225,-0.0163,0.0167,0.9997
28.8750,113.10,0.4997,12.2329,-4.4212,359.0466,359.0654,359.9881,0.0051,-0.0043,0.0218,-0.0163,0.0166,0.9997
28.8950,113.10,0.4998,12.2328,-4.4207,359.0473,359.0642,359.9884,0.0051,-0.0042,0.0210,-0.0163,0.0166,0.9997
28.9150,113.10,0.4999,12.2327,-4.4203,359.0481,359.0630,359.9886,0.0052,-0.0042,0.0202,-0.0163,0.0166,0.9997
28.9350,113.10,0.5000,12.2327,-4.4200,359.0488,359.0618,359.9888,0.0052,-0.0041,0.0195,-0.0164,0.0166,0.9997
28.9550,113.10,0.5001,12.2326,-4.4196,359.0496,359.0604,359.9889,0.0053,-0.0040,0.0188,-0.0164,0.0166,0.9997
28.9750,113.10,0.5002,12.2325,-4.4192,359.0505,359.0590,359.9889,0.0053,-0.0040,0.0181,-0.0164,0.0166,0.9997
28.9950,113.10,0.5004,12.2324,-4.4189,359.0514,359.0574,359.9889,0.0054,-0.0039,0.0175,-0.0164,0.0166,0.9997
29.0150,113.10,0.5005,12.2323,-4.4185,359.0523,359.0558,359.9888,0.0054,-0.0038,0.0169,-0.0165,0.0165,0.9997
29.0350,113.10,0.5006,12.2323,-4.4182,359.0533,359.0542,359.9888,0.0055,-0.0038,0.0163,-0.0165,0.0165,0.9997
29.0550,113.10,0.5007,12.2322,-4.4179,359.0543,359.0526,359.9887,0.0056,-0.0037,0.0157,-0.0165,0.0165,0.9997
29.0750,113.10,0.5008,12.2321,-4.4176,359.0554,359.0510,359.9887,0.0056,-0.0037,0.0151,-0.0166,0.0165,0.9997
29.0950,113.10,0.5009,12.2320,-4.4173,359.0565,359.0495,359.9887,0.0057,-0.0036,0.0146,-0.0166,0.0165,0.9997
29.1150,113.10,0.5010,12.2320,-4.4170,359.0577,359.0482,359.9887,0.0058,-0.0035,0.0141,-0.0166,0.0164,0.9997
29.1350,113.10,0.5011,12.2319,-4.4167,359.0589,359.0471,359.9889,0.0058,-0.0035,0.0137,-0.0166,0.0164,0.9997
29.1550,117.36,0.5013,12.2318,-4.4165,359.0601,359.0462,359.9891,0.0059,-0.0034,0.0132,-0.0166,0.0164,0.9997
29.1750,117.36,0.5014,12.2318,-4.4162,359.0613,359.0456,359.9894,0.0060,-0.0034,0.0128,-0.0167,0.0164,0.9997
29.1950,117.36,0.5015,12.2317,-4.4160,359.0625,359.0453,359.9899,0.0061,-0.0033,0.0125,-0.0167,0.0164,0.9997
29.2150,117.36,0.5016,12.2316,-4.4157,359.0637,359.0454,359.9904,0.0061,-0.0033,0.0121,-0.0167,0.0163,0.9997
29.2350,117.36,0.5017,12.2316,-4.4155,359.0648,359.0461,359.9910,0.0062,-0.0032,0.0118,-0.0166,0.0163,0.9997
29.2550,117.36,0.5019,12.2315,-4.4153,359.0659,359.0471,359.9917,0.0063,-0.0032,0.0116,-0.0166,0.0163,0.9997
29.2750,117.36,0.5020,12.2315,-4.4150,359.0669,359.0487,359.9925,0.0063,-0.0031,0.0113,-0.0166,0.0163,0.9997
29.2950,117.36,0.5021,12.2314,-4.4148,359.0678,359.0508,359.9933,0.0064,-0.0031,0.0111,-0.0166,0.0163,0.9997
29.3150,117.36,0.5023,12.2313,-4.4146,359.0686,359.0535,359.9942,0.0064,-0.0030,0.0109,-0.0165,0.0163,0.9997
29.3350,117.36,0.5024,12.2313,-4.4144,359.0693,359.0566,-0.0049,0.0065,-0.0030,0.0108,-0.0165,0.0162,0.9997
29.3550,117.36,0.5025,12.2312,-4.4142,359.0699,359.0603,-0.0040,0.0065,-0.0030,0.0106,-0.0164,0.0162,0.9997
29.3750,117.36,0.5026,12.2312,-4.4139,359.0704,359.0645,-0.0032,0.0065,-0.0029,0.0105,-0.0163,0.0162,0.9997
29.3950,117.36,0.5028,12.2311,-4.4137,359.0708,359.0690,-0.0023,0.0065,-0.0029,0.0104,-0.0162,0.0162,0.9997
29.4150,117.36,0.5029,12.2310,-4.4135,359.0710,359.0739,-0.0015,0.0065,-0.0028,0.0103,-0.0162,0.0162,0.9997
29.4350,117.36,0.5030,12.2310,-4.4133,359.0712,359.0790,-0.0007,0.0066,-0.0028,0.0103,-0.0161,0.0162,0.9997
29.4550,117.36,0.5032,12.2309,-4.4131,359.0712,359.0844,-0.0001,0.0066,-0.0028,0.0102,-0.0160,0.0162,0.9997
29.4750,117.36,0.5033,12.2309,-4.4129,359.0712,359.0899,0.0005,0.0066,-0.0027,0.0102,-0.0159,0.0162,0.9997
29.4950,117.36,0.5034,12.2308,-4.4127,359.0711,359.0954,0.0011,0.0066,-0.0027,0.0102,-0.0158,0.0162,0.9997
29.5150,117.36,0.5036,12.2308,-4.4125,359.0710,359.1009,0.0016,0.0066,-0.0027,0.0102,-0.0157,0.0162,0.9997
29.5350,117.36,0.5037,12.2307,-4.4123,359.0708,359.1062,0.0020,0.0066,-0.0027,0.0102,-0.0156,0.0162,0.9997
29.5550,117.36,0.5038,12.2307,-4.4121,359.0706,359.1115,0.0023,0.0066,-0.0026,0.0102,-0.0155,0.0162,0.9997
29.5750,117.36,0.5040,12.2306,-4.4119,359.0704,359.1165,0.0027,0.0066,-0.0026,0.0102,-0.0154,0.0162,0.9997
29.5950,117.36,0.5041,12.2306,-4.4117,359.0702,359.1212,0.0030,0.0066,-0.0026,0.0102,-0.0153,0.0162,0.9998
29.6150,117.36,0.5042,12.2305,-4.4115,359.0701,359.1256,0.0033,0.0066,-0.0025,0.0103,-0.0153,0.0162,0.9998
29.6350,117.36,0.5044,12.2305,-4.4113,359.0700,359.1298,0.0037,0.0066,-0.0025,0.0103,-0.0152,0.0162,0.9998
29.6550,117.36,0.5045,12.2304,-4.4111,359.0700,359.1335,0.0041,0.0066,-0.0025,0.0103,-0.0151,0.0162,0.9998
29.6750,117.36,0.5046,12.2304,-4.4109,359.0701,359.1368,0.0045,0.0066,-0.0025,0.0103,-0.0151,0.0162,0.9998
29.6950,117.36,0.5047,12.2303,-4.4107,359.0703,359.1398,0.0050,0.0066,-0.0024,0.0104,-0.0150,0.0162,0.9998
29.7150,117.36,0.5049,12.2303,-4.4105,359.0707,359.1423,0.0055,0.0067,-0.0024,0.0104,-0.0150,0.0162,0.9998
29.7350,117.36,0.5050,12.2302,-4.4102,359.0712,359.1445,0.0061,0.0067,-0.0024,0.0104,-0.0149,0.0162,0.9998
29.7550,117.36,0.5051,12.2302,-4.4100,359.0718,359.1464,0.0067,0.0067,-0.0024,0.0105,-0.0149,0.0162,0.9998
29.7750,117.36,0.5053,12.2301,-4.4098,359.0726,359.1479,0.0073,0.0067,-0.0023,0.0105,-0.0149,0.0162,0.9998
29.7950,117.36,0.5054,12.2301,-4.4096,359.0736,359.1492,0.0079,0.0067,-0.0023,0.0105,-0.0148,0.0162,0.9998
29.8150,117.36,0.5055,12.2300,-4.4094,359.0748,359.1502,0.0086,0.0067,-0.0023,0.0105,-0.0148,0.0161,0.9998
29.8350,117.36,0.5057,12.2300,-4.4092,359.0761,359.1512,0.0092,0.0066,-0.0023,0.0105,-0.0148,0.0161,0.9998
29.8550,117.36,0.5058,12.2299,-4.4090,359.0776,359.1519,0.0098,0.0066,-0.0022,0.0105,-0.0148,0.0161,0.9998
29.8750,117.36,0.5059,12.2299,-4.4088,359.0793,359.1526,0.0104,0.0066,-0.0022,0.0106,-0.0148,0.0161,0.9998
29.8950,117.36,0.5061,12.2298,-4.4086,359.0811,359.1533,0.0109,0.0066,-0.0022,0.0106,-0.0148,0.0160,0.9998
29.9150,117.36,0.5062,12.2298,-4.4084,359.0830,359.1540,0.0114,0.0065,-0.0022,0.0106,-0.0148,0.0160,0.9998
29.9350,117.36,0.5063,12.2298,-4.4081,359.0850,359.1547,0.0118,0.0065,-0.0021,0.0106,-0.0148,0.0160,0.9998
29.9550,117.36,0.5065,12.2297,-4.4079,359.0870,359.1555,0.0121,0.0065,-0.0021,0.0106,-0.0147,0.0159,0.9998
29.9750,117.36,0.5066,12.2297,-4.4077,359.0891,359.1563,0.0124,0.0064,-0.0021,0.0106,-0.0147,0.0159,0.9998
29.9950,117.36,0.5067,12.2296,-4.4075,359.0912,359.1572,0.0127,0.0064,-0.0021,0.0107,-0.0147,0.0159,0.9998
30.0150,117.36,0.5069,12.2296,-4.4073,359.0933,359.1581,0.0128,0.0064,-0.0021,0.0107,-0.0147,0.0158,0.9998
30.0350,117.36,0.5070,12.2296,-4.4071,359.0954,359.1590,0.0129,0.0063,-0.0020,0.0107,-0.0147,0.0158,0.9998
30.0550,117.36,0.5071,12.2295,-4.4069,359.0974,359.1598,0.0130,0.0063,-0.0020,0.0107,-0.0147,0.0158,0.9998
30.0750,117.36,0.5072,12.2295,-4.4066,359.0994,359.1606,0.0131,0.0063,-0.0020,0.0107,-0.0146,0.0157,0.9998
30.0950,117.36,0.5074,12.2294,-4.4064,359.1012,359.1613,0.0132,0.0062,-0.0020,0.0107,-0.0146,0.0157,0.9998
30.1150,117.36,0.5075,12.2294,-4.4062,359.1030,359.1618,0.0133,0.0062,-0.0019,0.0106,-0.0146,0.0157,0.9998
30.1350,117.36,0.5076,12.2294,-4.4060,359.1047,359.1622,0.0135,0.0062,-0.0019,0.0106,-0.0146,0.0156,0.9998
30.1550,96.31,0.5077,12.2293,-4.4058,359.1063,359.1623,0.0137,0.0062,-0.0019,0.0106,-0.0146,0.0156,0.9998
30.1750,96.31,0.5078,12.2293,-4.4056,359.1078,359.1622,0.0140,0.0062,-0.0019,0.0106,-0.0146,0.0156,0.9998
30.1950,96.31,0.5080,12.2292,-4.4054,359.1092,359.1618,0.0144,0.0062,-0.0019,0.0105,-0.0146,0.0155,0.9998
30.2150,96.31,0.5081,12.2292,-4.4052,359.1105,359.1613,0.0149,0.0062,-0.0018,0.0105,-0.0146,0.0155,0.9998
30.2350,96.31,0.5082,12.2292,-4.4050,359.1116,359.1605,0.0155,0.0061,-0.0018,0.0104,-0.0147,0.0155,0.9998
30.2550,96.31,0.5083,12.2291,-4.4048,359.1127,359.1595,0.0163,0.0061,-0.0018,0.0103,-0.0147,0.0155,0.9998
30.2750,96.31,0.5085,12.2291,-4.4046,359.1137,359.1584,0.0173,0.0061,-0.0018,0.0102,-0.0147,0.0155,0.9998
30.2950,96.31,0.5086,12.2291,-4.4043,359.1147,359.1571,0.0184,0.0061,-0.0017,0.0101,-0.0147,0.0155,0.9998
30.3150,96.31,0.5087,12.2290,-4.4041,359.1155,359.1559,0.0198,0.0061,-0.0017,0.0101,-0.0147,0.0154,0.9998
30.3350,96.31,0.5088,12.2290,-4.4039,359.1164,359.1545,0.0213,0.0061,-0.0017,0.0100,-0.0148,0.0154,0.9998
30.3550,96.31,0.5090,12.2290,-4.4037,359.1172,359.1532,0.0229,0.0061,-0.0017,0.0098,-0.0148,0.0154,0.9998
30.3750,96.31,0.5091,12.2289,-4.4036,359.1180,359.1519,0.0248,0.0061,-0.0016,0.0097,-0.0148,0.0154,0.9998
30.3950,11.18,0.5092,12.2289,-4.4034,359.1188,359.1508,0.0268,0.0061,-0.0016,0.0096,-0.0148,0.0154,0.9998
30.4150,11.18,0.5093,12.2289,-4.4032,359.1197,359.1497,0.0289,0.0060,-0.0016,0.0095,-0.0148,0.0154,0.9998
30.4350,11.18,0.5094,12.2288,-4.4030,359.1205,359.1488,0.0311,0.0059,-0.0016,0.0094,-0.0149,0.0153,0.9998
30.4550,11.18,0.5096,12.2288,-4.4028,359.1214,359.1480,0.0333,0.0059,-0.0015,0.0093,-0.0149,0.0153,0.9998
30.4750,11.18,0.5097,12.2288,-4.4026,359.1223,359.1473,0.0357,0.0058,-0.0015,0.0092,-0.0149,0.0153,0.9998
30.4950,11.18,0.5098,12.2287,-4.4024,359.1232,359.1468,0.0380,0.0057,-0.0015,0.0091,-0.0149,0.0153,0.9998
30.5150,11.18,0.5099,12.2287,-4.4023,359.1241,359.1463,0.0403,0.0056,-0.0015,0.0090,-0.0149,0.0153,0.9998
30.5350,11.18,0.5100,12.2287,-4.4021,359.1250,359.1459,0.0426,0.0055,-0.0015,0.0089,-0.0149,0.0153,0.9998
30.5550,11.18,0.5101,12.2287,-4.4019,359.1259,359.1456,0.0449,0.0054,-0.0014,0.0089,-0.0149,0.0153,0.9998
30.5750,11.18,0.5102,12.2286,-4.4017,359.1268,359.1452,0.0470,0.0052,-0.0014,0.0088,-0.0149,0.0152,0.9998
30.5950,11.18,0.5103,12.2286,-4.4015,359.1277,359.1448,0.0491,0.0051,-0.0014,0.0088,-0.0149,0.0152,0.9998
30.6150,11.18,0.5104,12.2286,-4.4014,359.1285,359.1443,0.0511,0.0049,-0.0014,0.0088,-0.0149,0.0152,0.9998
30.6350,11.18,0.5105,12.2285,-4.4012,359.1292,359.1436,0.0529,0.0047,-0.0014,0.0088,-0.0149,0.0152,0.9998
30.6550,11.18,0.5106,12.2285,-4.4010,359.1298,359.1427,0.0546,0.0046,-0.0014,0.0088,-0.0150,0.0152,0.9998
30.6750,11.18,0.5107,12.2285,-4.4008,359.1303,359.1417,0.0561,0.0044,-0.0013,0.0089,-0.0150,0.0152,0.9998
30.6950,11.18,0.5108,12.2285,-4.4007,359.1307,359.1404,0.0575,0.0042,-0.0013,0.0089,-0.0150,0.0152,0.9998
30.7150,11.18,0.5109,12.2284,-4.4005,359.1310,359.1390,0.0588,0.0040,-0.0013,0.0090,-0.0150,0.0152,0.9998
30.7350,11.18,0.5109,12.2284,-4.4003,359.1312,359.1374,0.0599,0.0038,-0.0013,0.0091,-0.0151,0.0152,0.9998
30.7550,11.18,0.5110,12.2284,-4.4001,359.1312,359.1356,0.0609,0.0036,-0.0013,0.0092,-0.0151,0.0152,0.9998
30.7750,11.18,0.5111,12.2284,-4.3999,359.1310,359.1338,0.0618,0.0034,-0.0013,0.0093,-0.0151,0.0152,0.9998
30.7950,11.18,0.5111,12.2283,-4.3997,359.1307,359.1318,0.0626,0.0032,-0.0013,0.0094,-0.0152,0.0152,0.9998
30.8150,11.18,0.5112,12.2283,-4.3995,359.1303,359.1299,0.0633,0.0031,-0.0013,0.0096,-0.0152,0.0152,0.9998
30.8350,11.18,0.5113,12.2283,-4.3994,359.1298,359.1279,0.0639,0.0029,-0.0013,0.0098,-0.0152,0.0152,0.9998
30.8550,11.18,0.5113,12.2283,-4.3992,359.1291,359.1260,0.0645,0.0027,-0.0013,0.0100,-0.0153,0.0152,0.9998
30.8750,11.18,0.5114,12.2282,-4.3989,359.1282,359.1242,0.0651,0.0025,-0.0013,0.0101,-0.0153,0.0152,0.9998
30.8950,11.18,0.5114,12.2282,-4.3987,359.1273,359.1226,0.0657,0.0023,-0.0013,0.0104,-0.0153,0.0152,0.9998
30.9150,11.18,0.5114,12.2282,-4.3985,359.1263,359.1211,0.0663,0.0022,-0.0013,0.0106,-0.0153,0.0152,0.9998
30.9350,11.18,0.5115,12.2282,-4.3983,359.1252,359.1198,0.0668,0.0020,-0.0013,0.0108,-0.0154,0.0153,0.9998
30.9550,11.18,0.5115,12.2281,-4.3981,359.1240,359.1187,0.0674,0.0018,-0.0013,0.0110,-0.0154,0.0153,0.9998
30.9750,11.18,0.5116,12.2281,-4.3979,359.1228,359.1178,0.0681,0.0016,-0.0013,0.0113,-0.0154,0.0153,0.9998
30.9950,11.18,0.5116,12.2281,-4.3976,359.1216,359.1171,0.0687,0.0014,-0.0013,0.0115,-0.0154,0.0153,0.9998
31.0150,11.18,0.5116,12.2281,-4.3974,359.1202,359.1166,0.0693,0.0013,-0.0013,0.0118,-0.0154,0.0154,0.9998
31.0350,11.18,0.5116,12.2280,-4.3972,359.1189,359.1161,0.0700,0.0011,-0.0013,0.0121,-0.0154,0.0154,0.9998
31.0550,11.18,0.5116,12.2280,-4.3969,359.1175,359.1158,0.0706,0.0009,-0.0013,0.0124,-0.0154,0.0154,0.9998
31.0750,11.18,0.5117,12.2280,-4.3967,359.1161,359.1154,0.0711,0.0007,-0.0013,0.0127,-0.0154,0.0154,0.9998
31.0950,11.18,0.5117,12.2280,-4.3964,359.1147,359.1151,0.0716,0.0005,-0.0013,0.0130,-0.0154,0.0155,0.9998
31.1150,11.18,0.5117,12.2279,-4.3961,359.1133,359.1146,0.0720,0.0003,-0.0013,0.0133,-0.0155,0.0155,0.9998
31.1350,11.18,0.5117,12.2279,-4.3959,359.1118,359.1140,0.0723,0.0001,-0.0013,0.0136,-0.0155,0.0155,0.9998
31.1550,11.18,0.5117,12.2279,-4.3956,359.1104,359.1133,0.0725,-0.0001,-0.0013,0.0139,-0.0155,0.0155,0.9998
31.1750,11.18,0.5117,12.2279,-4.3953,359.1089,359.1124,0.0726,-0.0003,-0.0013,0.0143,-0.0155,0.0156,0.9998
31.1950,11.18,0.5117,12.2278,-4.3950,359.1073,359.1113,0.0725,-0.0005,-0.0013,0.0146,-0.0155,0.0156,0.9998
31.2150,11.18,0.5116,12.2278,-4.3947,359.1058,359.1100,0.0722,-0.0008,-0.0013,0.0149,-0.0155,0.0156,0.9998
31.2350,11.18,0.5116,12.2278,-4.3944,359.1042,359.1086,0.0718,-0.0010,-0.0013,0.0153,-0.0156,0.0156,0.9998
31.2550,11.18,0.5116,12.2277,-4.3941,359.1026,359.1069,0.0713,-0.0012,-0.0013,0.0156,-0.0156,0.0157,0.9998
31.2750,11.18,0.5116,12.2277,-4.3938,359.1010,359.1052,0.0705,-0.0014,-0.0014,0.0159,-0.0156,0.0157,0.9998
31.2950,11.18,0.5115,12.2277,-4.3934,359.0993,359.1034,0.0697,-0.0016,-0.0014,0.0163,-0.0156,0.0157,0.9998
31.3150,11.18,0.5115,12.2277,-4.3931,359.0977,359.1016,0.0687,-0.0018,-0.0014,0.0166,-0.0157,0.0157,0.9998
31.3350,11.18,0.5115,12.2276,-4.3928,359.0959,359.0998,0.0675,-0.0020,-0.0014,0.0169,-0.0157,0.0158,0.9998
31.3550,11.18,0.5114,12.2276,-4.3924,359.0942,359.0981,0.0663,-0.0022,-0.0014,0.0172,-0.0157,0.0158,0.9998
31.3750,11.18,0.5114,12.2276,-4.3921,359.0924,359.0964,0.0649,-0.0023,-0.0014,0.0175,-0.0158,0.0158,0.9998
31.3950,11.18,0.5113,12.2275,-4.3917,359.0906,359.0950,0.0635,-0.0025,-0.0014,0.0178,-0.0158,0.0159,0.9997
31.4150,88.37,0.5113,12.2275,-4.3914,359.0888,359.0937,0.0621,-0.0027,-0.0014,0.0181,-0.0158,0.0159,0.9997
31.4350,88.37,0.5112,12.2275,-4.3910,359.0869,359.0927,0.0605,-0.0028,-0.0014,0.0184,-0.0158,0.0159,0.9997
31.4550,88.37,0.5112,12.2275,-4.3906,359.0850,359.0918,0.0590,-0.0030,-0.0015,0.0187,-0.0158,0.0160,0.9997
31.4750,88.37,0.5111,12.2274,-4.3902,359.0831,359.0912,0.0574,-0.0031,-0.0015,0.0189,-0.0159,0.0160,0.9997
31.4950,88.37,0.5110,12.2274,-4.3899,359.0812,359.0907,0.0559,-0.0032,-0.0015,0.0191,-0.0159,0.0160,0.9997
31.5150,88.37,0.5110,12.2274,-4.3895,359.0792,359.0905,0.0544,-0.0033,-0.0015,0.0193,-0.0159,0.0161,0.9997
31.5350,88.37,0.5109,12.2273,-4.3891,359.0773,359.0904,0.0528,-0.0034,-0.0015,0.0195,-0.0159,0.0161,0.9997
31.5550,88.37,0.5108,12.2273,-4.3887,359.0753,359.0904,0.0513,-0.0035,-0.0015,0.0197,-0.0159,0.0161,0.9997
31.5750,88.37,0.5108,12.2273,-4.3883,359.0733,359.0904,0.0499,-0.0036,-0.0015,0.0198,-0.0159,0.0162,0.9997
31.5950,88.37,0.5107,12.2273,-4.3879,359.0714,359.0904,0.0484,-0.0037,-0.0015,0.0199,-0.0159,0.0162,0.9997
31.6150,88.37,0.5106,12.2272,-4.3875,359.0694,359.0903,0.0469,-0.0038,-0.0015,0.0200,-0.0159,0.0162,0.9997
31.6350,88.37,0.5105,12.2272,-4.3871,359.0675,359.0902,0.0455,-0.0039,-0.0015,0.0201,-0.0159,0.0163,0.9997
31.6550,88.37,0.5104,12.2272,-4.3867,359.0656,359.0899,0.0441,-0.0040,-0.0015,0.0201,-0.0159,0.0163,0.9997
31.6750,88.37,0.5104,12.2271,-4.3863,359.0637,359.0895,0.0427,-0.0040,-0.0015,0.0201,-0.0159,0.0163,0.9997
31.6950,88.37,0.5103,12.2271,-4.3859,359.0618,359.0889,0.0414,-0.0041,-0.0015,0.0201,-0.0159,0.0164,0.9997
31.7150,88.37,0.5102,12.2271,-4.3855,359.0599,359.0881,0.0401,-0.0041,-0.0015,0.0200,-0.0159,0.0164,0.9997
31.7350,88.37,0.5101,12.2270,-4.3851,359.0581,359.0872,0.0388,-0.0042,-0.0015,0.0199,-0.0159,0.0164,0.9997
31.7550,88.37,0.5100,12.2270,-4.3847,359.0564,359.0861,0.0376,-0.0042,-0.0015,0.0198,-0.0159,0.0165,0.9997
31.7750,88.37,0.5099,12.2270,-4.3843,359.0546,359.0850,0.0365,-0.0043,-0.0015,0.0196,-0.0160,0.0165,0.9997
31.7950,88.37,0.5099,12.2269,-4.3839,359.0529,359.0838,0.0356,-0.0043,-0.0015,0.0194,-0.0160,0.0165,0.9997
31.8150,88.37,0.5098,12.2269,-4.3835,359.0513,359.0826,0.0347,-0.0043,-0.0015,0.0192,-0.0160,0.0166,0.9997
31.8350,88.37,0.5097,12.2269,-4.3832,359.0497,359.0815,0.0339,-0.0043,-0.0015,0.0190,-0.0160,0.0166,0.9997
31.8550,88.37,0.5096,12.2269,-4.3828,359.0481,359.0804,0.0333,-0.0043,-0.0015,0.0187,-0.0160,0.0166,0.9997
31.8750,88.37,0.5095,12.2268,-4.3824,359.0466,359.0794,0.0327,-0.0044,-0.0014,0.0184,-0.0161,0.0166,0.9997
31.8950,88.37,0.5094,12.2268,-4.3821,359.0452,359.0786,0.0323,-0.0044,-0.0014,0.0180,-0.0161,0.0167,0.9997
31.9150,88.37,0.5093,12.2268,-4.3817,359.0438,359.0780,0.0320,-0.0044,-0.0014,0.0176,-0.0161,0.0167,0.9997
31.9350,88.37,0.5093,12.2267,-4.3814,359.0425,359.0775,0.0319,-0.0044,-0.0014,0.0172,-0.0161,0.0167,0.9997
31.9550,88.37,0.5092,12.2267,-4.3810,359.0413,359.0772,0.0318,-0.0044,-0.0014,0.0167,-0.0161,0.0167,0.9997
31.9750,88.37,0.5091,12.2267,-4.3807,359.0401,359.0772,0.0318,-0.0044,-0.0013,0.0162,-0.0161,0.0168,0.9997
31.9950,88.37,0.5090,12.2267,-4.3804,359.0390,359.0773,0.0318,-0.0044,-0.0013,0.0157,-0.0161,0.0168,0.9997
32.0150,88.37,0.5089,12.2266,-4.3801,359.0380,359.0775,0.0319,-0.0045,-0.0013,0.0151,-0.0161,0.0168,0.9997
32.0350,88.37,0.5088,12.2266,-4.3798,359.0370,359.0779,0.0320,-0.0045,-0.0012,0.0145,-0.0161,0.0168,0.9997
32.0550,88.37,0.5087,12.2266,-4.3795,359.0362,359.0783,0.0322,-0.0045,-0.0012,0.0139,-0.0161,0.0168,0.9997
32.0750,88.37,0.5086,12.2266,-4.3793,359.0355,359.0787,0.0323,-0.0046,-0.0012,0.0132,-0.0161,0.0168,0.9997
32.0950,88.37,0.5085,12.2265,-4.3790,359.0348,359.0791,0.0323,-0.0046,-0.0011,0.0125,-0.0161,0.0168,0.9997
32.1150,88.37,0.5084,12.2265,-4.3788,359.0343,359.0795,0.0324,-0.0046,-0.0011,0.0117,-0.0161,0.0169,0.9997
32.1350,88.37,0.5083,12.2265,-4.3785,359.0338,359.0797,0.0323,-0.0047,-0.0011,0.0110,-0.0161,0.0169,0.9997
32.1550,88.37,0.5083,12.2265,-4.3783,359.0335,359.0798,0.0322,-0.0047,-0.0010,0.0102,-0.0161,0.0169,0.9997
32.1750,88.37,0.5082,12.2265,-4.3782,359.0333,359.0797,0.0320,-0.0048,-0.0010,0.0094,-0.0161,0.0169,0.9997
32.1950,88.37,0.5081,12.2264,-4.3780,359.0332,359.0793,0.0317,-0.0048,-0.0009,0.0085,-0.0161,0.0169,0.9997
32.2150,88.37,0.5080,12.2264,-4.3778,359.0332,359.0788,0.0313,-0.0049,-0.0009,0.0077,-0.0161,0.0169,0.9997
32.2350,88.37,0.5079,12.2264,-4.3777,359.0333,359.0780,0.0308,-0.0049,-0.0008,0.0068,-0.0161,0.0169,0.9997
32.2550,88.37,0.5078,12.2264,-4.3776,359.0334,359.0769,0.0301,-0.0050,-0.0008,0.0059,-0.0161,0.0169,0.9997
32.2750,88.37,0.5077,12.2264,-4.3775,359.0337,359.0756,0.0294,-0.0050,-0.0007,0.0049,-0.0161,0.0169,0.9997
32.2950,88.37,0.5076,12.2264,-4.3774,359.0340,359.0741,0.0285,-0.0051,-0.0007,0.0040,-0.0162,0.0169,0.9997
32.3150,88.37,0.5075,12.2264,-4.3773,359.0344,359.0723,0.0276,-0.0051,-0.0006,0.0031,-0.0162,0.0169,0.9997
32.3350,88.37,0.5074,12.2263,-4.3773,359.0348,359.0704,0.0265,-0.0051,-0.0006,0.0021,-0.0162,0.0168,0.9997
32.3550,88.37,0.5073,12.2263,-4.3773,359.0352,359.0683,0.0254,-0.0052,-0.0005,0.0011,-0.0163,0.0168,0.9997
32.3750,88.37,0.5071,12.2263,-4.3773,359.0357,359.0660,0.0242,-0.0052,-0.0005,0.0002,-0.0163,0.0168,0.9997
32.3950,88.37,0.5070,12.2263,-4.3773,359.0363,359.0637,0.0230,-0.0052,-0.0004,-0.0008,-0.0163,0.0168,0.9997
32.4150,91.99,0.5069,12.2263,-4.3773,359.0369,359.0613,0.0217,-0.0052,-0.0004,-0.0018,-0.0164,0.0168,0.9997
32.4350,91.99,0.5068,12.2263,-4.3774,359.0376,359.0590,0.0205,-0.0052,-0.0003,-0.0027,-0.0164,0.0168,0.9997
32.4550,91.99,0.5067,12.2263,-4.3775,359.0383,359.0566,0.0192,-0.0052,-0.0002,-0.0037,-0.0165,0.0168,0.9997
32.4750,91.99,0.5066,12.2263,-4.3775,359.0391,359.0543,0.0179,-0.0052,-0.0002,-0.0047,-0.0165,0.0168,0.9997
32.4950,91.99,0.5065,12.2263,-4.3777,359.0399,359.0521,0.0167,-0.0052,-0.0001,-0.0056,-0.0165,0.0168,0.9997
32.5150,91.99,0.5064,12.2263,-4.3778,359.0409,359.0500,0.0155,-0.0051,-0.0001,-0.0066,-0.0166,0.0167,0.9997
32.5350,91.99,0.5063,12.2263,-4.3779,359.0419,359.0480,0.0143,-0.0051,0.0000,-0.0075,-0.0166,0.0167,0.9997
32.5550,91.99,0.5062,12.2263,-4.3781,359.0430,359.0461,0.0132,-0.0051,0.0001,-0.0084,-0.0166,0.0167,0.9997
32.5750,91.99,0.5061,12.2263,-4.3783,359.0443,359.0443,0.0121,-0.0050,0.0001,-0.0093,-0.0167,0.0167,0.9997
32.5950,91.99,0.5060,12.2263,-4.3785,359.0457,359.0427,0.0110,-0.0050,0.0002,-0.0102,-0.0167,0.0167,0.9997
32.6150,91.99,0.5059,12.2263,-4.3787,359.0472,359.0411,0.0100,-0.0050,0.0002,-0.0111,-0.0167,0.0166,0.9997
32.6350,91.99,0.5058,12.2263,-4.3790,359.0489,359.0397,0.0090,-0.0049,0.0003,-0.0119,-0.0168,0.0166,0.9997
32.6550,91.99,0.5057,12.2263,-4.3792,359.0507,359.0383,0.0081,-0.0049,0.0003,-0.0127,-0.0168,0.0166,0.9997
32.6750,91.99,0.5056,12.2263,-4.3795,359.0527,359.0370,0.0071,-0.0048,0.0004,-0.0135,-0.0168,0.0165,0.9997
32.6950,91.99,0.5055,12.2263,-4.3798,359.0548,359.0357,0.0062,-0.0048,0.0005,-0.0142,-0.0168,0.0165,0.9997
32.7150,91.99,0.5054,12.2263,-4.3801,359.0571,359.0345,0.0053,-0.0047,0.0005,-0.0149,-0.0168,0.0165,0.9997
32.7350,91.99,0.5053,12.2263,-4.3804,359.0596,359.0332,0.0044,-0.0047,0.0006,-0.0156,-0.0169,0.0164,0.9997
32.7550,91.99,0.5053,12.2264,-4.3807,359.0623,359.0319,0.0034,-0.0046,0.0006,-0.0162,-0.0169,0.0164,0.9997
32.7750,91.99,0.5052,12.2264,-4.3810,359.0651,359.0305,0.0024,-0.0045,0.0007,-0.0168,-0.0169,0.0163,0.9997
32.7950,91.99,0.5051,12.2264,-4.3814,359.0681,359.0290,0.0014,-0.0045,0.0007,-0.0173,-0.0169,0.0163,0.9997
32.8150,91.99,0.5050,12.2264,-4.3817,359.0712,359.0273,0.0003,-0.0044,0.0007,-0.0178,-0.0170,0.0162,0.9997
32.8350,91.99,0.5049,12.2264,-4.3821,359.0744,359.0255,-0.0008,-0.0044,0.0008,-0.0182,-0.0170,0.0162,0.9997
32.8550,91.99,0.5048,12.2264,-4.3825,359.0777,359.0235,-0.0020,-0.0043,0.0008,-0.0186,-0.0170,0.0161,0.9997
32.8750,91.99,0.5047,12.2265,-4.3829,359.0812,359.0213,-0.0033,-0.0043,0.0009,-0.0189,-0.0171,0.0160,0.9997
32.8950,91.99,0.5046,12.2265,-4.3832,359.0847,359.0190,-0.0046,-0.0042,0.0009,-0.0192,-0.0171,0.0160,0.9997
32.9150,91.99,0.5046,12.2265,-4.3836,359.0882,359.0164,359.9940,-0.0041,0.0009,-0.0194,-0.0172,0.0159,0.9997
32.9350,91.99,0.5045,12.2265,-4.3840,359.0918,359.0138,359.9925,-0.0040,0.0009,-0.0195,-0.0172,0.0159,0.9997
32.9550,91.99,0.5044,12.2265,-4.3844,359.0954,359.0110,359.9910,-0.0040,0.0010,-0.0196,-0.0173,0.0158,0.9997
32.9750,91.99,0.5043,12.2265,-4.3848,359.0990,359.0082,359.9894,-0.0039,0.0010,-0.0196,-0.0173,0.0157,0.9997
32.9950,91.99,0.5042,12.2266,-4.3852,359.1025,359.0054,359.9879,-0.0038,0.0010,-0.0196,-0.0174,0.0157,0.9997
33.0150,91.99,0.5042,12.2266,-4.3856,359.1060,359.0026,359.9864,-0.0037,0.0010,-0.0194,-0.0174,0.0156,0.9997
33.0350,91.99,0.5041,12.2266,-4.3860,359.1094,358.9998,359.9849,-0.0036,0.0010,-0.0193,-0.0175,0.0155,0.9997
33.0550,91.99,0.5040,12.2266,-4.3863,359.1127,358.9971,359.9834,-0.0034,0.0010,-0.0190,-0.0175,0.0155,0.9997
33.0750,91.99,0.5040,12.2266,-4.3867,359.1159,358.9946,359.9820,-0.0033,0.0010,-0.0188,-0.0175,0.0154,0.9997
33.0950,91.99,0.5039,12.2267,-4.3871,359.1190,358.9923,359.9807,-0.0032,0.0010,-0.0184,-0.0176,0.0154,0.9997
33.1150,91.99,0.5038,12.2267,-4.3875,359.1220,358.9903,359.9795,-0.0030,0.0010,-0.0180,-0.0176,0.0153,0.9997
33.1350,91.99,0.5038,12.2267,-4.3878,359.1249,358.9886,359.9785,-0.0029,0.0010,-0.0175,-0.0176,0.0153,0.9997
33.1550,91.99,0.5037,12.2267,-4.3881,359.1277,358.9872,359.9775,-0.0027,0.0010,-0.0170,-0.0177,0.0152,0.9997
33.1750,91.99,0.5037,12.2267,-4.3885,359.1303,358.9863,359.9767,-0.0026,0.0010,-0.0164,-0.0177,0.0152,0.9997
33.1950,91.99,0.5036,12.2268,-4.3888,359.1328,358.9858,359.9761,-0.0024,0.0010,-0.0158,-0.0177,0.0151,0.9997
33.2150,91.99,0.5036,12.2268,-4.3891,359.1352,358.9858,359.9757,-0.0022,0.0010,-0.0152,-0.0177,0.0151,0.9997
33.2350,91.99,0.5035,12.2268,-4.3894,359.1374,358.9865,359.9756,-0.0020,0.0010,-0.0144,-0.0177,0.0151,0.9997
33.2550,91.99,0.5035,12.2268,-4.3897,359.1395,358.9877,359.9756,-0.0019,0.0009,-0.0137,-0.0177,0.0150,0.9997
33.2750,91.99,0.5035,12.2268,-4.3899,359.1414,358.9895,359.9760,-0.0017,0.0009,-0.0129,-0.0176,0.0150,0.9997
33.2950,91.99,0.5034,12.2269,-4.3902,359.1431,358.9921,359.9766,-0.0015,0.0009,-0.0120,-0.0176,0.0150,0.9997
33.3150,91.99,0.5034,12.2269,-4.3904,359.1446,358.9952,359.9774,-0.0013,0.0009,-0.0111,-0.0175,0.0149,0.9997
33.3350,91.99,0.5034,12.2269,-4.3906,359.1460,358.9991,359.9786,-0.0011,0.0008,-0.0102,-0.0175,0.0149,0.9997
33.3550,91.99,0.5034,12.2269,-4.3908,359.1472,359.0036,359.9799,-0.0010,0.0008,-0.0093,-0.0174,0.0149,0.9997
33.3750,91.99,0.5034,12.2269,-4.3909,359.1483,359.0086,359.9815,-0.0008,0.0007,-0.0083,-0.0173,0.0149,0.9997
33.3950,91.99,0.5033,12.2269,-4.3911,359.1491,359.0142,359.9833,-0.0007,0.0007,-0.0073,-0.0172,0.0148,0.9997
33.4150,93.93,0.5033,12.2270,-4.3912,359.1498,359.0202,359.9853,-0.0005,0.0007,-0.0062,-0.0171,0.0148,0.9997
33.4350,93.93,0.5033,12.2270,-4.3913,359.1504,359.0265,359.9874,-0.0004,0.0006,-0.0052,-0.0170,0.0148,0.9997
33.4550,93.93,0.5033,12.2270,-4.3914,359.1507,359.0331,359.9896,-0.0003,0.0006,-0.0041,-0.0169,0.0148,0.9997
33.4750,93.93,0.5033,12.2270,-4.3914,359.1509,359.0399,359.9919,-0.0002,0.0005,-0.0031,-0.0168,0.0148,0.9997
33.4950,93.93,0.5033,12.2270,-4.3915,359.1510,359.0468,359.9942,-0.0001,0.0005,-0.0020,-0.0166,0.0148,0.9998
33.5150,93.93,0.5033,12.2270,-4.3915,359.1508,359.0536,-0.0035,-0.0001,0.0004,-0.0009,-0.0165,0.0148,0.9998
33.5350,93.93,0.5033,12.2270,-4.3915,359.1506,359.0604,-0.0012,0.0000,0.0004,0.0002,-0.0164,0.0148,0.9998
33.5550,93.93,0.5033,12.2270,-4.3915,359.1502,359.0670,0.0011,0.0000,0.0003,0.0013,-0.0163,0.0148,0.9998
33.5750,93.93,0.5033,12.2270,-4.3914,359.1496,359.0734,0.0032,0.0000,0.0003,0.0023,-0.0162,0.0148,0.9998
33.5950,93.93,0.5033,12.2270,-4.3914,359.1490,359.0795,0.0053,0.0000,0.0003,0.0034,-0.0161,0.0149,0.9998
33.6150,93.93,0.5033,12.2270,-4.3913,359.1481,359.0852,0.0072,0.0001,0.0002,0.0044,-0.0160,0.0149,0.9998
33.6350,93.93,0.5033,12.2270,-4.3912,359.1472,359.0906,0.0090,0.0000,0.0002,0.0055,-0.0159,0.0149,0.9998
33.6550,93.93,0.5033,12.2270,-4.3910,359.1461,359.0956,0.0106,0.0000,0.0001,0.0065,-0.0158,0.0149,0.9998
33.6750,93.93,0.5033,12.2270,-4.3909,359.1449,359.1001,0.0121,0.0000,0.0001,0.0075,-0.0157,0.0149,0.9998
33.6950,93.93,0.5033,12.2270,-4.3907,359.1436,359.1041,0.0133,0.0000,0.0000,0.0084,-0.0156,0.0149,0.9998
33.7150,93.93,0.5033,12.2270,-4.3905,359.1423,359.1075,0.0144,-0.0001,0.0000,0.0094,-0.0156,0.0150,0.9998
33.7350,93.93,0.5033,12.2270,-4.3903,359.1409,359.1105,0.0153,-0.0001,-0.0001,0.0102,-0.0155,0.0150,0.9998
33.7550,93.93,0.5033,12.2270,-4.3901,359.1395,359.1129,0.0160,-0.0001,-0.0001,0.0111,-0.0155,0.0150,0.9998
33.7750,93.93,0.5033,12.2270,-4.3899,359.1380,359.1148,0.0165,-0.0002,-0.0002,0.0119,-0.0154,0.0150,0.9998
33.7950,93.93,0.5033,12.2270,-4.3896,359.1365,359.1161,0.0168,-0.0002,-0.0002,0.0127,-0.0154,0.0151,0.9998
33.8150,93.93,0.5033,12.2270,-4.3893,359.1351,359.1170,0.0169,-0.0003,-0.0003,0.0134,-0.0154,0.0151,0.9998
33.8350,93.93,0.5033,12.2270,-4.3891,359.1336,359.1174,0.0169,-0.0003,-0.0003,0.0141,-0.0154,0.0151,0.9998
33.8550,93.93,0.5033,12.2270,-4.3888,359.1323,359.1174,0.0167,-0.0004,-0.0003,0.0147,-0.0154,0.0151,0.9998
33.8750,93.93,0.5033,12.2270,-4.3885,359.1309,359.1171,0.0164,-0.0004,-0.0004,0.0153,-0.0154,0.0152,0.9998
33.8950,93.93,0.5033,12.2270,-4.3881,359.1296,359.1165,0.0160,-0.0004,-0.0004,0.0158,-0.0154,0.0152,0.9998
33.9150,93.93,0.5033,12.2270,-4.3878,359.1283,359.1156,0.0155,-0.0004,-0.0004,0.0163,-0.0154,0.0152,0.9998
33.9350,93.93,0.5032,12.2270,-4.3875,359.1271,359.1145,0.0149,-0.0005,-0.0005,0.0167,-0.0155,0.0152,0.9998
33.9550,93.93,0.5032,12.2270,-4.3871,359.1259,359.1133,0.0143,-0.0005,-0.0005,0.0170,-0.0155,0.0153,0.9998
33.9750,93.93,0.5032,12.2270,-4.3868,359.1247,359.1121,0.0137,-0.0005,-0.0005,0.0174,-0.0155,0.0153,0.9998
33.9950,93.93,0.5032,12.2269,-4.3864,359.1236,359.1107,0.0131,-0.0005,-0.0005,0.0176,-0.0155,0.0153,0.9998
34.0150,93.93,0.5032,12.2269,-4.3861,359.1224,359.1094,0.0125,-0.0005,-0.0006,0.0178,-0.0155,0.0153,0.9998
34.0350,93.93,0.5032,12.2269,-4.3857,359.1213,359.1081,0.0119,-0.0005,-0.0006,0.0180,-0.0156,0.0153,0.9998
34.0550,93.93,0.5032,12.2269,-4.3854,359.1201,359.1068,0.0113,-0.0004,-0.0006,0.0181,-0.0156,0.0154,0.9998
34.0750,93.93,0.5032,12.2269,-4.3850,359.1190,359.1055,0.0108,-0.0004,-0.0006,0.0182,-0.0156,0.0154,0.9998
34.0950,93.93,0.5032,12.2269,-4.3846,359.1177,359.1043,0.0103,-0.0004,-0.0006,0.0182,-0.0156,0.0154,0.9998
34.1150,93.93,0.5032,12.2269,-4.3843,359.1165,359.1031,0.0098,-0.0004,-0.0006,0.0181,-0.0157,0.0154,0.9998
34.1350,93.93,0.5032,12.2269,-4.3839,359.1152,359.1019,0.0093,-0.0004,-0.0006,0.0180,-0.0157,0.0154,0.9998
34.1550,93.93,0.5032,12.2268,-4.3836,359.1139,359.1008,0.0088,-0.0004,-0.0006,0.0179,-0.0157,0.0155,0.9998
34.1750,93.93,0.5031,12.2268,-4.3832,359.1125,359.0997,0.0083,-0.0003,-0.0006,0.0177,-0.0157,0.0155,0.9998
34.1950,93.93,0.5031,12.2268,-4.3829,359.1110,359.0988,0.0079,-0.0003,-0.0006,0.0174,-0.0157,0.0155,0.9998
34.2150,93.93,0.5031,12.2268,-4.3825,359.1095,359.0979,0.0074,-0.0003,-0.0006,0.0171,-0.0157,0.0155,0.9998
34.2350,93.93,0.5031,12.2268,-4.3822,359.1079,359.0972,0.0070,-0.0003,-0.0006,0.0168,-0.0158,0.0156,0.9998
34.2550,93.93,0.5031,12.2268,-4.3819,359.1063,359.0966,0.0065,-0.0003,-0.0006,0.0164,-0.0158,0.0156,0.9998
34.2750,93.93,0.5031,12.2268,-4.3815,359.1046,359.0963,0.0059,-0.0002,-0.0006,0.0160,-0.0158,0.0156,0.9998
34.2950,93.93,0.5031,12.2268,-4.3812,359.1029,359.0961,0.0054,-0.0002,-0.0006,0.0155,-0.0158,0.0157,0.9998
34.3150,93.93,0.5031,12.2268,-4.3809,359.1011,359.0962,0.0048,-0.0002,-0.0006,0.0149,-0.0158,0.0157,0.9998
34.3350,93.93,0.5031,12.2267,-4.3806,359.0994,359.0966,0.0041,-0.0002,-0.0005,0.0144,-0.0158,0.0157,0.9998
34.3550,93.93,0.5031,12.2267,-4.3804,359.0976,359.0972,0.0033,-0.0002,-0.0005,0.0138,-0.0158,0.0157,0.9998
34.3750,93.93,0.5031,12.2267,-4.3801,359.0959,359.0980,0.0025,-0.0002,-0.0005,0.0131,-0.0157,0.0158,0.9998
34.3950,93.93,0.5031,12.2267,-4.3799,359.0941,359.0991,0.0017,-0.0001,-0.0005,0.0124,-0.0157,0.0158,0.9998
34.4150,112.62,0.5031,12.2267,-4.3796,359.0924,359.1003,0.0007,-0.0001,-0.0004,0.0117,-0.0157,0.0158,0.9998
34.4350,112.62,0.5031,12.2267,-4.3794,359.0909,359.1018,-0.0002,-0.0001,-0.0004,0.0109,-0.0157,0.0159,0.9998
34.4550,112.62,0.5031,12.2267,-4.3792,359.0893,359.1035,-0.0013,0.0000,-0.0004,0.0101,-0.0156,0.0159,0.9998
34.4750,112.62,0.5031,12.2267,-4.3790,359.0879,359.1052,-0.0023,0.0000,-0.0003,0.0093,-0.0156,0.0159,0.9998
34.4950,112.62,0.5031,12.2267,-4.3788,359.0866,359.1071,-0.0034,0.0000,-0.0003,0.0085,-0.0156,0.0159,0.9998
34.5150,112.62,0.5031,12.2267,-4.3787,359.0855,359.1090,-0.0045,0.0001,-0.0003,0.0076,-0.0155,0.0160,0.9998
34.5350,112.62,0.5031,12.2267,-4.3786,359.0844,359.1109,-0.0056,0.0002,-0.0002,0.0067,-0.0155,0.0160,0.9998
34.5550,112.62,0.5031,12.2267,-4.3784,359.0836,359.1128,359.9934,0.0002,-0.0002,0.0058,-0.0155,0.0160,0.9998
34.5750,112.62,0.5031,12.2267,-4.3783,359.0828,359.1146,359.9923,0.0003,-0.0001,0.0048,-0.0155,0.0160,0.9998
34.5950,112.62,0.5031,12.2267,-4.3783,359.0822,359.1162,359.9914,0.0004,-0.0001,0.0039,-0.0154,0.0160,0.9998
34.6150,112.62,0.5031,12.2267,-4.3782,359.0818,359.1178,359.9904,0.0005,-0.0001,0.0030,-0.0154,0.0160,0.9998
34.6350,112.62,0.5031,12.2267,-4.3782,359.0815,359.1191,359.9896,0.0005,0.0000,0.0020,-0.0154,0.0160,0.9998
34.6550,112.62,0.5031,12.2267,-4.3781,359.0814,359.1202,359.9888,0.0006,0.0000,0.0010,-0.0154,0.0160,0.9998
34.6750,112.62,0.5032,12.2267,-4.3781,359.0814,359.1211,359.9881,0.0007,0.0001,0.0001,-0.0153,0.0160,0.9998
34.6950,112.62,0.5032,12.2267,-4.3782,359.0816,359.1216,359.9875,0.0008,0.0001,-0.0009,-0.0153,0.0160,0.9998
34.7150,112.62,0.5032,12.2267,-4.3782,359.0819,359.1217,359.9869,0.0009,0.0002,-0.0019,-0.0153,0.0160,0.9998
34.7350,112.62,0.5032,12.2267,-4.3783,359.0824,359.1215,359.9865,0.0010,0.0002,-0.0029,-0.0153,0.0160,0.9998
34.7550,112.62,0.5032,12.2267,-4.3783,359.0830,359.1208,359.9861,0.0011,0.0003,-0.0038,-0.0153,0.0160,0.9998
34.7750,112.62,0.5033,12.2267,-4.3784,359.0838,359.1198,359.9858,0.0012,0.0003,-0.0048,-0.0154,0.0160,0.9998
34.7950,112.62,0.5033,12.2267,-4.3785,359.0847,359.1182,359.9855,0.0013,0.0004,-0.0057,-0.0154,0.0160,0.9998
34.8150,1.37,0.5033,12.2267,-4.3787,359.0857,359.1162,359.9853,0.0014,0.0005,-0.0067,-0.0154,0.0160,0.9998
34.8350,1.37,0.5034,12.2267,-4.3788,359.0869,359.1137,359.9851,0.0015,0.0005,-0.0076,-0.0155,0.0159,0.9998
34.8550,1.37,0.5034,12.2267,-4.3790,359.0882,359.1107,359.9849,0.0016,0.0006,-0.0085,-0.0155,0.0159,0.9998
34.8750,1.37,0.5034,12.2267,-4.3792,359.0897,359.1074,359.9847,0.0017,0.0006,-0.0094,-0.0156,0.0159,0.9998
34.8950,1.37,0.5035,12.2267,-4.3794,359.0912,359.1038,359.9845,0.0018,0.0007,-0.0103,-0.0156,0.0159,0.9998
34.9150,1.37,0.5035,12.2268,-4.3796,359.0929,359.0998,359.9843,0.0019,0.0007,-0.0112,-0.0157,0.0158,0.9998
34.9350,1.37,0.5035,12.2268,-4.3799,359.0947,359.0955,359.9841,0.0020,0.0008,-0.0120,-0.0158,0.0158,0.9998
34.9550,1.37,0.5036,12.2268,-4.3801,359.0966,359.0911,359.9839,0.0021,0.0008,-0.0128,-0.0159,0.0158,0.9997
34.9750,1.37,0.5036,12.2268,-4.3804,359.0986,359.0865,359.9836,0.0021,0.0009,-0.0136,-0.0159,0.0157,0.9997
34.9950,1.37,0.5037,12.2268,-4.3807,359.1006,359.0819,359.9834,0.0022,0.0009,-0.0144,-0.0160,0.0157,0.9997
35.0150,1.37,0.5037,12.2268,-4.3810,359.1028,359.0773,359.9832,0.0023,0.0010,-0.0151,-0.0161,0.0157,0.9997
35.0350,1.37,0.5038,12.2269,-4.3813,359.1050,359.0728,359.9830,0.0024,0.0010,-0.0158,-0.0162,0.0156,0.9997
35.0550,1.37,0.5038,12.2269,-4.3816,359.1073,359.0684,359.9828,0.0025,0.0010,-0.0165,-0.0163,0.0156,0.9997
35.0750,1.37,0.5039,12.2269,-4.3820,359.1097,359.0641,359.9826,0.0026,0.0011,-0.0172,-0.0163,0.0155,0.9997
35.0950,1.37,0.5039,12.2269,-4.3823,359.1121,359.0600,359.9825,0.0027,0.0011,-0.0178,-0.0164,0.0155,0.9997
35.1150,1.37,0.5040,12.2270,-4.3827,359.1146,359.0562,359.9825,0.0028,0.0012,-0.0184,-0.0165,0.0155,0.9997
