Time(s),FPS,PosX,PosY,PosZ,RotX,RotY,RotZ,VelX,VelY,VelZ,DirX,DirY,DirZ
-0.2015,0.00,0.0000,5.0000,0.0000,0.0000,0.0000,0.0000,0.0000,0.0000,0.0000,0.0000,0.0000,1.0000
-0.1815,0.00,0.0000,4.9964,0.0000,-0.0003,0.0000,0.0000,0.0000,-0.1809,0.0001,0.0000,0.0000,1.0000
-0.1615,0.00,0.0000,4.9892,0.0000,-0.0008,0.0001,-0.0001,0.0000,-0.3612,0.0001,0.0000,0.0000,1.0000
-0.1415,0.00,0.0000,4.9783,0.0000,-0.0016,0.0001,-0.0001,0.0000,-0.5408,0.0002,0.0000,0.0000,1.0000
-0.1215,0.00,0.0000,4.9639,0.0000,-0.0027,0.0002,-0.0002,0.0000,-0.7198,0.0002,0.0000,0.0000,1.0000
-0.1015,0.00,0.0000,4.9460,0.0000,-0.0040,0.0003,-0.0003,0.0000,-0.8980,0.0003,0.0000,0.0001,1.0000
-0.0815,0.00,0.0000,4.9245,0.0000,-0.0056,0.0004,-0.0005,0.0000,-1.0757,0.0003,0.0000,0.0001,1.0000
-0.0615,0.00,0.0000,4.8994,0.0000,359.9925,0.0005,-0.0006,0.0000,-1.2526,0.0004,0.0000,0.0001,1.0000
-0.0415,0.00,0.0000,4.8708,0.0000,359.9904,0.0006,-0.0008,0.0000,-1.4289,0.0004,0.0000,0.0002,1.0000
-0.0215,0.00,0.0000,4.8387,0.0000,359.9880,0.0008,-0.0010,0.0000,-1.6046,0.0005,0.0000,0.0002,1.0000
-0.0015,0.00,0.0000,4.8032,0.0001,359.9854,0.0009,-0.0012,0.0000,-1.7796,0.0005,0.0000,0.0003,1.0000
0.0185,1.81,0.0000,4.7641,0.0001,359.9826,0.0011,-0.0015,-0.0001,-1.9539,0.0006,0.0000,0.0003,1.0000
0.0385,1.81,0.0000,4.7215,0.0001,359.9795,0.0013,-0.0018,-0.0001,-2.1276,0.0006,0.0000,0.0004,1.0000
0.0585,1.81,0.0000,4.6755,0.0001,359.9762,0.0015,-0.0020,-0.0001,-2.3007,0.0007,0.0000,0.0004,1.0000
0.0785,1.81,0.0000,4.6261,0.0001,359.9727,0.0017,-0.0023,-0.0001,-2.4731,0.0007,0.0000,0.0005,1.0000
0.0985,1.81,0.0000,4.5732,0.0001,359.9689,0.0020,-0.0027,-0.0001,-2.6449,0.0008,0.0000,0.0005,1.0000
0.1185,1.81,0.0000,4.5168,0.0001,359.9648,0.0022,-0.0030,-0.0001,-2.8160,0.0008,0.0000,0.0006,1.0000
0.1385,1.81,0.0000,4.4571,0.0002,359.9606,0.0025,-0.0034,-0.0001,-2.9866,0.0009,0.0000,0.0007,1.0000
0.1585,1.81,0.0000,4.3940,0.0002,359.9561,0.0028,-0.0038,-0.0001,-3.1564,0.0009,0.0000,0.0008,1.0000
0.1785,1.81,0.0000,4.3275,0.0002,359.9514,0.0031,-0.0042,-0.0001,-3.3257,0.0010,0.0001,0.0008,1.0000
0.1985,1.81,0.0000,4.2576,0.0002,359.9466,0.0034,-0.0046,-0.0001,-3.4943,0.0010,0.0001,0.0009,1.0000
0.2185,1.81,0.0000,4.1843,0.0002,359.9414,0.0037,-0.0050,-0.0001,-3.6623,0.0010,0.0001,0.0010,1.0000
0.2385,1.81,0.0000,4.1077,0.0003,359.9361,0.0041,-0.0055,-0.0001,-3.8297,0.0011,0.0001,0.0011,1.0000
0.2585,1.81,0.0000,4.0278,0.0003,359.9306,0.0044,359.9940,-0.0001,-3.9964,0.0011,0.0001,0.0012,1.0000
0.2785,1.81,0.0000,3.9446,0.0003,359.9248,0.0048,359.9935,-0.0001,-4.1626,0.0012,0.0001,0.0013,1.0000
0.2985,1.81,0.0000,3.8580,0.0003,359.9189,0.0052,359.9930,-0.0001,-4.3281,0.0012,0.0001,0.0014,1.0000
0.3185,1.81,0.0000,3.7681,0.0004,359.9128,0.0056,359.9925,-0.0001,-4.4930,0.0012,0.0001,0.0015,1.0000
0.3385,1.81,0.0000,3.6750,0.0004,359.9064,0.0060,359.9919,-0.0001,-4.6573,0.0013,0.0001,0.0016,1.0000
0.3585,1.81,0.0000,3.5786,0.0004,359.8999,0.0064,359.9914,-0.0001,-4.8210,0.0013,0.0001,0.0017,1.0000
0.3785,1.81,0.0000,3.4789,0.0004,359.8932,0.0068,359.9908,-0.0001,-4.9841,0.0013,0.0001,0.0019,1.0000
0.3985,1.81,0.0000,3.3759,0.0005,359.8863,0.0072,359.9902,-0.0001,-5.1466,0.0014,0.0001,0.0020,1.0000
0.4185,1.81,0.0000,3.2698,0.0005,359.8792,0.0077,359.9896,-0.0001,-5.3085,0.0014,0.0001,0.0021,1.0000
0.4385,1.81,0.0000,3.1604,0.0005,359.8719,0.0082,359.9890,-0.0001,-5.4697,0.0014,0.0001,0.0022,1.0000
0.4585,1.81,0.0000,3.0478,0.0005,359.8644,0.0086,359.9883,-0.0001,-5.6304,0.0015,0.0002,0.0024,1.0000
0.4785,1.81,-0.0001,2.9320,0.0006,359.8568,0.0091,359.9877,-0.0001,-5.7905,0.0015,0.0002,0.0025,1.0000
0.4985,1.81,-0.0001,2.8130,0.0006,359.8490,0.0096,359.9870,-0.0001,-5.9500,0.0015,0.0002,0.0026,1.0000
0.5185,1.81,-0.0001,2.6908,0.0006,359.8410,0.0101,359.9863,-0.0001,-6.1089,0.0016,0.0002,0.0028,1.0000
0.5385,1.81,-0.0001,2.5654,0.0007,359.8329,0.0107,359.9856,-0.0001,-6.2672,0.0016,0.0002,0.0029,1.0000
0.5585,1.81,-0.0001,2.4369,0.0007,359.8245,0.0112,359.9849,-0.0001,-6.4250,0.0016,0.0002,0.0031,1.0000
0.5785,1.81,-0.0001,2.3053,0.0007,359.8160,0.0118,359.9842,-0.0001,-6.5821,0.0017,0.0002,0.0032,1.0000
0.5985,1.81,-0.0001,2.1705,0.0008,359.8074,0.0123,359.9834,-0.0002,-6.7387,0.0017,0.0002,0.0034,1.0000
0.6185,1.81,-0.0001,2.0326,0.0008,359.7986,0.0129,359.9827,-0.0002,-6.8947,0.0017,0.0002,0.0035,1.0000
0.6385,1.81,-0.0001,1.8916,0.0008,359.7897,0.0135,359.9819,-0.0002,-7.0501,0.0017,0.0002,0.0037,1.0000
0.6585,1.81,-0.0001,1.7475,0.0009,359.7805,0.0140,359.9811,-0.0002,-7.2049,0.0018,0.0002,0.0038,1.0000
0.6785,1.81,-0.0001,1.6004,0.0009,359.7713,0.0146,359.9803,-0.0002,-7.3591,0.0018,0.0003,0.0040,1.0000
0.6985,1.81,-0.0001,1.4501,0.0010,359.7619,0.0152,359.9795,-0.0002,-7.5128,0.0018,0.0003,0.0042,1.0000
0.7185,1.81,-0.0001,1.2968,0.0010,359.7523,0.0159,359.9787,-0.0002,-7.6659,0.0018,0.0003,0.0043,1.0000
0.7385,1.81,-0.0001,1.1404,0.0010,359.7426,0.0165,359.9778,-0.0002,-7.8185,0.0019,0.0003,0.0045,1.0000
0.7585,1.81,-0.0001,0.9810,0.0011,359.7328,0.0171,359.9770,-0.0002,-7.9705,0.0019,0.0003,0.0047,1.0000
0.7785,1.81,-0.0001,0.8186,0.0011,359.7228,0.0178,359.9761,-0.0002,-8.1219,0.0019,0.0003,0.0048,1.0000
0.7985,1.81,-0.0001,0.6531,0.0011,359.7127,0.0184,359.9753,-0.0002,-8.2728,0.0019,0.0003,0.0050,1.0000
0.8185,1.81,-0.0001,0.4846,0.0012,359.7025,0.0191,359.9744,-0.0002,-8.4231,0.0020,0.0003,0.0052,1.0000
0.8385,1.81,-0.0001,0.3132,0.0012,359.6921,0.0198,359.9735,-0.0002,-8.5728,0.0020,0.0003,0.0054,1.0000
0.8585,1.81,-0.0001,0.1387,0.0013,359.6816,0.0204,359.9726,-0.0002,-8.7220,0.0020,0.0004,0.0056,1.0000
0.8785,1.81,-0.0001,-0.0387,0.0013,359.6710,0.0211,359.9717,-0.0002,-8.8706,0.0020,0.0004,0.0057,1.0000
0.8985,1.81,-0.0002,0.0375,0.0011,359.9343,0.0219,-0.0057,0.0081,-0.0841,0.0045,0.0004,0.0011,1.0000
0.9185,1.81,-0.0001,0.0527,0.0011,359.9870,0.0228,-0.0013,-0.0022,0.0918,-0.0019,0.0004,0.0002,1.0000
0.9385,1.81,-0.0002,0.0559,0.0012,-0.0026,0.0221,0.0019,-0.0027,0.0641,-0.0008,0.0004,0.0000,1.0000
0.9585,1.81,-0.0002,0.0564,0.0012,-0.0005,0.0220,0.0004,-0.0003,0.0000,0.0001,0.0004,0.0000,1.0000
0.9785,1.81,-0.0002,0.0565,0.0012,-0.0001,0.0219,0.0001,-0.0001,-0.0002,-0.0001,0.0004,0.0000,1.0000
0.9985,1.81,-0.0002,0.0565,0.0012,0.0000,0.0219,0.0000,0.0000,0.0000,0.0000,0.0004,0.0000,1.0000
1.0185,110.79,-0.0002,0.0566,0.0012,0.0000,0.0219,-0.0001,0.0000,0.0000,0.0000,0.0004,0.0000,1.0000
1.0385,110.79,-0.0002,0.0566,0.0012,0.0000,0.0219,0.0000,0.0000,0.0000,0.0000,0.0004,0.0000,1.0000
1.0585,110.79,-0.0002,0.0566,0.0012,0.0000,0.0219,0.0000,0.0000,0.0000,0.0000,0.0004,0.0000,1.0000
1.0785,110.79,-0.0002,0.0566,0.0012,0.0001,0.0219,0.0000,0.0000,0.0000,0.0000,0.0004,0.0000,1.0000
1.0985,110.79,-0.0002,0.0566,0.0012,0.0000,0.0219,0.0000,0.0000,-0.0002,0.0000,0.0004,0.0000,1.0000
1.1185,110.79,-0.0002,0.0566,0.0012,0.0000,0.0219,0.0000,0.0000,0.0000,0.0000,0.0004,0.0000,1.0000
1.1385,110.79,-0.0002,0.0566,0.0012,0.0000,0.0219,0.0000,0.0000,0.0000,0.0000,0.0004,0.0000,1.0000
1.1585,110.79,-0.0002,0.0566,0.0012,0.0000,0.0219,0.0000,0.0000,0.0000,0.0000,0.0004,0.0000,1.0000
1.1785,110.79,-0.0002,0.0566,0.0012,0.0001,0.0219,0.0000,0.0000,0.0000,0.0000,0.0004,0.0000,1.0000
1.1985,110.79,-0.0002,0.0566,0.0012,0.0000,0.0219,0.0000,0.0000,-0.0002,0.0000,0.0004,0.0000,1.0000
1.2185,110.79,-0.0002,0.0566,0.0012,0.0000,0.0219,-0.0001,0.0000,0.0000,0.0000,0.0004,0.0000,1.0000
1.2385,110.79,-0.0002,0.0566,0.0012,0.0000,0.0219,0.0000,0.0000,0.0000,0.0000,0.0004,0.0000,1.0000
1.2585,110.79,-0.0002,0.0566,0.0012,0.0000,0.0219,-0.0001,0.0000,0.0000,0.0000,0.0004,0.0000,1.0000
1.2785,110.79,-0.0002,0.0566,0.0012,0.0000,0.0219,0.0000,0.0000,-0.0001,0.0000,0.0004,0.0000,1.0000
1.2985,110.79,-0.0002,0.0566,0.0012,0.0000,0.0219,-0.0001,0.0000,0.0000,0.0000,0.0004,0.0000,1.0000
1.3185,110.79,-0.0002,0.0566,0.0012,0.0000,0.0219,0.0000,0.0000,-0.0001,0.0000,0.0004,0.0000,1.0000
1.3385,110.79,-0.0002,0.0566,0.0012,0.0000,0.0219,0.0000,0.0000,0.0000,0.0000,0.0004,0.0000,1.0000
1.3585,110.79,-0.0002,0.0566,0.0012,0.0000,0.0219,0.0000,0.0000,0.0000,0.0000,0.0004,0.0000,1.0000
1.3785,110.79,-0.0002,0.0566,0.0012,0.0000,0.0219,-0.0001,0.0000,0.0000,0.0000,0.0004,0.0000,1.0000
1.3985,110.79,-0.0002,0.0566,0.0012,0.0000,0.0219,0.0000,0.0000,0.0000,0.0000,0.0004,0.0000,1.0000
1.4185,110.79,-0.0002,0.0566,0.0012,0.0000,0.0219,0.0000,0.0000,0.0000,0.0000,0.0004,0.0000,1.0000
1.4385,110.79,-0.0002,0.0566,0.0012,0.0000,0.0219,0.0000,0.0000,0.0000,0.0000,0.0004,0.0000,1.0000
1.4585,110.79,-0.0002,0.0566,0.0012,0.0000,0.0219,0.0000,0.0000,0.0000,0.0000,0.0004,0.0000,1.0000
1.4785,110.79,-0.0002,0.0566,0.0012,0.0000,0.0219,0.0000,0.0000,0.0000,0.0000,0.0004,0.0000,1.0000
1.4985,110.79,-0.0002,0.0566,0.0012,0.0000,0.0219,0.0000,0.0000,0.0000,0.0000,0.0004,0.0000,1.0000
1.5185,110.79,-0.0002,0.0566,0.0012,0.0000,0.0219,0.0000,0.0000,0.0000,0.0000,0.0004,0.0000,1.0000
1.5385,110.79,-0.0002,0.0566,0.0012,0.0000,0.0219,0.0000,0.0000,0.0000,0.0000,0.0004,0.0000,1.0000
1.5585,110.79,-0.0002,0.0566,0.0012,0.0000,0.0219,0.0000,0.0000,0.0000,0.0000,0.0004,0.0000,1.0000
1.5785,110.79,-0.0002,0.0566,0.0012,0.0000,0.0219,0.0000,0.0000,0.0000,0.0000,0.0004,0.0000,1.0000
1.5985,110.79,-0.0002,0.0566,0.0012,0.0000,0.0219,0.0000,0.0000,0.0000,0.0000,0.0004,0.0000,1.0000
1.6185,110.79,-0.0002,0.0566,0.0012,0.0000,0.0219,0.0000,0.0000,0.0000,0.0000,0.0004,0.0000,1.0000
1.6385,110.79,-0.0002,0.0566,0.0012,0.0000,0.0219,0.0000,0.0000,0.0000,0.0000,0.0004,0.0000,1.0000
1.6585,110.79,-0.0002,0.0566,0.0012,0.0000,0.0219,0.0000,0.0000,0.0000,0.0000,0.0004,0.0000,1.0000
1.6785,110.79,-0.0002,0.0566,0.0012,0.0000,0.0219,0.0000,0.0000,0.0000,0.0000,0.0004,0.0000,1.0000
1.6985,110.79,-0.0002,0.0566,0.0012,0.0000,0.0219,0.0000,0.0000,0.0000,0.0000,0.0004,0.0000,1.0000
1.7185,110.79,-0.0002,0.0566,0.0012,0.0000,0.0219,0.0000,0.0000,0.0000,0.0000,0.0004,0.0000,1.0000
1.7385,110.79,-0.0002,0.0566,0.0012,0.0000,0.0219,0.0000,0.0000,0.0000,0.0000,0.0004,0.0000,1.0000
1.7585,110.79,-0.0002,0.0566,0.0012,0.0000,0.0219,0.0000,0.0000,0.0000,0.0000,0.0004,0.0000,1.0000
1.7785,110.79,-0.0002,0.0566,0.0012,0.0000,0.0219,0.0000,0.0000,0.0000,0.0000,0.0004,0.0000,1.0000
1.7985,110.79,-0.0002,0.0566,0.0012,0.0000,0.0219,0.0000,0.0000,0.0000,0.0000,0.0004,0.0000,1.0000
1.8185,110.79,-0.0002,0.0566,0.0012,0.0000,0.0219,0.0000,0.0000,0.0000,0.0000,0.0004,0.0000,1.0000
1.8385,110.79,-0.0002,0.0566,0.0012,0.0000,0.0219,0.0000,0.0000,0.0000,0.0000,0.0004,0.0000,1.0000
1.8585,110.79,-0.0002,0.0566,0.0012,0.0000,0.0219,0.0000,0.0000,0.0000,0.0000,0.0004,0.0000,1.0000
1.8785,110.79,-0.0002,0.0566,0.0012,0.0000,0.0219,0.0000,0.0000,0.0000,0.0000,0.0004,0.0000,1.0000
1.8985,110.79,-0.0002,0.0566,0.0012,0.0000,0.0219,0.0000,0.0000,0.0000,0.0000,0.0004,0.0000,1.0000
1.9185,110.79,-0.0002,0.0566,0.0012,0.0000,0.0219,0.0000,0.0000,0.0000,0.0000,0.0004,0.0000,1.0000
1.9385,110.79,-0.0002,0.0566,0.0012,0.0000,0.0219,0.0000,0.0000,0.0000,0.0000,0.0004,0.0000,1.0000
1.9585,110.79,-0.0002,0.0566,0.0012,0.0000,0.0219,0.0000,0.0000,0.0000,0.0000,0.0004,0.0000,1.0000
1.9785,110.79,-0.0002,0.0566,0.0012,0.0000,0.0219,0.0000,0.0000,0.0000,0.0000,0.0004,0.0000,1.0000
1.9985,110.79,-0.0002,0.0566,0.0012,0.0000,0.0219,0.0000,0.0000,0.0000,0.0000,0.0004,0.0000,1.0000
2.0185,103.98,-0.0002,0.0566,0.0012,0.0000,0.0219,0.0000,0.0000,0.0000,0.0000,0.0004,0.0000,1.0000
2.0385,103.98,-0.0002,0.0566,0.0012,0.0000,0.0219,0.0000,0.0000,0.0000,0.0000,0.0004,0.0000,1.0000
2.0585,103.98,-0.0002,0.0566,0.0012,0.0000,0.0219,0.0000,0.0000,0.0000,0.0000,0.0004,0.0000,1.0000
2.0785,103.98,-0.0002,0.0566,0.0012,0.0000,0.0219,0.0000,0.0000,0.0000,0.0000,0.0004,0.0000,1.0000
2.0985,103.98,-0.0002,0.0566,0.0012,0.0000,0.0219,0.0000,0.0000,0.0000,0.0000,0.0004,0.0000,1.0000
2.1185,103.98,-0.0002,0.0566,0.0012,0.0000,0.0219,0.0000,0.0000,0.0000,0.0000,0.0004,0.0000,1.0000
2.1385,103.98,-0.0002,0.0566,0.0012,0.0000,0.0219,0.0000,0.0000,0.0000,0.0000,0.0004,0.0000,1.0000
2.1585,103.98,-0.0002,0.0566,0.0012,0.0000,0.0219,0.0000,0.0000,0.0000,0.0000,0.0004,0.0000,1.0000
2.1785,103.98,-0.0002,0.0566,0.0012,0.0000,0.0219,0.0000,0.0000,0.0000,0.0000,0.0004,0.0000,1.0000
2.1985,103.98,-0.0002,0.0566,0.0012,0.0000,0.0219,0.0000,0.0000,0.0000,0.0000,0.0004,0.0000,1.0000
2.2185,103.98,-0.0002,0.0566,0.0012,0.0000,0.0219,0.0000,0.0000,0.0000,0.0000,0.0004,0.0000,1.0000
2.2385,103.98,-0.0002,0.0566,0.0012,0.0000,0.0219,0.0000,0.0000,0.0000,0.0000,0.0004,0.0000,1.0000
2.2585,103.98,-0.0002,0.0566,0.0012,0.0000,0.0219,0.0000,0.0000,0.0000,0.0000,0.0004,0.0000,1.0000
2.2785,103.98,-0.0002,0.0566,0.0012,0.0000,0.0219,0.0000,0.0000,0.0000,0.0000,0.0004,0.0000,1.0000
2.2985,103.98,-0.0002,0.0566,0.0012,0.0000,0.0219,0.0000,0.0000,0.0000,0.0000,0.0004,0.0000,1.0000
2.3185,103.98,-0.0002,0.0566,0.0012,0.0000,0.0219,0.0000,0.0000,0.0000,0.0000,0.0004,0.0000,1.0000
2.3385,103.98,-0.0002,0.0566,0.0012,0.0000,0.0219,0.0000,0.0000,0.0000,0.0000,0.0004,0.0000,1.0000
2.3585,103.98,-0.0002,0.0566,0.0012,0.0000,0.0219,0.0000,0.0000,0.0000,0.0000,0.0004,0.0000,1.0000
2.3785,103.98,-0.0002,0.0566,0.0012,0.0000,0.0219,0.0000,0.0000,0.0000,0.0000,0.0004,0.0000,1.0000
2.3985,103.98,-0.0002,0.0566,0.0012,0.0000,0.0219,0.0000,0.0000,0.0000,0.0000,0.0004,0.0000,1.0000
2.4185,103.98,-0.0002,0.0566,0.0012,0.0000,0.0219,0.0000,0.0000,0.0000,0.0000,0.0004,0.0000,1.0000
2.4385,103.98,-0.0002,0.0566,0.0012,0.0000,0.0219,0.0000,0.0000,0.0000,0.0000,0.0004,0.0000,1.0000
2.4585,103.98,-0.0002,0.0566,0.0012,0.0000,0.0219,0.0000,0.0000,0.0000,0.0000,0.0004,0.0000,1.0000
2.4785,103.98,-0.0002,0.0566,0.0012,0.0000,0.0219,0.0000,0.0000,0.0000,0.0000,0.0004,0.0000,1.0000
2.4985,103.98,-0.0002,0.0566,0.0012,0.0000,0.0219,0.0000,0.0000,0.0000,0.0000,0.0004,0.0000,1.0000
2.5185,103.98,-0.0002,0.0566,0.0012,0.0000,0.0219,0.0000,0.0000,0.0000,0.0000,0.0004,0.0000,1.0000
2.5385,103.98,-0.0002,0.0566,0.0012,0.0000,0.0219,0.0000,0.0000,0.0000,0.0000,0.0004,0.0000,1.0000
2.5585,103.98,-0.0002,0.0566,0.0012,0.0000,0.0219,0.0000,0.0000,0.0000,0.0000,0.0004,0.0000,1.0000
2.5785,103.98,-0.0002,0.0566,0.0012,0.0000,0.0219,0.0000,0.0000,0.0000,0.0000,0.0004,0.0000,1.0000
2.5985,103.98,-0.0002,0.0566,0.0012,0.0000,0.0219,0.0000,0.0000,0.0000,0.0000,0.0004,0.0000,1.0000
2.6185,103.98,-0.0002,0.0566,0.0012,0.0000,0.0219,0.0000,0.0000,0.0000,0.0000,0.0004,0.0000,1.0000
2.6385,103.98,-0.0002,0.0566,0.0012,0.0000,0.0219,0.0000,0.0000,0.0000,0.0000,0.0004,0.0000,1.0000
2.6585,103.98,-0.0002,0.0566,0.0012,0.0000,0.0219,0.0000,0.0000,0.0000,0.0000,0.0004,0.0000,1.0000
2.6785,103.98,-0.0002,0.0566,0.0012,0.0000,0.0219,0.0000,0.0000,0.0000,0.0000,0.0004,0.0000,1.0000
2.6985,103.98,-0.0002,0.0566,0.0012,0.0000,0.0219,0.0000,0.0000,0.0000,0.0000,0.0004,0.0000,1.0000
2.7185,103.98,-0.0002,0.0566,0.0012,0.0000,0.0219,0.0000,0.0000,0.0000,0.0000,0.0004,0.0000,1.0000
2.7385,103.98,-0.0002,0.0566,0.0012,0.0000,0.0219,0.0000,0.0000,0.0000,0.0000,0.0004,0.0000,1.0000
2.7585,103.98,-0.0002,0.0566,0.0012,0.0000,0.0219,0.0000,0.0000,0.0000,0.0000,0.0004,0.0000,1.0000
2.7785,103.98,-0.0002,0.0566,0.0012,0.0000,0.0219,0.0000,0.0000,0.0000,0.0000,0.0004,0.0000,1.0000
2.7985,103.98,-0.0002,0.0566,0.0012,0.0000,0.0219,0.0000,0.0000,0.0000,0.0000,0.0004,0.0000,1.0000
2.8185,103.98,-0.0002,0.0566,0.0012,0.0000,0.0219,0.0000,0.0000,0.0000,0.0000,0.0004,0.0000,1.0000
2.8385,103.98,-0.0002,0.0566,0.0012,0.0000,0.0219,0.0000,0.0000,0.0000,0.0000,0.0004,0.0000,1.0000
2.8585,103.98,-0.0002,0.0566,0.0012,0.0000,0.0219,0.0000,0.0000,0.0000,0.0000,0.0004,0.0000,1.0000
2.8785,103.98,-0.0002,0.0566,0.0012,0.0000,0.0219,0.0000,0.0000,0.0000,0.0000,0.0004,0.0000,1.0000
2.8985,103.98,-0.0002,0.0566,0.0012,0.0000,0.0219,0.0000,0.0000,0.0000,0.0000,0.0004,0.0000,1.0000
2.9185,103.98,-0.0002,0.0566,0.0012,0.0000,0.0219,0.0000,0.0000,0.0000,0.0000,0.0004,0.0000,1.0000
2.9385,103.98,-0.0002,0.0566,0.0012,0.0000,0.0219,0.0000,0.0000,0.0000,0.0000,0.0004,0.0000,1.0000
2.9585,103.98,-0.0002,0.0566,0.0012,0.0000,0.0219,0.0000,0.0000,0.0000,0.0000,0.0004,0.0000,1.0000
2.9785,103.98,-0.0002,0.0566,0.0012,0.0000,0.0219,0.0000,0.0000,0.0000,0.0000,0.0004,0.0000,1.0000
2.9985,103.98,-0.0002,0.0566,0.0012,0.0000,0.0219,0.0000,0.0000,0.0000,0.0000,0.0004,0.0000,1.0000
3.0185,116.59,-0.0002,0.0566,0.0012,0.0000,0.0219,0.0000,0.0000,0.0000,0.0000,0.0004,0.0000,1.0000
3.0385,116.59,-0.0002,0.0566,0.0012,0.0000,0.0219,0.0000,0.0000,0.0000,0.0000,0.0004,0.0000,1.0000
3.0585,116.59,-0.0002,0.0566,0.0012,0.0000,0.0219,0.0000,0.0000,0.0000,0.0000,0.0004,0.0000,1.0000
3.0785,116.59,-0.0002,0.0566,0.0012,0.0000,0.0219,0.0000,0.0000,0.0000,0.0000,0.0004,0.0000,1.0000
3.0985,116.59,-0.0002,0.0566,0.0012,0.0000,0.0219,0.0000,0.0000,0.0000,0.0000,0.0004,0.0000,1.0000
3.1185,116.59,-0.0002,0.0566,0.0012,0.0000,0.0219,0.0000,0.0000,0.0000,0.0000,0.0004,0.0000,1.0000
3.1385,116.59,-0.0002,0.0566,0.0012,0.0000,0.0219,0.0000,0.0000,0.0000,0.0000,0.0004,0.0000,1.0000
3.1585,116.59,-0.0002,0.0566,0.0012,0.0000,0.0219,0.0000,0.0000,0.0000,0.0000,0.0004,0.0000,1.0000
3.1785,116.59,-0.0002,0.0566,0.0012,0.0000,0.0219,0.0000,0.0000,0.0000,0.0000,0.0004,0.0000,1.0000
3.1985,116.59,-0.0002,0.0566,0.0012,0.0000,0.0219,0.0000,0.0000,0.0000,0.0000,0.0004,0.0000,1.0000
3.2185,116.59,-0.0002,0.0566,0.0012,0.0000,0.0219,0.0000,0.0000,0.0000,0.0000,0.0004,0.0000,1.0000
3.2385,116.59,-0.0002,0.0566,0.0012,0.0000,0.0219,0.0000,0.0000,0.0000,0.0000,0.0004,0.0000,1.0000
3.2585,116.59,-0.0002,0.0566,0.0012,0.0000,0.0219,0.0000,0.0000,0.0000,0.0000,0.0004,0.0000,1.0000
3.2785,116.59,-0.0002,0.0566,0.0012,0.0000,0.0219,0.0000,0.0000,0.0000,0.0000,0.0004,0.0000,1.0000
3.2985,116.59,-0.0002,0.0566,0.0012,0.0000,0.0219,0.0000,0.0000,0.0000,0.0000,0.0004,0.0000,1.0000
3.3185,116.59,-0.0002,0.0566,0.0012,0.0000,0.0219,0.0000,0.0000,0.0000,0.0000,0.0004,0.0000,1.0000
3.3385,116.59,-0.0002,0.0566,0.0012,0.0000,0.0219,0.0000,0.0000,0.0000,0.0000,0.0004,0.0000,1.0000
3.3585,116.59,-0.0002,0.0566,0.0012,0.0000,0.0219,0.0000,0.0000,0.0000,0.0000,0.0004,0.0000,1.0000
3.3785,116.59,-0.0002,0.0566,0.0012,0.0000,0.0219,0.0000,0.0000,0.0000,0.0000,0.0004,0.0000,1.0000
3.3985,116.59,-0.0002,0.0566,0.0012,0.0000,0.0219,0.0000,0.0000,0.0000,0.0000,0.0004,0.0000,1.0000
3.4185,116.59,-0.0002,0.0566,0.0012,0.0000,0.0219,0.0000,0.0000,0.0000,0.0000,0.0004,0.0000,1.0000
3.4385,116.59,-0.0002,0.0566,0.0012,0.0000,0.0219,0.0000,0.0000,0.0000,0.0000,0.0004,0.0000,1.0000
3.4585,116.59,-0.0002,0.0566,0.0012,0.0000,0.0219,0.0000,0.0000,0.0000,0.0000,0.0004,0.0000,1.0000
3.4785,116.59,-0.0002,0.0566,0.0012,0.0000,0.0219,0.0000,0.0000,0.0000,0.0000,0.0004,0.0000,1.0000
3.4985,116.59,-0.0002,0.0566,0.0012,0.0000,0.0219,0.0000,0.0000,0.0000,0.0000,0.0004,0.0000,1.0000
3.5185,116.59,-0.0002,0.0566,0.0012,0.0000,0.0219,0.0000,0.0000,0.0000,0.0000,0.0004,0.0000,1.0000
3.5385,116.59,-0.0002,0.0566,0.0012,0.0000,0.0219,0.0000,0.0000,0.0000,0.0000,0.0004,0.0000,1.0000
3.5585,116.59,-0.0002,0.0566,0.0012,0.0000,0.0219,0.0000,0.0000,0.0000,0.0000,0.0004,0.0000,1.0000
3.5785,116.59,-0.0002,0.0566,0.0012,0.0000,0.0219,0.0000,0.0000,0.0000,0.0000,0.0004,0.0000,1.0000
3.5985,116.59,-0.0002,0.0566,0.0012,0.0000,0.0219,0.0000,0.0000,0.0000,0.0000,0.0004,0.0000,1.0000
3.6185,116.59,-0.0002,0.0566,0.0012,0.0000,0.0219,0.0000,0.0000,0.0000,0.0000,0.0004,0.0000,1.0000
3.6385,116.59,-0.0002,0.0566,0.0012,0.0000,0.0219,0.0000,0.0000,0.0000,0.0000,0.0004,0.0000,1.0000
3.6585,116.59,-0.0002,0.0566,0.0012,0.0000,0.0219,0.0000,0.0000,0.0000,0.0000,0.0004,0.0000,1.0000
3.6785,116.59,-0.0002,0.0566,0.0012,0.0000,0.0219,0.0000,0.0000,0.0000,0.0000,0.0004,0.0000,1.0000
3.6985,116.59,-0.0002,0.0566,0.0012,0.0000,0.0219,0.0000,0.0000,0.0000,0.0000,0.0004,0.0000,1.0000
3.7185,116.59,-0.0002,0.0566,0.0012,0.0000,0.0219,0.0000,0.0000,0.0000,0.0000,0.0004,0.0000,1.0000
3.7385,116.59,-0.0002,0.0566,0.0012,0.0000,0.0219,0.0000,0.0000,0.0000,0.0000,0.0004,0.0000,1.0000
3.7585,116.59,-0.0002,0.0566,0.0012,0.0000,0.0219,0.0000,0.0000,0.0000,0.0000,0.0004,0.0000,1.0000
3.7785,116.59,-0.0002,0.0566,0.0012,0.0000,0.0219,0.0000,0.0000,0.0000,0.0000,0.0004,0.0000,1.0000
3.7985,116.59,-0.0002,0.0566,0.0012,0.0000,0.0219,0.0000,0.0000,0.0000,0.0000,0.0004,0.0000,1.0000
3.8185,116.59,-0.0002,0.0566,0.0012,0.0000,0.0219,0.0000,0.0000,0.0000,0.0000,0.0004,0.0000,1.0000
3.8385,116.59,-0.0002,0.0566,0.0012,0.0000,0.0219,0.0000,0.0000,0.0000,0.0000,0.0004,0.0000,1.0000
3.8585,116.59,-0.0002,0.0566,0.0012,0.0000,0.0219,0.0000,0.0000,0.0000,0.0000,0.0004,0.0000,1.0000
3.8785,116.59,-0.0002,0.0566,0.0012,0.0000,0.0219,0.0000,0.0000,0.0000,0.0000,0.0004,0.0000,1.0000
3.8985,116.59,-0.0002,0.0566,0.0012,0.0000,0.0219,0.0000,0.0000,0.0000,0.0000,0.0004,0.0000,1.0000
3.9185,116.59,-0.0002,0.0566,0.0012,0.0000,0.0219,0.0000,0.0000,0.0000,0.0000,0.0004,0.0000,1.0000
3.9385,116.59,-0.0002,0.0566,0.0012,0.0000,0.0219,0.0000,0.0000,0.0000,0.0000,0.0004,0.0000,1.0000
3.9585,116.59,-0.0002,0.0566,0.0012,0.0000,0.0219,0.0000,0.0000,0.0000,0.0000,0.0004,0.0000,1.0000
3.9785,116.59,-0.0002,0.0566,0.0012,0.0000,0.0219,0.0000,0.0000,0.0000,0.0000,0.0004,0.0000,1.0000
3.9985,116.59,-0.0002,0.0566,0.0012,0.0000,0.0219,0.0000,0.0000,0.0000,0.0000,0.0004,0.0000,1.0000
4.0185,118.20,-0.0002,0.0566,0.0012,0.0000,0.0219,0.0000,0.0000,0.0000,0.0000,0.0004,0.0000,1.0000
4.0385,118.20,-0.0002,0.0566,0.0012,0.0000,0.0219,0.0000,0.0000,0.0000,0.0000,0.0004,0.0000,1.0000
4.0585,118.20,-0.0002,0.0566,0.0012,0.0000,0.0219,0.0000,0.0000,0.0000,0.0000,0.0004,0.0000,1.0000
4.0785,118.20,-0.0002,0.0566,0.0012,0.0000,0.0219,0.0000,0.0000,0.0000,0.0000,0.0004,0.0000,1.0000
4.0985,118.20,-0.0002,0.0566,0.0012,0.0000,0.0219,0.0000,0.0000,0.0000,0.0000,0.0004,0.0000,1.0000
4.1185,118.20,-0.0002,0.0566,0.0012,0.0000,0.0219,0.0000,0.0000,0.0000,0.0000,0.0004,0.0000,1.0000
4.1385,118.20,-0.0002,0.0566,0.0012,0.0000,0.0219,0.0000,0.0000,0.0000,0.0000,0.0004,0.0000,1.0000
4.1585,118.20,-0.0002,0.0566,0.0012,0.0000,0.0219,0.0000,0.0000,0.0000,0.0000,0.0004,0.0000,1.0000
4.1785,118.20,-0.0002,0.0566,0.0012,0.0000,0.0219,0.0000,0.0000,0.0000,0.0000,0.0004,0.0000,1.0000
4.1985,118.20,-0.0002,0.0566,0.0012,0.0000,0.0219,0.0000,0.0000,0.0000,0.0000,0.0004,0.0000,1.0000
4.2185,118.20,-0.0002,0.0566,0.0012,0.0000,0.0219,0.0000,0.0000,0.0000,0.0000,0.0004,0.0000,1.0000
4.2385,118.20,-0.0002,0.0566,0.0012,0.0000,0.0219,0.0000,0.0000,0.0000,0.0000,0.0004,0.0000,1.0000
4.2585,118.20,-0.0002,0.0566,0.0012,0.0000,0.0219,0.0000,0.0000,0.0000,0.0000,0.0004,0.0000,1.0000
4.2785,118.20,-0.0002,0.0566,0.0012,0.0000,0.0219,0.0000,0.0000,0.0000,0.0000,0.0004,0.0000,1.0000
4.2985,118.20,-0.0002,0.0566,0.0012,0.0000,0.0219,0.0000,0.0000,0.0000,0.0000,0.0004,0.0000,1.0000
4.3185,118.20,-0.0002,0.0566,0.0012,0.0000,0.0219,0.0000,0.0000,0.0000,0.0000,0.0004,0.0000,1.0000
4.3385,118.20,-0.0002,0.0566,0.0012,0.0000,0.0219,0.0000,0.0000,0.0000,0.0000,0.0004,0.0000,1.0000
4.3585,118.20,-0.0002,0.0566,0.0012,0.0000,0.0219,0.0000,0.0000,0.0000,0.0000,0.0004,0.0000,1.0000
4.3785,118.20,-0.0002,0.0566,0.0012,0.0000,0.0219,0.0000,0.0000,0.0000,0.0000,0.0004,0.0000,1.0000
4.3985,118.20,-0.0002,0.0566,0.0012,0.0000,0.0219,0.0000,0.0000,0.0000,0.0000,0.0004,0.0000,1.0000
4.4185,118.20,-0.0002,0.0566,0.0012,0.0000,0.0219,0.0000,0.0000,0.0000,0.0000,0.0004,0.0000,1.0000
4.4385,118.20,-0.0002,0.0566,0.0012,0.0000,0.0219,0.0000,0.0000,0.0000,0.0000,0.0004,0.0000,1.0000
4.4585,118.20,-0.0002,0.0566,0.0012,0.0000,0.0219,0.0000,0.0000,0.0000,0.0000,0.0004,0.0000,1.0000
4.4785,118.20,-0.0002,0.0566,0.0012,0.0000,0.0219,0.0000,0.0000,0.0000,0.0000,0.0004,0.0000,1.0000
4.4985,118.20,-0.0002,0.0566,0.0012,0.0000,0.0219,0.0000,0.0000,0.0000,0.0000,0.0004,0.0000,1.0000
4.5185,118.20,-0.0002,0.0566,0.0012,0.0000,0.0219,0.0000,0.0000,0.0000,0.0000,0.0004,0.0000,1.0000
4.5385,118.20,-0.0002,0.0566,0.0012,0.0000,0.0219,0.0000,0.0000,0.0000,0.0000,0.0004,0.0000,1.0000
4.5585,118.20,-0.0002,0.0566,0.0012,0.0000,0.0219,0.0000,0.0000,0.0000,0.0000,0.0004,0.0000,1.0000
4.5785,118.20,-0.0002,0.0566,0.0012,0.0000,0.0219,0.0000,0.0000,0.0000,0.0000,0.0004,0.0000,1.0000
4.5985,118.20,-0.0002,0.0566,0.0012,0.0000,0.0219,0.0000,0.0000,0.0000,0.0000,0.0004,0.0000,1.0000
4.6185,118.20,-0.0002,0.0566,0.0012,0.0000,0.0219,0.0000,0.0000,0.0000,0.0000,0.0004,0.0000,1.0000
4.6385,118.20,-0.0002,0.0566,0.0012,0.0000,0.0219,0.0000,0.0000,0.0000,0.0000,0.0004,0.0000,1.0000
4.6585,118.20,-0.0002,0.0566,0.0012,0.0000,0.0219,0.0000,0.0000,0.0000,0.0000,0.0004,0.0000,1.0000
4.6785,118.20,-0.0002,0.0566,0.0012,0.0000,0.0219,0.0000,0.0000,0.0000,0.0000,0.0004,0.0000,1.0000
4.6985,118.20,-0.0002,0.0566,0.0012,0.0000,0.0219,0.0000,0.0000,0.0000,0.0000,0.0004,0.0000,1.0000
4.7185,118.20,-0.0002,0.0566,0.0012,0.0000,0.0219,0.0000,0.0000,0.0000,0.0000,0.0004,0.0000,1.0000
4.7385,118.20,-0.0002,0.0566,0.0012,0.0000,0.0219,0.0000,0.0000,0.0000,0.0000,0.0004,0.0000,1.0000
4.7585,118.20,-0.0002,0.0566,0.0012,0.0000,0.0219,0.0000,0.0000,0.0000,0.0000,0.0004,0.0000,1.0000
4.7785,118.20,-0.0002,0.0566,0.0012,0.0000,0.0219,0.0000,0.0000,0.0000,0.0000,0.0004,0.0000,1.0000
4.7985,118.20,-0.0002,0.0566,0.0012,0.0000,0.0219,0.0000,0.0000,0.0000,0.0000,0.0004,0.0000,1.0000
4.8185,118.20,-0.0002,0.0566,0.0012,0.0000,0.0219,0.0000,0.0000,0.0000,0.0000,0.0004,0.0000,1.0000
4.8385,118.20,-0.0002,0.0566,0.0012,0.0000,0.0219,0.0000,0.0000,0.0000,0.0000,0.0004,0.0000,1.0000
4.8585,118.20,-0.0002,0.0566,0.0012,0.0000,0.0219,0.0000,0.0000,0.0000,0.0000,0.0004,0.0000,1.0000
4.8785,118.20,-0.0002,0.0566,0.0012,0.0000,0.0219,0.0000,0.0000,0.0000,0.0000,0.0004,0.0000,1.0000
4.8985,118.20,-0.0002,0.0566,0.0012,0.0000,0.0219,0.0000,0.0000,0.0000,0.0000,0.0004,0.0000,1.0000
4.9185,118.20,-0.0002,0.0566,0.0012,0.0000,0.0219,0.0000,0.0000,0.0000,0.0000,0.0004,0.0000,1.0000
4.9385,118.20,-0.0002,0.0566,0.0012,0.0000,0.0219,0.0000,0.0000,0.0000,0.0000,0.0004,0.0000,1.0000
4.9585,118.20,-0.0002,0.0566,0.0012,0.0000,0.0219,0.0000,0.0000,0.0000,0.0000,0.0004,0.0000,1.0000
4.9785,118.20,-0.0002,0.0566,0.0012,0.0000,0.0219,0.0000,0.0000,0.0000,0.0000,0.0004,0.0000,1.0000
4.9985,118.20,-0.0002,0.0566,0.0012,0.0000,0.0219,0.0000,0.0000,0.0000,0.0000,0.0004,0.0000,1.0000
5.0185,118.20,-0.0002,0.0566,0.0012,0.0000,0.0219,0.0000,0.0000,0.0000,0.0000,0.0004,0.0000,1.0000
5.0385,126.45,-0.0002,0.0566,0.0012,0.0000,0.0219,0.0000,0.0000,0.0000,0.0000,0.0004,0.0000,1.0000
5.0585,126.45,-0.0002,0.0566,0.0012,0.0000,0.0219,0.0000,0.0000,0.0000,0.0000,0.0004,0.0000,1.0000
5.0785,126.45,-0.0002,0.0566,0.0012,0.0000,0.0219,0.0000,0.0000,0.0000,0.0000,0.0004,0.0000,1.0000
5.0985,126.45,-0.0002,0.0566,0.0012,0.0000,0.0219,0.0000,0.0000,0.0000,0.0000,0.0004,0.0000,1.0000
5.1185,126.45,-0.0002,0.0566,0.0012,0.0000,0.0219,0.0000,0.0000,0.0000,0.0000,0.0004,0.0000,1.0000
5.1385,126.45,-0.0002,0.0566,0.0012,0.0000,0.0219,0.0000,0.0000,0.0000,0.0000,0.0004,0.0000,1.0000
5.1585,126.45,-0.0002,0.0566,0.0012,0.0000,0.0219,0.0000,0.0000,0.0000,0.0000,0.0004,0.0000,1.0000
5.1785,126.45,-0.0002,0.0566,0.0012,0.0000,0.0219,0.0000,0.0000,0.0000,0.0000,0.0004,0.0000,1.0000
5.1985,126.45,-0.0002,0.0566,0.0012,0.0000,0.0219,0.0000,0.0000,0.0000,0.0000,0.0004,0.0000,1.0000
5.2185,126.45,-0.0002,0.0566,0.0012,0.0000,0.0219,0.0000,0.0000,0.0000,0.0000,0.0004,0.0000,1.0000
5.2385,126.45,-0.0002,0.0566,0.0012,0.0000,0.0219,0.0000,0.0000,0.0000,0.0000,0.0004,0.0000,1.0000
5.2585,126.45,-0.0002,0.0566,0.0012,0.0000,0.0219,0.0000,0.0000,0.0000,0.0000,0.0004,0.0000,1.0000
5.2785,126.45,-0.0002,0.0566,0.0012,0.0000,0.0219,0.0000,0.0000,0.0000,0.0000,0.0004,0.0000,1.0000
5.2985,126.45,-0.0002,0.0566,0.0012,0.0000,0.0219,0.0000,0.0000,0.0000,0.0000,0.0004,0.0000,1.0000
5.3185,126.45,-0.0002,0.0566,0.0012,0.0000,0.0219,0.0000,0.0000,0.0000,0.0000,0.0004,0.0000,1.0000
5.3385,126.45,-0.0002,0.0566,0.0012,0.0000,0.0219,0.0000,0.0000,0.0000,0.0000,0.0004,0.0000,1.0000
5.3585,126.45,-0.0002,0.0566,0.0012,0.0000,0.0219,0.0000,0.0000,0.0000,0.0000,0.0004,0.0000,1.0000
5.3785,126.45,-0.0002,0.0566,0.0012,0.0000,0.0219,0.0000,0.0000,0.0000,0.0000,0.0004,0.0000,1.0000
5.3985,126.45,-0.0002,0.0566,0.0012,0.0000,0.0219,0.0000,0.0000,0.0000,0.0000,0.0004,0.0000,1.0000
5.4185,126.45,-0.0002,0.0566,0.0012,0.0000,0.0219,0.0000,0.0000,0.0000,0.0000,0.0004,0.0000,1.0000
5.4385,126.45,-0.0002,0.0566,0.0012,0.0000,0.0219,0.0000,0.0000,0.0000,0.0000,0.0004,0.0000,1.0000
5.4585,126.45,-0.0002,0.0566,0.0012,0.0000,0.0219,0.0000,0.0000,0.0000,0.0000,0.0004,0.0000,1.0000
5.4785,126.45,-0.0002,0.0566,0.0012,0.0000,0.0219,0.0000,0.0000,0.0000,0.0000,0.0004,0.0000,1.0000
5.4985,126.45,-0.0002,0.0566,0.0012,0.0000,0.0219,0.0000,0.0000,0.0000,0.0000,0.0004,0.0000,1.0000
5.5185,126.45,-0.0002,0.0566,0.0012,0.0000,0.0219,0.0000,0.0000,0.0000,0.0000,0.0004,0.0000,1.0000
5.5385,126.45,-0.0002,0.0566,0.0012,0.0000,0.0219,0.0000,0.0000,0.0000,0.0000,0.0004,0.0000,1.0000
5.5585,126.45,-0.0002,0.0566,0.0012,0.0000,0.0219,0.0000,0.0000,0.0000,0.0000,0.0004,0.0000,1.0000
5.5785,126.45,-0.0002,0.0566,0.0012,0.0000,0.0219,0.0000,0.0000,0.0000,0.0000,0.0004,0.0000,1.0000
5.5985,126.45,-0.0002,0.0566,0.0012,0.0000,0.0219,0.0000,0.0000,0.0000,0.0000,0.0004,0.0000,1.0000
5.6185,126.45,-0.0002,0.0566,0.0012,0.0000,0.0219,0.0000,0.0000,0.0000,0.0000,0.0004,0.0000,1.0000
5.6385,126.45,-0.0002,0.0566,0.0012,0.0000,0.0219,0.0000,0.0000,0.0000,0.0000,0.0004,0.0000,1.0000
5.6585,126.45,-0.0002,0.0566,0.0012,0.0000,0.0219,0.0000,0.0000,0.0000,0.0000,0.0004,0.0000,1.0000
5.6785,126.45,-0.0002,0.0566,0.0012,0.0000,0.0219,0.0000,0.0000,0.0000,0.0000,0.0004,0.0000,1.0000
5.6985,126.45,-0.0002,0.0566,0.0012,0.0000,0.0219,0.0000,0.0000,0.0000,0.0000,0.0004,0.0000,1.0000
5.7185,126.45,-0.0002,0.0566,0.0012,0.0000,0.0219,0.0000,0.0000,0.0000,0.0000,0.0004,0.0000,1.0000
5.7385,126.45,-0.0002,0.0566,0.0012,0.0000,0.0219,0.0000,0.0000,0.0000,0.0000,0.0004,0.0000,1.0000
5.7585,126.45,-0.0002,0.0566,0.0012,0.0000,0.0219,0.0000,0.0000,0.0000,0.0000,0.0004,0.0000,1.0000
5.7785,126.45,-0.0002,0.0566,0.0012,0.0000,0.0219,0.0000,0.0000,0.0000,0.0000,0.0004,0.0000,1.0000
5.7985,126.45,-0.0002,0.0566,0.0012,0.0000,0.0219,0.0000,0.0000,0.0000,0.0000,0.0004,0.0000,1.0000
5.8185,126.45,-0.0002,0.0566,0.0012,0.0000,0.0219,0.0000,0.0000,0.0000,0.0000,0.0004,0.0000,1.0000
5.8385,126.45,-0.0002,0.0566,0.0012,0.0000,0.0219,0.0000,0.0000,0.0000,0.0000,0.0004,0.0000,1.0000
5.8585,126.45,-0.0002,0.0566,0.0012,0.0000,0.0219,0.0000,0.0000,0.0000,0.0000,0.0004,0.0000,1.0000
5.8785,126.45,-0.0002,0.0566,0.0012,0.0000,0.0219,0.0000,0.0000,0.0000,0.0000,0.0004,0.0000,1.0000
5.8985,126.45,-0.0002,0.0566,0.0012,0.0000,0.0219,0.0000,0.0000,0.0000,0.0000,0.0004,0.0000,1.0000
5.9185,126.45,-0.0002,0.0566,0.0012,0.0000,0.0219,0.0000,0.0000,0.0000,0.0000,0.0004,0.0000,1.0000
5.9385,126.45,-0.0002,0.0566,0.0012,0.0000,0.0219,0.0000,0.0000,0.0000,0.0000,0.0004,0.0000,1.0000
5.9585,126.45,-0.0002,0.0566,0.0012,0.0000,0.0219,0.0000,0.0000,0.0000,0.0000,0.0004,0.0000,1.0000
5.9785,126.45,-0.0002,0.0566,0.0012,0.0000,0.0219,0.0000,0.0000,0.0000,0.0000,0.0004,0.0000,1.0000
5.9985,126.45,-0.0002,0.0566,0.0012,0.0000,0.0219,0.0000,0.0000,0.0000,0.0000,0.0004,0.0000,1.0000
6.0185,126.45,-0.0002,0.0566,0.0012,0.0000,0.0219,0.0000,0.0000,0.0000,0.0000,0.0004,0.0000,1.0000
6.0385,124.44,-0.0002,0.0566,0.0012,0.0000,0.0219,0.0000,0.0000,0.0000,0.0000,0.0004,0.0000,1.0000
6.0585,124.44,-0.0002,0.0566,0.0012,0.0000,0.0219,0.0000,0.0000,0.0000,0.0000,0.0004,0.0000,1.0000
6.0785,124.44,-0.0002,0.0566,0.0012,0.0000,0.0219,0.0000,0.0000,0.0000,0.0000,0.0004,0.0000,1.0000
6.0985,124.44,-0.0002,0.0566,0.0012,0.0000,0.0219,0.0000,0.0000,0.0000,0.0000,0.0004,0.0000,1.0000
6.1185,124.44,-0.0002,0.0566,0.0012,0.0000,0.0219,0.0000,0.0000,0.0000,0.0000,0.0004,0.0000,1.0000
6.1385,124.44,-0.0002,0.0566,0.0012,0.0000,0.0219,0.0000,0.0000,0.0000,0.0000,0.0004,0.0000,1.0000
6.1585,124.44,-0.0002,0.0566,0.0012,0.0000,0.0219,0.0000,0.0000,0.0000,0.0000,0.0004,0.0000,1.0000
6.1785,124.44,-0.0002,0.0566,0.0012,0.0000,0.0219,0.0000,0.0000,0.0000,0.0000,0.0004,0.0000,1.0000
6.1985,124.44,-0.0002,0.0566,0.0012,0.0000,0.0219,0.0000,0.0000,0.0000,0.0000,0.0004,0.0000,1.0000
6.2185,124.44,-0.0002,0.0566,0.0012,0.0000,0.0219,0.0000,0.0000,0.0000,0.0000,0.0004,0.0000,1.0000
6.2385,124.44,-0.0002,0.0566,0.0012,0.0000,0.0219,0.0000,0.0000,0.0000,0.0000,0.0004,0.0000,1.0000
6.2585,124.44,-0.0002,0.0566,0.0012,0.0000,0.0219,0.0000,0.0000,0.0000,0.0000,0.0004,0.0000,1.0000
6.2785,124.44,-0.0002,0.0566,0.0012,0.0000,0.0219,0.0000,0.0000,0.0000,0.0000,0.0004,0.0000,1.0000
6.2985,124.44,-0.0002,0.0566,0.0012,0.0000,0.0219,0.0000,0.0000,0.0000,0.0000,0.0004,0.0000,1.0000
6.3185,124.44,-0.0002,0.0566,0.0012,0.0000,0.0219,0.0000,0.0000,0.0000,0.0000,0.0004,0.0000,1.0000
6.3385,124.44,-0.0002,0.0566,0.0012,0.0000,0.0219,0.0000,0.0000,0.0000,0.0000,0.0004,0.0000,1.0000
6.3585,124.44,-0.0002,0.0566,0.0012,0.0000,0.0219,0.0000,0.0000,0.0000,0.0000,0.0004,0.0000,1.0000
6.3785,124.44,-0.0002,0.0566,0.0012,0.0000,0.0219,0.0000,0.0000,0.0000,0.0000,0.0004,0.0000,1.0000
6.3985,124.44,-0.0002,0.0566,0.0012,0.0000,0.0219,0.0000,0.0000,0.0000,0.0000,0.0004,0.0000,1.0000
6.4185,124.44,-0.0002,0.0566,0.0012,0.0000,0.0219,0.0000,0.0000,0.0000,0.0000,0.0004,0.0000,1.0000
6.4385,124.44,-0.0002,0.0566,0.0012,0.0000,0.0219,0.0000,0.0000,0.0000,0.0000,0.0004,0.0000,1.0000
6.4585,124.44,-0.0002,0.0566,0.0012,0.0000,0.0219,0.0000,0.0000,0.0000,0.0000,0.0004,0.0000,1.0000
6.4785,124.44,-0.0002,0.0566,0.0012,0.0000,0.0219,0.0000,0.0000,0.0000,0.0000,0.0004,0.0000,1.0000
6.4985,124.44,-0.0002,0.0566,0.0012,0.0000,0.0219,0.0000,0.0000,0.0000,0.0000,0.0004,0.0000,1.0000
6.5185,124.44,-0.0002,0.0566,0.0012,0.0000,0.0219,0.0000,0.0000,0.0000,0.0000,0.0004,0.0000,1.0000
6.5385,124.44,-0.0002,0.0566,0.0012,0.0000,0.0219,0.0000,0.0000,0.0000,0.0000,0.0004,0.0000,1.0000
6.5585,124.44,-0.0002,0.0566,0.0012,0.0000,0.0219,0.0000,0.0000,0.0000,0.0000,0.0004,0.0000,1.0000
6.5785,124.44,-0.0002,0.0566,0.0012,0.0000,0.0219,0.0000,0.0000,0.0000,0.0000,0.0004,0.0000,1.0000
6.5985,124.44,-0.0002,0.0566,0.0012,0.0000,0.0219,0.0000,0.0000,0.0000,0.0000,0.0004,0.0000,1.0000
6.6185,124.44,-0.0002,0.0566,0.0012,0.0000,0.0219,0.0000,0.0000,0.0000,0.0000,0.0004,0.0000,1.0000
6.6385,124.44,-0.0002,0.0566,0.0012,0.0000,0.0219,0.0000,0.0000,0.0000,0.0000,0.0004,0.0000,1.0000
6.6585,124.44,-0.0002,0.0566,0.0012,0.0000,0.0219,0.0000,0.0000,0.0000,0.0000,0.0004,0.0000,1.0000
6.6785,124.44,-0.0002,0.0566,0.0012,0.0000,0.0219,0.0000,0.0000,0.0000,0.0000,0.0004,0.0000,1.0000
6.6985,124.44,-0.0002,0.0566,0.0012,0.0000,0.0219,0.0000,0.0000,0.0000,0.0000,0.0004,0.0000,1.0000
6.7185,124.44,-0.0002,0.0566,0.0012,0.0000,0.0219,0.0000,0.0000,0.0000,0.0000,0.0004,0.0000,1.0000
6.7385,124.44,-0.0002,0.0566,0.0012,0.0000,0.0219,0.0000,0.0000,0.0000,0.0000,0.0004,0.0000,1.0000
6.7585,124.44,-0.0002,0.0566,0.0012,0.0000,0.0219,0.0000,0.0000,0.0000,0.0000,0.0004,0.0000,1.0000
6.7785,124.44,-0.0002,0.0566,0.0012,0.0000,0.0219,0.0000,0.0000,0.0000,0.0000,0.0004,0.0000,1.0000
6.7985,124.44,-0.0002,0.0566,0.0012,0.0000,0.0219,0.0000,0.0000,0.0000,0.0000,0.0004,0.0000,1.0000
6.8185,124.44,-0.0002,0.0566,0.0012,0.0000,0.0219,0.0000,0.0000,0.0000,0.0000,0.0004,0.0000,1.0000
6.8385,124.44,-0.0002,0.0566,0.0012,0.0000,0.0219,0.0000,0.0000,0.0000,0.0000,0.0004,0.0000,1.0000
6.8585,124.44,-0.0002,0.0566,0.0012,0.0000,0.0219,0.0000,0.0000,0.0000,0.0000,0.0004,0.0000,1.0000
6.8785,124.44,-0.0002,0.0566,0.0012,0.0000,0.0219,0.0000,0.0000,0.0000,0.0000,0.0004,0.0000,1.0000
6.8985,124.44,-0.0002,0.0566,0.0012,0.0000,0.0219,0.0000,0.0000,0.0000,0.0000,0.0004,0.0000,1.0000
6.9185,124.44,-0.0002,0.0566,0.0012,0.0000,0.0219,0.0000,0.0000,0.0000,0.0000,0.0004,0.0000,1.0000
6.9385,124.44,-0.0002,0.0566,0.0012,0.0000,0.0219,0.0000,0.0000,0.0000,0.0000,0.0004,0.0000,1.0000
6.9585,124.44,-0.0002,0.0566,0.0012,0.0000,0.0219,0.0000,0.0000,0.0000,0.0000,0.0004,0.0000,1.0000
6.9785,124.44,-0.0002,0.0566,0.0012,0.0000,0.0219,0.0000,0.0000,0.0000,0.0000,0.0004,0.0000,1.0000
6.9985,124.44,-0.0002,0.0566,0.0012,0.0000,0.0219,0.0000,0.0000,0.0000,0.0000,0.0004,0.0000,1.0000
7.0185,124.44,-0.0002,0.0566,0.0012,0.0000,0.0219,0.0000,0.0000,0.0000,0.0000,0.0004,0.0000,1.0000
7.0385,124.35,-0.0002,0.0566,0.0012,0.0000,0.0219,0.0000,0.0000,0.0000,0.0000,0.0004,0.0000,1.0000
7.0585,124.35,-0.0002,0.0566,0.0012,0.0000,0.0219,0.0000,0.0000,0.0000,0.0000,0.0004,0.0000,1.0000
7.0785,124.35,-0.0002,0.0566,0.0012,0.0000,0.0219,0.0000,0.0000,0.0000,0.0000,0.0004,0.0000,1.0000
7.0985,124.35,-0.0002,0.0566,0.0012,0.0000,0.0219,0.0000,0.0000,0.0000,0.0000,0.0004,0.0000,1.0000
7.1185,124.35,-0.0002,0.0566,0.0012,0.0000,0.0219,0.0000,0.0000,0.0000,0.0000,0.0004,0.0000,1.0000
7.1385,124.35,-0.0002,0.0566,0.0012,0.0000,0.0219,0.0000,0.0000,0.0000,0.0000,0.0004,0.0000,1.0000
7.1585,124.35,-0.0002,0.0566,0.0012,0.0000,0.0219,0.0000,0.0000,0.0000,0.0000,0.0004,0.0000,1.0000
7.1785,124.35,-0.0002,0.0566,0.0012,0.0000,0.0219,0.0000,0.0000,0.0000,0.0000,0.0004,0.0000,1.0000
7.1985,124.35,-0.0002,0.0566,0.0012,0.0000,0.0219,0.0000,0.0000,0.0000,0.0000,0.0004,0.0000,1.0000
7.2185,124.35,-0.0002,0.0566,0.0012,0.0000,0.0219,0.0000,0.0000,0.0000,0.0000,0.0004,0.0000,1.0000
7.2385,124.35,-0.0002,0.0566,0.0012,0.0000,0.0219,0.0000,0.0000,0.0000,0.0000,0.0004,0.0000,1.0000
7.2585,124.35,-0.0002,0.0566,0.0012,0.0000,0.0219,0.0000,0.0000,0.0000,0.0000,0.0004,0.0000,1.0000
7.2785,124.35,-0.0002,0.0566,0.0012,0.0000,0.0219,0.0000,0.0000,0.0000,0.0000,0.0004,0.0000,1.0000
7.2985,124.35,-0.0002,0.0566,0.0012,0.0000,0.0219,0.0000,0.0000,0.0000,0.0000,0.0004,0.0000,1.0000
7.3185,124.35,-0.0002,0.0566,0.0012,0.0000,0.0219,0.0000,0.0000,0.0000,0.0000,0.0004,0.0000,1.0000
7.3385,124.35,-0.0002,0.0566,0.0012,0.0000,0.0219,0.0000,0.0000,0.0000,0.0000,0.0004,0.0000,1.0000
7.3585,124.35,-0.0002,0.0566,0.0012,0.0000,0.0219,0.0000,0.0000,0.0000,0.0000,0.0004,0.0000,1.0000
7.3785,124.35,-0.0002,0.0566,0.0012,0.0000,0.0219,0.0000,0.0000,0.0000,0.0000,0.0004,0.0000,1.0000
7.3985,124.35,-0.0002,0.0566,0.0012,0.0000,0.0219,0.0000,0.0000,0.0000,0.0000,0.0004,0.0000,1.0000
7.4185,124.35,-0.0002,0.0566,0.0012,0.0000,0.0219,0.0000,0.0000,0.0000,0.0000,0.0004,0.0000,1.0000
7.4385,124.35,-0.0002,0.0566,0.0012,0.0000,0.0219,0.0000,0.0000,0.0000,0.0000,0.0004,0.0000,1.0000
7.4585,124.35,-0.0002,0.0566,0.0012,0.0000,0.0219,0.0000,0.0000,0.0000,0.0000,0.0004,0.0000,1.0000
7.4785,124.35,-0.0002,0.0566,0.0012,0.0000,0.0219,0.0000,0.0000,0.0000,0.0000,0.0004,0.0000,1.0000
7.4985,124.35,-0.0002,0.0566,0.0012,0.0000,0.0219,0.0000,0.0000,0.0000,0.0000,0.0004,0.0000,1.0000
7.5185,124.35,-0.0002,0.0566,0.0012,0.0000,0.0219,0.0000,0.0000,0.0000,0.0000,0.0004,0.0000,1.0000
7.5385,124.35,-0.0002,0.0566,0.0012,0.0000,0.0219,0.0000,0.0000,0.0000,0.0000,0.0004,0.0000,1.0000
7.5585,124.35,-0.0002,0.0566,0.0012,0.0000,0.0219,0.0000,0.0000,0.0000,0.0000,0.0004,0.0000,1.0000
7.5785,124.35,-0.0002,0.0566,0.0012,0.0000,0.0219,0.0000,0.0000,0.0000,0.0000,0.0004,0.0000,1.0000
7.5985,124.35,-0.0002,0.0566,0.0012,0.0000,0.0219,0.0000,0.0000,0.0000,0.0000,0.0004,0.0000,1.0000
7.6185,124.35,-0.0002,0.0566,0.0012,0.0000,0.0219,0.0000,0.0000,0.0000,0.0000,0.0004,0.0000,1.0000
7.6385,124.35,-0.0002,0.0566,0.0012,0.0000,0.0219,0.0000,0.0000,0.0000,0.0000,0.0004,0.0000,1.0000
7.6585,124.35,-0.0002,0.0566,0.0012,0.0000,0.0219,0.0000,0.0000,0.0000,0.0000,0.0004,0.0000,1.0000
7.6785,124.35,-0.0002,0.0566,0.0012,0.0000,0.0219,0.0000,0.0000,0.0000,0.0000,0.0004,0.0000,1.0000
7.6985,124.35,-0.0002,0.0566,0.0012,0.0000,0.0219,0.0000,0.0000,0.0000,0.0000,0.0004,0.0000,1.0000
7.7185,124.35,-0.0002,0.0566,0.0012,0.0000,0.0219,0.0000,0.0000,0.0000,0.0000,0.0004,0.0000,1.0000
7.7385,124.35,-0.0002,0.0566,0.0012,0.0000,0.0219,0.0000,0.0000,0.0000,0.0000,0.0004,0.0000,1.0000
7.7585,124.35,-0.0002,0.0566,0.0012,0.0000,0.0219,0.0000,0.0000,0.0000,0.0000,0.0004,0.0000,1.0000
7.7785,124.35,-0.0002,0.0566,0.0012,0.0000,0.0219,0.0000,0.0000,0.0000,0.0000,0.0004,0.0000,1.0000
7.7985,124.35,-0.0002,0.0566,0.0012,0.0000,0.0219,0.0000,0.0000,0.0000,0.0000,0.0004,0.0000,1.0000
7.8185,124.35,-0.0002,0.0566,0.0012,0.0000,0.0219,0.0000,0.0000,0.0000,0.0000,0.0004,0.0000,1.0000
7.8385,124.35,-0.0002,0.0566,0.0012,0.0000,0.0219,0.0000,0.0000,0.0000,0.0000,0.0004,0.0000,1.0000
7.8585,124.35,-0.0002,0.0566,0.0012,0.0000,0.0219,0.0000,0.0000,0.0000,0.0000,0.0004,0.0000,1.0000
7.8785,124.35,-0.0002,0.0566,0.0012,0.0000,0.0219,0.0000,0.0000,0.0000,0.0000,0.0004,0.0000,1.0000
7.8985,124.35,-0.0002,0.0566,0.0012,0.0000,0.0219,0.0000,0.0000,0.0000,0.0000,0.0004,0.0000,1.0000
7.9185,124.35,-0.0002,0.0566,0.0012,0.0000,0.0219,0.0000,0.0000,0.0000,0.0000,0.0004,0.0000,1.0000
7.9385,124.35,-0.0002,0.0566,0.0012,0.0000,0.0219,0.0000,0.0000,0.0000,0.0000,0.0004,0.0000,1.0000
7.9585,124.35,-0.0002,0.0566,0.0012,0.0000,0.0219,0.0000,0.0000,0.0000,0.0000,0.0004,0.0000,1.0000
7.9785,124.35,-0.0002,0.0566,0.0012,0.0000,0.0219,0.0000,0.0000,0.0000,0.0000,0.0004,0.0000,1.0000
7.9985,124.35,-0.0002,0.0566,0.0012,0.0000,0.0219,0.0000,0.0000,0.0000,0.0000,0.0004,0.0000,1.0000
8.0185,124.35,-0.0002,0.0566,0.0012,0.0000,0.0219,0.0000,0.0000,0.0000,0.0000,0.0004,0.0000,1.0000
8.0385,131.22,-0.0002,0.0566,0.0012,0.0000,0.0219,0.0000,0.0000,0.0000,0.0000,0.0004,0.0000,1.0000
8.0585,131.22,-0.0002,0.0566,0.0012,0.0000,0.0219,0.0000,0.0000,0.0000,0.0000,0.0004,0.0000,1.0000
8.0785,131.22,-0.0002,0.0566,0.0012,0.0000,0.0219,0.0000,0.0000,0.0000,0.0000,0.0004,0.0000,1.0000
8.0985,131.22,-0.0002,0.0566,0.0012,0.0000,0.0219,0.0000,0.0000,0.0000,0.0000,0.0004,0.0000,1.0000
8.1185,131.22,-0.0002,0.0566,0.0012,0.0000,0.0219,0.0000,0.0000,0.0000,0.0000,0.0004,0.0000,1.0000
8.1385,131.22,-0.0002,0.0566,0.0012,0.0000,0.0219,0.0000,0.0000,0.0000,0.0000,0.0004,0.0000,1.0000
8.1585,131.22,-0.0002,0.0566,0.0012,0.0000,0.0219,0.0000,0.0000,0.0000,0.0000,0.0004,0.0000,1.0000
8.1785,131.22,-0.0002,0.0566,0.0012,0.0000,0.0219,0.0000,0.0000,0.0000,0.0000,0.0004,0.0000,1.0000
8.1985,131.22,-0.0002,0.0566,0.0012,0.0000,0.0219,0.0000,0.0000,0.0000,0.0000,0.0004,0.0000,1.0000
8.2185,131.22,-0.0002,0.0566,0.0012,0.0000,0.0219,0.0000,0.0000,0.0000,0.0000,0.0004,0.0000,1.0000
8.2385,131.22,-0.0002,0.0566,0.0012,0.0000,0.0219,0.0000,0.0000,0.0000,0.0000,0.0004,0.0000,1.0000
8.2585,131.22,-0.0002,0.0566,0.0012,0.0000,0.0219,0.0000,0.0000,0.0000,0.0000,0.0004,0.0000,1.0000
8.2785,131.22,-0.0002,0.0566,0.0012,0.0000,0.0219,0.0000,0.0000,0.0000,0.0000,0.0004,0.0000,1.0000
8.2985,131.22,-0.0002,0.0566,0.0012,0.0000,0.0219,0.0000,0.0000,0.0000,0.0000,0.0004,0.0000,1.0000
8.3185,131.22,-0.0002,0.0566,0.0012,0.0000,0.0219,0.0000,0.0000,0.0000,0.0000,0.0004,0.0000,1.0000
8.3385,131.22,-0.0002,0.0566,0.0012,0.0000,0.0219,0.0000,0.0000,0.0000,0.0000,0.0004,0.0000,1.0000
8.3585,131.22,-0.0002,0.0566,0.0012,0.0000,0.0219,0.0000,0.0000,0.0000,0.0000,0.0004,0.0000,1.0000
8.3785,131.22,-0.0002,0.0566,0.0012,0.0000,0.0219,0.0000,0.0000,0.0000,0.0000,0.0004,0.0000,1.0000
8.3985,131.22,-0.0002,0.0566,0.0012,0.0000,0.0219,0.0000,0.0000,0.0000,0.0000,0.0004,0.0000,1.0000
8.4185,131.22,-0.0002,0.0566,0.0012,0.0000,0.0219,0.0000,0.0000,0.0000,0.0000,0.0004,0.0000,1.0000
8.4385,131.22,-0.0002,0.0566,0.0012,0.0000,0.0219,0.0000,0.0000,0.0000,0.0000,0.0004,0.0000,1.0000
8.4585,131.22,-0.0002,0.0566,0.0012,0.0000,0.0219,0.0000,0.0000,0.0000,0.0000,0.0004,0.0000,1.0000
8.4785,131.22,-0.0002,0.0566,0.0012,0.0000,0.0219,0.0000,0.0000,0.0000,0.0000,0.0004,0.0000,1.0000
8.4985,131.22,-0.0002,0.0566,0.0012,0.0000,0.0219,0.0000,0.0000,0.0000,0.0000,0.0004,0.0000,1.0000
8.5185,131.22,-0.0002,0.0566,0.0012,0.0000,0.0219,0.0000,0.0000,0.0000,0.0000,0.0004,0.0000,1.0000
8.5385,131.22,-0.0002,0.0566,0.0012,0.0000,0.0219,0.0000,0.0000,0.0000,0.0000,0.0004,0.0000,1.0000
8.5585,131.22,-0.0002,0.0566,0.0012,0.0000,0.0219,0.0000,0.0000,0.0000,0.0000,0.0004,0.0000,1.0000
8.5785,131.22,-0.0002,0.0566,0.0012,0.0000,0.0219,0.0000,0.0000,0.0000,0.0000,0.0004,0.0000,1.0000
8.5985,131.22,-0.0002,0.0566,0.0012,0.0000,0.0219,0.0000,0.0000,0.0000,0.0000,0.0004,0.0000,1.0000
8.6185,131.22,-0.0002,0.0566,0.0012,0.0000,0.0219,0.0000,0.0000,0.0000,0.0000,0.0004,0.0000,1.0000
8.6385,131.22,-0.0002,0.0566,0.0012,0.0000,0.0219,0.0000,0.0000,0.0000,0.0000,0.0004,0.0000,1.0000
8.6585,131.22,-0.0002,0.0566,0.0012,0.0000,0.0219,0.0000,0.0000,0.0000,0.0000,0.0004,0.0000,1.0000
8.6785,131.22,-0.0002,0.0566,0.0012,0.0000,0.0219,0.0000,0.0000,0.0000,0.0000,0.0004,0.0000,1.0000
8.6985,131.22,-0.0002,0.0566,0.0012,0.0000,0.0219,0.0000,0.0000,0.0000,0.0000,0.0004,0.0000,1.0000
8.7185,131.22,-0.0002,0.0566,0.0012,0.0000,0.0219,0.0000,0.0000,0.0000,0.0000,0.0004,0.0000,1.0000
8.7385,131.22,-0.0002,0.0566,0.0012,0.0000,0.0219,0.0000,0.0000,0.0000,0.0000,0.0004,0.0000,1.0000
8.7585,131.22,-0.0002,0.0566,0.0012,0.0000,0.0219,0.0000,0.0000,0.0000,0.0000,0.0004,0.0000,1.0000
8.7785,131.22,-0.0002,0.0566,0.0012,0.0000,0.0219,0.0000,0.0000,0.0000,0.0000,0.0004,0.0000,1.0000
8.7985,131.22,-0.0002,0.0566,0.0012,0.0000,0.0219,0.0000,0.0000,0.0000,0.0000,0.0004,0.0000,1.0000
8.8185,131.22,-0.0002,0.0566,0.0012,0.0000,0.0219,0.0000,0.0000,0.0000,0.0000,0.0004,0.0000,1.0000
8.8385,131.22,-0.0002,0.0566,0.0012,0.0000,0.0219,0.0000,0.0000,0.0000,0.0000,0.0004,0.0000,1.0000
8.8585,131.22,-0.0002,0.0566,0.0012,0.0000,0.0219,0.0000,0.0000,0.0000,0.0000,0.0004,0.0000,1.0000
8.8785,131.22,-0.0002,0.0566,0.0012,0.0000,0.0219,0.0000,0.0000,0.0000,0.0000,0.0004,0.0000,1.0000
8.8985,131.22,-0.0002,0.0566,0.0012,0.0000,0.0219,0.0000,0.0000,0.0000,0.0000,0.0004,0.0000,1.0000
8.9185,131.22,-0.0002,0.0566,0.0012,0.0000,0.0219,0.0000,0.0000,0.0000,0.0000,0.0004,0.0000,1.0000
8.9385,131.22,-0.0002,0.0566,0.0012,0.0000,0.0219,0.0000,0.0000,0.0000,0.0000,0.0004,0.0000,1.0000
8.9585,131.22,-0.0002,0.0566,0.0012,0.0000,0.0219,0.0000,0.0000,0.0000,0.0000,0.0004,0.0000,1.0000
8.9785,131.22,-0.0002,0.0566,0.0012,0.0000,0.0219,0.0000,0.0000,0.0000,0.0000,0.0004,0.0000,1.0000
8.9985,131.22,-0.0002,0.0566,0.0012,0.0000,0.0219,0.0000,0.0000,0.0000,0.0000,0.0004,0.0000,1.0000
9.0185,131.22,-0.0002,0.0566,0.0012,0.0000,0.0219,0.0000,0.0000,0.0000,0.0000,0.0004,0.0000,1.0000
9.0385,131.22,-0.0002,0.0566,0.0012,0.0000,0.0219,0.0000,0.0000,0.0000,0.0000,0.0004,0.0000,1.0000
9.0585,127.81,-0.0002,0.0566,0.0012,0.0000,0.0219,0.0000,0.0000,0.0000,0.0000,0.0004,0.0000,1.0000
9.0785,127.81,-0.0002,0.0566,0.0012,0.0000,0.0219,0.0000,0.0000,0.0000,0.0000,0.0004,0.0000,1.0000
9.0985,127.81,-0.0002,0.0566,0.0012,0.0000,0.0219,0.0000,0.0000,0.0000,0.0000,0.0004,0.0000,1.0000
9.1185,127.81,-0.0002,0.0566,0.0012,0.0000,0.0219,0.0000,0.0000,0.0000,0.0000,0.0004,0.0000,1.0000
9.1385,127.81,-0.0002,0.0566,0.0012,0.0000,0.0219,0.0000,0.0000,0.0000,0.0000,0.0004,0.0000,1.0000
9.1585,127.81,-0.0002,0.0566,0.0012,0.0000,0.0219,0.0000,0.0000,0.0000,0.0000,0.0004,0.0000,1.0000
9.1785,127.81,-0.0002,0.0566,0.0012,0.0000,0.0219,0.0000,0.0000,0.0000,0.0000,0.0004,0.0000,1.0000
9.1985,127.81,-0.0002,0.0566,0.0012,0.0000,0.0219,0.0000,0.0000,0.0000,0.0000,0.0004,0.0000,1.0000
9.2185,127.81,-0.0002,0.0566,0.0012,0.0000,0.0219,0.0000,0.0000,0.0000,0.0000,0.0004,0.0000,1.0000
9.2385,127.81,-0.0002,0.0566,0.0012,0.0000,0.0219,0.0000,0.0000,0.0000,0.0000,0.0004,0.0000,1.0000
9.2585,127.81,-0.0002,0.0566,0.0012,0.0000,0.0219,0.0000,0.0000,0.0000,0.0000,0.0004,0.0000,1.0000
9.2785,127.81,-0.0002,0.0566,0.0012,0.0000,0.0219,0.0000,0.0000,0.0000,0.0000,0.0004,0.0000,1.0000
9.2985,127.81,-0.0002,0.0566,0.0012,0.0000,0.0219,0.0000,0.0000,0.0000,0.0000,0.0004,0.0000,1.0000
9.3185,127.81,-0.0002,0.0566,0.0012,0.0000,0.0219,0.0000,0.0000,0.0000,0.0000,0.0004,0.0000,1.0000
9.3385,127.81,-0.0002,0.0566,0.0012,0.0000,0.0219,0.0000,0.0000,0.0000,0.0000,0.0004,0.0000,1.0000
9.3585,127.81,-0.0002,0.0566,0.0012,0.0000,0.0219,0.0000,0.0000,0.0000,0.0000,0.0004,0.0000,1.0000
9.3785,127.81,-0.0002,0.0566,0.0012,0.0000,0.0219,0.0000,0.0000,0.0000,0.0000,0.0004,0.0000,1.0000
9.3985,127.81,-0.0002,0.0566,0.0012,0.0000,0.0219,0.0000,0.0000,0.0000,0.0000,0.0004,0.0000,1.0000
9.4185,127.81,-0.0002,0.0566,0.0012,0.0000,0.0219,0.0000,0.0000,0.0000,0.0000,0.0004,0.0000,1.0000
9.4385,127.81,-0.0002,0.0566,0.0012,0.0000,0.0219,0.0000,0.0000,0.0000,0.0000,0.0004,0.0000,1.0000
9.4585,127.81,-0.0002,0.0566,0.0012,0.0000,0.0219,0.0000,0.0000,0.0000,0.0000,0.0004,0.0000,1.0000
9.4785,127.81,-0.0002,0.0566,0.0012,0.0000,0.0219,0.0000,0.0000,0.0000,0.0000,0.0004,0.0000,1.0000
9.4985,127.81,-0.0002,0.0566,0.0012,0.0000,0.0219,0.0000,0.0000,0.0000,0.0000,0.0004,0.0000,1.0000
9.5185,127.81,-0.0002,0.0566,0.0012,0.0000,0.0219,0.0000,0.0000,0.0000,0.0000,0.0004,0.0000,1.0000
9.5385,127.81,-0.0002,0.0566,0.0012,0.0000,0.0219,0.0000,0.0000,0.0000,0.0000,0.0004,0.0000,1.0000
9.5585,127.81,-0.0002,0.0566,0.0012,0.0000,0.0219,0.0000,0.0000,0.0000,0.0000,0.0004,0.0000,1.0000
9.5785,127.81,-0.0002,0.0566,0.0012,0.0000,0.0219,0.0000,0.0000,0.0000,0.0000,0.0004,0.0000,1.0000
9.5985,127.81,-0.0002,0.0566,0.0012,0.0000,0.0219,0.0000,0.0000,0.0000,0.0000,0.0004,0.0000,1.0000
9.6185,127.81,-0.0002,0.0566,0.0012,0.0000,0.0219,0.0000,0.0000,0.0000,0.0000,0.0004,0.0000,1.0000
9.6385,127.81,-0.0002,0.0566,0.0012,0.0000,0.0219,0.0000,0.0000,0.0000,0.0000,0.0004,0.0000,1.0000
9.6585,127.81,-0.0002,0.0566,0.0012,0.0000,0.0219,0.0000,0.0000,0.0000,0.0000,0.0004,0.0000,1.0000
9.6785,127.81,-0.0002,0.0566,0.0012,0.0000,0.0219,0.0000,0.0000,0.0000,0.0000,0.0004,0.0000,1.0000
9.6985,127.81,-0.0002,0.0566,0.0012,0.0000,0.0219,0.0000,0.0000,0.0000,0.0000,0.0004,0.0000,1.0000
9.7185,127.81,-0.0002,0.0566,0.0012,0.0000,0.0219,0.0000,0.0000,0.0000,0.0000,0.0004,0.0000,1.0000
9.7385,127.81,-0.0002,0.0566,0.0012,0.0000,0.0219,0.0000,0.0000,0.0000,0.0000,0.0004,0.0000,1.0000
9.7585,127.81,-0.0002,0.0566,0.0012,0.0000,0.0219,0.0000,0.0000,0.0000,0.0000,0.0004,0.0000,1.0000
9.7785,127.81,-0.0002,0.0566,0.0012,0.0000,0.0219,0.0000,0.0000,0.0000,0.0000,0.0004,0.0000,1.0000
9.7985,127.81,-0.0002,0.0566,0.0012,0.0000,0.0219,0.0000,0.0000,0.0000,0.0000,0.0004,0.0000,1.0000
9.8185,127.81,-0.0002,0.0566,0.0012,0.0000,0.0219,0.0000,0.0000,0.0000,0.0000,0.0004,0.0000,1.0000
9.8385,127.81,-0.0002,0.0566,0.0012,0.0000,0.0219,0.0000,0.0000,0.0000,0.0000,0.0004,0.0000,1.0000
9.8585,127.81,-0.0002,0.0566,0.0012,0.0000,0.0219,0.0000,0.0000,0.0000,0.0000,0.0004,0.0000,1.0000
9.8785,127.81,-0.0002,0.0566,0.0012,0.0000,0.0219,0.0000,0.0000,0.0000,0.0000,0.0004,0.0000,1.0000
9.8985,127.81,-0.0002,0.0566,0.0012,0.0000,0.0219,0.0000,0.0000,0.0000,0.0000,0.0004,0.0000,1.0000
9.9185,127.81,-0.0002,0.0566,0.0012,0.0000,0.0219,0.0000,0.0000,0.0000,0.0000,0.0004,0.0000,1.0000
9.9385,127.81,-0.0002,0.0566,0.0012,0.0000,0.0219,0.0000,0.0000,0.0000,0.0000,0.0004,0.0000,1.0000
9.9585,127.81,-0.0002,0.0566,0.0012,0.0000,0.0219,0.0000,0.0000,0.0000,0.0000,0.0004,0.0000,1.0000
9.9785,127.81,-0.0002,0.0566,0.0012,0.0000,0.0219,0.0000,0.0000,0.0000,0.0000,0.0004,0.0000,1.0000
9.9985,127.81,-0.0002,0.0566,0.0012,0.0000,0.0219,0.0000,0.0000,0.0000,0.0000,0.0004,0.0000,1.0000
10.0185,127.81,-0.0002,0.0566,0.0012,0.0000,0.0219,0.0000,0.0000,0.0000,0.0000,0.0004,0.0000,1.0000
10.0385,127.81,-0.0002,0.0566,0.0012,0.0000,0.0219,0.0000,0.0000,0.0000,0.0000,0.0004,0.0000,1.0000
10.0585,131.65,-0.0002,0.0566,0.0012,0.0000,0.0219,0.0000,0.0000,0.0000,0.0000,0.0004,0.0000,1.0000
10.0785,131.65,-0.0002,0.0566,0.0012,0.0000,0.0219,0.0000,0.0000,0.0000,0.0000,0.0004,0.0000,1.0000
10.0985,131.65,-0.0002,0.0566,0.0012,0.0000,0.0219,0.0000,0.0000,0.0000,0.0000,0.0004,0.0000,1.0000
10.1185,131.65,-0.0002,0.0566,0.0012,0.0000,0.0219,0.0000,0.0000,0.0000,0.0000,0.0004,0.0000,1.0000
10.1385,131.65,-0.0002,0.0566,0.0012,0.0000,0.0219,0.0000,0.0000,0.0000,0.0000,0.0004,0.0000,1.0000
10.1585,131.65,-0.0002,0.0566,0.0012,0.0000,0.0219,0.0000,0.0000,0.0000,0.0000,0.0004,0.0000,1.0000
10.1785,131.65,-0.0002,0.0566,0.0012,0.0000,0.0219,0.0000,0.0000,0.0000,0.0000,0.0004,0.0000,1.0000
10.1985,131.65,-0.0002,0.0566,0.0012,0.0000,0.0219,0.0000,0.0000,0.0000,0.0000,0.0004,0.0000,1.0000
10.2185,131.65,-0.0002,0.0566,0.0012,0.0000,0.0219,0.0000,0.0000,0.0000,0.0000,0.0004,0.0000,1.0000
10.2385,131.65,-0.0002,0.0566,0.0012,0.0000,0.0219,0.0000,0.0000,0.0000,0.0000,0.0004,0.0000,1.0000
10.2585,131.65,-0.0002,0.0566,0.0012,0.0000,0.0219,0.0000,0.0000,0.0000,0.0000,0.0004,0.0000,1.0000
10.2785,131.65,-0.0002,0.0566,0.0012,0.0000,0.0219,0.0000,0.0000,0.0000,0.0000,0.0004,0.0000,1.0000
10.2985,131.65,-0.0002,0.0566,0.0012,0.0000,0.0219,0.0000,0.0000,0.0000,0.0000,0.0004,0.0000,1.0000
10.3185,131.65,-0.0002,0.0566,0.0012,0.0000,0.0219,0.0000,0.0000,0.0000,0.0000,0.0004,0.0000,1.0000
10.3385,131.65,-0.0002,0.0566,0.0012,0.0000,0.0219,0.0000,0.0000,0.0000,0.0000,0.0004,0.0000,1.0000
10.3585,131.65,-0.0002,0.0566,0.0012,0.0000,0.0219,0.0000,0.0000,0.0000,0.0000,0.0004,0.0000,1.0000
10.3785,131.65,-0.0002,0.0566,0.0012,0.0000,0.0219,0.0000,0.0000,0.0000,0.0000,0.0004,0.0000,1.0000
10.3985,131.65,-0.0002,0.0566,0.0012,0.0000,0.0219,0.0000,0.0000,0.0000,0.0000,0.0004,0.0000,1.0000
10.4185,131.65,-0.0002,0.0566,0.0012,0.0000,0.0219,0.0000,0.0000,0.0000,0.0000,0.0004,0.0000,1.0000
10.4385,131.65,-0.0002,0.0566,0.0012,0.0000,0.0219,0.0000,0.0000,0.0000,0.0000,0.0004,0.0000,1.0000
10.4585,131.65,-0.0002,0.0566,0.0012,0.0000,0.0219,0.0000,0.0000,0.0000,0.0000,0.0004,0.0000,1.0000
10.4785,131.65,-0.0002,0.0566,0.0012,0.0000,0.0219,0.0000,0.0000,0.0000,0.0000,0.0004,0.0000,1.0000
10.4985,131.65,-0.0002,0.0566,0.0012,0.0000,0.0219,0.0000,0.0000,0.0000,0.0000,0.0004,0.0000,1.0000
10.5185,131.65,-0.0002,0.0566,0.0012,0.0000,0.0219,0.0000,0.0000,0.0000,0.0000,0.0004,0.0000,1.0000
10.5385,131.65,-0.0002,0.0566,0.0012,0.0000,0.0219,0.0000,0.0000,0.0000,0.0000,0.0004,0.0000,1.0000
10.5585,131.65,-0.0002,0.0566,0.0012,0.0000,0.0219,0.0000,0.0000,0.0000,0.0000,0.0004,0.0000,1.0000
10.5785,131.65,-0.0002,0.0566,0.0012,0.0000,0.0219,0.0000,0.0000,0.0000,0.0000,0.0004,0.0000,1.0000
10.5985,131.65,-0.0002,0.0566,0.0012,0.0000,0.0219,0.0000,0.0000,0.0000,0.0000,0.0004,0.0000,1.0000
10.6185,131.65,-0.0002,0.0566,0.0012,0.0000,0.0219,0.0000,0.0000,0.0000,0.0000,0.0004,0.0000,1.0000
10.6385,131.65,-0.0002,0.0566,0.0012,0.0000,0.0219,0.0000,0.0000,0.0000,0.0000,0.0004,0.0000,1.0000
10.6585,131.65,-0.0002,0.0566,0.0012,0.0000,0.0219,0.0000,0.0000,0.0000,0.0000,0.0004,0.0000,1.0000
10.6785,131.65,-0.0002,0.0566,0.0012,0.0000,0.0219,0.0000,0.0000,0.0000,0.0000,0.0004,0.0000,1.0000
10.6985,131.65,-0.0002,0.0566,0.0012,0.0000,0.0219,0.0000,0.0000,0.0000,0.0000,0.0004,0.0000,1.0000
10.7185,131.65,-0.0002,0.0566,0.0012,0.0000,0.0219,0.0000,0.0000,0.0000,0.0000,0.0004,0.0000,1.0000
10.7385,131.65,-0.0002,0.0566,0.0012,0.0000,0.0219,0.0000,0.0000,0.0000,0.0000,0.0004,0.0000,1.0000
10.7585,131.65,-0.0002,0.0566,0.0012,0.0000,0.0219,0.0000,0.0000,0.0000,0.0000,0.0004,0.0000,1.0000
10.7785,131.65,-0.0002,0.0566,0.0012,0.0000,0.0219,0.0000,0.0000,0.0000,0.0000,0.0004,0.0000,1.0000
10.7985,131.65,-0.0002,0.0566,0.0012,0.0000,0.0219,0.0000,0.0000,0.0000,0.0000,0.0004,0.0000,1.0000
10.8185,131.65,-0.0002,0.0566,0.0012,0.0000,0.0219,0.0000,0.0000,0.0000,0.0000,0.0004,0.0000,1.0000
10.8385,131.65,-0.0002,0.0566,0.0012,0.0000,0.0219,0.0000,0.0000,0.0000,0.0000,0.0004,0.0000,1.0000
10.8585,131.65,-0.0002,0.0566,0.0012,0.0000,0.0219,0.0000,0.0000,0.0000,0.0000,0.0004,0.0000,1.0000
10.8785,131.65,-0.0002,0.0566,0.0012,0.0000,0.0219,0.0000,0.0000,0.0000,0.0000,0.0004,0.0000,1.0000
10.8985,131.65,-0.0002,0.0566,0.0012,0.0000,0.0219,0.0000,0.0000,0.0000,0.0000,0.0004,0.0000,1.0000
10.9185,131.65,-0.0002,0.0566,0.0012,0.0000,0.0219,0.0000,0.0000,0.0000,0.0000,0.0004,0.0000,1.0000
10.9385,131.65,-0.0002,0.0566,0.0012,0.0000,0.0219,0.0000,0.0000,0.0000,0.0000,0.0004,0.0000,1.0000
10.9585,131.65,-0.0002,0.0566,0.0012,0.0000,0.0219,0.0000,0.0000,0.0000,0.0000,0.0004,0.0000,1.0000
10.9785,131.65,-0.0002,0.0566,0.0012,0.0000,0.0219,0.0000,0.0000,0.0000,0.0000,0.0004,0.0000,1.0000
10.9985,131.65,-0.0002,0.0566,0.0012,0.0000,0.0219,0.0000,0.0000,0.0000,0.0000,0.0004,0.0000,1.0000
11.0185,131.65,-0.0002,0.0566,0.0012,0.0000,0.0219,0.0000,0.0000,0.0000,0.0000,0.0004,0.0000,1.0000
11.0385,131.65,-0.0002,0.0566,0.0012,0.0000,0.0219,0.0000,0.0000,0.0000,0.0000,0.0004,0.0000,1.0000
11.0585,131.95,-0.0002,0.0566,0.0012,0.0000,0.0219,0.0000,0.0000,0.0000,0.0000,0.0004,0.0000,1.0000
11.0785,131.95,-0.0002,0.0566,0.0012,0.0000,0.0219,0.0000,0.0000,0.0000,0.0000,0.0004,0.0000,1.0000
11.0985,131.95,-0.0002,0.0566,0.0012,0.0000,0.0219,0.0000,0.0000,0.0000,0.0000,0.0004,0.0000,1.0000
11.1185,131.95,-0.0002,0.0566,0.0012,0.0000,0.0219,0.0000,0.0000,0.0000,0.0000,0.0004,0.0000,1.0000
11.1385,131.95,-0.0002,0.0566,0.0012,0.0000,0.0219,0.0000,0.0000,0.0000,0.0000,0.0004,0.0000,1.0000
11.1585,131.95,-0.0002,0.0566,0.0012,0.0000,0.0219,0.0000,0.0000,0.0000,0.0000,0.0004,0.0000,1.0000
11.1785,131.95,-0.0002,0.0566,0.0012,0.0000,0.0219,0.0000,0.0000,0.0000,0.0000,0.0004,0.0000,1.0000
11.1985,131.95,-0.0002,0.0566,0.0012,0.0000,0.0219,0.0000,0.0000,0.0000,0.0000,0.0004,0.0000,1.0000
11.2185,131.95,-0.0002,0.0566,0.0012,0.0000,0.0219,0.0000,0.0000,0.0000,0.0000,0.0004,0.0000,1.0000
11.2385,131.95,-0.0002,0.0566,0.0012,0.0000,0.0219,0.0000,0.0000,0.0000,0.0000,0.0004,0.0000,1.0000
11.2585,131.95,-0.0002,0.0566,0.0012,0.0000,0.0219,0.0000,0.0000,0.0000,0.0000,0.0004,0.0000,1.0000
11.2785,131.95,-0.0002,0.0566,0.0012,0.0000,0.0219,0.0000,0.0000,0.0000,0.0000,0.0004,0.0000,1.0000
11.2985,131.95,-0.0002,0.0566,0.0012,0.0000,0.0219,0.0000,0.0000,0.0000,0.0000,0.0004,0.0000,1.0000
11.3185,131.95,-0.0002,0.0566,0.0012,0.0000,0.0219,0.0000,0.0000,0.0000,0.0000,0.0004,0.0000,1.0000
11.3385,131.95,-0.0002,0.0566,0.0012,0.0000,0.0219,0.0000,0.0000,0.0000,0.0000,0.0004,0.0000,1.0000
11.3585,131.95,-0.0002,0.0566,0.0012,0.0000,0.0219,0.0000,0.0000,0.0000,0.0000,0.0004,0.0000,1.0000
11.3785,131.95,-0.0002,0.0566,0.0012,0.0000,0.0219,0.0000,0.0000,0.0000,0.0000,0.0004,0.0000,1.0000
11.3985,131.95,-0.0002,0.0566,0.0012,0.0000,0.0219,0.0000,0.0000,0.0000,0.0000,0.0004,0.0000,1.0000
11.4185,131.95,-0.0002,0.0566,0.0012,0.0000,0.0219,0.0000,0.0000,0.0000,0.0000,0.0004,0.0000,1.0000
11.4385,131.95,-0.0002,0.0566,0.0012,0.0000,0.0219,0.0000,0.0000,0.0000,0.0000,0.0004,0.0000,1.0000
11.4585,131.95,-0.0002,0.0566,0.0012,0.0000,0.0219,0.0000,0.0000,0.0000,0.0000,0.0004,0.0000,1.0000
11.4785,131.95,-0.0002,0.0566,0.0012,0.0000,0.0219,0.0000,0.0000,0.0000,0.0000,0.0004,0.0000,1.0000
11.4985,131.95,-0.0002,0.0566,0.0012,0.0000,0.0219,0.0000,0.0000,0.0000,0.0000,0.0004,0.0000,1.0000
11.5185,131.95,-0.0002,0.0566,0.0012,0.0000,0.0219,0.0000,0.0000,0.0000,0.0000,0.0004,0.0000,1.0000
11.5385,131.95,-0.0002,0.0566,0.0012,0.0000,0.0219,0.0000,0.0000,0.0000,0.0000,0.0004,0.0000,1.0000
11.5585,131.95,-0.0002,0.0566,0.0012,0.0000,0.0219,0.0000,0.0000,0.0000,0.0000,0.0004,0.0000,1.0000
11.5785,131.95,-0.0002,0.0566,0.0012,0.0000,0.0219,0.0000,0.0000,0.0000,0.0000,0.0004,0.0000,1.0000
11.5985,131.95,-0.0002,0.0566,0.0012,0.0000,0.0219,0.0000,0.0000,0.0000,0.0000,0.0004,0.0000,1.0000
11.6185,131.95,-0.0002,0.0566,0.0012,0.0000,0.0219,0.0000,0.0000,0.0000,0.0000,0.0004,0.0000,1.0000
11.6385,131.95,-0.0002,0.0566,0.0012,0.0000,0.0219,0.0000,0.0000,0.0000,0.0000,0.0004,0.0000,1.0000
11.6585,131.95,-0.0002,0.0566,0.0012,0.0000,0.0219,0.0000,0.0000,0.0000,0.0000,0.0004,0.0000,1.0000
11.6785,131.95,-0.0002,0.0566,0.0012,0.0000,0.0219,0.0000,0.0000,0.0000,0.0000,0.0004,0.0000,1.0000
11.6985,131.95,-0.0002,0.0566,0.0012,0.0000,0.0219,0.0000,0.0000,0.0000,0.0000,0.0004,0.0000,1.0000
11.7185,131.95,-0.0002,0.0566,0.0012,0.0000,0.0219,0.0000,0.0000,0.0000,0.0000,0.0004,0.0000,1.0000
11.7385,131.95,-0.0002,0.0566,0.0012,0.0000,0.0219,0.0000,0.0000,0.0000,0.0000,0.0004,0.0000,1.0000
11.7585,131.95,-0.0002,0.0566,0.0012,0.0000,0.0219,0.0000,0.0000,0.0000,0.0000,0.0004,0.0000,1.0000
11.7785,131.95,-0.0002,0.0566,0.0012,0.0000,0.0219,0.0000,0.0000,0.0000,0.0000,0.0004,0.0000,1.0000
11.7985,131.95,-0.0002,0.0566,0.0012,0.0000,0.0219,0.0000,0.0000,0.0000,0.0000,0.0004,0.0000,1.0000
11.8185,131.95,-0.0002,0.0566,0.0012,0.0000,0.0219,0.0000,0.0000,0.0000,0.0000,0.0004,0.0000,1.0000
11.8385,131.95,-0.0002,0.0566,0.0012,0.0000,0.0219,0.0000,0.0000,0.0000,0.0000,0.0004,0.0000,1.0000
11.8585,131.95,-0.0002,0.0566,0.0012,0.0000,0.0219,0.0000,0.0000,0.0000,0.0000,0.0004,0.0000,1.0000
11.8785,131.95,-0.0002,0.0566,0.0012,0.0000,0.0219,0.0000,0.0000,0.0000,0.0000,0.0004,0.0000,1.0000
11.8985,131.95,-0.0002,0.0566,0.0012,0.0000,0.0219,0.0000,0.0000,0.0000,0.0000,0.0004,0.0000,1.0000
11.9185,131.95,-0.0002,0.0566,0.0012,0.0000,0.0219,0.0000,0.0000,0.0000,0.0000,0.0004,0.0000,1.0000
11.9385,131.95,-0.0002,0.0566,0.0012,0.0000,0.0219,0.0000,0.0000,0.0000,0.0000,0.0004,0.0000,1.0000
11.9585,131.95,-0.0002,0.0566,0.0012,0.0000,0.0219,0.0000,0.0000,0.0000,0.0000,0.0004,0.0000,1.0000
11.9785,131.95,-0.0002,0.0566,0.0012,0.0000,0.0219,0.0000,0.0000,0.0000,0.0000,0.0004,0.0000,1.0000
11.9985,131.95,-0.0002,0.0566,0.0012,0.0000,0.0219,0.0000,0.0000,0.0000,0.0000,0.0004,0.0000,1.0000
12.0185,131.95,-0.0002,0.0566,0.0012,0.0000,0.0219,0.0000,0.0000,0.0000,0.0000,0.0004,0.0000,1.0000
12.0385,131.95,-0.0002,0.0566,0.0012,0.0000,0.0219,0.0000,0.0000,0.0000,0.0000,0.0004,0.0000,1.0000
12.0585,121.44,-0.0002,0.0566,0.0012,0.0000,0.0219,0.0000,0.0000,0.0000,0.0000,0.0004,0.0000,1.0000
12.0785,121.44,-0.0002,0.0566,0.0012,0.0000,0.0219,0.0000,0.0000,0.0000,0.0000,0.0004,0.0000,1.0000
12.0985,121.44,-0.0002,0.0566,0.0012,0.0000,0.0219,0.0000,0.0000,0.0000,0.0000,0.0004,0.0000,1.0000
12.1185,121.44,-0.0002,0.0566,0.0012,0.0000,0.0219,0.0000,0.0000,0.0000,0.0000,0.0004,0.0000,1.0000
12.1385,121.44,-0.0002,0.0566,0.0012,0.0000,0.0219,0.0000,0.0000,0.0000,0.0000,0.0004,0.0000,1.0000
12.1585,121.44,-0.0002,0.0566,0.0012,0.0000,0.0219,0.0000,0.0000,0.0000,0.0000,0.0004,0.0000,1.0000
12.1785,121.44,-0.0002,0.0566,0.0012,0.0000,0.0219,0.0000,0.0000,0.0000,0.0000,0.0004,0.0000,1.0000
12.1985,121.44,-0.0002,0.0566,0.0012,0.0000,0.0219,0.0000,0.0000,0.0000,0.0000,0.0004,0.0000,1.0000
12.2185,121.44,-0.0002,0.0566,0.0012,0.0000,0.0219,0.0000,0.0000,0.0000,0.0000,0.0004,0.0000,1.0000
12.2385,121.44,-0.0002,0.0566,0.0012,0.0000,0.0219,0.0000,0.0000,0.0000,0.0000,0.0004,0.0000,1.0000
12.2585,121.44,-0.0002,0.0566,0.0012,0.0000,0.0219,0.0000,0.0000,0.0000,0.0000,0.0004,0.0000,1.0000
12.2785,121.44,-0.0002,0.0566,0.0012,0.0000,0.0219,0.0000,0.0000,0.0000,0.0000,0.0004,0.0000,1.0000
12.2985,121.44,-0.0002,0.0566,0.0012,0.0000,0.0219,0.0000,0.0000,0.0000,0.0000,0.0004,0.0000,1.0000
12.3185,121.44,-0.0002,0.0566,0.0012,0.0000,0.0219,0.0000,0.0000,0.0000,0.0000,0.0004,0.0000,1.0000
12.3385,121.44,-0.0002,0.0566,0.0012,0.0000,0.0219,0.0000,0.0000,0.0000,0.0000,0.0004,0.0000,1.0000
12.3585,121.44,-0.0002,0.0566,0.0012,0.0000,0.0219,0.0000,0.0000,0.0000,0.0000,0.0004,0.0000,1.0000
12.3785,121.44,-0.0002,0.0566,0.0012,0.0000,0.0219,0.0000,0.0000,0.0000,0.0000,0.0004,0.0000,1.0000
12.3985,121.44,-0.0002,0.0566,0.0012,0.0000,0.0219,0.0000,0.0000,0.0000,0.0000,0.0004,0.0000,1.0000
12.4185,121.44,-0.0002,0.0566,0.0012,0.0000,0.0219,0.0000,0.0000,0.0000,0.0000,0.0004,0.0000,1.0000
12.4385,121.44,-0.0002,0.0566,0.0012,0.0000,0.0219,0.0000,0.0000,0.0000,0.0000,0.0004,0.0000,1.0000
12.4585,121.44,-0.0002,0.0566,0.0012,0.0000,0.0219,0.0000,0.0000,0.0000,0.0000,0.0004,0.0000,1.0000
12.4785,121.44,-0.0002,0.0566,0.0012,0.0000,0.0219,0.0000,0.0000,0.0000,0.0000,0.0004,0.0000,1.0000
12.4985,121.44,-0.0002,0.0566,0.0012,0.0000,0.0219,0.0000,0.0000,0.0000,0.0000,0.0004,0.0000,1.0000
12.5185,121.44,-0.0002,0.0566,0.0012,0.0000,0.0219,0.0000,0.0000,0.0000,0.0000,0.0004,0.0000,1.0000
12.5385,121.44,-0.0002,0.0566,0.0012,0.0000,0.0219,0.0000,0.0000,0.0000,0.0000,0.0004,0.0000,1.0000
12.5585,121.44,-0.0002,0.0566,0.0012,0.0000,0.0219,0.0000,0.0000,0.0000,0.0000,0.0004,0.0000,1.0000
12.5785,121.44,-0.0002,0.0566,0.0012,0.0000,0.0219,0.0000,0.0000,0.0000,0.0000,0.0004,0.0000,1.0000
12.5985,121.44,-0.0002,0.0566,0.0012,0.0000,0.0219,0.0000,0.0000,0.0000,0.0000,0.0004,0.0000,1.0000
12.6185,121.44,-0.0002,0.0566,0.0012,0.0000,0.0219,0.0000,0.0000,0.0000,0.0000,0.0004,0.0000,1.0000
12.6385,121.44,-0.0002,0.0566,0.0012,0.0000,0.0219,0.0000,0.0000,0.0000,0.0000,0.0004,0.0000,1.0000
12.6585,121.44,-0.0002,0.0566,0.0012,0.0000,0.0219,0.0000,0.0000,0.0000,0.0000,0.0004,0.0000,1.0000
12.6785,121.44,-0.0002,0.0566,0.0012,0.0000,0.0219,0.0000,0.0000,0.0000,0.0000,0.0004,0.0000,1.0000
12.6985,121.44,-0.0002,0.0566,0.0012,0.0000,0.0219,0.0000,0.0000,0.0000,0.0000,0.0004,0.0000,1.0000
12.7185,121.44,-0.0002,0.0566,0.0012,0.0000,0.0219,0.0000,0.0000,0.0000,0.0000,0.0004,0.0000,1.0000
12.7385,121.44,-0.0002,0.0566,0.0012,0.0000,0.0219,0.0000,0.0000,0.0000,0.0000,0.0004,0.0000,1.0000
12.7585,121.44,-0.0002,0.0566,0.0012,0.0000,0.0219,0.0000,0.0000,0.0000,0.0000,0.0004,0.0000,1.0000
12.7785,121.44,-0.0002,0.0566,0.0012,0.0000,0.0219,0.0000,0.0000,0.0000,0.0000,0.0004,0.0000,1.0000
12.7985,121.44,-0.0002,0.0566,0.0012,0.0000,0.0219,0.0000,0.0000,0.0000,0.0000,0.0004,0.0000,1.0000
12.8185,121.44,-0.0002,0.0566,0.0012,0.0000,0.0219,0.0000,0.0000,0.0000,0.0000,0.0004,0.0000,1.0000
12.8385,121.44,-0.0002,0.0566,0.0012,0.0000,0.0219,0.0000,0.0000,0.0000,0.0000,0.0004,0.0000,1.0000
12.8585,121.44,-0.0002,0.0566,0.0012,0.0000,0.0219,0.0000,0.0000,0.0000,0.0000,0.0004,0.0000,1.0000
12.8785,121.44,-0.0002,0.0566,0.0012,0.0000,0.0219,0.0000,0.0000,0.0000,0.0000,0.0004,0.0000,1.0000
12.8985,121.44,-0.0002,0.0566,0.0012,0.0000,0.0219,0.0000,0.0000,0.0000,0.0000,0.0004,0.0000,1.0000
12.9185,121.44,-0.0002,0.0566,0.0012,0.0000,0.0219,0.0000,0.0000,0.0000,0.0000,0.0004,0.0000,1.0000
12.9385,121.44,-0.0002,0.0566,0.0012,0.0000,0.0219,0.0000,0.0000,0.0000,0.0000,0.0004,0.0000,1.0000
12.9585,121.44,-0.0002,0.0566,0.0012,0.0000,0.0219,0.0000,0.0000,0.0000,0.0000,0.0004,0.0000,1.0000
12.9785,121.44,-0.0002,0.0566,0.0012,0.0000,0.0219,0.0000,0.0000,0.0000,0.0000,0.0004,0.0000,1.0000
12.9985,121.44,-0.0002,0.0566,0.0012,0.0000,0.0219,0.0000,0.0000,0.0000,0.0000,0.0004,0.0000,1.0000
13.0185,121.44,-0.0002,0.0566,0.0012,0.0000,0.0219,0.0000,0.0000,0.0000,0.0000,0.0004,0.0000,1.0000
13.0385,121.44,-0.0002,0.0566,0.0012,0.0000,0.0219,0.0000,0.0000,0.0000,0.0000,0.0004,0.0000,1.0000
13.0585,130.12,-0.0002,0.0566,0.0012,0.0000,0.0219,0.0000,0.0000,0.0000,0.0000,0.0004,0.0000,1.0000
13.0785,130.12,-0.0002,0.0566,0.0012,0.0000,0.0219,0.0000,0.0000,0.0000,0.0000,0.0004,0.0000,1.0000
13.0985,130.12,-0.0002,0.0566,0.0012,0.0000,0.0219,0.0000,0.0000,0.0000,0.0000,0.0004,0.0000,1.0000
13.1185,130.12,-0.0002,0.0566,0.0012,0.0000,0.0219,0.0000,0.0000,0.0000,0.0000,0.0004,0.0000,1.0000
13.1385,130.12,-0.0002,0.0566,0.0012,0.0000,0.0219,0.0000,0.0000,0.0000,0.0000,0.0004,0.0000,1.0000
13.1585,130.12,-0.0002,0.0566,0.0012,0.0000,0.0219,0.0000,0.0000,0.0000,0.0000,0.0004,0.0000,1.0000
13.1785,130.12,-0.0002,0.0566,0.0012,0.0000,0.0219,0.0000,0.0000,0.0000,0.0000,0.0004,0.0000,1.0000
13.1985,130.12,-0.0002,0.0566,0.0012,0.0000,0.0219,0.0000,0.0000,0.0000,0.0000,0.0004,0.0000,1.0000
13.2185,130.12,-0.0002,0.0566,0.0012,0.0000,0.0219,0.0000,0.0000,0.0000,0.0000,0.0004,0.0000,1.0000
13.2385,130.12,-0.0002,0.0566,0.0012,0.0000,0.0219,0.0000,0.0000,0.0000,0.0000,0.0004,0.0000,1.0000
13.2585,130.12,-0.0002,0.0566,0.0012,0.0000,0.0219,0.0000,0.0000,0.0000,0.0000,0.0004,0.0000,1.0000
13.2785,130.12,-0.0002,0.0566,0.0012,0.0000,0.0219,0.0000,0.0000,0.0000,0.0000,0.0004,0.0000,1.0000
13.2985,130.12,-0.0002,0.0566,0.0012,0.0000,0.0219,0.0000,0.0000,0.0000,0.0000,0.0004,0.0000,1.0000
13.3185,130.12,-0.0002,0.0566,0.0012,0.0000,0.0219,0.0000,0.0000,0.0000,0.0000,0.0004,0.0000,1.0000
13.3385,130.12,-0.0002,0.0566,0.0012,0.0000,0.0219,0.0000,0.0000,0.0000,0.0000,0.0004,0.0000,1.0000
13.3585,130.12,-0.0002,0.0566,0.0012,0.0000,0.0219,0.0000,0.0000,0.0000,0.0000,0.0004,0.0000,1.0000
13.3785,130.12,-0.0002,0.0566,0.0012,0.0000,0.0219,0.0000,0.0000,0.0000,0.0000,0.0004,0.0000,1.0000
13.3985,130.12,-0.0002,0.0566,0.0012,0.0000,0.0219,0.0000,0.0000,0.0000,0.0000,0.0004,0.0000,1.0000
13.4185,130.12,-0.0002,0.0566,0.0012,0.0000,0.0219,0.0000,0.0000,0.0000,0.0000,0.0004,0.0000,1.0000
13.4385,130.12,-0.0002,0.0566,0.0012,0.0000,0.0219,0.0000,0.0000,0.0000,0.0000,0.0004,0.0000,1.0000
13.4585,130.12,-0.0002,0.0566,0.0012,0.0000,0.0219,0.0000,0.0000,0.0000,0.0000,0.0004,0.0000,1.0000
13.4785,130.12,-0.0002,0.0566,0.0012,0.0000,0.0219,0.0000,0.0000,0.0000,0.0000,0.0004,0.0000,1.0000
13.4985,130.12,-0.0002,0.0566,0.0012,0.0000,0.0219,0.0000,0.0000,0.0000,0.0000,0.0004,0.0000,1.0000
13.5185,130.12,-0.0002,0.0566,0.0012,0.0000,0.0219,0.0000,0.0000,0.0000,0.0000,0.0004,0.0000,1.0000
13.5385,130.12,-0.0002,0.0566,0.0012,0.0000,0.0219,0.0000,0.0000,0.0000,0.0000,0.0004,0.0000,1.0000
13.5585,130.12,-0.0002,0.0566,0.0012,0.0000,0.0219,0.0000,0.0000,0.0000,0.0000,0.0004,0.0000,1.0000
13.5785,130.12,-0.0002,0.0566,0.0012,0.0000,0.0219,0.0000,0.0000,0.0000,0.0000,0.0004,0.0000,1.0000
13.5985,130.12,-0.0002,0.0566,0.0012,0.0000,0.0219,0.0000,0.0000,0.0000,0.0000,0.0004,0.0000,1.0000
13.6185,130.12,-0.0002,0.0566,0.0012,0.0000,0.0219,0.0000,0.0000,0.0000,0.0000,0.0004,0.0000,1.0000
13.6385,130.12,-0.0002,0.0566,0.0012,0.0000,0.0219,0.0000,0.0000,0.0000,0.0000,0.0004,0.0000,1.0000
13.6585,130.12,-0.0002,0.0566,0.0012,0.0000,0.0219,0.0000,0.0000,0.0000,0.0000,0.0004,0.0000,1.0000
13.6785,130.12,-0.0002,0.0566,0.0012,0.0000,0.0219,0.0000,0.0000,0.0000,0.0000,0.0004,0.0000,1.0000
13.6985,130.12,-0.0002,0.0566,0.0012,0.0000,0.0219,0.0000,0.0000,0.0000,0.0000,0.0004,0.0000,1.0000
13.7185,130.12,-0.0002,0.0566,0.0012,0.0000,0.0219,0.0000,0.0000,0.0000,0.0000,0.0004,0.0000,1.0000
13.7385,130.12,-0.0002,0.0566,0.0012,0.0000,0.0219,0.0000,0.0000,0.0000,0.0000,0.0004,0.0000,1.0000
13.7585,130.12,-0.0002,0.0566,0.0012,0.0000,0.0219,0.0000,0.0000,0.0000,0.0000,0.0004,0.0000,1.0000
13.7785,130.12,-0.0002,0.0566,0.0012,0.0000,0.0219,0.0000,0.0000,0.0000,0.0000,0.0004,0.0000,1.0000
13.7985,130.12,-0.0002,0.0566,0.0012,0.0000,0.0219,0.0000,0.0000,0.0000,0.0000,0.0004,0.0000,1.0000
13.8185,130.12,-0.0002,0.0566,0.0012,0.0000,0.0219,0.0000,0.0000,0.0000,0.0000,0.0004,0.0000,1.0000
13.8385,130.12,-0.0002,0.0566,0.0012,0.0000,0.0219,0.0000,0.0000,0.0000,0.0000,0.0004,0.0000,1.0000
13.8585,130.12,-0.0002,0.0566,0.0012,0.0000,0.0219,0.0000,0.0000,0.0000,0.0000,0.0004,0.0000,1.0000
13.8785,130.12,-0.0002,0.0566,0.0012,0.0000,0.0219,0.0000,0.0000,0.0000,0.0000,0.0004,0.0000,1.0000
13.8985,130.12,-0.0002,0.0566,0.0012,0.0000,0.0219,0.0000,0.0000,0.0000,0.0000,0.0004,0.0000,1.0000
13.9185,130.12,-0.0002,0.0566,0.0012,0.0000,0.0219,0.0000,0.0000,0.0000,0.0000,0.0004,0.0000,1.0000
13.9385,130.12,-0.0002,0.0566,0.0012,0.0000,0.0219,0.0000,0.0000,0.0000,0.0000,0.0004,0.0000,1.0000
13.9585,130.12,-0.0002,0.0566,0.0012,0.0000,0.0219,0.0000,0.0000,0.0000,0.0000,0.0004,0.0000,1.0000
13.9785,130.12,-0.0002,0.0566,0.0012,0.0000,0.0219,0.0000,0.0000,0.0000,0.0000,0.0004,0.0000,1.0000
13.9985,130.12,-0.0002,0.0566,0.0012,0.0000,0.0219,0.0000,0.0000,0.0000,0.0000,0.0004,0.0000,1.0000
14.0185,130.12,-0.0002,0.0566,0.0012,0.0000,0.0219,0.0000,0.0000,0.0000,0.0000,0.0004,0.0000,1.0000
14.0385,130.12,-0.0002,0.0566,0.0012,0.0000,0.0219,0.0000,0.0000,0.0000,0.0000,0.0004,0.0000,1.0000
14.0585,130.12,-0.0002,0.0566,0.0012,0.0000,0.0219,0.0000,0.0000,0.0000,0.0000,0.0004,0.0000,1.0000
14.0785,130.12,-0.0002,0.0566,0.0012,0.0000,0.0219,0.0000,0.0000,0.0000,0.0000,0.0004,0.0000,1.0000
14.0985,92.04,-0.0002,0.0566,0.0012,0.0000,0.0219,0.0000,0.0000,0.0000,0.0000,0.0004,0.0000,1.0000
14.1185,92.04,-0.0002,0.0566,0.0012,0.0000,0.0219,0.0000,0.0000,0.0000,0.0000,0.0004,0.0000,1.0000
14.1385,92.04,-0.0002,0.0566,0.0012,0.0000,0.0219,0.0000,0.0000,0.0000,0.0000,0.0004,0.0000,1.0000
14.1585,92.04,-0.0002,0.0566,0.0012,0.0000,0.0219,0.0000,0.0000,0.0000,0.0000,0.0004,0.0000,1.0000
14.1785,92.04,-0.0002,0.0566,0.0012,0.0000,0.0219,0.0000,0.0000,0.0000,0.0000,0.0004,0.0000,1.0000
14.1985,92.04,-0.0002,0.0566,0.0012,0.0000,0.0219,0.0000,0.0000,0.0000,0.0000,0.0004,0.0000,1.0000
14.2185,92.04,-0.0002,0.0566,0.0012,0.0000,0.0219,0.0000,0.0000,0.0000,0.0000,0.0004,0.0000,1.0000
14.2385,92.04,-0.0002,0.0566,0.0012,0.0000,0.0219,0.0000,0.0000,0.0000,0.0000,0.0004,0.0000,1.0000
14.2585,92.04,-0.0002,0.0566,0.0012,0.0000,0.0219,0.0000,0.0000,0.0000,0.0000,0.0004,0.0000,1.0000
14.2785,92.04,-0.0002,0.0566,0.0012,0.0000,0.0219,0.0000,0.0000,0.0000,0.0000,0.0004,0.0000,1.0000
14.2985,92.04,-0.0002,0.0566,0.0012,0.0000,0.0219,0.0000,0.0000,0.0000,0.0000,0.0004,0.0000,1.0000
14.3185,92.04,-0.0002,0.0566,0.0012,0.0000,0.0219,0.0000,0.0000,0.0000,0.0000,0.0004,0.0000,1.0000
14.3385,92.04,-0.0002,0.0566,0.0012,0.0000,0.0219,0.0000,0.0000,0.0000,0.0000,0.0004,0.0000,1.0000
14.3585,92.04,-0.0002,0.0566,0.0012,0.0000,0.0219,0.0000,0.0000,0.0000,0.0000,0.0004,0.0000,1.0000
14.3785,92.04,-0.0002,0.0566,0.0012,0.0000,0.0219,0.0000,0.0000,0.0000,0.0000,0.0004,0.0000,1.0000
14.3985,92.04,-0.0002,0.0566,0.0012,0.0000,0.0219,0.0000,0.0000,0.0000,0.0000,0.0004,0.0000,1.0000
14.4185,92.04,-0.0002,0.0566,0.0012,0.0000,0.0219,0.0000,0.0000,0.0000,0.0000,0.0004,0.0000,1.0000
14.4385,92.04,-0.0002,0.0566,0.0012,0.0000,0.0219,0.0000,0.0000,0.0000,0.0000,0.0004,0.0000,1.0000
14.4585,92.04,-0.0002,0.0566,0.0012,0.0000,0.0219,0.0000,0.0000,0.0000,0.0000,0.0004,0.0000,1.0000
14.4785,92.04,-0.0002,0.0566,0.0012,0.0000,0.0219,0.0000,0.0000,0.0000,0.0000,0.0004,0.0000,1.0000
14.4985,92.04,-0.0002,0.0566,0.0012,0.0000,0.0219,0.0000,0.0000,0.0000,0.0000,0.0004,0.0000,1.0000
14.5185,92.04,-0.0002,0.0566,0.0012,0.0000,0.0219,0.0000,0.0000,0.0000,0.0000,0.0004,0.0000,1.0000
14.5385,92.04,-0.0002,0.0566,0.0012,0.0000,0.0219,0.0000,0.0000,0.0000,0.0000,0.0004,0.0000,1.0000
14.5585,92.04,-0.0002,0.0566,0.0012,0.0000,0.0219,0.0000,0.0000,0.0000,0.0000,0.0004,0.0000,1.0000
14.5785,92.04,-0.0002,0.0566,0.0012,0.0000,0.0219,0.0000,0.0000,0.0000,0.0000,0.0004,0.0000,1.0000
14.5985,92.04,-0.0002,0.0566,0.0012,0.0000,0.0219,0.0000,0.0000,0.0000,0.0000,0.0004,0.0000,1.0000
14.6185,92.04,-0.0002,0.0566,0.0012,0.0000,0.0219,0.0000,0.0000,0.0000,0.0000,0.0004,0.0000,1.0000
14.6385,92.04,-0.0002,0.0566,0.0012,0.0000,0.0219,0.0000,0.0000,0.0000,0.0000,0.0004,0.0000,1.0000
14.6585,92.04,-0.0002,0.0566,0.0012,0.0000,0.0219,0.0000,0.0000,0.0000,0.0000,0.0004,0.0000,1.0000
14.6785,92.04,-0.0002,0.0566,0.0012,0.0000,0.0219,0.0000,0.0000,0.0000,0.0000,0.0004,0.0000,1.0000
14.6985,92.04,-0.0002,0.0566,0.0012,0.0000,0.0219,0.0000,0.0000,0.0000,0.0000,0.0004,0.0000,1.0000
14.7185,92.04,-0.0002,0.0566,0.0012,0.0000,0.0219,0.0000,0.0000,0.0000,0.0000,0.0004,0.0000,1.0000
14.7385,92.04,-0.0002,0.0566,0.0012,0.0000,0.0219,0.0000,0.0000,0.0000,0.0000,0.0004,0.0000,1.0000
14.7585,92.04,-0.0002,0.0566,0.0012,0.0000,0.0219,0.0000,0.0000,0.0000,0.0000,0.0004,0.0000,1.0000
14.7785,92.04,-0.0002,0.0566,0.0012,0.0000,0.0219,0.0000,0.0000,0.0000,0.0000,0.0004,0.0000,1.0000
14.7985,92.04,-0.0002,0.0566,0.0012,0.0000,0.0219,0.0000,0.0000,0.0000,0.0000,0.0004,0.0000,1.0000
14.8185,92.04,-0.0002,0.0566,0.0012,0.0000,0.0219,0.0000,0.0000,0.0000,0.0000,0.0004,0.0000,1.0000
14.8385,92.04,-0.0002,0.0566,0.0012,0.0000,0.0219,0.0000,0.0000,0.0000,0.0000,0.0004,0.0000,1.0000
14.8585,92.04,-0.0002,0.0566,0.0012,0.0000,0.0219,0.0000,0.0000,0.0000,0.0000,0.0004,0.0000,1.0000
14.8785,92.04,-0.0002,0.0566,0.0012,0.0000,0.0219,0.0000,0.0000,0.0000,0.0000,0.0004,0.0000,1.0000
14.8985,92.04,-0.0002,0.0566,0.0012,0.0000,0.0219,0.0000,0.0000,0.0000,0.0000,0.0004,0.0000,1.0000
14.9185,92.04,-0.0002,0.0566,0.0012,0.0000,0.0219,0.0000,0.0000,0.0000,0.0000,0.0004,0.0000,1.0000
14.9385,92.04,-0.0002,0.0566,0.0012,0.0000,0.0219,0.0000,0.0000,0.0000,0.0000,0.0004,0.0000,1.0000
14.9585,92.04,-0.0002,0.0566,0.0012,0.0000,0.0219,0.0000,0.0000,0.0000,0.0000,0.0004,0.0000,1.0000
14.9785,92.04,-0.0002,0.0566,0.0012,0.0000,0.0219,0.0000,0.0000,0.0000,0.0000,0.0004,0.0000,1.0000
14.9985,92.04,-0.0002,0.0566,0.0012,0.0000,0.0219,0.0000,0.0000,0.0000,0.0000,0.0004,0.0000,1.0000
15.0185,92.04,-0.0002,0.0566,0.0012,0.0000,0.0219,0.0000,0.0000,0.0000,0.0000,0.0004,0.0000,1.0000
15.0385,92.04,-0.0002,0.0566,0.0012,0.0000,0.0219,0.0000,0.0000,0.0000,0.0000,0.0004,0.0000,1.0000
15.0585,92.04,-0.0002,0.0566,0.0012,0.0000,0.0219,0.0000,0.0000,0.0000,0.0000,0.0004,0.0000,1.0000
15.0785,92.04,-0.0002,0.0566,0.0012,0.0000,0.0219,0.0000,0.0000,0.0000,0.0000,0.0004,0.0000,1.0000
15.0985,92.04,-0.0002,0.0566,0.0012,0.0000,0.0219,0.0000,0.0000,0.0000,0.0000,0.0004,0.0000,1.0000
15.1185,109.48,-0.0002,0.0566,0.0012,0.0000,0.0219,0.0000,0.0000,0.0000,0.0000,0.0004,0.0000,1.0000
15.1385,109.48,-0.0002,0.0566,0.0012,0.0000,0.0219,0.0000,0.0000,0.0000,0.0000,0.0004,0.0000,1.0000
15.1585,109.48,-0.0002,0.0566,0.0012,0.0000,0.0219,0.0000,0.0000,0.0000,0.0000,0.0004,0.0000,1.0000
15.1785,109.48,-0.0002,0.0566,0.0012,0.0000,0.0219,0.0000,0.0000,0.0000,0.0000,0.0004,0.0000,1.0000
15.1985,109.48,-0.0002,0.0566,0.0012,0.0000,0.0219,0.0000,0.0000,0.0000,0.0000,0.0004,0.0000,1.0000
15.2185,109.48,-0.0002,0.0566,0.0012,0.0000,0.0219,0.0000,0.0000,0.0000,0.0000,0.0004,0.0000,1.0000
15.2385,109.48,-0.0002,0.0566,0.0012,0.0000,0.0219,0.0000,0.0000,0.0000,0.0000,0.0004,0.0000,1.0000
15.2585,109.48,-0.0002,0.0566,0.0012,0.0000,0.0219,0.0000,0.0000,0.0000,0.0000,0.0004,0.0000,1.0000
15.2785,109.48,-0.0002,0.0566,0.0012,0.0000,0.0219,0.0000,0.0000,0.0000,0.0000,0.0004,0.0000,1.0000
15.2985,109.48,-0.0002,0.0566,0.0012,0.0000,0.0219,0.0000,0.0000,0.0000,0.0000,0.0004,0.0000,1.0000
15.3185,109.48,-0.0002,0.0566,0.0012,0.0000,0.0219,0.0000,0.0000,0.0000,0.0000,0.0004,0.0000,1.0000
15.3385,109.48,-0.0002,0.0566,0.0012,0.0000,0.0219,0.0000,0.0000,0.0000,0.0000,0.0004,0.0000,1.0000
15.3585,109.48,-0.0002,0.0566,0.0012,0.0000,0.0219,0.0000,0.0000,0.0000,0.0000,0.0004,0.0000,1.0000
15.3785,109.48,-0.0002,0.0566,0.0012,0.0000,0.0219,0.0000,0.0000,0.0000,0.0000,0.0004,0.0000,1.0000
15.3985,109.48,-0.0002,0.0566,0.0012,0.0000,0.0219,0.0000,0.0000,0.0000,0.0000,0.0004,0.0000,1.0000
15.4185,109.48,-0.0002,0.0566,0.0012,0.0000,0.0219,0.0000,0.0000,0.0000,0.0000,0.0004,0.0000,1.0000
15.4385,109.48,-0.0002,0.0566,0.0012,0.0000,0.0219,0.0000,0.0000,0.0000,0.0000,0.0004,0.0000,1.0000
15.4585,109.48,-0.0002,0.0566,0.0012,0.0000,0.0219,0.0000,0.0000,0.0000,0.0000,0.0004,0.0000,1.0000
15.4785,109.48,-0.0002,0.0566,0.0012,0.0000,0.0219,0.0000,0.0000,0.0000,0.0000,0.0004,0.0000,1.0000
15.4985,109.48,-0.0002,0.0566,0.0012,0.0000,0.0219,0.0000,0.0000,0.0000,0.0000,0.0004,0.0000,1.0000
15.5185,109.48,-0.0002,0.0566,0.0012,0.0000,0.0219,0.0000,0.0000,0.0000,0.0000,0.0004,0.0000,1.0000
15.5385,109.48,-0.0002,0.0566,0.0012,0.0000,0.0219,0.0000,0.0000,0.0000,0.0000,0.0004,0.0000,1.0000
15.5585,109.48,-0.0002,0.0566,0.0012,0.0000,0.0219,0.0000,0.0000,0.0000,0.0000,0.0004,0.0000,1.0000
15.5785,109.48,-0.0002,0.0566,0.0012,0.0000,0.0219,0.0000,0.0000,0.0000,0.0000,0.0004,0.0000,1.0000
15.5985,109.48,-0.0002,0.0566,0.0012,0.0000,0.0219,0.0000,0.0000,0.0000,0.0000,0.0004,0.0000,1.0000
15.6185,109.48,-0.0002,0.0566,0.0012,0.0000,0.0219,0.0000,0.0000,0.0000,0.0000,0.0004,0.0000,1.0000
15.6385,109.48,-0.0002,0.0566,0.0012,0.0000,0.0219,0.0000,0.0000,0.0000,0.0000,0.0004,0.0000,1.0000
15.6585,109.48,-0.0002,0.0566,0.0012,0.0000,0.0219,0.0000,0.0000,0.0000,0.0000,0.0004,0.0000,1.0000
15.6785,109.48,-0.0002,0.0566,0.0012,0.0000,0.0219,0.0000,0.0000,0.0000,0.0000,0.0004,0.0000,1.0000
15.6985,109.48,-0.0002,0.0566,0.0012,0.0000,0.0219,0.0000,0.0000,0.0000,0.0000,0.0004,0.0000,1.0000
15.7185,109.48,-0.0002,0.0566,0.0012,0.0000,0.0219,0.0000,0.0000,0.0000,0.0000,0.0004,0.0000,1.0000
15.7385,109.48,-0.0002,0.0566,0.0012,0.0000,0.0219,0.0000,0.0000,0.0000,0.0000,0.0004,0.0000,1.0000
15.7585,109.48,-0.0002,0.0566,0.0012,0.0000,0.0219,0.0000,0.0000,0.0000,0.0000,0.0004,0.0000,1.0000
15.7785,109.48,-0.0002,0.0566,0.0012,0.0000,0.0219,0.0000,0.0000,0.0000,0.0000,0.0004,0.0000,1.0000
15.7985,109.48,-0.0002,0.0566,0.0012,0.0000,0.0219,0.0000,0.0000,0.0000,0.0000,0.0004,0.0000,1.0000
15.8185,109.48,-0.0002,0.0566,0.0012,0.0000,0.0219,0.0000,0.0000,0.0000,0.0000,0.0004,0.0000,1.0000
15.8385,109.48,-0.0002,0.0566,0.0012,0.0000,0.0219,0.0000,0.0000,0.0000,0.0000,0.0004,0.0000,1.0000
15.8585,109.48,-0.0002,0.0566,0.0012,0.0000,0.0219,0.0000,0.0000,0.0000,0.0000,0.0004,0.0000,1.0000
15.8785,109.48,-0.0002,0.0566,0.0012,0.0000,0.0219,0.0000,0.0000,0.0000,0.0000,0.0004,0.0000,1.0000
15.8985,109.48,-0.0002,0.0566,0.0012,0.0000,0.0219,0.0000,0.0000,0.0000,0.0000,0.0004,0.0000,1.0000
15.9185,109.48,-0.0002,0.0566,0.0012,0.0000,0.0219,0.0000,0.0000,0.0000,0.0000,0.0004,0.0000,1.0000
15.9385,109.48,-0.0002,0.0566,0.0012,0.0000,0.0219,0.0000,0.0000,0.0000,0.0000,0.0004,0.0000,1.0000
15.9585,109.48,-0.0002,0.0566,0.0012,0.0000,0.0219,0.0000,0.0000,0.0000,0.0000,0.0004,0.0000,1.0000
15.9785,109.48,-0.0002,0.0566,0.0012,0.0000,0.0219,0.0000,0.0000,0.0000,0.0000,0.0004,0.0000,1.0000
15.9985,109.48,-0.0002,0.0566,0.0012,0.0000,0.0219,0.0000,0.0000,0.0000,0.0000,0.0004,0.0000,1.0000
16.0185,109.48,-0.0002,0.0566,0.0012,0.0000,0.0219,0.0000,0.0000,0.0000,0.0000,0.0004,0.0000,1.0000
16.0385,109.48,-0.0002,0.0566,0.0012,0.0000,0.0219,0.0000,0.0000,0.0000,0.0000,0.0004,0.0000,1.0000
16.0585,109.48,-0.0002,0.0566,0.0012,0.0000,0.0219,0.0000,0.0000,0.0000,0.0000,0.0004,0.0000,1.0000
16.0785,109.48,-0.0002,0.0566,0.0012,0.0000,0.0219,0.0000,0.0000,0.0000,0.0000,0.0004,0.0000,1.0000
16.0985,109.48,-0.0002,0.0566,0.0012,0.0000,0.0219,0.0000,0.0000,0.0000,0.0000,0.0004,0.0000,1.0000
16.1185,107.22,-0.0002,0.0566,0.0012,0.0000,0.0219,0.0000,0.0000,0.0000,0.0000,0.0004,0.0000,1.0000
16.1385,107.22,-0.0002,0.0566,0.0012,0.0000,0.0219,0.0000,0.0000,0.0000,0.0000,0.0004,0.0000,1.0000
16.1585,107.22,-0.0002,0.0566,0.0012,0.0000,0.0219,0.0000,0.0000,0.0000,0.0000,0.0004,0.0000,1.0000
16.1785,107.22,-0.0002,0.0566,0.0012,0.0000,0.0219,0.0000,0.0000,0.0000,0.0000,0.0004,0.0000,1.0000
16.1985,107.22,-0.0002,0.0566,0.0012,0.0000,0.0219,0.0000,0.0000,0.0000,0.0000,0.0004,0.0000,1.0000
16.2185,107.22,-0.0002,0.0566,0.0012,0.0000,0.0219,0.0000,0.0000,0.0000,0.0000,0.0004,0.0000,1.0000
16.2385,107.22,-0.0002,0.0566,0.0012,0.0000,0.0219,0.0000,0.0000,0.0000,0.0000,0.0004,0.0000,1.0000
16.2585,107.22,-0.0002,0.0566,0.0012,0.0000,0.0219,0.0000,0.0000,0.0000,0.0000,0.0004,0.0000,1.0000
16.2785,107.22,-0.0002,0.0566,0.0012,0.0000,0.0219,0.0000,0.0000,0.0000,0.0000,0.0004,0.0000,1.0000
16.2985,107.22,-0.0002,0.0566,0.0012,0.0000,0.0219,0.0000,0.0000,0.0000,0.0000,0.0004,0.0000,1.0000
16.3185,107.22,-0.0002,0.0566,0.0012,0.0000,0.0219,0.0000,0.0000,0.0000,0.0000,0.0004,0.0000,1.0000
16.3385,107.22,-0.0002,0.0566,0.0012,0.0000,0.0219,0.0000,0.0000,0.0000,0.0000,0.0004,0.0000,1.0000
16.3585,107.22,-0.0002,0.0566,0.0012,0.0000,0.0219,0.0000,0.0000,0.0000,0.0000,0.0004,0.0000,1.0000
16.3785,107.22,-0.0002,0.0566,0.0012,0.0000,0.0219,0.0000,0.0000,0.0000,0.0000,0.0004,0.0000,1.0000
16.3985,107.22,-0.0002,0.0566,0.0012,0.0000,0.0219,0.0000,0.0000,0.0000,0.0000,0.0004,0.0000,1.0000
16.4185,107.22,-0.0002,0.0566,0.0012,0.0000,0.0219,0.0000,0.0000,0.0000,0.0000,0.0004,0.0000,1.0000
16.4385,107.22,-0.0002,0.0566,0.0012,0.0000,0.0219,0.0000,0.0000,0.0000,0.0000,0.0004,0.0000,1.0000
16.4585,107.22,-0.0002,0.0566,0.0012,0.0000,0.0219,0.0000,0.0000,0.0000,0.0000,0.0004,0.0000,1.0000
16.4785,107.22,-0.0002,0.0566,0.0012,0.0000,0.0219,0.0000,0.0000,0.0000,0.0000,0.0004,0.0000,1.0000
16.4985,107.22,-0.0002,0.0566,0.0012,0.0000,0.0219,0.0000,0.0000,0.0000,0.0000,0.0004,0.0000,1.0000
16.5185,107.22,-0.0002,0.0566,0.0012,0.0000,0.0219,0.0000,0.0000,0.0000,0.0000,0.0004,0.0000,1.0000
16.5385,107.22,-0.0002,0.0566,0.0012,0.0000,0.0219,0.0000,0.0000,0.0000,0.0000,0.0004,0.0000,1.0000
16.5585,107.22,-0.0002,0.0566,0.0012,0.0000,0.0219,0.0000,0.0000,0.0000,0.0000,0.0004,0.0000,1.0000
16.5785,107.22,-0.0002,0.0566,0.0012,0.0000,0.0219,0.0000,0.0000,0.0000,0.0000,0.0004,0.0000,1.0000
16.5985,107.22,-0.0002,0.0566,0.0012,0.0000,0.0219,0.0000,0.0000,0.0000,0.0000,0.0004,0.0000,1.0000
16.6185,107.22,-0.0002,0.0566,0.0012,0.0000,0.0219,0.0000,0.0000,0.0000,0.0000,0.0004,0.0000,1.0000
16.6385,107.22,-0.0002,0.0566,0.0012,0.0000,0.0219,0.0000,0.0000,0.0000,0.0000,0.0004,0.0000,1.0000
16.6585,107.22,-0.0002,0.0566,0.0012,0.0000,0.0219,0.0000,0.0000,0.0000,0.0000,0.0004,0.0000,1.0000
16.6785,107.22,-0.0002,0.0566,0.0012,0.0000,0.0219,0.0000,0.0000,0.0000,0.0000,0.0004,0.0000,1.0000
16.6985,107.22,-0.0002,0.0566,0.0012,0.0000,0.0219,0.0000,0.0000,0.0000,0.0000,0.0004,0.0000,1.0000
16.7185,107.22,-0.0002,0.0566,0.0012,0.0000,0.0219,0.0000,0.0000,0.0000,0.0000,0.0004,0.0000,1.0000
16.7385,107.22,3.0000,0.0566,0.0012,0.0000,0.0219,0.0000,0.0000,0.0000,0.0000,0.0004,0.0000,1.0000
16.7585,107.22,3.0000,0.0565,0.0012,0.0000,0.0219,0.0000,0.0000,-0.0001,0.0000,0.0004,0.0000,1.0000
16.7785,107.22,3.0000,0.0566,0.0012,0.0000,0.0219,-0.0001,0.0000,0.0000,0.0000,0.0004,0.0000,1.0000
16.7985,107.22,3.0000,0.0566,0.0012,0.0000,0.0219,0.0000,0.0000,0.0000,0.0000,0.0004,0.0000,1.0000
16.8185,107.22,3.0000,0.0566,0.0012,0.0000,0.0219,0.0000,0.0000,-0.0001,0.0000,0.0004,0.0000,1.0000
16.8385,107.22,3.0000,0.0566,0.0012,0.0001,0.0219,0.0000,0.0000,0.0000,0.0000,0.0004,0.0000,1.0000
16.8585,107.22,3.0000,0.0566,0.0012,0.0000,0.0219,0.0000,0.0000,-0.0001,0.0000,0.0004,0.0000,1.0000
16.8785,107.22,3.0000,0.0566,0.0012,0.0001,0.0219,0.0000,0.0000,0.0000,0.0000,0.0004,0.0000,1.0000
16.8985,107.22,3.0000,0.0566,0.0012,0.0000,0.0219,0.0000,0.0000,-0.0002,0.0000,0.0004,0.0000,1.0000
16.9185,107.22,3.0000,0.0566,0.0012,0.0000,0.0219,0.0000,0.0000,-0.0001,0.0000,0.0004,0.0000,1.0000
16.9385,107.22,3.0000,0.0566,0.0012,0.0000,0.0219,-0.0001,0.0000,0.0000,0.0000,0.0004,0.0000,1.0000
16.9585,107.22,3.0000,0.0566,0.0012,0.0000,0.0219,0.0000,0.0000,-0.0001,0.0000,0.0004,0.0000,1.0000
16.9785,107.22,3.0000,0.0566,0.0012,0.0000,0.0219,-0.0001,0.0000,0.0000,0.0000,0.0004,0.0000,1.0000
16.9985,107.22,3.0000,0.0566,0.0012,0.0000,0.0219,0.0000,0.0000,-0.0001,0.0000,0.0004,0.0000,1.0000
17.0185,107.22,3.0000,0.0566,0.0012,0.0000,0.0219,0.0000,0.0000,-0.0001,0.0000,0.0004,0.0000,1.0000
17.0385,107.22,38.0000,0.0566,0.0012,0.0000,0.0219,-0.0001,0.0000,0.0000,0.0000,0.0004,0.0000,1.0000
17.0585,107.22,38.0000,0.0565,0.0012,0.0000,0.0219,0.0000,0.0000,-0.0003,0.0000,0.0004,0.0000,1.0000
17.0785,107.22,38.0000,0.0566,0.0012,0.0000,0.0219,-0.0001,0.0000,0.0000,0.0000,0.0004,0.0000,1.0000
17.0985,107.22,38.0000,0.0566,0.0012,0.0000,0.0219,-0.0001,0.0000,0.0000,0.0000,0.0004,0.0000,1.0000
17.1185,119.82,38.0000,0.0566,0.0012,0.0000,0.0219,0.0000,0.0000,-0.0001,0.0000,0.0004,0.0000,1.0000
17.1385,119.82,38.0000,0.0566,0.0012,0.0000,0.0219,0.0000,0.0001,-0.0001,0.0000,0.0004,0.0000,1.0000
17.1585,119.82,38.0000,0.0566,0.0012,0.0000,0.0219,0.0000,-0.0001,0.0000,0.0000,0.0004,0.0000,1.0000
17.1785,119.82,38.0000,0.0566,0.0012,0.0000,0.0219,0.0000,0.0000,-0.0001,0.0000,0.0004,0.0000,1.0000
17.1985,119.82,386.0000,0.0566,0.0012,0.0001,0.0219,-0.0001,0.0000,0.0000,0.0000,0.0004,0.0000,1.0000
17.2185,119.82,386.0000,0.0565,0.0012,0.0000,0.0219,0.0000,0.0000,-0.0004,0.0000,0.0004,0.0000,1.0000
17.2385,119.82,386.0000,0.0566,0.0012,0.0000,0.0219,0.0000,0.0000,0.0000,0.0000,0.0004,0.0000,1.0000
17.2585,119.82,386.0000,0.0566,0.0012,0.0000,0.0220,-0.0001,0.0000,0.0000,0.0000,0.0004,0.0000,1.0000
17.2785,119.82,386.0000,0.0566,0.0012,0.0000,0.0220,0.0000,0.0000,-0.0001,0.0000,0.0004,0.0000,1.0000
17.2985,119.82,386.0000,0.0566,0.0012,0.0000,0.0220,-0.0001,0.0000,0.0000,0.0000,0.0004,0.0000,1.0000
17.3185,119.82,386.0000,0.0566,0.0012,0.0000,0.0220,-0.0001,0.0000,-0.0001,0.0000,0.0004,0.0000,1.0000
17.3385,119.82,386.0000,0.0566,0.0012,0.0000,0.0220,-0.0001,0.0000,0.0000,0.0000,0.0004,0.0000,1.0000
17.3585,119.82,386.0000,0.0566,0.0012,0.0000,0.0220,-0.0001,0.0000,0.0001,0.0000,0.0004,0.0000,1.0000
17.3785,119.82,386.0000,0.0566,0.0012,0.0001,0.0220,0.0000,0.0000,-0.0001,0.0000,0.0004,0.0000,1.0000
17.3985,119.82,386.0000,0.0566,0.0012,0.0000,0.0220,0.0000,0.0000,-0.0002,0.0000,0.0004,0.0000,1.0000
17.4185,119.82,386.0000,0.0566,0.0012,0.0001,0.0220,0.0000,0.0000,0.0000,0.0000,0.0004,0.0000,1.0000
17.4385,119.82,386.0000,0.0566,0.0012,0.0000,0.0220,0.0000,0.0000,-0.0002,0.0000,0.0004,0.0000,1.0000
17.4585,119.82,386.0000,0.0566,0.0012,0.0001,0.0220,-0.0001,0.0000,0.0000,0.0000,0.0004,0.0000,1.0000
17.4785,119.82,386.0000,0.0566,0.0012,0.0000,0.0220,0.0000,0.0000,-0.0001,0.0000,0.0004,0.0000,1.0000
17.4985,119.82,386.0000,0.0566,0.0012,0.0001,0.0220,-0.0001,0.0000,0.0000,0.0000,0.0004,0.0000,1.0000
17.5185,119.82,386.0000,0.0566,0.0012,0.0000,0.0220,0.0000,0.0000,-0.0002,0.0000,0.0004,0.0000,1.0000
17.5385,119.82,386.0000,0.0566,0.0012,0.0001,0.0220,-0.0001,0.0000,0.0000,0.0000,0.0004,0.0000,1.0000
17.5585,119.82,386.0000,0.0566,0.0012,0.0000,0.0220,0.0000,0.0000,-0.0002,0.0000,0.0004,0.0000,1.0000
17.5785,119.82,386.0000,0.0566,0.0012,0.0001,0.0220,-0.0001,0.0000,0.0000,0.0000,0.0004,0.0000,1.0000
17.5985,119.82,386.0000,0.0566,0.0012,0.0000,0.0220,0.0000,0.0000,-0.0001,0.0000,0.0004,0.0000,1.0000
17.6185,119.82,386.0000,0.0566,0.0012,0.0000,0.0220,0.0000,0.0000,0.0000,0.0000,0.0004,0.0000,1.0000
17.6385,119.82,386.0000,0.0566,0.0012,0.0000,0.0220,0.0000,0.0000,0.0000,0.0000,0.0004,0.0000,1.0000
17.6585,119.82,386.0000,0.0566,0.0012,0.0000,0.0220,0.0000,0.0000,0.0000,0.0000,0.0004,0.0000,1.0000
17.6785,119.82,386.0000,0.0566,0.0012,0.0000,0.0220,0.0000,0.0000,0.0000,0.0000,0.0004,0.0000,1.0000
17.6985,119.82,386.0000,0.0566,0.0012,0.0000,0.0220,0.0000,0.0000,0.0000,0.0000,0.0004,0.0000,1.0000
17.7185,119.82,386.0000,0.0566,0.0012,0.0000,0.0220,0.0000,0.0000,0.0000,0.0000,0.0004,0.0000,1.0000
17.7385,119.82,386.0000,0.0566,0.0012,0.0000,0.0220,0.0000,0.0000,0.0000,0.0000,0.0004,0.0000,1.0000
17.7585,119.82,386.0000,0.0566,0.0012,0.0000,0.0220,0.0000,0.0000,0.0000,0.0000,0.0004,0.0000,1.0000
17.7785,119.82,386.0000,0.0566,0.0012,0.0000,0.0220,0.0000,0.0000,0.0000,0.0000,0.0004,0.0000,1.0000
17.7985,119.82,386.0000,0.0566,0.0012,0.0000,0.0220,0.0000,0.0000,0.0000,0.0000,0.0004,0.0000,1.0000
17.8185,119.82,386.0000,0.0566,0.0012,0.0000,0.0220,0.0000,0.0000,0.0000,0.0000,0.0004,0.0000,1.0000
17.8385,119.82,386.0000,0.0566,0.0012,0.0000,0.0220,0.0000,0.0000,0.0000,0.0000,0.0004,0.0000,1.0000
17.8585,119.82,386.0000,0.0566,0.0012,0.0000,0.0220,0.0000,0.0000,0.0000,0.0000,0.0004,0.0000,1.0000
17.8785,119.82,386.0000,0.0566,0.0012,0.0000,0.0220,0.0000,0.0000,0.0000,0.0000,0.0004,0.0000,1.0000
17.8985,119.82,386.0000,0.0566,0.0012,0.0000,0.0220,0.0000,0.0000,0.0000,0.0000,0.0004,0.0000,1.0000
17.9185,119.82,386.0000,0.0566,0.0012,0.0000,0.0220,0.0000,0.0000,0.0000,0.0000,0.0004,0.0000,1.0000
17.9385,119.82,386.0000,0.0566,0.0012,0.0000,0.0220,0.0000,0.0000,0.0000,0.0000,0.0004,0.0000,1.0000
17.9585,119.82,386.0000,0.0566,0.0012,0.0000,0.0220,0.0000,0.0000,0.0000,0.0000,0.0004,0.0000,1.0000
17.9785,119.82,386.0000,0.0566,0.0012,0.0000,0.0220,0.0000,0.0000,0.0000,0.0000,0.0004,0.0000,1.0000
17.9985,119.82,386.0000,0.0566,0.0012,0.0000,0.0220,0.0000,0.0000,0.0000,0.0000,0.0004,0.0000,1.0000
18.0185,119.82,386.0000,0.0566,0.0012,0.0000,0.0220,0.0000,0.0000,0.0000,0.0000,0.0004,0.0000,1.0000
18.0385,119.82,386.0000,0.0566,0.0012,0.0000,0.0220,0.0000,0.0000,0.0000,0.0000,0.0004,0.0000,1.0000
18.0585,119.82,386.0000,0.0566,0.0012,0.0000,0.0220,0.0000,0.0000,0.0000,0.0000,0.0004,0.0000,1.0000
18.0785,119.82,386.0000,0.0566,0.0012,0.0000,0.0220,0.0000,0.0000,0.0000,0.0000,0.0004,0.0000,1.0000
18.0985,119.82,386.0000,0.0566,0.0012,0.0000,0.0220,0.0000,0.0000,0.0000,0.0000,0.0004,0.0000,1.0000
18.1185,118.36,386.0000,0.0566,0.0012,0.0000,0.0220,0.0000,0.0000,0.0000,0.0000,0.0004,0.0000,1.0000
18.1385,118.36,386.0000,0.0566,0.0012,0.0000,0.0220,0.0000,0.0000,0.0000,0.0000,0.0004,0.0000,1.0000
18.1585,118.36,386.0000,0.0566,0.0012,0.0000,0.0220,0.0000,0.0000,0.0000,0.0000,0.0004,0.0000,1.0000
18.1785,118.36,386.0000,0.0566,0.0012,0.0000,0.0220,0.0000,0.0000,0.0000,0.0000,0.0004,0.0000,1.0000
18.1985,118.36,386.0000,0.0566,0.0012,0.0000,0.0220,0.0000,0.0000,0.0000,0.0000,0.0004,0.0000,1.0000
18.2185,118.36,386.0000,0.0566,0.0012,0.0000,0.0220,0.0000,0.0000,0.0000,0.0000,0.0004,0.0000,1.0000
18.2385,118.36,386.0000,0.0566,0.0012,0.0000,0.0220,0.0000,0.0000,0.0000,0.0000,0.0004,0.0000,1.0000
18.2585,118.36,386.0000,0.0566,0.0012,0.0000,0.0220,0.0000,0.0000,0.0000,0.0000,0.0004,0.0000,1.0000
18.2785,118.36,386.0000,0.0566,0.0012,0.0000,0.0220,0.0000,0.0000,0.0000,0.0000,0.0004,0.0000,1.0000
18.2985,118.36,386.0000,0.0566,0.0012,0.0000,0.0220,0.0000,0.0000,0.0000,0.0000,0.0004,0.0000,1.0000
18.3185,118.36,386.0000,0.0566,0.0012,0.0000,0.0220,0.0000,0.0000,0.0000,0.0000,0.0004,0.0000,1.0000
18.3385,118.36,386.0000,0.0566,0.0012,0.0000,0.0220,0.0000,0.0000,0.0000,0.0000,0.0004,0.0000,1.0000
18.3585,118.36,386.0000,0.0566,0.0012,0.0000,0.0220,0.0000,0.0000,0.0000,0.0000,0.0004,0.0000,1.0000
18.3785,118.36,386.0000,0.0566,0.0012,0.0000,0.0220,0.0000,0.0000,0.0000,0.0000,0.0004,0.0000,1.0000
18.3985,118.36,386.0000,0.0566,0.0012,0.0000,0.0220,0.0000,0.0000,0.0000,0.0000,0.0004,0.0000,1.0000
18.4185,118.36,386.0000,0.0566,0.0012,0.0000,0.0220,0.0000,0.0000,0.0000,0.0000,0.0004,0.0000,1.0000
18.4385,118.36,386.0000,0.0566,0.0012,0.0000,0.0220,0.0000,0.0000,0.0000,0.0000,0.0004,0.0000,1.0000
18.4585,118.36,386.0000,0.0566,0.0012,0.0000,0.0220,0.0000,0.0000,0.0000,0.0000,0.0004,0.0000,1.0000
18.4785,118.36,386.0000,0.0566,0.0012,0.0000,0.0220,0.0000,0.0000,0.0000,0.0000,0.0004,0.0000,1.0000
18.4985,118.36,386.0000,0.0566,0.0012,0.0000,0.0220,0.0000,0.0000,0.0000,0.0000,0.0004,0.0000,1.0000
18.5185,118.36,386.0000,0.0566,0.0012,0.0000,0.0220,0.0000,0.0000,0.0000,0.0000,0.0004,0.0000,1.0000
18.5385,118.36,386.0000,0.0566,0.0012,0.0000,0.0220,0.0000,0.0000,0.0000,0.0000,0.0004,0.0000,1.0000
18.5585,118.36,386.0000,0.0566,0.0012,0.0000,0.0220,0.0000,0.0000,0.0000,0.0000,0.0004,0.0000,1.0000
18.5785,118.36,386.0000,0.0566,0.0012,0.0000,0.0220,0.0000,0.0000,0.0000,0.0000,0.0004,0.0000,1.0000
18.5985,118.36,386.0000,0.0566,0.0012,0.0000,0.0220,0.0000,0.0000,0.0000,0.0000,0.0004,0.0000,1.0000
18.6185,118.36,386.0000,0.0566,0.0012,0.0000,0.0220,0.0000,0.0000,0.0000,0.0000,0.0004,0.0000,1.0000
18.6385,118.36,386.0000,0.0566,0.0012,0.0000,0.0220,0.0000,0.0000,0.0000,0.0000,0.0004,0.0000,1.0000
18.6585,118.36,386.0000,0.0566,0.0012,0.0000,0.0220,0.0000,0.0000,0.0000,0.0000,0.0004,0.0000,1.0000
18.6785,118.36,386.0000,0.0566,0.0012,0.0000,0.0220,0.0000,0.0000,0.0000,0.0000,0.0004,0.0000,1.0000
18.6985,118.36,386.0000,0.0566,0.0012,0.0000,0.0220,0.0000,0.0000,0.0000,0.0000,0.0004,0.0000,1.0000
18.7185,118.36,386.0000,0.0566,0.0012,0.0000,0.0220,0.0000,0.0000,0.0000,0.0000,0.0004,0.0000,1.0000
18.7385,118.36,386.0000,0.0566,0.0012,0.0000,0.0220,0.0000,0.0000,0.0000,0.0000,0.0004,0.0000,1.0000
18.7585,118.36,386.0000,0.0566,0.0012,0.0000,0.0220,0.0000,0.0000,0.0000,0.0000,0.0004,0.0000,1.0000
18.7785,118.36,386.0000,0.0566,0.0012,0.0000,0.0220,0.0000,0.0000,0.0000,0.0000,0.0004,0.0000,1.0000
18.7985,118.36,386.0000,0.0566,0.0012,0.0000,0.0220,0.0000,0.0000,0.0000,0.0000,0.0004,0.0000,1.0000
18.8185,118.36,386.0000,0.0566,0.0012,0.0000,0.0220,0.0000,0.0000,0.0000,0.0000,0.0004,0.0000,1.0000
18.8385,118.36,386.0000,0.0566,0.0012,0.0000,0.0220,0.0000,0.0000,0.0000,0.0000,0.0004,0.0000,1.0000
18.8585,118.36,386.0000,0.0566,0.0012,0.0000,0.0220,0.0000,0.0000,0.0000,0.0000,0.0004,0.0000,1.0000
18.8785,118.36,386.0000,0.0566,0.0012,0.0000,0.0220,0.0000,0.0000,0.0000,0.0000,0.0004,0.0000,1.0000
18.8985,118.36,386.0000,0.0566,0.0012,0.0000,0.0220,0.0000,0.0000,0.0000,0.0000,0.0004,0.0000,1.0000
18.9185,118.36,386.0000,0.0566,0.0012,0.0000,0.0220,0.0000,0.0000,0.0000,0.0000,0.0004,0.0000,1.0000
18.9385,118.36,386.0000,0.0566,0.0012,0.0000,0.0220,0.0000,0.0000,0.0000,0.0000,0.0004,0.0000,1.0000
18.9585,118.36,386.0000,0.0566,0.0012,0.0000,0.0220,0.0000,0.0000,0.0000,0.0000,0.0004,0.0000,1.0000
18.9785,118.36,386.0000,0.0566,0.0012,0.0000,0.0220,0.0000,0.0000,0.0000,0.0000,0.0004,0.0000,1.0000
18.9985,118.36,386.0000,0.0566,0.0012,0.0000,0.0220,0.0000,0.0000,0.0000,0.0000,0.0004,0.0000,1.0000
19.0185,118.36,386.0000,0.0566,0.0012,0.0000,0.0220,0.0000,0.0000,0.0000,0.0000,0.0004,0.0000,1.0000
19.0385,118.36,386.0000,0.0566,0.0012,0.0000,0.0220,0.0000,0.0000,0.0000,0.0000,0.0004,0.0000,1.0000
19.0585,118.36,386.0000,0.0566,0.0012,0.0000,0.0220,0.0000,0.0000,0.0000,0.0000,0.0004,0.0000,1.0000
19.0785,118.36,386.0000,0.0566,0.0012,0.0000,0.0220,0.0000,0.0000,0.0000,0.0000,0.0004,0.0000,1.0000
19.0985,118.36,386.0000,0.0566,0.0012,0.0000,0.0220,0.0000,0.0000,0.0000,0.0000,0.0004,0.0000,1.0000
19.1185,118.36,386.0000,0.0566,0.0012,0.0000,0.0220,0.0000,0.0000,0.0000,0.0000,0.0004,0.0000,1.0000
19.1385,103.36,386.0000,0.0566,0.0012,0.0000,0.0220,0.0000,0.0000,0.0000,0.0000,0.0004,0.0000,1.0000
19.1585,103.36,386.0000,0.0566,0.0012,0.0000,0.0220,0.0000,0.0000,0.0000,0.0000,0.0004,0.0000,1.0000
19.1785,103.36,386.0000,0.0566,0.0012,0.0000,0.0220,0.0000,0.0000,0.0000,0.0000,0.0004,0.0000,1.0000
19.1985,103.36,386.0000,0.0566,0.0012,0.0000,0.0220,0.0000,0.0000,0.0000,0.0000,0.0004,0.0000,1.0000
19.2185,103.36,386.0000,0.0566,0.0012,0.0000,0.0220,0.0000,0.0000,0.0000,0.0000,0.0004,0.0000,1.0000
19.2385,103.36,386.0000,0.0566,0.0012,0.0000,0.0220,0.0000,0.0000,0.0000,0.0000,0.0004,0.0000,1.0000
19.2585,103.36,386.0000,0.0566,0.0012,0.0000,0.0220,0.0000,0.0000,0.0000,0.0000,0.0004,0.0000,1.0000
19.2785,103.36,386.0000,0.0566,0.0012,0.0000,0.0220,0.0000,0.0000,0.0000,0.0000,0.0004,0.0000,1.0000
19.2985,103.36,386.0000,0.0566,0.0012,0.0000,0.0220,0.0000,0.0000,0.0000,0.0000,0.0004,0.0000,1.0000
19.3185,103.36,386.0000,0.0566,0.0012,0.0000,0.0220,0.0000,0.0000,0.0000,0.0000,0.0004,0.0000,1.0000
19.3385,103.36,386.0000,0.0566,0.0012,0.0000,0.0220,0.0000,0.0000,0.0000,0.0000,0.0004,0.0000,1.0000
19.3585,103.36,386.0000,0.0566,0.0012,0.0000,0.0220,0.0000,0.0000,0.0000,0.0000,0.0004,0.0000,1.0000
19.3785,103.36,386.0000,0.0566,0.0012,0.0000,0.0220,0.0000,0.0000,0.0000,0.0000,0.0004,0.0000,1.0000
19.3985,103.36,386.0000,0.0566,0.0012,0.0000,0.0220,0.0000,0.0000,0.0000,0.0000,0.0004,0.0000,1.0000
19.4185,103.36,386.0000,0.0566,0.0012,0.0000,0.0220,0.0000,0.0000,0.0000,0.0000,0.0004,0.0000,1.0000
19.4385,103.36,386.0000,0.0566,0.0012,0.0000,0.0220,0.0000,0.0000,0.0000,0.0000,0.0004,0.0000,1.0000
19.4585,103.36,386.0000,0.0566,0.0012,0.0000,0.0220,0.0000,0.0000,0.0000,0.0000,0.0004,0.0000,1.0000
19.4785,103.36,386.0000,0.0566,0.0012,0.0000,0.0220,0.0000,0.0000,0.0000,0.0000,0.0004,0.0000,1.0000
19.4985,103.36,386.0000,0.0566,0.0012,0.0000,0.0220,0.0000,0.0000,0.0000,0.0000,0.0004,0.0000,1.0000
19.5185,103.36,386.0000,0.0566,0.0012,0.0000,0.0220,0.0000,0.0000,0.0000,0.0000,0.0004,0.0000,1.0000
19.5385,103.36,386.0000,0.0566,0.0012,0.0000,0.0220,0.0000,0.0000,0.0000,0.0000,0.0004,0.0000,1.0000
19.5585,103.36,386.0000,0.0566,0.0012,0.0000,0.0220,0.0000,0.0000,0.0000,0.0000,0.0004,0.0000,1.0000
19.5785,103.36,386.0000,0.0566,0.0012,0.0000,0.0220,0.0000,0.0000,0.0000,0.0000,0.0004,0.0000,1.0000
19.5985,103.36,386.0000,0.0566,0.0012,0.0000,0.0220,0.0000,0.0000,0.0000,0.0000,0.0004,0.0000,1.0000
19.6185,103.36,386.0000,0.0566,0.0012,0.0000,0.0220,0.0000,0.0000,0.0000,0.0000,0.0004,0.0000,1.0000
19.6385,103.36,386.0000,0.0566,0.0012,0.0000,0.0220,0.0000,0.0000,0.0000,0.0000,0.0004,0.0000,1.0000
19.6585,103.36,386.0000,0.0566,0.0012,0.0000,0.0220,0.0000,0.0000,0.0000,0.0000,0.0004,0.0000,1.0000
19.6785,103.36,386.0000,0.0566,0.0012,0.0000,0.0220,0.0000,0.0000,0.0000,0.0000,0.0004,0.0000,1.0000
19.6985,103.36,386.0000,0.0566,0.0012,0.0000,0.0220,0.0000,0.0000,0.0000,0.0000,0.0004,0.0000,1.0000
19.7185,103.36,386.0000,0.0566,0.0012,0.0000,0.0220,0.0000,0.0000,0.0000,0.0000,0.0004,0.0000,1.0000
19.7385,103.36,386.0000,0.0566,0.0012,0.0000,0.0220,0.0000,0.0000,0.0000,0.0000,0.0004,0.0000,1.0000
19.7585,103.36,386.0000,0.0566,0.0012,0.0000,0.0220,0.0000,0.0000,0.0000,0.0000,0.0004,0.0000,1.0000
19.7785,103.36,386.0000,0.0566,0.0012,0.0000,0.0220,0.0000,0.0000,0.0000,0.0000,0.0004,0.0000,1.0000
19.7985,103.36,386.0000,0.0566,0.0012,0.0000,0.0220,0.0000,0.0000,0.0000,0.0000,0.0004,0.0000,1.0000
19.8185,103.36,386.0000,0.0566,0.0012,0.0000,0.0220,0.0000,0.0000,0.0000,0.0000,0.0004,0.0000,1.0000
19.8385,103.36,386.0000,0.0566,0.0012,0.0000,0.0220,0.0000,0.0000,0.0000,0.0000,0.0004,0.0000,1.0000
19.8585,103.36,386.0000,0.0566,0.0012,0.0000,0.0220,0.0000,0.0000,0.0000,0.0000,0.0004,0.0000,1.0000
19.8785,103.36,386.0000,0.0566,0.0012,0.0000,0.0220,0.0000,0.0000,0.0000,0.0000,0.0004,0.0000,1.0000
19.8985,103.36,386.0000,0.0566,0.0012,0.0000,0.0220,0.0000,0.0000,0.0000,0.0000,0.0004,0.0000,1.0000
19.9185,103.36,386.0000,0.0566,0.0012,0.0000,0.0220,0.0000,0.0000,0.0000,0.0000,0.0004,0.0000,1.0000
19.9385,103.36,386.0000,0.0566,0.0012,0.0000,0.0220,0.0000,0.0000,0.0000,0.0000,0.0004,0.0000,1.0000
19.9585,103.36,386.0000,0.0566,0.0012,0.0000,0.0220,0.0000,0.0000,0.0000,0.0000,0.0004,0.0000,1.0000
19.9785,103.36,386.0000,0.0566,0.0012,0.0000,0.0220,0.0000,0.0000,0.0000,0.0000,0.0004,0.0000,1.0000
19.9985,103.36,386.0000,0.0566,0.0012,0.0000,0.0220,0.0000,0.0000,0.0000,0.0000,0.0004,0.0000,1.0000
20.0185,103.36,386.0000,0.0566,0.0012,0.0000,0.0220,0.0000,0.0000,0.0000,0.0000,0.0004,0.0000,1.0000
20.0385,103.36,386.0000,0.0566,0.0012,0.0000,0.0220,0.0000,0.0000,0.0000,0.0000,0.0004,0.0000,1.0000
20.0585,103.36,386.0000,0.0566,0.0012,0.0000,0.0220,0.0000,0.0000,0.0000,0.0000,0.0004,0.0000,1.0000
20.0785,103.36,386.0000,0.0566,0.0012,0.0000,0.0220,0.0000,0.0000,0.0000,0.0000,0.0004,0.0000,1.0000
20.0985,103.36,386.0000,0.0566,0.0012,0.0000,0.0220,0.0000,0.0000,0.0000,0.0000,0.0004,0.0000,1.0000
20.1185,103.36,386.0000,0.0566,0.0012,0.0000,0.0220,0.0000,0.0000,0.0000,0.0000,0.0004,0.0000,1.0000
20.1385,108.96,386.0000,0.0566,0.0012,0.0000,0.0220,0.0000,0.0000,0.0000,0.0000,0.0004,0.0000,1.0000
20.1585,108.96,386.0000,0.0566,0.0012,0.0000,0.0220,0.0000,0.0000,0.0000,0.0000,0.0004,0.0000,1.0000
20.1785,108.96,386.0000,0.0566,0.0012,0.0000,0.0220,0.0000,0.0000,0.0000,0.0000,0.0004,0.0000,1.0000
20.1985,108.96,386.0000,0.0566,0.0012,0.0000,0.0220,0.0000,0.0000,0.0000,0.0000,0.0004,0.0000,1.0000
20.2185,108.96,386.0000,0.0566,0.0012,0.0000,0.0220,0.0000,0.0000,0.0000,0.0000,0.0004,0.0000,1.0000
20.2385,108.96,386.0000,0.0566,0.0012,0.0000,0.0220,0.0000,0.0000,0.0000,0.0000,0.0004,0.0000,1.0000
20.2585,108.96,386.0000,0.0566,0.0012,0.0000,0.0220,0.0000,0.0000,0.0000,0.0000,0.0004,0.0000,1.0000
20.2785,108.96,386.0000,0.0566,0.0012,0.0000,0.0220,0.0000,0.0000,0.0000,0.0000,0.0004,0.0000,1.0000
20.2985,108.96,386.0000,0.0566,0.0012,0.0000,0.0220,0.0000,0.0000,0.0000,0.0000,0.0004,0.0000,1.0000
20.3185,108.96,386.0000,0.0566,0.0012,0.0000,0.0220,0.0000,0.0000,0.0000,0.0000,0.0004,0.0000,1.0000
20.3385,108.96,386.0000,0.0566,0.0012,0.0000,0.0220,0.0000,0.0000,0.0000,0.0000,0.0004,0.0000,1.0000
20.3585,108.96,386.0000,0.0566,0.0012,0.0000,0.0220,0.0000,0.0000,0.0000,0.0000,0.0004,0.0000,1.0000
20.3785,108.96,386.0000,0.0566,0.0012,0.0000,0.0220,0.0000,0.0000,0.0000,0.0000,0.0004,0.0000,1.0000
20.3985,108.96,386.0000,0.0566,0.0012,0.0000,0.0220,0.0000,0.0000,0.0000,0.0000,0.0004,0.0000,1.0000
20.4185,108.96,386.0000,0.0566,0.0012,0.0000,0.0220,0.0000,0.0000,0.0000,0.0000,0.0004,0.0000,1.0000
20.4385,108.96,386.0000,0.0566,0.0012,0.0000,0.0220,0.0000,0.0000,0.0000,0.0000,0.0004,0.0000,1.0000
20.4585,108.96,386.0000,0.0566,0.0012,0.0000,0.0220,0.0000,0.0000,0.0000,0.0000,0.0004,0.0000,1.0000
20.4785,108.96,386.0000,0.0566,0.0012,0.0000,0.0220,0.0000,0.0000,0.0000,0.0000,0.0004,0.0000,1.0000
20.4985,108.96,386.0000,0.0566,0.0012,0.0000,0.0220,0.0000,0.0000,0.0000,0.0000,0.0004,0.0000,1.0000
20.5185,108.96,386.0000,0.0566,0.0012,0.0000,0.0220,0.0000,0.0000,0.0000,0.0000,0.0004,0.0000,1.0000
20.5385,108.96,386.0000,0.0566,0.0012,0.0000,0.0220,0.0000,0.0000,0.0000,0.0000,0.0004,0.0000,1.0000
20.5585,108.96,386.0000,0.0566,0.0012,0.0000,0.0220,0.0000,0.0000,0.0000,0.0000,0.0004,0.0000,1.0000
20.5785,108.96,386.0000,0.0566,4.0000,0.0000,0.0220,0.0000,0.0000,0.0000,0.0000,0.0004,0.0000,1.0000
20.5985,108.96,386.0000,0.0565,4.0000,0.0000,0.0220,-0.0001,0.0000,-0.0002,0.0000,0.0004,0.0000,1.0000
20.6185,108.96,386.0000,0.0566,4.0000,0.0000,0.0221,-0.0001,0.0000,0.0000,0.0000,0.0004,0.0000,1.0000
20.6385,108.96,386.0000,0.0566,4.0000,0.0001,0.0221,-0.0001,0.0000,0.0000,0.0000,0.0004,0.0000,1.0000
20.6585,108.96,386.0000,0.0566,4.0000,0.0000,0.0221,0.0000,0.0000,-0.0001,0.0000,0.0004,0.0000,1.0000
20.6785,108.96,386.0000,0.0566,4.0000,0.0000,0.0221,-0.0001,0.0000,0.0000,0.0000,0.0004,0.0000,1.0000
20.6985,108.96,386.0000,0.0566,4.0000,0.0000,0.0221,0.0000,0.0000,0.0000,0.0000,0.0004,0.0000,1.0000
20.7185,108.96,386.0000,0.0566,4.0000,0.0000,0.0221,0.0000,0.0000,0.0000,0.0000,0.0004,0.0000,1.0000
20.7385,108.96,386.0000,0.0566,4.0000,0.0000,0.0221,0.0000,0.0000,0.0000,0.0000,0.0004,0.0000,1.0000
20.7585,108.96,386.0000,0.0566,44.0000,0.0000,0.0221,0.0000,0.0000,0.0000,0.0000,0.0004,0.0000,1.0000
20.7785,108.96,386.0000,0.0566,44.0000,0.0000,0.0221,0.0000,0.0000,-0.0001,0.0000,0.0004,0.0000,1.0000
20.7985,108.96,386.0000,0.0566,44.0000,0.0000,0.0221,0.0000,0.0000,0.0000,0.0000,0.0004,0.0000,1.0000
20.8185,108.96,386.0000,0.0566,44.0000,0.0000,0.0221,0.0000,0.0000,0.0000,0.0000,0.0004,0.0000,1.0000
20.8385,108.96,386.0000,0.0566,44.0000,0.0000,0.0221,0.0000,0.0000,0.0000,0.0000,0.0004,0.0000,1.0000
20.8585,108.96,386.0000,0.0566,44.0000,0.0000,0.0221,-0.0001,0.0000,0.0000,0.0000,0.0004,0.0000,1.0000
20.8785,108.96,386.0000,0.0566,44.0000,0.0000,0.0221,0.0000,0.0000,0.0000,0.0000,0.0004,0.0000,1.0000
20.8985,108.96,386.0000,0.0566,44.0000,0.0000,0.0221,0.0000,0.0000,0.0000,0.0000,0.0004,0.0000,1.0000
20.9185,108.96,386.0000,0.0566,44.0000,0.0000,0.0221,0.0000,0.0000,0.0000,0.0000,0.0004,0.0000,1.0000
20.9385,108.96,386.0000,0.0566,44.0000,0.0000,0.0221,0.0000,0.0000,0.0000,0.0000,0.0004,0.0000,1.0000
20.9585,108.96,386.0000,0.0566,44.0000,0.0000,0.0221,0.0000,0.0000,-0.0001,0.0000,0.0004,0.0000,1.0000
20.9785,108.96,386.0000,0.0566,44.0000,0.0000,0.0221,0.0000,0.0000,0.0000,0.0000,0.0004,0.0000,1.0000
20.9985,108.96,386.0000,0.0566,44.0000,0.0000,0.0221,0.0000,0.0000,0.0000,0.0000,0.0004,0.0000,1.0000
21.0185,108.96,386.0000,0.0566,44.0000,0.0000,0.0221,0.0000,0.0000,0.0000,0.0000,0.0004,0.0000,1.0000
21.0385,108.96,386.0000,0.0566,44.0000,0.0000,0.0221,0.0000,0.0000,0.0000,0.0000,0.0004,0.0000,1.0000
21.0585,108.96,386.0000,0.0566,44.0000,0.0001,0.0221,0.0000,0.0000,0.0000,0.0000,0.0004,0.0000,1.0000
21.0785,108.96,386.0000,0.0566,44.0000,0.0000,0.0221,-0.0001,0.0000,-0.0001,0.0000,0.0004,0.0000,1.0000
21.0985,108.96,386.0000,0.0566,44.0000,0.0000,0.0221,0.0000,0.0000,0.0000,0.0000,0.0004,0.0000,1.0000
21.1185,108.96,386.0000,0.0566,44.0000,0.0001,0.0221,0.0000,0.0000,0.0000,0.0000,0.0004,0.0000,1.0000
21.1385,117.77,386.0000,0.0566,44.0000,0.0000,0.0221,0.0000,0.0000,-0.0001,0.0000,0.0004,0.0000,1.0000
21.1585,117.77,386.0000,0.0566,44.0000,0.0000,0.0221,0.0000,0.0000,0.0000,0.0000,0.0004,0.0000,1.0000
21.1785,117.77,386.0000,0.0566,44.0000,0.0000,0.0221,0.0000,0.0000,0.0000,0.0000,0.0004,0.0000,1.0000
21.1985,117.77,386.0000,0.0566,44.0000,0.0000,0.0221,0.0000,0.0000,0.0000,0.0000,0.0004,0.0000,1.0000
21.2185,117.77,386.0000,0.0566,44.0000,0.0000,0.0221,0.0000,0.0000,0.0000,0.0000,0.0004,0.0000,1.0000
21.2385,117.77,386.0000,0.0566,44.0000,0.0000,0.0221,0.0000,0.0000,0.0000,0.0000,0.0004,0.0000,1.0000
21.2585,117.77,386.0000,0.0566,44.0000,0.0000,0.0221,0.0000,0.0000,0.0000,0.0000,0.0004,0.0000,1.0000
21.2785,117.77,386.0000,0.0566,44.0000,0.0000,0.0221,0.0000,0.0000,0.0000,0.0000,0.0004,0.0000,1.0000
21.2985,117.77,386.0000,0.0566,44.0000,0.0000,0.0221,0.0000,0.0000,0.0000,0.0000,0.0004,0.0000,1.0000
21.3185,117.77,386.0000,0.0566,44.0000,0.0000,0.0221,0.0000,0.0000,0.0000,0.0000,0.0004,0.0000,1.0000
21.3385,117.77,386.0000,0.0566,44.0000,0.0000,0.0221,0.0000,0.0000,0.0000,0.0000,0.0004,0.0000,1.0000
21.3585,117.77,386.0000,0.0566,44.0000,0.0000,0.0221,0.0000,0.0000,0.0000,0.0000,0.0004,0.0000,1.0000
21.3785,117.77,386.0000,0.0566,44.0000,0.0000,0.0221,0.0000,0.0000,0.0000,0.0000,0.0004,0.0000,1.0000
21.3985,117.77,386.0000,0.0566,44.0000,0.0000,0.0221,0.0000,0.0000,0.0000,0.0000,0.0004,0.0000,1.0000
21.4185,117.77,386.0000,0.0566,44.0000,0.0000,0.0221,0.0000,0.0000,0.0000,0.0000,0.0004,0.0000,1.0000
21.4385,117.77,386.0000,0.0566,44.0000,0.0000,0.0221,0.0000,0.0000,0.0000,0.0000,0.0004,0.0000,1.0000
21.4585,117.77,386.0000,0.0566,44.0000,0.0000,0.0221,0.0000,0.0000,0.0000,0.0000,0.0004,0.0000,1.0000
21.4785,117.77,386.0000,0.0566,44.0000,0.0000,0.0221,0.0000,0.0000,0.0000,0.0000,0.0004,0.0000,1.0000
21.4985,117.77,386.0000,0.0566,44.0000,0.0000,0.0221,0.0000,0.0000,0.0000,0.0000,0.0004,0.0000,1.0000
21.5185,117.77,386.0000,0.0566,44.0000,0.0000,0.0221,0.0000,0.0000,0.0000,0.0000,0.0004,0.0000,1.0000
21.5385,117.77,386.0000,0.0566,44.0000,0.0000,0.0221,0.0000,0.0000,0.0000,0.0000,0.0004,0.0000,1.0000
21.5585,117.77,386.0000,0.0566,44.0000,0.0000,0.0221,0.0000,0.0000,0.0000,0.0000,0.0004,0.0000,1.0000
21.5785,117.77,386.0000,0.0566,44.0000,0.0000,0.0221,0.0000,0.0000,0.0000,0.0000,0.0004,0.0000,1.0000
21.5985,117.77,386.0000,0.0566,44.0000,0.0000,0.0221,0.0000,0.0000,0.0000,0.0000,0.0004,0.0000,1.0000
21.6185,117.77,386.0000,0.0566,44.0000,0.0000,0.0221,0.0000,0.0000,0.0000,0.0000,0.0004,0.0000,1.0000
21.6385,117.77,386.0000,0.0566,44.0000,0.0000,0.0221,0.0000,0.0000,0.0000,0.0000,0.0004,0.0000,1.0000
21.6585,117.77,386.0000,0.0566,44.0000,0.0000,0.0221,0.0000,0.0000,0.0000,0.0000,0.0004,0.0000,1.0000
21.6785,117.77,386.0000,0.0566,44.0000,0.0000,0.0221,0.0000,0.0000,0.0000,0.0000,0.0004,0.0000,1.0000
21.6985,117.77,386.0000,0.0566,44.0000,0.0000,0.0221,0.0000,0.0000,0.0000,0.0000,0.0004,0.0000,1.0000
21.7185,117.77,386.0000,0.0566,44.0000,0.0000,0.0221,0.0000,0.0000,0.0000,0.0000,0.0004,0.0000,1.0000
21.7385,117.77,386.0000,0.0566,44.0000,0.0000,0.0221,0.0000,0.0000,0.0000,0.0000,0.0004,0.0000,1.0000
21.7585,117.77,386.0000,0.0566,44.0000,0.0000,0.0221,0.0000,0.0000,0.0000,0.0000,0.0004,0.0000,1.0000
21.7785,117.77,386.0000,0.0566,44.0000,0.0000,0.0221,0.0000,0.0000,0.0000,0.0000,0.0004,0.0000,1.0000
21.7985,117.77,386.0000,0.0566,44.0000,0.0000,0.0221,0.0000,0.0000,0.0000,0.0000,0.0004,0.0000,1.0000
21.8185,117.77,386.0000,0.0566,44.0000,0.0000,0.0221,0.0000,0.0000,0.0000,0.0000,0.0004,0.0000,1.0000
21.8385,117.77,386.0000,0.0566,44.0000,0.0000,0.0221,0.0000,0.0000,0.0000,0.0000,0.0004,0.0000,1.0000
21.8585,117.77,386.0000,0.0566,44.0000,0.0000,0.0221,0.0000,0.0000,0.0000,0.0000,0.0004,0.0000,1.0000
21.8785,117.77,386.0000,0.0566,44.0000,0.0000,0.0221,0.0000,0.0000,0.0000,0.0000,0.0004,0.0000,1.0000
21.8985,117.77,386.0000,0.0566,44.0000,0.0000,0.0221,0.0000,0.0000,0.0000,0.0000,0.0004,0.0000,1.0000
21.9185,117.77,386.0000,0.0566,44.0000,0.0000,0.0221,0.0000,0.0000,0.0000,0.0000,0.0004,0.0000,1.0000
21.9385,117.77,386.0000,0.0566,44.0000,0.0000,0.0221,0.0000,0.0000,0.0000,0.0000,0.0004,0.0000,1.0000
21.9585,117.77,386.0000,0.0566,44.0000,0.0000,0.0221,0.0000,0.0000,0.0000,0.0000,0.0004,0.0000,1.0000
21.9785,117.77,386.0000,0.0566,44.0000,0.0000,0.0221,0.0000,0.0000,0.0000,0.0000,0.0004,0.0000,1.0000
21.9985,117.77,386.0000,0.0566,44.0000,0.0000,0.0221,0.0000,0.0000,0.0000,0.0000,0.0004,0.0000,1.0000
22.0185,117.77,386.0000,0.0566,44.0000,0.0000,0.0221,0.0000,0.0000,0.0000,0.0000,0.0004,0.0000,1.0000
22.0385,117.77,386.0000,0.0566,44.0000,0.0000,0.0221,0.0000,0.0000,0.0000,0.0000,0.0004,0.0000,1.0000
22.0585,117.77,386.0000,0.0566,44.0000,0.0000,0.0221,0.0000,0.0000,0.0000,0.0000,0.0004,0.0000,1.0000
22.0785,117.77,386.0000,0.0566,44.0000,0.0000,0.0221,0.0000,0.0000,0.0000,0.0000,0.0004,0.0000,1.0000
22.0985,117.77,386.0000,0.0566,44.0000,0.0000,0.0221,0.0000,0.0000,0.0000,0.0000,0.0004,0.0000,1.0000
22.1185,117.77,386.0000,0.0566,44.0000,0.0000,0.0221,0.0000,0.0000,0.0000,0.0000,0.0004,0.0000,1.0000
22.1385,127.42,386.0000,0.0566,44.0000,0.0000,0.0221,0.0000,0.0000,0.0000,0.0000,0.0004,0.0000,1.0000
22.1585,127.42,386.0000,0.0566,44.0000,0.0000,0.0221,0.0000,0.0000,0.0000,0.0000,0.0004,0.0000,1.0000
22.1785,127.42,386.0000,0.0566,44.0000,0.0000,0.0221,0.0000,0.0000,0.0000,0.0000,0.0004,0.0000,1.0000
22.1985,127.42,386.0000,0.0566,44.0000,0.0000,0.0221,0.0000,0.0000,0.0000,0.0000,0.0004,0.0000,1.0000
22.2185,127.42,386.0000,0.0566,44.0000,0.0000,0.0221,0.0000,0.0000,0.0000,0.0000,0.0004,0.0000,1.0000
22.2385,127.42,386.0000,0.0566,44.0000,0.0000,0.0221,0.0000,0.0000,0.0000,0.0000,0.0004,0.0000,1.0000
22.2585,127.42,386.0000,0.0566,44.0000,0.0000,0.0221,0.0000,0.0000,0.0000,0.0000,0.0004,0.0000,1.0000
22.2785,127.42,386.0000,0.0566,44.0000,0.0000,0.0221,0.0000,0.0000,0.0000,0.0000,0.0004,0.0000,1.0000
22.2985,127.42,386.0000,0.0566,44.0000,0.0000,0.0221,0.0000,0.0000,0.0000,0.0000,0.0004,0.0000,1.0000
22.3185,127.42,386.0000,0.0566,44.0000,0.0000,0.0221,0.0000,0.0000,0.0000,0.0000,0.0004,0.0000,1.0000
22.3385,127.42,386.0000,0.0566,44.0000,0.0000,0.0221,0.0000,0.0000,0.0000,0.0000,0.0004,0.0000,1.0000
22.3585,127.42,386.0000,0.0566,44.0000,0.0000,0.0221,0.0000,0.0000,0.0000,0.0000,0.0004,0.0000,1.0000
22.3785,127.42,386.0000,0.0566,44.0000,0.0000,0.0221,0.0000,0.0000,0.0000,0.0000,0.0004,0.0000,1.0000
22.3985,127.42,386.0000,0.0566,44.0000,0.0000,0.0221,0.0000,0.0000,0.0000,0.0000,0.0004,0.0000,1.0000
22.4185,127.42,386.0000,0.0566,44.0000,0.0000,0.0221,0.0000,0.0000,0.0000,0.0000,0.0004,0.0000,1.0000
22.4385,127.42,386.0000,0.0566,44.0000,0.0000,0.0221,0.0000,0.0000,0.0000,0.0000,0.0004,0.0000,1.0000
22.4585,127.42,386.0000,0.0566,44.0000,0.0000,0.0221,0.0000,0.0000,0.0000,0.0000,0.0004,0.0000,1.0000
22.4785,127.42,386.0000,0.0566,44.0000,0.0000,0.0221,0.0000,0.0000,0.0000,0.0000,0.0004,0.0000,1.0000
22.4985,127.42,386.0000,0.0566,44.0000,0.0000,0.0221,0.0000,0.0000,0.0000,0.0000,0.0004,0.0000,1.0000
22.5185,127.42,386.0000,0.0566,44.0000,0.0000,0.0221,0.0000,0.0000,0.0000,0.0000,0.0004,0.0000,1.0000
22.5385,127.42,386.0000,0.0566,44.0000,0.0000,0.0221,0.0000,0.0000,0.0000,0.0000,0.0004,0.0000,1.0000
22.5585,127.42,386.0000,0.0566,44.0000,0.0000,0.0221,0.0000,0.0000,0.0000,0.0000,0.0004,0.0000,1.0000
22.5785,127.42,386.0000,0.0566,44.0000,0.0000,0.0221,0.0000,0.0000,0.0000,0.0000,0.0004,0.0000,1.0000
22.5985,127.42,386.0000,0.0566,44.0000,0.0000,0.0221,0.0000,0.0000,0.0000,0.0000,0.0004,0.0000,1.0000
22.6185,127.42,386.0000,0.0566,44.0000,0.0000,0.0221,0.0000,0.0000,0.0000,0.0000,0.0004,0.0000,1.0000
22.6385,127.42,386.0000,0.0566,44.0000,0.0000,0.0221,0.0000,0.0000,0.0000,0.0000,0.0004,0.0000,1.0000
22.6585,127.42,386.0000,0.0566,4.0000,0.0000,0.0221,0.0000,0.0000,0.0000,0.0000,0.0004,0.0000,1.0000
22.6785,127.42,386.0000,0.0566,4.0000,0.0000,0.0221,0.0000,0.0000,-0.0001,0.0000,0.0004,0.0000,1.0000
22.6985,127.42,386.0000,0.0566,4.0000,0.0000,0.0221,-0.0001,0.0000,0.0000,0.0000,0.0004,0.0000,1.0000
22.7185,127.42,386.0000,0.0566,4.0000,0.0000,0.0221,0.0000,0.0000,0.0000,0.0000,0.0004,0.0000,1.0000
22.7385,127.42,386.0000,0.0566,4.0000,0.0000,0.0221,0.0000,0.0000,0.0000,0.0000,0.0004,0.0000,1.0000
22.7585,127.42,386.0000,0.0566,4.0000,0.0000,0.0221,0.0000,0.0000,-0.0001,0.0000,0.0004,0.0000,1.0000
22.7785,127.42,386.0000,0.0566,4.0000,0.0000,0.0221,-0.0001,0.0000,0.0000,0.0000,0.0004,0.0000,1.0000
22.7985,127.42,386.0000,0.0566,4.0000,0.0000,0.0221,0.0000,0.0000,-0.0002,0.0000,0.0004,0.0000,1.0000
22.8185,127.42,386.0000,0.0566,4.0000,0.0000,0.0221,0.0000,0.0000,0.0000,0.0000,0.0004,0.0000,1.0000
22.8385,127.42,386.0000,0.0566,4.0000,0.0000,0.0221,0.0000,0.0000,-0.0001,0.0000,0.0004,0.0000,1.0000
22.8585,127.42,386.0000,0.0566,4.0000,0.0000,0.0221,0.0000,0.0000,0.0000,0.0000,0.0004,0.0000,1.0000
22.8785,127.42,386.0000,0.0566,4.0000,0.0000,0.0221,0.0000,0.0000,-0.0002,0.0000,0.0004,0.0000,1.0000
22.8985,127.42,386.0000,0.0566,4.0000,0.0000,0.0221,0.0000,0.0000,0.0000,0.0000,0.0004,0.0000,1.0000
22.9185,127.42,386.0000,0.0566,4.0000,0.0000,0.0221,0.0000,0.0000,-0.0001,0.0000,0.0004,0.0000,1.0000
22.9385,127.42,386.0000,0.0566,4.0000,0.0000,0.0221,-0.0001,0.0000,0.0000,0.0000,0.0004,0.0000,1.0000
22.9585,127.42,386.0000,0.0566,4.0000,0.0000,0.0221,0.0000,0.0000,0.0000,0.0000,0.0004,0.0000,1.0000
22.9785,127.42,386.0000,0.0566,4.0000,0.0000,0.0221,0.0000,0.0000,0.0000,0.0000,0.0004,0.0000,1.0000
22.9985,127.42,386.0000,0.0566,4.0000,0.0000,0.0221,0.0000,0.0000,-0.0001,0.0000,0.0004,0.0000,1.0000
23.0185,127.42,386.0000,0.0566,4.0000,0.0000,0.0221,0.0000,0.0000,0.0000,0.0000,0.0004,0.0000,1.0000
23.0385,127.42,386.0000,0.0566,4.0000,0.0000,0.0221,0.0000,0.0000,-0.0001,0.0000,0.0004,0.0000,1.0000
23.0585,127.42,386.0000,0.0566,4.0000,0.0000,0.0221,-0.0001,0.0000,0.0000,0.0000,0.0004,0.0000,1.0000
23.0785,127.42,386.0000,0.0566,4.0000,0.0000,0.0221,-0.0001,0.0000,0.0000,0.0000,0.0004,0.0000,1.0000
23.0985,127.42,386.0000,0.0566,4.0000,0.0000,0.0221,-0.0001,0.0000,0.0000,0.0000,0.0004,0.0000,1.0000
23.1185,127.42,386.0000,0.0566,4.0000,0.0000,0.0221,-0.0001,0.0000,0.0000,0.0000,0.0004,0.0000,1.0000
23.1385,124.15,386.0000,0.0566,43.0000,0.0000,0.0221,-0.0001,0.0000,0.0000,0.0000,0.0004,0.0000,1.0000
23.1585,124.15,386.0000,0.0566,43.0000,0.0000,0.0222,0.0000,0.0000,-0.0002,0.0000,0.0004,0.0000,1.0000
23.1785,124.15,386.0000,0.0566,43.0000,0.0000,0.0222,0.0000,0.0000,0.0000,0.0000,0.0004,0.0000,1.0000
23.1985,124.15,386.0000,0.0566,43.0000,0.0000,0.0222,0.0000,0.0000,0.0000,0.0000,0.0004,0.0000,1.0000
23.2185,124.15,386.0000,0.0566,43.0000,0.0000,0.0222,0.0000,0.0000,0.0000,0.0000,0.0004,0.0000,1.0000
23.2385,124.15,386.0000,0.0566,43.0000,0.0000,0.0222,0.0000,0.0000,0.0000,0.0000,0.0004,0.0000,1.0000
23.2585,124.15,386.0000,0.0566,43.0000,0.0000,0.0222,0.0000,0.0000,0.0000,0.0000,0.0004,0.0000,1.0000
23.2785,124.15,386.0000,0.0566,43.0000,0.0000,0.0222,0.0000,0.0000,0.0000,0.0000,0.0004,0.0000,1.0000
23.2985,124.15,386.0000,0.0566,43.0000,0.0000,0.0222,-0.0001,0.0000,0.0000,0.0000,0.0004,0.0000,1.0000
23.3185,124.15,386.0000,0.0566,43.0000,0.0000,0.0222,0.0000,0.0000,0.0000,0.0000,0.0004,0.0000,1.0000
23.3385,124.15,386.0000,0.0566,43.0000,0.0000,0.0222,-0.0001,0.0000,0.0000,0.0000,0.0004,0.0000,1.0000
23.3585,124.15,386.0000,0.0566,43.0000,0.0000,0.0222,0.0000,0.0000,0.0000,0.0000,0.0004,0.0000,1.0000
23.3785,124.15,386.0000,0.0566,43.0000,0.0000,0.0222,0.0000,0.0000,0.0000,0.0000,0.0004,0.0000,1.0000
23.3985,124.15,386.0000,0.0566,435.0000,0.0000,0.0222,0.0000,0.0000,0.0000,0.0000,0.0004,0.0000,1.0000
23.4185,124.15,386.0000,0.0566,435.0000,0.0000,0.0222,0.0000,0.0000,0.0000,0.0000,0.0004,0.0000,1.0000
23.4385,124.15,386.0000,0.0566,435.0000,0.0000,0.0222,0.0000,0.0000,0.0000,0.0000,0.0004,0.0000,1.0000
23.4585,124.15,386.0000,0.0566,435.0000,0.0000,0.0222,0.0000,0.0000,0.0000,0.0000,0.0004,0.0000,1.0000
23.4785,124.15,386.0000,0.0566,435.0000,0.0000,0.0222,0.0000,0.0000,0.0000,0.0000,0.0004,0.0000,1.0000
23.4985,124.15,386.0000,0.0566,435.0000,0.0000,0.0222,0.0000,0.0000,0.0000,0.0000,0.0004,0.0000,1.0000
23.5185,124.15,386.0000,0.0566,435.0000,0.0000,0.0222,0.0000,0.0000,0.0000,0.0000,0.0004,0.0000,1.0000
23.5385,124.15,386.0000,0.0566,435.0000,0.0000,0.0222,0.0000,0.0000,0.0000,0.0000,0.0004,0.0000,1.0000
23.5585,124.15,386.0000,0.0566,435.0000,0.0000,0.0222,0.0000,0.0000,0.0000,0.0000,0.0004,0.0000,1.0000
23.5785,124.15,386.0000,0.0566,435.0000,0.0000,0.0222,0.0000,0.0000,0.0000,0.0000,0.0004,0.0000,1.0000
23.5985,124.15,386.0000,0.0566,435.0000,0.0000,0.0222,0.0000,0.0000,0.0000,0.0000,0.0004,0.0000,1.0000
23.6185,124.15,386.0000,0.0566,435.0000,0.0000,0.0222,0.0000,0.0000,0.0000,0.0000,0.0004,0.0000,1.0000
23.6385,124.15,386.0000,0.0566,435.0000,0.0000,0.0222,0.0000,0.0000,0.0000,0.0000,0.0004,0.0000,1.0000
23.6585,124.15,386.0000,0.0566,435.0000,0.0000,0.0222,0.0000,0.0000,0.0000,0.0000,0.0004,0.0000,1.0000
23.6785,124.15,386.0000,0.0566,435.0000,0.0000,0.0222,0.0000,0.0000,0.0000,0.0000,0.0004,0.0000,1.0000
23.6985,124.15,386.0000,0.0566,435.0000,0.0000,0.0222,0.0000,0.0000,0.0000,0.0000,0.0004,0.0000,1.0000
23.7185,124.15,386.0000,0.0566,435.0000,0.0000,0.0222,0.0000,0.0000,0.0000,0.0000,0.0004,0.0000,1.0000
23.7385,124.15,386.0000,0.0566,435.0000,0.0000,0.0222,0.0000,0.0000,0.0000,0.0000,0.0004,0.0000,1.0000
23.7585,124.15,386.0000,0.0566,435.0000,0.0000,0.0222,0.0000,0.0000,0.0000,0.0000,0.0004,0.0000,1.0000
23.7785,124.15,386.0000,0.0566,435.0000,0.0000,0.0222,0.0000,0.0000,0.0000,0.0000,0.0004,0.0000,1.0000
23.7985,124.15,386.0000,0.0566,435.0000,0.0000,0.0222,0.0000,0.0000,0.0000,0.0000,0.0004,0.0000,1.0000
23.8185,124.15,386.0000,0.0566,435.0000,0.0000,0.0222,0.0000,0.0000,0.0000,0.0000,0.0004,0.0000,1.0000
23.8385,124.15,386.0000,0.0566,435.0000,0.0000,0.0222,0.0000,0.0000,0.0000,0.0000,0.0004,0.0000,1.0000
23.8585,124.15,386.0000,0.0566,435.0000,0.0000,0.0222,0.0000,0.0000,0.0000,0.0000,0.0004,0.0000,1.0000
23.8785,124.15,386.0000,0.0566,435.0000,0.0000,0.0222,0.0000,0.0000,0.0000,0.0000,0.0004,0.0000,1.0000
23.8985,124.15,386.0000,0.0566,435.0000,0.0000,0.0222,0.0000,0.0000,0.0000,0.0000,0.0004,0.0000,1.0000
23.9185,124.15,386.0000,0.0566,435.0000,0.0000,0.0222,0.0000,0.0000,0.0000,0.0000,0.0004,0.0000,1.0000
23.9385,124.15,386.0000,0.0566,435.0000,0.0000,0.0222,0.0000,0.0000,0.0000,0.0000,0.0004,0.0000,1.0000
23.9585,124.15,386.0000,0.0566,435.0000,0.0000,0.0222,0.0000,0.0000,0.0000,0.0000,0.0004,0.0000,1.0000
23.9785,124.15,386.0000,0.0566,435.0000,0.0000,0.0222,0.0000,0.0000,0.0000,0.0000,0.0004,0.0000,1.0000
23.9985,124.15,386.0000,0.0566,435.0000,0.0000,0.0222,0.0000,0.0000,0.0000,0.0000,0.0004,0.0000,1.0000
24.0185,124.15,386.0000,0.0566,435.0000,0.0000,0.0222,0.0000,0.0000,0.0000,0.0000,0.0004,0.0000,1.0000
24.0385,124.15,386.0000,0.0566,435.0000,0.0000,0.0222,0.0000,0.0000,0.0000,0.0000,0.0004,0.0000,1.0000
24.0585,124.15,386.0000,0.0566,435.0000,0.0000,0.0222,0.0000,0.0000,0.0000,0.0000,0.0004,0.0000,1.0000
24.0785,124.15,386.0000,0.0566,435.0000,0.0000,0.0222,0.0000,0.0000,0.0000,0.0000,0.0004,0.0000,1.0000
24.0985,124.15,386.0000,0.0566,435.0000,0.0000,0.0222,0.0000,0.0000,0.0000,0.0000,0.0004,0.0000,1.0000
24.1185,124.15,386.0000,0.0566,435.0000,0.0000,0.0222,0.0000,0.0000,0.0000,0.0000,0.0004,0.0000,1.0000
24.1385,124.15,386.0000,0.0566,435.0000,0.0000,0.0222,0.0000,0.0000,0.0000,0.0000,0.0004,0.0000,1.0000
24.1585,140.11,386.0000,0.0566,435.0000,0.0000,0.0222,0.0000,0.0000,0.0000,0.0000,0.0004,0.0000,1.0000
24.1785,140.11,386.0000,0.0566,435.0000,0.0000,0.0222,0.0000,0.0000,0.0000,0.0000,0.0004,0.0000,1.0000
24.1985,140.11,386.0000,0.0566,435.0000,0.0000,0.0222,0.0000,0.0000,0.0000,0.0000,0.0004,0.0000,1.0000
24.2185,140.11,386.0000,0.0566,435.0000,0.0000,0.0222,0.0000,0.0000,0.0000,0.0000,0.0004,0.0000,1.0000
24.2385,140.11,386.0000,0.0566,435.0000,0.0000,0.0222,0.0000,0.0000,0.0000,0.0000,0.0004,0.0000,1.0000
24.2585,140.11,386.0000,0.0566,435.0000,0.0000,0.0222,0.0000,0.0000,0.0000,0.0000,0.0004,0.0000,1.0000
24.2785,140.11,386.0000,0.0566,435.0000,0.0000,0.0222,0.0000,0.0000,0.0000,0.0000,0.0004,0.0000,1.0000
24.2985,140.11,386.0000,0.0566,435.0000,0.0000,0.0222,0.0000,0.0000,0.0000,0.0000,0.0004,0.0000,1.0000
24.3185,140.11,386.0000,0.0566,435.0000,0.0000,0.0222,0.0000,0.0000,0.0000,0.0000,0.0004,0.0000,1.0000
24.3385,140.11,386.0000,0.0566,435.0000,0.0000,0.0222,0.0000,0.0000,0.0000,0.0000,0.0004,0.0000,1.0000
24.3585,140.11,386.0000,0.0566,435.0000,0.0000,0.0222,0.0000,0.0000,0.0000,0.0000,0.0004,0.0000,1.0000
24.3785,140.11,386.0000,0.0566,435.0000,0.0000,0.0222,0.0000,0.0000,0.0000,0.0000,0.0004,0.0000,1.0000
24.3985,140.11,386.0000,0.0566,435.0000,0.0000,0.0222,0.0000,0.0000,0.0000,0.0000,0.0004,0.0000,1.0000
24.4185,140.11,386.0000,0.0566,435.0000,0.0000,0.0222,0.0000,0.0000,0.0000,0.0000,0.0004,0.0000,1.0000
24.4385,140.11,386.0000,0.0566,435.0000,0.0000,0.0222,0.0000,0.0000,0.0000,0.0000,0.0004,0.0000,1.0000
24.4585,140.11,386.0000,0.0566,435.0000,0.0000,0.0222,0.0000,0.0000,0.0000,0.0000,0.0004,0.0000,1.0000
24.4785,140.11,386.0000,0.0566,435.0000,0.0000,0.0222,0.0000,0.0000,0.0000,0.0000,0.0004,0.0000,1.0000
24.4985,140.11,386.0000,0.0566,435.0000,0.0000,0.0222,0.0000,0.0000,0.0000,0.0000,0.0004,0.0000,1.0000
24.5185,140.11,386.0000,0.0566,435.0000,0.0000,0.0222,0.0000,0.0000,0.0000,0.0000,0.0004,0.0000,1.0000
24.5385,140.11,386.0000,0.0566,435.0000,0.0000,0.0222,0.0000,0.0000,0.0000,0.0000,0.0004,0.0000,1.0000
24.5585,140.11,386.0000,0.0566,435.0000,0.0000,0.0222,0.0000,0.0000,0.0000,0.0000,0.0004,0.0000,1.0000
24.5785,140.11,386.0000,0.0566,435.0000,0.0000,0.0222,0.0000,0.0000,0.0000,0.0000,0.0004,0.0000,1.0000
24.5985,140.11,386.0000,0.0566,435.0000,0.0000,0.0222,0.0000,0.0000,0.0000,0.0000,0.0004,0.0000,1.0000
24.6185,140.11,386.0000,0.0566,435.0000,0.0000,0.0222,0.0000,0.0000,0.0000,0.0000,0.0004,0.0000,1.0000
24.6385,140.11,386.0000,0.0566,435.0000,0.0000,0.0222,0.0000,0.0000,0.0000,0.0000,0.0004,0.0000,1.0000
24.6585,140.11,386.0000,0.0566,435.0000,0.0000,0.0222,0.0000,0.0000,0.0000,0.0000,0.0004,0.0000,1.0000
24.6785,140.11,386.0000,0.0566,435.0000,0.0000,0.0222,0.0000,0.0000,0.0000,0.0000,0.0004,0.0000,1.0000
24.6985,140.11,386.0000,0.0566,435.0000,0.0000,0.0222,0.0000,0.0000,0.0000,0.0000,0.0004,0.0000,1.0000
24.7185,140.11,386.0000,0.0566,435.0000,0.0000,0.0222,0.0000,0.0000,0.0000,0.0000,0.0004,0.0000,1.0000
24.7385,140.11,386.0000,0.0566,435.0000,0.0000,0.0222,0.0000,0.0000,0.0000,0.0000,0.0004,0.0000,1.0000
24.7585,140.11,386.0000,0.0566,435.0000,0.0000,0.0222,0.0000,0.0000,0.0000,0.0000,0.0004,0.0000,1.0000
24.7785,140.11,386.0000,0.0566,435.0000,0.0000,0.0222,0.0000,0.0000,0.0000,0.0000,0.0004,0.0000,1.0000
24.7985,140.11,386.0000,0.0566,435.0000,0.0000,0.0222,0.0000,0.0000,0.0000,0.0000,0.0004,0.0000,1.0000
24.8185,140.11,386.0000,0.0566,435.0000,0.0000,0.0222,0.0000,0.0000,0.0000,0.0000,0.0004,0.0000,1.0000
24.8385,140.11,386.0000,0.0566,435.0000,0.0000,0.0222,0.0000,0.0000,0.0000,0.0000,0.0004,0.0000,1.0000
24.8585,140.11,386.0000,0.0566,435.0000,0.0000,0.0222,0.0000,0.0000,0.0000,0.0000,0.0004,0.0000,1.0000
24.8785,140.11,386.0000,0.0566,435.0000,0.0000,0.0222,0.0000,0.0000,0.0000,0.0000,0.0004,0.0000,1.0000
24.8985,140.11,386.0000,0.0566,435.0000,0.0000,0.0222,0.0000,0.0000,0.0000,0.0000,0.0004,0.0000,1.0000
24.9185,140.11,386.0000,0.0566,435.0000,0.0000,0.0222,0.0000,0.0000,0.0000,0.0000,0.0004,0.0000,1.0000
24.9385,140.11,386.0000,0.0566,435.0000,0.0000,0.0222,0.0000,0.0000,0.0000,0.0000,0.0004,0.0000,1.0000
24.9585,140.11,386.0000,0.0566,435.0000,0.0000,0.0222,0.0000,0.0000,0.0000,0.0000,0.0004,0.0000,1.0000
24.9785,140.11,386.0000,0.0566,435.0000,0.0000,0.0222,0.0000,0.0000,0.0000,0.0000,0.0004,0.0000,1.0000
24.9985,140.11,386.0000,0.0566,435.0000,0.0000,0.0222,0.0000,0.0000,0.0000,0.0000,0.0004,0.0000,1.0000
25.0185,140.11,386.0000,0.0566,435.0000,0.0000,0.0222,0.0000,0.0000,0.0000,0.0000,0.0004,0.0000,1.0000
25.0385,140.11,386.0000,0.0566,435.0000,0.0000,0.0222,0.0000,0.0000,0.0000,0.0000,0.0004,0.0000,1.0000
25.0585,140.11,386.0000,0.0566,435.0000,0.0000,0.0222,0.0000,0.0000,0.0000,0.0000,0.0004,0.0000,1.0000
25.0785,140.11,386.0000,0.0566,435.0000,0.0000,0.0222,0.0000,0.0000,0.0000,0.0000,0.0004,0.0000,1.0000
25.0985,140.11,386.0000,0.0566,435.0000,0.0000,0.0222,0.0000,0.0000,0.0000,0.0000,0.0004,0.0000,1.0000
25.1185,140.11,386.0000,0.0566,435.0000,0.0000,0.0222,0.0000,0.0000,0.0000,0.0000,0.0004,0.0000,1.0000
25.1385,140.11,386.0000,0.0566,435.0000,0.0000,0.0222,0.0000,0.0000,0.0000,0.0000,0.0004,0.0000,1.0000
25.1585,151.67,386.0000,0.0566,435.0000,0.0000,0.0222,0.0000,0.0000,0.0000,0.0000,0.0004,0.0000,1.0000
25.1785,151.67,386.0000,0.0566,435.0000,0.0000,0.0222,0.0000,0.0000,0.0000,0.0000,0.0004,0.0000,1.0000
25.1985,151.67,386.0000,0.0566,435.0000,0.0000,0.0222,0.0000,0.0000,0.0000,0.0000,0.0004,0.0000,1.0000
25.2185,151.67,386.0000,0.0566,435.0000,0.0000,0.0222,0.0000,0.0000,0.0000,0.0000,0.0004,0.0000,1.0000
25.2385,151.67,386.0000,0.0566,435.0000,0.0000,0.0222,0.0000,0.0000,0.0000,0.0000,0.0004,0.0000,1.0000
25.2585,151.67,386.0000,0.0566,435.0000,0.0000,0.0222,0.0000,0.0000,0.0000,0.0000,0.0004,0.0000,1.0000
25.2785,151.67,386.0000,0.0566,435.0000,0.0000,0.0222,0.0000,0.0000,0.0000,0.0000,0.0004,0.0000,1.0000
25.2985,151.67,386.0000,0.0566,435.0000,0.0000,0.0222,0.0000,0.0000,0.0000,0.0000,0.0004,0.0000,1.0000
25.3185,151.67,386.0000,0.0566,435.0000,0.0000,0.0222,0.0000,0.0000,0.0000,0.0000,0.0004,0.0000,1.0000
25.3385,151.67,386.0000,0.0566,435.0000,0.0000,0.0222,0.0000,0.0000,0.0000,0.0000,0.0004,0.0000,1.0000
25.3585,151.67,386.0000,0.0566,435.0000,0.0000,0.0222,0.0000,0.0000,0.0000,0.0000,0.0004,0.0000,1.0000
25.3785,151.67,386.0000,0.0566,435.0000,0.0000,0.0222,0.0000,0.0000,0.0000,0.0000,0.0004,0.0000,1.0000
25.3985,151.67,386.0000,0.0566,435.0000,0.0000,0.0222,0.0000,0.0000,0.0000,0.0000,0.0004,0.0000,1.0000
25.4185,151.67,386.0000,0.0566,435.0000,0.0000,0.0222,0.0000,0.0000,0.0000,0.0000,0.0004,0.0000,1.0000
25.4385,151.67,386.0000,0.0566,435.0000,0.0000,0.0222,0.0000,0.0000,0.0000,0.0000,0.0004,0.0000,1.0000
25.4585,151.67,386.0000,0.0566,435.0000,0.0000,0.0222,0.0000,0.0000,0.0000,0.0000,0.0004,0.0000,1.0000
25.4785,151.67,386.0000,0.0566,435.0000,0.0000,0.0222,0.0000,0.0000,0.0000,0.0000,0.0004,0.0000,1.0000
25.4985,151.67,386.0000,0.0566,435.0000,0.0000,0.0222,0.0000,0.0000,0.0000,0.0000,0.0004,0.0000,1.0000
25.5185,151.67,386.0000,0.0566,435.0000,0.0000,0.0222,0.0000,0.0000,0.0000,0.0000,0.0004,0.0000,1.0000
25.5385,151.67,386.0000,0.0566,435.0000,0.0000,0.0222,0.0000,0.0000,0.0000,0.0000,0.0004,0.0000,1.0000
25.5585,151.67,386.0000,0.0566,435.0000,0.0000,0.0222,0.0000,0.0000,0.0000,0.0000,0.0004,0.0000,1.0000
25.5785,151.67,386.0000,0.0566,435.0000,0.0000,0.0222,0.0000,0.0000,0.0000,0.0000,0.0004,0.0000,1.0000
25.5985,151.67,386.0000,0.0566,435.0000,0.0000,0.0222,0.0000,0.0000,0.0000,0.0000,0.0004,0.0000,1.0000
25.6185,151.67,386.0000,0.0566,435.0000,0.0000,0.0222,0.0000,0.0000,0.0000,0.0000,0.0004,0.0000,1.0000
25.6385,151.67,386.0000,0.0566,435.0000,0.0000,0.0222,0.0000,0.0000,0.0000,0.0000,0.0004,0.0000,1.0000
25.6585,151.67,386.0000,0.0566,435.0000,0.0000,0.0222,0.0000,0.0000,0.0000,0.0000,0.0004,0.0000,1.0000
25.6785,151.67,386.0000,0.0566,435.0000,0.0000,0.0222,0.0000,0.0000,0.0000,0.0000,0.0004,0.0000,1.0000
25.6985,151.67,386.0000,0.0566,435.0000,0.0000,0.0222,0.0000,0.0000,0.0000,0.0000,0.0004,0.0000,1.0000
25.7185,151.67,386.0000,0.0566,43.0000,0.0000,0.0222,0.0000,0.0000,0.0000,0.0000,0.0004,0.0000,1.0000
25.7385,151.67,386.0000,0.0566,43.0000,0.0000,0.0222,0.0000,0.0000,0.0000,0.0000,0.0004,0.0000,1.0000
25.7585,151.67,386.0000,0.0566,43.0000,0.0000,0.0222,0.0000,0.0000,0.0000,0.0000,0.0004,0.0000,1.0000
25.7785,151.67,386.0000,0.0566,43.0000,0.0000,0.0222,0.0000,0.0000,0.0000,0.0000,0.0004,0.0000,1.0000
25.7985,151.67,386.0000,0.0566,43.0000,0.0000,0.0222,0.0000,0.0000,0.0000,0.0000,0.0004,0.0000,1.0000
25.8185,151.67,386.0000,0.0566,43.0000,0.0000,0.0222,0.0000,0.0000,0.0000,0.0000,0.0004,0.0000,1.0000
25.8385,151.67,386.0000,0.0566,43.0000,0.0000,0.0222,0.0000,0.0000,0.0000,0.0000,0.0004,0.0000,1.0000
25.8585,151.67,386.0000,0.0566,43.0000,0.0000,0.0222,0.0000,0.0000,0.0000,0.0000,0.0004,0.0000,1.0000
25.8785,151.67,386.0000,0.0566,43.0000,0.0000,0.0222,0.0000,0.0000,0.0000,0.0000,0.0004,0.0000,1.0000
25.8985,151.67,386.0000,0.0566,43.0000,0.0000,0.0222,0.0000,0.0000,0.0000,0.0000,0.0004,0.0000,1.0000
25.9185,151.67,386.0000,0.0566,43.0000,0.0000,0.0222,0.0000,0.0000,0.0000,0.0000,0.0004,0.0000,1.0000
25.9385,151.67,386.0000,0.0566,43.0000,0.0000,0.0222,0.0000,0.0000,0.0000,0.0000,0.0004,0.0000,1.0000
25.9585,151.67,386.0000,0.0566,43.0000,0.0000,0.0222,0.0000,0.0000,0.0000,0.0000,0.0004,0.0000,1.0000
25.9785,151.67,386.0000,0.0566,43.0000,0.0000,0.0222,0.0000,0.0000,0.0000,0.0000,0.0004,0.0000,1.0000
25.9985,151.67,386.0000,0.0566,43.0000,0.0000,0.0222,0.0000,0.0000,0.0000,0.0000,0.0004,0.0000,1.0000
26.0185,151.67,386.0000,0.0566,43.0000,0.0000,0.0222,0.0000,0.0000,0.0000,0.0000,0.0004,0.0000,1.0000
26.0385,151.67,386.0000,0.0566,43.0000,0.0000,0.0222,0.0000,0.0000,0.0000,0.0000,0.0004,0.0000,1.0000
26.0585,151.67,386.0000,0.0566,43.0000,0.0000,0.0222,0.0000,0.0000,0.0000,0.0000,0.0004,0.0000,1.0000
26.0785,151.67,386.0000,0.0566,43.0000,0.0000,0.0222,0.0000,0.0000,0.0000,0.0000,0.0004,0.0000,1.0000
26.0985,151.67,386.0000,0.0566,43.0000,0.0000,0.0222,0.0000,0.0000,0.0000,0.0000,0.0004,0.0000,1.0000
26.1185,151.67,386.0000,0.0566,43.0000,0.0000,0.0222,0.0000,0.0000,0.0000,0.0000,0.0004,0.0000,1.0000
26.1385,151.67,386.0000,0.0566,43.0000,0.0000,0.0222,0.0000,0.0000,0.0000,0.0000,0.0004,0.0000,1.0000
26.1585,138.04,386.0000,0.0566,43.0000,0.0000,0.0222,0.0000,0.0000,0.0000,0.0000,0.0004,0.0000,1.0000
26.1785,138.04,386.0000,0.0566,4.0000,0.0000,0.0222,0.0000,0.0000,0.0000,0.0000,0.0004,0.0000,1.0000
26.1985,138.04,386.0000,0.0566,4.0000,0.0000,0.0222,0.0000,0.0000,0.0000,0.0000,0.0004,0.0000,1.0000
26.2185,138.04,386.0000,0.0566,4.0000,0.0000,0.0222,0.0000,0.0000,0.0000,0.0000,0.0004,0.0000,1.0000
26.2385,138.04,386.0000,0.0566,4.0000,0.0000,0.0222,0.0000,0.0000,0.0000,0.0000,0.0004,0.0000,1.0000
26.2585,138.04,386.0000,0.0566,4.0000,0.0000,0.0222,0.0000,0.0000,0.0000,0.0000,0.0004,0.0000,1.0000
26.2785,138.04,386.0000,0.0566,4.0000,0.0000,0.0222,0.0000,0.0000,0.0000,0.0000,0.0004,0.0000,1.0000
26.2985,138.04,386.0000,0.0566,4.0000,0.0000,0.0222,0.0000,0.0000,0.0000,0.0000,0.0004,0.0000,1.0000
26.3185,138.04,386.0000,0.0566,4.0000,0.0000,0.0222,0.0000,0.0000,0.0000,0.0000,0.0004,0.0000,1.0000
26.3385,138.04,386.0000,0.0566,4.0000,0.0000,0.0222,0.0000,0.0000,0.0000,0.0000,0.0004,0.0000,1.0000
26.3585,138.04,386.0000,0.0566,4.0000,0.0000,0.0222,0.0000,0.0000,0.0000,0.0000,0.0004,0.0000,1.0000
26.3785,138.04,386.0000,0.0566,4.0000,0.0000,0.0222,0.0000,0.0000,0.0000,0.0000,0.0004,0.0000,1.0000
26.3985,138.04,386.0000,0.0566,4.0000,0.0000,0.0222,0.0000,0.0000,0.0000,0.0000,0.0004,0.0000,1.0000
26.4185,138.04,386.0000,0.0566,4.0000,0.0000,0.0222,0.0000,0.0000,0.0000,0.0000,0.0004,0.0000,1.0000
26.4385,138.04,386.0000,0.0566,4.0000,0.0000,0.0222,0.0000,0.0000,0.0000,0.0000,0.0004,0.0000,1.0000
26.4585,138.04,386.0000,0.0566,4.0000,0.0000,0.0222,0.0000,0.0000,0.0000,0.0000,0.0004,0.0000,1.0000
26.4785,138.04,386.0000,0.0566,4.0000,0.0000,0.0222,0.0000,0.0000,0.0000,0.0000,0.0004,0.0000,1.0000
26.4985,138.04,386.0000,0.0566,4.0000,0.0000,0.0222,0.0000,0.0000,0.0000,0.0000,0.0004,0.0000,1.0000
26.5185,138.04,386.0000,0.0566,4.0000,0.0000,0.0222,0.0000,0.0000,0.0000,0.0000,0.0004,0.0000,1.0000
26.5385,138.04,386.0000,0.0566,4.0000,0.0000,0.0222,0.0000,0.0000,0.0000,0.0000,0.0004,0.0000,1.0000
26.5585,138.04,386.0000,0.0566,4.0000,0.0000,0.0222,0.0000,0.0000,0.0000,0.0000,0.0004,0.0000,1.0000
26.5785,138.04,386.0000,0.0566,4.0000,0.0000,0.0222,0.0000,0.0000,0.0000,0.0000,0.0004,0.0000,1.0000
26.5985,138.04,386.0000,0.0566,4.0000,0.0000,0.0222,0.0000,0.0000,0.0000,0.0000,0.0004,0.0000,1.0000
26.6185,138.04,386.0000,0.0566,4.0000,0.0000,0.0222,0.0000,0.0000,0.0000,0.0000,0.0004,0.0000,1.0000
26.6385,138.04,386.0000,0.0566,4.0000,0.0000,0.0222,0.0000,0.0000,0.0000,0.0000,0.0004,0.0000,1.0000
26.6585,138.04,386.0000,0.0566,44.0000,0.0000,0.0222,0.0000,0.0000,0.0000,0.0000,0.0004,0.0000,1.0000
26.6785,138.04,386.0000,0.0566,44.0000,0.0000,0.0222,0.0000,0.0000,0.0000,0.0000,0.0004,0.0000,1.0000
26.6985,138.04,386.0000,0.0566,44.0000,0.0000,0.0222,0.0000,0.0000,0.0000,0.0000,0.0004,0.0000,1.0000
26.7185,138.04,386.0000,0.0566,44.0000,0.0000,0.0222,0.0000,0.0000,0.0000,0.0000,0.0004,0.0000,1.0000
26.7385,138.04,386.0000,0.0566,44.0000,0.0000,0.0222,0.0000,0.0000,0.0000,0.0000,0.0004,0.0000,1.0000
26.7585,138.04,386.0000,0.0566,44.0000,0.0000,0.0222,0.0000,0.0000,0.0000,0.0000,0.0004,0.0000,1.0000
26.7785,138.04,386.0000,0.0566,44.0000,0.0000,0.0222,0.0000,0.0000,0.0000,0.0000,0.0004,0.0000,1.0000
26.7985,138.04,386.0000,0.0566,445.0000,0.0000,0.0222,0.0000,0.0000,0.0000,0.0000,0.0004,0.0000,1.0000
26.8185,138.04,386.0000,0.0566,445.0000,0.0000,0.0222,0.0000,0.0000,-0.0001,0.0000,0.0004,0.0000,1.0000
26.8385,138.04,386.0000,0.0566,445.0000,0.0000,0.0222,0.0000,0.0000,-0.0001,0.0000,0.0004,0.0000,1.0000
26.8585,138.04,386.0000,0.0566,445.0000,0.0000,0.0222,0.0000,0.0000,0.0000,0.0000,0.0004,0.0000,1.0000
26.8785,138.04,386.0000,0.0566,445.0000,0.0000,0.0222,0.0000,0.0000,0.0000,0.0000,0.0004,0.0000,1.0000
26.8985,138.04,386.0000,0.0566,445.0000,0.0000,0.0222,0.0000,0.0000,0.0000,0.0000,0.0004,0.0000,1.0000
26.9185,138.04,386.0000,0.0566,445.0000,0.0000,0.0222,0.0000,0.0000,0.0000,0.0000,0.0004,0.0000,1.0000
26.9385,138.04,386.0000,0.0566,445.0000,0.0000,0.0222,0.0000,0.0000,0.0000,0.0000,0.0004,0.0000,1.0000
26.9585,138.04,386.0000,0.0566,445.0000,0.0000,0.0222,0.0000,0.0000,0.0000,0.0000,0.0004,0.0000,1.0000
26.9785,138.04,386.0000,0.0566,445.0000,0.0000,0.0222,0.0000,0.0000,0.0000,0.0000,0.0004,0.0000,1.0000
26.9985,138.04,386.0000,0.0566,445.0000,0.0000,0.0222,0.0000,0.0000,0.0000,0.0000,0.0004,0.0000,1.0000
27.0185,138.04,386.0000,0.0566,445.0000,0.0000,0.0222,0.0000,0.0000,0.0000,0.0000,0.0004,0.0000,1.0000
27.0385,138.04,386.0000,0.0566,445.0000,0.0000,0.0222,0.0000,0.0000,0.0000,0.0000,0.0004,0.0000,1.0000
27.0585,138.04,386.0000,0.0566,445.0000,0.0000,0.0222,0.0000,0.0000,0.0000,0.0000,0.0004,0.0000,1.0000
27.0785,138.04,386.0000,0.0566,445.0000,0.0000,0.0222,0.0000,0.0000,0.0000,0.0000,0.0004,0.0000,1.0000
27.0985,138.04,386.0000,0.0566,445.0000,0.0000,0.0222,0.0000,0.0000,0.0000,0.0000,0.0004,0.0000,1.0000
27.1185,138.04,386.0000,0.0566,445.0000,0.0000,0.0222,0.0000,0.0000,0.0000,0.0000,0.0004,0.0000,1.0000
27.1385,138.04,386.0000,0.0566,445.0000,0.0000,0.0222,0.0000,0.0000,0.0000,0.0000,0.0004,0.0000,1.0000
27.1585,124.94,386.0000,0.0566,445.0000,0.0000,0.0222,0.0000,0.0000,0.0000,0.0000,0.0004,0.0000,1.0000
27.1785,124.94,386.0000,0.0566,445.0000,0.0000,0.0222,0.0000,0.0000,0.0000,0.0000,0.0004,0.0000,1.0000
27.1985,124.94,386.0000,0.0566,445.0000,0.0000,0.0222,0.0000,0.0000,0.0000,0.0000,0.0004,0.0000,1.0000
27.2185,124.94,386.0000,0.0566,445.0000,0.0000,0.0222,0.0000,0.0000,0.0000,0.0000,0.0004,0.0000,1.0000
27.2385,124.94,386.0000,0.0566,445.0000,0.0000,0.0222,0.0000,0.0000,0.0000,0.0000,0.0004,0.0000,1.0000
27.2585,124.94,386.0000,0.0566,445.0000,0.0000,0.0222,0.0000,0.0000,0.0000,0.0000,0.0004,0.0000,1.0000
27.2785,124.94,386.0000,0.0566,445.0000,0.0000,0.0222,0.0000,0.0000,0.0000,0.0000,0.0004,0.0000,1.0000
27.2985,124.94,386.0000,0.0566,445.0000,0.0000,0.0222,0.0000,0.0000,0.0000,0.0000,0.0004,0.0000,1.0000
27.3185,124.94,386.0000,0.0566,445.0000,0.0000,0.0222,0.0000,0.0000,0.0000,0.0000,0.0004,0.0000,1.0000
27.3385,124.94,386.0000,0.0566,445.0000,0.0000,0.0222,0.0000,0.0000,0.0000,0.0000,0.0004,0.0000,1.0000
27.3585,124.94,386.0000,0.0566,445.0000,0.0000,0.0222,0.0000,0.0000,0.0000,0.0000,0.0004,0.0000,1.0000
27.3785,124.94,386.0000,0.0566,445.0000,0.0000,0.0222,0.0000,0.0000,0.0000,0.0000,0.0004,0.0000,1.0000
27.3985,124.94,386.0000,0.0566,445.0000,0.0000,0.0222,0.0000,0.0000,0.0000,0.0000,0.0004,0.0000,1.0000
27.4185,124.94,386.0000,0.0566,445.0000,0.0000,0.0222,0.0000,0.0000,0.0000,0.0000,0.0004,0.0000,1.0000
27.4385,124.94,386.0000,0.0566,445.0000,0.0000,0.0222,0.0000,0.0000,0.0000,0.0000,0.0004,0.0000,1.0000
27.4585,124.94,386.0000,0.0566,445.0000,0.0000,0.0222,0.0000,0.0000,0.0000,0.0000,0.0004,0.0000,1.0000
27.4785,124.94,386.0000,0.0566,445.0000,0.0000,0.0222,0.0000,0.0000,0.0000,0.0000,0.0004,0.0000,1.0000
27.4985,124.94,386.0000,0.0566,445.0000,0.0000,0.0222,0.0000,0.0000,0.0000,0.0000,0.0004,0.0000,1.0000
27.5185,124.94,386.0000,0.0566,445.0000,0.0000,0.0222,0.0000,0.0000,0.0000,0.0000,0.0004,0.0000,1.0000
27.5385,124.94,386.0000,0.0566,445.0000,0.0000,0.0222,0.0000,0.0000,0.0000,0.0000,0.0004,0.0000,1.0000
27.5585,124.94,386.0000,0.0566,445.0000,0.0000,0.0222,0.0000,0.0000,0.0000,0.0000,0.0004,0.0000,1.0000
27.5785,124.94,386.0000,0.0566,445.0000,0.0000,0.0222,0.0000,0.0000,0.0000,0.0000,0.0004,0.0000,1.0000
27.5985,124.94,386.0000,0.0566,445.0000,0.0000,0.0222,0.0000,0.0000,0.0000,0.0000,0.0004,0.0000,1.0000
27.6185,124.94,386.0000,0.0566,445.0000,0.0000,0.0222,0.0000,0.0000,0.0000,0.0000,0.0004,0.0000,1.0000
27.6385,124.94,386.0000,0.0566,445.0000,0.0000,0.0222,0.0000,0.0000,0.0000,0.0000,0.0004,0.0000,1.0000
27.6585,124.94,386.0000,0.0566,445.0000,0.0000,0.0222,0.0000,0.0000,0.0000,0.0000,0.0004,0.0000,1.0000
27.6785,124.94,386.0000,0.0566,445.0000,0.0000,0.0222,0.0000,0.0000,0.0000,0.0000,0.0004,0.0000,1.0000
27.6985,124.94,386.0000,0.0566,445.0000,0.0000,0.0222,0.0000,0.0000,0.0000,0.0000,0.0004,0.0000,1.0000
27.7185,124.94,386.0000,0.0566,445.0000,0.0000,0.0222,0.0000,0.0000,0.0000,0.0000,0.0004,0.0000,1.0000
27.7385,124.94,386.0000,0.0566,445.0000,0.0000,0.0222,0.0000,0.0000,0.0000,0.0000,0.0004,0.0000,1.0000
27.7585,124.94,386.0000,0.0566,445.0000,0.0000,0.0222,0.0000,0.0000,0.0000,0.0000,0.0004,0.0000,1.0000
27.7785,124.94,386.0000,0.0566,445.0000,0.0000,0.0222,0.0000,0.0000,0.0000,0.0000,0.0004,0.0000,1.0000
27.7985,124.94,386.0000,0.0566,445.0000,0.0000,0.0222,0.0000,0.0000,0.0000,0.0000,0.0004,0.0000,1.0000
27.8185,124.94,386.0000,0.0566,445.0000,0.0000,0.0222,0.0000,0.0000,0.0000,0.0000,0.0004,0.0000,1.0000
27.8385,124.94,386.0000,0.0566,445.0000,0.0000,0.0222,0.0000,0.0000,0.0000,0.0000,0.0004,0.0000,1.0000
27.8585,124.94,386.0000,0.0566,445.0000,0.0000,0.0222,0.0000,0.0000,0.0000,0.0000,0.0004,0.0000,1.0000
27.8785,124.94,386.0000,0.0566,445.0000,0.0000,0.0222,0.0000,0.0000,0.0000,0.0000,0.0004,0.0000,1.0000
27.8985,124.94,386.0000,0.0566,445.0000,0.0000,0.0222,0.0000,0.0000,0.0000,0.0000,0.0004,0.0000,1.0000
27.9185,124.94,386.0000,0.0566,445.0000,0.0000,0.0222,0.0000,0.0000,0.0000,0.0000,0.0004,0.0000,1.0000
27.9385,124.94,386.0000,0.0566,445.0000,0.0000,0.0222,0.0000,0.0000,0.0000,0.0000,0.0004,0.0000,1.0000
27.9585,124.94,386.0000,0.0566,445.0000,0.0000,0.0222,0.0000,0.0000,0.0000,0.0000,0.0004,0.0000,1.0000
27.9785,124.94,386.0000,0.0566,445.0000,0.0000,0.0222,0.0000,0.0000,0.0000,0.0000,0.0004,0.0000,1.0000
27.9985,124.94,386.0000,0.0566,445.0000,0.0000,0.0222,0.0000,0.0000,0.0000,0.0000,0.0004,0.0000,1.0000
28.0185,124.94,386.0000,0.0566,445.0000,0.0000,0.0222,0.0000,0.0000,0.0000,0.0000,0.0004,0.0000,1.0000
28.0385,124.94,386.0000,0.0566,445.0000,0.0000,0.0222,0.0000,0.0000,0.0000,0.0000,0.0004,0.0000,1.0000
28.0585,124.94,386.0000,0.0566,445.0000,0.0000,0.0222,0.0000,0.0000,0.0000,0.0000,0.0004,0.0000,1.0000
28.0785,124.94,386.0000,0.0566,445.0000,0.0000,0.0222,0.0000,0.0000,0.0000,0.0000,0.0004,0.0000,1.0000
28.0985,124.94,386.0000,0.0566,445.0000,0.0000,0.0222,0.0000,0.0000,0.0000,0.0000,0.0004,0.0000,1.0000
28.1185,124.94,386.0000,0.0566,445.0000,0.0000,0.0222,0.0000,0.0000,0.0000,0.0000,0.0004,0.0000,1.0000
28.1385,124.94,386.0000,0.0566,445.0000,0.0000,0.0222,0.0000,0.0000,0.0000,0.0000,0.0004,0.0000,1.0000
28.1585,155.85,386.0000,0.0566,445.0000,0.0000,0.0222,0.0000,0.0000,0.0000,0.0000,0.0004,0.0000,1.0000
28.1785,155.85,386.0000,0.0566,445.0000,0.0000,0.0222,0.0000,0.0000,0.0000,0.0000,0.0004,0.0000,1.0000
28.1985,155.85,386.0000,0.0566,445.0000,0.0000,0.0222,0.0000,0.0000,0.0000,0.0000,0.0004,0.0000,1.0000
28.2185,155.85,386.0000,0.0566,445.0000,0.0000,0.0222,0.0000,0.0000,0.0000,0.0000,0.0004,0.0000,1.0000
28.2385,155.85,386.0000,0.0566,445.0000,0.0000,0.0222,0.0000,0.0000,0.0000,0.0000,0.0004,0.0000,1.0000
28.2585,155.85,386.0000,0.0566,445.0000,0.0000,0.0222,0.0000,0.0000,0.0000,0.0000,0.0004,0.0000,1.0000
28.2785,155.85,386.0000,0.0566,445.0000,0.0000,0.0222,0.0000,0.0000,0.0000,0.0000,0.0004,0.0000,1.0000
28.2985,155.85,386.0000,0.0566,445.0000,0.0000,0.0222,0.0000,0.0000,0.0000,0.0000,0.0004,0.0000,1.0000
28.3185,155.85,386.0000,0.0566,445.0000,0.0000,0.0222,0.0000,0.0000,0.0000,0.0000,0.0004,0.0000,1.0000
28.3385,155.85,386.0000,0.0566,445.0000,0.0000,0.0222,0.0000,0.0000,0.0000,0.0000,0.0004,0.0000,1.0000
28.3585,155.85,386.0000,0.0566,445.0000,0.0000,0.0222,0.0000,0.0000,0.0000,0.0000,0.0004,0.0000,1.0000
28.3785,155.85,386.0000,0.0566,445.0000,0.0000,0.0222,0.0000,0.0000,0.0000,0.0000,0.0004,0.0000,1.0000
28.3985,155.85,386.0000,0.0566,445.0000,0.0000,0.0222,0.0000,0.0000,0.0000,0.0000,0.0004,0.0000,1.0000
28.4185,155.85,386.0000,0.0566,445.0000,0.0000,0.0222,0.0000,0.0000,0.0000,0.0000,0.0004,0.0000,1.0000
28.4385,155.85,386.0000,0.0566,445.0000,0.0000,0.0222,0.0000,0.0000,0.0000,0.0000,0.0004,0.0000,1.0000
28.4585,155.85,386.0000,0.0566,445.0000,0.0000,0.0222,0.0000,0.0000,0.0000,0.0000,0.0004,0.0000,1.0000
28.4785,155.85,386.0000,0.0566,445.0000,0.0000,0.0222,0.0000,0.0000,0.0000,0.0000,0.0004,0.0000,1.0000
28.4985,155.85,386.0000,0.0566,445.0000,0.0000,0.0222,0.0000,0.0000,0.0000,0.0000,0.0004,0.0000,1.0000
28.5185,155.85,386.0000,0.0566,445.0000,0.0000,0.0222,0.0000,0.0000,0.0000,0.0000,0.0004,0.0000,1.0000
28.5385,155.85,386.0000,0.0566,445.0000,0.0000,0.0222,0.0000,0.0000,0.0000,0.0000,0.0004,0.0000,1.0000
28.5585,155.85,386.0000,0.0566,445.0000,0.0000,0.0222,0.0000,0.0000,0.0000,0.0000,0.0004,0.0000,1.0000
28.5785,155.85,386.0000,0.0566,445.0000,0.0000,0.0222,0.0000,0.0000,0.0000,0.0000,0.0004,0.0000,1.0000
28.5985,155.85,386.0000,0.0566,445.0000,0.0000,0.0222,0.0000,0.0000,0.0000,0.0000,0.0004,0.0000,1.0000
28.6185,155.85,386.0000,0.0566,445.0000,0.0000,0.0222,0.0000,0.0000,0.0000,0.0000,0.0004,0.0000,1.0000
28.6385,155.85,386.0000,0.0566,445.0000,0.0000,0.0222,0.0000,0.0000,0.0000,0.0000,0.0004,0.0000,1.0000
28.6585,155.85,386.0000,0.0566,445.0000,0.0000,0.0222,0.0000,0.0000,0.0000,0.0000,0.0004,0.0000,1.0000
28.6785,155.85,386.0000,0.0566,445.0000,0.0000,0.0222,0.0000,0.0000,0.0000,0.0000,0.0004,0.0000,1.0000
28.6985,155.85,386.0000,0.0566,445.0000,0.0000,0.0222,0.0000,0.0000,0.0000,0.0000,0.0004,0.0000,1.0000
28.7185,155.85,386.0000,0.0566,445.0000,0.0000,0.0222,0.0000,0.0000,0.0000,0.0000,0.0004,0.0000,1.0000
28.7385,155.85,386.0000,0.0566,445.0000,0.0000,0.0222,0.0000,0.0000,0.0000,0.0000,0.0004,0.0000,1.0000
28.7585,155.85,386.0000,0.0566,445.0000,0.0000,0.0222,0.0000,0.0000,0.0000,0.0000,0.0004,0.0000,1.0000
28.7785,155.85,386.0000,0.0566,445.0000,0.0000,0.0222,0.0000,0.0000,0.0000,0.0000,0.0004,0.0000,1.0000
28.7985,155.85,386.0000,0.0566,445.0000,0.0000,0.0222,0.0000,0.0000,0.0000,0.0000,0.0004,0.0000,1.0000
28.8185,155.85,386.0000,0.0566,445.0000,0.0000,0.0222,0.0000,0.0000,0.0000,0.0000,0.0004,0.0000,1.0000
28.8385,155.85,386.0000,0.0566,445.0000,0.0000,0.0222,0.0000,0.0000,0.0000,0.0000,0.0004,0.0000,1.0000
28.8585,155.85,386.0000,0.0566,445.0000,0.0000,0.0222,0.0000,0.0000,0.0000,0.0000,0.0004,0.0000,1.0000
28.8785,155.85,386.0000,0.0566,445.0000,0.0000,0.0222,0.0000,0.0000,0.0000,0.0000,0.0004,0.0000,1.0000
28.8985,155.85,386.0000,0.0566,445.0000,0.0000,0.0222,0.0000,0.0000,0.0000,0.0000,0.0004,0.0000,1.0000
28.9185,155.85,386.0000,0.0566,445.0000,0.0000,0.0222,0.0000,0.0000,0.0000,0.0000,0.0004,0.0000,1.0000
28.9385,155.85,386.0000,0.0566,445.0000,0.0000,0.0222,0.0000,0.0000,0.0000,0.0000,0.0004,0.0000,1.0000
28.9585,155.85,386.0000,0.0566,445.0000,0.0000,0.0222,0.0000,0.0000,0.0000,0.0000,0.0004,0.0000,1.0000
28.9785,155.85,386.0000,0.0566,445.0000,0.0000,0.0222,0.0000,0.0000,0.0000,0.0000,0.0004,0.0000,1.0000
28.9985,155.85,386.0000,0.0566,445.0000,0.0000,0.0222,0.0000,0.0000,0.0000,0.0000,0.0004,0.0000,1.0000
29.0185,155.85,386.0000,0.0566,445.0000,0.0000,0.0222,0.0000,0.0000,0.0000,0.0000,0.0004,0.0000,1.0000
29.0385,155.85,386.0000,0.0566,445.0000,0.0000,0.0222,0.0000,0.0000,0.0000,0.0000,0.0004,0.0000,1.0000
29.0585,155.85,386.0000,0.0566,445.0000,0.0000,0.0222,0.0000,0.0000,0.0000,0.0000,0.0004,0.0000,1.0000
29.0785,155.85,386.0000,0.0566,445.0000,0.0000,0.0222,0.0000,0.0000,0.0000,0.0000,0.0004,0.0000,1.0000
29.0985,155.85,386.0000,0.0566,445.0000,0.0000,0.0222,0.0000,0.0000,0.0000,0.0000,0.0004,0.0000,1.0000
29.1185,155.85,386.0000,0.0566,445.0000,0.0000,0.0222,0.0000,0.0000,0.0000,0.0000,0.0004,0.0000,1.0000
29.1385,155.85,386.0000,0.0566,445.0000,0.0000,0.0222,0.0000,0.0000,0.0000,0.0000,0.0004,0.0000,1.0000
29.1585,163.39,386.0000,0.0566,445.0000,0.0000,0.0222,0.0000,0.0000,0.0000,0.0000,0.0004,0.0000,1.0000
29.1785,163.39,386.0000,0.0566,445.0000,0.0000,0.0222,0.0000,0.0000,0.0000,0.0000,0.0004,0.0000,1.0000
29.1985,163.39,386.0000,0.0566,445.0000,0.0000,0.0222,0.0000,0.0000,0.0000,0.0000,0.0004,0.0000,1.0000
29.2185,163.39,386.0000,0.0566,445.0000,0.0000,0.0222,0.0000,0.0000,0.0000,0.0000,0.0004,0.0000,1.0000
29.2385,163.39,386.0000,0.0566,445.0000,0.0000,0.0222,0.0000,0.0000,0.0000,0.0000,0.0004,0.0000,1.0000
29.2585,163.39,386.0000,0.0566,445.0000,0.0000,0.0222,0.0000,0.0000,0.0000,0.0000,0.0004,0.0000,1.0000
29.2785,163.39,386.0000,0.0566,445.0000,0.0000,0.0222,0.0000,0.0000,0.0000,0.0000,0.0004,0.0000,1.0000
29.2985,163.39,386.0000,0.0566,445.0000,0.0000,0.0222,0.0000,0.0000,0.0000,0.0000,0.0004,0.0000,1.0000
29.3185,163.39,386.0000,0.0566,445.0000,0.0000,0.0222,0.0000,0.0000,0.0000,0.0000,0.0004,0.0000,1.0000
29.3385,163.39,386.0000,0.0566,445.0000,0.0000,0.0222,0.0000,0.0000,0.0000,0.0000,0.0004,0.0000,1.0000
29.3585,163.39,386.0000,0.0566,445.0000,0.0000,0.0222,0.0000,0.0000,0.0000,0.0000,0.0004,0.0000,1.0000
29.3785,163.39,386.0000,0.0566,445.0000,0.0000,0.0222,0.0000,0.0000,0.0000,0.0000,0.0004,0.0000,1.0000
29.3985,163.39,386.0000,0.0566,445.0000,0.0000,0.0222,0.0000,0.0000,0.0000,0.0000,0.0004,0.0000,1.0000
29.4185,163.39,386.0000,0.0566,445.0000,0.0000,0.0222,0.0000,0.0000,0.0000,0.0000,0.0004,0.0000,1.0000
29.4385,163.39,386.0000,0.0566,445.0000,0.0000,0.0222,0.0000,0.0000,0.0000,0.0000,0.0004,0.0000,1.0000
29.4585,163.39,386.0000,0.0566,445.0000,0.0000,0.0222,0.0000,0.0000,0.0000,0.0000,0.0004,0.0000,1.0000
29.4785,163.39,386.0000,0.0566,445.0000,0.0000,0.0222,0.0000,0.0000,0.0000,0.0000,0.0004,0.0000,1.0000
29.4985,163.39,386.0000,0.0566,445.0000,0.0000,0.0222,0.0000,0.0000,0.0000,0.0000,0.0004,0.0000,1.0000
29.5185,163.39,386.0000,0.0566,445.0000,0.0000,0.0222,0.0000,0.0000,0.0000,0.0000,0.0004,0.0000,1.0000
29.5385,163.39,386.0000,0.0566,445.0000,0.0000,0.0222,0.0000,0.0000,0.0000,0.0000,0.0004,0.0000,1.0000
29.5585,163.39,386.0000,0.0566,445.0000,0.0000,0.0222,0.0000,0.0000,0.0000,0.0000,0.0004,0.0000,1.0000
29.5785,163.39,386.0000,0.0566,445.0000,0.0000,0.0222,0.0000,0.0000,0.0000,0.0000,0.0004,0.0000,1.0000
29.5985,163.39,386.0000,0.0566,445.0000,0.0000,0.0222,0.0000,0.0000,0.0000,0.0000,0.0004,0.0000,1.0000
29.6185,163.39,386.0000,0.0566,445.0000,0.0000,0.0222,0.0000,0.0000,0.0000,0.0000,0.0004,0.0000,1.0000
29.6385,163.39,386.0000,0.0566,445.0000,0.0000,0.0222,0.0000,0.0000,0.0000,0.0000,0.0004,0.0000,1.0000
29.6585,163.39,386.0000,0.0566,445.0000,0.0000,0.0222,0.0000,0.0000,0.0000,0.0000,0.0004,0.0000,1.0000
29.6785,163.39,386.0000,0.0566,445.0000,0.0000,0.0222,0.0000,0.0000,0.0000,0.0000,0.0004,0.0000,1.0000
29.6985,163.39,386.0000,0.0566,445.0000,0.0000,0.0222,0.0000,0.0000,0.0000,0.0000,0.0004,0.0000,1.0000
29.7185,163.39,386.0000,0.0566,445.0000,0.0000,0.0222,0.0000,0.0000,0.0000,0.0000,0.0004,0.0000,1.0000
29.7385,163.39,386.0000,0.0566,445.0000,0.0000,0.0222,0.0000,0.0000,0.0000,0.0000,0.0004,0.0000,1.0000
29.7585,163.39,386.0000,0.0566,445.0000,0.0000,0.0222,0.0000,0.0000,0.0000,0.0000,0.0004,0.0000,1.0000
29.7785,163.39,386.0000,0.0566,445.0000,0.0000,0.0222,0.0000,0.0000,0.0000,0.0000,0.0004,0.0000,1.0000
29.7985,163.39,386.0000,0.0566,445.0000,0.0000,0.0222,0.0000,0.0000,0.0000,0.0000,0.0004,0.0000,1.0000
29.8185,163.39,386.0000,0.0566,445.0000,0.0000,0.0222,0.0000,0.0000,0.0000,0.0000,0.0004,0.0000,1.0000
29.8385,163.39,386.0000,0.0566,445.0000,0.0000,0.0222,0.0000,0.0000,0.0000,0.0000,0.0004,0.0000,1.0000
29.8585,163.39,386.0000,0.0566,445.0000,0.0000,0.0222,0.0000,0.0000,0.0000,0.0000,0.0004,0.0000,1.0000
29.8785,163.39,386.0000,0.0566,445.0000,0.0000,0.0222,0.0000,0.0000,0.0000,0.0000,0.0004,0.0000,1.0000
29.8985,163.39,386.0000,0.0566,445.0000,0.0000,0.0222,0.0000,0.0000,0.0000,0.0000,0.0004,0.0000,1.0000
29.9185,163.39,386.0000,0.0566,445.0000,0.0000,0.0222,0.0000,0.0000,0.0000,0.0000,0.0004,0.0000,1.0000
29.9385,163.39,386.0000,0.0566,445.0000,0.0000,0.0222,0.0000,0.0000,0.0000,0.0000,0.0004,0.0000,1.0000
29.9585,163.39,386.0000,0.0566,445.0000,0.0000,0.0222,0.0000,0.0000,0.0000,0.0000,0.0004,0.0000,1.0000
29.9785,163.39,386.0000,0.0566,445.0000,0.0000,0.0222,0.0000,0.0000,0.0000,0.0000,0.0004,0.0000,1.0000
29.9985,163.39,386.0000,0.0566,445.0000,0.0000,0.0222,0.0000,0.0000,0.0000,0.0000,0.0004,0.0000,1.0000
30.0185,163.39,386.0000,0.0566,445.0000,0.0000,0.0222,0.0000,0.0000,0.0000,0.0000,0.0004,0.0000,1.0000
30.0385,163.39,386.0000,0.0566,445.0000,0.0000,0.0222,0.0000,0.0000,0.0000,0.0000,0.0004,0.0000,1.0000
30.0585,163.39,386.0000,0.0566,445.0000,0.0000,0.0222,0.0000,0.0000,0.0000,0.0000,0.0004,0.0000,1.0000
30.0785,163.39,386.0000,0.0566,445.0000,0.0000,0.0222,0.0000,0.0000,0.0000,0.0000,0.0004,0.0000,1.0000
30.0985,163.39,386.0000,0.0566,445.0000,0.0000,0.0222,0.0000,0.0000,0.0000,0.0000,0.0004,0.0000,1.0000
30.1185,163.39,386.0000,0.0566,445.0000,0.0000,0.0222,0.0000,0.0000,0.0000,0.0000,0.0004,0.0000,1.0000
30.1385,163.39,386.0000,0.0566,445.0000,0.0000,0.0222,0.0000,0.0000,0.0000,0.0000,0.0004,0.0000,1.0000
30.1585,163.39,386.0000,0.0566,445.0000,0.0000,0.0222,0.0000,0.0000,0.0000,0.0000,0.0004,0.0000,1.0000
30.1785,148.67,386.0000,0.0566,445.0000,0.0000,0.0222,0.0000,0.0000,0.0000,0.0000,0.0004,0.0000,1.0000
30.1985,148.67,386.0000,0.0566,445.0000,0.0000,0.0222,0.0000,0.0000,0.0000,0.0000,0.0004,0.0000,1.0000
30.2185,148.67,386.0000,0.0566,445.0000,0.0000,0.0222,0.0000,0.0000,0.0000,0.0000,0.0004,0.0000,1.0000
30.2385,148.67,386.0000,0.0566,445.0000,0.0000,0.0222,0.0000,0.0000,0.0000,0.0000,0.0004,0.0000,1.0000
30.2585,148.67,386.0000,0.0566,445.0000,0.0000,0.0222,0.0000,0.0000,0.0000,0.0000,0.0004,0.0000,1.0000
30.2785,148.67,386.0000,0.0566,445.0000,0.0000,0.0222,0.0000,0.0000,0.0000,0.0000,0.0004,0.0000,1.0000
30.2985,148.67,386.0000,0.0566,445.0000,0.0000,0.0222,0.0000,0.0000,0.0000,0.0000,0.0004,0.0000,1.0000
30.3185,148.67,386.0000,0.0566,445.0000,0.0000,0.0222,0.0000,0.0000,0.0000,0.0000,0.0004,0.0000,1.0000
30.3385,148.67,386.0000,0.0566,445.0000,0.0000,0.0222,0.0000,0.0000,0.0000,0.0000,0.0004,0.0000,1.0000
30.3585,148.67,386.0000,0.0566,445.0000,0.0000,0.0222,0.0000,0.0000,0.0000,0.0000,0.0004,0.0000,1.0000
30.3785,148.67,386.0000,0.0566,445.0000,0.0000,0.0222,0.0000,0.0000,0.0000,0.0000,0.0004,0.0000,1.0000
30.3985,148.67,386.0000,0.0566,445.0000,0.0000,0.0222,0.0000,0.0000,0.0000,0.0000,0.0004,0.0000,1.0000
30.4185,148.67,386.0000,0.0566,445.0000,0.0000,0.0222,0.0000,0.0000,0.0000,0.0000,0.0004,0.0000,1.0000
30.4385,148.67,386.0000,0.0566,445.0000,0.0000,0.0222,0.0000,0.0000,0.0000,0.0000,0.0004,0.0000,1.0000
30.4585,148.67,386.0000,0.0566,445.0000,0.0000,0.0222,0.0000,0.0000,0.0000,0.0000,0.0004,0.0000,1.0000
30.4785,148.67,386.0000,0.0566,445.0000,0.0000,0.0222,0.0000,0.0000,0.0000,0.0000,0.0004,0.0000,1.0000
30.4985,148.67,386.0000,0.0566,445.0000,0.0000,0.0222,0.0000,0.0000,0.0000,0.0000,0.0004,0.0000,1.0000
30.5185,148.67,386.0000,0.0566,445.0000,0.0000,0.0222,0.0000,0.0000,0.0000,0.0000,0.0004,0.0000,1.0000
30.5385,148.67,386.0000,0.0566,445.0000,0.0000,0.0222,0.0000,0.0000,0.0000,0.0000,0.0004,0.0000,1.0000
30.5585,148.67,386.0000,0.0566,445.0000,0.0000,0.0222,0.0000,0.0000,0.0000,0.0000,0.0004,0.0000,1.0000
30.5785,148.67,386.0000,0.0566,445.0000,0.0000,0.0222,0.0000,0.0000,0.0000,0.0000,0.0004,0.0000,1.0000
30.5985,148.67,386.0000,0.0566,445.0000,0.0000,0.0222,0.0000,0.0000,0.0000,0.0000,0.0004,0.0000,1.0000
30.6185,148.67,386.0000,0.0566,445.0000,0.0000,0.0222,0.0000,0.0000,0.0000,0.0000,0.0004,0.0000,1.0000
30.6385,148.67,386.0000,0.0566,445.0000,0.0000,0.0222,0.0000,0.0000,0.0000,0.0000,0.0004,0.0000,1.0000
30.6585,148.67,386.0000,0.0566,445.0000,0.0000,0.0222,0.0000,0.0000,0.0000,0.0000,0.0004,0.0000,1.0000
30.6785,148.67,386.0000,0.0566,445.0000,0.0000,0.0222,0.0000,0.0000,0.0000,0.0000,0.0004,0.0000,1.0000
30.6985,148.67,386.0000,0.0566,445.0000,0.0000,0.0222,0.0000,0.0000,0.0000,0.0000,0.0004,0.0000,1.0000
30.7185,148.67,386.0000,0.0566,445.0000,0.0000,0.0222,0.0000,0.0000,0.0000,0.0000,0.0004,0.0000,1.0000
30.7385,148.67,386.0000,0.0566,445.0000,0.0000,0.0222,0.0000,0.0000,0.0000,0.0000,0.0004,0.0000,1.0000
30.7585,148.67,386.0000,0.0566,445.0000,0.0000,0.0222,0.0000,0.0000,0.0000,0.0000,0.0004,0.0000,1.0000
30.7785,148.67,386.0000,0.0566,445.0000,0.0000,0.0222,0.0000,0.0000,0.0000,0.0000,0.0004,0.0000,1.0000
30.7985,148.67,386.0000,0.0566,445.0000,0.0000,0.0222,0.0000,0.0000,0.0000,0.0000,0.0004,0.0000,1.0000
30.8185,148.67,386.0000,0.0566,445.0000,0.0000,0.0222,0.0000,0.0000,0.0000,0.0000,0.0004,0.0000,1.0000
30.8385,148.67,386.0000,0.0566,445.0000,0.0000,0.0222,0.0000,0.0000,0.0000,0.0000,0.0004,0.0000,1.0000
30.8585,148.67,386.0000,0.0566,445.0000,0.0000,0.0222,0.0000,0.0000,0.0000,0.0000,0.0004,0.0000,1.0000
30.8785,148.67,386.0000,0.0566,445.0000,0.0000,0.0222,0.0000,0.0000,0.0000,0.0000,0.0004,0.0000,1.0000
30.8985,148.67,386.0000,0.0566,445.0000,0.0000,0.0222,0.0000,0.0000,0.0000,0.0000,0.0004,0.0000,1.0000
30.9185,148.67,386.0000,0.0566,445.0000,0.0000,0.0222,0.0000,0.0000,0.0000,0.0000,0.0004,0.0000,1.0000
30.9385,148.67,386.0000,0.0566,445.0000,0.0000,0.0222,0.0000,0.0000,0.0000,0.0000,0.0004,0.0000,1.0000
30.9585,148.67,386.0000,0.0566,445.0000,0.0000,0.0222,0.0000,0.0000,0.0000,0.0000,0.0004,0.0000,1.0000
30.9785,148.67,386.0000,0.0566,445.0000,0.0000,0.0222,0.0000,0.0000,0.0000,0.0000,0.0004,0.0000,1.0000
30.9985,148.67,386.0000,0.0566,445.0000,0.0000,0.0222,0.0000,0.0000,0.0000,0.0000,0.0004,0.0000,1.0000
31.0185,148.67,386.0000,0.0566,445.0000,0.0000,0.0222,0.0000,0.0000,0.0000,0.0000,0.0004,0.0000,1.0000
31.0385,148.67,386.0000,0.0566,445.0000,0.0000,0.0222,0.0000,0.0000,0.0000,0.0000,0.0004,0.0000,1.0000
31.0585,148.67,386.0000,0.0566,445.0000,0.0000,0.0222,0.0000,0.0000,0.0000,0.0000,0.0004,0.0000,1.0000
31.0785,148.67,386.0000,0.0566,445.0000,0.0000,0.0222,0.0000,0.0000,0.0000,0.0000,0.0004,0.0000,1.0000
31.0985,148.67,386.0000,0.0566,445.0000,0.0000,0.0222,0.0000,0.0000,0.0000,0.0000,0.0004,0.0000,1.0000
31.1185,148.67,386.0000,0.0566,445.0000,0.0000,0.0222,0.0000,0.0000,0.0000,0.0000,0.0004,0.0000,1.0000
31.1385,148.67,386.0000,0.0566,445.0000,0.0000,0.0222,0.0000,0.0000,0.0000,0.0000,0.0004,0.0000,1.0000
31.1585,148.67,386.0000,0.0566,445.0000,0.0000,0.0222,0.0000,0.0000,0.0000,0.0000,0.0004,0.0000,1.0000
31.1785,145.16,386.0000,0.0566,445.0000,0.0000,0.0222,0.0000,0.0000,0.0000,0.0000,0.0004,0.0000,1.0000
31.1985,145.16,386.0000,0.0566,445.0000,0.0000,0.0222,0.0000,0.0000,0.0000,0.0000,0.0004,0.0000,1.0000
31.2185,145.16,386.0000,0.0566,445.0000,0.0000,0.0222,0.0000,0.0000,0.0000,0.0000,0.0004,0.0000,1.0000
31.2385,145.16,386.0000,0.0566,445.0000,0.0000,0.0222,0.0000,0.0000,0.0000,0.0000,0.0004,0.0000,1.0000
31.2585,145.16,386.0000,0.0566,445.0000,0.0000,0.0222,0.0000,0.0000,0.0000,0.0000,0.0004,0.0000,1.0000
31.2785,145.16,386.0000,0.0566,445.0000,0.0000,0.0222,0.0000,0.0000,0.0000,0.0000,0.0004,0.0000,1.0000
31.2985,145.16,386.0000,0.0566,445.0000,0.0000,0.0222,0.0000,0.0000,0.0000,0.0000,0.0004,0.0000,1.0000
31.3185,145.16,386.0000,0.0566,445.0000,0.0000,0.0222,0.0000,0.0000,0.0000,0.0000,0.0004,0.0000,1.0000
31.3385,145.16,386.0000,0.0566,445.0000,0.0000,0.0222,0.0000,0.0000,0.0000,0.0000,0.0004,0.0000,1.0000
31.3585,145.16,386.0000,0.0566,445.0000,0.0000,0.0222,0.0000,0.0000,0.0000,0.0000,0.0004,0.0000,1.0000
31.3785,145.16,386.0000,0.0566,445.0000,0.0000,0.0222,0.0000,0.0000,0.0000,0.0000,0.0004,0.0000,1.0000
31.3985,145.16,386.0000,0.0566,445.0000,0.0000,0.0222,0.0000,0.0000,0.0000,0.0000,0.0004,0.0000,1.0000
31.4185,145.16,386.0000,0.0566,445.0000,0.0000,0.0222,0.0000,0.0000,0.0000,0.0000,0.0004,0.0000,1.0000
31.4385,145.16,386.0000,0.0566,445.0000,0.0000,0.0222,0.0000,0.0000,0.0000,0.0000,0.0004,0.0000,1.0000
31.4585,145.16,386.0000,0.0566,445.0000,0.0000,0.0222,0.0000,0.0000,0.0000,0.0000,0.0004,0.0000,1.0000
31.4785,145.16,386.0000,0.0566,445.0000,0.0000,0.0222,0.0000,0.0000,0.0000,0.0000,0.0004,0.0000,1.0000
31.4985,145.16,386.0000,0.0566,445.0000,0.0000,0.0222,0.0000,0.0000,0.0000,0.0000,0.0004,0.0000,1.0000
31.5185,145.16,386.0000,0.0566,445.0000,0.0000,0.0222,0.0000,0.0000,0.0000,0.0000,0.0004,0.0000,1.0000
31.5385,145.16,386.0000,0.0566,445.0000,0.0000,0.0222,0.0000,0.0000,0.0000,0.0000,0.0004,0.0000,1.0000
31.5585,145.16,386.0000,0.0566,445.0000,0.0000,0.0222,0.0000,0.0000,0.0000,0.0000,0.0004,0.0000,1.0000
31.5785,145.16,386.0000,0.0566,445.0000,0.0000,0.0222,0.0000,0.0000,0.0000,0.0000,0.0004,0.0000,1.0000
31.5985,145.16,386.0000,0.0566,445.0000,0.0000,0.0222,0.0000,0.0000,0.0000,0.0000,0.0004,0.0000,1.0000
31.6185,145.16,386.0000,0.0566,445.0000,0.0000,0.0222,0.0000,0.0000,0.0000,0.0000,0.0004,0.0000,1.0000
31.6385,145.16,386.0000,0.0566,445.0000,0.0000,0.0222,0.0000,0.0000,0.0000,0.0000,0.0004,0.0000,1.0000
31.6585,145.16,386.0000,0.0566,445.0000,0.0000,0.0222,0.0000,0.0000,0.0000,0.0000,0.0004,0.0000,1.0000
31.6785,145.16,386.0000,0.0566,445.0000,0.0000,0.0222,0.0000,0.0000,0.0000,0.0000,0.0004,0.0000,1.0000
31.6985,145.16,386.0000,0.0566,445.0000,0.0000,0.0222,0.0000,0.0000,0.0000,0.0000,0.0004,0.0000,1.0000
31.7185,145.16,386.0000,0.0566,445.0000,0.0000,0.0222,0.0000,0.0000,0.0000,0.0000,0.0004,0.0000,1.0000
31.7385,145.16,386.0000,0.0566,445.0000,0.0000,0.0222,0.0000,0.0000,0.0000,0.0000,0.0004,0.0000,1.0000
31.7585,145.16,386.0000,0.0566,445.0000,0.0000,0.0222,0.0000,0.0000,0.0000,0.0000,0.0004,0.0000,1.0000
31.7785,145.16,386.0000,0.0566,445.0000,0.0000,0.0222,0.0000,0.0000,0.0000,0.0000,0.0004,0.0000,1.0000
31.7985,145.16,386.0000,0.0566,445.0000,0.0000,0.0222,0.0000,0.0000,0.0000,0.0000,0.0004,0.0000,1.0000
31.8185,145.16,386.0000,0.0566,445.0000,0.0000,0.0222,0.0000,0.0000,0.0000,0.0000,0.0004,0.0000,1.0000
31.8385,145.16,386.0000,0.0566,445.0000,0.0000,0.0222,0.0000,0.0000,0.0000,0.0000,0.0004,0.0000,1.0000
31.8585,145.16,386.0000,0.0566,445.0000,0.0000,0.0222,0.0000,0.0000,0.0000,0.0000,0.0004,0.0000,1.0000
31.8785,145.16,386.0000,0.0566,445.0000,0.0000,0.0222,0.0000,0.0000,0.0000,0.0000,0.0004,0.0000,1.0000
31.8985,145.16,386.0000,0.0566,445.0000,0.0000,0.0222,0.0000,0.0000,0.0000,0.0000,0.0004,0.0000,1.0000
31.9185,145.16,386.0000,0.0566,445.0000,0.0000,0.0222,0.0000,0.0000,0.0000,0.0000,0.0004,0.0000,1.0000
31.9385,145.16,386.0000,0.0566,445.0000,0.0000,0.0222,0.0000,0.0000,0.0000,0.0000,0.0004,0.0000,1.0000
31.9585,145.16,386.0000,0.0566,445.0000,0.0000,0.0222,0.0000,0.0000,0.0000,0.0000,0.0004,0.0000,1.0000
31.9785,145.16,386.0000,0.0566,445.0000,0.0000,0.0222,0.0000,0.0000,0.0000,0.0000,0.0004,0.0000,1.0000
31.9985,145.16,386.0000,0.0566,445.0000,0.0000,0.0222,0.0000,0.0000,0.0000,0.0000,0.0004,0.0000,1.0000
32.0185,145.16,386.0000,0.0566,445.0000,0.0000,0.0222,0.0000,0.0000,0.0000,0.0000,0.0004,0.0000,1.0000
32.0385,145.16,386.0000,0.0566,445.0000,0.0000,0.0222,0.0000,0.0000,0.0000,0.0000,0.0004,0.0000,1.0000
32.0585,145.16,386.0000,0.0566,445.0000,0.0000,0.0222,0.0000,0.0000,0.0000,0.0000,0.0004,0.0000,1.0000
32.0785,145.16,386.0000,0.0566,445.0000,0.0000,0.0222,0.0000,0.0000,0.0000,0.0000,0.0004,0.0000,1.0000
32.0985,145.16,386.0000,0.0566,445.0000,0.0000,0.0222,0.0000,0.0000,0.0000,0.0000,0.0004,0.0000,1.0000
32.1185,145.16,386.0000,0.0566,445.0000,0.0000,0.0222,0.0000,0.0000,0.0000,0.0000,0.0004,0.0000,1.0000
32.1385,145.16,386.0000,0.0566,445.0000,0.0000,0.0222,0.0000,0.0000,0.0000,0.0000,0.0004,0.0000,1.0000
32.1585,145.16,386.0000,0.0566,445.0000,0.0000,0.0222,0.0000,0.0000,0.0000,0.0000,0.0004,0.0000,1.0000
32.1785,139.16,386.0000,0.0566,445.0000,0.0000,0.0222,0.0000,0.0000,0.0000,0.0000,0.0004,0.0000,1.0000
32.1985,139.16,386.0000,0.0566,445.0000,0.0000,0.0222,0.0000,0.0000,0.0000,0.0000,0.0004,0.0000,1.0000
32.2185,139.16,386.0000,0.0566,445.0000,0.0000,0.0222,0.0000,0.0000,0.0000,0.0000,0.0004,0.0000,1.0000
32.2385,139.16,386.0000,0.0566,445.0000,0.0000,0.0222,0.0000,0.0000,0.0000,0.0000,0.0004,0.0000,1.0000
32.2585,139.16,386.0000,0.0566,445.0000,0.0000,0.0222,0.0000,0.0000,0.0000,0.0000,0.0004,0.0000,1.0000
32.2785,139.16,386.0000,0.0566,445.0000,0.0000,0.0222,0.0000,0.0000,0.0000,0.0000,0.0004,0.0000,1.0000
32.2985,139.16,386.0000,0.0566,445.0000,0.0000,0.0222,0.0000,0.0000,0.0000,0.0000,0.0004,0.0000,1.0000
32.3185,139.16,386.0000,0.0566,445.0000,0.0000,0.0222,0.0000,0.0000,0.0000,0.0000,0.0004,0.0000,1.0000
32.3385,139.16,386.0000,0.0566,445.0000,0.0000,0.0222,0.0000,0.0000,0.0000,0.0000,0.0004,0.0000,1.0000
32.3585,139.16,386.0000,0.0566,445.0000,0.0000,0.0222,0.0000,0.0000,0.0000,0.0000,0.0004,0.0000,1.0000
32.3785,139.16,386.0000,0.0566,445.0000,0.0000,0.0222,0.0000,0.0000,0.0000,0.0000,0.0004,0.0000,1.0000
32.3985,139.16,386.0000,0.0566,445.0000,0.0000,0.0222,0.0000,0.0000,0.0000,0.0000,0.0004,0.0000,1.0000
32.4185,139.16,386.0000,0.0566,445.0000,0.0000,0.0222,0.0000,0.0000,0.0000,0.0000,0.0004,0.0000,1.0000
32.4385,139.16,386.0000,0.0566,445.0000,0.0000,0.0222,0.0000,0.0000,0.0000,0.0000,0.0004,0.0000,1.0000
32.4585,139.16,386.0000,0.0566,445.0000,0.0000,0.0222,0.0000,0.0000,0.0000,0.0000,0.0004,0.0000,1.0000
32.4785,139.16,386.0000,0.0566,445.0000,0.0000,0.0222,0.0000,0.0000,0.0000,0.0000,0.0004,0.0000,1.0000
32.4985,139.16,386.0000,0.0566,445.0000,0.0000,0.0222,0.0000,0.0000,0.0000,0.0000,0.0004,0.0000,1.0000
32.5185,139.16,386.0000,0.0566,445.0000,0.0000,0.0222,0.0000,0.0000,0.0000,0.0000,0.0004,0.0000,1.0000
32.5385,139.16,386.0000,0.0566,445.0000,0.0000,0.0222,0.0000,0.0000,0.0000,0.0000,0.0004,0.0000,1.0000
32.5585,139.16,386.0000,0.0566,445.0000,0.0000,0.0222,0.0000,0.0000,0.0000,0.0000,0.0004,0.0000,1.0000
32.5785,139.16,386.0000,0.0566,445.0000,0.0000,0.0222,0.0000,0.0000,0.0000,0.0000,0.0004,0.0000,1.0000
32.5985,139.16,386.0000,0.0566,445.0000,0.0000,0.0222,0.0000,0.0000,0.0000,0.0000,0.0004,0.0000,1.0000
32.6185,139.16,386.0000,0.0566,445.0000,0.0000,0.0222,0.0000,0.0000,0.0000,0.0000,0.0004,0.0000,1.0000
32.6385,139.16,386.0000,0.0566,445.0000,0.0000,0.0222,0.0000,0.0000,0.0000,0.0000,0.0004,0.0000,1.0000
32.6585,139.16,386.0000,0.0566,445.0000,0.0000,0.0222,0.0000,0.0000,0.0000,0.0000,0.0004,0.0000,1.0000
32.6785,139.16,386.0000,0.0566,445.0000,0.0000,0.0222,0.0000,0.0000,0.0000,0.0000,0.0004,0.0000,1.0000
32.6985,139.16,386.0000,0.0566,445.0000,0.0000,0.0222,0.0000,0.0000,0.0000,0.0000,0.0004,0.0000,1.0000
32.7185,139.16,386.0000,0.0566,445.0000,0.0000,0.0222,0.0000,0.0000,0.0000,0.0000,0.0004,0.0000,1.0000
32.7385,139.16,386.0000,0.0566,445.0000,0.0000,0.0222,0.0000,0.0000,0.0000,0.0000,0.0004,0.0000,1.0000
32.7585,139.16,386.0000,0.0566,445.0000,0.0000,0.0222,0.0000,0.0000,0.0000,0.0000,0.0004,0.0000,1.0000
32.7785,139.16,386.0000,0.0566,445.0000,0.0000,0.0222,0.0000,0.0000,0.0000,0.0000,0.0004,0.0000,1.0000
32.7985,139.16,386.0000,0.0566,445.0000,0.0000,0.0222,0.0000,0.0000,0.0000,0.0000,0.0004,0.0000,1.0000
32.8185,139.16,386.0000,0.0566,445.0000,0.0000,0.0222,0.0000,0.0000,0.0000,0.0000,0.0004,0.0000,1.0000
32.8385,139.16,386.0000,0.0566,445.0000,0.0000,0.0222,0.0000,0.0000,0.0000,0.0000,0.0004,0.0000,1.0000
32.8585,139.16,386.0000,0.0566,445.0000,0.0000,0.0222,0.0000,0.0000,0.0000,0.0000,0.0004,0.0000,1.0000
32.8785,139.16,386.0000,0.0566,445.0000,0.0000,0.0222,0.0000,0.0000,0.0000,0.0000,0.0004,0.0000,1.0000
32.8985,139.16,386.0000,0.0566,445.0000,0.0000,0.0222,0.0000,0.0000,0.0000,0.0000,0.0004,0.0000,1.0000
32.9185,139.16,386.0000,0.0566,445.0000,0.0000,0.0222,0.0000,0.0000,0.0000,0.0000,0.0004,0.0000,1.0000
32.9385,139.16,386.0000,0.0566,445.0000,0.0000,0.0222,0.0000,0.0000,0.0000,0.0000,0.0004,0.0000,1.0000
32.9585,139.16,386.0000,0.0566,445.0000,0.0000,0.0222,0.0000,0.0000,0.0000,0.0000,0.0004,0.0000,1.0000
32.9785,139.16,386.0000,0.0566,445.0000,0.0000,0.0222,0.0000,0.0000,0.0000,0.0000,0.0004,0.0000,1.0000
32.9985,139.16,386.0000,0.0566,445.0000,0.0000,0.0222,0.0000,0.0000,0.0000,0.0000,0.0004,0.0000,1.0000
33.0185,139.16,386.0000,0.0566,445.0000,0.0000,0.0222,0.0000,0.0000,0.0000,0.0000,0.0004,0.0000,1.0000
33.0385,139.16,386.0000,0.0566,445.0000,0.0000,0.0222,0.0000,0.0000,0.0000,0.0000,0.0004,0.0000,1.0000
33.0585,139.16,386.0000,0.0566,445.0000,0.0000,0.0222,0.0000,0.0000,0.0000,0.0000,0.0004,0.0000,1.0000
33.0785,139.16,386.0000,0.0566,445.0000,0.0000,0.0222,0.0000,0.0000,0.0000,0.0000,0.0004,0.0000,1.0000
33.0985,139.16,386.0000,0.0566,445.0000,0.0000,0.0222,0.0000,0.0000,0.0000,0.0000,0.0004,0.0000,1.0000
33.1185,139.16,386.0000,0.0566,445.0000,0.0000,0.0222,0.0000,0.0000,0.0000,0.0000,0.0004,0.0000,1.0000
33.1385,139.16,386.0000,0.0566,445.0000,0.0000,0.0222,0.0000,0.0000,0.0000,0.0000,0.0004,0.0000,1.0000
33.1585,139.16,386.0000,0.0566,445.0000,0.0000,0.0222,0.0000,0.0000,0.0000,0.0000,0.0004,0.0000,1.0000
33.1785,139.16,386.0000,0.0566,445.0000,0.0000,0.0222,0.0000,0.0000,0.0000,0.0000,0.0004,0.0000,1.0000
33.1985,144.46,386.0000,0.0566,445.0000,0.0000,0.0222,0.0000,0.0000,0.0000,0.0000,0.0004,0.0000,1.0000
33.2185,144.46,386.0000,0.0566,445.0000,0.0000,0.0222,0.0000,0.0000,0.0000,0.0000,0.0004,0.0000,1.0000
33.2385,144.46,386.0000,0.0566,445.0000,0.0000,0.0222,0.0000,0.0000,0.0000,0.0000,0.0004,0.0000,1.0000
33.2585,144.46,386.0000,0.0566,445.0000,0.0000,0.0222,0.0000,0.0000,0.0000,0.0000,0.0004,0.0000,1.0000
33.2785,144.46,386.0000,0.0566,445.0000,0.0000,0.0222,0.0000,0.0000,0.0000,0.0000,0.0004,0.0000,1.0000
33.2985,144.46,386.0000,0.0566,445.0000,0.0000,0.0222,0.0000,0.0000,0.0000,0.0000,0.0004,0.0000,1.0000
33.3185,144.46,386.0000,0.0566,445.0000,0.0000,0.0222,0.0000,0.0000,0.0000,0.0000,0.0004,0.0000,1.0000
33.3385,144.46,386.0000,0.0566,445.0000,0.0000,0.0222,0.0000,0.0000,0.0000,0.0000,0.0004,0.0000,1.0000
33.3585,144.46,386.0000,0.0566,445.0000,0.0000,0.0222,0.0000,0.0000,0.0000,0.0000,0.0004,0.0000,1.0000
33.3785,144.46,386.0000,0.0566,445.0000,0.0000,0.0222,0.0000,0.0000,0.0000,0.0000,0.0004,0.0000,1.0000
33.3985,144.46,386.0000,0.0566,445.0000,0.0000,0.0222,0.0000,0.0000,0.0000,0.0000,0.0004,0.0000,1.0000
33.4185,144.46,386.0000,0.0566,445.0000,0.0000,0.0222,0.0000,0.0000,0.0000,0.0000,0.0004,0.0000,1.0000
33.4385,144.46,386.0000,0.0566,445.0000,0.0000,0.0222,0.0000,0.0000,0.0000,0.0000,0.0004,0.0000,1.0000
33.4585,144.46,386.0000,0.0566,445.0000,0.0000,0.0222,0.0000,0.0000,0.0000,0.0000,0.0004,0.0000,1.0000
33.4785,144.46,386.0000,0.0566,445.0000,0.0000,0.0222,0.0000,0.0000,0.0000,0.0000,0.0004,0.0000,1.0000
33.4985,144.46,386.0000,0.0566,445.0000,0.0000,0.0222,0.0000,0.0000,0.0000,0.0000,0.0004,0.0000,1.0000
33.5185,144.46,386.0000,0.0566,445.0000,0.0000,0.0222,0.0000,0.0000,0.0000,0.0000,0.0004,0.0000,1.0000
33.5385,144.46,386.0000,0.0566,445.0000,0.0000,0.0222,0.0000,0.0000,0.0000,0.0000,0.0004,0.0000,1.0000
33.5585,144.46,386.0000,0.0566,445.0000,0.0000,0.0222,0.0000,0.0000,0.0000,0.0000,0.0004,0.0000,1.0000
33.5785,144.46,386.0000,0.0566,445.0000,0.0000,0.0222,0.0000,0.0000,0.0000,0.0000,0.0004,0.0000,1.0000
33.5985,144.46,386.0000,0.0566,445.0000,0.0000,0.0222,0.0000,0.0000,0.0000,0.0000,0.0004,0.0000,1.0000
33.6185,144.46,386.0000,0.0566,445.0000,0.0000,0.0222,0.0000,0.0000,0.0000,0.0000,0.0004,0.0000,1.0000
33.6385,144.46,386.0000,0.0566,445.0000,0.0000,0.0222,0.0000,0.0000,0.0000,0.0000,0.0004,0.0000,1.0000
33.6585,144.46,386.0000,0.0566,445.0000,0.0000,0.0222,0.0000,0.0000,0.0000,0.0000,0.0004,0.0000,1.0000
33.6785,144.46,386.0000,0.0566,445.0000,0.0000,0.0222,0.0000,0.0000,0.0000,0.0000,0.0004,0.0000,1.0000
33.6985,144.46,386.0000,0.0566,445.0000,0.0000,0.0222,0.0000,0.0000,0.0000,0.0000,0.0004,0.0000,1.0000
33.7185,144.46,386.0000,0.0566,445.0000,0.0000,0.0222,0.0000,0.0000,0.0000,0.0000,0.0004,0.0000,1.0000
33.7385,144.46,386.0000,0.0566,445.0000,0.0000,0.0222,0.0000,0.0000,0.0000,0.0000,0.0004,0.0000,1.0000
33.7585,144.46,386.0000,0.0566,445.0000,0.0000,0.0222,0.0000,0.0000,0.0000,0.0000,0.0004,0.0000,1.0000
33.7785,144.46,386.0000,0.0566,445.0000,0.0000,0.0222,0.0000,0.0000,0.0000,0.0000,0.0004,0.0000,1.0000
33.7985,144.46,386.0000,0.0566,445.0000,0.0000,0.0222,0.0000,0.0000,0.0000,0.0000,0.0004,0.0000,1.0000
33.8185,144.46,386.0000,0.0566,445.0000,0.0000,0.0222,0.0000,0.0000,0.0000,0.0000,0.0004,0.0000,1.0000
33.8385,144.46,386.0000,0.0566,445.0000,0.0000,0.0222,0.0000,0.0000,0.0000,0.0000,0.0004,0.0000,1.0000
33.8585,144.46,386.0000,0.0566,445.0000,0.0000,0.0222,0.0000,0.0000,0.0000,0.0000,0.0004,0.0000,1.0000
33.8785,144.46,386.0000,0.0566,445.0000,0.0000,0.0222,0.0000,0.0000,0.0000,0.0000,0.0004,0.0000,1.0000
33.8985,144.46,386.0000,0.0566,445.0000,0.0000,0.0222,0.0000,0.0000,0.0000,0.0000,0.0004,0.0000,1.0000
33.9185,144.46,386.0000,0.0566,445.0000,0.0000,0.0222,0.0000,0.0000,0.0000,0.0000,0.0004,0.0000,1.0000
33.9385,144.46,386.0000,0.0566,445.0000,0.0000,0.0222,0.0000,0.0000,0.0000,0.0000,0.0004,0.0000,1.0000
33.9585,144.46,386.0000,0.0566,445.0000,0.0000,0.0222,0.0000,0.0000,0.0000,0.0000,0.0004,0.0000,1.0000
33.9785,144.46,386.0000,0.0566,445.0000,0.0000,0.0222,0.0000,0.0000,0.0000,0.0000,0.0004,0.0000,1.0000
33.9985,144.46,386.0000,0.0566,445.0000,0.0000,0.0222,0.0000,0.0000,0.0000,0.0000,0.0004,0.0000,1.0000
34.0185,144.46,386.0000,0.0566,445.0000,0.0000,0.0222,0.0000,0.0000,0.0000,0.0000,0.0004,0.0000,1.0000
34.0385,144.46,386.0000,0.0566,445.0000,0.0000,0.0222,0.0000,0.0000,0.0000,0.0000,0.0004,0.0000,1.0000
34.0585,144.46,386.0000,0.0566,445.0000,0.0000,0.0222,0.0000,0.0000,0.0000,0.0000,0.0004,0.0000,1.0000
34.0785,144.46,386.0000,0.0566,445.0000,0.0000,0.0222,0.0000,0.0000,0.0000,0.0000,0.0004,0.0000,1.0000
34.0985,144.46,386.0000,0.0566,445.0000,0.0000,0.0222,0.0000,0.0000,0.0000,0.0000,0.0004,0.0000,1.0000
34.1185,144.46,386.0000,0.0566,445.0000,0.0000,0.0222,0.0000,0.0000,0.0000,0.0000,0.0004,0.0000,1.0000
34.1385,144.46,386.0000,0.0566,445.0000,0.0000,0.0222,0.0000,0.0000,0.0000,0.0000,0.0004,0.0000,1.0000
34.1585,144.46,386.0000,0.0566,445.0000,0.0000,0.0222,0.0000,0.0000,0.0000,0.0000,0.0004,0.0000,1.0000
34.1785,144.46,386.0000,0.0566,445.0000,0.0000,0.0222,0.0000,0.0000,0.0000,0.0000,0.0004,0.0000,1.0000
34.1985,157.85,386.0000,0.0566,445.0000,0.0000,0.0222,0.0000,0.0000,0.0000,0.0000,0.0004,0.0000,1.0000
34.2185,157.85,386.0000,0.0566,445.0000,0.0000,0.0222,0.0000,0.0000,0.0000,0.0000,0.0004,0.0000,1.0000
34.2385,157.85,386.0000,0.0566,445.0000,0.0000,0.0222,0.0000,0.0000,0.0000,0.0000,0.0004,0.0000,1.0000
34.2585,157.85,386.0000,0.0566,445.0000,0.0000,0.0222,0.0000,0.0000,0.0000,0.0000,0.0004,0.0000,1.0000
34.2785,157.85,386.0000,0.0566,445.0000,0.0000,0.0222,0.0000,0.0000,0.0000,0.0000,0.0004,0.0000,1.0000
34.2985,157.85,386.0000,0.0566,445.0000,0.0000,0.0222,0.0000,0.0000,0.0000,0.0000,0.0004,0.0000,1.0000
34.3185,157.85,386.0000,0.0566,445.0000,0.0000,0.0222,0.0000,0.0000,0.0000,0.0000,0.0004,0.0000,1.0000
34.3385,157.85,386.0000,0.0566,445.0000,0.0000,0.0222,0.0000,0.0000,0.0000,0.0000,0.0004,0.0000,1.0000
34.3585,157.85,386.0000,0.0566,445.0000,0.0000,0.0222,0.0000,0.0000,0.0000,0.0000,0.0004,0.0000,1.0000
34.3785,157.85,386.0000,0.0566,445.0000,0.0000,0.0222,0.0000,0.0000,0.0000,0.0000,0.0004,0.0000,1.0000
34.3985,157.85,386.0000,0.0566,445.0000,0.0000,0.0222,0.0000,0.0000,0.0000,0.0000,0.0004,0.0000,1.0000
34.4185,157.85,386.0000,0.0566,445.0000,0.0000,0.0222,0.0000,0.0000,0.0000,0.0000,0.0004,0.0000,1.0000
34.4385,157.85,386.0000,0.0566,445.0000,0.0000,0.0222,0.0000,0.0000,0.0000,0.0000,0.0004,0.0000,1.0000
34.4585,157.85,386.0000,0.0566,445.0000,0.0000,0.0222,0.0000,0.0000,0.0000,0.0000,0.0004,0.0000,1.0000
34.4785,157.85,386.0000,0.0566,445.0000,0.0000,0.0222,0.0000,0.0000,0.0000,0.0000,0.0004,0.0000,1.0000
34.4985,157.85,386.0000,0.0566,445.0000,0.0000,0.0222,0.0000,0.0000,0.0000,0.0000,0.0004,0.0000,1.0000
34.5185,157.85,386.0000,0.0566,445.0000,0.0000,0.0222,0.0000,0.0000,0.0000,0.0000,0.0004,0.0000,1.0000
34.5385,157.85,386.0000,0.0566,445.0000,0.0000,0.0222,0.0000,0.0000,0.0000,0.0000,0.0004,0.0000,1.0000
34.5585,157.85,386.0000,0.0566,445.0000,0.0000,0.0222,0.0000,0.0000,0.0000,0.0000,0.0004,0.0000,1.0000
34.5785,157.85,386.0000,0.0566,445.0000,0.0000,0.0222,0.0000,0.0000,0.0000,0.0000,0.0004,0.0000,1.0000
34.5985,157.85,386.0000,0.0566,445.0000,0.0000,0.0222,0.0000,0.0000,0.0000,0.0000,0.0004,0.0000,1.0000
34.6185,157.85,386.0000,0.0566,445.0000,0.0000,0.0222,0.0000,0.0000,0.0000,0.0000,0.0004,0.0000,1.0000
34.6385,157.85,386.0000,0.0566,445.0000,0.0000,0.0222,0.0000,0.0000,0.0000,0.0000,0.0004,0.0000,1.0000
34.6585,157.85,386.0000,0.0566,445.0000,0.0000,0.0222,0.0000,0.0000,0.0000,0.0000,0.0004,0.0000,1.0000
34.6785,157.85,386.0000,0.0566,445.0000,0.0000,0.0222,0.0000,0.0000,0.0000,0.0000,0.0004,0.0000,1.0000
34.6985,157.85,386.0000,0.0566,445.0000,0.0000,0.0222,0.0000,0.0000,0.0000,0.0000,0.0004,0.0000,1.0000
34.7185,157.85,386.0000,0.0566,445.0000,0.0000,0.0222,0.0000,0.0000,0.0000,0.0000,0.0004,0.0000,1.0000
34.7385,157.85,386.0000,0.0566,445.0000,0.0000,0.0222,0.0000,0.0000,0.0000,0.0000,0.0004,0.0000,1.0000
34.7585,157.85,386.0000,0.0566,445.0000,0.0000,0.0222,0.0000,0.0000,0.0000,0.0000,0.0004,0.0000,1.0000
34.7785,157.85,386.0000,0.0566,445.0000,0.0000,0.0222,0.0000,0.0000,0.0000,0.0000,0.0004,0.0000,1.0000
34.7985,157.85,386.0000,0.0566,445.0000,0.0000,0.0222,0.0000,0.0000,0.0000,0.0000,0.0004,0.0000,1.0000
34.8185,157.85,386.0000,0.0566,445.0000,0.0000,0.0222,0.0000,0.0000,0.0000,0.0000,0.0004,0.0000,1.0000
34.8385,157.85,386.0000,0.0566,445.0000,0.0000,0.0222,0.0000,0.0000,0.0000,0.0000,0.0004,0.0000,1.0000
34.8585,157.85,386.0000,0.0566,445.0000,0.0000,0.0222,0.0000,0.0000,0.0000,0.0000,0.0004,0.0000,1.0000
34.8785,157.85,386.0000,0.0566,445.0000,0.0000,0.0222,0.0000,0.0000,0.0000,0.0000,0.0004,0.0000,1.0000
34.8985,157.85,386.0000,0.0566,445.0000,0.0000,0.0222,0.0000,0.0000,0.0000,0.0000,0.0004,0.0000,1.0000
34.9185,157.85,386.0000,0.0566,445.0000,0.0000,0.0222,0.0000,0.0000,0.0000,0.0000,0.0004,0.0000,1.0000
34.9385,157.85,386.0000,0.0566,445.0000,0.0000,0.0222,0.0000,0.0000,0.0000,0.0000,0.0004,0.0000,1.0000
34.9585,157.85,386.0000,0.0566,445.0000,0.0000,0.0222,0.0000,0.0000,0.0000,0.0000,0.0004,0.0000,1.0000
34.9785,157.85,386.0000,0.0566,445.0000,0.0000,0.0222,0.0000,0.0000,0.0000,0.0000,0.0004,0.0000,1.0000
34.9985,157.85,386.0000,0.0566,445.0000,0.0000,0.0222,0.0000,0.0000,0.0000,0.0000,0.0004,0.0000,1.0000
35.0185,157.85,386.0000,0.0566,445.0000,0.0000,0.0222,0.0000,0.0000,0.0000,0.0000,0.0004,0.0000,1.0000
35.0385,157.85,386.0000,0.0566,445.0000,0.0000,0.0222,0.0000,0.0000,0.0000,0.0000,0.0004,0.0000,1.0000
35.0585,157.85,386.0000,0.0566,445.0000,0.0000,0.0222,0.0000,0.0000,0.0000,0.0000,0.0004,0.0000,1.0000
35.0785,157.85,386.0000,0.0566,445.0000,0.0000,0.0222,0.0000,0.0000,0.0000,0.0000,0.0004,0.0000,1.0000
35.0985,157.85,386.0000,0.0566,445.0000,0.0000,0.0222,0.0000,0.0000,0.0000,0.0000,0.0004,0.0000,1.0000
35.1185,157.85,386.0000,0.0566,445.0000,0.0000,0.0222,0.0000,0.0000,0.0000,0.0000,0.0004,0.0000,1.0000
35.1385,157.85,386.0000,0.0566,445.0000,0.0000,0.0222,0.0000,0.0000,0.0000,0.0000,0.0004,0.0000,1.0000
35.1585,157.85,386.0000,0.0566,445.0000,0.0000,0.0222,0.0000,0.0000,0.0000,0.0000,0.0004,0.0000,1.0000
35.1785,157.85,386.0000,0.0566,445.0000,0.0000,0.0222,0.0000,0.0000,0.0000,0.0000,0.0004,0.0000,1.0000
35.1985,152.47,386.0000,0.0566,445.0000,0.0000,0.0222,0.0000,0.0000,0.0000,0.0000,0.0004,0.0000,1.0000
35.2185,152.47,386.0000,0.0566,445.0000,0.0000,0.0222,0.0000,0.0000,0.0000,0.0000,0.0004,0.0000,1.0000
35.2385,152.47,386.0000,0.0566,445.0000,0.0000,0.0222,0.0000,0.0000,0.0000,0.0000,0.0004,0.0000,1.0000
35.2585,152.47,386.0000,0.0566,445.0000,0.0000,0.0222,0.0000,0.0000,0.0000,0.0000,0.0004,0.0000,1.0000
35.2785,152.47,386.0000,0.0566,445.0000,0.0000,0.0222,0.0000,0.0000,0.0000,0.0000,0.0004,0.0000,1.0000
35.2985,152.47,386.0000,0.0566,445.0000,0.0000,0.0222,0.0000,0.0000,0.0000,0.0000,0.0004,0.0000,1.0000
35.3185,152.47,386.0000,0.0566,445.0000,0.0000,0.0222,0.0000,0.0000,0.0000,0.0000,0.0004,0.0000,1.0000
35.3385,152.47,386.0000,0.0566,445.0000,0.0000,0.0222,0.0000,0.0000,0.0000,0.0000,0.0004,0.0000,1.0000
35.3585,152.47,386.0000,0.0566,445.0000,0.0000,0.0222,0.0000,0.0000,0.0000,0.0000,0.0004,0.0000,1.0000
35.3785,152.47,386.0000,0.0566,445.0000,0.0000,0.0222,0.0000,0.0000,0.0000,0.0000,0.0004,0.0000,1.0000
35.3985,152.47,386.0000,0.0566,445.0000,0.0000,0.0222,0.0000,0.0000,0.0000,0.0000,0.0004,0.0000,1.0000
35.4185,152.47,386.0000,0.0566,445.0000,0.0000,0.0222,0.0000,0.0000,0.0000,0.0000,0.0004,0.0000,1.0000
35.4385,152.47,386.0000,0.0566,445.0000,0.0000,0.0222,0.0000,0.0000,0.0000,0.0000,0.0004,0.0000,1.0000
35.4585,152.47,386.0000,0.0566,445.0000,0.0000,0.0222,0.0000,0.0000,0.0000,0.0000,0.0004,0.0000,1.0000
35.4785,152.47,386.0000,0.0566,445.0000,0.0000,0.0222,0.0000,0.0000,0.0000,0.0000,0.0004,0.0000,1.0000
35.4985,152.47,386.0000,0.0566,445.0000,0.0000,0.0222,0.0000,0.0000,0.0000,0.0000,0.0004,0.0000,1.0000
35.5185,152.47,386.0000,0.0566,445.0000,0.0000,0.0222,0.0000,0.0000,0.0000,0.0000,0.0004,0.0000,1.0000
35.5385,152.47,386.0000,0.0566,445.0000,0.0000,0.0222,0.0000,0.0000,0.0000,0.0000,0.0004,0.0000,1.0000
35.5585,152.47,386.0000,0.0566,445.0000,0.0000,0.0222,0.0000,0.0000,0.0000,0.0000,0.0004,0.0000,1.0000
35.5785,152.47,386.0000,0.0566,445.0000,0.0000,0.0222,0.0000,0.0000,0.0000,0.0000,0.0004,0.0000,1.0000
35.5985,152.47,386.0000,0.0566,445.0000,0.0000,0.0222,0.0000,0.0000,0.0000,0.0000,0.0004,0.0000,1.0000
35.6185,152.47,386.0000,0.0566,445.0000,0.0000,0.0222,0.0000,0.0000,0.0000,0.0000,0.0004,0.0000,1.0000
35.6385,152.47,386.0000,0.0566,445.0000,0.0000,0.0222,0.0000,0.0000,0.0000,0.0000,0.0004,0.0000,1.0000
35.6585,152.47,386.0000,0.0566,445.0000,0.0000,0.0222,0.0000,0.0000,0.0000,0.0000,0.0004,0.0000,1.0000
35.6785,152.47,386.0000,0.0566,445.0000,0.0000,0.0222,0.0000,0.0000,0.0000,0.0000,0.0004,0.0000,1.0000
35.6985,152.47,386.0000,0.0566,445.0000,0.0000,0.0222,0.0000,0.0000,0.0000,0.0000,0.0004,0.0000,1.0000
35.7185,152.47,386.0000,0.0566,445.0000,0.0000,0.0222,0.0000,0.0000,0.0000,0.0000,0.0004,0.0000,1.0000
35.7385,152.47,386.0000,0.0566,445.0000,0.0000,0.0222,0.0000,0.0000,0.0000,0.0000,0.0004,0.0000,1.0000
35.7585,152.47,386.0000,0.0566,445.0000,0.0000,0.0222,0.0000,0.0000,0.0000,0.0000,0.0004,0.0000,1.0000
35.7785,152.47,386.0000,0.0566,445.0000,0.0000,0.0222,0.0000,0.0000,0.0000,0.0000,0.0004,0.0000,1.0000
35.7985,152.47,386.0000,0.0566,445.0000,0.0000,0.0222,0.0000,0.0000,0.0000,0.0000,0.0004,0.0000,1.0000
35.8185,152.47,386.0000,0.0566,445.0000,0.0000,0.0222,0.0000,0.0000,0.0000,0.0000,0.0004,0.0000,1.0000
35.8385,152.47,386.0000,0.0566,445.0000,0.0000,0.0222,0.0000,0.0000,0.0000,0.0000,0.0004,0.0000,1.0000
35.8585,152.47,386.0000,0.0566,445.0000,0.0000,0.0222,0.0000,0.0000,0.0000,0.0000,0.0004,0.0000,1.0000
35.8785,152.47,386.0000,0.0566,445.0000,0.0000,0.0222,0.0000,0.0000,0.0000,0.0000,0.0004,0.0000,1.0000
35.8985,152.47,386.0000,0.0566,445.0000,0.0000,0.0222,0.0000,0.0000,0.0000,0.0000,0.0004,0.0000,1.0000
35.9185,152.47,386.0000,0.0566,445.0000,0.0000,0.0222,0.0000,0.0000,0.0000,0.0000,0.0004,0.0000,1.0000
35.9385,152.47,386.0000,0.0566,445.0000,0.0000,0.0222,0.0000,0.0000,0.0000,0.0000,0.0004,0.0000,1.0000
35.9585,152.47,386.0000,0.0566,445.0000,0.0000,0.0222,0.0000,0.0000,0.0000,0.0000,0.0004,0.0000,1.0000
35.9785,152.47,386.0000,0.0566,445.0000,0.0000,0.0222,0.0000,0.0000,0.0000,0.0000,0.0004,0.0000,1.0000
35.9985,152.47,386.0000,0.0566,445.0000,0.0000,0.0222,0.0000,0.0000,0.0000,0.0000,0.0004,0.0000,1.0000
36.0185,152.47,386.0000,0.0566,445.0000,0.0000,0.0222,0.0000,0.0000,0.0000,0.0000,0.0004,0.0000,1.0000
36.0385,152.47,386.0000,0.0566,445.0000,0.0000,0.0222,0.0000,0.0000,0.0000,0.0000,0.0004,0.0000,1.0000
36.0585,152.47,386.0000,0.0566,445.0000,0.0000,0.0222,0.0000,0.0000,0.0000,0.0000,0.0004,0.0000,1.0000
36.0785,152.47,386.0000,0.0566,445.0000,0.0000,0.0222,0.0000,0.0000,0.0000,0.0000,0.0004,0.0000,1.0000
36.0985,152.47,386.0000,0.0566,445.0000,0.0000,0.0222,0.0000,0.0000,0.0000,0.0000,0.0004,0.0000,1.0000
36.1185,152.47,386.0000,0.0566,445.0000,0.0000,0.0222,0.0000,0.0000,0.0000,0.0000,0.0004,0.0000,1.0000
36.1385,152.47,386.0000,0.0566,445.0000,0.0000,0.0222,0.0000,0.0000,0.0000,0.0000,0.0004,0.0000,1.0000
36.1585,152.47,386.0000,0.0566,445.0000,0.0000,0.0222,0.0000,0.0000,0.0000,0.0000,0.0004,0.0000,1.0000
36.1785,152.47,386.0000,0.0566,445.0000,0.0000,0.0222,0.0000,0.0000,0.0000,0.0000,0.0004,0.0000,1.0000
36.1985,149.42,386.0000,0.0566,445.0000,0.0000,0.0222,0.0000,0.0000,0.0000,0.0000,0.0004,0.0000,1.0000
36.2185,149.42,386.0000,0.0566,445.0000,0.0000,0.0222,0.0000,0.0000,0.0000,0.0000,0.0004,0.0000,1.0000
36.2385,149.42,386.0000,0.0566,445.0000,0.0000,0.0222,0.0000,0.0000,0.0000,0.0000,0.0004,0.0000,1.0000
36.2585,149.42,386.0000,0.0566,445.0000,0.0000,0.0222,0.0000,0.0000,0.0000,0.0000,0.0004,0.0000,1.0000
36.2785,149.42,386.0000,0.0566,445.0000,0.0000,0.0222,0.0000,0.0000,0.0000,0.0000,0.0004,0.0000,1.0000
36.2985,149.42,386.0000,0.0566,445.0000,0.0000,0.0222,0.0000,0.0000,0.0000,0.0000,0.0004,0.0000,1.0000
36.3185,149.42,386.0000,0.0566,445.0000,0.0000,0.0222,0.0000,0.0000,0.0000,0.0000,0.0004,0.0000,1.0000
36.3385,149.42,386.0000,0.0566,445.0000,0.0000,0.0222,0.0000,0.0000,0.0000,0.0000,0.0004,0.0000,1.0000
36.3585,149.42,386.0000,0.0566,445.0000,0.0000,0.0222,0.0000,0.0000,0.0000,0.0000,0.0004,0.0000,1.0000
36.3785,149.42,386.0000,0.0566,445.0000,0.0000,0.0222,0.0000,0.0000,0.0000,0.0000,0.0004,0.0000,1.0000
36.3985,149.42,386.0000,0.0566,445.0000,0.0000,0.0222,0.0000,0.0000,0.0000,0.0000,0.0004,0.0000,1.0000
36.4185,149.42,386.0000,0.0566,445.0000,0.0000,0.0222,0.0000,0.0000,0.0000,0.0000,0.0004,0.0000,1.0000
36.4385,149.42,386.0000,0.0566,445.0000,0.0000,0.0222,0.0000,0.0000,0.0000,0.0000,0.0004,0.0000,1.0000
36.4585,149.42,386.0000,0.0566,445.0000,0.0000,0.0222,0.0000,0.0000,0.0000,0.0000,0.0004,0.0000,1.0000
36.4785,149.42,386.0000,0.0566,445.0000,0.0000,0.0222,0.0000,0.0000,0.0000,0.0000,0.0004,0.0000,1.0000
36.4985,149.42,386.0000,0.0566,445.0000,0.0000,0.0222,0.0000,0.0000,0.0000,0.0000,0.0004,0.0000,1.0000
36.5185,149.42,386.0000,0.0566,445.0000,0.0000,0.0222,0.0000,0.0000,0.0000,0.0000,0.0004,0.0000,1.0000
36.5385,149.42,386.0000,0.0566,445.0000,0.0000,0.0222,0.0000,0.0000,0.0000,0.0000,0.0004,0.0000,1.0000
36.5585,149.42,386.0000,0.0566,445.0000,0.0000,0.0222,0.0000,0.0000,0.0000,0.0000,0.0004,0.0000,1.0000
36.5785,149.42,386.0000,0.0566,445.0000,0.0000,0.0222,0.0000,0.0000,0.0000,0.0000,0.0004,0.0000,1.0000
36.5985,149.42,386.0000,0.0566,445.0000,0.0000,0.0222,0.0000,0.0000,0.0000,0.0000,0.0004,0.0000,1.0000
36.6185,149.42,386.0000,0.0566,445.0000,0.0000,0.0222,0.0000,0.0000,0.0000,0.0000,0.0004,0.0000,1.0000
36.6385,149.42,386.0000,0.0566,445.0000,0.0000,0.0222,0.0000,0.0000,0.0000,0.0000,0.0004,0.0000,1.0000
36.6585,149.42,386.0000,0.0566,445.0000,0.0000,0.0222,0.0000,0.0000,0.0000,0.0000,0.0004,0.0000,1.0000
36.6785,149.42,386.0000,0.0566,445.0000,0.0000,0.0222,0.0000,0.0000,0.0000,0.0000,0.0004,0.0000,1.0000
36.6985,149.42,386.0000,0.0566,445.0000,0.0000,0.0222,0.0000,0.0000,0.0000,0.0000,0.0004,0.0000,1.0000
36.7185,149.42,386.0000,0.0566,445.0000,0.0000,0.0222,0.0000,0.0000,0.0000,0.0000,0.0004,0.0000,1.0000
36.7385,149.42,386.0000,0.0566,445.0000,0.0000,0.0222,0.0000,0.0000,0.0000,0.0000,0.0004,0.0000,1.0000
36.7585,149.42,386.0000,0.0566,445.0000,0.0000,0.0222,0.0000,0.0000,0.0000,0.0000,0.0004,0.0000,1.0000
36.7785,149.42,386.0000,0.0566,445.0000,0.0000,0.0222,0.0000,0.0000,0.0000,0.0000,0.0004,0.0000,1.0000
36.7985,149.42,386.0000,0.0566,445.0000,0.0000,0.0222,0.0000,0.0000,0.0000,0.0000,0.0004,0.0000,1.0000
36.8185,149.42,386.0000,0.0566,445.0000,0.0000,0.0222,0.0000,0.0000,0.0000,0.0000,0.0004,0.0000,1.0000
36.8385,149.42,386.0000,0.0566,445.0000,0.0000,0.0222,0.0000,0.0000,0.0000,0.0000,0.0004,0.0000,1.0000
36.8585,149.42,386.0000,0.0566,445.0000,0.0000,0.0222,0.0000,0.0000,0.0000,0.0000,0.0004,0.0000,1.0000
36.8785,149.42,386.0000,0.0566,445.0000,0.0000,0.0222,0.0000,0.0000,0.0000,0.0000,0.0004,0.0000,1.0000
36.8985,149.42,386.0000,0.0566,445.0000,0.0000,0.0222,0.0000,0.0000,0.0000,0.0000,0.0004,0.0000,1.0000
36.9185,149.42,386.0000,0.0566,445.0000,0.0000,0.0222,0.0000,0.0000,0.0000,0.0000,0.0004,0.0000,1.0000
36.9385,149.42,386.0000,0.0566,445.0000,0.0000,0.0222,0.0000,0.0000,0.0000,0.0000,0.0004,0.0000,1.0000
36.9585,149.42,386.0000,0.0566,445.0000,0.0000,0.0222,0.0000,0.0000,0.0000,0.0000,0.0004,0.0000,1.0000
36.9785,149.42,386.0000,0.0566,445.0000,0.0000,0.0222,0.0000,0.0000,0.0000,0.0000,0.0004,0.0000,1.0000
36.9985,149.42,386.0000,0.0566,445.0000,0.0000,0.0222,0.0000,0.0000,0.0000,0.0000,0.0004,0.0000,1.0000
37.0185,149.42,386.0000,0.0566,445.0000,0.0000,0.0222,0.0000,0.0000,0.0000,0.0000,0.0004,0.0000,1.0000
37.0385,149.42,386.0000,0.0566,445.0000,0.0000,0.0222,0.0000,0.0000,0.0000,0.0000,0.0004,0.0000,1.0000
37.0585,149.42,386.0000,0.0566,445.0000,0.0000,0.0222,0.0000,0.0000,0.0000,0.0000,0.0004,0.0000,1.0000
37.0785,149.42,386.0000,0.0566,445.0000,0.0000,0.0222,0.0000,0.0000,0.0000,0.0000,0.0004,0.0000,1.0000
37.0985,149.42,386.0000,0.0566,445.0000,0.0000,0.0222,0.0000,0.0000,0.0000,0.0000,0.0004,0.0000,1.0000
37.1185,149.42,386.0000,0.0566,445.0000,0.0000,0.0222,0.0000,0.0000,0.0000,0.0000,0.0004,0.0000,1.0000
37.1385,149.42,386.0000,0.0566,445.0000,0.0000,0.0222,0.0000,0.0000,0.0000,0.0000,0.0004,0.0000,1.0000
37.1585,149.42,386.0000,0.0566,445.0000,0.0000,0.0222,0.0000,0.0000,0.0000,0.0000,0.0004,0.0000,1.0000
37.1785,149.42,386.0000,0.0566,445.0000,0.0000,0.0222,0.0000,0.0000,0.0000,0.0000,0.0004,0.0000,1.0000
37.1985,118.93,386.0000,0.0566,445.0000,0.0000,0.0222,0.0000,0.0000,0.0000,0.0000,0.0004,0.0000,1.0000
37.2185,118.93,386.0000,0.0566,445.0000,0.0000,0.0222,0.0000,0.0000,0.0000,0.0000,0.0004,0.0000,1.0000
37.2385,118.93,386.0000,0.0566,445.0000,0.0000,0.0222,0.0000,0.0000,0.0000,0.0000,0.0004,0.0000,1.0000
37.2585,118.93,386.0000,0.0566,445.0000,0.0000,0.0222,0.0000,0.0000,0.0000,0.0000,0.0004,0.0000,1.0000
37.2785,118.93,386.0000,0.0566,445.0000,0.0000,0.0222,0.0000,0.0000,0.0000,0.0000,0.0004,0.0000,1.0000
37.2985,118.93,386.0000,0.0566,445.0000,0.0000,0.0222,0.0000,0.0000,0.0000,0.0000,0.0004,0.0000,1.0000
37.3185,118.93,386.0000,0.0566,445.0000,0.0000,0.0222,0.0000,0.0000,0.0000,0.0000,0.0004,0.0000,1.0000
37.3385,118.93,386.0000,0.0566,445.0000,0.0000,0.0222,0.0000,0.0000,0.0000,0.0000,0.0004,0.0000,1.0000
37.3585,118.93,386.0000,0.0566,445.0000,0.0000,0.0222,0.0000,0.0000,0.0000,0.0000,0.0004,0.0000,1.0000
37.3785,118.93,386.0000,0.0566,445.0000,0.0000,0.0222,0.0000,0.0000,0.0000,0.0000,0.0004,0.0000,1.0000
37.3985,118.93,386.0000,0.0566,445.0000,0.0000,0.0222,0.0000,0.0000,0.0000,0.0000,0.0004,0.0000,1.0000
37.4185,118.93,386.0000,0.0566,445.0000,0.0000,0.0222,0.0000,0.0000,0.0000,0.0000,0.0004,0.0000,1.0000
37.4385,118.93,386.0000,0.0566,445.0000,0.0000,0.0222,0.0000,0.0000,0.0000,0.0000,0.0004,0.0000,1.0000
37.4585,118.93,386.0000,0.0566,445.0000,0.0000,0.0222,0.0000,0.0000,0.0000,0.0000,0.0004,0.0000,1.0000
37.4785,118.93,386.0000,0.0566,445.0000,0.0000,0.0222,0.0000,0.0000,0.0000,0.0000,0.0004,0.0000,1.0000
37.4985,118.93,386.0000,0.0566,445.0000,0.0000,0.0222,0.0000,0.0000,0.0000,0.0000,0.0004,0.0000,1.0000
37.5185,118.93,386.0000,0.0566,445.0000,0.0000,0.0222,0.0000,0.0000,0.0000,0.0000,0.0004,0.0000,1.0000
37.5385,118.93,386.0000,0.0566,445.0000,0.0000,0.0222,0.0000,0.0000,0.0000,0.0000,0.0004,0.0000,1.0000
37.5585,118.93,386.0000,0.0566,445.0000,0.0000,0.0222,0.0000,0.0000,0.0000,0.0000,0.0004,0.0000,1.0000
37.5785,118.93,386.0000,0.0566,445.0000,0.0000,0.0222,0.0000,0.0000,0.0000,0.0000,0.0004,0.0000,1.0000
37.5985,118.93,386.0000,0.0566,445.0000,0.0000,0.0222,0.0000,0.0000,0.0000,0.0000,0.0004,0.0000,1.0000
37.6185,118.93,386.0000,0.0566,445.0000,0.0000,0.0222,0.0000,0.0000,0.0000,0.0000,0.0004,0.0000,1.0000
37.6385,118.93,386.0000,0.0566,445.0000,0.0000,0.0222,0.0000,0.0000,0.0000,0.0000,0.0004,0.0000,1.0000
37.6585,118.93,386.0000,0.0566,445.0000,0.0000,0.0222,0.0000,0.0000,0.0000,0.0000,0.0004,0.0000,1.0000
37.6785,118.93,386.0000,0.0566,445.0000,0.0000,0.0222,0.0000,0.0000,0.0000,0.0000,0.0004,0.0000,1.0000
37.6985,118.93,386.0000,0.0566,445.0000,0.0000,0.0222,0.0000,0.0000,0.0000,0.0000,0.0004,0.0000,1.0000
37.7185,118.93,386.0000,0.0566,445.0000,0.0000,0.0222,0.0000,0.0000,0.0000,0.0000,0.0004,0.0000,1.0000
37.7385,118.93,386.0000,0.0566,445.0000,0.0000,0.0222,0.0000,0.0000,0.0000,0.0000,0.0004,0.0000,1.0000
37.7585,118.93,386.0000,0.0566,445.0000,0.0000,0.0222,0.0000,0.0000,0.0000,0.0000,0.0004,0.0000,1.0000
37.7785,118.93,386.0000,0.0566,445.0000,0.0000,0.0222,0.0000,0.0000,0.0000,0.0000,0.0004,0.0000,1.0000
37.7985,118.93,386.0000,0.0566,445.0000,0.0000,0.0222,0.0000,0.0000,0.0000,0.0000,0.0004,0.0000,1.0000
37.8185,118.93,386.0000,0.0566,445.0000,0.0000,0.0222,0.0000,0.0000,0.0000,0.0000,0.0004,0.0000,1.0000
37.8385,118.93,386.0000,0.0566,445.0000,0.0000,0.0222,0.0000,0.0000,0.0000,0.0000,0.0004,0.0000,1.0000
37.8585,118.93,386.0000,0.0566,445.0000,0.0000,0.0222,0.0000,0.0000,0.0000,0.0000,0.0004,0.0000,1.0000
37.8785,118.93,386.0000,0.0566,445.0000,0.0000,0.0222,0.0000,0.0000,0.0000,0.0000,0.0004,0.0000,1.0000
37.8985,118.93,386.0000,0.0566,445.0000,0.0000,0.0222,0.0000,0.0000,0.0000,0.0000,0.0004,0.0000,1.0000
37.9185,118.93,386.0000,0.0566,445.0000,0.0000,0.0222,0.0000,0.0000,0.0000,0.0000,0.0004,0.0000,1.0000
37.9385,118.93,386.0000,0.0566,445.0000,0.0000,0.0222,0.0000,0.0000,0.0000,0.0000,0.0004,0.0000,1.0000
37.9585,118.93,386.0000,0.0566,445.0000,0.0000,0.0222,0.0000,0.0000,0.0000,0.0000,0.0004,0.0000,1.0000
37.9785,118.93,386.0000,0.0566,445.0000,0.0000,0.0222,0.0000,0.0000,0.0000,0.0000,0.0004,0.0000,1.0000
37.9985,118.93,386.0000,0.0566,445.0000,0.0000,0.0222,0.0000,0.0000,0.0000,0.0000,0.0004,0.0000,1.0000
38.0185,118.93,386.0000,0.0566,445.0000,0.0000,0.0222,0.0000,0.0000,0.0000,0.0000,0.0004,0.0000,1.0000
38.0385,118.93,386.0000,0.0566,445.0000,0.0000,0.0222,0.0000,0.0000,0.0000,0.0000,0.0004,0.0000,1.0000
38.0585,118.93,386.0000,0.0566,445.0000,0.0000,0.0222,0.0000,0.0000,0.0000,0.0000,0.0004,0.0000,1.0000
38.0785,118.93,386.0000,0.0566,445.0000,0.0000,0.0222,0.0000,0.0000,0.0000,0.0000,0.0004,0.0000,1.0000
38.0985,118.93,386.0000,0.0566,445.0000,0.0000,0.0222,0.0000,0.0000,0.0000,0.0000,0.0004,0.0000,1.0000
38.1185,118.93,386.0000,0.0566,445.0000,0.0000,0.0222,0.0000,0.0000,0.0000,0.0000,0.0004,0.0000,1.0000
38.1385,118.93,386.0000,0.0566,445.0000,0.0000,0.0222,0.0000,0.0000,0.0000,0.0000,0.0004,0.0000,1.0000
38.1585,118.93,386.0000,0.0566,445.0000,0.0000,0.0222,0.0000,0.0000,0.0000,0.0000,0.0004,0.0000,1.0000
38.1785,118.93,386.0000,0.0566,445.0000,0.0000,0.0222,0.0000,0.0000,0.0000,0.0000,0.0004,0.0000,1.0000
38.1985,118.93,386.0000,0.0566,445.0000,0.0000,0.0222,0.0000,0.0000,0.0000,0.0000,0.0004,0.0000,1.0000
38.2185,134.40,386.0000,0.0566,445.0000,0.0000,0.0222,0.0000,0.0000,0.0000,0.0000,0.0004,0.0000,1.0000
38.2385,134.40,386.0000,0.0566,445.0000,0.0000,0.0222,0.0000,0.0000,0.0000,0.0000,0.0004,0.0000,1.0000
38.2585,134.40,386.0000,0.0566,445.0000,0.0000,0.0222,0.0000,0.0000,0.0000,0.0000,0.0004,0.0000,1.0000
38.2785,134.40,386.0000,0.0566,445.0000,0.0000,0.0222,0.0000,0.0000,0.0000,0.0000,0.0004,0.0000,1.0000
38.2985,134.40,386.0000,0.0566,445.0000,0.0000,0.0222,0.0000,0.0000,0.0000,0.0000,0.0004,0.0000,1.0000
38.3185,134.40,386.0000,0.0566,445.0000,0.0000,0.0222,0.0000,0.0000,0.0000,0.0000,0.0004,0.0000,1.0000
38.3385,134.40,386.0000,0.0566,445.0000,0.0000,0.0222,0.0000,0.0000,0.0000,0.0000,0.0004,0.0000,1.0000
38.3585,134.40,386.0000,0.0566,445.0000,0.0000,0.0222,0.0000,0.0000,0.0000,0.0000,0.0004,0.0000,1.0000
38.3785,134.40,386.0000,0.0566,445.0000,0.0000,0.0222,0.0000,0.0000,0.0000,0.0000,0.0004,0.0000,1.0000
38.3985,134.40,386.0000,0.0566,445.0000,0.0000,0.0222,0.0000,0.0000,0.0000,0.0000,0.0004,0.0000,1.0000
38.4185,134.40,386.0000,0.0566,445.0000,0.0000,0.0222,0.0000,0.0000,0.0000,0.0000,0.0004,0.0000,1.0000
38.4385,134.40,386.0000,0.0566,445.0000,0.0000,0.0222,0.0000,0.0000,0.0000,0.0000,0.0004,0.0000,1.0000
38.4585,134.40,386.0000,0.0566,445.0000,0.0000,0.0222,0.0000,0.0000,0.0000,0.0000,0.0004,0.0000,1.0000
38.4785,134.40,386.0000,0.0566,445.0000,0.0000,0.0222,0.0000,0.0000,0.0000,0.0000,0.0004,0.0000,1.0000
38.4985,134.40,386.0000,0.0566,445.0000,0.0000,0.0222,0.0000,0.0000,0.0000,0.0000,0.0004,0.0000,1.0000
38.5185,134.40,386.0000,0.0566,445.0000,0.0000,0.0222,0.0000,0.0000,0.0000,0.0000,0.0004,0.0000,1.0000
38.5385,134.40,386.0000,0.0566,445.0000,0.0000,0.0222,0.0000,0.0000,0.0000,0.0000,0.0004,0.0000,1.0000
38.5585,134.40,386.0000,0.0566,445.0000,0.0000,0.0222,0.0000,0.0000,0.0000,0.0000,0.0004,0.0000,1.0000
38.5785,134.40,386.0000,0.0566,445.0000,0.0000,0.0222,0.0000,0.0000,0.0000,0.0000,0.0004,0.0000,1.0000
38.5985,134.40,386.0000,0.0566,445.0000,0.0000,0.0222,0.0000,0.0000,0.0000,0.0000,0.0004,0.0000,1.0000
38.6185,134.40,386.0000,0.0566,445.0000,0.0000,0.0222,0.0000,0.0000,0.0000,0.0000,0.0004,0.0000,1.0000
38.6385,134.40,386.0000,0.0566,445.0000,0.0000,0.0222,0.0000,0.0000,0.0000,0.0000,0.0004,0.0000,1.0000
38.6585,134.40,386.0000,0.0566,445.0000,0.0000,0.0222,0.0000,0.0000,0.0000,0.0000,0.0004,0.0000,1.0000
38.6785,134.40,386.0000,0.0566,445.0000,0.0000,0.0222,0.0000,0.0000,0.0000,0.0000,0.0004,0.0000,1.0000
38.6985,134.40,386.0000,0.0566,445.0000,0.0000,0.0222,0.0000,0.0000,0.0000,0.0000,0.0004,0.0000,1.0000
38.7185,134.40,386.0000,0.0566,445.0000,0.0000,0.0222,0.0000,0.0000,0.0000,0.0000,0.0004,0.0000,1.0000
38.7385,134.40,386.0000,0.0566,445.0000,0.0000,0.0222,0.0000,0.0000,0.0000,0.0000,0.0004,0.0000,1.0000
38.7585,134.40,386.0000,0.0566,445.0000,0.0000,0.0222,0.0000,0.0000,0.0000,0.0000,0.0004,0.0000,1.0000
38.7785,134.40,386.0000,0.0566,445.0000,0.0000,0.0222,0.0000,0.0000,0.0000,0.0000,0.0004,0.0000,1.0000
38.7985,134.40,386.0000,0.0566,445.0000,0.0000,0.0222,0.0000,0.0000,0.0000,0.0000,0.0004,0.0000,1.0000
38.8185,134.40,386.0000,0.0566,445.0000,0.0000,0.0222,0.0000,0.0000,0.0000,0.0000,0.0004,0.0000,1.0000
38.8385,134.40,386.0000,0.0566,445.0000,0.0000,0.0222,0.0000,0.0000,0.0000,0.0000,0.0004,0.0000,1.0000
38.8585,134.40,386.0000,0.0566,445.0000,0.0000,0.0222,0.0000,0.0000,0.0000,0.0000,0.0004,0.0000,1.0000
38.8785,134.40,386.0000,0.0566,445.0000,0.0000,0.0222,0.0000,0.0000,0.0000,0.0000,0.0004,0.0000,1.0000
38.8985,134.40,386.0000,0.0566,445.0000,0.0000,0.0222,0.0000,0.0000,0.0000,0.0000,0.0004,0.0000,1.0000
38.9185,134.40,386.0000,0.0566,445.0000,0.0000,0.0222,0.0000,0.0000,0.0000,0.0000,0.0004,0.0000,1.0000
38.9385,134.40,386.0000,0.0566,445.0000,0.0000,0.0222,0.0000,0.0000,0.0000,0.0000,0.0004,0.0000,1.0000
38.9585,134.40,386.0000,0.0566,445.0000,0.0000,0.0222,0.0000,0.0000,0.0000,0.0000,0.0004,0.0000,1.0000
38.9785,134.40,386.0000,0.0566,445.0000,0.0000,0.0222,0.0000,0.0000,0.0000,0.0000,0.0004,0.0000,1.0000
38.9985,134.40,386.0000,0.0566,445.0000,0.0000,0.0222,0.0000,0.0000,0.0000,0.0000,0.0004,0.0000,1.0000
39.0185,134.40,386.0000,0.0566,445.0000,0.0000,0.0222,0.0000,0.0000,0.0000,0.0000,0.0004,0.0000,1.0000
39.0385,134.40,386.0000,0.0566,445.0000,0.0000,0.0222,0.0000,0.0000,0.0000,0.0000,0.0004,0.0000,1.0000
39.0585,134.40,386.0000,0.0566,445.0000,0.0000,0.0222,0.0000,0.0000,0.0000,0.0000,0.0004,0.0000,1.0000
39.0785,134.40,386.0000,0.0566,445.0000,0.0000,0.0222,0.0000,0.0000,0.0000,0.0000,0.0004,0.0000,1.0000
39.0985,134.40,386.0000,0.0566,445.0000,0.0000,0.0222,0.0000,0.0000,0.0000,0.0000,0.0004,0.0000,1.0000
39.1185,134.40,386.0000,0.0566,445.0000,0.0000,0.0222,0.0000,0.0000,0.0000,0.0000,0.0004,0.0000,1.0000
39.1385,134.40,386.0000,0.0566,445.0000,0.0000,0.0222,0.0000,0.0000,0.0000,0.0000,0.0004,0.0000,1.0000
39.1585,134.40,386.0000,0.0566,445.0000,0.0000,0.0222,0.0000,0.0000,0.0000,0.0000,0.0004,0.0000,1.0000
39.1785,134.40,386.0000,0.0566,445.0000,0.0000,0.0222,0.0000,0.0000,0.0000,0.0000,0.0004,0.0000,1.0000
39.1985,134.40,386.0000,0.0566,445.0000,0.0000,0.0222,0.0000,0.0000,0.0000,0.0000,0.0004,0.0000,1.0000
39.2185,120.91,386.0000,0.0566,445.0000,0.0000,0.0222,0.0000,0.0000,0.0000,0.0000,0.0004,0.0000,1.0000
39.2385,120.91,386.0000,0.0566,445.0000,0.0000,0.0222,0.0000,0.0000,0.0000,0.0000,0.0004,0.0000,1.0000
39.2585,120.91,386.0000,0.0566,445.0000,0.0000,0.0222,0.0000,0.0000,0.0000,0.0000,0.0004,0.0000,1.0000
39.2785,120.91,386.0000,0.0566,445.0000,0.0000,0.0222,0.0000,0.0000,0.0000,0.0000,0.0004,0.0000,1.0000
39.2985,120.91,386.0000,0.0566,445.0000,0.0000,0.0222,0.0000,0.0000,0.0000,0.0000,0.0004,0.0000,1.0000
39.3185,120.91,386.0000,0.0566,445.0000,0.0000,0.0222,0.0000,0.0000,0.0000,0.0000,0.0004,0.0000,1.0000
39.3385,120.91,386.0000,0.0566,445.0000,0.0000,0.0222,0.0000,0.0000,0.0000,0.0000,0.0004,0.0000,1.0000
39.3585,120.91,386.0000,0.0566,445.0000,0.0000,0.0222,0.0000,0.0000,0.0000,0.0000,0.0004,0.0000,1.0000
39.3785,120.91,386.0000,0.0566,445.0000,0.0000,0.0222,0.0000,0.0000,0.0000,0.0000,0.0004,0.0000,1.0000
39.3985,120.91,386.0000,0.0566,445.0000,0.0000,0.0222,0.0000,0.0000,0.0000,0.0000,0.0004,0.0000,1.0000
39.4185,120.91,386.0000,0.0566,445.0000,0.0000,0.0222,0.0000,0.0000,0.0000,0.0000,0.0004,0.0000,1.0000
39.4385,120.91,386.0000,0.0566,445.0000,0.0000,0.0222,0.0000,0.0000,0.0000,0.0000,0.0004,0.0000,1.0000
39.4585,120.91,386.0000,0.0566,445.0000,0.0000,0.0222,0.0000,0.0000,0.0000,0.0000,0.0004,0.0000,1.0000
39.4785,120.91,386.0000,0.0566,445.0000,0.0000,0.0222,0.0000,0.0000,0.0000,0.0000,0.0004,0.0000,1.0000
39.4985,120.91,386.0000,0.0566,445.0000,0.0000,0.0222,0.0000,0.0000,0.0000,0.0000,0.0004,0.0000,1.0000
39.5185,120.91,386.0000,0.0566,445.0000,0.0000,0.0222,0.0000,0.0000,0.0000,0.0000,0.0004,0.0000,1.0000
39.5385,120.91,386.0000,0.0566,445.0000,0.0000,0.0222,0.0000,0.0000,0.0000,0.0000,0.0004,0.0000,1.0000
39.5585,120.91,386.0000,0.0566,445.0000,0.0000,0.0222,0.0000,0.0000,0.0000,0.0000,0.0004,0.0000,1.0000
39.5785,120.91,386.0000,0.0566,445.0000,0.0000,0.0222,0.0000,0.0000,0.0000,0.0000,0.0004,0.0000,1.0000
39.5985,120.91,386.0000,0.0566,445.0000,0.0000,0.0222,0.0000,0.0000,0.0000,0.0000,0.0004,0.0000,1.0000
39.6185,120.91,386.0000,0.0566,445.0000,0.0000,0.0222,0.0000,0.0000,0.0000,0.0000,0.0004,0.0000,1.0000
39.6385,120.91,386.0000,0.0566,445.0000,0.0000,0.0222,0.0000,0.0000,0.0000,0.0000,0.0004,0.0000,1.0000
39.6585,120.91,386.0000,0.0566,445.0000,0.0000,0.0222,0.0000,0.0000,0.0000,0.0000,0.0004,0.0000,1.0000
39.6785,120.91,386.0000,0.0566,445.0000,0.0000,0.0222,0.0000,0.0000,0.0000,0.0000,0.0004,0.0000,1.0000
39.6985,120.91,386.0000,0.0566,445.0000,0.0000,0.0222,0.0000,0.0000,0.0000,0.0000,0.0004,0.0000,1.0000
39.7185,120.91,386.0000,0.0566,445.0000,0.0000,0.0222,0.0000,0.0000,0.0000,0.0000,0.0004,0.0000,1.0000
39.7385,120.91,386.0000,0.0566,445.0000,0.0000,0.0222,0.0000,0.0000,0.0000,0.0000,0.0004,0.0000,1.0000
39.7585,120.91,386.0000,0.0566,445.0000,0.0000,0.0222,0.0000,0.0000,0.0000,0.0000,0.0004,0.0000,1.0000
39.7785,120.91,386.0000,0.0566,445.0000,0.0000,0.0222,0.0000,0.0000,0.0000,0.0000,0.0004,0.0000,1.0000
39.7985,120.91,386.0000,0.0566,445.0000,0.0000,0.0222,0.0000,0.0000,0.0000,0.0000,0.0004,0.0000,1.0000
39.8185,120.91,386.0000,0.0566,445.0000,0.0000,0.0222,0.0000,0.0000,0.0000,0.0000,0.0004,0.0000,1.0000
39.8385,120.91,386.0000,0.0566,445.0000,0.0000,0.0222,0.0000,0.0000,0.0000,0.0000,0.0004,0.0000,1.0000
39.8585,120.91,386.0000,0.0566,445.0000,0.0000,0.0222,0.0000,0.0000,0.0000,0.0000,0.0004,0.0000,1.0000
39.8785,120.91,386.0000,0.0566,445.0000,0.0000,0.0222,0.0000,0.0000,0.0000,0.0000,0.0004,0.0000,1.0000
39.8985,120.91,386.0000,0.0566,445.0000,0.0000,0.0222,0.0000,0.0000,0.0000,0.0000,0.0004,0.0000,1.0000
39.9185,120.91,386.0000,0.0566,445.0000,0.0000,0.0222,0.0000,0.0000,0.0000,0.0000,0.0004,0.0000,1.0000
39.9385,120.91,386.0000,0.0566,445.0000,0.0000,0.0222,0.0000,0.0000,0.0000,0.0000,0.0004,0.0000,1.0000
39.9585,120.91,386.0000,0.0566,445.0000,0.0000,0.0222,0.0000,0.0000,0.0000,0.0000,0.0004,0.0000,1.0000
39.9785,120.91,386.0000,0.0566,445.0000,0.0000,0.0222,0.0000,0.0000,0.0000,0.0000,0.0004,0.0000,1.0000
39.9985,120.91,386.0000,0.0566,445.0000,0.0000,0.0222,0.0000,0.0000,0.0000,0.0000,0.0004,0.0000,1.0000
40.0185,120.91,386.0000,0.0566,445.0000,0.0000,0.0222,0.0000,0.0000,0.0000,0.0000,0.0004,0.0000,1.0000
40.0385,120.91,386.0000,0.0566,445.0000,0.0000,0.0222,0.0000,0.0000,0.0000,0.0000,0.0004,0.0000,1.0000
40.0585,120.91,386.0000,0.0566,445.0000,0.0000,0.0222,0.0000,0.0000,0.0000,0.0000,0.0004,0.0000,1.0000
40.0785,120.91,386.0000,0.0566,445.0000,0.0000,0.0222,0.0000,0.0000,0.0000,0.0000,0.0004,0.0000,1.0000
40.0985,120.91,386.0000,0.0566,445.0000,0.0000,0.0222,0.0000,0.0000,0.0000,0.0000,0.0004,0.0000,1.0000
40.1185,120.91,386.0000,0.0566,445.0000,0.0000,0.0222,0.0000,0.0000,0.0000,0.0000,0.0004,0.0000,1.0000
40.1385,120.91,386.0000,0.0566,445.0000,0.0000,0.0222,0.0000,0.0000,0.0000,0.0000,0.0004,0.0000,1.0000
40.1585,120.91,386.0000,0.0566,445.0000,0.0000,0.0222,0.0000,0.0000,0.0000,0.0000,0.0004,0.0000,1.0000
40.1785,120.91,386.0000,0.0566,445.0000,0.0000,0.0222,0.0000,0.0000,0.0000,0.0000,0.0004,0.0000,1.0000
40.1985,120.91,386.0000,0.0566,445.0000,0.0000,0.0222,0.0000,0.0000,0.0000,0.0000,0.0004,0.0000,1.0000
40.2185,146.60,386.0000,0.0566,445.0000,0.0000,0.0222,0.0000,0.0000,0.0000,0.0000,0.0004,0.0000,1.0000
40.2385,146.60,386.0000,0.0566,445.0000,0.0000,0.0222,0.0000,0.0000,0.0000,0.0000,0.0004,0.0000,1.0000
40.2585,146.60,386.0000,0.0566,445.0000,0.0000,0.0222,0.0000,0.0000,0.0000,0.0000,0.0004,0.0000,1.0000
40.2785,146.60,386.0000,0.0566,445.0000,0.0000,0.0222,0.0000,0.0000,0.0000,0.0000,0.0004,0.0000,1.0000
40.2985,146.60,386.0000,0.0566,445.0000,0.0000,0.0222,0.0000,0.0000,0.0000,0.0000,0.0004,0.0000,1.0000
40.3185,0.07,386.0000,0.0566,445.0000,0.0000,0.0222,0.0000,0.0000,0.0000,0.0000,0.0004,0.0000,1.0000
40.3385,0.07,386.0000,0.0566,445.0000,0.0000,0.0222,0.0000,0.0000,0.0000,0.0000,0.0004,0.0000,1.0000
40.3585,0.07,386.0000,0.0566,445.0000,0.0000,0.0222,0.0000,0.0000,0.0000,0.0000,0.0004,0.0000,1.0000
40.3785,0.07,386.0000,0.0566,445.0000,0.0000,0.0222,0.0000,0.0000,0.0000,0.0000,0.0004,0.0000,1.0000
40.3985,0.07,386.0000,0.0566,445.0000,0.0000,0.0222,0.0000,0.0000,0.0000,0.0000,0.0004,0.0000,1.0000
40.4185,0.07,386.0000,0.0566,445.0000,0.0000,0.0222,0.0000,0.0000,0.0000,0.0000,0.0004,0.0000,1.0000
40.4385,0.07,386.0000,0.0566,445.0000,0.0000,0.0222,0.0000,0.0000,0.0000,0.0000,0.0004,0.0000,1.0000
40.4585,0.07,386.0000,0.0566,445.0000,0.0000,0.0222,0.0000,0.0000,0.0000,0.0000,0.0004,0.0000,1.0000
40.4785,0.07,386.0000,0.0566,445.0000,0.0000,0.0222,0.0000,0.0000,0.0000,0.0000,0.0004,0.0000,1.0000
40.4985,0.07,386.0000,0.0566,445.0000,0.0000,0.0222,0.0000,0.0000,0.0000,0.0000,0.0004,0.0000,1.0000
40.5185,0.07,386.0000,0.0566,445.0000,0.0000,0.0222,0.0000,0.0000,0.0000,0.0000,0.0004,0.0000,1.0000
40.5385,0.07,386.0000,0.0566,445.0000,0.0000,0.0222,0.0000,0.0000,0.0000,0.0000,0.0004,0.0000,1.0000
40.5585,0.07,386.0000,0.0566,445.0000,0.0000,0.0222,0.0000,0.0000,0.0000,0.0000,0.0004,0.0000,1.0000
40.5785,0.07,386.0000,0.0566,445.0000,0.0000,0.0222,0.0000,0.0000,0.0000,0.0000,0.0004,0.0000,1.0000
40.5985,0.07,386.0000,0.0566,445.0000,0.0000,0.0222,0.0000,0.0000,0.0000,0.0000,0.0004,0.0000,1.0000
40.6185,0.07,386.0000,0.0566,445.0000,0.0000,0.0222,0.0000,0.0000,0.0000,0.0000,0.0004,0.0000,1.0000
40.6385,0.07,386.0000,0.0566,445.0000,0.0000,0.0222,0.0000,0.0000,0.0000,0.0000,0.0004,0.0000,1.0000
40.6585,0.07,386.0000,0.0566,445.0000,0.0000,0.0222,0.0000,0.0000,0.0000,0.0000,0.0004,0.0000,1.0000
40.6785,0.07,386.0000,0.0566,445.0000,0.0000,0.0222,0.0000,0.0000,0.0000,0.0000,0.0004,0.0000,1.0000
40.6985,0.07,386.0000,0.0566,445.0000,0.0000,0.0222,0.0000,0.0000,0.0000,0.0000,0.0004,0.0000,1.0000
40.7185,0.07,386.0000,0.0566,445.0000,0.0000,0.0222,0.0000,0.0000,0.0000,0.0000,0.0004,0.0000,1.0000
40.7385,0.07,386.0000,0.0566,445.0000,0.0000,0.0222,0.0000,0.0000,0.0000,0.0000,0.0004,0.0000,1.0000
40.7585,0.07,386.0000,0.0566,445.0000,0.0000,0.0222,0.0000,0.0000,0.0000,0.0000,0.0004,0.0000,1.0000
40.7785,0.07,386.0000,0.0566,445.0000,0.0000,0.0222,0.0000,0.0000,0.0000,0.0000,0.0004,0.0000,1.0000
40.7985,0.07,386.0000,0.0566,445.0000,0.0000,0.0222,0.0000,0.0000,0.0000,0.0000,0.0004,0.0000,1.0000
40.8185,0.07,386.0000,0.0566,445.0000,0.0000,0.0222,0.0000,0.0000,0.0000,0.0000,0.0004,0.0000,1.0000
40.8385,0.07,386.0000,0.0566,445.0000,0.0000,0.0222,0.0000,0.0000,0.0000,0.0000,0.0004,0.0000,1.0000
40.8585,0.07,386.0000,0.0566,445.0000,0.0000,0.0222,0.0000,0.0000,0.0000,0.0000,0.0004,0.0000,1.0000
40.8785,0.07,386.0000,0.0566,445.0000,0.0000,0.0222,0.0000,0.0000,0.0000,0.0000,0.0004,0.0000,1.0000
40.8985,0.07,386.0000,0.0566,445.0000,0.0000,0.0222,0.0000,0.0000,0.0000,0.0000,0.0004,0.0000,1.0000
40.9185,0.07,386.0000,0.0566,445.0000,0.0000,0.0222,0.0000,0.0000,0.0000,0.0000,0.0004,0.0000,1.0000
40.9385,0.07,386.0000,0.0566,445.0000,0.0000,0.0222,0.0000,0.0000,0.0000,0.0000,0.0004,0.0000,1.0000
40.9585,0.07,386.0000,0.0566,445.0000,0.0000,0.0222,0.0000,0.0000,0.0000,0.0000,0.0004,0.0000,1.0000
40.9785,0.07,386.0000,0.0566,445.0000,0.0000,0.0222,0.0000,0.0000,0.0000,0.0000,0.0004,0.0000,1.0000
40.9985,0.07,386.0000,0.0566,445.0000,0.0000,0.0222,0.0000,0.0000,0.0000,0.0000,0.0004,0.0000,1.0000
41.0185,0.07,386.0000,0.0566,445.0000,0.0000,0.0222,0.0000,0.0000,0.0000,0.0000,0.0004,0.0000,1.0000
41.0385,0.07,386.0000,0.0566,445.0000,0.0000,0.0222,0.0000,0.0000,0.0000,0.0000,0.0004,0.0000,1.0000
41.0585,0.07,386.0000,0.0566,445.0000,0.0000,0.0222,0.0000,0.0000,0.0000,0.0000,0.0004,0.0000,1.0000
41.0785,0.07,386.0000,0.0566,445.0000,0.0000,0.0222,0.0000,0.0000,0.0000,0.0000,0.0004,0.0000,1.0000
41.0985,0.07,386.0000,0.0566,445.0000,0.0000,0.0222,0.0000,0.0000,0.0000,0.0000,0.0004,0.0000,1.0000
41.1185,0.07,386.0000,0.0566,445.0000,0.0000,0.0222,0.0000,0.0000,0.0000,0.0000,0.0004,0.0000,1.0000
41.1385,0.07,386.0000,0.0566,445.0000,0.0000,0.0222,0.0000,0.0000,0.0000,0.0000,0.0004,0.0000,1.0000
41.1585,0.07,386.0000,0.0566,445.0000,0.0000,0.0222,0.0000,0.0000,0.0000,0.0000,0.0004,0.0000,1.0000
41.1785,0.07,386.0000,0.0566,445.0000,0.0000,0.0222,0.0000,0.0000,0.0000,0.0000,0.0004,0.0000,1.0000
41.1985,0.07,386.0000,0.0566,445.0000,0.0000,0.0222,0.0000,0.0000,0.0000,0.0000,0.0004,0.0000,1.0000
41.2185,0.07,386.0000,0.0566,445.0000,0.0000,0.0222,0.0000,0.0000,0.0000,0.0000,0.0004,0.0000,1.0000
41.2385,0.07,386.0000,0.0566,445.0000,0.0000,0.0222,0.0000,0.0000,0.0000,0.0000,0.0004,0.0000,1.0000
41.2585,0.07,386.0000,0.0566,445.0000,0.0000,0.0222,0.0000,0.0000,0.0000,0.0000,0.0004,0.0000,1.0000
41.2785,0.07,386.0000,0.0566,445.0000,0.0000,0.0222,0.0000,0.0000,0.0000,0.0000,0.0004,0.0000,1.0000
41.2985,0.07,386.0000,0.0566,445.0000,0.0000,0.0222,0.0000,0.0000,0.0000,0.0000,0.0004,0.0000,1.0000
41.3185,116.44,386.0000,0.0566,445.0000,0.0000,0.0222,0.0000,0.0000,0.0000,0.0000,0.0004,0.0000,1.0000
41.3385,116.44,386.0000,0.0566,445.0000,0.0000,0.0222,0.0000,0.0000,0.0000,0.0000,0.0004,0.0000,1.0000
41.3585,116.44,386.0000,0.0566,445.0000,0.0000,0.0222,0.0000,0.0000,0.0000,0.0000,0.0004,0.0000,1.0000
41.3785,116.44,386.0000,0.0566,445.0000,0.0000,0.0222,0.0000,0.0000,0.0000,0.0000,0.0004,0.0000,1.0000
41.3985,116.44,386.0000,0.0566,445.0000,0.0000,0.0222,0.0000,0.0000,0.0000,0.0000,0.0004,0.0000,1.0000
41.4185,116.44,386.0000,0.0566,445.0000,0.0000,0.0222,0.0000,0.0000,0.0000,0.0000,0.0004,0.0000,1.0000
41.4385,116.44,386.0000,0.0566,445.0000,0.0000,0.0222,0.0000,0.0000,0.0000,0.0000,0.0004,0.0000,1.0000
41.4585,116.44,386.0000,0.0566,445.0000,0.0000,0.0222,0.0000,0.0000,0.0000,0.0000,0.0004,0.0000,1.0000
41.4785,116.44,386.0000,0.0566,445.0000,0.0000,0.0222,0.0000,0.0000,0.0000,0.0000,0.0004,0.0000,1.0000
41.4985,116.44,386.0000,0.0566,445.0000,0.0000,0.0222,0.0000,0.0000,0.0000,0.0000,0.0004,0.0000,1.0000
41.5185,116.44,386.0000,0.0566,445.0000,0.0000,0.0222,0.0000,0.0000,0.0000,0.0000,0.0004,0.0000,1.0000
41.5385,116.44,386.0000,0.0566,445.0000,0.0000,0.0222,0.0000,0.0000,0.0000,0.0000,0.0004,0.0000,1.0000
41.5585,116.44,386.0000,0.0566,445.0000,0.0000,0.0222,0.0000,0.0000,0.0000,0.0000,0.0004,0.0000,1.0000
41.5785,116.44,386.0000,0.0566,445.0000,0.0000,0.0222,0.0000,0.0000,0.0000,0.0000,0.0004,0.0000,1.0000
41.5985,116.44,386.0000,0.0566,445.0000,0.0000,0.0222,0.0000,0.0000,0.0000,0.0000,0.0004,0.0000,1.0000
41.6185,116.44,386.0000,0.0566,445.0000,0.0000,0.0222,0.0000,0.0000,0.0000,0.0000,0.0004,0.0000,1.0000
41.6385,116.44,386.0000,0.0566,445.0000,0.0000,0.0222,0.0000,0.0000,0.0000,0.0000,0.0004,0.0000,1.0000
41.6585,116.44,386.0000,0.0566,445.0000,0.0000,0.0222,0.0000,0.0000,0.0000,0.0000,0.0004,0.0000,1.0000
41.6785,116.44,386.0000,0.0566,445.0000,0.0000,0.0222,0.0000,0.0000,0.0000,0.0000,0.0004,0.0000,1.0000
41.6985,116.44,386.0000,0.0566,445.0000,0.0000,0.0222,0.0000,0.0000,0.0000,0.0000,0.0004,0.0000,1.0000
41.7185,116.44,386.0000,0.0566,445.0000,0.0000,0.0222,0.0000,0.0000,0.0000,0.0000,0.0004,0.0000,1.0000
41.7385,116.44,386.0000,0.0566,445.0000,0.0000,0.0222,0.0000,0.0000,0.0000,0.0000,0.0004,0.0000,1.0000
41.7585,116.44,386.0000,0.0566,445.0000,0.0000,0.0222,0.0000,0.0000,0.0000,0.0000,0.0004,0.0000,1.0000
41.7785,116.44,386.0000,0.0566,445.0000,0.0000,0.0222,0.0000,0.0000,0.0000,0.0000,0.0004,0.0000,1.0000
41.7985,116.44,386.0000,0.0566,445.0000,0.0000,0.0222,0.0000,0.0000,0.0000,0.0000,0.0004,0.0000,1.0000
41.8185,116.44,386.0000,0.0566,445.0000,0.0000,0.0222,0.0000,0.0000,0.0000,0.0000,0.0004,0.0000,1.0000
41.8385,116.44,386.0000,0.0566,445.0000,0.0000,0.0222,0.0000,0.0000,0.0000,0.0000,0.0004,0.0000,1.0000
41.8585,116.44,386.0000,0.0566,445.0000,0.0000,0.0222,0.0000,0.0000,0.0000,0.0000,0.0004,0.0000,1.0000
41.8785,116.44,386.0000,0.0566,445.0000,0.0000,0.0222,0.0000,0.0000,0.0000,0.0000,0.0004,0.0000,1.0000
41.8985,116.44,386.0000,0.0566,445.0000,0.0000,0.0222,0.0000,0.0000,0.0000,0.0000,0.0004,0.0000,1.0000
41.9185,116.44,386.0000,0.0566,445.0000,0.0000,0.0222,0.0000,0.0000,0.0000,0.0000,0.0004,0.0000,1.0000
41.9385,116.44,386.0000,0.0566,445.0000,0.0000,0.0222,0.0000,0.0000,0.0000,0.0000,0.0004,0.0000,1.0000
41.9585,116.44,386.0000,0.0566,445.0000,0.0000,0.0222,0.0000,0.0000,0.0000,0.0000,0.0004,0.0000,1.0000
41.9785,116.44,386.0000,0.0566,445.0000,0.0000,0.0222,0.0000,0.0000,0.0000,0.0000,0.0004,0.0000,1.0000
41.9985,116.44,386.0000,0.0566,445.0000,0.0000,0.0222,0.0000,0.0000,0.0000,0.0000,0.0004,0.0000,1.0000
42.0185,116.44,386.0000,0.0566,445.0000,0.0000,0.0222,0.0000,0.0000,0.0000,0.0000,0.0004,0.0000,1.0000
42.0385,116.44,386.0000,0.0566,445.0000,0.0000,0.0222,0.0000,0.0000,0.0000,0.0000,0.0004,0.0000,1.0000
42.0585,116.44,386.0000,0.0566,445.0000,0.0000,0.0222,0.0000,0.0000,0.0000,0.0000,0.0004,0.0000,1.0000
42.0785,116.44,386.0000,0.0566,445.0000,0.0000,0.0222,0.0000,0.0000,0.0000,0.0000,0.0004,0.0000,1.0000
42.0985,116.44,386.0000,0.0566,445.0000,0.0000,0.0222,0.0000,0.0000,0.0000,0.0000,0.0004,0.0000,1.0000
42.1185,116.44,386.0000,0.0566,445.0000,0.0000,0.0222,0.0000,0.0000,0.0000,0.0000,0.0004,0.0000,1.0000
42.1385,116.44,386.0000,0.0566,445.0000,0.0000,0.0222,0.0000,0.0000,0.0000,0.0000,0.0004,0.0000,1.0000
42.1585,116.44,386.0000,0.0566,445.0000,0.0000,0.0222,0.0000,0.0000,0.0000,0.0000,0.0004,0.0000,1.0000
42.1785,116.44,386.0000,0.0566,445.0000,0.0000,0.0222,0.0000,0.0000,0.0000,0.0000,0.0004,0.0000,1.0000
42.1985,116.44,386.0000,0.0566,445.0000,0.0000,0.0222,0.0000,0.0000,0.0000,0.0000,0.0004,0.0000,1.0000
42.2185,116.44,386.0000,0.0566,445.0000,0.0000,0.0222,0.0000,0.0000,0.0000,0.0000,0.0004,0.0000,1.0000
42.2385,116.44,386.0000,0.0566,445.0000,0.0000,0.0222,0.0000,0.0000,0.0000,0.0000,0.0004,0.0000,1.0000
42.2585,116.44,386.0000,0.0566,445.0000,0.0000,0.0222,0.0000,0.0000,0.0000,0.0000,0.0004,0.0000,1.0000
42.2785,116.44,386.0000,0.0566,445.0000,0.0000,0.0222,0.0000,0.0000,0.0000,0.0000,0.0004,0.0000,1.0000
42.2985,116.44,386.0000,0.0566,445.0000,0.0000,0.0222,0.0000,0.0000,0.0000,0.0000,0.0004,0.0000,1.0000
42.3185,140.97,386.0000,0.0566,445.0000,0.0000,0.0222,0.0000,0.0000,0.0000,0.0000,0.0004,0.0000,1.0000
42.3385,140.97,386.0000,0.0566,445.0000,0.0000,0.0222,0.0000,0.0000,0.0000,0.0000,0.0004,0.0000,1.0000
42.3585,140.97,386.0000,0.0566,445.0000,0.0000,0.0222,0.0000,0.0000,0.0000,0.0000,0.0004,0.0000,1.0000
42.3785,140.97,386.0000,0.0566,445.0000,0.0000,0.0222,0.0000,0.0000,0.0000,0.0000,0.0004,0.0000,1.0000
42.3985,140.97,386.0000,0.0566,445.0000,0.0000,0.0222,0.0000,0.0000,0.0000,0.0000,0.0004,0.0000,1.0000
42.4185,140.97,386.0000,0.0566,445.0000,0.0000,0.0222,0.0000,0.0000,0.0000,0.0000,0.0004,0.0000,1.0000
42.4385,140.97,386.0000,0.0566,445.0000,0.0000,0.0222,0.0000,0.0000,0.0000,0.0000,0.0004,0.0000,1.0000
42.4585,140.97,386.0000,0.0566,445.0000,0.0000,0.0222,0.0000,0.0000,0.0000,0.0000,0.0004,0.0000,1.0000
42.4785,140.97,386.0000,0.0566,445.0000,0.0000,0.0222,0.0000,0.0000,0.0000,0.0000,0.0004,0.0000,1.0000
42.4985,140.97,386.0000,0.0566,445.0000,0.0000,0.0222,0.0000,0.0000,0.0000,0.0000,0.0004,0.0000,1.0000
42.5185,140.97,386.0000,0.0566,445.0000,0.0000,0.0222,0.0000,0.0000,0.0000,0.0000,0.0004,0.0000,1.0000
42.5385,140.97,386.0000,0.0566,445.0000,0.0000,0.0222,0.0000,0.0000,0.0000,0.0000,0.0004,0.0000,1.0000
42.5585,140.97,386.0000,0.0566,445.0000,0.0000,0.0222,0.0000,0.0000,0.0000,0.0000,0.0004,0.0000,1.0000
42.5785,140.97,386.0000,0.0566,445.0000,0.0000,0.0222,0.0000,0.0000,0.0000,0.0000,0.0004,0.0000,1.0000
42.5985,140.97,386.0000,0.0566,445.0000,0.0000,0.0222,0.0000,0.0000,0.0000,0.0000,0.0004,0.0000,1.0000
42.6185,140.97,386.0000,0.0566,445.0000,0.0000,0.0222,0.0000,0.0000,0.0000,0.0000,0.0004,0.0000,1.0000
42.6385,140.97,386.0000,0.0566,445.0000,0.0000,0.0222,0.0000,0.0000,0.0000,0.0000,0.0004,0.0000,1.0000
42.6585,140.97,386.0000,0.0566,445.0000,0.0000,0.0222,0.0000,0.0000,0.0000,0.0000,0.0004,0.0000,1.0000
42.6785,140.97,386.0000,0.0566,445.0000,0.0000,0.0222,0.0000,0.0000,0.0000,0.0000,0.0004,0.0000,1.0000
42.6985,140.97,386.0000,0.0566,445.0000,0.0000,0.0222,0.0000,0.0000,0.0000,0.0000,0.0004,0.0000,1.0000
42.7185,140.97,386.0000,0.0566,445.0000,0.0000,0.0222,0.0000,0.0000,0.0000,0.0000,0.0004,0.0000,1.0000
42.7385,140.97,386.0000,0.0566,445.0000,0.0000,0.0222,0.0000,0.0000,0.0000,0.0000,0.0004,0.0000,1.0000
42.7585,140.97,386.0000,0.0566,445.0000,0.0000,0.0222,0.0000,0.0000,0.0000,0.0000,0.0004,0.0000,1.0000
42.7785,140.97,386.0000,0.0566,445.0000,0.0000,0.0222,0.0000,0.0000,0.0000,0.0000,0.0004,0.0000,1.0000
42.7985,140.97,386.0000,0.0566,445.0000,0.0000,0.0222,0.0000,0.0000,0.0000,0.0000,0.0004,0.0000,1.0000
42.8185,140.97,386.0000,0.0566,445.0000,0.0000,0.0222,0.0000,0.0000,0.0000,0.0000,0.0004,0.0000,1.0000
42.8385,140.97,386.0000,0.0566,445.0000,0.0000,0.0222,0.0000,0.0000,0.0000,0.0000,0.0004,0.0000,1.0000
42.8585,140.97,386.0000,0.0566,445.0000,0.0000,0.0222,0.0000,0.0000,0.0000,0.0000,0.0004,0.0000,1.0000
42.8785,140.97,386.0000,0.0566,445.0000,0.0000,0.0222,0.0000,0.0000,0.0000,0.0000,0.0004,0.0000,1.0000
42.8985,140.97,386.0000,0.0566,445.0000,0.0000,0.0222,0.0000,0.0000,0.0000,0.0000,0.0004,0.0000,1.0000
42.9185,140.97,386.0000,0.0566,445.0000,0.0000,0.0222,0.0000,0.0000,0.0000,0.0000,0.0004,0.0000,1.0000
42.9385,140.97,386.0000,0.0566,445.0000,0.0000,0.0222,0.0000,0.0000,0.0000,0.0000,0.0004,0.0000,1.0000
42.9585,140.97,386.0000,0.0566,445.0000,0.0000,0.0222,0.0000,0.0000,0.0000,0.0000,0.0004,0.0000,1.0000
42.9785,140.97,386.0000,0.0566,445.0000,0.0000,0.0222,0.0000,0.0000,0.0000,0.0000,0.0004,0.0000,1.0000
42.9985,140.97,386.0000,0.0566,445.0000,0.0000,0.0222,0.0000,0.0000,0.0000,0.0000,0.0004,0.0000,1.0000
43.0185,140.97,386.0000,0.0566,445.0000,0.0000,0.0222,0.0000,0.0000,0.0000,0.0000,0.0004,0.0000,1.0000
43.0385,140.97,386.0000,0.0566,445.0000,0.0000,0.0222,0.0000,0.0000,0.0000,0.0000,0.0004,0.0000,1.0000
43.0585,140.97,386.0000,0.0566,445.0000,0.0000,0.0222,0.0000,0.0000,0.0000,0.0000,0.0004,0.0000,1.0000
43.0785,140.97,386.0000,0.0566,445.0000,0.0000,0.0222,0.0000,0.0000,0.0000,0.0000,0.0004,0.0000,1.0000
43.0985,140.97,386.0000,0.0566,445.0000,0.0000,0.0222,0.0000,0.0000,0.0000,0.0000,0.0004,0.0000,1.0000
43.1185,140.97,386.0000,0.0566,445.0000,0.0000,0.0222,0.0000,0.0000,0.0000,0.0000,0.0004,0.0000,1.0000
43.1385,140.97,386.0000,0.0566,445.0000,0.0000,0.0222,0.0000,0.0000,0.0000,0.0000,0.0004,0.0000,1.0000
43.1585,140.97,386.0000,0.0566,445.0000,0.0000,0.0222,0.0000,0.0000,0.0000,0.0000,0.0004,0.0000,1.0000
43.1785,140.97,386.0000,0.0566,445.0000,0.0000,0.0222,0.0000,0.0000,0.0000,0.0000,0.0004,0.0000,1.0000
43.1985,140.97,386.0000,0.0566,445.0000,0.0000,0.0222,0.0000,0.0000,0.0000,0.0000,0.0004,0.0000,1.0000
43.2185,140.97,386.0000,0.0566,445.0000,0.0000,0.0222,0.0000,0.0000,0.0000,0.0000,0.0004,0.0000,1.0000
43.2385,140.97,386.0000,0.0566,445.0000,0.0000,0.0222,0.0000,0.0000,0.0000,0.0000,0.0004,0.0000,1.0000
43.2585,140.97,386.0000,0.0566,445.0000,0.0000,0.0222,0.0000,0.0000,0.0000,0.0000,0.0004,0.0000,1.0000
43.2785,140.97,386.0000,0.0566,445.0000,0.0000,0.0222,0.0000,0.0000,0.0000,0.0000,0.0004,0.0000,1.0000
43.2985,140.97,386.0000,0.0566,445.0000,0.0000,0.0222,0.0000,0.0000,0.0000,0.0000,0.0004,0.0000,1.0000
43.3185,143.95,386.0000,0.0566,445.0000,0.0000,0.0222,0.0000,0.0000,0.0000,0.0000,0.0004,0.0000,1.0000
43.3385,143.95,386.0000,0.0566,445.0000,0.0000,0.0222,0.0000,0.0000,0.0000,0.0000,0.0004,0.0000,1.0000
43.3585,143.95,386.0000,0.0566,445.0000,0.0000,0.0222,0.0000,0.0000,0.0000,0.0000,0.0004,0.0000,1.0000
43.3785,143.95,386.0000,0.0566,445.0000,0.0000,0.0222,0.0000,0.0000,0.0000,0.0000,0.0004,0.0000,1.0000
43.3985,143.95,386.0000,0.0566,445.0000,0.0000,0.0222,0.0000,0.0000,0.0000,0.0000,0.0004,0.0000,1.0000
43.4185,143.95,386.0000,0.0566,445.0000,0.0000,0.0222,0.0000,0.0000,0.0000,0.0000,0.0004,0.0000,1.0000
43.4385,143.95,386.0000,0.0566,445.0000,0.0000,0.0222,0.0000,0.0000,0.0000,0.0000,0.0004,0.0000,1.0000
43.4585,143.95,386.0000,0.0566,445.0000,0.0000,0.0222,0.0000,0.0000,0.0000,0.0000,0.0004,0.0000,1.0000
43.4785,143.95,386.0000,0.0566,445.0000,0.0000,0.0222,0.0000,0.0000,0.0000,0.0000,0.0004,0.0000,1.0000
43.4985,143.95,386.0000,0.0566,445.0000,0.0000,0.0222,0.0000,0.0000,0.0000,0.0000,0.0004,0.0000,1.0000
43.5185,143.95,386.0000,0.0566,445.0000,0.0000,0.0222,0.0000,0.0000,0.0000,0.0000,0.0004,0.0000,1.0000
43.5385,143.95,386.0000,0.0566,445.0000,0.0000,0.0222,0.0000,0.0000,0.0000,0.0000,0.0004,0.0000,1.0000
43.5585,143.95,386.0000,0.0566,445.0000,0.0000,0.0222,0.0000,0.0000,0.0000,0.0000,0.0004,0.0000,1.0000
43.5785,143.95,386.0000,0.0566,445.0000,0.0000,0.0222,0.0000,0.0000,0.0000,0.0000,0.0004,0.0000,1.0000
43.5985,143.95,386.0000,0.0566,445.0000,0.0000,0.0222,0.0000,0.0000,0.0000,0.0000,0.0004,0.0000,1.0000
43.6185,143.95,386.0000,0.0566,445.0000,0.0000,0.0222,0.0000,0.0000,0.0000,0.0000,0.0004,0.0000,1.0000
43.6385,143.95,386.0000,0.0566,445.0000,0.0000,0.0222,0.0000,0.0000,0.0000,0.0000,0.0004,0.0000,1.0000
43.6585,143.95,386.0000,0.0566,445.0000,0.0000,0.0222,0.0000,0.0000,0.0000,0.0000,0.0004,0.0000,1.0000
43.6785,143.95,386.0000,0.0566,445.0000,0.0000,0.0222,0.0000,0.0000,0.0000,0.0000,0.0004,0.0000,1.0000
43.6985,143.95,386.0000,0.0566,445.0000,0.0000,0.0222,0.0000,0.0000,0.0000,0.0000,0.0004,0.0000,1.0000
43.7185,143.95,386.0000,0.0566,445.0000,0.0000,0.0222,0.0000,0.0000,0.0000,0.0000,0.0004,0.0000,1.0000
43.7385,143.95,386.0000,0.0566,445.0000,0.0000,0.0222,0.0000,0.0000,0.0000,0.0000,0.0004,0.0000,1.0000
43.7585,143.95,386.0000,0.0566,445.0000,0.0000,0.0222,0.0000,0.0000,0.0000,0.0000,0.0004,0.0000,1.0000
43.7785,143.95,386.0000,0.0566,445.0000,0.0000,0.0222,0.0000,0.0000,0.0000,0.0000,0.0004,0.0000,1.0000
43.7985,143.95,386.0000,0.0566,445.0000,0.0000,0.0222,0.0000,0.0000,0.0000,0.0000,0.0004,0.0000,1.0000
43.8185,143.95,386.0000,0.0566,445.0000,0.0000,0.0222,0.0000,0.0000,0.0000,0.0000,0.0004,0.0000,1.0000
43.8385,143.95,386.0000,0.0566,445.0000,0.0000,0.0222,0.0000,0.0000,0.0000,0.0000,0.0004,0.0000,1.0000
43.8585,143.95,386.0000,0.0566,445.0000,0.0000,0.0222,0.0000,0.0000,0.0000,0.0000,0.0004,0.0000,1.0000
43.8785,143.95,386.0000,0.0566,445.0000,0.0000,0.0222,0.0000,0.0000,0.0000,0.0000,0.0004,0.0000,1.0000
43.8985,143.95,386.0000,0.0566,445.0000,0.0000,0.0222,0.0000,0.0000,0.0000,0.0000,0.0004,0.0000,1.0000
43.9185,143.95,386.0000,0.0566,445.0000,0.0000,0.0222,0.0000,0.0000,0.0000,0.0000,0.0004,0.0000,1.0000
43.9385,143.95,386.0000,0.0566,445.0000,0.0000,0.0222,0.0000,0.0000,0.0000,0.0000,0.0004,0.0000,1.0000
43.9585,143.95,386.0000,0.0566,445.0000,0.0000,0.0222,0.0000,0.0000,0.0000,0.0000,0.0004,0.0000,1.0000
43.9785,143.95,386.0000,0.0566,445.0000,0.0000,0.0222,0.0000,0.0000,0.0000,0.0000,0.0004,0.0000,1.0000
43.9985,143.95,386.0000,0.0566,445.0000,0.0000,0.0222,0.0000,0.0000,0.0000,0.0000,0.0004,0.0000,1.0000
44.0185,143.95,386.0000,0.0566,445.0000,0.0000,0.0222,0.0000,0.0000,0.0000,0.0000,0.0004,0.0000,1.0000
44.0385,143.95,386.0000,0.0566,445.0000,0.0000,0.0222,0.0000,0.0000,0.0000,0.0000,0.0004,0.0000,1.0000
44.0585,143.95,386.0000,0.0566,445.0000,0.0000,0.0222,0.0000,0.0000,0.0000,0.0000,0.0004,0.0000,1.0000
44.0785,143.95,386.0000,0.0566,445.0000,0.0000,0.0222,0.0000,0.0000,0.0000,0.0000,0.0004,0.0000,1.0000
44.0985,143.95,386.0000,0.0566,445.0000,0.0000,0.0222,0.0000,0.0000,0.0000,0.0000,0.0004,0.0000,1.0000
44.1185,143.95,386.0000,0.0566,445.0000,0.0000,0.0222,0.0000,0.0000,0.0000,0.0000,0.0004,0.0000,1.0000
44.1385,143.95,386.0000,0.0566,445.0000,0.0000,0.0222,0.0000,0.0000,0.0000,0.0000,0.0004,0.0000,1.0000
44.1585,143.95,386.0000,0.0566,445.0000,0.0000,0.0222,0.0000,0.0000,0.0000,0.0000,0.0004,0.0000,1.0000
44.1785,143.95,386.0000,0.0566,445.0000,0.0000,0.0222,0.0000,0.0000,0.0000,0.0000,0.0004,0.0000,1.0000
44.1985,143.95,386.0000,0.0566,445.0000,0.0000,0.0222,0.0000,0.0000,0.0000,0.0000,0.0004,0.0000,1.0000
44.2185,143.95,386.0000,0.0566,445.0000,0.0000,0.0222,0.0000,0.0000,0.0000,0.0000,0.0004,0.0000,1.0000
44.2385,143.95,386.0000,0.0566,445.0000,0.0000,0.0222,0.0000,0.0000,0.0000,0.0000,0.0004,0.0000,1.0000
44.2585,143.95,386.0000,0.0566,445.0000,0.0000,0.0222,0.0000,0.0000,0.0000,0.0000,0.0004,0.0000,1.0000
44.2785,143.95,386.0000,0.0566,445.0000,0.0000,0.0222,0.0000,0.0000,0.0000,0.0000,0.0004,0.0000,1.0000
44.2985,143.95,386.0000,0.0566,445.0000,0.0000,0.0222,0.0000,0.0000,0.0000,0.0000,0.0004,0.0000,1.0000
44.3185,143.95,386.0000,0.0566,445.0000,0.0000,0.0222,0.0000,0.0000,0.0000,0.0000,0.0004,0.0000,1.0000
44.3385,141.99,386.0000,0.0566,445.0000,0.0000,0.0222,0.0000,0.0000,0.0000,0.0000,0.0004,0.0000,1.0000
44.3585,141.99,386.0000,0.0566,445.0000,0.0000,0.0222,0.0000,0.0000,0.0000,0.0000,0.0004,0.0000,1.0000
44.3785,141.99,386.0000,0.0566,445.0000,0.0000,0.0222,0.0000,0.0000,0.0000,0.0000,0.0004,0.0000,1.0000
44.3985,141.99,386.0000,0.0566,445.0000,0.0000,0.0222,0.0000,0.0000,0.0000,0.0000,0.0004,0.0000,1.0000
44.4185,141.99,386.0000,0.0566,445.0000,0.0000,0.0222,0.0000,0.0000,0.0000,0.0000,0.0004,0.0000,1.0000
44.4385,141.99,386.0000,0.0566,445.0000,0.0000,0.0222,0.0000,0.0000,0.0000,0.0000,0.0004,0.0000,1.0000
44.4585,141.99,386.0000,0.0566,445.0000,0.0000,0.0222,0.0000,0.0000,0.0000,0.0000,0.0004,0.0000,1.0000
44.4785,141.99,386.0000,0.0566,445.0000,0.0000,0.0222,0.0000,0.0000,0.0000,0.0000,0.0004,0.0000,1.0000
44.4985,141.99,386.0000,0.0566,445.0000,0.0000,0.0222,0.0000,0.0000,0.0000,0.0000,0.0004,0.0000,1.0000
44.5185,141.99,386.0000,0.0566,445.0000,0.0000,0.0222,0.0000,0.0000,0.0000,0.0000,0.0004,0.0000,1.0000
44.5385,141.99,386.0000,0.0566,445.0000,0.0000,0.0222,0.0000,0.0000,0.0000,0.0000,0.0004,0.0000,1.0000
44.5585,141.99,386.0000,0.0566,445.0000,0.0000,0.0222,0.0000,0.0000,0.0000,0.0000,0.0004,0.0000,1.0000
44.5785,141.99,386.0000,0.0566,445.0000,0.0000,0.0222,0.0000,0.0000,0.0000,0.0000,0.0004,0.0000,1.0000
44.5985,141.99,386.0000,0.0566,445.0000,0.0000,0.0222,0.0000,0.0000,0.0000,0.0000,0.0004,0.0000,1.0000
44.6185,141.99,386.0000,0.0566,445.0000,0.0000,0.0222,0.0000,0.0000,0.0000,0.0000,0.0004,0.0000,1.0000
44.6385,141.99,386.0000,0.0566,445.0000,0.0000,0.0222,0.0000,0.0000,0.0000,0.0000,0.0004,0.0000,1.0000
44.6585,141.99,386.0000,0.0566,445.0000,0.0000,0.0222,0.0000,0.0000,0.0000,0.0000,0.0004,0.0000,1.0000
44.6785,141.99,386.0000,0.0566,445.0000,0.0000,0.0222,0.0000,0.0000,0.0000,0.0000,0.0004,0.0000,1.0000
44.6985,141.99,386.0000,0.0566,445.0000,0.0000,0.0222,0.0000,0.0000,0.0000,0.0000,0.0004,0.0000,1.0000
44.7185,141.99,386.0000,0.0566,445.0000,0.0000,0.0222,0.0000,0.0000,0.0000,0.0000,0.0004,0.0000,1.0000
44.7385,141.99,386.0000,0.0566,445.0000,0.0000,0.0222,0.0000,0.0000,0.0000,0.0000,0.0004,0.0000,1.0000
44.7585,141.99,386.0000,0.0566,445.0000,0.0000,0.0222,0.0000,0.0000,0.0000,0.0000,0.0004,0.0000,1.0000
44.7785,141.99,386.0000,0.0566,445.0000,0.0000,0.0222,0.0000,0.0000,0.0000,0.0000,0.0004,0.0000,1.0000
44.7985,141.99,386.0000,0.0566,445.0000,0.0000,0.0222,0.0000,0.0000,0.0000,0.0000,0.0004,0.0000,1.0000
44.8185,141.99,386.0000,0.0566,445.0000,0.0000,0.0222,0.0000,0.0000,0.0000,0.0000,0.0004,0.0000,1.0000
44.8385,141.99,386.0000,0.0566,445.0000,0.0000,0.0222,0.0000,0.0000,0.0000,0.0000,0.0004,0.0000,1.0000
44.8585,141.99,386.0000,0.0566,445.0000,0.0000,0.0222,0.0000,0.0000,0.0000,0.0000,0.0004,0.0000,1.0000
44.8785,141.99,386.0000,0.0566,445.0000,0.0000,0.0222,0.0000,0.0000,0.0000,0.0000,0.0004,0.0000,1.0000
44.8985,141.99,386.0000,0.0566,445.0000,0.0000,0.0222,0.0000,0.0000,0.0000,0.0000,0.0004,0.0000,1.0000
44.9185,141.99,386.0000,0.0566,445.0000,0.0000,0.0222,0.0000,0.0000,0.0000,0.0000,0.0004,0.0000,1.0000
44.9385,141.99,386.0000,0.0566,445.0000,0.0000,0.0222,0.0000,0.0000,0.0000,0.0000,0.0004,0.0000,1.0000
44.9585,141.99,386.0000,0.0566,445.0000,0.0000,0.0222,0.0000,0.0000,0.0000,0.0000,0.0004,0.0000,1.0000
44.9785,141.99,386.0000,0.0566,445.0000,0.0000,0.0222,0.0000,0.0000,0.0000,0.0000,0.0004,0.0000,1.0000
44.9985,141.99,386.0000,0.0566,445.0000,0.0000,0.0222,0.0000,0.0000,0.0000,0.0000,0.0004,0.0000,1.0000
45.0185,141.99,386.0000,0.0566,445.0000,0.0000,0.0222,0.0000,0.0000,0.0000,0.0000,0.0004,0.0000,1.0000
45.0385,141.99,386.0000,0.0566,445.0000,0.0000,0.0222,0.0000,0.0000,0.0000,0.0000,0.0004,0.0000,1.0000
45.0585,141.99,386.0000,0.0566,445.0000,0.0000,0.0222,0.0000,0.0000,0.0000,0.0000,0.0004,0.0000,1.0000
45.0785,141.99,386.0000,0.0566,445.0000,0.0000,0.0222,0.0000,0.0000,0.0000,0.0000,0.0004,0.0000,1.0000
45.0985,141.99,386.0000,0.0566,445.0000,0.0000,0.0222,0.0000,0.0000,0.0000,0.0000,0.0004,0.0000,1.0000
45.1185,141.99,386.0000,0.0566,445.0000,0.0000,0.0222,0.0000,0.0000,0.0000,0.0000,0.0004,0.0000,1.0000
45.1385,141.99,386.0000,0.0566,445.0000,0.0000,0.0222,0.0000,0.0000,0.0000,0.0000,0.0004,0.0000,1.0000
45.1585,141.99,386.0000,0.0566,445.0000,0.0000,0.0222,0.0000,0.0000,0.0000,0.0000,0.0004,0.0000,1.0000
45.1785,141.99,386.0000,0.0566,445.0000,0.0000,0.0222,0.0000,0.0000,0.0000,0.0000,0.0004,0.0000,1.0000
45.1985,141.99,386.0000,0.0566,445.0000,0.0000,0.0222,0.0000,0.0000,0.0000,0.0000,0.0004,0.0000,1.0000
45.2185,141.99,386.0000,0.0566,445.0000,0.0000,0.0222,0.0000,0.0000,0.0000,0.0000,0.0004,0.0000,1.0000
45.2385,141.99,386.0000,0.0566,445.0000,0.0000,0.0222,0.0000,0.0000,0.0000,0.0000,0.0004,0.0000,1.0000
45.2585,141.99,386.0000,0.0566,445.0000,0.0000,0.0222,0.0000,0.0000,0.0000,0.0000,0.0004,0.0000,1.0000
45.2785,141.99,386.0000,0.0566,445.0000,0.0000,0.0222,0.0000,0.0000,0.0000,0.0000,0.0004,0.0000,1.0000
45.2985,141.99,386.0000,0.0566,445.0000,0.0000,0.0222,0.0000,0.0000,0.0000,0.0000,0.0004,0.0000,1.0000
45.3185,141.99,386.0000,0.0566,445.0000,0.0000,0.0222,0.0000,0.0000,0.0000,0.0000,0.0004,0.0000,1.0000
45.3385,145.81,386.0000,0.0566,445.0000,0.0000,0.0222,0.0000,0.0000,0.0000,0.0000,0.0004,0.0000,1.0000
45.3585,145.81,386.0000,0.0566,445.0000,0.0000,0.0222,0.0000,0.0000,0.0000,0.0000,0.0004,0.0000,1.0000
45.3785,145.81,386.0000,0.0566,445.0000,0.0000,0.0222,0.0000,0.0000,0.0000,0.0000,0.0004,0.0000,1.0000
45.3985,145.81,386.0000,0.0566,445.0000,0.0000,0.0222,0.0000,0.0000,0.0000,0.0000,0.0004,0.0000,1.0000
45.4185,145.81,386.0000,0.0566,445.0000,0.0000,0.0222,0.0000,0.0000,0.0000,0.0000,0.0004,0.0000,1.0000
45.4385,145.81,386.0000,0.0566,445.0000,0.0000,0.0222,0.0000,0.0000,0.0000,0.0000,0.0004,0.0000,1.0000
45.4585,145.81,386.0000,0.0566,445.0000,0.0000,0.0222,0.0000,0.0000,0.0000,0.0000,0.0004,0.0000,1.0000
45.4785,145.81,386.0000,0.0566,445.0000,0.0000,0.0222,0.0000,0.0000,0.0000,0.0000,0.0004,0.0000,1.0000
45.4985,145.81,386.0000,0.0566,445.0000,0.0000,0.0222,0.0000,0.0000,0.0000,0.0000,0.0004,0.0000,1.0000
45.5185,145.81,386.0000,0.0566,445.0000,0.0000,0.0222,0.0000,0.0000,0.0000,0.0000,0.0004,0.0000,1.0000
45.5385,145.81,386.0000,0.0566,445.0000,0.0000,0.0222,0.0000,0.0000,0.0000,0.0000,0.0004,0.0000,1.0000
45.5585,145.81,386.0000,0.0566,445.0000,0.0000,0.0222,0.0000,0.0000,0.0000,0.0000,0.0004,0.0000,1.0000
45.5785,145.81,386.0000,0.0566,445.0000,0.0000,0.0222,0.0000,0.0000,0.0000,0.0000,0.0004,0.0000,1.0000
45.5985,145.81,386.0000,0.0566,445.0000,0.0000,0.0222,0.0000,0.0000,0.0000,0.0000,0.0004,0.0000,1.0000
45.6185,145.81,386.0000,0.0566,445.0000,0.0000,0.0222,0.0000,0.0000,0.0000,0.0000,0.0004,0.0000,1.0000
45.6385,145.81,386.0000,0.0566,445.0000,0.0000,0.0222,0.0000,0.0000,0.0000,0.0000,0.0004,0.0000,1.0000
45.6585,145.81,386.0000,0.0566,445.0000,0.0000,0.0222,0.0000,0.0000,0.0000,0.0000,0.0004,0.0000,1.0000
45.6785,145.81,386.0000,0.0566,445.0000,0.0000,0.0222,0.0000,0.0000,0.0000,0.0000,0.0004,0.0000,1.0000
45.6985,145.81,386.0000,0.0566,445.0000,0.0000,0.0222,0.0000,0.0000,0.0000,0.0000,0.0004,0.0000,1.0000
45.7185,145.81,386.0000,0.0566,445.0000,0.0000,0.0222,0.0000,0.0000,0.0000,0.0000,0.0004,0.0000,1.0000
45.7385,145.81,386.0000,0.0566,445.0000,0.0000,0.0222,0.0000,0.0000,0.0000,0.0000,0.0004,0.0000,1.0000
45.7585,145.81,386.0000,0.0566,445.0000,0.0000,0.0222,0.0000,0.0000,0.0000,0.0000,0.0004,0.0000,1.0000
45.7785,145.81,386.0000,0.0566,445.0000,0.0000,0.0222,0.0000,0.0000,0.0000,0.0000,0.0004,0.0000,1.0000
45.7985,145.81,386.0000,0.0566,445.0000,0.0000,0.0222,0.0000,0.0000,0.0000,0.0000,0.0004,0.0000,1.0000
45.8185,145.81,386.0000,0.0566,445.0000,0.0000,0.0222,0.0000,0.0000,0.0000,0.0000,0.0004,0.0000,1.0000
45.8385,145.81,386.0000,0.0566,445.0000,0.0000,0.0222,0.0000,0.0000,0.0000,0.0000,0.0004,0.0000,1.0000
45.8585,145.81,386.0000,0.0566,445.0000,0.0000,0.0222,0.0000,0.0000,0.0000,0.0000,0.0004,0.0000,1.0000
45.8785,145.81,386.0000,0.0566,445.0000,0.0000,0.0222,0.0000,0.0000,0.0000,0.0000,0.0004,0.0000,1.0000
45.8985,145.81,386.0000,0.0566,445.0000,0.0000,0.0222,0.0000,0.0000,0.0000,0.0000,0.0004,0.0000,1.0000
45.9185,145.81,386.0000,0.0566,445.0000,0.0000,0.0222,0.0000,0.0000,0.0000,0.0000,0.0004,0.0000,1.0000
45.9385,145.81,386.0000,0.0566,445.0000,0.0000,0.0222,0.0000,0.0000,0.0000,0.0000,0.0004,0.0000,1.0000
45.9585,145.81,386.0000,0.0566,445.0000,0.0000,0.0222,0.0000,0.0000,0.0000,0.0000,0.0004,0.0000,1.0000
45.9785,145.81,386.0000,0.0566,445.0000,0.0000,0.0222,0.0000,0.0000,0.0000,0.0000,0.0004,0.0000,1.0000
45.9985,145.81,386.0000,0.0566,445.0000,0.0000,0.0222,0.0000,0.0000,0.0000,0.0000,0.0004,0.0000,1.0000
46.0185,145.81,386.0000,0.0566,445.0000,0.0000,0.0222,0.0000,0.0000,0.0000,0.0000,0.0004,0.0000,1.0000
46.0385,145.81,386.0000,0.0566,445.0000,0.0000,0.0222,0.0000,0.0000,0.0000,0.0000,0.0004,0.0000,1.0000
46.0585,145.81,386.0000,0.0566,445.0000,0.0000,0.0222,0.0000,0.0000,0.0000,0.0000,0.0004,0.0000,1.0000
46.0785,145.81,386.0000,0.0566,445.0000,0.0000,0.0222,0.0000,0.0000,0.0000,0.0000,0.0004,0.0000,1.0000
46.0985,145.81,386.0000,0.0566,445.0000,0.0000,0.0222,0.0000,0.0000,0.0000,0.0000,0.0004,0.0000,1.0000
46.1185,145.81,386.0000,0.0583,445.0000,359.9765,0.0221,0.0164,-0.0010,0.0894,-0.0011,0.0004,0.0004,1.0000
46.1385,145.81,385.9999,0.0615,444.9999,359.9346,0.0222,0.0456,-0.0014,0.1591,-0.0020,0.0004,0.0011,1.0000
46.1585,145.81,385.9999,0.0661,444.9999,359.8737,0.0223,0.0878,-0.0021,0.2308,-0.0029,0.0004,0.0022,1.0000
46.1785,145.81,385.9998,0.0721,444.9998,359.7948,0.0219,0.1428,-0.0029,0.2999,-0.0043,0.0004,0.0036,1.0000
46.1985,145.81,385.9998,0.0795,444.9997,359.6981,0.0221,0.2104,-0.0033,0.3677,-0.0062,0.0004,0.0053,1.0000
46.2185,145.81,385.9997,0.0882,444.9995,359.5842,0.0215,0.2903,-0.0054,0.4336,-0.0076,0.0004,0.0073,1.0000
46.2385,145.81,385.9995,0.0981,444.9993,359.4536,0.0206,0.3821,-0.0079,0.4979,-0.0090,0.0004,0.0095,1.0000
46.2585,145.81,385.9993,0.1093,444.9991,359.3066,0.0183,0.4856,-0.0107,0.5605,-0.0114,0.0003,0.0121,0.9999
46.2785,145.81,385.9991,0.1218,444.9987,359.1437,0.0166,0.6007,-0.0115,0.6218,-0.0151,0.0003,0.0149,0.9999
46.2985,145.81,385.9988,0.1354,444.9984,358.9656,0.0147,0.7273,-0.0131,0.6815,-0.0191,0.0003,0.0181,0.9998
46.3185,145.81,385.9985,0.1502,444.9979,358.7727,0.0121,0.8651,-0.0158,0.7396,-0.0224,0.0002,0.0214,0.9998
46.3385,116.63,385.9981,0.1661,444.9974,358.5652,0.0086,1.0138,-0.0194,0.7960,-0.0257,0.0001,0.0250,0.9997
46.3585,116.63,385.9977,0.1831,444.9967,358.3436,0.0046,1.1731,-0.0225,0.8512,-0.0327,0.0001,0.0289,0.9996
46.3785,116.63,385.9971,0.2012,444.9959,358.1086,0.0001,1.3429,-0.0254,0.9047,-0.0387,0.0000,0.0330,0.9995
46.3985,116.63,385.9966,0.2204,444.9951,357.8604,-0.0052,1.5232,-0.0287,0.9568,-0.0445,-0.0001,0.0373,0.9993
46.4185,116.63,385.9959,0.2405,444.9940,357.5996,359.9889,1.7137,-0.0329,1.0075,-0.0537,-0.0002,0.0419,0.9991
46.4385,116.63,385.9951,0.2617,444.9928,357.3264,359.9823,1.9141,-0.0368,1.0566,-0.0611,-0.0003,0.0466,0.9989
46.4585,116.63,385.9943,0.2838,444.9913,357.0414,359.9748,2.1243,-0.0416,1.1043,-0.0713,-0.0004,0.0516,0.9987
46.4785,116.63,385.9933,0.3068,444.9897,356.7449,359.9663,2.3443,-0.0468,1.1502,-0.0820,-0.0006,0.0568,0.9984
46.4985,116.63,385.9923,0.3307,444.9878,356.4373,359.9571,2.5736,-0.0521,1.1955,-0.0920,-0.0007,0.0621,0.9981
46.5185,116.63,385.9911,0.3555,444.9857,356.1189,359.9467,2.8121,-0.0572,1.2391,-0.1032,-0.0009,0.0677,0.9977
46.5385,116.63,385.9898,0.3811,444.9834,355.7902,359.9350,3.0598,-0.0637,1.2808,-0.1158,-0.0011,0.0734,0.9973
46.5585,116.63,385.9884,0.4075,444.9808,355.4515,359.9223,3.3162,-0.0705,1.3220,-0.1284,-0.0014,0.0793,0.9968
46.5785,116.63,385.9868,0.4347,444.9779,355.1028,359.9083,3.5817,-0.0773,1.3610,-0.1419,-0.0016,0.0854,0.9963
46.5985,116.63,385.9851,0.4627,444.9748,354.7448,359.8932,3.8557,-0.0861,1.3989,-0.1571,-0.0019,0.0916,0.9958
46.6185,116.63,385.9832,0.4915,444.9713,354.3779,359.8763,4.1381,-0.0939,1.4359,-0.1725,-0.0021,0.0980,0.9952
46.6385,116.63,385.9811,0.5209,444.9675,354.0023,359.8589,4.4285,-0.1063,1.4710,-0.1909,-0.0024,0.1045,0.9945
46.6585,116.63,385.9787,0.5510,444.9633,353.6183,359.8412,4.7266,-0.1210,1.5039,-0.2110,-0.0028,0.1112,0.9938
46.6785,116.63,385.9759,0.5817,444.9586,353.2263,359.8232,5.0319,-0.1372,1.5362,-0.2327,-0.0031,0.1179,0.9930
46.6985,116.63,385.9728,0.6131,444.9535,352.8269,359.8048,5.3440,-0.1545,1.5675,-0.2558,-0.0034,0.1249,0.9922
46.7185,116.63,385.9694,0.6450,444.9479,352.4207,359.7859,5.6624,-0.1730,1.5981,-0.2804,-0.0037,0.1319,0.9913
46.7385,116.63,385.9655,0.6776,444.9418,352.0082,359.7665,5.9867,-0.1927,1.6277,-0.3065,-0.0040,0.1390,0.9903
46.7585,116.63,385.9613,0.7107,444.9351,351.5901,359.7464,6.3166,-0.2135,1.6565,-0.3341,-0.0044,0.1463,0.9892
46.7785,116.63,385.9566,0.7444,444.9278,351.1667,359.7256,6.6515,-0.2355,1.6844,-0.3631,-0.0047,0.1536,0.9881
46.7985,116.63,385.9514,0.7787,444.9200,350.7386,359.7039,6.9912,-0.2587,1.7113,-0.3937,-0.0051,0.1609,0.9870
46.8185,116.63,385.9457,0.8134,444.9114,350.3062,359.6814,7.3352,-0.2831,1.7373,-0.4258,-0.0055,0.1684,0.9857
46.8385,116.63,385.9395,0.8487,444.9023,349.8701,359.6580,7.6834,-0.3087,1.7623,-0.4593,-0.0059,0.1759,0.9844
46.8585,116.63,385.9328,0.8844,444.8924,349.4307,359.6336,8.0352,-0.3355,1.7863,-0.4943,-0.0063,0.1834,0.9830
46.8785,116.63,385.9256,0.9206,444.8817,348.9883,359.6082,8.3904,-0.3635,1.8093,-0.5308,-0.0067,0.1910,0.9816
46.8985,116.63,385.9177,0.9573,444.8704,348.5433,359.5819,8.7488,-0.3927,1.8313,-0.5687,-0.0072,0.1986,0.9800
46.9185,116.63,385.9093,0.9943,444.8582,348.0961,359.5546,9.1100,-0.4230,1.8523,-0.6081,-0.0076,0.2063,0.9785
46.9385,116.63,385.9002,1.0318,444.8452,347.6472,359.5262,9.4737,-0.4546,1.8722,-0.6489,-0.0081,0.2139,0.9768
46.9585,116.63,385.8904,1.0696,444.8314,347.1969,359.4968,9.8395,-0.4872,1.8902,-0.6909,-0.0086,0.2216,0.9751
46.9785,116.63,385.8800,1.1077,444.8167,346.7462,359.4664,10.2067,-0.5208,1.9061,-0.7342,-0.0091,0.2293,0.9733
46.9985,116.63,385.8689,1.1461,444.8011,346.2960,359.4350,10.5744,-0.5556,1.9199,-0.7788,-0.0096,0.2369,0.9715
47.0185,116.63,385.8571,1.1848,444.7846,345.8470,359.4025,10.9419,-0.5914,1.9316,-0.8245,-0.0101,0.2445,0.9696
47.0385,116.63,385.8445,1.2236,444.7672,345.4000,359.3690,11.3086,-0.6282,1.9414,-0.8714,-0.0107,0.2521,0.9677
47.0585,116.63,385.8312,1.2626,444.7488,344.9558,359.3347,11.6738,-0.6660,1.9492,-0.9195,-0.0112,0.2596,0.9657
47.0785,116.63,385.8171,1.3017,444.7294,344.5150,359.2996,12.0369,-0.7048,1.9551,-0.9686,-0.0118,0.2670,0.9636
47.0985,116.63,385.8022,1.3409,444.7090,344.0782,359.2637,12.3972,-0.7446,1.9592,-1.0188,-0.0124,0.2743,0.9616
47.1185,116.63,385.7865,1.3802,444.6877,343.6461,359.2273,12.7542,-0.7852,1.9614,-1.0700,-0.0129,0.2816,0.9595
47.1385,116.63,385.7699,1.4194,444.6652,343.2194,359.1904,13.1074,-0.8267,1.9619,-1.1222,-0.0135,0.2887,0.9573
47.1585,116.63,385.7525,1.4586,444.6417,342.7984,359.1533,13.4561,-0.8691,1.9607,-1.1753,-0.0141,0.2957,0.9552
47.1785,116.63,385.7343,1.4978,444.6171,342.3838,359.1160,13.7999,-0.9123,1.9578,-1.2293,-0.0147,0.3026,0.9530
47.1985,116.63,385.7151,1.5369,444.5914,341.9760,359.0788,14.1383,-0.9563,1.9534,-1.2842,-0.0153,0.3094,0.9508
47.2185,116.63,385.6951,1.5758,444.5646,341.5755,359.0419,14.4709,-1.0011,1.9474,-1.3399,-0.0159,0.3161,0.9486
47.2385,116.63,385.6742,1.6146,444.5367,341.1827,359.0055,14.7972,-1.0466,1.9399,-1.3963,-0.0164,0.3226,0.9464
47.2585,116.63,385.6523,1.6533,444.5076,340.7979,358.9697,15.1168,-1.0928,1.9310,-1.4535,-0.0170,0.3289,0.9442
47.2785,116.63,385.6295,1.6917,444.4774,340.4215,358.9348,15.4294,-1.1397,1.9207,-1.5115,-0.0175,0.3351,0.9420
47.2985,116.63,385.6058,1.7299,444.4460,340.0539,358.9009,15.7345,-1.1872,1.9091,-1.5701,-0.0180,0.3411,0.9398
47.3185,116.63,385.5811,1.7678,444.4134,339.6953,358.8683,16.0318,-1.2354,1.8963,-1.6293,-0.0185,0.3470,0.9377
47.3385,145.33,385.5554,1.8055,444.3796,339.3459,358.8371,16.3210,-1.2841,1.8823,-1.6891,-0.0190,0.3527,0.9355
47.3585,145.33,385.5287,1.8428,444.3446,339.0061,358.8076,16.6018,-1.3334,1.8671,-1.7494,-0.0194,0.3583,0.9334
47.3785,145.33,385.5010,1.8798,444.3084,338.6760,358.7798,16.8738,-1.3832,1.8508,-1.8102,-0.0198,0.3636,0.9313
47.3985,145.33,385.4724,1.9165,444.2709,338.3557,358.7542,17.1369,-1.4335,1.8335,-1.8715,-0.0202,0.3688,0.9293
47.4185,145.33,385.4427,1.9528,444.2323,338.0455,358.7307,17.3907,-1.4843,1.8152,-1.9333,-0.0205,0.3739,0.9273
47.4385,145.33,385.4120,1.9887,444.1924,337.7454,358.7095,17.6350,-1.5355,1.7961,-1.9954,-0.0208,0.3787,0.9253
47.4585,145.33,385.3802,2.0243,444.1512,337.4555,358.6910,17.8697,-1.5872,1.7760,-2.0579,-0.0211,0.3834,0.9233
47.4785,145.33,385.3475,2.0594,444.1088,337.1761,358.6751,18.0945,-1.6392,1.7551,-2.1207,-0.0213,0.3879,0.9215
47.4985,145.33,385.3136,2.0940,444.0651,336.9069,358.6620,18.3093,-1.6915,1.7335,-2.1838,-0.0215,0.3922,0.9196
47.5185,145.33,385.2787,2.1283,444.0201,336.6482,358.6520,18.5138,-1.7442,1.7112,-2.2471,-0.0216,0.3964,0.9178
47.5385,145.33,385.2428,2.1620,443.9739,336.4000,358.6451,18.7081,-1.7972,1.6882,-2.3107,-0.0217,0.4003,0.9161
47.5585,145.33,385.2058,2.1953,443.9265,336.1621,358.6416,18.8920,-1.8505,1.6646,-2.3745,-0.0217,0.4042,0.9144
47.5785,145.33,385.1677,2.2282,443.8777,335.9347,358.6415,19.0653,-1.9040,1.6405,-2.4383,-0.0216,0.4078,0.9128
47.5985,145.33,385.1285,2.2605,443.8276,335.7177,358.6450,19.2280,-1.9577,1.6158,-2.5024,-0.0216,0.4112,0.9113
47.6185,145.33,385.0883,2.2923,443.7763,335.5109,358.6522,19.3802,-2.0116,1.5907,-2.5664,-0.0214,0.4145,0.9098
47.6385,145.33,385.0470,2.3236,443.7237,335.3145,358.6633,19.5217,-2.0656,1.5651,-2.6306,-0.0212,0.4176,0.9084
47.6585,145.33,385.0046,2.3544,443.6698,335.1282,358.6784,19.6526,-2.1197,1.5392,-2.6948,-0.0209,0.4206,0.9070
47.6785,145.33,384.9611,2.3846,443.6146,334.9521,358.6975,19.7728,-2.1740,1.5130,-2.7589,-0.0206,0.4234,0.9057
47.6985,145.33,384.9166,2.4144,443.5582,334.7859,358.7208,19.8824,-2.2283,1.4864,-2.8231,-0.0202,0.4260,0.9045
47.7185,145.33,384.8709,2.4436,443.5004,334.6296,358.7484,19.9815,-2.2827,1.4596,-2.8871,-0.0197,0.4285,0.9033
47.7385,145.33,384.8242,2.4722,443.4414,334.4832,358.7803,20.0701,-2.3370,1.4326,-2.9511,-0.0192,0.4308,0.9023
47.7585,145.33,384.7763,2.5003,443.3811,334.3464,358.8167,20.1484,-2.3914,1.4054,-3.0150,-0.0186,0.4329,0.9012
47.7785,145.33,384.7274,2.5279,443.3195,334.2191,358.8574,20.2163,-2.4457,1.3781,-3.0788,-0.0180,0.4349,0.9003
47.7985,145.33,384.6774,2.5549,443.2567,334.1012,358.9027,20.2741,-2.5000,1.3507,-3.1423,-0.0172,0.4368,0.8994
47.8185,145.33,384.6263,2.5814,443.1926,333.9926,358.9524,20.3218,-2.5542,1.3232,-3.2057,-0.0164,0.4385,0.8986
47.8385,145.33,384.5742,2.6073,443.1272,333.8931,359.0067,20.3596,-2.6083,1.2956,-3.2689,-0.0156,0.4400,0.8978
47.8585,145.33,384.5209,2.6326,443.0605,333.8026,359.0653,20.3877,-2.6623,1.2681,-3.3319,-0.0146,0.4415,0.8972
47.8785,145.33,384.4666,2.6574,442.9926,333.7209,359.1286,20.4062,-2.7161,1.2405,-3.3946,-0.0136,0.4427,0.8965
47.8985,145.33,384.4112,2.6817,442.9235,333.6479,359.1962,20.4153,-2.7697,1.2131,-3.4571,-0.0126,0.4439,0.8960
47.9185,145.33,384.3548,2.7054,442.8531,333.5835,359.2682,20.4151,-2.8232,1.1857,-3.5193,-0.0114,0.4449,0.8955
47.9385,145.33,384.2972,2.7286,442.7815,333.5273,359.3445,20.4059,-2.8764,1.1584,-3.5812,-0.0102,0.4458,0.8951
47.9585,145.33,384.2386,2.7512,442.7086,333.4794,359.4252,20.3879,-2.9294,1.1312,-3.6428,-0.0090,0.4465,0.8947
47.9785,145.33,384.1790,2.7733,442.6346,333.4395,359.5100,20.3611,-2.9822,1.1042,-3.7041,-0.0076,0.4471,0.8944
47.9985,145.33,384.1183,2.7948,442.5593,333.4076,359.5990,20.3260,-3.0347,1.0773,-3.7650,-0.0063,0.4476,0.8942
48.0185,145.33,384.0566,2.8159,442.4828,333.3833,359.6920,20.2826,-3.0869,1.0506,-3.8256,-0.0048,0.4480,0.8940
48.0385,145.33,383.9938,2.8363,442.4050,333.3667,359.7891,20.2311,-3.1388,1.0242,-3.8858,-0.0033,0.4483,0.8939
48.0585,145.33,383.9300,2.8563,442.3261,333.3574,359.8902,20.1720,-3.1904,0.9979,-3.9457,-0.0017,0.4484,0.8938
48.0785,145.33,383.8652,2.8757,442.2460,333.3554,-0.0049,20.1052,-3.2416,0.9720,-4.0052,-0.0001,0.4485,0.8938
48.0985,145.33,383.7993,2.8947,442.1647,333.3604,0.1039,20.0313,-3.2925,0.9463,-4.0642,0.0016,0.4484,0.8938
48.1185,145.33,383.7325,2.9131,442.0822,333.3723,0.2165,19.9502,-3.3430,0.9208,-4.1229,0.0034,0.4482,0.8939
48.1385,145.33,383.6646,2.9310,441.9986,333.3910,0.3328,19.8623,-3.3931,0.8957,-4.1812,0.0052,0.4479,0.8941
48.1585,145.33,383.5957,2.9484,441.9138,333.4161,0.4527,19.7678,-3.4428,0.8709,-4.2390,0.0071,0.4475,0.8943
48.1785,145.33,383.5259,2.9653,441.8279,333.4477,0.5763,19.6671,-3.4920,0.8463,-4.2963,0.0090,0.4470,0.8945
48.1985,145.33,383.4550,2.9818,441.7408,333.4855,0.7034,19.5602,-3.5409,0.8222,-4.3532,0.0110,0.4464,0.8948
48.2185,145.33,383.3833,2.9977,441.6526,333.5293,0.8340,19.4475,-3.5893,0.7983,-4.4096,0.0130,0.4457,0.8951
48.2385,145.33,383.3105,3.0132,441.5634,333.5790,0.9681,19.3293,-3.6372,0.7748,-4.4656,0.0151,0.4450,0.8954
48.2585,145.33,383.2368,3.0283,441.4729,333.6344,1.1055,19.2056,-3.6846,0.7517,-4.5210,0.0173,0.4441,0.8958
48.2785,145.33,383.1622,3.0429,441.3814,333.6953,1.2463,19.0768,-3.7316,0.7290,-4.5758,0.0195,0.4431,0.8962
48.2985,145.33,383.0866,3.0570,441.2888,333.7616,1.3902,18.9431,-3.7780,0.7066,-4.6301,0.0218,0.4421,0.8967
48.3185,145.33,383.0102,3.0707,441.1951,333.8330,1.5374,18.8048,-3.8240,0.6846,-4.6839,0.0241,0.4410,0.8972
48.3385,143.24,382.9328,3.0839,441.1004,333.9096,1.6876,18.6621,-3.8694,0.6630,-4.7370,0.0264,0.4398,0.8977
48.3585,143.24,382.8545,3.0968,441.0046,333.9909,1.8408,18.5151,-3.9142,0.6418,-4.7895,0.0289,0.4385,0.8983
48.3785,143.24,382.7753,3.1092,440.9078,334.0770,1.9969,18.3642,-3.9585,0.6210,-4.8414,0.0313,0.4372,0.8988
48.3985,143.24,382.6953,3.1212,440.8099,334.1676,2.1558,18.2095,-4.0023,0.6006,-4.8926,0.0339,0.4357,0.8994
48.4185,143.24,382.6144,3.1328,440.7111,334.2626,2.3174,18.0513,-4.0455,0.5806,-4.9432,0.0364,0.4342,0.9001
48.4385,143.24,382.5326,3.1440,440.6112,334.3618,2.4816,17.8899,-4.0881,0.5610,-4.9930,0.0390,0.4327,0.9007
48.4585,143.24,382.4500,3.1549,440.5104,334.4650,2.6483,17.7254,-4.1301,0.5418,-5.0421,0.0417,0.4311,0.9014
48.4785,143.24,382.3666,3.1653,440.4086,334.5720,2.8173,17.5580,-4.1715,0.5231,-5.0904,0.0444,0.4294,0.9020
48.4985,143.24,382.2823,3.1754,440.3058,334.6827,2.9886,17.3880,-4.2122,0.5047,-5.1379,0.0471,0.4276,0.9027
48.5185,143.24,382.1973,3.1852,440.2021,334.7970,3.1621,17.2156,-4.2523,0.4868,-5.1847,0.0499,0.4258,0.9034
48.5385,143.24,382.1114,3.1946,440.0975,334.9146,3.3376,17.0410,-4.2918,0.4693,-5.2305,0.0527,0.4240,0.9041
48.5585,143.24,382.0248,3.2036,439.9920,335.0353,3.5152,16.8644,-4.3307,0.4522,-5.2756,0.0556,0.4221,0.9049
48.5785,143.24,381.9374,3.2123,439.8856,335.1590,3.6946,16.6861,-4.3688,0.4355,-5.3198,0.0585,0.4201,0.9056
48.5985,143.24,381.8493,3.2207,439.7784,335.2854,3.8757,16.5062,-4.4063,0.4192,-5.3630,0.0614,0.4181,0.9063
48.6185,143.24,381.7604,3.2288,439.6703,335.4145,4.0586,16.3249,-4.4432,0.4034,-5.4054,0.0644,0.4161,0.9071
48.6385,143.24,381.6708,3.2365,439.5613,335.5459,4.2430,16.1425,-4.4793,0.3879,-5.4468,0.0673,0.4140,0.9078
48.6585,143.24,381.5805,3.2440,439.4516,335.6796,4.4289,15.9591,-4.5148,0.3729,-5.4873,0.0704,0.4118,0.9085
48.6785,143.24,381.4895,3.2512,439.3410,335.8153,4.6162,15.7748,-4.5496,0.3582,-5.5267,0.0734,0.4097,0.9093
48.6985,143.24,381.3979,3.2580,439.2297,335.9529,4.8049,15.5899,-4.5836,0.3440,-5.5652,0.0765,0.4075,0.9100
48.7185,143.24,381.3055,3.2646,439.1177,336.0921,4.9948,15.4046,-4.6170,0.3301,-5.6028,0.0796,0.4053,0.9107
48.7385,143.24,381.2125,3.2710,439.0049,336.2328,5.1859,15.2191,-4.6497,0.3167,-5.6393,0.0827,0.4030,0.9114
48.7585,143.24,381.1189,3.2771,438.8914,336.3748,5.3781,15.0335,-4.6816,0.3036,-5.6748,0.0859,0.4008,0.9122
48.7785,143.24,381.0246,3.2829,438.7772,336.5179,5.5713,14.8480,-4.7129,0.2909,-5.7093,0.0890,0.3985,0.9129
48.7985,143.24,380.9297,3.2885,438.6623,336.6620,5.7655,14.6627,-4.7435,0.2786,-5.7428,0.0922,0.3962,0.9135
48.8185,143.24,380.8343,3.2938,438.5468,336.8070,5.9606,14.4778,-4.7733,0.2666,-5.7754,0.0955,0.3938,0.9142
48.8385,143.24,380.7383,3.2989,438.4307,336.9526,6.1565,14.2935,-4.8025,0.2550,-5.8069,0.0987,0.3915,0.9149
48.8585,143.24,380.6416,3.3038,438.3139,337.0987,6.3532,14.1098,-4.8310,0.2438,-5.8375,0.1019,0.3891,0.9155
48.8785,143.24,380.5445,3.3084,438.1966,337.2451,6.5505,13.9270,-4.8588,0.2329,-5.8671,0.1052,0.3868,0.9161
48.8985,143.24,380.4467,3.3129,438.0786,337.3918,6.7486,13.7451,-4.8859,0.2224,-5.8957,0.1085,0.3844,0.9168
48.9185,143.24,380.3485,3.3171,437.9602,337.5387,6.9472,13.5643,-4.9124,0.2122,-5.9233,0.1118,0.3821,0.9174
48.9385,143.24,380.2498,3.3212,437.8412,337.6855,7.1462,13.3847,-4.9381,0.2023,-5.9499,0.1151,0.3797,0.9179
48.9585,143.24,380.1505,3.3250,437.7217,337.8321,7.3457,13.2063,-4.9632,0.1928,-5.9756,0.1184,0.3773,0.9185
48.9785,143.24,380.0507,3.3287,437.6017,337.9785,7.5455,13.0292,-4.9877,0.1836,-6.0003,0.1217,0.3750,0.9190
48.9985,143.24,379.9505,3.3322,437.4812,338.1244,7.7455,12.8536,-5.0115,0.1747,-6.0240,0.1251,0.3726,0.9195
49.0185,143.24,379.8498,3.3355,437.3603,338.2699,7.9458,12.6796,-5.0346,0.1661,-6.0468,0.1284,0.3702,0.9200
49.0385,143.24,379.7487,3.3387,437.2389,338.4148,8.1461,12.5071,-5.0572,0.1578,-6.0687,0.1318,0.3679,0.9205
49.0585,143.24,379.6471,3.3417,437.1171,338.5589,8.3465,12.3363,-5.0791,0.1498,-6.0896,0.1351,0.3655,0.9209
49.0785,143.24,379.5450,3.3445,436.9949,338.7022,8.5469,12.1672,-5.1003,0.1421,-6.1096,0.1385,0.3632,0.9214
49.0985,143.24,379.4426,3.3472,436.8723,338.8445,8.7471,11.9999,-5.1210,0.1347,-6.1288,0.1418,0.3609,0.9218
49.1185,143.24,379.3398,3.3498,436.7494,338.9858,8.9471,11.8343,-5.1411,0.1276,-6.1471,0.1452,0.3586,0.9221
49.1385,143.24,379.2366,3.3522,436.6261,339.1260,9.1469,11.6706,-5.1606,0.1207,-6.1646,0.1485,0.3563,0.9225
49.1585,143.24,379.1330,3.3545,436.5024,339.2649,9.3463,11.5087,-5.1795,0.1141,-6.1813,0.1519,0.3540,0.9228
49.1785,143.24,379.0291,3.3566,436.3785,339.4024,9.5454,11.3487,-5.1979,0.1077,-6.1972,0.1552,0.3518,0.9231
49.1985,143.24,378.9247,3.3586,436.2543,339.5385,9.7441,11.1906,-5.2157,0.1017,-6.2124,0.1586,0.3496,0.9234
49.2185,143.24,378.8201,3.3606,436.1297,339.6730,9.9423,11.0345,-5.2330,0.0958,-6.2268,0.1619,0.3474,0.9236
49.2385,143.24,378.7151,3.3624,436.0049,339.8059,10.1401,10.8802,-5.2498,0.0902,-6.2405,0.1652,0.3452,0.9239
49.2585,143.24,378.6098,3.3641,435.8799,339.9371,10.3373,10.7279,-5.2660,0.0849,-6.2536,0.1686,0.3431,0.9241
49.2785,143.24,378.5042,3.3657,435.7545,340.0665,10.5341,10.5776,-5.2817,0.0797,-6.2661,0.1719,0.3409,0.9242
49.2985,143.24,378.3982,3.3672,435.6290,340.1939,10.7304,10.4293,-5.2969,0.0748,-6.2779,0.1752,0.3388,0.9244
49.3185,143.24,378.2920,3.3686,435.5032,340.3194,10.9262,10.2830,-5.3117,0.0701,-6.2892,0.1785,0.3368,0.9245
49.3385,143.24,378.1855,3.3699,435.3772,340.4428,11.1217,10.1388,-5.3259,0.0656,-6.3000,0.1818,0.3347,0.9246
49.3585,142.38,378.0787,3.3711,435.2510,340.5642,11.3167,9.9966,-5.3397,0.0612,-6.3102,0.1850,0.3328,0.9247
49.3785,142.38,377.9716,3.3722,435.1246,340.6834,11.5113,9.8564,-5.3531,0.0571,-6.3200,0.1883,0.3308,0.9247
49.3985,142.38,377.8643,3.3733,434.9980,340.8004,11.7056,9.7184,-5.3660,0.0532,-6.3293,0.1916,0.3289,0.9247
49.4185,142.38,377.7567,3.3743,434.8712,340.9152,11.8995,9.5825,-5.3785,0.0494,-6.3382,0.1949,0.3270,0.9247
49.4385,142.38,377.6489,3.3752,434.7443,341.0278,12.0932,9.4487,-5.3906,0.0458,-6.3468,0.1981,0.3251,0.9247
49.4585,142.38,377.5409,3.3761,434.6172,341.1382,12.2866,9.3170,-5.4023,0.0424,-6.3549,0.2014,0.3233,0.9246
49.4785,142.38,377.4326,3.3769,434.4899,341.2463,12.4799,9.1875,-5.4136,0.0391,-6.3628,0.2046,0.3215,0.9245
49.4985,142.38,377.3241,3.3776,434.3625,341.3522,12.6730,9.0601,-5.4246,0.0360,-6.3703,0.2079,0.3198,0.9244
49.5185,142.38,377.2154,3.3782,434.2350,341.4558,12.8659,8.9348,-5.4352,0.0331,-6.3776,0.2111,0.3180,0.9243
49.5385,142.38,377.1065,3.3788,434.1073,341.5572,13.0588,8.8117,-5.4454,0.0302,-6.3846,0.2143,0.3164,0.9241
49.5585,142.38,376.9974,3.3794,433.9794,341.6563,13.2516,8.6908,-5.4554,0.0275,-6.3915,0.2176,0.3147,0.9239
49.5785,142.38,376.8881,3.3799,433.8515,341.7533,13.4444,8.5720,-5.4650,0.0250,-6.3981,0.2208,0.3131,0.9237
49.5985,142.38,376.7786,3.3803,433.7234,341.8481,13.6373,8.4554,-5.4743,0.0225,-6.4046,0.2240,0.3115,0.9234
49.6185,142.38,376.6689,3.3807,433.5952,341.9406,13.8302,8.3409,-5.4833,0.0202,-6.4109,0.2273,0.3100,0.9232
49.6385,142.38,376.5591,3.3811,433.4668,342.0311,14.0232,8.2285,-5.4921,0.0180,-6.4171,0.2305,0.3085,0.9229
49.6585,142.38,376.4490,3.3814,433.3383,342.1196,14.2163,8.1182,-5.5006,0.0158,-6.4233,0.2337,0.3070,0.9226
49.6785,142.38,376.3389,3.3817,433.2098,342.2060,14.4096,8.0100,-5.5088,0.0138,-6.4293,0.2369,0.3056,0.9222
49.6985,142.38,376.2285,3.3819,433.0811,342.2903,14.6029,7.9039,-5.5168,0.0119,-6.4352,0.2402,0.3042,0.9218
49.7185,142.38,376.1180,3.3821,432.9523,342.3728,14.7963,7.7996,-5.5246,0.0101,-6.4411,0.2434,0.3028,0.9214
49.7385,142.38,376.0074,3.3823,432.8233,342.4534,14.9897,7.6974,-5.5322,0.0083,-6.4469,0.2466,0.3015,0.9210
49.7585,142.38,375.8966,3.3824,432.6943,342.5321,15.1832,7.5970,-5.5396,0.0067,-6.4526,0.2498,0.3002,0.9206
49.7785,142.38,375.7856,3.3825,432.5651,342.6091,15.3767,7.4985,-5.5467,0.0051,-6.4583,0.2530,0.2989,0.9201
49.7985,142.38,375.6746,3.3826,432.4359,342.6844,15.5701,7.4017,-5.5537,0.0036,-6.4638,0.2563,0.2976,0.9196
49.8185,142.38,375.5634,3.3827,432.3065,342.7579,15.7634,7.3067,-5.5605,0.0022,-6.4692,0.2595,0.2964,0.9191
49.8385,142.38,375.4520,3.3827,432.1770,342.8299,15.9566,7.2135,-5.5670,0.0008,-6.4746,0.2627,0.2952,0.9186
49.8585,142.38,375.3405,3.3827,432.0474,342.9002,16.1496,7.1219,-5.5734,-0.0005,-6.4798,0.2659,0.2940,0.9181
49.8785,142.38,375.2289,3.3826,431.9177,342.9690,16.3424,7.0318,-5.5796,-0.0017,-6.4849,0.2690,0.2929,0.9175
49.8985,142.38,375.1172,3.3826,431.7879,343.0363,16.5350,6.9434,-5.5856,-0.0028,-6.4899,0.2722,0.2918,0.9169
49.9185,142.38,375.0054,3.3825,431.6580,343.1020,16.7272,6.8564,-5.5914,-0.0039,-6.4947,0.2754,0.2907,0.9163
49.9385,142.38,374.8935,3.3824,431.5280,343.1663,16.9192,6.7710,-5.5971,-0.0049,-6.4993,0.2786,0.2896,0.9157
49.9585,142.38,374.7814,3.3823,431.3979,343.2291,17.1108,6.6870,-5.6025,-0.0058,-6.5037,0.2817,0.2885,0.9151
49.9785,142.38,374.6693,3.3822,431.2678,343.2904,17.3021,6.6044,-5.6077,-0.0066,-6.5079,0.2849,0.2875,0.9144
49.9985,142.38,374.5570,3.3820,431.1375,343.3503,17.4929,6.5232,-5.6128,-0.0074,-6.5119,0.2880,0.2865,0.9138
50.0185,142.38,374.4446,3.3818,431.0072,343.4088,17.6834,6.4434,-5.6177,-0.0081,-6.5156,0.2911,0.2855,0.9131
50.0385,142.38,374.3322,3.3817,430.8769,343.4659,17.8734,6.3649,-5.6224,-0.0088,-6.5191,0.2942,0.2846,0.9124
50.0585,142.38,374.2196,3.3815,430.7464,343.5215,18.0629,6.2876,-5.6268,-0.0094,-6.5223,0.2973,0.2837,0.9117
50.0785,142.38,374.1070,3.3813,430.6159,343.5757,18.2518,6.2116,-5.6311,-0.0099,-6.5253,0.3004,0.2827,0.9109
50.0985,142.38,373.9943,3.3811,430.4854,343.6284,18.4403,6.1369,-5.6353,-0.0104,-6.5280,0.3035,0.2819,0.9102
50.1185,142.38,373.8815,3.3809,430.3548,343.6798,18.6281,6.0634,-5.6392,-0.0108,-6.5304,0.3066,0.2810,0.9094
50.1385,142.38,373.7687,3.3806,430.2241,343.7298,18.8154,5.9910,-5.6430,-0.0112,-6.5325,0.3096,0.2802,0.9087
50.1585,142.38,373.6557,3.3804,430.0934,343.7784,19.0020,5.9199,-5.6466,-0.0115,-6.5343,0.3126,0.2794,0.9079
50.1785,142.38,373.5427,3.3802,429.9627,343.8254,19.1881,5.8499,-5.6500,-0.0117,-6.5359,0.3157,0.2786,0.9071
50.1985,142.38,373.4297,3.3799,429.8320,343.8711,19.3735,5.7810,-5.6532,-0.0119,-6.5372,0.3187,0.2778,0.9062
50.2185,142.38,373.3165,3.3797,429.7012,343.9153,19.5583,5.7132,-5.6563,-0.0120,-6.5383,0.3217,0.2771,0.9054
50.2385,142.38,373.2033,3.3795,429.5705,343.9582,19.7426,5.6465,-5.6593,-0.0121,-6.5392,0.3246,0.2763,0.9046
50.2585,142.38,373.0901,3.3792,429.4397,343.9995,19.9262,5.5809,-5.6621,-0.0121,-6.5399,0.3276,0.2756,0.9037
50.2785,142.38,372.9768,3.3790,429.3089,344.0394,20.1092,5.5164,-5.6648,-0.0121,-6.5404,0.3306,0.2750,0.9028
50.2985,142.38,372.8635,3.3787,429.1780,344.0779,20.2917,5.4529,-5.6673,-0.0121,-6.5408,0.3335,0.2743,0.9020
50.3185,142.38,372.7501,3.3785,429.0472,344.1148,20.4736,5.3905,-5.6697,-0.0120,-6.5410,0.3364,0.2737,0.9011
50.3385,142.38,372.6366,3.3783,428.9164,344.1504,20.6549,5.3290,-5.6721,-0.0119,-6.5411,0.3393,0.2731,0.9001
50.3585,123.53,372.5231,3.3780,428.7856,344.1845,20.8358,5.2685,-5.6744,-0.0117,-6.5412,0.3422,0.2725,0.8992
50.3785,123.53,372.4096,3.3778,428.6547,344.2172,21.0161,5.2089,-5.6765,-0.0115,-6.5413,0.3451,0.2720,0.8983
50.3985,123.53,372.2960,3.3776,428.5239,344.2484,21.1959,5.1503,-5.6787,-0.0113,-6.5414,0.3480,0.2715,0.8973
50.4185,123.53,372.1824,3.3773,428.3931,344.2783,21.3752,5.0925,-5.6807,-0.0111,-6.5414,0.3508,0.2710,0.8964
50.4385,123.53,372.0688,3.3771,428.2622,344.3068,21.5540,5.0356,-5.6827,-0.0109,-6.5416,0.3537,0.2705,0.8954
50.4585,123.53,371.9550,3.3769,428.1314,344.3340,21.7323,4.9796,-5.6847,-0.0106,-6.5417,0.3565,0.2700,0.8944
50.4785,123.53,371.8413,3.3767,428.0006,344.3600,21.9101,4.9243,-5.6867,-0.0104,-6.5420,0.3593,0.2696,0.8934
50.4985,123.53,371.7275,3.3765,427.8697,344.3848,22.0875,4.8698,-5.6886,-0.0101,-6.5423,0.3621,0.2692,0.8924
50.5185,123.53,371.6137,3.3763,427.7389,344.4084,22.2644,4.8161,-5.6904,-0.0099,-6.5427,0.3649,0.2688,0.8914
50.5385,123.53,371.4999,3.3761,427.6080,344.4309,22.4409,4.7631,-5.6923,-0.0096,-6.5432,0.3677,0.2684,0.8904
50.5585,123.53,371.3860,3.3759,427.4771,344.4523,22.6170,4.7108,-5.6942,-0.0093,-6.5438,0.3705,0.2680,0.8893
50.5785,123.53,371.2721,3.3757,427.3462,344.4727,22.7926,4.6591,-5.6960,-0.0090,-6.5445,0.3733,0.2677,0.8883
50.5985,123.53,371.1581,3.3756,427.2153,344.4921,22.9679,4.6082,-5.6978,-0.0087,-6.5454,0.3760,0.2674,0.8872
50.6185,123.53,371.0441,3.3754,427.0844,344.5107,23.1429,4.5578,-5.6997,-0.0084,-6.5464,0.3788,0.2671,0.8861
50.6385,123.53,370.9301,3.3752,426.9534,344.5284,23.3175,4.5080,-5.7015,-0.0082,-6.5475,0.3815,0.2668,0.8850
50.6585,123.53,370.8160,3.3751,426.8224,344.5453,23.4918,4.4589,-5.7034,-0.0079,-6.5488,0.3842,0.2665,0.8840
50.6785,123.53,370.7019,3.3749,426.6914,344.5616,23.6657,4.4103,-5.7053,-0.0076,-6.5502,0.3869,0.2662,0.8829
50.6985,123.53,370.5878,3.3748,426.5604,344.5771,23.8394,4.3622,-5.7071,-0.0073,-6.5518,0.3896,0.2659,0.8817
50.7185,123.53,370.4736,3.3746,426.4293,344.5921,24.0127,4.3148,-5.7090,-0.0071,-6.5535,0.3923,0.2657,0.8806
50.7385,123.53,370.3594,3.3745,426.2982,344.6066,24.1857,4.2680,-5.7109,-0.0068,-6.5553,0.3950,0.2654,0.8795
50.7585,123.53,370.2451,3.3744,426.1671,344.6205,24.3584,4.2216,-5.7128,-0.0065,-6.5572,0.3977,0.2652,0.8784
50.7785,123.53,370.1308,3.3743,426.0359,344.6340,24.5307,4.1759,-5.7146,-0.0063,-6.5591,0.4003,0.2650,0.8772
50.7985,123.53,370.0165,3.3741,425.9047,344.6472,24.7027,4.1307,-5.7165,-0.0060,-6.5612,0.4030,0.2648,0.8761
50.8185,123.53,369.9021,3.3740,425.7734,344.6599,24.8743,4.0861,-5.7184,-0.0058,-6.5632,0.4056,0.2645,0.8749
50.8385,123.53,369.7877,3.3739,425.6421,344.6722,25.0455,4.0419,-5.7202,-0.0055,-6.5652,0.4083,0.2643,0.8737
50.8585,123.53,369.6733,3.3738,425.5107,344.6842,25.2162,3.9984,-5.7220,-0.0052,-6.5671,0.4109,0.2641,0.8726
50.8785,123.53,369.5588,3.3737,425.3794,344.6959,25.3866,3.9554,-5.7238,-0.0050,-6.5690,0.4135,0.2639,0.8714
50.8985,123.53,369.4443,3.3736,425.2480,344.7072,25.5565,3.9128,-5.7255,-0.0047,-6.5708,0.4161,0.2638,0.8702
50.9185,123.53,369.3298,3.3735,425.1165,344.7182,25.7259,3.8708,-5.7272,-0.0044,-6.5725,0.4187,0.2636,0.8690
50.9385,123.53,369.2152,3.3734,424.9850,344.7288,25.8948,3.8294,-5.7288,-0.0041,-6.5740,0.4213,0.2634,0.8678
50.9585,123.53,369.1006,3.3734,424.8535,344.7390,26.0631,3.7884,-5.7304,-0.0038,-6.5754,0.4239,0.2632,0.8666
50.9785,123.53,368.9860,3.3733,424.7220,344.7489,26.2310,3.7478,-5.7319,-0.0035,-6.5766,0.4264,0.2631,0.8654
50.9985,123.53,368.8713,3.3732,424.5905,344.7583,26.3982,3.7077,-5.7333,-0.0031,-6.5776,0.4290,0.2629,0.8642
51.0185,123.53,368.7566,3.3732,424.4589,344.7674,26.5648,3.6681,-5.7347,-0.0028,-6.5783,0.4315,0.2627,0.8630
51.0385,123.53,368.6419,3.3731,424.3273,344.7759,26.7309,3.6289,-5.7360,-0.0024,-6.5789,0.4340,0.2626,0.8618
51.0585,123.53,368.5272,3.3731,424.1957,344.7840,26.8961,3.5900,-5.7373,-0.0020,-6.5792,0.4365,0.2625,0.8606
51.0785,123.53,368.4124,3.3731,424.0641,344.7916,27.0607,3.5516,-5.7385,-0.0016,-6.5793,0.4390,0.2623,0.8593
51.0985,123.53,368.2976,3.3730,423.9326,344.7987,27.2244,3.5136,-5.7396,-0.0012,-6.5792,0.4415,0.2622,0.8581
51.1185,123.53,368.1828,3.3730,423.8010,344.8053,27.3874,3.4758,-5.7407,-0.0007,-6.5789,0.4439,0.2621,0.8569
51.1385,123.53,368.0679,3.3730,423.6694,344.8113,27.5496,3.4384,-5.7418,-0.0003,-6.5784,0.4464,0.2620,0.8556
51.1585,123.53,367.9531,3.3730,423.5378,344.8168,27.7110,3.4013,-5.7428,0.0002,-6.5778,0.4488,0.2619,0.8544
51.1785,123.53,367.8382,3.3730,423.4063,344.8217,27.8714,3.3644,-5.7437,0.0007,-6.5770,0.4512,0.2618,0.8532
51.1985,123.53,367.7233,3.3731,423.2748,344.8260,28.0310,3.3278,-5.7447,0.0012,-6.5761,0.4536,0.2618,0.8519
51.2185,123.53,367.6084,3.3731,423.1433,344.8297,28.1897,3.2914,-5.7456,0.0017,-6.5751,0.4559,0.2617,0.8507
51.2385,123.53,367.4935,3.3731,423.0118,344.8329,28.3476,3.2552,-5.7465,0.0021,-6.5740,0.4583,0.2616,0.8494
51.2585,123.53,367.3785,3.3732,422.8803,344.8356,28.5046,3.2192,-5.7473,0.0027,-6.5728,0.4606,0.2616,0.8482
51.2785,123.53,367.2635,3.3732,422.7489,344.8377,28.6608,3.1833,-5.7482,0.0032,-6.5716,0.4629,0.2616,0.8469
51.2985,123.53,367.1486,3.3733,422.6175,344.8393,28.8163,3.1475,-5.7491,0.0037,-6.5704,0.4652,0.2615,0.8457
51.3185,123.53,367.0336,3.3734,422.4861,344.8404,28.9709,3.1119,-5.7499,0.0042,-6.5691,0.4675,0.2615,0.8444
51.3385,123.53,366.9185,3.3735,422.3548,344.8409,29.1248,3.0764,-5.7508,0.0047,-6.5678,0.4698,0.2615,0.8432
51.3585,129.29,366.8035,3.3736,422.2234,344.8410,29.2780,3.0411,-5.7516,0.0052,-6.5665,0.4720,0.2615,0.8419
51.3785,129.29,366.6885,3.3737,422.0921,344.8405,29.4305,3.0058,-5.7525,0.0057,-6.5653,0.4743,0.2615,0.8406
51.3985,129.29,366.5734,3.3738,421.9608,344.8397,29.5823,2.9706,-5.7533,0.0061,-6.5640,0.4765,0.2615,0.8394
51.4185,129.29,366.4583,3.3740,421.8296,344.8384,29.7334,2.9356,-5.7542,0.0066,-6.5627,0.4787,0.2615,0.8381
51.4385,129.29,366.3432,3.3741,421.6984,344.8366,29.8839,2.9007,-5.7551,0.0071,-6.5614,0.4809,0.2616,0.8369
51.4585,129.29,366.2281,3.3743,421.5672,344.8345,30.0338,2.8658,-5.7559,0.0076,-6.5601,0.4831,0.2616,0.8356
51.4785,129.29,366.1130,3.3744,421.4360,344.8319,30.1831,2.8311,-5.7568,0.0081,-6.5588,0.4852,0.2617,0.8343
51.4985,129.29,365.9978,3.3746,421.3049,344.8289,30.3318,2.7965,-5.7576,0.0086,-6.5574,0.4874,0.2617,0.8330
51.5185,129.29,365.8827,3.3748,421.1737,344.8255,30.4798,2.7620,-5.7585,0.0090,-6.5559,0.4895,0.2618,0.8318
51.5385,129.29,365.7675,3.3750,421.0427,344.8217,30.6273,2.7276,-5.7593,0.0095,-6.5544,0.4917,0.2618,0.8305
51.5585,129.29,365.6523,3.3752,420.9116,344.8175,30.7743,2.6933,-5.7601,0.0100,-6.5528,0.4938,0.2619,0.8292
51.5785,129.29,365.5371,3.3754,420.7806,344.8129,30.9206,2.6590,-5.7608,0.0105,-6.5511,0.4959,0.2620,0.8279
51.5985,129.29,365.4218,3.3756,420.6496,344.8078,31.0663,2.6248,-5.7616,0.0110,-6.5492,0.4980,0.2621,0.8266
51.6185,129.29,365.3066,3.3758,420.5187,344.8025,31.2114,2.5907,-5.7623,0.0115,-6.5472,0.5001,0.2621,0.8254
51.6385,129.29,365.1913,3.3761,420.3878,344.7966,31.3559,2.5566,-5.7630,0.0120,-6.5450,0.5021,0.2622,0.8241
51.6585,129.29,365.0761,3.3763,420.2569,344.7904,31.4997,2.5225,-5.7636,0.0125,-6.5426,0.5042,0.2624,0.8228
51.6785,129.29,364.9608,3.3766,420.1261,344.7837,31.6429,2.4884,-5.7642,0.0130,-6.5401,0.5062,0.2625,0.8215
51.6985,129.29,364.8455,3.3768,419.9954,344.7766,31.7853,2.4542,-5.7647,0.0136,-6.5373,0.5083,0.2626,0.8202
51.7185,129.29,364.7302,3.3771,419.8647,344.7690,31.9271,2.4200,-5.7652,0.0141,-6.5344,0.5103,0.2627,0.8189
51.7385,129.29,364.6149,3.3774,419.7341,344.7609,32.0681,2.3857,-5.7657,0.0147,-6.5312,0.5123,0.2628,0.8176
51.7585,129.29,364.4995,3.3777,419.6035,344.7523,32.2083,2.3513,-5.7661,0.0152,-6.5278,0.5142,0.2630,0.8163
51.7785,129.29,364.3842,3.3780,419.4731,344.7433,32.3477,2.3167,-5.7664,0.0158,-6.5241,0.5162,0.2631,0.8150
51.7985,129.29,364.2689,3.3784,419.3427,344.7337,32.4864,2.2821,-5.7668,0.0164,-6.5203,0.5181,0.2633,0.8138
51.8185,129.29,364.1535,3.3787,419.2123,344.7235,32.6242,2.2473,-5.7670,0.0171,-6.5163,0.5201,0.2635,0.8125
51.8385,129.29,364.0382,3.3791,419.0821,344.7129,32.7612,2.2122,-5.7673,0.0177,-6.5121,0.5220,0.2637,0.8112
51.8585,129.29,363.9228,3.3794,418.9519,344.7016,32.8974,2.1770,-5.7675,0.0183,-6.5078,0.5239,0.2638,0.8099
51.8785,129.29,363.8075,3.3798,418.8218,344.6897,33.0328,2.1417,-5.7676,0.0190,-6.5034,0.5258,0.2640,0.8086
51.8985,129.29,363.6921,3.3802,418.6919,344.6773,33.1674,2.1062,-5.7678,0.0196,-6.4989,0.5276,0.2643,0.8073
51.9185,129.29,363.5768,3.3806,418.5620,344.6643,33.3013,2.0705,-5.7679,0.0202,-6.4944,0.5295,0.2645,0.8060
51.9385,129.29,363.4614,3.3810,418.4322,344.6507,33.4345,2.0347,-5.7681,0.0209,-6.4899,0.5313,0.2647,0.8047
51.9585,129.29,363.3460,3.3815,418.3025,344.6365,33.5670,1.9987,-5.7683,0.0215,-6.4854,0.5332,0.2649,0.8035
51.9785,129.29,363.2307,3.3819,418.1729,344.6217,33.6988,1.9626,-5.7684,0.0222,-6.4810,0.5350,0.2652,0.8022
51.9985,129.29,363.1153,3.3824,418.0433,344.6064,33.8300,1.9264,-5.7686,0.0228,-6.4767,0.5368,0.2654,0.8009
52.0185,129.29,362.9999,3.3828,417.9139,344.5907,33.9606,1.8902,-5.7689,0.0234,-6.4726,0.5385,0.2657,0.7996
52.0385,129.29,362.8845,3.3833,417.7845,344.5745,34.0905,1.8538,-5.7692,0.0239,-6.4687,0.5403,0.2660,0.7983
52.0585,129.29,362.7691,3.3838,417.6552,344.5579,34.2200,1.8175,-5.7696,0.0245,-6.4651,0.5421,0.2663,0.7970
52.0785,129.29,362.6537,3.3843,417.5260,344.5410,34.3488,1.7812,-5.7700,0.0250,-6.4616,0.5438,0.2665,0.7957
52.0985,129.29,362.5383,3.3848,417.3968,344.5237,34.4770,1.7449,-5.7705,0.0255,-6.4585,0.5455,0.2668,0.7945
52.1185,129.29,362.4229,3.3853,417.2677,344.5063,34.6045,1.7087,-5.7711,0.0259,-6.4557,0.5473,0.2671,0.7932
52.1385,129.29,362.3075,3.3858,417.1386,344.4886,34.7315,1.6725,-5.7717,0.0263,-6.4531,0.5490,0.2674,0.7919
52.1585,129.29,362.1920,3.3864,417.0096,344.4709,34.8577,1.6364,-5.7725,0.0267,-6.4508,0.5507,0.2677,0.7906
52.1785,129.29,362.0765,3.3869,416.8806,344.4531,34.9834,1.6005,-5.7733,0.0270,-6.4488,0.5524,0.2680,0.7893
52.1985,129.29,361.9611,3.3875,416.7517,344.4353,35.1083,1.5646,-5.7742,0.0274,-6.4471,0.5540,0.2683,0.7881
52.2185,129.29,361.8456,3.3880,416.6228,344.4176,35.2325,1.5289,-5.7751,0.0276,-6.4456,0.5557,0.2686,0.7868
52.2385,129.29,361.7300,3.3886,416.4939,344.4000,35.3561,1.4933,-5.7761,0.0279,-6.4443,0.5573,0.2689,0.7855
52.2585,129.29,361.6145,3.3891,416.3650,344.3827,35.4789,1.4579,-5.7772,0.0281,-6.4433,0.5590,0.2692,0.7843
52.2785,129.29,361.4989,3.3897,416.2362,344.3655,35.6011,1.4226,-5.7783,0.0283,-6.4424,0.5606,0.2695,0.7830
52.2985,129.29,361.3833,3.3903,416.1073,344.3486,35.7225,1.3874,-5.7795,0.0285,-6.4417,0.5622,0.2698,0.7818
52.3185,129.29,361.2677,3.3909,415.9785,344.3321,35.8433,1.3524,-5.7807,0.0286,-6.4411,0.5638,0.2701,0.7805
52.3385,129.29,361.1521,3.3914,415.8497,344.3158,35.9634,1.3175,-5.7820,0.0288,-6.4406,0.5654,0.2703,0.7793
52.3585,131.11,361.0364,3.3920,415.7209,344.3000,36.0828,1.2826,-5.7833,0.0289,-6.4401,0.5670,0.2706,0.7780
52.3785,131.11,360.9207,3.3926,415.5921,344.2845,36.2015,1.2479,-5.7846,0.0290,-6.4397,0.5685,0.2709,0.7768
52.3985,131.11,360.8050,3.3932,415.4633,344.2693,36.3196,1.2132,-5.7859,0.0291,-6.4393,0.5701,0.2711,0.7755
52.4185,131.11,360.6893,3.3938,415.3345,344.2546,36.4372,1.1786,-5.7871,0.0292,-6.4389,0.5717,0.2714,0.7743
52.4385,131.11,360.5735,3.3943,415.2057,344.2403,36.5541,1.1441,-5.7884,0.0293,-6.4384,0.5732,0.2716,0.7731
52.4585,131.11,360.4577,3.3949,415.0770,344.2263,36.6705,1.1096,-5.7896,0.0294,-6.4379,0.5747,0.2718,0.7719
52.4785,131.11,360.3419,3.3955,414.9482,344.2126,36.7864,1.0751,-5.7909,0.0295,-6.4373,0.5762,0.2721,0.7707
52.4985,131.11,360.2261,3.3961,414.8195,344.1993,36.9017,1.0407,-5.7921,0.0295,-6.4365,0.5778,0.2723,0.7695
52.5185,131.11,360.1102,3.3967,414.6908,344.1862,37.0166,1.0062,-5.7932,0.0296,-6.4356,0.5793,0.2725,0.7682
52.5385,131.11,359.9943,3.3973,414.5621,344.1735,37.1310,0.9716,-5.7943,0.0297,-6.4345,0.5808,0.2727,0.7670
52.5585,131.11,359.8784,3.3979,414.4334,344.1610,37.2450,0.9370,-5.7954,0.0299,-6.4333,0.5822,0.2729,0.7658
52.5785,131.11,359.7625,3.3985,414.3048,344.1487,37.3587,0.9022,-5.7964,0.0300,-6.4318,0.5837,0.2731,0.7646
52.5985,131.11,359.6465,3.3991,414.1762,344.1365,37.4719,0.8673,-5.7973,0.0301,-6.4302,0.5852,0.2733,0.7634
52.6185,131.11,359.5306,3.3997,414.0476,344.1246,37.5848,0.8322,-5.7982,0.0303,-6.4284,0.5867,0.2735,0.7622
52.6385,131.11,359.4146,3.4003,413.9191,344.1126,37.6974,0.7969,-5.7991,0.0304,-6.4265,0.5881,0.2737,0.7610
52.6585,131.11,359.2986,3.4009,413.7906,344.1009,37.8097,0.7614,-5.7999,0.0306,-6.4243,0.5896,0.2739,0.7598
52.6785,131.11,359.1826,3.4015,413.6622,344.0891,37.9217,0.7256,-5.8006,0.0308,-6.4220,0.5910,0.2741,0.7586
52.6985,131.11,359.0665,3.4022,413.5338,344.0773,38.0333,0.6895,-5.8013,0.0310,-6.4195,0.5925,0.2743,0.7574
52.7185,131.11,358.9505,3.4028,413.4055,344.0656,38.1446,0.6532,-5.8020,0.0312,-6.4170,0.5939,0.2745,0.7562
52.7385,131.11,358.8344,3.4034,413.2772,344.0537,38.2555,0.6166,-5.8026,0.0314,-6.4143,0.5953,0.2747,0.7550
52.7585,131.11,358.7184,3.4040,413.1489,344.0418,38.3660,0.5798,-5.8032,0.0316,-6.4116,0.5968,0.2749,0.7538
52.7785,131.11,358.6023,3.4047,413.0208,344.0298,38.4762,0.5429,-5.8038,0.0318,-6.4088,0.5982,0.2751,0.7527
52.7985,131.11,358.4862,3.4053,412.8926,344.0178,38.5858,0.5057,-5.8044,0.0320,-6.4060,0.5996,0.2753,0.7515
52.8185,131.11,358.3701,3.4060,412.7646,344.0056,38.6951,0.4684,-5.8049,0.0322,-6.4033,0.6010,0.2755,0.7503
52.8385,131.11,358.2540,3.4066,412.6365,343.9934,38.8038,0.4310,-5.8054,0.0324,-6.4006,0.6024,0.2757,0.7491
52.8585,131.11,358.1379,3.4073,412.5086,343.9811,38.9120,0.3936,-5.8060,0.0326,-6.3980,0.6037,0.2760,0.7479
52.8785,131.11,358.0218,3.4079,412.3807,343.9688,39.0196,0.3561,-5.8065,0.0328,-6.3955,0.6051,0.2762,0.7467
52.8985,131.11,357.9056,3.4086,412.2528,343.9564,39.1267,0.3187,-5.8071,0.0330,-6.3932,0.6065,0.2764,0.7455
52.9185,131.11,357.7895,3.4092,412.1250,343.9440,39.2332,0.2814,-5.8077,0.0331,-6.3910,0.6078,0.2766,0.7444
52.9385,131.11,357.6733,3.4099,411.9972,343.9317,39.3391,0.2442,-5.8083,0.0333,-6.3889,0.6091,0.2768,0.7432
52.9585,131.11,357.5571,3.4106,411.8695,343.9194,39.4445,0.2071,-5.8089,0.0334,-6.3869,0.6105,0.2770,0.7420
52.9785,131.11,357.4409,3.4112,411.7418,343.9072,39.5493,0.1703,-5.8095,0.0335,-6.3851,0.6118,0.2772,0.7409
52.9985,131.11,357.3247,3.4119,411.6141,343.8951,39.6534,0.1336,-5.8101,0.0336,-6.3834,0.6131,0.2774,0.7397
53.0185,131.11,357.2085,3.4126,411.4865,343.8831,39.7570,0.0972,-5.8108,0.0337,-6.3818,0.6144,0.2776,0.7385
53.0385,131.11,357.0923,3.4133,411.3589,343.8712,39.8599,0.0610,-5.8114,0.0338,-6.3802,0.6157,0.2778,0.7374
53.0585,131.11,356.9760,3.4139,411.2313,343.8595,39.9622,0.0251,-5.8121,0.0338,-6.3787,0.6170,0.2780,0.7363
53.0785,131.11,356.8598,3.4146,411.1038,343.8480,40.0637,359.9894,-5.8128,0.0339,-6.3772,0.6182,0.2782,0.7351
53.0985,131.11,356.7435,3.4153,410.9763,343.8365,40.1645,359.9539,-5.8134,0.0339,-6.3757,0.6195,0.2784,0.7340
53.1185,131.11,356.6273,3.4160,410.8488,343.8253,40.2646,359.9188,-5.8140,0.0340,-6.3742,0.6207,0.2786,0.7329
53.1385,131.11,356.5110,3.4167,410.7214,343.8141,40.3640,359.8837,-5.8147,0.0340,-6.3727,0.6220,0.2788,0.7317
53.1585,131.11,356.3947,3.4173,410.5940,343.8031,40.4625,359.8489,-5.8153,0.0341,-6.3711,0.6232,0.2789,0.7306
53.1785,131.11,356.2784,3.4180,410.4666,343.7923,40.5603,359.8142,-5.8158,0.0341,-6.3694,0.6244,0.2791,0.7295
53.1985,131.11,356.1620,3.4187,410.3392,343.7815,40.6572,359.7797,-5.8164,0.0342,-6.3677,0.6256,0.2793,0.7284
53.2185,131.11,356.0457,3.4194,410.2119,343.7708,40.7534,359.7453,-5.8169,0.0343,-6.3659,0.6268,0.2795,0.7273
53.2385,131.11,355.9294,3.4201,410.0846,343.7602,40.8488,359.7108,-5.8174,0.0343,-6.3640,0.6280,0.2797,0.7263
53.2585,131.11,355.8130,3.4208,409.9574,343.7497,40.9433,359.6765,-5.8179,0.0344,-6.3620,0.6291,0.2798,0.7252
53.2785,131.11,355.6966,3.4215,409.8302,343.7392,41.0371,359.6422,-5.8183,0.0345,-6.3599,0.6303,0.2800,0.7241
53.2985,131.11,355.5803,3.4221,409.7030,343.7286,41.1300,359.6079,-5.8187,0.0346,-6.3578,0.6314,0.2802,0.7230
53.3185,131.11,355.4639,3.4228,409.5759,343.7182,41.2223,359.5736,-5.8191,0.0347,-6.3556,0.6326,0.2804,0.7220
53.3385,131.11,355.3475,3.4235,409.4489,343.7077,41.3138,359.5392,-5.8194,0.0348,-6.3532,0.6337,0.2805,0.7209
53.3585,131.11,355.2311,3.4242,409.3218,343.6972,41.4047,359.5049,-5.8197,0.0348,-6.3509,0.6348,0.2807,0.7199
53.3785,140.19,355.1147,3.4249,409.1949,343.6866,41.4949,359.4706,-5.8200,0.0349,-6.3485,0.6359,0.2809,0.7189
53.3985,140.19,354.9983,3.4256,409.0679,343.6761,41.5844,359.4363,-5.8203,0.0351,-6.3461,0.6370,0.2811,0.7178
53.4185,140.19,354.8819,3.4263,408.9411,343.6654,41.6734,359.4021,-5.8205,0.0351,-6.3438,0.6380,0.2812,0.7168
53.4385,140.19,354.7654,3.4270,408.8142,343.6548,41.7618,359.3679,-5.8208,0.0353,-6.3414,0.6391,0.2814,0.7158
53.4585,140.19,354.6490,3.4277,408.6875,343.6441,41.8496,359.3338,-5.8210,0.0353,-6.3391,0.6402,0.2816,0.7148
53.4785,140.19,354.5326,3.4285,408.5607,343.6334,41.9370,359.2999,-5.8212,0.0354,-6.3369,0.6412,0.2818,0.7137
53.4985,140.19,354.4162,3.4292,408.4340,343.6227,42.0238,359.2662,-5.8215,0.0355,-6.3348,0.6423,0.2820,0.7127
53.5185,140.19,354.2997,3.4299,408.3074,343.6121,42.1102,359.2328,-5.8217,0.0356,-6.3328,0.6433,0.2821,0.7117
53.5385,140.19,354.1833,3.4306,408.1808,343.6013,42.1962,359.1995,-5.8220,0.0356,-6.3309,0.6443,0.2823,0.7107
53.5585,140.19,354.0668,3.4313,408.0542,343.5907,42.2817,359.1665,-5.8223,0.0357,-6.3292,0.6454,0.2825,0.7097
53.5785,140.19,353.9504,3.4320,407.9276,343.5801,42.3668,359.1339,-5.8226,0.0357,-6.3277,0.6464,0.2827,0.7087
53.5985,140.19,353.8339,3.4327,407.8011,343.5695,42.4516,359.1015,-5.8229,0.0357,-6.3264,0.6474,0.2829,0.7077
53.6185,140.19,353.7175,3.4334,407.6746,343.5591,42.5360,359.0695,-5.8233,0.0356,-6.3252,0.6484,0.2830,0.7067
53.6385,140.19,353.6010,3.4342,407.5481,343.5486,42.6199,359.0378,-5.8237,0.0356,-6.3244,0.6494,0.2832,0.7057
53.6585,140.19,353.4845,3.4349,407.4216,343.5383,42.7036,359.0065,-5.8242,0.0355,-6.3237,0.6504,0.2834,0.7047
53.6785,140.19,353.3680,3.4356,407.2952,343.5281,42.7868,358.9755,-5.8248,0.0354,-6.3233,0.6514,0.2835,0.7038
53.6985,140.19,353.2515,3.4363,407.1687,343.5181,42.8696,358.9449,-5.8254,0.0353,-6.3231,0.6524,0.2837,0.7028
53.7185,140.19,353.1350,3.4370,407.0422,343.5083,42.9520,358.9147,-5.8261,0.0352,-6.3232,0.6534,0.2839,0.7018
53.7385,140.19,353.0184,3.4377,406.9158,343.4987,43.0339,358.8848,-5.8268,0.0350,-6.3236,0.6543,0.2840,0.7008
53.7585,140.19,352.9019,3.4384,406.7893,343.4895,43.1154,358.8553,-5.8276,0.0348,-6.3242,0.6553,0.2842,0.6999
53.7785,140.19,352.7853,3.4391,406.6628,343.4807,43.1965,358.8261,-5.8285,0.0346,-6.3250,0.6562,0.2843,0.6989
53.7985,140.19,352.6687,3.4398,406.5363,343.4722,43.2770,358.7972,-5.8294,0.0343,-6.3261,0.6572,0.2845,0.6980
53.8185,140.19,352.5521,3.4404,406.4097,343.4641,43.3571,358.7688,-5.8304,0.0340,-6.3275,0.6581,0.2846,0.6970
53.8385,140.19,352.4355,3.4411,406.2831,343.4567,43.4366,358.7407,-5.8315,0.0337,-6.3291,0.6591,0.2847,0.6961
53.8585,140.19,352.3188,3.4418,406.1565,343.4497,43.5156,358.7129,-5.8326,0.0334,-6.3310,0.6600,0.2849,0.6951
53.8785,140.19,352.2022,3.4424,406.0298,343.4434,43.5941,358.6855,-5.8338,0.0330,-6.3332,0.6610,0.2850,0.6942
53.8985,140.19,352.0855,3.4431,405.9031,343.4377,43.6721,358.6586,-5.8351,0.0327,-6.3356,0.6619,0.2851,0.6933
53.9185,140.19,351.9688,3.4437,405.7764,343.4327,43.7496,358.6320,-5.8364,0.0322,-6.3383,0.6628,0.2851,0.6924
53.9385,140.19,351.8520,3.4444,405.6495,343.4285,43.8266,358.6058,-5.8378,0.0318,-6.3413,0.6637,0.2852,0.6915
53.9585,140.19,351.7352,3.4450,405.5226,343.4252,43.9031,358.5802,-5.8393,0.0313,-6.3446,0.6646,0.2853,0.6906
53.9785,140.19,351.6184,3.4456,405.3957,343.4226,43.9791,358.5550,-5.8408,0.0309,-6.3480,0.6655,0.2853,0.6897
53.9985,140.19,351.5015,3.4462,405.2686,343.4210,44.0546,358.5302,-5.8424,0.0304,-6.3517,0.6664,0.2853,0.6888
54.0185,140.19,351.3846,3.4468,405.1415,343.4202,44.1296,358.5060,-5.8440,0.0299,-6.3556,0.6673,0.2854,0.6879
54.0385,140.19,351.2677,3.4474,405.0143,343.4203,44.2041,358.4823,-5.8457,0.0293,-6.3596,0.6682,0.2853,0.6871
54.0585,140.19,351.1508,3.4480,404.8871,343.4213,44.2781,358.4591,-5.8473,0.0288,-6.3638,0.6691,0.2853,0.6862
54.0785,140.19,351.0338,3.4485,404.7597,343.4232,44.3516,358.4365,-5.8490,0.0282,-6.3681,0.6700,0.2853,0.6853
54.0985,140.19,350.9168,3.4491,404.6323,343.4260,44.4246,358.4143,-5.8507,0.0277,-6.3724,0.6709,0.2853,0.6845
54.1185,140.19,350.7997,3.4496,404.5047,343.4297,44.4970,358.3926,-5.8525,0.0271,-6.3769,0.6718,0.2852,0.6837
54.1385,140.19,350.6826,3.4502,404.3771,343.4343,44.5690,358.3715,-5.8542,0.0266,-6.3813,0.6726,0.2851,0.6828
54.1585,140.19,350.5655,3.4507,404.2494,343.4396,44.6403,358.3508,-5.8559,0.0260,-6.3857,0.6735,0.2850,0.6820
54.1785,140.19,350.4484,3.4512,404.1216,343.4458,44.7110,358.3307,-5.8575,0.0255,-6.3901,0.6744,0.2849,0.6812
54.1985,140.19,350.3312,3.4517,403.9937,343.4527,44.7813,358.3110,-5.8592,0.0249,-6.3944,0.6752,0.2848,0.6804
54.2185,140.19,350.2140,3.4522,403.8657,343.4603,44.8509,358.2918,-5.8608,0.0244,-6.3985,0.6761,0.2847,0.6796
54.2385,140.19,350.0967,3.4527,403.7377,343.4686,44.9200,358.2730,-5.8623,0.0239,-6.4026,0.6769,0.2845,0.6788
54.2585,140.19,349.9794,3.4531,403.6095,343.4775,44.9885,358.2546,-5.8638,0.0234,-6.4065,0.6778,0.2844,0.6780
54.2785,140.19,349.8621,3.4536,403.4813,343.4869,45.0565,358.2367,-5.8652,0.0229,-6.4102,0.6786,0.2842,0.6773
54.2985,140.19,349.7448,3.4540,403.3531,343.4968,45.1238,358.2191,-5.8666,0.0225,-6.4137,0.6794,0.2841,0.6765
54.3185,140.19,349.6274,3.4545,403.2247,343.5072,45.1906,358.2019,-5.8678,0.0220,-6.4171,0.6803,0.2839,0.6758
54.3385,140.19,349.5100,3.4549,403.0963,343.5179,45.2568,358.1851,-5.8690,0.0216,-6.4202,0.6811,0.2837,0.6750
54.3585,140.19,349.3926,3.4553,402.9679,343.5290,45.3224,358.1685,-5.8702,0.0212,-6.4231,0.6819,0.2835,0.6743
54.3785,143.37,349.2752,3.4558,402.8394,343.5403,45.3875,358.1522,-5.8712,0.0209,-6.4257,0.6827,0.2833,0.6735
54.3985,143.37,349.1578,3.4562,402.7108,343.5519,45.4520,358.1363,-5.8722,0.0205,-6.4282,0.6835,0.2831,0.6728
54.4185,143.37,349.0403,3.4566,402.5822,343.5637,45.5160,358.1206,-5.8731,0.0202,-6.4304,0.6843,0.2829,0.6721
54.4385,143.37,348.9228,3.4570,402.4535,343.5757,45.5795,358.1051,-5.8740,0.0199,-6.4325,0.6851,0.2827,0.6714
54.4585,143.37,348.8053,3.4574,402.3248,343.5878,45.6426,358.0899,-5.8747,0.0196,-6.4343,0.6859,0.2825,0.6706
54.4785,143.37,348.6878,3.4578,402.1961,343.5999,45.7051,358.0750,-5.8754,0.0193,-6.4360,0.6866,0.2823,0.6699
54.4985,143.37,348.5703,3.4581,402.0674,343.6122,45.7671,358.0602,-5.8761,0.0191,-6.4375,0.6874,0.2821,0.6692
54.5185,143.37,348.4528,3.4585,401.9386,343.6245,45.8288,358.0457,-5.8767,0.0189,-6.4389,0.6882,0.2819,0.6685
54.5385,143.37,348.3352,3.4589,401.8098,343.6368,45.8899,358.0313,-5.8773,0.0187,-6.4401,0.6889,0.2817,0.6678
54.5585,143.37,348.2177,3.4593,401.6809,343.6492,45.9506,358.0172,-5.8778,0.0185,-6.4412,0.6897,0.2815,0.6672
54.5785,143.37,348.1001,3.4596,401.5521,343.6615,46.0108,358.0033,-5.8783,0.0183,-6.4422,0.6904,0.2813,0.6665
54.5985,143.37,347.9825,3.4600,401.4232,343.6738,46.0704,357.9897,-5.8787,0.0182,-6.4431,0.6912,0.2811,0.6658
54.6185,143.37,347.8649,3.4603,401.2943,343.6861,46.1296,357.9763,-5.8791,0.0180,-6.4439,0.6919,0.2809,0.6651
54.6385,143.37,347.7473,3.4607,401.1654,343.6983,46.1882,357.9631,-5.8794,0.0179,-6.4446,0.6926,0.2807,0.6645
54.6585,143.37,347.6298,3.4611,401.0365,343.7104,46.2462,357.9502,-5.8797,0.0178,-6.4452,0.6933,0.2805,0.6638
54.6785,143.37,347.5121,3.4614,400.9076,343.7224,46.3036,357.9375,-5.8800,0.0177,-6.4458,0.6940,0.2803,0.6631
54.6985,143.37,347.3945,3.4618,400.7787,343.7343,46.3603,357.9250,-5.8803,0.0176,-6.4463,0.6947,0.2801,0.6625
54.7185,143.37,347.2769,3.4621,400.6497,343.7461,46.4163,357.9128,-5.8805,0.0176,-6.4468,0.6954,0.2799,0.6619
54.7385,143.37,347.1593,3.4625,400.5208,343.7578,46.4717,357.9008,-5.8808,0.0175,-6.4472,0.6961,0.2797,0.6612
54.7585,143.37,347.0417,3.4628,400.3918,343.7693,46.5263,357.8890,-5.8810,0.0174,-6.4477,0.6968,0.2795,0.6606
54.7785,143.37,346.9241,3.4632,400.2629,343.7806,46.5802,357.8774,-5.8813,0.0174,-6.4482,0.6974,0.2793,0.6600
54.7985,143.37,346.8064,3.4635,400.1339,343.7918,46.6334,357.8660,-5.8815,0.0173,-6.4487,0.6981,0.2791,0.6594
54.8185,143.37,346.6888,3.4639,400.0049,343.8029,46.6859,357.8546,-5.8818,0.0173,-6.4492,0.6987,0.2789,0.6588
54.8385,143.37,346.5711,3.4642,399.8759,343.8138,46.7376,357.8434,-5.8820,0.0172,-6.4497,0.6994,0.2788,0.6582
54.8585,143.37,346.4535,3.4645,399.7469,343.8246,46.7888,357.8323,-5.8823,0.0172,-6.4503,0.7000,0.2786,0.6576
54.8785,143.37,346.3358,3.4649,399.6179,343.8352,46.8392,357.8212,-5.8825,0.0172,-6.4509,0.7006,0.2784,0.6570
54.8985,143.37,346.2182,3.4652,399.4889,343.8458,46.8891,357.8102,-5.8828,0.0171,-6.4516,0.7012,0.2782,0.6564
54.9185,143.37,346.1005,3.4656,399.3598,343.8561,46.9385,357.7992,-5.8831,0.0171,-6.4522,0.7018,0.2781,0.6559
54.9385,143.37,345.9828,3.4659,399.2307,343.8664,46.9872,357.7882,-5.8833,0.0170,-6.4529,0.7024,0.2779,0.6553
54.9585,143.37,345.8652,3.4663,399.1017,343.8766,47.0355,357.7772,-5.8836,0.0170,-6.4536,0.7030,0.2777,0.6547
54.9785,143.37,345.7475,3.4666,398.9726,343.8866,47.0834,357.7661,-5.8838,0.0170,-6.4543,0.7036,0.2775,0.6542
54.9985,143.37,345.6298,3.4669,398.8435,343.8966,47.1309,357.7551,-5.8841,0.0170,-6.4550,0.7042,0.2774,0.6536
55.0185,143.37,345.5121,3.4673,398.7144,343.9064,47.1780,357.7440,-5.8843,0.0170,-6.4557,0.7047,0.2772,0.6531
55.0385,143.37,345.3945,3.4676,398.5853,343.9162,47.2247,357.7328,-5.8845,0.0170,-6.4563,0.7053,0.2770,0.6525
55.0585,143.37,345.2768,3.4680,398.4561,343.9258,47.2711,357.7216,-5.8847,0.0169,-6.4569,0.7059,0.2769,0.6520
55.0785,143.37,345.1591,3.4683,398.3270,343.9353,47.3173,357.7103,-5.8849,0.0170,-6.4574,0.7064,0.2767,0.6515
55.0985,143.37,345.0414,3.4686,398.1978,343.9447,47.3631,357.6990,-5.8850,0.0170,-6.4579,0.7070,0.2766,0.6509
55.1185,143.37,344.9236,3.4690,398.0686,343.9540,47.4086,357.6876,-5.8851,0.0170,-6.4583,0.7075,0.2764,0.6504
55.1385,143.37,344.8059,3.4693,397.9395,343.9631,47.4539,357.6762,-5.8851,0.0170,-6.4585,0.7081,0.2763,0.6499
55.1585,143.37,344.6882,3.4697,397.8103,343.9721,47.4989,357.6648,-5.8852,0.0171,-6.4587,0.7086,0.2761,0.6493
55.1785,143.37,344.5705,3.4700,397.6811,343.9808,47.5436,357.6534,-5.8851,0.0171,-6.4588,0.7091,0.2760,0.6488
55.1985,143.37,344.4528,3.4703,397.5519,343.9894,47.5880,357.6420,-5.8850,0.0172,-6.4587,0.7097,0.2758,0.6483
55.2185,143.37,344.3351,3.4707,397.4227,343.9978,47.6321,357.6306,-5.8849,0.0173,-6.4585,0.7102,0.2757,0.6478
55.2385,143.37,344.2174,3.4710,397.2936,344.0059,47.6758,357.6193,-5.8847,0.0174,-6.4581,0.7107,0.2755,0.6473
55.2585,143.37,344.0997,3.4714,397.1644,344.0138,47.7191,357.6079,-5.8845,0.0175,-6.4576,0.7112,0.2754,0.6467
55.2785,143.37,343.9821,3.4717,397.0353,344.0213,47.7620,357.5966,-5.8842,0.0176,-6.4570,0.7118,0.2753,0.6462
55.2985,143.37,343.8644,3.4721,396.9062,344.0286,47.8044,357.5853,-5.8839,0.0178,-6.4561,0.7123,0.2752,0.6457
55.3185,143.37,343.7467,3.4725,396.7771,344.0356,47.8463,357.5740,-5.8835,0.0180,-6.4551,0.7128,0.2750,0.6452
55.3385,143.37,343.6290,3.4728,396.6480,344.0421,47.8878,357.5627,-5.8830,0.0181,-6.4539,0.7132,0.2749,0.6447
55.3585,143.37,343.5114,3.4732,396.5189,344.0485,47.9287,357.5513,-5.8826,0.0184,-6.4525,0.7137,0.2748,0.6443
55.3785,94.71,343.3937,3.4736,396.3899,344.0543,47.9692,357.5399,-5.8820,0.0186,-6.4510,0.7142,0.2747,0.6438
55.3985,94.71,343.2761,3.4739,396.2609,344.0598,48.0091,357.5284,-5.8814,0.0188,-6.4492,0.7147,0.2746,0.6433
55.4185,94.71,343.1585,3.4743,396.1320,344.0648,48.0485,357.5168,-5.8808,0.0191,-6.4473,0.7151,0.2745,0.6428
55.4385,94.71,343.0409,3.4747,396.0031,344.0694,48.0874,357.5050,-5.8801,0.0194,-6.4453,0.7156,0.2745,0.6423
55.4585,94.71,342.9233,3.4751,395.8742,344.0736,48.1257,357.4930,-5.8794,0.0196,-6.4432,0.7160,0.2744,0.6419
55.4785,94.71,342.8057,3.4755,395.7454,344.0774,48.1636,357.4807,-5.8787,0.0199,-6.4410,0.7165,0.2743,0.6414
55.4985,94.71,342.6882,3.4759,395.6166,344.0806,48.2011,357.4681,-5.8780,0.0202,-6.4387,0.7169,0.2743,0.6410
55.5185,94.71,342.5706,3.4763,395.4879,344.0834,48.2381,357.4553,-5.8772,0.0205,-6.4364,0.7173,0.2742,0.6405
55.5385,94.71,342.4531,3.4767,395.3592,344.0858,48.2746,357.4421,-5.8765,0.0209,-6.4342,0.7177,0.2742,0.6401
55.5585,94.71,342.3356,3.4771,395.2305,344.0877,48.3108,357.4286,-5.8758,0.0212,-6.4320,0.7181,0.2742,0.6396
55.5785,94.71,342.2181,3.4776,395.1019,344.0893,48.3466,357.4148,-5.8751,0.0215,-6.4299,0.7186,0.2741,0.6392
55.5985,94.71,342.1006,3.4780,394.9734,344.0904,48.3820,357.4006,-5.8744,0.0218,-6.4280,0.7190,0.2741,0.6387
55.6185,94.71,341.9831,3.4784,394.8448,344.0912,48.4171,357.3862,-5.8737,0.0220,-6.4262,0.7193,0.2741,0.6383
55.6385,94.71,341.8657,3.4789,394.7164,344.0916,48.4518,357.3714,-5.8731,0.0223,-6.4247,0.7197,0.2741,0.6378
55.6585,94.71,341.7482,3.4793,394.5879,344.0917,48.4862,357.3564,-5.8726,0.0225,-6.4233,0.7201,0.2741,0.6374
55.6785,94.71,341.6308,3.4798,394.4594,344.0916,48.5203,357.3413,-5.8721,0.0228,-6.4222,0.7205,0.2741,0.6370
55.6985,94.71,341.5133,3.4803,394.3310,344.0912,48.5541,357.3260,-5.8716,0.0230,-6.4214,0.7209,0.2741,0.6366
55.7185,94.71,341.3959,3.4807,394.2026,344.0907,48.5877,357.3106,-5.8712,0.0231,-6.4209,0.7212,0.2741,0.6361
55.7385,94.71,341.2785,3.4812,394.0742,344.0901,48.6209,357.2951,-5.8708,0.0233,-6.4206,0.7216,0.2741,0.6357
55.7585,94.71,341.1611,3.4817,393.9458,344.0894,48.6538,357.2798,-5.8705,0.0234,-6.4206,0.7220,0.2741,0.6353
55.7785,94.71,341.0437,3.4821,393.8174,344.0887,48.6865,357.2645,-5.8703,0.0235,-6.4209,0.7223,0.2741,0.6349
55.7985,94.71,340.9263,3.4826,393.6889,344.0880,48.7189,357.2494,-5.8701,0.0236,-6.4215,0.7227,0.2742,0.6345
55.8185,94.71,340.8089,3.4831,393.5605,344.0874,48.7510,357.2344,-5.8700,0.0236,-6.4223,0.7230,0.2742,0.6341
55.8385,94.71,340.6915,3.4835,393.4320,344.0869,48.7828,357.2198,-5.8699,0.0236,-6.4234,0.7234,0.2742,0.6337
55.8585,94.71,340.5741,3.4840,393.3035,344.0866,48.8144,357.2054,-5.8699,0.0236,-6.4247,0.7237,0.2742,0.6333
55.8785,94.71,340.4567,3.4845,393.1750,344.0865,48.8456,357.1914,-5.8699,0.0236,-6.4262,0.7241,0.2742,0.6329
55.8985,94.71,340.3393,3.4850,393.0464,344.0867,48.8766,357.1778,-5.8699,0.0236,-6.4278,0.7244,0.2742,0.6325
55.9185,94.71,340.2219,3.4854,392.9178,344.0871,48.9072,357.1646,-5.8700,0.0235,-6.4296,0.7248,0.2742,0.6321
55.9385,94.71,340.1045,3.4859,392.7892,344.0879,48.9376,357.1519,-5.8701,0.0235,-6.4316,0.7251,0.2742,0.6317
55.9585,94.71,339.9871,3.4864,392.6606,344.0889,48.9677,357.1395,-5.8702,0.0234,-6.4336,0.7254,0.2741,0.6313
55.9785,94.71,339.8697,3.4868,392.5318,344.0902,48.9975,357.1276,-5.8703,0.0233,-6.4356,0.7258,0.2741,0.6310
55.9985,94.71,339.7523,3.4873,392.4031,344.0919,49.0270,357.1161,-5.8704,0.0232,-6.4377,0.7261,0.2741,0.6306
56.0185,94.71,339.6349,3.4878,392.2743,344.0938,49.0561,357.1052,-5.8705,0.0232,-6.4398,0.7264,0.2741,0.6302
56.0385,94.71,339.5175,3.4882,392.1454,344.0961,49.0850,357.0946,-5.8706,0.0231,-6.4419,0.7268,0.2740,0.6299
56.0585,94.71,339.4001,3.4887,392.0166,344.0987,49.1135,357.0846,-5.8706,0.0230,-6.4439,0.7271,0.2740,0.6295
56.0785,94.71,339.2827,3.4891,391.8877,344.1015,49.1417,357.0750,-5.8706,0.0229,-6.4457,0.7274,0.2739,0.6292
56.0985,94.71,339.1653,3.4896,391.7587,344.1047,49.1696,357.0658,-5.8706,0.0228,-6.4475,0.7277,0.2739,0.6288
56.1185,94.71,339.0479,3.4901,391.6297,344.1081,49.1970,357.0570,-5.8705,0.0228,-6.4491,0.7280,0.2738,0.6285
56.1385,94.71,338.9305,3.4905,391.5007,344.1118,49.2241,357.0487,-5.8704,0.0227,-6.4506,0.7283,0.2738,0.6282
56.1585,94.71,338.8131,3.4910,391.3717,344.1156,49.2509,357.0408,-5.8702,0.0227,-6.4518,0.7286,0.2737,0.6278
56.1785,94.71,338.6957,3.4914,391.2426,344.1195,49.2773,357.0331,-5.8700,0.0227,-6.4529,0.7290,0.2736,0.6275
56.1985,94.71,338.5783,3.4919,391.1136,344.1237,49.3033,357.0259,-5.8697,0.0227,-6.4537,0.7293,0.2736,0.6272
56.2185,94.71,338.4609,3.4923,390.9845,344.1279,49.3289,357.0190,-5.8694,0.0227,-6.4544,0.7295,0.2735,0.6269
56.2385,94.71,338.3435,3.4928,390.8554,344.1322,49.3540,357.0123,-5.8690,0.0228,-6.4549,0.7298,0.2734,0.6266
56.2585,94.71,338.2261,3.4932,390.7263,344.1364,49.3788,357.0059,-5.8685,0.0228,-6.4551,0.7301,0.2733,0.6263
56.2785,94.71,338.1088,3.4937,390.5972,344.1406,49.4031,356.9996,-5.8680,0.0229,-6.4552,0.7304,0.2733,0.6260
56.2985,94.71,337.9914,3.4942,390.4681,344.1447,49.4271,356.9935,-5.8675,0.0230,-6.4552,0.7307,0.2732,0.6257
56.3185,94.71,337.8741,3.4946,390.3390,344.1487,49.4506,356.9875,-5.8669,0.0231,-6.4550,0.7310,0.2731,0.6254
56.3385,94.71,337.7567,3.4951,390.2099,344.1526,49.4737,356.9817,-5.8663,0.0232,-6.4548,0.7312,0.2731,0.6251
56.3585,94.71,337.6394,3.4955,390.0808,344.1563,49.4965,356.9758,-5.8657,0.0233,-6.4544,0.7315,0.2730,0.6248
56.3785,94.71,337.5221,3.4960,389.9517,344.1599,49.5188,356.9701,-5.8651,0.0234,-6.4541,0.7317,0.2730,0.6245
56.3985,94.71,337.4048,3.4965,389.8227,344.1632,49.5407,356.9644,-5.8645,0.0236,-6.4537,0.7320,0.2729,0.6243
56.4185,94.71,337.2876,3.4970,389.6936,344.1664,49.5623,356.9586,-5.8639,0.0237,-6.4534,0.7322,0.2728,0.6240
56.4385,100.06,337.1703,3.4974,389.5645,344.1693,49.5835,356.9529,-5.8633,0.0238,-6.4531,0.7325,0.2728,0.6237
56.4585,100.06,337.0530,3.4979,389.4355,344.1720,49.6044,356.9471,-5.8627,0.0240,-6.4528,0.7327,0.2727,0.6235
56.4785,100.06,336.9358,3.4984,389.3064,344.1746,49.6249,356.9414,-5.8622,0.0241,-6.4527,0.7329,0.2727,0.6232
56.4985,100.06,336.8185,3.4989,389.1774,344.1770,49.6450,356.9356,-5.8617,0.0242,-6.4527,0.7332,0.2727,0.6230
56.5185,100.06,336.7013,3.4994,389.0483,344.1793,49.6648,356.9299,-5.8612,0.0243,-6.4528,0.7334,0.2726,0.6227
56.5385,100.06,336.5841,3.4999,388.9193,344.1814,49.6842,356.9241,-5.8608,0.0244,-6.4531,0.7336,0.2726,0.6225
56.5585,100.06,336.4669,3.5003,388.7902,344.1834,49.7033,356.9183,-5.8604,0.0245,-6.4535,0.7338,0.2726,0.6223
56.5785,100.06,336.3497,3.5008,388.6611,344.1854,49.7221,356.9125,-5.8600,0.0245,-6.4541,0.7340,0.2725,0.6220
56.5985,100.06,336.2325,3.5013,388.5320,344.1873,49.7405,356.9068,-5.8597,0.0246,-6.4548,0.7342,0.2725,0.6218
56.6185,100.06,336.1153,3.5018,388.4029,344.1891,49.7585,356.9010,-5.8595,0.0246,-6.4557,0.7344,0.2725,0.6216
56.6385,100.06,335.9981,3.5023,388.2737,344.1910,49.7762,356.8953,-5.8593,0.0246,-6.4568,0.7346,0.2724,0.6213
56.6585,100.06,335.8810,3.5028,388.1446,344.1929,49.7935,356.8896,-5.8591,0.0246,-6.4581,0.7348,0.2724,0.6211
56.6785,100.06,335.7638,3.5033,388.0154,344.1949,49.8105,356.8840,-5.8590,0.0246,-6.4595,0.7350,0.2724,0.6209
56.6985,100.06,335.6466,3.5038,387.8862,344.1970,49.8271,356.8785,-5.8589,0.0246,-6.4610,0.7352,0.2723,0.6207
56.7185,100.06,335.5294,3.5043,387.7570,344.1992,49.8434,356.8730,-5.8589,0.0246,-6.4627,0.7354,0.2723,0.6205
56.7385,100.06,335.4122,3.5048,387.6277,344.2017,49.8593,356.8678,-5.8588,0.0245,-6.4645,0.7356,0.2723,0.6203
56.7585,100.06,335.2950,3.5053,387.4983,344.2043,49.8748,356.8627,-5.8588,0.0245,-6.4664,0.7358,0.2722,0.6201
56.7785,100.06,335.1778,3.5057,387.3690,344.2070,49.8901,356.8578,-5.8588,0.0244,-6.4683,0.7359,0.2722,0.6199
56.7985,100.06,335.0606,3.5062,387.2396,344.2100,49.9050,356.8531,-5.8588,0.0243,-6.4704,0.7361,0.2721,0.6198
56.8185,100.06,334.9435,3.5067,387.1101,344.2131,49.9195,356.8485,-5.8588,0.0243,-6.4724,0.7363,0.2721,0.6196
56.8385,100.06,334.8263,3.5072,386.9806,344.2165,49.9338,356.8443,-5.8588,0.0242,-6.4744,0.7364,0.2720,0.6194
56.8585,100.06,334.7091,3.5077,386.8511,344.2200,49.9478,356.8403,-5.8588,0.0241,-6.4765,0.7366,0.2719,0.6192
56.8785,100.06,334.5919,3.5082,386.7215,344.2238,49.9615,356.8365,-5.8588,0.0241,-6.4784,0.7368,0.2719,0.6191
56.8985,100.06,334.4747,3.5086,386.5919,344.2277,49.9749,356.8331,-5.8587,0.0240,-6.4804,0.7369,0.2718,0.6189
56.9185,100.06,334.3575,3.5091,386.4623,344.2318,49.9881,356.8299,-5.8586,0.0240,-6.4822,0.7371,0.2717,0.6188
56.9385,100.06,334.2404,3.5096,386.3326,344.2359,50.0011,356.8270,-5.8585,0.0239,-6.4838,0.7372,0.2717,0.6186
56.9585,100.06,334.1232,3.5101,386.2029,344.2402,50.0138,356.8243,-5.8583,0.0239,-6.4854,0.7374,0.2716,0.6184
56.9785,100.06,334.0061,3.5106,386.0732,344.2446,50.0263,356.8219,-5.8581,0.0239,-6.4868,0.7375,0.2715,0.6183
56.9985,100.06,333.8889,3.5110,385.9434,344.2490,50.0385,356.8198,-5.8579,0.0239,-6.4881,0.7377,0.2715,0.6182
57.0185,100.06,333.7718,3.5115,385.8136,344.2534,50.0506,356.8179,-5.8576,0.0239,-6.4892,0.7378,0.2714,0.6180
57.0385,100.06,333.6546,3.5120,385.6838,344.2579,50.0625,356.8162,-5.8572,0.0239,-6.4902,0.7380,0.2713,0.6179
57.0585,100.06,333.5375,3.5125,385.5540,344.2623,50.0740,356.8148,-5.8568,0.0239,-6.4911,0.7381,0.2712,0.6177
57.0785,100.06,333.4203,3.5129,385.4242,344.2667,50.0854,356.8137,-5.8564,0.0239,-6.4918,0.7383,0.2712,0.6176
57.0985,100.06,333.3032,3.5134,385.2943,344.2709,50.0964,356.8128,-5.8560,0.0240,-6.4924,0.7384,0.2711,0.6175
57.1185,100.06,333.1861,3.5139,385.1645,344.2751,50.1072,356.8123,-5.8555,0.0241,-6.4929,0.7385,0.2710,0.6173
57.1385,100.06,333.0690,3.5144,385.0346,344.2791,50.1177,356.8120,-5.8550,0.0241,-6.4934,0.7387,0.2710,0.6172
57.1585,100.06,332.9519,3.5149,384.9047,344.2831,50.1277,356.8119,-5.8545,0.0242,-6.4938,0.7388,0.2709,0.6171
57.1785,100.06,332.8349,3.5154,384.7748,344.2869,50.1374,356.8121,-5.8540,0.0243,-6.4942,0.7389,0.2708,0.6170
57.1985,100.06,332.7178,3.5158,384.6450,344.2905,50.1466,356.8125,-5.8535,0.0244,-6.4945,0.7390,0.2708,0.6169
57.2185,100.06,332.6007,3.5163,384.5151,344.2941,50.1555,356.8132,-5.8530,0.0244,-6.4949,0.7391,0.2707,0.6168
57.2385,100.06,332.4837,3.5168,384.3852,344.2975,50.1638,356.8141,-5.8525,0.0245,-6.4952,0.7392,0.2706,0.6167
57.2585,100.06,332.3666,3.5173,384.2552,344.3009,50.1717,356.8151,-5.8521,0.0246,-6.4956,0.7393,0.2706,0.6166
57.2785,100.06,332.2496,3.5178,384.1253,344.3041,50.1791,356.8163,-5.8517,0.0247,-6.4961,0.7394,0.2705,0.6165
57.2985,100.06,332.1326,3.5183,383.9954,344.3073,50.1861,356.8176,-5.8513,0.0248,-6.4966,0.7395,0.2705,0.6164
57.3185,100.06,332.0156,3.5188,383.8654,344.3105,50.1925,356.8191,-5.8509,0.0248,-6.4972,0.7396,0.2704,0.6164
57.3385,100.06,331.8986,3.5193,383.7355,344.3135,50.1986,356.8206,-5.8506,0.0249,-6.4978,0.7397,0.2704,0.6163
57.3585,100.06,331.7816,3.5198,383.6055,344.3165,50.2042,356.8222,-5.8503,0.0250,-6.4986,0.7397,0.2703,0.6162
57.3785,100.06,331.6646,3.5203,383.4756,344.3195,50.2094,356.8239,-5.8500,0.0250,-6.4994,0.7398,0.2703,0.6162
57.3985,100.06,331.5475,3.5208,383.3456,344.3226,50.2143,356.8255,-5.8498,0.0251,-6.5004,0.7399,0.2702,0.6161
57.4185,100.06,331.4305,3.5213,383.2155,344.3256,50.2188,356.8272,-5.8496,0.0251,-6.5014,0.7399,0.2702,0.6161
57.4385,100.38,331.3136,3.5218,383.0854,344.3287,50.2231,356.8289,-5.8495,0.0251,-6.5026,0.7400,0.2701,0.6160
57.4585,100.38,331.1966,3.5223,382.9554,344.3319,50.2271,356.8307,-5.8493,0.0251,-6.5039,0.7400,0.2701,0.6160
57.4785,100.38,331.0796,3.5228,382.8253,344.3351,50.2308,356.8324,-5.8493,0.0251,-6.5052,0.7401,0.2700,0.6159
57.4985,100.38,330.9626,3.5233,382.6952,344.3385,50.2344,356.8342,-5.8492,0.0252,-6.5067,0.7401,0.2700,0.6159
57.5185,100.38,330.8457,3.5238,382.5650,344.3419,50.2379,356.8359,-5.8492,0.0252,-6.5082,0.7402,0.2699,0.6159
57.5385,100.38,330.7287,3.5243,382.4348,344.3455,50.2412,356.8377,-5.8492,0.0251,-6.5098,0.7402,0.2698,0.6158
57.5585,100.38,330.6117,3.5248,382.3046,344.3492,50.2444,356.8394,-5.8492,0.0251,-6.5115,0.7403,0.2698,0.6158
57.5785,100.38,330.4948,3.5253,382.1743,344.3531,50.2475,356.8412,-5.8492,0.0251,-6.5133,0.7403,0.2697,0.6158
57.5985,100.38,330.3778,3.5258,382.0440,344.3571,50.2506,356.8431,-5.8493,0.0251,-6.5151,0.7404,0.2696,0.6157
57.6185,100.38,330.2608,3.5263,381.9137,344.3614,50.2537,356.8451,-5.8494,0.0251,-6.5170,0.7404,0.2696,0.6157
57.6385,100.38,330.1438,3.5268,381.7833,344.3658,50.2568,356.8470,-5.8494,0.0250,-6.5188,0.7405,0.2695,0.6157
57.6585,100.38,330.0268,3.5273,381.6529,344.3704,50.2599,356.8490,-5.8495,0.0250,-6.5207,0.7405,0.2694,0.6157
57.6785,100.38,329.9098,3.5278,381.5224,344.3751,50.2629,356.8511,-5.8496,0.0250,-6.5226,0.7406,0.2693,0.6156
57.6985,100.38,329.7928,3.5283,381.3919,344.3801,50.2660,356.8532,-5.8497,0.0249,-6.5244,0.7406,0.2693,0.6156
57.7185,100.38,329.6758,3.5288,381.2614,344.3852,50.2691,356.8555,-5.8497,0.0249,-6.5262,0.7407,0.2692,0.6156
57.7385,100.38,329.5588,3.5293,381.1309,344.3904,50.2721,356.8578,-5.8497,0.0249,-6.5280,0.7407,0.2691,0.6156
57.7585,100.38,329.4418,3.5298,381.0003,344.3958,50.2752,356.8603,-5.8498,0.0249,-6.5296,0.7408,0.2690,0.6155
57.7785,100.38,329.3248,3.5303,380.8697,344.4013,50.2782,356.8628,-5.8497,0.0249,-6.5312,0.7408,0.2689,0.6155
57.7985,100.38,329.2078,3.5308,380.7390,344.4069,50.2810,356.8654,-5.8497,0.0249,-6.5327,0.7409,0.2688,0.6155
57.8185,100.38,329.0908,3.5313,380.6083,344.4126,50.2838,356.8681,-5.8496,0.0249,-6.5341,0.7409,0.2687,0.6155
57.8385,100.38,328.9738,3.5318,380.4776,344.4182,50.2865,356.8709,-5.8495,0.0249,-6.5355,0.7410,0.2686,0.6155
57.8585,100.38,328.8568,3.5323,380.3469,344.4240,50.2889,356.8737,-5.8494,0.0250,-6.5367,0.7410,0.2685,0.6155
57.8785,100.38,328.7398,3.5328,380.2161,344.4297,50.2913,356.8767,-5.8493,0.0250,-6.5378,0.7411,0.2684,0.6154
57.8985,100.38,328.6228,3.5333,380.0854,344.4354,50.2934,356.8797,-5.8491,0.0250,-6.5389,0.7411,0.2683,0.6154
57.9185,100.38,328.5059,3.5338,379.9546,344.4411,50.2953,356.8828,-5.8490,0.0251,-6.5399,0.7412,0.2682,0.6154
57.9385,100.38,328.3889,3.5343,379.8237,344.4467,50.2970,356.8858,-5.8488,0.0251,-6.5409,0.7412,0.2681,0.6154
57.9585,100.38,328.2719,3.5348,379.6929,344.4523,50.2984,356.8889,-5.8486,0.0252,-6.5418,0.7412,0.2680,0.6154
57.9785,100.38,328.1549,3.5353,379.5620,344.4579,50.2996,356.8919,-5.8484,0.0253,-6.5428,0.7413,0.2679,0.6154
57.9985,100.38,328.0380,3.5358,379.4312,344.4633,50.3005,356.8950,-5.8483,0.0253,-6.5437,0.7413,0.2679,0.6154
58.0185,100.38,327.9210,3.5363,379.3003,344.4687,50.3011,356.8981,-5.8481,0.0254,-6.5446,0.7413,0.2678,0.6154
58.0385,100.38,327.8040,3.5369,379.1694,344.4740,50.3014,356.9011,-5.8479,0.0255,-6.5455,0.7413,0.2677,0.6154
58.0585,100.38,327.6871,3.5374,379.0385,344.4792,50.3013,356.9041,-5.8477,0.0255,-6.5465,0.7414,0.2676,0.6155
58.0785,100.38,327.5702,3.5379,378.9075,344.4843,50.3010,356.9072,-5.8476,0.0256,-6.5474,0.7414,0.2675,0.6155
58.0985,100.38,327.4532,3.5384,378.7765,344.4893,50.3003,356.9103,-5.8474,0.0257,-6.5484,0.7414,0.2674,0.6155
58.1185,100.38,327.3363,3.5389,378.6455,344.4943,50.2994,356.9134,-5.8473,0.0257,-6.5495,0.7414,0.2673,0.6155
58.1385,100.38,327.2193,3.5394,378.5145,344.4991,50.2981,356.9165,-5.8471,0.0258,-6.5505,0.7414,0.2673,0.6156
58.1585,100.38,327.1024,3.5399,378.3835,344.5039,50.2965,356.9196,-5.8470,0.0259,-6.5516,0.7414,0.2672,0.6156
58.1785,100.38,326.9854,3.5405,378.2524,344.5086,50.2945,356.9228,-5.8469,0.0259,-6.5527,0.7414,0.2671,0.6156
58.1985,100.38,326.8685,3.5410,378.1214,344.5133,50.2923,356.9261,-5.8467,0.0260,-6.5539,0.7414,0.2670,0.6157
58.2185,100.38,326.7516,3.5415,377.9903,344.5179,50.2898,356.9294,-5.8466,0.0261,-6.5550,0.7414,0.2669,0.6157
58.2385,100.38,326.6346,3.5420,377.8591,344.5225,50.2871,356.9327,-5.8465,0.0261,-6.5561,0.7414,0.2669,0.6158
58.2585,100.38,326.5177,3.5425,377.7280,344.5270,50.2840,356.9361,-5.8464,0.0262,-6.5572,0.7413,0.2668,0.6158
58.2785,100.38,326.4008,3.5431,377.5968,344.5315,50.2807,356.9396,-5.8462,0.0263,-6.5583,0.7413,0.2667,0.6159
58.2985,100.38,326.2839,3.5436,377.4656,344.5359,50.2772,356.9432,-5.8461,0.0263,-6.5593,0.7413,0.2666,0.6159
58.3185,100.38,326.1670,3.5441,377.3344,344.5403,50.2735,356.9468,-5.8459,0.0264,-6.5603,0.7413,0.2666,0.6160
58.3385,100.38,326.0500,3.5447,377.2032,344.5446,50.2695,356.9504,-5.8457,0.0265,-6.5612,0.7412,0.2665,0.6161
58.3585,100.38,325.9331,3.5452,377.0720,344.5490,50.2653,356.9541,-5.8455,0.0266,-6.5620,0.7412,0.2664,0.6161
58.3785,100.38,325.8162,3.5457,376.9407,344.5532,50.2609,356.9578,-5.8452,0.0267,-6.5626,0.7412,0.2663,0.6162
58.3985,100.38,325.6993,3.5463,376.8095,344.5574,50.2563,356.9615,-5.8450,0.0268,-6.5632,0.7412,0.2663,0.6163
58.4185,100.38,325.5824,3.5468,376.6782,344.5616,50.2516,356.9651,-5.8446,0.0269,-6.5636,0.7411,0.2662,0.6163
58.4385,131.99,325.4655,3.5473,376.5469,344.5656,50.2466,356.9688,-5.8443,0.0270,-6.5639,0.7411,0.2661,0.6164
58.4585,131.99,325.3487,3.5479,376.4156,344.5696,50.2415,356.9724,-5.8439,0.0271,-6.5640,0.7410,0.2661,0.6165
58.4785,131.99,325.2318,3.5484,376.2843,344.5734,50.2361,356.9759,-5.8435,0.0273,-6.5639,0.7410,0.2660,0.6166
58.4985,131.99,325.1149,3.5490,376.1530,344.5771,50.2306,356.9792,-5.8430,0.0275,-6.5637,0.7409,0.2659,0.6167
58.5185,131.99,324.9981,3.5495,376.0218,344.5807,50.2249,356.9825,-5.8424,0.0276,-6.5633,0.7409,0.2659,0.6167
58.5385,131.99,324.8812,3.5501,375.8905,344.5840,50.2191,356.9855,-5.8419,0.0278,-6.5626,0.7408,0.2658,0.6168
58.5585,131.99,324.7644,3.5506,375.7593,344.5872,50.2131,356.9883,-5.8412,0.0281,-6.5618,0.7408,0.2658,0.6169
58.5785,131.99,324.6476,3.5512,375.6281,344.5902,50.2070,356.9910,-5.8406,0.0283,-6.5608,0.7407,0.2657,0.6170
58.5985,131.99,324.5308,3.5518,375.4969,344.5930,50.2008,356.9933,-5.8398,0.0285,-6.5597,0.7407,0.2657,0.6171
58.6185,131.99,324.4140,3.5524,375.3657,344.5956,50.1946,356.9954,-5.8391,0.0288,-6.5583,0.7406,0.2656,0.6172
58.6385,131.99,324.2972,3.5529,375.2346,344.5978,50.1883,356.9971,-5.8382,0.0291,-6.5567,0.7406,0.2656,0.6173
58.6585,131.99,324.1805,3.5535,375.1035,344.5999,50.1820,356.9985,-5.8374,0.0294,-6.5549,0.7405,0.2656,0.6174
58.6785,131.99,324.0638,3.5541,374.9724,344.6017,50.1758,356.9996,-5.8364,0.0297,-6.5530,0.7404,0.2655,0.6174
58.6985,131.99,323.9471,3.5547,374.8414,344.6031,50.1695,357.0003,-5.8354,0.0300,-6.5508,0.7404,0.2655,0.6175
58.7185,131.99,323.8304,3.5553,374.7104,344.6042,50.1634,357.0006,-5.8344,0.0303,-6.5484,0.7403,0.2655,0.6176
58.7385,131.99,323.7137,3.5559,374.5795,344.6049,50.1572,357.0006,-5.8333,0.0307,-6.5458,0.7403,0.2655,0.6177
58.7585,131.99,323.5970,3.5566,374.4486,344.6052,50.1512,357.0000,-5.8321,0.0311,-6.5429,0.7402,0.2655,0.6178
58.7785,131.99,323.4804,3.5572,374.3178,344.6051,50.1452,356.9991,-5.8308,0.0315,-6.5398,0.7401,0.2655,0.6179
58.7985,131.99,323.3639,3.5578,374.1871,344.6045,50.1391,356.9978,-5.8295,0.0319,-6.5365,0.7401,0.2655,0.6179
58.8185,131.99,323.2473,3.5585,374.0565,344.6033,50.1332,356.9961,-5.8281,0.0324,-6.5330,0.7400,0.2655,0.6180
58.8385,131.99,323.1307,3.5591,373.9259,344.6016,50.1273,356.9940,-5.8267,0.0329,-6.5292,0.7399,0.2655,0.6181
58.8585,131.99,323.0142,3.5598,373.7954,344.5993,50.1213,356.9914,-5.8252,0.0333,-6.5253,0.7398,0.2656,0.6181
58.8785,131.99,322.8977,3.5605,373.6649,344.5963,50.1152,356.9884,-5.8237,0.0339,-6.5212,0.7398,0.2656,0.6182
58.8985,131.99,322.7813,3.5612,373.5346,344.5927,50.1089,356.9851,-5.8221,0.0344,-6.5170,0.7397,0.2657,0.6183
58.9185,131.99,322.6649,3.5619,373.4044,344.5884,50.1025,356.9814,-5.8205,0.0349,-6.5126,0.7396,0.2658,0.6184
58.9385,131.99,322.5485,3.5626,373.2742,344.5834,50.0959,356.9773,-5.8189,0.0354,-6.5083,0.7395,0.2658,0.6184
58.9585,131.99,322.4322,3.5633,373.1441,344.5777,50.0891,356.9730,-5.8173,0.0360,-6.5039,0.7394,0.2659,0.6185
58.9785,131.99,322.3159,3.5640,373.0141,344.5714,50.0819,356.9683,-5.8157,0.0365,-6.4995,0.7393,0.2660,0.6186
58.9985,131.99,322.1996,3.5648,372.8842,344.5643,50.0744,356.9633,-5.8141,0.0371,-6.4952,0.7392,0.2662,0.6186
59.0185,131.99,322.0833,3.5655,372.7544,344.5566,50.0666,356.9581,-5.8125,0.0376,-6.4911,0.7391,0.2663,0.6187
59.0385,131.99,321.9671,3.5663,372.6247,344.5483,50.0583,356.9526,-5.8110,0.0381,-6.4871,0.7390,0.2664,0.6188
59.0585,131.99,321.8510,3.5670,372.4950,344.5394,50.0496,356.9469,-5.8096,0.0386,-6.4833,0.7389,0.2666,0.6189
59.0785,131.99,321.7348,3.5678,372.3654,344.5299,50.0405,356.9411,-5.8081,0.0391,-6.4797,0.7387,0.2667,0.6190
59.0985,131.99,321.6187,3.5686,372.2359,344.5201,50.0309,356.9352,-5.8068,0.0395,-6.4764,0.7386,0.2669,0.6191
59.1185,131.99,321.5025,3.5694,372.1064,344.5099,50.0209,356.9290,-5.8055,0.0399,-6.4734,0.7384,0.2671,0.6192
59.1385,131.99,321.3864,3.5702,371.9770,344.4993,50.0105,356.9229,-5.8044,0.0403,-6.4707,0.7383,0.2673,0.6193
59.1585,131.99,321.2704,3.5710,371.8476,344.4885,49.9998,356.9166,-5.8033,0.0406,-6.4683,0.7381,0.2674,0.6194
59.1785,131.99,321.1543,3.5719,371.7183,344.4775,49.9886,356.9103,-5.8022,0.0410,-6.4663,0.7380,0.2676,0.6195
59.1985,131.99,321.0383,3.5727,371.5890,344.4664,49.9771,356.9041,-5.8013,0.0412,-6.4646,0.7378,0.2678,0.6196
59.2185,131.99,320.9223,3.5735,371.4597,344.4552,49.9654,356.8978,-5.8005,0.0415,-6.4632,0.7376,0.2680,0.6197
59.2385,131.99,320.8063,3.5743,371.3305,344.4440,49.9534,356.8916,-5.7997,0.0417,-6.4621,0.7375,0.2682,0.6198
59.2585,131.99,320.6903,3.5752,371.2013,344.4330,49.9412,356.8856,-5.7990,0.0419,-6.4613,0.7373,0.2684,0.6200
59.2785,131.99,320.5744,3.5760,371.0721,344.4220,49.9288,356.8795,-5.7983,0.0421,-6.4607,0.7371,0.2686,0.6201
59.2985,131.99,320.4584,3.5769,370.9428,344.4111,49.9163,356.8737,-5.7978,0.0422,-6.4604,0.7370,0.2687,0.6202
59.3185,131.99,320.3425,3.5777,370.8136,344.4005,49.9036,356.8679,-5.7972,0.0423,-6.4603,0.7368,0.2689,0.6204
59.3385,131.99,320.2265,3.5786,370.6844,344.3901,49.8909,356.8624,-5.7968,0.0424,-6.4604,0.7366,0.2691,0.6205
59.3585,131.99,320.1106,3.5794,370.5552,344.3799,49.8782,356.8571,-5.7963,0.0424,-6.4607,0.7364,0.2693,0.6206
59.3785,131.99,319.9947,3.5803,370.4260,344.3700,49.8653,356.8520,-5.7959,0.0425,-6.4610,0.7363,0.2694,0.6208
59.3985,131.99,319.8788,3.5811,370.2968,344.3603,49.8523,356.8471,-5.7955,0.0425,-6.4614,0.7361,0.2696,0.6209
59.4185,131.99,319.7629,3.5820,370.1675,344.3509,49.8394,356.8425,-5.7951,0.0425,-6.4619,0.7359,0.2697,0.6210
59.4385,131.99,319.6470,3.5828,370.0383,344.3417,49.8263,356.8381,-5.7947,0.0426,-6.4625,0.7357,0.2699,0.6212
59.4585,121.57,319.5311,3.5837,369.9090,344.3327,49.8132,356.8340,-5.7943,0.0426,-6.4630,0.7356,0.2701,0.6213
59.4785,121.57,319.4152,3.5845,369.7797,344.3240,49.8001,356.8302,-5.7939,0.0426,-6.4636,0.7354,0.2702,0.6214
59.4985,121.57,319.2993,3.5854,369.6505,344.3154,49.7868,356.8266,-5.7935,0.0426,-6.4642,0.7352,0.2703,0.6216
59.5185,121.57,319.1835,3.5862,369.5211,344.3071,49.7735,356.8234,-5.7931,0.0426,-6.4647,0.7350,0.2705,0.6217
59.5385,121.57,319.0676,3.5871,369.3918,344.2990,49.7601,356.8204,-5.7927,0.0426,-6.4653,0.7349,0.2706,0.6219
59.5585,121.57,318.9518,3.5879,369.2625,344.2910,49.7467,356.8177,-5.7922,0.0426,-6.4658,0.7347,0.2708,0.6220
59.5785,121.57,318.8359,3.5888,369.1332,344.2832,49.7331,356.8152,-5.7918,0.0426,-6.4662,0.7345,0.2709,0.6222
59.5985,121.57,318.7201,3.5896,369.0039,344.2756,49.7194,356.8130,-5.7914,0.0426,-6.4667,0.7343,0.2710,0.6223
59.6185,121.57,318.6043,3.5905,368.8745,344.2682,49.7057,356.8111,-5.7909,0.0426,-6.4671,0.7342,0.2711,0.6225
59.6385,121.57,318.4885,3.5913,368.7452,344.2610,49.6918,356.8094,-5.7904,0.0425,-6.4675,0.7340,0.2713,0.6226
59.6585,121.57,318.3727,3.5922,368.6158,344.2539,49.6778,356.8080,-5.7900,0.0425,-6.4678,0.7338,0.2714,0.6228
59.6785,121.57,318.2569,3.5930,368.4865,344.2472,49.6637,356.8069,-5.7895,0.0425,-6.4682,0.7336,0.2715,0.6230
59.6985,121.57,318.1411,3.5939,368.3571,344.2405,49.6494,356.8059,-5.7891,0.0425,-6.4685,0.7335,0.2716,0.6231
59.7185,121.57,318.0253,3.5947,368.2277,344.2341,49.6351,356.8052,-5.7886,0.0425,-6.4689,0.7333,0.2717,0.6233
59.7385,121.57,317.9096,3.5956,368.0983,344.2279,49.6206,356.8046,-5.7882,0.0425,-6.4693,0.7331,0.2718,0.6235
59.7585,121.57,317.7938,3.5964,367.9689,344.2219,49.6060,356.8043,-5.7878,0.0424,-6.4698,0.7329,0.2719,0.6236
59.7785,121.57,317.6781,3.5973,367.8395,344.2162,49.5914,356.8041,-5.7874,0.0424,-6.4703,0.7327,0.2720,0.6238
59.7985,121.57,317.5623,3.5981,367.7101,344.2106,49.5766,356.8041,-5.7870,0.0424,-6.4709,0.7325,0.2721,0.6240
59.8185,121.57,317.4466,3.5990,367.5807,344.2053,49.5617,356.8043,-5.7867,0.0423,-6.4716,0.7324,0.2722,0.6241
59.8385,121.57,317.3309,3.5998,367.4512,344.2003,49.5468,356.8047,-5.7863,0.0423,-6.4724,0.7322,0.2723,0.6243
59.8585,121.57,317.2151,3.6007,367.3218,344.1954,49.5318,356.8052,-5.7860,0.0422,-6.4733,0.7320,0.2724,0.6245
59.8785,121.57,317.0994,3.6015,367.1923,344.1908,49.5167,356.8059,-5.7858,0.0421,-6.4743,0.7318,0.2724,0.6247
59.8985,121.57,316.9837,3.6023,367.0628,344.1864,49.5015,356.8068,-5.7855,0.0420,-6.4755,0.7316,0.2725,0.6248
59.9185,121.57,316.8680,3.6032,366.9332,344.1822,49.4863,356.8080,-5.7854,0.0419,-6.4768,0.7315,0.2726,0.6250
59.9385,121.57,316.7523,3.6040,366.8036,344.1783,49.4709,356.8093,-5.7852,0.0418,-6.4782,0.7313,0.2726,0.6252
59.9585,121.57,316.6366,3.6048,366.6740,344.1745,49.4556,356.8109,-5.7851,0.0417,-6.4797,0.7311,0.2727,0.6254
59.9785,121.57,316.5209,3.6057,366.5444,344.1710,49.4401,356.8127,-5.7850,0.0416,-6.4814,0.7309,0.2728,0.6256
59.9985,121.57,316.4052,3.6065,366.4147,344.1677,49.4246,356.8147,-5.7849,0.0414,-6.4832,0.7307,0.2728,0.6258
60.0185,121.57,316.2896,3.6073,366.2850,344.1646,49.4091,356.8169,-5.7849,0.0413,-6.4851,0.7306,0.2729,0.6260
60.0385,121.57,316.1739,3.6082,366.1553,344.1618,49.3935,356.8194,-5.7848,0.0411,-6.4871,0.7304,0.2729,0.6262
60.0585,121.57,316.0582,3.6090,366.0255,344.1591,49.3778,356.8221,-5.7848,0.0409,-6.4891,0.7302,0.2730,0.6263
60.0785,121.57,315.9425,3.6098,365.8957,344.1567,49.3620,356.8250,-5.7849,0.0408,-6.4912,0.7300,0.2730,0.6265
60.0985,121.57,315.8268,3.6106,365.7658,344.1545,49.3461,356.8282,-5.7849,0.0406,-6.4933,0.7298,0.2730,0.6267
60.1185,121.57,315.7111,3.6114,365.6359,344.1524,49.3301,356.8315,-5.7849,0.0404,-6.4954,0.7296,0.2731,0.6269
60.1385,121.57,315.5954,3.6122,365.5060,344.1506,49.3140,356.8352,-5.7849,0.0402,-6.4975,0.7295,0.2731,0.6271
60.1585,121.57,315.4797,3.6130,365.3760,344.1489,49.2977,356.8390,-5.7849,0.0401,-6.4996,0.7293,0.2731,0.6273
60.1785,121.57,315.3640,3.6138,365.2459,344.1474,49.2813,356.8430,-5.7849,0.0399,-6.5016,0.7291,0.2732,0.6275
60.1985,121.57,315.2483,3.6146,365.1159,344.1461,49.2647,356.8471,-5.7849,0.0397,-6.5035,0.7289,0.2732,0.6277
60.2185,121.57,315.1326,3.6154,364.9858,344.1449,49.2480,356.8514,-5.7849,0.0396,-6.5053,0.7287,0.2732,0.6280
60.2385,121.57,315.0169,3.6162,364.8557,344.1439,49.2310,356.8559,-5.7848,0.0394,-6.5070,0.7285,0.2732,0.6282
60.2585,121.57,314.9012,3.6170,364.7255,344.1429,49.2139,356.8604,-5.7848,0.0393,-6.5087,0.7283,0.2732,0.6284
60.2785,121.57,314.7856,3.6177,364.5953,344.1422,49.1966,356.8651,-5.7846,0.0391,-6.5102,0.7281,0.2733,0.6286
60.2985,121.57,314.6699,3.6185,364.4650,344.1415,49.1792,356.8699,-5.7845,0.0390,-6.5116,0.7280,0.2733,0.6288
60.3185,121.57,314.5542,3.6193,364.3348,344.1410,49.1616,356.8748,-5.7844,0.0389,-6.5129,0.7278,0.2733,0.6290
60.3385,121.57,314.4385,3.6201,364.2045,344.1406,49.1438,356.8798,-5.7842,0.0388,-6.5141,0.7276,0.2733,0.6293
60.3585,121.57,314.3228,3.6209,364.0742,344.1403,49.1259,356.8849,-5.7839,0.0387,-6.5151,0.7274,0.2733,0.6295
60.3785,121.57,314.2071,3.6216,363.9439,344.1401,49.1078,356.8900,-5.7837,0.0386,-6.5160,0.7272,0.2733,0.6297
60.3985,121.57,314.0915,3.6224,363.8135,344.1399,49.0897,356.8952,-5.7833,0.0385,-6.5167,0.7270,0.2733,0.6299
60.4185,121.57,313.9758,3.6232,363.6832,344.1398,49.0715,356.9005,-5.7830,0.0385,-6.5172,0.7268,0.2733,0.6302
60.4385,121.57,313.8601,3.6239,363.5529,344.1397,49.0531,356.9058,-5.7825,0.0384,-6.5175,0.7266,0.2733,0.6304
60.4585,114.25,313.7445,3.6247,363.4225,344.1396,49.0348,356.9110,-5.7821,0.0384,-6.5176,0.7264,0.2733,0.6306
60.4785,114.25,313.6289,3.6255,363.2922,344.1394,49.0164,356.9163,-5.7815,0.0384,-6.5175,0.7262,0.2733,0.6309
60.4985,114.25,313.5132,3.6262,363.1618,344.1392,48.9981,356.9215,-5.7810,0.0384,-6.5171,0.7260,0.2733,0.6311
60.5185,114.25,313.3976,3.6270,363.0315,344.1389,48.9797,356.9268,-5.7803,0.0384,-6.5166,0.7258,0.2733,0.6313
60.5385,114.25,313.2820,3.6278,362.9012,344.1385,48.9614,356.9319,-5.7796,0.0385,-6.5158,0.7255,0.2733,0.6316
60.5585,0.03,313.1665,3.6285,362.7709,344.1380,48.9432,356.9371,-5.7789,0.0386,-6.5149,0.7253,0.2733,0.6318
60.5785,0.03,313.0509,3.6293,362.6406,344.1374,48.9252,356.9421,-5.7781,0.0387,-6.5138,0.7251,0.2733,0.6320
60.5985,0.03,312.9354,3.6301,362.5103,344.1365,48.9074,356.9471,-5.7773,0.0388,-6.5125,0.7249,0.2733,0.6322
60.6185,0.03,312.8198,3.6309,362.3801,344.1355,48.8898,356.9519,-5.7765,0.0389,-6.5111,0.7247,0.2734,0.6325
60.6385,0.03,312.7043,3.6317,362.2499,344.1342,48.8724,356.9566,-5.7756,0.0390,-6.5096,0.7246,0.2734,0.6327
60.6585,0.03,312.5888,3.6324,362.1198,344.1327,48.8553,356.9612,-5.7747,0.0392,-6.5080,0.7244,0.2734,0.6329
60.6785,0.03,312.4733,3.6332,361.9897,344.1310,48.8385,356.9656,-5.7738,0.0393,-6.5064,0.7242,0.2734,0.6331
60.6985,0.03,312.3579,3.6340,361.8596,344.1291,48.8220,356.9699,-5.7729,0.0395,-6.5047,0.7240,0.2735,0.6333
60.7185,0.03,312.2424,3.6348,361.7295,344.1268,48.8057,356.9740,-5.7720,0.0396,-6.5031,0.7238,0.2735,0.6335
60.7385,0.03,312.1270,3.6356,361.5995,344.1244,48.7897,356.9780,-5.7712,0.0398,-6.5015,0.7236,0.2735,0.6337
60.7585,0.03,312.0116,3.6364,361.4695,344.1217,48.7739,356.9818,-5.7704,0.0399,-6.5000,0.7234,0.2736,0.6339
60.7785,0.03,311.8962,3.6372,361.3395,344.1188,48.7583,356.9854,-5.7696,0.0401,-6.4986,0.7232,0.2736,0.6341
60.7985,0.03,311.7808,3.6380,361.2095,344.1157,48.7428,356.9889,-5.7688,0.0402,-6.4973,0.7231,0.2737,0.6343
60.8185,0.03,311.6655,3.6388,361.0796,344.1125,48.7275,356.9922,-5.7681,0.0403,-6.4962,0.7229,0.2738,0.6344
60.8385,0.03,311.5501,3.6396,360.9497,344.1090,48.7122,356.9954,-5.7675,0.0404,-6.4953,0.7227,0.2738,0.6346
60.8585,0.03,311.4348,3.6404,360.8198,344.1054,48.6970,356.9985,-5.7669,0.0405,-6.4945,0.7225,0.2739,0.6348
60.8785,0.03,311.3195,3.6412,360.6899,344.1017,48.6817,357.0016,-5.7663,0.0406,-6.4940,0.7223,0.2739,0.6350
60.8985,0.03,311.2041,3.6421,360.5601,344.0980,48.6664,357.0046,-5.7659,0.0406,-6.4937,0.7221,0.2740,0.6352
60.9185,0.03,311.0888,3.6429,360.4302,344.0943,48.6511,357.0075,-5.7654,0.0407,-6.4935,0.7220,0.2741,0.6353
60.9385,0.03,310.9735,3.6437,360.3003,344.0905,48.6356,357.0105,-5.7651,0.0407,-6.4936,0.7218,0.2741,0.6355
60.9585,0.03,310.8582,3.6445,360.1704,344.0868,48.6201,357.0135,-5.7648,0.0407,-6.4939,0.7216,0.2742,0.6357
60.9785,0.03,310.7430,3.6453,360.0405,344.0832,48.6044,357.0166,-5.7645,0.0407,-6.4944,0.7214,0.2742,0.6359
60.9985,0.03,310.6277,3.6461,359.9106,344.0797,48.5885,357.0197,-5.7643,0.0407,-6.4951,0.7212,0.2743,0.6361
61.0185,0.03,310.5124,3.6469,359.7807,344.0764,48.5724,357.0230,-5.7642,0.0406,-6.4959,0.7210,0.2744,0.6363
61.0385,0.03,310.3971,3.6477,359.6508,344.0732,48.5562,357.0264,-5.7641,0.0405,-6.4969,0.7208,0.2744,0.6365
61.0585,0.03,310.2818,3.6486,359.5208,344.0701,48.5398,357.0298,-5.7640,0.0405,-6.4980,0.7206,0.2745,0.6367
61.0785,0.03,310.1665,3.6494,359.3908,344.0673,48.5231,357.0335,-5.7639,0.0404,-6.4992,0.7204,0.2745,0.6369
61.0985,0.03,310.0512,3.6502,359.2608,344.0646,48.5062,357.0374,-5.7639,0.0403,-6.5005,0.7202,0.2746,0.6371
61.1185,0.03,309.9360,3.6510,359.1308,344.0621,48.4890,357.0414,-5.7640,0.0402,-6.5019,0.7200,0.2746,0.6373
61.1385,0.03,309.8207,3.6518,359.0007,344.0599,48.4717,357.0457,-5.7640,0.0401,-6.5034,0.7198,0.2746,0.6375
61.1585,0.03,309.7054,3.6526,358.8706,344.0578,48.4541,357.0501,-5.7640,0.0400,-6.5050,0.7196,0.2747,0.6377
61.1785,0.03,309.5901,3.6534,358.7405,344.0559,48.4362,357.0547,-5.7641,0.0399,-6.5066,0.7194,0.2747,0.6379
61.1985,0.03,309.4748,3.6542,358.6103,344.0543,48.4182,357.0596,-5.7642,0.0397,-6.5082,0.7192,0.2747,0.6382
61.2185,0.03,309.3595,3.6550,358.4801,344.0529,48.3999,357.0646,-5.7643,0.0396,-6.5099,0.7190,0.2748,0.6384
61.2385,0.03,309.2442,3.6557,358.3499,344.0516,48.3816,357.0699,-5.7644,0.0395,-6.5115,0.7188,0.2748,0.6386
61.2585,0.03,309.1289,3.6565,358.2196,344.0506,48.3630,357.0753,-5.7644,0.0394,-6.5132,0.7186,0.2748,0.6388
61.2785,0.03,309.0136,3.6573,358.0894,344.0497,48.3443,357.0810,-5.7645,0.0393,-6.5148,0.7184,0.2748,0.6391
61.2985,0.03,308.8983,3.6581,357.9590,344.0491,48.3254,357.0869,-5.7646,0.0391,-6.5163,0.7182,0.2748,0.6393
61.3185,0.03,308.7831,3.6589,357.8287,344.0486,48.3065,357.0929,-5.7646,0.0390,-6.5177,0.7180,0.2748,0.6395
61.3385,0.03,308.6678,3.6597,357.6983,344.0483,48.2874,357.0989,-5.7646,0.0389,-6.5191,0.7177,0.2748,0.6398
61.3585,0.03,308.5525,3.6604,357.5679,344.0481,48.2683,357.1051,-5.7646,0.0388,-6.5204,0.7175,0.2748,0.6400
61.3785,0.03,308.4372,3.6612,357.4375,344.0481,48.2491,357.1115,-5.7646,0.0387,-6.5216,0.7173,0.2748,0.6403
61.3985,0.03,308.3219,3.6620,357.3070,344.0482,48.2298,357.1178,-5.7646,0.0387,-6.5226,0.7171,0.2748,0.6405
61.4185,0.03,308.2066,3.6628,357.1765,344.0484,48.2105,357.1242,-5.7645,0.0386,-6.5236,0.7169,0.2748,0.6407
61.4385,0.03,308.0913,3.6635,357.0461,344.0488,48.1911,357.1306,-5.7644,0.0385,-6.5245,0.7167,0.2748,0.6410
61.4585,0.03,307.9760,3.6643,356.9156,344.0492,48.1717,357.1370,-5.7643,0.0385,-6.5252,0.7165,0.2748,0.6412
61.4785,0.03,307.8607,3.6651,356.7850,344.0497,48.1522,357.1434,-5.7642,0.0384,-6.5259,0.7162,0.2748,0.6415
61.4985,0.03,307.7454,3.6658,356.6545,344.0503,48.1327,357.1497,-5.7640,0.0384,-6.5264,0.7160,0.2748,0.6417
61.5185,0.03,307.6301,3.6666,356.5240,344.0510,48.1130,357.1560,-5.7639,0.0384,-6.5269,0.7158,0.2748,0.6420
61.5385,0.03,307.5149,3.6674,356.3934,344.0517,48.0934,357.1623,-5.7637,0.0383,-6.5274,0.7156,0.2748,0.6422
61.5585,0.03,307.3996,3.6681,356.2628,344.0525,48.0737,357.1685,-5.7635,0.0383,-6.5278,0.7154,0.2748,0.6425
61.5785,94.26,307.2843,3.6689,356.1323,344.0533,48.0540,357.1747,-5.7633,0.0383,-6.5282,0.7152,0.2747,0.6427
61.5985,94.26,307.1691,3.6697,356.0017,344.0542,48.0342,357.1808,-5.7631,0.0383,-6.5286,0.7149,0.2747,0.6430
61.6185,94.26,307.0538,3.6704,355.8711,344.0552,48.0143,357.1870,-5.7629,0.0383,-6.5290,0.7147,0.2747,0.6432
61.6385,94.26,306.9385,3.6712,355.7405,344.0562,47.9944,357.1931,-5.7627,0.0383,-6.5294,0.7145,0.2747,0.6435
61.6585,94.26,306.8233,3.6720,355.6100,344.0572,47.9744,357.1992,-5.7626,0.0383,-6.5299,0.7143,0.2747,0.6437
61.6785,94.26,306.7080,3.6727,355.4793,344.0583,47.9544,357.2053,-5.7624,0.0382,-6.5305,0.7141,0.2747,0.6440
61.6985,94.26,306.5928,3.6735,355.3487,344.0595,47.9343,357.2115,-5.7623,0.0382,-6.5311,0.7138,0.2746,0.6442
61.7185,94.26,306.4776,3.6743,355.2181,344.0607,47.9141,357.2179,-5.7621,0.0382,-6.5319,0.7136,0.2746,0.6445
61.7385,94.26,306.3623,3.6750,355.0874,344.0620,47.8938,357.2242,-5.7620,0.0382,-6.5327,0.7134,0.2746,0.6447
61.7585,94.26,306.2471,3.6758,354.9568,344.0634,47.8735,357.2307,-5.7620,0.0381,-6.5336,0.7132,0.2746,0.6450
61.7785,94.26,306.1319,3.6765,354.8260,344.0648,47.8531,357.2373,-5.7619,0.0381,-6.5346,0.7129,0.2745,0.6452
61.7985,94.26,306.0166,3.6773,354.6953,344.0664,47.8327,357.2440,-5.7619,0.0380,-6.5357,0.7127,0.2745,0.6455
61.8185,94.26,305.9014,3.6781,354.5646,344.0680,47.8122,357.2509,-5.7619,0.0380,-6.5369,0.7125,0.2745,0.6458
61.8385,94.26,305.7862,3.6788,354.4338,344.0698,47.7916,357.2578,-5.7619,0.0379,-6.5382,0.7123,0.2745,0.6460
61.8585,94.26,305.6709,3.6796,354.3030,344.0716,47.7710,357.2648,-5.7619,0.0379,-6.5395,0.7120,0.2744,0.6463
61.8785,94.26,305.5557,3.6803,354.1722,344.0736,47.7503,357.2719,-5.7620,0.0378,-6.5410,0.7118,0.2744,0.6466
61.8985,94.26,305.4405,3.6811,354.0414,344.0757,47.7296,357.2791,-5.7621,0.0377,-6.5425,0.7116,0.2744,0.6468
61.9185,94.26,305.3252,3.6818,353.9105,344.0779,47.7089,357.2864,-5.7622,0.0376,-6.5441,0.7114,0.2743,0.6471
61.9385,94.26,305.2100,3.6826,353.7795,344.0803,47.6882,357.2938,-5.7623,0.0376,-6.5458,0.7111,0.2743,0.6473
61.9585,94.26,305.0947,3.6833,353.6486,344.0829,47.6675,357.3011,-5.7625,0.0375,-6.5476,0.7109,0.2742,0.6476
61.9785,94.26,304.9795,3.6841,353.5176,344.0856,47.6468,357.3086,-5.7627,0.0374,-6.5495,0.7107,0.2742,0.6479
61.9985,94.26,304.8642,3.6848,353.3866,344.0885,47.6262,357.3160,-5.7629,0.0373,-6.5515,0.7105,0.2742,0.6481
62.0185,94.26,304.7489,3.6856,353.2555,344.0917,47.6055,357.3236,-5.7632,0.0372,-6.5536,0.7102,0.2741,0.6484
62.0385,94.26,304.6337,3.6863,353.1244,344.0950,47.5849,357.3311,-5.7635,0.0371,-6.5557,0.7100,0.2740,0.6487
62.0585,94.26,304.5184,3.6871,352.9932,344.0986,47.5644,357.3387,-5.7638,0.0369,-6.5580,0.7098,0.2740,0.6489
62.0785,94.26,304.4031,3.6878,352.8620,344.1024,47.5439,357.3464,-5.7641,0.0368,-6.5603,0.7096,0.2739,0.6492
62.0985,94.26,304.2878,3.6885,352.7308,344.1065,47.5235,357.3540,-5.7644,0.0367,-6.5627,0.7094,0.2738,0.6495
62.1185,94.26,304.1725,3.6893,352.5995,344.1109,47.5033,357.3617,-5.7648,0.0366,-6.5652,0.7091,0.2738,0.6497
62.1385,94.26,304.0572,3.6900,352.4681,344.1155,47.4830,357.3695,-5.7651,0.0364,-6.5677,0.7089,0.2737,0.6500
62.1585,94.26,303.9419,3.6907,352.3367,344.1204,47.4629,357.3773,-5.7655,0.0363,-6.5702,0.7087,0.2736,0.6503
62.1785,94.26,303.8266,3.6914,352.2053,344.1256,47.4429,357.3851,-5.7659,0.0362,-6.5727,0.7085,0.2735,0.6505
62.1985,94.26,303.7113,3.6922,352.0738,344.1310,47.4230,357.3930,-5.7662,0.0360,-6.5752,0.7083,0.2734,0.6508
62.2185,94.26,303.5959,3.6929,351.9422,344.1367,47.4031,357.4009,-5.7665,0.0359,-6.5776,0.7081,0.2733,0.6511
62.2385,94.26,303.4806,3.6936,351.8106,344.1426,47.3834,357.4090,-5.7669,0.0358,-6.5801,0.7079,0.2732,0.6513
62.2585,94.26,303.3653,3.6943,351.6790,344.1488,47.3638,357.4171,-5.7671,0.0357,-6.5824,0.7077,0.2731,0.6516
62.2785,94.26,303.2499,3.6950,351.5473,344.1551,47.3443,357.4252,-5.7674,0.0356,-6.5846,0.7075,0.2730,0.6518
62.2985,94.26,303.1346,3.6957,351.4155,344.1616,47.3248,357.4334,-5.7676,0.0355,-6.5866,0.7073,0.2729,0.6521
62.3185,94.26,303.0192,3.6964,351.2838,344.1683,47.3054,357.4417,-5.7677,0.0354,-6.5886,0.7071,0.2728,0.6524
62.3385,94.26,302.9038,3.6971,351.1519,344.1750,47.2861,357.4500,-5.7678,0.0354,-6.5903,0.7069,0.2727,0.6526
62.3585,94.26,302.7885,3.6979,351.0201,344.1819,47.2669,357.4584,-5.7678,0.0353,-6.5918,0.7067,0.2726,0.6529
62.3785,94.26,302.6731,3.6986,350.8882,344.1887,47.2477,357.4669,-5.7678,0.0353,-6.5932,0.7065,0.2725,0.6531
62.3985,94.26,302.5578,3.6993,350.7563,344.1955,47.2285,357.4753,-5.7677,0.0353,-6.5943,0.7063,0.2724,0.6534
62.4185,94.26,302.4424,3.7000,350.6245,344.2022,47.2094,357.4838,-5.7675,0.0353,-6.5951,0.7061,0.2722,0.6537
62.4385,94.26,302.3271,3.7007,350.4925,344.2088,47.1904,357.4922,-5.7673,0.0354,-6.5958,0.7059,0.2721,0.6539
62.4585,94.26,302.2117,3.7014,350.3606,344.2153,47.1713,357.5007,-5.7670,0.0354,-6.5962,0.7057,0.2720,0.6542
62.4785,94.26,302.0964,3.7021,350.2287,344.2215,47.1523,357.5091,-5.7666,0.0355,-6.5963,0.7055,0.2719,0.6544
62.4985,94.26,301.9811,3.7028,350.0967,344.2275,47.1332,357.5174,-5.7662,0.0356,-6.5962,0.7053,0.2718,0.6547
62.5185,94.26,301.8658,3.7035,349.9648,344.2332,47.1142,357.5257,-5.7657,0.0357,-6.5959,0.7051,0.2717,0.6549
62.5385,94.26,301.7505,3.7042,349.8329,344.2385,47.0952,357.5338,-5.7652,0.0359,-6.5954,0.7049,0.2716,0.6552
62.5585,94.26,301.6352,3.7050,349.7010,344.2434,47.0762,357.5419,-5.7646,0.0361,-6.5947,0.7047,0.2716,0.6554
62.5785,134.47,301.5199,3.7057,349.5692,344.2480,47.0573,357.5498,-5.7639,0.0362,-6.5938,0.7045,0.2715,0.6557
62.5985,134.47,301.4046,3.7064,349.4373,344.2520,47.0385,357.5575,-5.7632,0.0364,-6.5928,0.7043,0.2714,0.6559
62.6185,134.47,301.2894,3.7071,349.3055,344.2557,47.0198,357.5651,-5.7625,0.0366,-6.5917,0.7041,0.2713,0.6562
62.6385,134.47,301.1741,3.7079,349.1736,344.2589,47.0011,357.5725,-5.7618,0.0369,-6.5904,0.7039,0.2713,0.6564
62.6585,134.47,301.0589,3.7086,349.0419,344.2615,46.9826,357.5797,-5.7610,0.0371,-6.5891,0.7037,0.2712,0.6566
62.6785,134.47,300.9437,3.7094,348.9101,344.2637,46.9643,357.5866,-5.7603,0.0373,-6.5877,0.7035,0.2712,0.6569
62.6985,134.47,300.8285,3.7101,348.7784,344.2654,46.9461,357.5933,-5.7595,0.0376,-6.5863,0.7033,0.2712,0.6571
62.7185,134.47,300.7133,3.7109,348.6467,344.2666,46.9281,357.5997,-5.7588,0.0378,-6.5848,0.7031,0.2712,0.6573
62.7385,134.47,300.5981,3.7116,348.5150,344.2674,46.9103,357.6059,-5.7580,0.0380,-6.5833,0.7029,0.2711,0.6576
62.7585,134.47,300.4830,3.7124,348.3834,344.2678,46.8927,357.6119,-5.7572,0.0383,-6.5818,0.7027,0.2711,0.6578
62.7785,134.47,300.3679,3.7132,348.2518,344.2677,46.8752,357.6175,-5.7564,0.0386,-6.5802,0.7025,0.2711,0.6580
62.7985,134.47,300.2527,3.7140,348.1203,344.2672,46.8579,357.6230,-5.7556,0.0388,-6.5785,0.7023,0.2712,0.6582
62.8185,134.47,300.1377,3.7147,347.9887,344.2663,46.8408,357.6281,-5.7548,0.0391,-6.5768,0.7021,0.2712,0.6584
62.8385,134.47,300.0226,3.7155,347.8572,344.2650,46.8238,357.6330,-5.7541,0.0393,-6.5751,0.7019,0.2712,0.6586
62.8585,134.47,299.9075,3.7163,347.7258,344.2634,46.8070,357.6377,-5.7533,0.0396,-6.5733,0.7017,0.2712,0.6588
62.8785,134.47,299.7925,3.7171,347.5943,344.2615,46.7901,357.6421,-5.7524,0.0399,-6.5714,0.7015,0.2712,0.6590
62.8985,134.47,299.6775,3.7179,347.4630,344.2592,46.7733,357.6463,-5.7516,0.0402,-6.5696,0.7013,0.2713,0.6592
62.9185,134.47,299.5624,3.7187,347.3316,344.2566,46.7565,357.6503,-5.7508,0.0404,-6.5677,0.7011,0.2713,0.6594
62.9385,134.47,299.4474,3.7195,347.2003,344.2538,46.7397,357.6541,-5.7500,0.0407,-6.5658,0.7009,0.2714,0.6596
62.9585,134.47,299.3361,3.7063,347.1016,344.3582,46.8686,357.8175,-5.6130,-0.5015,-5.3812,0.7028,0.2696,0.6584
62.9785,134.47,299.2840,3.6334,347.1503,345.4742,45.4591,358.3629,-3.4277,-3.0181,0.3641,0.6900,0.2508,0.6790
62.9985,134.47,299.2169,3.5755,347.1596,346.1890,44.4298,358.6918,-3.3397,-2.9164,0.5060,0.6798,0.2387,0.6935
63.0185,134.47,299.1495,3.5190,347.1695,346.8687,43.4090,359.0059,-3.3647,-2.8321,0.4830,0.6692,0.2272,0.7075
63.0385,134.47,299.0818,3.4640,347.1787,347.4996,42.3942,359.2805,-3.3812,-2.7488,0.4514,0.6582,0.2164,0.7210
63.0585,134.47,299.0139,3.4106,347.1871,348.0815,41.3906,359.5217,-3.3962,-2.6712,0.4201,0.6469,0.2065,0.7340
63.0785,134.47,298.9457,3.3588,347.1950,348.6186,40.3933,359.7318,-3.4073,-2.5909,0.3909,0.6353,0.1973,0.7466
63.0985,134.47,298.8774,3.3086,347.2022,349.1091,39.4032,359.9144,-3.4172,-2.5128,0.3620,0.6233,0.1889,0.7588
63.1185,134.47,298.8089,3.2599,347.2089,349.5549,38.4202,0.0728,-3.4261,-2.4349,0.3344,0.6111,0.1813,0.7705
63.1385,134.47,298.7402,3.2127,347.2151,349.9572,37.4443,0.2093,-3.4338,-2.3580,0.3081,0.5987,0.1744,0.7818
63.1585,134.47,298.6714,3.1671,347.2207,350.3171,36.4752,0.3262,-3.4405,-2.2814,0.2828,0.5860,0.1682,0.7927
63.1785,134.47,298.6025,3.1230,347.2259,350.6356,35.5129,0.4258,-3.4464,-2.2057,0.2585,0.5731,0.1627,0.8031
63.1985,134.47,298.5335,3.0804,347.2306,350.9140,34.5573,0.5102,-3.4514,-2.1306,0.2349,0.5601,0.1579,0.8132
63.2185,134.47,298.4644,3.0393,347.2348,351.1535,33.6084,0.5812,-3.4557,-2.0564,0.2120,0.5469,0.1538,0.8229
63.2385,134.47,298.3952,2.9996,347.2386,351.3553,32.6663,0.6409,-3.4593,-1.9830,0.1896,0.5336,0.1503,0.8323
63.2585,134.47,298.3260,2.9614,347.2419,351.5206,31.7309,0.6908,-3.4624,-1.9106,0.1675,0.5202,0.1475,0.8412
63.2785,134.47,298.2567,2.9246,347.2448,351.6509,30.8025,0.7327,-3.4649,-1.8390,0.1457,0.5067,0.1452,0.8498
63.2985,134.47,298.1873,2.8893,347.2473,351.7473,29.8809,0.7681,-3.4671,-1.7685,0.1239,0.4930,0.1435,0.8581
63.3185,134.47,298.1180,2.8553,347.2494,351.8113,28.9661,0.7984,-3.4688,-1.6990,0.1021,0.4794,0.1424,0.8660
63.3385,134.47,298.0486,2.8227,347.2509,351.8441,28.0584,0.8250,-3.4702,-1.6305,0.0802,0.4656,0.1419,0.8735
63.3585,134.47,297.9792,2.7914,347.2521,351.8472,27.1578,0.8490,-3.4713,-1.5632,0.0581,0.4518,0.1418,0.8808
63.3785,134.47,297.9097,2.7615,347.2528,351.8217,26.2641,0.8717,-3.4721,-1.4970,0.0356,0.4380,0.1423,0.8876
63.3985,134.47,297.8402,2.7328,347.2531,351.7693,25.3776,0.8940,-3.4728,-1.4321,0.0127,0.4242,0.1432,0.8942
63.4185,134.47,297.7708,2.7055,347.2528,351.6911,24.4981,0.9170,-3.4734,-1.3683,-0.0107,0.4103,0.1445,0.9004
63.4385,134.47,297.7013,2.6793,347.2521,351.5886,23.6257,0.9415,-3.4738,-1.3058,-0.0347,0.3964,0.1463,0.9063
63.4585,134.47,297.6318,2.6544,347.2509,351.4630,22.7604,0.9683,-3.4741,-1.2446,-0.0594,0.3826,0.1484,0.9119
63.4785,134.47,297.5623,2.6308,347.2492,351.3157,21.9021,0.9982,-3.4743,-1.1847,-0.0848,0.3687,0.1510,0.9172
63.4985,134.47,297.4928,2.6082,347.2470,351.1481,21.0507,1.0318,-3.4746,-1.1261,-0.1110,0.3549,0.1539,0.9221
63.5185,134.47,297.4233,2.5869,347.2443,350.9615,20.2063,1.0698,-3.4748,-1.0689,-0.1380,0.3411,0.1571,0.9268
63.5385,134.47,297.3538,2.5666,347.2409,350.7571,19.3687,1.1126,-3.4750,-1.0131,-0.1659,0.3273,0.1606,0.9312
63.5585,134.47,297.2843,2.5474,347.2370,350.5362,18.5379,1.1607,-3.4752,-0.9586,-0.1948,0.3136,0.1644,0.9352
63.5785,135.37,297.2148,2.5293,347.2325,350.3000,17.7138,1.2144,-3.4755,-0.9056,-0.2246,0.2999,0.1685,0.9390
63.5985,135.37,297.1453,2.5122,347.2274,350.0499,16.8963,1.2742,-3.4758,-0.8540,-0.2555,0.2863,0.1728,0.9424
63.6185,135.37,297.0757,2.4962,347.2217,349.7869,16.0853,1.3404,-3.4762,-0.8038,-0.2874,0.2727,0.1773,0.9456
63.6385,135.37,297.0062,2.4811,347.2153,349.5122,15.2807,1.4132,-3.4766,-0.7550,-0.3203,0.2591,0.1820,0.9485
63.6585,135.37,296.9366,2.4669,347.2082,349.2271,14.4824,1.4927,-3.4771,-0.7077,-0.3544,0.2457,0.1869,0.9512
63.6785,135.37,296.8671,2.4537,347.2004,348.9326,13.6902,1.5791,-3.4777,-0.6618,-0.3895,0.2323,0.1920,0.9535
63.6985,135.37,296.7975,2.4413,347.1919,348.6298,12.9041,1.6726,-3.4783,-0.6173,-0.4258,0.2189,0.1971,0.9556
63.7185,135.37,296.7279,2.4299,347.1826,348.3197,12.1239,1.7731,-3.4790,-0.5743,-0.4632,0.2057,0.2025,0.9575
63.7385,135.37,296.6583,2.4192,347.1726,348.0034,11.3495,1.8809,-3.4798,-0.5327,-0.5018,0.1925,0.2079,0.9590
63.7585,135.37,296.5887,2.4094,347.1618,347.6820,10.5808,1.9957,-3.4806,-0.4926,-0.5415,0.1794,0.2133,0.9604
63.7785,135.37,296.5191,2.4003,347.1501,347.3562,9.8177,2.1177,-3.4815,-0.4539,-0.5823,0.1664,0.2189,0.9615
63.7985,135.37,296.4494,2.3920,347.1376,347.0272,9.0600,2.2467,-3.4825,-0.4166,-0.6242,0.1534,0.2245,0.9623
63.8185,135.37,296.3797,2.3844,347.1243,346.6956,8.3078,2.3827,-3.4835,-0.3806,-0.6673,0.1406,0.2301,0.9629
63.8385,135.37,296.3100,2.3774,347.1101,346.3625,7.5608,2.5256,-3.4845,-0.3461,-0.7115,0.1279,0.2358,0.9634
63.8585,135.37,296.2403,2.3712,347.0949,346.0286,6.8191,2.6753,-3.4856,-0.3129,-0.7568,0.1152,0.2414,0.9636
63.8785,135.37,296.1706,2.3656,347.0789,345.6946,6.0824,2.8316,-3.4867,-0.2810,-0.8032,0.1027,0.2471,0.9635
63.8985,135.37,296.1008,2.3606,347.0619,345.3614,5.3508,2.9943,-3.4878,-0.2505,-0.8507,0.0902,0.2527,0.9633
63.9185,135.37,296.0310,2.3561,347.0439,345.0298,4.6242,3.1633,-3.4889,-0.2213,-0.8993,0.0779,0.2583,0.9629
63.9385,135.37,295.9612,2.3523,347.0249,344.7002,3.9024,3.3384,-3.4901,-0.1933,-0.9489,0.0656,0.2639,0.9623
63.9585,135.37,295.8914,2.3490,347.0049,344.3735,3.1856,3.5194,-3.4912,-0.1666,-0.9995,0.0535,0.2694,0.9615
63.9785,135.37,295.8215,2.3461,346.9839,344.0502,2.4737,3.7060,-3.4923,-0.1412,-1.0511,0.0415,0.2748,0.9606
63.9985,135.37,295.7516,2.3438,346.9618,343.7309,1.7665,3.8981,-3.4934,-0.1169,-1.1037,0.0296,0.2801,0.9595
64.0185,135.37,295.6817,2.3419,346.9387,343.4161,1.0641,4.0953,-3.4944,-0.0939,-1.1572,0.0178,0.2854,0.9582
64.0384,135.37,295.6118,2.3405,346.9145,343.1064,0.3666,4.2974,-3.4954,-0.0719,-1.2117,0.0061,0.2906,0.9568
64.0585,135.37,295.5419,2.3395,346.8891,342.8022,359.6739,4.5042,-3.4963,-0.0511,-1.2671,-0.0054,0.2957,0.9553
64.0785,135.37,295.4719,2.3389,346.8627,342.5041,358.9860,4.7154,-3.4972,-0.0314,-1.3233,-0.0169,0.3006,0.9536
64.0985,135.37,295.4019,2.3386,346.8351,342.2125,358.3030,4.9306,-3.4980,-0.0128,-1.3804,-0.0282,0.3055,0.9518
64.1185,135.37,295.3530,2.3230,346.8483,342.3860,357.8091,4.7844,-2.3785,-0.7735,0.6726,-0.0364,0.3026,0.9524
64.1385,135.37,295.3105,2.3043,346.8685,342.5753,357.3380,4.6445,-2.1670,-0.8883,0.9181,-0.0443,0.2995,0.9531
64.1585,135.37,295.2676,2.2888,346.8861,342.7581,356.8607,4.5173,-2.1729,-0.7943,0.8329,-0.0523,0.2964,0.9536
64.1785,135.37,295.2242,2.2732,346.9018,342.8899,356.3893,4.4242,-2.1666,-0.7779,0.7847,-0.0602,0.2942,0.9538
64.1985,135.37,295.1811,2.2592,346.9162,343.0039,355.9323,4.3428,-2.1576,-0.7026,0.7233,-0.0678,0.2923,0.9539
64.2184,135.37,295.1384,2.2459,346.9301,343.1063,355.4959,4.2715,-2.1332,-0.6630,0.6945,-0.0751,0.2906,0.9539
64.2385,135.37,295.0964,2.2336,346.9435,343.1982,355.0719,4.2059,-2.0931,-0.6168,0.6754,-0.0822,0.2891,0.9538
64.2585,135.37,295.0554,2.2222,346.9566,343.2823,354.6602,4.1449,-2.0491,-0.5760,0.6619,-0.0891,0.2877,0.9536
64.2785,135.37,295.0153,2.2115,346.9695,343.3584,354.2592,4.0888,-2.0039,-0.5347,0.6487,-0.0958,0.2864,0.9533
64.2985,135.37,294.9761,2.2017,346.9822,343.4271,353.8689,4.0377,-1.9580,-0.4946,0.6366,-0.1024,0.2852,0.9530
64.3185,135.37,294.9378,2.1926,346.9947,343.4883,353.4890,3.9922,-1.9131,-0.4542,0.6233,-0.1087,0.2842,0.9526
64.3385,135.37,294.9004,2.1844,347.0068,343.5423,353.1194,3.9526,-1.8680,-0.4146,0.6105,-0.1149,0.2833,0.9521
64.3584,135.37,294.8639,2.1769,347.0188,343.5898,352.7596,3.9186,-1.8225,-0.3758,0.5983,-0.1209,0.2825,0.9516
64.3785,135.37,294.8284,2.1702,347.0305,343.6311,352.4095,3.8904,-1.7767,-0.3376,0.5867,-0.1267,0.2818,0.9511
64.3985,135.37,294.7937,2.1642,347.0420,343.6664,352.0686,3.8681,-1.7305,-0.3002,0.5758,-0.1324,0.2812,0.9505
64.4185,135.37,294.7600,2.1590,347.0533,343.6964,351.7367,3.8513,-1.6837,-0.2637,0.5659,-0.1379,0.2807,0.9498
64.4385,135.37,294.7273,2.1545,347.0644,343.7214,351.4133,3.8402,-1.6370,-0.2277,0.5561,-0.1433,0.2803,0.9492
64.4585,135.37,294.6954,2.1506,347.0753,343.7415,351.0985,3.8350,-1.5903,-0.1923,0.5467,-0.1485,0.2800,0.9484
64.4785,135.37,294.6646,2.1475,347.0860,343.7571,350.7919,3.8354,-1.5435,-0.1576,0.5378,-0.1536,0.2797,0.9477
64.4985,135.37,294.6346,2.1451,347.0966,343.7684,350.4933,3.8417,-1.4968,-0.1235,0.5291,-0.1586,0.2795,0.9470
64.5185,135.37,294.6056,2.1433,347.1070,343.7760,350.2025,3.8535,-1.4500,-0.0902,0.5213,-0.1634,0.2794,0.9462
64.5384,135.37,294.5775,2.1422,347.1172,343.7797,349.9197,3.8713,-1.4039,-0.0569,0.5128,-0.1681,0.2793,0.9454
64.5585,135.37,294.5503,2.1418,347.1273,343.7798,349.6447,3.8951,-1.3586,-0.0238,0.5040,-0.1726,0.2793,0.9446
64.5785,139.85,294.5240,2.1420,347.1372,343.7768,349.3775,3.9247,-1.3133,0.0083,0.4961,-0.1770,0.2794,0.9437
64.5985,139.85,294.4986,2.1428,347.1469,343.7705,349.1182,3.9604,-1.2689,0.0405,0.4875,-0.1813,0.2795,0.9429
64.6185,139.85,294.4741,2.1443,347.1565,343.7617,348.8669,4.0020,-1.2251,0.0723,0.4789,-0.1854,0.2796,0.9420
64.6385,139.85,294.4504,2.1464,347.1659,343.7502,348.6236,4.0495,-1.1820,0.1039,0.4703,-0.1894,0.2798,0.9412
64.6585,139.85,294.4276,2.1492,347.1751,343.7364,348.3888,4.1032,-1.1405,0.1362,0.4601,-0.1932,0.2801,0.9403
64.6785,139.85,294.4056,2.1526,347.1841,343.7206,348.1627,4.1628,-1.0999,0.1682,0.4500,-0.1969,0.2803,0.9395
64.6985,139.85,294.3858,2.1561,347.1935,343.7007,347.8947,4.2096,-0.9707,0.1612,0.4886,-0.2013,0.2807,0.9385
64.7184,139.85,294.3680,2.1591,347.2046,343.6856,347.6154,4.2521,-0.8855,0.1546,0.5481,-0.2058,0.2809,0.9374
64.7385,139.85,294.3513,2.1627,347.2157,343.6658,347.3423,4.3010,-0.8388,0.1835,0.5492,-0.2103,0.2812,0.9363
64.7585,139.85,294.3354,2.1669,347.2266,343.6422,347.0745,4.3573,-0.7965,0.2117,0.5389,-0.2146,0.2816,0.9352
64.7785,139.85,294.3203,2.1717,347.2372,343.6155,346.8126,4.4208,-0.7533,0.2378,0.5309,-0.2189,0.2821,0.9341
64.7985,139.85,294.3062,2.1769,347.2477,343.5864,346.5566,4.4911,-0.7096,0.2621,0.5260,-0.2230,0.2826,0.9330
64.8185,139.85,294.2928,2.1826,347.2581,343.5550,346.3065,4.5681,-0.6661,0.2859,0.5217,-0.2270,0.2831,0.9318
64.8385,139.85,294.2803,2.1888,347.2684,343.5213,346.0623,4.6517,-0.6232,0.3093,0.5173,-0.2310,0.2837,0.9307
64.8584,139.85,294.2687,2.1955,347.2787,343.4857,345.8241,4.7417,-0.5806,0.3317,0.5138,-0.2348,0.2843,0.9296
64.8785,139.85,294.2579,2.2026,347.2889,343.4484,345.5922,4.8381,-0.5390,0.3546,0.5087,-0.2385,0.2849,0.9284
64.8985,139.85,294.2480,2.2101,347.2990,343.4089,345.3656,4.9408,-0.4973,0.3758,0.5053,-0.2421,0.2855,0.9273
64.9185,139.85,294.2388,2.2181,347.3090,343.3676,345.1445,5.0498,-0.4565,0.3973,0.5012,-0.2457,0.2862,0.9261
64.9385,139.85,294.2305,2.2264,347.3189,343.3253,344.9297,5.1647,-0.4162,0.4181,0.4969,-0.2491,0.2869,0.9250
64.9585,139.85,294.2230,2.2352,347.3288,343.2809,344.7199,5.2857,-0.3763,0.4381,0.4936,-0.2524,0.2877,0.9239
64.9785,139.85,294.2162,2.2444,347.3386,343.2356,344.5160,5.4121,-0.3372,0.4580,0.4897,-0.2556,0.2884,0.9227
64.9985,139.85,294.2101,2.2542,347.3481,343.1917,344.3223,5.5433,-0.3083,0.4919,0.4735,-0.2587,0.2892,0.9217
65.0185,139.85,294.2045,2.2646,347.3572,343.1491,344.1371,5.6791,-0.2787,0.5222,0.4551,-0.2616,0.2899,0.9206
65.0384,139.85,294.1996,2.2757,347.3660,343.1077,343.9592,5.8189,-0.2480,0.5520,0.4380,-0.2644,0.2906,0.9196
65.0585,139.85,294.1953,2.2873,347.3745,343.0678,343.7879,5.9622,-0.2154,0.5787,0.4244,-0.2671,0.2912,0.9186
65.0785,139.85,294.1916,2.2993,347.3827,343.0288,343.6220,6.1089,-0.1817,0.6036,0.4131,-0.2697,0.2919,0.9176
65.0985,139.85,294.1887,2.3119,347.3908,342.9902,343.4610,6.2590,-0.1466,0.6254,0.4048,-0.2722,0.2925,0.9167
65.1185,139.85,294.1864,2.3248,347.3988,342.9515,343.3037,6.4125,-0.1105,0.6443,0.3996,-0.2747,0.2932,0.9158
65.1385,139.85,294.1850,2.3379,347.4067,342.9120,343.1502,6.5700,-0.0731,0.6592,0.3985,-0.2771,0.2938,0.9148
65.1585,139.85,294.1842,2.3514,347.4147,342.8706,342.9997,6.7319,-0.0356,0.6716,0.3991,-0.2794,0.2945,0.9139
65.1785,139.85,294.1843,2.3650,347.4227,342.8264,342.8527,6.8992,0.0028,0.6790,0.4042,-0.2817,0.2953,0.9129
65.1985,139.85,294.1851,2.3787,347.4310,342.7784,342.7088,7.0725,0.0413,0.6827,0.4126,-0.2839,0.2961,0.9120
65.2184,139.85,294.1866,2.3923,347.4394,342.7251,342.5685,7.2533,0.0791,0.6826,0.4232,-0.2861,0.2970,0.9110
65.2385,139.85,294.1888,2.4061,347.4480,342.6678,342.4329,7.4407,0.1136,0.6831,0.4297,-0.2881,0.2979,0.9101
65.2585,139.85,294.1918,2.4200,347.4567,342.6073,342.3001,7.6332,0.1474,0.6924,0.4367,-0.2901,0.2989,0.9091
65.2785,139.85,294.1953,2.4341,347.4654,342.5460,342.1734,7.8299,0.1757,0.7065,0.4341,-0.2920,0.2999,0.9082
65.2985,139.85,294.1993,2.4487,347.4739,342.4861,342.0526,8.0284,0.1985,0.7270,0.4204,-0.2939,0.3009,0.9072
65.3185,139.85,294.2038,2.4636,347.4821,342.4265,341.9390,8.2308,0.2209,0.7449,0.4076,-0.2956,0.3019,0.9064
65.3385,139.85,294.2087,2.4789,347.4900,342.3672,341.8325,8.4367,0.2425,0.7632,0.3947,-0.2971,0.3029,0.9055
65.3584,139.85,294.2140,2.4946,347.4976,342.3083,341.7331,8.6461,0.2631,0.7813,0.3814,-0.2986,0.3039,0.9047
65.3785,139.85,294.2196,2.5106,347.5049,342.2502,341.6409,8.8584,0.2833,0.7988,0.3686,-0.3000,0.3049,0.9039
65.3985,139.85,294.2257,2.5270,347.5121,342.1927,341.5556,9.0732,0.3028,0.8158,0.3561,-0.3012,0.3058,0.9032
65.4185,139.85,294.2321,2.5437,347.5189,342.1357,341.4774,9.2909,0.3211,0.8336,0.3421,-0.3024,0.3068,0.9025
65.4385,139.85,294.2390,2.5608,347.5255,342.0796,341.4059,9.5108,0.3391,0.8502,0.3289,-0.3034,0.3077,0.9018
65.4585,139.85,294.2461,2.5782,347.5318,342.0240,341.3414,9.7330,0.3562,0.8669,0.3152,-0.3043,0.3086,0.9012
65.4785,139.85,294.2536,2.5959,347.5378,341.9693,341.2834,9.9570,0.3727,0.8829,0.3020,-0.3051,0.3095,0.9006
65.4985,139.85,294.2614,2.6139,347.5435,341.9150,341.2321,10.1830,0.3882,0.8995,0.2876,-0.3058,0.3104,0.9001
65.5185,139.85,294.2694,2.6322,347.5490,341.8615,341.1872,10.4106,0.4034,0.9148,0.2740,-0.3065,0.3113,0.8995
65.5384,139.85,294.2778,2.6509,347.5542,341.8085,341.1489,10.6397,0.4179,0.9299,0.2606,-0.3070,0.3122,0.8991
65.5585,139.85,294.2865,2.6698,347.5591,341.7560,341.1167,10.8702,0.4314,0.9452,0.2464,-0.3074,0.3131,0.8986
65.5785,138.41,294.2954,2.6891,347.5638,341.7040,341.0908,11.1019,0.4447,0.9592,0.2333,-0.3077,0.3139,0.8982
65.5985,138.41,294.3045,2.7086,347.5682,341.6525,341.0708,11.3347,0.4568,0.9739,0.2190,-0.3079,0.3148,0.8978
65.6185,138.41,294.3139,2.7284,347.5723,341.6014,341.0569,11.5686,0.4683,0.9878,0.2048,-0.3080,0.3156,0.8975
65.6385,138.41,294.3235,2.7484,347.5761,341.5507,341.0489,11.8032,0.4795,1.0008,0.1918,-0.3081,0.3165,0.8972
65.6585,138.41,294.3333,2.7688,347.5796,341.5003,341.0467,12.0385,0.4897,1.0141,0.1779,-0.3080,0.3173,0.8969
65.6785,138.41,294.3434,2.7894,347.5829,341.4502,341.0502,12.2744,0.4991,1.0269,0.1638,-0.3079,0.3181,0.8967
65.6985,138.41,294.3535,2.8102,347.5859,341.4003,341.0594,12.5108,0.5079,1.0393,0.1500,-0.3076,0.3190,0.8965
65.7184,138.41,294.3639,2.8313,347.5886,341.3506,341.0742,12.7474,0.5160,1.0514,0.1360,-0.3073,0.3198,0.8963
65.7385,138.41,294.3744,2.8526,347.5910,341.3011,341.0946,12.9842,0.5234,1.0629,0.1224,-0.3069,0.3206,0.8961
65.7585,138.41,294.3850,2.8741,347.5932,341.2516,341.1205,13.2211,0.5297,1.0749,0.1076,-0.3064,0.3214,0.8960
65.7785,138.41,294.3957,2.8959,347.5950,341.2022,341.1520,13.4580,0.5355,1.0858,0.0935,-0.3058,0.3222,0.8959
65.7985,138.41,294.4065,2.9178,347.5966,341.1526,341.1891,13.6947,0.5405,1.0967,0.0790,-0.3052,0.3230,0.8958
65.8185,138.41,294.4174,2.9400,347.5979,341.1030,341.2318,13.9312,0.5448,1.1071,0.0648,-0.3044,0.3239,0.8958
65.8385,138.41,294.4284,2.9624,347.5988,341.0531,341.2799,14.1673,0.5480,1.1179,0.0494,-0.3036,0.3247,0.8958
65.8584,138.41,294.4394,2.9850,347.5995,341.0031,341.3336,14.4027,0.5507,1.1276,0.0347,-0.3026,0.3255,0.8958
65.8785,138.41,294.4505,3.0078,347.5999,340.9528,341.3930,14.6376,0.5526,1.1375,0.0197,-0.3016,0.3263,0.8958
