Time(s),FPS,PosX,PosY,PosZ,RotX,RotY,RotZ,VelX,VelY,VelZ,DirX,DirY,DirZ
-0.2020,0.00,0.0000,5.0000,0.0000,0.0000,0.0000,0.0000,0.0000,0.0000,0.0000,0.0000,0.0000,1.0000
-0.1820,0.00,0.0000,4.9964,0.0000,-0.0003,0.0000,0.0000,0.0000,-0.1809,0.0001,0.0000,0.0000,1.0000
-0.1620,0.00,0.0000,4.9892,0.0000,-0.0008,0.0001,-0.0001,0.0000,-0.3612,0.0001,0.0000,0.0000,1.0000
-0.1420,0.00,0.0000,4.9783,0.0000,-0.0016,0.0001,-0.0001,0.0000,-0.5408,0.0002,0.0000,0.0000,1.0000
-0.1220,0.00,0.0000,4.9639,0.0000,-0.0027,0.0002,-0.0002,0.0000,-0.7198,0.0002,0.0000,0.0000,1.0000
-0.1020,0.00,0.0000,4.9460,0.0000,-0.0040,0.0003,-0.0003,0.0000,-0.8980,0.0003,0.0000,0.0001,1.0000
-0.0820,0.00,0.0000,4.9245,0.0000,-0.0056,0.0004,-0.0005,0.0000,-1.0757,0.0003,0.0000,0.0001,1.0000
-0.0620,0.00,0.0000,4.8994,0.0000,359.9925,0.0005,-0.0006,0.0000,-1.2526,0.0004,0.0000,0.0001,1.0000
-0.0420,0.00,0.0000,4.8708,0.0000,359.9904,0.0006,-0.0008,0.0000,-1.4289,0.0004,0.0000,0.0002,1.0000
-0.0220,0.00,0.0000,4.8387,0.0000,359.9880,0.0008,-0.0010,0.0000,-1.6046,0.0005,0.0000,0.0002,1.0000
-0.0020,0.00,0.0000,4.8032,0.0001,359.9854,0.0009,-0.0012,0.0000,-1.7796,0.0005,0.0000,0.0003,1.0000
0.0180,0.00,0.0000,4.7641,0.0001,359.9826,0.0011,-0.0015,-0.0001,-1.9539,0.0006,0.0000,0.0003,1.0000
0.0380,0.00,0.0000,4.7215,0.0001,359.9795,0.0013,-0.0018,-0.0001,-2.1276,0.0006,0.0000,0.0004,1.0000
0.0580,0.00,0.0000,4.6755,0.0001,359.9762,0.0015,-0.0020,-0.0001,-2.3007,0.0007,0.0000,0.0004,1.0000
0.0780,0.00,0.0000,4.6261,0.0001,359.9727,0.0017,-0.0023,-0.0001,-2.4731,0.0007,0.0000,0.0005,1.0000
0.0980,0.00,0.0000,4.5732,0.0001,359.9689,0.0020,-0.0027,-0.0001,-2.6449,0.0008,0.0000,0.0005,1.0000
0.1180,0.00,0.0000,4.5168,0.0001,359.9648,0.0022,-0.0030,-0.0001,-2.8160,0.0008,0.0000,0.0006,1.0000
0.1380,0.00,0.0000,4.4571,0.0002,359.9606,0.0025,-0.0034,-0.0001,-2.9866,0.0009,0.0000,0.0007,1.0000
0.1580,17.00,0.0000,4.3940,0.0002,359.9561,0.0028,-0.0038,-0.0001,-3.1564,0.0009,0.0000,0.0008,1.0000
0.1780,17.00,0.0000,4.3275,0.0002,359.9514,0.0031,-0.0042,-0.0001,-3.3257,0.0010,0.0001,0.0008,1.0000
0.1980,17.00,0.0000,4.2576,0.0002,359.9466,0.0034,-0.0046,-0.0001,-3.4943,0.0010,0.0001,0.0009,1.0000
0.2180,17.00,0.0000,4.1843,0.0002,359.9414,0.0037,-0.0050,-0.0001,-3.6623,0.0010,0.0001,0.0010,1.0000
0.2380,17.00,0.0000,4.1077,0.0003,359.9361,0.0041,-0.0055,-0.0001,-3.8297,0.0011,0.0001,0.0011,1.0000
0.2580,17.00,0.0000,4.0278,0.0003,359.9306,0.0044,359.9940,-0.0001,-3.9964,0.0011,0.0001,0.0012,1.0000
0.2780,17.00,0.0000,3.9446,0.0003,359.9248,0.0048,359.9935,-0.0001,-4.1626,0.0012,0.0001,0.0013,1.0000
0.2980,17.00,0.0000,3.8580,0.0003,359.9189,0.0052,359.9930,-0.0001,-4.3281,0.0012,0.0001,0.0014,1.0000
0.3180,17.00,0.0000,3.7681,0.0004,359.9128,0.0056,359.9925,-0.0001,-4.4930,0.0012,0.0001,0.0015,1.0000
0.3380,17.00,0.0000,3.6750,0.0004,359.9064,0.0060,359.9919,-0.0001,-4.6573,0.0013,0.0001,0.0016,1.0000
0.3580,17.00,0.0000,3.5786,0.0004,359.8999,0.0064,359.9914,-0.0001,-4.8210,0.0013,0.0001,0.0017,1.0000
0.3780,17.00,0.0000,3.4789,0.0004,359.8932,0.0068,359.9908,-0.0001,-4.9841,0.0013,0.0001,0.0019,1.0000
0.3980,17.00,0.0000,3.3759,0.0005,359.8863,0.0072,359.9902,-0.0001,-5.1466,0.0014,0.0001,0.0020,1.0000
0.4180,17.00,0.0000,3.2698,0.0005,359.8792,0.0077,359.9896,-0.0001,-5.3085,0.0014,0.0001,0.0021,1.0000
0.4380,17.00,0.0000,3.1604,0.0005,359.8719,0.0082,359.9890,-0.0001,-5.4697,0.0014,0.0001,0.0022,1.0000
0.4580,17.00,0.0000,3.0478,0.0005,359.8644,0.0086,359.9883,-0.0001,-5.6304,0.0015,0.0002,0.0024,1.0000
0.4780,17.00,-0.0001,2.9320,0.0006,359.8568,0.0091,359.9877,-0.0001,-5.7905,0.0015,0.0002,0.0025,1.0000
0.4980,17.00,-0.0001,2.8130,0.0006,359.8490,0.0096,359.9870,-0.0001,-5.9500,0.0015,0.0002,0.0026,1.0000
0.5180,17.00,-0.0001,2.6908,0.0006,359.8410,0.0101,359.9863,-0.0001,-6.1089,0.0016,0.0002,0.0028,1.0000
0.5380,17.00,-0.0001,2.5654,0.0007,359.8329,0.0107,359.9856,-0.0001,-6.2672,0.0016,0.0002,0.0029,1.0000
0.5580,17.00,-0.0001,2.4369,0.0007,359.8245,0.0112,359.9849,-0.0001,-6.4250,0.0016,0.0002,0.0031,1.0000
0.5780,17.00,-0.0001,2.3053,0.0007,359.8160,0.0118,359.9842,-0.0001,-6.5821,0.0017,0.0002,0.0032,1.0000
0.5980,17.00,-0.0001,2.1705,0.0008,359.8074,0.0123,359.9834,-0.0002,-6.7387,0.0017,0.0002,0.0034,1.0000
0.6180,17.00,-0.0001,2.0326,0.0008,359.7986,0.0129,359.9827,-0.0002,-6.8947,0.0017,0.0002,0.0035,1.0000
0.6380,17.00,-0.0001,1.8916,0.0008,359.7897,0.0135,359.9819,-0.0002,-7.0501,0.0017,0.0002,0.0037,1.0000
0.6580,17.00,-0.0001,1.7475,0.0009,359.7805,0.0140,359.9811,-0.0002,-7.2049,0.0018,0.0002,0.0038,1.0000
0.6780,17.00,-0.0001,1.6004,0.0009,359.7713,0.0146,359.9803,-0.0002,-7.3591,0.0018,0.0003,0.0040,1.0000
0.6980,17.00,-0.0001,1.4501,0.0010,359.7619,0.0152,359.9795,-0.0002,-7.5128,0.0018,0.0003,0.0042,1.0000
0.7180,17.00,-0.0001,1.2968,0.0010,359.7523,0.0159,359.9787,-0.0002,-7.6659,0.0018,0.0003,0.0043,1.0000
0.7380,17.00,-0.0001,1.1404,0.0010,359.7426,0.0165,359.9778,-0.0002,-7.8185,0.0019,0.0003,0.0045,1.0000
0.7580,17.00,-0.0001,0.9810,0.0011,359.7328,0.0171,359.9770,-0.0002,-7.9705,0.0019,0.0003,0.0047,1.0000
0.7780,17.00,-0.0001,0.8186,0.0011,359.7228,0.0178,359.9761,-0.0002,-8.1219,0.0019,0.0003,0.0048,1.0000
0.7980,17.00,-0.0001,0.6531,0.0011,359.7127,0.0184,359.9753,-0.0002,-8.2728,0.0019,0.0003,0.0050,1.0000
0.8180,17.00,-0.0001,0.4846,0.0012,359.7025,0.0191,359.9744,-0.0002,-8.4231,0.0020,0.0003,0.0052,1.0000
0.8380,17.00,-0.0001,0.3132,0.0012,359.6921,0.0198,359.9735,-0.0002,-8.5728,0.0020,0.0003,0.0054,1.0000
0.8580,17.00,-0.0001,0.1387,0.0013,359.6816,0.0204,359.9726,-0.0002,-8.7220,0.0020,0.0004,0.0056,1.0000
0.8780,17.00,-0.0001,-0.0387,0.0013,359.6710,0.0211,359.9717,-0.0002,-8.8706,0.0020,0.0004,0.0057,1.0000
0.8980,17.00,-0.0002,0.0375,0.0011,359.9343,0.0219,-0.0057,0.0081,-0.0841,0.0045,0.0004,0.0011,1.0000
0.9180,17.00,-0.0001,0.0527,0.0011,359.9870,0.0228,-0.0013,-0.0022,0.0918,-0.0019,0.0004,0.0002,1.0000
0.9380,17.00,-0.0002,0.0559,0.0012,-0.0026,0.0221,0.0019,-0.0027,0.0641,-0.0008,0.0004,0.0000,1.0000
0.9580,17.00,-0.0002,0.0564,0.0012,-0.0005,0.0220,0.0004,-0.0003,0.0000,0.0001,0.0004,0.0000,1.0000
0.9780,17.00,-0.0002,0.0565,0.0012,-0.0001,0.0219,0.0001,-0.0001,-0.0002,-0.0001,0.0004,0.0000,1.0000
0.9980,17.00,-0.0002,0.0565,0.0012,0.0000,0.0219,0.0000,0.0000,0.0000,0.0000,0.0004,0.0000,1.0000
1.0180,17.00,-0.0002,0.0566,0.0012,0.0000,0.0219,-0.0001,0.0000,0.0000,0.0000,0.0004,0.0000,1.0000
1.0380,17.00,-0.0002,0.0566,0.0012,0.0000,0.0219,0.0000,0.0000,0.0000,0.0000,0.0004,0.0000,1.0000
1.0580,17.00,-0.0002,0.0566,0.0012,0.0000,0.0219,0.0000,0.0000,0.0000,0.0000,0.0004,0.0000,1.0000
1.0780,17.00,-0.0002,0.0566,0.0012,0.0001,0.0219,0.0000,0.0000,0.0000,0.0000,0.0004,0.0000,1.0000
1.0980,17.00,-0.0002,0.0566,0.0012,0.0000,0.0219,0.0000,0.0000,-0.0002,0.0000,0.0004,0.0000,1.0000
1.1180,17.00,-0.0002,0.0566,0.0012,0.0000,0.0219,0.0000,0.0000,0.0000,0.0000,0.0004,0.0000,1.0000
1.1380,17.00,-0.0002,0.0566,0.0012,0.0000,0.0219,0.0000,0.0000,0.0000,0.0000,0.0004,0.0000,1.0000
1.1580,108.93,-0.0002,0.0566,0.0012,0.0000,0.0219,0.0000,0.0000,0.0000,0.0000,0.0004,0.0000,1.0000
1.1780,108.93,-0.0002,0.0566,0.0012,0.0001,0.0219,0.0000,0.0000,0.0000,0.0000,0.0004,0.0000,1.0000
1.1980,108.93,-0.0002,0.0566,0.0012,0.0000,0.0219,0.0000,0.0000,-0.0002,0.0000,0.0004,0.0000,1.0000
1.2180,108.93,-0.0002,0.0566,0.0012,0.0000,0.0219,-0.0001,0.0000,0.0000,0.0000,0.0004,0.0000,1.0000
1.2380,108.93,-0.0002,0.0566,0.0012,0.0000,0.0219,0.0000,0.0000,0.0000,0.0000,0.0004,0.0000,1.0000
1.2580,108.93,-0.0002,0.0566,0.0012,0.0000,0.0219,-0.0001,0.0000,0.0000,0.0000,0.0004,0.0000,1.0000
1.2780,108.93,-0.0002,0.0566,0.0012,0.0000,0.0219,0.0000,0.0000,-0.0001,0.0000,0.0004,0.0000,1.0000
1.2980,108.93,-0.0002,0.0566,0.0012,0.0000,0.0219,-0.0001,0.0000,0.0000,0.0000,0.0004,0.0000,1.0000
1.3180,108.93,-0.0002,0.0566,0.0012,0.0000,0.0219,0.0000,0.0000,-0.0001,0.0000,0.0004,0.0000,1.0000
1.3380,108.93,-0.0002,0.0566,0.0012,0.0000,0.0219,0.0000,0.0000,0.0000,0.0000,0.0004,0.0000,1.0000
1.3580,108.93,-0.0002,0.0566,0.0012,0.0000,0.0219,0.0000,0.0000,0.0000,0.0000,0.0004,0.0000,1.0000
1.3780,108.93,-0.0002,0.0566,0.0012,0.0000,0.0219,-0.0001,0.0000,0.0000,0.0000,0.0004,0.0000,1.0000
1.3980,108.93,-0.0002,0.0566,0.0012,0.0000,0.0219,0.0000,0.0000,0.0000,0.0000,0.0004,0.0000,1.0000
1.4180,108.93,-0.0002,0.0566,0.0012,0.0000,0.0219,0.0000,0.0000,0.0000,0.0000,0.0004,0.0000,1.0000
1.4380,108.93,-0.0002,0.0566,0.0012,0.0000,0.0219,0.0000,0.0000,0.0000,0.0000,0.0004,0.0000,1.0000
1.4580,108.93,-0.0002,0.0566,0.0012,0.0000,0.0219,0.0000,0.0000,0.0000,0.0000,0.0004,0.0000,1.0000
1.4780,108.93,-0.0002,0.0566,0.0012,0.0000,0.0219,0.0000,0.0000,0.0000,0.0000,0.0004,0.0000,1.0000
1.4980,108.93,-0.0002,0.0566,0.0012,0.0000,0.0219,0.0000,0.0000,0.0000,0.0000,0.0004,0.0000,1.0000
1.5180,108.93,-0.0002,0.0566,0.0012,0.0000,0.0219,0.0000,0.0000,0.0000,0.0000,0.0004,0.0000,1.0000
1.5380,108.93,-0.0002,0.0566,0.0012,0.0000,0.0219,0.0000,0.0000,0.0000,0.0000,0.0004,0.0000,1.0000
1.5580,108.93,-0.0002,0.0566,0.0012,0.0000,0.0219,0.0000,0.0000,0.0000,0.0000,0.0004,0.0000,1.0000
1.5780,108.93,-0.0002,0.0566,0.0012,0.0000,0.0219,0.0000,0.0000,0.0000,0.0000,0.0004,0.0000,1.0000
1.5980,108.93,-0.0002,0.0566,0.0012,0.0000,0.0219,0.0000,0.0000,0.0000,0.0000,0.0004,0.0000,1.0000
1.6180,108.93,-0.0002,0.0566,0.0012,0.0000,0.0219,0.0000,0.0000,0.0000,0.0000,0.0004,0.0000,1.0000
1.6380,108.93,-0.0002,0.0566,0.0012,0.0000,0.0219,0.0000,0.0000,0.0000,0.0000,0.0004,0.0000,1.0000
1.6580,108.93,-0.0002,0.0566,0.0012,0.0000,0.0219,0.0000,0.0000,0.0000,0.0000,0.0004,0.0000,1.0000
1.6780,108.93,-0.0002,0.0566,0.0012,0.0000,0.0219,0.0000,0.0000,0.0000,0.0000,0.0004,0.0000,1.0000
1.6980,108.93,-0.0002,0.0566,0.0012,0.0000,0.0219,0.0000,0.0000,0.0000,0.0000,0.0004,0.0000,1.0000
1.7180,108.93,-0.0002,0.0566,0.0012,0.0000,0.0219,0.0000,0.0000,0.0000,0.0000,0.0004,0.0000,1.0000
1.7380,108.93,-0.0002,0.0566,0.0012,0.0000,0.0219,0.0000,0.0000,0.0000,0.0000,0.0004,0.0000,1.0000
1.7580,108.93,-0.0002,0.0566,0.0012,0.0000,0.0219,0.0000,0.0000,0.0000,0.0000,0.0004,0.0000,1.0000
1.7780,108.93,-0.0002,0.0566,0.0012,0.0000,0.0219,0.0000,0.0000,0.0000,0.0000,0.0004,0.0000,1.0000
1.7980,108.93,-0.0002,0.0566,0.0012,0.0000,0.0219,0.0000,0.0000,0.0000,0.0000,0.0004,0.0000,1.0000
1.8180,108.93,-0.0002,0.0566,0.0012,0.0000,0.0219,0.0000,0.0000,0.0000,0.0000,0.0004,0.0000,1.0000
1.8380,108.93,-0.0002,0.0566,0.0012,0.0000,0.0219,0.0000,0.0000,0.0000,0.0000,0.0004,0.0000,1.0000
1.8580,108.93,-0.0002,0.0566,0.0012,0.0000,0.0219,0.0000,0.0000,0.0000,0.0000,0.0004,0.0000,1.0000
1.8780,108.93,-0.0002,0.0566,0.0012,0.0000,0.0219,0.0000,0.0000,0.0000,0.0000,0.0004,0.0000,1.0000
1.8980,108.93,-0.0002,0.0566,0.0012,0.0000,0.0219,0.0000,0.0000,0.0000,0.0000,0.0004,0.0000,1.0000
1.9180,108.93,-0.0002,0.0566,0.0012,0.0000,0.0219,0.0000,0.0000,0.0000,0.0000,0.0004,0.0000,1.0000
1.9380,108.93,-0.0002,0.0566,0.0012,0.0000,0.0219,0.0000,0.0000,0.0000,0.0000,0.0004,0.0000,1.0000
1.9580,108.93,-0.0002,0.0566,0.0012,0.0000,0.0219,0.0000,0.0000,0.0000,0.0000,0.0004,0.0000,1.0000
1.9780,108.93,-0.0002,0.0566,0.0012,0.0000,0.0219,0.0000,0.0000,0.0000,0.0000,0.0004,0.0000,1.0000
1.9980,108.93,-0.0002,0.0566,0.0012,0.0000,0.0219,0.0000,0.0000,0.0000,0.0000,0.0004,0.0000,1.0000
2.0180,108.93,-0.0002,0.0566,0.0012,0.0000,0.0219,0.0000,0.0000,0.0000,0.0000,0.0004,0.0000,1.0000
2.0380,108.93,-0.0002,0.0566,0.0012,0.0000,0.0219,0.0000,0.0000,0.0000,0.0000,0.0004,0.0000,1.0000
2.0580,108.93,-0.0002,0.0566,0.0012,0.0000,0.0219,0.0000,0.0000,0.0000,0.0000,0.0004,0.0000,1.0000
2.0780,108.93,-0.0002,0.0566,0.0012,0.0000,0.0219,0.0000,0.0000,0.0000,0.0000,0.0004,0.0000,1.0000
2.0980,108.93,-0.0002,0.0566,0.0012,0.0000,0.0219,0.0000,0.0000,0.0000,0.0000,0.0004,0.0000,1.0000
2.1180,108.93,-0.0002,0.0566,0.0012,0.0000,0.0219,0.0000,0.0000,0.0000,0.0000,0.0004,0.0000,1.0000
2.1380,108.93,-0.0002,0.0566,0.0012,0.0000,0.0219,0.0000,0.0000,0.0000,0.0000,0.0004,0.0000,1.0000
2.1580,108.93,-0.0002,0.0566,0.0012,0.0000,0.0219,0.0000,0.0000,0.0000,0.0000,0.0004,0.0000,1.0000
2.1780,108.93,-0.0002,0.0566,0.0012,0.0000,0.0219,0.0000,0.0000,0.0000,0.0000,0.0004,0.0000,1.0000
2.1980,108.93,-0.0002,0.0566,0.0012,0.0000,0.0219,0.0000,0.0000,0.0000,0.0000,0.0004,0.0000,1.0000
2.2180,108.93,-0.0002,0.0566,0.0012,0.0000,0.0219,0.0000,0.0000,0.0000,0.0000,0.0004,0.0000,1.0000
2.2380,108.93,-0.0002,0.0566,0.0012,0.0000,0.0219,0.0000,0.0000,0.0000,0.0000,0.0004,0.0000,1.0000
2.2580,108.93,-0.0002,0.0566,0.0012,0.0000,0.0219,0.0000,0.0000,0.0000,0.0000,0.0004,0.0000,1.0000
2.2780,108.93,-0.0002,0.0566,0.0012,0.0000,0.0219,0.0000,0.0000,0.0000,0.0000,0.0004,0.0000,1.0000
2.2980,108.93,-0.0002,0.0566,0.0012,0.0000,0.0219,0.0000,0.0000,0.0000,0.0000,0.0004,0.0000,1.0000
2.3180,108.93,-0.0002,0.0566,0.0012,0.0000,0.0219,0.0000,0.0000,0.0000,0.0000,0.0004,0.0000,1.0000
2.3380,108.93,-0.0002,0.0566,0.0012,0.0000,0.0219,0.0000,0.0000,0.0000,0.0000,0.0004,0.0000,1.0000
2.3580,108.93,-0.0002,0.0566,0.0012,0.0000,0.0219,0.0000,0.0000,0.0000,0.0000,0.0004,0.0000,1.0000
2.3780,108.93,-0.0002,0.0566,0.0012,0.0000,0.0219,0.0000,0.0000,0.0000,0.0000,0.0004,0.0000,1.0000
2.3980,108.93,-0.0002,0.0566,0.0012,0.0000,0.0219,0.0000,0.0000,0.0000,0.0000,0.0004,0.0000,1.0000
2.4180,108.93,-0.0002,0.0566,0.0012,0.0000,0.0219,0.0000,0.0000,0.0000,0.0000,0.0004,0.0000,1.0000
2.4380,108.93,-0.0002,0.0566,0.0012,0.0000,0.0219,0.0000,0.0000,0.0000,0.0000,0.0004,0.0000,1.0000
2.4580,108.93,-0.0002,0.0566,0.0012,0.0000,0.0219,0.0000,0.0000,0.0000,0.0000,0.0004,0.0000,1.0000
2.4780,108.93,-0.0002,0.0566,0.0012,0.0000,0.0219,0.0000,0.0000,0.0000,0.0000,0.0004,0.0000,1.0000
2.4980,108.93,-0.0002,0.0566,0.0012,0.0000,0.0219,0.0000,0.0000,0.0000,0.0000,0.0004,0.0000,1.0000
2.5180,108.93,-0.0002,0.0566,0.0012,0.0000,0.0219,0.0000,0.0000,0.0000,0.0000,0.0004,0.0000,1.0000
2.5380,108.93,-0.0002,0.0566,0.0012,0.0000,0.0219,0.0000,0.0000,0.0000,0.0000,0.0004,0.0000,1.0000
2.5580,108.93,-0.0002,0.0566,0.0012,0.0000,0.0219,0.0000,0.0000,0.0000,0.0000,0.0004,0.0000,1.0000
2.5780,108.93,-0.0002,0.0566,0.0012,0.0000,0.0219,0.0000,0.0000,0.0000,0.0000,0.0004,0.0000,1.0000
2.5980,108.93,-0.0002,0.0566,0.0012,0.0000,0.0219,0.0000,0.0000,0.0000,0.0000,0.0004,0.0000,1.0000
2.6180,108.93,-0.0002,0.0566,0.0012,0.0000,0.0219,0.0000,0.0000,0.0000,0.0000,0.0004,0.0000,1.0000
2.6380,108.93,-0.0002,0.0566,0.0012,0.0000,0.0219,0.0000,0.0000,0.0000,0.0000,0.0004,0.0000,1.0000
2.6580,108.93,-0.0002,0.0566,0.0012,0.0000,0.0219,0.0000,0.0000,0.0000,0.0000,0.0004,0.0000,1.0000
2.6780,108.93,-0.0002,0.0566,0.0012,0.0000,0.0219,0.0000,0.0000,0.0000,0.0000,0.0004,0.0000,1.0000
2.6980,108.93,-0.0002,0.0566,0.0012,0.0000,0.0219,0.0000,0.0000,0.0000,0.0000,0.0004,0.0000,1.0000
2.7180,108.93,-0.0002,0.0566,0.0012,0.0000,0.0219,0.0000,0.0000,0.0000,0.0000,0.0004,0.0000,1.0000
2.7380,108.93,-0.0002,0.0566,0.0012,0.0000,0.0219,0.0000,0.0000,0.0000,0.0000,0.0004,0.0000,1.0000
2.7580,108.93,-0.0002,0.0566,0.0012,0.0000,0.0219,0.0000,0.0000,0.0000,0.0000,0.0004,0.0000,1.0000
2.7780,108.93,-0.0002,0.0566,0.0012,0.0000,0.0219,0.0000,0.0000,0.0000,0.0000,0.0004,0.0000,1.0000
2.7980,108.93,-0.0002,0.0566,0.0012,0.0000,0.0219,0.0000,0.0000,0.0000,0.0000,0.0004,0.0000,1.0000
2.8180,108.93,-0.0002,0.0566,0.0012,0.0000,0.0219,0.0000,0.0000,0.0000,0.0000,0.0004,0.0000,1.0000
2.8380,108.93,-0.0002,0.0566,0.0012,0.0000,0.0219,0.0000,0.0000,0.0000,0.0000,0.0004,0.0000,1.0000
2.8580,108.93,-0.0002,0.0566,0.0012,0.0000,0.0219,0.0000,0.0000,0.0000,0.0000,0.0004,0.0000,1.0000
2.8780,108.93,-0.0002,0.0566,0.0012,0.0000,0.0219,0.0000,0.0000,0.0000,0.0000,0.0004,0.0000,1.0000
2.8980,108.93,-0.0002,0.0566,0.0012,0.0000,0.0219,0.0000,0.0000,0.0000,0.0000,0.0004,0.0000,1.0000
2.9180,108.93,-0.0002,0.0566,0.0012,0.0000,0.0219,0.0000,0.0000,0.0000,0.0000,0.0004,0.0000,1.0000
2.9380,108.93,-0.0002,0.0566,0.0012,0.0000,0.0219,0.0000,0.0000,0.0000,0.0000,0.0004,0.0000,1.0000
2.9580,108.93,-0.0002,0.0566,0.0012,0.0000,0.0219,0.0000,0.0000,0.0000,0.0000,0.0004,0.0000,1.0000
2.9780,108.93,-0.0002,0.0566,0.0012,0.0000,0.0219,0.0000,0.0000,0.0000,0.0000,0.0004,0.0000,1.0000
2.9980,108.93,-0.0002,0.0566,0.0012,0.0000,0.0219,0.0000,0.0000,0.0000,0.0000,0.0004,0.0000,1.0000
3.0180,108.93,-0.0002,0.0566,0.0012,0.0000,0.0219,0.0000,0.0000,0.0000,0.0000,0.0004,0.0000,1.0000
3.0380,108.93,-0.0002,0.0566,0.0012,0.0000,0.0219,0.0000,0.0000,0.0000,0.0000,0.0004,0.0000,1.0000
3.0580,108.93,-0.0002,0.0566,0.0012,0.0000,0.0219,0.0000,0.0000,0.0000,0.0000,0.0004,0.0000,1.0000
3.0780,108.93,-0.0002,0.0566,0.0012,0.0000,0.0219,0.0000,0.0000,0.0000,0.0000,0.0004,0.0000,1.0000
3.0980,108.93,-0.0002,0.0566,0.0012,0.0000,0.0219,0.0000,0.0000,0.0000,0.0000,0.0004,0.0000,1.0000
3.1180,108.93,-0.0002,0.0566,0.0012,0.0000,0.0219,0.0000,0.0000,0.0000,0.0000,0.0004,0.0000,1.0000
3.1380,108.93,-0.0002,0.0566,0.0012,0.0000,0.0219,0.0000,0.0000,0.0000,0.0000,0.0004,0.0000,1.0000
3.1580,108.93,-0.0002,0.0566,0.0012,0.0000,0.0219,0.0000,0.0000,0.0000,0.0000,0.0004,0.0000,1.0000
3.1780,105.30,-0.0002,0.0566,0.0012,0.0000,0.0219,0.0000,0.0000,0.0000,0.0000,0.0004,0.0000,1.0000
3.1980,105.30,-0.0002,0.0566,0.0012,0.0000,0.0219,0.0000,0.0000,0.0000,0.0000,0.0004,0.0000,1.0000
3.2180,105.30,-0.0002,0.0566,0.0012,0.0000,0.0219,0.0000,0.0000,0.0000,0.0000,0.0004,0.0000,1.0000
3.2380,105.30,-0.0002,0.0566,0.0012,0.0000,0.0219,0.0000,0.0000,0.0000,0.0000,0.0004,0.0000,1.0000
3.2580,105.30,-0.0002,0.0566,0.0012,0.0000,0.0219,0.0000,0.0000,0.0000,0.0000,0.0004,0.0000,1.0000
3.2780,105.30,-0.0002,0.0566,0.0012,0.0000,0.0219,0.0000,0.0000,0.0000,0.0000,0.0004,0.0000,1.0000
3.2980,105.30,-0.0002,0.0566,0.0012,0.0000,0.0219,0.0000,0.0000,0.0000,0.0000,0.0004,0.0000,1.0000
3.3180,105.30,-0.0002,0.0566,0.0012,0.0000,0.0219,0.0000,0.0000,0.0000,0.0000,0.0004,0.0000,1.0000
3.3380,105.30,-0.0002,0.0566,0.0012,0.0000,0.0219,0.0000,0.0000,0.0000,0.0000,0.0004,0.0000,1.0000
3.3580,105.30,-0.0002,0.0566,0.0012,0.0000,0.0219,0.0000,0.0000,0.0000,0.0000,0.0004,0.0000,1.0000
3.3780,105.30,-0.0002,0.0566,0.0012,0.0000,0.0219,0.0000,0.0000,0.0000,0.0000,0.0004,0.0000,1.0000
3.3980,105.30,-0.0002,0.0566,0.0012,0.0000,0.0219,0.0000,0.0000,0.0000,0.0000,0.0004,0.0000,1.0000
3.4180,105.30,-0.0002,0.0566,0.0012,0.0000,0.0219,0.0000,0.0000,0.0000,0.0000,0.0004,0.0000,1.0000
3.4380,105.30,-0.0002,0.0566,0.0012,0.0000,0.0219,0.0000,0.0000,0.0000,0.0000,0.0004,0.0000,1.0000
3.4580,105.30,-0.0002,0.0566,0.0012,0.0000,0.0219,0.0000,0.0000,0.0000,0.0000,0.0004,0.0000,1.0000
3.4780,105.30,-0.0002,0.0566,0.0012,0.0000,0.0219,0.0000,0.0000,0.0000,0.0000,0.0004,0.0000,1.0000
3.4980,105.30,-0.0002,0.0566,0.0012,0.0000,0.0219,0.0000,0.0000,0.0000,0.0000,0.0004,0.0000,1.0000
3.5180,105.30,-0.0002,0.0566,0.0012,0.0000,0.0219,0.0000,0.0000,0.0000,0.0000,0.0004,0.0000,1.0000
3.5380,105.30,-0.0002,0.0566,0.0012,0.0000,0.0219,0.0000,0.0000,0.0000,0.0000,0.0004,0.0000,1.0000
3.5580,105.30,-0.0002,0.0566,0.0012,0.0000,0.0219,0.0000,0.0000,0.0000,0.0000,0.0004,0.0000,1.0000
3.5780,105.30,-0.0002,0.0566,0.0012,0.0000,0.0219,0.0000,0.0000,0.0000,0.0000,0.0004,0.0000,1.0000
3.5980,105.30,-0.0002,0.0566,0.0012,0.0000,0.0219,0.0000,0.0000,0.0000,0.0000,0.0004,0.0000,1.0000
3.6180,105.30,-0.0002,0.0566,0.0012,0.0000,0.0219,0.0000,0.0000,0.0000,0.0000,0.0004,0.0000,1.0000
3.6380,105.30,-0.0002,0.0566,0.0012,0.0000,0.0219,0.0000,0.0000,0.0000,0.0000,0.0004,0.0000,1.0000
3.6580,105.30,-0.0002,0.0566,0.0012,0.0000,0.0219,0.0000,0.0000,0.0000,0.0000,0.0004,0.0000,1.0000
3.6780,105.30,-0.0002,0.0566,0.0012,0.0000,0.0219,0.0000,0.0000,0.0000,0.0000,0.0004,0.0000,1.0000
3.6980,105.30,-0.0002,0.0566,0.0012,0.0000,0.0219,0.0000,0.0000,0.0000,0.0000,0.0004,0.0000,1.0000
3.7180,105.30,-0.0002,0.0566,0.0012,0.0000,0.0219,0.0000,0.0000,0.0000,0.0000,0.0004,0.0000,1.0000
3.7380,105.30,-0.0002,0.0566,0.0012,0.0000,0.0219,0.0000,0.0000,0.0000,0.0000,0.0004,0.0000,1.0000
3.7580,105.30,-0.0002,0.0566,0.0012,0.0000,0.0219,0.0000,0.0000,0.0000,0.0000,0.0004,0.0000,1.0000
3.7780,105.30,-0.0002,0.0566,0.0012,0.0000,0.0219,0.0000,0.0000,0.0000,0.0000,0.0004,0.0000,1.0000
3.7980,105.30,-0.0002,0.0566,0.0012,0.0000,0.0219,0.0000,0.0000,0.0000,0.0000,0.0004,0.0000,1.0000
3.8180,105.30,-0.0002,0.0566,0.0012,0.0000,0.0219,0.0000,0.0000,0.0000,0.0000,0.0004,0.0000,1.0000
3.8380,105.30,-0.0002,0.0566,0.0012,0.0000,0.0219,0.0000,0.0000,0.0000,0.0000,0.0004,0.0000,1.0000
3.8580,105.30,-0.0002,0.0566,0.0012,0.0000,0.0219,0.0000,0.0000,0.0000,0.0000,0.0004,0.0000,1.0000
3.8780,105.30,-0.0002,0.0566,0.0012,0.0000,0.0219,0.0000,0.0000,0.0000,0.0000,0.0004,0.0000,1.0000
3.8980,105.30,-0.0002,0.0566,0.0012,0.0000,0.0219,0.0000,0.0000,0.0000,0.0000,0.0004,0.0000,1.0000
3.9180,105.30,-0.0002,0.0566,0.0012,0.0000,0.0219,0.0000,0.0000,0.0000,0.0000,0.0004,0.0000,1.0000
3.9380,105.30,-0.0002,0.0566,0.0012,0.0000,0.0219,0.0000,0.0000,0.0000,0.0000,0.0004,0.0000,1.0000
3.9580,105.30,-0.0002,0.0566,0.0012,0.0000,0.0219,0.0000,0.0000,0.0000,0.0000,0.0004,0.0000,1.0000
3.9780,105.30,-0.0002,0.0566,0.0012,0.0000,0.0219,0.0000,0.0000,0.0000,0.0000,0.0004,0.0000,1.0000
3.9980,105.30,-0.0002,0.0566,0.0012,0.0000,0.0219,0.0000,0.0000,0.0000,0.0000,0.0004,0.0000,1.0000
4.0180,105.30,-0.0002,0.0566,0.0012,0.0000,0.0219,0.0000,0.0000,0.0000,0.0000,0.0004,0.0000,1.0000
4.0380,105.30,-0.0002,0.0566,0.0012,0.0000,0.0219,0.0000,0.0000,0.0000,0.0000,0.0004,0.0000,1.0000
4.0580,105.30,-0.0002,0.0566,0.0012,0.0000,0.0219,0.0000,0.0000,0.0000,0.0000,0.0004,0.0000,1.0000
4.0780,105.30,-0.0002,0.0566,0.0012,0.0000,0.0219,0.0000,0.0000,0.0000,0.0000,0.0004,0.0000,1.0000
4.0980,105.30,-0.0002,0.0566,0.0012,0.0000,0.0219,0.0000,0.0000,0.0000,0.0000,0.0004,0.0000,1.0000
4.1180,105.30,-0.0002,0.0566,0.0012,0.0000,0.0219,0.0000,0.0000,0.0000,0.0000,0.0004,0.0000,1.0000
4.1380,105.30,-0.0002,0.0566,0.0012,0.0000,0.0219,0.0000,0.0000,0.0000,0.0000,0.0004,0.0000,1.0000
4.1580,105.30,-0.0002,0.0566,0.0012,0.0000,0.0219,0.0000,0.0000,0.0000,0.0000,0.0004,0.0000,1.0000
4.1780,117.72,-0.0002,0.0566,0.0012,0.0000,0.0219,0.0000,0.0000,0.0000,0.0000,0.0004,0.0000,1.0000
4.1980,117.72,-0.0002,0.0566,0.0012,0.0000,0.0219,0.0000,0.0000,0.0000,0.0000,0.0004,0.0000,1.0000
4.2180,117.72,-0.0002,0.0566,0.0012,0.0000,0.0219,0.0000,0.0000,0.0000,0.0000,0.0004,0.0000,1.0000
4.2380,117.72,-0.0002,0.0566,0.0012,0.0000,0.0219,0.0000,0.0000,0.0000,0.0000,0.0004,0.0000,1.0000
4.2580,117.72,-0.0002,0.0566,0.0012,0.0000,0.0219,0.0000,0.0000,0.0000,0.0000,0.0004,0.0000,1.0000
4.2780,117.72,-0.0002,0.0566,0.0012,0.0000,0.0219,0.0000,0.0000,0.0000,0.0000,0.0004,0.0000,1.0000
4.2980,117.72,-0.0002,0.0566,0.0012,0.0000,0.0219,0.0000,0.0000,0.0000,0.0000,0.0004,0.0000,1.0000
4.3180,117.72,-0.0002,0.0566,0.0012,0.0000,0.0219,0.0000,0.0000,0.0000,0.0000,0.0004,0.0000,1.0000
4.3380,117.72,-0.0002,0.0566,0.0012,0.0000,0.0219,0.0000,0.0000,0.0000,0.0000,0.0004,0.0000,1.0000
4.3580,117.72,-0.0002,0.0566,0.0012,0.0000,0.0219,0.0000,0.0000,0.0000,0.0000,0.0004,0.0000,1.0000
4.3780,117.72,-0.0002,0.0566,0.0012,0.0000,0.0219,0.0000,0.0000,0.0000,0.0000,0.0004,0.0000,1.0000
4.3980,117.72,-0.0002,0.0566,0.0012,0.0000,0.0219,0.0000,0.0000,0.0000,0.0000,0.0004,0.0000,1.0000
4.4180,117.72,-0.0002,0.0566,0.0012,0.0000,0.0219,0.0000,0.0000,0.0000,0.0000,0.0004,0.0000,1.0000
4.4380,117.72,-0.0002,0.0566,0.0012,0.0000,0.0219,0.0000,0.0000,0.0000,0.0000,0.0004,0.0000,1.0000
4.4580,117.72,-0.0002,0.0566,0.0012,0.0000,0.0219,0.0000,0.0000,0.0000,0.0000,0.0004,0.0000,1.0000
4.4780,117.72,-0.0002,0.0566,0.0012,0.0000,0.0219,0.0000,0.0000,0.0000,0.0000,0.0004,0.0000,1.0000
4.4980,117.72,-0.0002,0.0566,0.0012,0.0000,0.0219,0.0000,0.0000,0.0000,0.0000,0.0004,0.0000,1.0000
4.5180,117.72,-0.0002,0.0566,0.0012,0.0000,0.0219,0.0000,0.0000,0.0000,0.0000,0.0004,0.0000,1.0000
4.5380,117.72,-0.0002,0.0566,0.0012,0.0000,0.0219,0.0000,0.0000,0.0000,0.0000,0.0004,0.0000,1.0000
4.5580,117.72,-0.0002,0.0566,0.0012,0.0000,0.0219,0.0000,0.0000,0.0000,0.0000,0.0004,0.0000,1.0000
4.5780,117.72,-0.0002,0.0566,0.0012,0.0000,0.0219,0.0000,0.0000,0.0000,0.0000,0.0004,0.0000,1.0000
4.5980,117.72,-0.0002,0.0566,0.0012,0.0000,0.0219,0.0000,0.0000,0.0000,0.0000,0.0004,0.0000,1.0000
4.6180,117.72,-0.0002,0.0566,0.0012,0.0000,0.0219,0.0000,0.0000,0.0000,0.0000,0.0004,0.0000,1.0000
4.6380,117.72,-0.0002,0.0566,0.0012,0.0000,0.0219,0.0000,0.0000,0.0000,0.0000,0.0004,0.0000,1.0000
4.6580,117.72,-0.0002,0.0566,0.0012,0.0000,0.0219,0.0000,0.0000,0.0000,0.0000,0.0004,0.0000,1.0000
4.6780,117.72,-0.0002,0.0566,0.0012,0.0000,0.0219,0.0000,0.0000,0.0000,0.0000,0.0004,0.0000,1.0000
4.6980,117.72,-0.0002,0.0566,0.0012,0.0000,0.0219,0.0000,0.0000,0.0000,0.0000,0.0004,0.0000,1.0000
4.7180,117.72,-0.0002,0.0566,0.0012,0.0000,0.0219,0.0000,0.0000,0.0000,0.0000,0.0004,0.0000,1.0000
4.7380,117.72,-0.0002,0.0566,0.0012,0.0000,0.0219,0.0000,0.0000,0.0000,0.0000,0.0004,0.0000,1.0000
4.7580,117.72,-0.0002,0.0566,0.0012,0.0000,0.0219,0.0000,0.0000,0.0000,0.0000,0.0004,0.0000,1.0000
4.7780,117.72,-0.0002,0.0566,0.0012,0.0000,0.0219,0.0000,0.0000,0.0000,0.0000,0.0004,0.0000,1.0000
4.7980,117.72,-0.0002,0.0566,0.0012,0.0000,0.0219,0.0000,0.0000,0.0000,0.0000,0.0004,0.0000,1.0000
4.8180,117.72,-0.0002,0.0566,0.0012,0.0000,0.0219,0.0000,0.0000,0.0000,0.0000,0.0004,0.0000,1.0000
4.8380,117.72,-0.0002,0.0566,0.0012,0.0000,0.0219,0.0000,0.0000,0.0000,0.0000,0.0004,0.0000,1.0000
4.8580,117.72,-0.0002,0.0566,0.0012,0.0000,0.0219,0.0000,0.0000,0.0000,0.0000,0.0004,0.0000,1.0000
4.8780,117.72,-0.0002,0.0566,0.0012,0.0000,0.0219,0.0000,0.0000,0.0000,0.0000,0.0004,0.0000,1.0000
4.8980,117.72,-0.0002,0.0566,0.0012,0.0000,0.0219,0.0000,0.0000,0.0000,0.0000,0.0004,0.0000,1.0000
4.9180,117.72,-0.0002,0.0566,0.0012,0.0000,0.0219,0.0000,0.0000,0.0000,0.0000,0.0004,0.0000,1.0000
4.9380,117.72,-0.0002,0.0566,0.0012,0.0000,0.0219,0.0000,0.0000,0.0000,0.0000,0.0004,0.0000,1.0000
4.9580,117.72,-0.0002,0.0566,0.0012,0.0000,0.0219,0.0000,0.0000,0.0000,0.0000,0.0004,0.0000,1.0000
4.9780,117.72,-0.0002,0.0566,0.0012,0.0000,0.0219,0.0000,0.0000,0.0000,0.0000,0.0004,0.0000,1.0000
4.9980,117.72,-0.0002,0.0566,0.0012,0.0000,0.0219,0.0000,0.0000,0.0000,0.0000,0.0004,0.0000,1.0000
5.0180,117.72,-0.0002,0.0566,0.0012,0.0000,0.0219,0.0000,0.0000,0.0000,0.0000,0.0004,0.0000,1.0000
5.0380,117.72,-0.0002,0.0566,0.0012,0.0000,0.0219,0.0000,0.0000,0.0000,0.0000,0.0004,0.0000,1.0000
5.0580,117.72,-0.0002,0.0566,0.0012,0.0000,0.0219,0.0000,0.0000,0.0000,0.0000,0.0004,0.0000,1.0000
5.0780,117.72,-0.0002,0.0566,0.0012,0.0000,0.0219,0.0000,0.0000,0.0000,0.0000,0.0004,0.0000,1.0000
5.0980,117.72,-0.0002,0.0566,0.0012,0.0000,0.0219,0.0000,0.0000,0.0000,0.0000,0.0004,0.0000,1.0000
5.1180,117.72,-0.0002,0.0566,0.0012,0.0000,0.0219,0.0000,0.0000,0.0000,0.0000,0.0004,0.0000,1.0000
5.1380,117.72,-0.0002,0.0566,0.0012,0.0000,0.0219,0.0000,0.0000,0.0000,0.0000,0.0004,0.0000,1.0000
5.1580,117.72,-0.0002,0.0566,0.0012,0.0000,0.0219,0.0000,0.0000,0.0000,0.0000,0.0004,0.0000,1.0000
5.1780,128.82,-0.0002,0.0566,0.0012,0.0000,0.0219,0.0000,0.0000,0.0000,0.0000,0.0004,0.0000,1.0000
5.1980,128.82,-0.0002,0.0566,0.0012,0.0000,0.0219,0.0000,0.0000,0.0000,0.0000,0.0004,0.0000,1.0000
5.2180,128.82,-0.0002,0.0589,0.0012,359.9941,0.0223,-0.0005,-0.0001,0.1181,0.0013,0.0004,0.0001,1.0000
5.2380,128.82,-0.0002,0.0614,0.0012,359.9844,0.0229,-0.0013,-0.0002,0.1233,0.0020,0.0004,0.0003,1.0000
5.2580,128.82,-0.0002,0.0660,0.0013,359.9694,0.0238,-0.0026,-0.0003,0.2329,0.0031,0.0004,0.0005,1.0000
5.2780,128.82,-0.0002,0.0709,0.0014,359.9510,0.0250,-0.0042,-0.0003,0.2425,0.0037,0.0004,0.0009,1.0000
5.2980,128.82,-0.0002,0.0778,0.0014,359.9278,0.0265,359.9938,-0.0004,0.3443,0.0044,0.0005,0.0013,1.0000
5.3180,128.82,-0.0002,0.0849,0.0015,359.9017,0.0281,359.9915,-0.0004,0.3576,0.0048,0.0005,0.0017,1.0000
5.3380,128.82,-0.0002,0.0940,0.0016,359.8713,0.0301,359.9889,-0.0005,0.4524,0.0052,0.0005,0.0022,1.0000
5.3580,128.82,-0.0002,0.1034,0.0017,359.8383,0.0322,359.9861,-0.0005,0.4688,0.0053,0.0006,0.0028,1.0000
5.3780,128.82,-0.0002,0.1145,0.0019,359.8016,0.0345,359.9829,-0.0005,0.5572,0.0053,0.0006,0.0035,1.0000
5.3980,128.82,-0.0002,0.1260,0.0020,359.7627,0.0370,359.9795,-0.0005,0.5762,0.0050,0.0006,0.0041,1.0000
5.4180,128.82,-0.0003,0.1392,0.0020,359.7205,0.0397,359.9759,-0.0004,0.6588,0.0046,0.0007,0.0049,1.0000
5.4380,128.82,-0.0003,0.1528,0.0021,359.6764,0.0425,359.9720,-0.0004,0.6799,0.0040,0.0007,0.0056,1.0000
5.4580,128.82,-0.0003,0.1679,0.0022,359.6294,0.0455,359.9680,-0.0003,0.7571,0.0031,0.0008,0.0065,1.0000
5.4780,128.82,-0.0003,0.1835,0.0022,359.5809,0.0486,359.9637,-0.0002,0.7799,0.0021,0.0008,0.0073,1.0000
5.4980,128.82,-0.0003,0.2006,0.0022,359.5300,0.0519,359.9593,-0.0001,0.8523,0.0007,0.0009,0.0082,1.0000
5.5180,128.82,-0.0003,0.2181,0.0022,359.4778,0.0552,359.9547,0.0000,0.8764,-0.0007,0.0010,0.0091,1.0000
5.5380,128.82,-0.0003,0.2370,0.0022,359.4235,0.0587,359.9500,0.0002,0.9443,-0.0026,0.0010,0.0101,0.9999
5.5580,128.82,-0.0003,0.2564,0.0021,359.3683,0.0623,359.9452,0.0003,0.9694,-0.0045,0.0011,0.0110,0.9999
5.5780,128.82,-0.0002,0.2771,0.0019,359.3113,0.0660,359.9402,0.0006,1.0332,-0.0069,0.0012,0.0120,0.9999
5.5980,128.82,-0.0002,0.2982,0.0018,359.2537,0.0697,359.9352,0.0008,1.0591,-0.0092,0.0012,0.0130,0.9999
5.6180,128.82,-0.0002,0.3206,0.0015,359.1947,0.0735,359.9300,0.0010,1.1192,-0.0121,0.0013,0.0141,0.9999
5.6380,128.82,-0.0002,0.3435,0.0012,359.1353,0.0774,359.9248,0.0012,1.1456,-0.0149,0.0014,0.0151,0.9999
5.6580,128.82,-0.0002,0.3676,0.0009,359.0748,0.0813,359.9195,0.0015,1.2021,-0.0183,0.0014,0.0161,0.9999
5.6780,128.82,-0.0001,0.3921,0.0004,359.0140,0.0853,359.9141,0.0018,1.2288,-0.0216,0.0015,0.0172,0.9999
5.6980,128.82,-0.0001,0.4178,-0.0001,358.9525,0.0893,359.9087,0.0021,1.2821,-0.0255,0.0016,0.0183,0.9998
5.7180,128.82,0.0000,0.4440,-0.0007,358.8910,0.0933,359.9033,0.0025,1.3090,-0.0293,0.0016,0.0194,0.9998
5.7380,128.82,0.0000,0.4712,-0.0013,358.8290,0.0974,359.8979,0.0028,1.3592,-0.0336,0.0017,0.0204,0.9998
5.7580,128.82,0.0001,0.4989,-0.0021,358.7672,0.1015,359.8924,0.0032,1.3861,-0.0379,0.0018,0.0215,0.9998
5.7780,128.82,0.0002,0.5275,-0.0030,358.7051,0.1056,359.8869,0.0036,1.4335,-0.0427,0.0018,0.0226,0.9997
5.7980,128.82,0.0002,0.5567,-0.0039,358.6434,0.1096,359.8815,0.0040,1.4602,-0.0474,0.0019,0.0237,0.9997
5.8180,128.82,0.0003,0.5868,-0.0050,358.5817,0.1137,359.8760,0.0045,1.5050,-0.0527,0.0020,0.0248,0.9997
5.8380,128.82,0.0004,0.6175,-0.0061,358.5205,0.1178,359.8706,0.0049,1.5315,-0.0579,0.0021,0.0258,0.9997
5.8580,128.82,0.0005,0.6490,-0.0074,358.4595,0.1218,359.8652,0.0054,1.5738,-0.0636,0.0021,0.0269,0.9996
5.8780,128.82,0.0007,0.6810,-0.0088,358.3992,0.1259,359.8598,0.0059,1.5999,-0.0693,0.0022,0.0279,0.9996
5.8980,128.82,0.0008,0.7138,-0.0103,358.3393,0.1299,359.8545,0.0064,1.6400,-0.0754,0.0023,0.0290,0.9996
5.9180,128.82,0.0009,0.7471,-0.0119,358.2802,0.1338,359.8493,0.0069,1.6656,-0.0815,0.0023,0.0300,0.9995
5.9380,128.82,0.0011,0.7811,-0.0137,358.2216,0.1378,359.8441,0.0075,1.7035,-0.0880,0.0024,0.0310,0.9995
5.9580,128.82,0.0012,0.8157,-0.0156,358.1640,0.1416,359.8390,0.0081,1.7287,-0.0945,0.0025,0.0320,0.9995
5.9780,128.82,0.0014,0.8510,-0.0176,358.1071,0.1455,359.8339,0.0086,1.7646,-0.1014,0.0025,0.0330,0.9995
5.9980,128.82,0.0016,0.8868,-0.0198,358.0512,0.1492,359.8289,0.0092,1.7891,-0.1083,0.0026,0.0340,0.9994
6.0180,128.82,0.0018,0.9232,-0.0221,357.9962,0.1530,359.8240,0.0099,1.8231,-0.1156,0.0027,0.0350,0.9994
6.0380,128.82,0.0020,0.9602,-0.0245,357.9424,0.1566,359.8192,0.0105,1.8470,-0.1228,0.0027,0.0359,0.9994
6.0580,128.82,0.0022,0.9978,-0.0271,357.8896,0.1602,359.8145,0.0111,1.8792,-0.1304,0.0028,0.0368,0.9993
6.0780,128.82,0.0025,1.0358,-0.0299,357.8380,0.1637,359.8099,0.0118,1.9025,-0.1380,0.0029,0.0377,0.9993
6.0980,128.82,0.0027,1.0745,-0.0328,357.7874,0.1672,359.8054,0.0124,1.9329,-0.1459,0.0029,0.0386,0.9993
6.1180,128.82,0.0030,1.1136,-0.0359,357.7383,0.1706,359.8010,0.0131,1.9555,-0.1538,0.0030,0.0395,0.9992
6.1380,128.82,0.0032,1.1533,-0.0391,357.6903,0.1739,359.7968,0.0138,1.9843,-0.1620,0.0030,0.0403,0.9992
6.1580,128.82,0.0035,1.1934,-0.0425,357.6437,0.1771,359.7926,0.0145,2.0062,-0.1702,0.0031,0.0411,0.9991
6.1780,115.38,0.0038,1.2341,-0.0461,357.5984,0.1802,359.7885,0.0152,2.0334,-0.1786,0.0031,0.0419,0.9991
6.1980,115.38,0.0042,1.2752,-0.0498,357.5545,0.1832,359.7846,0.0159,2.0545,-0.1870,0.0032,0.0427,0.9991
6.2180,115.38,0.0045,1.3168,-0.0538,357.5120,0.1862,359.7808,0.0167,2.0804,-0.1957,0.0032,0.0434,0.9991
6.2380,115.38,0.0048,1.3588,-0.0578,357.4710,0.1891,359.7772,0.0174,2.1007,-0.2044,0.0033,0.0441,0.9990
6.2580,115.38,0.0052,1.4013,-0.0621,357.4314,0.1918,359.7737,0.0182,2.1251,-0.2133,0.0033,0.0448,0.9990
6.2780,115.38,0.0056,1.4442,-0.0666,357.3934,0.1945,359.7703,0.0189,2.1447,-0.2221,0.0034,0.0455,0.9990
6.2980,115.38,0.0060,1.4875,-0.0712,357.3568,0.1971,359.7670,0.0197,2.1678,-0.2312,0.0034,0.0461,0.9989
6.3180,115.38,0.0064,1.5313,-0.0760,357.3218,0.1995,359.7639,0.0205,2.1866,-0.2403,0.0035,0.0467,0.9989
6.3380,115.38,0.0068,1.5754,-0.0810,357.2883,0.2019,359.7609,0.0212,2.2084,-0.2495,0.0035,0.0473,0.9989
6.3580,115.38,0.0073,1.6200,-0.0861,357.2564,0.2042,359.7581,0.0220,2.2265,-0.2587,0.0036,0.0479,0.9988
6.3780,115.38,0.0077,1.6649,-0.0915,357.2260,0.2063,359.7554,0.0228,2.2471,-0.2680,0.0036,0.0484,0.9988
6.3980,115.38,0.0082,1.7102,-0.0971,357.1973,0.2084,359.7528,0.0236,2.2643,-0.2773,0.0036,0.0489,0.9988
6.4180,115.38,0.0087,1.7559,-0.1028,357.1701,0.2103,359.7504,0.0244,2.2837,-0.2868,0.0037,0.0494,0.9988
6.4380,115.38,0.0092,1.8019,-0.1087,357.1446,0.2122,359.7481,0.0252,2.3002,-0.2962,0.0037,0.0498,0.9988
6.4580,115.38,0.0097,1.8482,-0.1148,357.1206,0.2139,359.7460,0.0260,2.3185,-0.3057,0.0037,0.0502,0.9987
6.4780,115.38,0.0102,1.8949,-0.1211,357.0983,0.2155,359.7440,0.0268,2.3342,-0.3151,0.0038,0.0506,0.9987
6.4980,115.38,0.0108,1.9420,-0.1276,357.0776,0.2171,359.7422,0.0276,2.3515,-0.3247,0.0038,0.0510,0.9987
6.5180,115.38,0.0114,1.9893,-0.1343,357.0585,0.2185,359.7405,0.0284,2.3664,-0.3342,0.0038,0.0513,0.9987
6.5380,115.38,0.0119,2.0369,-0.1412,357.0410,0.2198,359.7390,0.0292,2.3826,-0.3438,0.0038,0.0516,0.9987
6.5580,115.38,0.0125,2.0849,-0.1483,357.0251,0.2210,359.7376,0.0300,2.3968,-0.3533,0.0039,0.0519,0.9986
6.5780,115.38,0.0132,2.1331,-0.1555,357.0107,0.2221,359.7364,0.0308,2.4120,-0.3629,0.0039,0.0521,0.9986
6.5980,115.38,0.0138,2.1816,-0.1630,356.9980,0.2231,359.7353,0.0316,2.4254,-0.3724,0.0039,0.0524,0.9986
6.6180,115.38,0.0144,2.2304,-0.1706,356.9868,0.2239,359.7343,0.0324,2.4397,-0.3820,0.0039,0.0526,0.9986
6.6380,115.38,0.0151,2.2795,-0.1784,356.9773,0.2247,359.7335,0.0332,2.4524,-0.3914,0.0039,0.0527,0.9986
6.6580,115.38,0.0158,2.3288,-0.1864,356.9693,0.2254,359.7328,0.0340,2.4657,-0.4009,0.0039,0.0529,0.9986
6.6780,115.38,0.0165,2.3783,-0.1947,356.9629,0.2259,359.7323,0.0348,2.4777,-0.4104,0.0039,0.0530,0.9986
6.6980,115.38,0.0172,2.4281,-0.2030,356.9579,0.2264,359.7319,0.0356,2.4902,-0.4198,0.0039,0.0531,0.9986
6.7180,115.38,0.0179,2.4782,-0.2116,356.9546,0.2267,359.7317,0.0364,2.5014,-0.4291,0.0040,0.0531,0.9986
6.7380,115.38,0.0187,2.5284,-0.2204,356.9527,0.2270,359.7315,0.0372,2.5130,-0.4385,0.0040,0.0532,0.9986
6.7580,115.38,0.0194,2.5789,-0.2294,356.9523,0.2271,359.7316,0.0380,2.5235,-0.4477,0.0040,0.0532,0.9986
6.7780,115.38,0.0202,2.6296,-0.2385,356.9534,0.2272,359.7317,0.0388,2.5343,-0.4569,0.0040,0.0531,0.9986
6.7980,115.38,0.0210,2.6805,-0.2478,356.9560,0.2271,359.7320,0.0395,2.5441,-0.4660,0.0040,0.0531,0.9986
6.8180,115.38,0.0218,2.7315,-0.2573,356.9600,0.2270,359.7324,0.0403,2.5542,-0.4751,0.0040,0.0530,0.9986
6.8380,115.38,0.0226,2.7828,-0.2670,356.9655,0.2267,359.7330,0.0410,2.5633,-0.4841,0.0040,0.0529,0.9986
6.8580,115.38,0.0234,2.8343,-0.2769,356.9723,0.2264,359.7336,0.0418,2.5726,-0.4930,0.0039,0.0528,0.9986
6.8780,115.38,0.0243,2.8859,-0.2869,356.9805,0.2259,359.7344,0.0425,2.5810,-0.5018,0.0039,0.0527,0.9986
6.8980,115.38,0.0252,2.9377,-0.2971,356.9901,0.2254,359.7354,0.0433,2.5896,-0.5106,0.0039,0.0525,0.9986
6.9180,115.38,0.0260,2.9896,-0.3075,357.0010,0.2247,359.7364,0.0440,2.5974,-0.5192,0.0039,0.0523,0.9986
6.9380,115.38,0.0269,3.0417,-0.3180,357.0132,0.2240,359.7375,0.0447,2.6052,-0.5278,0.0039,0.0521,0.9986
6.9580,115.38,0.0278,3.0940,-0.3288,357.0268,0.2232,359.7388,0.0454,2.6123,-0.5363,0.0039,0.0519,0.9986
6.9780,115.38,0.0288,3.1464,-0.3397,357.0416,0.2223,359.7402,0.0461,2.6195,-0.5446,0.0039,0.0516,0.9987
6.9980,115.38,0.0297,3.1989,-0.3507,357.0576,0.2213,359.7417,0.0468,2.6260,-0.5529,0.0039,0.0513,0.9987
7.0180,115.38,0.0307,3.2515,-0.3619,357.0749,0.2203,359.7433,0.0475,2.6325,-0.5610,0.0038,0.0510,0.9987
7.0380,115.38,0.0316,3.3043,-0.3733,357.0934,0.2191,359.7450,0.0482,2.6384,-0.5690,0.0038,0.0507,0.9987
7.0580,115.38,0.0326,3.3572,-0.3849,357.1130,0.2179,359.7468,0.0488,2.6443,-0.5769,0.0038,0.0504,0.9987
7.0780,115.38,0.0336,3.4102,-0.3966,357.1338,0.2166,359.7487,0.0495,2.6496,-0.5847,0.0038,0.0500,0.9987
7.0980,115.38,0.0346,3.4633,-0.4084,357.1557,0.2152,359.7507,0.0501,2.6548,-0.5923,0.0038,0.0496,0.9988
7.1180,115.38,0.0356,3.5165,-0.4204,357.1787,0.2137,359.7528,0.0507,2.6595,-0.5999,0.0037,0.0492,0.9988
7.1380,115.38,0.0366,3.5697,-0.4325,357.2028,0.2122,359.7550,0.0514,2.6641,-0.6073,0.0037,0.0488,0.9988
7.1580,115.38,0.0377,3.6231,-0.4448,357.2279,0.2106,359.7573,0.0520,2.6683,-0.6145,0.0037,0.0484,0.9988
7.1780,126.17,0.0387,3.6766,-0.4573,357.2540,0.2089,359.7597,0.0526,2.6723,-0.6217,0.0036,0.0479,0.9988
7.1980,126.17,0.0398,3.7301,-0.4698,357.2811,0.2072,359.7621,0.0531,2.6759,-0.6286,0.0036,0.0474,0.9989
7.2180,126.17,0.0409,3.7837,-0.4826,357.3091,0.2054,359.7647,0.0537,2.6794,-0.6355,0.0036,0.0469,0.9989
7.2380,126.17,0.0419,3.8373,-0.4954,357.3381,0.2035,359.7673,0.0543,2.6825,-0.6422,0.0035,0.0464,0.9989
7.2580,126.17,0.0430,3.8910,-0.5084,357.3680,0.2016,359.7700,0.0548,2.6854,-0.6488,0.0035,0.0459,0.9989
7.2780,126.17,0.0441,3.9448,-0.5215,357.3987,0.1996,359.7728,0.0554,2.6879,-0.6552,0.0035,0.0454,0.9990
7.2980,126.17,0.0453,3.9986,-0.5347,357.4303,0.1975,359.7756,0.0559,2.6903,-0.6614,0.0034,0.0448,0.9990
7.3180,126.17,0.0464,4.0524,-0.5481,357.4627,0.1954,359.7786,0.0564,2.6923,-0.6675,0.0034,0.0443,0.9990
7.3380,126.17,0.0475,4.1063,-0.5615,357.4959,0.1933,359.7815,0.0569,2.6942,-0.6735,0.0034,0.0437,0.9990
7.3580,126.17,0.0487,4.1602,-0.5751,357.5299,0.1911,359.7846,0.0574,2.6957,-0.6793,0.0033,0.0431,0.9991
7.3780,126.17,0.0498,4.2142,-0.5888,357.5646,0.1888,359.7877,0.0579,2.6971,-0.6849,0.0033,0.0425,0.9991
7.3980,126.17,0.0510,4.2681,-0.6026,357.6000,0.1865,359.7909,0.0583,2.6982,-0.6904,0.0033,0.0419,0.9991
7.4180,126.17,0.0522,4.3221,-0.6165,357.6361,0.1842,359.7941,0.0588,2.6990,-0.6958,0.0032,0.0412,0.9991
7.4380,126.17,0.0534,4.3761,-0.6305,357.6728,0.1818,359.7974,0.0592,2.6996,-0.7009,0.0032,0.0406,0.9992
7.4580,126.17,0.0545,4.4301,-0.6447,357.7101,0.1793,359.8007,0.0596,2.7000,-0.7059,0.0031,0.0400,0.9992
7.4780,126.17,0.0557,4.4841,-0.6589,357.7481,0.1769,359.8041,0.0600,2.7001,-0.7108,0.0031,0.0393,0.9992
7.4980,126.17,0.0570,4.5381,-0.6732,357.7866,0.1744,359.8075,0.0604,2.7001,-0.7155,0.0030,0.0386,0.9992
7.5180,126.17,0.0582,4.5921,-0.6876,357.8257,0.1718,359.8110,0.0608,2.6998,-0.7200,0.0030,0.0379,0.9993
7.5380,126.17,0.0594,4.6461,-0.7021,357.8652,0.1692,359.8145,0.0611,2.6993,-0.7243,0.0030,0.0372,0.9993
7.5580,126.17,0.0606,4.7001,-0.7167,357.9053,0.1666,359.8181,0.0615,2.6985,-0.7285,0.0029,0.0366,0.9993
7.5780,126.17,0.0619,4.7540,-0.7313,357.9458,0.1640,359.8216,0.0618,2.6976,-0.7326,0.0029,0.0358,0.9994
7.5980,126.17,0.0631,4.8079,-0.7460,357.9868,0.1613,359.8253,0.0622,2.6964,-0.7364,0.0028,0.0351,0.9994
7.6180,126.17,0.0644,4.8618,-0.7608,358.0281,0.1586,359.8289,0.0625,2.6951,-0.7401,0.0028,0.0344,0.9994
7.6380,126.17,0.0656,4.9157,-0.7757,358.0699,0.1559,359.8326,0.0628,2.6935,-0.7436,0.0027,0.0337,0.9994
7.6580,126.17,0.0669,4.9696,-0.7906,358.1120,0.1531,359.8363,0.0630,2.6917,-0.7470,0.0027,0.0329,0.9995
7.6780,126.17,0.0681,5.0233,-0.8056,358.1544,0.1504,359.8400,0.0633,2.6898,-0.7502,0.0026,0.0322,0.9995
7.6980,126.17,0.0694,5.0771,-0.8207,358.1972,0.1476,359.8438,0.0636,2.6876,-0.7532,0.0026,0.0315,0.9995
7.7180,126.17,0.0707,5.1308,-0.8358,358.2402,0.1448,359.8475,0.0638,2.6853,-0.7561,0.0025,0.0307,0.9995
7.7380,126.17,0.0720,5.1845,-0.8510,358.2835,0.1420,359.8513,0.0640,2.6828,-0.7588,0.0025,0.0300,0.9995
7.7580,126.17,0.0733,5.2381,-0.8662,358.3270,0.1391,359.8551,0.0642,2.6800,-0.7613,0.0024,0.0292,0.9996
7.7780,126.17,0.0745,5.2916,-0.8815,358.3707,0.1363,359.8590,0.0644,2.6771,-0.7637,0.0024,0.0284,0.9996
7.7980,126.17,0.0758,5.3451,-0.8968,358.4146,0.1334,359.8628,0.0646,2.6740,-0.7659,0.0023,0.0277,0.9996
7.8180,126.17,0.0771,5.3985,-0.9122,358.4587,0.1305,359.8666,0.0648,2.6708,-0.7679,0.0023,0.0269,0.9996
7.8380,126.17,0.0784,5.4518,-0.9276,358.5029,0.1277,359.8705,0.0650,2.6674,-0.7698,0.0022,0.0261,0.9997
7.8580,126.17,0.0797,5.5051,-0.9430,358.5472,0.1248,359.8744,0.0651,2.6638,-0.7715,0.0022,0.0254,0.9997
7.8780,126.17,0.0810,5.5583,-0.9585,358.5917,0.1219,359.8782,0.0652,2.6600,-0.7730,0.0021,0.0246,0.9997
7.8980,126.17,0.0823,5.6114,-0.9740,358.6362,0.1190,359.8821,0.0653,2.6561,-0.7744,0.0021,0.0238,0.9997
7.9180,126.17,0.0836,5.6645,-0.9895,358.6807,0.1161,359.8859,0.0654,2.6520,-0.7756,0.0020,0.0230,0.9997
7.9380,126.17,0.0850,5.7174,-1.0050,358.7253,0.1132,359.8898,0.0655,2.6477,-0.7767,0.0020,0.0222,0.9998
7.9580,126.17,0.0863,5.7703,-1.0206,358.7699,0.1103,359.8936,0.0656,2.6433,-0.7776,0.0019,0.0215,0.9998
7.9780,126.17,0.0876,5.8231,-1.0361,358.8145,0.1074,359.8975,0.0657,2.6387,-0.7784,0.0019,0.0207,0.9998
7.9980,126.17,0.0889,5.8758,-1.0517,358.8590,0.1045,359.9013,0.0657,2.6340,-0.7790,0.0018,0.0199,0.9998
8.0180,126.17,0.0902,5.9283,-1.0673,358.9035,0.1016,359.9052,0.0658,2.6291,-0.7794,0.0018,0.0191,0.9998
8.0380,126.17,0.0915,5.9808,-1.0829,358.9480,0.0987,359.9090,0.0658,2.6241,-0.7797,0.0017,0.0184,0.9998
8.0580,126.17,0.0928,6.0332,-1.0985,358.9923,0.0959,359.9128,0.0658,2.6189,-0.7798,0.0017,0.0176,0.9998
8.0780,126.17,0.0942,6.0855,-1.1141,359.0366,0.0930,359.9166,0.0658,2.6136,-0.7798,0.0016,0.0168,0.9999
8.0980,126.17,0.0955,6.1376,-1.1297,359.0807,0.0901,359.9204,0.0658,2.6082,-0.7796,0.0016,0.0160,0.9999
8.1180,126.17,0.0968,6.1897,-1.1453,359.1247,0.0873,359.9241,0.0658,2.6026,-0.7793,0.0015,0.0153,0.9999
8.1380,126.17,0.0981,6.2416,-1.1608,359.1685,0.0844,359.9279,0.0657,2.5969,-0.7788,0.0015,0.0145,0.9999
8.1580,126.17,0.0994,6.2934,-1.1764,359.2121,0.0816,359.9316,0.0657,2.5910,-0.7782,0.0014,0.0138,0.9999
8.1780,126.17,0.1007,6.3451,-1.1919,359.2556,0.0788,359.9353,0.0656,2.5850,-0.7775,0.0014,0.0130,0.9999
8.1980,126.16,0.1020,6.3967,-1.2075,359.2988,0.0760,359.9390,0.0655,2.5789,-0.7766,0.0013,0.0122,0.9999
8.2180,126.16,0.1034,6.4482,-1.2230,359.3419,0.0732,359.9427,0.0655,2.5727,-0.7755,0.0013,0.0115,0.9999
8.2380,126.16,0.1047,6.4995,-1.2385,359.3846,0.0704,359.9463,0.0654,2.5663,-0.7743,0.0012,0.0107,0.9999
8.2580,126.16,0.1060,6.5507,-1.2539,359.4272,0.0677,359.9499,0.0653,2.5598,-0.7730,0.0012,0.0100,0.9999
8.2780,126.16,0.1073,6.6018,-1.2694,359.4695,0.0649,359.9535,0.0651,2.5532,-0.7716,0.0011,0.0093,1.0000
8.2980,126.16,0.1086,6.6527,-1.2848,359.5114,0.0622,359.9570,0.0650,2.5465,-0.7700,0.0011,0.0085,1.0000
8.3180,126.16,0.1099,6.7035,-1.3001,359.5531,0.0595,359.9605,0.0649,2.5397,-0.7683,0.0010,0.0078,1.0000
8.3380,126.16,0.1112,6.7541,-1.3155,359.5945,0.0568,359.9641,0.0647,2.5327,-0.7664,0.0010,0.0071,1.0000
8.3580,126.16,0.1125,6.8047,-1.3308,359.6356,0.0542,359.9675,0.0645,2.5257,-0.7645,0.0009,0.0064,1.0000
8.3780,126.16,0.1137,6.8550,-1.3460,359.6763,0.0515,359.9709,0.0644,2.5185,-0.7624,0.0009,0.0056,1.0000
8.3980,126.16,0.1150,6.9052,-1.3612,359.7167,0.0489,359.9743,0.0642,2.5112,-0.7601,0.0009,0.0049,1.0000
8.4180,126.16,0.1163,6.9553,-1.3764,359.7567,0.0463,359.9777,0.0640,2.5038,-0.7578,0.0008,0.0042,1.0000
8.4380,126.16,0.1176,7.0053,-1.3915,359.7964,0.0438,359.9810,0.0638,2.4964,-0.7553,0.0008,0.0036,1.0000
8.4580,126.16,0.1189,7.0550,-1.4065,359.8356,0.0412,359.9843,0.0636,2.4888,-0.7527,0.0007,0.0029,1.0000
8.4780,126.16,0.1201,7.1047,-1.4215,359.8745,0.0387,359.9876,0.0634,2.4811,-0.7500,0.0007,0.0022,1.0000
8.4980,126.16,0.1214,7.1541,-1.4365,359.9130,0.0362,359.9908,0.0631,2.4733,-0.7472,0.0006,0.0015,1.0000
8.5180,126.16,0.1226,7.2034,-1.4513,359.9511,0.0338,359.9940,0.0629,2.4655,-0.7443,0.0006,0.0009,1.0000
8.5380,126.16,0.1239,7.2526,-1.4662,359.9888,0.0313,-0.0029,0.0626,2.4575,-0.7412,0.0005,0.0002,1.0000
8.5580,126.16,0.1251,7.3016,-1.4809,0.0260,0.0289,0.0002,0.0624,2.4495,-0.7381,0.0005,-0.0005,1.0000
8.5780,126.16,0.1264,7.3504,-1.4956,0.0628,0.0265,0.0033,0.0621,2.4414,-0.7348,0.0005,-0.0011,1.0000
8.5980,126.16,0.1276,7.3991,-1.5103,0.0992,0.0242,0.0063,0.0618,2.4331,-0.7315,0.0004,-0.0017,1.0000
8.6180,126.16,0.1288,7.4476,-1.5248,0.1351,0.0219,0.0093,0.0615,2.4248,-0.7280,0.0004,-0.0024,1.0000
8.6380,126.16,0.1301,7.4959,-1.5393,0.1705,0.0196,0.0122,0.0612,2.4164,-0.7244,0.0003,-0.0030,1.0000
8.6580,126.16,0.1313,7.5440,-1.5537,0.2055,0.0173,0.0151,0.0609,2.4080,-0.7208,0.0003,-0.0036,1.0000
8.6780,126.16,0.1325,7.5920,-1.5681,0.2400,0.0151,0.0179,0.0606,2.3994,-0.7170,0.0003,-0.0042,1.0000
8.6980,126.16,0.1337,7.6399,-1.5823,0.2740,0.0128,0.0207,0.0603,2.3908,-0.7132,0.0002,-0.0048,1.0000
8.7180,126.16,0.1349,7.6875,-1.5965,0.3076,0.0107,0.0235,0.0600,2.3821,-0.7092,0.0002,-0.0054,1.0000
8.7380,126.16,0.1361,7.7350,-1.6106,0.3406,0.0085,0.0262,0.0597,2.3734,-0.7052,0.0001,-0.0059,1.0000
8.7580,126.16,0.1373,7.7823,-1.6246,0.3731,0.0064,0.0289,0.0593,2.3645,-0.7011,0.0001,-0.0065,1.0000
8.7780,126.16,0.1385,7.8294,-1.6386,0.4052,0.0043,0.0315,0.0590,2.3556,-0.6969,0.0001,-0.0071,1.0000
8.7980,126.16,0.1396,7.8763,-1.6524,0.4367,0.0023,0.0341,0.0586,2.3467,-0.6926,0.0000,-0.0076,1.0000
8.8180,126.16,0.1408,7.9230,-1.6662,0.4678,0.0003,0.0366,0.0582,2.3376,-0.6882,0.0000,-0.0082,1.0000
8.8380,126.16,0.1420,7.9696,-1.6799,0.4983,-0.0017,0.0391,0.0579,2.3285,-0.6837,0.0000,-0.0087,1.0000
8.8580,126.16,0.1431,8.0160,-1.6934,0.5283,-0.0037,0.0416,0.0575,2.3194,-0.6792,-0.0001,-0.0092,1.0000
8.8780,126.16,0.1443,8.0622,-1.7069,0.5578,-0.0056,0.0440,0.0571,2.3101,-0.6746,-0.0001,-0.0097,1.0000
8.8980,126.16,0.1454,8.1082,-1.7203,0.5867,359.9925,0.0463,0.0567,2.3008,-0.6699,-0.0001,-0.0102,0.9999
8.9180,126.16,0.1465,8.1541,-1.7336,0.6151,359.9907,0.0486,0.0563,2.2915,-0.6652,-0.0002,-0.0107,0.9999
8.9380,126.16,0.1476,8.1997,-1.7468,0.6430,359.9888,0.0509,0.0560,2.2821,-0.6604,-0.0002,-0.0112,0.9999
8.9580,126.16,0.1487,8.2452,-1.7600,0.6704,359.9870,0.0531,0.0555,2.2727,-0.6555,-0.0002,-0.0117,0.9999
8.9780,126.16,0.1498,8.2904,-1.7730,0.6972,359.9853,0.0553,0.0551,2.2632,-0.6506,-0.0003,-0.0122,0.9999
8.9980,126.16,0.1509,8.3355,-1.7859,0.7234,359.9836,0.0574,0.0547,2.2536,-0.6456,-0.0003,-0.0126,0.9999
9.0180,126.16,0.1520,8.3804,-1.7987,0.7492,359.9819,0.0595,0.0543,2.2440,-0.6405,-0.0003,-0.0131,0.9999
9.0380,126.16,0.1531,8.4251,-1.8114,0.7744,359.9802,0.0615,0.0539,2.2344,-0.6354,-0.0003,-0.0135,0.9999
9.0580,126.16,0.1542,8.4695,-1.8240,0.7990,359.9786,0.0635,0.0535,2.2247,-0.6302,-0.0004,-0.0139,0.9999
9.0780,126.16,0.1552,8.5138,-1.8365,0.8232,359.9770,0.0654,0.0530,2.2149,-0.6250,-0.0004,-0.0144,0.9999
9.0980,126.16,0.1563,8.5579,-1.8489,0.8467,359.9754,0.0673,0.0526,2.2052,-0.6197,-0.0004,-0.0148,0.9999
9.1180,126.16,0.1573,8.6019,-1.8612,0.8698,359.9739,0.0691,0.0522,2.1953,-0.6143,-0.0005,-0.0152,0.9999
9.1380,126.16,0.1584,8.6456,-1.8734,0.8922,359.9724,0.0709,0.0517,2.1855,-0.6090,-0.0005,-0.0156,0.9999
9.1580,126.16,0.1594,8.6891,-1.8854,0.9142,359.9709,0.0727,0.0513,2.1756,-0.6035,-0.0005,-0.0160,0.9999
9.1780,126.16,0.1604,8.7324,-1.8974,0.9356,359.9695,0.0744,0.0508,2.1656,-0.5980,-0.0005,-0.0163,0.9999
9.1980,121.40,0.1614,8.7755,-1.9092,0.9564,359.9681,0.0760,0.0504,2.1557,-0.5925,-0.0006,-0.0167,0.9999
9.2180,121.40,0.1624,8.8184,-1.9210,0.9768,359.9668,0.0776,0.0499,2.1457,-0.5870,-0.0006,-0.0170,0.9999
9.2380,121.40,0.1634,8.8611,-1.9326,0.9965,359.9654,0.0792,0.0494,2.1356,-0.5814,-0.0006,-0.0174,0.9998
9.2580,121.40,0.1644,8.9036,-1.9441,1.0158,359.9641,0.0807,0.0490,2.1256,-0.5758,-0.0006,-0.0177,0.9998
9.2780,121.40,0.1654,8.9460,-1.9555,1.0345,359.9629,0.0822,0.0485,2.1155,-0.5701,-0.0006,-0.0181,0.9998
9.2980,121.40,0.1663,8.9881,-1.9668,1.0526,359.9616,0.0836,0.0480,2.1053,-0.5644,-0.0007,-0.0184,0.9998
9.3180,121.40,0.1673,9.0300,-1.9780,1.0703,359.9604,0.0850,0.0476,2.0952,-0.5587,-0.0007,-0.0187,0.9998
9.3380,121.40,0.1682,9.0717,-1.9890,1.0874,359.9593,0.0863,0.0471,2.0850,-0.5529,-0.0007,-0.0190,0.9998
9.3580,121.40,0.1691,9.1132,-2.0000,1.1040,359.9582,0.0876,0.0466,2.0748,-0.5471,-0.0007,-0.0193,0.9998
9.3780,121.40,0.1701,9.1544,-2.0108,1.1200,359.9570,0.0889,0.0461,2.0646,-0.5413,-0.0007,-0.0195,0.9998
9.3980,121.40,0.1710,9.1955,-2.0215,1.1355,359.9560,0.0901,0.0457,2.0543,-0.5355,-0.0008,-0.0198,0.9998
9.4180,121.40,0.1719,9.2364,-2.0321,1.1505,359.9549,0.0912,0.0452,2.0440,-0.5296,-0.0008,-0.0201,0.9998
9.4380,121.40,0.1728,9.2771,-2.0426,1.1650,359.9539,0.0923,0.0447,2.0337,-0.5238,-0.0008,-0.0203,0.9998
9.4580,121.40,0.1737,9.3176,-2.0529,1.1790,359.9529,0.0934,0.0442,2.0234,-0.5179,-0.0008,-0.0206,0.9998
9.4780,121.40,0.1745,9.3578,-2.0632,1.1924,359.9520,0.0944,0.0437,2.0131,-0.5120,-0.0008,-0.0208,0.9998
9.4980,121.40,0.1754,9.3979,-2.0733,1.2054,359.9511,0.0954,0.0432,2.0028,-0.5060,-0.0009,-0.0210,0.9998
9.5180,121.40,0.1762,9.4377,-2.0833,1.2178,359.9502,0.0964,0.0428,1.9924,-0.5001,-0.0009,-0.0213,0.9998
9.5380,121.40,0.1771,9.4774,-2.0932,1.2298,359.9493,0.0973,0.0423,1.9820,-0.4942,-0.0009,-0.0215,0.9998
9.5580,121.40,0.1779,9.5168,-2.1030,1.2412,359.9485,0.0982,0.0418,1.9716,-0.4882,-0.0009,-0.0217,0.9998
9.5780,121.40,0.1788,9.5560,-2.1126,1.2522,359.9477,0.0990,0.0413,1.9612,-0.4822,-0.0009,-0.0219,0.9998
9.5980,121.40,0.1796,9.5950,-2.1221,1.2627,359.9470,0.0998,0.0408,1.9508,-0.4763,-0.0009,-0.0220,0.9998
9.6180,121.40,0.1804,9.6338,-2.1315,1.2726,359.9462,0.1005,0.0403,1.9404,-0.4703,-0.0009,-0.0222,0.9998
9.6380,121.40,0.1812,9.6724,-2.1408,1.2821,359.9455,0.1012,0.0398,1.9300,-0.4643,-0.0010,-0.0224,0.9997
9.6580,121.40,0.1820,9.7108,-2.1500,1.2912,359.9448,0.1019,0.0393,1.9196,-0.4583,-0.0010,-0.0225,0.9997
9.6780,121.40,0.1827,9.7490,-2.1590,1.2997,359.9442,0.1025,0.0388,1.9091,-0.4524,-0.0010,-0.0227,0.9997
9.6980,121.40,0.1835,9.7870,-2.1680,1.3078,359.9436,0.1031,0.0384,1.8987,-0.4464,-0.0010,-0.0228,0.9997
9.7180,121.40,0.1843,9.8248,-2.1768,1.3155,359.9430,0.1037,0.0379,1.8883,-0.4404,-0.0010,-0.0230,0.9997
9.7380,121.40,0.1850,9.8623,-2.1855,1.3226,359.9424,0.1042,0.0374,1.8778,-0.4344,-0.0010,-0.0231,0.9997
9.7580,121.40,0.1857,9.8997,-2.1940,1.3293,359.9419,0.1047,0.0369,1.8674,-0.4284,-0.0010,-0.0232,0.9997
9.7780,121.40,0.1865,9.9368,-2.2025,1.3356,359.9413,0.1051,0.0364,1.8569,-0.4225,-0.0010,-0.0233,0.9997
9.7980,121.40,0.1872,9.9737,-2.2108,1.3415,359.9409,0.1055,0.0359,1.8464,-0.4165,-0.0010,-0.0234,0.9997
9.8180,121.40,0.1879,10.0105,-2.2190,1.3469,359.9404,0.1059,0.0354,1.8360,-0.4106,-0.0010,-0.0235,0.9997
9.8380,121.40,0.1886,10.0470,-2.2271,1.3518,359.9399,0.1062,0.0349,1.8256,-0.4046,-0.0010,-0.0236,0.9997
9.8580,121.40,0.1893,10.0833,-2.2351,1.3564,359.9395,0.1065,0.0345,1.8151,-0.3987,-0.0011,-0.0237,0.9997
9.8780,121.40,0.1900,10.1194,-2.2429,1.3605,359.9391,0.1068,0.0340,1.8047,-0.3928,-0.0011,-0.0237,0.9997
9.8980,121.40,0.1906,10.1552,-2.2507,1.3642,359.9388,0.1070,0.0335,1.7942,-0.3869,-0.0011,-0.0238,0.9997
9.9180,121.40,0.1913,10.1909,-2.2583,1.3675,359.9385,0.1073,0.0330,1.7838,-0.3810,-0.0011,-0.0239,0.9997
9.9380,121.40,0.1920,10.2264,-2.2658,1.3704,359.9381,0.1074,0.0325,1.7734,-0.3752,-0.0011,-0.0239,0.9997
9.9580,121.40,0.1926,10.2616,-2.2732,1.3729,359.9379,0.1076,0.0321,1.7629,-0.3693,-0.0011,-0.0240,0.9997
9.9780,121.40,0.1932,10.2967,-2.2805,1.3750,359.9376,0.1077,0.0316,1.7525,-0.3635,-0.0011,-0.0240,0.9997
9.9980,121.40,0.1938,10.3315,-2.2876,1.3767,359.9373,0.1078,0.0311,1.7421,-0.3577,-0.0011,-0.0240,0.9997
10.0180,121.40,0.1945,10.3662,-2.2947,1.3780,359.9371,0.1078,0.0306,1.7317,-0.3519,-0.0011,-0.0240,0.9997
10.0380,121.40,0.1951,10.4006,-2.3016,1.3790,359.9370,0.1078,0.0302,1.7214,-0.3461,-0.0011,-0.0241,0.9997
10.0580,121.40,0.1957,10.4348,-2.3084,1.3796,359.9368,0.1078,0.0297,1.7110,-0.3404,-0.0011,-0.0241,0.9997
10.0780,121.40,0.1962,10.4688,-2.3151,1.3798,359.9366,0.1078,0.0292,1.7006,-0.3346,-0.0011,-0.0241,0.9997
10.0980,121.40,0.1968,10.5026,-2.3217,1.3797,359.9365,0.1077,0.0288,1.6903,-0.3289,-0.0011,-0.0241,0.9997
10.1180,121.40,0.1974,10.5362,-2.3281,1.3792,359.9364,0.1077,0.0283,1.6800,-0.3233,-0.0011,-0.0241,0.9997
10.1380,121.40,0.1979,10.5696,-2.3345,1.3784,359.9363,0.1075,0.0279,1.6696,-0.3176,-0.0011,-0.0241,0.9997
10.1580,121.40,0.1985,10.6028,-2.3407,1.3772,359.9362,0.1074,0.0274,1.6593,-0.3120,-0.0011,-0.0240,0.9997
10.1780,121.40,0.1990,10.6358,-2.3468,1.3757,359.9362,0.1072,0.0270,1.6490,-0.3064,-0.0011,-0.0240,0.9997
10.1980,118.31,0.1996,10.6686,-2.3529,1.3739,359.9362,0.1070,0.0265,1.6388,-0.3009,-0.0011,-0.0240,0.9997
10.2180,118.31,0.2001,10.7011,-2.3588,1.3717,359.9362,0.1068,0.0261,1.6285,-0.2954,-0.0011,-0.0239,0.9997
10.2380,118.31,0.2006,10.7335,-2.3646,1.3693,359.9362,0.1066,0.0256,1.6183,-0.2899,-0.0011,-0.0239,0.9997
10.2580,118.31,0.2011,10.7657,-2.3703,1.3665,359.9362,0.1063,0.0252,1.6081,-0.2844,-0.0011,-0.0238,0.9997
10.2780,118.31,0.2016,10.7976,-2.3758,1.3634,359.9362,0.1060,0.0247,1.5979,-0.2790,-0.0011,-0.0238,0.9997
10.2980,118.31,0.2021,10.8294,-2.3813,1.3601,359.9363,0.1057,0.0243,1.5877,-0.2736,-0.0011,-0.0237,0.9997
10.3180,118.31,0.2026,10.8609,-2.3867,1.3564,359.9364,0.1054,0.0239,1.5775,-0.2682,-0.0011,-0.0237,0.9997
10.3380,118.31,0.2030,10.8923,-2.3919,1.3524,359.9365,0.1051,0.0234,1.5674,-0.2629,-0.0011,-0.0236,0.9997
10.3580,118.31,0.2035,10.9234,-2.3971,1.3482,359.9366,0.1047,0.0230,1.5573,-0.2576,-0.0011,-0.0235,0.9997
10.3780,118.31,0.2039,10.9544,-2.4021,1.3437,359.9367,0.1043,0.0226,1.5472,-0.2523,-0.0011,-0.0235,0.9997
10.3980,118.31,0.2044,10.9851,-2.4071,1.3390,359.9369,0.1039,0.0222,1.5371,-0.2471,-0.0011,-0.0234,0.9997
10.4180,118.31,0.2048,11.0157,-2.4119,1.3339,359.9370,0.1034,0.0217,1.5270,-0.2419,-0.0011,-0.0233,0.9997
10.4380,118.31,0.2052,11.0460,-2.4166,1.3286,359.9372,0.1030,0.0213,1.5170,-0.2368,-0.0011,-0.0232,0.9997
10.4580,118.31,0.2057,11.0761,-2.4213,1.3231,359.9374,0.1025,0.0209,1.5070,-0.2317,-0.0011,-0.0231,0.9997
10.4780,118.31,0.2061,11.1061,-2.4258,1.3173,359.9377,0.1020,0.0205,1.4970,-0.2266,-0.0011,-0.0230,0.9997
10.4980,118.31,0.2065,11.1358,-2.4302,1.3113,359.9379,0.1015,0.0201,1.4871,-0.2216,-0.0011,-0.0229,0.9997
10.5180,118.31,0.2069,11.1654,-2.4346,1.3051,359.9381,0.1010,0.0197,1.4771,-0.2166,-0.0011,-0.0228,0.9997
10.5380,118.31,0.2072,11.1947,-2.4388,1.2986,359.9384,0.1005,0.0193,1.4672,-0.2117,-0.0011,-0.0227,0.9997
10.5580,118.31,0.2076,11.2238,-2.4429,1.2919,359.9386,0.0999,0.0189,1.4574,-0.2068,-0.0011,-0.0225,0.9997
10.5780,118.31,0.2080,11.2528,-2.4470,1.2850,359.9389,0.0993,0.0185,1.4475,-0.2019,-0.0011,-0.0224,0.9997
10.5980,118.31,0.2084,11.2816,-2.4509,1.2779,359.9392,0.0988,0.0181,1.4377,-0.1971,-0.0011,-0.0223,0.9998
10.6180,118.31,0.2087,11.3101,-2.4548,1.2706,359.9395,0.0982,0.0177,1.4279,-0.1924,-0.0011,-0.0222,0.9998
10.6380,118.31,0.2091,11.3385,-2.4585,1.2631,359.9398,0.0976,0.0174,1.4181,-0.1876,-0.0010,-0.0220,0.9998
10.6580,118.31,0.2094,11.3666,-2.4622,1.2554,359.9402,0.0969,0.0170,1.4084,-0.1830,-0.0010,-0.0219,0.9998
10.6780,118.31,0.2097,11.3946,-2.4658,1.2475,359.9405,0.0963,0.0166,1.3987,-0.1783,-0.0010,-0.0218,0.9998
10.6980,118.31,0.2101,11.4224,-2.4692,1.2395,359.9409,0.0956,0.0162,1.3890,-0.1737,-0.0010,-0.0216,0.9998
10.7180,118.31,0.2104,11.4500,-2.4726,1.2312,359.9412,0.0950,0.0159,1.3794,-0.1692,-0.0010,-0.0215,0.9998
10.7380,118.31,0.2107,11.4774,-2.4759,1.2228,359.9416,0.0943,0.0155,1.3698,-0.1647,-0.0010,-0.0213,0.9998
10.7580,118.31,0.2110,11.5046,-2.4791,1.2142,359.9420,0.0936,0.0151,1.3602,-0.1602,-0.0010,-0.0212,0.9998
10.7780,118.31,0.2113,11.5316,-2.4822,1.2055,359.9424,0.0929,0.0148,1.3506,-0.1558,-0.0010,-0.0210,0.9998
10.7980,118.31,0.2116,11.5584,-2.4852,1.1966,359.9428,0.0922,0.0144,1.3411,-0.1514,-0.0010,-0.0209,0.9998
10.8180,118.31,0.2119,11.5850,-2.4882,1.1876,359.9432,0.0915,0.0141,1.3316,-0.1471,-0.0010,-0.0207,0.9998
10.8380,118.31,0.2121,11.6115,-2.4910,1.1784,359.9436,0.0908,0.0137,1.3221,-0.1428,-0.0010,-0.0206,0.9998
10.8580,118.31,0.2124,11.6377,-2.4938,1.1691,359.9441,0.0900,0.0134,1.3127,-0.1386,-0.0010,-0.0204,0.9998
10.8780,118.31,0.2127,11.6638,-2.4965,1.1597,359.9445,0.0893,0.0131,1.3033,-0.1344,-0.0010,-0.0202,0.9998
10.8980,118.31,0.2129,11.6897,-2.4991,1.1501,359.9449,0.0885,0.0127,1.2940,-0.1303,-0.0010,-0.0201,0.9998
10.9180,118.31,0.2132,11.7154,-2.5016,1.1404,359.9454,0.0878,0.0124,1.2846,-0.1262,-0.0010,-0.0199,0.9998
10.9380,118.31,0.2134,11.7409,-2.5041,1.1306,359.9459,0.0870,0.0121,1.2754,-0.1222,-0.0009,-0.0197,0.9998
10.9580,118.31,0.2136,11.7662,-2.5064,1.1207,359.9464,0.0862,0.0118,1.2661,-0.1182,-0.0009,-0.0196,0.9998
10.9780,118.31,0.2139,11.7914,-2.5087,1.1107,359.9468,0.0854,0.0114,1.2569,-0.1142,-0.0009,-0.0194,0.9998
10.9980,118.31,0.2141,11.8163,-2.5109,1.1005,359.9473,0.0847,0.0111,1.2477,-0.1103,-0.0009,-0.0192,0.9998
11.0180,118.31,0.2143,11.8411,-2.5131,1.0903,359.9478,0.0839,0.0108,1.2385,-0.1065,-0.0009,-0.0190,0.9998
11.0380,118.31,0.2145,11.8657,-2.5151,1.0800,359.9483,0.0831,0.0105,1.2294,-0.1027,-0.0009,-0.0188,0.9998
11.0580,118.31,0.2147,11.8901,-2.5171,1.0696,359.9488,0.0823,0.0102,1.2203,-0.0989,-0.0009,-0.0187,0.9998
11.0780,118.31,0.2149,11.9143,-2.5190,1.0591,359.9493,0.0814,0.0099,1.2113,-0.0952,-0.0009,-0.0185,0.9998
11.0980,118.31,0.2151,11.9383,-2.5208,1.0485,359.9498,0.0806,0.0096,1.2023,-0.0916,-0.0009,-0.0183,0.9998
11.1180,118.31,0.2153,11.9622,-2.5226,1.0379,359.9503,0.0798,0.0093,1.1933,-0.0880,-0.0009,-0.0181,0.9998
11.1380,118.31,0.2155,11.9859,-2.5243,1.0272,359.9509,0.0790,0.0090,1.1844,-0.0844,-0.0009,-0.0179,0.9998
11.1580,118.31,0.2157,12.0094,-2.5259,1.0164,359.9514,0.0782,0.0088,1.1755,-0.0809,-0.0008,-0.0177,0.9998
11.1780,118.31,0.2158,12.0327,-2.5274,1.0056,359.9519,0.0773,0.0085,1.1666,-0.0774,-0.0008,-0.0175,0.9998
11.1980,123.35,0.2160,12.0555,-2.5289,0.9910,359.9527,0.0762,0.0082,1.1400,-0.0735,-0.0008,-0.0173,0.9999
11.2180,123.35,0.2161,12.0782,-2.5303,0.9726,359.9536,0.0747,0.0078,1.1305,-0.0694,-0.0008,-0.0170,0.9999
11.2380,123.35,0.2163,12.1003,-2.5316,0.9508,359.9548,0.0730,0.0075,1.1052,-0.0657,-0.0008,-0.0166,0.9999
11.2580,123.35,0.2164,12.1222,-2.5329,0.9254,359.9561,0.0710,0.0072,1.0951,-0.0618,-0.0008,-0.0162,0.9999
11.2780,123.35,0.2166,12.1436,-2.5340,0.8969,359.9576,0.0687,0.0069,1.0711,-0.0583,-0.0007,-0.0157,0.9999
11.2980,123.35,0.2167,12.1648,-2.5351,0.8653,359.9592,0.0661,0.0066,1.0605,-0.0546,-0.0007,-0.0151,0.9999
11.3180,123.35,0.2168,12.1855,-2.5361,0.8310,359.9609,0.0633,0.0064,1.0377,-0.0514,-0.0007,-0.0145,0.9999
11.3380,123.35,0.2170,12.2061,-2.5371,0.7938,359.9627,0.0603,0.0061,1.0267,-0.0481,-0.0007,-0.0139,0.9999
11.3580,123.35,0.2171,12.2262,-2.5380,0.7542,359.9646,0.0570,0.0058,1.0049,-0.0451,-0.0006,-0.0132,0.9999
11.3780,123.35,0.2172,12.2460,-2.5388,0.7121,359.9666,0.0535,0.0056,0.9936,-0.0421,-0.0006,-0.0124,0.9999
11.3980,123.35,0.2173,12.2655,-2.5396,0.6679,359.9686,0.0498,0.0054,0.9728,-0.0395,-0.0005,-0.0117,0.9999
11.4180,123.35,0.2174,12.2847,-2.5404,0.6216,359.9707,0.0460,0.0052,0.9613,-0.0369,-0.0005,-0.0108,0.9999
11.4380,123.35,0.2175,12.3036,-2.5411,0.5734,359.9728,0.0419,0.0050,0.9413,-0.0345,-0.0005,-0.0100,0.9999
11.4580,123.35,0.2176,12.3221,-2.5417,0.5234,359.9749,0.0378,0.0048,0.9296,-0.0323,-0.0004,-0.0091,1.0000
11.4780,123.35,0.2177,12.3404,-2.5423,0.4718,359.9771,0.0334,0.0046,0.9105,-0.0303,-0.0004,-0.0082,1.0000
11.4980,123.35,0.2178,12.3583,-2.5429,0.4187,359.9792,0.0289,0.0045,0.8987,-0.0285,-0.0004,-0.0073,1.0000
11.5180,123.35,0.2179,12.3759,-2.5434,0.3642,359.9814,0.0243,0.0044,0.8803,-0.0269,-0.0003,-0.0064,1.0000
11.5380,123.35,0.2179,12.3933,-2.5439,0.3085,359.9835,0.0196,0.0042,0.8685,-0.0254,-0.0003,-0.0054,1.0000
11.5580,123.35,0.2180,12.4103,-2.5444,0.2516,359.9856,0.0147,0.0042,0.8508,-0.0242,-0.0003,-0.0044,1.0000
11.5780,123.35,0.2181,12.4271,-2.5449,0.1938,359.9877,0.0098,0.0041,0.8389,-0.0231,-0.0002,-0.0034,1.0000
11.5980,123.35,0.2182,12.4435,-2.5453,0.1351,359.9897,0.0048,0.0040,0.8219,-0.0222,-0.0002,-0.0024,1.0000
11.6180,123.35,0.2183,12.4597,-2.5458,0.0755,359.9917,-0.0003,0.0040,0.8100,-0.0216,-0.0001,-0.0013,1.0000
11.6380,123.35,0.2184,12.4756,-2.5462,0.0153,359.9937,-0.0055,0.0039,0.7936,-0.0211,-0.0001,-0.0003,1.0000
11.6580,123.35,0.2184,12.4912,-2.5466,359.9546,-0.0045,359.9893,0.0039,0.7817,-0.0209,-0.0001,0.0008,1.0000
11.6780,123.35,0.2185,12.5066,-2.5470,359.8934,-0.0026,359.9840,0.0039,0.7658,-0.0209,0.0000,0.0019,1.0000
11.6980,123.35,0.2186,12.5216,-2.5474,359.8318,-0.0009,359.9787,0.0040,0.7540,-0.0210,0.0000,0.0029,1.0000
11.7180,123.35,0.2187,12.5364,-2.5479,359.7700,0.0008,359.9734,0.0040,0.7387,-0.0214,0.0000,0.0040,1.0000
11.7380,123.35,0.2187,12.5510,-2.5483,359.7079,0.0024,359.9680,0.0041,0.7270,-0.0219,0.0000,0.0051,1.0000
11.7580,123.35,0.2188,12.5652,-2.5487,359.6458,0.0039,359.9626,0.0041,0.7122,-0.0227,0.0001,0.0062,1.0000
11.7780,123.35,0.2189,12.5792,-2.5492,359.5836,0.0054,359.9572,0.0042,0.7006,-0.0237,0.0001,0.0073,1.0000
11.7980,123.35,0.2190,12.5929,-2.5497,359.5216,0.0067,359.9518,0.0044,0.6862,-0.0248,0.0001,0.0083,1.0000
11.8180,123.35,0.2191,12.6064,-2.5502,359.4596,0.0080,359.9465,0.0045,0.6747,-0.0262,0.0001,0.0094,1.0000
11.8380,123.35,0.2192,12.6196,-2.5508,359.3979,0.0092,359.9411,0.0046,0.6608,-0.0277,0.0002,0.0105,0.9999
11.8580,123.35,0.2193,12.6326,-2.5514,359.3365,0.0103,359.9358,0.0048,0.6495,-0.0295,0.0002,0.0116,0.9999
11.8780,123.35,0.2194,12.6454,-2.5520,359.2755,0.0113,359.9305,0.0050,0.6360,-0.0314,0.0002,0.0126,0.9999
11.8980,123.35,0.2195,12.6579,-2.5527,359.2148,0.0122,359.9252,0.0052,0.6248,-0.0336,0.0002,0.0137,0.9999
11.9180,123.35,0.2196,12.6701,-2.5534,359.1547,0.0130,359.9200,0.0054,0.6117,-0.0359,0.0002,0.0148,0.9999
11.9380,123.35,0.2197,12.6821,-2.5542,359.0951,0.0137,359.9148,0.0056,0.6007,-0.0384,0.0002,0.0158,0.9999
11.9580,123.35,0.2198,12.6939,-2.5550,359.0361,0.0143,359.9097,0.0059,0.5880,-0.0411,0.0003,0.0168,0.9999
11.9780,123.35,0.2199,12.7054,-2.5559,358.9778,0.0149,359.9047,0.0061,0.5771,-0.0440,0.0003,0.0178,0.9998
11.9980,123.35,0.2201,12.7167,-2.5568,358.9202,0.0153,359.8997,0.0064,0.5648,-0.0470,0.0003,0.0188,0.9998
12.0180,123.35,0.2202,12.7278,-2.5578,358.8633,0.0156,359.8947,0.0067,0.5541,-0.0502,0.0003,0.0198,0.9998
12.0380,123.35,0.2203,12.7386,-2.5589,358.8073,0.0159,359.8899,0.0070,0.5422,-0.0536,0.0003,0.0208,0.9998
12.0580,123.35,0.2205,12.7493,-2.5600,358.7521,0.0160,359.8851,0.0073,0.5316,-0.0572,0.0003,0.0218,0.9998
12.0780,123.35,0.2206,12.7597,-2.5613,358.6978,0.0160,359.8804,0.0076,0.5200,-0.0609,0.0003,0.0227,0.9997
12.0980,123.35,0.2208,12.7699,-2.5625,358.6444,0.0160,359.8758,0.0080,0.5097,-0.0647,0.0003,0.0237,0.9997
12.1180,123.35,0.2210,12.7798,-2.5639,358.5920,0.0158,359.8713,0.0084,0.4984,-0.0688,0.0003,0.0246,0.9997
12.1380,123.35,0.2211,12.7896,-2.5654,358.5406,0.0156,359.8669,0.0087,0.4882,-0.0730,0.0003,0.0255,0.9997
12.1580,123.35,0.2213,12.7991,-2.5669,358.4902,0.0153,359.8626,0.0091,0.4773,-0.0773,0.0003,0.0263,0.9997
12.1780,123.35,0.2215,12.8085,-2.5686,358.4409,0.0149,359.8584,0.0095,0.4673,-0.0818,0.0003,0.0272,0.9996
12.1980,123.35,0.2217,12.8176,-2.5703,358.3927,0.0144,359.8543,0.0099,0.4567,-0.0864,0.0003,0.0280,0.9996
12.2180,122.77,0.2219,12.8266,-2.5721,358.3456,0.0138,359.8503,0.0104,0.4469,-0.0911,0.0002,0.0289,0.9996
12.2380,122.77,0.2221,12.8353,-2.5740,358.2997,0.0131,359.8464,0.0108,0.4366,-0.0960,0.0002,0.0297,0.9996
12.2580,122.77,0.2224,12.8438,-2.5761,358.2549,0.0123,359.8426,0.0112,0.4270,-0.1010,0.0002,0.0305,0.9995
12.2780,122.77,0.2226,12.8522,-2.5782,358.2114,0.0115,359.8389,0.0117,0.4169,-0.1062,0.0002,0.0312,0.9995
12.2980,122.77,0.2228,12.8603,-2.5804,358.1690,0.0106,359.8354,0.0122,0.4076,-0.1114,0.0002,0.0320,0.9995
12.3180,122.77,0.2231,12.8683,-2.5827,358.1279,0.0096,359.8319,0.0126,0.3978,-0.1168,0.0002,0.0327,0.9995
12.3380,122.77,0.2234,12.8760,-2.5852,358.0880,0.0086,359.8286,0.0131,0.3886,-0.1223,0.0001,0.0334,0.9994
12.3580,122.77,0.2236,12.8836,-2.5877,358.0494,0.0074,359.8254,0.0136,0.3791,-0.1278,0.0001,0.0340,0.9994
12.3780,122.77,0.2239,12.8910,-2.5904,358.0121,0.0062,359.8223,0.0141,0.3701,-0.1335,0.0001,0.0347,0.9994
12.3980,122.77,0.2242,12.8982,-2.5932,357.9760,0.0050,359.8193,0.0146,0.3609,-0.1393,0.0001,0.0353,0.9994
12.4180,122.77,0.2245,12.9053,-2.5961,357.9412,0.0037,359.8165,0.0151,0.3521,-0.1452,0.0001,0.0359,0.9994
12.4380,122.77,0.2248,12.9121,-2.5991,357.9077,0.0023,359.8138,0.0157,0.3431,-0.1511,0.0000,0.0365,0.9993
12.4580,122.77,0.2251,12.9188,-2.6023,357.8755,0.0008,359.8112,0.0162,0.3346,-0.1572,0.0000,0.0371,0.9993
12.4780,122.77,0.2255,12.9254,-2.6055,357.8447,-0.0007,359.8087,0.0167,0.3258,-0.1633,0.0000,0.0376,0.9993
12.4980,122.77,0.2258,12.9317,-2.6089,357.8152,-0.0022,359.8064,0.0173,0.3175,-0.1695,0.0000,0.0381,0.9993
12.5180,122.77,0.2262,12.9379,-2.6124,357.7869,-0.0038,359.8041,0.0178,0.3090,-0.1758,-0.0001,0.0386,0.9993
12.5380,122.77,0.2265,12.9439,-2.6161,357.7600,-0.0055,359.8020,0.0184,0.3009,-0.1821,-0.0001,0.0391,0.9992
12.5580,122.77,0.2269,12.9498,-2.6199,357.7344,359.9929,359.8000,0.0189,0.2926,-0.1885,-0.0001,0.0395,0.9992
12.5780,122.77,0.2273,12.9555,-2.6237,357.7101,359.9911,359.7982,0.0195,0.2847,-0.1950,-0.0002,0.0400,0.9992
12.5980,122.77,0.2277,12.9610,-2.6278,357.6872,359.9894,359.7964,0.0201,0.2766,-0.2015,-0.0002,0.0404,0.9992
12.6180,122.77,0.2281,12.9664,-2.6319,357.6655,359.9875,359.7949,0.0206,0.2689,-0.2080,-0.0002,0.0407,0.9992
12.6380,122.77,0.2286,12.9716,-2.6362,357.6451,359.9857,359.7934,0.0212,0.2611,-0.2146,-0.0002,0.0411,0.9992
12.6580,122.77,0.2290,12.9767,-2.6407,357.6261,359.9839,359.7920,0.0218,0.2536,-0.2212,-0.0003,0.0414,0.9991
12.6780,122.77,0.2294,12.9816,-2.6452,357.6083,359.9820,359.7907,0.0224,0.2460,-0.2279,-0.0003,0.0417,0.9991
12.6980,122.77,0.2299,12.9863,-2.6499,357.5919,359.9800,359.7896,0.0229,0.2387,-0.2346,-0.0003,0.0420,0.9991
12.7180,122.77,0.2304,12.9910,-2.6547,357.5767,359.9781,359.7886,0.0235,0.2313,-0.2413,-0.0004,0.0423,0.9991
12.7380,122.77,0.2308,12.9955,-2.6597,357.5628,359.9762,359.7877,0.0241,0.2242,-0.2481,-0.0004,0.0425,0.9991
12.7580,122.77,0.2313,12.9998,-2.6648,357.5501,359.9742,359.7869,0.0247,0.2170,-0.2549,-0.0005,0.0427,0.9991
12.7780,122.77,0.2318,13.0040,-2.6700,357.5387,359.9722,359.7862,0.0253,0.2101,-0.2616,-0.0005,0.0429,0.9991
12.7980,122.77,0.2324,13.0081,-2.6754,357.5285,359.9702,359.7856,0.0259,0.2031,-0.2684,-0.0005,0.0431,0.9991
12.8180,122.77,0.2329,13.0120,-2.6809,357.5196,359.9682,359.7852,0.0264,0.1964,-0.2752,-0.0006,0.0433,0.9991
12.8380,122.77,0.2334,13.0158,-2.6865,357.5119,359.9662,359.7849,0.0270,0.1896,-0.2820,-0.0006,0.0434,0.9991
12.8580,122.77,0.2340,13.0194,-2.6923,357.5053,359.9641,359.7846,0.0276,0.1831,-0.2888,-0.0006,0.0435,0.9991
12.8780,122.77,0.2345,13.0230,-2.6982,357.5000,359.9621,359.7845,0.0282,0.1765,-0.2956,-0.0007,0.0436,0.9990
12.8980,122.77,0.2351,13.0264,-2.7043,357.4958,359.9601,359.7845,0.0288,0.1702,-0.3024,-0.0007,0.0437,0.9990
12.9180,122.77,0.2357,13.0297,-2.7105,357.4928,359.9581,359.7845,0.0293,0.1638,-0.3092,-0.0007,0.0437,0.9990
12.9380,122.77,0.2363,13.0328,-2.7168,357.4909,359.9561,359.7847,0.0299,0.1576,-0.3159,-0.0008,0.0438,0.9990
12.9580,122.77,0.2369,13.0358,-2.7232,357.4901,359.9541,359.7850,0.0305,0.1515,-0.3227,-0.0008,0.0438,0.9990
12.9780,122.77,0.2375,13.0387,-2.7298,357.4905,359.9521,359.7854,0.0311,0.1455,-0.3294,-0.0008,0.0438,0.9990
12.9980,122.77,0.2382,13.0415,-2.7365,357.4919,359.9501,359.7858,0.0316,0.1395,-0.3360,-0.0009,0.0438,0.9990
13.0180,122.77,0.2388,13.0442,-2.7434,357.4945,359.9481,359.7864,0.0322,0.1337,-0.3427,-0.0009,0.0437,0.9990
13.0380,122.77,0.2395,13.0468,-2.7504,357.4980,359.9462,359.7870,0.0328,0.1279,-0.3493,-0.0009,0.0437,0.9990
13.0580,122.77,0.2401,13.0492,-2.7575,357.5026,359.9442,359.7878,0.0333,0.1223,-0.3559,-0.0010,0.0436,0.9990
13.0780,122.77,0.2408,13.0515,-2.7647,357.5083,359.9423,359.7886,0.0339,0.1167,-0.3624,-0.0010,0.0435,0.9991
13.0980,122.77,0.2415,13.0538,-2.7721,357.5149,359.9404,359.7895,0.0344,0.1112,-0.3689,-0.0010,0.0434,0.9991
13.1180,122.77,0.2422,13.0559,-2.7796,357.5225,359.9386,359.7905,0.0350,0.1058,-0.3754,-0.0011,0.0432,0.9991
13.1380,122.77,0.2429,13.0579,-2.7873,357.5310,359.9367,359.7916,0.0355,0.1005,-0.3818,-0.0011,0.0431,0.9991
13.1580,122.77,0.2436,13.0598,-2.7950,357.5406,359.9349,359.7928,0.0360,0.0952,-0.3881,-0.0011,0.0429,0.9991
13.1780,122.77,0.2444,13.0616,-2.8029,357.5510,359.9331,359.7940,0.0366,0.0901,-0.3944,-0.0012,0.0427,0.9991
13.1980,122.77,0.2451,13.0633,-2.8109,357.5623,359.9314,359.7953,0.0371,0.0850,-0.4007,-0.0012,0.0425,0.9991
13.2180,117.57,0.2459,13.0649,-2.8191,357.5745,359.9296,359.7967,0.0376,0.0800,-0.4068,-0.0012,0.0423,0.9991
13.2380,117.57,0.2466,13.0664,-2.8273,357.5876,359.9279,359.7982,0.0381,0.0751,-0.4129,-0.0013,0.0421,0.9991
13.2580,117.57,0.2474,13.0678,-2.8357,357.6014,359.9263,359.7997,0.0386,0.0703,-0.4190,-0.0013,0.0419,0.9991
13.2780,117.57,0.2482,13.0691,-2.8442,357.6162,359.9247,359.8013,0.0391,0.0655,-0.4250,-0.0013,0.0416,0.9991
13.2980,117.57,0.2490,13.0703,-2.8528,357.6317,359.9231,359.8029,0.0396,0.0609,-0.4309,-0.0013,0.0413,0.9991
13.3180,117.57,0.2498,13.0715,-2.8616,357.6480,359.9215,359.8047,0.0401,0.0563,-0.4367,-0.0014,0.0410,0.9992
13.3380,117.57,0.2506,13.0725,-2.8704,357.6650,359.9200,359.8065,0.0405,0.0518,-0.4425,-0.0014,0.0407,0.9992
13.3580,117.57,0.2514,13.0734,-2.8794,357.6828,359.9185,359.8083,0.0410,0.0473,-0.4482,-0.0014,0.0404,0.9992
13.3780,117.57,0.2522,13.0743,-2.8884,357.7013,359.9171,359.8102,0.0415,0.0430,-0.4538,-0.0014,0.0401,0.9992
13.3980,117.57,0.2531,13.0751,-2.8976,357.7205,359.9157,359.8121,0.0419,0.0387,-0.4593,-0.0015,0.0398,0.9992
13.4180,117.57,0.2539,13.0758,-2.9069,357.7403,359.9143,359.8141,0.0424,0.0345,-0.4647,-0.0015,0.0394,0.9992
13.4380,117.57,0.2548,13.0764,-2.9163,357.7608,359.9130,359.8162,0.0428,0.0304,-0.4701,-0.0015,0.0391,0.9992
13.4580,117.57,0.2556,13.0769,-2.9258,357.7820,359.9118,359.8183,0.0432,0.0263,-0.4754,-0.0015,0.0387,0.9992
13.4780,117.57,0.2565,13.0773,-2.9354,357.8037,359.9106,359.8204,0.0436,0.0223,-0.4805,-0.0016,0.0383,0.9993
13.4980,117.57,0.2574,13.0777,-2.9452,357.8260,359.9094,359.8226,0.0441,0.0184,-0.4856,-0.0016,0.0379,0.9993
13.5180,117.57,0.2583,13.0780,-2.9550,357.8490,359.9082,359.8249,0.0445,0.0145,-0.4906,-0.0016,0.0375,0.9993
13.5380,117.57,0.2592,13.0782,-2.9649,357.8724,359.9071,359.8271,0.0449,0.0107,-0.4955,-0.0016,0.0371,0.9993
13.5580,117.57,0.2601,13.0784,-2.9749,357.8964,359.9061,359.8295,0.0452,0.0070,-0.5004,-0.0016,0.0367,0.9993
13.5780,117.57,0.2610,13.0784,-2.9850,357.9209,359.9051,359.8318,0.0456,0.0034,-0.5051,-0.0017,0.0363,0.9993
13.5980,117.57,0.2619,13.0784,-2.9952,357.9458,359.9042,359.8342,0.0460,-0.0002,-0.5097,-0.0017,0.0358,0.9994
13.6180,117.57,0.2628,13.0783,-3.0055,357.9713,359.9033,359.8366,0.0463,-0.0037,-0.5142,-0.0017,0.0354,0.9994
13.6380,117.57,0.2638,13.0799,-3.0160,358.0172,359.9008,359.8387,0.0469,0.0767,-0.5259,-0.0017,0.0346,0.9994
13.6580,117.57,0.2647,13.0820,-3.0267,358.0894,359.8963,359.8407,0.0473,0.1073,-0.5368,-0.0018,0.0333,0.9994
13.6780,117.57,0.2657,13.0854,-3.0377,358.1828,359.8903,359.8424,0.0478,0.1662,-0.5472,-0.0019,0.0317,0.9995
13.6980,117.57,0.2666,13.0895,-3.0488,358.2986,359.8828,359.8441,0.0482,0.2075,-0.5569,-0.0020,0.0297,0.9996
13.7180,117.57,0.2676,13.0947,-3.0601,358.4345,359.8740,359.8455,0.0486,0.2583,-0.5659,-0.0022,0.0273,0.9996
13.7380,117.57,0.2686,13.1007,-3.0716,358.5903,359.8640,359.8469,0.0491,0.3025,-0.5742,-0.0024,0.0246,0.9997
13.7580,117.57,0.2696,13.1077,-3.0832,358.7644,359.8529,359.8481,0.0495,0.3497,-0.5815,-0.0026,0.0216,0.9998
13.7780,117.57,0.2706,13.1156,-3.0950,358.9562,359.8409,359.8492,0.0500,0.3941,-0.5879,-0.0028,0.0182,0.9998
13.7980,117.57,0.2716,13.1244,-3.1069,359.1647,359.8281,359.8503,0.0504,0.4393,-0.5933,-0.0030,0.0146,0.9999
13.8180,117.57,0.2726,13.1341,-3.1188,359.3891,359.8146,359.8512,0.0508,0.4831,-0.5976,-0.0032,0.0107,0.9999
13.8380,117.57,0.2736,13.1446,-3.1308,359.6284,359.8004,359.8521,0.0512,0.5268,-0.6009,-0.0035,0.0065,1.0000
13.8580,117.57,0.2747,13.1560,-3.1429,359.8818,359.7858,359.8530,0.0517,0.5695,-0.6030,-0.0037,0.0021,1.0000
13.8780,117.57,0.2757,13.1682,-3.1550,0.1487,359.7708,359.8538,0.0521,0.6119,-0.6040,-0.0040,-0.0026,1.0000
13.8980,117.57,0.2768,13.1813,-3.1670,0.4282,359.7554,359.8546,0.0525,0.6535,-0.6037,-0.0043,-0.0075,1.0000
13.9180,117.57,0.2778,13.1952,-3.1791,0.7196,359.7397,359.8554,0.0529,0.6946,-0.6022,-0.0045,-0.0126,0.9999
13.9380,117.57,0.2789,13.2099,-3.1911,1.0222,359.7239,359.8562,0.0533,0.7350,-0.5994,-0.0048,-0.0178,0.9998
13.9580,117.57,0.2800,13.2254,-3.2030,1.3353,359.7079,359.8570,0.0537,0.7748,-0.5953,-0.0051,-0.0233,0.9997
13.9780,117.57,0.2810,13.2417,-3.2148,1.6584,359.6919,359.8579,0.0541,0.8139,-0.5899,-0.0054,-0.0289,0.9996
13.9980,117.57,0.2821,13.2587,-3.2264,1.9907,359.6759,359.8588,0.0544,0.8524,-0.5831,-0.0057,-0.0347,0.9994
14.0180,117.57,0.2832,13.2765,-3.2379,2.3316,359.6600,359.8598,0.0548,0.8902,-0.5749,-0.0059,-0.0407,0.9992
14.0380,117.57,0.2843,13.2951,-3.2492,2.6807,359.6441,359.8608,0.0551,0.9274,-0.5653,-0.0062,-0.0468,0.9989
14.0580,117.57,0.2854,13.3144,-3.2603,3.0373,359.6284,359.8620,0.0554,0.9639,-0.5543,-0.0065,-0.0530,0.9986
14.0780,117.57,0.2865,13.3344,-3.2712,3.4009,359.6130,359.8633,0.0557,0.9997,-0.5419,-0.0067,-0.0593,0.9982
14.0980,117.57,0.2877,13.3531,-3.2817,3.7430,359.6000,359.8652,0.0559,0.9367,-0.5279,-0.0070,-0.0653,0.9978
14.1180,117.57,0.2888,13.3724,-3.2919,4.0620,359.5895,359.8674,0.0560,0.9666,-0.5069,-0.0071,-0.0708,0.9975
14.1380,117.57,0.2899,13.3906,-3.3017,4.3587,359.5814,359.8701,0.0561,0.9096,-0.4912,-0.0073,-0.0760,0.9971
14.1580,117.57,0.2910,13.4093,-3.3111,4.6339,359.5755,359.8731,0.0562,0.9341,-0.4687,-0.0074,-0.0808,0.9967
14.1780,117.57,0.2922,13.4270,-3.3201,4.8880,359.5717,359.8766,0.0562,0.8826,-0.4516,-0.0074,-0.0852,0.9963
14.1980,117.57,0.2933,13.4450,-3.3287,5.1220,359.5699,359.8803,0.0563,0.9024,-0.4281,-0.0075,-0.0893,0.9960
14.2180,125.71,0.2944,13.4621,-3.3368,5.3361,359.5699,359.8844,0.0563,0.8559,-0.4099,-0.0075,-0.0930,0.9956
14.2380,125.71,0.2955,13.4796,-3.3446,5.5314,359.5717,359.8886,0.0563,0.8714,-0.3856,-0.0074,-0.0964,0.9953
14.2580,125.71,0.2967,13.4962,-3.3519,5.7080,359.5751,359.8932,0.0562,0.8294,-0.3664,-0.0074,-0.0995,0.9950
14.2780,125.71,0.2978,13.5130,-3.3587,5.8671,359.5800,359.8979,0.0561,0.8412,-0.3417,-0.0073,-0.1022,0.9947
14.2980,125.71,0.2989,13.5291,-3.3652,6.0087,359.5863,359.9028,0.0561,0.8033,-0.3216,-0.0072,-0.1047,0.9945
14.3180,125.71,0.3000,13.5453,-3.3711,6.1341,359.5939,359.9078,0.0560,0.8118,-0.2966,-0.0070,-0.1069,0.9942
14.3380,125.71,0.3011,13.5608,-3.3766,6.2431,359.6027,359.9129,0.0558,0.7776,-0.2759,-0.0069,-0.1087,0.9940
14.3580,125.71,0.3023,13.5765,-3.3816,6.3370,359.6126,359.9180,0.0557,0.7832,-0.2509,-0.0067,-0.1104,0.9939
14.3780,125.71,0.3034,13.5916,-3.3862,6.4157,359.6234,359.9232,0.0555,0.7523,-0.2297,-0.0065,-0.1117,0.9937
14.3980,125.71,0.3045,13.6081,-3.3902,6.5055,359.6332,359.9277,0.0554,0.8295,-0.2018,-0.0064,-0.1133,0.9935
14.4180,125.71,0.3056,13.6248,-3.3939,6.6170,359.6412,359.9320,0.0553,0.8338,-0.1841,-0.0062,-0.1152,0.9933
14.4380,125.71,0.3067,13.6426,-3.3971,6.7417,359.6480,359.9358,0.0552,0.8883,-0.1585,-0.0061,-0.1174,0.9931
14.4580,125.71,0.3078,13.6607,-3.3999,6.8843,359.6534,359.9394,0.0550,0.9068,-0.1378,-0.0060,-0.1199,0.9928
14.4780,125.71,0.3089,13.6797,-3.4021,7.0400,359.6577,359.9425,0.0549,0.9484,-0.1127,-0.0059,-0.1226,0.9924
14.4980,125.71,0.3100,13.6992,-3.4039,7.2106,359.6608,359.9454,0.0547,0.9728,-0.0896,-0.0059,-0.1255,0.9921
14.5180,125.71,0.3111,13.7193,-3.4052,7.3934,359.6631,359.9481,0.0545,1.0071,-0.0642,-0.0058,-0.1287,0.9917
14.5380,125.71,0.3121,13.7400,-3.4060,7.5887,359.6644,359.9505,0.0544,1.0329,-0.0392,-0.0058,-0.1321,0.9912
14.5580,125.71,0.3132,13.7612,-3.4062,7.7949,359.6650,359.9527,0.0542,1.0628,-0.0128,-0.0058,-0.1356,0.9907
14.5780,125.71,0.3143,13.7830,-3.4059,8.0117,359.6648,359.9547,0.0540,1.0881,0.0138,-0.0058,-0.1394,0.9902
14.5980,125.71,0.3154,13.8053,-3.4051,8.2380,359.6641,359.9565,0.0537,1.1148,0.0416,-0.0058,-0.1433,0.9897
14.6180,125.71,0.3163,13.8282,-3.4037,8.4663,359.6673,359.9325,0.0479,1.1446,0.0721,-0.0057,-0.1472,0.9891
14.6380,125.71,0.3172,13.8516,-3.4016,8.6964,359.6743,359.8827,0.0422,1.1737,0.1034,-0.0056,-0.1512,0.9885
14.6580,125.71,0.3179,13.8757,-3.3989,8.9280,359.6848,359.8084,0.0369,1.2019,0.1353,-0.0054,-0.1552,0.9879
14.6780,125.71,0.3186,13.9003,-3.3955,9.1604,359.6982,359.7107,0.0322,1.2291,0.1680,-0.0052,-0.1592,0.9872
14.6980,125.71,0.3191,13.9254,-3.3915,9.3934,359.7143,359.5908,0.0282,1.2552,0.2014,-0.0049,-0.1632,0.9866
14.7180,125.71,0.3196,13.9510,-3.3868,9.6266,359.7325,359.4499,0.0248,1.2803,0.2355,-0.0046,-0.1672,0.9859
14.7380,125.71,0.3201,13.9771,-3.3814,9.8595,359.7527,359.2891,0.0223,1.3044,0.2703,-0.0043,-0.1712,0.9852
14.7580,125.71,0.3205,14.0036,-3.3753,10.0917,359.7743,359.1094,0.0206,1.3273,0.3057,-0.0039,-0.1752,0.9845
14.7780,125.71,0.3209,14.0306,-3.3684,10.3229,359.7970,358.9119,0.0198,1.3492,0.3418,-0.0035,-0.1792,0.9838
14.7980,125.71,0.3213,14.0580,-3.3609,10.5528,359.8204,358.6976,0.0199,1.3699,0.3785,-0.0031,-0.1831,0.9831
14.8180,125.71,0.3217,14.0858,-3.3526,10.7809,359.8444,358.4676,0.0211,1.3895,0.4158,-0.0027,-0.1871,0.9823
14.8380,125.71,0.3222,14.1140,-3.3435,11.0069,359.8684,358.2228,0.0233,1.4080,0.4537,-0.0023,-0.1909,0.9816
14.8580,125.71,0.3227,14.1425,-3.3336,11.2305,359.8923,357.9641,0.0266,1.4254,0.4921,-0.0018,-0.1948,0.9808
14.8780,125.71,0.3233,14.1713,-3.3230,11.4513,359.9157,357.6925,0.0310,1.4416,0.5311,-0.0014,-0.1985,0.9801
14.8980,125.71,0.3241,14.2005,-3.3116,11.6691,359.9384,357.4088,0.0366,1.4568,0.5706,-0.0011,-0.2023,0.9793
14.9180,125.71,0.3250,14.2286,-3.2995,11.8534,359.9594,357.1405,0.0460,1.4047,0.6034,-0.0007,-0.2054,0.9787
14.9380,125.71,0.3262,14.2568,-3.2866,12.0093,359.9782,356.8869,0.0589,1.4106,0.6476,-0.0004,-0.2081,0.9781
14.9580,125.71,0.3276,14.2842,-3.2729,12.1337,-0.0040,356.6493,0.0703,1.3697,0.6829,-0.0001,-0.2102,0.9777
14.9780,125.71,0.3292,14.3115,-3.2584,12.2313,0.0125,356.4260,0.0842,1.3673,0.7255,0.0002,-0.2119,0.9773
14.9980,125.71,0.3312,14.3382,-3.2432,12.3004,0.0286,356.2179,0.0970,1.3344,0.7621,0.0005,-0.2130,0.9770
15.0180,125.71,0.3334,14.3647,-3.2271,12.3443,0.0442,356.0237,0.1118,1.3266,0.8034,0.0008,-0.2138,0.9769
15.0380,125.71,0.3359,14.3907,-3.2103,12.3622,0.0599,355.8440,0.1258,1.2993,0.8406,0.0010,-0.2141,0.9768
15.0580,125.71,0.3388,14.4165,-3.1927,12.3568,0.0756,355.6777,0.1413,1.2883,0.8807,0.0013,-0.2140,0.9768
15.0780,125.71,0.3419,14.4418,-3.1743,12.3277,0.0917,355.5251,0.1564,1.2650,0.9179,0.0016,-0.2135,0.9769
15.0980,125.71,0.3453,14.4668,-3.1552,12.2769,0.1082,355.3855,0.1725,1.2520,0.9567,0.0018,-0.2126,0.9771
15.1180,125.71,0.3491,14.4915,-3.1353,12.2046,0.1252,355.2588,0.1884,1.2317,0.9936,0.0021,-0.2114,0.9774
15.1380,125.71,0.3532,14.5158,-3.1147,12.1123,0.1429,355.1445,0.2050,1.2177,1.0311,0.0024,-0.2098,0.9777
15.1580,125.71,0.3576,14.5398,-3.0933,12.0005,0.1613,355.0424,0.2215,1.1994,1.0671,0.0028,-0.2079,0.9781
15.1780,125.71,0.3624,14.5635,-3.0713,11.8704,0.1803,354.9520,0.2385,1.1852,1.1032,0.0031,-0.2057,0.9786
15.1980,125.71,0.3675,14.5869,-3.0485,11.7225,0.2001,354.8732,0.2554,1.1684,1.1381,0.0034,-0.2032,0.9791
15.2180,122.95,0.3730,14.6100,-3.0251,11.5580,0.2206,354.8054,0.2726,1.1543,1.1726,0.0038,-0.2004,0.9797
15.2380,122.95,0.3788,14.6328,-3.0009,11.3775,0.2417,354.7483,0.2898,1.1387,1.2061,0.0041,-0.1973,0.9803
15.2580,122.95,0.3849,14.6553,-2.9762,11.1819,0.2635,354.7017,0.3072,1.1248,1.2389,0.0045,-0.1939,0.9810
15.2780,122.95,0.3914,14.6775,-2.9507,10.9720,0.2859,354.6651,0.3244,1.1102,1.2707,0.0049,-0.1903,0.9817
15.2980,122.95,0.3982,14.6994,-2.9247,10.7486,0.3087,354.6382,0.3418,1.0967,1.3018,0.0053,-0.1865,0.9824
15.3180,122.95,0.4054,14.7211,-2.8981,10.5124,0.3319,354.6207,0.3590,1.0828,1.3318,0.0057,-0.1824,0.9832
15.3380,122.95,0.4129,14.7424,-2.8708,10.2641,0.3555,354.6121,0.3762,1.0698,1.3609,0.0061,-0.1782,0.9840
15.3580,122.95,0.4209,14.7644,-2.8431,10.0374,0.3679,354.6084,0.3968,1.0969,1.3889,0.0063,-0.1743,0.9847
15.3780,122.95,0.4292,14.7863,-2.8149,9.8361,0.3680,354.6113,0.4150,1.0973,1.4104,0.0063,-0.1708,0.9853
15.3980,122.95,0.4379,14.8087,-2.7862,9.6566,0.3579,354.6199,0.4349,1.1185,1.4355,0.0062,-0.1677,0.9858
15.4180,122.95,0.4469,14.8312,-2.7570,9.5002,0.3375,354.6352,0.4533,1.1234,1.4569,0.0058,-0.1651,0.9863
15.4380,122.95,0.4564,14.8540,-2.7274,9.3643,0.3084,354.6566,0.4725,1.1405,1.4802,0.0053,-0.1627,0.9867
15.4580,122.95,0.4662,14.8769,-2.6974,9.2494,0.2708,354.6846,0.4907,1.1480,1.5013,0.0047,-0.1607,0.9870
15.4780,122.95,0.4764,14.9002,-2.6669,9.1536,0.2261,354.7190,0.5092,1.1626,1.5235,0.0039,-0.1591,0.9873
15.4980,122.95,0.4869,14.9236,-2.6360,9.0770,0.1745,354.7599,0.5270,1.1713,1.5444,0.0030,-0.1578,0.9875
15.5180,122.95,0.4978,14.9473,-2.6047,9.0181,0.1171,354.8071,0.5449,1.1841,1.5658,0.0020,-0.1567,0.9876
15.5380,122.95,0.5091,14.9712,-2.5730,8.9767,0.0543,354.8608,0.5622,1.1933,1.5866,0.0009,-0.1560,0.9878
15.5580,122.95,0.5207,14.9953,-2.5408,8.9516,359.9871,354.9206,0.5793,1.2049,1.6077,-0.0002,-0.1556,0.9878
15.5780,122.95,0.5326,15.0196,-2.5083,8.9424,359.9159,354.9866,0.5959,1.2142,1.6285,-0.0014,-0.1554,0.9878
15.5980,122.95,0.5448,15.0440,-2.4753,8.9482,359.8415,355.0586,0.6122,1.2246,1.6495,-0.0027,-0.1555,0.9878
15.6180,122.95,0.5574,15.0687,-2.4419,8.9683,359.7643,355.1364,0.6280,1.2336,1.6704,-0.0041,-0.1559,0.9878
15.6380,122.95,0.5702,15.0936,-2.4080,9.0020,359.6849,355.2199,0.6434,1.2431,1.6916,-0.0054,-0.1565,0.9877
15.6580,122.95,0.5834,15.1186,-2.3738,9.0487,359.6039,355.3089,0.6583,1.2516,1.7129,-0.0068,-0.1573,0.9875
15.6780,122.95,0.5969,15.1438,-2.3391,9.1076,359.5219,355.4033,0.6727,1.2603,1.7344,-0.0082,-0.1583,0.9874
15.6980,122.95,0.6106,15.1692,-2.3040,9.1782,359.4392,355.5028,0.6866,1.2681,1.7560,-0.0097,-0.1595,0.9871
15.7180,122.95,0.6246,15.1947,-2.2684,9.2596,359.3564,355.6073,0.7000,1.2759,1.7780,-0.0111,-0.1609,0.9869
15.7380,122.95,0.6389,15.2204,-2.2324,9.3514,359.2739,355.7166,0.7129,1.2830,1.8003,-0.0125,-0.1625,0.9866
15.7580,122.95,0.6534,15.2462,-2.1959,9.4528,359.1920,355.8303,0.7252,1.2899,1.8228,-0.0139,-0.1642,0.9863
15.7780,122.95,0.6681,15.2721,-2.1590,9.5633,359.1112,355.9484,0.7369,1.2961,1.8457,-0.0153,-0.1661,0.9860
15.7980,122.95,0.6831,15.2981,-2.1216,9.6823,359.0319,356.0706,0.7480,1.3021,1.8690,-0.0167,-0.1682,0.9856
15.8180,122.95,0.6982,15.3236,-2.0837,9.7719,358.9644,356.2000,0.7564,1.2730,1.8948,-0.0178,-0.1697,0.9853
15.8380,122.95,0.7135,15.3491,-2.0452,9.8346,358.9077,356.3343,0.7659,1.2743,1.9254,-0.0188,-0.1708,0.9851
15.8580,122.95,0.7290,15.3741,-2.0062,9.8691,358.8616,356.4744,0.7736,1.2532,1.9524,-0.0196,-0.1714,0.9850
15.8780,122.95,0.7446,15.3991,-1.9665,9.8784,358.8249,356.6186,0.7816,1.2494,1.9819,-0.0202,-0.1716,0.9850
15.8980,122.95,0.7604,15.4238,-1.9264,9.8619,358.7971,356.7672,0.7884,1.2332,2.0091,-0.0207,-0.1713,0.9850
15.9180,122.95,0.7763,15.4483,-1.8856,9.8219,358.7775,356.9190,0.7950,1.2267,2.0373,-0.0210,-0.1706,0.9851
15.9380,122.95,0.7923,15.4726,-1.8443,9.7584,358.7654,357.0741,0.8007,1.2134,2.0641,-0.0212,-0.1695,0.9853
15.9580,122.95,0.8084,15.4967,-1.8025,9.6731,358.7600,357.2315,0.8061,1.2057,2.0911,-0.0213,-0.1680,0.9856
15.9780,122.95,0.8246,15.5206,-1.7602,9.5664,358.7608,357.3910,0.8107,1.1943,2.1169,-0.0213,-0.1662,0.9859
15.9980,122.95,0.8409,15.5443,-1.7173,9.4396,358.7672,357.5520,0.8149,1.1860,2.1425,-0.0212,-0.1640,0.9862
16.0180,122.95,0.8573,15.5683,-1.6741,9.3295,358.7718,357.7115,0.8192,1.1990,2.1633,-0.0212,-0.1621,0.9865
16.0380,122.95,0.8738,15.5923,-1.6304,9.2381,358.7743,357.8703,0.8227,1.1993,2.1809,-0.0211,-0.1605,0.9868
16.0580,122.95,0.8903,15.6165,-1.5864,9.1634,358.7754,358.0277,0.8258,1.2097,2.2003,-0.0211,-0.1593,0.9870
16.0780,122.95,0.9068,15.6407,-1.5421,9.1058,358.7753,358.1842,0.8281,1.2116,2.2179,-0.0211,-0.1583,0.9872
16.0980,122.95,0.9234,15.6651,-1.4973,9.0635,358.7746,358.3394,0.8300,1.2201,2.2366,-0.0211,-0.1575,0.9873
16.1180,122.95,0.9401,15.6896,-1.4523,9.0365,358.7734,358.4934,0.8313,1.2228,2.2541,-0.0211,-0.1571,0.9874
16.1380,122.95,0.9567,15.7142,-1.4068,9.0235,358.7721,358.6460,0.8320,1.2297,2.2725,-0.0212,-0.1568,0.9874
16.1580,122.95,0.9733,15.7388,-1.3610,9.0242,358.7709,358.7972,0.8322,1.2328,2.2901,-0.0212,-0.1569,0.9874
16.1780,122.95,0.9900,15.7636,-1.3148,9.0375,358.7702,358.9468,0.8318,1.2385,2.3083,-0.0212,-0.1571,0.9874
16.1980,122.95,1.0066,15.7884,-1.2683,9.0631,358.7701,359.0949,0.8308,1.2416,2.3261,-0.0212,-0.1575,0.9873
16.2180,123.63,1.0232,15.8128,-1.2214,9.0624,358.7752,359.2428,0.8290,1.2191,2.3481,-0.0211,-0.1575,0.9873
16.2380,123.63,1.0397,15.8372,-1.1739,9.0374,358.7850,359.3896,0.8268,1.2199,2.3733,-0.0209,-0.1571,0.9874
16.2580,123.63,1.0562,15.8613,-1.1260,8.9871,358.7990,359.5355,0.8241,1.2036,2.3957,-0.0207,-0.1562,0.9875
16.2780,123.63,1.0726,15.8853,-1.0776,8.9142,358.8166,359.6797,0.8210,1.2006,2.4194,-0.0204,-0.1550,0.9877
16.2980,123.63,1.0890,15.9091,-1.0288,8.8185,358.8375,359.8225,0.8174,1.1879,2.4412,-0.0200,-0.1533,0.9880
16.3180,123.63,1.1052,15.9327,-0.9795,8.7019,358.8612,359.9632,0.8133,1.1828,2.4634,-0.0196,-0.1513,0.9883
16.3380,123.63,1.1214,15.9562,-0.9298,8.5649,358.8873,0.1019,0.8088,1.1724,2.4841,-0.0192,-0.1489,0.9887
16.3580,123.63,1.1375,15.9795,-0.8797,8.4088,358.9154,0.2382,0.8039,1.1662,2.5047,-0.0187,-0.1462,0.9891
16.3780,123.63,1.1535,16.0026,-0.8292,8.2343,358.9451,0.3721,0.7986,1.1571,2.5241,-0.0182,-0.1432,0.9895
16.3980,123.63,1.1693,16.0257,-0.7784,8.0426,358.9763,0.5032,0.7929,1.1505,2.5430,-0.0177,-0.1399,0.9900
16.4180,123.63,1.1851,16.0485,-0.7272,7.8344,359.0085,0.6315,0.7869,1.1422,2.5607,-0.0171,-0.1363,0.9905
16.4380,123.63,1.2007,16.0712,-0.6756,7.6108,359.0414,0.7568,0.7805,1.1354,2.5777,-0.0166,-0.1324,0.9911
16.4580,123.63,1.2161,16.0938,-0.6237,7.3725,359.0749,0.8790,0.7737,1.1276,2.5936,-0.0160,-0.1283,0.9916
16.4780,123.63,1.2315,16.1162,-0.5716,7.1205,359.1087,0.9980,0.7666,1.1207,2.6086,-0.0154,-0.1240,0.9922
16.4980,123.63,1.2467,16.1385,-0.5191,6.8555,359.1426,1.1138,0.7592,1.1133,2.6224,-0.0149,-0.1194,0.9927
16.5180,123.63,1.2617,16.1606,-0.4664,6.5785,359.1765,1.2262,0.7515,1.1063,2.6353,-0.0143,-0.1146,0.9933
16.5380,123.63,1.2766,16.1826,-0.4135,6.2901,359.2101,1.3352,0.7435,1.0990,2.6470,-0.0137,-0.1096,0.9939
16.5580,123.63,1.2913,16.2044,-0.3603,5.9913,359.2433,1.4408,0.7352,1.0920,2.6575,-0.0131,-0.1044,0.9945
16.5780,123.63,1.3058,16.2261,-0.3070,5.6827,359.2761,1.5429,0.7266,1.0847,2.6670,-0.0126,-0.0990,0.9950
16.5980,123.63,1.3202,16.2477,-0.2535,5.3651,359.3083,1.6415,0.7178,1.0776,2.6752,-0.0120,-0.0935,0.9955
16.6180,123.63,1.3343,16.2691,-0.1998,5.0393,359.3397,1.7367,0.7088,1.0704,2.6823,-0.0115,-0.0878,0.9961
16.6380,123.63,1.3483,16.2903,-0.1461,4.7058,359.3704,1.8283,0.6995,1.0632,2.6881,-0.0110,-0.0820,0.9966
16.6580,123.63,1.3621,16.3115,-0.0922,4.3654,359.4002,1.9164,0.6900,1.0558,2.6927,-0.0104,-0.0761,0.9970
16.6780,123.63,1.3757,16.3324,-0.0383,4.0188,359.4291,2.0011,0.6803,1.0485,2.6961,-0.0099,-0.0701,0.9975
16.6980,123.63,1.3891,16.3533,0.0157,3.6666,359.4571,2.0824,0.6704,1.0410,2.6983,-0.0095,-0.0640,0.9979
16.7180,123.63,1.4023,16.3739,0.0697,3.3094,359.4842,2.1602,0.6604,1.0334,2.6992,-0.0090,-0.0577,0.9983
16.7380,123.63,1.4153,16.3945,0.1236,2.9479,359.5102,2.2347,0.6501,1.0257,2.6989,-0.0085,-0.0514,0.9986
16.7580,123.63,1.4281,16.4148,0.1776,2.5825,359.5352,2.3058,0.6398,1.0179,2.6973,-0.0081,-0.0451,0.9990
16.7780,123.63,1.4407,16.4350,0.2315,2.2139,359.5593,2.3736,0.6292,1.0099,2.6945,-0.0077,-0.0386,0.9992
16.7980,123.63,1.4531,16.4551,0.2853,1.8426,359.5824,2.4382,0.6186,1.0019,2.6904,-0.0073,-0.0322,0.9995
16.8180,123.63,1.4653,16.4749,0.3390,1.4692,359.6044,2.4996,0.6078,0.9936,2.6851,-0.0069,-0.0256,0.9996
16.8380,123.63,1.4772,16.4947,0.3925,1.0941,359.6255,2.5578,0.5969,0.9852,2.6785,-0.0065,-0.0191,0.9998
16.8580,123.63,1.4889,16.5142,0.4460,0.7179,359.6457,2.6129,0.5859,0.9767,2.6708,-0.0062,-0.0125,0.9999
16.8780,123.63,1.5004,16.5336,0.4992,0.3410,359.6649,2.6651,0.5748,0.9680,2.6618,-0.0058,-0.0060,1.0000
16.8980,123.63,1.5117,16.5527,0.5522,359.9638,359.6832,2.7142,0.5636,0.9591,2.6516,-0.0055,0.0006,1.0000
16.9180,123.63,1.5227,16.5717,0.6050,359.5869,359.7006,2.7605,0.5523,0.9501,2.6401,-0.0052,0.0072,1.0000
16.9380,123.63,1.5335,16.5906,0.6576,359.2107,359.7172,2.8038,0.5410,0.9408,2.6276,-0.0049,0.0138,0.9999
16.9580,123.63,1.5441,16.6092,0.7099,358.8354,359.7330,2.8444,0.5296,0.9314,2.6138,-0.0047,0.0203,0.9998
16.9780,123.63,1.5545,16.6276,0.7618,358.4616,359.7480,2.8823,0.5182,0.9218,2.5989,-0.0044,0.0268,0.9996
16.9980,123.63,1.5646,16.6459,0.8135,358.0897,359.7624,2.9175,0.5067,0.9120,2.5828,-0.0041,0.0333,0.9994
17.0180,123.63,1.5745,16.6639,0.8648,357.7198,359.7760,2.9500,0.4952,0.9020,2.5656,-0.0039,0.0398,0.9992
17.0380,123.63,1.5842,16.6818,0.9158,357.3526,359.7890,2.9800,0.4837,0.8919,2.5473,-0.0037,0.0462,0.9989
17.0580,123.63,1.5937,16.6994,0.9663,356.9881,359.8014,3.0075,0.4721,0.8815,2.5279,-0.0035,0.0525,0.9986
17.0780,123.63,1.6029,16.7168,1.0165,356.6268,359.8133,3.0326,0.4606,0.8710,2.5074,-0.0033,0.0588,0.9983
17.0980,123.63,1.6118,16.7341,1.0662,356.2690,359.8246,3.0553,0.4490,0.8603,2.4859,-0.0031,0.0651,0.9979
17.1180,123.63,1.6206,16.7510,1.1154,355.9149,359.8354,3.0757,0.4374,0.8494,2.4634,-0.0029,0.0712,0.9975
17.1380,123.63,1.6291,16.7678,1.1642,355.5649,359.8459,3.0937,0.4258,0.8383,2.4398,-0.0027,0.0773,0.9970
17.1580,123.63,1.6374,16.7844,1.2125,355.2191,359.8559,3.1096,0.4143,0.8270,2.4153,-0.0025,0.0833,0.9965
17.1780,123.63,1.6455,16.8007,1.2603,354.8779,359.8656,3.1233,0.4028,0.8155,2.3898,-0.0023,0.0893,0.9960
17.1980,123.63,1.6533,16.8168,1.3076,354.5414,359.8750,3.1349,0.3912,0.8039,2.3633,-0.0022,0.0951,0.9955
17.2180,120.79,1.6609,16.8326,1.3543,354.2099,359.8840,3.1444,0.3798,0.7921,2.3359,-0.0020,0.1009,0.9949
17.2380,120.79,1.6682,16.8482,1.4005,353.8835,359.8929,3.1520,0.3683,0.7802,2.3076,-0.0019,0.1065,0.9943
17.2580,120.79,1.6754,16.8636,1.4460,353.5626,359.9015,3.1575,0.3569,0.7681,2.2784,-0.0017,0.1121,0.9937
17.2780,120.79,1.6823,16.8787,1.4910,353.2473,359.9100,3.1612,0.3456,0.7558,2.2484,-0.0016,0.1176,0.9931
17.2980,120.79,1.6890,16.8936,1.5354,352.9376,359.9183,3.1630,0.3343,0.7434,2.2175,-0.0014,0.1229,0.9924
17.3180,120.79,1.6954,16.9082,1.5791,352.6339,359.9265,3.1630,0.3230,0.7308,2.1859,-0.0013,0.1282,0.9917
17.3380,120.79,1.7017,16.9226,1.6221,352.3362,359.9345,3.1612,0.3118,0.7181,2.1534,-0.0011,0.1334,0.9911
17.3580,120.79,1.7077,16.9367,1.6645,352.0448,359.9426,3.1578,0.3007,0.7053,2.1202,-0.0010,0.1384,0.9904
17.3780,120.79,1.7135,16.9505,1.7063,351.7596,359.9506,3.1526,0.2896,0.6924,2.0862,-0.0009,0.1433,0.9897
17.3980,120.79,1.7191,16.9641,1.7473,351.4810,359.9586,3.1459,0.2786,0.6793,2.0516,-0.0007,0.1481,0.9890
17.4180,120.79,1.7244,16.9774,1.7876,351.2088,359.9665,3.1375,0.2677,0.6662,2.0162,-0.0006,0.1528,0.9883
17.4380,120.79,1.7295,16.9905,1.8272,350.9434,359.9745,3.1277,0.2569,0.6529,1.9802,-0.0004,0.1574,0.9875
17.4580,120.79,1.7345,17.0033,1.8661,350.6847,359.9826,3.1163,0.2462,0.6395,1.9435,-0.0003,0.1619,0.9868
17.4780,120.79,1.7392,17.0158,1.9042,350.4328,359.9907,3.1035,0.2355,0.6261,1.9062,-0.0002,0.1662,0.9861
17.4980,120.79,1.7437,17.0281,1.9416,350.1879,-0.0012,3.0894,0.2249,0.6126,1.8683,0.0000,0.1704,0.9854
17.5180,120.79,1.7480,17.0400,1.9782,349.9499,0.0071,3.0738,0.2144,0.5990,1.8299,0.0001,0.1745,0.9847
17.5380,120.79,1.7520,17.0518,2.0140,349.7189,0.0154,3.0570,0.2040,0.5853,1.7909,0.0003,0.1785,0.9839
17.5580,120.79,1.7559,17.0632,2.0490,349.4951,0.0239,3.0389,0.1937,0.5716,1.7513,0.0004,0.1823,0.9832
17.5780,120.79,1.7596,17.0744,2.0833,349.2784,0.0324,3.0195,0.1836,0.5579,1.7113,0.0006,0.1860,0.9825
17.5980,120.79,1.7631,17.0852,2.1167,349.0688,0.0411,2.9990,0.1735,0.5441,1.6708,0.0007,0.1896,0.9819
17.6180,120.79,1.7663,17.0958,2.1493,348.8665,0.0498,2.9774,0.1635,0.5303,1.6298,0.0009,0.1931,0.9812
17.6380,120.79,1.7694,17.1062,2.1810,348.6713,0.0587,2.9546,0.1536,0.5164,1.5885,0.0010,0.1964,0.9805
17.6580,120.79,1.7723,17.1162,2.2120,348.4834,0.0678,2.9308,0.1438,0.5026,1.5467,0.0012,0.1997,0.9799
17.6780,120.79,1.7750,17.1260,2.2421,348.3028,0.0769,2.9059,0.1342,0.4887,1.5045,0.0013,0.2027,0.9792
17.6980,120.79,1.7775,17.1355,2.2713,348.1293,0.0861,2.8801,0.1246,0.4749,1.4619,0.0015,0.2057,0.9786
17.7180,120.79,1.7798,17.1447,2.2997,347.9631,0.0955,2.8534,0.1152,0.4611,1.4190,0.0016,0.2085,0.9780
17.7380,120.79,1.7819,17.1537,2.3272,347.8042,0.1050,2.8258,0.1059,0.4472,1.3758,0.0018,0.2113,0.9774
17.7580,120.79,1.7838,17.1623,2.3538,347.6524,0.1146,2.7973,0.0967,0.4334,1.3323,0.0020,0.2138,0.9769
17.7780,120.79,1.7856,17.1707,2.3796,347.5079,0.1243,2.7679,0.0876,0.4197,1.2885,0.0021,0.2163,0.9763
17.7980,120.79,1.7871,17.1788,2.4045,347.3705,0.1341,2.7378,0.0787,0.4060,1.2445,0.0023,0.2186,0.9758
17.8180,120.79,1.7885,17.1867,2.4285,347.2402,0.1440,2.7070,0.0698,0.3923,1.2002,0.0025,0.2209,0.9753
17.8380,120.79,1.7898,17.1943,2.4516,347.1170,0.1540,2.6755,0.0611,0.3787,1.1558,0.0026,0.2230,0.9748
17.8580,120.79,1.7908,17.2016,2.4738,347.0009,0.1640,2.6433,0.0525,0.3651,1.1111,0.0028,0.2249,0.9744
17.8780,120.79,1.7917,17.2086,2.4952,346.8918,0.1741,2.6104,0.0441,0.3517,1.0663,0.0030,0.2268,0.9739
17.8980,120.79,1.7924,17.2154,2.5156,346.7896,0.1843,2.5770,0.0358,0.3383,1.0213,0.0031,0.2285,0.9735
17.9180,120.79,1.7930,17.2219,2.5351,346.6944,0.1945,2.5430,0.0276,0.3250,0.9762,0.0033,0.2301,0.9732
17.9380,120.79,1.7933,17.2281,2.5537,346.6060,0.2047,2.5085,0.0195,0.3117,0.9309,0.0035,0.2316,0.9728
17.9580,120.79,1.7936,17.2341,2.5714,346.5244,0.2149,2.4735,0.0115,0.2986,0.8856,0.0036,0.2330,0.9725
17.9780,120.79,1.7937,17.2398,2.5883,346.4496,0.2252,2.4381,0.0037,0.2856,0.8403,0.0038,0.2343,0.9722
17.9980,120.79,1.7936,17.2452,2.6041,346.3814,0.2354,2.4023,-0.0040,0.2727,0.7948,0.0040,0.2355,0.9719
18.0180,120.79,1.7933,17.2504,2.6191,346.3198,0.2456,2.3660,-0.0115,0.2599,0.7494,0.0042,0.2365,0.9716
18.0380,120.79,1.7930,17.2554,2.6332,346.2646,0.2558,2.3294,-0.0189,0.2473,0.7039,0.0043,0.2374,0.9714
18.0580,120.79,1.7924,17.2601,2.6464,346.2160,0.2659,2.2925,-0.0262,0.2347,0.6584,0.0045,0.2383,0.9712
18.0780,120.79,1.7918,17.2645,2.6586,346.1737,0.2760,2.2553,-0.0334,0.2223,0.6130,0.0047,0.2390,0.9710
18.0980,120.79,1.7910,17.2687,2.6700,346.1376,0.2860,2.2179,-0.0404,0.2101,0.5676,0.0048,0.2396,0.9709
18.1180,120.79,1.7900,17.2727,2.6804,346.1078,0.2959,2.1802,-0.0473,0.1980,0.5223,0.0050,0.2401,0.9707
18.1380,120.79,1.7889,17.2764,2.6900,346.0841,0.3057,2.1423,-0.0540,0.1860,0.4770,0.0052,0.2405,0.9706
18.1580,120.79,1.7877,17.2799,2.6986,346.0664,0.3154,2.1043,-0.0606,0.1742,0.4319,0.0053,0.2408,0.9706
18.1780,120.79,1.7864,17.2832,2.7064,346.0546,0.3249,2.0661,-0.0671,0.1625,0.3868,0.0055,0.2410,0.9705
18.1980,120.79,1.7849,17.2862,2.7132,346.0486,0.3344,2.0278,-0.0735,0.1510,0.3419,0.0057,0.2411,0.9705
18.2180,116.48,1.7833,17.2890,2.7191,346.0484,0.3436,1.9894,-0.0797,0.1397,0.2971,0.0058,0.2411,0.9705
18.2380,116.48,1.7816,17.2915,2.7242,346.0538,0.3527,1.9510,-0.0858,0.1286,0.2525,0.0060,0.2410,0.9705
18.2580,116.48,1.7798,17.2939,2.7283,346.0648,0.3616,1.9125,-0.0917,0.1176,0.2081,0.0061,0.2408,0.9705
18.2780,116.48,1.7778,17.2960,2.7316,346.0812,0.3704,1.8740,-0.0976,0.1068,0.1638,0.0063,0.2405,0.9706
18.2980,116.48,1.7758,17.2980,2.7340,346.1030,0.3789,1.8355,-0.1032,0.0961,0.1198,0.0064,0.2402,0.9707
18.3180,116.48,1.7736,17.2997,2.7355,346.1300,0.3872,1.7970,-0.1088,0.0857,0.0760,0.0066,0.2397,0.9708
18.3380,116.48,1.7713,17.3012,2.7362,346.1622,0.3953,1.7586,-0.1142,0.0754,0.0324,0.0067,0.2392,0.9710
18.3580,116.48,1.7689,17.3025,2.7360,346.1994,0.4032,1.7203,-0.1195,0.0653,-0.0109,0.0068,0.2385,0.9711
18.3780,116.48,1.7664,17.3036,2.7349,346.2415,0.4108,1.6821,-0.1246,0.0554,-0.0540,0.0070,0.2378,0.9713
18.3980,116.48,1.7638,17.3045,2.7330,346.2885,0.4182,1.6440,-0.1297,0.0457,-0.0968,0.0071,0.2370,0.9715
18.4180,116.48,1.7611,17.3052,2.7302,346.3402,0.4253,1.6060,-0.1346,0.0362,-0.1393,0.0072,0.2362,0.9717
18.4380,116.48,1.7583,17.3058,2.7265,346.3965,0.4321,1.5681,-0.1393,0.0269,-0.1815,0.0073,0.2352,0.9719
18.4580,116.48,1.7555,17.3061,2.7221,346.4574,0.4387,1.5305,-0.1439,0.0178,-0.2233,0.0074,0.2342,0.9722
18.4780,116.48,1.7525,17.3063,2.7168,346.5226,0.4450,1.4930,-0.1484,0.0088,-0.2649,0.0076,0.2331,0.9724
18.4980,116.48,1.7494,17.3063,2.7107,346.5922,0.4510,1.4557,-0.1528,0.0001,-0.3060,0.0077,0.2319,0.9727
18.5180,116.48,1.7463,17.3061,2.7037,346.6659,0.4567,1.4187,-0.1570,-0.0084,-0.3468,0.0078,0.2306,0.9730
18.5380,116.48,1.7431,17.3058,2.6960,346.7437,0.4621,1.3819,-0.1611,-0.0168,-0.3873,0.0079,0.2293,0.9733
18.5580,116.48,1.7398,17.3053,2.6874,346.8254,0.4672,1.3453,-0.1651,-0.0249,-0.4273,0.0079,0.2279,0.9736
18.5780,116.48,1.7364,17.3046,2.6781,346.9111,0.4720,1.3090,-0.1689,-0.0329,-0.4670,0.0080,0.2265,0.9740
18.5980,116.48,1.7329,17.3038,2.6680,347.0005,0.4765,1.2729,-0.1726,-0.0406,-0.5062,0.0081,0.2249,0.9743
18.6180,116.48,1.7294,17.3029,2.6571,347.0935,0.4807,1.2372,-0.1762,-0.0482,-0.5450,0.0082,0.2234,0.9747
18.6380,116.48,1.7258,17.3018,2.6454,347.1900,0.4846,1.2017,-0.1797,-0.0555,-0.5834,0.0082,0.2217,0.9751
18.6580,116.48,1.7222,17.3005,2.6330,347.2900,0.4881,1.1666,-0.1830,-0.0627,-0.6214,0.0083,0.2200,0.9755
18.6780,116.48,1.7184,17.2991,2.6198,347.3933,0.4914,1.1317,-0.1863,-0.0697,-0.6589,0.0084,0.2183,0.9759
18.6980,116.48,1.7146,17.2976,2.6059,347.4998,0.4943,1.0972,-0.1893,-0.0764,-0.6959,0.0084,0.2164,0.9763
18.7180,116.48,1.7108,17.2959,2.5912,347.6094,0.4969,1.0631,-0.1923,-0.0830,-0.7324,0.0085,0.2146,0.9767
18.7380,116.48,1.7069,17.2941,2.5758,347.7220,0.4992,1.0292,-0.1952,-0.0894,-0.7685,0.0085,0.2127,0.9771
18.7580,116.48,1.7029,17.2922,2.5598,347.8374,0.5012,0.9958,-0.1979,-0.0956,-0.8041,0.0086,0.2107,0.9775
18.7780,116.48,1.6989,17.2902,2.5430,347.9556,0.5028,0.9627,-0.2005,-0.1016,-0.8392,0.0086,0.2087,0.9779
18.7980,116.48,1.6949,17.2880,2.5255,348.0765,0.5042,0.9299,-0.2030,-0.1074,-0.8738,0.0086,0.2066,0.9784
18.8180,116.48,1.6908,17.2858,2.5074,348.2000,0.5052,0.8976,-0.2054,-0.1131,-0.9078,0.0086,0.2045,0.9788
18.8380,116.48,1.6866,17.2834,2.4885,348.3259,0.5059,0.8656,-0.2076,-0.1185,-0.9414,0.0086,0.2023,0.9793
18.8580,116.48,1.6824,17.2809,2.4690,348.4542,0.5064,0.8340,-0.2098,-0.1238,-0.9744,0.0087,0.2002,0.9797
18.8780,116.48,1.6782,17.2784,2.4489,348.5847,0.5065,0.8028,-0.2118,-0.1289,-1.0069,0.0087,0.1979,0.9802
18.8980,116.48,1.6739,17.2757,2.4281,348.7173,0.5063,0.7720,-0.2138,-0.1338,-1.0389,0.0087,0.1956,0.9806
18.9180,116.48,1.6696,17.2729,2.4067,348.8521,0.5059,0.7416,-0.2156,-0.1386,-1.0703,0.0087,0.1933,0.9811
18.9380,116.48,1.6652,17.2700,2.3847,348.9887,0.5051,0.7116,-0.2173,-0.1432,-1.1011,0.0087,0.1910,0.9816
18.9580,116.48,1.6609,17.2671,2.3621,349.1272,0.5041,0.6820,-0.2189,-0.1476,-1.1314,0.0086,0.1886,0.9820
18.9780,116.48,1.6565,17.2641,2.3388,349.2675,0.5028,0.6528,-0.2204,-0.1518,-1.1612,0.0086,0.1862,0.9825
18.9980,116.48,1.6520,17.2609,2.3150,349.4094,0.5012,0.6240,-0.2218,-0.1559,-1.1904,0.0086,0.1838,0.9829
19.0180,116.48,1.6476,17.2577,2.2907,349.5529,0.4993,0.5957,-0.2231,-0.1598,-1.2190,0.0086,0.1813,0.9834
19.0380,116.48,1.6431,17.2545,2.2657,349.6978,0.4972,0.5678,-0.2243,-0.1636,-1.2470,0.0085,0.1788,0.9838
19.0580,116.48,1.6386,17.2511,2.2402,349.8441,0.4949,0.5403,-0.2254,-0.1672,-1.2745,0.0085,0.1763,0.9843
19.0780,116.48,1.6340,17.2477,2.2142,349.9917,0.4923,0.5132,-0.2263,-0.1707,-1.3014,0.0085,0.1738,0.9847
19.0980,116.48,1.6295,17.2442,2.1876,350.1404,0.4894,0.4865,-0.2272,-0.1740,-1.3277,0.0084,0.1712,0.9852
19.1180,116.48,1.6249,17.2407,2.1606,350.2903,0.4863,0.4603,-0.2280,-0.1772,-1.3535,0.0084,0.1687,0.9856
19.1380,116.48,1.6204,17.2371,2.1330,350.4412,0.4830,0.4345,-0.2288,-0.1802,-1.3786,0.0083,0.1661,0.9861
19.1580,116.48,1.6158,17.2334,2.1049,350.5930,0.4795,0.4091,-0.2294,-0.1831,-1.4032,0.0083,0.1634,0.9865
19.1780,116.48,1.6112,17.2297,2.0764,350.7456,0.4757,0.3842,-0.2299,-0.1859,-1.4272,0.0082,0.1608,0.9869
19.1980,116.48,1.6066,17.2259,2.0474,350.8990,0.4718,0.3597,-0.2304,-0.1885,-1.4506,0.0081,0.1582,0.9874
19.2180,114.83,1.6020,17.2221,2.0179,351.0530,0.4677,0.3356,-0.2307,-0.1910,-1.4735,0.0081,0.1555,0.9878
19.2380,114.83,1.5973,17.2183,1.9880,351.2076,0.4633,0.3119,-0.2310,-0.1934,-1.4957,0.0080,0.1529,0.9882
19.2580,114.83,1.5927,17.2144,1.9576,351.3628,0.4588,0.2887,-0.2312,-0.1956,-1.5174,0.0079,0.1502,0.9886
19.2780,114.83,1.5881,17.2104,1.9269,351.5183,0.4541,0.2659,-0.2313,-0.1978,-1.5384,0.0078,0.1475,0.9890
19.2980,114.83,1.5835,17.2064,1.8957,351.6743,0.4493,0.2436,-0.2313,-0.1998,-1.5589,0.0078,0.1448,0.9894
19.3180,114.83,1.5788,17.2024,1.8641,351.8305,0.4442,0.2216,-0.2313,-0.2017,-1.5788,0.0077,0.1421,0.9898
19.3380,114.83,1.5742,17.1983,1.8322,351.9869,0.4391,0.2001,-0.2311,-0.2035,-1.5981,0.0076,0.1394,0.9902
19.3580,114.83,1.5696,17.1942,1.7998,352.1434,0.4338,0.1790,-0.2310,-0.2052,-1.6169,0.0075,0.1367,0.9906
19.3780,114.83,1.5650,17.1901,1.7671,352.3000,0.4283,0.1584,-0.2307,-0.2068,-1.6350,0.0074,0.1340,0.9910
19.3980,114.83,1.5604,17.1859,1.7341,352.4567,0.4227,0.1381,-0.2303,-0.2083,-1.6526,0.0073,0.1313,0.9913
19.4180,114.83,1.5558,17.1817,1.7007,352.6132,0.4170,0.1183,-0.2299,-0.2097,-1.6696,0.0072,0.1286,0.9917
19.4380,114.83,1.5512,17.1775,1.6670,352.7696,0.4112,0.0989,-0.2295,-0.2110,-1.6861,0.0071,0.1259,0.9920
19.4580,114.83,1.5466,17.1732,1.6329,352.9257,0.4053,0.0799,-0.2289,-0.2122,-1.7019,0.0070,0.1232,0.9924
19.4780,114.83,1.5420,17.1690,1.5986,353.0816,0.3993,0.0614,-0.2283,-0.2133,-1.7172,0.0069,0.1205,0.9927
19.4980,114.83,1.5375,17.1647,1.5639,353.2372,0.3932,0.0432,-0.2276,-0.2144,-1.7320,0.0068,0.1178,0.9930
19.5180,114.83,1.5330,17.1604,1.5290,353.3924,0.3870,0.0255,-0.2269,-0.2153,-1.7461,0.0067,0.1151,0.9933
19.5380,114.83,1.5284,17.1561,1.4938,353.5471,0.3807,0.0081,-0.2261,-0.2162,-1.7598,0.0066,0.1124,0.9936
19.5580,114.83,1.5239,17.1517,1.4584,353.7014,0.3744,359.9912,-0.2253,-0.2170,-1.7728,0.0065,0.1097,0.9939
19.5780,114.83,1.5194,17.1474,1.4227,353.8550,0.3680,359.9747,-0.2244,-0.2177,-1.7853,0.0064,0.1070,0.9942
19.5980,114.83,1.5150,17.1430,1.3867,354.0081,0.3615,359.9586,-0.2234,-0.2184,-1.7973,0.0063,0.1044,0.9945
19.6180,114.83,1.5105,17.1386,1.3505,354.1605,0.3550,359.9428,-0.2224,-0.2190,-1.8087,0.0062,0.1017,0.9948
19.6380,114.83,1.5061,17.1342,1.3141,354.3121,0.3484,359.9275,-0.2214,-0.2195,-1.8196,0.0061,0.0991,0.9951
19.6580,114.83,1.5017,17.1298,1.2775,354.4630,0.3418,359.9126,-0.2203,-0.2200,-1.8300,0.0059,0.0965,0.9953
19.6780,114.83,1.4973,17.1254,1.2407,354.6131,0.3352,359.8980,-0.2191,-0.2204,-1.8398,0.0058,0.0939,0.9956
19.6980,114.83,1.4929,17.1210,1.2038,354.7623,0.3286,359.8839,-0.2179,-0.2208,-1.8491,0.0057,0.0913,0.9958
19.7180,114.83,1.4886,17.1166,1.1666,354.9106,0.3219,359.8701,-0.2167,-0.2211,-1.8579,0.0056,0.0887,0.9960
19.7380,114.83,1.4843,17.1122,1.1293,355.0580,0.3152,359.8567,-0.2154,-0.2214,-1.8662,0.0055,0.0861,0.9963
19.7580,114.83,1.4800,17.1077,1.0918,355.2043,0.3085,359.8437,-0.2141,-0.2216,-1.8740,0.0054,0.0836,0.9965
19.7780,114.83,1.4758,17.1033,1.0542,355.3497,0.3018,359.8310,-0.2127,-0.2217,-1.8813,0.0053,0.0811,0.9967
19.7980,114.83,1.4715,17.0989,1.0164,355.4940,0.2951,359.8187,-0.2113,-0.2218,-1.8880,0.0051,0.0786,0.9969
19.8180,114.83,1.4673,17.0944,0.9785,355.6371,0.2885,359.8068,-0.2098,-0.2219,-1.8943,0.0050,0.0761,0.9971
19.8380,114.83,1.4632,17.0900,0.9405,355.7791,0.2818,359.7952,-0.2084,-0.2219,-1.9001,0.0049,0.0736,0.9973
19.8580,114.83,1.4590,17.0855,0.9024,355.9199,0.2752,359.7840,-0.2069,-0.2219,-1.9055,0.0048,0.0712,0.9975
19.8780,114.83,1.4549,17.0811,0.8642,356.0595,0.2685,359.7732,-0.2053,-0.2219,-1.9103,0.0047,0.0687,0.9976
19.8980,114.83,1.4509,17.0767,0.8259,356.1979,0.2619,359.7627,-0.2037,-0.2218,-1.9147,0.0046,0.0663,0.9978
19.9180,114.83,1.4468,17.0722,0.7875,356.3349,0.2554,359.7526,-0.2021,-0.2217,-1.9186,0.0044,0.0639,0.9979
19.9380,114.83,1.4428,17.0678,0.7491,356.4707,0.2489,359.7427,-0.2005,-0.2216,-1.9221,0.0043,0.0616,0.9981
19.9580,114.83,1.4388,17.0634,0.7106,356.6051,0.2424,359.7333,-0.1989,-0.2214,-1.9251,0.0042,0.0592,0.9982
19.9780,114.83,1.4349,17.0590,0.6720,356.7382,0.2359,359.7242,-0.1972,-0.2212,-1.9277,0.0041,0.0569,0.9984
19.9980,114.83,1.4310,17.0545,0.6334,356.8699,0.2295,359.7153,-0.1955,-0.2210,-1.9299,0.0040,0.0546,0.9985
20.0180,114.83,1.4271,17.0501,0.5948,357.0001,0.2232,359.7068,-0.1937,-0.2207,-1.9316,0.0039,0.0523,0.9986
20.0380,114.83,1.4233,17.0457,0.5562,357.1290,0.2169,359.6987,-0.1920,-0.2205,-1.9329,0.0038,0.0501,0.9987
20.0580,114.83,1.4195,17.0413,0.5175,357.2563,0.2107,359.6909,-0.1902,-0.2202,-1.9337,0.0037,0.0479,0.9988
20.0780,114.83,1.4157,17.0369,0.4788,357.3822,0.2045,359.6833,-0.1884,-0.2199,-1.9342,0.0036,0.0457,0.9990
20.0980,114.83,1.4120,17.0325,0.4401,357.5066,0.1984,359.6761,-0.1866,-0.2195,-1.9343,0.0035,0.0435,0.9990
20.1180,114.83,1.4083,17.0282,0.4014,357.6295,0.1924,359.6692,-0.1848,-0.2192,-1.9340,0.0034,0.0414,0.9991
20.1380,114.83,1.4046,17.0238,0.3628,357.7508,0.1864,359.6625,-0.1830,-0.2188,-1.9332,0.0033,0.0392,0.9992
20.1580,114.83,1.4010,17.0194,0.3241,357.8705,0.1805,359.6562,-0.1811,-0.2185,-1.9321,0.0031,0.0372,0.9993
20.1780,114.83,1.3974,17.0150,0.2855,357.9888,0.1747,359.6502,-0.1793,-0.2181,-1.9307,0.0030,0.0351,0.9994
20.1980,114.83,1.3938,17.0107,0.2469,358.1054,0.1690,359.6444,-0.1774,-0.2177,-1.9288,0.0029,0.0331,0.9994
20.2180,114.83,1.3903,17.0063,0.2084,358.2204,0.1633,359.6389,-0.1755,-0.2173,-1.9266,0.0028,0.0311,0.9995
20.2380,118.24,1.3869,17.0020,0.1699,358.3339,0.1578,359.6338,-0.1736,-0.2169,-1.9241,0.0028,0.0291,0.9996
20.2580,118.24,1.3834,16.9977,0.1315,358.4457,0.1523,359.6288,-0.1717,-0.2165,-1.9212,0.0027,0.0271,0.9996
20.2780,118.24,1.3800,16.9934,0.0931,358.5558,0.1468,359.6242,-0.1698,-0.2160,-1.9179,0.0026,0.0252,0.9997
20.2980,118.24,1.3767,16.9891,0.0549,358.6644,0.1415,359.6198,-0.1678,-0.2156,-1.9143,0.0025,0.0233,0.9997
20.3180,118.24,1.3734,16.9847,0.0166,358.7713,0.1363,359.6156,-0.1659,-0.2151,-1.9104,0.0024,0.0214,0.9998
20.3380,118.24,1.3701,16.9805,-0.0215,358.8766,0.1311,359.6117,-0.1640,-0.2147,-1.9062,0.0023,0.0196,0.9998
20.3580,118.24,1.3668,16.9762,-0.0595,358.9802,0.1260,359.6081,-0.1620,-0.2142,-1.9016,0.0022,0.0178,0.9998
20.3780,118.24,1.3636,16.9719,-0.0974,359.0821,0.1211,359.6047,-0.1601,-0.2138,-1.8968,0.0021,0.0160,0.9999
20.3980,118.24,1.3605,16.9676,-0.1353,359.1824,0.1162,359.6015,-0.1582,-0.2133,-1.8916,0.0020,0.0143,0.9999
20.4180,118.24,1.3574,16.9634,-0.1730,359.2810,0.1114,359.5986,-0.1562,-0.2129,-1.8862,0.0019,0.0125,0.9999
20.4380,118.24,1.3543,16.9591,-0.2106,359.3779,0.1067,359.5959,-0.1543,-0.2124,-1.8805,0.0019,0.0109,0.9999
20.4580,118.24,1.3512,16.9549,-0.2481,359.4732,0.1021,359.5934,-0.1523,-0.2119,-1.8744,0.0018,0.0092,1.0000
20.4780,118.24,1.3482,16.9507,-0.2855,359.5668,0.0975,359.5911,-0.1504,-0.2115,-1.8681,0.0017,0.0076,1.0000
20.4980,118.24,1.3452,16.9464,-0.3227,359.6587,0.0931,359.5891,-0.1484,-0.2110,-1.8616,0.0016,0.0060,1.0000
20.5180,118.24,1.3423,16.9422,-0.3598,359.7489,0.0888,359.5872,-0.1465,-0.2105,-1.8548,0.0015,0.0044,1.0000
20.5380,118.24,1.3394,16.9380,-0.3967,359.8375,0.0845,359.5856,-0.1446,-0.2101,-1.8477,0.0015,0.0028,1.0000
20.5580,118.24,1.3366,16.9338,-0.4336,359.9244,0.0804,359.5842,-0.1426,-0.2096,-1.8404,0.0014,0.0013,1.0000
20.5780,118.24,1.3338,16.9296,-0.4702,0.0096,0.0763,359.5829,-0.1407,-0.2092,-1.8328,0.0013,-0.0002,1.0000
20.5980,118.24,1.3310,16.9255,-0.5067,0.0932,0.0724,359.5819,-0.1388,-0.2087,-1.8250,0.0013,-0.0016,1.0000
20.6180,118.24,1.3282,16.9213,-0.5430,0.1751,0.0685,359.5810,-0.1369,-0.2082,-1.8170,0.0012,-0.0031,1.0000
20.6380,118.24,1.3255,16.9172,-0.5792,0.2553,0.0647,359.5803,-0.1349,-0.2078,-1.8088,0.0011,-0.0045,1.0000
20.6580,118.24,1.3229,16.9130,-0.6152,0.3339,0.0610,359.5798,-0.1330,-0.2073,-1.8003,0.0011,-0.0058,1.0000
20.6780,118.24,1.3203,16.9089,-0.6511,0.4109,0.0574,359.5795,-0.1311,-0.2069,-1.7916,0.0010,-0.0072,1.0000
20.6980,118.24,1.3177,16.9047,-0.6867,0.4862,0.0539,359.5793,-0.1292,-0.2064,-1.7828,0.0009,-0.0085,1.0000
20.7180,118.24,1.3151,16.9006,-0.7222,0.5599,0.0505,359.5793,-0.1274,-0.2060,-1.7737,0.0009,-0.0098,1.0000
20.7380,118.24,1.3126,16.8965,-0.7575,0.6320,0.0471,359.5794,-0.1255,-0.2055,-1.7644,0.0008,-0.0110,0.9999
20.7580,118.24,1.3101,16.8924,-0.7926,0.7024,0.0439,359.5797,-0.1236,-0.2051,-1.7550,0.0008,-0.0123,0.9999
20.7780,118.24,1.3077,16.8883,-0.8275,0.7713,0.0407,359.5802,-0.1218,-0.2047,-1.7453,0.0007,-0.0135,0.9999
20.7980,118.24,1.3053,16.8842,-0.8622,0.8385,0.0377,359.5808,-0.1199,-0.2042,-1.7355,0.0007,-0.0146,0.9999
20.8180,118.24,1.3030,16.8802,-0.8967,0.9042,0.0347,359.5815,-0.1181,-0.2038,-1.7256,0.0006,-0.0158,0.9999
20.8380,118.24,1.3006,16.8761,-0.9310,0.9683,0.0318,359.5824,-0.1162,-0.2034,-1.7155,0.0006,-0.0169,0.9999
20.8580,118.24,1.2983,16.8720,-0.9651,1.0308,0.0289,359.5834,-0.1144,-0.2030,-1.7052,0.0005,-0.0180,0.9998
20.8780,118.24,1.2961,16.8680,-0.9990,1.0918,0.0262,359.5846,-0.1126,-0.2026,-1.6947,0.0005,-0.0191,0.9998
20.8980,118.24,1.2939,16.8639,-1.0327,1.1513,0.0235,359.5858,-0.1108,-0.2021,-1.6842,0.0004,-0.0201,0.9998
20.9180,118.24,1.2917,16.8599,-1.0662,1.2092,0.0209,359.5872,-0.1091,-0.2017,-1.6734,0.0004,-0.0211,0.9998
20.9380,118.24,1.2895,16.8559,-1.0994,1.2656,0.0184,359.5887,-0.1073,-0.2013,-1.6626,0.0003,-0.0221,0.9998
20.9580,118.24,1.2874,16.8519,-1.1325,1.3205,0.0160,359.5903,-0.1055,-0.2009,-1.6516,0.0003,-0.0230,0.9997
20.9780,118.24,1.2854,16.8478,-1.1653,1.3739,0.0136,359.5920,-0.1038,-0.2005,-1.6405,0.0002,-0.0240,0.9997
20.9980,118.24,1.2833,16.8438,-1.1978,1.4258,0.0113,359.5938,-0.1021,-0.2001,-1.6293,0.0002,-0.0249,0.9997
21.0180,118.24,1.2813,16.8399,-1.2302,1.4762,0.0091,359.5958,-0.1004,-0.1998,-1.6180,0.0002,-0.0258,0.9997
21.0380,118.24,1.2793,16.8359,-1.2623,1.5252,0.0069,359.5978,-0.0987,-0.1994,-1.6065,0.0001,-0.0266,0.9996
21.0580,118.24,1.2774,16.8319,-1.2942,1.5728,0.0049,359.5999,-0.0970,-0.1990,-1.5950,0.0001,-0.0274,0.9996
21.0780,118.24,1.2755,16.8279,-1.3259,1.6190,0.0029,359.6021,-0.0953,-0.1986,-1.5833,0.0000,-0.0283,0.9996
21.0980,118.24,1.2736,16.8239,-1.3573,1.6637,0.0009,359.6044,-0.0937,-0.1982,-1.5716,0.0000,-0.0290,0.9996
21.1180,118.24,1.2718,16.8200,-1.3885,1.7070,-0.0010,359.6068,-0.0920,-0.1979,-1.5598,0.0000,-0.0298,0.9996
21.1380,118.24,1.2700,16.8160,-1.4195,1.7490,-0.0028,359.6092,-0.0904,-0.1975,-1.5479,0.0000,-0.0305,0.9995
21.1580,118.24,1.2682,16.8121,-1.4502,1.7896,-0.0046,359.6117,-0.0888,-0.1971,-1.5359,-0.0001,-0.0312,0.9995
21.1780,118.24,1.2664,16.8082,-1.4807,1.8289,359.9937,359.6143,-0.0872,-0.1968,-1.5239,-0.0001,-0.0319,0.9995
21.1980,118.24,1.2647,16.8042,-1.5109,1.8668,359.9921,359.6170,-0.0856,-0.1964,-1.5117,-0.0001,-0.0326,0.9995
21.2180,118.24,1.2631,16.8003,-1.5409,1.9035,359.9905,359.6197,-0.0841,-0.1960,-1.4995,-0.0002,-0.0332,0.9994
21.2380,118.40,1.2614,16.7964,-1.5707,1.9388,359.9890,359.6225,-0.0825,-0.1957,-1.4873,-0.0002,-0.0338,0.9994
21.2580,118.40,1.2598,16.7925,-1.6002,1.9729,359.9875,359.6253,-0.0810,-0.1953,-1.4750,-0.0002,-0.0344,0.9994
21.2780,118.40,1.2582,16.7886,-1.6294,2.0056,359.9861,359.6283,-0.0795,-0.1950,-1.4626,-0.0002,-0.0350,0.9994
21.2980,118.40,1.2566,16.7847,-1.6584,2.0372,359.9847,359.6312,-0.0780,-0.1946,-1.4502,-0.0003,-0.0355,0.9994
21.3180,118.40,1.2551,16.7808,-1.6872,2.0675,359.9834,359.6342,-0.0765,-0.1943,-1.4378,-0.0003,-0.0361,0.9993
21.3380,118.40,1.2536,16.7769,-1.7157,2.0966,359.9821,359.6373,-0.0750,-0.1939,-1.4253,-0.0003,-0.0366,0.9993
21.3580,118.40,1.2521,16.7731,-1.7439,2.1245,359.9809,359.6404,-0.0736,-0.1936,-1.4128,-0.0003,-0.0371,0.9993
21.3780,118.40,1.2507,16.7692,-1.7719,2.1512,359.9797,359.6435,-0.0722,-0.1932,-1.4002,-0.0004,-0.0375,0.9993
21.3980,118.40,1.2493,16.7653,-1.7997,2.1768,359.9785,359.6467,-0.0707,-0.1929,-1.3877,-0.0004,-0.0380,0.9993
21.4180,118.40,1.2479,16.7615,-1.8272,2.2012,359.9774,359.6499,-0.0693,-0.1926,-1.3751,-0.0004,-0.0384,0.9993
21.4380,118.40,1.2465,16.7576,-1.8544,2.2245,359.9764,359.6532,-0.0680,-0.1922,-1.3624,-0.0004,-0.0388,0.9992
21.4580,118.40,1.2452,16.7538,-1.8814,2.2467,359.9754,359.6565,-0.0666,-0.1919,-1.3498,-0.0004,-0.0392,0.9992
21.4780,118.40,1.2439,16.7500,-1.9082,2.2678,359.9744,359.6598,-0.0652,-0.1915,-1.3371,-0.0004,-0.0396,0.9992
21.4980,118.40,1.2426,16.7462,-1.9347,2.2878,359.9734,359.6631,-0.0639,-0.1912,-1.3245,-0.0005,-0.0399,0.9992
21.5180,118.40,1.2414,16.7423,-1.9609,2.3067,359.9725,359.6665,-0.0626,-0.1909,-1.3118,-0.0005,-0.0402,0.9992
21.5380,118.40,1.2401,16.7385,-1.9869,2.3247,359.9716,359.6699,-0.0613,-0.1905,-1.2991,-0.0005,-0.0406,0.9992
21.5580,118.40,1.2389,16.7347,-2.0126,2.3416,359.9708,359.6733,-0.0600,-0.1902,-1.2865,-0.0005,-0.0409,0.9992
21.5780,118.40,1.2378,16.7309,-2.0381,2.3575,359.9700,359.6767,-0.0588,-0.1898,-1.2738,-0.0005,-0.0411,0.9992
21.5980,118.40,1.2366,16.7271,-2.0633,2.3724,359.9692,359.6802,-0.0575,-0.1895,-1.2611,-0.0005,-0.0414,0.9991
21.6180,118.40,1.2355,16.7234,-2.0883,2.3863,359.9684,359.6836,-0.0563,-0.1892,-1.2485,-0.0006,-0.0416,0.9991
21.6380,118.40,1.2344,16.7196,-2.1130,2.3993,359.9677,359.6871,-0.0550,-0.1888,-1.2358,-0.0006,-0.0419,0.9991
21.6580,118.40,1.2333,16.7158,-2.1375,2.4113,359.9670,359.6906,-0.0538,-0.1885,-1.2232,-0.0006,-0.0421,0.9991
21.6780,118.40,1.2322,16.7120,-2.1617,2.4225,359.9663,359.6941,-0.0527,-0.1881,-1.2106,-0.0006,-0.0423,0.9991
21.6980,118.40,1.2312,16.7083,-2.1856,2.4327,359.9657,359.6976,-0.0515,-0.1878,-1.1980,-0.0006,-0.0424,0.9991
21.7180,118.40,1.2302,16.7045,-2.2093,2.4420,359.9651,359.7011,-0.0503,-0.1875,-1.1855,-0.0006,-0.0426,0.9991
21.7380,118.40,1.2292,16.7008,-2.2328,2.4505,359.9644,359.7046,-0.0492,-0.1871,-1.1729,-0.0006,-0.0428,0.9991
21.7580,118.40,1.2283,16.6971,-2.2560,2.4581,359.9639,359.7081,-0.0481,-0.1868,-1.1604,-0.0006,-0.0429,0.9991
21.7780,118.40,1.2273,16.6933,-2.2790,2.4649,359.9633,359.7116,-0.0470,-0.1864,-1.1479,-0.0006,-0.0430,0.9991
21.7980,118.40,1.2264,16.6896,-2.3017,2.4709,359.9628,359.7151,-0.0459,-0.1861,-1.1355,-0.0006,-0.0431,0.9991
21.8180,118.40,1.2255,16.6859,-2.3241,2.4761,359.9622,359.7187,-0.0448,-0.1857,-1.1231,-0.0007,-0.0432,0.9991
21.8380,118.40,1.2246,16.6822,-2.3464,2.4805,359.9617,359.7222,-0.0438,-0.1854,-1.1107,-0.0007,-0.0433,0.9991
21.8580,118.40,1.2238,16.6785,-2.3683,2.4841,359.9612,359.7256,-0.0427,-0.1850,-1.0984,-0.0007,-0.0433,0.9991
21.8780,118.40,1.2229,16.6748,-2.3901,2.4870,359.9608,359.7292,-0.0417,-0.1846,-1.0861,-0.0007,-0.0434,0.9991
21.8980,118.40,1.2221,16.6711,-2.4115,2.4892,359.9603,359.7326,-0.0407,-0.1843,-1.0739,-0.0007,-0.0434,0.9991
21.9180,118.40,1.2213,16.6674,-2.4328,2.4906,359.9599,359.7361,-0.0397,-0.1839,-1.0617,-0.0007,-0.0435,0.9991
21.9380,118.40,1.2206,16.6638,-2.4538,2.4914,359.9594,359.7396,-0.0387,-0.1836,-1.0495,-0.0007,-0.0435,0.9991
21.9580,118.40,1.2198,16.6601,-2.4745,2.4914,359.9590,359.7430,-0.0378,-0.1832,-1.0374,-0.0007,-0.0435,0.9991
21.9780,118.40,1.2191,16.6564,-2.4950,2.4908,359.9586,359.7465,-0.0368,-0.1828,-1.0254,-0.0007,-0.0435,0.9991
21.9980,118.40,1.2184,16.6528,-2.5153,2.4895,359.9582,359.7499,-0.0359,-0.1824,-1.0134,-0.0007,-0.0434,0.9991
22.0180,118.40,1.2177,16.6492,-2.5353,2.4876,359.9578,359.7533,-0.0349,-0.1821,-1.0015,-0.0007,-0.0434,0.9991
22.0380,118.40,1.2170,16.6455,-2.5551,2.4851,359.9574,359.7567,-0.0340,-0.1817,-0.9896,-0.0007,-0.0434,0.9991
22.0580,118.40,1.2163,16.6419,-2.5747,2.4820,359.9571,359.7601,-0.0332,-0.1813,-0.9778,-0.0007,-0.0433,0.9991
22.0780,118.40,1.2157,16.6383,-2.5940,2.4783,359.9567,359.7635,-0.0323,-0.1809,-0.9660,-0.0008,-0.0432,0.9991
22.0980,118.40,1.2150,16.6347,-2.6131,2.4740,359.9563,359.7668,-0.0314,-0.1805,-0.9543,-0.0008,-0.0432,0.9991
22.1180,118.40,1.2144,16.6311,-2.6319,2.4691,359.9560,359.7702,-0.0306,-0.1801,-0.9427,-0.0008,-0.0431,0.9991
22.1380,118.40,1.2138,16.6275,-2.6505,2.4637,359.9557,359.7735,-0.0297,-0.1797,-0.9311,-0.0008,-0.0430,0.9991
22.1580,118.40,1.2133,16.6239,-2.6689,2.4578,359.9553,359.7768,-0.0289,-0.1793,-0.9196,-0.0008,-0.0429,0.9991
22.1780,118.40,1.2127,16.6203,-2.6871,2.4514,359.9550,359.7800,-0.0281,-0.1789,-0.9082,-0.0008,-0.0428,0.9991
22.1980,118.40,1.2121,16.6167,-2.7050,2.4444,359.9547,359.7833,-0.0273,-0.1785,-0.8968,-0.0008,-0.0427,0.9991
22.2180,118.40,1.2116,16.6132,-2.7227,2.4370,359.9543,359.7865,-0.0265,-0.1781,-0.8856,-0.0008,-0.0425,0.9991
22.2380,119.20,1.2111,16.6096,-2.7402,2.4291,359.9540,359.7897,-0.0258,-0.1777,-0.8743,-0.0008,-0.0424,0.9991
22.2580,119.20,1.2106,16.6061,-2.7575,2.4207,359.9537,359.7929,-0.0250,-0.1773,-0.8632,-0.0008,-0.0422,0.9991
22.2780,119.20,1.2101,16.6025,-2.7745,2.4119,359.9534,359.7961,-0.0243,-0.1769,-0.8521,-0.0008,-0.0421,0.9991
22.2980,119.20,1.2096,16.5990,-2.7914,2.4026,359.9532,359.7992,-0.0236,-0.1765,-0.8411,-0.0008,-0.0419,0.9991
22.3180,119.20,1.2092,16.5955,-2.8080,2.3930,359.9529,359.8023,-0.0228,-0.1760,-0.8302,-0.0008,-0.0418,0.9991
22.3380,119.20,1.2087,16.5920,-2.8243,2.3829,359.9525,359.8054,-0.0221,-0.1756,-0.8194,-0.0008,-0.0416,0.9991
22.3580,119.20,1.2083,16.5885,-2.8405,2.3724,359.9523,359.8084,-0.0215,-0.1752,-0.8086,-0.0008,-0.0414,0.9991
22.3780,119.20,1.2079,16.5850,-2.8565,2.3616,359.9520,359.8115,-0.0208,-0.1747,-0.7979,-0.0008,-0.0412,0.9992
22.3980,119.20,1.2075,16.5815,-2.8722,2.3504,359.9517,359.8145,-0.0201,-0.1743,-0.7873,-0.0008,-0.0410,0.9992
22.4180,119.20,1.2071,16.5780,-2.8878,2.3388,359.9514,359.8175,-0.0195,-0.1738,-0.7768,-0.0008,-0.0408,0.9992
22.4380,119.20,1.2067,16.5745,-2.9031,2.3269,359.9511,359.8204,-0.0188,-0.1734,-0.7663,-0.0009,-0.0406,0.9992
22.4580,119.20,1.2064,16.5711,-2.9182,2.3146,359.9509,359.8234,-0.0182,-0.1729,-0.7560,-0.0009,-0.0404,0.9992
22.4780,119.20,1.2060,16.5676,-2.9331,2.3021,359.9506,359.8263,-0.0176,-0.1725,-0.7457,-0.0009,-0.0402,0.9992
22.4980,119.20,1.2057,16.5642,-2.9478,2.2892,359.9503,359.8291,-0.0170,-0.1720,-0.7355,-0.0009,-0.0399,0.9992
22.5180,119.20,1.2054,16.5608,-2.9623,2.2760,359.9500,359.8320,-0.0164,-0.1716,-0.7254,-0.0009,-0.0397,0.9992
22.5380,119.20,1.2050,16.5573,-2.9766,2.2626,359.9498,359.8348,-0.0158,-0.1711,-0.7153,-0.0009,-0.0395,0.9992
22.5580,119.20,1.2047,16.5539,-2.9907,2.2488,359.9495,359.8376,-0.0152,-0.1706,-0.7054,-0.0009,-0.0392,0.9992
22.5780,119.20,1.2044,16.5505,-3.0047,2.2348,359.9492,359.8403,-0.0147,-0.1701,-0.6955,-0.0009,-0.0390,0.9992
22.5980,119.20,1.2042,16.5471,-3.0184,2.2206,359.9490,359.8431,-0.0141,-0.1697,-0.6858,-0.0009,-0.0387,0.9992
22.6180,119.20,1.2039,16.5437,-3.0319,2.2061,359.9487,359.8458,-0.0136,-0.1692,-0.6761,-0.0009,-0.0385,0.9993
22.6380,119.20,1.2036,16.5404,-3.0452,2.1914,359.9484,359.8484,-0.0131,-0.1687,-0.6665,-0.0009,-0.0382,0.9993
22.6580,119.20,1.2034,16.5370,-3.0584,2.1765,359.9482,359.8511,-0.0125,-0.1682,-0.6569,-0.0009,-0.0380,0.9993
22.6780,119.20,1.2031,16.5337,-3.0713,2.1613,359.9479,359.8537,-0.0120,-0.1677,-0.6475,-0.0009,-0.0377,0.9993
22.6980,119.20,1.2029,16.5303,-3.0841,2.1460,359.9477,359.8563,-0.0115,-0.1672,-0.6382,-0.0009,-0.0374,0.9993
22.7180,119.20,1.2027,16.5270,-3.0967,2.1304,359.9474,359.8589,-0.0111,-0.1667,-0.6289,-0.0009,-0.0372,0.9993
22.7380,119.20,1.2025,16.5237,-3.1091,2.1147,359.9471,359.8614,-0.0106,-0.1662,-0.6197,-0.0009,-0.0369,0.9993
22.7580,119.20,1.2023,16.5203,-3.1213,2.0988,359.9469,359.8639,-0.0101,-0.1657,-0.6107,-0.0009,-0.0366,0.9993
22.7780,119.20,1.2021,16.5170,-3.1333,2.0828,359.9466,359.8663,-0.0097,-0.1652,-0.6017,-0.0009,-0.0363,0.9993
22.7980,119.20,1.2019,16.5137,-3.1452,2.0666,359.9464,359.8688,-0.0092,-0.1647,-0.5928,-0.0009,-0.0361,0.9993
22.8180,119.20,1.2017,16.5105,-3.1568,2.0502,359.9461,359.8712,-0.0088,-0.1642,-0.5839,-0.0009,-0.0358,0.9994
22.8380,119.20,1.2015,16.5072,-3.1683,2.0338,359.9458,359.8736,-0.0083,-0.1636,-0.5752,-0.0009,-0.0355,0.9994
22.8580,119.20,1.2014,16.5039,-3.1797,2.0171,359.9456,359.8759,-0.0079,-0.1631,-0.5666,-0.0009,-0.0352,0.9994
22.8780,119.20,1.2012,16.5007,-3.1908,2.0004,359.9453,359.8782,-0.0075,-0.1626,-0.5580,-0.0010,-0.0349,0.9994
22.8980,119.20,1.2011,16.4974,-3.2018,1.9836,359.9451,359.8805,-0.0071,-0.1621,-0.5495,-0.0010,-0.0346,0.9994
22.9180,119.20,1.2010,16.4942,-3.2126,1.9666,359.9448,359.8828,-0.0067,-0.1615,-0.5412,-0.0010,-0.0343,0.9994
22.9380,119.20,1.2008,16.4910,-3.2233,1.9496,359.9446,359.8850,-0.0063,-0.1610,-0.5329,-0.0010,-0.0340,0.9994
22.9580,119.20,1.2007,16.4878,-3.2338,1.9325,359.9443,359.8872,-0.0060,-0.1604,-0.5247,-0.0010,-0.0337,0.9994
22.9780,119.20,1.2006,16.4846,-3.2441,1.9153,359.9441,359.8894,-0.0056,-0.1599,-0.5166,-0.0010,-0.0334,0.9994
22.9980,119.20,1.2005,16.4814,-3.2543,1.8980,359.9438,359.8916,-0.0052,-0.1593,-0.5085,-0.0010,-0.0331,0.9995
23.0180,119.20,1.2004,16.4782,-3.2643,1.8807,359.9436,359.8937,-0.0049,-0.1588,-0.5006,-0.0010,-0.0328,0.9995
23.0380,119.20,1.2003,16.4750,-3.2742,1.8633,359.9433,359.8958,-0.0045,-0.1582,-0.4927,-0.0010,-0.0325,0.9995
23.0580,119.20,1.2002,16.4719,-3.2839,1.8458,359.9431,359.8978,-0.0042,-0.1577,-0.4850,-0.0010,-0.0322,0.9995
23.0780,119.20,1.2001,16.4688,-3.2934,1.8283,359.9428,359.8999,-0.0039,-0.1571,-0.4773,-0.0010,-0.0319,0.9995
23.0980,119.20,1.2001,16.4656,-3.3028,1.8108,359.9426,359.9019,-0.0036,-0.1565,-0.4697,-0.0010,-0.0316,0.9995
23.1180,119.20,1.2000,16.4625,-3.3120,1.7932,359.9424,359.9039,-0.0033,-0.1560,-0.4622,-0.0010,-0.0313,0.9995
23.1380,119.20,1.1999,16.4594,-3.3211,1.7756,359.9421,359.9058,-0.0030,-0.1554,-0.4548,-0.0010,-0.0310,0.9995
23.1580,119.20,1.1999,16.4563,-3.3301,1.7580,359.9419,359.9077,-0.0027,-0.1548,-0.4474,-0.0010,-0.0307,0.9995
23.1780,119.20,1.1998,16.4532,-3.3389,1.7404,359.9417,359.9096,-0.0024,-0.1543,-0.4402,-0.0010,-0.0304,0.9995
23.1980,119.20,1.1998,16.4501,-3.3476,1.7228,359.9415,359.9115,-0.0021,-0.1537,-0.4330,-0.0010,-0.0301,0.9995
23.2180,119.20,1.1998,16.4471,-3.3561,1.7052,359.9412,359.9133,-0.0018,-0.1531,-0.4259,-0.0010,-0.0298,0.9996
23.2380,119.20,1.1997,16.4440,-3.3644,1.6875,359.9410,359.9152,-0.0015,-0.1525,-0.4189,-0.0010,-0.0294,0.9996
23.2580,118.53,1.1997,16.4410,-3.3727,1.6699,359.9408,359.9169,-0.0013,-0.1519,-0.4120,-0.0010,-0.0291,0.9996
23.2780,118.53,1.1997,16.4380,-3.3808,1.6523,359.9406,359.9187,-0.0010,-0.1513,-0.4052,-0.0010,-0.0288,0.9996
23.2980,118.53,1.1997,16.4349,-3.3888,1.6347,359.9403,359.9204,-0.0008,-0.1508,-0.3984,-0.0010,-0.0285,0.9996
23.3180,118.53,1.1997,16.4319,-3.3966,1.6172,359.9401,359.9221,-0.0005,-0.1502,-0.3918,-0.0010,-0.0282,0.9996
23.3380,118.53,1.1997,16.4290,-3.4043,1.5997,359.9399,359.9238,-0.0003,-0.1496,-0.3852,-0.0010,-0.0279,0.9996
23.3580,118.53,1.1997,16.4260,-3.4119,1.5822,359.9397,359.9255,-0.0001,-0.1490,-0.3787,-0.0011,-0.0276,0.9996
23.3780,118.53,1.1997,16.4230,-3.4193,1.5647,359.9395,359.9271,0.0002,-0.1484,-0.3722,-0.0011,-0.0273,0.9996
23.3980,118.53,1.1997,16.4201,-3.4266,1.5473,359.9393,359.9287,0.0004,-0.1478,-0.3659,-0.0011,-0.0270,0.9996
23.4180,118.53,1.1997,16.4171,-3.4338,1.5299,359.9391,359.9303,0.0006,-0.1472,-0.3596,-0.0011,-0.0267,0.9996
23.4380,118.53,1.1997,16.4142,-3.4409,1.5126,359.9389,359.9319,0.0008,-0.1465,-0.3535,-0.0011,-0.0264,0.9997
23.4580,118.53,1.1997,16.4113,-3.4478,1.4954,359.9388,359.9334,0.0010,-0.1459,-0.3474,-0.0011,-0.0261,0.9997
23.4780,118.53,1.1997,16.4084,-3.4547,1.4781,359.9386,359.9349,0.0012,-0.1453,-0.3413,-0.0011,-0.0258,0.9997
23.4980,118.53,1.1998,16.4055,-3.4614,1.4610,359.9384,359.9364,0.0014,-0.1447,-0.3354,-0.0011,-0.0255,0.9997
23.5180,118.53,1.1998,16.4026,-3.4680,1.4439,359.9382,359.9378,0.0016,-0.1441,-0.3295,-0.0011,-0.0252,0.9997
23.5380,118.53,1.1998,16.3997,-3.4744,1.4269,359.9380,359.9392,0.0018,-0.1435,-0.3237,-0.0011,-0.0249,0.9997
23.5580,118.53,1.1999,16.3968,-3.4808,1.4100,359.9378,359.9407,0.0019,-0.1429,-0.3180,-0.0011,-0.0246,0.9997
23.5780,118.53,1.1999,16.3940,-3.4871,1.3932,359.9377,359.9420,0.0021,-0.1422,-0.3124,-0.0011,-0.0243,0.9997
23.5980,118.53,1.2000,16.3912,-3.4932,1.3764,359.9375,359.9434,0.0023,-0.1416,-0.3068,-0.0011,-0.0240,0.9997
23.6180,118.53,1.2000,16.3884,-3.4992,1.3597,359.9373,359.9448,0.0024,-0.1410,-0.3013,-0.0011,-0.0237,0.9997
23.6380,118.53,1.2001,16.3855,-3.5051,1.3431,359.9372,359.9461,0.0026,-0.1404,-0.2959,-0.0011,-0.0234,0.9997
23.6580,118.53,1.2001,16.3827,-3.5109,1.3266,359.9370,359.9474,0.0027,-0.1397,-0.2906,-0.0011,-0.0232,0.9997
23.6780,118.53,1.2002,16.3800,-3.5167,1.3102,359.9369,359.9486,0.0029,-0.1391,-0.2853,-0.0011,-0.0229,0.9997
23.6980,118.53,1.2002,16.3772,-3.5223,1.2938,359.9368,359.9499,0.0030,-0.1385,-0.2801,-0.0011,-0.0226,0.9997
23.7180,118.53,1.2003,16.3744,-3.5278,1.2776,359.9366,359.9511,0.0032,-0.1379,-0.2750,-0.0011,-0.0223,0.9998
23.7380,118.53,1.2004,16.3717,-3.5332,1.2614,359.9365,359.9523,0.0033,-0.1372,-0.2699,-0.0011,-0.0220,0.9998
23.7580,118.53,1.2004,16.3690,-3.5385,1.2454,359.9363,359.9535,0.0034,-0.1366,-0.2650,-0.0011,-0.0217,0.9998
23.7780,118.53,1.2005,16.3662,-3.5437,1.2295,359.9362,359.9547,0.0036,-0.1360,-0.2600,-0.0011,-0.0215,0.9998
23.7980,118.53,1.2006,16.3635,-3.5488,1.2137,359.9361,359.9558,0.0037,-0.1353,-0.2552,-0.0011,-0.0212,0.9998
23.8180,118.53,1.2007,16.3608,-3.5538,1.1979,359.9360,359.9569,0.0038,-0.1347,-0.2504,-0.0011,-0.0209,0.9998
23.8380,118.53,1.2007,16.3582,-3.5587,1.1823,359.9359,359.9580,0.0039,-0.1341,-0.2457,-0.0011,-0.0206,0.9998
23.8580,118.53,1.2008,16.3555,-3.5635,1.1668,359.9358,359.9591,0.0040,-0.1334,-0.2411,-0.0011,-0.0204,0.9998
23.8780,118.53,1.2009,16.3528,-3.5682,1.1514,359.9357,359.9602,0.0041,-0.1328,-0.2365,-0.0011,-0.0201,0.9998
23.8980,118.53,1.2010,16.3502,-3.5729,1.1362,359.9355,359.9612,0.0042,-0.1321,-0.2320,-0.0011,-0.0198,0.9998
23.9180,118.53,1.2011,16.3476,-3.5774,1.1210,359.9355,359.9622,0.0043,-0.1315,-0.2276,-0.0011,-0.0196,0.9998
23.9380,118.53,1.2012,16.3449,-3.5819,1.1060,359.9354,359.9633,0.0044,-0.1309,-0.2232,-0.0011,-0.0193,0.9998
23.9580,118.53,1.2012,16.3423,-3.5863,1.0910,359.9353,359.9642,0.0045,-0.1302,-0.2189,-0.0011,-0.0190,0.9998
23.9780,118.53,1.2013,16.3398,-3.5906,1.0762,359.9352,359.9652,0.0046,-0.1296,-0.2147,-0.0011,-0.0188,0.9998
23.9980,118.53,1.2014,16.3372,-3.5948,1.0616,359.9351,359.9662,0.0047,-0.1289,-0.2105,-0.0011,-0.0185,0.9998
24.0180,118.53,1.2015,16.3346,-3.5989,1.0470,359.9351,359.9671,0.0048,-0.1283,-0.2064,-0.0011,-0.0183,0.9998
24.0380,118.53,1.2016,16.3321,-3.6029,1.0326,359.9350,359.9680,0.0048,-0.1276,-0.2023,-0.0011,-0.0180,0.9998
24.0580,118.53,1.2017,16.3295,-3.6069,1.0183,359.9349,359.9689,0.0049,-0.1270,-0.1983,-0.0011,-0.0178,0.9998
24.0780,118.53,1.2018,16.3270,-3.6108,1.0041,359.9349,359.9698,0.0050,-0.1264,-0.1944,-0.0011,-0.0175,0.9998
24.0980,118.53,1.2019,16.3245,-3.6146,0.9900,359.9348,359.9706,0.0051,-0.1257,-0.1905,-0.0011,-0.0173,0.9999
24.1180,118.53,1.2020,16.3220,-3.6183,0.9761,359.9348,359.9715,0.0051,-0.1251,-0.1867,-0.0011,-0.0170,0.9999
24.1380,118.53,1.2021,16.3195,-3.6220,0.9623,359.9347,359.9723,0.0052,-0.1244,-0.1829,-0.0011,-0.0168,0.9999
24.1580,118.53,1.2022,16.3170,-3.6256,0.9486,359.9347,359.9731,0.0053,-0.1238,-0.1792,-0.0011,-0.0166,0.9999
24.1780,118.53,1.2023,16.3145,-3.6291,0.9351,359.9346,359.9739,0.0053,-0.1231,-0.1756,-0.0011,-0.0163,0.9999
24.1980,118.53,1.2025,16.3121,-3.6325,0.9217,359.9346,359.9747,0.0054,-0.1225,-0.1720,-0.0011,-0.0161,0.9999
24.2180,118.53,1.2026,16.3097,-3.6359,0.9084,359.9346,359.9755,0.0054,-0.1218,-0.1685,-0.0011,-0.0159,0.9999
24.2380,118.53,1.2027,16.3072,-3.6392,0.8952,359.9346,359.9762,0.0055,-0.1212,-0.1650,-0.0011,-0.0156,0.9999
24.2580,119.97,1.2028,16.3048,-3.6424,0.8822,359.9345,359.9769,0.0055,-0.1205,-0.1616,-0.0011,-0.0154,0.9999
24.2780,119.97,1.2029,16.3024,-3.6456,0.8693,359.9345,359.9776,0.0056,-0.1199,-0.1582,-0.0011,-0.0152,0.9999
24.2980,119.97,1.2030,16.3000,-3.6487,0.8566,359.9345,359.9783,0.0056,-0.1193,-0.1549,-0.0011,-0.0149,0.9999
24.3180,119.97,1.2031,16.2977,-3.6517,0.8439,359.9345,359.9790,0.0057,-0.1186,-0.1516,-0.0011,-0.0147,0.9999
24.3380,119.97,1.2032,16.2953,-3.6547,0.8314,359.9345,359.9797,0.0057,-0.1180,-0.1484,-0.0011,-0.0145,0.9999
24.3580,119.97,1.2033,16.2930,-3.6576,0.8191,359.9345,359.9804,0.0057,-0.1173,-0.1453,-0.0011,-0.0143,0.9999
24.3780,119.97,1.2035,16.2906,-3.6604,0.8068,359.9345,359.9810,0.0058,-0.1167,-0.1422,-0.0011,-0.0141,0.9999
24.3980,119.97,1.2036,16.2883,-3.6632,0.7947,359.9345,359.9816,0.0058,-0.1160,-0.1391,-0.0011,-0.0139,0.9999
24.4180,119.97,1.2037,16.2860,-3.6659,0.7828,359.9345,359.9823,0.0058,-0.1154,-0.1361,-0.0011,-0.0137,0.9999
24.4380,119.97,1.2038,16.2837,-3.6686,0.7709,359.9346,359.9828,0.0059,-0.1147,-0.1331,-0.0011,-0.0135,0.9999
24.4580,119.97,1.2039,16.2814,-3.6712,0.7592,359.9346,359.9835,0.0059,-0.1141,-0.1302,-0.0011,-0.0133,0.9999
24.4780,119.97,1.2040,16.2792,-3.6738,0.7477,359.9346,359.9840,0.0059,-0.1135,-0.1274,-0.0011,-0.0130,0.9999
24.4980,119.97,1.2042,16.2769,-3.6763,0.7362,359.9346,359.9846,0.0059,-0.1128,-0.1246,-0.0011,-0.0128,0.9999
24.5180,119.97,1.2043,16.2747,-3.6787,0.7249,359.9347,359.9851,0.0059,-0.1122,-0.1218,-0.0011,-0.0127,0.9999
24.5380,119.97,1.2044,16.2724,-3.6811,0.7137,359.9347,359.9857,0.0060,-0.1115,-0.1191,-0.0011,-0.0125,0.9999
24.5580,119.97,1.2045,16.2702,-3.6834,0.7027,359.9348,359.9862,0.0060,-0.1109,-0.1164,-0.0011,-0.0123,0.9999
24.5780,119.97,1.2046,16.2680,-3.6857,0.6918,359.9348,359.9867,0.0060,-0.1102,-0.1138,-0.0011,-0.0121,0.9999
24.5980,119.97,1.2048,16.2658,-3.6879,0.6810,359.9348,359.9872,0.0060,-0.1096,-0.1112,-0.0011,-0.0119,0.9999
24.6180,119.97,1.2049,16.2636,-3.6901,0.6703,359.9349,359.9877,0.0060,-0.1090,-0.1086,-0.0011,-0.0117,0.9999
24.6380,119.97,1.2050,16.2615,-3.6922,0.6598,359.9350,359.9882,0.0060,-0.1083,-0.1061,-0.0011,-0.0115,0.9999
24.6580,119.97,1.2051,16.2593,-3.6943,0.6494,359.9350,359.9887,0.0061,-0.1077,-0.1037,-0.0011,-0.0113,0.9999
24.6780,119.97,1.2052,16.2572,-3.6963,0.6391,359.9351,359.9891,0.0061,-0.1071,-0.1013,-0.0011,-0.0112,0.9999
24.6980,119.97,1.2054,16.2550,-3.6983,0.6289,359.9352,359.9896,0.0061,-0.1064,-0.0989,-0.0011,-0.0110,0.9999
24.7180,119.97,1.2055,16.2529,-3.7002,0.6189,359.9352,359.9900,0.0061,-0.1058,-0.0966,-0.0011,-0.0108,0.9999
24.7380,119.97,1.2056,16.2508,-3.7021,0.6090,359.9353,359.9904,0.0061,-0.1052,-0.0943,-0.0011,-0.0106,0.9999
24.7580,119.97,1.2057,16.2487,-3.7039,0.5992,359.9354,359.9908,0.0061,-0.1045,-0.0920,-0.0011,-0.0105,0.9999
24.7780,119.97,1.2059,16.2467,-3.7057,0.5896,359.9355,359.9913,0.0061,-0.1039,-0.0898,-0.0011,-0.0103,0.9999
24.7980,119.97,1.2060,16.2446,-3.7075,0.5801,359.9355,359.9917,0.0061,-0.1033,-0.0877,-0.0011,-0.0101,0.9999
24.8180,119.97,1.2061,16.2425,-3.7092,0.5707,359.9356,359.9920,0.0061,-0.1026,-0.0855,-0.0011,-0.0100,0.9999
24.8380,119.97,1.2062,16.2405,-3.7109,0.5614,359.9357,359.9924,0.0061,-0.1020,-0.0834,-0.0011,-0.0098,1.0000
24.8580,119.97,1.2063,16.2385,-3.7125,0.5522,359.9358,359.9928,0.0061,-0.1014,-0.0814,-0.0011,-0.0096,1.0000
24.8780,119.97,1.2065,16.2365,-3.7141,0.5432,359.9359,359.9932,0.0061,-0.1008,-0.0793,-0.0011,-0.0095,1.0000
24.8980,119.97,1.2066,16.2344,-3.7156,0.5343,359.9360,359.9935,0.0061,-0.1001,-0.0773,-0.0011,-0.0093,1.0000
24.9180,119.97,1.2067,16.2325,-3.7171,0.5255,359.9361,359.9939,0.0061,-0.0995,-0.0754,-0.0011,-0.0092,1.0000
24.9380,119.97,1.2068,16.2305,-3.7186,0.5168,359.9362,359.9942,0.0061,-0.0989,-0.0735,-0.0011,-0.0090,1.0000
24.9580,119.97,1.2069,16.2285,-3.7200,0.5083,359.9363,-0.0055,0.0061,-0.0983,-0.0716,-0.0011,-0.0089,1.0000
24.9780,119.97,1.2071,16.2266,-3.7214,0.4998,359.9364,-0.0052,0.0060,-0.0977,-0.0697,-0.0011,-0.0087,1.0000
24.9980,119.97,1.2072,16.2246,-3.7228,0.4915,359.9365,-0.0049,0.0060,-0.0971,-0.0679,-0.0011,-0.0086,1.0000
25.0180,119.97,1.2073,16.2227,-3.7241,0.4833,359.9366,-0.0046,0.0060,-0.0964,-0.0661,-0.0011,-0.0084,1.0000
25.0380,119.97,1.2074,16.2208,-3.7254,0.4752,359.9367,-0.0043,0.0060,-0.0958,-0.0644,-0.0011,-0.0083,1.0000
25.0580,119.97,1.2075,16.2189,-3.7266,0.4672,359.9368,-0.0040,0.0060,-0.0952,-0.0627,-0.0011,-0.0082,1.0000
25.0780,119.97,1.2077,16.2170,-3.7279,0.4593,359.9369,-0.0037,0.0060,-0.0946,-0.0610,-0.0011,-0.0080,1.0000
25.0980,119.97,1.2078,16.2151,-3.7291,0.4515,359.9370,-0.0034,0.0060,-0.0940,-0.0593,-0.0011,-0.0079,1.0000
25.1180,119.97,1.2079,16.2132,-3.7302,0.4439,359.9372,-0.0032,0.0060,-0.0934,-0.0577,-0.0011,-0.0077,1.0000
25.1380,119.97,1.2080,16.2114,-3.7313,0.4363,359.9373,-0.0029,0.0059,-0.0928,-0.0561,-0.0011,-0.0076,1.0000
25.1580,119.97,1.2081,16.2095,-3.7324,0.4289,359.9374,-0.0027,0.0059,-0.0922,-0.0545,-0.0011,-0.0075,1.0000
25.1780,119.97,1.2083,16.2077,-3.7335,0.4216,359.9375,-0.0024,0.0059,-0.0916,-0.0530,-0.0011,-0.0074,1.0000
25.1980,119.97,1.2084,16.2059,-3.7345,0.4143,359.9377,-0.0022,0.0059,-0.0910,-0.0515,-0.0011,-0.0072,1.0000
25.2180,119.97,1.2085,16.2041,-3.7355,0.4072,359.9378,-0.0019,0.0059,-0.0904,-0.0500,-0.0011,-0.0071,1.0000
25.2380,119.97,1.2086,16.2023,-3.7365,0.4002,359.9379,-0.0017,0.0059,-0.0898,-0.0486,-0.0011,-0.0070,1.0000
25.2580,125.68,1.2087,16.2005,-3.7374,0.3933,359.9380,-0.0015,0.0058,-0.0892,-0.0471,-0.0011,-0.0069,1.0000
25.2780,125.68,1.2088,16.1987,-3.7383,0.3865,359.9381,-0.0013,0.0058,-0.0886,-0.0457,-0.0011,-0.0067,1.0000
25.2980,125.68,1.2090,16.1970,-3.7392,0.3798,359.9383,-0.0011,0.0058,-0.0880,-0.0444,-0.0011,-0.0066,1.0000
25.3180,125.68,1.2091,16.1952,-3.7401,0.3731,359.9384,-0.0009,0.0058,-0.0874,-0.0430,-0.0011,-0.0065,1.0000
25.3380,125.68,1.2092,16.1935,-3.7409,0.3666,359.9385,-0.0007,0.0058,-0.0868,-0.0417,-0.0011,-0.0064,1.0000
25.3580,125.68,1.2093,16.1918,-3.7417,0.3602,359.9387,-0.0005,0.0057,-0.0862,-0.0404,-0.0011,-0.0063,1.0000
25.3780,125.68,1.2094,16.1900,-3.7425,0.3539,359.9388,-0.0003,0.0057,-0.0856,-0.0391,-0.0011,-0.0062,1.0000
25.3980,125.68,1.2095,16.1883,-3.7433,0.3477,359.9389,-0.0001,0.0057,-0.0851,-0.0379,-0.0011,-0.0061,1.0000
25.4180,125.68,1.2096,16.1866,-3.7440,0.3415,359.9391,0.0000,0.0057,-0.0845,-0.0367,-0.0011,-0.0060,1.0000
25.4380,125.68,1.2098,16.1850,-3.7447,0.3355,359.9392,0.0002,0.0056,-0.0839,-0.0355,-0.0011,-0.0059,1.0000
25.4580,125.68,1.2099,16.1833,-3.7454,0.3296,359.9394,0.0004,0.0056,-0.0833,-0.0343,-0.0011,-0.0058,1.0000
25.4780,125.68,1.2100,16.1816,-3.7461,0.3237,359.9395,0.0005,0.0056,-0.0828,-0.0332,-0.0011,-0.0056,1.0000
25.4980,125.68,1.2101,16.1800,-3.7467,0.3179,359.9396,0.0007,0.0056,-0.0822,-0.0320,-0.0011,-0.0055,1.0000
25.5180,125.68,1.2102,16.1784,-3.7473,0.3123,359.9398,0.0008,0.0055,-0.0816,-0.0309,-0.0011,-0.0055,1.0000
25.5380,125.68,1.2103,16.1767,-3.7479,0.3067,359.9399,0.0010,0.0055,-0.0810,-0.0298,-0.0010,-0.0054,1.0000
25.5580,125.68,1.2104,16.1751,-3.7485,0.3012,359.9400,0.0011,0.0055,-0.0805,-0.0288,-0.0010,-0.0053,1.0000
25.5780,125.68,1.2105,16.1735,-3.7490,0.2958,359.9402,0.0013,0.0055,-0.0799,-0.0277,-0.0010,-0.0052,1.0000
25.5980,125.68,1.2106,16.1720,-3.7496,0.2905,359.9403,0.0014,0.0054,-0.0793,-0.0267,-0.0010,-0.0051,1.0000
25.6180,125.68,1.2108,16.1704,-3.7501,0.2852,359.9405,0.0015,0.0054,-0.0788,-0.0257,-0.0010,-0.0050,1.0000
25.6380,125.68,1.2109,16.1688,-3.7506,0.2801,359.9406,0.0016,0.0054,-0.0782,-0.0247,-0.0010,-0.0049,1.0000
25.6580,125.68,1.2110,16.1673,-3.7511,0.2750,359.9407,0.0018,0.0054,-0.0777,-0.0238,-0.0010,-0.0048,1.0000
25.6780,125.68,1.2111,16.1657,-3.7515,0.2700,359.9409,0.0019,0.0053,-0.0771,-0.0228,-0.0010,-0.0047,1.0000
25.6980,125.68,1.2112,16.1642,-3.7520,0.2651,359.9410,0.0020,0.0053,-0.0766,-0.0219,-0.0010,-0.0046,1.0000
25.7180,125.68,1.2113,16.1627,-3.7524,0.2602,359.9412,0.0021,0.0053,-0.0760,-0.0210,-0.0010,-0.0045,1.0000
25.7380,125.68,1.2114,16.1612,-3.7528,0.2555,359.9413,0.0022,0.0053,-0.0755,-0.0201,-0.0010,-0.0045,1.0000
25.7580,125.68,1.2115,16.1597,-3.7532,0.2508,359.9414,0.0023,0.0052,-0.0749,-0.0193,-0.0010,-0.0044,1.0000
25.7780,125.68,1.2116,16.1582,-3.7535,0.2462,359.9416,0.0024,0.0052,-0.0744,-0.0184,-0.0010,-0.0043,1.0000
25.7980,125.68,1.2117,16.1567,-3.7539,0.2416,359.9417,0.0025,0.0052,-0.0738,-0.0176,-0.0010,-0.0042,1.0000
25.8180,125.68,1.2118,16.1552,-3.7542,0.2372,359.9419,0.0026,0.0051,-0.0733,-0.0168,-0.0010,-0.0041,1.0000
25.8380,125.68,1.2119,16.1538,-3.7545,0.2328,359.9420,0.0027,0.0051,-0.0728,-0.0160,-0.0010,-0.0041,1.0000
25.8580,125.68,1.2120,16.1523,-3.7548,0.2285,359.9421,0.0028,0.0051,-0.0722,-0.0152,-0.0010,-0.0040,1.0000
25.8780,125.68,1.2121,16.1509,-3.7551,0.2242,359.9423,0.0029,0.0051,-0.0717,-0.0144,-0.0010,-0.0039,1.0000
25.8980,125.68,1.2122,16.1495,-3.7554,0.2201,359.9424,0.0030,0.0050,-0.0712,-0.0137,-0.0010,-0.0038,1.0000
25.9180,125.68,1.2123,16.1481,-3.7557,0.2160,359.9426,0.0030,0.0050,-0.0706,-0.0129,-0.0010,-0.0038,1.0000
25.9380,125.68,1.2124,16.1467,-3.7559,0.2119,359.9427,0.0031,0.0050,-0.0701,-0.0122,-0.0010,-0.0037,1.0000
25.9580,125.68,1.2125,16.1453,-3.7561,0.2079,359.9428,0.0032,0.0049,-0.0696,-0.0115,-0.0010,-0.0036,1.0000
25.9780,125.68,1.2126,16.1439,-3.7564,0.2040,359.9430,0.0033,0.0049,-0.0691,-0.0108,-0.0010,-0.0036,1.0000
25.9980,125.68,1.2127,16.1425,-3.7566,0.2002,359.9431,0.0033,0.0049,-0.0685,-0.0102,-0.0010,-0.0035,1.0000
26.0180,125.68,1.2128,16.1412,-3.7568,0.1964,359.9432,0.0034,0.0048,-0.0680,-0.0095,-0.0010,-0.0034,1.0000
26.0380,125.68,1.2129,16.1398,-3.7569,0.1927,359.9434,0.0035,0.0048,-0.0675,-0.0089,-0.0010,-0.0034,1.0000
26.0580,125.68,1.2130,16.1385,-3.7571,0.1891,359.9435,0.0035,0.0048,-0.0670,-0.0082,-0.0010,-0.0033,1.0000
26.0780,125.68,1.2131,16.1371,-3.7572,0.1855,359.9436,0.0036,0.0048,-0.0665,-0.0076,-0.0010,-0.0032,1.0000
26.0980,125.68,1.2132,16.1358,-3.7574,0.1819,359.9438,0.0036,0.0047,-0.0660,-0.0070,-0.0010,-0.0032,1.0000
26.1180,125.68,1.2133,16.1345,-3.7575,0.1785,359.9439,0.0037,0.0047,-0.0655,-0.0064,-0.0010,-0.0031,1.0000
26.1380,125.68,1.2134,16.1332,-3.7576,0.1751,359.9440,0.0038,0.0047,-0.0650,-0.0059,-0.0010,-0.0031,1.0000
26.1580,125.68,1.2135,16.1319,-3.7577,0.1717,359.9442,0.0038,0.0046,-0.0645,-0.0053,-0.0010,-0.0030,1.0000
26.1780,125.68,1.2136,16.1306,-3.7578,0.1684,359.9443,0.0039,0.0046,-0.0640,-0.0047,-0.0010,-0.0029,1.0000
26.1980,125.68,1.2137,16.1294,-3.7579,0.1652,359.9444,0.0039,0.0046,-0.0635,-0.0042,-0.0010,-0.0029,1.0000
26.2180,125.68,1.2137,16.1281,-3.7580,0.1620,359.9445,0.0039,0.0045,-0.0630,-0.0037,-0.0010,-0.0028,1.0000
26.2380,125.68,1.2138,16.1269,-3.7581,0.1588,359.9447,0.0040,0.0045,-0.0625,-0.0032,-0.0010,-0.0028,1.0000
26.2580,124.97,1.2139,16.1256,-3.7581,0.1558,359.9448,0.0040,0.0045,-0.0620,-0.0027,-0.0010,-0.0027,1.0000
26.2780,124.97,1.2140,16.1244,-3.7581,0.1527,359.9449,0.0041,0.0045,-0.0615,-0.0022,-0.0010,-0.0027,1.0000
26.2980,124.97,1.2141,16.1232,-3.7582,0.1498,359.9450,0.0041,0.0044,-0.0610,-0.0017,-0.0010,-0.0026,1.0000
26.3180,124.97,1.2142,16.1220,-3.7582,0.1449,0.0031,0.0146,0.0059,-0.0606,-0.0009,0.0001,-0.0025,1.0000
26.3380,124.97,1.2144,16.1208,-3.7582,0.1383,0.1117,0.0339,0.0071,-0.0601,-0.0001,0.0019,-0.0024,1.0000
26.3580,124.97,1.2145,16.1196,-3.7582,0.1320,0.2154,0.0518,0.0068,-0.0596,0.0003,0.0038,-0.0023,1.0000
26.3780,124.97,1.2146,16.1184,-3.7582,0.1261,0.3144,0.0680,0.0063,-0.0591,0.0006,0.0055,-0.0022,1.0000
26.3980,124.97,1.2147,16.1172,-3.7582,0.1204,0.4089,0.0826,0.0058,-0.0587,0.0009,0.0071,-0.0021,1.0000
26.4180,124.97,1.2148,16.1160,-3.7581,0.1151,0.4988,0.0958,0.0052,-0.0582,0.0013,0.0087,-0.0020,1.0000
26.4380,124.97,1.2149,16.1149,-3.7581,0.1101,0.5844,0.1075,0.0047,-0.0577,0.0015,0.0102,-0.0019,0.9999
26.4580,124.97,1.2150,16.1137,-3.7581,0.1055,0.6657,0.1179,0.0041,-0.0572,0.0018,0.0116,-0.0018,0.9999
26.4780,124.97,1.2151,16.1126,-3.7580,0.1011,0.7428,0.1269,0.0035,-0.0568,0.0021,0.0130,-0.0018,0.9999
26.4980,124.97,1.2151,16.1115,-3.7580,0.0970,0.8158,0.1348,0.0028,-0.0563,0.0024,0.0142,-0.0017,0.9999
26.5180,124.97,1.2152,16.1104,-3.7579,0.0931,0.8848,0.1415,0.0022,-0.0558,0.0026,0.0154,-0.0016,0.9999
26.5380,124.97,1.2152,16.1093,-3.7579,0.0896,0.9500,0.1472,0.0016,-0.0554,0.0029,0.0166,-0.0016,0.9999
26.5580,124.97,1.2152,16.1082,-3.7578,0.0862,1.0114,0.1518,0.0010,-0.0549,0.0031,0.0177,-0.0015,0.9998
26.5780,124.97,1.2152,16.1071,-3.7577,0.0832,1.0692,0.1555,0.0003,-0.0545,0.0033,0.0187,-0.0015,0.9998
26.5980,124.97,1.2152,16.1060,-3.7577,0.0803,1.1234,0.1583,-0.0003,-0.0540,0.0035,0.0196,-0.0014,0.9998
26.6180,124.97,1.2152,16.1049,-3.7576,0.0777,1.1741,0.1603,-0.0010,-0.0536,0.0038,0.0205,-0.0014,0.9998
26.6380,124.97,1.2152,16.1039,-3.7575,0.0753,1.2215,0.1615,-0.0016,-0.0531,0.0040,0.0213,-0.0013,0.9998
26.6580,124.97,1.2151,16.1028,-3.7574,0.0730,1.2656,0.1619,-0.0022,-0.0527,0.0042,0.0221,-0.0013,0.9998
26.6780,124.97,1.2151,16.1018,-3.7573,0.0710,1.3065,0.1617,-0.0028,-0.0522,0.0044,0.0228,-0.0012,0.9997
26.6980,124.97,1.2150,16.1007,-3.7573,0.0691,1.3444,0.1608,-0.0034,-0.0518,0.0045,0.0235,-0.0012,0.9997
26.7180,124.97,1.2149,16.0997,-3.7572,0.0674,1.3793,0.1594,-0.0040,-0.0513,0.0047,0.0241,-0.0012,0.9997
26.7380,124.97,1.2148,16.0987,-3.7571,0.0659,1.4113,0.1574,-0.0045,-0.0509,0.0049,0.0246,-0.0012,0.9997
26.7580,124.97,1.2147,16.0977,-3.7570,0.0645,1.4405,0.1549,-0.0051,-0.0505,0.0051,0.0251,-0.0011,0.9997
26.7780,124.97,1.2146,16.0967,-3.7569,0.0632,1.4670,0.1520,-0.0056,-0.0500,0.0053,0.0256,-0.0011,0.9997
26.7980,124.97,1.2145,16.0957,-3.7567,0.0621,1.4909,0.1486,-0.0061,-0.0496,0.0054,0.0260,-0.0011,0.9997
26.8180,124.97,1.2144,16.0947,-3.7566,0.0611,1.5123,0.1449,-0.0066,-0.0492,0.0056,0.0264,-0.0011,0.9997
26.8380,124.97,1.2142,16.0937,-3.7565,0.0602,1.5313,0.1408,-0.0071,-0.0488,0.0058,0.0267,-0.0011,0.9996
26.8580,124.97,1.2141,16.0928,-3.7564,0.0594,1.5479,0.1364,-0.0076,-0.0483,0.0059,0.0270,-0.0010,0.9996
26.8780,124.97,1.2139,16.0918,-3.7563,0.0587,1.5623,0.1318,-0.0080,-0.0479,0.0061,0.0273,-0.0010,0.9996
26.8980,124.97,1.2137,16.0908,-3.7562,0.0602,1.5168,0.1166,-0.0099,-0.0475,0.0059,0.0265,-0.0011,0.9996
26.9180,124.97,1.2135,16.0899,-3.7560,0.0636,1.4193,0.0926,-0.0115,-0.0471,0.0058,0.0248,-0.0011,0.9997
26.9380,124.97,1.2132,16.0890,-3.7559,0.0685,1.2766,0.0613,-0.0128,-0.0466,0.0058,0.0223,-0.0012,0.9998
26.9580,124.97,1.2130,16.0880,-3.7558,0.0745,1.0946,0.0240,-0.0137,-0.0462,0.0057,0.0191,-0.0013,0.9998
26.9780,124.97,1.2127,16.0871,-3.7557,0.0813,0.8784,359.9821,-0.0144,-0.0458,0.0058,0.0153,-0.0014,0.9999
26.9980,124.97,1.2124,16.0862,-3.7556,0.0886,0.6326,359.9366,-0.0147,-0.0454,0.0059,0.0110,-0.0015,0.9999
27.0180,124.97,1.2121,16.0853,-3.7555,0.0961,0.3609,359.8882,-0.0147,-0.0450,0.0060,0.0063,-0.0017,1.0000
27.0380,124.97,1.2118,16.0844,-3.7553,0.1038,0.0668,359.8379,-0.0144,-0.0446,0.0062,0.0012,-0.0018,1.0000
27.0580,124.97,1.2115,16.0835,-3.7552,0.1105,359.7857,359.7920,-0.0130,-0.0442,0.0066,-0.0037,-0.0019,1.0000
27.0780,124.97,1.2113,16.0827,-3.7551,0.1163,359.5173,359.7505,-0.0115,-0.0438,0.0071,-0.0084,-0.0020,1.0000
27.0980,124.97,1.2111,16.0818,-3.7549,0.1212,359.2613,359.7132,-0.0100,-0.0434,0.0076,-0.0129,-0.0021,0.9999
27.1180,124.97,1.2109,16.0809,-3.7548,0.1254,359.0175,359.6800,-0.0083,-0.0431,0.0080,-0.0171,-0.0022,0.9999
27.1380,124.97,1.2108,16.0801,-3.7546,0.1288,358.7855,359.6505,-0.0066,-0.0427,0.0085,-0.0212,-0.0022,0.9998
27.1580,124.97,1.2107,16.0792,-3.7544,0.1316,358.5652,359.6246,-0.0049,-0.0423,0.0091,-0.0250,-0.0023,0.9997
27.1780,124.97,1.2107,16.0784,-3.7542,0.1339,358.3561,359.6022,-0.0031,-0.0420,0.0096,-0.0287,-0.0023,0.9996
27.1980,124.97,1.2106,16.0776,-3.7540,0.1356,358.1581,359.5830,-0.0013,-0.0416,0.0101,-0.0321,-0.0024,0.9995
27.2180,124.97,1.2106,16.0767,-3.7538,0.1368,357.9709,359.5668,0.0006,-0.0412,0.0107,-0.0354,-0.0024,0.9994
27.2380,124.97,1.2107,16.0759,-3.7536,0.1376,357.7940,359.5536,0.0024,-0.0409,0.0112,-0.0385,-0.0024,0.9993
27.2580,122.40,1.2108,16.0751,-3.7533,0.1380,357.6274,359.5430,0.0042,-0.0405,0.0117,-0.0414,-0.0024,0.9991
27.2780,122.40,1.2109,16.0743,-3.7531,0.1380,357.4708,359.5350,0.0061,-0.0402,0.0123,-0.0441,-0.0024,0.9990
27.2980,122.40,1.2110,16.0735,-3.7528,0.1387,357.2765,359.5210,0.0067,-0.0398,0.0125,-0.0475,-0.0024,0.9989
27.3180,122.40,1.2112,16.0727,-3.7526,0.1398,357.0496,359.5017,0.0074,-0.0394,0.0128,-0.0515,-0.0024,0.9987
27.3380,122.40,1.2113,16.0720,-3.7523,0.1413,356.7943,359.4784,0.0084,-0.0391,0.0131,-0.0559,-0.0025,0.9984
27.3580,122.40,1.2115,16.0712,-3.7521,0.1431,356.5143,359.4517,0.0096,-0.0387,0.0135,-0.0608,-0.0025,0.9981
27.3780,122.40,1.2118,16.0704,-3.7518,0.1449,356.2128,359.4225,0.0110,-0.0384,0.0139,-0.0661,-0.0025,0.9978
27.3980,122.40,1.2120,16.0696,-3.7515,0.1468,355.8927,359.3914,0.0126,-0.0380,0.0144,-0.0716,-0.0026,0.9974
27.4180,122.40,1.2123,16.0689,-3.7512,0.1485,355.5564,359.3589,0.0143,-0.0377,0.0148,-0.0775,-0.0026,0.9970
27.4380,122.40,1.2126,16.0681,-3.7509,0.1502,355.2059,359.3256,0.0163,-0.0374,0.0154,-0.0836,-0.0026,0.9965
27.4580,122.40,1.2130,16.0674,-3.7506,0.1516,354.8432,359.2917,0.0183,-0.0370,0.0159,-0.0899,-0.0026,0.9959
27.4780,122.40,1.2134,16.0667,-3.7502,0.1528,354.4698,359.2577,0.0206,-0.0367,0.0165,-0.0964,-0.0027,0.9953
27.4980,122.40,1.2139,16.0659,-3.7499,0.1537,354.0872,359.2238,0.0229,-0.0364,0.0171,-0.1030,-0.0027,0.9947
27.5180,122.40,1.2144,16.0652,-3.7495,0.1543,353.6965,359.1903,0.0254,-0.0361,0.0178,-0.1098,-0.0027,0.9940
27.5380,122.40,1.2149,16.0645,-3.7492,0.1547,353.2987,359.1573,0.0280,-0.0358,0.0185,-0.1167,-0.0027,0.9932
27.5580,122.40,1.2155,16.0638,-3.7488,0.1547,352.8949,359.1250,0.0307,-0.0354,0.0193,-0.1237,-0.0027,0.9923
27.5780,122.40,1.2162,16.0631,-3.7484,0.1544,352.4857,359.0936,0.0335,-0.0351,0.0200,-0.1308,-0.0027,0.9914
27.5980,122.40,1.2169,16.0624,-3.7480,0.1539,352.0719,359.0630,0.0364,-0.0348,0.0208,-0.1379,-0.0027,0.9904
27.6180,122.40,1.2177,16.0617,-3.7475,0.1529,351.6761,359.0376,0.0400,-0.0345,0.0219,-0.1448,-0.0027,0.9895
27.6380,122.40,1.2186,16.0610,-3.7471,0.1514,351.2981,359.0169,0.0436,-0.0342,0.0229,-0.1513,-0.0026,0.9885
27.6580,122.40,1.2196,16.0603,-3.7466,0.1497,350.9373,359.0008,0.0472,-0.0339,0.0240,-0.1575,-0.0026,0.9875
27.6780,122.40,1.2206,16.0597,-3.7461,0.1477,350.5934,358.9891,0.0507,-0.0337,0.0251,-0.1634,-0.0026,0.9866
27.6980,122.40,1.2217,16.0590,-3.7456,0.1454,350.2662,358.9814,0.0543,-0.0334,0.0261,-0.1691,-0.0025,0.9856
27.7180,122.40,1.2228,16.0583,-3.7450,0.1430,349.9550,358.9775,0.0577,-0.0331,0.0272,-0.1744,-0.0025,0.9847
27.7380,122.40,1.2240,16.0577,-3.7445,0.1404,349.6597,358.9772,0.0612,-0.0328,0.0283,-0.1795,-0.0025,0.9838
27.7580,122.40,1.2253,16.0570,-3.7439,0.1377,349.3797,358.9802,0.0646,-0.0325,0.0294,-0.1843,-0.0024,0.9829
27.7780,122.40,1.2267,16.0564,-3.7433,0.1349,349.1148,358.9863,0.0679,-0.0323,0.0305,-0.1888,-0.0024,0.9820
27.7980,122.40,1.2282,16.0573,-3.7427,0.1532,348.8620,358.9965,0.0735,0.0469,0.0277,-0.1932,-0.0027,0.9812
27.8180,122.40,1.2297,16.0588,-3.7422,0.1993,348.6206,359.0127,0.0790,0.0744,0.0234,-0.1973,-0.0035,0.9803
27.8380,122.40,1.2314,16.0615,-3.7418,0.2670,348.3908,359.0331,0.0843,0.1344,0.0207,-0.2012,-0.0047,0.9795
27.8580,122.40,1.2332,16.0650,-3.7415,0.3586,348.1723,359.0583,0.0894,0.1723,0.0177,-0.2050,-0.0063,0.9787
27.8780,122.40,1.2351,16.0694,-3.7411,0.4709,347.9651,359.0875,0.0943,0.2236,0.0158,-0.2085,-0.0082,0.9780
27.8980,122.40,1.2371,16.0747,-3.7409,0.6043,347.7690,359.1208,0.0988,0.2651,0.0142,-0.2118,-0.0105,0.9772
27.9180,122.40,1.2391,16.0810,-3.7406,0.7569,347.5839,359.1577,0.1030,0.3120,0.0135,-0.2150,-0.0132,0.9765
27.9380,122.40,1.2413,16.0881,-3.7403,0.9283,347.4095,359.1982,0.1068,0.3543,0.0135,-0.2180,-0.0162,0.9758
27.9580,122.40,1.2435,16.0960,-3.7400,1.1173,347.2459,359.2422,0.1103,0.3986,0.0143,-0.2207,-0.0195,0.9751
27.9780,122.40,1.2457,16.1048,-3.7397,1.3232,347.0928,359.2893,0.1133,0.4406,0.0159,-0.2233,-0.0231,0.9745
27.9980,122.40,1.2481,16.1145,-3.7393,1.5449,346.9501,359.3395,0.1158,0.4831,0.0185,-0.2257,-0.0270,0.9738
28.0180,122.40,1.2504,16.1250,-3.7389,1.7819,346.8176,359.3926,0.1179,0.5241,0.0221,-0.2279,-0.0311,0.9732
28.0380,122.40,1.2528,16.1363,-3.7384,2.0331,346.6952,359.4486,0.1195,0.5651,0.0266,-0.2300,-0.0355,0.9725
28.0580,122.40,1.2552,16.1484,-3.7377,2.2978,346.5826,359.5072,0.1205,0.6050,0.0321,-0.2319,-0.0401,0.9719
28.0780,122.40,1.2576,16.1613,-3.7370,2.5754,346.4798,359.5683,0.1210,0.6446,0.0387,-0.2336,-0.0449,0.9713
28.0980,122.40,1.2601,16.1750,-3.7360,2.8649,346.3865,359.6319,0.1209,0.6833,0.0464,-0.2351,-0.0500,0.9707
28.1180,122.40,1.2625,16.1894,-3.7349,3.1590,346.3035,359.7179,0.1240,0.7224,0.0576,-0.2364,-0.0551,0.9701
28.1380,122.40,1.2651,16.2046,-3.7335,3.4565,346.2305,359.8256,0.1262,0.7606,0.0700,-0.2376,-0.0603,0.9695
28.1580,122.40,1.2676,16.2206,-3.7318,3.7572,346.1673,359.9540,0.1275,0.7983,0.0833,-0.2386,-0.0655,0.9689
28.1780,122.40,1.2702,16.2373,-3.7298,4.0607,346.1136,0.1022,0.1278,0.8352,0.0976,-0.2394,-0.0708,0.9683
28.1980,122.40,1.2727,16.2547,-3.7276,4.3665,346.0692,0.2691,0.1270,0.8715,0.1128,-0.2401,-0.0761,0.9678
28.2180,122.40,1.2752,16.2729,-3.7250,4.6743,346.0338,0.4540,0.1251,0.9071,0.1289,-0.2405,-0.0815,0.9672
28.2380,122.40,1.2777,16.2917,-3.7221,4.9837,346.0073,0.6559,0.1220,0.9420,0.1460,-0.2409,-0.0869,0.9667
28.2580,126.23,1.2800,16.3113,-3.7188,5.2943,345.9894,0.8740,0.1177,0.9762,0.1639,-0.2411,-0.0923,0.9661
28.2780,126.23,1.2823,16.3315,-3.7152,5.6060,345.9799,1.1075,0.1121,1.0096,0.1826,-0.2411,-0.0977,0.9656
28.2980,126.23,1.2844,16.3523,-3.7111,5.9182,345.9786,1.3558,0.1051,1.0424,0.2021,-0.2410,-0.1031,0.9650
28.3180,126.23,1.2863,16.3738,-3.7067,6.2307,345.9854,1.6179,0.0969,1.0744,0.2225,-0.2407,-0.1085,0.9645
28.3380,126.23,1.2880,16.3959,-3.7018,6.5433,346.0002,1.8932,0.0873,1.1056,0.2436,-0.2403,-0.1140,0.9640
28.3580,126.23,1.2896,16.4186,-3.6965,6.8553,346.0226,2.1808,0.0763,1.1350,0.2655,-0.2398,-0.1194,0.9635
28.3780,126.23,1.2908,16.4419,-3.6907,7.1661,346.0526,2.4799,0.0638,1.1631,0.2880,-0.2391,-0.1247,0.9629
28.3980,126.23,1.2918,16.4657,-3.6845,7.4753,346.0901,2.7895,0.0499,1.1896,0.3112,-0.2384,-0.1301,0.9624
28.4180,126.23,1.2925,16.4900,-3.6778,7.7821,346.1348,3.1088,0.0346,1.2148,0.3351,-0.2374,-0.1354,0.9619
28.4380,126.23,1.2929,16.5148,-3.6706,8.0863,346.1865,3.4370,0.0178,1.2384,0.3596,-0.2364,-0.1407,0.9614
28.4580,126.23,1.2929,16.5400,-3.6629,8.3871,346.2451,3.7732,-0.0004,1.2606,0.3848,-0.2352,-0.1459,0.9609
28.4780,126.23,1.2925,16.5656,-3.6547,8.6842,346.3105,4.1167,-0.0201,1.2813,0.4104,-0.2339,-0.1510,0.9605
28.4980,126.23,1.2916,16.5916,-3.6460,8.9771,346.3823,4.4667,-0.0412,1.3005,0.4366,-0.2326,-0.1560,0.9600
28.5180,126.23,1.2903,16.6180,-3.6368,9.2724,346.4655,4.8003,-0.0677,1.3154,0.4602,-0.2310,-0.1611,0.9595
28.5380,126.23,1.2884,16.6446,-3.6271,9.5692,346.5599,5.1166,-0.0961,1.3330,0.4851,-0.2292,-0.1662,0.9591
28.5580,126.23,1.2859,16.6716,-3.6168,9.8671,346.6650,5.4157,-0.1253,1.3468,0.5101,-0.2272,-0.1714,0.9586
28.5780,126.23,1.2827,16.6988,-3.6061,10.1653,346.7802,5.6978,-0.1558,1.3616,0.5363,-0.2251,-0.1765,0.9582
28.5980,126.23,1.2790,16.7263,-3.5949,10.4635,346.9050,5.9631,-0.1870,1.3739,0.5629,-0.2228,-0.1816,0.9578
28.6180,126.23,1.2746,16.7540,-3.5831,10.7610,347.0388,6.2117,-0.2192,1.3863,0.5905,-0.2203,-0.1867,0.9574
28.6380,126.23,1.2696,16.7820,-3.5707,11.0576,347.1811,6.4438,-0.2520,1.3969,0.6186,-0.2178,-0.1918,0.9570
28.6580,126.23,1.2639,16.8101,-3.5577,11.3528,347.3312,6.6595,-0.2857,1.4071,0.6477,-0.2150,-0.1969,0.9566
28.6780,126.23,1.2575,16.8384,-3.5442,11.6463,347.4885,6.8590,-0.3199,1.4160,0.6774,-0.2122,-0.2019,0.9562
28.6980,126.23,1.2505,16.8668,-3.5300,11.9316,347.6440,7.0652,-0.3492,1.4196,0.7098,-0.2094,-0.2067,0.9557
28.7180,126.23,1.2429,16.8954,-3.5151,12.2077,347.7972,7.2775,-0.3800,1.4277,0.7439,-0.2066,-0.2115,0.9553
28.7380,126.23,1.2346,16.9240,-3.4996,12.4751,347.9482,7.4957,-0.4106,1.4303,0.7777,-0.2039,-0.2160,0.9549
28.7580,126.23,1.2258,16.9527,-3.4833,12.7333,348.0969,7.7189,-0.4427,1.4355,0.8127,-0.2012,-0.2204,0.9544
28.7780,126.23,1.2163,16.9815,-3.4663,12.9824,348.2433,7.9466,-0.4749,1.4369,0.8477,-0.1985,-0.2247,0.9540
28.7980,126.23,1.2061,17.0102,-3.4487,13.2221,348.3876,8.1782,-0.5082,1.4396,0.8835,-0.1960,-0.2287,0.9536
28.8180,126.23,1.1953,17.0390,-3.4303,13.4526,348.5296,8.4131,-0.5418,1.4395,0.9193,-0.1934,-0.2326,0.9531
28.8380,126.23,1.1838,17.0678,-3.4112,13.6737,348.6693,8.6507,-0.5764,1.4401,0.9558,-0.1909,-0.2364,0.9527
28.8580,126.23,1.1715,17.0966,-3.3913,13.8854,348.8068,8.8906,-0.6114,1.4384,0.9924,-0.1884,-0.2400,0.9523
28.8780,126.23,1.1586,17.1254,-3.3707,14.0877,348.9420,9.1321,-0.6473,1.4370,1.0295,-0.1860,-0.2434,0.9519
28.8980,126.23,1.1449,17.1540,-3.3494,14.2805,349.0749,9.3748,-0.6836,1.4338,1.0666,-0.1837,-0.2467,0.9515
28.9180,126.23,1.1305,17.1827,-3.3273,14.4639,349.2055,9.6182,-0.7207,1.4307,1.1042,-0.1814,-0.2498,0.9512
28.9380,126.23,1.1153,17.2112,-3.3045,14.6380,349.3339,9.8618,-0.7583,1.4260,1.1418,-0.1791,-0.2527,0.9508
28.9580,126.23,1.0994,17.2396,-3.2809,14.8027,349.4600,10.1053,-0.7967,1.4213,1.1797,-0.1769,-0.2555,0.9505
28.9780,126.23,1.0827,17.2679,-3.2565,14.9580,349.5837,10.3481,-0.8355,1.4152,1.2176,-0.1747,-0.2581,0.9502
28.9980,126.23,1.0652,17.2961,-3.2314,15.1041,349.7051,10.5899,-0.8750,1.4090,1.2557,-0.1725,-0.2606,0.9499
29.0180,126.23,1.0469,17.3241,-3.2055,15.2411,349.8242,10.8303,-0.9149,1.4016,1.2939,-0.1705,-0.2629,0.9497
29.0380,126.23,1.0278,17.3520,-3.1789,15.3689,349.9409,11.0690,-0.9555,1.3940,1.3321,-0.1684,-0.2650,0.9494
29.0580,126.23,1.0078,17.3797,-3.1515,15.4877,350.0554,11.3055,-0.9966,1.3854,1.3703,-0.1664,-0.2670,0.9492
29.0780,126.23,0.9871,17.4073,-3.1233,15.5976,350.1674,11.5395,-1.0382,1.3766,1.4086,-0.1645,-0.2689,0.9490
29.0980,126.23,0.9655,17.4346,-3.0944,15.6987,350.2771,11.7708,-1.0803,1.3669,1.4468,-0.1626,-0.2706,0.9489
29.1180,126.23,0.9430,17.4617,-3.0647,15.7910,350.3845,11.9989,-1.1229,1.3569,1.4850,-0.1607,-0.2721,0.9487
29.1380,126.23,0.9197,17.4887,-3.0342,15.8748,350.4894,12.2237,-1.1659,1.3462,1.5231,-0.1589,-0.2735,0.9486
29.1580,126.23,0.8955,17.5154,-3.0030,15.9502,350.5921,12.4449,-1.2094,1.3352,1.5611,-0.1572,-0.2748,0.9486
29.1780,126.23,0.8704,17.5418,-2.9710,16.0172,350.6924,12.6622,-1.2533,1.3235,1.5990,-0.1555,-0.2759,0.9485
29.1980,126.23,0.8445,17.5681,-2.9383,16.0760,350.7903,12.8754,-1.2976,1.3116,1.6367,-0.1538,-0.2769,0.9485
29.2180,126.23,0.8176,17.5941,-2.9048,16.1268,350.8859,13.0842,-1.3423,1.2992,1.6743,-0.1522,-0.2778,0.9485
29.2380,126.23,0.7899,17.6198,-2.8706,16.1697,350.9792,13.2885,-1.3874,1.2864,1.7118,-0.1506,-0.2785,0.9486
29.2580,126.35,0.7612,17.6452,-2.8356,16.2049,351.0702,13.4880,-1.4328,1.2732,1.7490,-0.1491,-0.2791,0.9486
29.2780,126.35,0.7317,17.6704,-2.7999,16.2325,351.1588,13.6826,-1.4785,1.2598,1.7861,-0.1476,-0.2795,0.9487
29.2980,126.35,0.7012,17.6954,-2.7634,16.2527,351.2452,13.8721,-1.5246,1.2460,1.8229,-0.1461,-0.2799,0.9489
29.3180,126.35,0.6697,17.7200,-2.7262,16.2657,351.3293,14.0563,-1.5709,1.2319,1.8594,-0.1447,-0.2801,0.9490
29.3380,126.35,0.6374,17.7444,-2.6883,16.2716,351.4113,14.2352,-1.6175,1.2175,1.8957,-0.1434,-0.2802,0.9492
29.3580,126.35,0.6041,17.7684,-2.6497,16.2706,351.4909,14.4085,-1.6644,1.2030,1.9318,-0.1420,-0.2802,0.9494
29.3780,126.35,0.5699,17.7922,-2.6103,16.2630,351.5684,14.5762,-1.7114,1.1881,1.9675,-0.1408,-0.2800,0.9496
29.3980,126.35,0.5347,17.8156,-2.5703,16.2487,351.6438,14.7381,-1.7587,1.1731,2.0029,-0.1395,-0.2798,0.9499
29.4180,126.35,0.4986,17.8388,-2.5295,16.2282,351.7170,14.8942,-1.8062,1.1579,2.0380,-0.1383,-0.2795,0.9501
29.4380,126.35,0.4615,17.8617,-2.4880,16.2014,351.7882,15.0444,-1.8539,1.1425,2.0728,-0.1372,-0.2790,0.9504
29.4580,126.35,0.4235,17.8842,-2.4459,16.1687,351.8573,15.1887,-1.9016,1.1270,2.1073,-0.1360,-0.2785,0.9508
29.4780,126.35,0.3845,17.9064,-2.4031,16.1302,351.9243,15.3268,-1.9495,1.1113,2.1414,-0.1350,-0.2778,0.9511
29.4980,126.35,0.3445,17.9283,-2.3596,16.0861,351.9895,15.4589,-1.9976,1.0955,2.1751,-0.1339,-0.2771,0.9515
29.5180,126.35,0.3036,17.9499,-2.3154,16.0365,352.0527,15.5849,-2.0457,1.0797,2.2085,-0.1329,-0.2763,0.9519
29.5380,126.35,0.2617,17.9712,-2.2706,15.9818,352.1140,15.7046,-2.0938,1.0637,2.2414,-0.1319,-0.2753,0.9523
29.5580,126.35,0.2189,17.9922,-2.2251,15.9219,352.1734,15.8182,-2.1420,1.0478,2.2740,-0.1310,-0.2743,0.9527
29.5780,126.35,0.1751,18.0128,-2.1790,15.8572,352.2311,15.9256,-2.1903,1.0317,2.3061,-0.1300,-0.2732,0.9531
29.5980,126.35,0.1303,18.0331,-2.1322,15.7878,352.2870,16.0268,-2.2385,1.0157,2.3379,-0.1291,-0.2721,0.9536
29.6180,126.35,0.0846,18.0531,-2.0848,15.7140,352.3412,16.1218,-2.2868,0.9996,2.3692,-0.1283,-0.2708,0.9540
29.6380,126.35,0.0379,18.0728,-2.0368,15.6358,352.3937,16.2105,-2.3350,0.9835,2.4002,-0.1275,-0.2695,0.9545
29.6580,126.35,-0.0098,18.0921,-1.9882,15.5535,352.4447,16.2931,-2.3831,0.9675,2.4306,-0.1267,-0.2681,0.9550
29.6780,126.35,-0.0584,18.1112,-1.9390,15.4673,352.4940,16.3696,-2.4312,0.9514,2.4607,-0.1259,-0.2667,0.9555
29.6980,126.35,-0.1080,18.1299,-1.8892,15.3773,352.5419,16.4400,-2.4792,0.9354,2.4902,-0.1252,-0.2652,0.9560
29.7180,126.35,-0.1585,18.1483,-1.8388,15.2838,352.5883,16.5042,-2.5270,0.9195,2.5194,-0.1244,-0.2636,0.9566
29.7380,126.35,-0.2100,18.1663,-1.7878,15.1868,352.6333,16.5624,-2.5748,0.9036,2.5481,-0.1237,-0.2620,0.9571
29.7580,126.35,-0.2625,18.1841,-1.7363,15.0867,352.6769,16.6147,-2.6224,0.8879,2.5763,-0.1231,-0.2603,0.9577
29.7780,126.35,-0.3159,18.2015,-1.6842,14.9835,352.7192,16.6610,-2.6698,0.8721,2.6040,-0.1224,-0.2585,0.9582
29.7980,126.35,-0.3702,18.2187,-1.6316,14.8774,352.7602,16.7014,-2.7171,0.8565,2.6313,-0.1218,-0.2568,0.9588
29.8180,126.35,-0.4255,18.2355,-1.5785,14.7686,352.7999,16.7361,-2.7641,0.8410,2.6581,-0.1212,-0.2549,0.9593
29.8380,126.35,-0.4817,18.2520,-1.5248,14.6574,352.8385,16.7650,-2.8110,0.8257,2.6845,-0.1206,-0.2530,0.9599
29.8580,126.35,-0.5389,18.2682,-1.4706,14.5437,352.8759,16.7882,-2.8576,0.8104,2.7103,-0.1200,-0.2511,0.9605
29.8780,126.35,-0.5969,18.2841,-1.4158,14.4279,352.9122,16.8059,-2.9040,0.7953,2.7357,-0.1195,-0.2492,0.9611
29.8980,126.35,-0.6559,18.2997,-1.3606,14.3100,352.9474,16.8180,-2.9501,0.7803,2.7606,-0.1190,-0.2472,0.9616
29.9180,126.35,-0.7159,18.3150,-1.3049,14.1902,352.9817,16.8247,-2.9959,0.7654,2.7851,-0.1185,-0.2451,0.9622
29.9380,126.35,-0.7767,18.3300,-1.2487,14.0687,353.0149,16.8261,-3.0414,0.7508,2.8090,-0.1180,-0.2431,0.9628
29.9580,126.35,-0.8384,18.3448,-1.1921,13.9457,353.0472,16.8223,-3.0866,0.7362,2.8325,-0.1175,-0.2410,0.9634
29.9780,126.35,-0.9011,18.3592,-1.1350,13.8212,353.0786,16.8133,-3.1315,0.7219,2.8555,-0.1170,-0.2389,0.9640
29.9980,126.35,-0.9646,18.3734,-1.0774,13.6954,353.1090,16.7993,-3.1761,0.7077,2.8780,-0.1166,-0.2368,0.9645
30.0180,126.35,-1.0290,18.3872,-1.0194,13.5686,353.1386,16.7804,-3.2203,0.6937,2.9000,-0.1161,-0.2346,0.9651
30.0380,126.35,-1.0943,18.4008,-0.9610,13.4407,353.1674,16.7566,-3.2641,0.6799,2.9215,-0.1157,-0.2324,0.9657
30.0580,126.35,-1.1604,18.4142,-0.9021,13.3120,353.1955,16.7281,-3.3075,0.6663,2.9426,-0.1153,-0.2303,0.9663
30.0780,126.35,-1.2274,18.4272,-0.8429,13.1825,353.2227,16.6949,-3.3506,0.6528,2.9632,-0.1149,-0.2281,0.9668
30.0980,126.35,-1.2953,18.4400,-0.7832,13.0525,353.2492,16.6573,-3.3933,0.6396,2.9833,-0.1145,-0.2258,0.9674
30.1180,126.35,-1.3640,18.4525,-0.7232,12.9220,353.2750,16.6152,-3.4355,0.6266,3.0030,-0.1141,-0.2236,0.9680
30.1380,126.35,-1.4335,18.4648,-0.6627,12.7911,353.3001,16.5689,-3.4773,0.6137,3.0222,-0.1138,-0.2214,0.9685
30.1580,126.35,-1.5039,18.4768,-0.6019,12.6601,353.3245,16.5183,-3.5187,0.6011,3.0409,-0.1134,-0.2192,0.9691
30.1780,126.35,-1.5751,18.4886,-0.5407,12.5289,353.3482,16.4637,-3.5596,0.5887,3.0591,-0.1131,-0.2169,0.9696
30.1980,126.35,-1.6471,18.5001,-0.4792,12.3977,353.3713,16.4052,-3.6001,0.5764,3.0769,-0.1127,-0.2147,0.9702
30.2180,126.35,-1.7199,18.5114,-0.4173,12.2667,353.3938,16.3428,-3.6401,0.5644,3.0943,-0.1124,-0.2125,0.9707
30.2380,126.35,-1.7935,18.5225,-0.3551,12.1358,353.4157,16.2767,-3.6796,0.5526,3.1112,-0.1121,-0.2102,0.9712
30.2580,126.35,-1.8679,18.5333,-0.2925,12.0053,353.4370,16.2070,-3.7186,0.5411,3.1276,-0.1118,-0.2080,0.9717
30.2780,120.86,-1.9430,18.5439,-0.2296,11.8751,353.4576,16.1339,-3.7572,0.5297,3.1436,-0.1115,-0.2058,0.9722
30.2980,120.86,-2.0189,18.5543,-0.1665,11.7455,353.4778,16.0573,-3.7952,0.5185,3.1592,-0.1112,-0.2036,0.9727
30.3180,120.86,-2.0956,18.5644,-0.1030,11.6165,353.4973,15.9776,-3.8327,0.5076,3.1743,-0.1109,-0.2014,0.9732
30.3380,120.86,-2.1730,18.5744,-0.0392,11.4882,353.5163,15.8947,-3.8697,0.4969,3.1891,-0.1107,-0.1992,0.9737
30.3580,120.86,-2.2511,18.5841,0.0249,11.3606,353.5347,15.8088,-3.9062,0.4864,3.2033,-0.1104,-0.1970,0.9742
30.3780,120.86,-2.3299,18.5936,0.0892,11.2338,353.5525,15.7201,-3.9422,0.4761,3.2172,-0.1101,-0.1948,0.9746
30.3980,120.86,-2.4095,18.6029,0.1538,11.1080,353.5698,15.6286,-3.9776,0.4660,3.2307,-0.1099,-0.1927,0.9751
30.4180,120.86,-2.4897,18.6121,0.2187,10.9832,353.5866,15.5344,-4.0125,0.4561,3.2437,-0.1097,-0.1905,0.9755
30.4380,120.86,-2.5707,18.6210,0.2838,10.8594,353.6028,15.4378,-4.0468,0.4465,3.2564,-0.1094,-0.1884,0.9760
30.4580,120.86,-2.6523,18.6297,0.3492,10.7367,353.6185,15.3387,-4.0806,0.4371,3.2686,-0.1092,-0.1863,0.9764
30.4780,120.86,-2.7346,18.6383,0.4148,10.6152,353.6336,15.2374,-4.1138,0.4278,3.2805,-0.1090,-0.1842,0.9768
30.4980,120.86,-2.8175,18.6467,0.4807,10.4949,353.6482,15.1339,-4.1464,0.4188,3.2919,-0.1088,-0.1821,0.9772
30.5180,120.86,-2.9011,18.6549,0.5467,10.3760,353.6622,15.0284,-4.1785,0.4100,3.3030,-0.1086,-0.1801,0.9776
30.5380,120.86,-2.9853,18.6629,0.6130,10.2583,353.6757,14.9209,-4.2101,0.4014,3.3138,-0.1084,-0.1781,0.9780
30.5580,120.86,-3.0701,18.6708,0.6795,10.1421,353.6887,14.8116,-4.2410,0.3930,3.3241,-0.1082,-0.1761,0.9784
30.5780,120.86,-3.1555,18.6785,0.7462,10.0272,353.7010,14.7006,-4.2714,0.3848,3.3341,-0.1080,-0.1741,0.9788
30.5980,120.86,-3.2415,18.6860,0.8130,9.9139,353.7129,14.5880,-4.3013,0.3768,3.3438,-0.1079,-0.1722,0.9791
30.6180,120.86,-3.3282,18.6934,0.8801,9.8020,353.7242,14.4740,-4.3305,0.3690,3.3531,-0.1077,-0.1702,0.9795
30.6380,120.86,-3.4153,18.7006,0.9473,9.6917,353.7349,14.3586,-4.3592,0.3614,3.3621,-0.1076,-0.1683,0.9798
30.6580,120.86,-3.5031,18.7077,1.0148,9.5829,353.7451,14.2419,-4.3873,0.3540,3.3707,-0.1074,-0.1665,0.9802
30.6780,120.86,-3.5914,18.7146,1.0823,9.4758,353.7547,14.1241,-4.4148,0.3468,3.3790,-0.1073,-0.1646,0.9805
30.6980,120.86,-3.6802,18.7214,1.1501,9.3703,353.7637,14.0053,-4.4418,0.3397,3.3870,-0.1072,-0.1628,0.9808
30.7180,120.86,-3.7696,18.7281,1.2180,9.2664,353.7722,13.8855,-4.4682,0.3329,3.3946,-0.1071,-0.1610,0.9811
30.7380,120.86,-3.8595,18.7346,1.2860,9.1642,353.7801,13.7649,-4.4940,0.3262,3.4020,-0.1070,-0.1593,0.9814
30.7580,120.86,-3.9498,18.7410,1.3542,9.0636,353.7874,13.6436,-4.5192,0.3198,3.4090,-0.1069,-0.1575,0.9817
30.7780,120.86,-4.0407,18.7473,1.4225,8.9648,353.7942,13.5216,-4.5439,0.3135,3.4158,-0.1068,-0.1558,0.9820
30.7980,120.86,-4.1321,18.7534,1.4910,8.8677,353.8004,13.3991,-4.5680,0.3073,3.4223,-0.1067,-0.1542,0.9823
30.8180,120.86,-4.2239,18.7594,1.5595,8.7723,353.8060,13.2762,-4.5915,0.3014,3.4284,-0.1066,-0.1525,0.9825
30.8380,120.86,-4.3162,18.7654,1.6282,8.6786,353.8110,13.1530,-4.6145,0.2956,3.4344,-0.1066,-0.1509,0.9828
30.8580,120.86,-4.4089,18.7712,1.6970,8.5867,353.8154,13.0295,-4.6369,0.2900,3.4400,-0.1065,-0.1493,0.9830
30.8780,120.86,-4.5021,18.7768,1.7659,8.4965,353.8193,12.9058,-4.6588,0.2845,3.4454,-0.1065,-0.1477,0.9833
30.8980,120.86,-4.5957,18.7824,1.8349,8.4081,353.8225,12.7821,-4.6801,0.2792,3.4505,-0.1065,-0.1462,0.9835
30.9180,120.86,-4.6897,18.7879,1.9040,8.3214,353.8252,12.6585,-4.7008,0.2741,3.4554,-0.1064,-0.1447,0.9837
30.9380,120.86,-4.7842,18.7933,1.9732,8.2365,353.8273,12.5349,-4.7211,0.2691,3.4600,-0.1064,-0.1433,0.9839
30.9580,120.86,-4.8790,18.7986,2.0425,8.1533,353.8289,12.4115,-4.7407,0.2643,3.4644,-0.1064,-0.1418,0.9842
30.9780,120.86,-4.9742,18.8038,2.1119,8.0719,353.8298,12.2884,-4.7599,0.2596,3.4685,-0.1064,-0.1404,0.9844
30.9980,120.86,-5.0697,18.8089,2.1813,7.9921,353.8302,12.1657,-4.7785,0.2551,3.4725,-0.1064,-0.1390,0.9846
31.0180,120.86,-5.1657,18.8139,2.2509,7.9141,353.8300,12.0434,-4.7966,0.2507,3.4762,-0.1065,-0.1377,0.9847
31.0380,120.86,-5.2619,18.8188,2.3205,7.8379,353.8293,11.9216,-4.8141,0.2464,3.4797,-0.1065,-0.1364,0.9849
31.0580,120.86,-5.3586,18.8237,2.3901,7.7633,353.8279,11.8004,-4.8312,0.2423,3.4829,-0.1065,-0.1351,0.9851
31.0780,120.86,-5.4555,18.8284,2.4598,7.6904,353.8261,11.6798,-4.8477,0.2383,3.4860,-0.1066,-0.1338,0.9853
31.0980,120.86,-5.5528,18.8331,2.5296,7.6192,353.8236,11.5600,-4.8637,0.2345,3.4889,-0.1066,-0.1326,0.9854
31.1180,120.86,-5.6504,18.8377,2.5995,7.5497,353.8207,11.4409,-4.8793,0.2307,3.4916,-0.1067,-0.1314,0.9856
31.1380,120.86,-5.7483,18.8423,2.6693,7.4818,353.8172,11.3227,-4.8943,0.2271,3.4941,-0.1068,-0.1302,0.9857
31.1580,120.86,-5.8464,18.8468,2.7393,7.4156,353.8131,11.2054,-4.9088,0.2237,3.4964,-0.1069,-0.1291,0.9859
31.1780,120.86,-5.9449,18.8512,2.8092,7.3510,353.8086,11.0890,-4.9229,0.2203,3.4986,-0.1070,-0.1279,0.9860
31.1980,120.86,-6.0436,18.8555,2.8792,7.2880,353.8035,10.9737,-4.9365,0.2171,3.5006,-0.1071,-0.1269,0.9861
31.2180,120.86,-6.1426,18.8598,2.9493,7.2266,353.7979,10.8595,-4.9497,0.2140,3.5024,-0.1072,-0.1258,0.9862
31.2380,120.86,-6.2419,18.8640,3.0194,7.1668,353.7918,10.7464,-4.9623,0.2109,3.5040,-0.1073,-0.1248,0.9864
31.2580,120.86,-6.3414,18.8682,3.0895,7.1085,353.7853,10.6345,-4.9746,0.2080,3.5056,-0.1074,-0.1237,0.9865
31.2780,121.33,-6.4411,18.8723,3.1596,7.0518,353.7782,10.5238,-4.9864,0.2052,3.5069,-0.1076,-0.1228,0.9866
31.2980,121.33,-6.5410,18.8763,3.2298,6.9966,353.7707,10.4144,-4.9977,0.2025,3.5081,-0.1077,-0.1218,0.9867
31.3180,121.33,-6.6412,18.8803,3.3000,6.9429,353.7628,10.3063,-5.0086,0.1999,3.5092,-0.1078,-0.1209,0.9868
31.3380,121.33,-6.7416,18.8843,3.3702,6.8906,353.7543,10.1996,-5.0191,0.1974,3.5101,-0.1080,-0.1200,0.9869
31.3580,121.33,-6.8422,18.8882,3.4404,6.8398,353.7455,10.0942,-5.0292,0.1950,3.5109,-0.1082,-0.1191,0.9870
31.3780,121.33,-6.9430,18.8920,3.5106,6.7904,353.7362,9.9904,-5.0389,0.1927,3.5116,-0.1083,-0.1182,0.9871
31.3980,121.33,-7.0439,18.8958,3.5809,6.7424,353.7266,9.8879,-5.0481,0.1905,3.5122,-0.1085,-0.1174,0.9871
31.4180,121.33,-7.1451,18.8996,3.6511,6.6959,353.7165,9.7870,-5.0570,0.1884,3.5126,-0.1087,-0.1166,0.9872
31.4380,121.33,-7.2464,18.9033,3.7214,6.6506,353.7061,9.6877,-5.0655,0.1863,3.5129,-0.1089,-0.1158,0.9873
31.4580,121.33,-7.3479,18.9070,3.7916,6.6068,353.6952,9.5899,-5.0736,0.1844,3.5132,-0.1091,-0.1151,0.9874
31.4780,121.33,-7.4495,18.9107,3.8619,6.5642,353.6841,9.4936,-5.0814,0.1825,3.5133,-0.1093,-0.1143,0.9874
31.4980,121.33,-7.5513,18.9143,3.9322,6.5229,353.6725,9.3991,-5.0888,0.1807,3.5133,-0.1095,-0.1136,0.9875
31.5180,121.33,-7.6532,18.9179,4.0024,6.4829,353.6607,9.3061,-5.0958,0.1790,3.5132,-0.1097,-0.1129,0.9875
31.5380,121.33,-7.7552,18.9214,4.0727,6.4442,353.6486,9.2148,-5.1025,0.1773,3.5131,-0.1099,-0.1122,0.9876
31.5580,121.33,-7.8574,18.9249,4.1430,6.4067,353.6361,9.1252,-5.1089,0.1757,3.5128,-0.1102,-0.1116,0.9876
31.5780,121.33,-7.9597,18.9284,4.2132,6.3704,353.6234,9.0373,-5.1149,0.1742,3.5125,-0.1104,-0.1110,0.9877
31.5980,121.33,-8.0621,18.9319,4.2834,6.3352,353.6104,8.9511,-5.1207,0.1728,3.5120,-0.1106,-0.1103,0.9877
31.6180,121.33,-8.1646,18.9353,4.3537,6.3013,353.5971,8.8666,-5.1261,0.1714,3.5115,-0.1108,-0.1098,0.9878
31.6380,121.33,-8.2673,18.9387,4.4239,6.2684,353.5836,8.7838,-5.1312,0.1701,3.5110,-0.1111,-0.1092,0.9878
31.6580,121.33,-8.3700,18.9421,4.4941,6.2367,353.5699,8.7028,-5.1360,0.1688,3.5103,-0.1113,-0.1086,0.9878
31.6780,121.33,-8.4728,18.9454,4.5643,6.2060,353.5560,8.6236,-5.1405,0.1677,3.5096,-0.1116,-0.1081,0.9879
31.6980,121.33,-8.5757,18.9488,4.6345,6.1765,353.5418,8.5461,-5.1447,0.1665,3.5088,-0.1118,-0.1076,0.9879
31.7180,121.33,-8.6787,18.9521,4.7046,6.1480,353.5276,8.4704,-5.1487,0.1655,3.5080,-0.1121,-0.1071,0.9879
31.7380,121.33,-8.7817,18.9554,4.7748,6.1204,353.5131,8.3964,-5.1524,0.1644,3.5071,-0.1123,-0.1066,0.9879
31.7580,121.33,-8.8848,18.9586,4.8449,6.0939,353.4985,8.3243,-5.1558,0.1635,3.5061,-0.1126,-0.1062,0.9880
31.7780,121.33,-8.9880,18.9619,4.9150,6.0684,353.4837,8.2538,-5.1590,0.1626,3.5051,-0.1128,-0.1057,0.9880
31.7980,121.33,-9.0912,18.9651,4.9851,6.0438,353.4688,8.1852,-5.1619,0.1617,3.5040,-0.1131,-0.1053,0.9880
31.8180,121.33,-9.1945,18.9683,5.0551,6.0202,353.4538,8.1183,-5.1647,0.1609,3.5029,-0.1134,-0.1049,0.9880
31.8380,121.33,-9.2979,18.9715,5.1252,5.9975,353.4388,8.0532,-5.1671,0.1601,3.5018,-0.1136,-0.1045,0.9880
31.8580,121.33,-9.4013,18.9747,5.1952,5.9757,353.4236,7.9899,-5.1694,0.1594,3.5006,-0.1139,-0.1041,0.9880
31.8780,121.33,-9.5047,18.9779,5.2652,5.9547,353.4084,7.9283,-5.1715,0.1587,3.4993,-0.1142,-0.1037,0.9880
31.8980,121.33,-9.6082,18.9811,5.3351,5.9346,353.3931,7.8685,-5.1733,0.1581,3.4980,-0.1144,-0.1034,0.9880
31.9180,121.33,-9.7117,18.9842,5.4051,5.9153,353.3778,7.8103,-5.1750,0.1575,3.4967,-0.1147,-0.1031,0.9880
31.9380,121.33,-9.8152,18.9874,5.4750,5.8969,353.3625,7.7540,-5.1764,0.1570,3.4954,-0.1150,-0.1027,0.9880
31.9580,121.33,-9.9187,18.9905,5.5448,5.8792,353.3471,7.6993,-5.1777,0.1565,3.4940,-0.1152,-0.1024,0.9880
31.9780,121.33,-10.0223,18.9936,5.6147,5.8623,353.3318,7.6463,-5.1788,0.1560,3.4926,-0.1155,-0.1021,0.9880
31.9980,121.33,-10.1259,18.9967,5.6845,5.8461,353.3164,7.5950,-5.1797,0.1555,3.4911,-0.1158,-0.1019,0.9880
32.0180,121.33,-10.2295,18.9998,5.7543,5.8307,353.3011,7.5454,-5.1805,0.1551,3.4897,-0.1160,-0.1016,0.9880
32.0380,121.33,-10.3331,19.0029,5.8241,5.8160,353.2859,7.4975,-5.1811,0.1547,3.4882,-0.1163,-0.1013,0.9880
32.0580,121.33,-10.4368,19.0060,5.8938,5.8020,353.2707,7.4511,-5.1816,0.1544,3.4867,-0.1166,-0.1011,0.9880
32.0780,121.33,-10.5404,19.0091,5.9635,5.7886,353.2555,7.4065,-5.1819,0.1541,3.4852,-0.1168,-0.1009,0.9880
32.0980,121.33,-10.6441,19.0122,6.0332,5.7760,353.2404,7.3634,-5.1821,0.1538,3.4836,-0.1171,-0.1006,0.9880
32.1180,121.33,-10.7477,19.0152,6.1028,5.7639,353.2254,7.3219,-5.1821,0.1535,3.4820,-0.1174,-0.1004,0.9880
32.1380,121.33,-10.8513,19.0183,6.1724,5.7525,353.2105,7.2820,-5.1820,0.1533,3.4805,-0.1176,-0.1002,0.9880
32.1580,121.33,-10.9550,19.0214,6.2420,5.7417,353.1957,7.2436,-5.1818,0.1531,3.4789,-0.1179,-0.1000,0.9880
32.1780,121.33,-11.0586,19.0244,6.3116,5.7315,353.1810,7.2067,-5.1815,0.1529,3.4773,-0.1181,-0.0999,0.9880
32.1980,121.33,-11.1622,19.0275,6.3811,5.7218,353.1665,7.1714,-5.1811,0.1528,3.4756,-0.1184,-0.0997,0.9879
32.2180,121.33,-11.2658,19.0305,6.4506,5.7127,353.1520,7.1375,-5.1806,0.1526,3.4740,-0.1186,-0.0995,0.9879
32.2380,121.33,-11.3694,19.0336,6.5200,5.7042,353.1378,7.1051,-5.1800,0.1525,3.4724,-0.1189,-0.0994,0.9879
32.2580,121.33,-11.4730,19.0366,6.5894,5.6961,353.1236,7.0741,-5.1793,0.1524,3.4707,-0.1191,-0.0993,0.9879
32.2780,123.56,-11.5766,19.0397,6.6588,5.6886,353.1096,7.0446,-5.1785,0.1524,3.4691,-0.1194,-0.0991,0.9879
32.2980,123.56,-11.6801,19.0427,6.7281,5.6816,353.0958,7.0164,-5.1776,0.1523,3.4674,-0.1196,-0.0990,0.9879
32.3180,123.56,-11.7837,19.0458,6.7975,5.6750,353.0822,6.9896,-5.1767,0.1523,3.4658,-0.1199,-0.0989,0.9879
32.3380,123.56,-11.8872,19.0488,6.8667,5.6690,353.0687,6.9641,-5.1756,0.1522,3.4641,-0.1201,-0.0988,0.9878
32.3580,123.56,-11.9907,19.0519,6.9360,5.6633,353.0555,6.9400,-5.1745,0.1522,3.4624,-0.1203,-0.0987,0.9878
32.3780,123.56,-12.0942,19.0549,7.0052,5.6581,353.0424,6.9171,-5.1734,0.1522,3.4608,-0.1205,-0.0986,0.9878
32.3980,123.56,-12.1976,19.0579,7.0744,5.6533,353.0295,6.8955,-5.1722,0.1523,3.4591,-0.1208,-0.0985,0.9878
32.4180,123.56,-12.3010,19.0610,7.1435,5.6490,353.0169,6.8751,-5.1709,0.1523,3.4574,-0.1210,-0.0984,0.9878
32.4380,123.56,-12.4044,19.0640,7.2127,5.6450,353.0044,6.8560,-5.1696,0.1524,3.4558,-0.1212,-0.0984,0.9877
32.4580,123.56,-12.5078,19.0671,7.2817,5.6414,352.9922,6.8380,-5.1683,0.1524,3.4541,-0.1214,-0.0983,0.9877
32.4780,123.56,-12.6111,19.0701,7.3508,5.6382,352.9802,6.8212,-5.1669,0.1525,3.4524,-0.1216,-0.0982,0.9877
32.4980,123.56,-12.7144,19.0732,7.4198,5.6353,352.9684,6.8055,-5.1655,0.1526,3.4508,-0.1218,-0.0982,0.9877
32.5180,123.56,-12.8177,19.0762,7.4888,5.6328,352.9568,6.7909,-5.1640,0.1527,3.4491,-0.1220,-0.0982,0.9877
32.5380,123.56,-12.9210,19.0793,7.5577,5.6306,352.9455,6.7773,-5.1625,0.1528,3.4475,-0.1222,-0.0981,0.9876
32.5580,123.56,-13.0242,19.0824,7.6266,5.6287,352.9344,6.7649,-5.1610,0.1529,3.4458,-0.1224,-0.0981,0.9876
32.5780,123.56,-13.1274,19.0854,7.6955,5.6272,352.9236,6.7534,-5.1595,0.1530,3.4442,-0.1226,-0.0981,0.9876
32.5980,123.56,-13.2305,19.0885,7.7644,5.6259,352.9130,6.7429,-5.1579,0.1531,3.4426,-0.1228,-0.0980,0.9876
32.6180,123.56,-13.3336,19.0915,7.8332,5.6249,352.9026,6.7334,-5.1564,0.1533,3.4409,-0.1230,-0.0980,0.9876
32.6380,123.56,-13.4367,19.0946,7.9020,5.6242,352.8926,6.7248,-5.1548,0.1534,3.4393,-0.1231,-0.0980,0.9875
32.6580,123.56,-13.5398,19.0977,7.9707,5.6238,352.8827,6.7171,-5.1532,0.1536,3.4377,-0.1233,-0.0980,0.9875
32.6780,123.56,-13.6428,19.1008,8.0395,5.6237,352.8731,6.7104,-5.1516,0.1537,3.4361,-0.1235,-0.0980,0.9875
32.6980,123.56,-13.7458,19.1038,8.1082,5.6237,352.8638,6.7044,-5.1500,0.1539,3.4345,-0.1236,-0.0980,0.9875
32.7180,123.56,-13.8488,19.1069,8.1768,5.6240,352.8547,6.6993,-5.1484,0.1540,3.4329,-0.1238,-0.0980,0.9875
32.7380,123.56,-13.9517,19.1100,8.2454,5.6246,352.8459,6.6950,-5.1468,0.1542,3.4314,-0.1239,-0.0980,0.9874
32.7580,123.56,-14.0546,19.1131,8.3140,5.6254,352.8373,6.6915,-5.1453,0.1543,3.4298,-0.1241,-0.0980,0.9874
32.7780,123.56,-14.1575,19.1162,8.3826,5.6263,352.8290,6.6887,-5.1437,0.1545,3.4283,-0.1242,-0.0980,0.9874
32.7980,123.56,-14.2604,19.1193,8.4511,5.6275,352.8209,6.6866,-5.1421,0.1547,3.4267,-0.1244,-0.0981,0.9874
32.8180,123.56,-14.3632,19.1224,8.5196,5.6289,352.8131,6.6852,-5.1405,0.1548,3.4252,-0.1245,-0.0981,0.9874
32.8380,123.56,-14.4660,19.1255,8.5881,5.6305,352.8056,6.6845,-5.1390,0.1550,3.4237,-0.1246,-0.0981,0.9873
32.8580,123.56,-14.5687,19.1286,8.6566,5.6322,352.7983,6.6844,-5.1375,0.1552,3.4222,-0.1248,-0.0981,0.9873
32.8780,123.56,-14.6714,19.1317,8.7250,5.6341,352.7913,6.6850,-5.1360,0.1554,3.4207,-0.1249,-0.0982,0.9873
32.8980,123.56,-14.7741,19.1348,8.7934,5.6362,352.7845,6.6861,-5.1345,0.1555,3.4192,-0.1250,-0.0982,0.9873
32.9180,123.56,-14.8768,19.1379,8.8617,5.6384,352.7780,6.6878,-5.1330,0.1557,3.4177,-0.1251,-0.0982,0.9873
32.9380,123.56,-14.9794,19.1410,8.9300,5.6408,352.7717,6.6901,-5.1316,0.1559,3.4163,-0.1252,-0.0983,0.9872
32.9580,123.56,-15.0820,19.1441,8.9983,5.6433,352.7656,6.6929,-5.1301,0.1560,3.4149,-0.1253,-0.0983,0.9872
32.9780,123.56,-15.1846,19.1473,9.0666,5.6460,352.7598,6.6961,-5.1287,0.1562,3.4134,-0.1254,-0.0984,0.9872
32.9980,123.56,-15.2871,19.1504,9.1348,5.6487,352.7543,6.6999,-5.1274,0.1564,3.4120,-0.1255,-0.0984,0.9872
33.0180,123.56,-15.3897,19.1535,9.2031,5.6516,352.7490,6.7041,-5.1260,0.1565,3.4106,-0.1256,-0.0985,0.9872
33.0380,123.56,-15.4921,19.1567,9.2712,5.6547,352.7439,6.7087,-5.1247,0.1567,3.4092,-0.1257,-0.0985,0.9872
33.0580,123.56,-15.5946,19.1598,9.3394,5.6578,352.7391,6.7137,-5.1234,0.1569,3.4079,-0.1258,-0.0986,0.9871
33.0780,123.56,-15.6971,19.1629,9.4075,5.6611,352.7345,6.7191,-5.1222,0.1570,3.4065,-0.1259,-0.0986,0.9871
33.0980,123.56,-15.7995,19.1661,9.4756,5.6644,352.7301,6.7249,-5.1209,0.1572,3.4052,-0.1259,-0.0987,0.9871
33.1180,123.56,-15.9019,19.1692,9.5437,5.6678,352.7260,6.7310,-5.1198,0.1573,3.4038,-0.1260,-0.0988,0.9871
33.1380,123.56,-16.0042,19.1724,9.6118,5.6714,352.7221,6.7374,-5.1186,0.1575,3.4025,-0.1261,-0.0988,0.9871
33.1580,123.56,-16.1066,19.1755,9.6798,5.6750,352.7184,6.7441,-5.1175,0.1576,3.4012,-0.1261,-0.0989,0.9871
33.1780,123.56,-16.2089,19.1787,9.7478,5.6787,352.7149,6.7511,-5.1164,0.1578,3.3999,-0.1262,-0.0989,0.9871
33.1980,123.56,-16.3112,19.1818,9.8158,5.6824,352.7117,6.7583,-5.1154,0.1579,3.3987,-0.1262,-0.0990,0.9870
33.2180,123.56,-16.4135,19.1850,9.8837,5.6863,352.7086,6.7658,-5.1143,0.1580,3.3974,-0.1263,-0.0991,0.9870
33.2380,123.56,-16.5158,19.1882,9.9516,5.6902,352.7057,6.7735,-5.1134,0.1582,3.3962,-0.1263,-0.0991,0.9870
33.2580,123.56,-16.6180,19.1913,10.0195,5.6941,352.7031,6.7815,-5.1124,0.1583,3.3950,-0.1264,-0.0992,0.9870
33.2780,119.94,-16.7203,19.1945,10.0874,5.6981,352.7007,6.7896,-5.1115,0.1584,3.3938,-0.1264,-0.0993,0.9870
33.2980,119.94,-16.8225,19.1977,10.1553,5.7022,352.6984,6.7978,-5.1107,0.1585,3.3926,-0.1265,-0.0994,0.9870
33.3180,119.94,-16.9247,19.2008,10.2231,5.7063,352.6963,6.8063,-5.1098,0.1587,3.3914,-0.1265,-0.0994,0.9870
33.3380,119.94,-17.0268,19.2040,10.2909,5.7105,352.6945,6.8148,-5.1090,0.1588,3.3902,-0.1265,-0.0995,0.9870
33.3580,119.94,-17.1290,19.2072,10.3587,5.7147,352.6927,6.8235,-5.1083,0.1589,3.3891,-0.1266,-0.0996,0.9869
33.3780,119.94,-17.2312,19.2104,10.4264,5.7190,352.6912,6.8323,-5.1076,0.1590,3.3880,-0.1266,-0.0996,0.9869
33.3980,119.94,-17.3333,19.2136,10.4942,5.7233,352.6898,6.8411,-5.1069,0.1591,3.3868,-0.1266,-0.0997,0.9869
33.4180,119.94,-17.4354,19.2167,10.5619,5.7276,352.6887,6.8501,-5.1062,0.1592,3.3857,-0.1266,-0.0998,0.9869
33.4380,119.94,-17.5375,19.2199,10.6296,5.7320,352.6877,6.8591,-5.1056,0.1592,3.3847,-0.1266,-0.0999,0.9869
33.4580,119.94,-17.6396,19.2231,10.6972,5.7363,352.6868,6.8681,-5.1051,0.1593,3.3836,-0.1267,-0.1000,0.9869
33.4780,119.94,-17.7417,19.2263,10.7649,5.7407,352.6861,6.8772,-5.1045,0.1594,3.3825,-0.1267,-0.1000,0.9869
33.4980,119.94,-17.8438,19.2295,10.8325,5.7452,352.6855,6.8863,-5.1041,0.1595,3.3815,-0.1267,-0.1001,0.9869
33.5180,119.94,-17.9459,19.2327,10.9001,5.7496,352.6851,6.8954,-5.1036,0.1595,3.3805,-0.1267,-0.1002,0.9869
33.5380,119.94,-18.0480,19.2359,10.9677,5.7541,352.6848,6.9045,-5.1032,0.1596,3.3795,-0.1267,-0.1003,0.9869
33.5580,119.94,-18.1500,19.2391,11.0353,5.7585,352.6846,6.9136,-5.1028,0.1597,3.3785,-0.1267,-0.1003,0.9869
33.5780,119.94,-18.2521,19.2423,11.1028,5.7630,352.6846,6.9227,-5.1025,0.1597,3.3775,-0.1267,-0.1004,0.9868
33.5980,119.94,-18.3541,19.2455,11.1704,5.7675,352.6847,6.9317,-5.1021,0.1598,3.3765,-0.1267,-0.1005,0.9868
33.6180,119.94,-18.4561,19.2486,11.2379,5.7720,352.6849,6.9407,-5.1019,0.1598,3.3756,-0.1267,-0.1006,0.9868
33.6380,119.94,-18.5582,19.2518,11.3054,5.7765,352.6853,6.9496,-5.1016,0.1598,3.3747,-0.1267,-0.1006,0.9868
33.6580,119.94,-18.6602,19.2550,11.3729,5.7810,352.6857,6.9584,-5.1014,0.1599,3.3738,-0.1267,-0.1007,0.9868
33.6780,119.94,-18.7622,19.2582,11.4403,5.7855,352.6863,6.9672,-5.1012,0.1599,3.3729,-0.1267,-0.1008,0.9868
33.6980,119.94,-18.8642,19.2614,11.5078,5.7900,352.6869,6.9759,-5.1011,0.1599,3.3720,-0.1266,-0.1009,0.9868
33.7180,119.94,-18.9663,19.2646,11.5752,5.7945,352.6877,6.9845,-5.1010,0.1599,3.3711,-0.1266,-0.1010,0.9868
33.7380,119.94,-19.0683,19.2678,11.6426,5.7990,352.6885,6.9930,-5.1009,0.1600,3.3703,-0.1266,-0.1010,0.9868
33.7580,119.94,-19.1703,19.2710,11.7100,5.8035,352.6895,7.0014,-5.1009,0.1600,3.3694,-0.1266,-0.1011,0.9868
33.7780,119.94,-19.2723,19.2742,11.7773,5.8080,352.6905,7.0097,-5.1008,0.1600,3.3686,-0.1266,-0.1012,0.9868
33.7980,119.94,-19.3743,19.2774,11.8447,5.8125,352.6916,7.0178,-5.1008,0.1600,3.3678,-0.1266,-0.1013,0.9868
33.8180,119.94,-19.4764,19.2806,11.9120,5.8169,352.6928,7.0258,-5.1009,0.1600,3.3670,-0.1265,-0.1014,0.9868
33.8380,119.94,-19.5784,19.2838,11.9794,5.8214,352.6940,7.0337,-5.1010,0.1600,3.3663,-0.1265,-0.1014,0.9868
33.8580,119.94,-19.6804,19.2870,12.0467,5.8258,352.6953,7.0415,-5.1010,0.1600,3.3655,-0.1265,-0.1015,0.9868
33.8780,119.94,-19.7824,19.2902,12.1140,5.8302,352.6967,7.0491,-5.1012,0.1599,3.3648,-0.1265,-0.1016,0.9868
33.8980,119.94,-19.8844,19.2934,12.1812,5.8346,352.6982,7.0566,-5.1013,0.1599,3.3640,-0.1264,-0.1017,0.9868
33.9180,119.94,-19.9865,19.2966,12.2485,5.8390,352.6997,7.0639,-5.1015,0.1599,3.3633,-0.1264,-0.1017,0.9867
33.9380,119.94,-20.0885,19.2998,12.3158,5.8434,352.7012,7.0710,-5.1017,0.1599,3.3626,-0.1264,-0.1018,0.9867
33.9580,119.94,-20.1905,19.3030,12.3830,5.8477,352.7028,7.0780,-5.1019,0.1598,3.3619,-0.1264,-0.1019,0.9867
33.9780,119.94,-20.2926,19.3062,12.4502,5.8520,352.7045,7.0848,-5.1022,0.1598,3.3613,-0.1263,-0.1020,0.9867
33.9980,119.94,-20.3946,19.3094,12.5174,5.8563,352.7061,7.0915,-5.1024,0.1598,3.3606,-0.1263,-0.1020,0.9867
34.0180,119.94,-20.4967,19.3126,12.5846,5.8606,352.7079,7.0980,-5.1027,0.1597,3.3600,-0.1263,-0.1021,0.9867
34.0380,119.94,-20.5987,19.3158,12.6518,5.8648,352.7096,7.1043,-5.1030,0.1597,3.3594,-0.1262,-0.1022,0.9867
34.0580,119.94,-20.7008,19.3190,12.7190,5.8690,352.7114,7.1104,-5.1034,0.1596,3.3588,-0.1262,-0.1023,0.9867
34.0780,119.94,-20.8029,19.3222,12.7862,5.8732,352.7132,7.1164,-5.1037,0.1596,3.3582,-0.1262,-0.1023,0.9867
34.0980,119.94,-20.9050,19.3254,12.8533,5.8773,352.7150,7.1221,-5.1041,0.1595,3.3576,-0.1261,-0.1024,0.9867
34.1180,119.94,-21.0071,19.3286,12.9205,5.8814,352.7168,7.1277,-5.1045,0.1595,3.3570,-0.1261,-0.1025,0.9867
34.1380,119.94,-21.1092,19.3318,12.9876,5.8855,352.7187,7.1332,-5.1049,0.1594,3.3565,-0.1261,-0.1025,0.9867
34.1580,119.94,-21.2113,19.3349,13.0547,5.8896,352.7206,7.1384,-5.1053,0.1593,3.3559,-0.1260,-0.1026,0.9867
34.1780,119.94,-21.3134,19.3381,13.1218,5.8936,352.7224,7.1435,-5.1057,0.1593,3.3554,-0.1260,-0.1027,0.9867
34.1980,119.94,-21.4155,19.3413,13.1889,5.8976,352.7243,7.1483,-5.1062,0.1592,3.3549,-0.1260,-0.1028,0.9867
34.2180,119.94,-21.5176,19.3445,13.2560,5.9015,352.7262,7.1530,-5.1066,0.1591,3.3544,-0.1259,-0.1028,0.9867
34.2380,119.94,-21.6198,19.3477,13.3231,5.9054,352.7281,7.1575,-5.1071,0.1590,3.3539,-0.1259,-0.1029,0.9867
34.2580,119.94,-21.7219,19.3509,13.3902,5.9093,352.7300,7.1618,-5.1076,0.1590,3.3535,-0.1259,-0.1030,0.9867
34.2780,119.94,-21.8241,19.3540,13.4572,5.9132,352.7319,7.1660,-5.1081,0.1589,3.3530,-0.1258,-0.1030,0.9867
34.2980,123.68,-21.9263,19.3572,13.5243,5.9170,352.7338,7.1699,-5.1086,0.1588,3.3526,-0.1258,-0.1031,0.9867
34.3180,123.68,-22.0284,19.3604,13.5913,5.9207,352.7357,7.1737,-5.1091,0.1587,3.3521,-0.1258,-0.1032,0.9867
34.3380,123.68,-22.1306,19.3635,13.6583,5.9245,352.7375,7.1773,-5.1097,0.1586,3.3517,-0.1257,-0.1032,0.9867
34.3580,123.68,-22.2328,19.3667,13.7254,5.9281,352.7394,7.1807,-5.1102,0.1585,3.3513,-0.1257,-0.1033,0.9867
34.3780,123.68,-22.3351,19.3699,13.7924,5.9318,352.7412,7.1839,-5.1108,0.1584,3.3509,-0.1257,-0.1033,0.9867
34.3980,123.68,-22.4373,19.3731,13.8594,5.9354,352.7430,7.1870,-5.1113,0.1583,3.3506,-0.1256,-0.1034,0.9867
34.4180,123.68,-22.5395,19.3762,13.9264,5.9389,352.7448,7.1898,-5.1119,0.1582,3.3502,-0.1256,-0.1035,0.9867
34.4380,123.68,-22.6418,19.3794,13.9934,5.9425,352.7466,7.1925,-5.1125,0.1582,3.3499,-0.1256,-0.1035,0.9867
34.4580,123.68,-22.7440,19.3825,14.0604,5.9459,352.7484,7.1951,-5.1131,0.1581,3.3495,-0.1255,-0.1036,0.9867
34.4780,123.68,-22.8463,19.3857,14.1274,5.9494,352.7501,7.1974,-5.1136,0.1580,3.3492,-0.1255,-0.1036,0.9867
34.4980,123.68,-22.9486,19.3889,14.1943,5.9527,352.7518,7.1997,-5.1142,0.1579,3.3489,-0.1255,-0.1037,0.9867
34.5180,123.68,-23.0509,19.3920,14.2613,5.9561,352.7535,7.2017,-5.1148,0.1577,3.3486,-0.1255,-0.1038,0.9867
34.5380,123.68,-23.1532,19.3952,14.3283,5.9594,352.7551,7.2036,-5.1154,0.1576,3.3483,-0.1254,-0.1038,0.9867
34.5580,123.68,-23.2555,19.3983,14.3952,5.9626,352.7567,7.2053,-5.1160,0.1575,3.3480,-0.1254,-0.1039,0.9867
34.5780,123.68,-23.3578,19.4015,14.4622,5.9658,352.7583,7.2068,-5.1166,0.1574,3.3477,-0.1254,-0.1039,0.9867
34.5980,123.68,-23.4602,19.4046,14.5291,5.9690,352.7599,7.2082,-5.1172,0.1573,3.3475,-0.1253,-0.1040,0.9866
34.6180,123.68,-23.5625,19.4078,14.5961,5.9721,352.7614,7.2095,-5.1178,0.1572,3.3472,-0.1253,-0.1040,0.9866
34.6380,123.68,-23.6649,19.4109,14.6630,5.9751,352.7629,7.2106,-5.1184,0.1571,3.3470,-0.1253,-0.1041,0.9866
34.6580,123.68,-23.7673,19.4140,14.7300,5.9781,352.7643,7.2115,-5.1191,0.1570,3.3468,-0.1253,-0.1041,0.9866
34.6780,123.68,-23.8697,19.4172,14.7969,5.9811,352.7658,7.2124,-5.1197,0.1569,3.3466,-0.1252,-0.1042,0.9866
34.6980,123.68,-23.9721,19.4203,14.8638,5.9840,352.7672,7.2130,-5.1203,0.1568,3.3464,-0.1252,-0.1043,0.9866
34.7180,123.68,-24.0745,19.4234,14.9308,5.9869,352.7685,7.2136,-5.1209,0.1567,3.3462,-0.1252,-0.1043,0.9866
34.7380,123.68,-24.1769,19.4266,14.9977,5.9897,352.7698,7.2140,-5.1215,0.1566,3.3460,-0.1252,-0.1043,0.9866
34.7580,123.68,-24.2794,19.4297,15.0646,5.9924,352.7710,7.2143,-5.1221,0.1564,3.3458,-0.1251,-0.1044,0.9866
34.7780,123.68,-24.3818,19.4328,15.1315,5.9952,352.7722,7.2144,-5.1227,0.1563,3.3457,-0.1251,-0.1044,0.9866
34.7980,123.68,-24.4843,19.4360,15.1984,5.9978,352.7734,7.2145,-5.1233,0.1562,3.3455,-0.1251,-0.1045,0.9866
34.8180,123.68,-24.5868,19.4391,15.2653,6.0004,352.7746,7.2144,-5.1239,0.1561,3.3454,-0.1251,-0.1045,0.9866
34.8380,123.68,-24.6893,19.4422,15.3322,6.0030,352.7757,7.2142,-5.1245,0.1560,3.3453,-0.1251,-0.1046,0.9866
34.8580,123.68,-24.7918,19.4453,15.3991,6.0055,352.7767,7.2139,-5.1251,0.1559,3.3451,-0.1250,-0.1046,0.9866
34.8780,123.68,-24.8943,19.4484,15.4660,6.0080,352.7777,7.2134,-5.1256,0.1558,3.3450,-0.1250,-0.1047,0.9866
34.8980,123.68,-24.9968,19.4515,15.5329,6.0104,352.7787,7.2129,-5.1262,0.1557,3.3449,-0.1250,-0.1047,0.9866
34.9180,123.68,-25.0993,19.4547,15.5998,6.0128,352.7797,7.2123,-5.1268,0.1555,3.3448,-0.1250,-0.1047,0.9866
34.9380,123.68,-25.2019,19.4578,15.6667,6.0151,352.7805,7.2116,-5.1274,0.1554,3.3447,-0.1250,-0.1048,0.9866
34.9580,123.68,-25.3045,19.4609,15.7336,6.0173,352.7814,7.2107,-5.1279,0.1553,3.3447,-0.1250,-0.1048,0.9866
34.9780,123.68,-25.4070,19.4640,15.8005,6.0195,352.7822,7.2098,-5.1285,0.1552,3.3446,-0.1249,-0.1049,0.9866
34.9980,123.68,-25.5096,19.4671,15.8674,6.0217,352.7830,7.2088,-5.1290,0.1551,3.3445,-0.1249,-0.1049,0.9866
35.0180,123.68,-25.6122,19.4702,15.9343,6.0238,352.7837,7.2077,-5.1296,0.1550,3.3445,-0.1249,-0.1049,0.9866
35.0380,123.68,-25.7148,19.4733,16.0012,6.0258,352.7844,7.2066,-5.1301,0.1549,3.3444,-0.1249,-0.1050,0.9866
35.0580,123.68,-25.8174,19.4764,16.0681,6.0278,352.7850,7.2053,-5.1307,0.1548,3.3444,-0.1249,-0.1050,0.9866
35.0780,123.68,-25.9200,19.4795,16.1349,6.0298,352.7856,7.2040,-5.1312,0.1547,3.3444,-0.1249,-0.1050,0.9866
35.0980,123.68,-26.0227,19.4826,16.2018,6.0317,352.7862,7.2026,-5.1317,0.1545,3.3443,-0.1249,-0.1051,0.9866
35.1180,123.68,-26.1253,19.4856,16.2687,6.0335,352.7867,7.2012,-5.1322,0.1544,3.3443,-0.1249,-0.1051,0.9866
35.1380,123.68,-26.2280,19.4887,16.3356,6.0353,352.7872,7.1996,-5.1327,0.1543,3.3443,-0.1249,-0.1051,0.9866
35.1580,123.68,-26.3306,19.4918,16.4025,6.0371,352.7877,7.1981,-5.1332,0.1542,3.3443,-0.1249,-0.1052,0.9866
35.1780,123.68,-26.4333,19.4949,16.4694,6.0388,352.7881,7.1964,-5.1337,0.1541,3.3443,-0.1248,-0.1052,0.9866
35.1980,123.68,-26.5360,19.4980,16.5363,6.0404,352.7885,7.1947,-5.1342,0.1540,3.3443,-0.1248,-0.1052,0.9866
35.2180,123.68,-26.6387,19.5011,16.6032,6.0420,352.7888,7.1930,-5.1346,0.1539,3.3443,-0.1248,-0.1053,0.9866
35.2380,123.68,-26.7414,19.5041,16.6700,6.0435,352.7891,7.1912,-5.1351,0.1538,3.3443,-0.1248,-0.1053,0.9866
35.2580,123.68,-26.8441,19.5072,16.7369,6.0450,352.7894,7.1894,-5.1356,0.1537,3.3444,-0.1248,-0.1053,0.9866
35.2780,123.68,-26.9468,19.5103,16.8038,6.0465,352.7896,7.1875,-5.1360,0.1536,3.3444,-0.1248,-0.1053,0.9866
35.2980,124.95,-27.0495,19.5133,16.8707,6.0479,352.7898,7.1856,-5.1364,0.1535,3.3444,-0.1248,-0.1054,0.9866
35.3180,124.95,-27.1523,19.5164,16.9376,6.0492,352.7899,7.1836,-5.1369,0.1534,3.3445,-0.1248,-0.1054,0.9866
35.3380,124.95,-27.2550,19.5195,17.0045,6.0505,352.7901,7.1817,-5.1373,0.1533,3.3445,-0.1248,-0.1054,0.9866
35.3580,124.95,-27.3578,19.5225,17.0714,6.0518,352.7902,7.1797,-5.1377,0.1532,3.3445,-0.1248,-0.1054,0.9866
35.3780,124.95,-27.4605,19.5256,17.1383,6.0530,352.7903,7.1776,-5.1381,0.1531,3.3446,-0.1248,-0.1054,0.9866
35.3980,124.95,-27.5633,19.5287,17.2052,6.0541,352.7903,7.1756,-5.1385,0.1530,3.3447,-0.1248,-0.1055,0.9866
35.4180,124.95,-27.6661,19.5317,17.2721,6.0552,352.7903,7.1735,-5.1389,0.1529,3.3447,-0.1248,-0.1055,0.9866
35.4380,124.95,-27.7689,19.5348,17.3390,6.0563,352.7903,7.1714,-5.1393,0.1528,3.3448,-0.1248,-0.1055,0.9866
35.4580,124.95,-27.8717,19.5378,17.4058,6.0573,352.7902,7.1693,-5.1396,0.1527,3.3448,-0.1248,-0.1055,0.9866
35.4780,124.95,-27.9745,19.5409,17.4727,6.0583,352.7902,7.1671,-5.1400,0.1526,3.3449,-0.1248,-0.1055,0.9866
35.4980,124.95,-28.0773,19.5439,17.5396,6.0592,352.7901,7.1650,-5.1403,0.1525,3.3450,-0.1248,-0.1056,0.9866
35.5180,124.95,-28.1801,19.5470,17.6065,6.0601,352.7899,7.1628,-5.1407,0.1524,3.3451,-0.1248,-0.1056,0.9865
35.5380,124.95,-28.2829,19.5500,17.6735,6.0609,352.7898,7.1607,-5.1410,0.1523,3.3452,-0.1248,-0.1056,0.9865
35.5580,124.95,-28.3857,19.5531,17.7404,6.0617,352.7896,7.1585,-5.1413,0.1523,3.3452,-0.1248,-0.1056,0.9865
35.5780,124.95,-28.4886,19.5561,17.8073,6.0625,352.7894,7.1563,-5.1416,0.1522,3.3453,-0.1248,-0.1056,0.9865
35.5980,124.95,-28.5914,19.5592,17.8742,6.0632,352.7892,7.1542,-5.1420,0.1521,3.3454,-0.1248,-0.1056,0.9865
35.6180,124.95,-28.6942,19.5622,17.9411,6.0638,352.7890,7.1520,-5.1422,0.1520,3.3455,-0.1248,-0.1056,0.9865
35.6380,124.95,-28.7971,19.5652,18.0080,6.0645,352.7887,7.1499,-5.1425,0.1519,3.3456,-0.1248,-0.1056,0.9865
35.6580,124.95,-28.9000,19.5683,18.0749,6.0650,352.7885,7.1477,-5.1428,0.1518,3.3457,-0.1248,-0.1057,0.9865
35.6780,124.95,-29.0028,19.5713,18.1418,6.0656,352.7881,7.1456,-5.1431,0.1518,3.3458,-0.1248,-0.1057,0.9865
35.6980,124.95,-29.1057,19.5743,18.2087,6.0661,352.7878,7.1434,-5.1434,0.1517,3.3459,-0.1248,-0.1057,0.9865
35.7180,124.95,-29.2086,19.5774,18.2757,6.0666,352.7875,7.1413,-5.1436,0.1516,3.3460,-0.1248,-0.1057,0.9865
35.7380,124.95,-29.3114,19.5804,18.3426,6.0670,352.7872,7.1392,-5.1439,0.1515,3.3461,-0.1249,-0.1057,0.9865
35.7580,124.95,-29.4143,19.5834,18.4095,6.0674,352.7868,7.1371,-5.1441,0.1514,3.3462,-0.1249,-0.1057,0.9865
35.7780,124.95,-29.5172,19.5865,18.4764,6.0677,352.7865,7.1350,-5.1443,0.1514,3.3463,-0.1249,-0.1057,0.9865
35.7980,124.95,-29.6201,19.5895,18.5434,6.0680,352.7861,7.1329,-5.1445,0.1513,3.3464,-0.1249,-0.1057,0.9865
35.8180,124.95,-29.7230,19.5925,18.6103,6.0683,352.7857,7.1309,-5.1448,0.1512,3.3465,-0.1249,-0.1057,0.9865
35.8380,124.95,-29.8259,19.5955,18.6772,6.0686,352.7853,7.1289,-5.1450,0.1512,3.3466,-0.1249,-0.1057,0.9865
35.8580,124.95,-29.9288,19.5985,18.7442,6.0688,352.7849,7.1268,-5.1452,0.1511,3.3467,-0.1249,-0.1057,0.9865
35.8780,124.95,-30.0317,19.6016,18.8111,6.0689,352.7845,7.1249,-5.1454,0.1510,3.3468,-0.1249,-0.1057,0.9865
35.8980,124.95,-30.1346,19.6046,18.8780,6.0691,352.7840,7.1229,-5.1455,0.1510,3.3470,-0.1249,-0.1057,0.9865
35.9180,124.95,-30.2375,19.6076,18.9450,6.0692,352.7836,7.1210,-5.1457,0.1509,3.3471,-0.1249,-0.1057,0.9865
35.9380,124.95,-30.3404,19.6106,19.0119,6.0693,352.7831,7.1190,-5.1459,0.1508,3.3472,-0.1249,-0.1057,0.9865
35.9580,124.95,-30.4434,19.6136,19.0789,6.0693,352.7827,7.1172,-5.1460,0.1508,3.3473,-0.1249,-0.1057,0.9865
35.9780,124.95,-30.5463,19.6167,19.1458,6.0693,352.7822,7.1153,-5.1462,0.1507,3.3474,-0.1249,-0.1057,0.9865
35.9980,124.95,-30.6492,19.6197,19.2128,6.0693,352.7818,7.1135,-5.1464,0.1506,3.3475,-0.1249,-0.1057,0.9865
36.0180,124.95,-30.7521,19.6227,19.2797,6.0693,352.7813,7.1117,-5.1465,0.1506,3.3476,-0.1250,-0.1057,0.9865
36.0380,124.95,-30.8551,19.6257,19.3467,6.0692,352.7809,7.1099,-5.1466,0.1505,3.3477,-0.1250,-0.1057,0.9865
36.0580,124.95,-30.9580,19.6287,19.4136,6.0691,352.7804,7.1082,-5.1468,0.1505,3.3478,-0.1250,-0.1057,0.9865
36.0780,124.95,-31.0609,19.6317,19.4806,6.0690,352.7799,7.1065,-5.1469,0.1504,3.3479,-0.1250,-0.1057,0.9865
36.0980,124.95,-31.1639,19.6347,19.5475,6.0689,352.7794,7.1048,-5.1470,0.1504,3.3481,-0.1250,-0.1057,0.9865
36.1180,124.95,-31.2668,19.6377,19.6145,6.0687,352.7790,7.1031,-5.1471,0.1503,3.3482,-0.1250,-0.1057,0.9865
36.1380,124.95,-31.3698,19.6407,19.6815,6.0685,352.7785,7.1015,-5.1472,0.1502,3.3483,-0.1250,-0.1057,0.9865
36.1580,124.95,-31.4727,19.6437,19.7484,6.0683,352.7780,7.0999,-5.1473,0.1502,3.3484,-0.1250,-0.1057,0.9865
36.1780,124.95,-31.5757,19.6467,19.8154,6.0681,352.7775,7.0984,-5.1474,0.1501,3.3485,-0.1250,-0.1057,0.9865
36.1980,124.95,-31.6786,19.6497,19.8824,6.0678,352.7771,7.0969,-5.1475,0.1501,3.3486,-0.1250,-0.1057,0.9865
36.2180,124.95,-31.7816,19.6527,19.9494,6.0675,352.7766,7.0954,-5.1476,0.1501,3.3487,-0.1250,-0.1057,0.9865
36.2380,124.95,-31.8845,19.6557,20.0163,6.0672,352.7761,7.0939,-5.1477,0.1500,3.3488,-0.1250,-0.1057,0.9865
36.2580,124.95,-31.9875,19.6587,20.0833,6.0669,352.7757,7.0925,-5.1477,0.1500,3.3489,-0.1251,-0.1057,0.9865
36.2780,124.95,-32.0904,19.6617,20.1503,6.0666,352.7752,7.0911,-5.1478,0.1499,3.3490,-0.1251,-0.1057,0.9865
36.2980,121.34,-32.1934,19.6647,20.2173,6.0662,352.7748,7.0898,-5.1479,0.1499,3.3491,-0.1251,-0.1057,0.9865
36.3180,121.34,-32.2963,19.6677,20.2843,6.0658,352.7743,7.0885,-5.1479,0.1498,3.3492,-0.1251,-0.1057,0.9865
36.3380,121.34,-32.3993,19.6707,20.3512,6.0655,352.7739,7.0872,-5.1480,0.1498,3.3493,-0.1251,-0.1057,0.9865
36.3580,121.34,-32.5023,19.6737,20.4182,6.0650,352.7734,7.0860,-5.1480,0.1497,3.3494,-0.1251,-0.1057,0.9865
36.3780,121.34,-32.6052,19.6767,20.4852,6.0646,352.7730,7.0848,-5.1481,0.1497,3.3495,-0.1251,-0.1057,0.9865
36.3980,121.34,-32.7082,19.6797,20.5522,6.0642,352.7726,7.0836,-5.1481,0.1497,3.3496,-0.1251,-0.1056,0.9865
36.4180,121.34,-32.8112,19.6827,20.6192,6.0637,352.7722,7.0825,-5.1481,0.1496,3.3496,-0.1251,-0.1056,0.9865
36.4380,121.34,-32.9141,19.6857,20.6862,6.0633,352.7718,7.0814,-5.1482,0.1496,3.3497,-0.1251,-0.1056,0.9865
36.4580,121.34,-33.0171,19.6887,20.7532,6.0628,352.7714,7.0803,-5.1482,0.1496,3.3498,-0.1251,-0.1056,0.9865
36.4780,121.34,-33.1200,19.6917,20.8202,6.0623,352.7710,7.0793,-5.1482,0.1495,3.3499,-0.1251,-0.1056,0.9865
36.4980,121.34,-33.2230,19.6947,20.8872,6.0618,352.7706,7.0782,-5.1483,0.1495,3.3500,-0.1251,-0.1056,0.9865
36.5180,121.34,-33.3260,19.6976,20.9542,6.0613,352.7702,7.0773,-5.1483,0.1495,3.3501,-0.1251,-0.1056,0.9865
36.5380,121.34,-33.4289,19.7006,21.0212,6.0608,352.7698,7.0763,-5.1483,0.1494,3.3501,-0.1252,-0.1056,0.9865
36.5580,121.34,-33.5319,19.7036,21.0882,6.0603,352.7695,7.0754,-5.1483,0.1494,3.3502,-0.1252,-0.1056,0.9865
36.5780,121.34,-33.6349,19.7066,21.1552,6.0598,352.7691,7.0746,-5.1483,0.1494,3.3503,-0.1252,-0.1056,0.9865
36.5980,121.34,-33.7378,19.7096,21.2222,6.0593,352.7688,7.0737,-5.1483,0.1493,3.3504,-0.1252,-0.1056,0.9865
36.6180,121.34,-33.8408,19.7126,21.2892,6.0587,352.7685,7.0729,-5.1483,0.1493,3.3504,-0.1252,-0.1055,0.9865
36.6380,121.34,-33.9438,19.7156,21.3562,6.0582,352.7681,7.0721,-5.1483,0.1493,3.3505,-0.1252,-0.1055,0.9865
36.6580,121.34,-34.0467,19.7186,21.4232,6.0576,352.7678,7.0714,-5.1483,0.1493,3.3506,-0.1252,-0.1055,0.9865
36.6780,121.34,-34.1497,19.7215,21.4903,6.0571,352.7675,7.0707,-5.1483,0.1492,3.3506,-0.1252,-0.1055,0.9865
36.6980,121.34,-34.2527,19.7245,21.5573,6.0565,352.7672,7.0700,-5.1483,0.1492,3.3507,-0.1252,-0.1055,0.9865
36.7180,121.34,-34.3556,19.7275,21.6243,6.0559,352.7669,7.0693,-5.1483,0.1492,3.3508,-0.1252,-0.1055,0.9865
36.7380,121.34,-34.4586,19.7305,21.6913,6.0554,352.7667,7.0687,-5.1483,0.1492,3.3508,-0.1252,-0.1055,0.9865
36.7580,121.34,-34.5616,19.7335,21.7583,6.0548,352.7664,7.0681,-5.1483,0.1491,3.3509,-0.1252,-0.1055,0.9865
36.7780,121.34,-34.6645,19.7365,21.8253,6.0542,352.7662,7.0675,-5.1483,0.1491,3.3509,-0.1252,-0.1055,0.9865
36.7980,121.34,-34.7675,19.7394,21.8924,6.0536,352.7659,7.0670,-5.1483,0.1491,3.3510,-0.1252,-0.1055,0.9865
36.8180,121.34,-34.8705,19.7424,21.9594,6.0531,352.7657,7.0665,-5.1482,0.1491,3.3510,-0.1252,-0.1054,0.9865
36.8380,121.34,-34.9734,19.7454,22.0264,6.0525,352.7655,7.0660,-5.1482,0.1491,3.3511,-0.1252,-0.1054,0.9865
36.8580,121.34,-35.0764,19.7484,22.0934,6.0519,352.7653,7.0655,-5.1482,0.1491,3.3511,-0.1252,-0.1054,0.9865
36.8780,121.34,-35.1794,19.7514,22.1604,6.0514,352.7651,7.0651,-5.1482,0.1490,3.3512,-0.1252,-0.1054,0.9865
36.8980,121.34,-35.2823,19.7543,22.2275,6.0508,352.7649,7.0647,-5.1482,0.1490,3.3512,-0.1252,-0.1054,0.9865
36.9180,121.34,-35.3853,19.7573,22.2945,6.0502,352.7647,7.0643,-5.1481,0.1490,3.3512,-0.1252,-0.1054,0.9865
36.9380,121.34,-35.4882,19.7603,22.3615,6.0496,352.7645,7.0639,-5.1481,0.1490,3.3513,-0.1252,-0.1054,0.9865
36.9580,121.34,-35.5912,19.7633,22.4285,6.0491,352.7644,7.0636,-5.1481,0.1490,3.3513,-0.1252,-0.1054,0.9865
36.9780,121.34,-35.6942,19.7663,22.4956,6.0485,352.7642,7.0632,-5.1480,0.1490,3.3514,-0.1253,-0.1054,0.9865
36.9980,121.34,-35.7971,19.7692,22.5626,6.0480,352.7641,7.0629,-5.1480,0.1489,3.3514,-0.1253,-0.1054,0.9865
37.0180,121.34,-35.9001,19.7722,22.6296,6.0474,352.7639,7.0627,-5.1480,0.1489,3.3514,-0.1253,-0.1054,0.9865
37.0380,121.34,-36.0030,19.7752,22.6967,6.0469,352.7639,7.0624,-5.1480,0.1489,3.3514,-0.1253,-0.1053,0.9865
37.0580,121.34,-36.1060,19.7782,22.7637,6.0463,352.7637,7.0622,-5.1479,0.1489,3.3515,-0.1253,-0.1053,0.9865
37.0780,121.34,-36.2090,19.7812,22.8307,6.0458,352.7636,7.0619,-5.1479,0.1489,3.3515,-0.1253,-0.1053,0.9865
37.0980,121.34,-36.3119,19.7841,22.8977,6.0452,352.7635,7.0617,-5.1479,0.1489,3.3515,-0.1253,-0.1053,0.9865
37.1180,121.34,-36.4149,19.7871,22.9648,6.0447,352.7635,7.0616,-5.1478,0.1489,3.3515,-0.1253,-0.1053,0.9865
37.1380,121.34,-36.5178,19.7901,23.0318,6.0442,352.7634,7.0614,-5.1478,0.1489,3.3516,-0.1253,-0.1053,0.9865
37.1580,121.34,-36.6208,19.7931,23.0988,6.0437,352.7633,7.0612,-5.1478,0.1489,3.3516,-0.1253,-0.1053,0.9865
37.1780,121.34,-36.7237,19.7960,23.1659,6.0432,352.7633,7.0611,-5.1477,0.1488,3.3516,-0.1253,-0.1053,0.9865
37.1980,121.34,-36.8267,19.7990,23.2329,6.0427,352.7632,7.0610,-5.1477,0.1488,3.3516,-0.1253,-0.1053,0.9865
37.2180,121.34,-36.9297,19.8020,23.2999,6.0422,352.7632,7.0609,-5.1477,0.1488,3.3516,-0.1253,-0.1053,0.9865
37.2380,121.34,-37.0326,19.8050,23.3670,6.0417,352.7632,7.0608,-5.1476,0.1488,3.3516,-0.1253,-0.1053,0.9865
37.2580,121.34,-37.1356,19.8079,23.4340,6.0412,352.7632,7.0607,-5.1476,0.1488,3.3516,-0.1253,-0.1052,0.9865
37.2780,121.34,-37.2385,19.8109,23.5010,6.0407,352.7632,7.0607,-5.1476,0.1488,3.3517,-0.1253,-0.1052,0.9865
37.2980,123.81,-37.3415,19.8139,23.5681,6.0403,352.7632,7.0606,-5.1475,0.1488,3.3517,-0.1253,-0.1052,0.9865
37.3180,123.81,-37.4444,19.8169,23.6351,6.0398,352.7632,7.0606,-5.1475,0.1488,3.3517,-0.1253,-0.1052,0.9865
37.3380,123.81,-37.5474,19.8199,23.7021,6.0394,352.7632,7.0606,-5.1474,0.1488,3.3517,-0.1253,-0.1052,0.9865
37.3580,123.81,-37.6503,19.8228,23.7692,6.0389,352.7632,7.0606,-5.1474,0.1488,3.3517,-0.1253,-0.1052,0.9865
37.3780,123.81,-37.7532,19.8258,23.8362,6.0385,352.7632,7.0606,-5.1474,0.1488,3.3517,-0.1253,-0.1052,0.9865
37.3980,123.81,-37.8562,19.8288,23.9032,6.0381,352.7632,7.0606,-5.1473,0.1488,3.3517,-0.1253,-0.1052,0.9865
37.4180,123.81,-37.9591,19.8318,23.9703,6.0377,352.7633,7.0606,-5.1473,0.1488,3.3517,-0.1253,-0.1052,0.9865
37.4380,123.81,-38.0621,19.8347,24.0373,6.0373,352.7633,7.0607,-5.1473,0.1488,3.3517,-0.1253,-0.1052,0.9865
37.4580,123.81,-38.1650,19.8377,24.1043,6.0369,352.7634,7.0607,-5.1472,0.1488,3.3517,-0.1253,-0.1052,0.9865
37.4780,123.81,-38.2680,19.8407,24.1714,6.0365,352.7634,7.0607,-5.1472,0.1488,3.3517,-0.1253,-0.1052,0.9865
37.4980,123.81,-38.3709,19.8437,24.2384,6.0361,352.7635,7.0608,-5.1472,0.1488,3.3516,-0.1253,-0.1052,0.9865
37.5180,123.81,-38.4739,19.8466,24.3054,6.0358,352.7636,7.0609,-5.1471,0.1487,3.3516,-0.1253,-0.1051,0.9865
37.5380,123.81,-38.5768,19.8496,24.3725,6.0354,352.7636,7.0610,-5.1471,0.1487,3.3516,-0.1253,-0.1051,0.9865
37.5580,123.81,-38.6797,19.8526,24.4395,6.0351,352.7637,7.0610,-5.1471,0.1487,3.3516,-0.1253,-0.1051,0.9865
37.5780,123.81,-38.7827,19.8556,24.5065,6.0347,352.7638,7.0611,-5.1470,0.1487,3.3516,-0.1253,-0.1051,0.9865
37.5980,123.81,-38.8856,19.8585,24.5736,6.0344,352.7639,7.0612,-5.1470,0.1487,3.3516,-0.1253,-0.1051,0.9865
37.6180,123.81,-38.9886,19.8615,24.6406,6.0341,352.7640,7.0613,-5.1470,0.1487,3.3516,-0.1253,-0.1051,0.9865
37.6380,123.81,-39.0915,19.8645,24.7076,6.0338,352.7641,7.0614,-5.1470,0.1487,3.3516,-0.1253,-0.1051,0.9865
37.6580,123.81,-39.1944,19.8675,24.7747,6.0335,352.7642,7.0615,-5.1469,0.1487,3.3516,-0.1253,-0.1051,0.9865
37.6780,123.81,-39.2974,19.8704,24.8417,6.0332,352.7643,7.0616,-5.1469,0.1487,3.3515,-0.1253,-0.1051,0.9865
37.6980,123.81,-39.4003,19.8734,24.9087,6.0329,352.7644,7.0617,-5.1469,0.1487,3.3515,-0.1253,-0.1051,0.9865
37.7180,123.81,-39.5033,19.8764,24.9757,6.0327,352.7645,7.0619,-5.1468,0.1487,3.3515,-0.1253,-0.1051,0.9865
37.7380,123.81,-39.6062,19.8794,25.0428,6.0324,352.7646,7.0620,-5.1468,0.1487,3.3515,-0.1252,-0.1051,0.9865
37.7580,123.81,-39.7091,19.8823,25.1098,6.0322,352.7647,7.0621,-5.1468,0.1487,3.3515,-0.1252,-0.1051,0.9865
37.7780,123.81,-39.8121,19.8853,25.1768,6.0320,352.7649,7.0622,-5.1467,0.1487,3.3514,-0.1252,-0.1051,0.9865
37.7980,123.81,-39.9150,19.8883,25.2439,6.0317,352.7650,7.0624,-5.1467,0.1487,3.3514,-0.1252,-0.1051,0.9865
37.8180,123.81,-40.0179,19.8913,25.3109,6.0315,352.7651,7.0625,-5.1467,0.1487,3.3514,-0.1252,-0.1051,0.9865
37.8380,123.81,-40.1209,19.8942,25.3779,6.0313,352.7653,7.0626,-5.1467,0.1487,3.3514,-0.1252,-0.1051,0.9865
37.8580,123.81,-40.2238,19.8972,25.4449,6.0311,352.7654,7.0628,-5.1466,0.1487,3.3514,-0.1252,-0.1051,0.9865
37.8780,123.81,-40.3267,19.9002,25.5120,6.0309,352.7655,7.0629,-5.1466,0.1487,3.3513,-0.1252,-0.1051,0.9865
37.8980,123.81,-40.4297,19.9032,25.5790,6.0308,352.7657,7.0631,-5.1466,0.1487,3.3513,-0.1252,-0.1051,0.9865
37.9180,123.81,-40.5326,19.9061,25.6460,6.0306,352.7658,7.0632,-5.1466,0.1487,3.3513,-0.1252,-0.1051,0.9865
37.9380,123.81,-40.6355,19.9091,25.7131,6.0304,352.7659,7.0633,-5.1465,0.1487,3.3513,-0.1252,-0.1051,0.9866
37.9580,123.81,-40.7385,19.9121,25.7801,6.0303,352.7661,7.0635,-5.1465,0.1487,3.3512,-0.1252,-0.1051,0.9866
37.9780,123.81,-40.8414,19.9151,25.8471,6.0302,352.7662,7.0636,-5.1465,0.1487,3.3512,-0.1252,-0.1051,0.9866
37.9980,123.81,-40.9443,19.9180,25.9141,6.0300,352.7663,7.0638,-5.1465,0.1487,3.3512,-0.1252,-0.1050,0.9866
38.0180,123.81,-41.0472,19.9210,25.9811,6.0299,352.7664,7.0639,-5.1465,0.1487,3.3512,-0.1252,-0.1050,0.9866
38.0380,123.81,-41.1502,19.9240,26.0482,6.0298,352.7666,7.0640,-5.1464,0.1487,3.3512,-0.1252,-0.1050,0.9866
38.0580,123.81,-41.2531,19.9270,26.1152,6.0297,352.7667,7.0642,-5.1464,0.1487,3.3511,-0.1252,-0.1050,0.9866
38.0780,123.81,-41.3560,19.9299,26.1822,6.0296,352.7669,7.0643,-5.1464,0.1487,3.3511,-0.1252,-0.1050,0.9866
38.0980,123.81,-41.4590,19.9329,26.2492,6.0295,352.7670,7.0645,-5.1464,0.1487,3.3511,-0.1252,-0.1050,0.9866
38.1180,123.81,-41.5619,19.9359,26.3163,6.0295,352.7672,7.0646,-5.1464,0.1487,3.3511,-0.1252,-0.1050,0.9866
38.1380,123.81,-41.6648,19.9389,26.3833,6.0294,352.7673,7.0647,-5.1463,0.1487,3.3510,-0.1252,-0.1050,0.9866
38.1580,123.81,-41.7677,19.9418,26.4503,6.0293,352.7674,7.0649,-5.1463,0.1487,3.3510,-0.1252,-0.1050,0.9866
38.1780,123.81,-41.8707,19.9448,26.5173,6.0293,352.7675,7.0650,-5.1463,0.1488,3.3510,-0.1252,-0.1050,0.9866
38.1980,123.81,-41.9736,19.9478,26.5843,6.0292,352.7677,7.0651,-5.1463,0.1488,3.3510,-0.1252,-0.1050,0.9866
38.2180,123.81,-42.0765,19.9508,26.6514,6.0292,352.7678,7.0652,-5.1463,0.1488,3.3509,-0.1252,-0.1050,0.9866
38.2380,123.81,-42.1794,19.9537,26.7184,6.0292,352.7679,7.0654,-5.1463,0.1488,3.3509,-0.1252,-0.1050,0.9866
38.2580,123.81,-42.2824,19.9567,26.7854,6.0291,352.7681,7.0655,-5.1463,0.1488,3.3509,-0.1252,-0.1050,0.9866
38.2780,123.81,-42.3853,19.9597,26.8524,6.0291,352.7682,7.0656,-5.1462,0.1488,3.3509,-0.1252,-0.1050,0.9866
38.2980,125.59,-42.4882,19.9627,26.9194,6.0291,352.7683,7.0657,-5.1462,0.1488,3.3508,-0.1252,-0.1050,0.9866
38.3180,125.59,-42.5911,19.9656,26.9864,6.0291,352.7685,7.0659,-5.1462,0.1488,3.3508,-0.1252,-0.1050,0.9866
38.3380,125.59,-42.6941,19.9686,27.0535,6.0291,352.7686,7.0660,-5.1462,0.1488,3.3508,-0.1252,-0.1050,0.9866
38.3580,125.59,-42.7970,19.9716,27.1205,6.0291,352.7687,7.0661,-5.1462,0.1488,3.3508,-0.1252,-0.1050,0.9866
38.3780,125.59,-42.8999,19.9746,27.1875,6.0291,352.7688,7.0662,-5.1462,0.1488,3.3507,-0.1252,-0.1050,0.9866
38.3980,125.59,-43.0028,19.9775,27.2545,6.0292,352.7690,7.0663,-5.1462,0.1488,3.3507,-0.1252,-0.1050,0.9866
38.4180,125.59,-43.1058,19.9805,27.3215,6.0292,352.7691,7.0664,-5.1461,0.1488,3.3507,-0.1252,-0.1050,0.9866
38.4380,125.59,-43.2087,19.9835,27.3885,6.0292,352.7692,7.0665,-5.1461,0.1488,3.3507,-0.1252,-0.1050,0.9866
38.4580,125.59,-43.3116,19.9865,27.4555,6.0293,352.7693,7.0666,-5.1461,0.1488,3.3506,-0.1252,-0.1050,0.9866
38.4780,125.59,-43.4145,19.9894,27.5225,6.0293,352.7694,7.0667,-5.1461,0.1488,3.3506,-0.1252,-0.1050,0.9866
38.4980,125.59,-43.5174,19.9924,27.5896,6.0293,352.7695,7.0668,-5.1461,0.1488,3.3506,-0.1252,-0.1050,0.9866
38.5180,125.59,-43.6204,19.9954,27.6566,6.0294,352.7696,7.0669,-5.1461,0.1488,3.3506,-0.1252,-0.1050,0.9866
38.5380,125.59,-43.7233,19.9984,27.7236,6.0295,352.7697,7.0670,-5.1461,0.1488,3.3505,-0.1252,-0.1050,0.9866
38.5580,125.59,-43.8262,20.0014,27.7906,6.0295,352.7698,7.0671,-5.1461,0.1488,3.3505,-0.1252,-0.1050,0.9866
38.5780,125.59,-43.9291,20.0043,27.8576,6.0296,352.7699,7.0671,-5.1461,0.1488,3.3505,-0.1252,-0.1050,0.9866
38.5980,125.59,-44.0320,20.0073,27.9246,6.0297,352.7700,7.0672,-5.1461,0.1488,3.3505,-0.1252,-0.1050,0.9866
38.6180,125.59,-44.1350,20.0103,27.9916,6.0297,352.7701,7.0673,-5.1461,0.1488,3.3505,-0.1252,-0.1050,0.9866
38.6380,125.59,-44.2379,20.0133,28.0586,6.0298,352.7702,7.0674,-5.1461,0.1488,3.3504,-0.1252,-0.1050,0.9866
38.6580,125.59,-44.3408,20.0162,28.1256,6.0299,352.7703,7.0675,-5.1460,0.1488,3.3504,-0.1252,-0.1050,0.9866
38.6780,125.59,-44.4437,20.0192,28.1926,6.0300,352.7704,7.0675,-5.1460,0.1488,3.3504,-0.1252,-0.1050,0.9866
38.6980,125.59,-44.5467,20.0222,28.2597,6.0301,352.7704,7.0676,-5.1460,0.1488,3.3504,-0.1251,-0.1051,0.9866
38.7180,125.59,-44.6496,20.0252,28.3267,6.0302,352.7705,7.0677,-5.1460,0.1488,3.3504,-0.1251,-0.1051,0.9866
38.7380,125.59,-44.7525,20.0281,28.3937,6.0302,352.7706,7.0677,-5.1460,0.1488,3.3504,-0.1251,-0.1051,0.9866
38.7580,125.59,-44.8554,20.0311,28.4607,6.0303,352.7707,7.0678,-5.1460,0.1488,3.3503,-0.1251,-0.1051,0.9866
38.7780,125.59,-44.9583,20.0341,28.5277,6.0304,352.7708,7.0678,-5.1460,0.1488,3.3503,-0.1251,-0.1051,0.9866
38.7980,125.59,-45.0613,20.0371,28.5947,6.0305,352.7708,7.0679,-5.1460,0.1488,3.3503,-0.1251,-0.1051,0.9866
38.8180,125.59,-45.1642,20.0400,28.6617,6.0306,352.7709,7.0679,-5.1460,0.1488,3.3503,-0.1251,-0.1051,0.9866
38.8380,125.59,-45.2671,20.0430,28.7287,6.0307,352.7709,7.0680,-5.1460,0.1488,3.3503,-0.1251,-0.1051,0.9866
38.8580,125.59,-45.3700,20.0460,28.7957,6.0309,352.7710,7.0680,-5.1460,0.1488,3.3503,-0.1251,-0.1051,0.9866
38.8780,125.59,-45.4729,20.0490,28.8627,6.0310,352.7711,7.0681,-5.1460,0.1488,3.3502,-0.1251,-0.1051,0.9866
38.8980,125.59,-45.5759,20.0519,28.9297,6.0311,352.7711,7.0681,-5.1460,0.1488,3.3502,-0.1251,-0.1051,0.9866
38.9180,125.59,-45.6788,20.0549,28.9967,6.0312,352.7712,7.0682,-5.1460,0.1488,3.3502,-0.1251,-0.1051,0.9866
38.9380,125.59,-45.7817,20.0579,29.0637,6.0313,352.7712,7.0682,-5.1460,0.1488,3.3502,-0.1251,-0.1051,0.9866
38.9580,125.59,-45.8846,20.0609,29.1307,6.0314,352.7713,7.0682,-5.1460,0.1488,3.3502,-0.1251,-0.1051,0.9866
38.9780,125.59,-45.9875,20.0638,29.1977,6.0315,352.7713,7.0683,-5.1460,0.1488,3.3502,-0.1251,-0.1051,0.9866
38.9980,125.59,-46.0905,20.0668,29.2647,6.0316,352.7713,7.0683,-5.1460,0.1488,3.3502,-0.1251,-0.1051,0.9866
39.0180,125.59,-46.1934,20.0698,29.3317,6.0318,352.7714,7.0683,-5.1460,0.1488,3.3501,-0.1251,-0.1051,0.9866
39.0380,125.59,-46.2963,20.0728,29.3987,6.0319,352.7714,7.0684,-5.1460,0.1488,3.3501,-0.1251,-0.1051,0.9866
39.0580,125.59,-46.3992,20.0757,29.4657,6.0320,352.7715,7.0684,-5.1460,0.1488,3.3501,-0.1251,-0.1051,0.9866
39.0780,125.59,-46.5021,20.0787,29.5327,6.0321,352.7715,7.0684,-5.1459,0.1488,3.3501,-0.1251,-0.1051,0.9866
39.0980,125.59,-46.6051,20.0817,29.5997,6.0322,352.7715,7.0684,-5.1459,0.1488,3.3501,-0.1251,-0.1051,0.9866
39.1180,125.59,-46.7080,20.0847,29.6667,6.0323,352.7715,7.0685,-5.1459,0.1488,3.3501,-0.1251,-0.1051,0.9866
39.1380,125.59,-46.8109,20.0876,29.7337,6.0324,352.7715,7.0685,-5.1459,0.1488,3.3501,-0.1251,-0.1051,0.9866
39.1580,125.59,-46.9138,20.0906,29.8007,6.0326,352.7716,7.0685,-5.1459,0.1488,3.3501,-0.1251,-0.1051,0.9866
39.1780,125.59,-47.0167,20.0936,29.8677,6.0327,352.7716,7.0685,-5.1459,0.1488,3.3501,-0.1251,-0.1051,0.9866
39.1980,125.59,-47.1197,20.0966,29.9348,6.0328,352.7716,7.0685,-5.1459,0.1488,3.3501,-0.1251,-0.1051,0.9866
39.2180,125.59,-47.2226,20.0995,30.0018,6.0329,352.7716,7.0685,-5.1459,0.1488,3.3501,-0.1251,-0.1051,0.9866
39.2380,125.59,-47.3255,20.1025,30.0688,6.0330,352.7716,7.0686,-5.1459,0.1488,3.3501,-0.1251,-0.1051,0.9866
39.2580,125.59,-47.4284,20.1055,30.1358,6.0331,352.7716,7.0686,-5.1459,0.1488,3.3500,-0.1251,-0.1051,0.9866
39.2780,125.59,-47.5316,20.1096,30.2029,6.0079,352.7668,7.0433,-5.1594,0.2034,3.3597,-0.1252,-0.1047,0.9866
39.2980,122.88,-47.6350,20.1142,30.2703,5.9519,352.7562,6.9877,-5.1706,0.2342,3.3680,-0.1254,-0.1037,0.9867
39.3180,122.88,-47.7387,20.1198,30.3378,5.8689,352.7407,6.9056,-5.1826,0.2787,3.3767,-0.1257,-0.1023,0.9868
39.3380,122.88,-47.8425,20.1261,30.4055,5.7586,352.7204,6.7969,-5.1930,0.3152,3.3844,-0.1261,-0.1003,0.9869
39.3580,122.88,-47.9466,20.1333,30.4734,5.6227,352.6960,6.6635,-5.2032,0.3565,3.3918,-0.1265,-0.0980,0.9871
39.3780,122.88,-48.0508,20.1411,30.5413,5.4622,352.6678,6.5066,-5.2119,0.3938,3.3982,-0.1270,-0.0952,0.9873
39.3980,122.88,-48.1552,20.1498,30.6094,5.2784,352.6365,6.3276,-5.2199,0.4332,3.4038,-0.1276,-0.0920,0.9875
39.4180,122.88,-48.2598,20.1592,30.6776,5.0722,352.6025,6.1277,-5.2265,0.4704,3.4085,-0.1282,-0.0884,0.9878
39.4380,122.88,-48.3644,20.1694,30.7458,4.8450,352.5663,5.9081,-5.2321,0.5084,3.4122,-0.1289,-0.0845,0.9881
39.4580,122.88,-48.4691,20.1803,30.8141,4.5976,352.5283,5.6700,-5.2363,0.5452,3.4149,-0.1296,-0.0802,0.9883
39.4780,122.88,-48.5739,20.1919,30.8825,4.3312,352.4891,5.4145,-5.2391,0.5821,3.4166,-0.1303,-0.0755,0.9886
39.4980,122.88,-48.6787,20.2043,30.9508,4.0466,352.4492,5.1426,-5.2406,0.6182,3.4171,-0.1311,-0.0706,0.9889
39.5180,122.88,-48.7835,20.2174,31.0191,3.7448,352.4089,4.8553,-5.2406,0.6541,3.4164,-0.1318,-0.0653,0.9891
39.5380,122.88,-48.8883,20.2312,31.0874,3.4268,352.3688,4.5536,-5.2391,0.6894,3.4145,-0.1326,-0.0598,0.9894
39.5580,122.88,-48.9930,20.2460,31.1557,3.0891,352.3285,4.2500,-5.2353,0.7423,3.4135,-0.1333,-0.0539,0.9896
39.5780,122.88,-49.0976,20.2618,31.2239,2.7319,352.2885,3.9443,-5.2295,0.7875,3.4109,-0.1340,-0.0477,0.9898
39.5980,122.88,-49.2021,20.2785,31.2920,2.3566,352.2495,3.6372,-5.2224,0.8352,3.4069,-0.1347,-0.0411,0.9900
39.6180,122.88,-49.3063,20.2961,31.3601,1.9641,352.2118,3.3291,-5.2137,0.8813,3.4013,-0.1354,-0.0343,0.9902
39.6380,122.88,-49.4104,20.3147,31.4280,1.5554,352.1760,3.0202,-5.2035,0.9273,3.3941,-0.1361,-0.0271,0.9903
39.6580,122.88,-49.5142,20.3342,31.4957,1.1314,352.1424,2.7110,-5.1918,0.9726,3.3853,-0.1367,-0.0197,0.9904
39.6780,122.88,-49.6178,20.3545,31.5632,0.6931,352.1114,2.4016,-5.1785,1.0175,3.3748,-0.1372,-0.0121,0.9905
39.6980,122.88,-49.7211,20.3758,31.6304,0.2413,352.0834,2.0923,-5.1638,1.0618,3.3627,-0.1377,-0.0042,0.9905
39.7180,122.88,-49.8240,20.3979,31.6974,359.7770,352.0585,1.7834,-5.1476,1.1055,3.3488,-0.1382,0.0039,0.9904
39.7380,122.88,-49.9267,20.4209,31.7640,359.3070,352.0360,1.4650,-5.1318,1.1515,3.3315,-0.1385,0.0121,0.9903
39.7580,122.88,-50.0290,20.4449,31.8303,358.8321,352.0162,1.1375,-5.1145,1.1957,3.3125,-0.1389,0.0204,0.9901
39.7780,122.88,-50.1309,20.4697,31.8961,358.3527,351.9989,0.8015,-5.0956,1.2398,3.2919,-0.1391,0.0287,0.9899
39.7980,122.88,-50.2324,20.4953,31.9615,357.8694,351.9844,0.4576,-5.0750,1.2830,3.2695,-0.1393,0.0372,0.9895
39.8180,122.88,-50.3334,20.5219,32.0264,357.3828,351.9727,0.1061,-5.0528,1.3257,3.2455,-0.1395,0.0457,0.9892
39.8380,122.88,-50.4340,20.5492,32.0908,356.8932,351.9639,359.7476,-5.0289,1.3676,3.2198,-0.1396,0.0542,0.9887
39.8580,122.88,-50.5341,20.5774,32.1546,356.4011,351.9580,359.3825,-5.0034,1.4088,3.1924,-0.1396,0.0628,0.9882
39.8780,122.88,-50.6336,20.6064,32.2179,355.9070,351.9550,359.0112,-4.9761,1.4493,3.1634,-0.1396,0.0714,0.9876
39.8980,122.88,-50.7326,20.6362,32.2806,355.4114,351.9551,358.6342,-4.9472,1.4890,3.1327,-0.1395,0.0800,0.9870
39.9180,122.88,-50.8309,20.6668,32.3426,354.9146,351.9582,358.2517,-4.9166,1.5278,3.1005,-0.1393,0.0886,0.9863
39.9380,122.88,-50.9286,20.6981,32.4039,354.4171,351.9644,357.8643,-4.8844,1.5659,3.0667,-0.1391,0.0973,0.9855
39.9580,122.88,-51.0256,20.7302,32.4645,353.9191,351.9736,357.4722,-4.8504,1.6032,3.0313,-0.1388,0.1059,0.9846
39.9780,122.88,-51.1219,20.7630,32.5244,353.4211,351.9858,357.0758,-4.8148,1.6395,2.9943,-0.1385,0.1146,0.9837
39.9980,122.88,-51.2174,20.7965,32.5835,352.9235,352.0011,356.6754,-4.7775,1.6750,2.9558,-0.1381,0.1232,0.9827
40.0180,122.88,-51.3122,20.8306,32.6419,352.4196,352.0247,356.2829,-4.7365,1.7056,2.9182,-0.1375,0.1319,0.9817
40.0380,122.88,-51.4060,20.8654,32.6995,351.9103,352.0565,355.8987,-4.6938,1.7374,2.8787,-0.1368,0.1407,0.9805
40.0580,122.88,-51.4990,20.9008,32.7562,351.3961,352.0963,355.5224,-4.6497,1.7671,2.8378,-0.1360,0.1496,0.9794
40.0780,122.88,-51.5911,20.9367,32.8121,350.8776,352.1439,355.1541,-4.6041,1.7964,2.7952,-0.1350,0.1585,0.9781
40.0980,122.88,-51.6823,20.9732,32.8671,350.3553,352.1990,354.7934,-4.5572,1.8244,2.7512,-0.1338,0.1675,0.9767
40.1180,122.88,-51.7724,21.0103,32.9213,349.8298,352.2613,354.4404,-4.5090,1.8516,2.7055,-0.1325,0.1766,0.9753
40.1380,122.88,-51.8616,21.0478,32.9744,349.3016,352.3305,354.0948,-4.4596,1.8777,2.6583,-0.1311,0.1856,0.9738
40.1580,122.88,-51.9498,21.0859,33.0266,348.7711,352.4064,353.7565,-4.4089,1.9028,2.6095,-0.1296,0.1947,0.9723
40.1780,122.88,-52.0369,21.1244,33.0778,348.2389,352.4887,353.4254,-4.3570,1.9269,2.5591,-0.1280,0.2038,0.9706
40.1980,122.88,-52.1230,21.1635,33.1279,347.7051,352.5771,353.1015,-4.3041,1.9499,2.5072,-0.1262,0.2129,0.9689
40.2180,122.88,-52.2080,21.2029,33.1770,347.1703,352.6712,352.7847,-4.2500,1.9718,2.4538,-0.1244,0.2221,0.9671
40.2380,122.88,-52.2919,21.2428,33.2250,346.6349,352.7708,352.4749,-4.1950,1.9927,2.3988,-0.1224,0.2312,0.9652
40.2580,122.88,-52.3747,21.2830,33.2718,346.0992,352.8757,352.1720,-4.1390,2.0124,2.3422,-0.1204,0.2402,0.9632
40.2780,122.88,-52.4563,21.3237,33.3175,345.5635,352.9854,351.8762,-4.0820,2.0311,2.2842,-0.1183,0.2493,0.9612
40.2980,127.55,-52.5368,21.3647,33.3620,345.0280,353.0997,351.5873,-4.0242,2.0487,2.2246,-0.1161,0.2583,0.9591
40.3180,127.55,-52.6161,21.4060,33.4053,344.4932,353.2184,351.3054,-3.9655,2.0652,2.1635,-0.1138,0.2674,0.9569
40.3380,127.55,-52.6942,21.4476,33.4473,343.9593,353.3411,351.0305,-3.9060,2.0806,2.1010,-0.1114,0.2763,0.9546
40.3580,127.55,-52.7711,21.4895,33.4880,343.4264,353.4676,350.7626,-3.8458,2.0949,2.0370,-0.1090,0.2852,0.9522
40.3780,127.55,-52.8468,21.5317,33.5274,342.8949,353.5975,350.5018,-3.7849,2.1081,1.9715,-0.1066,0.2941,0.9498
40.3980,127.55,-52.9213,21.5741,33.5655,342.3651,353.7307,350.2481,-3.7233,2.1201,1.9045,-0.1041,0.3030,0.9473
40.4180,127.55,-52.9945,21.6167,33.6023,341.8369,353.8668,350.0017,-3.6611,2.1311,1.8362,-0.1015,0.3117,0.9447
40.4380,127.55,-53.0665,21.6596,33.6376,341.3109,354.0056,349.7626,-3.5984,2.1409,1.7664,-0.0989,0.3204,0.9421
40.4580,127.55,-53.1372,21.7026,33.6715,340.7870,354.1468,349.5310,-3.5350,2.1496,1.6952,-0.0963,0.3291,0.9394
40.4780,127.55,-53.2066,21.7457,33.7039,340.2657,354.2902,349.3071,-3.4715,2.1559,1.6230,-0.0936,0.3377,0.9366
40.4980,127.55,-53.2748,21.7889,33.7349,339.7480,354.4353,349.0915,-3.4077,2.1601,1.5496,-0.0910,0.3461,0.9338
40.5180,127.55,-53.3416,21.8322,33.7644,339.2345,354.5816,348.8845,-3.3437,2.1620,1.4752,-0.0883,0.3545,0.9309
40.5380,127.55,-53.4072,21.8754,33.7924,338.7258,354.7288,348.6866,-3.2795,2.1620,1.3997,-0.0856,0.3628,0.9279
40.5580,127.55,-53.4715,21.9186,33.8189,338.2227,354.8763,348.4983,-3.2152,2.1598,1.3232,-0.0829,0.3710,0.9249
40.5780,127.55,-53.5345,21.9617,33.8438,337.7256,355.0237,348.3199,-3.1509,2.1557,1.2457,-0.0803,0.3790,0.9219
40.5980,127.55,-53.5963,22.0048,33.8671,337.2353,355.1705,348.1516,-3.0866,2.1497,1.1673,-0.0776,0.3869,0.9188
40.6180,127.55,-53.6567,22.0476,33.8889,336.7520,355.3162,347.9940,-3.0222,2.1420,1.0878,-0.0750,0.3947,0.9157
40.6380,127.55,-53.7159,22.0903,33.9090,336.2763,355.4603,347.8473,-2.9580,2.1325,1.0075,-0.0725,0.4023,0.9126
40.6580,127.55,-53.7737,22.1327,33.9276,335.8087,355.6022,347.7117,-2.8939,2.1214,0.9263,-0.0699,0.4098,0.9095
40.6780,127.55,-53.8303,22.1749,33.9444,335.3496,355.7415,347.5875,-2.8300,2.1087,0.8442,-0.0675,0.4171,0.9064
40.6980,127.55,-53.8857,22.2168,33.9597,334.8992,355.8776,347.4751,-2.7663,2.0945,0.7612,-0.0651,0.4242,0.9032
40.7180,127.55,-53.9397,22.2584,33.9732,334.4580,356.0101,347.3745,-2.7028,2.0789,0.6775,-0.0628,0.4312,0.9001
40.7380,127.55,-53.9925,22.2996,33.9851,334.0262,356.1383,347.2860,-2.6396,2.0619,0.5930,-0.0605,0.4380,0.8970
40.7580,127.55,-54.0440,22.3405,33.9952,333.6041,356.2617,347.2098,-2.5767,2.0436,0.5077,-0.0584,0.4446,0.8938
40.7780,127.55,-54.0943,22.3810,34.0036,333.1919,356.3800,347.1461,-2.5142,2.0241,0.4216,-0.0564,0.4510,0.8907
40.7980,127.55,-54.1433,22.4211,34.0103,332.7899,356.4924,347.0949,-2.4521,2.0035,0.3349,-0.0544,0.4573,0.8877
40.8180,127.55,-54.1912,22.4607,34.0153,332.3984,356.5986,347.0564,-2.3903,1.9817,0.2475,-0.0526,0.4633,0.8846
40.8380,127.55,-54.2377,22.4999,34.0185,332.0174,356.6980,347.0307,-2.3291,1.9589,0.1595,-0.0509,0.4692,0.8816
40.8580,127.55,-54.2831,22.5386,34.0199,331.6471,356.7901,347.0178,-2.2683,1.9352,0.0708,-0.0493,0.4749,0.8787
40.8780,127.55,-54.3273,22.5768,34.0195,331.2878,356.8744,347.0179,-2.2080,1.9105,-0.0185,-0.0478,0.4804,0.8757
40.8980,127.55,-54.3702,22.6145,34.0173,330.9395,356.9506,347.0308,-2.1483,1.8850,-0.1084,-0.0465,0.4857,0.8729
40.9180,127.55,-54.4120,22.6517,34.0134,330.6023,357.0181,347.0565,-2.0891,1.8587,-0.1987,-0.0453,0.4909,0.8701
40.9380,127.55,-54.4526,22.6883,34.0076,330.2765,357.0765,347.0952,-2.0305,1.8317,-0.2896,-0.0443,0.4958,0.8673
40.9580,127.55,-54.4921,22.7244,33.9999,329.9620,357.1255,347.1466,-1.9725,1.8040,-0.3810,-0.0434,0.5006,0.8646
40.9780,127.55,-54.5304,22.7599,33.9905,329.6591,357.1646,347.2108,-1.9151,1.7757,-0.4729,-0.0427,0.5051,0.8620
40.9980,127.55,-54.5675,22.7949,33.9792,329.3677,357.1935,347.2875,-1.8584,1.7468,-0.5651,-0.0421,0.5095,0.8594
41.0180,127.55,-54.6036,22.8292,33.9660,329.0880,357.2118,347.3767,-1.8023,1.7173,-0.6578,-0.0417,0.5137,0.8569
41.0380,127.55,-54.6385,22.8630,33.9510,328.8200,357.2192,347.4781,-1.7469,1.6874,-0.7508,-0.0415,0.5177,0.8545
41.0580,127.55,-54.6724,22.8961,33.9341,328.5639,357.2155,347.5916,-1.6921,1.6571,-0.8442,-0.0414,0.5215,0.8522
41.0780,127.55,-54.7051,22.9286,33.9154,328.3196,357.2005,347.7169,-1.6381,1.6264,-0.9379,-0.0416,0.5252,0.8500
41.0980,127.55,-54.7368,22.9605,33.8947,328.0873,357.1738,347.8538,-1.5848,1.5954,-1.0319,-0.0419,0.5286,0.8478
41.1180,127.55,-54.7675,22.9918,33.8722,327.8670,357.1353,348.0019,-1.5322,1.5641,-1.1261,-0.0423,0.5319,0.8458
41.1380,127.55,-54.7971,23.0225,33.8478,327.6588,357.0849,348.1609,-1.4804,1.5325,-1.2205,-0.0430,0.5350,0.8438
41.1580,127.55,-54.8257,23.0525,33.8215,327.4626,357.0224,348.3305,-1.4293,1.5007,-1.3151,-0.0438,0.5378,0.8419
41.1780,127.55,-54.8532,23.0819,33.7933,327.2787,356.9478,348.5103,-1.3789,1.4687,-1.4098,-0.0448,0.5406,0.8401
41.1980,127.55,-54.8798,23.1106,33.7632,327.1069,356.8611,348.6998,-1.3293,1.4366,-1.5046,-0.0460,0.5431,0.8384
41.2180,127.55,-54.9054,23.1387,33.7312,326.9473,356.7622,348.8986,-1.2804,1.4045,-1.5996,-0.0473,0.5454,0.8368
41.2380,127.55,-54.9301,23.1661,33.6973,326.8000,356.6512,349.1061,-1.2323,1.3722,-1.6945,-0.0489,0.5476,0.8353
41.2580,127.55,-54.9538,23.1929,33.6615,326.6649,356.5282,349.3220,-1.1849,1.3399,-1.7895,-0.0506,0.5495,0.8339
41.2780,127.55,-54.9765,23.2191,33.6238,326.5422,356.3933,349.5455,-1.1383,1.3077,-1.8845,-0.0525,0.5513,0.8326
41.2980,127.55,-54.9984,23.2446,33.5842,326.4318,356.2467,349.7762,-1.0925,1.2754,-1.9794,-0.0545,0.5529,0.8314
41.3180,126.55,-55.0193,23.2695,33.5428,326.3336,356.0887,350.0135,-1.0473,1.2433,-2.0742,-0.0568,0.5544,0.8303
41.3380,126.55,-55.0394,23.2937,33.4994,326.2478,355.9193,350.2568,-1.0030,1.2112,-2.1688,-0.0592,0.5556,0.8293
41.3580,126.55,-55.0586,23.3173,33.4541,326.1742,355.7390,350.5053,-0.9593,1.1793,-2.2633,-0.0617,0.5567,0.8284
41.3780,126.55,-55.0769,23.3402,33.4070,326.1129,355.5482,350.7585,-0.9164,1.1475,-2.3576,-0.0644,0.5576,0.8276
41.3980,126.55,-55.0944,23.3626,33.3579,326.0638,355.3470,351.0156,-0.8742,1.1159,-2.4517,-0.0673,0.5583,0.8269
41.4180,126.55,-55.1110,23.3843,33.3070,326.0268,355.1361,351.2760,-0.8327,1.0845,-2.5455,-0.0703,0.5588,0.8263
41.4380,126.55,-55.1269,23.4053,33.2542,326.0019,354.9158,351.5389,-0.7920,1.0534,-2.6389,-0.0735,0.5592,0.8258
41.4580,126.55,-55.1419,23.4258,33.1996,325.9890,354.6866,351.8037,-0.7518,1.0225,-2.7320,-0.0768,0.5594,0.8254
41.4780,126.55,-55.1562,23.4456,33.1431,325.9880,354.4491,352.0695,-0.7124,0.9919,-2.8248,-0.0802,0.5594,0.8250
41.4980,126.55,-55.1696,23.4648,33.0848,325.9988,354.2038,352.3358,-0.6736,0.9616,-2.9171,-0.0837,0.5592,0.8248
41.5180,126.55,-55.1824,23.4835,33.0246,326.0213,353.9512,352.6016,-0.6355,0.9316,-3.0090,-0.0874,0.5589,0.8246
41.5380,126.55,-55.1943,23.5015,32.9626,326.0553,353.6920,352.8664,-0.5980,0.9020,-3.1003,-0.0911,0.5584,0.8246
41.5580,126.55,-55.2055,23.5190,32.8988,326.1007,353.4268,353.1294,-0.5611,0.8727,-3.1912,-0.0950,0.5577,0.8246
41.5780,126.55,-55.2160,23.5358,32.8331,326.1573,353.1563,353.3899,-0.5247,0.8438,-3.2815,-0.0990,0.5569,0.8247
41.5980,126.55,-55.2258,23.5522,32.7657,326.2249,352.8811,353.6472,-0.4890,0.8152,-3.3712,-0.1030,0.5559,0.8248
41.6180,126.55,-55.2349,23.5679,32.6965,326.3033,352.6019,353.9006,-0.4538,0.7871,-3.4603,-0.1071,0.5548,0.8251
41.6380,126.55,-55.2433,23.5831,32.6255,326.3923,352.3194,354.1494,-0.4191,0.7595,-3.5487,-0.1113,0.5535,0.8254
41.6580,126.55,-55.2510,23.5977,32.5528,326.4916,352.0343,354.3931,-0.3849,0.7322,-3.6365,-0.1155,0.5521,0.8258
41.6780,126.55,-55.2580,23.6118,32.4783,326.6010,351.7473,354.6310,-0.3512,0.7054,-3.7235,-0.1198,0.5505,0.8262
41.6980,126.55,-55.2643,23.6254,32.4021,326.7203,351.4592,354.8626,-0.3180,0.6791,-3.8098,-0.1242,0.5487,0.8267
41.7180,126.55,-55.2700,23.6385,32.3242,326.8492,351.1707,355.0872,-0.2852,0.6532,-3.8953,-0.1285,0.5468,0.8273
41.7380,126.55,-55.2751,23.6510,32.2446,326.9873,350.8824,355.3045,-0.2529,0.6279,-3.9800,-0.1329,0.5448,0.8280
41.7580,126.55,-55.2795,23.6631,32.1634,327.1344,350.5950,355.5138,-0.2209,0.6030,-4.0638,-0.1373,0.5427,0.8287
41.7780,126.55,-55.2833,23.6747,32.0804,327.2902,350.3093,355.7149,-0.1894,0.5786,-4.1468,-0.1416,0.5404,0.8294
41.7980,126.55,-55.2865,23.6858,31.9958,327.4543,350.0260,355.9072,-0.1582,0.5547,-4.2289,-0.1460,0.5380,0.8302
41.8180,126.55,-55.2890,23.6964,31.9096,327.6264,349.7457,356.0905,-0.1273,0.5313,-4.3101,-0.1503,0.5354,0.8311
41.8380,126.55,-55.2909,23.7066,31.8218,327.8063,349.4690,356.2644,-0.0968,0.5084,-4.3903,-0.1547,0.5328,0.8320
41.8580,126.55,-55.2923,23.7163,31.7324,327.9935,349.1967,356.4287,-0.0665,0.4861,-4.4695,-0.1589,0.5300,0.8330
41.8780,126.55,-55.2930,23.7256,31.6415,328.1877,348.9292,356.5832,-0.0366,0.4642,-4.5478,-0.1632,0.5271,0.8340
41.8980,126.55,-55.2931,23.7344,31.5490,328.3887,348.6673,356.7277,-0.0069,0.4429,-4.6250,-0.1673,0.5242,0.8350
41.9180,126.55,-55.2927,23.7429,31.4550,328.5960,348.4114,356.8620,0.0226,0.4221,-4.7012,-0.1715,0.5211,0.8361
41.9380,126.55,-55.2917,23.7509,31.3594,328.8093,348.1621,356.9861,0.0518,0.4018,-4.7763,-0.1755,0.5179,0.8373
41.9580,126.55,-55.2900,23.7586,31.2624,329.0284,347.9200,357.1000,0.0809,0.3820,-4.8503,-0.1794,0.5146,0.8384
41.9780,126.55,-55.2878,23.7658,31.1640,329.2527,347.6854,357.2037,0.1097,0.3627,-4.9233,-0.1833,0.5113,0.8397
41.9980,126.55,-55.2851,23.7727,31.0641,329.4821,347.4588,357.2972,0.1383,0.3440,-4.9951,-0.1871,0.5078,0.8409
42.0180,126.55,-55.2817,23.7792,30.9627,329.7163,347.2407,357.3806,0.1668,0.3257,-5.0657,-0.1907,0.5043,0.8422
42.0380,126.55,-55.2778,23.7854,30.8600,329.9548,347.0315,357.4540,0.1951,0.3080,-5.1352,-0.1943,0.5007,0.8436
42.0580,126.55,-55.2734,23.7912,30.7560,330.1975,346.8314,357.5177,0.2233,0.2907,-5.2035,-0.1977,0.4970,0.8449
42.0780,126.55,-55.2683,23.7967,30.6506,330.4439,346.6408,357.5718,0.2513,0.2740,-5.2706,-0.2010,0.4933,0.8463
42.0980,126.55,-55.2627,23.8018,30.5438,330.6938,346.4600,357.6165,0.2792,0.2577,-5.3366,-0.2042,0.4895,0.8478
42.1180,126.55,-55.2566,23.8067,30.4358,330.9470,346.2892,357.6522,0.3070,0.2419,-5.4013,-0.2072,0.4856,0.8493
42.1380,126.55,-55.2499,23.8112,30.3265,331.2032,346.1288,357.6791,0.3346,0.2266,-5.4648,-0.2101,0.4817,0.8508
42.1580,126.55,-55.2427,23.8155,30.2160,331.4620,345.9787,357.6976,0.3622,0.2117,-5.5271,-0.2128,0.4777,0.8523
42.1780,126.55,-55.2349,23.8194,30.1042,331.7233,345.8392,357.7081,0.3896,0.1973,-5.5881,-0.2155,0.4737,0.8539
42.1980,126.55,-55.2265,23.8231,29.9912,331.9867,345.7104,357.7108,0.4170,0.1833,-5.6479,-0.2179,0.4697,0.8555
42.2180,126.55,-55.2176,23.8265,29.8771,332.2522,345.5924,357.7062,0.4442,0.1698,-5.7064,-0.2202,0.4656,0.8572
42.2380,126.55,-55.2082,23.8296,29.7618,332.5193,345.4852,357.6948,0.4714,0.1567,-5.7637,-0.2224,0.4614,0.8589
42.2580,126.55,-55.1982,23.8325,29.6454,332.7880,345.3888,357.6768,0.4984,0.1440,-5.8197,-0.2243,0.4573,0.8606
42.2780,126.55,-55.1877,23.8351,29.5280,333.0580,345.3033,357.6529,0.5254,0.1317,-5.8744,-0.2262,0.4531,0.8623
42.2980,126.55,-55.1767,23.8375,29.4094,333.3291,345.2286,357.6234,0.5522,0.1198,-5.9279,-0.2278,0.4489,0.8641
42.3180,125.00,-55.1651,23.8397,29.2898,333.6012,345.1646,357.5888,0.5790,0.1083,-5.9802,-0.2293,0.4446,0.8659
42.3380,125.00,-55.1530,23.8416,29.1692,333.8739,345.1113,357.5495,0.6056,0.0972,-6.0312,-0.2307,0.4403,0.8677
42.3580,125.00,-55.1403,23.8434,29.0475,334.1472,345.0685,357.5060,0.6322,0.0865,-6.0809,-0.2319,0.4361,0.8695
42.3780,125.00,-55.1272,23.8449,28.9250,334.4210,345.0360,357.4588,0.6586,0.0761,-6.1294,-0.2329,0.4318,0.8714
42.3980,125.00,-55.1135,23.8462,28.8014,334.6949,345.0138,357.4084,0.6849,0.0661,-6.1767,-0.2338,0.4274,0.8733
42.4180,125.00,-55.0993,23.8473,28.6770,334.9688,345.0016,357.3551,0.7110,0.0564,-6.2228,-0.2345,0.4231,0.8752
42.4380,125.00,-55.0845,23.8483,28.5516,335.2427,344.9991,357.2995,0.7370,0.0470,-6.2676,-0.2350,0.4188,0.8771
42.4580,125.00,-55.0693,23.8491,28.4254,335.5163,345.0063,357.2420,0.7629,0.0380,-6.3112,-0.2354,0.4144,0.8791
42.4780,125.00,-55.0535,23.8496,28.2983,335.7894,345.0228,357.1830,0.7886,0.0293,-6.3536,-0.2357,0.4101,0.8811
42.4980,125.00,-55.0372,23.8501,28.1704,336.0621,345.0484,357.1230,0.8142,0.0210,-6.3948,-0.2358,0.4057,0.8830
42.5180,125.00,-55.0204,23.8503,28.0417,336.3340,345.0827,357.0623,0.8396,0.0129,-6.4349,-0.2358,0.4014,0.8850
42.5380,125.00,-55.0031,23.8504,27.9122,336.6050,345.1256,357.0014,0.8648,0.0051,-6.4738,-0.2356,0.3971,0.8870
42.5580,125.00,-54.9853,23.8504,27.7820,336.8751,345.1767,356.9406,0.8898,-0.0024,-6.5115,-0.2353,0.3927,0.8890
42.5780,125.00,-54.9670,23.8502,27.6510,337.1440,345.2356,356.8804,0.9146,-0.0096,-6.5482,-0.2348,0.3884,0.8911
42.5980,125.00,-54.9482,23.8499,27.5194,337.4117,345.3022,356.8210,0.9392,-0.0165,-6.5837,-0.2343,0.3841,0.8931
42.6180,125.00,-54.9290,23.8494,27.3870,337.6781,345.3759,356.7628,0.9636,-0.0232,-6.6181,-0.2336,0.3798,0.8951
42.6380,125.00,-54.9092,23.8488,27.2540,337.9428,345.4566,356.7061,0.9877,-0.0296,-6.6514,-0.2327,0.3755,0.8971
42.6580,125.00,-54.8890,23.8481,27.1203,338.2060,345.5439,356.6513,1.0116,-0.0357,-6.6836,-0.2318,0.3713,0.8991
42.6780,125.00,-54.8683,23.8473,26.9860,338.4673,345.6374,356.5986,1.0353,-0.0416,-6.7148,-0.2307,0.3670,0.9011
42.6980,125.00,-54.8471,23.8463,26.8511,338.7268,345.7368,356.5482,1.0587,-0.0473,-6.7450,-0.2296,0.3628,0.9031
42.7180,125.00,-54.8255,23.8453,26.7156,338.9843,345.8417,356.5005,1.0818,-0.0527,-6.7741,-0.2283,0.3586,0.9051
42.7380,125.00,-54.8034,23.8441,26.5796,339.2396,345.9518,356.4555,1.1046,-0.0579,-6.8023,-0.2270,0.3545,0.9071
42.7580,125.00,-54.7808,23.8429,26.4430,339.4926,346.0668,356.4136,1.1271,-0.0628,-6.8294,-0.2255,0.3503,0.9091
42.7780,125.00,-54.7578,23.8415,26.3059,339.7433,346.1862,356.3749,1.1494,-0.0675,-6.8557,-0.2240,0.3462,0.9110
42.7980,125.00,-54.7344,23.8401,26.1683,339.9915,346.3099,356.3396,1.1713,-0.0721,-6.8809,-0.2224,0.3422,0.9129
42.8180,125.00,-54.7106,23.8386,26.0302,340.2371,346.4373,356.3079,1.1928,-0.0764,-6.9053,-0.2207,0.3381,0.9149
42.8380,125.00,-54.6863,23.8370,25.8916,340.4800,346.5682,356.2798,1.2141,-0.0805,-6.9288,-0.2189,0.3341,0.9167
42.8580,125.00,-54.6616,23.8353,25.7526,340.7201,346.7023,356.2555,1.2349,-0.0844,-6.9514,-0.2171,0.3302,0.9186
42.8780,125.00,-54.6365,23.8335,25.6131,340.9573,346.8391,356.2350,1.2555,-0.0881,-6.9731,-0.2152,0.3263,0.9204
42.8980,125.00,-54.6110,23.8317,25.4732,341.1915,346.9785,356.2185,1.2756,-0.0916,-6.9940,-0.2133,0.3224,0.9223
42.9180,125.00,-54.5851,23.8298,25.3329,341.4226,347.1201,356.2060,1.2954,-0.0949,-7.0140,-0.2113,0.3186,0.9240
42.9380,125.00,-54.5588,23.8278,25.1923,341.6506,347.2635,356.1976,1.3148,-0.0980,-7.0333,-0.2093,0.3148,0.9258
42.9580,125.00,-54.5321,23.8258,25.0512,341.8753,347.4086,356.1932,1.3338,-0.1010,-7.0517,-0.2072,0.3111,0.9275
42.9780,125.00,-54.5050,23.8237,24.9098,342.0967,347.5549,356.1930,1.3525,-0.1038,-7.0694,-0.2051,0.3074,0.9292
42.9980,125.00,-54.4776,23.8216,24.7681,342.3148,347.7023,356.1968,1.3707,-0.1064,-7.0864,-0.2029,0.3038,0.9309
43.0180,125.00,-54.4499,23.8194,24.6261,342.5293,347.8503,356.2048,1.3885,-0.1089,-7.1026,-0.2008,0.3002,0.9325
43.0380,125.00,-54.4217,23.8172,24.4837,342.7403,347.9989,356.2169,1.4059,-0.1112,-7.1182,-0.1986,0.2967,0.9341
43.0580,125.00,-54.3933,23.8150,24.3410,342.9478,348.1476,356.2329,1.4228,-0.1133,-7.1330,-0.1964,0.2932,0.9357
43.0780,125.00,-54.3645,23.8126,24.1981,343.1516,348.2964,356.2530,1.4393,-0.1153,-7.1471,-0.1941,0.2898,0.9372
43.0980,125.00,-54.3354,23.8103,24.0549,343.3517,348.4448,356.2770,1.4554,-0.1171,-7.1607,-0.1919,0.2865,0.9387
43.1180,125.00,-54.3060,23.8079,23.9114,343.5481,348.5927,356.3050,1.4710,-0.1188,-7.1735,-0.1897,0.2832,0.9401
43.1380,125.00,-54.2763,23.8055,23.7677,343.7408,348.7399,356.3367,1.4862,-0.1204,-7.1858,-0.1875,0.2800,0.9415
43.1580,125.00,-54.2462,23.8031,23.6237,343.9296,348.8862,356.3721,1.5010,-0.1218,-7.1974,-0.1852,0.2768,0.9429
43.1780,125.00,-54.2159,23.8006,23.4796,344.1147,349.0313,356.4112,1.5153,-0.1231,-7.2085,-0.1830,0.2737,0.9442
43.1980,125.00,-54.1854,23.7982,23.3352,344.2959,349.1751,356.4538,1.5291,-0.1242,-7.2190,-0.1808,0.2707,0.9455
43.2180,125.00,-54.1545,23.7956,23.1906,344.4733,349.3174,356.4999,1.5425,-0.1253,-7.2289,-0.1786,0.2677,0.9468
43.2380,125.00,-54.1234,23.7931,23.0458,344.6469,349.4580,356.5493,1.5554,-0.1262,-7.2383,-0.1764,0.2648,0.9480
43.2580,125.00,-54.0920,23.7906,22.9009,344.8165,349.5968,356.6020,1.5678,-0.1270,-7.2472,-0.1743,0.2619,0.9492
43.2780,125.00,-54.0605,23.7880,22.7558,344.9823,349.7336,356.6577,1.5797,-0.1277,-7.2556,-0.1721,0.2591,0.9504
43.2980,125.00,-54.0286,23.7855,22.6105,345.1443,349.8682,356.7165,1.5912,-0.1283,-7.2635,-0.1700,0.2564,0.9515
43.3180,129.60,-53.9966,23.7829,22.4651,345.3024,350.0006,356.7781,1.6023,-0.1288,-7.2709,-0.1680,0.2537,0.9526
43.3380,129.60,-53.9643,23.7803,22.3195,345.4566,350.1306,356.8424,1.6128,-0.1292,-7.2778,-0.1659,0.2511,0.9536
43.3580,129.60,-53.9319,23.7777,22.1738,345.6070,350.2580,356.9094,1.6229,-0.1295,-7.2843,-0.1639,0.2486,0.9546
43.3780,129.60,-53.8992,23.7751,22.0280,345.7536,350.3829,356.9788,1.6325,-0.1297,-7.2904,-0.1619,0.2461,0.9556
43.3980,129.60,-53.8664,23.7725,21.8821,345.8965,350.5050,357.0506,1.6416,-0.1299,-7.2961,-0.1600,0.2437,0.9566
43.4180,129.60,-53.8334,23.7699,21.7361,346.0356,350.6244,357.1246,1.6503,-0.1299,-7.3013,-0.1581,0.2413,0.9575
43.4380,129.60,-53.8002,23.7673,21.5900,346.1709,350.7408,357.2007,1.6585,-0.1299,-7.3062,-0.1562,0.2390,0.9584
43.4580,129.60,-53.7669,23.7647,21.4438,346.3026,350.8543,357.2787,1.6663,-0.1298,-7.3107,-0.1544,0.2368,0.9592
43.4780,129.60,-53.7334,23.7622,21.2975,346.4306,350.9648,357.3586,1.6735,-0.1296,-7.3148,-0.1527,0.2346,0.9600
43.4980,129.60,-53.6998,23.7596,21.1511,346.5550,351.0721,357.4402,1.6803,-0.1294,-7.3185,-0.1509,0.2325,0.9608
43.5180,129.60,-53.6661,23.7570,21.0046,346.6758,351.1764,357.5233,1.6867,-0.1291,-7.3220,-0.1493,0.2305,0.9616
43.5380,129.60,-53.6322,23.7544,20.8581,346.7930,351.2775,357.6078,1.6926,-0.1287,-7.3251,-0.1476,0.2285,0.9623
43.5580,129.60,-53.5983,23.7518,20.7116,346.9068,351.3754,357.6936,1.6980,-0.1283,-7.3279,-0.1461,0.2265,0.9630
43.5780,129.60,-53.5642,23.7493,20.5650,347.0172,351.4701,357.7805,1.7030,-0.1279,-7.3303,-0.1445,0.2247,0.9637
43.5980,129.60,-53.5301,23.7467,20.4183,347.1241,351.5615,357.8685,1.7075,-0.1274,-7.3325,-0.1431,0.2228,0.9643
43.6180,129.60,-53.4958,23.7442,20.2716,347.2277,351.6497,357.9574,1.7116,-0.1268,-7.3344,-0.1416,0.2211,0.9649
43.6380,129.60,-53.4615,23.7417,20.1249,347.3279,351.7345,358.0471,1.7153,-0.1262,-7.3361,-0.1403,0.2194,0.9655
43.6580,129.60,-53.4272,23.7392,19.9782,347.4250,351.8161,358.1374,1.7186,-0.1256,-7.3374,-0.1389,0.2177,0.9661
43.6780,129.60,-53.3927,23.7367,19.8314,347.5189,351.8944,358.2283,1.7214,-0.1250,-7.3386,-0.1377,0.2161,0.9666
43.6980,129.60,-53.3583,23.7342,19.6846,347.6096,351.9695,358.3195,1.7238,-0.1243,-7.3394,-0.1364,0.2146,0.9671
43.7180,129.60,-53.3237,23.7317,19.5378,347.6972,352.0413,358.4111,1.7257,-0.1236,-7.3401,-0.1353,0.2131,0.9676
43.7380,129.60,-53.2892,23.7293,19.3910,347.7818,352.1098,358.5029,1.7273,-0.1228,-7.3405,-0.1342,0.2116,0.9681
43.7580,129.60,-53.2546,23.7268,19.2442,347.8635,352.1752,358.5948,1.7285,-0.1220,-7.3408,-0.1331,0.2102,0.9685
43.7780,129.60,-53.2200,23.7244,19.0974,347.9422,352.2373,358.6866,1.7292,-0.1212,-7.3408,-0.1321,0.2089,0.9690
43.7980,129.60,-53.1854,23.7220,18.9505,348.0181,352.2963,358.7783,1.7296,-0.1204,-7.3406,-0.1311,0.2076,0.9694
43.8180,129.60,-53.1509,23.7196,18.8037,348.0911,352.3522,358.8697,1.7296,-0.1196,-7.3402,-0.1302,0.2064,0.9698
43.8380,129.60,-53.1163,23.7172,18.6569,348.1615,352.4050,358.9608,1.7292,-0.1188,-7.3397,-0.1294,0.2052,0.9701
43.8580,129.60,-53.0817,23.7149,18.5102,348.2291,352.4548,359.0515,1.7285,-0.1179,-7.3390,-0.1285,0.2040,0.9705
43.8780,129.60,-53.0472,23.7125,18.3634,348.2941,352.5015,359.1417,1.7274,-0.1171,-7.3382,-0.1278,0.2029,0.9708
43.8980,129.60,-53.0126,23.7102,18.2167,348.3565,352.5454,359.2313,1.7259,-0.1162,-7.3372,-0.1271,0.2018,0.9711
43.9180,129.60,-52.9782,23.7079,18.0699,348.4164,352.5863,359.3201,1.7241,-0.1153,-7.3360,-0.1264,0.2008,0.9714
43.9380,129.60,-52.9437,23.7056,17.9232,348.4738,352.6244,359.4082,1.7219,-0.1144,-7.3348,-0.1258,0.1998,0.9717
43.9580,129.60,-52.9093,23.7033,17.7766,348.5288,352.6598,359.4954,1.7195,-0.1136,-7.3333,-0.1252,0.1989,0.9720
43.9780,129.60,-52.8750,23.7011,17.6299,348.5814,352.6924,359.5817,1.7167,-0.1127,-7.3318,-0.1247,0.1980,0.9722
43.9980,129.60,-52.8407,23.6988,17.4833,348.6317,352.7223,359.6669,1.7136,-0.1118,-7.3302,-0.1242,0.1971,0.9725
44.0180,129.60,-52.8065,23.6966,17.3368,348.6798,352.7497,359.7511,1.7101,-0.1109,-7.3285,-0.1237,0.1963,0.9727
44.0380,129.60,-52.7724,23.6944,17.1902,348.7257,352.7745,359.8341,1.7064,-0.1100,-7.3266,-0.1233,0.1955,0.9729
44.0580,129.60,-52.7383,23.6922,17.0437,348.7694,352.7969,359.9160,1.7024,-0.1092,-7.3247,-0.1230,0.1948,0.9731
44.0780,129.60,-52.7044,23.6901,16.8973,348.8110,352.8169,-0.0035,1.6981,-0.1083,-7.3227,-0.1227,0.1940,0.9733
44.0980,129.60,-52.6705,23.6879,16.7509,348.8505,352.8345,0.0757,1.6936,-0.1074,-7.3206,-0.1224,0.1934,0.9735
44.1180,129.60,-52.6367,23.6858,16.6045,348.8881,352.8499,0.1535,1.6887,-0.1066,-7.3184,-0.1221,0.1927,0.9736
44.1380,129.60,-52.6031,23.6837,16.4582,348.9237,352.8631,0.2298,1.6837,-0.1057,-7.3162,-0.1219,0.1921,0.9738
44.1580,129.60,-52.5695,23.6816,16.3119,348.9574,352.8742,0.3047,1.6783,-0.1049,-7.3139,-0.1218,0.1915,0.9739
44.1780,129.60,-52.5360,23.6795,16.1657,348.9892,352.8833,0.3780,1.6728,-0.1041,-7.3116,-0.1216,0.1910,0.9740
44.1980,129.60,-52.5027,23.6774,16.0195,349.0192,352.8904,0.4497,1.6670,-0.1032,-7.3092,-0.1215,0.1905,0.9741
44.2180,129.60,-52.4695,23.6754,15.8734,349.0474,352.8956,0.5198,1.6610,-0.1024,-7.3067,-0.1214,0.1900,0.9742
44.2380,129.60,-52.4364,23.6734,15.7273,349.0739,352.8990,0.5883,1.6548,-0.1016,-7.3043,-0.1214,0.1895,0.9743
44.2580,129.60,-52.4034,23.6713,15.5812,349.0987,352.9006,0.6550,1.6483,-0.1009,-7.3017,-0.1214,0.1891,0.9744
44.2780,129.60,-52.3706,23.6693,15.4353,349.1219,352.9006,0.7200,1.6417,-0.1001,-7.2992,-0.1214,0.1887,0.9745
44.2980,129.60,-52.3379,23.6674,15.2893,349.1435,352.8990,0.7833,1.6349,-0.0993,-7.2966,-0.1214,0.1883,0.9746
44.3180,125.44,-52.3053,23.6654,15.1434,349.1635,352.8958,0.8447,1.6279,-0.0986,-7.2941,-0.1215,0.1880,0.9746
44.3380,125.44,-52.2729,23.6634,14.9976,349.1821,352.8912,0.9044,1.6208,-0.0978,-7.2915,-0.1216,0.1877,0.9747
44.3580,125.44,-52.2406,23.6615,14.8518,349.1991,352.8852,0.9622,1.6135,-0.0971,-7.2889,-0.1217,0.1874,0.9747
44.3780,125.44,-52.2085,23.6596,14.7061,349.2148,352.8778,1.0182,1.6060,-0.0964,-7.2862,-0.1218,0.1871,0.9748
44.3980,125.44,-52.1766,23.6576,14.5604,349.2290,352.8693,1.0723,1.5984,-0.0957,-7.2836,-0.1219,0.1869,0.9748
44.4180,125.44,-52.1447,23.6557,14.4148,349.2418,352.8596,1.1245,1.5907,-0.0950,-7.2810,-0.1221,0.1867,0.9748
44.4380,125.44,-52.1131,23.6539,14.2692,349.2534,352.8487,1.1748,1.5829,-0.0943,-7.2784,-0.1223,0.1865,0.9748
44.4580,125.44,-52.0816,23.6520,14.1237,349.2637,352.8369,1.2232,1.5749,-0.0937,-7.2758,-0.1225,0.1863,0.9748
44.4780,125.44,-52.0502,23.6501,13.9783,349.2727,352.8240,1.2697,1.5668,-0.0930,-7.2732,-0.1227,0.1861,0.9748
44.4980,125.44,-52.0191,23.6483,13.8329,349.2805,352.8103,1.3142,1.5586,-0.0924,-7.2706,-0.1230,0.1860,0.9748
44.5180,125.44,-51.9881,23.6464,13.6875,349.2872,352.7957,1.3569,1.5504,-0.0918,-7.2680,-0.1232,0.1859,0.9748
44.5380,125.44,-51.9572,23.6446,13.5422,349.2927,352.7804,1.3976,1.5420,-0.0912,-7.2655,-0.1235,0.1858,0.9748
44.5580,125.44,-51.9266,23.6428,13.3969,349.2971,352.7643,1.4364,1.5336,-0.0906,-7.2630,-0.1238,0.1857,0.9748
44.5780,125.44,-51.8961,23.6410,13.2517,349.3005,352.7477,1.4733,1.5251,-0.0900,-7.2605,-0.1240,0.1857,0.9748
44.5980,125.44,-51.8657,23.6392,13.1066,349.3028,352.7303,1.5083,1.5165,-0.0894,-7.2580,-0.1243,0.1856,0.9747
44.6180,125.44,-51.8356,23.6374,12.9614,349.3041,352.7125,1.5414,1.5079,-0.0889,-7.2556,-0.1246,0.1856,0.9747
44.6380,125.44,-51.8056,23.6357,12.8164,349.3045,352.6942,1.5725,1.4992,-0.0884,-7.2532,-0.1250,0.1856,0.9747
44.6580,125.44,-51.7758,23.6339,12.6714,349.3040,352.6755,1.6018,1.4905,-0.0878,-7.2508,-0.1253,0.1856,0.9746
44.6780,125.44,-51.7461,23.6322,12.5264,349.3025,352.6565,1.6293,1.4818,-0.0873,-7.2485,-0.1256,0.1856,0.9746
44.6980,125.44,-51.7167,23.6304,12.3815,349.3001,352.6371,1.6548,1.4730,-0.0868,-7.2462,-0.1259,0.1857,0.9745
44.7180,125.44,-51.6874,23.6287,12.2366,349.2970,352.6175,1.6785,1.4642,-0.0863,-7.2439,-0.1263,0.1857,0.9745
44.7380,125.44,-51.6583,23.6270,12.0918,349.2930,352.5977,1.7004,1.4555,-0.0858,-7.2417,-0.1266,0.1858,0.9744
44.7580,125.44,-51.6293,23.6253,11.9470,349.2882,352.5777,1.7205,1.4467,-0.0854,-7.2395,-0.1269,0.1859,0.9743
44.7780,125.44,-51.6006,23.6236,11.8022,349.2827,352.5576,1.7388,1.4379,-0.0849,-7.2374,-0.1273,0.1860,0.9743
44.7980,125.44,-51.5720,23.6219,11.6575,349.2765,352.5374,1.7553,1.4291,-0.0845,-7.2353,-0.1276,0.1861,0.9742
44.8180,125.44,-51.5436,23.6202,11.5128,349.2696,352.5172,1.7701,1.4203,-0.0840,-7.2333,-0.1280,0.1862,0.9741
44.8380,125.44,-51.5154,23.6185,11.3682,349.2620,352.4970,1.7832,1.4116,-0.0836,-7.2313,-0.1283,0.1863,0.9741
44.8580,125.44,-51.4873,23.6169,11.2236,349.2538,352.4769,1.7946,1.4029,-0.0832,-7.2294,-0.1286,0.1865,0.9740
44.8780,125.44,-51.4594,23.6152,11.0791,349.2450,352.4569,1.8043,1.3942,-0.0828,-7.2275,-0.1290,0.1866,0.9739
44.8980,125.44,-51.4317,23.6136,10.9346,349.2357,352.4370,1.8124,1.3855,-0.0824,-7.2257,-0.1293,0.1868,0.9739
44.9180,125.44,-51.4042,23.6119,10.7901,349.2257,352.4174,1.8189,1.3769,-0.0820,-7.2239,-0.1296,0.1869,0.9738
44.9380,125.44,-51.3768,23.6103,10.6457,349.2153,352.3979,1.8238,1.3683,-0.0816,-7.2221,-0.1300,0.1871,0.9737
44.9580,125.44,-51.3497,23.6096,10.5010,349.2143,352.3694,1.8057,1.3550,-0.0368,-7.2318,-0.1304,0.1871,0.9736
44.9780,125.44,-51.3229,23.6092,10.3563,349.2270,352.3306,1.7603,1.3412,-0.0176,-7.2374,-0.1311,0.1869,0.9736
44.9980,125.44,-51.2963,23.6096,10.2114,349.2500,352.2838,1.6915,1.3284,0.0177,-7.2453,-0.1319,0.1865,0.9736
45.0180,125.44,-51.2700,23.6104,10.0663,349.2844,352.2290,1.5987,1.3159,0.0419,-7.2512,-0.1329,0.1859,0.9735
45.0380,125.44,-51.2439,23.6119,9.9212,349.3284,352.1678,1.4840,1.3042,0.0726,-7.2577,-0.1339,0.1852,0.9735
45.0580,125.44,-51.2180,23.6138,9.7759,349.3821,352.1006,1.3479,1.2931,0.0985,-7.2631,-0.1351,0.1843,0.9736
45.0780,125.44,-51.1924,23.6164,9.6306,349.4443,352.0284,1.1916,1.2829,0.1268,-7.2684,-0.1363,0.1832,0.9736
45.0980,125.44,-51.1669,23.6194,9.4851,349.5149,351.9518,1.0161,1.2736,0.1528,-7.2729,-0.1377,0.1820,0.9736
45.1180,125.44,-51.1416,23.6230,9.3396,349.5930,351.8716,0.8225,1.2652,0.1796,-7.2770,-0.1391,0.1806,0.9737
45.1380,125.44,-51.1165,23.6271,9.1939,349.6783,351.7883,0.6115,1.2577,0.2051,-7.2804,-0.1405,0.1792,0.9737
45.1580,125.44,-51.0914,23.6317,9.0483,349.7700,351.7025,0.3844,1.2514,0.2306,-7.2833,-0.1420,0.1776,0.9738
45.1780,125.44,-51.0665,23.6368,8.9026,349.8679,351.6149,0.1419,1.2460,0.2553,-7.2854,-0.1436,0.1759,0.9739
45.1980,125.44,-51.0417,23.6424,8.7568,349.9713,351.5259,359.8850,1.2418,0.2796,-7.2869,-0.1451,0.1741,0.9740
45.2180,125.44,-51.0169,23.6485,8.6111,350.0798,351.4359,359.6147,1.2387,0.3032,-7.2876,-0.1467,0.1723,0.9741
45.2380,125.44,-50.9921,23.6557,8.4652,350.2038,351.3449,359.3327,1.2384,0.3616,-7.2959,-0.1483,0.1701,0.9742
45.2580,125.44,-50.9674,23.6638,8.3191,350.3448,351.2519,359.0381,1.2386,0.4032,-7.3010,-0.1499,0.1677,0.9744
45.2780,125.44,-50.9425,23.6729,8.1730,350.5009,351.1577,358.7323,1.2405,0.4519,-7.3060,-0.1516,0.1650,0.9746
45.2980,125.44,-50.9177,23.6828,8.0268,350.6719,351.0622,358.4158,1.2434,0.4965,-7.3095,-0.1533,0.1621,0.9748
45.3180,125.44,-50.8927,23.6936,7.8806,350.8566,350.9657,358.0894,1.2479,0.5423,-7.3121,-0.1550,0.1589,0.9750
45.3380,123.15,-50.8676,23.7054,7.7343,351.0544,350.8684,357.7536,1.2535,0.5867,-7.3133,-0.1568,0.1555,0.9753
45.3580,123.15,-50.8424,23.7180,7.5880,351.2646,350.7703,357.4091,1.2606,0.6310,-7.3133,-0.1585,0.1519,0.9756
45.3780,123.15,-50.8170,23.7315,7.4418,351.4867,350.6716,357.0565,1.2690,0.6746,-7.3120,-0.1603,0.1480,0.9759
45.3980,123.15,-50.7915,23.7459,7.2956,351.7198,350.5723,356.6965,1.2788,0.7177,-7.3094,-0.1621,0.1440,0.9762
45.4180,123.15,-50.7657,23.7611,7.1495,351.9633,350.4727,356.3296,1.2899,0.7602,-7.3053,-0.1639,0.1398,0.9765
45.4380,123.15,-50.7396,23.7771,7.0035,352.2168,350.3727,355.9563,1.3023,0.8022,-7.2999,-0.1657,0.1354,0.9768
45.4580,123.15,-50.7133,23.7940,6.8576,352.4796,350.2724,355.5771,1.3161,0.8436,-7.2930,-0.1675,0.1309,0.9771
45.4780,123.15,-50.6867,23.8117,6.7119,352.7512,350.1720,355.1927,1.3313,0.8843,-7.2846,-0.1693,0.1262,0.9774
45.4980,123.15,-50.6597,23.8302,6.5665,353.0311,350.0714,354.8034,1.3478,0.9245,-7.2747,-0.1711,0.1213,0.9777
45.5180,123.15,-50.6324,23.8495,6.4212,353.3188,349.9708,354.4098,1.3656,0.9640,-7.2632,-0.1730,0.1163,0.9780
45.5380,123.15,-50.6047,23.8696,6.2762,353.6137,349.8701,354.0122,1.3847,1.0029,-7.2502,-0.1748,0.1112,0.9783
45.5580,123.15,-50.5766,23.8904,6.1315,353.9156,349.7694,353.6112,1.4052,1.0411,-7.2357,-0.1766,0.1060,0.9786
45.5780,123.15,-50.5480,23.9120,5.9871,354.2239,349.6688,353.2072,1.4269,1.0786,-7.2196,-0.1784,0.1006,0.9788
45.5980,123.15,-50.5190,23.9343,5.8430,354.5382,349.5683,352.8004,1.4499,1.1154,-7.2018,-0.1802,0.0952,0.9790
45.6180,123.15,-50.4896,23.9573,5.6994,354.8581,349.4679,352.3914,1.4742,1.1516,-7.1825,-0.1821,0.0896,0.9792
45.6380,123.15,-50.4596,23.9811,5.5562,355.1833,349.3676,351.9805,1.4997,1.1870,-7.1615,-0.1839,0.0840,0.9794
45.6580,123.15,-50.4290,24.0055,5.4134,355.5133,349.2676,351.5680,1.5264,1.2216,-7.1390,-0.1857,0.0782,0.9795
45.6780,123.15,-50.3979,24.0306,5.2711,355.8479,349.1677,351.1543,1.5543,1.2555,-7.1148,-0.1874,0.0724,0.9796
45.6980,123.15,-50.3663,24.0564,5.1293,356.1866,349.0681,350.7396,1.5834,1.2887,-7.0890,-0.1892,0.0665,0.9797
45.7180,123.15,-50.3340,24.0829,4.9881,356.5293,348.9688,350.3243,1.6136,1.3210,-7.0615,-0.1910,0.0605,0.9797
45.7380,123.15,-50.3011,24.1099,4.8474,356.8754,348.8697,349.9087,1.6450,1.3525,-7.0325,-0.1928,0.0545,0.9797
45.7580,123.15,-50.2675,24.1376,4.7074,357.2248,348.7710,349.4929,1.6775,1.3833,-7.0018,-0.1945,0.0484,0.9797
45.7780,123.15,-50.2333,24.1659,4.5680,357.5772,348.6726,349.0774,1.7111,1.4131,-6.9695,-0.1962,0.0423,0.9796
45.7980,123.15,-50.1984,24.1947,4.4293,357.9323,348.5746,348.6622,1.7457,1.4422,-6.9356,-0.1980,0.0361,0.9795
45.8180,123.15,-50.1628,24.2241,4.2913,358.2897,348.4771,348.2477,1.7814,1.4703,-6.9002,-0.1997,0.0298,0.9794
45.8380,123.15,-50.1264,24.2541,4.1540,358.6494,348.3799,347.8341,1.8181,1.4976,-6.8631,-0.2014,0.0236,0.9792
45.8580,123.15,-50.0893,24.2846,4.0175,359.0109,348.2833,347.4215,1.8558,1.5240,-6.8245,-0.2030,0.0173,0.9790
45.8780,123.15,-50.0514,24.3156,3.8818,359.3741,348.1872,347.0101,1.8945,1.5495,-6.7843,-0.2047,0.0109,0.9788
45.8980,123.15,-50.0127,24.3471,3.7470,359.7388,348.0916,346.6002,1.9341,1.5741,-6.7425,-0.2063,0.0046,0.9785
45.9180,123.15,-49.9732,24.3791,3.6130,0.1048,347.9966,346.1919,1.9746,1.5977,-6.6992,-0.2080,-0.0018,0.9781
45.9380,123.15,-49.9329,24.4115,3.4799,0.4717,347.9023,345.7853,2.0160,1.6205,-6.6544,-0.2096,-0.0082,0.9778
45.9580,123.15,-49.8917,24.4443,3.3478,0.8395,347.8087,345.3806,2.0583,1.6422,-6.6081,-0.2112,-0.0147,0.9773
45.9780,123.15,-49.8497,24.4776,3.2166,1.2079,347.7158,344.9779,2.1014,1.6630,-6.5604,-0.2127,-0.0211,0.9769
45.9980,123.15,-49.8068,24.5113,3.0863,1.5768,347.6237,344.5773,2.1453,1.6828,-6.5111,-0.2143,-0.0275,0.9764
46.0180,123.15,-49.7630,24.5453,2.9571,1.9459,347.5324,344.1791,2.1901,1.7017,-6.4605,-0.2158,-0.0340,0.9759
46.0380,123.15,-49.7183,24.5797,2.8290,2.3151,347.4420,343.7832,2.2356,1.7196,-6.4084,-0.2173,-0.0404,0.9753
46.0580,123.15,-49.6726,24.6144,2.7019,2.6841,347.3528,343.3903,2.2814,1.7346,-6.3550,-0.2187,-0.0468,0.9747
46.0780,123.15,-49.6261,24.6494,2.5759,3.0522,347.2654,343.0013,2.3279,1.7481,-6.3002,-0.2201,-0.0532,0.9740
46.0980,123.15,-49.5786,24.6846,2.4510,3.4192,347.1799,342.6168,2.3748,1.7591,-6.2441,-0.2215,-0.0596,0.9733
46.1180,123.15,-49.5301,24.7200,2.3272,3.7845,347.0970,342.2376,2.4222,1.7683,-6.1868,-0.2228,-0.0660,0.9726
46.1380,123.15,-49.4807,24.7555,2.2047,4.1477,347.0170,341.8644,2.4700,1.7755,-6.1282,-0.2241,-0.0723,0.9719
46.1580,123.15,-49.4303,24.7911,2.0833,4.5084,346.9402,341.4977,2.5182,1.7808,-6.0685,-0.2253,-0.0786,0.9711
46.1780,123.15,-49.3790,24.8268,1.9632,4.8662,346.8671,341.1381,2.5668,1.7842,-6.0076,-0.2264,-0.0848,0.9703
46.1980,123.15,-49.3267,24.8625,1.8443,5.2207,346.7980,340.7863,2.6157,1.7859,-5.9456,-0.2274,-0.0910,0.9695
46.2180,123.15,-49.2734,24.8983,1.7266,5.5717,346.7334,340.4426,2.6648,1.7858,-5.8826,-0.2284,-0.0971,0.9687
46.2380,123.15,-49.2191,24.9339,1.6102,5.9186,346.6734,340.1076,2.7143,1.7841,-5.8186,-0.2293,-0.1031,0.9679
46.2580,123.15,-49.1638,24.9696,1.4952,6.2612,346.6186,339.7818,2.7640,1.7807,-5.7537,-0.2301,-0.1091,0.9670
46.2780,123.15,-49.1075,25.0051,1.3814,6.5992,346.5692,339.4656,2.8139,1.7758,-5.6878,-0.2307,-0.1149,0.9662
46.2980,123.15,-49.0503,25.0405,1.2690,6.9322,346.5255,339.1593,2.8640,1.7694,-5.6211,-0.2313,-0.1207,0.9654
46.3180,123.15,-48.9920,25.0757,1.1579,7.2599,346.4878,338.8633,2.9143,1.7616,-5.5536,-0.2318,-0.1264,0.9645
46.3380,125.65,-48.9327,25.1108,1.0482,7.5821,346.4565,338.5778,2.9647,1.7524,-5.4854,-0.2321,-0.1319,0.9637
46.3580,125.65,-48.8724,25.1456,0.9399,7.8984,346.4319,338.3032,3.0153,1.7420,-5.4164,-0.2324,-0.1374,0.9629
46.3780,125.65,-48.8111,25.1802,0.8330,8.2086,346.4141,338.0398,3.0659,1.7303,-5.3467,-0.2325,-0.1428,0.9621
46.3980,125.65,-48.7487,25.2146,0.7274,8.5123,346.4034,337.7877,3.1166,1.7174,-5.2765,-0.2325,-0.1480,0.9613
46.4180,125.65,-48.6854,25.2487,0.6233,8.8095,346.4001,337.5471,3.1674,1.7034,-5.2056,-0.2324,-0.1531,0.9605
46.4380,125.65,-48.6210,25.2824,0.5206,9.0996,346.4044,337.3182,3.2182,1.6883,-5.1342,-0.2321,-0.1582,0.9597
46.4580,125.65,-48.5556,25.3159,0.4194,9.3827,346.4165,337.1011,3.2690,1.6722,-5.0623,-0.2317,-0.1630,0.9590
46.4780,125.65,-48.4892,25.3490,0.3196,9.6583,346.4365,336.8959,3.3198,1.6552,-4.9900,-0.2312,-0.1678,0.9583
46.4980,125.65,-48.4218,25.3817,0.2213,9.9262,346.4646,336.7027,3.3707,1.6373,-4.9172,-0.2305,-0.1724,0.9577
46.5180,125.65,-48.3534,25.4141,0.1244,10.1864,346.5010,336.5216,3.4215,1.6186,-4.8441,-0.2297,-0.1769,0.9570
46.5380,125.65,-48.2839,25.4461,0.0290,10.4384,346.5457,336.3524,3.4722,1.5992,-4.7707,-0.2288,-0.1812,0.9565
46.5580,125.65,-48.2135,25.4777,-0.0650,10.6821,346.5988,336.1953,3.5229,1.5790,-4.6970,-0.2278,-0.1854,0.9559
46.5780,125.65,-48.1420,25.5089,-0.1574,10.9172,346.6605,336.0502,3.5736,1.5581,-4.6230,-0.2265,-0.1894,0.9554
46.5980,125.65,-48.0695,25.5396,-0.2484,11.1436,346.7306,335.9170,3.6241,1.5367,-4.5489,-0.2252,-0.1933,0.9550
46.6180,125.65,-47.9960,25.5699,-0.3379,11.3611,346.8093,335.7956,3.6746,1.5147,-4.4746,-0.2237,-0.1970,0.9545
46.6380,125.65,-47.9215,25.5997,-0.4259,11.5695,346.8965,335.6860,3.7250,1.4922,-4.4001,-0.2221,-0.2006,0.9542
46.6580,125.65,-47.8460,25.6291,-0.5124,11.7685,346.9921,335.5879,3.7752,1.4692,-4.3256,-0.2204,-0.2040,0.9539
46.6780,125.65,-47.7695,25.6580,-0.5974,11.9580,347.0962,335.5012,3.8254,1.4459,-4.2511,-0.2185,-0.2072,0.9536
46.6980,125.65,-47.6920,25.6865,-0.6810,12.1378,347.2085,335.4258,3.8754,1.4222,-4.1766,-0.2165,-0.2103,0.9534
46.7180,125.65,-47.6135,25.7145,-0.7630,12.3077,347.3290,335.3614,3.9253,1.3982,-4.1021,-0.2143,-0.2132,0.9532
46.7380,125.65,-47.5340,25.7419,-0.8436,12.4676,347.4576,335.3077,3.9751,1.3739,-4.0277,-0.2120,-0.2159,0.9531
46.7580,125.65,-47.4535,25.7689,-0.9226,12.6173,347.5939,335.2647,4.0247,1.3494,-3.9534,-0.2097,-0.2184,0.9531
46.7780,125.65,-47.3720,25.7954,-1.0002,12.7566,347.7378,335.2319,4.0741,1.3247,-3.8793,-0.2071,-0.2208,0.9531
46.7980,125.65,-47.2896,25.8214,-1.0763,12.8855,347.8891,335.2091,4.1234,1.2999,-3.8054,-0.2045,-0.2230,0.9531
46.8180,125.65,-47.2061,25.8469,-1.1510,13.0037,348.0475,335.1960,4.1726,1.2750,-3.7317,-0.2018,-0.2250,0.9532
46.8380,125.65,-47.1217,25.8719,-1.2241,13.1111,348.2127,335.1924,4.2215,1.2500,-3.6583,-0.1990,-0.2268,0.9534
46.8580,125.65,-47.0363,25.8964,-1.2958,13.2076,348.3843,335.1978,4.2703,1.2250,-3.5852,-0.1960,-0.2285,0.9536
46.8780,125.65,-46.9499,25.9204,-1.3661,13.2932,348.5621,335.2119,4.3188,1.2000,-3.5124,-0.1930,-0.2299,0.9539
46.8980,125.65,-46.8626,25.9439,-1.4349,13.3676,348.7457,335.2343,4.3672,1.1750,-3.4401,-0.1899,-0.2312,0.9542
46.9180,125.65,-46.7743,25.9669,-1.5022,13.4309,348.9346,335.2649,4.4154,1.1501,-3.3681,-0.1867,-0.2323,0.9546
46.9380,125.65,-46.6850,25.9894,-1.5682,13.4830,349.1285,335.3030,4.4634,1.1253,-3.2966,-0.1834,-0.2332,0.9550
46.9580,125.65,-46.5948,26.0114,-1.6327,13.5238,349.3269,335.3484,4.5111,1.1007,-3.2256,-0.1801,-0.2338,0.9555
46.9780,125.65,-46.5036,26.0330,-1.6958,13.5532,349.5294,335.4008,4.5587,1.0761,-3.1551,-0.1767,-0.2343,0.9560
46.9980,125.65,-46.4115,26.0540,-1.7575,13.5714,349.7354,335.4597,4.6060,1.0518,-3.0852,-0.1732,-0.2347,0.9565
47.0180,125.65,-46.3184,26.0745,-1.8178,13.5781,349.9446,335.5248,4.6531,1.0276,-3.0159,-0.1697,-0.2348,0.9571
47.0380,125.65,-46.2244,26.0946,-1.8768,13.5735,350.1564,335.5956,4.6999,1.0037,-2.9472,-0.1662,-0.2347,0.9578
47.0580,125.65,-46.1295,26.1142,-1.9343,13.5577,350.3703,335.6718,4.7465,0.9800,-2.8792,-0.1626,-0.2344,0.9584
47.0780,125.65,-46.0336,26.1334,-1.9906,13.5305,350.5858,335.7531,4.7929,0.9566,-2.8118,-0.1590,-0.2340,0.9592
47.0980,125.65,-45.9368,26.1520,-2.0455,13.4921,350.8024,335.8391,4.8390,0.9335,-2.7452,-0.1554,-0.2333,0.9599
47.1180,125.65,-45.8391,26.1702,-2.0991,13.4426,351.0196,335.9294,4.8848,0.9106,-2.6793,-0.1518,-0.2325,0.9607
47.1380,125.65,-45.7405,26.1880,-2.1513,13.3821,351.2368,336.0237,4.9303,0.8881,-2.6142,-0.1482,-0.2314,0.9615
47.1580,125.65,-45.6410,26.2053,-2.2023,13.3107,351.4534,336.1216,4.9756,0.8659,-2.5499,-0.1446,-0.2302,0.9623
47.1780,125.65,-45.5406,26.2222,-2.2521,13.2285,351.6690,336.2229,5.0206,0.8440,-2.4864,-0.1410,-0.2288,0.9632
47.1980,125.65,-45.4393,26.2387,-2.3005,13.1357,351.8831,336.3272,5.0653,0.8225,-2.4239,-0.1375,-0.2273,0.9641
47.2180,125.65,-45.3371,26.2547,-2.3478,13.0325,352.0951,336.4343,5.1097,0.8013,-2.3622,-0.1340,-0.2255,0.9650
47.2380,125.65,-45.2340,26.2703,-2.3938,12.9191,352.3045,336.5438,5.1538,0.7804,-2.3014,-0.1305,-0.2236,0.9659
47.2580,125.65,-45.1301,26.2855,-2.4386,12.7956,352.5109,336.6555,5.1975,0.7600,-2.2415,-0.1271,-0.2215,0.9668
47.2780,125.65,-45.0253,26.3003,-2.4823,12.6624,352.7136,336.7692,5.2410,0.7399,-2.1826,-0.1237,-0.2192,0.9678
47.2980,125.65,-44.9196,26.3147,-2.5248,12.5197,352.9124,336.8846,5.2841,0.7202,-2.1247,-0.1205,-0.2168,0.9688
47.3180,125.65,-44.8130,26.3287,-2.5661,12.3676,353.1066,337.0016,5.3268,0.7008,-2.0678,-0.1172,-0.2142,0.9697
47.3380,124.84,-44.7057,26.3423,-2.6064,12.2066,353.2959,337.1200,5.3692,0.6818,-2.0119,-0.1141,-0.2114,0.9707
47.3580,124.84,-44.5974,26.3556,-2.6455,12.0370,353.4798,337.2395,5.4112,0.6633,-1.9570,-0.1111,-0.2085,0.9717
47.3780,124.84,-44.4884,26.3685,-2.6836,11.8589,353.6580,337.3601,5.4529,0.6451,-1.9032,-0.1081,-0.2055,0.9727
47.3980,124.84,-44.3785,26.3811,-2.7206,11.6729,353.8300,337.4815,5.4942,0.6273,-1.8505,-0.1053,-0.2023,0.9736
47.4180,124.84,-44.2678,26.3933,-2.7566,11.4792,353.9954,337.6038,5.5351,0.6098,-1.7988,-0.1025,-0.1990,0.9746
47.4380,124.84,-44.1563,26.4051,-2.7915,11.2781,354.1541,337.7268,5.5756,0.5928,-1.7482,-0.0999,-0.1956,0.9756
47.4580,124.84,-44.0440,26.4166,-2.8255,11.0701,354.3055,337.8504,5.6156,0.5761,-1.6987,-0.0974,-0.1920,0.9765
47.4780,124.84,-43.9308,26.4278,-2.8585,10.8556,354.4496,337.9745,5.6553,0.5598,-1.6503,-0.0950,-0.1883,0.9775
47.4980,124.84,-43.8170,26.4387,-2.8906,10.6349,354.5858,338.0992,5.6945,0.5438,-1.6030,-0.0927,-0.1845,0.9784
47.5180,124.84,-43.7023,26.4493,-2.9217,10.4084,354.7141,338.2243,5.7333,0.5283,-1.5569,-0.0906,-0.1807,0.9794
47.5380,124.84,-43.5868,26.4596,-2.9520,10.1765,354.8343,338.3499,5.7717,0.5131,-1.5118,-0.0886,-0.1767,0.9803
47.5580,124.84,-43.4707,26.4695,-2.9813,9.9397,354.9460,338.4760,5.8096,0.4982,-1.4679,-0.0868,-0.1726,0.9812
47.5780,124.84,-43.3537,26.4792,-3.0098,9.6983,355.0492,338.6025,5.8470,0.4837,-1.4251,-0.0851,-0.1685,0.9820
47.5980,124.84,-43.2360,26.4886,-3.0375,9.4529,355.1437,338.7295,5.8840,0.4696,-1.3834,-0.0835,-0.1642,0.9829
47.6180,124.84,-43.1176,26.4977,-3.0643,9.2038,355.2294,338.8569,5.9205,0.4558,-1.3428,-0.0821,-0.1599,0.9837
47.6380,124.84,-42.9985,26.5066,-3.0904,8.9514,355.3062,338.9849,5.9564,0.4423,-1.3033,-0.0808,-0.1556,0.9845
47.6580,124.84,-42.8787,26.5151,-3.1157,8.6963,355.3741,339.1134,5.9919,0.4291,-1.2650,-0.0797,-0.1512,0.9853
47.6780,124.84,-42.7581,26.5235,-3.1403,8.4387,355.4329,339.2425,6.0269,0.4163,-1.2277,-0.0788,-0.1468,0.9860
47.6980,124.84,-42.6369,26.5316,-3.1641,8.1792,355.4827,339.3723,6.0614,0.4038,-1.1915,-0.0780,-0.1423,0.9868
47.7180,124.84,-42.5150,26.5394,-3.1872,7.9183,355.5234,339.5027,6.0954,0.3916,-1.1565,-0.0773,-0.1378,0.9874
47.7380,124.84,-42.3924,26.5470,-3.2097,7.6562,355.5552,339.6339,6.1288,0.3798,-1.1224,-0.0768,-0.1332,0.9881
47.7580,124.84,-42.2692,26.5544,-3.2314,7.3934,355.5779,339.7657,6.1618,0.3682,-1.0895,-0.0765,-0.1287,0.9887
47.7780,124.84,-42.1453,26.5615,-3.2526,7.1304,355.5918,339.8985,6.1942,0.3569,-1.0576,-0.0763,-0.1241,0.9893
47.7980,124.84,-42.0208,26.5684,-3.2731,6.8676,355.5969,340.0321,6.2260,0.3459,-1.0267,-0.0762,-0.1196,0.9899
47.8180,124.84,-41.8956,26.5751,-3.2931,6.6053,355.5933,340.1666,6.2573,0.3353,-0.9968,-0.0763,-0.1150,0.9904
47.8380,124.84,-41.7698,26.5816,-3.3124,6.3440,355.5811,340.3020,6.2880,0.3248,-0.9679,-0.0766,-0.1105,0.9909
47.8580,124.84,-41.6435,26.5879,-3.3312,6.0841,355.5604,340.4384,6.3182,0.3147,-0.9400,-0.0770,-0.1060,0.9914
47.8780,124.84,-41.5165,26.5940,-3.3495,5.8259,355.5315,340.5759,6.3479,0.3049,-0.9131,-0.0775,-0.1015,0.9918
47.8980,124.84,-41.3890,26.5999,-3.3672,5.5698,355.4944,340.7143,6.3769,0.2953,-0.8871,-0.0782,-0.0971,0.9922
47.9180,124.84,-41.2609,26.6057,-3.3845,5.3161,355.4495,340.8538,6.4055,0.2860,-0.8620,-0.0790,-0.0927,0.9926
47.9380,124.84,-41.1322,26.6112,-3.4012,5.0652,355.3968,340.9944,6.4334,0.2769,-0.8378,-0.0799,-0.0883,0.9929
47.9580,124.84,-41.0030,26.6166,-3.4175,4.8175,355.3366,341.1360,6.4608,0.2681,-0.8146,-0.0810,-0.0840,0.9932
47.9780,124.84,-40.8732,26.6218,-3.4334,4.5732,355.2692,341.2787,6.4876,0.2596,-0.7921,-0.0822,-0.0797,0.9934
47.9980,124.84,-40.7430,26.6268,-3.4488,4.3327,355.1948,341.4224,6.5138,0.2513,-0.7705,-0.0835,-0.0755,0.9936
48.0180,124.84,-40.6122,26.6316,-3.4638,4.0962,355.1136,341.5672,6.5394,0.2432,-0.7498,-0.0850,-0.0714,0.9938
48.0380,124.84,-40.4809,26.6364,-3.4783,3.8640,355.0260,341.7130,6.5645,0.2354,-0.7298,-0.0865,-0.0674,0.9940
48.0580,124.84,-40.3491,26.6409,-3.4926,3.6365,354.9321,341.8598,6.5890,0.2278,-0.7105,-0.0882,-0.0634,0.9941
48.0780,124.84,-40.2169,26.6453,-3.5064,3.4137,354.8322,342.0076,6.6129,0.2205,-0.6921,-0.0899,-0.0595,0.9942
48.0980,124.84,-40.0841,26.6496,-3.5199,3.1960,354.7268,342.1562,6.6363,0.2134,-0.6743,-0.0918,-0.0558,0.9942
48.1180,124.84,-39.9510,26.6537,-3.5330,2.9836,354.6160,342.3057,6.6590,0.2065,-0.6573,-0.0937,-0.0521,0.9942
48.1380,124.84,-39.8173,26.6577,-3.5458,2.7767,354.5001,342.4561,6.6812,0.1999,-0.6409,-0.0957,-0.0484,0.9942
48.1580,124.84,-39.6833,26.6616,-3.5583,2.5754,354.3795,342.6071,6.7028,0.1935,-0.6251,-0.0978,-0.0449,0.9942
48.1780,124.84,-39.5488,26.6653,-3.5705,2.3799,354.2545,342.7588,6.7238,0.1873,-0.6100,-0.1000,-0.0415,0.9941
48.1980,124.84,-39.4139,26.6690,-3.5825,2.1904,354.1253,342.9111,6.7443,0.1813,-0.5955,-0.1023,-0.0382,0.9940
48.2180,124.84,-39.2786,26.6725,-3.5941,2.0070,353.9924,343.0639,6.7642,0.1756,-0.5816,-0.1046,-0.0350,0.9939
48.2380,124.84,-39.1430,26.6759,-3.6054,1.8298,353.8560,343.2172,6.7835,0.1700,-0.5682,-0.1070,-0.0319,0.9937
48.2580,124.84,-39.0069,26.6792,-3.6166,1.6590,353.7164,343.3708,6.8022,0.1647,-0.5553,-0.1094,-0.0290,0.9936
48.2780,124.84,-38.8705,26.6824,-3.6274,1.4946,353.5739,343.5246,6.8204,0.1596,-0.5429,-0.1119,-0.0261,0.9934
48.2980,124.84,-38.7337,26.6855,-3.6380,1.3366,353.4290,343.6786,6.8380,0.1547,-0.5311,-0.1144,-0.0233,0.9932
48.3180,124.84,-38.5966,26.6885,-3.6484,1.1852,353.2819,343.8327,6.8551,0.1499,-0.5196,-0.1170,-0.0207,0.9929
48.3380,120.55,-38.4592,26.6914,-3.6586,1.0404,353.1328,343.9867,6.8715,0.1454,-0.5086,-0.1195,-0.0182,0.9927
48.3580,120.55,-38.3215,26.6942,-3.6686,0.9021,352.9822,344.1406,6.8875,0.1411,-0.4980,-0.1222,-0.0157,0.9924
48.3780,120.55,-38.1834,26.6970,-3.6783,0.7705,352.8303,344.2942,6.9028,0.1369,-0.4878,-0.1248,-0.0134,0.9921
48.3980,120.55,-38.0451,26.6996,-3.6879,0.6455,352.6774,344.4475,6.9177,0.1330,-0.4780,-0.1274,-0.0113,0.9918
48.4180,120.55,-37.9064,26.7022,-3.6972,0.5271,352.5239,344.6003,6.9319,0.1292,-0.4685,-0.1301,-0.0092,0.9915
48.4380,120.55,-37.7675,26.7047,-3.7064,0.4153,352.3700,344.7526,6.9457,0.1256,-0.4594,-0.1328,-0.0072,0.9911
48.4580,120.55,-37.6283,26.7072,-3.7154,0.3100,352.2159,344.9043,6.9589,0.1222,-0.4505,-0.1354,-0.0054,0.9908
48.4780,120.55,-37.4889,26.7095,-3.7243,0.2111,352.0621,345.0551,6.9715,0.1190,-0.4419,-0.1381,-0.0037,0.9904
48.4980,120.55,-37.3492,26.7119,-3.7329,0.1187,351.9088,345.2051,6.9837,0.1159,-0.4336,-0.1407,-0.0021,0.9900
48.5180,120.55,-37.2093,26.7141,-3.7415,0.0326,351.7561,345.3542,6.9953,0.1130,-0.4255,-0.1434,-0.0006,0.9897
48.5380,120.55,-37.0692,26.7163,-3.7498,359.9527,351.6044,345.5022,7.0064,0.1102,-0.4177,-0.1460,0.0008,0.9893
48.5580,120.55,-36.9289,26.7185,-3.7580,359.8791,351.4539,345.6491,7.0169,0.1076,-0.4100,-0.1486,0.0021,0.9889
48.5780,120.55,-36.7883,26.7206,-3.7661,359.8114,351.3049,345.7947,7.0270,0.1052,-0.4026,-0.1512,0.0033,0.9885
48.5980,120.55,-36.6476,26.7226,-3.7740,359.7497,351.1576,345.9390,7.0365,0.1029,-0.3953,-0.1537,0.0044,0.9881
48.6180,120.55,-36.5067,26.7247,-3.7817,359.6938,351.0121,346.0818,7.0456,0.1007,-0.3882,-0.1562,0.0053,0.9877
48.6380,120.55,-36.3656,26.7266,-3.7893,359.6436,350.8689,346.2232,7.0541,0.0987,-0.3812,-0.1587,0.0062,0.9873
48.6580,120.55,-36.2244,26.7286,-3.7968,359.5989,350.7279,346.3630,7.0622,0.0968,-0.3743,-0.1611,0.0070,0.9869
48.6780,120.55,-36.0830,26.7305,-3.8042,359.5597,350.5894,346.5012,7.0697,0.0951,-0.3675,-0.1635,0.0077,0.9865
48.6980,120.55,-35.9414,26.7323,-3.8114,359.5257,350.4536,346.6376,7.0768,0.0935,-0.3609,-0.1658,0.0083,0.9861
48.7180,120.55,-35.7998,26.7342,-3.8185,359.4968,350.3207,346.7723,7.0834,0.0919,-0.3543,-0.1681,0.0088,0.9857
48.7380,120.55,-35.6580,26.7360,-3.8254,359.4728,350.1907,346.9051,7.0896,0.0906,-0.3477,-0.1704,0.0092,0.9853
48.7580,120.55,-35.5161,26.7378,-3.8323,359.4537,350.0640,347.0359,7.0953,0.0893,-0.3413,-0.1725,0.0095,0.9850
48.7780,120.55,-35.3740,26.7395,-3.8390,359.4391,349.9405,347.1648,7.1005,0.0881,-0.3348,-0.1747,0.0098,0.9846
48.7980,120.55,-35.2319,26.7413,-3.8455,359.4290,349.8205,347.2917,7.1053,0.0870,-0.3284,-0.1767,0.0100,0.9842
48.8180,120.55,-35.0897,26.7430,-3.8520,359.4232,349.7040,347.4165,7.1097,0.0860,-0.3221,-0.1787,0.0101,0.9838
48.8380,120.55,-34.9475,26.7447,-3.8583,359.4216,349.5912,347.5391,7.1136,0.0851,-0.3157,-0.1807,0.0101,0.9835
48.8580,120.55,-34.8051,26.7464,-3.8645,359.4238,349.4821,347.6596,7.1171,0.0844,-0.3093,-0.1825,0.0101,0.9831
48.8780,120.55,-34.6627,26.7481,-3.8705,359.4298,349.3768,347.7780,7.1201,0.0836,-0.3029,-0.1843,0.0100,0.9828
48.8980,120.55,-34.5203,26.7497,-3.8765,359.4394,349.2755,347.8940,7.1228,0.0830,-0.2965,-0.1861,0.0098,0.9825
48.9180,120.55,-34.3778,26.7514,-3.8823,359.4524,349.1781,348.0078,7.1251,0.0824,-0.2901,-0.1877,0.0096,0.9822
48.9380,120.55,-34.2352,26.7530,-3.8879,359.4687,349.0848,348.1194,7.1269,0.0819,-0.2836,-0.1893,0.0093,0.9819
48.9580,120.55,-34.0927,26.7546,-3.8935,359.4879,348.9956,348.2286,7.1284,0.0815,-0.2771,-0.1909,0.0089,0.9816
48.9780,120.55,-33.9501,26.7563,-3.8989,359.5101,348.9105,348.3354,7.1295,0.0812,-0.2706,-0.1923,0.0086,0.9813
48.9980,120.55,-33.8075,26.7579,-3.9042,359.5350,348.8296,348.4399,7.1302,0.0809,-0.2640,-0.1937,0.0081,0.9810
49.0180,120.55,-33.6649,26.7595,-3.9093,359.5623,348.7528,348.5421,7.1306,0.0806,-0.2573,-0.1950,0.0076,0.9808
49.0380,120.55,-33.5222,26.7611,-3.9143,359.5921,348.6803,348.6419,7.1306,0.0804,-0.2506,-0.1963,0.0071,0.9805
49.0580,120.55,-33.3796,26.7627,-3.9192,359.6241,348.6119,348.7393,7.1303,0.0803,-0.2438,-0.1974,0.0066,0.9803
49.0780,120.55,-33.2370,26.7643,-3.9239,359.6580,348.5478,348.8342,7.1296,0.0801,-0.2369,-0.1985,0.0060,0.9801
49.0980,120.55,-33.0945,26.7659,-3.9285,359.6938,348.4879,348.9268,7.1286,0.0801,-0.2299,-0.1996,0.0053,0.9799
49.1180,120.55,-32.9519,26.7675,-3.9330,359.7313,348.4321,349.0170,7.1273,0.0800,-0.2229,-0.2005,0.0047,0.9797
49.1380,120.55,-32.8094,26.7691,-3.9373,359.7704,348.3805,349.1048,7.1256,0.0800,-0.2158,-0.2014,0.0040,0.9795
49.1580,120.55,-32.6669,26.7707,-3.9415,359.8108,348.3330,349.1902,7.1237,0.0801,-0.2086,-0.2022,0.0033,0.9793
49.1780,120.55,-32.5245,26.7723,-3.9455,359.8524,348.2896,349.2732,7.1215,0.0801,-0.2013,-0.2030,0.0026,0.9792
49.1980,120.55,-32.3821,26.7739,-3.9494,359.8951,348.2503,349.3538,7.1190,0.0802,-0.1939,-0.2036,0.0018,0.9790
49.2180,120.55,-32.2398,26.7755,-3.9531,359.9387,348.2150,349.4320,7.1162,0.0803,-0.1865,-0.2042,0.0011,0.9789
49.2380,120.55,-32.0976,26.7771,-3.9567,359.9832,348.1836,349.5079,7.1131,0.0804,-0.1789,-0.2048,0.0003,0.9788
49.2580,120.55,-31.9554,26.7788,-3.9601,0.0282,348.1562,349.5814,7.1098,0.0806,-0.1713,-0.2052,-0.0005,0.9787
49.2780,120.55,-31.8132,26.7804,-3.9634,0.0738,348.1325,349.6526,7.1063,0.0807,-0.1635,-0.2056,-0.0013,0.9786
49.2980,120.55,-31.6712,26.7820,-3.9665,0.1197,348.1127,349.7214,7.1025,0.0809,-0.1557,-0.2060,-0.0021,0.9786
49.3180,120.55,-31.5292,26.7836,-3.9694,0.1659,348.0966,349.7879,7.0984,0.0810,-0.1478,-0.2063,-0.0029,0.9785
49.3380,124.19,-31.3873,26.7852,-3.9722,0.2122,348.0841,349.8522,7.0942,0.0812,-0.1398,-0.2065,-0.0037,0.9784
49.3580,124.19,-31.2455,26.7869,-3.9749,0.2585,348.0751,349.9141,7.0898,0.0814,-0.1317,-0.2066,-0.0045,0.9784
49.3780,124.19,-31.1038,26.7885,-3.9773,0.3047,348.0697,349.9738,7.0851,0.0816,-0.1236,-0.2067,-0.0053,0.9784
49.3980,124.19,-30.9622,26.7901,-3.9797,0.3507,348.0676,350.0313,7.0803,0.0818,-0.1153,-0.2068,-0.0061,0.9784
49.4180,124.19,-30.8207,26.7918,-3.9818,0.3964,348.0688,350.0865,7.0752,0.0820,-0.1070,-0.2067,-0.0069,0.9784
49.4380,124.19,-30.6793,26.7934,-3.9838,0.4416,348.0733,350.1395,7.0700,0.0822,-0.0986,-0.2067,-0.0077,0.9784
49.4580,124.19,-30.5380,26.7951,-3.9856,0.4863,348.0809,350.1904,7.0647,0.0824,-0.0901,-0.2065,-0.0085,0.9784
49.4780,124.19,-30.3968,26.7967,-3.9872,0.5303,348.0915,350.2391,7.0592,0.0826,-0.0815,-0.2063,-0.0093,0.9784
49.4980,124.19,-30.2558,26.7984,-3.9887,0.5737,348.1051,350.2857,7.0535,0.0827,-0.0729,-0.2061,-0.0100,0.9785
49.5180,124.19,-30.1148,26.8000,-3.9899,0.6163,348.1215,350.3302,7.0477,0.0829,-0.0642,-0.2058,-0.0108,0.9785
49.5380,124.19,-29.9740,26.8017,-3.9910,0.6579,348.1407,350.3726,7.0418,0.0831,-0.0554,-0.2055,-0.0115,0.9786
49.5580,124.19,-29.8333,26.8034,-3.9920,0.6986,348.1625,350.4130,7.0357,0.0833,-0.0466,-0.2051,-0.0122,0.9787
49.5780,124.19,-29.6927,26.8050,-3.9927,0.7383,348.1869,350.4513,7.0296,0.0834,-0.0377,-0.2047,-0.0129,0.9787
49.5980,124.19,-29.5522,26.8067,-3.9933,0.7769,348.2138,350.4876,7.0233,0.0836,-0.0288,-0.2042,-0.0136,0.9788
49.6180,124.19,-29.4119,26.8084,-3.9937,0.8143,348.2430,350.5220,7.0169,0.0837,-0.0198,-0.2037,-0.0142,0.9789
49.6380,124.19,-29.2717,26.8100,-3.9939,0.8505,348.2744,350.5544,7.0105,0.0838,-0.0108,-0.2032,-0.0148,0.9790
49.6580,124.19,-29.1316,26.8117,-3.9939,0.8853,348.3081,350.5850,7.0040,0.0840,-0.0017,-0.2026,-0.0155,0.9791
49.6780,124.19,-28.9916,26.8134,-3.9938,0.9189,348.3438,350.6136,6.9974,0.0841,0.0074,-0.2020,-0.0160,0.9793
49.6980,124.19,-28.8518,26.8151,-3.9935,0.9510,348.3814,350.6404,6.9908,0.0842,0.0165,-0.2014,-0.0166,0.9794
49.7180,124.19,-28.7121,26.8168,-3.9930,0.9817,348.4209,350.6653,6.9841,0.0843,0.0257,-0.2007,-0.0171,0.9795
49.7380,124.19,-28.5726,26.8185,-3.9923,1.0110,348.4621,350.6885,6.9773,0.0843,0.0349,-0.2000,-0.0176,0.9796
49.7580,124.19,-28.4332,26.8201,-3.9914,1.0387,348.5050,350.7099,6.9705,0.0844,0.0441,-0.1992,-0.0181,0.9798
49.7780,124.19,-28.2939,26.8218,-3.9903,1.0648,348.5495,350.7296,6.9637,0.0845,0.0533,-0.1985,-0.0186,0.9799
49.7980,124.19,-28.1548,26.8235,-3.9891,1.0894,348.5954,350.7476,6.9569,0.0845,0.0625,-0.1977,-0.0190,0.9801
49.8180,124.19,-28.0158,26.8252,-3.9876,1.1123,348.6427,350.7639,6.9500,0.0845,0.0717,-0.1969,-0.0194,0.9802
49.8380,124.19,-27.8769,26.8269,-3.9860,1.1336,348.6913,350.7786,6.9432,0.0846,0.0809,-0.1961,-0.0198,0.9804
49.8580,124.19,-27.7382,26.8286,-3.9842,1.1533,348.7411,350.7917,6.9363,0.0846,0.0901,-0.1952,-0.0201,0.9806
49.8780,124.19,-27.5996,26.8303,-3.9822,1.1712,348.7919,350.8033,6.9294,0.0846,0.0993,-0.1943,-0.0204,0.9807
49.8980,124.19,-27.4611,26.8320,-3.9801,1.1875,348.8438,350.8132,6.9226,0.0846,0.1084,-0.1934,-0.0207,0.9809
49.9180,124.19,-27.3228,26.8337,-3.9777,1.2020,348.8965,350.8217,6.9158,0.0845,0.1175,-0.1925,-0.0210,0.9811
49.9380,124.19,-27.1846,26.8354,-3.9752,1.2149,348.9500,350.8288,6.9090,0.0845,0.1267,-0.1916,-0.0212,0.9812
49.9580,124.19,-27.0466,26.8371,-3.9725,1.2260,349.0043,350.8344,6.9022,0.0845,0.1357,-0.1907,-0.0214,0.9814
49.9780,124.19,-26.9087,26.8387,-3.9696,1.2353,349.0593,350.8386,6.8954,0.0844,0.1448,-0.1897,-0.0216,0.9816
49.9980,124.19,-26.7709,26.8404,-3.9665,1.2430,349.1148,350.8414,6.8887,0.0844,0.1537,-0.1888,-0.0217,0.9818
50.0180,124.19,-26.6333,26.8421,-3.9632,1.2489,349.1708,350.8430,6.8821,0.0843,0.1627,-0.1878,-0.0218,0.9820
50.0380,124.19,-26.4958,26.8438,-3.9598,1.2531,349.2271,350.8432,6.8755,0.0842,0.1715,-0.1869,-0.0219,0.9821
50.0580,124.19,-26.3584,26.8455,-3.9562,1.2555,349.2838,350.8422,6.8689,0.0841,0.1804,-0.1859,-0.0219,0.9823
50.0780,124.19,-26.2211,26.8472,-3.9524,1.2563,349.3408,350.8399,6.8624,0.0840,0.1891,-0.1849,-0.0219,0.9825
50.0980,124.19,-26.0840,26.8488,-3.9485,1.2553,349.3979,350.8365,6.8560,0.0839,0.1978,-0.1839,-0.0219,0.9827
50.1180,124.19,-25.9470,26.8505,-3.9443,1.2527,349.4552,350.8319,6.8496,0.0838,0.2064,-0.1830,-0.0219,0.9829
50.1380,124.19,-25.8102,26.8522,-3.9400,1.2484,349.5125,350.8263,6.8434,0.0836,0.2149,-0.1820,-0.0218,0.9831
50.1580,124.19,-25.6734,26.8539,-3.9356,1.2424,349.5697,350.8195,6.8372,0.0835,0.2234,-0.1810,-0.0217,0.9832
50.1780,124.19,-25.5368,26.8555,-3.9309,1.2348,349.6268,350.8117,6.8310,0.0833,0.2317,-0.1800,-0.0216,0.9834
50.1980,124.19,-25.4003,26.8572,-3.9261,1.2256,349.6837,350.8029,6.8250,0.0832,0.2400,-0.1790,-0.0214,0.9836
50.2180,124.19,-25.2639,26.8589,-3.9212,1.2148,349.7405,350.7932,6.8190,0.0830,0.2482,-0.1781,-0.0212,0.9838
50.2380,124.19,-25.1277,26.8605,-3.9160,1.2025,349.7969,350.7825,6.8132,0.0828,0.2562,-0.1771,-0.0210,0.9840
50.2580,124.19,-24.9915,26.8622,-3.9108,1.1886,349.8530,350.7710,6.8074,0.0827,0.2642,-0.1761,-0.0207,0.9841
50.2780,124.19,-24.8555,26.8638,-3.9053,1.1732,349.9087,350.7585,6.8018,0.0825,0.2720,-0.1752,-0.0205,0.9843
50.2980,124.19,-24.7195,26.8655,-3.8997,1.1563,349.9639,350.7453,6.7962,0.0823,0.2798,-0.1742,-0.0202,0.9845
50.3180,124.19,-24.5837,26.8671,-3.8940,1.1380,350.0187,350.7313,6.7907,0.0821,0.2874,-0.1733,-0.0199,0.9847
50.3380,124.19,-24.4480,26.8687,-3.8881,1.1182,350.0728,350.7165,6.7854,0.0819,0.2949,-0.1724,-0.0195,0.9848
50.3580,124.47,-24.3124,26.8704,-3.8820,1.0971,350.1264,350.7010,6.7801,0.0816,0.3023,-0.1714,-0.0191,0.9850
50.3780,124.47,-24.1769,26.8720,-3.8758,1.0746,350.1793,350.6849,6.7750,0.0814,0.3095,-0.1705,-0.0188,0.9852
50.3980,124.47,-24.0415,26.8736,-3.8695,1.0509,350.2316,350.6681,6.7700,0.0812,0.3166,-0.1696,-0.0183,0.9853
50.4180,124.47,-23.9062,26.8752,-3.8630,1.0258,350.2831,350.6507,6.7651,0.0809,0.3236,-0.1688,-0.0179,0.9855
50.4380,124.47,-23.7710,26.8769,-3.8564,0.9996,350.3338,350.6328,6.7603,0.0807,0.3305,-0.1679,-0.0174,0.9857
50.4580,124.47,-23.6359,26.8785,-3.8497,0.9721,350.3837,350.6143,6.7556,0.0804,0.3372,-0.1670,-0.0170,0.9858
50.4780,124.47,-23.5009,26.8801,-3.8428,0.9435,350.4328,350.5953,6.7510,0.0802,0.3437,-0.1662,-0.0165,0.9860
50.4980,124.47,-23.3660,26.8817,-3.8358,0.9137,350.4810,350.5758,6.7466,0.0799,0.3501,-0.1654,-0.0159,0.9861
50.5180,124.47,-23.2311,26.8833,-3.8287,0.8829,350.5282,350.5559,6.7422,0.0796,0.3564,-0.1645,-0.0154,0.9862
50.5380,124.47,-23.0963,26.8848,-3.8214,0.8511,350.5746,350.5356,6.7380,0.0793,0.3625,-0.1637,-0.0149,0.9864
50.5580,124.47,-22.9617,26.8864,-3.8141,0.8183,350.6200,350.5150,6.7339,0.0790,0.3685,-0.1630,-0.0143,0.9865
50.5780,124.47,-22.8271,26.8880,-3.8066,0.7845,350.6643,350.4940,6.7300,0.0787,0.3743,-0.1622,-0.0137,0.9867
50.5980,124.47,-22.6925,26.8896,-3.7990,0.7499,350.7077,350.4727,6.7261,0.0784,0.3800,-0.1615,-0.0131,0.9868
50.6180,124.47,-22.5581,26.8911,-3.7913,0.7144,350.7500,350.4511,6.7224,0.0781,0.3855,-0.1607,-0.0125,0.9869
50.6380,124.47,-22.4237,26.8927,-3.7834,0.6781,350.7913,350.4294,6.7188,0.0778,0.3908,-0.1600,-0.0118,0.9870
50.6580,124.47,-22.2894,26.8942,-3.7755,0.6410,350.8315,350.4073,6.7153,0.0775,0.3960,-0.1593,-0.0112,0.9872
50.6780,124.47,-22.1552,26.8958,-3.7675,0.6033,350.8705,350.3852,6.7120,0.0772,0.4011,-0.1587,-0.0105,0.9873
50.6980,124.47,-22.0210,26.8973,-3.7594,0.5648,350.9085,350.3628,6.7087,0.0768,0.4059,-0.1580,-0.0099,0.9874
50.7180,124.47,-21.8869,26.8989,-3.7512,0.5257,350.9454,350.3404,6.7056,0.0765,0.4106,-0.1574,-0.0092,0.9875
50.7380,124.47,-21.7528,26.9004,-3.7429,0.4861,350.9811,350.3178,6.7026,0.0761,0.4152,-0.1568,-0.0085,0.9876
50.7580,124.47,-21.6188,26.9019,-3.7345,0.4459,351.0157,350.2952,6.6998,0.0758,0.4196,-0.1562,-0.0078,0.9877
50.7780,124.47,-21.4849,26.9034,-3.7260,0.4052,351.0491,350.2725,6.6970,0.0754,0.4238,-0.1556,-0.0071,0.9878
50.7980,124.47,-21.3510,26.9049,-3.7174,0.3641,351.0813,350.2498,6.6944,0.0751,0.4278,-0.1550,-0.0064,0.9879
50.8180,124.47,-21.2172,26.9064,-3.7088,0.3226,351.1124,350.2272,6.6919,0.0747,0.4317,-0.1545,-0.0056,0.9880
50.8380,124.47,-21.0834,26.9079,-3.7001,0.2808,351.1423,350.2045,6.6895,0.0744,0.4355,-0.1540,-0.0049,0.9881
50.8580,124.47,-20.9496,26.9094,-3.6913,0.2386,351.1711,350.1819,6.6872,0.0740,0.4390,-0.1535,-0.0042,0.9881
50.8780,124.47,-20.8159,26.9108,-3.6825,0.1962,351.1986,350.1595,6.6850,0.0736,0.4424,-0.1530,-0.0034,0.9882
50.8980,124.47,-20.6823,26.9123,-3.6736,0.1535,351.2250,350.1371,6.6829,0.0732,0.4457,-0.1526,-0.0027,0.9883
50.9180,124.47,-20.5487,26.9138,-3.6646,0.1107,351.2502,350.1148,6.6810,0.0728,0.4488,-0.1521,-0.0019,0.9884
50.9380,124.47,-20.4151,26.9152,-3.6555,0.0677,351.2742,350.0927,6.6791,0.0724,0.4517,-0.1517,-0.0012,0.9884
50.9580,124.47,-20.2815,26.9167,-3.6465,0.0247,351.2970,350.0707,6.6774,0.0721,0.4544,-0.1513,-0.0004,0.9885
50.9780,124.47,-20.1480,26.9181,-3.6373,359.9816,351.3187,350.0489,6.6758,0.0717,0.4571,-0.1509,0.0003,0.9885
50.9980,124.47,-20.0145,26.9195,-3.6281,359.9385,351.3392,350.0273,6.6743,0.0713,0.4595,-0.1506,0.0011,0.9886
51.0180,124.47,-19.8811,26.9209,-3.6189,359.8954,351.3586,350.0060,6.6729,0.0708,0.4618,-0.1503,0.0018,0.9886
51.0380,124.47,-19.7476,26.9223,-3.6096,359.8524,351.3768,349.9849,6.6716,0.0704,0.4639,-0.1499,0.0026,0.9887
51.0580,124.47,-19.6142,26.9237,-3.6003,359.8095,351.3939,349.9640,6.6704,0.0700,0.4659,-0.1496,0.0033,0.9887
51.0780,124.47,-19.4808,26.9251,-3.5909,359.7668,351.4098,349.9434,6.6692,0.0696,0.4678,-0.1494,0.0041,0.9888
51.0980,124.47,-19.3475,26.9265,-3.5815,359.7242,351.4246,349.9231,6.6682,0.0692,0.4694,-0.1491,0.0048,0.9888
51.1180,124.47,-19.2141,26.9279,-3.5721,359.6819,351.4384,349.9031,6.6673,0.0688,0.4710,-0.1489,0.0056,0.9888
51.1380,124.47,-19.0808,26.9293,-3.5627,359.6399,351.4510,349.8834,6.6665,0.0684,0.4724,-0.1487,0.0063,0.9889
51.1580,124.47,-18.9475,26.9306,-3.5532,359.5981,351.4626,349.8640,6.6658,0.0679,0.4736,-0.1485,0.0070,0.9889
51.1780,124.47,-18.8142,26.9320,-3.5437,359.5567,351.4731,349.8449,6.6651,0.0675,0.4748,-0.1483,0.0077,0.9889
51.1980,124.47,-18.6809,26.9333,-3.5342,359.5157,351.4825,349.8262,6.6646,0.0671,0.4757,-0.1481,0.0085,0.9889
51.2180,124.47,-18.5476,26.9346,-3.5247,359.4750,351.4909,349.8078,6.6641,0.0667,0.4766,-0.1480,0.0092,0.9890
51.2380,124.47,-18.4143,26.9360,-3.5151,359.4348,351.4983,349.7899,6.6637,0.0662,0.4773,-0.1478,0.0099,0.9890
51.2580,124.47,-18.2811,26.9373,-3.5056,359.3950,351.5047,349.7722,6.6634,0.0658,0.4779,-0.1477,0.0106,0.9890
51.2780,124.47,-18.1478,26.9386,-3.4960,359.3557,351.5102,349.7550,6.6632,0.0654,0.4783,-0.1476,0.0112,0.9890
51.2980,124.47,-18.0146,26.9399,-3.4864,359.3170,351.5146,349.7381,6.6630,0.0650,0.4786,-0.1475,0.0119,0.9890
51.3180,124.47,-17.8813,26.9412,-3.4768,359.2788,351.5182,349.7216,6.6629,0.0645,0.4788,-0.1475,0.0126,0.9890
51.3380,124.47,-17.7480,26.9425,-3.4673,359.2412,351.5208,349.7056,6.6629,0.0641,0.4789,-0.1474,0.0132,0.9890
51.3580,120.55,-17.6148,26.9437,-3.4577,359.2041,351.5225,349.6899,6.6630,0.0637,0.4789,-0.1474,0.0139,0.9890
51.3780,120.55,-17.4815,26.9450,-3.4481,359.1677,351.5234,349.6747,6.6632,0.0632,0.4787,-0.1474,0.0145,0.9890
51.3980,120.55,-17.3482,26.9463,-3.4385,359.1320,351.5234,349.6599,6.6634,0.0628,0.4785,-0.1474,0.0151,0.9890
51.4180,120.55,-17.2150,26.9475,-3.4290,359.0969,351.5225,349.6454,6.6636,0.0624,0.4781,-0.1474,0.0158,0.9890
51.4380,120.55,-17.0817,26.9487,-3.4194,359.0625,351.5209,349.6314,6.6640,0.0620,0.4777,-0.1474,0.0164,0.9889
51.4580,120.55,-16.9484,26.9500,-3.4099,359.0288,351.5185,349.6178,6.6643,0.0616,0.4771,-0.1475,0.0170,0.9889
51.4780,120.55,-16.8151,26.9512,-3.4004,358.9958,351.5153,349.6047,6.6648,0.0611,0.4764,-0.1475,0.0175,0.9889
51.4980,120.55,-16.6818,26.9524,-3.3908,358.9636,351.5114,349.5919,6.6653,0.0607,0.4757,-0.1476,0.0181,0.9889
51.5180,120.55,-16.5485,26.9536,-3.3814,358.9321,351.5067,349.5797,6.6659,0.0603,0.4748,-0.1477,0.0186,0.9889
51.5380,120.55,-16.4152,26.9548,-3.3719,358.9015,351.5014,349.5677,6.6665,0.0599,0.4739,-0.1478,0.0192,0.9888
51.5580,120.55,-16.2818,26.9560,-3.3624,358.8716,351.4955,349.5563,6.6671,0.0595,0.4729,-0.1479,0.0197,0.9888
51.5780,120.55,-16.1485,26.9572,-3.3530,358.8425,351.4889,349.5453,6.6678,0.0591,0.4718,-0.1480,0.0202,0.9888
51.5980,120.55,-16.0151,26.9584,-3.3436,358.8142,351.4816,349.5346,6.6686,0.0587,0.4706,-0.1481,0.0207,0.9888
51.6180,120.55,-15.8817,26.9595,-3.3342,358.7868,351.4738,349.5244,6.6694,0.0583,0.4693,-0.1482,0.0212,0.9887
51.6380,120.55,-15.7483,26.9607,-3.3248,358.7602,351.4654,349.5146,6.6702,0.0579,0.4680,-0.1484,0.0216,0.9887
51.6580,120.55,-15.6149,26.9618,-3.3155,358.7344,351.4565,349.5053,6.6711,0.0575,0.4666,-0.1485,0.0221,0.9887
51.6780,120.55,-15.4814,26.9630,-3.3062,358.7096,351.4471,349.4963,6.6720,0.0572,0.4651,-0.1487,0.0225,0.9886
51.6980,120.55,-15.3480,26.9641,-3.2969,358.6855,351.4372,349.4878,6.6729,0.0568,0.4636,-0.1489,0.0229,0.9886
51.7180,120.55,-15.2145,26.9652,-3.2877,358.6624,351.4268,349.4796,6.6739,0.0564,0.4620,-0.1490,0.0233,0.9886
51.7380,120.55,-15.0810,26.9664,-3.2785,358.6401,351.4160,349.4719,6.6749,0.0560,0.4604,-0.1492,0.0237,0.9885
51.7580,120.55,-14.9475,26.9675,-3.2693,358.6187,351.4048,349.4645,6.6760,0.0557,0.4587,-0.1494,0.0241,0.9885
51.7780,120.55,-14.8139,26.9686,-3.2602,358.5981,351.3932,349.4576,6.6770,0.0553,0.4570,-0.1496,0.0245,0.9884
51.7980,120.55,-14.6804,26.9697,-3.2510,358.5785,351.3813,349.4510,6.6781,0.0550,0.4552,-0.1498,0.0248,0.9884
51.8180,120.55,-14.5468,26.9708,-3.2420,358.5597,351.3690,349.4448,6.6792,0.0546,0.4534,-0.1500,0.0251,0.9884
51.8380,120.55,-14.4132,26.9719,-3.2329,358.5418,351.3564,349.4390,6.6804,0.0543,0.4515,-0.1502,0.0254,0.9883
51.8580,120.55,-14.2796,26.9729,-3.2240,358.5248,351.3435,349.4335,6.6815,0.0540,0.4496,-0.1505,0.0257,0.9883
51.8780,120.55,-14.1459,26.9740,-3.2150,358.5087,351.3304,349.4284,6.6827,0.0536,0.4477,-0.1507,0.0260,0.9882
51.8980,120.55,-14.0122,26.9751,-3.2061,358.4934,351.3170,349.4237,6.6839,0.0533,0.4458,-0.1509,0.0263,0.9882
51.9180,120.55,-13.8785,26.9761,-3.1972,358.4790,351.3034,349.4193,6.6851,0.0530,0.4438,-0.1511,0.0265,0.9882
51.9380,120.55,-13.7448,26.9772,-3.1884,358.4655,351.2897,349.4153,6.6863,0.0527,0.4418,-0.1514,0.0268,0.9881
51.9580,120.55,-13.6110,26.9782,-3.1796,358.4529,351.2757,349.4116,6.6875,0.0524,0.4398,-0.1516,0.0270,0.9881
51.9780,120.55,-13.4773,26.9793,-3.1708,358.4410,351.2616,349.4082,6.6888,0.0521,0.4377,-0.1519,0.0272,0.9880
51.9980,120.55,-13.3435,26.9803,-3.1621,358.4301,351.2474,349.4052,6.6900,0.0518,0.4357,-0.1521,0.0274,0.9880
52.0180,120.55,-13.2096,26.9813,-3.1534,358.4200,351.2331,349.4024,6.6913,0.0515,0.4336,-0.1524,0.0276,0.9879
52.0380,120.55,-13.0758,26.9824,-3.1448,358.4107,351.2188,349.4000,6.6925,0.0512,0.4315,-0.1526,0.0277,0.9879
52.0580,120.55,-12.9419,26.9834,-3.1362,358.4022,351.2043,349.3979,6.6938,0.0510,0.4294,-0.1529,0.0279,0.9879
52.0780,120.55,-12.8080,26.9844,-3.1277,358.3945,351.1898,349.3961,6.6951,0.0507,0.4273,-0.1531,0.0280,0.9878
52.0980,120.55,-12.6741,26.9854,-3.1192,358.3876,351.1754,349.3945,6.6963,0.0504,0.4253,-0.1533,0.0281,0.9878
52.1180,120.55,-12.5401,26.9864,-3.1107,358.3816,351.1609,349.3932,6.6976,0.0502,0.4232,-0.1536,0.0282,0.9877
52.1380,120.55,-12.4062,26.9874,-3.1023,358.3763,351.1465,349.3922,6.6989,0.0499,0.4211,-0.1538,0.0283,0.9877
52.1580,120.55,-12.2722,26.9884,-3.0939,358.3717,351.1320,349.3915,6.7001,0.0497,0.4190,-0.1541,0.0284,0.9876
52.1780,120.55,-12.1381,26.9894,-3.0856,358.3679,351.1177,349.3910,6.7014,0.0495,0.4169,-0.1543,0.0285,0.9876
52.1980,120.55,-12.0041,26.9904,-3.0773,358.3648,351.1035,349.3908,6.7026,0.0492,0.4149,-0.1546,0.0285,0.9876
52.2180,120.55,-11.8700,26.9914,-3.0690,358.3625,351.0893,349.3908,6.7039,0.0490,0.4128,-0.1548,0.0286,0.9875
52.2380,120.55,-11.7359,26.9923,-3.0608,358.3608,351.0752,349.3910,6.7051,0.0488,0.4108,-0.1551,0.0286,0.9875
52.2580,120.55,-11.6018,26.9933,-3.0526,358.3599,351.0613,349.3915,6.7064,0.0486,0.4088,-0.1553,0.0286,0.9875
52.2780,120.55,-11.4676,26.9943,-3.0445,358.3596,351.0475,349.3922,6.7076,0.0484,0.4068,-0.1556,0.0286,0.9874
52.2980,120.55,-11.3334,26.9952,-3.0364,358.3600,351.0339,349.3930,6.7088,0.0482,0.4048,-0.1558,0.0286,0.9874
52.3180,120.55,-11.1992,26.9962,-3.0283,358.3610,351.0205,349.3941,6.7100,0.0480,0.4029,-0.1560,0.0286,0.9873
52.3380,120.55,-11.0650,26.9972,-3.0203,358.3627,351.0073,349.3954,6.7112,0.0478,0.4009,-0.1562,0.0286,0.9873
52.3580,123.44,-10.9308,26.9981,-3.0123,358.3649,350.9942,349.3969,6.7123,0.0477,0.3990,-0.1565,0.0285,0.9873
52.3780,123.44,-10.7965,26.9991,-3.0044,358.3678,350.9814,349.3985,6.7135,0.0475,0.3972,-0.1567,0.0285,0.9872
52.3980,123.44,-10.6622,27.0000,-2.9965,358.3712,350.9688,349.4003,6.7146,0.0473,0.3953,-0.1569,0.0284,0.9872
52.4180,123.44,-10.5279,27.0010,-2.9886,358.3751,350.9565,349.4023,6.7158,0.0472,0.3935,-0.1571,0.0284,0.9872
52.4380,123.44,-10.3935,27.0019,-2.9808,358.3796,350.9444,349.4044,6.7169,0.0470,0.3917,-0.1573,0.0283,0.9871
52.4580,123.44,-10.2592,27.0028,-2.9730,358.3846,350.9326,349.4067,6.7180,0.0469,0.3900,-0.1575,0.0282,0.9871
52.4780,123.44,-10.1248,27.0038,-2.9652,358.3902,350.9210,349.4091,6.7191,0.0467,0.3882,-0.1577,0.0281,0.9871
52.4980,123.44,-9.9904,27.0047,-2.9575,358.3961,350.9097,349.4117,6.7201,0.0466,0.3865,-0.1579,0.0280,0.9871
52.5180,123.44,-9.8560,27.0056,-2.9498,358.4026,350.8987,349.4144,6.7211,0.0464,0.3849,-0.1581,0.0279,0.9870
52.5380,123.44,-9.7215,27.0066,-2.9421,358.4095,350.8880,349.4172,6.7222,0.0463,0.3833,-0.1583,0.0278,0.9870
52.5580,123.44,-9.5871,27.0075,-2.9345,358.4168,350.8777,349.4201,6.7232,0.0462,0.3817,-0.1585,0.0276,0.9870
52.5780,123.44,-9.4526,27.0084,-2.9269,358.4245,350.8676,349.4232,6.7241,0.0461,0.3802,-0.1587,0.0275,0.9870
52.5980,123.44,-9.3181,27.0093,-2.9193,358.4326,350.8578,349.4263,6.7251,0.0459,0.3787,-0.1588,0.0274,0.9869
52.6180,123.44,-9.1836,27.0102,-2.9118,358.4411,350.8484,349.4295,6.7260,0.0458,0.3772,-0.1590,0.0272,0.9869
52.6380,123.44,-9.0490,27.0111,-2.9042,358.4499,350.8393,349.4328,6.7269,0.0457,0.3758,-0.1591,0.0271,0.9869
52.6580,123.44,-8.9145,27.0121,-2.8968,358.4591,350.8306,349.4362,6.7278,0.0456,0.3745,-0.1593,0.0269,0.9869
52.6780,123.44,-8.7799,27.0130,-2.8893,358.4685,350.8221,349.4397,6.7287,0.0455,0.3731,-0.1594,0.0267,0.9868
52.6980,123.44,-8.6453,27.0139,-2.8819,358.4783,350.8141,349.4432,6.7295,0.0454,0.3719,-0.1596,0.0266,0.9868
52.7180,123.44,-8.5107,27.0148,-2.8744,358.4883,350.8063,349.4468,6.7304,0.0453,0.3706,-0.1597,0.0264,0.9868
52.7380,123.44,-8.3761,27.0157,-2.8671,358.4985,350.7990,349.4505,6.7312,0.0452,0.3694,-0.1598,0.0262,0.9868
52.7580,123.44,-8.2414,27.0166,-2.8597,358.5090,350.7919,349.4542,6.7319,0.0452,0.3683,-0.1600,0.0260,0.9868
52.7780,123.44,-8.1068,27.0175,-2.8523,358.5197,350.7852,349.4580,6.7327,0.0451,0.3672,-0.1601,0.0258,0.9868
52.7980,123.44,-7.9721,27.0184,-2.8450,358.5306,350.7789,349.4618,6.7334,0.0450,0.3661,-0.1602,0.0256,0.9868
52.8180,123.44,-7.8374,27.0193,-2.8377,358.5417,350.7730,349.4656,6.7341,0.0449,0.3651,-0.1603,0.0254,0.9867
52.8380,123.44,-7.7027,27.0202,-2.8304,358.5530,350.7674,349.4695,6.7348,0.0448,0.3641,-0.1604,0.0253,0.9867
52.8580,123.44,-7.5680,27.0211,-2.8232,358.5644,350.7621,349.4734,6.7354,0.0448,0.3632,-0.1605,0.0251,0.9867
52.8780,123.44,-7.4333,27.0220,-2.8159,358.5759,350.7572,349.4773,6.7361,0.0447,0.3623,-0.1606,0.0249,0.9867
52.8980,123.44,-7.2986,27.0229,-2.8087,358.5875,350.7526,349.4812,6.7367,0.0446,0.3614,-0.1606,0.0246,0.9867
52.9180,123.44,-7.1638,27.0238,-2.8015,358.5992,350.7484,349.4852,6.7373,0.0446,0.3606,-0.1607,0.0244,0.9867
52.9380,123.44,-7.0291,27.0246,-2.7943,358.6111,350.7446,349.4891,6.7378,0.0445,0.3599,-0.1608,0.0242,0.9867
52.9580,123.44,-6.8943,27.0255,-2.7871,358.6229,350.7411,349.4931,6.7384,0.0444,0.3592,-0.1609,0.0240,0.9867
52.9780,123.44,-6.7595,27.0264,-2.7799,358.6348,350.7379,349.4970,6.7389,0.0444,0.3585,-0.1609,0.0238,0.9867
52.9980,123.44,-6.6247,27.0273,-2.7728,358.6467,350.7350,349.5010,6.7394,0.0443,0.3579,-0.1610,0.0236,0.9867
53.0180,123.44,-6.4899,27.0282,-2.7656,358.6587,350.7325,349.5049,6.7398,0.0443,0.3573,-0.1610,0.0234,0.9867
53.0380,123.44,-6.3551,27.0291,-2.7585,358.6706,350.7304,349.5089,6.7403,0.0442,0.3568,-0.1610,0.0232,0.9867
53.0580,123.44,-6.2203,27.0300,-2.7514,358.6826,350.7285,349.5128,6.7407,0.0442,0.3563,-0.1611,0.0230,0.9867
53.0780,123.44,-6.0855,27.0308,-2.7443,358.6945,350.7270,349.5167,6.7411,0.0441,0.3558,-0.1611,0.0228,0.9867
53.0980,123.44,-5.9507,27.0317,-2.7371,358.7063,350.7258,349.5205,6.7415,0.0441,0.3554,-0.1611,0.0226,0.9867
53.1180,123.44,-5.8158,27.0326,-2.7300,358.7181,350.7249,349.5244,6.7418,0.0440,0.3550,-0.1611,0.0224,0.9867
53.1380,123.44,-5.6810,27.0335,-2.7230,358.7299,350.7243,349.5282,6.7422,0.0440,0.3547,-0.1611,0.0222,0.9867
53.1580,123.44,-5.5461,27.0344,-2.7159,358.7415,350.7240,349.5320,6.7425,0.0439,0.3544,-0.1612,0.0220,0.9867
53.1780,123.44,-5.4113,27.0352,-2.7088,358.7531,350.7240,349.5357,6.7428,0.0439,0.3542,-0.1612,0.0218,0.9867
53.1980,123.44,-5.2764,27.0361,-2.7017,358.7646,350.7243,349.5394,6.7430,0.0438,0.3539,-0.1611,0.0216,0.9867
53.2180,123.44,-5.1416,27.0370,-2.6946,358.7759,350.7249,349.5430,6.7433,0.0438,0.3538,-0.1611,0.0214,0.9867
53.2380,123.44,-5.0067,27.0379,-2.6876,358.7871,350.7258,349.5466,6.7435,0.0438,0.3536,-0.1611,0.0212,0.9867
53.2580,123.44,-4.8718,27.0387,-2.6805,358.7982,350.7269,349.5502,6.7437,0.0437,0.3535,-0.1611,0.0210,0.9867
53.2780,123.44,-4.7369,27.0396,-2.6734,358.8091,350.7282,349.5537,6.7439,0.0437,0.3534,-0.1611,0.0208,0.9867
53.2980,123.44,-4.6021,27.0405,-2.6663,358.8199,350.7299,349.5572,6.7441,0.0436,0.3534,-0.1611,0.0206,0.9867
53.3180,123.44,-4.4672,27.0414,-2.6593,358.8305,350.7318,349.5606,6.7442,0.0436,0.3534,-0.1610,0.0204,0.9867
53.3380,123.44,-4.3323,27.0422,-2.6522,358.8410,350.7339,349.5639,6.7444,0.0435,0.3534,-0.1610,0.0202,0.9867
53.3580,123.27,-4.1974,27.0431,-2.6451,358.8512,350.7362,349.5672,6.7445,0.0435,0.3534,-0.1609,0.0200,0.9868
53.3780,123.27,-4.0625,27.0440,-2.6381,358.8613,350.7388,349.5705,6.7446,0.0435,0.3535,-0.1609,0.0199,0.9868
53.3980,123.27,-3.9276,27.0448,-2.6310,358.8712,350.7415,349.5736,6.7447,0.0434,0.3536,-0.1609,0.0197,0.9868
53.4180,123.27,-3.7927,27.0457,-2.6239,358.8808,350.7445,349.5768,6.7448,0.0434,0.3538,-0.1608,0.0195,0.9868
53.4380,123.27,-3.6578,27.0466,-2.6168,358.8903,350.7477,349.5798,6.7448,0.0434,0.3539,-0.1608,0.0194,0.9868
53.4580,123.27,-3.5229,27.0474,-2.6098,358.8995,350.7511,349.5828,6.7448,0.0433,0.3541,-0.1607,0.0192,0.9868
53.4780,123.27,-3.3880,27.0483,-2.6027,358.9085,350.7546,349.5857,6.7449,0.0433,0.3543,-0.1606,0.0190,0.9868
53.4980,123.27,-3.2531,27.0492,-2.5956,358.9173,350.7583,349.5885,6.7449,0.0432,0.3546,-0.1606,0.0189,0.9868
53.5180,123.27,-3.1182,27.0500,-2.5885,358.9258,350.7622,349.5913,6.7449,0.0432,0.3548,-0.1605,0.0187,0.9869
53.5380,123.27,-2.9833,27.0509,-2.5814,358.9341,350.7663,349.5940,6.7448,0.0432,0.3551,-0.1604,0.0186,0.9869
53.5580,123.27,-2.8484,27.0518,-2.5743,358.9422,350.7704,349.5966,6.7448,0.0431,0.3554,-0.1604,0.0185,0.9869
53.5780,123.27,-2.7135,27.0526,-2.5672,358.9500,350.7748,349.5992,6.7448,0.0431,0.3558,-0.1603,0.0183,0.9869
53.5980,123.27,-2.5786,27.0535,-2.5600,358.9576,350.7792,349.6017,6.7447,0.0430,0.3561,-0.1602,0.0182,0.9869
53.6180,123.27,-2.4438,27.0543,-2.5529,358.9649,350.7838,349.6041,6.7446,0.0430,0.3565,-0.1601,0.0181,0.9869
53.6380,123.27,-2.3089,27.0552,-2.5458,358.9720,350.7885,349.6065,6.7446,0.0430,0.3569,-0.1601,0.0179,0.9869
53.6580,123.27,-2.1740,27.0561,-2.5386,358.9788,350.7933,349.6087,6.7445,0.0429,0.3572,-0.1600,0.0178,0.9870
53.6780,123.27,-2.0391,27.0569,-2.5315,358.9853,350.7982,349.6109,6.7444,0.0429,0.3577,-0.1599,0.0177,0.9870
53.6980,123.27,-1.9042,27.0578,-2.5243,358.9916,350.8032,349.6131,6.7443,0.0428,0.3581,-0.1598,0.0176,0.9870
53.7180,123.27,-1.7693,27.0586,-2.5171,358.9976,350.8083,349.6151,6.7441,0.0428,0.3585,-0.1597,0.0175,0.9870
53.7380,123.27,-1.6344,27.0595,-2.5100,359.0034,350.8134,349.6171,6.7440,0.0428,0.3590,-0.1596,0.0174,0.9870
53.7580,123.27,-1.4996,27.0603,-2.5028,359.0089,350.8186,349.6190,6.7439,0.0427,0.3595,-0.1595,0.0173,0.9870
53.7780,123.27,-1.3647,27.0612,-2.4956,359.0141,350.8239,349.6208,6.7437,0.0427,0.3599,-0.1594,0.0172,0.9871
53.7980,123.27,-1.2298,27.0621,-2.4884,359.0191,350.8292,349.6226,6.7436,0.0426,0.3604,-0.1594,0.0171,0.9871
53.8180,123.27,-1.0949,27.0629,-2.4812,359.0238,350.8346,349.6243,6.7434,0.0426,0.3609,-0.1593,0.0170,0.9871
53.8380,123.27,-0.9601,27.0638,-2.4739,359.0282,350.8400,349.6259,6.7432,0.0426,0.3614,-0.1592,0.0170,0.9871
53.8580,123.27,-0.8252,27.0646,-2.4667,359.0324,350.8454,349.6275,6.7431,0.0425,0.3619,-0.1591,0.0169,0.9871
53.8780,123.27,-0.6904,27.0655,-2.4594,359.0363,350.8508,349.6289,6.7429,0.0425,0.3624,-0.1590,0.0168,0.9871
53.8980,123.27,-0.5555,27.0663,-2.4522,359.0400,350.8563,349.6303,6.7427,0.0424,0.3630,-0.1589,0.0168,0.9872
53.9180,123.27,-0.4207,27.0672,-2.4449,359.0434,350.8618,349.6317,6.7425,0.0424,0.3635,-0.1588,0.0167,0.9872
53.9380,123.27,-0.2858,27.0680,-2.4376,359.0466,350.8672,349.6329,6.7423,0.0423,0.3640,-0.1587,0.0166,0.9872
53.9580,123.27,-0.1510,27.0688,-2.4303,359.0495,350.8727,349.6342,6.7421,0.0423,0.3645,-0.1586,0.0166,0.9872
53.9780,123.27,-0.0161,27.0697,-2.4230,359.0522,350.8781,349.6353,6.7419,0.0423,0.3651,-0.1585,0.0165,0.9872
53.9980,123.27,0.1187,27.0705,-2.4157,359.0546,350.8835,349.6364,6.7417,0.0422,0.3656,-0.1584,0.0165,0.9872
54.0180,123.27,0.2535,27.0714,-2.4084,359.0567,350.8889,349.6374,6.7415,0.0422,0.3661,-0.1583,0.0165,0.9872
54.0380,123.27,0.3884,27.0722,-2.4011,359.0587,350.8943,349.6383,6.7413,0.0421,0.3667,-0.1582,0.0164,0.9873
54.0580,123.27,0.5232,27.0731,-2.3937,359.0604,350.8997,349.6392,6.7411,0.0421,0.3672,-0.1581,0.0164,0.9873
54.0780,123.27,0.6580,27.0739,-2.3864,359.0618,350.9049,349.6400,6.7409,0.0420,0.3677,-0.1581,0.0164,0.9873
54.0980,123.27,0.7928,27.0747,-2.3790,359.0631,350.9102,349.6407,6.7407,0.0420,0.3683,-0.1580,0.0164,0.9873
54.1180,123.27,0.9276,27.0756,-2.3716,359.0641,350.9154,349.6414,6.7405,0.0420,0.3688,-0.1579,0.0163,0.9873
54.1380,123.27,1.0624,27.0764,-2.3642,359.0649,350.9205,349.6421,6.7403,0.0419,0.3693,-0.1578,0.0163,0.9873
54.1580,123.27,1.1972,27.0773,-2.3568,359.0655,350.9256,349.6426,6.7400,0.0419,0.3698,-0.1577,0.0163,0.9874
54.1780,123.27,1.3320,27.0781,-2.3494,359.0659,350.9306,349.6432,6.7398,0.0418,0.3703,-0.1576,0.0163,0.9874
54.1980,123.27,1.4668,27.0789,-2.3420,359.0660,350.9355,349.6436,6.7396,0.0418,0.3709,-0.1575,0.0163,0.9874
54.2180,123.27,1.6016,27.0798,-2.3346,359.0660,350.9403,349.6440,6.7394,0.0417,0.3714,-0.1574,0.0163,0.9874
54.2380,123.27,1.7364,27.0806,-2.3272,359.0658,350.9451,349.6444,6.7392,0.0417,0.3718,-0.1574,0.0163,0.9874
54.2580,123.27,1.8712,27.0814,-2.3197,359.0654,350.9498,349.6447,6.7390,0.0416,0.3723,-0.1573,0.0163,0.9874
54.2780,123.27,2.0059,27.0823,-2.3123,359.0648,350.9544,349.6450,6.7387,0.0416,0.3728,-0.1572,0.0163,0.9874
54.2980,123.27,2.1407,27.0831,-2.3048,359.0640,350.9589,349.6452,6.7385,0.0416,0.3733,-0.1571,0.0163,0.9874
54.3180,123.27,2.2755,27.0839,-2.2973,359.0630,350.9633,349.6454,6.7383,0.0415,0.3737,-0.1570,0.0164,0.9875
54.3380,123.27,2.4102,27.0848,-2.2898,359.0620,350.9677,349.6455,6.7381,0.0415,0.3742,-0.1570,0.0164,0.9875
54.3580,117.97,2.5450,27.0856,-2.2823,359.0607,350.9719,349.6455,6.7379,0.0414,0.3746,-0.1569,0.0164,0.9875
54.3780,117.97,2.6798,27.0864,-2.2748,359.0592,350.9760,349.6456,6.7377,0.0414,0.3751,-0.1568,0.0164,0.9875
54.3980,117.97,2.8145,27.0872,-2.2673,359.0576,350.9800,349.6456,6.7375,0.0413,0.3755,-0.1568,0.0164,0.9875
54.4180,117.97,2.9493,27.0881,-2.2598,359.0559,350.9839,349.6455,6.7373,0.0413,0.3759,-0.1567,0.0165,0.9875
54.4380,117.97,3.0840,27.0889,-2.2523,359.0541,350.9877,349.6455,6.7371,0.0413,0.3763,-0.1566,0.0165,0.9875
54.4580,117.97,3.2187,27.0897,-2.2447,359.0521,350.9913,349.6454,6.7369,0.0412,0.3767,-0.1566,0.0165,0.9875
54.4780,117.97,3.3535,27.0905,-2.2372,359.0500,350.9949,349.6452,6.7367,0.0412,0.3771,-0.1565,0.0166,0.9875
54.4980,117.97,3.4882,27.0914,-2.2297,359.0477,350.9984,349.6450,6.7365,0.0411,0.3775,-0.1564,0.0166,0.9875
54.5180,117.97,3.6229,27.0922,-2.2221,359.0453,351.0017,349.6448,6.7363,0.0411,0.3778,-0.1564,0.0167,0.9876
54.5380,117.97,3.7576,27.0930,-2.2145,359.0428,351.0049,349.6446,6.7362,0.0410,0.3782,-0.1563,0.0167,0.9876
54.5580,117.97,3.8924,27.0938,-2.2070,359.0403,351.0080,349.6443,6.7360,0.0410,0.3785,-0.1563,0.0167,0.9876
54.5780,117.97,4.0271,27.0946,-2.1994,359.0376,351.0109,349.6440,6.7358,0.0410,0.3788,-0.1562,0.0168,0.9876
54.5980,117.97,4.1618,27.0955,-2.1918,359.0349,351.0138,349.6437,6.7357,0.0409,0.3791,-0.1562,0.0168,0.9876
54.6180,117.97,4.2965,27.0963,-2.1842,359.0320,351.0165,349.6433,6.7355,0.0409,0.3794,-0.1561,0.0169,0.9876
54.6380,117.97,4.4312,27.0971,-2.1766,359.0291,351.0191,349.6429,6.7353,0.0408,0.3797,-0.1561,0.0169,0.9876
54.6580,117.97,4.5659,27.0979,-2.1690,359.0261,351.0216,349.6426,6.7352,0.0408,0.3800,-0.1560,0.0170,0.9876
54.6780,117.97,4.7006,27.0987,-2.1614,359.0230,351.0240,349.6422,6.7350,0.0408,0.3802,-0.1560,0.0171,0.9876
54.6980,117.97,4.8353,27.0995,-2.1538,359.0198,351.0262,349.6417,6.7349,0.0407,0.3804,-0.1560,0.0171,0.9876
54.7180,117.97,4.9700,27.1004,-2.1462,359.0167,351.0283,349.6413,6.7347,0.0407,0.3807,-0.1559,0.0172,0.9876
54.7380,117.97,5.1047,27.1012,-2.1386,359.0134,351.0303,349.6408,6.7346,0.0407,0.3809,-0.1559,0.0172,0.9876
54.7580,117.97,5.2394,27.1020,-2.1310,359.0101,351.0321,349.6403,6.7345,0.0406,0.3811,-0.1559,0.0173,0.9876
54.7780,117.97,5.3741,27.1028,-2.1233,359.0068,351.0339,349.6398,6.7343,0.0406,0.3813,-0.1558,0.0173,0.9876
54.7980,117.97,5.5088,27.1036,-2.1157,359.0034,351.0355,349.6393,6.7342,0.0405,0.3815,-0.1558,0.0174,0.9876
54.8180,117.97,5.6434,27.1044,-2.1081,359.0000,351.0370,349.6388,6.7341,0.0405,0.3816,-0.1558,0.0175,0.9876
54.8380,117.97,5.7781,27.1052,-2.1004,358.9966,351.0384,349.6383,6.7340,0.0405,0.3818,-0.1557,0.0175,0.9876
54.8580,117.97,5.9128,27.1060,-2.0928,358.9931,351.0397,349.6377,6.7339,0.0404,0.3819,-0.1557,0.0176,0.9876
54.8780,117.97,6.0475,27.1068,-2.0852,358.9897,351.0408,349.6372,6.7338,0.0404,0.3820,-0.1557,0.0176,0.9876
54.8980,117.97,6.1821,27.1076,-2.0775,358.9862,351.0419,349.6366,6.7337,0.0404,0.3821,-0.1557,0.0177,0.9876
54.9180,117.97,6.3168,27.1085,-2.0699,358.9827,351.0428,349.6361,6.7336,0.0403,0.3822,-0.1557,0.0178,0.9876
54.9380,117.97,6.4515,27.1093,-2.0622,358.9792,351.0436,349.6355,6.7335,0.0403,0.3823,-0.1557,0.0178,0.9877
54.9580,117.97,6.5862,27.1101,-2.0546,358.9757,351.0443,349.6349,6.7334,0.0403,0.3824,-0.1556,0.0179,0.9877
54.9780,117.97,6.7208,27.1109,-2.0469,358.9723,351.0449,349.6344,6.7333,0.0402,0.3825,-0.1556,0.0179,0.9877
54.9980,117.97,6.8555,27.1117,-2.0393,358.9688,351.0454,349.6338,6.7332,0.0402,0.3825,-0.1556,0.0180,0.9877
55.0180,117.97,6.9901,27.1125,-2.0316,358.9653,351.0458,349.6332,6.7331,0.0402,0.3825,-0.1556,0.0181,0.9877
55.0380,117.97,7.1248,27.1133,-2.0240,358.9619,351.0461,349.6327,6.7331,0.0401,0.3826,-0.1556,0.0181,0.9877
55.0580,117.97,7.2595,27.1141,-2.0163,358.9585,351.0463,349.6321,6.7330,0.0401,0.3826,-0.1556,0.0182,0.9877
55.0780,117.97,7.3941,27.1149,-2.0087,358.9551,351.0464,349.6315,6.7330,0.0401,0.3826,-0.1556,0.0182,0.9877
55.0980,117.97,7.5288,27.1157,-2.0010,358.9518,351.0464,349.6310,6.7329,0.0401,0.3826,-0.1556,0.0183,0.9876
55.1180,117.97,7.6634,27.1165,-1.9934,358.9485,351.0463,349.6304,6.7328,0.0400,0.3826,-0.1556,0.0184,0.9876
55.1380,117.97,7.7981,27.1173,-1.9857,358.9452,351.0461,349.6299,6.7328,0.0400,0.3825,-0.1556,0.0184,0.9876
55.1580,117.97,7.9328,27.1181,-1.9781,358.9420,351.0458,349.6293,6.7328,0.0400,0.3825,-0.1556,0.0185,0.9876
55.1780,117.97,8.0674,27.1189,-1.9704,358.9388,351.0454,349.6287,6.7327,0.0400,0.3825,-0.1556,0.0185,0.9876
55.1980,117.97,8.2021,27.1197,-1.9628,358.9356,351.0450,349.6282,6.7327,0.0399,0.3824,-0.1556,0.0186,0.9876
55.2180,117.97,8.3367,27.1205,-1.9551,358.9326,351.0444,349.6277,6.7326,0.0399,0.3823,-0.1556,0.0186,0.9876
55.2380,117.97,8.4714,27.1213,-1.9475,358.9295,351.0438,349.6271,6.7326,0.0399,0.3822,-0.1557,0.0187,0.9876
55.2580,117.97,8.6060,27.1221,-1.9398,358.9265,351.0431,349.6266,6.7326,0.0399,0.3822,-0.1557,0.0187,0.9876
55.2780,117.97,8.7407,27.1229,-1.9322,358.9236,351.0424,349.6261,6.7326,0.0398,0.3821,-0.1557,0.0188,0.9876
55.2980,117.97,8.8753,27.1237,-1.9246,358.9207,351.0415,349.6256,6.7326,0.0398,0.3820,-0.1557,0.0188,0.9876
55.3180,117.97,9.0100,27.1245,-1.9169,358.9179,351.0406,349.6251,6.7325,0.0398,0.3819,-0.1557,0.0189,0.9876
55.3380,117.97,9.1446,27.1253,-1.9093,358.9152,351.0396,349.6246,6.7325,0.0398,0.3817,-0.1557,0.0189,0.9876
55.3580,122.50,9.2793,27.1261,-1.9017,358.9125,351.0386,349.6241,6.7325,0.0398,0.3816,-0.1557,0.0190,0.9876
55.3780,122.50,9.4139,27.1269,-1.8940,358.9099,351.0375,349.6237,6.7325,0.0397,0.3815,-0.1558,0.0190,0.9876
55.3980,122.50,9.5486,27.1276,-1.8864,358.9074,351.0364,349.6232,6.7325,0.0397,0.3813,-0.1558,0.0191,0.9876
55.4180,122.50,9.6832,27.1284,-1.8788,358.9049,351.0352,349.6228,6.7325,0.0397,0.3812,-0.1558,0.0191,0.9876
55.4380,122.50,9.8179,27.1292,-1.8712,358.9026,351.0339,349.6223,6.7325,0.0397,0.3810,-0.1558,0.0192,0.9876
55.4580,122.50,9.9525,27.1300,-1.8635,358.9002,351.0326,349.6219,6.7325,0.0397,0.3809,-0.1558,0.0192,0.9876
55.4780,122.50,10.0872,27.1308,-1.8559,358.8980,351.0313,349.6215,6.7325,0.0397,0.3807,-0.1559,0.0192,0.9876
55.4980,122.50,10.2218,27.1316,-1.8483,358.8958,351.0299,349.6211,6.7325,0.0397,0.3805,-0.1559,0.0193,0.9876
55.5180,122.50,10.3565,27.1324,-1.8407,358.8938,351.0284,349.6207,6.7326,0.0396,0.3804,-0.1559,0.0193,0.9876
55.5380,122.50,10.4911,27.1332,-1.8331,358.8918,351.0270,349.6204,6.7326,0.0396,0.3802,-0.1559,0.0193,0.9876
55.5580,122.50,10.6258,27.1340,-1.8255,358.8898,351.0255,349.6200,6.7326,0.0396,0.3800,-0.1560,0.0194,0.9876
55.5780,122.50,10.7604,27.1348,-1.8179,358.8880,351.0239,349.6197,6.7326,0.0396,0.3798,-0.1560,0.0194,0.9876
55.5980,122.50,10.8951,27.1356,-1.8103,358.8862,351.0224,349.6193,6.7326,0.0396,0.3796,-0.1560,0.0194,0.9876
55.6180,122.50,11.0297,27.1364,-1.8027,358.8846,351.0208,349.6190,6.7327,0.0396,0.3794,-0.1560,0.0195,0.9876
55.6380,122.50,11.1644,27.1372,-1.7951,358.8830,351.0192,349.6187,6.7327,0.0396,0.3792,-0.1561,0.0195,0.9876
55.6580,122.50,11.2991,27.1380,-1.7876,358.8814,351.0175,349.6184,6.7327,0.0396,0.3790,-0.1561,0.0195,0.9875
55.6780,122.50,11.4337,27.1387,-1.7800,358.8800,351.0159,349.6181,6.7327,0.0396,0.3788,-0.1561,0.0195,0.9875
55.6980,122.50,11.5684,27.1395,-1.7724,358.8786,351.0142,349.6179,6.7328,0.0395,0.3786,-0.1562,0.0196,0.9875
55.7180,122.50,11.7030,27.1403,-1.7648,358.8773,351.0125,349.6176,6.7328,0.0395,0.3784,-0.1562,0.0196,0.9875
55.7380,122.50,11.8377,27.1411,-1.7573,358.8762,351.0108,349.6173,6.7328,0.0395,0.3782,-0.1562,0.0196,0.9875
55.7580,122.50,11.9723,27.1419,-1.7497,358.8750,351.0091,349.6171,6.7329,0.0395,0.3780,-0.1562,0.0196,0.9875
55.7780,122.50,12.1070,27.1427,-1.7422,358.8740,351.0074,349.6169,6.7329,0.0395,0.3778,-0.1563,0.0197,0.9875
55.7980,122.50,12.2417,27.1435,-1.7346,358.8730,351.0056,349.6167,6.7330,0.0395,0.3776,-0.1563,0.0197,0.9875
55.8180,122.50,12.3763,27.1443,-1.7271,358.8722,351.0039,349.6165,6.7330,0.0395,0.3774,-0.1563,0.0197,0.9875
55.8380,122.50,12.5110,27.1451,-1.7195,358.8714,351.0022,349.6163,6.7330,0.0395,0.3771,-0.1564,0.0197,0.9875
55.8580,122.50,12.6456,27.1459,-1.7120,358.8706,351.0005,349.6161,6.7331,0.0395,0.3769,-0.1564,0.0197,0.9875
55.8780,122.50,12.7803,27.1466,-1.7044,358.8700,350.9987,349.6160,6.7331,0.0395,0.3767,-0.1564,0.0197,0.9875
55.8980,122.50,12.9150,27.1474,-1.6969,358.8694,350.9970,349.6158,6.7332,0.0395,0.3765,-0.1565,0.0197,0.9875
55.9180,122.50,13.0496,27.1482,-1.6894,358.8689,350.9953,349.6157,6.7332,0.0395,0.3763,-0.1565,0.0197,0.9875
55.9380,122.50,13.1843,27.1490,-1.6819,358.8685,350.9936,349.6156,6.7332,0.0395,0.3761,-0.1565,0.0197,0.9875
55.9580,122.50,13.3190,27.1498,-1.6743,358.8681,350.9919,349.6155,6.7333,0.0395,0.3759,-0.1565,0.0198,0.9875
55.9780,122.50,13.4536,27.1506,-1.6668,358.8679,350.9902,349.6154,6.7333,0.0395,0.3757,-0.1566,0.0198,0.9875
55.9980,122.50,13.5883,27.1514,-1.6593,358.8676,350.9886,349.6153,6.7334,0.0395,0.3754,-0.1566,0.0198,0.9875
56.0180,122.50,13.7230,27.1522,-1.6518,358.8675,350.9869,349.6152,6.7334,0.0395,0.3752,-0.1566,0.0198,0.9875
56.0380,122.50,13.8576,27.1530,-1.6443,358.8674,350.9853,349.6151,6.7334,0.0395,0.3750,-0.1567,0.0198,0.9875
56.0580,122.50,13.9923,27.1538,-1.6368,358.8674,350.9837,349.6151,6.7335,0.0395,0.3748,-0.1567,0.0198,0.9875
56.0780,122.50,14.1270,27.1545,-1.6293,358.8675,350.9821,349.6150,6.7335,0.0395,0.3746,-0.1567,0.0198,0.9874
56.0980,122.50,14.2616,27.1553,-1.6218,358.8676,350.9806,349.6150,6.7336,0.0395,0.3744,-0.1567,0.0198,0.9874
56.1180,122.50,14.3963,27.1561,-1.6144,358.8677,350.9790,349.6150,6.7336,0.0395,0.3742,-0.1568,0.0198,0.9874
56.1380,122.50,14.5310,27.1569,-1.6069,358.8680,350.9775,349.6149,6.7337,0.0395,0.3740,-0.1568,0.0198,0.9874
56.1580,122.50,14.6657,27.1577,-1.5994,358.8683,350.9760,349.6149,6.7337,0.0395,0.3739,-0.1568,0.0198,0.9874
56.1780,122.50,14.8003,27.1585,-1.5919,358.8686,350.9746,349.6149,6.7337,0.0395,0.3737,-0.1568,0.0197,0.9874
56.1980,122.50,14.9350,27.1593,-1.5845,358.8690,350.9731,349.6149,6.7338,0.0395,0.3735,-0.1569,0.0197,0.9874
56.2180,122.50,15.0697,27.1601,-1.5770,358.8695,350.9717,349.6149,6.7338,0.0395,0.3733,-0.1569,0.0197,0.9874
56.2380,122.50,15.2044,27.1609,-1.5695,358.8700,350.9704,349.6149,6.7339,0.0395,0.3731,-0.1569,0.0197,0.9874
56.2580,122.50,15.3390,27.1616,-1.5621,358.8705,350.9691,349.6150,6.7339,0.0395,0.3730,-0.1569,0.0197,0.9874
56.2780,122.50,15.4737,27.1624,-1.5546,358.8712,350.9677,349.6150,6.7339,0.0395,0.3728,-0.1570,0.0197,0.9874
56.2980,122.50,15.6084,27.1632,-1.5472,358.8718,350.9665,349.6150,6.7340,0.0395,0.3726,-0.1570,0.0197,0.9874
56.3180,122.50,15.7431,27.1640,-1.5397,358.8725,350.9652,349.6151,6.7340,0.0395,0.3725,-0.1570,0.0197,0.9874
56.3380,122.50,15.8778,27.1648,-1.5323,358.8732,350.9641,349.6151,6.7340,0.0395,0.3723,-0.1570,0.0197,0.9874
56.3580,122.50,16.0124,27.1656,-1.5248,358.8740,350.9629,349.6152,6.7341,0.0395,0.3722,-0.1570,0.0197,0.9874
56.3780,122.49,16.1471,27.1664,-1.5174,358.8748,350.9618,349.6152,6.7341,0.0395,0.3720,-0.1571,0.0196,0.9874
56.3980,122.49,16.2818,27.1672,-1.5099,358.8756,350.9607,349.6153,6.7341,0.0395,0.3719,-0.1571,0.0196,0.9874
56.4180,122.49,16.4165,27.1680,-1.5025,358.8765,350.9596,349.6154,6.7342,0.0395,0.3717,-0.1571,0.0196,0.9874
56.4380,122.49,16.5512,27.1688,-1.4951,358.8774,350.9586,349.6154,6.7342,0.0395,0.3716,-0.1571,0.0196,0.9874
56.4580,122.49,16.6859,27.1696,-1.4876,358.8784,350.9576,349.6155,6.7342,0.0396,0.3715,-0.1571,0.0196,0.9874
56.4780,122.49,16.8205,27.1703,-1.4802,358.8793,350.9567,349.6156,6.7343,0.0396,0.3713,-0.1572,0.0196,0.9874
56.4980,122.49,16.9552,27.1711,-1.4728,358.8803,350.9558,349.6157,6.7343,0.0396,0.3712,-0.1572,0.0195,0.9874
56.5180,122.49,17.0899,27.1719,-1.4654,358.8814,350.9550,349.6158,6.7343,0.0396,0.3711,-0.1572,0.0195,0.9874
56.5380,122.49,17.2246,27.1727,-1.4580,358.8824,350.9541,349.6159,6.7343,0.0396,0.3710,-0.1572,0.0195,0.9874
56.5580,122.49,17.3593,27.1735,-1.4505,358.8835,350.9533,349.6160,6.7344,0.0396,0.3709,-0.1572,0.0195,0.9874
56.5780,122.49,17.4940,27.1743,-1.4431,358.8846,350.9526,349.6161,6.7344,0.0396,0.3708,-0.1572,0.0195,0.9874
56.5980,122.49,17.6287,27.1751,-1.4357,358.8857,350.9519,349.6161,6.7344,0.0396,0.3707,-0.1572,0.0194,0.9874
56.6180,122.49,17.7633,27.1759,-1.4283,358.8868,350.9512,349.6163,6.7344,0.0396,0.3706,-0.1572,0.0194,0.9874
56.6380,122.49,17.8980,27.1767,-1.4209,358.8879,350.9506,349.6164,6.7344,0.0396,0.3705,-0.1573,0.0194,0.9874
56.6580,122.49,18.0327,27.1775,-1.4135,358.8891,350.9500,349.6165,6.7345,0.0396,0.3704,-0.1573,0.0194,0.9874
56.6780,122.49,18.1674,27.1783,-1.4061,358.8903,350.9495,349.6166,6.7345,0.0396,0.3703,-0.1573,0.0194,0.9874
56.6980,122.49,18.3021,27.1791,-1.3987,358.8914,350.9490,349.6167,6.7345,0.0396,0.3702,-0.1573,0.0193,0.9874
56.7180,122.49,18.4368,27.1798,-1.3913,358.8926,350.9485,349.6168,6.7345,0.0396,0.3702,-0.1573,0.0193,0.9874
56.7380,122.49,18.5715,27.1806,-1.3839,358.8938,350.9481,349.6169,6.7345,0.0396,0.3701,-0.1573,0.0193,0.9874
56.7580,122.49,18.7062,27.1814,-1.3765,358.8950,350.9477,349.6170,6.7345,0.0396,0.3700,-0.1573,0.0193,0.9874
56.7780,122.49,18.8409,27.1822,-1.3691,358.8961,350.9473,349.6171,6.7345,0.0396,0.3700,-0.1573,0.0193,0.9874
56.7980,122.49,18.9756,27.1830,-1.3617,358.8973,350.9470,349.6172,6.7346,0.0396,0.3699,-0.1573,0.0192,0.9874
56.8180,122.49,19.1102,27.1838,-1.3543,358.8985,350.9467,349.6173,6.7346,0.0396,0.3699,-0.1573,0.0192,0.9874
56.8380,122.49,19.2449,27.1846,-1.3469,358.8997,350.9465,349.6174,6.7346,0.0396,0.3698,-0.1573,0.0192,0.9874
56.8580,122.49,19.3796,27.1854,-1.3395,358.9009,350.9463,349.6176,6.7346,0.0396,0.3698,-0.1573,0.0192,0.9874
56.8780,122.49,19.5143,27.1862,-1.3321,358.9021,350.9461,349.6176,6.7346,0.0396,0.3698,-0.1573,0.0192,0.9874
56.8980,122.49,19.6490,27.1870,-1.3247,358.9033,350.9459,349.6178,6.7346,0.0397,0.3697,-0.1573,0.0191,0.9874
56.9180,122.49,19.7837,27.1878,-1.3173,358.9044,350.9458,349.6179,6.7346,0.0397,0.3697,-0.1573,0.0191,0.9874
56.9380,122.49,19.9184,27.1886,-1.3099,358.9056,350.9457,349.6180,6.7346,0.0397,0.3697,-0.1573,0.0191,0.9874
56.9580,122.49,20.0531,27.1894,-1.3025,358.9068,350.9457,349.6180,6.7346,0.0397,0.3697,-0.1573,0.0191,0.9874
56.9780,122.49,20.1878,27.1902,-1.2951,358.9079,350.9457,349.6182,6.7346,0.0397,0.3696,-0.1573,0.0191,0.9874
56.9980,122.49,20.3225,27.1909,-1.2877,358.9091,350.9457,349.6183,6.7346,0.0397,0.3696,-0.1573,0.0190,0.9874
57.0180,122.49,20.4572,27.1917,-1.2803,358.9102,350.9457,349.6183,6.7346,0.0397,0.3696,-0.1573,0.0190,0.9874
57.0380,122.49,20.5919,27.1925,-1.2729,358.9113,350.9458,349.6184,6.7346,0.0397,0.3696,-0.1573,0.0190,0.9874
57.0580,122.49,20.7265,27.1933,-1.2655,358.9124,350.9459,349.6185,6.7346,0.0397,0.3696,-0.1573,0.0190,0.9874
57.0780,122.49,20.8612,27.1941,-1.2581,358.9134,350.9460,349.6186,6.7346,0.0397,0.3696,-0.1573,0.0190,0.9874
57.0980,122.49,20.9959,27.1949,-1.2508,358.9145,350.9462,349.6187,6.7346,0.0397,0.3696,-0.1573,0.0189,0.9874
57.1180,122.49,21.1306,27.1957,-1.2434,358.9155,350.9464,349.6188,6.7346,0.0397,0.3696,-0.1573,0.0189,0.9874
57.1380,122.49,21.2653,27.1965,-1.2360,358.9166,350.9466,349.6188,6.7346,0.0397,0.3696,-0.1573,0.0189,0.9874
57.1580,122.49,21.4000,27.1973,-1.2286,358.9176,350.9468,349.6189,6.7346,0.0397,0.3697,-0.1573,0.0189,0.9874
57.1780,122.49,21.5347,27.1981,-1.2212,358.9185,350.9470,349.6190,6.7345,0.0397,0.3697,-0.1573,0.0189,0.9874
57.1980,122.49,21.6694,27.1989,-1.2138,358.9195,350.9473,349.6191,6.7345,0.0397,0.3697,-0.1573,0.0189,0.9874
57.2180,122.49,21.8041,27.1997,-1.2064,358.9204,350.9476,349.6191,6.7345,0.0397,0.3697,-0.1573,0.0188,0.9874
57.2380,122.49,21.9388,27.2005,-1.1990,358.9214,350.9479,349.6192,6.7345,0.0397,0.3698,-0.1573,0.0188,0.9874
57.2580,122.49,22.0735,27.2013,-1.1916,358.9222,350.9482,349.6193,6.7345,0.0397,0.3698,-0.1573,0.0188,0.9874
57.2780,122.49,22.2081,27.2021,-1.1842,358.9231,350.9486,349.6193,6.7345,0.0397,0.3698,-0.1573,0.0188,0.9874
57.2980,122.49,22.3428,27.2028,-1.1768,358.9240,350.9490,349.6194,6.7345,0.0397,0.3698,-0.1573,0.0188,0.9874
57.3180,122.49,22.4775,27.2036,-1.1694,358.9248,350.9493,349.6194,6.7345,0.0397,0.3699,-0.1573,0.0188,0.9874
57.3380,122.49,22.6122,27.2044,-1.1620,358.9256,350.9498,349.6195,6.7345,0.0397,0.3699,-0.1573,0.0188,0.9874
57.3580,122.49,22.7469,27.2052,-1.1546,358.9264,350.9502,349.6195,6.7344,0.0397,0.3700,-0.1573,0.0187,0.9874
57.3780,119.35,22.8816,27.2060,-1.1472,358.9271,350.9506,349.6196,6.7344,0.0397,0.3700,-0.1573,0.0187,0.9874
57.3980,119.35,23.0163,27.2068,-1.1398,358.9279,350.9510,349.6196,6.7344,0.0397,0.3701,-0.1573,0.0187,0.9874
57.4180,119.35,23.1510,27.2076,-1.1324,358.9286,350.9515,349.6196,6.7344,0.0397,0.3701,-0.1572,0.0187,0.9874
57.4380,119.35,23.2857,27.2084,-1.1250,358.9292,350.9520,349.6197,6.7344,0.0397,0.3701,-0.1572,0.0187,0.9874
57.4580,119.35,23.4203,27.2092,-1.1176,358.9299,350.9525,349.6197,6.7344,0.0397,0.3702,-0.1572,0.0187,0.9874
57.4780,119.35,23.5550,27.2100,-1.1102,358.9305,350.9529,349.6197,6.7344,0.0397,0.3702,-0.1572,0.0187,0.9874
57.4980,119.35,23.6897,27.2108,-1.1028,358.9311,350.9535,349.6198,6.7343,0.0397,0.3703,-0.1572,0.0187,0.9874
57.5180,119.35,23.8244,27.2116,-1.0954,358.9316,350.9539,349.6198,6.7343,0.0397,0.3704,-0.1572,0.0186,0.9874
57.5380,119.35,23.9591,27.2124,-1.0880,358.9322,350.9545,349.6198,6.7343,0.0397,0.3704,-0.1572,0.0186,0.9874
57.5580,119.35,24.0938,27.2132,-1.0806,358.9327,350.9550,349.6198,6.7343,0.0397,0.3705,-0.1572,0.0186,0.9874
57.5780,119.35,24.2285,27.2140,-1.0732,358.9332,350.9555,349.6198,6.7343,0.0397,0.3705,-0.1572,0.0186,0.9874
57.5980,119.35,24.3631,27.2148,-1.0657,358.9337,350.9561,349.6198,6.7342,0.0397,0.3706,-0.1572,0.0186,0.9874
57.6180,119.35,24.4978,27.2155,-1.0583,358.9341,350.9566,349.6198,6.7342,0.0397,0.3706,-0.1572,0.0186,0.9874
57.6380,119.35,24.6325,27.2163,-1.0509,358.9345,350.9572,349.6198,6.7342,0.0397,0.3707,-0.1571,0.0186,0.9874
57.6580,119.35,24.7672,27.2171,-1.0435,358.9349,350.9577,349.6198,6.7342,0.0397,0.3708,-0.1571,0.0186,0.9874
57.6780,119.35,24.9019,27.2179,-1.0361,358.9352,350.9582,349.6198,6.7342,0.0397,0.3708,-0.1571,0.0186,0.9874
57.6980,119.35,25.0366,27.2187,-1.0287,358.9355,350.9588,349.6198,6.7342,0.0397,0.3709,-0.1571,0.0186,0.9874
57.7180,119.35,25.1712,27.2195,-1.0213,358.9359,350.9593,349.6198,6.7341,0.0397,0.3709,-0.1571,0.0186,0.9874
57.7380,119.35,25.3059,27.2203,-1.0138,358.9361,350.9599,349.6198,6.7341,0.0397,0.3710,-0.1571,0.0186,0.9874
57.7580,119.35,25.4406,27.2211,-1.0064,358.9364,350.9604,349.6198,6.7341,0.0397,0.3711,-0.1571,0.0186,0.9874
57.7780,119.35,25.5753,27.2219,-0.9990,358.9366,350.9610,349.6197,6.7341,0.0397,0.3711,-0.1571,0.0186,0.9874
57.7980,119.35,25.7100,27.2227,-0.9916,358.9368,350.9615,349.6197,6.7341,0.0397,0.3712,-0.1571,0.0186,0.9874
57.8180,119.35,25.8447,27.2235,-0.9841,358.9370,350.9620,349.6197,6.7341,0.0397,0.3713,-0.1571,0.0186,0.9874
57.8380,119.35,25.9793,27.2243,-0.9767,358.9371,350.9626,349.6196,6.7340,0.0397,0.3713,-0.1571,0.0185,0.9874
57.8580,119.35,26.1140,27.2251,-0.9693,358.9373,350.9631,349.6196,6.7340,0.0396,0.3714,-0.1570,0.0185,0.9874
57.8780,119.35,26.2487,27.2259,-0.9619,358.9374,350.9636,349.6196,6.7340,0.0396,0.3714,-0.1570,0.0185,0.9874
57.8980,119.35,26.3834,27.2267,-0.9544,358.9375,350.9641,349.6195,6.7340,0.0396,0.3715,-0.1570,0.0185,0.9874
57.9180,119.35,26.5181,27.2274,-0.9470,358.9375,350.9647,349.6195,6.7340,0.0396,0.3716,-0.1570,0.0185,0.9874
57.9380,119.35,26.6527,27.2282,-0.9396,358.9376,350.9652,349.6195,6.7339,0.0396,0.3716,-0.1570,0.0185,0.9874
57.9580,119.35,26.7874,27.2290,-0.9321,358.9376,350.9657,349.6194,6.7339,0.0396,0.3717,-0.1570,0.0185,0.9874
57.9780,119.35,26.9221,27.2298,-0.9247,358.9376,350.9662,349.6194,6.7339,0.0396,0.3717,-0.1570,0.0185,0.9874
57.9980,119.35,27.0568,27.2306,-0.9173,358.9376,350.9667,349.6193,6.7339,0.0396,0.3718,-0.1570,0.0185,0.9874
58.0180,119.35,27.1914,27.2314,-0.9098,358.9375,350.9671,349.6193,6.7339,0.0396,0.3718,-0.1570,0.0185,0.9874
58.0380,119.35,27.3261,27.2322,-0.9024,358.9375,350.9676,349.6192,6.7339,0.0396,0.3719,-0.1570,0.0185,0.9874
58.0580,119.35,27.4608,27.2330,-0.8949,358.9374,350.9681,349.6192,6.7339,0.0396,0.3720,-0.1570,0.0185,0.9874
58.0780,119.35,27.5955,27.2338,-0.8875,358.9373,350.9685,349.6191,6.7338,0.0396,0.3720,-0.1569,0.0185,0.9874
58.0980,119.35,27.7301,27.2346,-0.8801,358.9372,350.9690,349.6191,6.7338,0.0396,0.3721,-0.1569,0.0185,0.9874
58.1180,119.35,27.8648,27.2354,-0.8726,358.9370,350.9694,349.6190,6.7338,0.0396,0.3721,-0.1569,0.0186,0.9874
58.1380,119.35,27.9995,27.2362,-0.8652,358.9369,350.9698,349.6190,6.7338,0.0396,0.3722,-0.1569,0.0186,0.9874
58.1580,119.35,28.1342,27.2369,-0.8577,358.9367,350.9702,349.6189,6.7338,0.0396,0.3722,-0.1569,0.0186,0.9874
58.1780,119.35,28.2689,27.2377,-0.8503,358.9366,350.9706,349.6189,6.7338,0.0396,0.3723,-0.1569,0.0186,0.9874
58.1980,119.35,28.4035,27.2385,-0.8428,358.9363,350.9710,349.6188,6.7338,0.0396,0.3723,-0.1569,0.0186,0.9874
58.2180,119.35,28.5382,27.2393,-0.8354,358.9362,350.9714,349.6188,6.7337,0.0396,0.3724,-0.1569,0.0186,0.9874
58.2380,119.35,28.6729,27.2401,-0.8279,358.9359,350.9718,349.6187,6.7337,0.0396,0.3724,-0.1569,0.0186,0.9874
58.2580,119.35,28.8076,27.2409,-0.8205,358.9357,350.9721,349.6187,6.7337,0.0396,0.3725,-0.1569,0.0186,0.9874
58.2780,119.35,28.9422,27.2417,-0.8130,358.9355,350.9725,349.6186,6.7337,0.0396,0.3725,-0.1569,0.0186,0.9874
58.2980,119.35,29.0769,27.2425,-0.8056,358.9352,350.9728,349.6185,6.7337,0.0396,0.3725,-0.1569,0.0186,0.9874
58.3180,119.35,29.2116,27.2433,-0.7981,358.9349,350.9731,349.6185,6.7337,0.0395,0.3726,-0.1569,0.0186,0.9874
58.3380,119.35,29.3462,27.2441,-0.7907,358.9346,350.9734,349.6184,6.7337,0.0395,0.3726,-0.1569,0.0186,0.9874
58.3580,119.35,29.4809,27.2449,-0.7832,358.9344,350.9738,349.6183,6.7337,0.0395,0.3727,-0.1569,0.0186,0.9874
58.3780,122.17,29.6156,27.2457,-0.7758,358.9341,350.9740,349.6183,6.7337,0.0395,0.3727,-0.1569,0.0186,0.9874
58.3980,122.17,29.7503,27.2464,-0.7683,358.9337,350.9743,349.6182,6.7337,0.0395,0.3727,-0.1569,0.0186,0.9874
58.4180,122.17,29.8849,27.2472,-0.7609,358.9334,350.9745,349.6182,6.7336,0.0395,0.3728,-0.1568,0.0186,0.9874
58.4380,122.17,30.0196,27.2480,-0.7534,358.9331,350.9748,349.6181,6.7336,0.0395,0.3728,-0.1568,0.0186,0.9874
58.4580,122.17,30.1543,27.2488,-0.7460,358.9328,350.9750,349.6180,6.7336,0.0395,0.3728,-0.1568,0.0186,0.9874
58.4780,122.17,30.2890,27.2496,-0.7385,358.9324,350.9753,349.6180,6.7336,0.0395,0.3729,-0.1568,0.0186,0.9874
58.4980,122.17,30.4236,27.2504,-0.7310,358.9321,350.9755,349.6179,6.7336,0.0395,0.3729,-0.1568,0.0186,0.9874
58.5180,122.17,30.5583,27.2512,-0.7236,358.9317,350.9757,349.6179,6.7336,0.0395,0.3729,-0.1568,0.0186,0.9875
58.5380,122.17,30.6930,27.2520,-0.7161,358.9314,350.9759,349.6178,6.7336,0.0395,0.3730,-0.1568,0.0186,0.9875
58.5580,122.17,30.8276,27.2528,-0.7087,358.9310,350.9760,349.6177,6.7336,0.0395,0.3730,-0.1568,0.0187,0.9875
58.5780,122.17,30.9623,27.2536,-0.7012,358.9307,350.9762,349.6177,6.7336,0.0395,0.3730,-0.1568,0.0187,0.9875
58.5980,122.17,31.0970,27.2543,-0.6937,358.9303,350.9763,349.6176,6.7336,0.0395,0.3730,-0.1568,0.0187,0.9875
58.6180,122.17,31.2317,27.2551,-0.6863,358.9300,350.9765,349.6176,6.7336,0.0395,0.3730,-0.1568,0.0187,0.9875
58.6380,122.17,31.3663,27.2559,-0.6788,358.9296,350.9766,349.6175,6.7336,0.0395,0.3731,-0.1568,0.0187,0.9875
58.6580,122.17,31.5010,27.2567,-0.6714,358.9292,350.9767,349.6175,6.7336,0.0395,0.3731,-0.1568,0.0187,0.9875
58.6780,122.17,31.6357,27.2575,-0.6639,358.9288,350.9768,349.6174,6.7336,0.0395,0.3731,-0.1568,0.0187,0.9875
58.6980,122.17,31.7704,27.2583,-0.6564,358.9285,350.9769,349.6173,6.7336,0.0395,0.3731,-0.1568,0.0187,0.9875
58.7180,122.17,31.9050,27.2591,-0.6490,358.9281,350.9770,349.6173,6.7336,0.0395,0.3731,-0.1568,0.0187,0.9875
58.7380,122.17,32.0397,27.2599,-0.6415,358.9277,350.9770,349.6172,6.7336,0.0395,0.3731,-0.1568,0.0187,0.9875
58.7580,122.17,32.1744,27.2607,-0.6341,358.9274,350.9771,349.6172,6.7336,0.0395,0.3731,-0.1568,0.0187,0.9875
58.7780,122.17,32.3090,27.2614,-0.6266,358.9270,350.9771,349.6172,6.7336,0.0394,0.3732,-0.1568,0.0187,0.9875
58.7980,122.17,32.4437,27.2622,-0.6191,358.9266,350.9771,349.6171,6.7336,0.0394,0.3732,-0.1568,0.0187,0.9875
58.8180,122.17,32.5784,27.2630,-0.6117,358.9263,350.9772,349.6171,6.7336,0.0394,0.3732,-0.1568,0.0187,0.9875
58.8380,122.17,32.7130,27.2638,-0.6042,358.9259,350.9772,349.6170,6.7336,0.0394,0.3732,-0.1568,0.0187,0.9875
58.8580,122.17,32.8477,27.2646,-0.5967,358.9256,350.9772,349.6170,6.7336,0.0394,0.3732,-0.1568,0.0188,0.9875
58.8780,122.17,32.9824,27.2654,-0.5893,358.9252,350.9772,349.6169,6.7336,0.0394,0.3732,-0.1568,0.0188,0.9875
58.8980,122.17,33.1171,27.2662,-0.5818,358.9249,350.9771,349.6169,6.7336,0.0394,0.3732,-0.1568,0.0188,0.9875
58.9180,122.17,33.2517,27.2670,-0.5743,358.9245,350.9771,349.6168,6.7336,0.0394,0.3732,-0.1568,0.0188,0.9875
58.9380,122.17,33.3866,27.2688,-0.5669,358.9417,350.9673,349.6268,6.7461,0.0922,0.3701,-0.1570,0.0185,0.9874
58.9580,122.17,33.5217,27.2711,-0.5596,358.9823,350.9455,349.6510,6.7542,0.1151,0.3657,-0.1573,0.0178,0.9874
58.9780,122.17,33.6570,27.2742,-0.5524,359.0419,350.9141,349.6864,6.7645,0.1556,0.3625,-0.1579,0.0167,0.9873
58.9980,122.17,33.7925,27.2779,-0.5452,359.1218,350.8732,349.7338,6.7727,0.1844,0.3592,-0.1586,0.0153,0.9872
59.0180,122.17,33.9281,27.2823,-0.5381,359.2198,350.8242,349.7917,6.7814,0.2195,0.3567,-0.1595,0.0136,0.9871
59.0380,122.17,34.0639,27.2873,-0.5310,359.3361,350.7675,349.8603,6.7890,0.2498,0.3545,-0.1604,0.0116,0.9870
59.0580,122.17,34.1998,27.2929,-0.5239,359.4694,350.7043,349.9384,6.7963,0.2823,0.3531,-0.1615,0.0093,0.9868
59.0780,122.17,34.3359,27.2992,-0.5169,359.6191,350.6352,350.0259,6.8028,0.3125,0.3523,-0.1627,0.0066,0.9867
59.0980,122.17,34.4720,27.3061,-0.5098,359.7844,350.5610,350.1221,6.8087,0.3431,0.3522,-0.1640,0.0038,0.9865
59.1180,122.17,34.6083,27.3135,-0.5028,359.9647,350.4825,350.2264,6.8138,0.3725,0.3529,-0.1653,0.0006,0.9862
59.1380,122.17,34.7447,27.3216,-0.4957,0.1591,350.4004,350.3383,6.8183,0.4017,0.3543,-0.1668,-0.0028,0.9860
59.1580,122.17,34.8811,27.3302,-0.4885,0.3671,350.3153,350.4575,6.8218,0.4300,0.3566,-0.1682,-0.0064,0.9857
59.1780,122.17,35.0173,27.3380,-0.4813,0.5672,350.2389,350.5709,6.8106,0.3936,0.3616,-0.1695,-0.0099,0.9855
59.1980,122.17,35.1535,27.3464,-0.4739,0.7567,350.1718,350.6786,6.8087,0.4180,0.3700,-0.1707,-0.0132,0.9852
59.2180,122.17,35.2894,27.3541,-0.4664,0.9373,350.1133,350.7804,6.7973,0.3856,0.3763,-0.1717,-0.0164,0.9850
59.2380,122.17,35.4253,27.3622,-0.4587,1.1077,350.0632,350.8767,6.7940,0.4067,0.3856,-0.1725,-0.0193,0.9848
59.2580,122.17,35.5610,27.3698,-0.4508,1.2693,350.0208,350.9674,6.7825,0.3777,0.3927,-0.1732,-0.0222,0.9846
59.2780,122.17,35.6965,27.3777,-0.4428,1.4211,349.9861,351.0529,6.7781,0.3960,0.4028,-0.1738,-0.0248,0.9845
59.2980,122.17,35.8319,27.3851,-0.4345,1.5642,349.9585,351.1331,6.7666,0.3701,0.4107,-0.1743,-0.0273,0.9843
59.3180,122.17,35.9671,27.3928,-0.4261,1.6979,349.9377,351.2084,6.7611,0.3858,0.4214,-0.1746,-0.0296,0.9842
59.3380,122.17,36.1021,27.4001,-0.4175,1.8231,349.9232,351.2786,6.7496,0.3626,0.4300,-0.1749,-0.0318,0.9841
59.3580,122.17,36.2369,27.4076,-0.4087,1.9393,349.9149,351.3441,6.7433,0.3762,0.4412,-0.1750,-0.0338,0.9840
59.3780,122.64,36.3716,27.4147,-0.3997,2.0473,349.9121,351.4047,6.7318,0.3554,0.4504,-0.1750,-0.0357,0.9839
59.3980,122.64,36.5061,27.4221,-0.3904,2.1466,349.9148,351.4609,6.7249,0.3670,0.4619,-0.1750,-0.0375,0.9839
59.4180,122.64,36.6403,27.4290,-0.3810,2.2381,349.9225,351.5125,6.7134,0.3484,0.4716,-0.1748,-0.0391,0.9838
59.4380,122.64,36.7745,27.4362,-0.3714,2.3213,349.9350,351.5597,6.7059,0.3582,0.4833,-0.1746,-0.0405,0.9838
59.4580,122.64,36.9084,27.4430,-0.3615,2.3969,349.9518,351.6025,6.6945,0.3416,0.4934,-0.1743,-0.0418,0.9838
59.4780,122.64,37.0421,27.4500,-0.3514,2.4646,349.9727,351.6413,6.6866,0.3499,0.5053,-0.1740,-0.0430,0.9838
59.4980,122.64,37.1756,27.4567,-0.3411,2.5251,349.9975,351.6758,6.6753,0.3350,0.5156,-0.1735,-0.0441,0.9838
59.5180,122.64,37.3089,27.4636,-0.3305,2.5781,350.0258,351.7065,6.6671,0.3420,0.5276,-0.1730,-0.0450,0.9839
59.5380,122.64,37.4421,27.4701,-0.3197,2.6242,350.0573,351.7330,6.6560,0.3286,0.5382,-0.1725,-0.0458,0.9839
59.5580,122.64,37.5750,27.4768,-0.3087,2.6633,350.0919,351.7559,6.6475,0.3345,0.5501,-0.1719,-0.0465,0.9840
59.5780,122.64,37.7077,27.4833,-0.2975,2.6957,350.1292,351.7749,6.6366,0.3224,0.5608,-0.1712,-0.0470,0.9841
59.5980,122.64,37.8403,27.4898,-0.2861,2.7215,350.1690,351.7904,6.6280,0.3273,0.5727,-0.1706,-0.0475,0.9842
59.6180,122.64,37.9726,27.4961,-0.2744,2.7410,350.2111,351.8022,6.6174,0.3164,0.5833,-0.1698,-0.0478,0.9843
59.6380,122.64,38.1048,27.5026,-0.2625,2.7544,350.2552,351.8107,6.6088,0.3204,0.5950,-0.1691,-0.0481,0.9844
59.6580,122.64,38.2368,27.5088,-0.2504,2.7618,350.3011,351.8157,6.5983,0.3106,0.6056,-0.1683,-0.0482,0.9846
59.6780,122.64,38.3686,27.5150,-0.2381,2.7633,350.3486,351.8176,6.5898,0.3139,0.6171,-0.1675,-0.0482,0.9847
59.6980,122.64,38.5002,27.5211,-0.2255,2.7594,350.3975,351.8162,6.5797,0.3051,0.6276,-0.1666,-0.0481,0.9848
59.7180,122.64,38.6316,27.5273,-0.2127,2.7499,350.4477,351.8118,6.5712,0.3076,0.6388,-0.1658,-0.0480,0.9850
59.7380,122.64,38.7628,27.5333,-0.1997,2.7353,350.4988,351.8043,6.5614,0.2996,0.6491,-0.1649,-0.0477,0.9852
59.7580,122.64,38.8939,27.5393,-0.1865,2.7156,350.5508,351.7941,6.5531,0.3016,0.6600,-0.1640,-0.0474,0.9853
59.7780,122.64,39.0248,27.5452,-0.1731,2.6911,350.6035,351.7810,6.5437,0.2944,0.6700,-0.1631,-0.0470,0.9855
59.7980,122.64,39.1555,27.5511,-0.1595,2.6619,350.6567,351.7652,6.5357,0.2959,0.6805,-0.1622,-0.0464,0.9857
59.8180,122.64,39.2860,27.5569,-0.1457,2.6282,350.7102,351.7469,6.5266,0.2893,0.6902,-0.1613,-0.0459,0.9858
59.8380,122.64,39.4164,27.5627,-0.1317,2.5901,350.7640,351.7261,6.5188,0.2904,0.7002,-0.1603,-0.0452,0.9860
59.8580,122.64,39.5466,27.5684,-0.1175,2.5480,350.8178,351.7028,6.5102,0.2844,0.7095,-0.1594,-0.0445,0.9862
59.8780,122.64,39.6766,27.5741,-0.1032,2.5019,350.8716,351.6773,6.5027,0.2850,0.7191,-0.1585,-0.0437,0.9864
59.8980,122.64,39.8065,27.5797,-0.0886,2.4520,350.9251,351.6496,6.4946,0.2795,0.7280,-0.1576,-0.0428,0.9866
59.9180,122.64,39.9363,27.5853,-0.0739,2.3985,350.9784,351.6199,6.4875,0.2799,0.7371,-0.1567,-0.0418,0.9868
59.9380,122.64,40.0659,27.5908,-0.0589,2.3416,351.0312,351.5881,6.4798,0.2749,0.7456,-0.1558,-0.0409,0.9869
59.9580,122.64,40.1953,27.5963,-0.0439,2.2814,351.0835,351.5545,6.4730,0.2749,0.7541,-0.1549,-0.0398,0.9871
59.9780,122.64,40.3246,27.6017,-0.0286,2.2180,351.1352,351.5190,6.4658,0.2703,0.7621,-0.1540,-0.0387,0.9873
59.9980,122.64,40.4538,27.6071,-0.0132,2.1518,351.1861,351.4819,6.4594,0.2701,0.7700,-0.1531,-0.0375,0.9875
60.0180,122.64,40.5829,27.6124,0.0023,2.0828,351.2362,351.4432,6.4527,0.2658,0.7775,-0.1523,-0.0363,0.9877
60.0380,122.64,40.7118,27.6177,0.0180,2.0111,351.2855,351.4030,6.4468,0.2654,0.7849,-0.1514,-0.0351,0.9878
60.0580,122.64,40.8406,27.6230,0.0339,1.9370,351.3337,351.3614,6.4405,0.2614,0.7917,-0.1506,-0.0338,0.9880
60.0780,122.64,40.9693,27.6282,0.0498,1.8606,351.3809,351.3185,6.4350,0.2608,0.7985,-0.1498,-0.0325,0.9882
60.0980,122.64,41.0979,27.6333,0.0659,1.7821,351.4269,351.2744,6.4293,0.2570,0.8048,-0.1490,-0.0311,0.9883
60.1180,122.64,41.2264,27.6384,0.0821,1.7016,351.4717,351.2292,6.4243,0.2563,0.8109,-0.1482,-0.0297,0.9885
60.1380,122.64,41.3548,27.6435,0.0985,1.6192,351.5154,351.1830,6.4191,0.2527,0.8166,-0.1475,-0.0283,0.9887
60.1580,122.64,41.4831,27.6485,0.1149,1.5351,351.5576,351.1358,6.4145,0.2518,0.8222,-0.1468,-0.0268,0.9888
60.1780,122.64,41.6113,27.6535,0.1315,1.4495,351.5986,351.0878,6.4098,0.2485,0.8272,-0.1461,-0.0253,0.9890
60.1980,122.64,41.7394,27.6585,0.1481,1.3625,351.6381,351.0391,6.4057,0.2475,0.8321,-0.1454,-0.0238,0.9891
60.2180,122.64,41.8674,27.6633,0.1648,1.2742,351.6762,350.9897,6.4015,0.2443,0.8366,-0.1447,-0.0222,0.9892
60.2380,122.64,41.9954,27.6682,0.1817,1.1848,351.7128,350.9397,6.3979,0.2432,0.8408,-0.1441,-0.0207,0.9893
60.2580,122.64,42.1233,27.6730,0.1986,1.0944,351.7479,350.8892,6.3943,0.2401,0.8446,-0.1435,-0.0191,0.9895
60.2780,122.64,42.2511,27.6778,0.2155,1.0031,351.7815,350.8383,6.3911,0.2389,0.8482,-0.1429,-0.0175,0.9896
60.2980,122.64,42.3792,27.6837,0.2326,0.9093,351.8164,350.8207,6.4045,0.2964,0.8553,-0.1423,-0.0159,0.9897
60.3180,122.64,42.5075,27.6902,0.2498,0.8123,351.8538,350.8419,6.4145,0.3249,0.8612,-0.1417,-0.0142,0.9898
60.3380,122.64,42.6360,27.6977,0.2672,0.7125,351.8928,350.8974,6.4264,0.3721,0.8672,-0.1410,-0.0124,0.9899
60.3580,122.64,42.7647,27.7058,0.2846,0.6100,351.9335,350.9871,6.4361,0.4061,0.8721,-0.1403,-0.0106,0.9900
60.3780,122.64,42.8936,27.7147,0.3022,0.5051,351.9753,351.1083,6.4461,0.4480,0.8767,-0.1396,-0.0088,0.9902
60.3980,121.37,43.0227,27.7244,0.3198,0.3979,352.0181,351.2600,6.4546,0.4841,0.8805,-0.1389,-0.0069,0.9903
60.4180,121.37,43.1520,27.7349,0.3374,0.2887,352.0615,351.4402,6.4626,0.5233,0.8837,-0.1381,-0.0050,0.9904
60.4380,121.37,43.2814,27.7461,0.3552,0.1777,352.1054,351.6477,6.4692,0.5598,0.8862,-0.1374,-0.0031,0.9905
60.4580,121.37,43.4109,27.7580,0.3729,0.0650,352.1495,351.8808,6.4749,0.5974,0.8880,-0.1366,-0.0011,0.9906
60.4780,121.37,43.5405,27.7707,0.3907,359.9509,352.1935,352.1383,6.4793,0.6336,0.8892,-0.1358,0.0009,0.9907
60.4980,121.37,43.6701,27.7841,0.4085,359.8247,352.1774,352.4082,6.4809,0.6701,0.8900,-0.1361,0.0031,0.9907
60.5180,121.37,43.7997,27.7982,0.4263,359.6891,352.1084,352.6914,6.4814,0.7054,0.8901,-0.1373,0.0054,0.9905
60.5380,121.37,43.9293,27.8130,0.4441,359.5464,351.9926,352.9884,6.4808,0.7408,0.8893,-0.1393,0.0079,0.9902
60.5580,121.37,44.0589,27.8286,0.4619,359.3988,351.8357,353.2997,6.4791,0.7754,0.8878,-0.1420,0.0105,0.9898
60.5780,121.37,44.1884,27.8448,0.4796,359.2481,351.6425,353.6254,6.4762,0.8098,0.8854,-0.1453,0.0131,0.9893
60.5980,121.37,44.3179,27.8616,0.4972,359.0962,351.4171,353.9656,6.4720,0.8436,0.8824,-0.1492,0.0158,0.9887
60.6180,121.37,44.4472,27.8792,0.5148,358.9444,351.1636,354.3201,6.4665,0.8770,0.8785,-0.1536,0.0184,0.9880
60.6380,121.37,44.5764,27.8974,0.5323,358.7939,350.8850,354.6888,6.4597,0.9098,0.8739,-0.1584,0.0210,0.9872
60.6580,121.37,44.7054,27.9162,0.5497,358.6461,350.5845,355.0713,6.4514,0.9423,0.8687,-0.1635,0.0236,0.9863
60.6780,121.37,44.8342,27.9357,0.5669,358.5017,350.2646,355.4673,6.4417,0.9742,0.8627,-0.1690,0.0261,0.9853
60.6980,121.37,44.9629,27.9558,0.5840,358.3618,349.9275,355.8761,6.4304,1.0056,0.8560,-0.1748,0.0286,0.9842
60.7180,121.37,45.0912,27.9766,0.6010,358.2292,349.6048,356.3012,6.4184,1.0364,0.8486,-0.1804,0.0309,0.9831
60.7380,121.37,45.2193,27.9979,0.6178,358.1040,349.2961,356.7414,6.4046,1.0669,0.8406,-0.1856,0.0331,0.9821
60.7580,121.37,45.3471,28.0199,0.6345,357.9859,349.0013,357.1954,6.3892,1.0967,0.8319,-0.1907,0.0351,0.9810
60.7780,121.37,45.4745,28.0424,0.6509,357.8748,348.7200,357.6622,6.3721,1.1260,0.8225,-0.1955,0.0371,0.9800
60.7980,121.37,45.6016,28.0655,0.6672,357.7706,348.4521,358.1409,6.3533,1.1547,0.8124,-0.2000,0.0389,0.9790
60.8180,121.37,45.7283,28.0892,0.6832,357.6730,348.1972,358.6303,6.3328,1.1828,0.8017,-0.2044,0.0406,0.9781
60.8380,121.37,45.8545,28.1134,0.6990,357.5819,347.9551,359.1296,6.3104,1.2103,0.7903,-0.2085,0.0422,0.9771
60.8580,121.37,45.9802,28.1381,0.7146,357.4972,347.7257,359.6379,6.2864,1.2372,0.7782,-0.2124,0.0437,0.9762
60.8780,121.37,46.1054,28.1634,0.7299,357.4187,347.5087,0.1543,6.2605,1.2633,0.7655,-0.2161,0.0450,0.9753
60.8980,121.37,46.2301,28.1892,0.7450,357.3462,347.3038,0.6780,6.2329,1.2889,0.7521,-0.2195,0.0463,0.9745
60.9180,121.37,46.3541,28.2155,0.7597,357.2795,347.1109,1.2081,6.2034,1.3131,0.7381,-0.2228,0.0475,0.9737
60.9380,121.37,46.4776,28.2422,0.7742,357.2186,346.9296,1.7437,6.1722,1.3362,0.7235,-0.2259,0.0485,0.9729
60.9580,121.37,46.6003,28.2694,0.7884,357.1632,346.7597,2.2837,6.1391,1.3580,0.7082,-0.2288,0.0495,0.9722
60.9780,121.37,46.7224,28.2970,0.8022,357.1133,346.6010,2.8273,6.1043,1.3787,0.6924,-0.2314,0.0504,0.9715
60.9980,121.37,46.8438,28.3249,0.8157,357.0685,346.4532,3.3736,6.0677,1.3980,0.6761,-0.2339,0.0511,0.9709
61.0180,121.37,46.9644,28.3533,0.8289,357.0288,346.3161,3.9219,6.0294,1.4161,0.6591,-0.2362,0.0518,0.9703
61.0380,121.37,47.0841,28.3819,0.8418,356.9941,346.1896,4.4712,5.9893,1.4329,0.6417,-0.2384,0.0524,0.9698
61.0580,121.37,47.2031,28.4109,0.8542,356.9641,346.0733,5.0209,5.9476,1.4485,0.6238,-0.2403,0.0530,0.9692
61.0780,121.37,47.3212,28.4402,0.8663,356.9387,345.9670,5.5702,5.9042,1.4628,0.6053,-0.2421,0.0534,0.9688
61.0980,121.37,47.4384,28.4697,0.8781,356.9177,345.8706,6.1185,5.8592,1.4758,0.5864,-0.2438,0.0538,0.9683
61.1180,121.37,47.5546,28.4995,0.8894,356.9009,345.7838,6.6650,5.8126,1.4875,0.5671,-0.2452,0.0541,0.9680
61.1380,121.37,47.6699,28.5294,0.9004,356.8883,345.7064,7.2092,5.7644,1.4980,0.5474,-0.2465,0.0543,0.9676
61.1580,121.37,47.7842,28.5596,0.9109,356.8796,345.6382,7.7503,5.7147,1.5072,0.5273,-0.2477,0.0544,0.9673
61.1780,121.37,47.8975,28.5899,0.9210,356.8748,345.5790,8.2880,5.6635,1.5151,0.5068,-0.2487,0.0545,0.9671
61.1980,121.37,48.0097,28.6204,0.9308,356.8735,345.5286,8.8215,5.6108,1.5218,0.4860,-0.2495,0.0545,0.9668
61.2180,121.37,48.1208,28.6509,0.9401,356.8758,345.4868,9.3504,5.5567,1.5273,0.4648,-0.2502,0.0545,0.9667
61.2380,121.37,48.2308,28.6816,0.9489,356.8814,345.4533,9.8742,5.5013,1.5316,0.4434,-0.2508,0.0544,0.9665
61.2580,121.37,48.3397,28.7123,0.9574,356.8902,345.4281,10.3925,5.4445,1.5347,0.4217,-0.2512,0.0543,0.9664
61.2780,121.37,48.4474,28.7430,0.9654,356.9020,345.4108,10.9047,5.3864,1.5366,0.3998,-0.2515,0.0540,0.9663
61.2980,121.37,48.5540,28.7738,0.9729,356.9168,345.4013,11.4105,5.3271,1.5373,0.3776,-0.2517,0.0538,0.9663
61.3180,121.37,48.6593,28.8045,0.9800,356.9344,345.3994,11.9095,5.2665,1.5369,0.3553,-0.2517,0.0535,0.9663
61.3380,121.37,48.7634,28.8352,0.9867,356.9547,345.4048,12.4013,5.2047,1.5354,0.3327,-0.2516,0.0531,0.9664
61.3580,121.37,48.8662,28.8659,0.9929,356.9775,345.4173,12.8855,5.1418,1.5328,0.3101,-0.2514,0.0527,0.9664
61.3780,121.37,48.9675,28.8974,0.9984,357.0214,345.4456,13.3476,5.0658,1.5775,0.2771,-0.2510,0.0520,0.9666
61.3980,122.64,49.0674,28.9294,1.0033,357.0891,345.4915,13.7882,4.9941,1.5964,0.2462,-0.2502,0.0508,0.9669
61.4180,122.64,49.1658,28.9619,1.0076,357.1772,345.5535,14.2075,4.9180,1.6279,0.2145,-0.2492,0.0492,0.9672
61.4380,122.64,49.2626,28.9950,1.0113,357.2859,345.6317,14.6059,4.8424,1.6516,0.1838,-0.2479,0.0474,0.9676
61.4580,122.64,49.3579,29.0286,1.0144,357.4136,345.7251,14.9838,4.7648,1.6785,0.1533,-0.2463,0.0451,0.9681
61.4780,122.64,49.4517,29.0626,1.0168,357.5595,345.8336,15.3417,4.6866,1.7027,0.1235,-0.2445,0.0426,0.9687
61.4980,122.64,49.5438,29.0972,1.0187,357.7228,345.9563,15.6800,4.6071,1.7273,0.0943,-0.2425,0.0397,0.9693
61.5180,122.64,49.6343,29.1322,1.0200,357.9025,346.0927,15.9991,4.5268,1.7508,0.0659,-0.2402,0.0366,0.9700
61.5380,122.64,49.7232,29.1677,1.0208,358.0980,346.2421,16.2994,4.4456,1.7739,0.0384,-0.2377,0.0332,0.9708
61.5580,122.64,49.8105,29.2036,1.0210,358.3084,346.4038,16.5814,4.3636,1.7963,0.0118,-0.2350,0.0295,0.9716
61.5780,122.64,49.8961,29.2400,1.0207,358.5333,346.5772,16.8455,4.2807,1.8183,-0.0138,-0.2321,0.0256,0.9724
61.5980,122.64,49.9801,29.2768,1.0200,358.7718,346.7614,17.0920,4.1972,1.8396,-0.0383,-0.2290,0.0214,0.9732
61.6180,122.64,50.0623,29.3140,1.0187,359.0234,346.9559,17.3213,4.1130,1.8605,-0.0616,-0.2257,0.0170,0.9741
61.6380,122.64,50.1429,29.3516,1.0171,359.2877,347.1598,17.5337,4.0282,1.8807,-0.0837,-0.2222,0.0124,0.9749
61.6580,122.64,50.2217,29.3896,1.0150,359.5640,347.3723,17.7297,3.9428,1.9005,-0.1045,-0.2186,0.0076,0.9758
61.6780,122.64,50.2989,29.4280,1.0125,359.8518,347.5929,17.9094,3.8570,1.9198,-0.1240,-0.2149,0.0026,0.9766
61.6980,122.64,50.3743,29.4668,1.0097,0.1508,347.8206,18.0734,3.7707,1.9385,-0.1420,-0.2110,-0.0026,0.9775
61.7180,122.64,50.4480,29.5059,1.0065,0.4604,348.0548,18.2217,3.6841,1.9568,-0.1586,-0.2070,-0.0080,0.9783
61.7380,122.64,50.5199,29.5454,1.0030,0.7803,348.2947,18.3547,3.5971,1.9746,-0.1737,-0.2029,-0.0136,0.9791
61.7580,122.64,50.5901,29.5853,0.9993,1.1100,348.5396,18.4726,3.5099,1.9919,-0.1873,-0.1987,-0.0194,0.9799
61.7780,122.64,50.6585,29.6255,0.9953,1.4492,348.7886,18.5756,3.4225,2.0088,-0.1992,-0.1944,-0.0253,0.9806
61.7980,122.64,50.7252,29.6660,0.9911,1.7974,349.0412,18.6640,3.3350,2.0251,-0.2095,-0.1900,-0.0314,0.9813
61.8180,122.64,50.7902,29.7068,0.9867,2.1543,349.2966,18.7379,3.2474,2.0411,-0.2181,-0.1856,-0.0376,0.9819
61.8380,122.64,50.8534,29.7479,0.9822,2.5197,349.5540,18.7976,3.1598,2.0565,-0.2250,-0.1811,-0.0440,0.9825
61.8580,122.64,50.9148,29.7894,0.9776,2.8930,349.8129,18.8431,3.0722,2.0716,-0.2301,-0.1766,-0.0505,0.9830
61.8780,122.64,50.9745,29.8311,0.9730,3.2740,350.0724,18.8746,2.9847,2.0861,-0.2335,-0.1721,-0.0571,0.9834
61.8980,122.64,51.0324,29.8731,0.9683,3.6623,350.3321,18.8923,2.8974,2.1003,-0.2351,-0.1676,-0.0639,0.9838
61.9180,122.64,51.0886,29.9154,0.9636,4.0577,350.5911,18.8962,2.8104,2.1140,-0.2349,-0.1631,-0.0708,0.9841
61.9380,122.64,51.1431,29.9579,0.9589,4.4597,350.8489,18.8864,2.7236,2.1273,-0.2328,-0.1586,-0.0778,0.9843
61.9580,122.64,51.1959,30.0008,0.9543,4.8681,351.1049,18.8631,2.6371,2.1401,-0.2288,-0.1541,-0.0849,0.9844
61.9780,122.64,51.2469,30.0438,0.9499,5.2825,351.3584,18.8263,2.5511,2.1525,-0.2230,-0.1496,-0.0921,0.9844
61.9980,122.64,51.2962,30.0871,0.9456,5.7027,351.6090,18.7760,2.4655,2.1644,-0.2153,-0.1452,-0.0994,0.9844
62.0180,122.64,51.3438,30.1306,0.9414,6.1282,351.8559,18.7124,2.3805,2.1760,-0.2057,-0.1409,-0.1068,0.9843
62.0380,122.64,51.3897,30.1744,0.9376,6.5588,352.0988,18.6355,2.2961,2.1871,-0.1943,-0.1366,-0.1142,0.9840
62.0580,122.64,51.4339,30.2184,0.9339,6.9941,352.3370,18.5454,2.2122,2.1977,-0.1809,-0.1324,-0.1218,0.9837
62.0780,122.64,51.4765,30.2625,0.9306,7.4338,352.5702,18.4421,2.1291,2.2080,-0.1656,-0.1282,-0.1294,0.9833
62.0980,122.64,51.5174,30.3069,0.9277,7.8776,352.7977,18.3256,2.0468,2.2177,-0.1485,-0.1242,-0.1371,0.9827
62.1180,122.64,51.5567,30.3514,0.9251,8.3252,353.0192,18.1961,1.9652,2.2271,-0.1294,-0.1203,-0.1448,0.9821
62.1380,122.64,51.5944,30.3962,0.9229,8.7762,353.2341,18.0535,1.8845,2.2360,-0.1084,-0.1164,-0.1526,0.9814
62.1580,122.64,51.6305,30.4411,0.9212,9.2303,353.4422,17.8980,1.8048,2.2444,-0.0856,-0.1127,-0.1604,0.9806
62.1780,122.64,51.6650,30.4861,0.9200,9.6870,353.6428,17.7296,1.7264,2.2513,-0.0610,-0.1091,-0.1683,0.9797
62.1980,122.64,51.6980,30.5312,0.9193,10.1458,353.8352,17.5485,1.6492,2.2572,-0.0346,-0.1057,-0.1762,0.9787
62.2180,122.64,51.7295,30.5765,0.9192,10.6060,354.0189,17.3548,1.5734,2.2618,-0.0064,-0.1024,-0.1841,0.9776
62.2380,122.64,51.7595,30.6218,0.9196,11.0672,354.1931,17.1489,1.4989,2.2653,0.0236,-0.0993,-0.1920,0.9764
62.2580,122.64,51.7880,30.6672,0.9208,11.5289,354.3576,16.9308,1.4259,2.2677,0.0552,-0.0963,-0.1999,0.9751
62.2780,122.64,51.8151,30.7126,0.9225,11.9903,354.5116,16.7009,1.3544,2.2689,0.0886,-0.0936,-0.2077,0.9737
62.2980,122.64,51.8407,30.7580,0.9250,12.4511,354.6547,16.4593,1.2843,2.2690,0.1236,-0.0910,-0.2156,0.9722
62.3180,122.64,51.8651,30.8033,0.9282,12.9105,354.7864,16.2064,1.2157,2.2680,0.1602,-0.0886,-0.2234,0.9707
62.3380,122.64,51.8880,30.8487,0.9322,13.3682,354.9064,15.9424,1.1487,2.2660,0.1983,-0.0864,-0.2312,0.9691
62.3580,122.64,51.9097,30.8939,0.9369,13.8234,355.0143,15.6677,1.0832,2.2629,0.2380,-0.0844,-0.2389,0.9674
62.3780,122.64,51.9301,30.9391,0.9425,14.2757,355.1096,15.3825,1.0193,2.2587,0.2792,-0.0826,-0.2466,0.9656
62.3980,122.18,51.9492,30.9842,0.9490,14.7245,355.1921,15.0871,0.9569,2.2535,0.3218,-0.0811,-0.2542,0.9638
62.4180,122.18,51.9671,31.0291,0.9563,15.1692,355.2615,14.7819,0.8962,2.2474,0.3657,-0.0797,-0.2617,0.9619
62.4380,122.18,51.9839,31.0740,0.9645,15.6094,355.3175,14.4673,0.8370,2.2402,0.4111,-0.0786,-0.2691,0.9599
62.4580,122.18,51.9995,31.1186,0.9737,16.0444,355.3600,14.1437,0.7795,2.2321,0.4577,-0.0777,-0.2764,0.9579
62.4780,122.18,52.0139,31.1631,0.9838,16.4737,355.3889,13.8114,0.7235,2.2231,0.5056,-0.0771,-0.2836,0.9558
62.4980,122.18,52.0273,31.2074,0.9949,16.8968,355.4038,13.4708,0.6692,2.2131,0.5547,-0.0767,-0.2906,0.9538
62.5180,122.18,52.0396,31.2514,1.0070,17.3133,355.4048,13.1223,0.6165,2.2023,0.6049,-0.0765,-0.2976,0.9516
62.5380,122.18,52.0509,31.2952,1.0201,17.7225,355.3918,12.7665,0.5653,2.1906,0.6563,-0.0765,-0.3044,0.9495
62.5580,122.18,52.0613,31.3388,1.0343,18.1240,355.3648,12.4038,0.5158,2.1780,0.7087,-0.0768,-0.3111,0.9473
62.5780,122.18,52.0706,31.3821,1.0495,18.5174,355.3239,12.0346,0.4678,2.1647,0.7622,-0.0773,-0.3176,0.9451
62.5980,122.18,52.0790,31.4251,1.0659,18.9021,355.2690,11.6594,0.4214,2.1505,0.8167,-0.0780,-0.3240,0.9429
62.6180,122.18,52.0866,31.4679,1.0833,19.2778,355.2003,11.2789,0.3765,2.1356,0.8720,-0.0790,-0.3301,0.9406
62.6380,122.18,52.0932,31.5103,1.1019,19.6439,355.1180,10.8934,0.3332,2.1199,0.9283,-0.0802,-0.3362,0.9384
62.6580,122.18,52.0991,31.5523,1.1216,20.0001,355.0222,10.5036,0.2914,2.1036,0.9854,-0.0815,-0.3420,0.9361
62.6780,122.18,52.1041,31.5941,1.1425,20.3461,354.9132,10.1101,0.2510,2.0865,1.0434,-0.0831,-0.3477,0.9339
62.6980,122.18,52.1083,31.6355,1.1645,20.6814,354.7912,9.7134,0.2122,2.0688,1.1021,-0.0849,-0.3532,0.9317
62.7180,122.18,52.1118,31.6765,1.1877,21.0057,354.6565,9.3141,0.1747,2.0505,1.1615,-0.0869,-0.3585,0.9295
62.7380,122.18,52.1146,31.7171,1.2122,21.3187,354.5095,8.9129,0.1387,2.0315,1.2215,-0.0891,-0.3636,0.9273
62.7580,122.18,52.1167,31.7574,1.2378,21.6202,354.3506,8.5103,0.1040,2.0120,1.2822,-0.0915,-0.3685,0.9251
62.7780,122.18,52.1181,31.7972,1.2647,21.9098,354.1801,8.1071,0.0707,1.9920,1.3436,-0.0941,-0.3731,0.9230
62.7980,122.18,52.1189,31.8367,1.2928,22.1874,353.9986,7.7040,0.0387,1.9714,1.4054,-0.0968,-0.3776,0.9209
62.8180,122.18,52.1190,31.8757,1.3221,22.4526,353.8064,7.3014,0.0081,1.9503,1.4678,-0.0997,-0.3819,0.9188
62.8380,122.18,52.1186,31.9143,1.3528,22.7055,353.6041,6.9002,-0.0214,1.9289,1.5306,-0.1028,-0.3860,0.9168
62.8580,122.18,52.1176,31.9524,1.3846,22.9457,353.3923,6.5011,-0.0496,1.9069,1.5939,-0.1060,-0.3899,0.9148
62.8780,122.18,52.1161,31.9901,1.4178,23.1733,353.1714,6.1046,-0.0767,1.8846,1.6576,-0.1093,-0.3935,0.9128
62.8980,122.18,52.1140,32.0273,1.4522,23.3881,352.9422,5.7116,-0.1026,1.8619,1.7217,-0.1128,-0.3970,0.9109
62.9180,122.18,52.1115,32.0641,1.4879,23.5900,352.7051,5.3226,-0.1274,1.8389,1.7861,-0.1164,-0.4002,0.9090
62.9380,122.18,52.1085,32.1004,1.5250,23.7791,352.4609,4.9384,-0.1511,1.8156,1.8508,-0.1201,-0.4032,0.9072
62.9580,122.18,52.1050,32.1363,1.5633,23.9553,352.2101,4.5596,-0.1738,1.7920,1.9157,-0.1239,-0.4060,0.9054
62.9780,122.18,52.1011,32.1717,1.6029,24.1187,351.9535,4.1869,-0.1956,1.7682,1.9809,-0.1278,-0.4086,0.9037
62.9980,122.18,52.0967,32.2065,1.6438,24.2694,351.6916,3.8210,-0.2163,1.7442,2.0463,-0.1317,-0.4110,0.9021
63.0180,122.18,52.0920,32.2409,1.6861,24.4073,351.4252,3.4625,-0.2362,1.7200,2.1118,-0.1358,-0.4132,0.9005
63.0380,122.18,52.0869,32.2749,1.7296,24.5327,351.1550,3.1119,-0.2552,1.6956,2.1775,-0.1399,-0.4152,0.8989
63.0580,122.18,52.0815,32.3083,1.7745,24.6457,350.8817,2.7700,-0.2734,1.6711,2.2432,-0.1440,-0.4170,0.8974
63.0780,122.18,52.0756,32.3412,1.8206,24.7464,350.6058,2.4373,-0.2908,1.6465,2.3090,-0.1482,-0.4186,0.8960
63.0980,122.18,52.0695,32.3737,1.8681,24.8350,350.3282,2.1143,-0.3074,1.6218,2.3748,-0.1525,-0.4200,0.8946
63.1180,122.18,52.0630,32.4056,1.9170,24.9117,350.0496,1.8016,-0.3233,1.5970,2.4407,-0.1567,-0.4212,0.8933
63.1380,122.18,52.0563,32.4370,1.9671,24.9768,349.7705,1.4997,-0.3386,1.5723,2.5065,-0.1610,-0.4223,0.8921
63.1580,122.18,52.0492,32.4680,2.0185,25.0304,349.4917,1.2091,-0.3533,1.5475,2.5722,-0.1652,-0.4231,0.8909
63.1780,122.18,52.0418,32.4985,2.0713,25.0729,349.2139,0.9301,-0.3674,1.5228,2.6379,-0.1695,-0.4238,0.8898
63.1980,122.18,52.0342,32.5284,2.1254,25.1044,348.9377,0.6631,-0.3809,1.4981,2.7034,-0.1738,-0.4243,0.8887
63.2180,122.18,52.0264,32.5579,2.1807,25.1254,348.6637,0.4087,-0.3940,1.4735,2.7687,-0.1780,-0.4246,0.8877
63.2380,122.18,52.0182,32.5869,2.2374,25.1360,348.3926,0.1670,-0.4065,1.4490,2.8339,-0.1822,-0.4248,0.8868
63.2580,122.18,52.0099,32.6154,2.2954,25.1365,348.1249,359.9383,-0.4187,1.4246,2.8989,-0.1863,-0.4248,0.8859
63.2780,122.18,52.0012,32.6434,2.3547,25.1274,347.8613,359.7229,-0.4305,1.4003,2.9636,-0.1904,-0.4246,0.8851
63.2980,122.18,51.9924,32.6709,2.4152,25.1088,347.6023,359.5211,-0.4419,1.3762,3.0280,-0.1944,-0.4243,0.8844
63.3180,122.18,51.9833,32.6979,2.4771,25.0811,347.3485,359.3329,-0.4530,1.3522,3.0922,-0.1984,-0.4239,0.8837
63.3380,122.18,51.9741,32.7245,2.5402,25.0446,347.1004,359.1585,-0.4639,1.3284,3.1560,-0.2023,-0.4233,0.8831
63.3580,122.18,51.9646,32.7506,2.6046,24.9996,346.8584,358.9980,-0.4745,1.3048,3.2194,-0.2061,-0.4226,0.8826
63.3780,122.18,51.9549,32.7762,2.6702,24.9464,346.6231,358.8514,-0.4849,1.2815,3.2824,-0.2098,-0.4218,0.8821
63.3980,122.18,51.9450,32.8014,2.7371,24.8854,346.3948,358.7188,-0.4951,1.2583,3.3451,-0.2134,-0.4208,0.8817
63.4180,118.22,51.9349,32.8261,2.8053,24.8168,346.1741,358.6000,-0.5052,1.2354,3.4072,-0.2169,-0.4197,0.8814
63.4380,118.22,51.9246,32.8504,2.8746,24.7409,345.9613,358.4950,-0.5152,1.2127,3.4689,-0.2203,-0.4185,0.8811
63.4580,118.22,51.9141,32.8742,2.9452,24.6581,345.7567,358.4038,-0.5251,1.1903,3.5301,-0.2236,-0.4172,0.8809
63.4780,118.22,51.9034,32.8975,3.0171,24.5686,345.5607,358.3260,-0.5350,1.1682,3.5908,-0.2268,-0.4158,0.8807
63.4980,118.22,51.8925,32.9205,3.0901,24.4727,345.3736,358.2616,-0.5448,1.1464,3.6509,-0.2298,-0.4143,0.8807
63.5180,118.22,51.8814,32.9430,3.1643,24.3707,345.1957,358.2104,-0.5546,1.1248,3.7104,-0.2328,-0.4126,0.8807
63.5380,118.22,51.8701,32.9650,3.2397,24.2627,345.0272,358.1719,-0.5645,1.1035,3.7694,-0.2355,-0.4109,0.8807
63.5580,118.22,51.8586,32.9867,3.3162,24.1492,344.8683,358.1460,-0.5744,1.0825,3.8276,-0.2382,-0.4091,0.8808
63.5780,118.22,51.8469,33.0079,3.3939,24.0303,344.7192,358.1324,-0.5844,1.0618,3.8853,-0.2407,-0.4072,0.8810
63.5980,118.22,51.8350,33.0287,3.4728,23.9062,344.5800,358.1306,-0.5944,1.0414,3.9422,-0.2431,-0.4052,0.8813
63.6180,118.22,51.8229,33.0492,3.5527,23.7773,344.4510,358.1403,-0.6046,1.0213,3.9985,-0.2453,-0.4032,0.8816
63.6380,118.22,51.8106,33.0692,3.6338,23.6436,344.3321,358.1610,-0.6149,1.0015,4.0540,-0.2474,-0.4010,0.8820
63.6580,118.22,51.7981,33.0888,3.7160,23.5054,344.2235,358.1924,-0.6253,0.9821,4.1088,-0.2493,-0.3988,0.8825
63.6780,118.22,51.7854,33.1081,3.7993,23.3628,344.1252,358.2340,-0.6359,0.9629,4.1628,-0.2511,-0.3966,0.8830
63.6980,118.22,51.7725,33.1270,3.8836,23.2162,344.0371,358.2853,-0.6467,0.9441,4.2160,-0.2527,-0.3942,0.8836
63.7180,118.22,51.7593,33.1455,3.9689,23.0656,343.9594,358.3458,-0.6576,0.9255,4.2685,-0.2542,-0.3918,0.8842
63.7380,118.22,51.7459,33.1636,4.0553,22.9113,343.8919,358.4150,-0.6687,0.9073,4.3201,-0.2556,-0.3893,0.8849
63.7580,118.22,51.7323,33.1814,4.1428,22.7533,343.8346,358.4924,-0.6800,0.8894,4.3709,-0.2567,-0.3868,0.8857
63.7780,118.22,51.7185,33.1989,4.2312,22.5919,343.7874,358.5774,-0.6915,0.8718,4.4208,-0.2578,-0.3842,0.8865
63.7980,118.22,51.7044,33.2160,4.3206,22.4272,343.7501,358.6695,-0.7032,0.8545,4.4699,-0.2587,-0.3815,0.8874
63.8180,118.22,51.6901,33.2327,4.4109,22.2593,343.7227,358.7682,-0.7151,0.8375,4.5181,-0.2594,-0.3788,0.8884
63.8380,118.22,51.6756,33.2491,4.5023,22.0884,343.7049,358.8728,-0.7273,0.8208,4.5655,-0.2600,-0.3760,0.8894
63.8580,118.22,51.6608,33.2652,4.5945,21.9147,343.6967,358.9828,-0.7396,0.8044,4.6119,-0.2604,-0.3732,0.8904
63.8780,118.22,51.6457,33.2810,4.6876,21.7382,343.6977,359.0977,-0.7522,0.7884,4.6575,-0.2607,-0.3704,0.8915
63.8980,118.22,51.6305,33.2964,4.7817,21.5591,343.7078,359.2169,-0.7649,0.7726,4.7022,-0.2609,-0.3675,0.8927
63.9180,118.22,51.6149,33.3116,4.8766,21.3776,343.7267,359.3399,-0.7779,0.7571,4.7459,-0.2609,-0.3645,0.8939
63.9380,118.22,51.5991,33.3264,4.9724,21.1937,343.7542,359.4660,-0.7911,0.7419,4.7887,-0.2608,-0.3615,0.8951
63.9580,118.22,51.5830,33.3410,5.0690,21.0077,343.7900,359.5947,-0.8044,0.7270,4.8307,-0.2606,-0.3585,0.8964
63.9780,118.22,51.5666,33.3552,5.1664,20.8196,343.8339,359.7256,-0.8180,0.7124,4.8717,-0.2602,-0.3554,0.8977
63.9980,118.22,51.5500,33.3692,5.2647,20.6296,343.8855,359.8580,-0.8317,0.6981,4.9117,-0.2598,-0.3523,0.8991
64.0180,118.22,51.5331,33.3829,5.3637,20.4377,343.9445,359.9915,-0.8457,0.6840,4.9509,-0.2592,-0.3492,0.9005
64.0380,118.22,51.5159,33.3963,5.4635,20.2443,344.0107,0.1255,-0.8597,0.6703,4.9891,-0.2584,-0.3460,0.9019
64.0580,118.22,51.4984,33.4094,5.5640,20.0493,344.0837,0.2595,-0.8740,0.6568,5.0265,-0.2576,-0.3428,0.9034
64.0780,118.22,51.4806,33.4223,5.6653,19.8529,344.1631,0.3932,-0.8884,0.6436,5.0629,-0.2567,-0.3396,0.9049
64.0980,118.22,51.4626,33.4349,5.7672,19.6553,344.2487,0.5259,-0.9029,0.6307,5.0984,-0.2556,-0.3364,0.9064
64.1180,118.22,51.4442,33.4473,5.8699,19.4566,344.3402,0.6574,-0.9176,0.6180,5.1330,-0.2545,-0.3331,0.9079
64.1380,118.22,51.4256,33.4594,5.9732,19.2569,344.4371,0.7871,-0.9323,0.6056,5.1667,-0.2533,-0.3298,0.9094
64.1580,118.22,51.4066,33.4712,6.0772,19.0564,344.5391,0.9147,-0.9472,0.5935,5.1995,-0.2520,-0.3265,0.9110
64.1780,118.22,51.3874,33.4829,6.1818,18.8553,344.6459,1.0397,-0.9621,0.5817,5.2314,-0.2506,-0.3232,0.9126
64.1980,118.22,51.3677,33.4955,6.2876,18.6207,344.7586,1.1611,-0.9859,0.6297,5.2888,-0.2491,-0.3193,0.9143
64.2180,118.22,51.3475,33.5085,6.3943,18.3487,344.8774,1.2769,-1.0072,0.6498,5.3367,-0.2476,-0.3148,0.9163
64.2380,118.22,51.3269,33.5222,6.5021,18.0429,345.0010,1.3871,-1.0297,0.6859,5.3874,-0.2461,-0.3097,0.9184
64.2580,118.22,51.3059,33.5365,6.6108,17.7042,345.1289,1.4910,-1.0511,0.7126,5.4336,-0.2445,-0.3041,0.9207
64.2780,118.22,51.2845,33.5514,6.7204,17.3348,345.2602,1.5881,-1.0727,0.7447,5.4792,-0.2429,-0.2980,0.9232
64.2980,118.22,51.2626,33.5668,6.8308,16.9362,345.3944,1.6781,-1.0935,0.7737,5.5219,-0.2412,-0.2913,0.9257
64.3180,118.22,51.2403,33.5829,6.9421,16.5102,345.5308,1.7606,-1.1141,0.8044,5.5629,-0.2396,-0.2842,0.9284
64.3380,118.22,51.2176,33.5996,7.0541,16.0582,345.6688,1.8354,-1.1341,0.8341,5.6014,-0.2379,-0.2766,0.9311
64.3580,118.22,51.1946,33.6169,7.1668,15.5818,345.8080,1.9021,-1.1536,0.8643,5.6377,-0.2362,-0.2686,0.9338
64.3780,118.22,51.1711,33.6348,7.2803,15.0825,345.9477,1.9606,-1.1725,0.8941,5.6716,-0.2344,-0.2602,0.9367
64.3980,118.22,51.1473,33.6533,7.3943,14.5617,346.0876,2.0109,-1.1908,0.9240,5.7031,-0.2327,-0.2514,0.9395
64.4180,119.70,51.1231,33.6724,7.5090,14.0207,346.2272,2.0528,-1.2084,0.9537,5.7322,-0.2310,-0.2423,0.9423
64.4380,119.70,51.0986,33.6921,7.6242,13.4609,346.3664,2.0862,-1.2252,0.9834,5.7587,-0.2292,-0.2328,0.9451
64.4580,119.70,51.0738,33.7123,7.7398,12.8835,346.5046,2.1113,-1.2414,1.0129,5.7827,-0.2275,-0.2230,0.9479
64.4780,119.70,51.0487,33.7332,7.8559,12.2897,346.6417,2.1280,-1.2567,1.0422,5.8041,-0.2257,-0.2129,0.9506
64.4980,119.70,51.0232,33.7546,7.9724,11.6807,346.7773,2.1364,-1.2713,1.0714,5.8228,-0.2240,-0.2025,0.9533
64.5180,119.70,50.9975,33.7766,8.0892,11.0575,346.9114,2.1367,-1.2850,1.1003,5.8390,-0.2223,-0.1918,0.9559
64.5380,119.70,50.9716,33.7992,8.2062,10.4213,347.0438,2.1290,-1.2979,1.1290,5.8525,-0.2205,-0.1809,0.9585
64.5580,119.70,50.9454,33.8224,8.3235,9.7731,347.1743,2.1135,-1.3099,1.1574,5.8634,-0.2188,-0.1697,0.9609
64.5780,119.70,50.9190,33.8461,8.4409,9.1138,347.3027,2.0904,-1.3211,1.1855,5.8716,-0.2170,-0.1584,0.9632
64.5980,119.70,50.8924,33.8704,8.5585,8.4444,347.4290,2.0599,-1.3313,1.2133,5.8771,-0.2153,-0.1468,0.9654
64.6180,119.70,50.8655,33.8952,8.6761,7.7657,347.5532,2.0222,-1.3406,1.2406,5.8799,-0.2136,-0.1351,0.9675
64.6380,119.70,50.8386,33.9206,8.7937,7.0787,347.6752,1.9776,-1.3489,1.2676,5.8801,-0.2118,-0.1232,0.9695
64.6580,119.70,50.8114,33.9465,8.9112,6.3840,347.7949,1.9263,-1.3564,1.2941,5.8775,-0.2101,-0.1112,0.9713
64.6780,119.70,50.7842,33.9729,9.0287,5.6826,347.9124,1.8687,-1.3628,1.3201,5.8723,-0.2084,-0.0990,0.9730
64.6980,119.70,50.7568,33.9999,9.1460,4.9751,348.0277,1.8049,-1.3684,1.3456,5.8645,-0.2067,-0.0867,0.9746
64.7180,119.70,50.7294,34.0273,9.2631,4.2621,348.1408,1.7352,-1.3730,1.3705,5.8540,-0.2049,-0.0743,0.9759
64.7380,119.70,50.7018,34.0552,9.3799,3.5445,348.2516,1.6600,-1.3766,1.3948,5.8409,-0.2032,-0.0618,0.9772
64.7580,119.70,50.6742,34.0836,9.4964,2.8228,348.3604,1.5795,-1.3792,1.4185,5.8251,-0.2015,-0.0492,0.9782
64.7780,119.70,50.6466,34.1124,9.6125,2.0977,348.4670,1.4940,-1.3809,1.4416,5.8068,-0.1998,-0.0366,0.9792
64.7980,119.70,50.6190,34.1417,9.7282,1.3700,348.5716,1.4039,-1.3816,1.4629,5.7858,-0.1981,-0.0239,0.9799
64.8180,119.70,50.5914,34.1714,9.8435,0.6406,348.6742,1.3096,-1.3813,1.4829,5.7622,-0.1964,-0.0112,0.9805
64.8380,119.70,50.5638,34.2014,9.9582,359.9105,348.7749,1.2115,-1.3799,1.5014,5.7360,-0.1947,0.0016,0.9809
64.8580,119.70,50.5362,34.2318,10.0724,359.1805,348.8738,1.1102,-1.3776,1.5184,5.7074,-0.1930,0.0143,0.9811
64.8780,119.70,50.5087,34.2625,10.1859,358.4515,348.9709,1.0060,-1.3743,1.5339,5.6762,-0.1912,0.0270,0.9812
64.8980,119.70,50.4814,34.2935,10.2987,357.7242,349.0663,0.8993,-1.3700,1.5480,5.6427,-0.1895,0.0397,0.9811
64.9180,119.70,50.4541,34.3247,10.4109,356.9996,349.1602,0.7906,-1.3648,1.5605,5.6068,-0.1878,0.0523,0.9808
64.9380,119.70,50.4269,34.3562,10.5222,356.2782,349.2525,0.6802,-1.3588,1.5715,5.5686,-0.1861,0.0649,0.9804
64.9580,119.70,50.3999,34.3878,10.6328,355.5609,349.3433,0.5684,-1.3518,1.5810,5.5282,-0.1844,0.0774,0.9798
64.9780,119.70,50.3730,34.4196,10.7425,354.8482,349.4326,0.4556,-1.3440,1.5890,5.4856,-0.1827,0.0898,0.9791
64.9980,119.70,50.3463,34.4516,10.8513,354.1410,349.5207,0.3421,-1.3354,1.5955,5.4409,-0.1809,0.1021,0.9782
65.0180,119.70,50.3197,34.4836,10.9592,353.4397,349.6074,0.2282,-1.3260,1.6005,5.3942,-0.1792,0.1142,0.9772
65.0380,119.70,50.2934,34.5157,11.0661,352.7450,349.6928,0.1142,-1.3158,1.6041,5.3454,-0.1775,0.1263,0.9760
65.0580,119.70,50.2673,34.5478,11.1720,352.0575,349.7770,0.0004,-1.3049,1.6062,5.2948,-0.1758,0.1382,0.9747
65.0780,119.70,50.2415,34.5800,11.2769,351.3777,349.8600,359.8871,-1.2933,1.6070,5.2423,-0.1741,0.1499,0.9733
65.0980,119.70,50.2159,34.6121,11.3806,350.7062,349.9417,359.7744,-1.2809,1.6063,5.1880,-0.1724,0.1615,0.9717
65.1180,119.70,50.1905,34.6442,11.4833,350.0434,350.0223,359.6626,-1.2680,1.6043,5.1319,-0.1707,0.1729,0.9700
65.1380,119.70,50.1654,34.6763,11.5847,349.3897,350.1017,359.5519,-1.2544,1.6009,5.0742,-0.1690,0.1841,0.9683
65.1580,119.70,50.1406,34.7082,11.6850,348.7458,350.1798,359.4425,-1.2402,1.5962,5.0148,-0.1673,0.1952,0.9664
65.1780,119.70,50.1161,34.7400,11.7841,348.1118,350.2567,359.3346,-1.2254,1.5902,4.9539,-0.1656,0.2060,0.9644
65.1980,119.70,50.0919,34.7717,11.8819,347.4883,350.3323,359.2283,-1.2101,1.5830,4.8915,-0.1639,0.2166,0.9624
65.2180,119.70,50.0680,34.8032,11.9785,346.8757,350.4067,359.1239,-1.1943,1.5745,4.8276,-0.1623,0.2271,0.9603
65.2380,119.70,50.0445,34.8345,12.0737,346.2742,350.4798,359.0215,-1.1779,1.5649,4.7623,-0.1607,0.2373,0.9581
65.2580,119.70,50.0212,34.8656,12.1676,345.6841,350.5514,358.9211,-1.1611,1.5541,4.6957,-0.1591,0.2473,0.9558
65.2780,119.70,49.9984,34.8965,12.2602,345.1059,350.6217,358.8231,-1.1439,1.5421,4.6278,-0.1575,0.2570,0.9535
65.2980,119.70,49.9759,34.9271,12.3514,344.5396,350.6905,358.7274,-1.1262,1.5291,4.5587,-0.1559,0.2666,0.9511
65.3180,119.70,49.9537,34.9574,12.4411,343.9857,350.7577,358.6342,-1.1081,1.5151,4.4884,-0.1544,0.2759,0.9487
65.3380,119.70,49.9319,34.9874,12.5295,343.4443,350.8233,358.5435,-1.0897,1.5000,4.4169,-0.1529,0.2849,0.9463
65.3580,119.70,49.9105,35.0171,12.6164,342.9157,350.8873,358.4556,-1.0709,1.4840,4.3444,-0.1514,0.2938,0.9438
65.3780,119.70,49.8894,35.0464,12.7018,342.4000,350.9495,358.3704,-1.0518,1.4670,4.2709,-0.1499,0.3024,0.9413
65.3980,119.70,49.8688,35.0754,12.7857,341.8974,351.0099,358.2881,-1.0324,1.4491,4.1963,-0.1485,0.3107,0.9388
65.4180,123.60,49.8486,35.1040,12.8681,341.4081,351.0684,358.2088,-1.0126,1.4303,4.1209,-0.1472,0.3188,0.9363
65.4380,123.60,49.8287,35.1323,12.9490,340.9323,351.1249,358.1325,-0.9926,1.4108,4.0445,-0.1458,0.3267,0.9338
65.4580,123.60,49.8093,35.1601,13.0283,340.4699,351.1794,358.0593,-0.9724,1.3904,3.9673,-0.1445,0.3343,0.9313
65.4780,123.60,49.7902,35.1875,13.1061,340.0212,351.2317,357.9891,-0.9519,1.3693,3.8893,-0.1433,0.3417,0.9288
65.4980,123.60,49.7716,35.2144,13.1823,339.5863,351.2818,357.9222,-0.9312,1.3474,3.8105,-0.1421,0.3488,0.9264
65.5180,123.60,49.7534,35.2409,13.2570,339.1651,351.3296,357.8586,-0.9103,1.3249,3.7311,-0.1409,0.3557,0.9239
65.5380,123.60,49.7356,35.2670,13.3300,338.7578,351.3751,357.7982,-0.8893,1.3018,3.6509,-0.1398,0.3623,0.9215
65.5580,123.60,49.7182,35.2925,13.4014,338.3644,351.4181,357.7411,-0.8680,1.2781,3.5701,-0.1387,0.3687,0.9191
65.5780,123.60,49.7013,35.3176,13.4711,337.9850,351.4586,357.6873,-0.8467,1.2537,3.4887,-0.1377,0.3748,0.9168
65.5980,123.60,49.6848,35.3422,13.5393,337.6195,351.4966,357.6369,-0.8252,1.2289,3.4067,-0.1367,0.3808,0.9145
65.6180,123.60,49.6687,35.3663,13.6058,337.2680,351.5318,357.5899,-0.8035,1.2036,3.3242,-0.1358,0.3864,0.9123
65.6380,123.60,49.6531,35.3898,13.6706,336.9304,351.5644,357.5463,-0.7818,1.1778,3.2412,-0.1350,0.3918,0.9101
65.6580,123.60,49.6379,35.4129,13.7337,336.6068,351.5942,357.5060,-0.7599,1.1516,3.1578,-0.1342,0.3970,0.9079
65.6780,123.60,49.6231,35.4354,13.7952,336.2971,351.6212,357.4691,-0.7380,1.1250,3.0739,-0.1334,0.4020,0.9059
65.6980,123.60,49.6088,35.4573,13.8550,336.0012,351.6454,357.4355,-0.7160,1.0980,2.9897,-0.1327,0.4067,0.9039
65.7180,123.60,49.5949,35.4787,13.9131,335.7192,351.6667,357.4054,-0.6940,1.0707,2.9051,-0.1321,0.4112,0.9019
65.7380,123.60,49.5815,35.4996,13.9695,335.4510,351.6850,357.3785,-0.6719,1.0431,2.8202,-0.1315,0.4155,0.9000
65.7580,123.60,49.5685,35.5199,14.0242,335.1964,351.7003,357.3549,-0.6498,1.0153,2.7350,-0.1310,0.4195,0.8982
65.7780,123.60,49.5560,35.5397,14.0772,334.9554,351.7127,357.3346,-0.6276,0.9873,2.6495,-0.1306,0.4233,0.8965
65.7980,123.60,49.5438,35.5589,14.1285,334.7280,351.7221,357.3174,-0.6055,0.9590,2.5639,-0.1302,0.4269,0.8949
65.8180,123.60,49.5322,35.5775,14.1780,334.5141,351.7285,357.3035,-0.5833,0.9306,2.4780,-0.1299,0.4303,0.8933
65.8380,123.60,49.5210,35.5955,14.2259,334.3134,351.7319,357.2926,-0.5612,0.9021,2.3920,-0.1296,0.4334,0.8918
65.8580,123.60,49.5102,35.6130,14.2720,334.1260,351.7324,357.2848,-0.5390,0.8735,2.3058,-0.1294,0.4364,0.8904
65.8780,123.60,49.4998,35.6299,14.3164,333.9518,351.7298,357.2799,-0.5169,0.8448,2.2196,-0.1292,0.4391,0.8891
65.8980,123.60,49.4899,35.6462,14.3590,333.7905,351.7242,357.2780,-0.4948,0.8160,2.1333,-0.1291,0.4417,0.8878
65.9180,123.60,49.4805,35.6620,14.4000,333.6421,351.7158,357.2788,-0.4727,0.7872,2.0469,-0.1291,0.4440,0.8867
65.9380,123.60,49.4715,35.6771,14.4392,333.5065,351.7044,357.2824,-0.4507,0.7585,1.9605,-0.1291,0.4461,0.8856
65.9580,123.60,49.4629,35.6917,14.4767,333.3834,351.6902,357.2886,-0.4288,0.7298,1.8741,-0.1292,0.4480,0.8846
65.9780,123.60,49.4548,35.7057,14.5124,333.2728,351.6732,357.2975,-0.4069,0.7011,1.7878,-0.1293,0.4497,0.8837
65.9980,123.60,49.4471,35.7192,14.5465,333.1746,351.6535,357.3087,-0.3850,0.6725,1.7015,-0.1295,0.4513,0.8829
66.0180,123.60,49.4398,35.7321,14.5788,333.0885,351.6310,357.3223,-0.3633,0.6441,1.6154,-0.1298,0.4526,0.8822
66.0380,123.60,49.4330,35.7444,14.6094,333.0144,351.6060,357.3382,-0.3416,0.6157,1.5293,-0.1301,0.4538,0.8816
66.0580,123.60,49.4266,35.7561,14.6382,332.9521,351.5784,357.3562,-0.3199,0.5876,1.4434,-0.1304,0.4547,0.8810
66.0780,123.60,49.4206,35.7673,14.6654,332.9016,351.5484,357.3763,-0.2984,0.5596,1.3576,-0.1308,0.4555,0.8806
66.0980,123.60,49.4151,35.7780,14.6908,332.8626,351.5160,357.3983,-0.2770,0.5318,1.2721,-0.1313,0.4561,0.8802
66.1180,123.60,49.4099,35.7881,14.7146,332.8349,351.4814,357.4221,-0.2557,0.5042,1.1868,-0.1318,0.4566,0.8799
66.1380,123.60,49.4053,35.7976,14.7366,332.8184,351.4445,357.4476,-0.2344,0.4769,1.1017,-0.1323,0.4568,0.8797
66.1580,123.60,49.4010,35.8066,14.7569,332.8129,351.4057,357.4747,-0.2133,0.4498,1.0169,-0.1329,0.4569,0.8795
66.1780,123.60,49.3971,35.8150,14.7756,332.8182,351.3648,357.5033,-0.1923,0.4230,0.9324,-0.1336,0.4568,0.8795
66.1980,123.60,49.3937,35.8230,14.7925,332.8342,351.3221,357.5332,-0.1714,0.3964,0.8482,-0.1342,0.4566,0.8795
66.2180,123.60,49.3907,35.8304,14.8078,332.8606,351.2777,357.5644,-0.1506,0.3702,0.7643,-0.1349,0.4562,0.8796
66.2380,123.60,49.3881,35.8373,14.8214,332.8973,351.2316,357.5967,-0.1300,0.3444,0.6808,-0.1357,0.4556,0.8798
66.2580,123.60,49.3859,35.8436,14.8334,332.9441,351.1841,357.6300,-0.1094,0.3188,0.5977,-0.1365,0.4549,0.8800
66.2780,123.60,49.3841,35.8495,14.8437,333.0007,351.1352,357.6642,-0.0890,0.2936,0.5150,-0.1373,0.4540,0.8804
66.2980,123.60,49.3828,35.8549,14.8523,333.0671,351.0850,357.6992,-0.0688,0.2688,0.4327,-0.1382,0.4529,0.8808
66.3180,123.60,49.3818,35.8598,14.8594,333.1429,351.0337,357.7349,-0.0486,0.2444,0.3509,-0.1390,0.4518,0.8812
66.3380,123.60,49.3812,35.8642,14.8648,333.2281,350.9813,357.7711,-0.0286,0.2204,0.2696,-0.1400,0.4504,0.8818
66.3580,123.60,49.3810,35.8681,14.8685,333.3224,350.9281,357.8078,-0.0088,0.1967,0.1887,-0.1409,0.4490,0.8824
66.3780,123.60,49.3813,35.8716,14.8707,333.4256,350.8742,357.8449,0.0109,0.1735,0.1084,-0.1418,0.4474,0.8830
66.3980,123.60,49.3819,35.8746,14.8713,333.5375,350.8196,357.8824,0.0305,0.1507,0.0286,-0.1428,0.4456,0.8838
66.4180,119.67,49.3829,35.8772,14.8703,333.6580,350.7645,357.9200,0.0499,0.1284,-0.0506,-0.1438,0.4437,0.8845
66.4380,119.67,49.3842,35.8793,14.8677,333.7867,350.7090,357.9576,0.0691,0.1064,-0.1293,-0.1448,0.4417,0.8854
66.4580,119.67,49.3860,35.8810,14.8635,333.9236,350.6533,357.9954,0.0882,0.0850,-0.2073,-0.1459,0.4396,0.8863
66.4780,119.67,49.3882,35.8823,14.8578,334.0684,350.5974,358.0331,0.1071,0.0640,-0.2847,-0.1469,0.4373,0.8872
66.4980,119.67,49.3907,35.8831,14.8506,334.2209,350.5414,358.0707,0.1259,0.0434,-0.3615,-0.1480,0.4349,0.8882
66.5180,119.67,49.3936,35.8836,14.8418,334.3810,350.4856,358.1081,0.1445,0.0233,-0.4375,-0.1490,0.4324,0.8893
66.5380,119.67,49.3968,35.8837,14.8316,334.5483,350.4299,358.1452,0.1629,0.0037,-0.5129,-0.1501,0.4297,0.8904
66.5580,119.67,49.4004,35.8834,14.8198,334.7228,350.3746,358.1821,0.1811,-0.0154,-0.5876,-0.1512,0.4270,0.8915
66.5780,119.67,49.4044,35.8827,14.8066,334.9041,350.3196,358.2186,0.1991,-0.0340,-0.6615,-0.1523,0.4241,0.8927
66.5980,119.67,49.4088,35.8817,14.7919,335.0922,350.2651,358.2547,0.2170,-0.0522,-0.7346,-0.1534,0.4212,0.8939
66.6180,119.67,49.4135,35.8803,14.7758,335.2867,350.2112,358.2903,0.2346,-0.0698,-0.8070,-0.1544,0.4181,0.8952
66.6380,119.67,49.4185,35.8785,14.7582,335.4875,350.1580,358.3255,0.2521,-0.0870,-0.8785,-0.1555,0.4149,0.8965
66.6580,119.67,49.4239,35.8765,14.7392,335.6944,350.1055,358.3601,0.2694,-0.1036,-0.9492,-0.1566,0.4116,0.8978
66.6780,119.67,49.4296,35.8741,14.7188,335.9072,350.0539,358.3943,0.2864,-0.1198,-1.0191,-0.1577,0.4082,0.8992
66.6980,119.67,49.4357,35.8714,14.6971,336.1256,350.0032,358.4278,0.3033,-0.1355,-1.0881,-0.1587,0.4047,0.9006
66.7180,119.67,49.4421,35.8683,14.6740,336.3495,349.9535,358.4608,0.3199,-0.1507,-1.1562,-0.1598,0.4012,0.9020
66.7380,119.67,49.4488,35.8650,14.6495,336.5786,349.9049,358.4932,0.3363,-0.1654,-1.2234,-0.1608,0.3975,0.9034
66.7580,119.67,49.4559,35.8614,14.6237,336.8128,349.8574,358.5249,0.3526,-0.1796,-1.2897,-0.1619,0.3937,0.9049
66.7780,119.67,49.4632,35.8576,14.5966,337.0519,349.8110,358.5561,0.3685,-0.1933,-1.3550,-0.1629,0.3899,0.9063
66.7980,119.67,49.4709,35.8535,14.5682,337.2956,349.7659,358.5866,0.3843,-0.2066,-1.4194,-0.1639,0.3860,0.9078
66.8180,119.67,49.4789,35.8491,14.5385,337.5438,349.7220,358.6165,0.3998,-0.2193,-1.4829,-0.1649,0.3820,0.9093
66.8380,119.67,49.4872,35.8444,14.5076,337.7962,349.6795,358.6459,0.4151,-0.2316,-1.5453,-0.1659,0.3779,0.9109
66.8580,119.67,49.4958,35.8396,14.4755,338.0527,349.6383,358.6746,0.4302,-0.2434,-1.6068,-0.1668,0.3738,0.9124
66.8780,119.67,49.5047,35.8345,14.4422,338.3131,349.5985,358.7027,0.4450,-0.2548,-1.6673,-0.1678,0.3695,0.9139
66.8980,119.67,49.5139,35.8292,14.4076,338.5772,349.5601,358.7302,0.4596,-0.2657,-1.7267,-0.1687,0.3652,0.9155
66.9180,119.67,49.5234,35.8237,14.3719,338.8447,349.5231,358.7572,0.4740,-0.2761,-1.7852,-0.1696,0.3609,0.9171
66.9380,119.67,49.5332,35.8179,14.3351,339.1156,349.4876,358.7836,0.4880,-0.2861,-1.8425,-0.1705,0.3565,0.9186
66.9580,119.67,49.5432,35.8120,14.2971,339.3896,349.4536,358.8095,0.5019,-0.2957,-1.8989,-0.1713,0.3520,0.9202
66.9780,119.67,49.5535,35.8059,14.2580,339.6665,349.4211,358.8348,0.5155,-0.3048,-1.9542,-0.1722,0.3475,0.9217
66.9980,119.67,49.5641,35.7997,14.2178,339.9461,349.3900,358.8597,0.5288,-0.3135,-2.0084,-0.1730,0.3429,0.9233
67.0180,119.67,49.5749,35.7932,14.1766,340.2284,349.3604,358.8841,0.5419,-0.3217,-2.0615,-0.1737,0.3383,0.9249
67.0380,119.67,49.5860,35.7866,14.1343,340.5130,349.3323,358.9080,0.5547,-0.3296,-2.1136,-0.1745,0.3336,0.9264
67.0580,119.67,49.5974,35.7799,14.0910,340.7999,349.3057,358.9315,0.5673,-0.3371,-2.1646,-0.1752,0.3289,0.9280
67.0780,119.67,49.6089,35.7730,14.0467,341.0888,349.2805,358.9546,0.5795,-0.3441,-2.2144,-0.1760,0.3241,0.9295
67.0980,119.67,49.6208,35.7660,14.0015,341.3796,349.2569,358.9773,0.5916,-0.3508,-2.2632,-0.1766,0.3193,0.9310
67.1180,119.67,49.6328,35.7589,13.9553,341.6721,349.2347,358.9996,0.6033,-0.3571,-2.3109,-0.1773,0.3145,0.9326
67.1380,119.67,49.6451,35.7516,13.9081,341.9661,349.2139,359.0216,0.6148,-0.3630,-2.3575,-0.1779,0.3096,0.9341
67.1580,119.67,49.6577,35.7443,13.8601,342.2616,349.1946,359.0433,0.6260,-0.3686,-2.4030,-0.1786,0.3047,0.9356
67.1780,119.67,49.6704,35.7368,13.8111,342.5582,349.1767,359.0647,0.6369,-0.3738,-2.4474,-0.1791,0.2997,0.9371
67.1980,119.67,49.6833,35.7292,13.7613,342.8560,349.1601,359.0858,0.6476,-0.3787,-2.4907,-0.1797,0.2948,0.9385
67.2180,119.67,49.6965,35.7215,13.7106,343.1546,349.1449,359.1067,0.6580,-0.3833,-2.5328,-0.1802,0.2898,0.9400
67.2380,119.67,49.7099,35.7138,13.6592,343.4541,349.1311,359.1273,0.6681,-0.3875,-2.5739,-0.1808,0.2848,0.9414
67.2580,119.67,49.7234,35.7060,13.6069,343.7542,349.1185,359.1478,0.6779,-0.3914,-2.6138,-0.1812,0.2798,0.9428
67.2780,119.67,49.7372,35.6981,13.5538,344.0547,349.1072,359.1680,0.6874,-0.3950,-2.6527,-0.1817,0.2747,0.9442
67.2980,119.67,49.7511,35.6901,13.5000,344.3556,349.0972,359.1881,0.6967,-0.3983,-2.6904,-0.1821,0.2697,0.9456
67.3180,119.67,49.7652,35.6821,13.4455,344.6566,349.0884,359.2080,0.7057,-0.4014,-2.7270,-0.1825,0.2646,0.9469
67.3380,119.67,49.7795,35.6740,13.3902,344.9578,349.0808,359.2278,0.7144,-0.4041,-2.7625,-0.1829,0.2595,0.9483
67.3580,119.67,49.7940,35.6659,13.3343,345.2588,349.0744,359.2474,0.7228,-0.4066,-2.7970,-0.1833,0.2545,0.9496
67.3780,119.67,49.8086,35.6577,13.2777,345.5597,349.0690,359.2669,0.7309,-0.4089,-2.8303,-0.1836,0.2494,0.9508
67.3980,119.67,49.8234,35.6495,13.2204,345.8602,349.0648,359.2863,0.7388,-0.4109,-2.8625,-0.1840,0.2443,0.9521
67.4180,119.27,49.8383,35.6412,13.1626,346.1603,349.0616,359.3057,0.7464,-0.4126,-2.8937,-0.1842,0.2392,0.9533
67.4380,119.27,49.8534,35.6330,13.1041,346.4598,349.0595,359.3249,0.7537,-0.4141,-2.9238,-0.1845,0.2341,0.9545
67.4580,119.27,49.8686,35.6247,13.0450,346.7586,349.0583,359.3441,0.7607,-0.4154,-2.9528,-0.1848,0.2291,0.9557
67.4780,119.27,49.8839,35.6163,12.9854,347.0566,349.0581,359.3632,0.7674,-0.4165,-2.9807,-0.1850,0.2240,0.9569
67.4980,119.27,49.8994,35.6080,12.9253,347.3537,349.0588,359.3822,0.7739,-0.4174,-3.0076,-0.1852,0.2189,0.9580
67.5180,119.27,49.9150,35.5996,12.8646,347.6497,349.0605,359.4012,0.7801,-0.4181,-3.0334,-0.1854,0.2139,0.9591
67.5380,119.27,49.9307,35.5913,12.8034,347.9447,349.0629,359.4201,0.7860,-0.4186,-3.0582,-0.1855,0.2089,0.9602
67.5580,119.27,49.9466,35.5829,12.7418,348.2383,349.0662,359.4390,0.7917,-0.4190,-3.0819,-0.1857,0.2038,0.9612
67.5780,119.27,49.9625,35.5745,12.6797,348.5307,349.0703,359.4578,0.7970,-0.4191,-3.1046,-0.1858,0.1988,0.9623
67.5980,119.27,49.9786,35.5661,12.6172,348.8216,349.0751,359.4766,0.8021,-0.4191,-3.1263,-0.1859,0.1939,0.9632
67.6180,119.27,49.9947,35.5577,12.5542,349.1110,349.0807,359.4953,0.8070,-0.4190,-3.1470,-0.1860,0.1889,0.9642
67.6380,119.27,50.0109,35.5494,12.4909,349.3987,349.0869,359.5140,0.8115,-0.4187,-3.1667,-0.1861,0.1840,0.9652
67.6580,119.27,50.0272,35.5410,12.4272,349.6848,349.0938,359.5326,0.8158,-0.4183,-3.1854,-0.1861,0.1791,0.9661
67.6780,119.27,50.0436,35.5327,12.3631,349.9690,349.1014,359.5512,0.8199,-0.4177,-3.2031,-0.1862,0.1742,0.9670
67.6980,119.27,50.0601,35.5243,12.2987,350.2513,349.1095,359.5697,0.8237,-0.4170,-3.2198,-0.1862,0.1693,0.9678
67.7180,119.27,50.0767,35.5160,12.2340,350.5317,349.1182,359.5882,0.8272,-0.4162,-3.2355,-0.1862,0.1645,0.9686
67.7380,119.27,50.0933,35.5077,12.1690,350.8101,349.1275,359.6066,0.8305,-0.4153,-3.2503,-0.1862,0.1597,0.9694
67.7580,119.27,50.1099,35.4994,12.1037,351.0863,349.1372,359.6249,0.8335,-0.4143,-3.2642,-0.1862,0.1549,0.9702
67.7780,119.27,50.1267,35.4912,12.0382,351.3603,349.1475,359.6432,0.8363,-0.4133,-3.2771,-0.1861,0.1502,0.9710
67.7980,119.27,50.1434,35.4829,11.9724,351.6321,349.1582,359.6614,0.8388,-0.4121,-3.2892,-0.1861,0.1455,0.9717
67.8180,119.27,50.1603,35.4747,11.9064,351.9016,349.1693,359.6795,0.8411,-0.4108,-3.3003,-0.1860,0.1409,0.9724
67.8380,119.27,50.1771,35.4665,11.8402,352.1686,349.1808,359.6976,0.8431,-0.4095,-3.3105,-0.1860,0.1363,0.9731
67.8580,119.27,50.1940,35.4584,11.7738,352.4333,349.1927,359.7155,0.8449,-0.4081,-3.3198,-0.1859,0.1317,0.9737
67.8780,119.27,50.2110,35.4502,11.7072,352.6953,349.2050,359.7334,0.8465,-0.4066,-3.3283,-0.1858,0.1271,0.9743
67.8980,119.27,50.2279,35.4421,11.6405,352.9549,349.2176,359.7511,0.8479,-0.4050,-3.3359,-0.1857,0.1227,0.9749
67.9180,119.27,50.2449,35.4341,11.5736,353.2118,349.2304,359.7687,0.8490,-0.4035,-3.3427,-0.1855,0.1182,0.9755
67.9380,119.27,50.2619,35.4260,11.5067,353.4661,349.2436,359.7862,0.8499,-0.4018,-3.3486,-0.1854,0.1138,0.9760
67.9580,119.27,50.2789,35.4180,11.4396,353.7177,349.2570,359.8036,0.8506,-0.4001,-3.3537,-0.1853,0.1094,0.9766
67.9780,119.27,50.2959,35.4101,11.3724,353.9664,349.2707,359.8208,0.8511,-0.3984,-3.3580,-0.1851,0.1051,0.9771
67.9980,119.27,50.3129,35.4021,11.3052,354.2124,349.2845,359.8379,0.8513,-0.3967,-3.3615,-0.1850,0.1008,0.9776
68.0180,119.27,50.3300,35.3942,11.2379,354.4555,349.2986,359.8548,0.8514,-0.3949,-3.3642,-0.1848,0.0966,0.9780
68.0380,119.27,50.3470,35.3864,11.1706,354.6958,349.3128,359.8716,0.8512,-0.3931,-3.3662,-0.1847,0.0924,0.9784
68.0580,119.27,50.3640,35.3785,11.1033,354.9331,349.3272,359.8882,0.8508,-0.3912,-3.3674,-0.1845,0.0883,0.9789
68.0780,119.27,50.3810,35.3708,11.0359,355.1674,349.3417,359.9047,0.8503,-0.3894,-3.3678,-0.1843,0.0842,0.9793
68.0980,119.27,50.3980,35.3630,10.9685,355.3988,349.3564,359.9210,0.8495,-0.3875,-3.3676,-0.1841,0.0802,0.9796
68.1180,119.27,50.4150,35.3553,10.9012,355.6272,349.3711,359.9370,0.8486,-0.3856,-3.3666,-0.1839,0.0762,0.9800
68.1380,119.27,50.4319,35.3476,10.8339,355.8525,349.3859,359.9529,0.8475,-0.3838,-3.3649,-0.1837,0.0723,0.9803
68.1580,119.27,50.4488,35.3400,10.7667,356.0747,349.4008,359.9686,0.8462,-0.3819,-3.3625,-0.1835,0.0685,0.9806
68.1780,119.27,50.4657,35.3324,10.6995,356.2939,349.4157,359.9841,0.8447,-0.3800,-3.3594,-0.1833,0.0646,0.9809
68.1980,119.27,50.4826,35.3248,10.6324,356.5099,349.4307,-0.0006,0.8430,-0.3781,-3.3557,-0.1831,0.0609,0.9812
68.2180,119.27,50.4994,35.3173,10.5653,356.7228,349.4457,0.0144,0.8412,-0.3762,-3.3514,-0.1829,0.0572,0.9815
68.2380,119.27,50.5162,35.3098,10.4984,356.9325,349.4607,0.0292,0.8392,-0.3743,-3.3464,-0.1826,0.0535,0.9817
68.2580,119.27,50.5330,35.3024,10.4316,357.1391,349.4756,0.0438,0.8371,-0.3724,-3.3407,-0.1824,0.0499,0.9820
68.2780,119.27,50.5496,35.2950,10.3649,357.3424,349.4906,0.0582,0.8347,-0.3705,-3.3345,-0.1822,0.0464,0.9822
68.2980,119.27,50.5663,35.2876,10.2984,357.5426,349.5055,0.0723,0.8323,-0.3687,-3.3277,-0.1820,0.0429,0.9824
68.3180,119.27,50.5829,35.2803,10.2319,357.7396,349.5204,0.0861,0.8297,-0.3668,-3.3202,-0.1817,0.0394,0.9826
68.3380,119.27,50.5994,35.2730,10.1657,357.9334,349.5352,0.0998,0.8269,-0.3650,-3.3123,-0.1815,0.0361,0.9827
68.3580,119.27,50.6159,35.2657,10.0996,358.1239,349.5499,0.1131,0.8240,-0.3632,-3.3037,-0.1813,0.0327,0.9829
68.3780,119.27,50.6323,35.2585,10.0337,358.3113,349.5645,0.1262,0.8209,-0.3614,-3.2946,-0.1810,0.0295,0.9830
68.3980,119.27,50.6487,35.2513,9.9680,358.4954,349.5791,0.1391,0.8178,-0.3597,-3.2850,-0.1808,0.0263,0.9832
68.4180,121.41,50.6650,35.2441,9.9025,358.6762,349.5935,0.1516,0.8144,-0.3579,-3.2749,-0.1806,0.0231,0.9833
68.4380,121.41,50.6812,35.2370,9.8373,358.8539,349.6078,0.1639,0.8110,-0.3562,-3.2643,-0.1803,0.0200,0.9834
68.4580,121.41,50.6973,35.2299,9.7722,359.0283,349.6220,0.1760,0.8074,-0.3545,-3.2531,-0.1801,0.0170,0.9835
68.4780,121.41,50.7134,35.2229,9.7074,359.1995,349.6361,0.1877,0.8038,-0.3528,-3.2415,-0.1799,0.0140,0.9836
68.4980,121.41,50.7294,35.2158,9.6428,359.3675,349.6500,0.1992,0.8000,-0.3512,-3.2294,-0.1796,0.0110,0.9837
68.5180,121.41,50.7453,35.2089,9.5784,359.5322,349.6638,0.2104,0.7960,-0.3495,-3.2169,-0.1794,0.0082,0.9837
68.5380,121.41,50.7612,35.2019,9.5144,359.6938,349.6774,0.2213,0.7920,-0.3479,-3.2039,-0.1792,0.0053,0.9838
68.5580,121.41,50.7769,35.1950,9.4505,359.8521,349.6909,0.2319,0.7879,-0.3464,-3.1905,-0.1790,0.0026,0.9839
68.5780,121.41,50.7926,35.1881,9.3870,0.0073,349.7041,0.2422,0.7837,-0.3448,-3.1767,-0.1787,-0.0001,0.9839
68.5980,121.41,50.8082,35.1812,9.3238,0.1593,349.7172,0.2523,0.7793,-0.3433,-3.1625,-0.1785,-0.0028,0.9839
68.6180,121.41,50.8237,35.1744,9.2608,0.3081,349.7301,0.2621,0.7749,-0.3418,-3.1478,-0.1783,-0.0054,0.9840
68.6380,121.41,50.8391,35.1676,9.1981,0.4538,349.7428,0.2715,0.7704,-0.3404,-3.1328,-0.1781,-0.0079,0.9840
68.6580,121.41,50.8544,35.1608,9.1358,0.5964,349.7554,0.2807,0.7658,-0.3389,-3.1175,-0.1778,-0.0104,0.9840
68.6780,121.41,50.8696,35.1540,9.0738,0.7358,349.7677,0.2896,0.7611,-0.3376,-3.1017,-0.1776,-0.0128,0.9840
68.6980,121.41,50.8848,35.1473,9.0121,0.8721,349.7798,0.2982,0.7563,-0.3362,-3.0856,-0.1774,-0.0152,0.9840
68.7180,121.41,50.8998,35.1406,8.9507,1.0054,349.7917,0.3066,0.7515,-0.3349,-3.0692,-0.1772,-0.0175,0.9840
68.7380,121.41,50.9147,35.1340,8.8896,1.1355,349.8033,0.3146,0.7466,-0.3335,-3.0525,-0.1770,-0.0198,0.9840
68.7580,121.41,50.9295,35.1273,8.8289,1.2626,349.8148,0.3224,0.7416,-0.3323,-3.0354,-0.1768,-0.0220,0.9840
68.7780,121.41,50.9443,35.1207,8.7685,1.3867,349.8260,0.3298,0.7365,-0.3310,-3.0180,-0.1766,-0.0242,0.9840
68.7980,121.41,50.9589,35.1141,8.7085,1.5078,349.8371,0.3370,0.7314,-0.3298,-3.0004,-0.1764,-0.0263,0.9840
68.8180,121.41,50.9734,35.1075,8.6489,1.6259,349.8478,0.3439,0.7262,-0.3286,-2.9824,-0.1762,-0.0284,0.9839
68.8380,121.41,50.9878,35.1010,8.5896,1.7411,349.8584,0.3506,0.7210,-0.3275,-2.9642,-0.1760,-0.0304,0.9839
68.8580,121.41,51.0022,35.0944,8.5307,1.8533,349.8687,0.3569,0.7156,-0.3263,-2.9458,-0.1758,-0.0323,0.9839
68.8780,121.41,51.0164,35.0879,8.4722,1.9626,349.8788,0.3630,0.7103,-0.3252,-2.9270,-0.1756,-0.0342,0.9839
68.8980,121.41,51.0305,35.0815,8.4140,2.0690,349.8886,0.3688,0.7049,-0.3242,-2.9081,-0.1754,-0.0361,0.9838
68.9180,121.41,51.0445,35.0750,8.3562,2.1725,349.8982,0.3744,0.6994,-0.3231,-2.8889,-0.1753,-0.0379,0.9838
68.9380,121.41,51.0583,35.0686,8.2988,2.2733,349.9076,0.3796,0.6939,-0.3221,-2.8695,-0.1751,-0.0397,0.9838
68.9580,121.41,51.0721,35.0621,8.2418,2.3712,349.9167,0.3846,0.6884,-0.3211,-2.8499,-0.1749,-0.0414,0.9837
68.9780,121.41,51.0858,35.0557,8.1852,2.4663,349.9256,0.3894,0.6828,-0.3201,-2.8300,-0.1748,-0.0430,0.9837
68.9980,121.41,51.0993,35.0493,8.1290,2.5587,349.9342,0.3939,0.6772,-0.3192,-2.8100,-0.1746,-0.0446,0.9836
69.0180,121.41,51.1127,35.0430,8.0732,2.6483,349.9426,0.3981,0.6715,-0.3183,-2.7898,-0.1744,-0.0462,0.9836
69.0380,121.41,51.1260,35.0366,8.0178,2.7353,349.9507,0.4021,0.6658,-0.3174,-2.7694,-0.1743,-0.0477,0.9835
69.0580,121.41,51.1392,35.0303,7.9629,2.8196,349.9586,0.4058,0.6601,-0.3165,-2.7489,-0.1741,-0.0492,0.9835
69.0780,121.41,51.1523,35.0240,7.9083,2.9013,349.9663,0.4093,0.6543,-0.3157,-2.7282,-0.1740,-0.0506,0.9834
69.0980,121.41,51.1653,35.0177,7.8542,2.9803,349.9737,0.4126,0.6486,-0.3148,-2.7074,-0.1739,-0.0520,0.9834
69.1180,121.41,51.1782,35.0114,7.8004,3.0568,349.9808,0.4156,0.6428,-0.3140,-2.6864,-0.1737,-0.0533,0.9833
69.1380,121.41,51.1909,35.0052,7.7471,3.1308,349.9878,0.4184,0.6370,-0.3133,-2.6653,-0.1736,-0.0546,0.9833
69.1580,121.41,51.2035,34.9989,7.6942,3.2022,349.9944,0.4210,0.6311,-0.3125,-2.6441,-0.1735,-0.0559,0.9833
69.1780,121.41,51.2160,34.9927,7.6418,3.2712,350.0009,0.4233,0.6253,-0.3118,-2.6227,-0.1733,-0.0571,0.9832
69.1980,121.41,51.2284,34.9881,7.5898,3.3549,350.0062,0.4260,0.6187,-0.2283,-2.6003,-0.1732,-0.0585,0.9831
69.2180,121.41,51.2407,34.9843,7.5382,3.4592,350.0102,0.4302,0.6134,-0.1898,-2.5812,-0.1732,-0.0603,0.9830
69.2380,121.41,51.2528,34.9817,7.4870,3.5796,350.0130,0.4352,0.6073,-0.1280,-2.5596,-0.1731,-0.0624,0.9829
69.2580,121.41,51.2648,34.9801,7.4362,3.7172,350.0148,0.4413,0.6015,-0.0799,-2.5387,-0.1730,-0.0648,0.9828
69.2780,121.41,51.2767,34.9796,7.3859,3.8701,350.0155,0.4483,0.5953,-0.0254,-2.5165,-0.1730,-0.0675,0.9826
69.2980,121.41,51.2885,34.9801,7.3360,4.0382,350.0154,0.4563,0.5891,0.0245,-2.4940,-0.1730,-0.0704,0.9824
69.3180,121.41,51.3002,34.9798,7.2865,4.2031,350.0153,0.4638,0.5835,-0.0143,-2.4733,-0.1729,-0.0733,0.9822
69.3380,121.41,51.3117,34.9804,7.2376,4.3596,350.0155,0.4705,0.5760,0.0272,-2.4454,-0.1729,-0.0760,0.9820
69.3580,121.41,51.3231,34.9803,7.1891,4.5115,350.0158,0.4768,0.5702,-0.0061,-2.4234,-0.1728,-0.0787,0.9818
69.3780,121.41,51.3344,34.9809,7.1412,4.6554,350.0165,0.4823,0.5626,0.0298,-2.3951,-0.1728,-0.0812,0.9816
69.3980,121.41,51.3455,34.9809,7.0938,4.7945,350.0172,0.4873,0.5566,0.0010,-2.3722,-0.1727,-0.0836,0.9814
69.4180,120.99,51.3565,34.9815,7.0469,4.9260,350.0182,0.4917,0.5490,0.0322,-2.3436,-0.1727,-0.0859,0.9812
69.4380,120.99,51.3673,34.9817,7.0005,5.0527,350.0193,0.4956,0.5427,0.0073,-2.3198,-0.1726,-0.0881,0.9810
69.4580,120.99,51.3780,34.9836,6.9547,5.1888,350.0198,0.4994,0.5344,0.0977,-2.2890,-0.1726,-0.0904,0.9808
69.4780,120.99,51.3886,34.9861,6.9094,5.3434,350.0191,0.5049,0.5282,0.1229,-2.2651,-0.1726,-0.0931,0.9806
69.4980,120.99,51.3990,34.9898,6.8647,5.5102,350.0178,0.5110,0.5206,0.1848,-2.2362,-0.1725,-0.0960,0.9803
69.5180,120.99,51.4093,34.9943,6.8205,5.6917,350.0155,0.5182,0.5136,0.2243,-2.2094,-0.1725,-0.0992,0.9800
69.5380,120.99,51.4194,34.9998,6.7769,5.8854,350.0126,0.5260,0.5059,0.2758,-2.1802,-0.1725,-0.1025,0.9797
69.5580,120.99,51.4294,35.0043,6.7338,6.0708,350.0102,0.5333,0.4999,0.2234,-2.1566,-0.1725,-0.1058,0.9793
69.5780,120.99,51.4392,35.0096,6.6914,6.2437,350.0084,0.5397,0.4910,0.2671,-2.1219,-0.1725,-0.1088,0.9790
69.5980,120.99,51.4489,35.0140,6.6494,6.4073,350.0070,0.5454,0.4846,0.2204,-2.0968,-0.1724,-0.1116,0.9787
69.6180,120.99,51.4584,35.0192,6.6082,6.5591,350.0063,0.5503,0.4756,0.2585,-2.0619,-0.1724,-0.1142,0.9784
69.6380,120.99,51.4678,35.0235,6.5675,6.7017,350.0059,0.5546,0.4690,0.2168,-2.0359,-0.1724,-0.1167,0.9781
69.6580,120.99,51.4770,35.0297,6.5275,6.8509,350.0052,0.5585,0.4590,0.3117,-1.9974,-0.1723,-0.1193,0.9778
69.6780,120.99,51.4860,35.0363,6.4881,7.0183,350.0033,0.5644,0.4523,0.3261,-1.9700,-0.1723,-0.1222,0.9774
69.6980,120.99,51.4949,35.0440,6.4494,7.1957,350.0009,0.5705,0.4433,0.3888,-1.9348,-0.1723,-0.1253,0.9771
69.7180,120.99,51.5036,35.0525,6.4114,7.3872,349.9977,0.5778,0.4354,0.4207,-1.9035,-0.1722,-0.1286,0.9766
69.7380,120.99,51.5121,35.0619,6.3740,7.5892,349.9939,0.5857,0.4266,0.4707,-1.8686,-0.1722,-0.1321,0.9762
69.7580,120.99,51.5205,35.0701,6.3371,7.7783,349.9909,0.5927,0.4201,0.4106,-1.8424,-0.1722,-0.1353,0.9757
69.7780,120.99,51.5287,35.0792,6.3011,7.9521,349.9888,0.5989,0.4100,0.4532,-1.8019,-0.1722,-0.1383,0.9753
69.7980,120.99,51.5368,35.0871,6.2656,8.1121,349.9874,0.6042,0.4031,0.3992,-1.7742,-0.1721,-0.1411,0.9749
69.8180,120.99,51.5447,35.0959,6.2309,8.2577,349.9868,0.6086,0.3930,0.4360,-1.7337,-0.1721,-0.1436,0.9746
69.8380,120.99,51.5524,35.1036,6.1968,8.3902,349.9867,0.6122,0.3859,0.3875,-1.7050,-0.1720,-0.1459,0.9742
69.8580,120.99,51.5599,35.1120,6.1635,8.5093,349.9873,0.6151,0.3759,0.4191,-1.6647,-0.1720,-0.1480,0.9739
69.8780,120.99,51.5673,35.1195,6.1308,8.6160,349.9885,0.6171,0.3686,0.3756,-1.6351,-0.1719,-0.1498,0.9737
69.8980,120.99,51.5744,35.1276,6.0989,8.7102,349.9901,0.6183,0.3587,0.4025,-1.5951,-0.1718,-0.1514,0.9734
69.9180,120.99,51.5814,35.1366,6.0678,8.8185,349.9909,0.6200,0.3492,0.4534,-1.5569,-0.1718,-0.1533,0.9731
69.9380,120.99,51.5882,35.1464,6.0374,8.9427,349.9906,0.6227,0.3404,0.4880,-1.5211,-0.1717,-0.1554,0.9728
69.9580,120.99,51.5949,35.1570,6.0077,9.0803,349.9895,0.6260,0.3311,0.5324,-1.4831,-0.1717,-0.1578,0.9724
69.9780,120.99,51.6013,35.1684,5.9788,9.2316,349.9875,0.6301,0.3220,0.5690,-1.4458,-0.1716,-0.1604,0.9720
69.9980,120.99,51.6075,35.1806,5.9507,9.3955,349.9848,0.6349,0.3125,0.6097,-1.4072,-0.1716,-0.1632,0.9716
70.0180,120.99,51.6137,35.1916,5.9231,9.5428,349.9831,0.6387,0.3055,0.5518,-1.3780,-0.1715,-0.1658,0.9711
70.0380,120.99,51.6195,35.2034,5.8964,9.6735,349.9822,0.6418,0.2946,0.5857,-1.3335,-0.1715,-0.1680,0.9708
70.0580,120.99,51.6253,35.2140,5.8704,9.7873,349.9821,0.6439,0.2872,0.5345,-1.3028,-0.1714,-0.1700,0.9704
70.0780,120.99,51.6308,35.2253,5.8452,9.8858,349.9828,0.6453,0.2766,0.5624,-1.2590,-0.1714,-0.1717,0.9701
70.0980,120.99,51.6362,35.2356,5.8207,9.9684,349.9842,0.6457,0.2689,0.5171,-1.2273,-0.1713,-0.1731,0.9699
70.1180,120.99,51.6414,35.2464,5.7970,10.0367,349.9862,0.6454,0.2585,0.5397,-1.1843,-0.1712,-0.1743,0.9697
70.1380,120.99,51.6463,35.2582,5.7741,10.1197,349.9873,0.6454,0.2485,0.5873,-1.1429,-0.1712,-0.1757,0.9694
70.1580,120.99,51.6511,35.2705,5.7520,10.2193,349.9872,0.6463,0.2393,0.6177,-1.1048,-0.1711,-0.1774,0.9691
70.1780,120.99,51.6557,35.2837,5.7307,10.3329,349.9863,0.6478,0.2295,0.6593,-1.0638,-0.1711,-0.1794,0.9688
70.1980,120.99,51.6601,35.2976,5.7102,10.4611,349.9844,0.6500,0.2201,0.6917,-1.0244,-0.1710,-0.1816,0.9684
70.2180,120.99,51.6643,35.3121,5.6906,10.6022,349.9818,0.6528,0.2102,0.7296,-0.9832,-0.1710,-0.1840,0.9679
70.2380,120.99,51.6684,35.3256,5.6715,10.7237,349.9802,0.6548,0.2029,0.6705,-0.9525,-0.1709,-0.1861,0.9676
70.2580,120.99,51.6722,35.3396,5.6534,10.8272,349.9796,0.6559,0.1917,0.7008,-0.9055,-0.1709,-0.1878,0.9672
70.2780,120.99,51.6759,35.3526,5.6360,10.9109,349.9799,0.6561,0.1840,0.6500,-0.8731,-0.1708,-0.1893,0.9669
70.2980,120.99,51.6794,35.3660,5.6194,10.9781,349.9811,0.6555,0.1732,0.6731,-0.8274,-0.1708,-0.1904,0.9667
70.3180,120.99,51.6826,35.3802,5.6037,11.0588,349.9814,0.6550,0.1632,0.7087,-0.7856,-0.1707,-0.1918,0.9665
70.3380,120.99,51.6857,35.3950,5.5888,11.1544,349.9807,0.6550,0.1536,0.7385,-0.7450,-0.1707,-0.1935,0.9661
70.3580,120.99,51.6886,35.4104,5.5747,11.2634,349.9792,0.6554,0.1437,0.7709,-0.7033,-0.1707,-0.1953,0.9658
70.3780,120.99,51.6913,35.4264,5.5615,11.3854,349.9770,0.6562,0.1339,0.7997,-0.6620,-0.1706,-0.1974,0.9654
70.3980,120.99,51.6937,35.4430,5.5491,11.5192,349.9741,0.6574,0.1240,0.8293,-0.6200,-0.1706,-0.1997,0.9649
70.4180,120.99,51.6960,35.4601,5.5375,11.6643,349.9706,0.6589,0.1141,0.8564,-0.5780,-0.1706,-0.2022,0.9644
70.4380,122.63,51.6981,35.4778,5.5268,11.8197,349.9665,0.6606,0.1041,0.8836,-0.5354,-0.1705,-0.2048,0.9638
70.4580,122.63,51.7000,35.4960,5.5170,11.9847,349.9620,0.6625,0.0941,0.9088,-0.4925,-0.1705,-0.2077,0.9632
70.4780,122.63,51.7017,35.5146,5.5080,12.1586,349.9572,0.6647,0.0840,0.9336,-0.4492,-0.1705,-0.2106,0.9626
70.4980,122.63,51.7031,35.5338,5.4999,12.3407,349.9519,0.6669,0.0738,0.9568,-0.4055,-0.1704,-0.2137,0.9619
70.5180,122.63,51.7044,35.5534,5.4927,12.5301,349.9465,0.6693,0.0635,0.9793,-0.3613,-0.1704,-0.2170,0.9612
70.5380,122.63,51.7055,35.5734,5.4863,12.7264,349.9408,0.6717,0.0531,1.0004,-0.3167,-0.1704,-0.2203,0.9604
70.5580,122.63,51.7063,35.5938,5.4809,12.9288,349.9350,0.6740,0.0426,1.0207,-0.2716,-0.1703,-0.2237,0.9596
70.5780,122.63,51.7070,35.6132,5.4762,13.1016,349.9310,0.6756,0.0340,0.9711,-0.2339,-0.1703,-0.2267,0.9590
70.5980,122.63,51.7074,35.6329,5.4726,13.2486,349.9284,0.6763,0.0222,0.9835,-0.1828,-0.1702,-0.2292,0.9584
70.6180,122.63,51.7077,35.6517,5.4697,13.3671,349.9275,0.6762,0.0131,0.9434,-0.1428,-0.1702,-0.2312,0.9579
70.6380,122.63,51.7077,35.6707,5.4678,13.4613,349.9279,0.6752,0.0017,0.9484,-0.0932,-0.1701,-0.2328,0.9575
70.6580,122.63,51.7076,35.6890,5.4668,13.5296,349.9297,0.6734,-0.0077,0.9156,-0.0519,-0.1700,-0.2339,0.9573
70.6780,122.63,51.7072,35.7073,5.4667,13.5753,349.9325,0.6707,-0.0187,0.9152,-0.0037,-0.1699,-0.2347,0.9571
70.6980,122.63,51.7067,35.7267,5.4679,13.5960,349.9272,0.6922,-0.0269,0.9672,0.0584,-0.1700,-0.2351,0.9570
70.7180,122.63,51.7060,35.7464,5.4702,13.5894,349.9132,0.7408,-0.0329,0.9872,0.1135,-0.1702,-0.2350,0.9570
70.7380,122.63,51.7052,35.7669,5.4736,13.5587,349.8923,0.8135,-0.0407,1.0261,0.1719,-0.1706,-0.2344,0.9570
70.7580,122.63,51.7042,35.7880,5.4782,13.5035,349.8646,0.9108,-0.0480,1.0529,0.2272,-0.1711,-0.2335,0.9572
70.7780,122.63,51.7031,35.8097,5.4838,13.4259,349.8312,1.0312,-0.0563,1.0865,0.2832,-0.1717,-0.2322,0.9574
70.7980,122.63,51.7018,35.8320,5.4906,13.3261,349.7925,1.1744,-0.0649,1.1155,0.3373,-0.1724,-0.2305,0.9577
70.8180,122.63,51.7003,35.8550,5.4984,13.2057,349.7493,1.3392,-0.0743,1.1469,0.3911,-0.1733,-0.2284,0.9580
70.8380,122.63,51.6986,35.8785,5.5073,13.0652,349.7020,1.5252,-0.0843,1.1763,0.4434,-0.1741,-0.2261,0.9584
70.8580,122.63,51.6967,35.9026,5.5171,12.9057,349.6511,1.7314,-0.0951,1.2064,0.4948,-0.1751,-0.2233,0.9589
70.8780,122.63,51.6946,35.9274,5.5280,12.7282,349.5972,1.9573,-0.1067,1.2356,0.5448,-0.1761,-0.2203,0.9594
70.8980,122.63,51.6922,35.9527,5.5399,12.5334,349.5406,2.2019,-0.1192,1.2649,0.5936,-0.1772,-0.2170,0.9599
70.9180,122.63,51.6896,35.9769,5.5524,12.3207,349.4911,2.4356,-0.1327,1.2112,0.6225,-0.1782,-0.2134,0.9606
70.9380,122.63,51.6865,36.0014,5.5656,12.0982,349.4486,2.6584,-0.1517,1.2247,0.6628,-0.1791,-0.2096,0.9613
70.9580,122.63,51.6832,36.0251,5.5795,11.8614,349.4124,2.8688,-0.1671,1.1835,0.6919,-0.1798,-0.2055,0.9620
70.9780,122.63,51.6795,36.0488,5.5940,11.6155,349.3819,3.0680,-0.1864,1.1874,0.7279,-0.1805,-0.2013,0.9627
70.9980,122.63,51.6754,36.0719,5.6091,11.3578,349.3567,3.2550,-0.2030,1.1548,0.7563,-0.1811,-0.1969,0.9635
71.0180,122.63,51.6710,36.0950,5.6249,11.0918,349.3362,3.4308,-0.2224,1.1526,0.7888,-0.1816,-0.1924,0.9644
71.0380,122.63,51.6662,36.1175,5.6412,10.8158,349.3200,3.5945,-0.2400,1.1258,0.8159,-0.1820,-0.1877,0.9652
71.0580,122.63,51.6610,36.1399,5.6582,10.5325,349.3077,3.7469,-0.2595,1.1197,0.8453,-0.1824,-0.1828,0.9661
71.0780,122.63,51.6554,36.1634,5.6759,10.2405,349.2918,3.9170,-0.2790,1.1740,0.8853,-0.1828,-0.1778,0.9669
71.0980,122.63,51.6495,36.1872,5.6942,9.9367,349.2709,4.1088,-0.2941,1.1889,0.9183,-0.1834,-0.1726,0.9678
71.1180,122.63,51.6432,36.2117,5.7133,9.6242,349.2468,4.3185,-0.3130,1.2291,0.9530,-0.1840,-0.1672,0.9686
71.1380,122.63,51.6366,36.2368,5.7330,9.3021,349.2193,4.5476,-0.3304,1.2517,0.9839,-0.1846,-0.1616,0.9694
71.1580,122.63,51.6296,36.2625,5.7533,8.9720,349.1893,4.7937,-0.3499,1.2855,1.0144,-0.1853,-0.1560,0.9702
71.1780,122.63,51.6223,36.2887,5.7741,8.6338,349.1568,5.0572,-0.3691,1.3110,1.0423,-0.1860,-0.1501,0.9710
71.1980,122.63,51.6145,36.3139,5.7952,8.2879,349.1284,5.3018,-0.3878,1.2599,1.0567,-0.1866,-0.1441,0.9718
71.2180,122.63,51.6062,36.3394,5.8168,7.9407,349.1046,5.5296,-0.4138,1.2729,1.0769,-0.1872,-0.1381,0.9726
71.2380,122.63,51.5975,36.3640,5.8386,7.5885,349.0846,5.7379,-0.4344,1.2326,1.0900,-0.1877,-0.1321,0.9733
71.2580,122.63,51.5883,36.3888,5.8607,7.2355,349.0683,5.9296,-0.4600,1.2370,1.1062,-0.1881,-0.1259,0.9740
71.2780,122.63,51.5787,36.4129,5.8831,6.8794,349.0552,6.1030,-0.4816,1.2043,1.1176,-0.1885,-0.1198,0.9747
71.2980,122.63,51.5686,36.4369,5.9057,6.5229,349.0452,6.2603,-0.5069,1.2029,1.1305,-0.1888,-0.1136,0.9754
71.3180,122.63,51.5580,36.4605,5.9285,6.1648,349.0378,6.4004,-0.5292,1.1755,1.1400,-0.1891,-0.1074,0.9761
71.3380,122.63,51.5469,36.4839,5.9515,5.8070,349.0330,6.5249,-0.5540,1.1703,1.1499,-0.1893,-0.1012,0.9767
71.3580,122.63,51.5354,36.5068,5.9746,5.4486,349.0304,6.6332,-0.5766,1.1466,1.1573,-0.1894,-0.0950,0.9773
71.3780,122.63,51.5233,36.5309,5.9980,5.0907,349.0279,6.7576,-0.6032,1.2043,1.1706,-0.1896,-0.0887,0.9778
71.3980,122.63,51.5109,36.5551,6.0216,4.7279,349.0236,6.9069,-0.6215,1.2119,1.1805,-0.1898,-0.0824,0.9784
71.4180,122.63,51.4979,36.5802,6.0454,4.3645,349.0193,7.0743,-0.6457,1.2517,1.1897,-0.1899,-0.0761,0.9788
71.4380,122.23,51.4846,36.6056,6.0694,3.9985,349.0143,7.2625,-0.6666,1.2686,1.1966,-0.1901,-0.0697,0.9793
71.4580,122.23,51.4708,36.6315,6.0934,3.6322,349.0097,7.4676,-0.6903,1.2988,1.2021,-0.1903,-0.0634,0.9797
71.4780,122.23,51.4566,36.6579,6.1175,3.2651,349.0053,7.6902,-0.7128,1.3184,1.2057,-0.1904,-0.0570,0.9801
71.4980,122.23,51.4419,36.6833,6.1416,2.8996,349.0017,7.8888,-0.7346,1.2698,1.2036,-0.1905,-0.0506,0.9804
71.5180,122.23,51.4266,36.7089,6.1656,2.5389,349.0000,8.0670,-0.7644,1.2808,1.2014,-0.1906,-0.0443,0.9807
71.5380,122.23,51.4108,36.7338,6.1896,2.1812,348.9991,8.2213,-0.7878,1.2414,1.1973,-0.1907,-0.0381,0.9809
71.5580,122.23,51.3945,36.7587,6.2134,1.8286,348.9998,8.3562,-0.8167,1.2451,1.1924,-0.1907,-0.0319,0.9811
71.5780,122.23,51.3777,36.7829,6.2371,1.4800,349.0015,8.4692,-0.8408,1.2123,1.1863,-0.1907,-0.0258,0.9813
71.5980,122.23,51.3602,36.8083,6.2607,1.1355,349.0063,8.5955,-0.8707,1.2666,1.1803,-0.1907,-0.0198,0.9815
71.6180,122.23,51.3425,36.8335,6.2842,0.7912,349.0131,8.7447,-0.8900,1.2627,1.1747,-0.1906,-0.0138,0.9816
71.6380,122.23,51.3241,36.8595,6.3076,0.4505,349.0229,8.9085,-0.9172,1.2987,1.1661,-0.1904,-0.0079,0.9817
71.6580,122.23,51.3053,36.8856,6.3307,0.1121,349.0351,9.0904,-0.9392,1.3038,1.1573,-0.1902,-0.0020,0.9817
71.6780,122.23,51.2860,36.9122,6.3536,359.7777,349.0503,9.2857,-0.9657,1.3297,1.1461,-0.1899,0.0039,0.9818
71.6980,122.23,51.2662,36.9390,6.3763,359.4470,349.0681,9.4957,-0.9896,1.3384,1.1343,-0.1896,0.0097,0.9818
71.7180,122.23,51.2459,36.9661,6.3987,359.1207,349.0888,9.7176,-1.0163,1.3582,1.1206,-0.1893,0.0153,0.9818
71.7380,122.23,51.2251,36.9935,6.4208,358.7990,349.1122,9.9514,-1.0417,1.3679,1.1061,-0.1888,0.0210,0.9818
71.7580,122.23,51.2037,37.0212,6.4426,358.4825,349.1385,10.1953,-1.0690,1.3834,1.0899,-0.1884,0.0265,0.9817
71.7780,122.23,51.1818,37.0490,6.4641,358.1713,349.1675,10.4489,-1.0959,1.3927,1.0728,-0.1878,0.0319,0.9817
71.7980,122.23,51.1593,37.0771,6.4852,357.8658,349.1992,10.7107,-1.1241,1.4050,1.0542,-0.1873,0.0372,0.9816
71.8180,122.23,51.1362,37.1043,6.5059,357.5691,349.2275,10.9390,-1.1514,1.3597,1.0366,-0.1867,0.0424,0.9815
71.8380,122.23,51.1125,37.1316,6.5262,357.2811,349.2537,11.1388,-1.1871,1.3647,1.0145,-0.1863,0.0474,0.9814
71.8580,122.23,51.0882,37.1582,6.5461,357.0021,349.2769,11.3066,-1.2165,1.3291,0.9947,-0.1858,0.0523,0.9812
71.8780,122.23,51.0631,37.1848,6.5655,356.7318,349.2984,11.4475,-1.2512,1.3268,0.9715,-0.1854,0.0570,0.9810
71.8980,122.23,51.0375,37.2107,6.5845,356.4705,349.3178,11.5594,-1.2815,1.2980,0.9498,-0.1850,0.0616,0.9808
71.9180,122.23,51.0112,37.2365,6.6030,356.2177,349.3358,11.6461,-1.3153,1.2910,0.9255,-0.1846,0.0660,0.9806
71.9380,122.23,50.9843,37.2626,6.6210,355.9711,349.3601,11.7444,-1.3453,1.3054,0.9000,-0.1842,0.0703,0.9804
71.9580,122.23,50.9569,37.2888,6.6385,355.7306,349.3908,11.8565,-1.3724,1.3065,0.8751,-0.1836,0.0744,0.9802
71.9780,122.23,50.9288,37.3151,6.6555,355.4965,349.4274,11.9802,-1.4021,1.3174,0.8483,-0.1829,0.0785,0.9800
71.9980,122.23,50.9002,37.3415,6.6719,355.2690,349.4698,12.1155,-1.4300,1.3191,0.8217,-0.1821,0.0825,0.9798
72.0180,122.23,50.8710,37.3681,6.6878,355.0484,349.5175,12.2607,-1.4599,1.3272,0.7936,-0.1813,0.0863,0.9796
72.0380,122.23,50.8412,37.3946,6.7031,354.8348,349.5705,12.4156,-1.4887,1.3288,0.7655,-0.1803,0.0900,0.9795
72.0580,122.23,50.8109,37.4213,6.7178,354.6286,349.6282,12.5787,-1.5190,1.3345,0.7362,-0.1792,0.0936,0.9793
72.0780,122.23,50.7799,37.4473,6.7320,354.4336,349.6806,12.7093,-1.5500,1.2992,0.7096,-0.1783,0.0970,0.9792
72.0980,122.23,50.7481,37.4733,6.7456,354.2484,349.7287,12.8117,-1.5875,1.2990,0.6784,-0.1774,0.1002,0.9790
72.1180,122.23,50.7157,37.4988,6.7586,354.0739,349.7722,12.8832,-1.6203,1.2728,0.6500,-0.1766,0.1032,0.9789
72.1380,122.23,50.6826,37.5241,6.7710,353.9090,349.8120,12.9280,-1.6565,1.2668,0.6188,-0.1759,0.1061,0.9787
72.1580,122.23,50.6488,37.5490,6.7827,353.7540,349.8481,12.9451,-1.6898,1.2462,0.5891,-0.1752,0.1088,0.9785
72.1780,122.23,50.6143,37.5743,6.7939,353.6048,349.8911,12.9731,-1.7223,1.2629,0.5555,-0.1744,0.1114,0.9783
72.1980,122.23,50.5794,37.5993,6.8044,353.4624,349.9420,13.0151,-1.7485,1.2525,0.5255,-0.1735,0.1139,0.9782
72.2180,122.23,50.5438,37.6246,6.8142,353.3260,349.9993,13.0682,-1.7799,1.2643,0.4918,-0.1725,0.1162,0.9781
72.2380,122.23,50.5076,37.6497,6.8234,353.1967,350.0633,13.1332,-1.8070,1.2566,0.4607,-0.1713,0.1185,0.9781
72.2580,122.23,50.4709,37.6750,6.8319,353.0740,350.1329,13.2080,-1.8380,1.2646,0.4269,-0.1701,0.1206,0.9780
72.2780,122.23,50.4335,37.7002,6.8398,352.9586,350.2083,13.2929,-1.8660,1.2586,0.3948,-0.1688,0.1226,0.9780
72.2980,122.23,50.3956,37.7255,6.8471,352.8500,350.2883,13.3863,-1.8970,1.2636,0.3608,-0.1674,0.1245,0.9780
72.3180,122.23,50.3570,37.7502,6.8537,352.7532,350.3611,13.4479,-1.9296,1.2353,0.3301,-0.1661,0.1261,0.9780
72.3380,122.23,50.3177,37.7749,6.8596,352.6660,350.4272,13.4819,-1.9676,1.2350,0.2953,-0.1649,0.1277,0.9780
72.3580,122.23,50.2776,37.7992,6.8648,352.5896,350.4868,13.4860,-2.0018,1.2157,0.2632,-0.1639,0.1290,0.9780
72.3780,122.23,50.2369,37.8234,6.8694,352.5223,350.5406,13.4638,-2.0381,1.2104,0.2292,-0.1630,0.1301,0.9780
72.3980,122.23,50.1955,37.8476,6.8733,352.4607,350.6009,13.4534,-2.0668,1.2091,0.1960,-0.1619,0.1312,0.9780
72.4180,122.23,50.1536,37.8718,6.8766,352.4047,350.6676,13.4553,-2.0954,1.2086,0.1627,-0.1607,0.1322,0.9781
72.4380,120.44,50.1111,37.8959,6.8792,352.3544,350.7401,13.4690,-2.1238,1.2072,0.1294,-0.1595,0.1330,0.9782
72.4580,120.44,50.0681,37.9200,6.8811,352.3101,350.8181,13.4937,-2.1524,1.2060,0.0961,-0.1581,0.1338,0.9783
72.4780,120.44,50.0245,37.9441,6.8824,352.2718,350.9007,13.5288,-2.1809,1.2042,0.0630,-0.1567,0.1345,0.9784
72.4980,120.44,49.9803,37.9682,6.8830,352.2395,350.9877,13.5735,-2.2097,1.2025,0.0298,-0.1552,0.1350,0.9786
72.5180,120.44,49.9354,37.9919,6.8829,352.2177,351.0660,13.5885,-2.2436,1.1847,-0.0021,-0.1539,0.1354,0.9788
72.5380,120.44,49.8898,38.0155,6.8822,352.2049,351.1361,13.5758,-2.2805,1.1824,-0.0363,-0.1527,0.1356,0.9789
72.5580,120.44,49.8435,38.0389,6.8808,352.2017,351.1983,13.5345,-2.3153,1.1706,-0.0687,-0.1516,0.1357,0.9791
72.5780,120.44,49.7965,38.0622,6.8788,352.2068,351.2531,13.4672,-2.3509,1.1658,-0.1019,-0.1507,0.1356,0.9792
72.5980,120.44,49.7489,38.0855,6.8761,352.2162,351.3136,13.4126,-2.3777,1.1619,-0.1335,-0.1496,0.1354,0.9794
72.6180,120.44,49.7008,38.1087,6.8728,352.2297,351.3795,13.3714,-2.4049,1.1615,-0.1653,-0.1485,0.1352,0.9796
72.6380,120.44,49.6522,38.1319,6.8689,352.2477,351.4502,13.3430,-2.4313,1.1580,-0.1965,-0.1473,0.1349,0.9798
72.6580,120.44,49.6030,38.1550,6.8643,352.2699,351.5252,13.3267,-2.4583,1.1569,-0.2278,-0.1460,0.1345,0.9801
72.6780,120.44,49.5533,38.1781,6.8591,352.2968,351.6040,13.3219,-2.4848,1.1535,-0.2585,-0.1447,0.1340,0.9804
72.6980,120.44,49.5031,38.2011,6.8534,352.3282,351.6860,13.3278,-2.5117,1.1518,-0.2892,-0.1433,0.1335,0.9806
72.7180,120.44,49.4522,38.2239,6.8470,352.3683,351.7584,13.3052,-2.5450,1.1396,-0.3194,-0.1421,0.1328,0.9809
72.7380,120.44,49.4006,38.2467,6.8400,352.4160,351.8215,13.2554,-2.5803,1.1391,-0.3509,-0.1410,0.1320,0.9812
72.7580,120.44,49.3483,38.2693,6.8323,352.4715,351.8759,13.1779,-2.6140,1.1321,-0.3811,-0.1401,0.1310,0.9814
72.7780,120.44,49.2954,38.2919,6.8241,352.5339,351.9222,13.0750,-2.6479,1.1298,-0.4114,-0.1393,0.1299,0.9817
72.7980,120.44,49.2419,38.3144,6.8153,352.5991,351.9730,12.9861,-2.6717,1.1230,-0.4391,-0.1385,0.1288,0.9820
72.8180,120.44,49.1880,38.3369,6.8060,352.6665,352.0278,12.9117,-2.6968,1.1243,-0.4675,-0.1376,0.1276,0.9822
72.8380,120.44,49.1336,38.3592,6.7961,352.7368,352.0865,12.8515,-2.7202,1.1187,-0.4946,-0.1366,0.1264,0.9825
72.8580,120.44,49.0787,38.3816,6.7856,352.8096,352.1482,12.8045,-2.7448,1.1189,-0.5221,-0.1355,0.1252,0.9828
72.8780,120.44,49.0233,38.4039,6.7747,352.8852,352.2128,12.7702,-2.7682,1.1140,-0.5485,-0.1345,0.1239,0.9831
72.8980,120.44,48.9673,38.4261,6.7632,352.9673,352.2679,12.7096,-2.7998,1.1083,-0.5756,-0.1335,0.1224,0.9835
72.9180,120.44,48.9107,38.4482,6.7511,353.0552,352.3138,12.6226,-2.8323,1.1081,-0.6030,-0.1328,0.1209,0.9837
72.9380,120.44,48.8534,38.4703,6.7385,353.1489,352.3510,12.5096,-2.8637,1.1053,-0.6296,-0.1322,0.1193,0.9840
72.9580,120.44,48.7957,38.4923,6.7254,353.2442,352.3917,12.4111,-2.8851,1.0990,-0.6536,-0.1315,0.1176,0.9843
72.9780,120.44,48.7375,38.5143,6.7119,353.3405,352.4352,12.3276,-2.9075,1.0998,-0.6781,-0.1308,0.1160,0.9846
72.9980,120.44,48.6790,38.5362,6.6978,353.4383,352.4816,12.2587,-2.9284,1.0947,-0.7013,-0.1300,0.1143,0.9849
73.0180,120.44,48.6200,38.5581,6.6834,353.5374,352.5301,12.2035,-2.9503,1.0946,-0.7247,-0.1292,0.1126,0.9852
73.0380,120.44,48.5605,38.5799,6.6684,353.6380,352.5804,12.1615,-2.9712,1.0901,-0.7471,-0.1283,0.1108,0.9855
73.0580,120.44,48.5007,38.6017,6.6530,353.7399,352.6320,12.1318,-2.9928,1.0892,-0.7695,-0.1275,0.1090,0.9858
73.0780,120.44,48.4404,38.6234,6.6372,353.8433,352.6846,12.1140,-3.0137,1.0851,-0.7910,-0.1266,0.1072,0.9861
73.0980,120.44,48.3795,38.6450,6.6209,353.9514,352.7272,12.0686,-3.0435,1.0829,-0.8135,-0.1259,0.1054,0.9864
73.1180,120.44,48.3181,38.6667,6.6042,354.0640,352.7602,11.9953,-3.0738,1.0845,-0.8360,-0.1253,0.1034,0.9867
73.1380,120.44,48.2560,38.6884,6.5871,354.1807,352.7843,11.8950,-3.1033,1.0846,-0.8578,-0.1250,0.1014,0.9870
73.1580,120.44,48.1936,38.7099,6.5695,354.2979,352.8102,11.8086,-3.1217,1.0755,-0.8764,-0.1245,0.0994,0.9872
73.1780,120.44,48.1307,38.7315,6.5516,354.4147,352.8376,11.7363,-3.1420,1.0784,-0.8958,-0.1241,0.0973,0.9875
73.1980,120.44,48.0675,38.7529,6.5333,354.5318,352.8666,11.6782,-3.1601,1.0710,-0.9136,-0.1236,0.0953,0.9877
73.2180,120.44,48.0039,38.7744,6.5147,354.6486,352.8964,11.6329,-3.1800,1.0724,-0.9319,-0.1231,0.0933,0.9880
73.2380,120.44,47.9400,38.7957,6.4957,354.7657,352.9269,11.6003,-3.1981,1.0661,-0.9488,-0.1226,0.0912,0.9883
73.2580,120.44,47.8756,38.8170,6.4764,354.8826,352.9577,11.5793,-3.2177,1.0664,-0.9660,-0.1221,0.0892,0.9885
73.2780,120.44,47.8107,38.8383,6.4567,355.0027,352.9792,11.5301,-3.2452,1.0644,-0.9837,-0.1218,0.0871,0.9887
73.2980,120.44,47.7452,38.8597,6.4367,355.1255,352.9919,11.4530,-3.2737,1.0690,-1.0016,-0.1216,0.0850,0.9889
73.3180,120.44,47.6792,38.8811,6.4163,355.2510,352.9962,11.3484,-3.3011,1.0702,-1.0186,-0.1215,0.0828,0.9891
73.3380,120.44,47.6129,38.9023,6.3957,355.3758,353.0019,11.2580,-3.3169,1.0597,-1.0325,-0.1214,0.0806,0.9893
73.3580,120.44,47.5462,38.9236,6.3747,355.4988,353.0085,11.1819,-3.3350,1.0635,-1.0471,-0.1213,0.0785,0.9895
73.3780,120.44,47.4792,38.9447,6.3535,355.6210,353.0163,11.1201,-3.3505,1.0550,-1.0601,-0.1212,0.0764,0.9897
73.3980,120.44,47.4118,38.9658,6.3321,355.7416,353.0245,11.0713,-3.3680,1.0571,-1.0736,-0.1211,0.0743,0.9899
73.4180,120.44,47.3441,38.9868,6.3103,355.8612,353.0333,11.0354,-3.3837,1.0498,-1.0858,-0.1210,0.0722,0.9900
73.4380,120.91,47.2761,39.0078,6.2884,355.9794,353.0421,11.0112,-3.4009,1.0506,-1.0982,-0.1208,0.0701,0.9902
73.4580,120.91,47.2076,39.0288,6.2662,356.0993,353.0427,10.9588,-3.4263,1.0506,-1.1115,-0.1208,0.0680,0.9903
73.4780,120.91,47.1385,39.0500,6.2437,356.2204,353.0356,10.8784,-3.4525,1.0563,-1.1247,-0.1210,0.0659,0.9905
73.4980,120.91,47.0690,39.0711,6.2209,356.3429,353.0212,10.7706,-3.4777,1.0591,-1.1372,-0.1213,0.0638,0.9906
73.5180,120.91,46.9989,39.0924,6.1979,356.4662,353.0002,10.6369,-3.5025,1.0641,-1.1493,-0.1216,0.0616,0.9907
73.5380,120.91,46.9284,39.1138,6.1747,356.5899,352.9731,10.4785,-3.5263,1.0680,-1.1608,-0.1221,0.0595,0.9907
73.5580,120.91,46.8577,39.1349,6.1513,356.7114,352.9479,10.3374,-3.5375,1.0549,-1.1690,-0.1226,0.0574,0.9908
73.5780,120.91,46.7866,39.1561,6.1278,356.8294,352.9242,10.2134,-3.5517,1.0609,-1.1780,-0.1230,0.0553,0.9909
73.5980,120.91,46.7154,39.1771,6.1041,356.9450,352.9023,10.1068,-3.5624,1.0505,-1.1854,-0.1234,0.0533,0.9909
73.6180,120.91,46.6439,39.1982,6.0802,357.0576,352.8813,10.0160,-3.5757,1.0544,-1.1934,-0.1238,0.0513,0.9910
73.6380,120.91,46.5721,39.2191,6.0562,357.1677,352.8617,9.9408,-3.5865,1.0457,-1.2002,-0.1241,0.0494,0.9910
73.6580,120.91,46.5000,39.2402,6.0320,357.2772,352.8361,9.8419,-3.6080,1.0529,-1.2088,-0.1246,0.0475,0.9911
73.6780,120.91,46.4274,39.2613,6.0077,357.3867,352.8050,9.7172,-3.6288,1.0550,-1.2169,-0.1251,0.0456,0.9911
73.6980,120.91,46.3544,39.2825,5.9832,357.4956,352.7686,9.5684,-3.6492,1.0608,-1.2247,-0.1258,0.0437,0.9911
73.7180,120.91,46.2810,39.3038,5.9585,357.6040,352.7276,9.3964,-3.6686,1.0644,-1.2319,-0.1265,0.0418,0.9911
73.7380,120.91,46.2073,39.3252,5.9338,357.7115,352.6823,9.2027,-3.6873,1.0696,-1.2386,-0.1273,0.0399,0.9911
73.7580,120.91,46.1334,39.3463,5.9089,357.8157,352.6394,9.0293,-3.6934,1.0563,-1.2425,-0.1280,0.0381,0.9910
73.7780,120.91,46.0594,39.3676,5.8840,357.9158,352.5986,8.8758,-3.7023,1.0634,-1.2469,-0.1287,0.0364,0.9910
73.7980,120.91,45.9852,39.3886,5.8590,358.0126,352.5601,8.7425,-3.7079,1.0531,-1.2501,-0.1294,0.0347,0.9910
73.8180,120.91,45.9109,39.4098,5.8339,358.1057,352.5232,8.6274,-3.7158,1.0580,-1.2537,-0.1301,0.0331,0.9910
73.8380,120.91,45.8363,39.4309,5.8088,358.1978,352.4823,8.4901,-3.7308,1.0559,-1.2581,-0.1308,0.0314,0.9909
73.8580,120.91,45.7614,39.4522,5.7835,358.2883,352.4375,8.3312,-3.7466,1.0634,-1.2625,-0.1315,0.0299,0.9909
73.8780,120.91,45.6861,39.4735,5.7582,358.3778,352.3892,8.1508,-3.7609,1.0650,-1.2663,-0.1324,0.0283,0.9908
73.8980,120.91,45.6106,39.4949,5.7328,358.4656,352.3378,7.9506,-3.7747,1.0705,-1.2699,-0.1333,0.0268,0.9907
73.9180,120.91,45.5349,39.5164,5.7073,358.5519,352.2836,7.7313,-3.7874,1.0734,-1.2730,-0.1342,0.0253,0.9906
73.9380,120.91,45.4591,39.5376,5.6818,358.6346,352.2323,7.5351,-3.7887,1.0638,-1.2737,-0.1351,0.0238,0.9905
73.9580,120.91,45.3833,39.5590,5.6563,358.7129,352.1837,7.3616,-3.7915,1.0694,-1.2745,-0.1360,0.0225,0.9905
73.9780,120.91,45.3074,39.5803,5.6309,358.7876,352.1378,7.2110,-3.7922,1.0622,-1.2747,-0.1368,0.0212,0.9904
73.9980,120.91,45.2316,39.6016,5.6054,358.8585,352.0942,7.0814,-3.7941,1.0662,-1.2750,-0.1375,0.0199,0.9903
74.0180,120.91,45.1557,39.6228,5.5799,358.9259,352.0529,6.9726,-3.7945,1.0607,-1.2747,-0.1382,0.0187,0.9902
74.0380,120.91,45.0796,39.6441,5.5543,358.9916,352.0089,6.8443,-3.8041,1.0641,-1.2759,-0.1390,0.0176,0.9901
74.0580,120.91,45.0033,39.6654,5.5288,359.0558,351.9622,6.6951,-3.8134,1.0661,-1.2769,-0.1398,0.0165,0.9900
74.0780,120.91,44.9269,39.6868,5.5033,359.1184,351.9130,6.5264,-3.8220,1.0694,-1.2776,-0.1407,0.0154,0.9899
74.0980,120.91,44.8503,39.7082,5.4777,359.1794,351.8618,6.3389,-3.8298,1.0718,-1.2780,-0.1415,0.0143,0.9898
74.1180,120.91,44.7736,39.7297,5.4521,359.2387,351.8087,6.1338,-3.8367,1.0748,-1.2781,-0.1425,0.0133,0.9897
74.1380,120.91,44.6969,39.7511,5.4266,359.2945,351.7588,5.9531,-3.8331,1.0673,-1.2762,-0.1433,0.0123,0.9896
74.1580,120.91,44.6203,39.7726,5.4011,359.3463,351.7117,5.7962,-3.8305,1.0732,-1.2743,-0.1441,0.0114,0.9895
74.1780,120.91,44.5438,39.7939,5.3757,359.3948,351.6674,5.6633,-3.8263,1.0681,-1.2719,-0.1449,0.0106,0.9894
74.1980,120.91,44.4673,39.8154,5.3503,359.4397,351.6258,5.5524,-3.8230,1.0725,-1.2696,-0.1456,0.0098,0.9893
74.2180,120.91,44.3908,39.8367,5.3249,359.4832,351.5822,5.4226,-3.8270,1.0669,-1.2685,-0.1464,0.0090,0.9892
74.2380,120.91,44.3141,39.8582,5.2996,359.5250,351.5369,5.2748,-3.8314,1.0732,-1.2674,-0.1472,0.0083,0.9891
74.2580,120.91,44.2374,39.8796,5.2742,359.5654,351.4900,5.1085,-3.8347,1.0712,-1.2661,-0.1480,0.0076,0.9890
74.2780,120.91,44.1607,39.9011,5.2490,359.6042,351.4417,4.9257,-3.8376,1.0751,-1.2646,-0.1488,0.0069,0.9888
74.2980,120.91,44.0839,39.9226,5.2237,359.6416,351.3922,4.7266,-3.8395,1.0746,-1.2628,-0.1497,0.0063,0.9887
74.3180,120.91,44.0071,39.9441,5.1985,359.6773,351.3417,4.5128,-3.8406,1.0773,-1.2608,-0.1505,0.0056,0.9886
74.3380,120.91,43.9304,39.9656,5.1733,359.7097,351.2947,4.3258,-3.8319,1.0729,-1.2570,-0.1513,0.0051,0.9885
74.3580,120.91,43.8540,39.9872,5.1483,359.7386,351.2511,4.1652,-3.8236,1.0791,-1.2530,-0.1521,0.0046,0.9884
74.3780,120.91,43.7777,40.0087,5.1233,359.7644,351.2107,4.0309,-3.8142,1.0770,-1.2489,-0.1528,0.0041,0.9882
74.3980,120.91,43.7016,40.0304,5.0984,359.7869,351.1732,3.9209,-3.8053,1.0819,-1.2448,-0.1534,0.0037,0.9881
74.4180,120.91,43.6255,40.0518,5.0736,359.8084,351.1345,3.7941,-3.8037,1.0729,-1.2421,-0.1541,0.0033,0.9880
74.4380,120.91,43.5495,40.0734,5.0488,359.8283,351.0946,3.6515,-3.8025,1.0788,-1.2393,-0.1548,0.0030,0.9879
74.4580,119.17,43.4734,40.0949,5.0240,359.8473,351.0536,3.4924,-3.8003,1.0736,-1.2365,-0.1555,0.0027,0.9878
74.4780,119.17,43.3975,40.1164,4.9994,359.8648,351.0118,3.3188,-3.7977,1.0767,-1.2335,-0.1562,0.0024,0.9877
74.4980,119.17,43.3216,40.1379,4.9748,359.8813,350.9693,3.1308,-3.7941,1.0735,-1.2303,-0.1570,0.0021,0.9876
74.5180,119.17,43.2458,40.1594,4.9502,359.8965,350.9262,2.9299,-3.7900,1.0749,-1.2270,-0.1577,0.0018,0.9875
74.5380,119.17,43.1701,40.1808,4.9258,359.9105,350.8827,2.7163,-3.7849,1.0726,-1.2236,-0.1585,0.0016,0.9874
74.5580,119.17,43.0945,40.2023,4.9014,359.9233,350.8389,2.4913,-3.7791,1.0730,-1.2200,-0.1592,0.0013,0.9872
74.5780,119.17,43.0191,40.2237,4.8770,359.9350,350.7949,2.2553,-3.7724,1.0711,-1.2163,-0.1600,0.0011,0.9871
74.5980,119.17,42.9438,40.2451,4.8528,359.9455,350.7509,2.0094,-3.7649,1.0707,-1.2124,-0.1607,0.0010,0.9870
74.6180,119.17,42.8687,40.2665,4.8286,359.9549,350.7068,1.7541,-3.7564,1.0689,-1.2084,-0.1615,0.0008,0.9869
74.6380,119.17,42.7937,40.2879,4.8045,359.9632,350.6629,1.4902,-3.7470,1.0679,-1.2042,-0.1622,0.0006,0.9868
74.6580,119.17,42.7190,40.3092,4.7805,359.9704,350.6192,1.2183,-3.7367,1.0660,-1.1999,-0.1630,0.0005,0.9866
74.6780,119.17,42.6445,40.3305,4.7566,359.9766,350.5758,0.9392,-3.7255,1.0644,-1.1954,-0.1637,0.0004,0.9865
74.6980,119.17,42.5702,40.3517,4.7328,359.9818,350.5327,0.6534,-3.7132,1.0622,-1.1907,-0.1645,0.0003,0.9864
74.7180,119.17,42.4962,40.3729,4.7091,359.9859,350.4901,0.3617,-3.7000,1.0602,-1.1859,-0.1652,0.0002,0.9863
74.7380,119.17,42.4225,40.3941,4.6855,359.9891,350.4480,0.0646,-3.6859,1.0576,-1.1810,-0.1659,0.0002,0.9861
74.7580,119.17,42.3491,40.4152,4.6620,359.9915,350.4064,359.7626,-3.6707,1.0550,-1.1759,-0.1667,0.0001,0.9860
74.7780,119.17,42.2760,40.4362,4.6385,359.9929,350.3654,359.4565,-3.6546,1.0519,-1.1706,-0.1674,0.0001,0.9859
74.7980,119.17,42.2032,40.4572,4.6152,359.9934,350.3250,359.1467,-3.6374,1.0488,-1.1652,-0.1681,0.0001,0.9858
74.8180,119.17,42.1309,40.4781,4.5920,359.9932,350.2853,358.8337,-3.6193,1.0453,-1.1596,-0.1687,0.0001,0.9857
74.8380,119.17,42.0589,40.4990,4.5690,359.9922,350.2463,358.5181,-3.6002,1.0416,-1.1539,-0.1694,0.0001,0.9855
74.8580,119.17,41.9873,40.5197,4.5460,359.9904,350.2080,358.2004,-3.5801,1.0375,-1.1480,-0.1701,0.0002,0.9854
74.8780,119.17,41.9161,40.5404,4.5232,359.9879,350.1705,357.8810,-3.5590,1.0333,-1.1420,-0.1707,0.0002,0.9853
74.8980,119.17,41.8453,40.5610,4.5004,359.9848,350.1338,357.5605,-3.5369,1.0287,-1.1358,-0.1713,0.0003,0.9852
74.9180,119.17,41.7751,40.5814,4.4779,359.9810,350.0979,357.2392,-3.5139,1.0238,-1.1295,-0.1720,0.0003,0.9851
74.9380,119.17,41.7053,40.6018,4.4554,359.9766,350.0627,356.9175,-3.4899,1.0186,-1.1231,-0.1726,0.0004,0.9850
74.9580,119.17,41.6360,40.6221,4.4331,359.9716,350.0284,356.5960,-3.4650,1.0132,-1.1165,-0.1732,0.0005,0.9849
74.9780,119.17,41.5672,40.6422,4.4109,359.9661,349.9950,356.2749,-3.4391,1.0074,-1.1097,-0.1737,0.0006,0.9848
74.9980,119.17,41.4989,40.6623,4.3888,359.9601,349.9623,355.9547,-3.4123,1.0014,-1.1029,-0.1743,0.0007,0.9847
75.0180,119.17,41.4312,40.6822,4.3669,359.9536,349.9305,355.6358,-3.3846,0.9950,-1.0959,-0.1748,0.0008,0.9846
75.0380,119.17,41.3641,40.7020,4.3451,359.9466,349.8995,355.3184,-3.3560,0.9883,-1.0887,-0.1754,0.0009,0.9845
75.0580,119.17,41.2976,40.7216,4.3235,359.9393,349.8694,355.0030,-3.3265,0.9814,-1.0815,-0.1759,0.0011,0.9844
75.0780,119.17,41.2317,40.7411,4.3020,359.9315,349.8401,354.6898,-3.2962,0.9741,-1.0741,-0.1764,0.0012,0.9843
75.0980,119.17,41.1664,40.7604,4.2807,359.9234,349.8116,354.3791,-3.2650,0.9666,-1.0666,-0.1769,0.0013,0.9842
75.1180,119.17,41.1021,40.7928,4.2595,359.9096,349.7836,354.0717,-3.3112,1.0244,-1.1029,-0.1774,0.0016,0.9841
75.1380,119.17,41.0369,40.8151,4.2382,359.9068,349.7498,353.7510,-3.2756,1.0881,-1.0875,-0.1779,0.0016,0.9840
75.1580,119.17,40.9720,40.8356,4.2165,359.9067,349.7148,353.4250,-3.2483,1.0220,-1.0801,-0.1785,0.0016,0.9839
75.1780,119.17,40.9078,40.8568,4.1951,359.9049,349.6820,353.1048,-3.2073,1.0625,-1.0706,-0.1791,0.0017,0.9838
75.1980,119.17,40.8443,40.8770,4.1739,359.9042,349.6492,352.7856,-3.1773,1.0090,-1.0635,-0.1797,0.0017,0.9837
75.2180,119.17,40.7816,40.8977,4.1528,359.9023,349.6182,352.4722,-3.1357,1.0373,-1.0540,-0.1802,0.0017,0.9836
75.2380,119.17,40.7195,40.9176,4.1319,359.9010,349.5876,352.1611,-3.1032,0.9926,-1.0464,-0.1807,0.0017,0.9835
75.2580,119.17,40.6583,40.9378,4.1111,359.8987,349.5587,351.8557,-3.0608,1.0121,-1.0367,-0.1812,0.0018,0.9834
75.2780,119.17,40.5978,40.9573,4.0905,359.8968,349.5303,351.5537,-3.0262,0.9737,-1.0287,-0.1817,0.0018,0.9833
75.2980,119.17,40.5381,40.9771,4.0702,359.8940,349.5035,351.2574,-2.9829,0.9866,-1.0188,-0.1822,0.0018,0.9833
75.3180,119.17,40.4792,40.9961,4.0500,359.8916,349.4773,350.9650,-2.9463,0.9528,-1.0104,-0.1826,0.0019,0.9832
75.3380,119.17,40.4211,41.0153,4.0300,359.8884,349.4526,350.6785,-2.9022,0.9606,-1.0005,-0.1830,0.0019,0.9831
75.3580,119.17,40.3639,41.0339,4.0101,359.8854,349.4285,350.3965,-2.8638,0.9303,-0.9917,-0.1835,0.0020,0.9830
75.3780,119.17,40.3075,41.0526,3.9905,359.8818,349.4058,350.1204,-2.8188,0.9341,-0.9816,-0.1839,0.0021,0.9830
75.3980,119.17,40.2519,41.0708,3.9710,359.8784,349.3838,349.8492,-2.7787,0.9064,-0.9726,-0.1842,0.0021,0.9829
75.4180,119.17,40.1972,41.0889,3.9518,359.8744,349.3629,349.5839,-2.7329,0.9071,-0.9623,-0.1846,0.0022,0.9828
75.4380,119.17,40.1434,41.1065,3.9327,359.8704,349.3429,349.3240,-2.6914,0.8813,-0.9530,-0.1849,0.0023,0.9827
75.4580,120.04,40.0905,41.1241,3.9139,359.8661,349.3239,349.0700,-2.6447,0.8795,-0.9426,-0.1853,0.0023,0.9827
75.4780,120.04,40.0385,41.1412,3.8952,359.8617,349.3057,348.8217,-2.6018,0.8552,-0.9331,-0.1856,0.0024,0.9826
75.4980,120.04,39.9874,41.1583,3.8768,359.8570,349.2885,348.5794,-2.5544,0.8512,-0.9226,-0.1859,0.0025,0.9826
75.5180,120.04,39.9372,41.1748,3.8585,359.8523,349.2719,348.3430,-2.5102,0.8282,-0.9128,-0.1861,0.0026,0.9825
75.5380,120.04,39.8880,41.1913,3.8405,359.8473,349.2564,348.1127,-2.4620,0.8225,-0.9022,-0.1864,0.0027,0.9825
75.5580,120.04,39.8396,41.2073,3.8226,359.8423,349.2415,347.8884,-2.4167,0.8004,-0.8922,-0.1867,0.0028,0.9824
75.5780,120.04,39.7923,41.2231,3.8050,359.8369,349.2274,347.6704,-2.3678,0.7932,-0.8815,-0.1869,0.0028,0.9824
75.5980,120.04,39.7458,41.2386,3.7876,359.8316,349.2141,347.4586,-2.3216,0.7719,-0.8714,-0.1871,0.0029,0.9823
75.6180,120.04,39.7004,41.2539,3.7703,359.8260,349.2015,347.2530,-2.2720,0.7635,-0.8606,-0.1874,0.0030,0.9823
75.6380,120.04,39.6559,41.2687,3.7533,359.8204,349.1895,347.0537,-2.2248,0.7429,-0.8503,-0.1876,0.0031,0.9822
75.6580,120.04,39.6124,41.2834,3.7366,359.8146,349.1783,346.8608,-2.1746,0.7335,-0.8395,-0.1878,0.0032,0.9822
75.6780,120.04,39.5699,41.2977,3.7200,359.8088,349.1675,346.6743,-2.1266,0.7133,-0.8290,-0.1879,0.0033,0.9822
75.6980,120.04,39.5284,41.3117,3.7036,359.8027,349.1575,346.4941,-2.0759,0.7030,-0.8181,-0.1881,0.0034,0.9821
75.7180,120.04,39.4878,41.3254,3.6875,359.7967,349.1480,346.3204,-2.0272,0.6834,-0.8076,-0.1883,0.0035,0.9821
75.7380,120.04,39.4483,41.3388,3.6715,359.7905,349.1391,346.1532,-1.9760,0.6724,-0.7966,-0.1884,0.0037,0.9821
75.7580,120.04,39.4098,41.3519,3.6558,359.7842,349.1307,345.9924,-1.9266,0.6531,-0.7860,-0.1886,0.0038,0.9821
75.7780,120.04,39.3723,41.3647,3.6403,359.7778,349.1228,345.8381,-1.8750,0.6415,-0.7750,-0.1887,0.0039,0.9820
75.7980,120.04,39.3358,41.3772,3.6250,359.7714,349.1154,345.6902,-1.8250,0.6227,-0.7644,-0.1888,0.0040,0.9820
75.8180,120.04,39.3003,41.3894,3.6099,359.7649,349.1084,345.5489,-1.7732,0.6105,-0.7534,-0.1889,0.0041,0.9820
75.8380,120.04,39.2658,41.4012,3.5951,359.7583,349.1018,345.4140,-1.7227,0.5921,-0.7426,-0.1891,0.0042,0.9820
75.8580,120.04,39.2324,41.4128,3.5805,359.7516,349.0957,345.2856,-1.6705,0.5795,-0.7316,-0.1892,0.0043,0.9819
75.8780,120.04,39.2000,41.4240,3.5660,359.7450,349.0899,345.1637,-1.6196,0.5614,-0.7209,-0.1893,0.0045,0.9819
75.8980,120.04,39.1687,41.4350,3.5518,359.7382,349.0845,345.0482,-1.5673,0.5485,-0.7099,-0.1894,0.0046,0.9819
75.9180,120.04,39.1384,41.4456,3.5379,359.7314,349.0793,344.9393,-1.5160,0.5307,-0.6991,-0.1894,0.0047,0.9819
75.9380,120.04,39.1091,41.4560,3.5241,359.7245,349.0746,344.8367,-1.4635,0.5175,-0.6881,-0.1895,0.0048,0.9819
75.9580,120.04,39.0809,41.4660,3.5106,359.7176,349.0700,344.7405,-1.4120,0.5002,-0.6773,-0.1896,0.0049,0.9818
75.9780,120.04,39.0537,41.4757,3.4972,359.7106,349.0658,344.6507,-1.3595,0.4868,-0.6664,-0.1897,0.0051,0.9818
75.9980,120.04,39.0275,41.4851,3.4841,359.7036,349.0618,344.5673,-1.3078,0.4698,-0.6556,-0.1897,0.0052,0.9818
76.0180,120.04,39.0024,41.4942,3.4712,359.6966,349.0580,344.4901,-1.2552,0.4562,-0.6447,-0.1898,0.0053,0.9818
76.0380,120.04,38.9783,41.5030,3.4585,359.6895,349.0544,344.4193,-1.2034,0.4396,-0.6340,-0.1899,0.0054,0.9818
76.0580,120.04,38.9553,41.5116,3.4461,359.6824,349.0511,344.3547,-1.1508,0.4260,-0.6232,-0.1899,0.0055,0.9818
76.0780,120.04,38.9334,41.5197,3.4338,359.6754,349.0479,344.2963,-1.0990,0.4097,-0.6125,-0.1900,0.0057,0.9818
76.0980,120.04,38.9124,41.5277,3.4218,359.6683,349.0448,344.2441,-1.0466,0.3961,-0.6017,-0.1900,0.0058,0.9818
76.1180,120.04,38.8925,41.5353,3.4100,359.6612,349.0418,344.1980,-0.9948,0.3802,-0.5911,-0.1901,0.0059,0.9817
76.1380,120.04,38.8737,41.5426,3.3984,359.6541,349.0390,344.1580,-0.9425,0.3666,-0.5804,-0.1901,0.0060,0.9817
76.1580,120.04,38.8559,41.5496,3.3870,359.6470,349.0363,344.1240,-0.8908,0.3510,-0.5699,-0.1902,0.0062,0.9817
76.1780,120.04,38.8391,41.5564,3.3758,359.6399,349.0336,344.0959,-0.8387,0.3375,-0.5593,-0.1902,0.0063,0.9817
76.1980,120.04,38.8233,41.5628,3.3648,359.6329,349.0310,344.0739,-0.7872,0.3224,-0.5488,-0.1903,0.0064,0.9817
76.2180,120.04,38.8086,41.5690,3.3540,359.6258,349.0285,344.0576,-0.7354,0.3090,-0.5384,-0.1903,0.0065,0.9817
76.2380,120.04,38.7950,41.5749,3.3435,359.6188,349.0260,344.0471,-0.6841,0.2943,-0.5280,-0.1904,0.0067,0.9817
76.2580,120.04,38.7823,41.5805,3.3331,359.6119,349.0235,344.0424,-0.6326,0.2810,-0.5176,-0.1904,0.0068,0.9817
76.2780,120.04,38.7707,41.5858,3.3230,359.6049,349.0211,344.0434,-0.5817,0.2667,-0.5074,-0.1904,0.0069,0.9817
76.2980,120.04,38.7601,41.5909,3.3130,359.5981,349.0186,344.0500,-0.5306,0.2537,-0.4972,-0.1905,0.0070,0.9817
76.3180,120.04,38.7505,41.5957,3.3033,359.5913,349.0161,344.0622,-0.4800,0.2398,-0.4870,-0.1905,0.0071,0.9817
76.3380,120.04,38.7419,41.6002,3.2938,359.5845,349.0137,344.0798,-0.4293,0.2270,-0.4769,-0.1906,0.0073,0.9816
76.3580,120.04,38.7343,41.6045,3.2844,359.5779,349.0112,344.1028,-0.3791,0.2135,-0.4669,-0.1906,0.0074,0.9816
76.3780,120.04,38.7277,41.6085,3.2753,359.5713,349.0086,344.1312,-0.3290,0.2010,-0.4570,-0.1907,0.0075,0.9816
76.3980,120.04,38.7221,41.6123,3.2663,359.5647,349.0061,344.1648,-0.2793,0.1879,-0.4471,-0.1907,0.0076,0.9816
76.4180,120.04,38.7175,41.6158,3.2576,359.5583,349.0034,344.2036,-0.2297,0.1757,-0.4373,-0.1907,0.0077,0.9816
76.4380,120.04,38.7139,41.6191,3.2490,359.5520,349.0008,344.2476,-0.1805,0.1631,-0.4276,-0.1908,0.0078,0.9816
76.4580,118.05,38.7113,41.6221,3.2407,359.5458,348.9980,344.2965,-0.1315,0.1512,-0.4180,-0.1908,0.0079,0.9816
76.4780,118.05,38.7096,41.6249,3.2325,359.5397,348.9953,344.3505,-0.0829,0.1390,-0.4085,-0.1909,0.0080,0.9816
76.4980,118.05,38.7089,41.6274,3.2245,359.5337,348.9924,344.4093,-0.0346,0.1274,-0.3990,-0.1909,0.0081,0.9816
76.5180,118.05,38.7092,41.6297,3.2167,359.5278,348.9895,344.4729,0.0133,0.1157,-0.3896,-0.1910,0.0082,0.9816
76.5380,118.05,38.7104,41.6318,3.2091,359.5221,348.9865,344.5412,0.0610,0.1045,-0.3803,-0.1910,0.0083,0.9815
76.5580,118.05,38.7126,41.6337,3.2017,359.5165,348.9834,344.6142,0.1082,0.0932,-0.3711,-0.1911,0.0084,0.9815
76.5780,118.05,38.7157,41.6353,3.1945,359.5111,348.9803,344.6917,0.1551,0.0824,-0.3620,-0.1911,0.0085,0.9815
76.5980,118.05,38.7197,41.6368,3.1874,359.5058,348.9771,344.7737,0.2015,0.0715,-0.3530,-0.1912,0.0086,0.9815
76.6180,118.05,38.7247,41.6380,3.1805,359.5007,348.9738,344.8600,0.2476,0.0611,-0.3441,-0.1913,0.0087,0.9815
76.6380,118.05,38.7305,41.6390,3.1738,359.4958,348.9704,344.9507,0.2932,0.0507,-0.3353,-0.1913,0.0088,0.9815
76.6580,118.05,38.7373,41.6398,3.1673,359.4910,348.9669,345.0455,0.3385,0.0407,-0.3265,-0.1914,0.0089,0.9815
76.6780,118.05,38.7450,41.6404,3.1609,359.4864,348.9635,345.1445,0.3832,0.0307,-0.3179,-0.1914,0.0090,0.9815
76.6980,118.05,38.7535,41.6409,3.1547,359.4820,348.9599,345.2475,0.4276,0.0211,-0.3094,-0.1915,0.0090,0.9815
76.7180,118.05,38.7630,41.6411,3.1487,359.4778,348.9563,345.3544,0.4714,0.0116,-0.3009,-0.1916,0.0091,0.9814
76.7380,118.05,38.7732,41.6411,3.1429,359.4738,348.9526,345.4652,0.5149,0.0024,-0.2926,-0.1916,0.0092,0.9814
76.7580,118.05,38.7844,41.6410,3.1372,359.4700,348.9489,345.5797,0.5577,-0.0067,-0.2844,-0.1917,0.0092,0.9814
76.7780,118.05,38.7964,41.6407,3.1317,359.4664,348.9451,345.6979,0.6002,-0.0154,-0.2763,-0.1917,0.0093,0.9814
76.7980,118.05,38.8092,41.6402,3.1263,359.4631,348.9413,345.8196,0.6420,-0.0240,-0.2683,-0.1918,0.0094,0.9814
76.8180,118.05,38.8229,41.6396,3.1211,359.4599,348.9375,345.9449,0.6834,-0.0324,-0.2604,-0.1919,0.0094,0.9814
76.8380,118.05,38.8374,41.6388,3.1160,359.4570,348.9336,346.0735,0.7243,-0.0405,-0.2526,-0.1919,0.0095,0.9814
76.8580,118.05,38.8527,41.6378,3.1111,359.4543,348.9297,346.2053,0.7646,-0.0485,-0.2449,-0.1920,0.0095,0.9813
76.8780,118.05,38.8688,41.6367,3.1064,359.4518,348.9258,346.3404,0.8043,-0.0562,-0.2373,-0.1921,0.0096,0.9813
76.8980,118.05,38.8857,41.6354,3.1018,359.4496,348.9219,346.4786,0.8435,-0.0637,-0.2298,-0.1921,0.0096,0.9813
76.9180,118.05,38.9033,41.6340,3.0973,359.4477,348.9180,346.6198,0.8821,-0.0710,-0.2225,-0.1922,0.0096,0.9813
76.9380,118.05,38.9217,41.6324,3.0930,359.4459,348.9141,346.7638,0.9202,-0.0781,-0.2153,-0.1923,0.0097,0.9813
76.9580,118.05,38.9409,41.6307,3.0889,359.4444,348.9102,346.9107,0.9577,-0.0850,-0.2081,-0.1923,0.0097,0.9813
76.9780,118.05,38.9607,41.6289,3.0849,359.4432,348.9063,347.0603,0.9946,-0.0916,-0.2011,-0.1924,0.0097,0.9813
76.9980,118.05,38.9814,41.6269,3.0810,359.4422,348.9025,347.2126,1.0308,-0.0981,-0.1943,-0.1925,0.0097,0.9813
77.0180,118.05,39.0027,41.6248,3.0772,359.4415,348.8988,347.3673,1.0665,-0.1044,-0.1875,-0.1925,0.0097,0.9812
77.0380,118.05,39.0247,41.6226,3.0736,359.4410,348.8951,347.5245,1.1016,-0.1105,-0.1808,-0.1926,0.0098,0.9812
77.0580,118.05,39.0474,41.6203,3.0701,359.4409,348.8914,347.6840,1.1360,-0.1163,-0.1743,-0.1927,0.0098,0.9812
77.0780,118.05,39.0708,41.6179,3.0668,359.4409,348.8878,347.8457,1.1698,-0.1220,-0.1679,-0.1927,0.0098,0.9812
77.0980,118.05,39.0949,41.6153,3.0635,359.4412,348.8843,348.0096,1.2030,-0.1275,-0.1616,-0.1928,0.0098,0.9812
77.1180,118.05,39.1196,41.6127,3.0604,359.4418,348.8809,348.1756,1.2355,-0.1328,-0.1554,-0.1928,0.0097,0.9812
77.1380,118.05,39.1450,41.6099,3.0574,359.4426,348.8776,348.3435,1.2674,-0.1379,-0.1494,-0.1929,0.0097,0.9812
77.1580,118.05,39.1709,41.6070,3.0546,359.4437,348.8744,348.5133,1.2987,-0.1429,-0.1435,-0.1930,0.0097,0.9812
77.1780,118.05,39.1975,41.6041,3.0518,359.4451,348.8713,348.6848,1.3293,-0.1476,-0.1377,-0.1930,0.0097,0.9812
77.1980,118.05,39.2247,41.6011,3.0492,359.4467,348.8683,348.8581,1.3593,-0.1522,-0.1320,-0.1931,0.0097,0.9811
77.2180,118.05,39.2525,41.5979,3.0466,359.4486,348.8655,349.0329,1.3885,-0.1566,-0.1264,-0.1931,0.0096,0.9811
77.2380,118.05,39.2808,41.5947,3.0442,359.4507,348.8629,349.2092,1.4172,-0.1608,-0.1210,-0.1931,0.0096,0.9811
77.2580,118.05,39.3097,41.5914,3.0419,359.4532,348.8604,349.3870,1.4451,-0.1649,-0.1156,-0.1932,0.0095,0.9811
77.2780,118.05,39.3392,41.5880,3.0397,359.4558,348.8580,349.5660,1.4724,-0.1688,-0.1104,-0.1932,0.0095,0.9811
77.2980,118.05,39.3692,41.5846,3.0376,359.4587,348.8558,349.7463,1.4991,-0.1725,-0.1053,-0.1933,0.0094,0.9811
77.3180,118.05,39.3997,41.5811,3.0356,359.4619,348.8538,349.9277,1.5250,-0.1761,-0.1004,-0.1933,0.0094,0.9811
77.3380,118.05,39.4307,41.5775,3.0337,359.4652,348.8520,350.1101,1.5503,-0.1796,-0.0955,-0.1933,0.0093,0.9811
77.3580,118.05,39.4622,41.5738,3.0319,359.4689,348.8503,350.2936,1.5749,-0.1829,-0.0908,-0.1934,0.0093,0.9811
77.3780,118.05,39.4941,41.5701,3.0301,359.4728,348.8489,350.4779,1.5988,-0.1860,-0.0862,-0.1934,0.0092,0.9811
77.3980,118.05,39.5266,41.5663,3.0285,359.4769,348.8477,350.6630,1.6221,-0.1890,-0.0817,-0.1934,0.0091,0.9811
77.4180,118.05,39.5595,41.5625,3.0269,359.4812,348.8467,350.8488,1.6447,-0.1919,-0.0774,-0.1934,0.0091,0.9811
77.4380,118.05,39.5928,41.5586,3.0255,359.4858,348.8459,351.0352,1.6666,-0.1946,-0.0731,-0.1934,0.0090,0.9811
77.4580,118.05,39.6266,41.5546,3.0241,359.4906,348.8454,351.2222,1.6878,-0.1972,-0.0690,-0.1935,0.0089,0.9811
77.4780,112.28,39.6607,41.5507,3.0228,359.4956,348.8450,351.4096,1.7083,-0.1997,-0.0650,-0.1935,0.0088,0.9811
77.4980,112.28,39.6953,41.5466,3.0216,359.5009,348.8450,351.5974,1.7282,-0.2021,-0.0611,-0.1935,0.0087,0.9811
77.5180,112.28,39.7302,41.5425,3.0204,359.5063,348.8452,351.7855,1.7474,-0.2043,-0.0573,-0.1935,0.0086,0.9811
77.5380,112.28,39.7656,41.5384,3.0194,359.5120,348.8456,351.9738,1.7659,-0.2064,-0.0536,-0.1934,0.0085,0.9811
77.5580,112.28,39.8012,41.5342,3.0184,359.5178,348.8463,352.1622,1.7837,-0.2085,-0.0501,-0.1934,0.0084,0.9811
77.5780,112.28,39.8373,41.5300,3.0174,359.5239,348.8472,352.3508,1.8009,-0.2104,-0.0466,-0.1934,0.0083,0.9811
77.5980,112.28,39.8736,41.5258,3.0166,359.5301,348.8484,352.5393,1.8174,-0.2122,-0.0433,-0.1934,0.0082,0.9811
77.6180,112.28,39.9103,41.5215,3.0158,359.5365,348.8499,352.7277,1.8333,-0.2139,-0.0401,-0.1934,0.0081,0.9811
77.6380,112.28,39.9472,41.5172,3.0150,359.5431,348.8517,352.9160,1.8484,-0.2155,-0.0370,-0.1933,0.0080,0.9811
77.6580,112.28,39.9845,41.5129,3.0143,359.5499,348.8537,353.1040,1.8630,-0.2170,-0.0339,-0.1933,0.0079,0.9811
77.6780,112.28,40.0220,41.5085,3.0137,359.5568,348.8560,353.2917,1.8768,-0.2184,-0.0311,-0.1933,0.0077,0.9811
77.6980,112.28,40.0598,41.5041,3.0132,359.5639,348.8586,353.4791,1.8900,-0.2198,-0.0283,-0.1932,0.0076,0.9811
77.7180,112.28,40.0979,41.4997,3.0127,359.5711,348.8615,353.6660,1.9026,-0.2211,-0.0256,-0.1932,0.0075,0.9811
77.7380,112.28,40.1362,41.4952,3.0122,359.5786,348.8646,353.8524,1.9145,-0.2222,-0.0230,-0.1931,0.0074,0.9811
77.7580,112.28,40.1747,41.4908,3.0118,359.5861,348.8680,354.0383,1.9258,-0.2233,-0.0205,-0.1931,0.0072,0.9812
77.7780,112.28,40.2134,41.4863,3.0114,359.5938,348.8718,354.2235,1.9364,-0.2244,-0.0182,-0.1930,0.0071,0.9812
77.7980,112.28,40.2523,41.4818,3.0111,359.6015,348.8758,354.4080,1.9464,-0.2254,-0.0159,-0.1929,0.0070,0.9812
77.8180,112.28,40.2915,41.4772,3.0108,359.6095,348.8801,354.5917,1.9558,-0.2263,-0.0137,-0.1929,0.0068,0.9812
77.8380,112.28,40.3308,41.4727,3.0106,359.6175,348.8847,354.7746,1.9646,-0.2271,-0.0117,-0.1928,0.0067,0.9812
77.8580,112.28,40.3702,41.4682,3.0104,359.6257,348.8896,354.9566,1.9727,-0.2279,-0.0097,-0.1927,0.0065,0.9812
77.8780,112.28,40.4098,41.4636,3.0102,359.6339,348.8947,355.1377,1.9802,-0.2286,-0.0078,-0.1926,0.0064,0.9813
77.8980,112.28,40.4496,41.4590,3.0101,359.6423,348.9002,355.3178,1.9872,-0.2293,-0.0060,-0.1925,0.0062,0.9813
77.9180,112.28,40.4894,41.4544,3.0100,359.6507,348.9059,355.4968,1.9935,-0.2299,-0.0044,-0.1924,0.0061,0.9813
77.9380,112.28,40.5294,41.4498,3.0100,359.6593,348.9120,355.6747,1.9992,-0.2304,-0.0028,-0.1923,0.0059,0.9813
77.9580,112.28,40.5695,41.4452,3.0099,359.6679,348.9183,355.8515,2.0044,-0.2310,-0.0013,-0.1922,0.0058,0.9813
77.9780,112.28,40.6097,41.4405,3.0100,359.6766,348.9248,356.0270,2.0089,-0.2314,0.0002,-0.1921,0.0056,0.9814
77.9980,112.28,40.6499,41.4359,3.0100,359.6853,348.9317,356.2013,2.0129,-0.2319,0.0015,-0.1920,0.0055,0.9814
78.0180,112.28,40.6903,41.4313,3.0100,359.6942,348.9388,356.3743,2.0163,-0.2323,0.0027,-0.1919,0.0053,0.9814
78.0380,112.28,40.7306,41.4266,3.0101,359.7030,348.9463,356.5459,2.0192,-0.2326,0.0039,-0.1917,0.0052,0.9814
78.0580,112.28,40.7711,41.4220,3.0102,359.7119,348.9539,356.7160,2.0214,-0.2330,0.0050,-0.1916,0.0050,0.9815
78.0780,112.28,40.8115,41.4173,3.0103,359.7209,348.9619,356.8848,2.0232,-0.2333,0.0060,-0.1915,0.0049,0.9815
78.0980,112.28,40.8520,41.4126,3.0105,359.7299,348.9701,357.0520,2.0244,-0.2335,0.0069,-0.1913,0.0047,0.9815
78.1180,112.28,40.8925,41.4079,3.0106,359.7390,348.9785,357.2177,2.0251,-0.2338,0.0077,-0.1912,0.0046,0.9815
78.1380,112.28,40.9330,41.4033,3.0108,359.7481,348.9872,357.3818,2.0252,-0.2340,0.0085,-0.1910,0.0044,0.9816
78.1580,112.28,40.9735,41.3986,3.0110,359.7572,348.9962,357.5443,2.0248,-0.2342,0.0091,-0.1909,0.0042,0.9816
78.1780,112.28,41.0140,41.3939,3.0112,359.7663,349.0054,357.7051,2.0239,-0.2343,0.0097,-0.1907,0.0041,0.9816
78.1980,112.28,41.0545,41.3892,3.0114,359.7755,349.0148,357.8643,2.0225,-0.2345,0.0103,-0.1906,0.0039,0.9817
78.2180,112.28,41.0949,41.3845,3.0116,359.7846,349.0244,358.0217,2.0207,-0.2346,0.0107,-0.1904,0.0038,0.9817
78.2380,112.28,41.1352,41.3798,3.0118,359.7938,349.0344,358.1773,2.0183,-0.2347,0.0111,-0.1902,0.0036,0.9817
78.2580,112.28,41.1755,41.3751,3.0120,359.8029,349.0445,358.3312,2.0154,-0.2348,0.0115,-0.1900,0.0034,0.9818
78.2780,112.28,41.2158,41.3704,3.0123,359.8121,349.0548,358.4832,2.0121,-0.2349,0.0117,-0.1899,0.0033,0.9818
78.2980,112.28,41.2559,41.3657,3.0125,359.8213,349.0653,358.6334,2.0083,-0.2350,0.0119,-0.1897,0.0031,0.9818
78.3180,112.28,41.2960,41.3610,3.0128,359.8304,349.0761,358.7816,2.0040,-0.2350,0.0120,-0.1895,0.0030,0.9819
78.3380,112.28,41.3360,41.3563,3.0130,359.8395,349.0870,358.9280,1.9993,-0.2351,0.0121,-0.1893,0.0028,0.9819
78.3580,112.28,41.3759,41.3516,3.0132,359.8487,349.0982,359.0724,1.9942,-0.2351,0.0121,-0.1891,0.0026,0.9819
78.3780,112.28,41.4157,41.3469,3.0135,359.8577,349.1095,359.2148,1.9886,-0.2351,0.0121,-0.1889,0.0025,0.9820
78.3980,112.28,41.4553,41.3422,3.0137,359.8668,349.1210,359.3553,1.9826,-0.2352,0.0120,-0.1887,0.0023,0.9820
78.4180,112.28,41.4948,41.3375,3.0140,359.8758,349.1327,359.4937,1.9761,-0.2352,0.0118,-0.1885,0.0022,0.9821
78.4380,112.28,41.5342,41.3328,3.0142,359.8848,349.1446,359.6300,1.9693,-0.2352,0.0116,-0.1883,0.0020,0.9821
78.4580,112.28,41.5735,41.3281,3.0144,359.8938,349.1566,359.7644,1.9621,-0.2352,0.0113,-0.1881,0.0019,0.9821
78.4780,113.94,41.6126,41.3234,3.0146,359.9027,349.1688,359.8966,1.9544,-0.2352,0.0110,-0.1879,0.0017,0.9822
78.4980,113.94,41.6515,41.3187,3.0148,359.9115,349.1811,0.0268,1.9464,-0.2352,0.0106,-0.1877,0.0015,0.9822
78.5180,113.94,41.6903,41.3140,3.0150,359.9203,349.1935,0.1548,1.9380,-0.2352,0.0102,-0.1875,0.0014,0.9823
78.5380,113.94,41.7288,41.3093,3.0152,359.9291,349.2061,0.2807,1.9293,-0.2352,0.0097,-0.1873,0.0012,0.9823
78.5580,113.94,41.7672,41.3046,3.0154,359.9378,349.2189,0.4045,1.9202,-0.2352,0.0092,-0.1871,0.0011,0.9823
78.5780,113.94,41.8055,41.2999,3.0156,359.9465,349.2317,0.5261,1.9107,-0.2352,0.0087,-0.1868,0.0009,0.9824
78.5980,113.94,41.8435,41.2952,3.0158,359.9551,349.2447,0.6456,1.9009,-0.2352,0.0081,-0.1866,0.0008,0.9824
78.6180,113.94,41.8813,41.2905,3.0159,359.9637,349.2578,0.7629,1.8908,-0.2352,0.0074,-0.1864,0.0006,0.9825
78.6380,113.94,41.9189,41.2858,3.0160,359.9721,349.2709,0.8779,1.8803,-0.2351,0.0068,-0.1862,0.0005,0.9825
78.6580,113.94,41.9563,41.2811,3.0162,359.9806,349.2842,0.9908,1.8696,-0.2351,0.0061,-0.1859,0.0003,0.9826
78.6780,113.94,41.9935,41.2764,3.0163,359.9889,349.2975,1.1015,1.8585,-0.2351,0.0053,-0.1857,0.0002,0.9826
78.6980,113.94,42.0304,41.2717,3.0164,-0.0028,349.3109,1.2100,1.8471,-0.2351,0.0045,-0.1855,0.0000,0.9826
78.7180,113.94,42.0671,41.2670,3.0164,0.0054,349.3245,1.3163,1.8354,-0.2351,0.0037,-0.1852,-0.0001,0.9827
78.7380,113.94,42.1036,41.2623,3.0165,0.0135,349.3380,1.4203,1.8235,-0.2351,0.0029,-0.1850,-0.0002,0.9827
78.7580,113.94,42.1398,41.2576,3.0165,0.0216,349.3517,1.5221,1.8112,-0.2351,0.0020,-0.1848,-0.0004,0.9828
78.7780,113.94,42.1758,41.2529,3.0166,0.0296,349.3653,1.6217,1.7988,-0.2351,0.0011,-0.1845,-0.0005,0.9828
78.7980,113.94,42.2115,41.2482,3.0166,0.0375,349.3791,1.7190,1.7860,-0.2351,0.0001,-0.1843,-0.0007,0.9829
78.8180,113.94,42.2470,41.2435,3.0165,0.0453,349.3928,1.8142,1.7730,-0.2351,-0.0008,-0.1841,-0.0008,0.9829
78.8380,113.94,42.2822,41.2388,3.0165,0.0531,349.4066,1.9071,1.7597,-0.2351,-0.0018,-0.1838,-0.0009,0.9830
78.8580,113.94,42.3171,41.2340,3.0165,0.0607,349.4204,1.9978,1.7463,-0.2351,-0.0028,-0.1836,-0.0011,0.9830
78.8780,113.94,42.3517,41.2293,3.0164,0.0683,349.4343,2.0862,1.7326,-0.2351,-0.0038,-0.1834,-0.0012,0.9830
78.8980,113.94,42.3861,41.2246,3.0163,0.0758,349.4481,2.1724,1.7186,-0.2352,-0.0049,-0.1831,-0.0013,0.9831
78.9180,113.94,42.4202,41.2199,3.0162,0.0832,349.4620,2.2564,1.7045,-0.2352,-0.0060,-0.1829,-0.0015,0.9831
78.9380,113.94,42.4540,41.2152,3.0160,0.0906,349.4759,2.3382,1.6902,-0.2352,-0.0071,-0.1826,-0.0016,0.9832
78.9580,113.94,42.4875,41.2105,3.0159,0.0978,349.4897,2.4178,1.6756,-0.2352,-0.0082,-0.1824,-0.0017,0.9832
78.9780,113.94,42.5207,41.2058,3.0157,0.1049,349.5035,2.4952,1.6609,-0.2352,-0.0093,-0.1822,-0.0018,0.9833
78.9980,113.94,42.5536,41.2011,3.0155,0.1120,349.5174,2.5704,1.6460,-0.2352,-0.0104,-0.1819,-0.0020,0.9833
79.0180,113.94,42.5863,41.1964,3.0152,0.1190,349.5312,2.6434,1.6309,-0.2352,-0.0116,-0.1817,-0.0021,0.9834
79.0380,113.94,42.6186,41.1917,3.0150,0.1258,349.5450,2.7142,1.6157,-0.2352,-0.0128,-0.1815,-0.0022,0.9834
79.0580,113.94,42.6506,41.1870,3.0147,0.1326,349.5587,2.7829,1.6003,-0.2353,-0.0139,-0.1812,-0.0023,0.9834
79.0780,113.94,42.6823,41.1823,3.0144,0.1393,349.5724,2.8494,1.5848,-0.2353,-0.0151,-0.1810,-0.0024,0.9835
79.0980,113.94,42.7137,41.1776,3.0141,0.1459,349.5860,2.9137,1.5691,-0.2353,-0.0163,-0.1808,-0.0025,0.9835
79.1180,113.94,42.7447,41.1729,3.0137,0.1524,349.5996,2.9759,1.5533,-0.2353,-0.0175,-0.1805,-0.0027,0.9836
79.1380,113.94,42.7755,41.1682,3.0133,0.1588,349.6131,3.0360,1.5374,-0.2353,-0.0187,-0.1803,-0.0028,0.9836
79.1580,113.94,42.8059,41.1635,3.0129,0.1651,349.6266,3.0940,1.5213,-0.2353,-0.0200,-0.1801,-0.0029,0.9837
79.1780,113.94,42.8360,41.1588,3.0125,0.1713,349.6400,3.1499,1.5051,-0.2353,-0.0212,-0.1798,-0.0030,0.9837
79.1980,113.94,42.8658,41.1541,3.0121,0.1774,349.6533,3.2037,1.4889,-0.2353,-0.0224,-0.1796,-0.0031,0.9837
79.2180,113.94,42.8952,41.1494,3.0116,0.1835,349.6666,3.2555,1.4725,-0.2353,-0.0237,-0.1794,-0.0032,0.9838
79.2380,113.94,42.9244,41.1447,3.0111,0.1894,349.6797,3.3052,1.4560,-0.2353,-0.0249,-0.1791,-0.0033,0.9838
79.2580,113.94,42.9531,41.1400,3.0106,0.1952,349.6928,3.3529,1.4395,-0.2353,-0.0261,-0.1789,-0.0034,0.9839
79.2780,113.94,42.9816,41.1352,3.0100,0.2009,349.7058,3.3985,1.4229,-0.2353,-0.0274,-0.1787,-0.0035,0.9839
79.2980,113.94,43.0097,41.1305,3.0094,0.2065,349.7187,3.4422,1.4062,-0.2352,-0.0286,-0.1785,-0.0036,0.9839
79.3180,113.94,43.0375,41.1258,3.0089,0.2121,349.7314,3.4838,1.3894,-0.2352,-0.0299,-0.1783,-0.0037,0.9840
79.3380,113.94,43.0650,41.1211,3.0082,0.2175,349.7441,3.5235,1.3726,-0.2352,-0.0311,-0.1780,-0.0038,0.9840
79.3580,113.94,43.0921,41.1164,3.0076,0.2228,349.7567,3.5613,1.3557,-0.2352,-0.0323,-0.1778,-0.0039,0.9841
79.3780,113.94,43.1188,41.1117,3.0069,0.2280,349.7691,3.5972,1.3388,-0.2351,-0.0335,-0.1776,-0.0040,0.9841
79.3980,113.94,43.1453,41.1070,3.0062,0.2332,349.7814,3.6311,1.3218,-0.2351,-0.0348,-0.1774,-0.0041,0.9841
79.4180,113.94,43.1714,41.1023,3.0055,0.2382,349.7937,3.6631,1.3048,-0.2350,-0.0360,-0.1772,-0.0042,0.9842
79.4380,113.94,43.1971,41.0976,3.0048,0.2431,349.8057,3.6933,1.2878,-0.2350,-0.0372,-0.1770,-0.0042,0.9842
79.4580,113.94,43.2226,41.0929,3.0040,0.2480,349.8177,3.7217,1.2708,-0.2349,-0.0384,-0.1768,-0.0043,0.9842
79.4780,112.58,43.2476,41.0882,3.0032,0.2527,349.8295,3.7482,1.2537,-0.2348,-0.0396,-0.1766,-0.0044,0.9843
79.4980,112.58,43.2724,41.0835,3.0024,0.2573,349.8412,3.7729,1.2366,-0.2347,-0.0408,-0.1764,-0.0045,0.9843
79.5180,112.58,43.2967,41.0788,3.0015,0.2618,349.8527,3.7958,1.2196,-0.2347,-0.0420,-0.1762,-0.0046,0.9843
79.5380,112.58,43.3208,41.0742,3.0007,0.2663,349.8641,3.8170,1.2025,-0.2346,-0.0432,-0.1760,-0.0046,0.9844
79.5580,112.58,43.3445,41.0695,2.9998,0.2706,349.8754,3.8365,1.1854,-0.2345,-0.0443,-0.1758,-0.0047,0.9844
79.5780,112.58,43.3679,41.0648,2.9989,0.2748,349.8865,3.8542,1.1684,-0.2343,-0.0455,-0.1756,-0.0048,0.9845
79.5980,112.58,43.3909,41.0601,2.9979,0.2789,349.8975,3.8703,1.1513,-0.2342,-0.0466,-0.1754,-0.0049,0.9845
79.6180,112.58,43.4136,41.0554,2.9970,0.2830,349.9082,3.8847,1.1343,-0.2341,-0.0478,-0.1752,-0.0049,0.9845
79.6380,112.58,43.4359,41.0507,2.9960,0.2869,349.9189,3.8975,1.1173,-0.2339,-0.0489,-0.1750,-0.0050,0.9845
79.6580,112.58,43.4579,41.0461,2.9950,0.2907,349.9294,3.9086,1.1004,-0.2338,-0.0500,-0.1749,-0.0051,0.9846
79.6780,112.58,43.4796,41.0414,2.9940,0.2944,349.9397,3.9182,1.0834,-0.2336,-0.0511,-0.1747,-0.0051,0.9846
79.6980,112.58,43.5009,41.0367,2.9929,0.2981,349.9499,3.9262,1.0666,-0.2334,-0.0522,-0.1745,-0.0052,0.9846
79.7180,112.58,43.5219,41.0321,2.9919,0.3016,349.9599,3.9326,1.0497,-0.2333,-0.0532,-0.1743,-0.0053,0.9847
79.7380,112.58,43.5426,41.0274,2.9908,0.3050,349.9697,3.9376,1.0329,-0.2331,-0.0543,-0.1742,-0.0053,0.9847
79.7580,112.58,43.5629,41.0227,2.9897,0.3083,349.9794,3.9410,1.0162,-0.2329,-0.0553,-0.1740,-0.0054,0.9847
79.7780,112.58,43.5829,41.0181,2.9886,0.3115,349.9889,3.9430,0.9996,-0.2326,-0.0563,-0.1738,-0.0054,0.9848
79.7980,112.58,43.6026,41.0134,2.9874,0.3147,349.9982,3.9435,0.9830,-0.2324,-0.0573,-0.1737,-0.0055,0.9848
79.8180,112.58,43.6219,41.0088,2.9863,0.3177,350.0074,3.9427,0.9664,-0.2322,-0.0583,-0.1735,-0.0055,0.9848
79.8380,112.58,43.6409,41.0042,2.9851,0.3206,350.0164,3.9404,0.9500,-0.2319,-0.0593,-0.1734,-0.0056,0.9848
79.8580,112.58,43.6596,40.9995,2.9839,0.3234,350.0252,3.9368,0.9336,-0.2316,-0.0602,-0.1732,-0.0056,0.9849
79.8780,112.58,43.6779,40.9949,2.9826,0.3262,350.0339,3.9319,0.9173,-0.2314,-0.0612,-0.1731,-0.0057,0.9849
79.8980,112.58,43.6959,40.9903,2.9814,0.3288,350.0423,3.9256,0.9011,-0.2311,-0.0621,-0.1729,-0.0057,0.9849
79.9180,112.58,43.7136,40.9857,2.9801,0.3313,350.0506,3.9181,0.8849,-0.2308,-0.0630,-0.1728,-0.0058,0.9849
79.9380,112.58,43.7310,40.9810,2.9789,0.3337,350.0587,3.9093,0.8689,-0.2305,-0.0639,-0.1726,-0.0058,0.9850
79.9580,112.58,43.7481,40.9764,2.9776,0.3361,350.0667,3.8992,0.8530,-0.2301,-0.0648,-0.1725,-0.0059,0.9850
79.9780,112.58,43.7648,40.9718,2.9763,0.3383,350.0745,3.8880,0.8371,-0.2298,-0.0656,-0.1724,-0.0059,0.9850
79.9980,112.58,43.7812,40.9673,2.9749,0.3405,350.0820,3.8756,0.8214,-0.2295,-0.0664,-0.1722,-0.0059,0.9850
80.0180,112.58,43.7974,40.9627,2.9736,0.3425,350.0894,3.8620,0.8057,-0.2291,-0.0673,-0.1721,-0.0060,0.9851
80.0380,112.58,43.8132,40.9581,2.9722,0.3444,350.0967,3.8474,0.7902,-0.2287,-0.0680,-0.1720,-0.0060,0.9851
80.0580,112.58,43.8287,40.9535,2.9708,0.3463,350.1037,3.8316,0.7748,-0.2283,-0.0688,-0.1719,-0.0060,0.9851
80.0780,112.58,43.8438,40.9490,2.9694,0.3480,350.1106,3.8147,0.7595,-0.2279,-0.0696,-0.1717,-0.0061,0.9851
80.0980,112.58,43.8587,40.9444,2.9680,0.3497,350.1173,3.7968,0.7443,-0.2275,-0.0703,-0.1716,-0.0061,0.9851
80.1180,112.58,43.8733,40.9399,2.9666,0.3513,350.1238,3.7779,0.7292,-0.2271,-0.0710,-0.1715,-0.0061,0.9852
80.1380,112.58,43.8876,40.9353,2.9652,0.3527,350.1302,3.7580,0.7143,-0.2266,-0.0717,-0.1714,-0.0062,0.9852
80.1580,112.58,43.9016,40.9308,2.9637,0.3541,350.1363,3.7371,0.6994,-0.2262,-0.0724,-0.1713,-0.0062,0.9852
80.1780,112.58,43.9153,40.9263,2.9623,0.3554,350.1423,3.7153,0.6848,-0.2257,-0.0730,-0.1712,-0.0062,0.9852
80.1980,112.58,43.9287,40.9218,2.9608,0.3566,350.1481,3.6925,0.6702,-0.2253,-0.0737,-0.1711,-0.0062,0.9852
80.2180,112.58,43.9418,40.9173,2.9593,0.3577,350.1537,3.6689,0.6558,-0.2248,-0.0743,-0.1710,-0.0062,0.9853
80.2380,112.58,43.9546,40.9128,2.9578,0.3587,350.1592,3.6444,0.6415,-0.2243,-0.0749,-0.1709,-0.0063,0.9853
80.2580,112.58,43.9672,40.9084,2.9563,0.3596,350.1645,3.6190,0.6273,-0.2238,-0.0755,-0.1708,-0.0063,0.9853
80.2780,112.58,43.9794,40.9039,2.9548,0.3604,350.1696,3.5929,0.6133,-0.2232,-0.0760,-0.1707,-0.0063,0.9853
80.2980,112.58,43.9914,40.8994,2.9533,0.3611,350.1746,3.5660,0.5994,-0.2227,-0.0765,-0.1706,-0.0063,0.9853
80.3180,112.58,44.0031,40.8950,2.9517,0.3618,350.1794,3.5383,0.5857,-0.2221,-0.0770,-0.1706,-0.0063,0.9853
80.3380,112.58,44.0146,40.8906,2.9502,0.3623,350.1840,3.5098,0.5721,-0.2216,-0.0775,-0.1705,-0.0063,0.9853
80.3580,112.58,44.0258,40.8861,2.9486,0.3628,350.1884,3.4807,0.5586,-0.2210,-0.0780,-0.1704,-0.0063,0.9854
80.3780,112.58,44.0367,40.8817,2.9470,0.3632,350.1927,3.4508,0.5453,-0.2204,-0.0785,-0.1703,-0.0063,0.9854
80.3980,112.58,44.0473,40.8773,2.9455,0.3635,350.1968,3.4203,0.5322,-0.2198,-0.0789,-0.1703,-0.0063,0.9854
80.4180,112.58,44.0577,40.8729,2.9439,0.3637,350.2007,3.3892,0.5192,-0.2192,-0.0793,-0.1702,-0.0063,0.9854
80.4380,112.58,44.0678,40.8686,2.9423,0.3638,350.2045,3.3574,0.5063,-0.2186,-0.0797,-0.1701,-0.0063,0.9854
80.4580,112.58,44.0777,40.8642,2.9407,0.3639,350.2081,3.3251,0.4936,-0.2180,-0.0801,-0.1701,-0.0064,0.9854
80.4780,115.91,44.0873,40.8599,2.9391,0.3638,350.2115,3.2921,0.4811,-0.2173,-0.0804,-0.1700,-0.0063,0.9854
80.4980,115.91,44.0967,40.8555,2.9375,0.3637,350.2148,3.2587,0.4687,-0.2167,-0.0807,-0.1700,-0.0063,0.9854
80.5180,115.91,44.1058,40.8512,2.9358,0.3635,350.2180,3.2247,0.4565,-0.2160,-0.0811,-0.1699,-0.0063,0.9854
80.5380,115.91,44.1147,40.8469,2.9342,0.3632,350.2210,3.1902,0.4444,-0.2153,-0.0813,-0.1698,-0.0063,0.9855
80.5580,115.91,44.1233,40.8426,2.9326,0.3628,350.2238,3.1553,0.4325,-0.2147,-0.0816,-0.1698,-0.0063,0.9855
80.5780,115.91,44.1318,40.8383,2.9309,0.3624,350.2265,3.1199,0.4207,-0.2140,-0.0819,-0.1698,-0.0063,0.9855
80.5980,115.91,44.1399,40.8341,2.9293,0.3619,350.2290,3.0840,0.4091,-0.2133,-0.0821,-0.1697,-0.0063,0.9855
80.6180,115.91,44.1479,40.8298,2.9277,0.3612,350.2314,3.0478,0.3977,-0.2125,-0.0823,-0.1697,-0.0063,0.9855
80.6380,115.91,44.1556,40.8256,2.9260,0.3606,350.2336,3.0112,0.3864,-0.2118,-0.0825,-0.1696,-0.0063,0.9855
80.6580,115.91,44.1631,40.8214,2.9244,0.3598,350.2357,2.9742,0.3753,-0.2111,-0.0827,-0.1696,-0.0063,0.9855
80.6780,115.91,44.1704,40.8172,2.9227,0.3590,350.2377,2.9368,0.3644,-0.2103,-0.0828,-0.1696,-0.0063,0.9855
80.6980,115.91,44.1775,40.8130,2.9210,0.3581,350.2395,2.8992,0.3536,-0.2096,-0.0830,-0.1695,-0.0062,0.9855
80.7180,115.91,44.1844,40.8088,2.9194,0.3571,350.2411,2.8612,0.3430,-0.2088,-0.0831,-0.1695,-0.0062,0.9855
80.7380,115.91,44.1910,40.8046,2.9177,0.3561,350.2426,2.8230,0.3325,-0.2081,-0.0832,-0.1695,-0.0062,0.9855
80.7580,115.91,44.1974,40.8005,2.9160,0.3550,350.2440,2.7845,0.3222,-0.2073,-0.0833,-0.1694,-0.0062,0.9855
80.7780,115.91,44.2037,40.7963,2.9144,0.3538,350.2453,2.7458,0.3121,-0.2065,-0.0833,-0.1694,-0.0062,0.9855
80.7980,115.91,44.2097,40.7922,2.9127,0.3525,350.2464,2.7069,0.3021,-0.2057,-0.0834,-0.1694,-0.0062,0.9855
80.8180,115.91,44.2156,40.7881,2.9110,0.3512,350.2474,2.6677,0.2923,-0.2049,-0.0834,-0.1694,-0.0061,0.9855
80.8380,115.91,44.2212,40.7841,2.9094,0.3498,350.2483,2.6284,0.2827,-0.2041,-0.0834,-0.1694,-0.0061,0.9855
80.8580,115.91,44.2267,40.7800,2.9077,0.3484,350.2490,2.5889,0.2732,-0.2033,-0.0834,-0.1694,-0.0061,0.9855
80.8780,115.91,44.2320,40.7759,2.9060,0.3469,350.2497,2.5493,0.2639,-0.2025,-0.0834,-0.1694,-0.0061,0.9855
80.8980,115.91,44.2371,40.7719,2.9044,0.3453,350.2502,2.5095,0.2547,-0.2016,-0.0834,-0.1693,-0.0060,0.9855
80.9180,115.91,44.2420,40.7679,2.9027,0.3437,350.2505,2.4697,0.2457,-0.2008,-0.0833,-0.1693,-0.0060,0.9855
80.9380,115.91,44.2467,40.7639,2.9010,0.3420,350.2508,2.4298,0.2369,-0.1999,-0.0832,-0.1693,-0.0060,0.9855
80.9580,115.91,44.2513,40.7599,2.8994,0.3402,350.2509,2.3897,0.2283,-0.1991,-0.0831,-0.1693,-0.0059,0.9855
80.9780,115.91,44.2557,40.7559,2.8977,0.3384,350.2510,2.3497,0.2198,-0.1982,-0.0830,-0.1693,-0.0059,0.9855
80.9980,115.91,44.2599,40.7520,2.8961,0.3366,350.2509,2.3096,0.2114,-0.1974,-0.0829,-0.1693,-0.0059,0.9855
81.0180,115.91,44.2640,40.7481,2.8944,0.3346,350.2507,2.2695,0.2032,-0.1965,-0.0828,-0.1693,-0.0058,0.9855
81.0380,115.91,44.2679,40.7442,2.8927,0.3327,350.2504,2.2294,0.1952,-0.1956,-0.0826,-0.1693,-0.0058,0.9855
81.0580,115.91,44.2716,40.7403,2.8911,0.3306,350.2501,2.1893,0.1874,-0.1947,-0.0825,-0.1693,-0.0058,0.9855
81.0780,115.91,44.2752,40.7364,2.8895,0.3286,350.2495,2.1492,0.1797,-0.1939,-0.0823,-0.1694,-0.0057,0.9855
81.0980,115.91,44.2787,40.7325,2.8878,0.3265,350.2490,2.1091,0.1721,-0.1930,-0.0821,-0.1694,-0.0057,0.9855
81.1180,115.91,44.2819,40.7287,2.8862,0.3243,350.2483,2.0692,0.1647,-0.1921,-0.0819,-0.1694,-0.0057,0.9855
81.1380,115.91,44.2851,40.7249,2.8845,0.3221,350.2475,2.0293,0.1575,-0.1912,-0.0817,-0.1694,-0.0056,0.9855
81.1580,115.91,44.2881,40.7211,2.8829,0.3198,350.2466,1.9895,0.1505,-0.1903,-0.0814,-0.1694,-0.0056,0.9855
81.1780,115.91,44.2910,40.7173,2.8813,0.3175,350.2456,1.9498,0.1435,-0.1894,-0.0812,-0.1694,-0.0055,0.9855
81.1980,115.91,44.2937,40.7135,2.8797,0.3152,350.2446,1.9102,0.1368,-0.1885,-0.0809,-0.1694,-0.0055,0.9855
81.2180,115.91,44.2963,40.7097,2.8781,0.3128,350.2434,1.8707,0.1302,-0.1875,-0.0806,-0.1695,-0.0055,0.9855
81.2380,115.91,44.2988,40.7060,2.8765,0.3103,350.2422,1.8314,0.1237,-0.1866,-0.0803,-0.1695,-0.0054,0.9855
81.2580,115.91,44.3011,40.7023,2.8749,0.3079,350.2409,1.7923,0.1174,-0.1857,-0.0800,-0.1695,-0.0054,0.9855
81.2780,115.91,44.3034,40.6986,2.8733,0.3054,350.2395,1.7533,0.1112,-0.1848,-0.0797,-0.1695,-0.0053,0.9855
81.2980,115.91,44.3055,40.6949,2.8717,0.3028,350.2380,1.7145,0.1052,-0.1838,-0.0794,-0.1696,-0.0053,0.9855
81.3180,115.91,44.3075,40.6913,2.8701,0.3002,350.2364,1.6759,0.0994,-0.1829,-0.0791,-0.1696,-0.0052,0.9855
81.3380,115.91,44.3093,40.6876,2.8685,0.2976,350.2348,1.6375,0.0937,-0.1820,-0.0787,-0.1696,-0.0052,0.9855
81.3580,115.91,44.3111,40.6840,2.8669,0.2950,350.2331,1.5993,0.0881,-0.1810,-0.0784,-0.1696,-0.0051,0.9855
81.3780,115.91,44.3127,40.6804,2.8654,0.2923,350.2313,1.5613,0.0827,-0.1801,-0.0780,-0.1697,-0.0051,0.9855
81.3980,115.91,44.3143,40.6768,2.8638,0.2896,350.2295,1.5236,0.0774,-0.1792,-0.0776,-0.1697,-0.0051,0.9855
81.4180,115.91,44.3157,40.6733,2.8623,0.2869,350.2276,1.4862,0.0722,-0.1782,-0.0772,-0.1697,-0.0050,0.9855
81.4380,115.91,44.3171,40.6697,2.8608,0.2841,350.2256,1.4490,0.0672,-0.1773,-0.0768,-0.1698,-0.0050,0.9855
81.4580,115.91,44.3183,40.6662,2.8592,0.2813,350.2236,1.4120,0.0624,-0.1763,-0.0764,-0.1698,-0.0049,0.9855
81.4780,113.97,44.3195,40.6627,2.8577,0.2785,350.2215,1.3754,0.0576,-0.1754,-0.0760,-0.1698,-0.0049,0.9855
81.4980,113.97,44.3205,40.6592,2.8562,0.2757,350.2193,1.3390,0.0530,-0.1744,-0.0756,-0.1699,-0.0048,0.9855
81.5180,113.97,44.3215,40.6557,2.8547,0.2728,350.2171,1.3029,0.0486,-0.1735,-0.0751,-0.1699,-0.0048,0.9854
81.5380,113.97,44.3224,40.6523,2.8532,0.2699,350.2149,1.2671,0.0443,-0.1725,-0.0747,-0.1700,-0.0047,0.9854
81.5580,113.97,44.3232,40.6489,2.8517,0.2670,350.2126,1.2317,0.0401,-0.1716,-0.0742,-0.1700,-0.0047,0.9854
81.5780,113.97,44.3239,40.6454,2.8502,0.2641,350.2102,1.1966,0.0360,-0.1706,-0.0738,-0.1700,-0.0046,0.9854
81.5980,113.97,44.3246,40.6420,2.8488,0.2612,350.2078,1.1618,0.0321,-0.1697,-0.0733,-0.1701,-0.0046,0.9854
81.6180,113.97,44.3251,40.6387,2.8473,0.2583,350.2053,1.1273,0.0282,-0.1687,-0.0728,-0.1701,-0.0045,0.9854
81.6380,113.97,44.3256,40.6353,2.8459,0.2553,350.2028,1.0932,0.0246,-0.1677,-0.0723,-0.1702,-0.0045,0.9854
81.6580,113.97,44.3260,40.6320,2.8444,0.2523,350.2002,1.0594,0.0210,-0.1668,-0.0718,-0.1702,-0.0044,0.9854
81.6780,113.97,44.3264,40.6287,2.8430,0.2493,350.1976,1.0260,0.0175,-0.1658,-0.0713,-0.1702,-0.0044,0.9854
81.6980,113.97,44.3267,40.6254,2.8416,0.2463,350.1950,0.9930,0.0142,-0.1649,-0.0708,-0.1703,-0.0043,0.9854
81.7180,113.97,44.3269,40.6221,2.8402,0.2433,350.1923,0.9603,0.0110,-0.1639,-0.0703,-0.1703,-0.0042,0.9854
81.7380,113.97,44.3271,40.6188,2.8388,0.2403,350.1896,0.9280,0.0079,-0.1630,-0.0698,-0.1704,-0.0042,0.9854
81.7580,113.97,44.3272,40.6156,2.8374,0.2373,350.1869,0.8961,0.0050,-0.1620,-0.0693,-0.1704,-0.0041,0.9854
81.7780,113.97,44.3272,40.6124,2.8360,0.2343,350.1841,0.8646,0.0021,-0.1610,-0.0688,-0.1705,-0.0041,0.9854
81.7980,113.97,44.3272,40.6092,2.8347,0.2313,350.1812,0.8334,-0.0007,-0.1601,-0.0682,-0.1705,-0.0040,0.9853
81.8180,113.97,44.3271,40.6060,2.8333,0.2282,350.1784,0.8027,-0.0033,-0.1591,-0.0677,-0.1706,-0.0040,0.9853
81.8380,113.97,44.3270,40.6028,2.8320,0.2252,350.1755,0.7724,-0.0058,-0.1582,-0.0671,-0.1706,-0.0039,0.9853
81.8580,113.97,44.3268,40.5997,2.8306,0.2222,350.1726,0.7425,-0.0082,-0.1572,-0.0666,-0.1707,-0.0039,0.9853
81.8780,113.97,44.3266,40.5966,2.8293,0.2191,350.1697,0.7129,-0.0106,-0.1563,-0.0660,-0.1707,-0.0038,0.9853
81.8980,113.97,44.3264,40.5935,2.8280,0.2161,350.1668,0.6838,-0.0128,-0.1553,-0.0655,-0.1708,-0.0038,0.9853
81.9180,113.97,44.3261,40.5904,2.8267,0.2131,350.1638,0.6552,-0.0149,-0.1544,-0.0649,-0.1708,-0.0037,0.9853
81.9380,113.97,44.3257,40.5873,2.8254,0.2100,350.1608,0.6269,-0.0169,-0.1534,-0.0643,-0.1709,-0.0037,0.9853
81.9580,113.97,44.3254,40.5843,2.8241,0.2070,350.1578,0.5991,-0.0188,-0.1525,-0.0638,-0.1709,-0.0036,0.9853
81.9780,113.97,44.3249,40.5812,2.8229,0.2040,350.1548,0.5717,-0.0206,-0.1515,-0.0632,-0.1710,-0.0036,0.9853
81.9980,113.97,44.3245,40.5782,2.8216,0.2010,350.1517,0.5447,-0.0224,-0.1506,-0.0626,-0.1710,-0.0035,0.9853
82.0180,113.97,44.3240,40.5752,2.8204,0.1980,350.1487,0.5181,-0.0240,-0.1496,-0.0620,-0.1711,-0.0035,0.9852
82.0380,113.97,44.3235,40.5723,2.8192,0.1950,350.1456,0.4920,-0.0255,-0.1487,-0.0615,-0.1711,-0.0034,0.9852
82.0580,113.97,44.3230,40.5693,2.8179,0.1920,350.1425,0.4663,-0.0270,-0.1477,-0.0609,-0.1712,-0.0034,0.9852
82.0780,113.97,44.3224,40.5664,2.8167,0.1890,350.1394,0.4411,-0.0284,-0.1468,-0.0603,-0.1713,-0.0033,0.9852
82.0980,113.97,44.3218,40.5635,2.8155,0.1860,350.1363,0.4163,-0.0296,-0.1459,-0.0597,-0.1713,-0.0032,0.9852
82.1180,113.97,44.3212,40.5606,2.8144,0.1831,350.1332,0.3919,-0.0308,-0.1449,-0.0591,-0.1714,-0.0032,0.9852
82.1380,113.97,44.3206,40.5577,2.8132,0.1801,350.1301,0.3680,-0.0320,-0.1440,-0.0585,-0.1714,-0.0031,0.9852
82.1580,113.97,44.3199,40.5548,2.8120,0.1772,350.1270,0.3445,-0.0330,-0.1431,-0.0579,-0.1715,-0.0031,0.9852
82.1780,113.97,44.3192,40.5520,2.8109,0.1743,350.1238,0.3215,-0.0339,-0.1421,-0.0573,-0.1715,-0.0030,0.9852
82.1980,113.97,44.3185,40.5491,2.8097,0.1714,350.1207,0.2989,-0.0348,-0.1412,-0.0567,-0.1716,-0.0030,0.9852
82.2180,113.97,44.3178,40.5463,2.8086,0.1685,350.1175,0.2767,-0.0356,-0.1403,-0.0561,-0.1716,-0.0029,0.9852
82.2380,113.97,44.3171,40.5436,2.8075,0.1656,350.1144,0.2550,-0.0364,-0.1393,-0.0555,-0.1717,-0.0029,0.9851
82.2580,113.97,44.3163,40.5408,2.8064,0.1628,350.1113,0.2338,-0.0370,-0.1384,-0.0549,-0.1717,-0.0028,0.9851
82.2780,113.97,44.3156,40.5380,2.8053,0.1599,350.1081,0.2129,-0.0376,-0.1375,-0.0543,-0.1718,-0.0028,0.9851
82.2980,113.97,44.3148,40.5353,2.8043,0.1571,350.1050,0.1926,-0.0381,-0.1366,-0.0537,-0.1718,-0.0027,0.9851
82.3180,113.97,44.3140,40.5326,2.8032,0.1543,350.1019,0.1726,-0.0386,-0.1357,-0.0531,-0.1719,-0.0027,0.9851
82.3380,113.97,44.3133,40.5299,2.8021,0.1516,350.0987,0.1531,-0.0389,-0.1347,-0.0526,-0.1720,-0.0026,0.9851
82.3580,113.97,44.3125,40.5272,2.8011,0.1488,350.0956,0.1340,-0.0393,-0.1338,-0.0520,-0.1720,-0.0026,0.9851
82.3780,113.97,44.3117,40.5246,2.8001,0.1461,350.0925,0.1154,-0.0395,-0.1329,-0.0514,-0.1721,-0.0025,0.9851
82.3980,113.97,44.3109,40.5219,2.7991,0.1434,350.0894,0.0972,-0.0397,-0.1320,-0.0508,-0.1721,-0.0025,0.9851
82.4180,113.97,44.3101,40.5193,2.7981,0.1407,350.0863,0.0795,-0.0399,-0.1311,-0.0502,-0.1722,-0.0025,0.9851
82.4380,113.97,44.3093,40.5167,2.7971,0.1380,350.0832,0.0622,-0.0400,-0.1302,-0.0496,-0.1722,-0.0024,0.9851
82.4580,113.97,44.3085,40.5141,2.7961,0.1354,350.0801,0.0453,-0.0400,-0.1293,-0.0490,-0.1723,-0.0024,0.9850
82.4780,115.37,44.3077,40.5115,2.7951,0.1328,350.0771,0.0288,-0.0400,-0.1284,-0.0484,-0.1723,-0.0023,0.9850
82.4980,115.37,44.3069,40.5090,2.7942,0.1302,350.0740,0.0128,-0.0399,-0.1275,-0.0478,-0.1724,-0.0023,0.9850
82.5180,115.37,44.3061,40.5065,2.7932,0.1276,350.0710,-0.0028,-0.0398,-0.1266,-0.0472,-0.1724,-0.0022,0.9850
82.5380,115.37,44.3053,40.5039,2.7923,0.1251,350.0680,359.9820,-0.0396,-0.1258,-0.0466,-0.1725,-0.0022,0.9850
82.5580,115.37,44.3045,40.5014,2.7914,0.1226,350.0650,359.9672,-0.0394,-0.1249,-0.0461,-0.1725,-0.0021,0.9850
82.5780,115.37,44.3038,40.4990,2.7904,0.1201,350.0620,359.9529,-0.0391,-0.1240,-0.0455,-0.1726,-0.0021,0.9850
82.5980,115.37,44.3030,40.4965,2.7896,0.1177,350.0590,359.9390,-0.0388,-0.1231,-0.0449,-0.1726,-0.0021,0.9850
82.6180,115.37,44.3022,40.4941,2.7887,0.1152,350.0561,359.9254,-0.0384,-0.1222,-0.0443,-0.1727,-0.0020,0.9850
82.6380,115.37,44.3015,40.4916,2.7878,0.1128,350.0531,359.9123,-0.0380,-0.1214,-0.0437,-0.1727,-0.0020,0.9850
82.6580,115.37,44.3007,40.4892,2.7869,0.1105,350.0502,359.8996,-0.0376,-0.1205,-0.0432,-0.1728,-0.0019,0.9850
82.6780,115.37,44.3000,40.4868,2.7861,0.1081,350.0473,359.8873,-0.0371,-0.1196,-0.0426,-0.1728,-0.0019,0.9849
82.6980,115.37,44.2992,40.4844,2.7852,0.1058,350.0444,359.8754,-0.0366,-0.1188,-0.0420,-0.1729,-0.0018,0.9849
82.7180,115.37,44.2985,40.4821,2.7844,0.1035,350.0415,359.8639,-0.0360,-0.1179,-0.0415,-0.1729,-0.0018,0.9849
82.7380,115.37,44.2978,40.4797,2.7836,0.1013,350.0387,359.8528,-0.0355,-0.1170,-0.0409,-0.1730,-0.0018,0.9849
82.7580,115.37,44.2971,40.4774,2.7828,0.0991,350.0359,359.8420,-0.0348,-0.1162,-0.0404,-0.1730,-0.0017,0.9849
82.7780,115.37,44.2964,40.4751,2.7820,0.0969,350.0331,359.8317,-0.0342,-0.1153,-0.0398,-0.1731,-0.0017,0.9849
82.7980,115.37,44.2957,40.4728,2.7812,0.0947,350.0303,359.8217,-0.0335,-0.1145,-0.0393,-0.1731,-0.0017,0.9849
82.8180,115.37,44.2951,40.4706,2.7804,0.0926,350.0276,359.8121,-0.0328,-0.1136,-0.0387,-0.1732,-0.0016,0.9849
82.8380,115.37,44.2944,40.4683,2.7797,0.0905,350.0249,359.8029,-0.0321,-0.1128,-0.0382,-0.1732,-0.0016,0.9849
82.8580,115.37,44.2938,40.4661,2.7789,0.0884,350.0222,359.7940,-0.0313,-0.1120,-0.0376,-0.1733,-0.0015,0.9849
82.8780,115.37,44.2932,40.4638,2.7782,0.0864,350.0195,359.7856,-0.0305,-0.1111,-0.0371,-0.1733,-0.0015,0.9849
82.8980,115.37,44.2926,40.4616,2.7774,0.0844,350.0169,359.7774,-0.0297,-0.1103,-0.0366,-0.1734,-0.0015,0.9849
82.9180,115.37,44.2920,40.4594,2.7767,0.0824,350.0143,359.7697,-0.0289,-0.1095,-0.0360,-0.1734,-0.0014,0.9848
82.9380,115.37,44.2915,40.4573,2.7760,0.0805,350.0117,359.7622,-0.0280,-0.1086,-0.0355,-0.1734,-0.0014,0.9848
82.9580,115.37,44.2909,40.4551,2.7753,0.0786,350.0091,359.7552,-0.0271,-0.1078,-0.0350,-0.1735,-0.0014,0.9848
82.9780,115.37,44.2904,40.4530,2.7746,0.0767,350.0066,359.7484,-0.0263,-0.1070,-0.0345,-0.1735,-0.0013,0.9848
82.9980,115.37,44.2899,40.4508,2.7739,0.0749,350.0041,359.7420,-0.0253,-0.1062,-0.0340,-0.1736,-0.0013,0.9848
83.0180,115.37,44.2894,40.4487,2.7733,0.0731,350.0016,359.7359,-0.0244,-0.1054,-0.0335,-0.1736,-0.0013,0.9848
83.0380,115.37,44.2889,40.4467,2.7726,0.0713,349.9991,359.7302,-0.0235,-0.1046,-0.0330,-0.1737,-0.0012,0.9848
83.0580,115.37,44.2885,40.4446,2.7720,0.0695,349.9967,359.7248,-0.0225,-0.1037,-0.0325,-0.1737,-0.0012,0.9848
83.0780,115.37,44.2881,40.4425,2.7713,0.0678,349.9944,359.7197,-0.0215,-0.1029,-0.0320,-0.1737,-0.0012,0.9848
83.0980,115.37,44.2876,40.4405,2.7707,0.0661,349.9920,359.7149,-0.0206,-0.1021,-0.0315,-0.1738,-0.0012,0.9848
83.1180,115.37,44.2873,40.4385,2.7701,0.0645,349.9897,359.7104,-0.0196,-0.1013,-0.0310,-0.1738,-0.0011,0.9848
83.1380,115.37,44.2869,40.4364,2.7695,0.0629,349.9874,359.7062,-0.0186,-0.1006,-0.0305,-0.1739,-0.0011,0.9848
83.1580,115.37,44.2865,40.4344,2.7689,0.0613,349.9851,359.7024,-0.0176,-0.0998,-0.0300,-0.1739,-0.0011,0.9848
83.1780,115.37,44.2862,40.4325,2.7683,0.0598,349.9829,359.6988,-0.0165,-0.0990,-0.0296,-0.1739,-0.0010,0.9848
83.1980,115.37,44.2859,40.4305,2.7677,0.0582,349.9807,359.6955,-0.0155,-0.0982,-0.0291,-0.1740,-0.0010,0.9847
83.2180,115.37,44.2856,40.4286,2.7671,0.0567,349.9785,359.6925,-0.0145,-0.0974,-0.0286,-0.1740,-0.0010,0.9847
83.2380,115.37,44.2853,40.4266,2.7666,0.0553,349.9764,359.6898,-0.0134,-0.0966,-0.0282,-0.1741,-0.0010,0.9847
83.2580,115.37,44.2851,40.4247,2.7660,0.0539,349.9743,359.6873,-0.0124,-0.0959,-0.0277,-0.1741,-0.0009,0.9847
83.2780,115.37,44.2849,40.4228,2.7655,0.0525,349.9722,359.6851,-0.0113,-0.0951,-0.0273,-0.1741,-0.0009,0.9847
83.2980,115.37,44.2847,40.4209,2.7649,0.0511,349.9702,359.6832,-0.0103,-0.0943,-0.0268,-0.1742,-0.0009,0.9847
83.3180,115.37,44.2845,40.4190,2.7644,0.0498,349.9682,359.6815,-0.0092,-0.0936,-0.0264,-0.1742,-0.0009,0.9847
83.3380,115.37,44.2843,40.4172,2.7639,0.0485,349.9662,359.6801,-0.0082,-0.0928,-0.0260,-0.1742,-0.0008,0.9847
83.3580,115.37,44.2842,40.4153,2.7634,0.0472,349.9643,359.6789,-0.0071,-0.0920,-0.0255,-0.1743,-0.0008,0.9847
83.3780,115.37,44.2840,40.4135,2.7629,0.0460,349.9624,359.6780,-0.0061,-0.0913,-0.0251,-0.1743,-0.0008,0.9847
83.3980,115.37,44.2839,40.4117,2.7624,0.0448,349.9605,359.6773,-0.0050,-0.0905,-0.0247,-0.1743,-0.0008,0.9847
83.4180,115.37,44.2839,40.4099,2.7619,0.0436,349.9586,359.6768,-0.0040,-0.0898,-0.0243,-0.1744,-0.0008,0.9847
83.4380,115.37,44.2838,40.4081,2.7614,0.0425,349.9568,359.6766,-0.0029,-0.0891,-0.0239,-0.1744,-0.0007,0.9847
83.4580,115.37,44.2838,40.4064,2.7609,0.0414,349.9551,359.6766,-0.0019,-0.0883,-0.0235,-0.1744,-0.0007,0.9847
83.4780,115.44,44.2838,40.4046,2.7605,0.0403,349.9533,359.6768,-0.0009,-0.0876,-0.0231,-0.1745,-0.0007,0.9847
83.4980,115.44,44.2838,40.4029,2.7600,0.0393,349.9516,359.6772,0.0002,-0.0869,-0.0227,-0.1745,-0.0007,0.9847
83.5180,115.44,44.2838,40.4011,2.7596,0.0382,349.9500,359.6779,0.0012,-0.0861,-0.0223,-0.1745,-0.0007,0.9847
83.5380,115.44,44.2838,40.3994,2.7591,0.0372,349.9483,359.6787,0.0022,-0.0854,-0.0219,-0.1745,-0.0006,0.9847
83.5580,115.44,44.2839,40.3977,2.7587,0.0363,349.9467,359.6797,0.0032,-0.0847,-0.0216,-0.1746,-0.0006,0.9846
83.5780,0.15,44.2840,40.3961,2.7583,0.0353,349.9451,359.6809,0.0043,-0.0840,-0.0212,-0.1746,-0.0006,0.9846
83.5980,0.15,44.2841,40.3944,2.7579,0.0344,349.9436,359.6823,0.0052,-0.0833,-0.0208,-0.1746,-0.0006,0.9846
83.6180,0.15,44.2842,40.3927,2.7574,0.0336,349.9421,359.6839,0.0062,-0.0825,-0.0205,-0.1746,-0.0006,0.9846
83.6380,0.15,44.2844,40.3911,2.7570,0.0327,349.9406,359.6857,0.0072,-0.0818,-0.0201,-0.1747,-0.0006,0.9846
83.6580,0.15,44.2845,40.3895,2.7566,0.0319,349.9391,359.6876,0.0082,-0.0811,-0.0197,-0.1747,-0.0006,0.9846
83.6780,0.15,44.2847,40.3879,2.7563,0.0311,349.9377,359.6897,0.0092,-0.0804,-0.0194,-0.1747,-0.0005,0.9846
83.6980,0.15,44.2849,40.3863,2.7559,0.0303,349.9364,359.6920,0.0101,-0.0797,-0.0191,-0.1747,-0.0005,0.9846
83.7180,0.15,44.2851,40.3847,2.7555,0.0296,349.9350,359.6944,0.0110,-0.0791,-0.0187,-0.1748,-0.0005,0.9846
83.7380,0.15,44.2854,40.3831,2.7551,0.0289,349.9337,359.6970,0.0120,-0.0784,-0.0184,-0.1748,-0.0005,0.9846
83.7580,0.15,44.2856,40.3816,2.7548,0.0282,349.9324,359.6997,0.0129,-0.0777,-0.0181,-0.1748,-0.0005,0.9846
83.7780,0.15,44.2859,40.3800,2.7544,0.0275,349.9312,359.7025,0.0138,-0.0770,-0.0177,-0.1748,-0.0005,0.9846
83.7980,0.15,44.2862,40.3785,2.7541,0.0269,349.9300,359.7055,0.0147,-0.0763,-0.0174,-0.1749,-0.0005,0.9846
83.8180,0.15,44.2865,40.3770,2.7537,0.0263,349.9288,359.7086,0.0156,-0.0757,-0.0171,-0.1749,-0.0005,0.9846
83.8380,0.15,44.2868,40.3755,2.7534,0.0257,349.9276,359.7119,0.0164,-0.0750,-0.0168,-0.1749,-0.0004,0.9846
83.8580,0.15,44.2872,40.3740,2.7531,0.0251,349.9265,359.7153,0.0173,-0.0743,-0.0165,-0.1749,-0.0004,0.9846
83.8780,0.15,44.2875,40.3725,2.7527,0.0246,349.9254,359.7188,0.0181,-0.0737,-0.0162,-0.1749,-0.0004,0.9846
83.8980,0.15,44.2879,40.3711,2.7524,0.0240,349.9244,359.7224,0.0189,-0.0730,-0.0159,-0.1749,-0.0004,0.9846
83.9180,0.15,44.2883,40.3696,2.7521,0.0235,349.9234,359.7261,0.0197,-0.0724,-0.0156,-0.1750,-0.0004,0.9846
83.9380,0.15,44.2887,40.3682,2.7518,0.0231,349.9224,359.7299,0.0205,-0.0717,-0.0154,-0.1750,-0.0004,0.9846
83.9580,0.15,44.2892,40.3668,2.7515,0.0226,349.9214,359.7339,0.0213,-0.0711,-0.0151,-0.1750,-0.0004,0.9846
83.9780,0.15,44.2896,40.3654,2.7512,0.0222,349.9205,359.7379,0.0220,-0.0704,-0.0148,-0.1750,-0.0004,0.9846
83.9980,0.15,44.2901,40.3640,2.7509,0.0218,349.9196,359.7420,0.0228,-0.0698,-0.0145,-0.1750,-0.0004,0.9846
84.0180,0.15,44.2905,40.3626,2.7506,0.0214,349.9187,359.7462,0.0235,-0.0691,-0.0143,-0.1750,-0.0004,0.9846
84.0380,0.15,44.2910,40.3612,2.7503,0.0210,349.9178,359.7505,0.0242,-0.0685,-0.0140,-0.1751,-0.0004,0.9846
84.0580,0.15,44.2915,40.3599,2.7501,0.0207,349.9170,359.7549,0.0249,-0.0679,-0.0138,-0.1751,-0.0004,0.9846
84.0780,0.15,44.2920,40.3585,2.7498,0.0204,349.9162,359.7593,0.0256,-0.0673,-0.0135,-0.1751,-0.0004,0.9846
84.0980,0.15,44.2925,40.3572,2.7495,0.0201,349.9155,359.7638,0.0262,-0.0666,-0.0133,-0.1751,-0.0004,0.9846
84.1180,0.15,44.2931,40.3559,2.7493,0.0198,349.9147,359.7684,0.0269,-0.0660,-0.0130,-0.1751,-0.0003,0.9845
84.1380,0.15,44.2936,40.3546,2.7490,0.0195,349.9140,359.7730,0.0275,-0.0654,-0.0128,-0.1751,-0.0003,0.9845
84.1580,0.15,44.2942,40.3533,2.7488,0.0193,349.9134,359.7777,0.0281,-0.0648,-0.0126,-0.1751,-0.0003,0.9845
84.1780,0.15,44.2948,40.3520,2.7485,0.0190,349.9127,359.7825,0.0287,-0.0642,-0.0123,-0.1751,-0.0003,0.9845
84.1980,0.15,44.2954,40.3507,2.7483,0.0188,349.9121,359.7873,0.0293,-0.0636,-0.0121,-0.1752,-0.0003,0.9845
84.2180,0.15,44.2959,40.3494,2.7480,0.0186,349.9115,359.7921,0.0298,-0.0630,-0.0119,-0.1752,-0.0003,0.9845
84.2380,0.15,44.2966,40.3482,2.7478,0.0185,349.9109,359.7970,0.0304,-0.0624,-0.0117,-0.1752,-0.0003,0.9845
84.2580,0.15,44.2972,40.3470,2.7476,0.0183,349.9104,359.8019,0.0309,-0.0618,-0.0115,-0.1752,-0.0003,0.9845
84.2780,0.15,44.2978,40.3457,2.7474,0.0182,349.9099,359.8069,0.0314,-0.0612,-0.0112,-0.1752,-0.0003,0.9845
84.2980,0.15,44.2984,40.3445,2.7471,0.0180,349.9094,359.8119,0.0319,-0.0606,-0.0110,-0.1752,-0.0003,0.9845
84.3180,0.15,44.2991,40.3433,2.7469,0.0179,349.9089,359.8170,0.0323,-0.0601,-0.0108,-0.1752,-0.0003,0.9845
84.3380,0.15,44.2997,40.3421,2.7467,0.0178,349.9084,359.8220,0.0328,-0.0595,-0.0106,-0.1752,-0.0003,0.9845
84.3580,0.15,44.3004,40.3410,2.7465,0.0177,349.9081,359.8271,0.0332,-0.0589,-0.0105,-0.1752,-0.0003,0.9845
84.3780,0.15,44.3011,40.3398,2.7463,0.0177,349.9077,359.8322,0.0336,-0.0583,-0.0103,-0.1752,-0.0003,0.9845
84.3980,0.15,44.3018,40.3386,2.7461,0.0176,349.9073,359.8373,0.0340,-0.0578,-0.0101,-0.1752,-0.0003,0.9845
84.4180,0.15,44.3024,40.3375,2.7459,0.0176,349.9070,359.8424,0.0344,-0.0572,-0.0099,-0.1752,-0.0003,0.9845
84.4380,0.15,44.3031,40.3364,2.7457,0.0175,349.9066,359.8476,0.0347,-0.0567,-0.0097,-0.1753,-0.0003,0.9845
84.4580,0.15,44.3038,40.3352,2.7455,0.0175,349.9063,359.8527,0.0351,-0.0561,-0.0096,-0.1753,-0.0003,0.9845
84.4780,0.15,44.3045,40.3341,2.7453,0.0175,349.9060,359.8579,0.0354,-0.0556,-0.0094,-0.1753,-0.0003,0.9845
84.4980,0.15,44.3053,40.3330,2.7451,0.0175,349.9058,359.8630,0.0357,-0.0550,-0.0092,-0.1753,-0.0003,0.9845
84.5180,0.15,44.3060,40.3319,2.7450,0.0176,349.9055,359.8682,0.0360,-0.0545,-0.0091,-0.1753,-0.0003,0.9845
84.5380,0.15,44.3067,40.3308,2.7448,0.0176,349.9053,359.8734,0.0362,-0.0539,-0.0089,-0.1753,-0.0003,0.9845
84.5580,0.15,44.3074,40.3298,2.7446,0.0176,349.9051,359.8785,0.0365,-0.0534,-0.0087,-0.1753,-0.0003,0.9845
84.5780,0.15,44.3082,40.3287,2.7444,0.0177,349.9049,359.8836,0.0367,-0.0529,-0.0086,-0.1753,-0.0003,0.9845
84.5980,0.15,44.3089,40.3277,2.7443,0.0178,349.9048,359.8887,0.0369,-0.0524,-0.0084,-0.1753,-0.0003,0.9845
84.6180,0.15,44.3097,40.3266,2.7441,0.0178,349.9047,359.8938,0.0371,-0.0518,-0.0083,-0.1753,-0.0003,0.9845
84.6380,0.15,44.3104,40.3256,2.7439,0.0179,349.9045,359.8989,0.0373,-0.0513,-0.0082,-0.1753,-0.0003,0.9845
84.6580,0.15,44.3112,40.3246,2.7438,0.0180,349.9044,359.9040,0.0375,-0.0508,-0.0080,-0.1753,-0.0003,0.9845
84.6780,0.15,44.3119,40.3236,2.7436,0.0181,349.9044,359.9090,0.0376,-0.0503,-0.0079,-0.1753,-0.0003,0.9845
84.6980,0.15,44.3127,40.3226,2.7435,0.0182,349.9043,359.9140,0.0378,-0.0498,-0.0077,-0.1753,-0.0003,0.9845
84.7180,0.15,44.3134,40.3216,2.7433,0.0183,349.9043,359.9190,0.0379,-0.0493,-0.0076,-0.1753,-0.0003,0.9845
84.7380,0.15,44.3142,40.3206,2.7432,0.0184,349.9042,359.9240,0.0380,-0.0488,-0.0075,-0.1753,-0.0003,0.9845
84.7580,0.15,44.3149,40.3197,2.7430,0.0186,349.9042,359.9289,0.0380,-0.0483,-0.0074,-0.1753,-0.0003,0.9845
84.7780,0.15,44.3157,40.3187,2.7429,0.0187,349.9042,359.9338,0.0381,-0.0478,-0.0072,-0.1753,-0.0003,0.9845
84.7980,0.15,44.3165,40.3178,2.7427,0.0189,349.9042,359.9386,0.0381,-0.0473,-0.0071,-0.1753,-0.0003,0.9845
84.8180,0.15,44.3172,40.3168,2.7426,0.0190,349.9043,359.9435,0.0382,-0.0468,-0.0070,-0.1753,-0.0003,0.9845
84.8380,10.51,44.3180,40.3159,2.7424,0.0192,349.9043,359.9482,0.0382,-0.0463,-0.0069,-0.1753,-0.0003,0.9845
84.8580,10.51,44.3187,40.3150,2.7423,0.0193,349.9044,359.9530,0.0382,-0.0458,-0.0068,-0.1753,-0.0003,0.9845
84.8780,10.51,44.3195,40.3141,2.7422,0.0195,349.9045,359.9577,0.0382,-0.0454,-0.0067,-0.1753,-0.0003,0.9845
84.8980,10.51,44.3203,40.3132,2.7420,0.0197,349.9046,359.9623,0.0381,-0.0449,-0.0066,-0.1753,-0.0003,0.9845
84.9180,10.51,44.3210,40.3123,2.7419,0.0199,349.9047,359.9669,0.0381,-0.0444,-0.0065,-0.1753,-0.0003,0.9845
84.9380,10.51,44.3218,40.3114,2.7418,0.0200,349.9048,359.9715,0.0380,-0.0440,-0.0064,-0.1753,-0.0003,0.9845
84.9580,10.51,44.3226,40.3106,2.7417,0.0202,349.9049,359.9760,0.0380,-0.0435,-0.0063,-0.1753,-0.0004,0.9845
84.9780,10.51,44.3233,40.3097,2.7415,0.0204,349.9051,359.9804,0.0379,-0.0430,-0.0062,-0.1753,-0.0004,0.9845
84.9980,10.51,44.3241,40.3088,2.7414,0.0206,349.9053,359.9848,0.0378,-0.0426,-0.0061,-0.1753,-0.0004,0.9845
85.0180,10.51,44.3248,40.3080,2.7413,0.0208,349.9054,359.9892,0.0377,-0.0421,-0.0060,-0.1753,-0.0004,0.9845
85.0380,10.51,44.3256,40.3072,2.7412,0.0210,349.9056,359.9935,0.0375,-0.0417,-0.0059,-0.1753,-0.0004,0.9845
85.0580,10.51,44.3263,40.3063,2.7411,0.0212,349.9058,-0.0023,0.0374,-0.0412,-0.0058,-0.1753,-0.0004,0.9845
85.0780,10.51,44.3271,40.3055,2.7409,0.0214,349.9060,0.0019,0.0372,-0.0408,-0.0057,-0.1753,-0.0004,0.9845
85.0980,10.51,44.3278,40.3047,2.7408,0.0216,349.9062,0.0060,0.0371,-0.0404,-0.0056,-0.1753,-0.0004,0.9845
85.1180,10.51,44.3285,40.3039,2.7407,0.0218,349.9065,0.0101,0.0369,-0.0399,-0.0055,-0.1753,-0.0004,0.9845
85.1380,10.51,44.3293,40.3031,2.7406,0.0220,349.9067,0.0140,0.0367,-0.0395,-0.0055,-0.1753,-0.0004,0.9845
85.1580,10.51,44.3300,40.3023,2.7405,0.0222,349.9069,0.0180,0.0365,-0.0391,-0.0054,-0.1752,-0.0004,0.9845
85.1780,10.51,44.3307,40.3016,2.7404,0.0225,349.9072,0.0219,0.0363,-0.0387,-0.0053,-0.1752,-0.0004,0.9845
85.1980,10.51,44.3314,40.3008,2.7403,0.0227,349.9074,0.0257,0.0360,-0.0382,-0.0052,-0.1752,-0.0004,0.9845
85.2180,10.51,44.3322,40.3001,2.7402,0.0229,349.9077,0.0294,0.0358,-0.0378,-0.0052,-0.1752,-0.0004,0.9845
85.2380,10.51,44.3329,40.2993,2.7401,0.0231,349.9080,0.0331,0.0356,-0.0374,-0.0051,-0.1752,-0.0004,0.9845
85.2580,10.51,44.3336,40.2986,2.7400,0.0233,349.9083,0.0367,0.0353,-0.0370,-0.0050,-0.1752,-0.0004,0.9845
85.2780,2.99,44.3343,40.2978,2.7399,0.0235,349.9086,0.0402,0.0350,-0.0366,-0.0050,-0.1752,-0.0004,0.9845
85.2980,2.99,44.3350,40.2971,2.7398,0.0237,349.9089,0.0437,0.0347,-0.0362,-0.0049,-0.1752,-0.0004,0.9845
85.3180,2.99,44.3357,40.2964,2.7397,0.0240,349.9092,0.0471,0.0344,-0.0358,-0.0048,-0.1752,-0.0004,0.9845
85.3380,2.99,44.3363,40.2957,2.7396,0.0242,349.9095,0.0505,0.0341,-0.0354,-0.0048,-0.1752,-0.0004,0.9845
85.3580,2.99,44.3370,40.2950,2.7395,0.0244,349.9098,0.0537,0.0338,-0.0350,-0.0047,-0.1752,-0.0004,0.9845
85.3780,2.99,44.3377,40.2943,2.7394,0.0246,349.9102,0.0569,0.0335,-0.0346,-0.0046,-0.1752,-0.0004,0.9845
85.3980,2.99,44.3384,40.2936,2.7393,0.0248,349.9105,0.0601,0.0332,-0.0342,-0.0046,-0.1752,-0.0004,0.9845
85.4180,2.99,44.3390,40.2929,2.7392,0.0250,349.9108,0.0631,0.0328,-0.0338,-0.0045,-0.1752,-0.0004,0.9845
85.4380,2.99,44.3397,40.2923,2.7391,0.0252,349.9111,0.0661,0.0325,-0.0335,-0.0045,-0.1752,-0.0004,0.9845
85.4580,2.99,44.3403,40.2916,2.7391,0.0254,349.9115,0.0690,0.0321,-0.0331,-0.0044,-0.1752,-0.0004,0.9845
85.4780,2.99,44.3409,40.2909,2.7390,0.0256,349.9118,0.0719,0.0318,-0.0327,-0.0043,-0.1752,-0.0004,0.9845
85.4980,2.99,44.3416,40.2903,2.7389,0.0258,349.9122,0.0746,0.0314,-0.0323,-0.0043,-0.1752,-0.0005,0.9845
85.5180,2.99,44.3422,40.2897,2.7388,0.0260,349.9125,0.0773,0.0310,-0.0320,-0.0042,-0.1752,-0.0005,0.9845
85.5380,2.99,44.3428,40.2890,2.7387,0.0262,349.9129,0.0800,0.0306,-0.0316,-0.0042,-0.1751,-0.0005,0.9845
85.5580,2.99,44.3434,40.2884,2.7386,0.0264,349.9133,0.0825,0.0302,-0.0313,-0.0041,-0.1751,-0.0005,0.9845
85.5780,2.99,44.3440,40.2878,2.7386,0.0266,349.9136,0.0850,0.0298,-0.0309,-0.0041,-0.1751,-0.0005,0.9845
85.5980,2.99,44.3446,40.2872,2.7385,0.0268,349.9140,0.0874,0.0294,-0.0305,-0.0040,-0.1751,-0.0005,0.9845
85.6180,2.99,44.3452,40.2866,2.7384,0.0270,349.9144,0.0897,0.0290,-0.0302,-0.0040,-0.1751,-0.0005,0.9845
85.6380,2.99,44.3457,40.2860,2.7383,0.0271,349.9147,0.0920,0.0286,-0.0298,-0.0039,-0.1751,-0.0005,0.9845
85.6580,2.99,44.3463,40.2854,2.7382,0.0273,349.9151,0.0942,0.0282,-0.0295,-0.0039,-0.1751,-0.0005,0.9845
85.6780,2.99,44.3469,40.2848,2.7382,0.0275,349.9155,0.0963,0.0278,-0.0292,-0.0039,-0.1751,-0.0005,0.9846
85.6980,2.99,44.3474,40.2842,2.7381,0.0277,349.9159,0.0984,0.0273,-0.0288,-0.0038,-0.1751,-0.0005,0.9846
85.7180,2.99,44.3480,40.2836,2.7380,0.0278,349.9162,0.1004,0.0269,-0.0285,-0.0038,-0.1751,-0.0005,0.9846
85.7380,2.99,44.3485,40.2831,2.7379,0.0280,349.9166,0.1023,0.0264,-0.0281,-0.0037,-0.1751,-0.0005,0.9846
85.7580,2.99,44.3490,40.2825,2.7379,0.0282,349.9170,0.1041,0.0260,-0.0278,-0.0037,-0.1751,-0.0005,0.9846
85.7780,2.99,44.3495,40.2820,2.7378,0.0283,349.9174,0.1059,0.0256,-0.0275,-0.0036,-0.1751,-0.0005,0.9846
85.7980,2.99,44.3500,40.2814,2.7377,0.0285,349.9178,0.1076,0.0251,-0.0272,-0.0036,-0.1751,-0.0005,0.9846
85.8180,2.99,44.3505,40.2809,2.7376,0.0286,349.9181,0.1092,0.0246,-0.0268,-0.0036,-0.1751,-0.0005,0.9846
85.8380,2.99,44.3510,40.2804,2.7376,0.0287,349.9185,0.1108,0.0242,-0.0265,-0.0035,-0.1750,-0.0005,0.9846
85.8580,2.99,44.3515,40.2798,2.7375,0.0289,349.9189,0.1122,0.0237,-0.0262,-0.0035,-0.1750,-0.0005,0.9846
85.8780,2.99,44.3519,40.2793,2.7374,0.0290,349.9193,0.1137,0.0232,-0.0259,-0.0034,-0.1750,-0.0005,0.9846
85.8980,2.99,44.3524,40.2788,2.7374,0.0291,349.9196,0.1150,0.0228,-0.0256,-0.0034,-0.1750,-0.0005,0.9846
85.9180,2.99,44.3528,40.2783,2.7373,0.0292,349.9200,0.1163,0.0223,-0.0253,-0.0034,-0.1750,-0.0005,0.9846
85.9380,2.99,44.3533,40.2778,2.7372,0.0294,349.9204,0.1175,0.0218,-0.0250,-0.0033,-0.1750,-0.0005,0.9846
85.9580,2.99,44.3537,40.2773,2.7372,0.0295,349.9207,0.1186,0.0213,-0.0247,-0.0033,-0.1750,-0.0005,0.9846
85.9780,2.99,44.3541,40.2768,2.7371,0.0296,349.9211,0.1197,0.0209,-0.0244,-0.0032,-0.1750,-0.0005,0.9846
85.9980,2.99,44.3545,40.2763,2.7370,0.0297,349.9215,0.1207,0.0204,-0.0241,-0.0032,-0.1750,-0.0005,0.9846
86.0180,2.99,44.3549,40.2759,2.7370,0.0298,349.9218,0.1217,0.0199,-0.0238,-0.0032,-0.1750,-0.0005,0.9846
86.0380,2.99,44.3553,40.2754,2.7369,0.0299,349.9222,0.1226,0.0194,-0.0235,-0.0031,-0.1750,-0.0005,0.9846
86.0580,2.99,44.3557,40.2749,2.7368,0.0299,349.9226,0.1234,0.0189,-0.0232,-0.0031,-0.1750,-0.0005,0.9846
86.0780,2.99,44.3560,40.2745,2.7368,0.0300,349.9229,0.1241,0.0185,-0.0229,-0.0031,-0.1750,-0.0005,0.9846
86.0980,2.99,44.3564,40.2740,2.7367,0.0301,349.9233,0.1248,0.0180,-0.0226,-0.0030,-0.1750,-0.0005,0.9846
86.1180,2.99,44.3568,40.2736,2.7367,0.0302,349.9236,0.1255,0.0175,-0.0223,-0.0030,-0.1750,-0.0005,0.9846
86.1380,2.99,44.3571,40.2731,2.7366,0.0302,349.9240,0.1260,0.0170,-0.0221,-0.0030,-0.1750,-0.0005,0.9846
86.1580,2.99,44.3574,40.2727,2.7365,0.0303,349.9243,0.1265,0.0165,-0.0218,-0.0029,-0.1749,-0.0005,0.9846
86.1780,2.99,44.3578,40.2723,2.7365,0.0303,349.9247,0.1270,0.0160,-0.0215,-0.0029,-0.1749,-0.0005,0.9846
86.1980,2.99,44.3581,40.2718,2.7364,0.0304,349.9250,0.1274,0.0155,-0.0212,-0.0029,-0.1749,-0.0005,0.9846
86.2180,2.99,44.3584,40.2714,2.7364,0.0304,349.9254,0.1277,0.0151,-0.0210,-0.0028,-0.1749,-0.0005,0.9846
86.2380,2.99,44.3587,40.2710,2.7363,0.0305,349.9257,0.1280,0.0146,-0.0207,-0.0028,-0.1749,-0.0005,0.9846
86.2580,2.99,44.3589,40.2706,2.7363,0.0305,349.9260,0.1282,0.0141,-0.0205,-0.0028,-0.1749,-0.0005,0.9846
86.2780,110.26,44.3592,40.2702,2.7362,0.0305,349.9263,0.1284,0.0136,-0.0202,-0.0027,-0.1749,-0.0005,0.9846
86.2980,110.26,44.3595,40.2698,2.7362,0.0305,349.9267,0.1285,0.0131,-0.0199,-0.0027,-0.1749,-0.0005,0.9846
86.3180,110.26,44.3597,40.2694,2.7361,0.0305,349.9270,0.1285,0.0127,-0.0197,-0.0027,-0.1749,-0.0005,0.9846
86.3380,110.26,44.3600,40.2690,2.7361,0.0306,349.9273,0.1285,0.0122,-0.0194,-0.0026,-0.1749,-0.0005,0.9846
86.3580,110.26,44.3602,40.2686,2.7360,0.0306,349.9276,0.1285,0.0117,-0.0192,-0.0026,-0.1749,-0.0005,0.9846
86.3780,110.26,44.3604,40.2683,2.7360,0.0306,349.9279,0.1284,0.0112,-0.0189,-0.0026,-0.1749,-0.0005,0.9846
86.3980,110.26,44.3606,40.2679,2.7359,0.0305,349.9282,0.1282,0.0108,-0.0187,-0.0025,-0.1749,-0.0005,0.9846
86.4180,110.26,44.3608,40.2675,2.7358,0.0305,349.9285,0.1280,0.0103,-0.0184,-0.0025,-0.1749,-0.0005,0.9846
86.4380,110.26,44.3610,40.2671,2.7358,0.0305,349.9288,0.1278,0.0098,-0.0182,-0.0025,-0.1749,-0.0005,0.9846
86.4580,110.26,44.3612,40.2668,2.7358,0.0305,349.9291,0.1274,0.0094,-0.0180,-0.0024,-0.1749,-0.0005,0.9846
86.4780,110.26,44.3614,40.2664,2.7357,0.0304,349.9294,0.1271,0.0089,-0.0177,-0.0024,-0.1749,-0.0005,0.9846
86.4980,110.26,44.3616,40.2661,2.7357,0.0304,349.9296,0.1267,0.0085,-0.0175,-0.0024,-0.1749,-0.0005,0.9846
86.5180,110.26,44.3617,40.2657,2.7356,0.0304,349.9299,0.1263,0.0080,-0.0173,-0.0023,-0.1749,-0.0005,0.9846
86.5380,110.26,44.3619,40.2654,2.7356,0.0303,349.9302,0.1258,0.0076,-0.0170,-0.0023,-0.1748,-0.0005,0.9846
86.5580,110.26,44.3620,40.2651,2.7355,0.0303,349.9304,0.1252,0.0071,-0.0168,-0.0023,-0.1748,-0.0005,0.9846
86.5780,110.26,44.3622,40.2647,2.7355,0.0302,349.9307,0.1247,0.0067,-0.0166,-0.0022,-0.1748,-0.0005,0.9846
86.5980,110.26,44.3623,40.2644,2.7354,0.0301,349.9309,0.1241,0.0062,-0.0163,-0.0022,-0.1748,-0.0005,0.9846
86.6180,110.26,44.3624,40.2641,2.7354,0.0301,349.9312,0.1234,0.0058,-0.0161,-0.0022,-0.1748,-0.0005,0.9846
86.6380,110.26,44.3625,40.2638,2.7353,0.0300,349.9314,0.1227,0.0054,-0.0159,-0.0021,-0.1748,-0.0005,0.9846
86.6580,110.26,44.3626,40.2635,2.7353,0.0299,349.9317,0.1220,0.0050,-0.0157,-0.0021,-0.1748,-0.0005,0.9846
86.6780,110.26,44.3627,40.2631,2.7353,0.0298,349.9319,0.1212,0.0045,-0.0155,-0.0021,-0.1748,-0.0005,0.9846
86.6980,110.26,44.3628,40.2628,2.7352,0.0297,349.9321,0.1204,0.0041,-0.0153,-0.0020,-0.1748,-0.0005,0.9846
86.7180,110.26,44.3629,40.2625,2.7352,0.0297,349.9323,0.1196,0.0037,-0.0151,-0.0020,-0.1748,-0.0005,0.9846
86.7380,110.26,44.3629,40.2622,2.7351,0.0296,349.9326,0.1187,0.0033,-0.0148,-0.0020,-0.1748,-0.0005,0.9846
86.7580,110.26,44.3630,40.2619,2.7351,0.0294,349.9328,0.1178,0.0029,-0.0146,-0.0019,-0.1748,-0.0005,0.9846
86.7780,110.26,44.3630,40.2617,2.7351,0.0293,349.9330,0.1168,0.0025,-0.0144,-0.0019,-0.1748,-0.0005,0.9846
86.7980,110.26,44.3631,40.2614,2.7350,0.0292,349.9332,0.1158,0.0021,-0.0142,-0.0019,-0.1748,-0.0005,0.9846
86.8180,110.26,44.3631,40.2611,2.7350,0.0291,349.9333,0.1148,0.0017,-0.0140,-0.0018,-0.1748,-0.0005,0.9846
86.8380,110.26,44.3631,40.2608,2.7350,0.0290,349.9335,0.1138,0.0013,-0.0138,-0.0018,-0.1748,-0.0005,0.9846
86.8580,110.26,44.3632,40.2605,2.7349,0.0288,349.9337,0.1127,0.0009,-0.0136,-0.0018,-0.1748,-0.0005,0.9846
86.8780,110.26,44.3632,40.2603,2.7349,0.0287,349.9339,0.1116,0.0006,-0.0134,-0.0017,-0.1748,-0.0005,0.9846
86.8980,110.26,44.3632,40.2600,2.7349,0.0286,349.9341,0.1105,0.0002,-0.0133,-0.0017,-0.1748,-0.0005,0.9846
86.9180,110.26,44.3632,40.2597,2.7348,0.0284,349.9342,0.1093,-0.0002,-0.0131,-0.0017,-0.1748,-0.0005,0.9846
86.9380,110.26,44.3632,40.2595,2.7348,0.0283,349.9344,0.1082,-0.0005,-0.0129,-0.0016,-0.1748,-0.0005,0.9846
86.9580,110.26,44.3631,40.2592,2.7348,0.0281,349.9345,0.1070,-0.0009,-0.0127,-0.0016,-0.1748,-0.0005,0.9846
86.9780,110.26,44.3631,40.2590,2.7347,0.0280,349.9347,0.1057,-0.0012,-0.0125,-0.0016,-0.1748,-0.0005,0.9846
86.9980,110.26,44.3631,40.2587,2.7347,0.0278,349.9348,0.1045,-0.0016,-0.0123,-0.0015,-0.1748,-0.0005,0.9846
87.0180,110.26,44.3630,40.2585,2.7347,0.0277,349.9350,0.1032,-0.0019,-0.0121,-0.0015,-0.1748,-0.0005,0.9846
87.0380,110.26,44.3630,40.2582,2.7346,0.0275,349.9351,0.1019,-0.0023,-0.0120,-0.0015,-0.1748,-0.0005,0.9846
87.0580,110.26,44.3629,40.2580,2.7346,0.0273,349.9352,0.1006,-0.0026,-0.0118,-0.0014,-0.1748,-0.0005,0.9846
87.0780,110.26,44.3629,40.2578,2.7346,0.0271,349.9354,0.0993,-0.0029,-0.0116,-0.0014,-0.1748,-0.0005,0.9846
87.0980,110.26,44.3628,40.2575,2.7345,0.0270,349.9355,0.0979,-0.0032,-0.0114,-0.0014,-0.1748,-0.0005,0.9846
87.1180,110.26,44.3628,40.2573,2.7345,0.0268,349.9356,0.0966,-0.0035,-0.0113,-0.0013,-0.1748,-0.0005,0.9846
87.1380,110.26,44.3627,40.2571,2.7345,0.0266,349.9357,0.0952,-0.0039,-0.0111,-0.0013,-0.1748,-0.0005,0.9846
87.1580,110.26,44.3626,40.2569,2.7345,0.0264,349.9358,0.0938,-0.0042,-0.0109,-0.0012,-0.1748,-0.0005,0.9846
87.1780,110.26,44.3625,40.2567,2.7344,0.0262,349.9359,0.0924,-0.0044,-0.0108,-0.0012,-0.1747,-0.0005,0.9846
87.1980,110.26,44.3624,40.2565,2.7344,0.0260,349.9360,0.0910,-0.0047,-0.0106,-0.0012,-0.1747,-0.0005,0.9846
87.2180,110.26,44.3623,40.2562,2.7344,0.0258,349.9361,0.0895,-0.0050,-0.0104,-0.0011,-0.1747,-0.0005,0.9846
87.2380,110.26,44.3622,40.2560,2.7344,0.0256,349.9362,0.0881,-0.0053,-0.0103,-0.0011,-0.1747,-0.0004,0.9846
87.2580,110.26,44.3621,40.2558,2.7344,0.0254,349.9362,0.0866,-0.0056,-0.0101,-0.0011,-0.1747,-0.0004,0.9846
87.2780,112.77,44.3620,40.2556,2.7343,0.0252,349.9363,0.0851,-0.0058,-0.0100,-0.0010,-0.1747,-0.0004,0.9846
87.2980,112.77,44.3619,40.2554,2.7343,0.0250,349.9364,0.0836,-0.0061,-0.0098,-0.0010,-0.1747,-0.0004,0.9846
87.3180,112.77,44.3617,40.2552,2.7343,0.0247,349.9365,0.0822,-0.0063,-0.0097,-0.0010,-0.1747,-0.0004,0.9846
87.3380,112.77,44.3616,40.2551,2.7343,0.0245,349.9365,0.0807,-0.0066,-0.0095,-0.0009,-0.1747,-0.0004,0.9846
87.3580,112.77,44.3615,40.2549,2.7343,0.0243,349.9366,0.0791,-0.0068,-0.0093,-0.0009,-0.1747,-0.0004,0.9846
87.3780,112.77,44.3613,40.2547,2.7342,0.0241,349.9366,0.0776,-0.0071,-0.0092,-0.0009,-0.1747,-0.0004,0.9846
87.3980,112.77,44.3612,40.2545,2.7342,0.0238,349.9367,0.0761,-0.0073,-0.0091,-0.0008,-0.1747,-0.0004,0.9846
87.4180,112.77,44.3610,40.2543,2.7342,0.0236,349.9367,0.0746,-0.0075,-0.0089,-0.0008,-0.1747,-0.0004,0.9846
87.4380,112.77,44.3609,40.2542,2.7342,0.0234,349.9367,0.0731,-0.0077,-0.0088,-0.0007,-0.1747,-0.0004,0.9846
87.4580,112.77,44.3607,40.2540,2.7342,0.0231,349.9368,0.0715,-0.0080,-0.0086,-0.0007,-0.1747,-0.0004,0.9846
87.4780,112.77,44.3605,40.2538,2.7342,0.0229,349.9368,0.0700,-0.0082,-0.0085,-0.0007,-0.1747,-0.0004,0.9846
87.4980,112.77,44.3604,40.2536,2.7342,0.0227,349.9368,0.0684,-0.0084,-0.0083,-0.0006,-0.1747,-0.0004,0.9846
87.5180,112.77,44.3602,40.2535,2.7341,0.0224,349.9369,0.0669,-0.0086,-0.0082,-0.0006,-0.1747,-0.0004,0.9846
87.5380,112.77,44.3600,40.2533,2.7341,0.0222,349.9369,0.0653,-0.0087,-0.0081,-0.0006,-0.1747,-0.0004,0.9846
87.5580,112.77,44.3598,40.2532,2.7341,0.0219,349.9369,0.0638,-0.0089,-0.0079,-0.0005,-0.1747,-0.0004,0.9846
87.5780,112.77,44.3597,40.2530,2.7341,0.0217,349.9369,0.0623,-0.0091,-0.0078,-0.0005,-0.1747,-0.0004,0.9846
87.5980,112.77,44.3595,40.2529,2.7341,0.0214,349.9369,0.0607,-0.0093,-0.0077,-0.0005,-0.1747,-0.0004,0.9846
87.6180,112.77,44.3593,40.2527,2.7341,0.0212,349.9369,0.0592,-0.0094,-0.0075,-0.0004,-0.1747,-0.0004,0.9846
87.6380,112.77,44.3591,40.2526,2.7341,0.0209,349.9369,0.0576,-0.0096,-0.0074,-0.0004,-0.1747,-0.0004,0.9846
87.6580,112.77,44.3589,40.2524,2.7341,0.0207,349.9369,0.0561,-0.0098,-0.0073,-0.0004,-0.1747,-0.0004,0.9846
87.6780,112.77,44.3587,40.2523,2.7341,0.0204,349.9369,0.0546,-0.0099,-0.0071,-0.0003,-0.1747,-0.0004,0.9846
87.6980,112.77,44.3585,40.2521,2.7341,0.0202,349.9368,0.0530,-0.0101,-0.0070,-0.0003,-0.1747,-0.0004,0.9846
87.7180,112.77,44.3583,40.2520,2.7341,0.0199,349.9368,0.0515,-0.0102,-0.0069,-0.0003,-0.1747,-0.0003,0.9846
87.7380,112.77,44.3581,40.2519,2.7341,0.0196,349.9368,0.0500,-0.0103,-0.0068,-0.0002,-0.1747,-0.0003,0.9846
87.7580,112.77,44.3579,40.2517,2.7341,0.0194,349.9368,0.0485,-0.0104,-0.0067,-0.0002,-0.1747,-0.0003,0.9846
87.7780,112.77,44.3577,40.2516,2.7341,0.0191,349.9367,0.0470,-0.0106,-0.0065,-0.0002,-0.1747,-0.0003,0.9846
87.7980,112.77,44.3575,40.2515,2.7340,0.0189,349.9367,0.0455,-0.0107,-0.0064,-0.0001,-0.1747,-0.0003,0.9846
87.8180,112.77,44.3572,40.2513,2.7340,0.0186,349.9366,0.0440,-0.0108,-0.0063,-0.0001,-0.1747,-0.0003,0.9846
87.8380,112.77,44.3570,40.2512,2.7340,0.0183,349.9366,0.0425,-0.0109,-0.0062,0.0000,-0.1747,-0.0003,0.9846
87.8580,112.77,44.3568,40.2511,2.7340,0.0181,349.9366,0.0410,-0.0110,-0.0061,0.0000,-0.1747,-0.0003,0.9846
87.8780,112.77,44.3566,40.2510,2.7340,0.0178,349.9365,0.0395,-0.0111,-0.0060,0.0000,-0.1747,-0.0003,0.9846
87.8980,112.77,44.3564,40.2509,2.7340,0.0175,349.9365,0.0381,-0.0112,-0.0058,0.0001,-0.1747,-0.0003,0.9846
87.9180,112.77,44.3561,40.2507,2.7340,0.0173,349.9364,0.0366,-0.0113,-0.0057,0.0001,-0.1747,-0.0003,0.9846
87.9380,112.77,44.3559,40.2506,2.7341,0.0170,349.9364,0.0352,-0.0114,-0.0056,0.0001,-0.1747,-0.0003,0.9846
87.9580,112.77,44.3557,40.2505,2.7341,0.0167,349.9363,0.0338,-0.0114,-0.0055,0.0002,-0.1747,-0.0003,0.9846
87.9780,112.77,44.3555,40.2504,2.7341,0.0165,349.9362,0.0324,-0.0115,-0.0054,0.0002,-0.1747,-0.0003,0.9846
87.9980,112.77,44.3552,40.2503,2.7341,0.0162,349.9362,0.0309,-0.0116,-0.0053,0.0002,-0.1747,-0.0003,0.9846
88.0180,112.77,44.3550,40.2502,2.7341,0.0159,349.9361,0.0296,-0.0116,-0.0052,0.0003,-0.1747,-0.0003,0.9846
88.0380,112.77,44.3548,40.2501,2.7341,0.0157,349.9360,0.0282,-0.0117,-0.0051,0.0003,-0.1747,-0.0003,0.9846
88.0580,112.77,44.3545,40.2500,2.7341,0.0154,349.9360,0.0268,-0.0117,-0.0050,0.0003,-0.1747,-0.0003,0.9846
88.0780,112.77,44.3543,40.2499,2.7341,0.0151,349.9359,0.0254,-0.0118,-0.0049,0.0004,-0.1747,-0.0003,0.9846
88.0980,112.77,44.3540,40.2498,2.7341,0.0149,349.9358,0.0241,-0.0118,-0.0048,0.0004,-0.1748,-0.0003,0.9846
88.1180,112.77,44.3538,40.2497,2.7341,0.0146,349.9357,0.0228,-0.0118,-0.0047,0.0004,-0.1748,-0.0003,0.9846
88.1380,112.77,44.3536,40.2496,2.7341,0.0143,349.9357,0.0214,-0.0119,-0.0046,0.0004,-0.1748,-0.0003,0.9846
88.1580,112.77,44.3533,40.2495,2.7341,0.0141,349.9356,0.0201,-0.0119,-0.0045,0.0005,-0.1748,-0.0002,0.9846
88.1780,112.77,44.3531,40.2494,2.7341,0.0138,349.9355,0.0189,-0.0119,-0.0044,0.0005,-0.1748,-0.0002,0.9846
88.1980,112.77,44.3529,40.2493,2.7341,0.0135,349.9354,0.0176,-0.0119,-0.0043,0.0005,-0.1748,-0.0002,0.9846
88.2180,112.77,44.3526,40.2493,2.7342,0.0133,349.9353,0.0163,-0.0120,-0.0042,0.0006,-0.1748,-0.0002,0.9846
88.2380,112.77,44.3524,40.2492,2.7342,0.0130,349.9352,0.0151,-0.0120,-0.0041,0.0006,-0.1748,-0.0002,0.9846
88.2580,112.77,44.3521,40.2491,2.7342,0.0128,349.9351,0.0138,-0.0120,-0.0040,0.0006,-0.1748,-0.0002,0.9846
88.2780,112.77,44.3519,40.2490,2.7342,0.0125,349.9350,0.0126,-0.0120,-0.0039,0.0007,-0.1748,-0.0002,0.9846
88.2980,109.73,44.3517,40.2489,2.7342,0.0122,349.9349,0.0114,-0.0120,-0.0039,0.0007,-0.1748,-0.0002,0.9846
88.3180,109.73,44.3514,40.2489,2.7342,0.0120,349.9348,0.0103,-0.0120,-0.0038,0.0007,-0.1748,-0.0002,0.9846
88.3380,109.73,44.3512,40.2488,2.7342,0.0117,349.9347,0.0091,-0.0120,-0.0037,0.0008,-0.1748,-0.0002,0.9846
88.3580,109.73,44.3509,40.2487,2.7343,0.0115,349.9346,0.0079,-0.0120,-0.0036,0.0008,-0.1748,-0.0002,0.9846
88.3780,109.73,44.3507,40.2487,2.7343,0.0112,349.9345,0.0068,-0.0119,-0.0035,0.0008,-0.1748,-0.0002,0.9846
88.3980,109.73,44.3505,40.2486,2.7343,0.0110,349.9344,0.0057,-0.0119,-0.0034,0.0008,-0.1748,-0.0002,0.9846
88.4180,109.73,44.3502,40.2485,2.7343,0.0107,349.9343,0.0046,-0.0119,-0.0033,0.0009,-0.1748,-0.0002,0.9846
88.4380,109.73,44.3500,40.2485,2.7343,0.0104,349.9342,0.0035,-0.0119,-0.0033,0.0009,-0.1748,-0.0002,0.9846
88.4580,109.73,44.3497,40.2484,2.7343,0.0102,349.9341,0.0025,-0.0118,-0.0032,0.0009,-0.1748,-0.0002,0.9846
88.4780,109.73,44.3495,40.2483,2.7344,0.0099,349.9340,0.0014,-0.0118,-0.0031,0.0010,-0.1748,-0.0002,0.9846
88.4980,109.73,44.3493,40.2483,2.7344,0.0097,349.9339,0.0004,-0.0118,-0.0030,0.0010,-0.1748,-0.0002,0.9846
88.5180,109.73,44.3490,40.2482,2.7344,0.0095,349.9338,-0.0006,-0.0117,-0.0029,0.0010,-0.1748,-0.0002,0.9846
88.5380,109.73,44.3488,40.2482,2.7344,0.0092,349.9337,-0.0016,-0.0117,-0.0029,0.0010,-0.1748,-0.0002,0.9846
88.5580,109.73,44.3486,40.2481,2.7344,0.0090,349.9336,-0.0026,-0.0116,-0.0028,0.0011,-0.1748,-0.0002,0.9846
88.5780,109.73,44.3483,40.2480,2.7345,0.0087,349.9334,-0.0035,-0.0116,-0.0027,0.0011,-0.1748,-0.0002,0.9846
88.5980,109.73,44.3481,40.2480,2.7345,0.0085,349.9333,-0.0045,-0.0115,-0.0026,0.0011,-0.1748,-0.0001,0.9846
88.6180,109.73,44.3479,40.2479,2.7345,0.0083,349.9332,-0.0054,-0.0115,-0.0026,0.0011,-0.1748,-0.0001,0.9846
88.6380,109.73,44.3477,40.2479,2.7345,0.0080,349.9331,359.9937,-0.0114,-0.0025,0.0012,-0.1748,-0.0001,0.9846
88.6580,109.73,44.3474,40.2478,2.7346,0.0078,349.9330,359.9929,-0.0114,-0.0024,0.0012,-0.1748,-0.0001,0.9846
88.6780,109.73,44.3472,40.2478,2.7346,0.0076,349.9329,359.9920,-0.0113,-0.0024,0.0012,-0.1748,-0.0001,0.9846
88.6980,109.73,44.3470,40.2477,2.7346,0.0073,349.9328,359.9911,-0.0112,-0.0023,0.0012,-0.1748,-0.0001,0.9846
88.7180,109.73,44.3468,40.2477,2.7346,0.0071,349.9326,359.9903,-0.0112,-0.0022,0.0013,-0.1748,-0.0001,0.9846
88.7380,109.73,44.3465,40.2477,2.7347,0.0069,349.9325,359.9895,-0.0111,-0.0022,0.0013,-0.1748,-0.0001,0.9846
88.7580,109.73,44.3463,40.2476,2.7347,0.0066,349.9324,359.9887,-0.0110,-0.0021,0.0013,-0.1748,-0.0001,0.9846
88.7780,109.73,44.3461,40.2476,2.7347,0.0064,349.9323,359.9879,-0.0109,-0.0020,0.0013,-0.1748,-0.0001,0.9846
88.7980,109.73,44.3459,40.2475,2.7347,0.0062,349.9322,359.9872,-0.0109,-0.0020,0.0013,-0.1748,-0.0001,0.9846
88.8180,109.73,44.3457,40.2475,2.7348,0.0060,349.9321,359.9865,-0.0108,-0.0019,0.0014,-0.1748,-0.0001,0.9846
88.8380,109.73,44.3454,40.2475,2.7348,0.0058,349.9319,359.9857,-0.0107,-0.0018,0.0014,-0.1748,-0.0001,0.9846
88.8580,109.73,44.3452,40.2474,2.7348,0.0056,349.9318,359.9850,-0.0106,-0.0018,0.0014,-0.1748,-0.0001,0.9846
88.8780,109.73,44.3450,40.2474,2.7348,0.0053,349.9317,359.9844,-0.0105,-0.0017,0.0014,-0.1748,-0.0001,0.9846
88.8980,109.73,44.3448,40.2474,2.7349,0.0051,349.9316,359.9837,-0.0104,-0.0016,0.0014,-0.1748,-0.0001,0.9846
88.9180,109.73,44.3446,40.2473,2.7349,0.0049,349.9315,359.9831,-0.0103,-0.0016,0.0015,-0.1748,-0.0001,0.9846
88.9380,109.73,44.3444,40.2473,2.7349,0.0047,349.9314,359.9825,-0.0102,-0.0015,0.0015,-0.1748,-0.0001,0.9846
88.9580,109.73,44.3442,40.2473,2.7350,0.0045,349.9313,359.9818,-0.0102,-0.0015,0.0015,-0.1748,-0.0001,0.9846
88.9780,109.73,44.3440,40.2472,2.7350,0.0043,349.9312,359.9813,-0.0101,-0.0014,0.0015,-0.1748,-0.0001,0.9846
88.9980,109.73,44.3438,40.2472,2.7350,0.0041,349.9310,359.9807,-0.0100,-0.0014,0.0015,-0.1748,-0.0001,0.9846
89.0180,109.73,44.3436,40.2472,2.7351,0.0039,349.9309,359.9802,-0.0099,-0.0013,0.0016,-0.1748,-0.0001,0.9846
89.0380,109.73,44.3434,40.2472,2.7351,0.0038,349.9308,359.9796,-0.0098,-0.0012,0.0016,-0.1748,-0.0001,0.9846
89.0580,109.73,44.3432,40.2471,2.7351,0.0036,349.9307,359.9791,-0.0097,-0.0012,0.0016,-0.1748,-0.0001,0.9846
89.0780,109.73,44.3430,40.2471,2.7351,0.0034,349.9306,359.9786,-0.0096,-0.0011,0.0016,-0.1748,-0.0001,0.9846
89.0980,109.73,44.3428,40.2471,2.7352,0.0032,349.9305,359.9781,-0.0095,-0.0011,0.0016,-0.1748,-0.0001,0.9846
89.1180,109.73,44.3426,40.2471,2.7352,0.0030,349.9304,359.9777,-0.0094,-0.0010,0.0016,-0.1748,-0.0001,0.9846
89.1380,109.73,44.3425,40.2471,2.7352,0.0028,349.9302,359.9772,-0.0092,-0.0010,0.0017,-0.1748,0.0000,0.9846
89.1580,109.73,44.3423,40.2470,2.7353,0.0027,349.9301,359.9768,-0.0091,-0.0009,0.0017,-0.1748,0.0000,0.9846
89.1780,109.73,44.3421,40.2470,2.7353,0.0025,349.9300,359.9764,-0.0090,-0.0009,0.0017,-0.1749,0.0000,0.9846
89.1980,109.73,44.3419,40.2470,2.7353,0.0023,349.9299,359.9760,-0.0089,-0.0008,0.0017,-0.1749,0.0000,0.9846
89.2180,109.73,44.3417,40.2470,2.7354,0.0021,349.9298,359.9756,-0.0088,-0.0008,0.0017,-0.1749,0.0000,0.9846
89.2380,109.73,44.3416,40.2470,2.7354,0.0020,349.9297,359.9753,-0.0087,-0.0007,0.0017,-0.1749,0.0000,0.9846
89.2580,109.73,44.3414,40.2470,2.7355,0.0018,349.9296,359.9749,-0.0086,-0.0007,0.0017,-0.1749,0.0000,0.9846
89.2780,109.73,44.3412,40.2469,2.7355,0.0016,349.9295,359.9746,-0.0085,-0.0006,0.0018,-0.1749,0.0000,0.9846
89.2980,96.33,44.3411,40.2469,2.7355,0.0015,349.9294,359.9743,-0.0084,-0.0006,0.0018,-0.1749,0.0000,0.9846
89.3180,96.33,44.3409,40.2469,2.7356,0.0013,349.9293,359.9740,-0.0082,-0.0005,0.0018,-0.1749,0.0000,0.9846
89.3380,96.33,44.3407,40.2469,2.7356,0.0012,349.9292,359.9737,-0.0081,-0.0005,0.0018,-0.1749,0.0000,0.9846
89.3580,96.33,44.3406,40.2469,2.7356,0.0010,349.9291,359.9734,-0.0080,-0.0004,0.0018,-0.1749,0.0000,0.9846
89.3780,96.33,44.3404,40.2469,2.7357,0.0009,349.9290,359.9732,-0.0079,-0.0004,0.0018,-0.1749,0.0000,0.9846
89.3980,96.33,44.3403,40.2469,2.7357,0.0007,349.9289,359.9730,-0.0078,-0.0004,0.0018,-0.1749,0.0000,0.9846
89.4180,96.33,44.3401,40.2469,2.7357,0.0006,349.9288,359.9727,-0.0077,-0.0003,0.0018,-0.1749,0.0000,0.9846
89.4380,96.33,44.3400,40.2469,2.7358,0.0005,349.9287,359.9725,-0.0076,-0.0003,0.0019,-0.1749,0.0000,0.9846
89.4580,96.33,44.3398,40.2469,2.7358,0.0003,349.9286,359.9724,-0.0074,-0.0002,0.0019,-0.1749,0.0000,0.9846
89.4780,96.33,44.3397,40.2469,2.7359,0.0002,349.9285,359.9722,-0.0073,-0.0002,0.0019,-0.1749,0.0000,0.9846
89.4980,96.33,44.3395,40.2469,2.7359,0.0001,349.9284,359.9720,-0.0072,-0.0002,0.0019,-0.1749,0.0000,0.9846
89.5180,96.33,44.3394,40.2469,2.7359,-0.0001,349.9283,359.9719,-0.0071,-0.0001,0.0019,-0.1749,0.0000,0.9846
89.5380,96.33,44.3392,40.2469,2.7360,-0.0002,349.9282,359.9717,-0.0070,-0.0001,0.0019,-0.1749,0.0000,0.9846
89.5580,96.33,44.3391,40.2469,2.7360,-0.0003,349.9281,359.9716,-0.0069,0.0000,0.0019,-0.1749,0.0000,0.9846
89.5780,96.33,44.3390,40.2469,2.7360,-0.0005,349.9280,359.9715,-0.0067,0.0000,0.0019,-0.1749,0.0000,0.9846
89.5980,96.33,44.3388,40.2469,2.7361,-0.0006,349.9279,359.9714,-0.0066,0.0000,0.0019,-0.1749,0.0000,0.9846
89.6180,96.33,44.3387,40.2469,2.7361,-0.0007,349.9279,359.9713,-0.0065,0.0001,0.0019,-0.1749,0.0000,0.9846
89.6380,96.33,44.3386,40.2469,2.7362,-0.0008,349.9278,359.9713,-0.0064,0.0001,0.0019,-0.1749,0.0000,0.9846
89.6580,96.33,44.3384,40.2469,2.7362,-0.0009,349.9277,359.9712,-0.0063,0.0001,0.0019,-0.1749,0.0000,0.9846
89.6780,96.33,44.3383,40.2469,2.7362,-0.0010,349.9276,359.9712,-0.0062,0.0002,0.0019,-0.1749,0.0000,0.9846
89.6980,96.33,44.3382,40.2469,2.7363,-0.0011,349.9275,359.9712,-0.0060,0.0002,0.0019,-0.1749,0.0000,0.9846
89.7180,96.33,44.3381,40.2469,2.7363,-0.0012,349.9275,359.9712,-0.0059,0.0002,0.0020,-0.1749,0.0000,0.9846
89.7380,96.33,44.3380,40.2469,2.7364,-0.0013,349.9274,359.9711,-0.0058,0.0003,0.0020,-0.1749,0.0000,0.9846
89.7580,96.33,44.3379,40.2469,2.7364,-0.0014,349.9273,359.9712,-0.0057,0.0003,0.0020,-0.1749,0.0000,0.9846
89.7780,96.33,44.3377,40.2469,2.7364,-0.0015,349.9272,359.9712,-0.0056,0.0003,0.0020,-0.1749,0.0000,0.9846
89.7980,96.33,44.3376,40.2469,2.7365,-0.0016,349.9272,359.9712,-0.0055,0.0004,0.0020,-0.1749,0.0000,0.9846
89.8180,96.33,44.3375,40.2469,2.7365,-0.0017,349.9271,359.9713,-0.0054,0.0004,0.0020,-0.1749,0.0000,0.9846
89.8380,96.33,44.3374,40.2469,2.7365,-0.0018,349.9270,359.9713,-0.0052,0.0004,0.0020,-0.1749,0.0000,0.9846
89.8580,96.33,44.3373,40.2469,2.7366,-0.0019,349.9269,359.9714,-0.0051,0.0005,0.0020,-0.1749,0.0000,0.9846
89.8780,96.33,44.3372,40.2469,2.7366,-0.0020,349.9268,359.9714,-0.0050,0.0005,0.0020,-0.1749,0.0000,0.9846
89.8980,96.33,44.3371,40.2470,2.7367,-0.0021,349.9268,359.9715,-0.0049,0.0005,0.0020,-0.1749,0.0000,0.9846
89.9180,96.33,44.3370,40.2470,2.7367,-0.0021,349.9267,359.9716,-0.0048,0.0006,0.0020,-0.1749,0.0000,0.9846
89.9380,96.33,44.3369,40.2470,2.7367,-0.0022,349.9267,359.9717,-0.0047,0.0006,0.0020,-0.1749,0.0000,0.9846
89.9580,96.33,44.3368,40.2470,2.7368,-0.0023,349.9266,359.9718,-0.0046,0.0006,0.0020,-0.1749,0.0000,0.9846
89.9780,96.33,44.3367,40.2470,2.7368,-0.0024,349.9265,359.9720,-0.0045,0.0006,0.0020,-0.1749,0.0000,0.9846
89.9980,96.33,44.3367,40.2470,2.7369,-0.0024,349.9265,359.9721,-0.0044,0.0007,0.0020,-0.1749,0.0000,0.9846
90.0180,96.33,44.3366,40.2470,2.7369,-0.0025,349.9264,359.9722,-0.0043,0.0007,0.0020,-0.1749,0.0000,0.9846
90.0380,96.33,44.3365,40.2470,2.7369,-0.0026,349.9264,359.9724,-0.0042,0.0007,0.0020,-0.1749,0.0000,0.9846
90.0580,96.33,44.3364,40.2471,2.7370,-0.0026,349.9263,359.9725,-0.0041,0.0007,0.0020,-0.1749,0.0000,0.9846
90.0780,96.33,44.3363,40.2471,2.7370,-0.0027,349.9262,359.9727,-0.0039,0.0008,0.0020,-0.1749,0.0000,0.9846
90.0980,96.33,44.3363,40.2471,2.7371,-0.0027,349.9262,359.9729,-0.0038,0.0008,0.0020,-0.1749,0.0000,0.9846
90.1180,96.33,44.3362,40.2471,2.7371,-0.0028,349.9261,359.9731,-0.0037,0.0008,0.0020,-0.1749,0.0000,0.9846
90.1380,96.33,44.3361,40.2471,2.7371,-0.0029,349.9261,359.9732,-0.0036,0.0008,0.0020,-0.1749,0.0000,0.9846
90.1580,96.33,44.3360,40.2471,2.7372,-0.0029,349.9260,359.9734,-0.0035,0.0009,0.0020,-0.1749,0.0001,0.9846
90.1780,96.33,44.3360,40.2472,2.7372,-0.0030,349.9260,359.9736,-0.0034,0.0009,0.0020,-0.1749,0.0001,0.9846
90.1980,96.33,44.3359,40.2472,2.7373,-0.0030,349.9259,359.9738,-0.0033,0.0009,0.0020,-0.1749,0.0001,0.9846
90.2180,96.33,44.3358,40.2472,2.7373,-0.0030,349.9259,359.9741,-0.0033,0.0009,0.0020,-0.1749,0.0001,0.9846
90.2380,96.33,44.3358,40.2472,2.7373,-0.0031,349.9258,359.9743,-0.0032,0.0010,0.0020,-0.1749,0.0001,0.9846
90.2580,96.33,44.3357,40.2472,2.7374,-0.0031,349.9258,359.9745,-0.0031,0.0010,0.0020,-0.1749,0.0001,0.9846
90.2780,96.33,44.3356,40.2473,2.7374,-0.0032,349.9258,359.9747,-0.0030,0.0010,0.0020,-0.1749,0.0001,0.9846
90.2980,101.25,44.3356,40.2473,2.7375,-0.0032,349.9257,359.9750,-0.0029,0.0010,0.0020,-0.1749,0.0001,0.9846
90.3180,101.25,44.3355,40.2473,2.7375,-0.0032,349.9257,359.9752,-0.0028,0.0010,0.0020,-0.1749,0.0001,0.9846
90.3380,101.25,44.3355,40.2473,2.7375,-0.0033,349.9257,359.9755,-0.0027,0.0011,0.0020,-0.1749,0.0001,0.9846
90.3580,101.25,44.3354,40.2473,2.7376,-0.0033,349.9256,359.9757,-0.0026,0.0011,0.0020,-0.1749,0.0001,0.9846
90.3780,101.25,44.3354,40.2474,2.7376,-0.0033,349.9256,359.9760,-0.0025,0.0011,0.0020,-0.1749,0.0001,0.9846
90.3980,101.25,44.3353,40.2474,2.7377,-0.0034,349.9256,359.9763,-0.0024,0.0011,0.0019,-0.1749,0.0001,0.9846
90.4180,101.25,44.3353,40.2474,2.7377,-0.0034,349.9255,359.9765,-0.0023,0.0011,0.0019,-0.1749,0.0001,0.9846
90.4380,101.25,44.3352,40.2474,2.7377,-0.0034,349.9255,359.9768,-0.0023,0.0012,0.0019,-0.1749,0.0001,0.9846
90.4580,101.25,44.3352,40.2475,2.7378,-0.0035,349.9255,359.9771,-0.0022,0.0012,0.0019,-0.1749,0.0001,0.9846
90.4780,101.25,44.3351,40.2475,2.7378,-0.0035,349.9254,359.9774,-0.0021,0.0012,0.0019,-0.1749,0.0001,0.9846
90.4980,101.25,44.3351,40.2475,2.7379,-0.0035,349.9254,359.9777,-0.0020,0.0012,0.0019,-0.1749,0.0001,0.9846
90.5180,101.25,44.3351,40.2475,2.7379,-0.0035,349.9254,359.9779,-0.0019,0.0012,0.0019,-0.1749,0.0001,0.9846
90.5380,101.25,44.3350,40.2476,2.7379,-0.0035,349.9254,359.9782,-0.0019,0.0012,0.0019,-0.1749,0.0001,0.9846
90.5580,101.25,44.3350,40.2476,2.7380,-0.0035,349.9254,359.9785,-0.0018,0.0013,0.0019,-0.1749,0.0001,0.9846
90.5780,101.25,44.3350,40.2476,2.7380,-0.0036,349.9253,359.9788,-0.0017,0.0013,0.0019,-0.1749,0.0001,0.9846
90.5980,101.25,44.3349,40.2476,2.7380,-0.0036,349.9253,359.9791,-0.0016,0.0013,0.0019,-0.1749,0.0001,0.9846
90.6180,101.25,44.3349,40.2477,2.7381,-0.0036,349.9253,359.9794,-0.0016,0.0013,0.0019,-0.1749,0.0001,0.9846
90.6380,101.25,44.3349,40.2477,2.7381,-0.0036,349.9253,359.9797,-0.0015,0.0013,0.0019,-0.1749,0.0001,0.9846
90.6580,101.25,44.3348,40.2477,2.7382,-0.0036,349.9252,359.9800,-0.0014,0.0013,0.0019,-0.1749,0.0001,0.9846
90.6780,101.25,44.3348,40.2477,2.7382,-0.0036,349.9252,359.9803,-0.0013,0.0013,0.0019,-0.1749,0.0001,0.9846
90.6980,101.25,44.3348,40.2478,2.7382,-0.0036,349.9252,359.9807,-0.0013,0.0014,0.0019,-0.1749,0.0001,0.9846
90.7180,101.25,44.3348,40.2478,2.7383,-0.0036,349.9252,359.9810,-0.0012,0.0014,0.0018,-0.1749,0.0001,0.9846
90.7380,101.25,44.3347,40.2478,2.7383,-0.0036,349.9252,359.9813,-0.0011,0.0014,0.0018,-0.1749,0.0001,0.9846
90.7580,101.25,44.3347,40.2478,2.7383,-0.0036,349.9252,359.9816,-0.0011,0.0014,0.0018,-0.1749,0.0001,0.9846
90.7780,101.25,44.3347,40.2479,2.7384,-0.0036,349.9252,359.9819,-0.0010,0.0014,0.0018,-0.1749,0.0001,0.9846
90.7980,101.25,44.3347,40.2479,2.7384,-0.0036,349.9252,359.9822,-0.0009,0.0014,0.0018,-0.1749,0.0001,0.9846
90.8180,101.25,44.3347,40.2479,2.7384,-0.0036,349.9252,359.9826,-0.0009,0.0014,0.0018,-0.1749,0.0001,0.9846
90.8380,101.25,44.3346,40.2480,2.7385,-0.0036,349.9251,359.9829,-0.0008,0.0014,0.0018,-0.1749,0.0001,0.9846
90.8580,101.25,44.3346,40.2480,2.7385,-0.0036,349.9251,359.9832,-0.0008,0.0014,0.0018,-0.1749,0.0001,0.9846
90.8780,101.25,44.3346,40.2480,2.7386,-0.0036,349.9251,359.9836,-0.0007,0.0015,0.0018,-0.1749,0.0001,0.9846
90.8980,101.25,44.3346,40.2481,2.7386,-0.0036,349.9251,359.9839,-0.0007,0.0015,0.0018,-0.1749,0.0001,0.9846
90.9180,101.25,44.3346,40.2481,2.7386,-0.0036,349.9251,359.9842,-0.0006,0.0015,0.0018,-0.1749,0.0001,0.9846
90.9380,101.25,44.3346,40.2481,2.7387,-0.0036,349.9251,359.9845,-0.0005,0.0015,0.0018,-0.1749,0.0001,0.9846
90.9580,101.25,44.3346,40.2481,2.7387,-0.0035,349.9251,359.9848,-0.0005,0.0015,0.0017,-0.1749,0.0001,0.9846
90.9780,101.25,44.3346,40.2482,2.7387,-0.0035,349.9251,359.9851,-0.0004,0.0015,0.0017,-0.1749,0.0001,0.9846
90.9980,101.25,44.3346,40.2482,2.7388,-0.0035,349.9251,359.9855,-0.0004,0.0015,0.0017,-0.1749,0.0001,0.9846
91.0180,101.25,44.3345,40.2482,2.7388,-0.0035,349.9251,359.9858,-0.0003,0.0015,0.0017,-0.1749,0.0001,0.9846
91.0380,101.25,44.3345,40.2483,2.7388,-0.0035,349.9251,359.9861,-0.0003,0.0015,0.0017,-0.1749,0.0001,0.9846
91.0580,101.25,44.3345,40.2483,2.7389,-0.0035,349.9251,359.9865,-0.0003,0.0015,0.0017,-0.1749,0.0001,0.9846
91.0780,101.25,44.3345,40.2483,2.7389,-0.0035,349.9251,359.9868,-0.0002,0.0016,0.0017,-0.1749,0.0001,0.9846
91.0980,101.25,44.3345,40.2484,2.7389,-0.0034,349.9251,359.9871,-0.0002,0.0016,0.0017,-0.1749,0.0001,0.9846
91.1180,101.25,44.3345,40.2484,2.7390,-0.0034,349.9251,359.9874,-0.0001,0.0016,0.0017,-0.1749,0.0001,0.9846
91.1380,101.25,44.3345,40.2484,2.7390,-0.0034,349.9252,359.9877,-0.0001,0.0016,0.0017,-0.1749,0.0001,0.9846
91.1580,101.25,44.3345,40.2484,2.7390,-0.0034,349.9252,359.9880,0.0000,0.0016,0.0016,-0.1749,0.0001,0.9846
91.1780,101.25,44.3345,40.2485,2.7391,-0.0034,349.9252,359.9883,0.0000,0.0016,0.0016,-0.1749,0.0001,0.9846
91.1980,101.25,44.3345,40.2485,2.7391,-0.0033,349.9252,359.9886,0.0000,0.0016,0.0016,-0.1749,0.0001,0.9846
91.2180,101.25,44.3345,40.2485,2.7391,-0.0033,349.9252,359.9890,0.0001,0.0016,0.0016,-0.1749,0.0001,0.9846
91.2380,101.25,44.3345,40.2486,2.7392,-0.0033,349.9252,359.9893,0.0001,0.0016,0.0016,-0.1749,0.0001,0.9846
91.2580,101.25,44.3345,40.2486,2.7392,-0.0033,349.9252,359.9896,0.0001,0.0016,0.0016,-0.1749,0.0001,0.9846
91.2780,101.25,44.3345,40.2486,2.7392,-0.0032,349.9252,359.9899,0.0002,0.0016,0.0016,-0.1749,0.0001,0.9846
91.2980,101.25,44.3345,40.2487,2.7393,-0.0032,349.9252,359.9902,0.0002,0.0016,0.0016,-0.1749,0.0001,0.9846
91.3180,107.36,44.3345,40.2487,2.7393,-0.0032,349.9253,359.9905,0.0002,0.0016,0.0016,-0.1749,0.0001,0.9846
91.3380,107.36,44.3345,40.2487,2.7393,-0.0032,349.9253,359.9908,0.0003,0.0016,0.0016,-0.1749,0.0001,0.9846
91.3580,107.36,44.3346,40.2488,2.7394,-0.0031,349.9253,359.9911,0.0003,0.0016,0.0015,-0.1749,0.0001,0.9846
91.3780,107.36,44.3346,40.2488,2.7394,-0.0031,349.9253,359.9914,0.0003,0.0016,0.0015,-0.1749,0.0001,0.9846
91.3980,107.36,44.3346,40.2488,2.7394,-0.0031,349.9253,359.9917,0.0004,0.0016,0.0015,-0.1749,0.0001,0.9846
91.4180,107.36,44.3346,40.2489,2.7394,-0.0031,349.9253,359.9920,0.0004,0.0016,0.0015,-0.1749,0.0001,0.9846
91.4380,107.36,44.3346,40.2489,2.7395,-0.0030,349.9254,359.9922,0.0004,0.0017,0.0015,-0.1749,0.0001,0.9846
91.4580,107.36,44.3346,40.2489,2.7395,-0.0030,349.9254,359.9925,0.0004,0.0017,0.0015,-0.1749,0.0001,0.9846
91.4780,107.36,44.3346,40.2490,2.7395,-0.0030,349.9254,359.9928,0.0005,0.0017,0.0015,-0.1749,0.0001,0.9846
91.4980,107.36,44.3346,40.2490,2.7396,-0.0029,349.9254,359.9931,0.0005,0.0017,0.0015,-0.1749,0.0001,0.9846
91.5180,107.36,44.3346,40.2490,2.7396,-0.0029,349.9254,359.9933,0.0005,0.0017,0.0015,-0.1749,0.0001,0.9846
91.5380,107.36,44.3346,40.2491,2.7396,-0.0029,349.9254,359.9936,0.0005,0.0017,0.0014,-0.1749,0.0001,0.9846
91.5580,107.36,44.3346,40.2491,2.7396,-0.0028,349.9254,359.9939,0.0005,0.0017,0.0014,-0.1749,0.0000,0.9846
91.5780,107.36,44.3347,40.2492,2.7397,-0.0028,349.9255,359.9942,0.0005,0.0017,0.0014,-0.1749,0.0000,0.9846
91.5980,107.36,44.3347,40.2492,2.7397,-0.0028,349.9255,-0.0056,0.0006,0.0017,0.0014,-0.1749,0.0000,0.9846
91.6180,107.36,44.3347,40.2492,2.7397,-0.0027,349.9255,-0.0053,0.0006,0.0017,0.0014,-0.1749,0.0000,0.9846
91.6380,107.36,44.3347,40.2493,2.7398,-0.0027,349.9255,-0.0050,0.0006,0.0017,0.0014,-0.1749,0.0000,0.9846
91.6580,107.36,44.3347,40.2493,2.7398,-0.0027,349.9256,-0.0048,0.0006,0.0017,0.0014,-0.1749,0.0000,0.9846
91.6780,107.36,44.3347,40.2493,2.7398,-0.0026,349.9256,-0.0045,0.0006,0.0017,0.0014,-0.1749,0.0000,0.9846
91.6980,107.36,44.3347,40.2494,2.7398,-0.0026,349.9256,-0.0043,0.0006,0.0017,0.0014,-0.1749,0.0000,0.9846
91.7180,107.36,44.3347,40.2494,2.7399,-0.0026,349.9256,-0.0041,0.0006,0.0017,0.0013,-0.1749,0.0000,0.9846
91.7380,107.36,44.3347,40.2494,2.7399,-0.0026,349.9257,-0.0038,0.0007,0.0017,0.0013,-0.1749,0.0000,0.9846
91.7580,107.36,44.3348,40.2495,2.7399,-0.0025,349.9257,-0.0036,0.0007,0.0017,0.0013,-0.1749,0.0000,0.9846
91.7780,107.36,44.3348,40.2495,2.7399,-0.0025,349.9257,-0.0034,0.0007,0.0017,0.0013,-0.1749,0.0000,0.9846
91.7980,107.36,44.3348,40.2495,2.7400,-0.0025,349.9257,-0.0031,0.0007,0.0017,0.0013,-0.1749,0.0000,0.9846
91.8180,107.36,44.3348,40.2496,2.7400,-0.0024,349.9258,-0.0029,0.0007,0.0017,0.0013,-0.1749,0.0000,0.9846
91.8380,107.36,44.3348,40.2496,2.7400,-0.0024,349.9258,-0.0027,0.0007,0.0017,0.0013,-0.1749,0.0000,0.9846
91.8580,107.36,44.3348,40.2496,2.7401,-0.0024,349.9258,-0.0025,0.0007,0.0017,0.0013,-0.1749,0.0000,0.9846
91.8780,107.36,44.3349,40.2497,2.7401,-0.0023,349.9258,-0.0022,0.0007,0.0017,0.0013,-0.1749,0.0000,0.9846
91.8980,107.36,44.3349,40.2497,2.7401,-0.0023,349.9258,-0.0020,0.0007,0.0017,0.0012,-0.1749,0.0000,0.9846
91.9180,107.36,44.3349,40.2497,2.7401,-0.0022,349.9259,-0.0018,0.0007,0.0017,0.0012,-0.1749,0.0000,0.9846
91.9380,107.36,44.3349,40.2498,2.7402,-0.0022,349.9259,-0.0016,0.0007,0.0017,0.0012,-0.1749,0.0000,0.9846
91.9580,107.36,44.3349,40.2498,2.7402,-0.0022,349.9259,-0.0014,0.0007,0.0017,0.0012,-0.1749,0.0000,0.9846
91.9780,107.36,44.3349,40.2498,2.7402,-0.0021,349.9259,-0.0012,0.0007,0.0017,0.0012,-0.1749,0.0000,0.9846
91.9980,107.36,44.3349,40.2499,2.7402,-0.0021,349.9260,-0.0010,0.0007,0.0017,0.0012,-0.1749,0.0000,0.9846
92.0180,107.36,44.3350,40.2499,2.7402,-0.0021,349.9260,-0.0008,0.0007,0.0017,0.0012,-0.1749,0.0000,0.9846
92.0380,107.36,44.3350,40.2499,2.7403,-0.0020,349.9260,-0.0007,0.0007,0.0017,0.0012,-0.1749,0.0000,0.9846
92.0580,107.36,44.3350,40.2500,2.7403,-0.0020,349.9260,-0.0005,0.0007,0.0017,0.0012,-0.1749,0.0000,0.9846
92.0780,107.36,44.3350,40.2500,2.7403,-0.0020,349.9261,-0.0003,0.0007,0.0017,0.0012,-0.1749,0.0000,0.9846
92.0980,107.36,44.3350,40.2500,2.7403,-0.0019,349.9261,-0.0001,0.0007,0.0017,0.0011,-0.1749,0.0000,0.9846
92.1180,107.36,44.3350,40.2501,2.7404,-0.0019,349.9261,0.0000,0.0007,0.0017,0.0011,-0.1749,0.0000,0.9846
92.1380,107.36,44.3350,40.2501,2.7404,-0.0019,349.9261,0.0002,0.0007,0.0017,0.0011,-0.1749,0.0000,0.9846
92.1580,107.36,44.3351,40.2501,2.7404,-0.0018,349.9261,0.0004,0.0007,0.0017,0.0011,-0.1749,0.0000,0.9846
92.1780,107.36,44.3351,40.2502,2.7404,-0.0018,349.9262,0.0005,0.0007,0.0017,0.0011,-0.1749,0.0000,0.9846
92.1980,107.36,44.3351,40.2502,2.7405,-0.0018,349.9262,0.0007,0.0007,0.0017,0.0011,-0.1749,0.0000,0.9846
92.2180,107.36,44.3351,40.2502,2.7405,-0.0018,349.9262,0.0008,0.0007,0.0017,0.0011,-0.1749,0.0000,0.9846
92.2380,107.36,44.3351,40.2503,2.7405,-0.0017,349.9263,0.0010,0.0007,0.0017,0.0011,-0.1749,0.0000,0.9846
92.2580,107.36,44.3351,40.2503,2.7405,-0.0017,349.9263,0.0011,0.0007,0.0017,0.0011,-0.1749,0.0000,0.9846
92.2780,107.36,44.3352,40.2504,2.7405,-0.0017,349.9263,0.0013,0.0007,0.0017,0.0011,-0.1749,0.0000,0.9846
92.2980,107.36,44.3352,40.2504,2.7406,-0.0016,349.9264,0.0014,0.0007,0.0017,0.0010,-0.1749,0.0000,0.9846
92.3180,102.00,44.3352,40.2504,2.7406,-0.0016,349.9264,0.0015,0.0007,0.0017,0.0010,-0.1749,0.0000,0.9846
92.3380,102.00,44.3352,40.2505,2.7406,-0.0016,349.9264,0.0017,0.0007,0.0016,0.0010,-0.1749,0.0000,0.9846
92.3580,102.00,44.3352,40.2505,2.7406,-0.0015,349.9264,0.0018,0.0007,0.0016,0.0010,-0.1749,0.0000,0.9846
92.3780,102.00,44.3352,40.2505,2.7406,-0.0015,349.9265,0.0019,0.0007,0.0016,0.0010,-0.1749,0.0000,0.9846
92.3980,102.00,44.3352,40.2506,2.7407,-0.0015,349.9265,0.0020,0.0007,0.0016,0.0010,-0.1749,0.0000,0.9846
92.4180,102.00,44.3353,40.2506,2.7407,-0.0014,349.9265,0.0021,0.0006,0.0016,0.0010,-0.1749,0.0000,0.9846
92.4380,102.00,44.3353,40.2506,2.7407,-0.0014,349.9265,0.0023,0.0006,0.0016,0.0010,-0.1749,0.0000,0.9846
92.4580,102.00,44.3353,40.2507,2.7407,-0.0014,349.9266,0.0024,0.0006,0.0016,0.0010,-0.1749,0.0000,0.9846
92.4780,102.00,44.3353,40.2507,2.7407,-0.0014,349.9266,0.0025,0.0006,0.0016,0.0010,-0.1749,0.0000,0.9846
92.4980,102.00,44.3353,40.2507,2.7408,-0.0013,349.9266,0.0026,0.0006,0.0016,0.0009,-0.1749,0.0000,0.9846
92.5180,102.00,44.3353,40.2508,2.7408,-0.0013,349.9266,0.0027,0.0006,0.0016,0.0009,-0.1749,0.0000,0.9846
92.5380,102.00,44.3353,40.2508,2.7408,-0.0013,349.9267,0.0027,0.0006,0.0016,0.0009,-0.1749,0.0000,0.9846
92.5580,102.00,44.3353,40.2508,2.7408,-0.0012,349.9267,0.0028,0.0006,0.0016,0.0009,-0.1749,0.0000,0.9846
92.5780,102.00,44.3353,40.2508,2.7408,-0.0012,349.9267,0.0029,0.0006,0.0016,0.0009,-0.1749,0.0000,0.9846
92.5980,102.00,44.3354,40.2509,2.7408,-0.0012,349.9268,0.0030,0.0006,0.0016,0.0009,-0.1749,0.0000,0.9846
92.6180,102.00,44.3354,40.2509,2.7409,-0.0012,349.9268,0.0031,0.0005,0.0016,0.0009,-0.1749,0.0000,0.9846
92.6380,102.00,44.3354,40.2509,2.7409,-0.0011,349.9268,0.0032,0.0005,0.0016,0.0009,-0.1749,0.0000,0.9846
92.6580,102.00,44.3354,40.2510,2.7409,-0.0011,349.9268,0.0032,0.0005,0.0016,0.0009,-0.1749,0.0000,0.9846
92.6780,102.00,44.3354,40.2510,2.7409,-0.0011,349.9268,0.0033,0.0005,0.0016,0.0009,-0.1749,0.0000,0.9846
92.6980,102.00,44.3354,40.2510,2.7409,-0.0011,349.9269,0.0034,0.0005,0.0016,0.0009,-0.1749,0.0000,0.9846
92.7180,102.00,44.3354,40.2511,2.7410,-0.0010,349.9269,0.0034,0.0005,0.0016,0.0009,-0.1749,0.0000,0.9846
92.7380,102.00,44.3354,40.2511,2.7410,-0.0010,349.9269,0.0035,0.0005,0.0016,0.0008,-0.1749,0.0000,0.9846
92.7580,102.00,44.3354,40.2511,2.7410,-0.0010,349.9269,0.0035,0.0005,0.0016,0.0008,-0.1749,0.0000,0.9846
92.7780,102.00,44.3354,40.2511,2.7410,-0.0010,349.9270,0.0036,0.0004,0.0016,0.0008,-0.1749,0.0000,0.9846
92.7980,102.00,44.3355,40.2512,2.7410,-0.0010,349.9270,0.0036,0.0004,0.0016,0.0008,-0.1749,0.0000,0.9846
92.8180,102.00,44.3355,40.2512,2.7410,-0.0009,349.9270,0.0037,0.0004,0.0015,0.0008,-0.1749,0.0000,0.9846
92.8380,102.00,44.3355,40.2512,2.7411,-0.0009,349.9270,0.0037,0.0004,0.0015,0.0008,-0.1749,0.0000,0.9846
92.8580,102.00,44.3355,40.2513,2.7411,-0.0009,349.9271,0.0038,0.0004,0.0015,0.0008,-0.1749,0.0000,0.9846
92.8780,102.00,44.3355,40.2513,2.7411,-0.0009,349.9271,0.0038,0.0004,0.0015,0.0008,-0.1749,0.0000,0.9846
92.8980,102.00,44.3355,40.2513,2.7411,-0.0008,349.9271,0.0038,0.0004,0.0015,0.0008,-0.1749,0.0000,0.9846
92.9180,102.00,44.3355,40.2514,2.7411,-0.0008,349.9271,0.0039,0.0003,0.0015,0.0008,-0.1749,0.0000,0.9846
92.9380,102.00,44.3355,40.2514,2.7411,-0.0008,349.9272,0.0039,0.0003,0.0015,0.0008,-0.1749,0.0000,0.9846
92.9580,102.00,44.3355,40.2514,2.7411,-0.0008,349.9272,0.0039,0.0003,0.0015,0.0008,-0.1749,0.0000,0.9846
92.9780,102.00,44.3355,40.2515,2.7412,-0.0008,349.9272,0.0040,0.0003,0.0015,0.0007,-0.1749,0.0000,0.9846
92.9980,102.00,44.3355,40.2515,2.7412,-0.0007,349.9272,0.0040,0.0003,0.0015,0.0007,-0.1749,0.0000,0.9846
93.0180,102.00,44.3355,40.2515,2.7412,-0.0007,349.9272,0.0040,0.0003,0.0015,0.0007,-0.1749,0.0000,0.9846
93.0380,102.00,44.3355,40.2515,2.7412,-0.0007,349.9272,0.0040,0.0003,0.0015,0.0007,-0.1749,0.0000,0.9846
93.0580,102.00,44.3355,40.2516,2.7412,-0.0007,349.9272,0.0040,0.0003,0.0015,0.0007,-0.1749,0.0000,0.9846
93.0780,102.00,44.3355,40.2516,2.7412,-0.0007,349.9273,0.0040,0.0002,0.0015,0.0007,-0.1749,0.0000,0.9846
93.0980,102.00,44.3355,40.2516,2.7412,-0.0007,349.9273,0.0041,0.0002,0.0015,0.0007,-0.1749,0.0000,0.9846
93.1180,102.00,44.3356,40.2517,2.7413,-0.0006,349.9273,0.0041,0.0002,0.0015,0.0007,-0.1749,0.0000,0.9846
93.1380,102.00,44.3356,40.2517,2.7413,-0.0006,349.9273,0.0041,0.0002,0.0015,0.0007,-0.1749,0.0000,0.9846
93.1580,102.00,44.3356,40.2517,2.7413,-0.0006,349.9273,0.0041,0.0002,0.0015,0.0007,-0.1749,0.0000,0.9846
93.1780,102.00,44.3356,40.2518,2.7413,-0.0006,349.9273,0.0041,0.0002,0.0015,0.0007,-0.1749,0.0000,0.9846
93.1980,102.00,44.3356,40.2518,2.7413,-0.0006,349.9274,0.0041,0.0002,0.0014,0.0007,-0.1749,0.0000,0.9846
93.2180,102.00,44.3356,40.2518,2.7413,-0.0006,349.9274,0.0041,0.0001,0.0014,0.0007,-0.1749,0.0000,0.9846
93.2380,102.00,44.3356,40.2518,2.7413,-0.0005,349.9274,0.0041,0.0001,0.0014,0.0007,-0.1749,0.0000,0.9846
93.2580,102.00,44.3356,40.2519,2.7414,-0.0005,349.9274,0.0041,0.0001,0.0014,0.0007,-0.1749,0.0000,0.9846
93.2780,102.00,44.3356,40.2519,2.7414,-0.0005,349.9274,0.0040,0.0001,0.0014,0.0006,-0.1749,0.0000,0.9846
93.2980,102.00,44.3356,40.2519,2.7414,-0.0005,349.9274,0.0040,0.0001,0.0014,0.0006,-0.1749,0.0000,0.9846
93.3180,100.63,44.3356,40.2520,2.7414,-0.0005,349.9275,0.0040,0.0001,0.0014,0.0006,-0.1749,0.0000,0.9846
93.3380,100.63,44.3356,40.2520,2.7414,-0.0005,349.9275,0.0040,0.0001,0.0014,0.0006,-0.1749,0.0000,0.9846
93.3580,100.63,44.3356,40.2520,2.7414,-0.0005,349.9275,0.0040,0.0001,0.0014,0.0006,-0.1749,0.0000,0.9846
93.3780,100.63,44.3356,40.2520,2.7414,-0.0005,349.9275,0.0040,0.0000,0.0014,0.0006,-0.1749,0.0000,0.9846
93.3980,100.63,44.3356,40.2521,2.7414,-0.0005,349.9275,0.0039,0.0000,0.0014,0.0006,-0.1749,0.0000,0.9846
93.4180,100.63,44.3356,40.2521,2.7415,-0.0004,349.9275,0.0039,0.0000,0.0014,0.0006,-0.1749,0.0000,0.9846
93.4380,100.63,44.3356,40.2521,2.7415,-0.0004,349.9275,0.0039,0.0000,0.0014,0.0006,-0.1749,0.0000,0.9846
93.4580,100.63,44.3356,40.2521,2.7415,-0.0004,349.9276,0.0039,0.0000,0.0014,0.0006,-0.1749,0.0000,0.9846
93.4780,100.63,44.3356,40.2522,2.7415,-0.0004,349.9276,0.0038,0.0000,0.0014,0.0006,-0.1749,0.0000,0.9846
93.4980,100.63,44.3356,40.2522,2.7415,-0.0004,349.9276,0.0038,0.0000,0.0014,0.0006,-0.1749,0.0000,0.9846
93.5180,100.63,44.3356,40.2522,2.7415,-0.0004,349.9276,0.0038,0.0000,0.0013,0.0006,-0.1749,0.0000,0.9846
93.5380,100.63,44.3356,40.2523,2.7415,-0.0004,349.9276,0.0038,-0.0001,0.0013,0.0006,-0.1749,0.0000,0.9846
93.5580,100.63,44.3356,40.2523,2.7415,-0.0004,349.9276,0.0037,-0.0001,0.0013,0.0006,-0.1749,0.0000,0.9846
93.5780,100.63,44.3356,40.2523,2.7415,-0.0004,349.9276,0.0037,-0.0001,0.0013,0.0006,-0.1749,0.0000,0.9846
93.5980,100.63,44.3356,40.2523,2.7416,-0.0004,349.9276,0.0037,-0.0001,0.0013,0.0006,-0.1749,0.0000,0.9846
93.6180,100.63,44.3356,40.2524,2.7416,-0.0004,349.9276,0.0036,-0.0001,0.0013,0.0005,-0.1749,0.0000,0.9846
93.6380,100.63,44.3356,40.2524,2.7416,-0.0003,349.9276,0.0036,-0.0001,0.0013,0.0005,-0.1749,0.0000,0.9846
93.6580,100.63,44.3356,40.2524,2.7416,-0.0003,349.9276,0.0035,-0.0001,0.0013,0.0005,-0.1749,0.0000,0.9846
93.6780,100.63,44.3356,40.2524,2.7416,-0.0003,349.9276,0.0035,-0.0001,0.0013,0.0005,-0.1749,0.0000,0.9846
93.6980,100.63,44.3356,40.2525,2.7416,-0.0003,349.9277,0.0035,-0.0001,0.0013,0.0005,-0.1749,0.0000,0.9846
93.7180,100.63,44.3356,40.2525,2.7416,-0.0003,349.9277,0.0034,-0.0002,0.0013,0.0005,-0.1749,0.0000,0.9846
93.7380,100.63,44.3356,40.2525,2.7416,-0.0003,349.9277,0.0034,-0.0002,0.0013,0.0005,-0.1749,0.0000,0.9846
93.7580,100.63,44.3356,40.2525,2.7416,-0.0003,349.9277,0.0033,-0.0002,0.0013,0.0005,-0.1749,0.0000,0.9846
93.7780,100.63,44.3355,40.2526,2.7417,-0.0003,349.9277,0.0033,-0.0002,0.0013,0.0005,-0.1749,0.0000,0.9846
93.7980,100.63,44.3355,40.2526,2.7417,-0.0003,349.9277,0.0032,-0.0002,0.0013,0.0005,-0.1749,0.0000,0.9846
93.8180,100.63,44.3355,40.2526,2.7417,-0.0003,349.9277,0.0032,-0.0002,0.0012,0.0005,-0.1749,0.0000,0.9846
93.8380,100.63,44.3355,40.2526,2.7417,-0.0003,349.9277,0.0031,-0.0002,0.0012,0.0005,-0.1749,0.0000,0.9846
93.8580,100.63,44.3355,40.2527,2.7417,-0.0003,349.9277,0.0031,-0.0002,0.0012,0.0005,-0.1749,0.0000,0.9846
93.8780,100.63,44.3355,40.2527,2.7417,-0.0003,349.9277,0.0030,-0.0002,0.0012,0.0005,-0.1749,0.0000,0.9846
93.8980,100.63,44.3355,40.2527,2.7417,-0.0003,349.9277,0.0030,-0.0002,0.0012,0.0005,-0.1749,0.0000,0.9846
93.9180,100.63,44.3355,40.2527,2.7417,-0.0003,349.9277,0.0029,-0.0002,0.0012,0.0005,-0.1749,0.0000,0.9846
93.9380,100.63,44.3355,40.2528,2.7417,-0.0003,349.9277,0.0029,-0.0003,0.0012,0.0005,-0.1749,0.0000,0.9846
93.9580,100.63,44.3355,40.2528,2.7417,-0.0003,349.9277,0.0028,-0.0003,0.0012,0.0005,-0.1749,0.0000,0.9846
93.9780,100.63,44.3355,40.2528,2.7417,-0.0003,349.9278,0.0028,-0.0003,0.0012,0.0005,-0.1749,0.0000,0.9846
93.9980,100.63,44.3355,40.2528,2.7418,-0.0003,349.9278,0.0027,-0.0003,0.0012,0.0005,-0.1749,0.0000,0.9846
94.0180,100.63,44.3355,40.2529,2.7418,-0.0003,349.9278,0.0027,-0.0003,0.0012,0.0005,-0.1749,0.0000,0.9846
94.0380,100.63,44.3355,40.2529,2.7418,-0.0003,349.9278,0.0026,-0.0003,0.0012,0.0005,-0.1749,0.0000,0.9846
94.0580,100.63,44.3355,40.2529,2.7418,-0.0003,349.9278,0.0026,-0.0003,0.0012,0.0004,-0.1749,0.0000,0.9846
94.0780,100.63,44.3355,40.2529,2.7418,-0.0003,349.9278,0.0025,-0.0003,0.0012,0.0004,-0.1749,0.0000,0.9846
94.0980,100.63,44.3355,40.2529,2.7418,-0.0003,349.9278,0.0025,-0.0003,0.0012,0.0004,-0.1749,0.0000,0.9846
94.1180,100.63,44.3355,40.2530,2.7418,-0.0003,349.9278,0.0024,-0.0003,0.0011,0.0004,-0.1749,0.0000,0.9846
94.1380,100.63,44.3355,40.2530,2.7418,-0.0003,349.9278,0.0024,-0.0003,0.0011,0.0004,-0.1749,0.0000,0.9846
94.1580,100.63,44.3354,40.2530,2.7418,-0.0003,349.9278,0.0023,-0.0003,0.0011,0.0004,-0.1749,0.0000,0.9846
94.1780,100.63,44.3354,40.2530,2.7418,-0.0003,349.9278,0.0023,-0.0003,0.0011,0.0004,-0.1749,0.0000,0.9846
94.1980,100.63,44.3354,40.2531,2.7418,-0.0003,349.9278,0.0022,-0.0003,0.0011,0.0004,-0.1749,0.0000,0.9846
94.2180,100.63,44.3354,40.2531,2.7419,-0.0003,349.9278,0.0021,-0.0003,0.0011,0.0004,-0.1749,0.0000,0.9846
94.2380,100.63,44.3354,40.2531,2.7419,-0.0003,349.9278,0.0021,-0.0004,0.0011,0.0004,-0.1749,0.0000,0.9846
94.2580,100.63,44.3354,40.2531,2.7419,-0.0003,349.9278,0.0020,-0.0004,0.0011,0.0004,-0.1749,0.0000,0.9846
94.2780,100.63,44.3354,40.2532,2.7419,-0.0003,349.9278,0.0020,-0.0004,0.0011,0.0004,-0.1749,0.0000,0.9846
94.2980,100.63,44.3354,40.2532,2.7419,-0.0003,349.9278,0.0019,-0.0004,0.0011,0.0004,-0.1749,0.0000,0.9846
94.3180,108.87,44.3354,40.2532,2.7419,-0.0003,349.9278,0.0019,-0.0004,0.0011,0.0004,-0.1749,0.0000,0.9846
94.3380,108.87,44.3354,40.2532,2.7419,-0.0003,349.9278,0.0018,-0.0004,0.0011,0.0004,-0.1749,0.0000,0.9846
94.3580,108.87,44.3354,40.2532,2.7419,-0.0003,349.9278,0.0017,-0.0004,0.0011,0.0004,-0.1749,0.0000,0.9846
94.3780,108.87,44.3354,40.2533,2.7419,-0.0003,349.9278,0.0017,-0.0004,0.0011,0.0004,-0.1749,0.0000,0.9846
94.3980,108.87,44.3354,40.2533,2.7419,-0.0003,349.9278,0.0016,-0.0004,0.0011,0.0004,-0.1749,0.0000,0.9846
94.4180,108.87,44.3353,40.2533,2.7419,-0.0003,349.9278,0.0016,-0.0004,0.0010,0.0004,-0.1749,0.0000,0.9846
94.4380,108.87,44.3353,40.2533,2.7419,-0.0003,349.9278,0.0015,-0.0004,0.0010,0.0004,-0.1749,0.0000,0.9846
94.4580,108.87,44.3353,40.2533,2.7420,-0.0003,349.9278,0.0015,-0.0004,0.0010,0.0004,-0.1749,0.0000,0.9846
94.4780,108.87,44.3353,40.2534,2.7420,-0.0003,349.9278,0.0014,-0.0004,0.0010,0.0004,-0.1749,0.0000,0.9846
94.4980,108.87,44.3353,40.2534,2.7420,-0.0003,349.9278,0.0014,-0.0004,0.0010,0.0004,-0.1749,0.0000,0.9846
94.5180,108.87,44.3353,40.2534,2.7420,-0.0003,349.9278,0.0013,-0.0004,0.0010,0.0004,-0.1749,0.0000,0.9846
94.5380,108.87,44.3353,40.2534,2.7420,-0.0003,349.9278,0.0013,-0.0004,0.0010,0.0004,-0.1749,0.0000,0.9846
94.5580,108.87,44.3353,40.2534,2.7420,-0.0003,349.9278,0.0012,-0.0004,0.0010,0.0004,-0.1749,0.0000,0.9846
94.5780,108.87,44.3353,40.2535,2.7420,-0.0003,349.9278,0.0011,-0.0004,0.0010,0.0004,-0.1749,0.0000,0.9846
94.5980,108.87,44.3353,40.2535,2.7420,-0.0003,349.9278,0.0011,-0.0004,0.0010,0.0004,-0.1749,0.0000,0.9846
94.6180,108.87,44.3353,40.2535,2.7420,-0.0003,349.9278,0.0010,-0.0004,0.0010,0.0004,-0.1749,0.0000,0.9846
94.6380,108.87,44.3353,40.2535,2.7420,-0.0003,349.9278,0.0010,-0.0004,0.0010,0.0004,-0.1749,0.0000,0.9846
94.6580,108.87,44.3353,40.2535,2.7420,-0.0003,349.9278,0.0009,-0.0004,0.0010,0.0003,-0.1749,0.0000,0.9846
94.6780,108.87,44.3352,40.2536,2.7420,-0.0003,349.9278,0.0009,-0.0004,0.0010,0.0003,-0.1749,0.0000,0.9846
94.6980,108.87,44.3352,40.2536,2.7420,-0.0003,349.9278,0.0008,-0.0004,0.0010,0.0003,-0.1749,0.0000,0.9846
94.7180,108.87,44.3352,40.2536,2.7420,-0.0003,349.9278,0.0008,-0.0004,0.0009,0.0003,-0.1749,0.0000,0.9846
94.7380,108.87,44.3352,40.2536,2.7421,-0.0004,349.9278,0.0007,-0.0004,0.0009,0.0003,-0.1749,0.0000,0.9846
94.7580,108.87,44.3352,40.2536,2.7421,-0.0004,349.9278,0.0007,-0.0004,0.0009,0.0003,-0.1749,0.0000,0.9846
94.7780,108.87,44.3352,40.2537,2.7421,-0.0004,349.9278,0.0006,-0.0004,0.0009,0.0003,-0.1749,0.0000,0.9846
94.7980,108.87,44.3352,40.2537,2.7421,-0.0004,349.9278,0.0006,-0.0004,0.0009,0.0003,-0.1749,0.0000,0.9846
94.8180,108.87,44.3352,40.2537,2.7421,-0.0004,349.9278,0.0005,-0.0004,0.0009,0.0003,-0.1749,0.0000,0.9846
94.8380,108.87,44.3352,40.2537,2.7421,-0.0004,349.9278,0.0005,-0.0004,0.0009,0.0003,-0.1749,0.0000,0.9846
94.8580,108.87,44.3352,40.2537,2.7421,-0.0004,349.9278,0.0004,-0.0004,0.0009,0.0003,-0.1749,0.0000,0.9846
94.8780,108.87,44.3352,40.2537,2.7421,-0.0004,349.9278,0.0004,-0.0004,0.0009,0.0003,-0.1749,0.0000,0.9846
94.8980,108.87,44.3352,40.2538,2.7421,-0.0004,349.9278,0.0004,-0.0004,0.0009,0.0003,-0.1749,0.0000,0.9846
94.9180,108.87,44.3352,40.2538,2.7421,-0.0004,349.9278,0.0003,-0.0004,0.0009,0.0003,-0.1749,0.0000,0.9846
94.9380,108.87,44.3351,40.2538,2.7421,-0.0004,349.9278,0.0003,-0.0004,0.0009,0.0003,-0.1749,0.0000,0.9846
94.9580,108.87,44.3351,40.2538,2.7421,-0.0004,349.9278,0.0002,-0.0004,0.0009,0.0003,-0.1749,0.0000,0.9846
94.9780,108.87,44.3351,40.2538,2.7421,-0.0004,349.9278,0.0002,-0.0004,0.0009,0.0003,-0.1749,0.0000,0.9846
94.9980,108.87,44.3351,40.2539,2.7421,-0.0004,349.9278,0.0002,-0.0004,0.0009,0.0003,-0.1749,0.0000,0.9846
95.0180,108.87,44.3351,40.2539,2.7421,-0.0004,349.9278,0.0001,-0.0004,0.0009,0.0003,-0.1749,0.0000,0.9846
95.0380,108.87,44.3351,40.2539,2.7421,-0.0004,349.9278,0.0001,-0.0004,0.0009,0.0003,-0.1749,0.0000,0.9846
95.0580,108.87,44.3351,40.2539,2.7422,-0.0004,349.9277,0.0000,-0.0004,0.0008,0.0003,-0.1749,0.0000,0.9846
95.0780,108.87,44.3351,40.2539,2.7422,-0.0004,349.9277,0.0000,-0.0004,0.0008,0.0003,-0.1749,0.0000,0.9846
95.0980,108.87,44.3351,40.2539,2.7422,-0.0004,349.9277,0.0000,-0.0004,0.0008,0.0003,-0.1749,0.0000,0.9846
95.1180,108.87,44.3351,40.2540,2.7422,-0.0004,349.9277,-0.0001,-0.0004,0.0008,0.0003,-0.1749,0.0000,0.9846
95.1380,108.87,44.3351,40.2540,2.7422,-0.0004,349.9277,-0.0001,-0.0004,0.0008,0.0003,-0.1749,0.0000,0.9846
95.1580,108.87,44.3351,40.2540,2.7422,-0.0004,349.9277,-0.0001,-0.0004,0.0008,0.0003,-0.1749,0.0000,0.9846
95.1780,108.87,44.3351,40.2540,2.7422,-0.0004,349.9277,-0.0002,-0.0004,0.0008,0.0003,-0.1749,0.0000,0.9846
95.1980,108.87,44.3350,40.2540,2.7422,-0.0004,349.9277,-0.0002,-0.0004,0.0008,0.0003,-0.1749,0.0000,0.9846
95.2180,108.87,44.3350,40.2540,2.7422,-0.0004,349.9277,-0.0002,-0.0004,0.0008,0.0003,-0.1749,0.0000,0.9846
95.2380,108.87,44.3350,40.2540,2.7422,-0.0005,349.9277,-0.0003,-0.0004,0.0008,0.0003,-0.1749,0.0000,0.9846
95.2580,108.87,44.3350,40.2541,2.7422,-0.0005,349.9277,-0.0003,-0.0004,0.0008,0.0003,-0.1749,0.0000,0.9846
95.2780,108.87,44.3350,40.2541,2.7422,-0.0005,349.9277,-0.0003,-0.0004,0.0008,0.0003,-0.1749,0.0000,0.9846
95.2980,108.87,44.3350,40.2541,2.7422,-0.0005,349.9277,-0.0004,-0.0004,0.0008,0.0003,-0.1749,0.0000,0.9846
95.3180,115.25,44.3350,40.2541,2.7422,-0.0005,349.9277,-0.0004,-0.0004,0.0008,0.0003,-0.1749,0.0000,0.9846
95.3380,115.25,44.3350,40.2541,2.7422,-0.0005,349.9277,-0.0004,-0.0004,0.0008,0.0003,-0.1749,0.0000,0.9846
95.3580,115.25,44.3350,40.2541,2.7422,-0.0005,349.9277,-0.0005,-0.0004,0.0008,0.0003,-0.1749,0.0000,0.9846
95.3780,115.25,44.3350,40.2542,2.7422,-0.0005,349.9277,-0.0005,-0.0004,0.0008,0.0003,-0.1749,0.0000,0.9846
95.3980,115.25,44.3350,40.2542,2.7422,-0.0005,349.9277,-0.0005,-0.0004,0.0007,0.0003,-0.1749,0.0000,0.9846
95.4180,115.25,44.3350,40.2542,2.7423,-0.0005,349.9277,-0.0005,-0.0004,0.0007,0.0003,-0.1749,0.0000,0.9846
95.4380,115.25,44.3350,40.2542,2.7423,-0.0005,349.9277,-0.0006,-0.0004,0.0007,0.0003,-0.1749,0.0000,0.9846
95.4580,115.25,44.3350,40.2542,2.7423,-0.0005,349.9277,-0.0006,-0.0004,0.0007,0.0003,-0.1749,0.0000,0.9846
95.4780,115.25,44.3349,40.2542,2.7423,-0.0005,349.9277,-0.0006,-0.0004,0.0007,0.0002,-0.1749,0.0000,0.9846
95.4980,115.25,44.3349,40.2542,2.7423,-0.0005,349.9277,-0.0006,-0.0003,0.0007,0.0002,-0.1749,0.0000,0.9846
95.5180,115.25,44.3349,40.2543,2.7423,-0.0005,349.9276,-0.0007,-0.0003,0.0007,0.0002,-0.1749,0.0000,0.9846
95.5380,115.25,44.3349,40.2543,2.7423,-0.0005,349.9276,-0.0007,-0.0003,0.0007,0.0002,-0.1749,0.0000,0.9846
95.5580,115.25,44.3349,40.2543,2.7423,-0.0005,349.9276,-0.0007,-0.0003,0.0007,0.0002,-0.1749,0.0000,0.9846
95.5780,115.25,44.3349,40.2543,2.7423,-0.0005,349.9276,-0.0007,-0.0003,0.0007,0.0002,-0.1749,0.0000,0.9846
95.5980,115.25,44.3349,40.2543,2.7423,-0.0005,349.9276,-0.0008,-0.0003,0.0007,0.0002,-0.1749,0.0000,0.9846
95.6180,115.25,44.3349,40.2543,2.7423,-0.0005,349.9276,-0.0008,-0.0003,0.0007,0.0002,-0.1749,0.0000,0.9846
95.6380,115.25,44.3349,40.2544,2.7423,-0.0005,349.9276,-0.0008,-0.0003,0.0007,0.0002,-0.1749,0.0000,0.9846
95.6580,115.25,44.3349,40.2544,2.7423,-0.0005,349.9276,-0.0008,-0.0003,0.0007,0.0002,-0.1749,0.0000,0.9846
95.6780,115.25,44.3349,40.2544,2.7423,-0.0005,349.9276,-0.0009,-0.0003,0.0007,0.0002,-0.1749,0.0000,0.9846
95.6980,115.25,44.3349,40.2544,2.7423,-0.0005,349.9276,-0.0009,-0.0003,0.0007,0.0002,-0.1749,0.0000,0.9846
95.7180,115.25,44.3349,40.2544,2.7423,-0.0005,349.9276,-0.0009,-0.0003,0.0007,0.0002,-0.1749,0.0000,0.9846
95.7380,115.25,44.3348,40.2544,2.7423,-0.0005,349.9276,-0.0009,-0.0003,0.0007,0.0002,-0.1749,0.0000,0.9846
95.7580,115.25,44.3348,40.2544,2.7423,-0.0005,349.9276,-0.0009,-0.0003,0.0007,0.0002,-0.1749,0.0000,0.9846
95.7780,115.25,44.3348,40.2544,2.7423,-0.0005,349.9276,-0.0010,-0.0003,0.0006,0.0002,-0.1749,0.0000,0.9846
95.7980,115.25,44.3348,40.2545,2.7423,-0.0006,349.9276,-0.0010,-0.0003,0.0006,0.0002,-0.1749,0.0000,0.9846
95.8180,115.25,44.3348,40.2545,2.7423,-0.0006,349.9276,-0.0010,-0.0003,0.0006,0.0002,-0.1749,0.0000,0.9846
95.8380,115.25,44.3348,40.2545,2.7423,-0.0006,349.9276,-0.0010,-0.0003,0.0006,0.0002,-0.1749,0.0000,0.9846
95.8580,115.25,44.3348,40.2545,2.7424,-0.0006,349.9276,-0.0010,-0.0003,0.0006,0.0002,-0.1749,0.0000,0.9846
95.8780,115.25,44.3348,40.2545,2.7424,-0.0006,349.9276,-0.0010,-0.0003,0.0006,0.0002,-0.1749,0.0000,0.9846
95.8980,115.25,44.3348,40.2545,2.7424,-0.0006,349.9276,-0.0010,-0.0003,0.0006,0.0002,-0.1749,0.0000,0.9846
95.9180,115.25,44.3348,40.2545,2.7424,-0.0006,349.9276,-0.0010,-0.0003,0.0006,0.0002,-0.1749,0.0000,0.9846
95.9380,115.25,44.3348,40.2545,2.7424,-0.0006,349.9276,-0.0011,-0.0003,0.0006,0.0002,-0.1749,0.0000,0.9846
95.9580,115.25,44.3348,40.2545,2.7424,-0.0006,349.9276,-0.0011,-0.0003,0.0006,0.0002,-0.1749,0.0000,0.9846
95.9780,115.25,44.3348,40.2546,2.7424,-0.0006,349.9276,-0.0011,-0.0002,0.0006,0.0002,-0.1749,0.0000,0.9846
95.9980,115.25,44.3348,40.2546,2.7424,-0.0006,349.9276,-0.0011,-0.0002,0.0006,0.0002,-0.1749,0.0000,0.9846
96.0180,115.25,44.3348,40.2546,2.7424,-0.0006,349.9276,-0.0011,-0.0002,0.0006,0.0002,-0.1749,0.0000,0.9846
96.0380,115.25,44.3348,40.2546,2.7424,-0.0006,349.9276,-0.0011,-0.0002,0.0006,0.0002,-0.1749,0.0000,0.9846
96.0580,115.25,44.3348,40.2546,2.7424,-0.0006,349.9276,-0.0011,-0.0002,0.0006,0.0002,-0.1749,0.0000,0.9846
96.0780,115.25,44.3348,40.2546,2.7424,-0.0006,349.9276,-0.0011,-0.0002,0.0006,0.0002,-0.1749,0.0000,0.9846
96.0980,115.25,44.3348,40.2546,2.7424,-0.0006,349.9276,-0.0011,-0.0002,0.0006,0.0002,-0.1749,0.0000,0.9846
96.1180,115.25,44.3348,40.2546,2.7424,-0.0006,349.9276,-0.0011,-0.0002,0.0006,0.0002,-0.1749,0.0000,0.9846
96.1380,115.25,44.3348,40.2546,2.7424,-0.0006,349.9276,-0.0011,-0.0002,0.0006,0.0002,-0.1749,0.0000,0.9846
96.1580,115.25,44.3348,40.2547,2.7424,-0.0006,349.9275,-0.0011,-0.0002,0.0006,0.0002,-0.1749,0.0000,0.9846
96.1780,115.25,44.3348,40.2547,2.7424,-0.0006,349.9275,-0.0011,-0.0002,0.0005,0.0002,-0.1749,0.0000,0.9846
96.1980,115.25,44.3347,40.2547,2.7424,-0.0006,349.9275,-0.0011,-0.0002,0.0005,0.0002,-0.1749,0.0000,0.9846
96.2180,115.25,44.3347,40.2547,2.7424,-0.0006,349.9275,-0.0011,-0.0002,0.0005,0.0002,-0.1749,0.0000,0.9846
96.2380,115.25,44.3347,40.2547,2.7424,-0.0006,349.9275,-0.0011,-0.0002,0.0005,0.0002,-0.1749,0.0000,0.9846
96.2580,115.25,44.3347,40.2547,2.7424,-0.0006,349.9275,-0.0011,-0.0002,0.0005,0.0002,-0.1749,0.0000,0.9846
96.2780,115.25,44.3347,40.2547,2.7424,-0.0006,349.9275,-0.0011,-0.0002,0.0005,0.0002,-0.1749,0.0000,0.9846
96.2980,115.25,44.3347,40.2547,2.7424,-0.0006,349.9275,-0.0011,-0.0002,0.0005,0.0002,-0.1749,0.0000,0.9846
96.3180,115.25,44.3347,40.2548,2.7424,-0.0006,349.9275,-0.0011,-0.0002,0.0005,0.0002,-0.1749,0.0000,0.9846
96.3380,116.00,44.3347,40.2548,2.7424,-0.0006,349.9275,-0.0011,-0.0002,0.0005,0.0002,-0.1749,0.0000,0.9846
96.3580,116.00,44.3347,40.2548,2.7424,-0.0006,349.9275,-0.0011,-0.0002,0.0005,0.0002,-0.1749,0.0000,0.9846
96.3780,116.00,44.3347,40.2548,2.7424,-0.0006,349.9275,-0.0011,-0.0002,0.0005,0.0002,-0.1749,0.0000,0.9846
96.3980,116.00,44.3347,40.2548,2.7425,-0.0006,349.9275,-0.0011,-0.0001,0.0005,0.0002,-0.1749,0.0000,0.9846
96.4180,116.00,44.3347,40.2548,2.7425,-0.0006,349.9275,-0.0011,-0.0001,0.0005,0.0002,-0.1749,0.0000,0.9846
96.4380,116.00,44.3347,40.2548,2.7425,-0.0006,349.9275,-0.0011,-0.0001,0.0005,0.0002,-0.1749,0.0000,0.9846
96.4580,116.00,44.3347,40.2548,2.7425,-0.0006,349.9275,-0.0011,-0.0001,0.0005,0.0002,-0.1749,0.0000,0.9846
96.4780,116.00,44.3347,40.2548,2.7425,-0.0006,349.9275,-0.0011,-0.0001,0.0005,0.0002,-0.1749,0.0000,0.9846
96.4980,116.00,44.3347,40.2548,2.7425,-0.0006,349.9275,-0.0011,-0.0001,0.0005,0.0002,-0.1749,0.0000,0.9846
96.5180,116.00,44.3347,40.2549,2.7425,-0.0006,349.9275,-0.0011,-0.0001,0.0005,0.0002,-0.1749,0.0000,0.9846
96.5380,116.00,44.3347,40.2549,2.7425,-0.0006,349.9275,-0.0011,-0.0001,0.0005,0.0001,-0.1749,0.0000,0.9846
96.5580,116.00,44.3347,40.2549,2.7425,-0.0006,349.9275,-0.0011,-0.0001,0.0005,0.0001,-0.1749,0.0000,0.9846
96.5780,116.00,44.3347,40.2549,2.7425,-0.0006,349.9275,-0.0011,-0.0001,0.0005,0.0001,-0.1749,0.0000,0.9846
96.5980,116.00,44.3347,40.2549,2.7425,-0.0006,349.9275,-0.0011,-0.0001,0.0005,0.0001,-0.1749,0.0000,0.9846
96.6180,116.00,44.3347,40.2549,2.7425,-0.0006,349.9275,-0.0011,-0.0001,0.0005,0.0001,-0.1749,0.0000,0.9846
96.6380,116.00,44.3347,40.2549,2.7425,-0.0006,349.9275,-0.0011,-0.0001,0.0004,0.0001,-0.1749,0.0000,0.9846
96.6580,116.00,44.3347,40.2549,2.7425,-0.0006,349.9275,-0.0011,-0.0001,0.0004,0.0001,-0.1749,0.0000,0.9846
96.6780,116.00,44.3347,40.2549,2.7425,-0.0006,349.9275,-0.0010,-0.0001,0.0004,0.0001,-0.1749,0.0000,0.9846
96.6980,116.00,44.3347,40.2549,2.7425,-0.0006,349.9275,-0.0010,-0.0001,0.0004,0.0001,-0.1749,0.0000,0.9846
96.7180,116.00,44.3347,40.2549,2.7425,-0.0006,349.9275,-0.0010,-0.0001,0.0004,0.0001,-0.1749,0.0000,0.9846
96.7380,116.00,44.3347,40.2549,2.7425,-0.0006,349.9275,-0.0010,-0.0001,0.0004,0.0001,-0.1749,0.0000,0.9846
96.7580,116.00,44.3347,40.2550,2.7425,-0.0006,349.9275,-0.0010,-0.0001,0.0004,0.0001,-0.1749,0.0000,0.9846
96.7780,116.00,44.3347,40.2550,2.7425,-0.0006,349.9275,-0.0010,-0.0001,0.0004,0.0001,-0.1749,0.0000,0.9846
96.7980,116.00,44.3347,40.2550,2.7425,-0.0005,349.9275,-0.0010,-0.0001,0.0004,0.0001,-0.1749,0.0000,0.9846
96.8180,116.00,44.3347,40.2550,2.7425,-0.0005,349.9275,-0.0010,-0.0001,0.0004,0.0001,-0.1749,0.0000,0.9846
96.8380,116.00,44.3347,40.2550,2.7425,-0.0005,349.9275,-0.0010,-0.0001,0.0004,0.0001,-0.1749,0.0000,0.9846
96.8580,116.00,44.3347,40.2550,2.7425,-0.0005,349.9274,-0.0009,-0.0001,0.0004,0.0001,-0.1749,0.0000,0.9846
96.8780,116.00,44.3347,40.2550,2.7425,-0.0005,349.9274,-0.0009,-0.0001,0.0004,0.0001,-0.1749,0.0000,0.9846
96.8980,116.00,44.3347,40.2550,2.7425,-0.0005,349.9274,-0.0009,0.0000,0.0004,0.0001,-0.1749,0.0000,0.9846
96.9180,116.00,44.3347,40.2550,2.7425,-0.0005,349.9274,-0.0009,0.0000,0.0004,0.0001,-0.1749,0.0000,0.9846
96.9380,116.00,44.3347,40.2550,2.7425,-0.0005,349.9274,-0.0009,0.0000,0.0004,0.0001,-0.1749,0.0000,0.9846
96.9580,116.00,44.3347,40.2550,2.7425,-0.0005,349.9274,-0.0009,0.0000,0.0004,0.0001,-0.1749,0.0000,0.9846
96.9780,116.00,44.3347,40.2550,2.7425,-0.0005,349.9274,-0.0009,0.0000,0.0004,0.0001,-0.1749,0.0000,0.9846
96.9980,116.00,44.3347,40.2550,2.7425,-0.0005,349.9274,-0.0009,0.0000,0.0004,0.0001,-0.1749,0.0000,0.9846
97.0180,116.00,44.3347,40.2551,2.7425,-0.0005,349.9274,-0.0009,0.0000,0.0004,0.0001,-0.1749,0.0000,0.9846
97.0380,116.00,44.3347,40.2551,2.7425,-0.0005,349.9274,-0.0008,0.0000,0.0004,0.0001,-0.1749,0.0000,0.9846
97.0580,116.00,44.3347,40.2551,2.7425,-0.0005,349.9274,-0.0008,0.0000,0.0004,0.0001,-0.1749,0.0000,0.9846
97.0780,116.00,44.3347,40.2551,2.7425,-0.0005,349.9274,-0.0008,0.0000,0.0004,0.0001,-0.1749,0.0000,0.9846
97.0980,116.00,44.3347,40.2551,2.7425,-0.0005,349.9274,-0.0008,0.0000,0.0004,0.0001,-0.1749,0.0000,0.9846
97.1180,116.00,44.3347,40.2551,2.7425,-0.0005,349.9274,-0.0008,0.0000,0.0004,0.0001,-0.1749,0.0000,0.9846
97.1380,116.00,44.3347,40.2551,2.7425,-0.0005,349.9274,-0.0008,0.0000,0.0004,0.0001,-0.1749,0.0000,0.9846
97.1580,116.00,44.3347,40.2551,2.7425,-0.0005,349.9274,-0.0008,0.0000,0.0004,0.0001,-0.1749,0.0000,0.9846
97.1780,116.00,44.3347,40.2551,2.7426,-0.0005,349.9274,-0.0008,0.0000,0.0004,0.0001,-0.1749,0.0000,0.9846
97.1980,116.00,44.3347,40.2551,2.7426,-0.0005,349.9274,-0.0008,0.0000,0.0003,0.0001,-0.1749,0.0000,0.9846
97.2180,116.00,44.3347,40.2551,2.7426,-0.0005,349.9274,-0.0007,0.0000,0.0003,0.0001,-0.1749,0.0000,0.9846
97.2380,116.00,44.3347,40.2551,2.7426,-0.0005,349.9274,-0.0007,0.0000,0.0003,0.0001,-0.1749,0.0000,0.9846
97.2580,116.00,44.3347,40.2551,2.7426,-0.0005,349.9274,-0.0007,0.0000,0.0003,0.0001,-0.1749,0.0000,0.9846
97.2780,116.00,44.3347,40.2552,2.7426,-0.0005,349.9274,-0.0007,0.0000,0.0003,0.0001,-0.1749,0.0000,0.9846
97.2980,116.00,44.3347,40.2552,2.7426,-0.0005,349.9274,-0.0007,0.0000,0.0003,0.0001,-0.1749,0.0000,0.9846
97.3180,116.00,44.3347,40.2552,2.7426,-0.0005,349.9274,-0.0007,0.0000,0.0003,0.0001,-0.1749,0.0000,0.9846
97.3380,111.29,44.3347,40.2552,2.7426,-0.0005,349.9274,-0.0007,0.0000,0.0003,0.0001,-0.1749,0.0000,0.9846
97.3580,111.29,44.3347,40.2552,2.7426,-0.0005,349.9274,-0.0007,0.0000,0.0003,0.0001,-0.1749,0.0000,0.9846
97.3780,111.29,44.3347,40.2552,2.7426,-0.0005,349.9274,-0.0006,0.0000,0.0003,0.0001,-0.1749,0.0000,0.9846
97.3980,111.29,44.3347,40.2552,2.7426,-0.0005,349.9274,-0.0006,0.0000,0.0003,0.0001,-0.1749,0.0000,0.9846
97.4180,111.29,44.3347,40.2552,2.7426,-0.0005,349.9274,-0.0006,0.0000,0.0003,0.0001,-0.1749,0.0000,0.9846
97.4380,111.29,44.3347,40.2552,2.7426,-0.0005,349.9274,-0.0006,0.0000,0.0003,0.0001,-0.1749,0.0000,0.9846
97.4580,111.29,44.3347,40.2552,2.7426,-0.0004,349.9274,-0.0006,0.0000,0.0003,0.0001,-0.1749,0.0000,0.9846
97.4780,111.29,44.3347,40.2552,2.7426,-0.0004,349.9274,-0.0006,0.0000,0.0003,0.0001,-0.1749,0.0000,0.9846
97.4980,111.29,44.3347,40.2552,2.7426,-0.0004,349.9274,-0.0006,0.0000,0.0003,0.0001,-0.1749,0.0000,0.9846
97.5180,111.29,44.3347,40.2552,2.7426,-0.0004,349.9274,-0.0006,0.0000,0.0003,0.0001,-0.1749,0.0000,0.9846
97.5380,111.29,44.3347,40.2552,2.7426,-0.0004,349.9274,-0.0005,0.0000,0.0003,0.0001,-0.1749,0.0000,0.9846
97.5580,111.29,44.3347,40.2553,2.7426,-0.0004,349.9274,-0.0005,0.0000,0.0003,0.0001,-0.1749,0.0000,0.9846
97.5780,111.29,44.3347,40.2553,2.7426,-0.0004,349.9274,-0.0005,0.0000,0.0003,0.0001,-0.1749,0.0000,0.9846
97.5980,111.29,44.3347,40.2553,2.7426,-0.0004,349.9274,-0.0005,0.0000,0.0003,0.0001,-0.1749,0.0000,0.9846
97.6180,111.29,44.3347,40.2553,2.7426,-0.0004,349.9274,-0.0005,0.0000,0.0003,0.0001,-0.1749,0.0000,0.9846
97.6380,111.29,44.3347,40.2553,2.7426,-0.0004,349.9274,-0.0005,0.0000,0.0003,0.0001,-0.1749,0.0000,0.9846
97.6580,111.29,44.3347,40.2553,2.7426,-0.0004,349.9274,-0.0005,0.0000,0.0003,0.0001,-0.1749,0.0000,0.9846
97.6780,111.29,44.3347,40.2553,2.7426,-0.0004,349.9274,-0.0005,0.0000,0.0003,0.0001,-0.1749,0.0000,0.9846
97.6980,111.29,44.3347,40.2553,2.7426,-0.0004,349.9274,-0.0004,0.0000,0.0003,0.0001,-0.1749,0.0000,0.9846
97.7180,111.29,44.3347,40.2553,2.7426,-0.0004,349.9274,-0.0004,0.0001,0.0003,0.0001,-0.1749,0.0000,0.9846
97.7380,111.29,44.3347,40.2553,2.7426,-0.0004,349.9274,-0.0004,0.0001,0.0003,0.0001,-0.1749,0.0000,0.9846
97.7580,111.29,44.3347,40.2553,2.7426,-0.0004,349.9274,-0.0004,0.0001,0.0003,0.0001,-0.1749,0.0000,0.9846
97.7780,111.29,44.3347,40.2553,2.7426,-0.0004,349.9274,-0.0004,0.0001,0.0003,0.0001,-0.1749,0.0000,0.9846
97.7980,111.29,44.3347,40.2553,2.7426,-0.0004,349.9274,-0.0004,0.0001,0.0003,0.0001,-0.1749,0.0000,0.9846
97.8180,111.29,44.3347,40.2553,2.7426,-0.0004,349.9274,-0.0004,0.0001,0.0003,0.0001,-0.1749,0.0000,0.9846
97.8380,111.29,44.3347,40.2553,2.7426,-0.0004,349.9274,-0.0004,0.0001,0.0003,0.0001,-0.1749,0.0000,0.9846
97.8580,111.29,44.3347,40.2553,2.7426,-0.0004,349.9274,-0.0003,0.0001,0.0002,0.0001,-0.1749,0.0000,0.9846
97.8780,111.29,44.3347,40.2553,2.7426,-0.0004,349.9274,-0.0003,0.0001,0.0002,0.0001,-0.1749,0.0000,0.9846
97.8980,111.29,44.3347,40.2553,2.7426,-0.0004,349.9274,-0.0003,0.0001,0.0002,0.0000,-0.1749,0.0000,0.9846
97.9180,111.29,44.3347,40.2553,2.7426,-0.0004,349.9274,-0.0003,0.0001,0.0002,0.0000,-0.1749,0.0000,0.9846
97.9380,111.29,44.3347,40.2553,2.7426,-0.0004,349.9274,-0.0003,0.0001,0.0002,0.0000,-0.1749,0.0000,0.9846
97.9580,111.29,44.3347,40.2553,2.7426,-0.0003,349.9274,-0.0003,0.0001,0.0002,0.0000,-0.1749,0.0000,0.9846
97.9780,111.29,44.3347,40.2553,2.7426,-0.0003,349.9274,-0.0003,0.0001,0.0002,0.0000,-0.1749,0.0000,0.9846
97.9980,111.29,44.3347,40.2553,2.7426,-0.0003,349.9274,-0.0003,0.0001,0.0002,0.0000,-0.1749,0.0000,0.9846
98.0180,111.29,44.3347,40.2553,2.7426,-0.0003,349.9274,-0.0003,0.0001,0.0002,0.0000,-0.1749,0.0000,0.9846
98.0380,111.29,44.3347,40.2554,2.7426,-0.0003,349.9274,-0.0002,0.0001,0.0002,0.0000,-0.1749,0.0000,0.9846
98.0580,111.29,44.3347,40.2554,2.7426,-0.0003,349.9274,-0.0002,0.0001,0.0002,0.0000,-0.1749,0.0000,0.9846
98.0780,111.29,44.3347,40.2554,2.7426,-0.0003,349.9274,-0.0002,0.0001,0.0002,0.0000,-0.1749,0.0000,0.9846
98.0980,111.29,44.3347,40.2554,2.7426,-0.0003,349.9274,-0.0002,0.0001,0.0002,0.0000,-0.1749,0.0000,0.9846
98.1180,111.29,44.3347,40.2554,2.7426,-0.0003,349.9274,-0.0002,0.0001,0.0002,0.0000,-0.1749,0.0000,0.9846
98.1380,111.29,44.3347,40.2554,2.7426,-0.0003,349.9274,-0.0002,0.0001,0.0002,0.0000,-0.1749,0.0000,0.9846
98.1580,111.29,44.3347,40.2554,2.7426,-0.0003,349.9274,-0.0002,0.0001,0.0002,0.0000,-0.1749,0.0000,0.9846
98.1780,111.29,44.3347,40.2554,2.7426,-0.0003,349.9274,-0.0002,0.0001,0.0002,0.0000,-0.1749,0.0000,0.9846
98.1980,111.29,44.3347,40.2554,2.7426,-0.0003,349.9274,-0.0002,0.0001,0.0002,0.0000,-0.1749,0.0000,0.9846
98.2180,111.29,44.3347,40.2554,2.7426,-0.0003,349.9274,-0.0002,0.0001,0.0002,0.0000,-0.1749,0.0000,0.9846
98.2380,111.29,44.3347,40.2554,2.7426,-0.0003,349.9274,-0.0001,0.0001,0.0002,0.0000,-0.1749,0.0000,0.9846
98.2580,111.29,44.3347,40.2554,2.7426,-0.0003,349.9274,-0.0001,0.0001,0.0002,0.0000,-0.1749,0.0000,0.9846
98.2780,111.29,44.3347,40.2554,2.7426,-0.0003,349.9274,-0.0001,0.0001,0.0002,0.0000,-0.1749,0.0000,0.9846
98.2980,111.29,44.3347,40.2554,2.7426,-0.0003,349.9274,-0.0001,0.0001,0.0002,0.0000,-0.1749,0.0000,0.9846
98.3180,111.29,44.3347,40.2554,2.7426,-0.0003,349.9274,-0.0001,0.0001,0.0002,0.0000,-0.1749,0.0000,0.9846
98.3380,113.06,44.3347,40.2554,2.7426,-0.0003,349.9274,-0.0001,0.0001,0.0002,0.0000,-0.1749,0.0000,0.9846
98.3580,113.06,44.3347,40.2554,2.7426,-0.0003,349.9274,-0.0001,0.0001,0.0002,0.0000,-0.1749,0.0000,0.9846
98.3780,113.06,44.3347,40.2554,2.7426,-0.0003,349.9274,-0.0001,0.0001,0.0002,0.0000,-0.1749,0.0000,0.9846
98.3980,113.06,44.3347,40.2554,2.7426,-0.0003,349.9274,-0.0001,0.0001,0.0002,0.0000,-0.1749,0.0000,0.9846
98.4180,113.06,44.3347,40.2554,2.7426,-0.0003,349.9274,-0.0001,0.0001,0.0002,0.0000,-0.1749,0.0000,0.9846
98.4380,113.06,44.3347,40.2554,2.7426,-0.0003,349.9274,-0.0001,0.0001,0.0002,0.0000,-0.1749,0.0000,0.9846
98.4580,113.06,44.3347,40.2554,2.7426,-0.0003,349.9274,-0.0001,0.0001,0.0002,0.0000,-0.1749,0.0000,0.9846
98.4780,113.06,44.3347,40.2554,2.7426,-0.0002,349.9274,-0.0001,0.0001,0.0002,0.0000,-0.1749,0.0000,0.9846
98.4980,113.06,44.3347,40.2554,2.7426,-0.0002,349.9274,0.0000,0.0001,0.0002,0.0000,-0.1749,0.0000,0.9846
98.5180,113.06,44.3347,40.2554,2.7426,-0.0002,349.9274,0.0000,0.0001,0.0002,0.0000,-0.1749,0.0000,0.9846
98.5380,113.06,44.3347,40.2554,2.7426,-0.0002,349.9274,0.0000,0.0001,0.0002,0.0000,-0.1749,0.0000,0.9846
98.5580,113.06,44.3347,40.2555,2.7426,-0.0002,349.9274,0.0000,0.0001,0.0002,0.0000,-0.1749,0.0000,0.9846
98.5780,113.06,44.3347,40.2555,2.7426,-0.0002,349.9274,0.0000,0.0001,0.0002,0.0000,-0.1749,0.0000,0.9846
98.5980,113.06,44.3347,40.2555,2.7426,-0.0002,349.9274,0.0000,0.0001,0.0002,0.0000,-0.1749,0.0000,0.9846
98.6180,113.06,44.3347,40.2555,2.7426,-0.0002,349.9274,0.0000,0.0001,0.0002,0.0000,-0.1749,0.0000,0.9846
98.6380,113.06,44.3347,40.2555,2.7426,-0.0002,349.9274,0.0000,0.0001,0.0002,0.0000,-0.1749,0.0000,0.9846
98.6580,113.06,44.3347,40.2555,2.7426,-0.0002,349.9274,0.0000,0.0001,0.0002,0.0000,-0.1749,0.0000,0.9846
98.6780,113.06,44.3347,40.2555,2.7426,-0.0002,349.9274,0.0000,0.0001,0.0002,0.0000,-0.1749,0.0000,0.9846
98.6980,113.06,44.3347,40.2555,2.7426,-0.0002,349.9275,0.0000,0.0001,0.0002,0.0000,-0.1749,0.0000,0.9846
98.7180,113.06,44.3347,40.2555,2.7426,-0.0002,349.9275,0.0000,0.0001,0.0002,0.0000,-0.1749,0.0000,0.9846
98.7380,113.06,44.3347,40.2555,2.7426,-0.0002,349.9275,0.0000,0.0001,0.0002,0.0000,-0.1749,0.0000,0.9846
98.7580,113.06,44.3347,40.2555,2.7426,-0.0002,349.9275,0.0000,0.0001,0.0002,0.0000,-0.1749,0.0000,0.9846
98.7780,113.06,44.3347,40.2555,2.7426,-0.0002,349.9275,0.0000,0.0001,0.0001,0.0000,-0.1749,0.0000,0.9846
98.7980,113.06,44.3347,40.2555,2.7426,-0.0002,349.9275,0.0000,0.0001,0.0001,0.0000,-0.1749,0.0000,0.9846
98.8180,113.06,44.3347,40.2555,2.7426,-0.0002,349.9275,0.0000,0.0001,0.0001,0.0000,-0.1749,0.0000,0.9846
98.8380,113.06,44.3347,40.2555,2.7426,-0.0002,349.9275,0.0001,0.0001,0.0001,0.0000,-0.1749,0.0000,0.9846
98.8580,113.06,44.3347,40.2555,2.7426,-0.0002,349.9275,0.0001,0.0001,0.0001,0.0000,-0.1749,0.0000,0.9846
98.8780,113.06,44.3347,40.2555,2.7426,-0.0002,349.9275,0.0001,0.0001,0.0001,0.0000,-0.1749,0.0000,0.9846
98.8980,113.06,44.3347,40.2555,2.7426,-0.0002,349.9275,0.0001,0.0001,0.0001,0.0000,-0.1749,0.0000,0.9846
98.9180,113.06,44.3347,40.2555,2.7426,-0.0002,349.9275,0.0001,0.0001,0.0001,0.0000,-0.1749,0.0000,0.9846
98.9380,113.06,44.3347,40.2555,2.7426,-0.0002,349.9275,0.0001,0.0001,0.0001,0.0000,-0.1749,0.0000,0.9846
98.9580,113.06,44.3347,40.2555,2.7426,-0.0002,349.9275,0.0001,0.0001,0.0001,0.0000,-0.1749,0.0000,0.9846
98.9780,113.06,44.3347,40.2555,2.7426,-0.0002,349.9275,0.0001,0.0001,0.0001,0.0000,-0.1749,0.0000,0.9846
98.9980,113.06,44.3347,40.2555,2.7426,-0.0002,349.9275,0.0001,0.0001,0.0001,0.0000,-0.1749,0.0000,0.9846
99.0180,113.06,44.3347,40.2555,2.7426,-0.0002,349.9275,0.0001,0.0001,0.0001,0.0000,-0.1749,0.0000,0.9846
99.0380,113.06,44.3347,40.2555,2.7426,-0.0002,349.9275,0.0001,0.0001,0.0001,0.0000,-0.1749,0.0000,0.9846
99.0580,113.06,44.3347,40.2555,2.7426,-0.0002,349.9275,0.0001,0.0001,0.0001,0.0000,-0.1749,0.0000,0.9846
99.0780,113.06,44.3347,40.2556,2.7426,-0.0001,349.9275,0.0001,0.0001,0.0001,0.0000,-0.1749,0.0000,0.9846
99.0980,113.06,44.3347,40.2556,2.7426,-0.0001,349.9275,0.0001,0.0001,0.0001,0.0000,-0.1749,0.0000,0.9846
99.1180,113.06,44.3347,40.2556,2.7426,-0.0001,349.9275,0.0001,0.0001,0.0001,0.0000,-0.1749,0.0000,0.9846
99.1380,113.06,44.3347,40.2556,2.7426,-0.0001,349.9275,0.0001,0.0001,0.0001,0.0000,-0.1749,0.0000,0.9846
99.1580,113.06,44.3347,40.2556,2.7426,-0.0001,349.9275,0.0001,0.0001,0.0001,0.0000,-0.1749,0.0000,0.9846
99.1780,113.06,44.3347,40.2556,2.7426,-0.0001,349.9275,0.0001,0.0001,0.0001,0.0000,-0.1749,0.0000,0.9846
99.1980,113.06,44.3347,40.2556,2.7426,-0.0001,349.9275,0.0001,0.0001,0.0001,0.0000,-0.1749,0.0000,0.9846
99.2180,113.06,44.3347,40.2556,2.7426,-0.0001,349.9275,0.0001,0.0001,0.0001,0.0000,-0.1749,0.0000,0.9846
99.2380,113.06,44.3347,40.2556,2.7426,-0.0001,349.9275,0.0001,0.0001,0.0001,0.0000,-0.1749,0.0000,0.9846
99.2580,113.06,44.3347,40.2556,2.7426,-0.0001,349.9275,0.0001,0.0001,0.0001,0.0000,-0.1749,0.0000,0.9846
99.2780,113.06,44.3347,40.2556,2.7426,-0.0001,349.9275,0.0001,0.0001,0.0001,0.0000,-0.1749,0.0000,0.9846
99.2980,113.06,44.3347,40.2556,2.7426,-0.0001,349.9275,0.0001,0.0001,0.0001,0.0000,-0.1749,0.0000,0.9846
99.3180,113.06,44.3347,40.2556,2.7426,-0.0001,349.9275,0.0001,0.0001,0.0001,0.0000,-0.1749,0.0000,0.9846
99.3380,113.06,44.3347,40.2556,2.7426,-0.0001,349.9275,0.0001,0.0001,0.0001,0.0000,-0.1749,0.0000,0.9846
99.3580,108.45,44.3347,40.2556,2.7426,-0.0001,349.9275,0.0001,0.0001,0.0001,0.0000,-0.1749,0.0000,0.9846
99.3780,108.45,44.3347,40.2556,2.7426,-0.0001,349.9275,0.0001,0.0001,0.0001,0.0000,-0.1749,0.0000,0.9846
99.3980,108.45,44.3347,40.2556,2.7426,-0.0001,349.9275,0.0001,0.0001,0.0001,0.0000,-0.1749,0.0000,0.9846
99.4180,108.45,44.3347,40.2556,2.7426,-0.0001,349.9275,0.0001,0.0001,0.0001,0.0000,-0.1749,0.0000,0.9846
99.4380,108.45,44.3347,40.2556,2.7426,-0.0001,349.9275,0.0001,0.0001,0.0001,0.0000,-0.1749,0.0000,0.9846
99.4580,108.45,44.3347,40.2556,2.7426,-0.0001,349.9275,0.0001,0.0001,0.0001,0.0000,-0.1749,0.0000,0.9846
99.4780,108.45,44.3347,40.2556,2.7426,-0.0001,349.9275,0.0001,0.0001,0.0001,0.0000,-0.1749,0.0000,0.9846
99.4980,108.45,44.3347,40.2556,2.7426,-0.0001,349.9275,0.0001,0.0001,0.0001,0.0000,-0.1749,0.0000,0.9846
99.5180,108.45,44.3347,40.2556,2.7426,-0.0001,349.9275,0.0001,0.0001,0.0001,0.0000,-0.1749,0.0000,0.9846
99.5380,108.45,44.3347,40.2556,2.7426,-0.0001,349.9275,0.0001,0.0001,0.0001,0.0000,-0.1749,0.0000,0.9846
99.5580,108.45,44.3347,40.2556,2.7426,-0.0001,349.9275,0.0001,0.0001,0.0001,0.0000,-0.1749,0.0000,0.9846
99.5780,108.45,44.3347,40.2556,2.7426,-0.0001,349.9275,0.0001,0.0001,0.0001,0.0000,-0.1749,0.0000,0.9846
99.5980,108.45,44.3347,40.2556,2.7426,-0.0001,349.9275,0.0001,0.0001,0.0001,0.0000,-0.1749,0.0000,0.9846
99.6180,108.45,44.3347,40.2556,2.7426,-0.0001,349.9275,0.0001,0.0001,0.0001,0.0000,-0.1749,0.0000,0.9846
99.6380,108.45,44.3347,40.2556,2.7426,-0.0001,349.9275,0.0001,0.0000,0.0001,0.0000,-0.1749,0.0000,0.9846
99.6580,108.45,44.3347,40.2556,2.7426,-0.0001,349.9275,0.0001,0.0000,0.0001,0.0000,-0.1749,0.0000,0.9846
99.6780,108.45,44.3347,40.2556,2.7426,-0.0001,349.9275,0.0001,0.0000,0.0001,0.0000,-0.1749,0.0000,0.9846
99.6980,108.45,44.3347,40.2556,2.7426,-0.0001,349.9275,0.0001,0.0000,0.0001,0.0000,-0.1749,0.0000,0.9846
99.7180,108.45,44.3347,40.2556,2.7426,-0.0001,349.9275,0.0001,0.0000,0.0001,0.0000,-0.1749,0.0000,0.9846
99.7380,108.45,44.3347,40.2556,2.7426,-0.0001,349.9275,0.0001,0.0000,0.0001,0.0000,-0.1749,0.0000,0.9846
99.7580,108.45,44.3347,40.2556,2.7426,-0.0001,349.9275,0.0001,0.0000,0.0001,0.0000,-0.1749,0.0000,0.9846
99.7780,108.45,44.3347,40.2556,2.7426,-0.0001,349.9275,0.0001,0.0000,0.0001,0.0000,-0.1749,0.0000,0.9846
99.7980,108.45,44.3347,40.2556,2.7426,-0.0001,349.9275,0.0001,0.0000,0.0001,0.0000,-0.1749,0.0000,0.9846
99.8180,108.45,44.3347,40.2556,2.7426,-0.0001,349.9275,0.0001,0.0000,0.0001,0.0000,-0.1749,0.0000,0.9846
99.8380,108.45,44.3347,40.2556,2.7426,-0.0001,349.9275,0.0001,0.0000,0.0001,0.0000,-0.1749,0.0000,0.9846
99.8580,108.45,44.3347,40.2556,2.7426,-0.0001,349.9275,0.0001,0.0000,0.0001,0.0000,-0.1749,0.0000,0.9846
99.8780,108.45,44.3347,40.2556,2.7426,-0.0001,349.9275,0.0001,0.0000,0.0001,0.0000,-0.1749,0.0000,0.9846
99.8980,108.45,44.3347,40.2556,2.7426,-0.0001,349.9275,0.0001,0.0000,0.0001,0.0000,-0.1749,0.0000,0.9846
99.9180,108.45,44.3347,40.2556,2.7426,-0.0001,349.9275,0.0001,0.0000,0.0001,0.0000,-0.1749,0.0000,0.9846
99.9380,108.45,44.3347,40.2556,2.7426,-0.0001,349.9275,0.0001,0.0000,0.0001,0.0000,-0.1749,0.0000,0.9846
99.9580,108.45,44.3347,40.2556,2.7426,-0.0001,349.9275,0.0001,0.0000,0.0001,0.0000,-0.1749,0.0000,0.9846
99.9780,108.45,44.3347,40.2556,2.7426,-0.0001,349.9275,0.0001,0.0000,0.0001,0.0000,-0.1749,0.0000,0.9846
99.9980,108.45,44.3347,40.2556,2.7426,0.0000,349.9275,0.0001,0.0000,0.0001,0.0000,-0.1749,0.0000,0.9846
100.0180,108.45,44.3347,40.2556,2.7426,0.0000,349.9275,0.0001,0.0000,0.0001,0.0000,-0.1749,0.0000,0.9846
100.0380,108.45,44.3347,40.2556,2.7426,0.0000,349.9275,0.0001,0.0000,0.0001,0.0000,-0.1749,0.0000,0.9846
100.0580,108.45,44.3347,40.2556,2.7426,0.0000,349.9275,0.0001,0.0000,0.0001,0.0000,-0.1749,0.0000,0.9846
100.0780,108.45,44.3347,40.2556,2.7426,0.0000,349.9275,0.0001,0.0000,0.0001,0.0000,-0.1749,0.0000,0.9846
100.0980,108.45,44.3347,40.2556,2.7426,0.0000,349.9275,0.0001,0.0000,0.0001,0.0000,-0.1749,0.0000,0.9846
100.1180,108.45,44.3347,40.2556,2.7426,0.0000,349.9275,0.0001,0.0000,0.0001,0.0000,-0.1749,0.0000,0.9846
100.1380,108.45,44.3347,40.2556,2.7426,0.0000,349.9275,0.0001,0.0000,0.0001,0.0000,-0.1749,0.0000,0.9846
100.1580,108.45,44.3347,40.2556,2.7426,0.0000,349.9275,0.0001,0.0000,0.0001,0.0000,-0.1749,0.0000,0.9846
100.1780,108.45,44.3347,40.2556,2.7426,0.0000,349.9275,0.0001,0.0000,0.0001,0.0000,-0.1749,0.0000,0.9846
100.1980,108.45,44.3347,40.2556,2.7426,0.0000,349.9275,0.0001,0.0000,0.0001,0.0000,-0.1749,0.0000,0.9846
100.2180,108.45,44.3347,40.2556,2.7426,0.0000,349.9275,0.0001,0.0000,0.0001,0.0000,-0.1749,0.0000,0.9846
100.2380,108.45,44.3347,40.2556,2.7426,0.0000,349.9275,0.0001,0.0000,0.0001,0.0000,-0.1749,0.0000,0.9846
100.2580,108.45,44.3347,40.2556,2.7426,0.0000,349.9275,0.0001,0.0000,0.0001,0.0000,-0.1749,0.0000,0.9846
100.2780,108.45,44.3347,40.2556,2.7426,0.0000,349.9275,0.0001,0.0000,0.0000,0.0000,-0.1749,0.0000,0.9846
100.2980,108.45,44.3347,40.2556,2.7426,0.0000,349.9275,0.0001,0.0000,0.0000,0.0000,-0.1749,0.0000,0.9846
100.3180,108.45,44.3347,40.2556,2.7426,0.0000,349.9275,0.0001,0.0000,0.0000,0.0000,-0.1749,0.0000,0.9846
100.3380,108.45,44.3347,40.2556,2.7426,0.0000,349.9275,0.0001,0.0000,0.0000,0.0000,-0.1749,0.0000,0.9846
100.3580,80.59,44.3347,40.2556,2.7426,0.0000,349.9275,0.0001,0.0000,0.0000,0.0000,-0.1749,0.0000,0.9846
100.3780,80.59,44.3347,40.2556,2.7426,0.0000,349.9275,0.0001,0.0000,0.0000,0.0000,-0.1749,0.0000,0.9846
100.3980,80.59,44.3347,40.2556,2.7426,0.0000,349.9275,0.0001,0.0000,0.0000,0.0000,-0.1749,0.0000,0.9846
100.4180,80.59,44.3347,40.2556,2.7426,0.0000,349.9275,0.0000,0.0000,0.0000,0.0000,-0.1749,0.0000,0.9846
100.4380,80.59,44.3347,40.2556,2.7426,0.0000,349.9275,0.0000,0.0000,0.0000,0.0000,-0.1749,0.0000,0.9846
100.4580,80.59,44.3347,40.2556,2.7426,0.0000,349.9275,0.0000,0.0000,0.0000,0.0000,-0.1749,0.0000,0.9846
100.4780,80.59,44.3347,40.2556,2.7426,0.0000,349.9275,0.0000,0.0000,0.0000,0.0000,-0.1749,0.0000,0.9846
100.4980,80.59,44.3347,40.2556,2.7426,0.0000,349.9275,0.0000,0.0000,0.0000,0.0000,-0.1749,0.0000,0.9846
100.5180,80.59,44.3347,40.2556,2.7426,0.0000,349.9275,0.0000,0.0000,0.0000,0.0000,-0.1749,0.0000,0.9846
100.5380,80.59,44.3347,40.2556,2.7426,0.0000,349.9275,0.0000,0.0000,0.0000,0.0000,-0.1749,0.0000,0.9846
100.5580,80.59,44.3347,40.2556,2.7426,0.0000,349.9275,0.0000,0.0000,0.0000,0.0000,-0.1749,0.0000,0.9846
100.5780,80.59,44.3347,40.2556,2.7426,0.0000,349.9275,0.0000,0.0000,0.0000,0.0000,-0.1749,0.0000,0.9846
100.5980,80.59,44.3347,40.2556,2.7426,0.0000,349.9275,0.0000,0.0000,0.0000,0.0000,-0.1749,0.0000,0.9846
100.6180,80.59,44.3347,40.2556,2.7426,0.0000,349.9275,0.0000,0.0000,0.0000,0.0000,-0.1749,0.0000,0.9846
100.6380,80.59,44.3347,40.2556,2.7426,0.0000,349.9275,0.0000,0.0000,0.0000,0.0000,-0.1749,0.0000,0.9846
100.6580,80.59,44.3347,40.2556,2.7426,0.0000,349.9275,0.0000,0.0000,0.0000,0.0000,-0.1749,0.0000,0.9846
100.6780,80.59,44.3347,40.2556,2.7426,0.0000,349.9275,0.0000,0.0000,0.0000,0.0000,-0.1749,0.0000,0.9846
100.6980,80.59,44.3347,40.2556,2.7426,0.0000,349.9275,0.0000,0.0000,0.0000,0.0000,-0.1749,0.0000,0.9846
100.7180,80.59,44.3347,40.2556,2.7426,0.0000,349.9275,0.0000,0.0000,0.0000,0.0000,-0.1749,0.0000,0.9846
100.7380,80.59,44.3347,40.2556,2.7426,0.0000,349.9275,0.0000,0.0000,0.0000,0.0000,-0.1749,0.0000,0.9846
100.7580,80.59,44.3347,40.2556,2.7426,0.0000,349.9275,0.0000,0.0000,0.0000,0.0000,-0.1749,0.0000,0.9846
100.7780,80.59,44.3347,40.2556,2.7426,0.0000,349.9275,0.0000,0.0000,0.0000,0.0000,-0.1749,0.0000,0.9846
100.7980,80.59,44.3347,40.2556,2.7426,0.0000,349.9275,0.0000,0.0000,0.0000,0.0000,-0.1749,0.0000,0.9846
100.8180,80.59,44.3347,40.2556,2.7426,0.0000,349.9275,0.0000,0.0000,0.0000,0.0000,-0.1749,0.0000,0.9846
100.8380,80.59,44.3347,40.2556,2.7426,0.0000,349.9275,0.0000,0.0000,0.0000,0.0000,-0.1749,0.0000,0.9846
100.8580,80.59,44.3347,40.2556,2.7426,0.0000,349.9275,0.0000,0.0000,0.0000,0.0000,-0.1749,0.0000,0.9846
100.8780,80.59,44.3347,40.2556,2.7426,0.0000,349.9275,0.0000,0.0000,0.0000,0.0000,-0.1749,0.0000,0.9846
100.8980,80.59,44.3347,40.2556,2.7426,0.0000,349.9275,0.0000,0.0000,0.0000,0.0000,-0.1749,0.0000,0.9846
100.9180,80.59,44.3347,40.2556,2.7426,0.0000,349.9275,0.0000,0.0000,0.0000,0.0000,-0.1749,0.0000,0.9846
100.9380,80.59,44.3347,40.2556,2.7426,0.0000,349.9275,0.0000,0.0000,0.0000,0.0000,-0.1749,0.0000,0.9846
100.9580,80.59,44.3347,40.2556,2.7426,0.0000,349.9275,0.0000,0.0000,0.0000,0.0000,-0.1749,0.0000,0.9846
100.9780,80.59,44.3347,40.2556,2.7426,0.0000,349.9275,0.0000,0.0000,0.0000,0.0000,-0.1749,0.0000,0.9846
100.9980,80.59,44.3347,40.2556,2.7426,0.0000,349.9275,0.0000,0.0000,0.0000,0.0000,-0.1749,0.0000,0.9846
101.0180,80.59,44.3347,40.2556,2.7426,0.0000,349.9275,0.0000,0.0000,0.0000,0.0000,-0.1749,0.0000,0.9846
101.0380,80.59,44.3347,40.2556,2.7426,0.0000,349.9275,0.0000,0.0000,0.0000,0.0000,-0.1749,0.0000,0.9846
101.0580,80.59,44.3347,40.2556,2.7426,0.0000,349.9275,0.0000,0.0000,0.0000,0.0000,-0.1749,0.0000,0.9846
101.0780,80.59,44.3347,40.2556,2.7426,0.0000,349.9275,0.0000,0.0000,0.0000,0.0000,-0.1749,0.0000,0.9846
101.0980,80.59,44.3347,40.2556,2.7426,0.0000,349.9275,0.0000,0.0000,0.0000,0.0000,-0.1749,0.0000,0.9846
101.1180,80.59,44.3347,40.2556,2.7426,0.0000,349.9275,0.0000,0.0000,0.0000,0.0000,-0.1749,0.0000,0.9846
101.1380,80.59,44.3347,40.2556,2.7426,0.0000,349.9275,0.0000,0.0000,0.0000,0.0000,-0.1749,0.0000,0.9846
101.1580,80.59,44.3347,40.2556,2.7426,0.0000,349.9275,0.0000,0.0000,0.0000,0.0000,-0.1749,0.0000,0.9846
101.1780,80.59,44.3347,40.2556,2.7426,0.0000,349.9275,0.0000,0.0000,0.0000,0.0000,-0.1749,0.0000,0.9846
101.1980,80.59,44.3347,40.2556,2.7426,0.0000,349.9275,0.0000,0.0000,0.0000,0.0000,-0.1749,0.0000,0.9846
101.2180,80.59,44.3347,40.2556,2.7426,0.0000,349.9275,0.0000,0.0000,0.0000,0.0000,-0.1749,0.0000,0.9846
101.2380,80.59,44.3347,40.2556,2.7426,0.0000,349.9275,0.0000,0.0000,0.0000,0.0000,-0.1749,0.0000,0.9846
101.2580,80.59,44.3347,40.2556,2.7426,0.0000,349.9275,0.0000,0.0000,0.0000,0.0000,-0.1749,0.0000,0.9846
101.2780,80.59,44.3347,40.2556,2.7426,0.0000,349.9275,0.0000,0.0000,0.0000,0.0000,-0.1749,0.0000,0.9846
101.2980,80.59,44.3347,40.2556,2.7426,0.0000,349.9275,0.0000,0.0000,0.0000,0.0000,-0.1749,0.0000,0.9846
101.3180,80.59,44.3347,40.2556,2.7426,0.0000,349.9275,0.0000,0.0000,0.0000,0.0000,-0.1749,0.0000,0.9846
101.3380,80.59,44.3347,40.2556,2.7426,0.0000,349.9275,0.0000,0.0000,0.0000,0.0000,-0.1749,0.0000,0.9846
101.3580,113.90,44.3347,40.2556,2.7426,0.0000,349.9275,0.0000,0.0000,0.0000,0.0000,-0.1749,0.0000,0.9846
101.3780,113.90,44.3347,40.2556,2.7426,0.0000,349.9275,-0.0001,0.0000,0.0000,0.0000,-0.1749,0.0000,0.9846
101.3980,113.90,44.3347,40.2556,2.7426,0.0000,349.9275,-0.0001,0.0000,0.0000,0.0000,-0.1749,0.0000,0.9846
101.4180,113.90,44.3347,40.2556,2.7426,0.0000,349.9275,-0.0001,0.0000,0.0000,0.0000,-0.1749,0.0000,0.9846
101.4380,113.90,44.3347,40.2556,2.7426,0.0000,349.9275,-0.0001,0.0000,0.0000,0.0000,-0.1749,0.0000,0.9846
101.4580,113.90,44.3347,40.2556,2.7426,0.0000,349.9275,-0.0001,0.0000,0.0000,0.0000,-0.1749,0.0000,0.9846
101.4780,113.90,44.3347,40.2556,2.7426,0.0000,349.9275,-0.0001,0.0000,0.0000,0.0000,-0.1749,0.0000,0.9846
101.4980,113.90,44.3347,40.2556,2.7426,0.0000,349.9275,-0.0001,0.0000,0.0000,0.0000,-0.1749,0.0000,0.9846
101.5180,113.90,44.3347,40.2556,2.7426,0.0000,349.9275,-0.0001,0.0000,0.0000,0.0000,-0.1749,0.0000,0.9846
101.5380,113.90,44.3347,40.2556,2.7426,0.0000,349.9275,-0.0001,0.0000,0.0000,0.0000,-0.1749,0.0000,0.9846
101.5580,113.90,44.3347,40.2556,2.7426,0.0000,349.9275,-0.0001,0.0000,0.0000,0.0000,-0.1749,0.0000,0.9846
101.5780,113.90,44.3347,40.2556,2.7426,0.0000,349.9275,-0.0001,0.0000,0.0000,0.0000,-0.1749,0.0000,0.9846
101.5980,113.90,44.3347,40.2556,2.7426,0.0000,349.9275,-0.0001,0.0000,0.0000,0.0000,-0.1749,0.0000,0.9846
101.6180,113.90,44.3347,40.2556,2.7426,0.0000,349.9275,-0.0001,0.0000,0.0000,0.0000,-0.1749,0.0000,0.9846
101.6380,113.90,44.3347,40.2556,2.7426,0.0000,349.9275,-0.0001,0.0000,0.0000,0.0000,-0.1749,0.0000,0.9846
101.6580,113.90,44.3347,40.2556,2.7426,0.0000,349.9275,-0.0001,0.0000,0.0000,0.0000,-0.1749,0.0000,0.9846
101.6780,113.90,44.3347,40.2556,2.7426,0.0000,349.9275,-0.0001,0.0000,0.0000,0.0000,-0.1749,0.0000,0.9846
101.6980,113.90,44.3347,40.2556,2.7426,0.0000,349.9275,-0.0001,0.0000,0.0000,0.0000,-0.1749,0.0000,0.9846
101.7180,113.90,44.3347,40.2556,2.7426,0.0000,349.9275,-0.0001,0.0000,0.0000,0.0000,-0.1749,0.0000,0.9846
101.7380,113.90,44.3347,40.2556,2.7426,0.0000,349.9275,-0.0001,0.0000,0.0000,0.0000,-0.1749,0.0000,0.9846
101.7580,113.90,44.3347,40.2556,2.7426,0.0000,349.9275,-0.0001,0.0000,0.0000,0.0000,-0.1749,0.0000,0.9846
101.7780,113.90,44.3347,40.2556,2.7426,0.0000,349.9275,-0.0001,0.0000,0.0000,0.0000,-0.1749,0.0000,0.9846
101.7980,113.90,44.3347,40.2556,2.7426,0.0000,349.9275,-0.0001,0.0000,0.0000,0.0000,-0.1749,0.0000,0.9846
101.8180,113.90,44.3347,40.2556,2.7426,0.0000,349.9275,-0.0001,0.0000,0.0000,0.0000,-0.1749,0.0000,0.9846
101.8380,113.90,44.3347,40.2556,2.7426,0.0000,349.9275,-0.0001,0.0000,0.0000,0.0000,-0.1749,0.0000,0.9846
101.8580,113.90,44.3347,40.2556,2.7426,0.0000,349.9275,-0.0001,0.0000,0.0000,0.0000,-0.1749,0.0000,0.9846
101.8780,113.90,44.3347,40.2556,2.7426,0.0000,349.9275,-0.0001,0.0000,0.0000,0.0000,-0.1749,0.0000,0.9846
101.8980,113.90,44.3347,40.2556,2.7426,0.0000,349.9275,-0.0001,0.0000,0.0000,0.0000,-0.1749,0.0000,0.9846
101.9180,113.90,44.3347,40.2556,2.7426,0.0000,349.9275,-0.0001,0.0000,0.0000,0.0000,-0.1749,0.0000,0.9846
101.9380,113.90,44.3347,40.2556,2.7426,0.0000,349.9275,-0.0001,0.0000,0.0000,0.0000,-0.1749,0.0000,0.9846
101.9580,113.90,44.3347,40.2556,2.7426,0.0000,349.9275,-0.0001,0.0000,0.0000,0.0000,-0.1749,0.0000,0.9846
101.9780,113.90,44.3347,40.2556,2.7426,0.0000,349.9275,-0.0001,0.0000,0.0000,0.0000,-0.1749,0.0000,0.9846
101.9980,113.90,44.3347,40.2556,2.7426,0.0000,349.9275,-0.0001,0.0000,0.0000,0.0000,-0.1749,0.0000,0.9846
102.0180,113.90,44.3347,40.2556,2.7426,0.0000,349.9275,-0.0001,0.0000,0.0000,0.0000,-0.1749,0.0000,0.9846
102.0380,113.90,44.3347,40.2556,2.7426,0.0000,349.9275,-0.0001,0.0000,0.0000,0.0000,-0.1749,0.0000,0.9846
102.0580,113.90,44.3347,40.2556,2.7426,0.0000,349.9275,-0.0001,0.0000,0.0000,0.0000,-0.1749,0.0000,0.9846
102.0780,113.90,44.3347,40.2556,2.7426,0.0000,349.9275,-0.0001,0.0000,0.0000,0.0000,-0.1749,0.0000,0.9846
102.0980,113.90,44.3347,40.2556,2.7426,0.0000,349.9275,-0.0001,0.0000,0.0000,0.0000,-0.1749,0.0000,0.9846
102.1180,113.90,44.3347,40.2556,2.7426,0.0000,349.9275,-0.0001,0.0000,0.0000,0.0000,-0.1749,0.0000,0.9846
102.1380,113.90,44.3347,40.2556,2.7426,0.0000,349.9275,-0.0001,0.0000,0.0000,0.0000,-0.1749,0.0000,0.9846
102.1580,113.90,44.3347,40.2556,2.7426,0.0000,349.9275,-0.0001,0.0000,0.0000,0.0000,-0.1749,0.0000,0.9846
102.1780,113.90,44.3347,40.2556,2.7426,0.0000,349.9275,-0.0001,0.0000,0.0000,0.0000,-0.1749,0.0000,0.9846
102.1980,113.90,44.3347,40.2556,2.7426,0.0000,349.9275,-0.0001,0.0000,0.0000,0.0000,-0.1749,0.0000,0.9846
102.2180,113.90,44.3347,40.2556,2.7426,0.0000,349.9275,-0.0001,0.0000,0.0000,0.0000,-0.1749,0.0000,0.9846
102.2380,113.90,44.3347,40.2556,2.7426,0.0000,349.9275,-0.0001,0.0000,0.0000,0.0000,-0.1749,0.0000,0.9846
102.2580,113.90,44.3347,40.2556,2.7426,0.0000,349.9275,-0.0001,0.0000,0.0000,0.0000,-0.1749,0.0000,0.9846
102.2780,113.90,44.3347,40.2556,2.7426,0.0000,349.9275,-0.0001,0.0000,0.0000,0.0000,-0.1749,0.0000,0.9846
102.2980,113.90,44.3347,40.2556,2.7426,0.0000,349.9275,-0.0001,0.0000,0.0000,0.0000,-0.1749,0.0000,0.9846
102.3180,113.90,44.3347,40.2556,2.7426,0.0000,349.9275,-0.0001,0.0000,0.0000,0.0000,-0.1749,0.0000,0.9846
102.3380,113.90,44.3347,40.2556,2.7426,0.0000,349.9275,-0.0001,0.0000,0.0000,0.0000,-0.1749,0.0000,0.9846
102.3580,108.30,44.3347,40.2556,2.7426,0.0000,349.9275,-0.0001,0.0000,0.0000,0.0000,-0.1749,0.0000,0.9846
102.3780,108.30,44.3347,40.2556,2.7426,0.0000,349.9275,-0.0001,0.0000,0.0000,0.0000,-0.1749,0.0000,0.9846
102.3980,108.30,44.3347,40.2556,2.7426,0.0000,349.9275,-0.0001,0.0000,0.0000,0.0000,-0.1749,0.0000,0.9846
102.4180,108.30,44.3347,40.2556,2.7426,0.0000,349.9275,-0.0001,0.0000,0.0000,0.0000,-0.1749,0.0000,0.9846
102.4380,108.30,44.3347,40.2556,2.7426,0.0000,349.9275,-0.0001,0.0000,0.0000,0.0000,-0.1749,0.0000,0.9846
102.4580,108.30,44.3347,40.2556,2.7426,0.0000,349.9275,-0.0001,0.0000,0.0000,0.0000,-0.1749,0.0000,0.9846
102.4780,108.30,44.3347,40.2556,2.7426,0.0000,349.9275,-0.0001,0.0000,0.0000,0.0000,-0.1749,0.0000,0.9846
102.4980,108.30,44.3347,40.2556,2.7426,0.0000,349.9275,-0.0001,0.0000,0.0000,0.0000,-0.1749,0.0000,0.9846
102.5180,108.30,44.3347,40.2556,2.7426,0.0000,349.9275,-0.0001,0.0000,0.0000,0.0000,-0.1749,0.0000,0.9846
102.5380,108.30,44.3347,40.2556,2.7426,0.0000,349.9275,-0.0001,0.0000,0.0000,0.0000,-0.1749,0.0000,0.9846
102.5580,108.30,44.3347,40.2556,2.7426,0.0000,349.9275,-0.0001,0.0000,0.0000,0.0000,-0.1749,0.0000,0.9846
102.5780,108.30,44.3347,40.2556,2.7426,0.0000,349.9275,-0.0001,0.0000,0.0000,0.0000,-0.1749,0.0000,0.9846
102.5980,108.30,44.3347,40.2556,2.7426,0.0000,349.9275,-0.0001,0.0000,0.0000,0.0000,-0.1749,0.0000,0.9846
102.6180,108.30,44.3347,40.2556,2.7426,0.0000,349.9275,-0.0001,0.0000,0.0000,0.0000,-0.1749,0.0000,0.9846
102.6380,108.30,44.3347,40.2556,2.7426,0.0000,349.9275,-0.0001,0.0000,0.0000,0.0000,-0.1749,0.0000,0.9846
102.6580,108.30,44.3347,40.2556,2.7426,0.0000,349.9275,-0.0001,0.0000,0.0000,0.0000,-0.1749,0.0000,0.9846
102.6780,108.30,44.3347,40.2556,2.7426,0.0000,349.9275,-0.0001,0.0000,0.0000,0.0000,-0.1749,0.0000,0.9846
102.6980,108.30,44.3347,40.2556,2.7426,0.0000,349.9275,-0.0001,0.0000,0.0000,0.0000,-0.1749,0.0000,0.9846
102.7180,108.30,44.3347,40.2556,2.7426,0.0000,349.9275,-0.0001,0.0000,0.0000,0.0000,-0.1749,0.0000,0.9846
102.7380,108.30,44.3347,40.2556,2.7426,0.0000,349.9275,-0.0001,0.0000,0.0000,0.0000,-0.1749,0.0000,0.9846
102.7580,108.30,44.3347,40.2556,2.7426,0.0000,349.9275,-0.0001,0.0000,0.0000,0.0000,-0.1749,0.0000,0.9846
102.7780,108.30,44.3347,40.2556,2.7426,0.0000,349.9275,-0.0001,0.0000,0.0000,0.0000,-0.1749,0.0000,0.9846
102.7980,108.30,44.3347,40.2556,2.7426,0.0000,349.9275,-0.0001,0.0000,0.0000,0.0000,-0.1749,0.0000,0.9846
102.8180,108.30,44.3347,40.2556,2.7426,0.0000,349.9275,-0.0001,0.0000,0.0000,0.0000,-0.1749,0.0000,0.9846
102.8380,108.30,44.3347,40.2556,2.7426,0.0000,349.9275,-0.0001,0.0000,0.0000,0.0000,-0.1749,0.0000,0.9846
102.8580,108.30,44.3347,40.2556,2.7426,0.0000,349.9275,-0.0001,0.0000,0.0000,0.0000,-0.1749,0.0000,0.9846
102.8780,108.30,44.3347,40.2556,2.7426,0.0000,349.9275,-0.0001,0.0000,0.0000,0.0000,-0.1749,0.0000,0.9846
102.8980,108.30,44.3347,40.2556,2.7426,0.0000,349.9275,-0.0001,0.0000,0.0000,0.0000,-0.1749,0.0000,0.9846
102.9180,108.30,44.3347,40.2556,2.7426,0.0000,349.9275,-0.0001,0.0000,0.0000,0.0000,-0.1749,0.0000,0.9846
102.9380,108.30,44.3347,40.2556,2.7426,0.0000,349.9275,-0.0001,0.0000,0.0000,0.0000,-0.1749,0.0000,0.9846
102.9580,108.30,44.3347,40.2556,2.7426,0.0000,349.9275,-0.0001,0.0000,0.0000,0.0000,-0.1749,0.0000,0.9846
102.9780,108.30,44.3347,40.2556,2.7426,0.0000,349.9275,-0.0001,0.0000,0.0000,0.0000,-0.1749,0.0000,0.9846
102.9980,108.30,44.3347,40.2556,2.7426,0.0000,349.9275,-0.0001,0.0000,0.0000,0.0000,-0.1749,0.0000,0.9846
103.0180,108.30,44.3347,40.2556,2.7426,0.0000,349.9275,-0.0001,0.0000,0.0000,0.0000,-0.1749,0.0000,0.9846
103.0380,108.30,44.3347,40.2556,2.7426,0.0000,349.9275,-0.0001,0.0000,0.0000,0.0000,-0.1749,0.0000,0.9846
103.0580,108.30,44.3347,40.2556,2.7426,0.0000,349.9275,-0.0001,0.0000,0.0000,0.0000,-0.1749,0.0000,0.9846
103.0780,108.30,44.3347,40.2556,2.7426,0.0000,349.9275,-0.0001,0.0000,0.0000,0.0000,-0.1749,0.0000,0.9846
103.0980,108.30,44.3347,40.2556,2.7426,0.0000,349.9275,-0.0001,0.0000,0.0000,0.0000,-0.1749,0.0000,0.9846
103.1180,108.30,44.3347,40.2556,2.7426,0.0000,349.9275,-0.0001,0.0000,0.0000,0.0000,-0.1749,0.0000,0.9846
103.1380,108.30,44.3347,40.2556,2.7426,0.0000,349.9275,-0.0001,0.0000,0.0000,0.0000,-0.1749,0.0000,0.9846
103.1580,108.30,44.3347,40.2556,2.7426,0.0000,349.9275,-0.0001,0.0000,0.0000,0.0000,-0.1749,0.0000,0.9846
103.1780,108.30,44.3347,40.2556,2.7426,0.0000,349.9275,-0.0001,0.0000,0.0000,0.0000,-0.1749,0.0000,0.9846
103.1980,108.30,44.3347,40.2556,2.7426,0.0000,349.9275,-0.0001,0.0000,0.0000,0.0000,-0.1749,0.0000,0.9846
103.2180,108.30,44.3347,40.2556,2.7426,0.0000,349.9275,-0.0001,0.0000,0.0000,0.0000,-0.1749,0.0000,0.9846
103.2380,108.30,44.3347,40.2556,2.7426,0.0000,349.9275,-0.0001,0.0000,0.0000,0.0000,-0.1749,0.0000,0.9846
103.2580,108.30,44.3347,40.2556,2.7426,0.0000,349.9275,-0.0001,0.0000,0.0000,0.0000,-0.1749,0.0000,0.9846
103.2780,108.30,44.3347,40.2556,2.7426,0.0000,349.9275,-0.0001,0.0000,0.0000,0.0000,-0.1749,0.0000,0.9846
103.2980,108.30,44.3347,40.2556,2.7426,0.0000,349.9275,-0.0001,0.0000,0.0000,0.0000,-0.1749,0.0000,0.9846
103.3180,108.30,44.3347,40.2556,2.7426,0.0000,349.9275,-0.0001,0.0000,0.0000,0.0000,-0.1749,0.0000,0.9846
103.3380,108.30,44.3347,40.2556,2.7426,0.0000,349.9275,-0.0001,0.0000,0.0000,0.0000,-0.1749,0.0000,0.9846
103.3580,117.92,44.3347,40.2556,2.7426,0.0000,349.9275,-0.0001,0.0000,0.0000,0.0000,-0.1749,0.0000,0.9846
103.3780,117.92,44.3347,40.2556,2.7426,0.0000,349.9275,-0.0001,0.0000,0.0000,0.0000,-0.1749,0.0000,0.9846
103.3980,117.92,44.3347,40.2556,2.7426,0.0000,349.9275,-0.0001,0.0000,0.0000,0.0000,-0.1749,0.0000,0.9846
103.4180,117.92,44.3347,40.2556,2.7426,0.0000,349.9275,-0.0001,0.0000,0.0000,0.0000,-0.1749,0.0000,0.9846
103.4380,117.92,44.3347,40.2556,2.7426,0.0000,349.9275,-0.0001,0.0000,0.0000,0.0000,-0.1749,0.0000,0.9846
103.4580,117.92,44.3347,40.2556,2.7426,0.0000,349.9275,-0.0001,0.0000,0.0000,0.0000,-0.1749,0.0000,0.9846
103.4780,117.92,44.3347,40.2556,2.7426,0.0000,349.9275,-0.0001,0.0000,0.0000,0.0000,-0.1749,0.0000,0.9846
103.4980,117.92,44.3347,40.2556,2.7426,0.0000,349.9275,-0.0001,0.0000,0.0000,0.0000,-0.1749,0.0000,0.9846
103.5180,117.92,44.3347,40.2556,2.7426,0.0000,349.9275,-0.0001,0.0000,0.0000,0.0000,-0.1749,0.0000,0.9846
103.5380,117.92,44.3347,40.2556,2.7426,0.0000,349.9275,-0.0001,0.0000,0.0000,0.0000,-0.1749,0.0000,0.9846
103.5580,117.92,44.3347,40.2556,2.7426,0.0000,349.9275,-0.0001,0.0000,0.0000,0.0000,-0.1749,0.0000,0.9846
103.5780,117.92,44.3347,40.2556,2.7426,0.0000,349.9275,-0.0001,0.0000,0.0000,0.0000,-0.1749,0.0000,0.9846
103.5980,117.92,44.3347,40.2556,2.7426,0.0000,349.9275,-0.0001,0.0000,0.0000,0.0000,-0.1749,0.0000,0.9846
103.6180,117.92,44.3347,40.2556,2.7426,0.0000,349.9275,-0.0001,0.0000,0.0000,0.0000,-0.1749,0.0000,0.9846
103.6380,117.92,44.3347,40.2556,2.7426,0.0000,349.9275,-0.0001,0.0000,0.0000,0.0000,-0.1749,0.0000,0.9846
103.6580,117.92,44.3347,40.2556,2.7426,0.0000,349.9275,-0.0001,0.0000,0.0000,0.0000,-0.1749,0.0000,0.9846
103.6780,117.92,44.3350,40.2521,2.7423,0.0836,349.9272,0.0597,0.0156,-0.1764,-0.0152,-0.1749,-0.0015,0.9846
103.6980,117.92,44.3353,40.2481,2.7420,0.1642,349.9273,0.1188,0.0151,-0.1987,-0.0143,-0.1749,-0.0029,0.9846
103.7180,117.92,44.3356,40.2408,2.7417,0.2399,349.9275,0.1750,0.0142,-0.3644,-0.0133,-0.1749,-0.0042,0.9846
103.7380,117.92,44.3358,40.2330,2.7415,0.3102,349.9279,0.2287,0.0128,-0.3927,-0.0117,-0.1749,-0.0054,0.9846
103.7580,117.92,44.3360,40.2220,2.7413,0.3751,349.9285,0.2789,0.0117,-0.5473,-0.0106,-0.1749,-0.0065,0.9846
103.7780,117.92,44.3362,40.2104,2.7411,0.4350,349.9293,0.3267,0.0101,-0.5808,-0.0088,-0.1749,-0.0076,0.9846
103.7980,117.92,44.3364,40.1959,2.7409,0.4898,349.9301,0.3711,0.0090,-0.7253,-0.0076,-0.1748,-0.0085,0.9846
103.8180,117.92,44.3366,40.1806,2.7408,0.5399,349.9311,0.4132,0.0072,-0.7631,-0.0056,-0.1748,-0.0094,0.9846
103.8380,117.92,44.3367,40.1627,2.7407,0.5851,349.9321,0.4520,0.0059,-0.8985,-0.0044,-0.1748,-0.0102,0.9845
103.8580,117.92,44.3368,40.1439,2.7407,0.6258,349.9332,0.4887,0.0040,-0.9399,-0.0023,-0.1748,-0.0109,0.9845
103.8780,117.92,44.3368,40.1225,2.7407,0.6620,349.9344,0.5222,0.0026,-1.0669,-0.0010,-0.1748,-0.0116,0.9845
103.8980,117.92,44.3368,40.1003,2.7407,0.6940,349.9356,0.5537,0.0006,-1.1113,0.0011,-0.1747,-0.0121,0.9845
103.9180,117.92,44.3368,40.0757,2.7408,0.7217,349.9368,0.5822,-0.0009,-1.2307,0.0025,-0.1747,-0.0126,0.9845
103.9380,117.92,44.3368,40.0501,2.7408,0.7455,349.9380,0.6087,-0.0030,-1.2775,0.0046,-0.1747,-0.0130,0.9845
103.9580,117.92,44.3367,40.0223,2.7410,0.7652,349.9393,0.6325,-0.0045,-1.3900,0.0060,-0.1747,-0.0134,0.9845
103.9780,117.92,44.3365,39.9936,2.7411,0.7811,349.9406,0.6543,-0.0067,-1.4387,0.0081,-0.1747,-0.0136,0.9845
103.9980,117.92,44.3364,39.9627,2.7413,0.7934,349.9418,0.6735,-0.0083,-1.5449,0.0095,-0.1746,-0.0138,0.9845
104.0180,117.92,44.3362,39.9308,2.7415,0.8021,349.9431,0.6908,-0.0106,-1.5950,0.0116,-0.1746,-0.0140,0.9845
104.0380,117.92,44.3359,39.8969,2.7418,0.8073,349.9443,0.7058,-0.0122,-1.6954,0.0130,-0.1746,-0.0141,0.9845
104.0580,117.92,44.3356,39.8619,2.7421,0.8092,349.9455,0.7189,-0.0145,-1.7465,0.0151,-0.1746,-0.0141,0.9845
104.0780,117.92,44.3353,39.8251,2.7424,0.8080,349.9467,0.7298,-0.0161,-1.8417,0.0165,-0.1745,-0.0141,0.9845
104.0980,117.92,44.3349,39.7872,2.7428,0.8036,349.9478,0.7389,-0.0184,-1.8935,0.0184,-0.1745,-0.0140,0.9846
104.1180,117.92,44.3345,39.7475,2.7432,0.7963,349.9489,0.7460,-0.0201,-1.9839,0.0199,-0.1745,-0.0139,0.9846
104.1380,117.92,44.3341,39.7068,2.7436,0.7861,349.9500,0.7515,-0.0223,-2.0361,0.0217,-0.1745,-0.0137,0.9846
104.1580,117.92,44.3336,39.6644,2.7441,0.7733,349.9511,0.7550,-0.0240,-2.1220,0.0231,-0.1745,-0.0135,0.9846
104.1780,117.92,44.3331,39.6209,2.7446,0.7578,349.9521,0.7570,-0.0262,-2.1744,0.0248,-0.1745,-0.0132,0.9846
104.1980,117.92,44.3325,39.5758,2.7451,0.7398,349.9531,0.7572,-0.0279,-2.2563,0.0261,-0.1744,-0.0129,0.9846
104.2180,117.92,44.3319,39.5296,2.7457,0.7194,349.9540,0.7561,-0.0300,-2.3086,0.0277,-0.1744,-0.0126,0.9846
104.2380,117.92,44.3313,39.4819,2.7462,0.6968,349.9549,0.7532,-0.0317,-2.3867,0.0289,-0.1744,-0.0122,0.9846
104.2580,117.92,44.3306,39.4331,2.7469,0.6721,349.9558,0.7490,-0.0338,-2.4387,0.0303,-0.1744,-0.0117,0.9846
104.2780,117.92,44.3299,39.3828,2.7475,0.6453,349.9566,0.7434,-0.0354,-2.5133,0.0315,-0.1744,-0.0113,0.9846
104.2980,117.92,44.3292,39.3315,2.7481,0.6166,349.9574,0.7365,-0.0374,-2.5650,0.0327,-0.1744,-0.0108,0.9846
104.3180,117.92,44.3284,39.2788,2.7488,0.5860,349.9581,0.7282,-0.0390,-2.6363,0.0337,-0.1744,-0.0102,0.9846
104.3380,117.92,44.3276,39.2250,2.7495,0.5538,349.9589,0.7189,-0.0408,-2.6875,0.0349,-0.1743,-0.0097,0.9846
104.3580,118.83,44.3267,39.1699,2.7502,0.5200,349.9595,0.7083,-0.0424,-2.7558,0.0357,-0.1743,-0.0091,0.9846
104.3780,118.83,44.3258,39.1138,2.7510,0.4846,349.9601,0.6967,-0.0441,-2.8063,0.0367,-0.1743,-0.0085,0.9847
104.3980,118.83,44.3249,39.0564,2.7517,0.4479,349.9608,0.6840,-0.0456,-2.8719,0.0374,-0.1743,-0.0078,0.9847
104.4180,118.83,44.3240,38.9979,2.7525,0.4099,349.9613,0.6704,-0.0472,-2.9216,0.0382,-0.1743,-0.0072,0.9847
104.4380,118.83,44.3230,38.9382,2.7532,0.3708,349.9619,0.6559,-0.0486,-2.9845,0.0387,-0.1743,-0.0065,0.9847
104.4580,118.83,44.3220,38.8776,2.7540,0.3305,349.9624,0.6405,-0.0501,-3.0335,0.0393,-0.1743,-0.0058,0.9847
104.4780,118.83,44.3210,38.8157,2.7548,0.2892,349.9628,0.6243,-0.0514,-3.0939,0.0397,-0.1743,-0.0050,0.9847
104.4980,118.83,44.3199,38.7529,2.7556,0.2471,349.9633,0.6073,-0.0527,-3.1420,0.0401,-0.1743,-0.0043,0.9847
104.5180,118.83,44.3188,38.6889,2.7564,0.2041,349.9637,0.5897,-0.0539,-3.2001,0.0403,-0.1743,-0.0036,0.9847
104.5380,118.83,44.3177,38.6239,2.7572,0.1604,349.9641,0.5714,-0.0551,-3.2473,0.0404,-0.1743,-0.0028,0.9847
104.5580,118.83,44.3166,38.5578,2.7580,0.1162,349.9644,0.5525,-0.0562,-3.3033,0.0405,-0.1743,-0.0020,0.9847
104.5780,118.83,44.3155,38.4908,2.7589,0.0713,349.9648,0.5331,-0.0572,-3.3495,0.0405,-0.1743,-0.0012,0.9847
104.5980,118.83,44.3143,38.4228,2.7597,0.0261,349.9651,0.5132,-0.0582,-3.4033,0.0403,-0.1742,-0.0005,0.9847
104.6180,118.83,44.3131,38.3538,2.7605,359.9804,349.9654,0.4929,-0.0591,-3.4486,0.0401,-0.1742,0.0003,0.9847
104.6380,118.83,44.3119,38.2838,2.7613,359.9345,349.9656,0.4722,-0.0599,-3.5005,0.0397,-0.1742,0.0011,0.9847
104.6580,118.83,44.3107,38.2129,2.7620,359.8883,349.9659,0.4511,-0.0607,-3.5447,0.0393,-0.1742,0.0019,0.9847
104.6780,118.83,44.3095,38.1410,2.7628,359.8420,349.9661,0.4297,-0.0613,-3.5948,0.0387,-0.1742,0.0028,0.9847
104.6980,118.83,44.3083,38.0682,2.7636,359.7957,349.9663,0.4081,-0.0620,-3.6380,0.0381,-0.1742,0.0036,0.9847
104.7180,118.83,44.3070,37.9945,2.7643,359.7493,349.9665,0.3863,-0.0625,-3.6863,0.0373,-0.1742,0.0044,0.9847
104.7380,118.83,44.3057,37.9200,2.7651,359.7030,349.9666,0.3642,-0.0630,-3.7285,0.0365,-0.1742,0.0052,0.9847
104.7580,118.83,44.3045,37.8445,2.7658,359.6569,349.9668,0.3421,-0.0633,-3.7751,0.0356,-0.1742,0.0060,0.9847
104.7780,118.83,44.3032,37.7681,2.7665,359.6109,349.9669,0.3198,-0.0637,-3.8163,0.0345,-0.1742,0.0068,0.9847
104.7980,118.83,44.3019,37.6909,2.7671,359.5653,349.9670,0.2975,-0.0639,-3.8613,0.0334,-0.1742,0.0076,0.9847
104.8180,118.83,44.3006,37.6129,2.7678,359.5199,349.9671,0.2752,-0.0641,-3.9014,0.0321,-0.1742,0.0084,0.9847
104.8380,118.83,44.2994,37.5340,2.7684,359.4749,349.9671,0.2529,-0.0642,-3.9449,0.0308,-0.1742,0.0092,0.9847
104.8580,118.83,44.2981,37.4543,2.7690,359.4304,349.9672,0.2307,-0.0642,-3.9840,0.0294,-0.1742,0.0099,0.9847
104.8780,118.83,44.2968,37.3738,2.7695,359.3863,349.9672,0.2085,-0.0641,-4.0260,0.0279,-0.1742,0.0107,0.9847
104.8980,118.83,44.2955,37.2925,2.7701,359.3428,349.9672,0.1864,-0.0640,-4.0641,0.0263,-0.1742,0.0115,0.9846
104.9180,118.83,44.2942,37.2104,2.7705,359.2998,349.9672,0.1645,-0.0638,-4.1047,0.0246,-0.1742,0.0122,0.9846
104.9380,118.83,44.2930,37.1276,2.7710,359.2574,349.9672,0.1428,-0.0636,-4.1417,0.0228,-0.1742,0.0130,0.9846
104.9580,118.83,44.2917,37.0440,2.7714,359.2158,349.9671,0.1212,-0.0633,-4.1810,0.0209,-0.1742,0.0137,0.9846
104.9780,118.83,44.2904,36.9596,2.7718,359.1748,349.9670,0.0999,-0.0629,-4.2171,0.0189,-0.1742,0.0144,0.9846
104.9980,118.83,44.2892,36.8745,2.7721,359.1346,349.9669,0.0789,-0.0624,-4.2550,0.0169,-0.1742,0.0151,0.9846
105.0180,118.83,44.2880,36.7928,2.7724,359.0916,349.9671,0.0581,-0.0618,-4.0874,0.0124,-0.1742,0.0159,0.9846
105.0380,118.83,44.2867,36.7105,2.7726,359.0493,349.9673,0.0375,-0.0612,-4.1146,0.0101,-0.1742,0.0166,0.9846
105.0580,118.83,44.2855,36.6313,2.7727,359.0047,349.9678,0.0172,-0.0602,-3.9600,0.0053,-0.1742,0.0174,0.9846
105.0780,118.83,44.2843,36.5517,2.7728,358.9607,349.9683,-0.0028,-0.0595,-3.9779,0.0027,-0.1742,0.0181,0.9845
105.0980,118.83,44.2832,36.4750,2.7727,358.9146,349.9690,359.9775,-0.0582,-3.8350,-0.0023,-0.1741,0.0189,0.9845
105.1180,118.83,44.2820,36.3981,2.7726,358.8691,349.9697,359.9581,-0.0573,-3.8447,-0.0053,-0.1741,0.0197,0.9845
105.1380,118.83,44.2809,36.3239,2.7724,358.8219,349.9706,359.9390,-0.0558,-3.7122,-0.0106,-0.1741,0.0206,0.9845
105.1580,118.83,44.2798,36.2496,2.7721,358.7752,349.9715,359.9203,-0.0548,-3.7149,-0.0140,-0.1741,0.0214,0.9845
105.1780,118.83,44.2788,36.1777,2.7717,358.7271,349.9725,359.9018,-0.0530,-3.5918,-0.0196,-0.1741,0.0222,0.9845
105.1980,118.83,44.2777,36.1060,2.7713,358.6796,349.9735,359.8837,-0.0518,-3.5883,-0.0232,-0.1741,0.0230,0.9845
105.2180,118.83,44.2767,36.0365,2.7707,358.6309,349.9747,359.8659,-0.0499,-3.4737,-0.0291,-0.1740,0.0239,0.9844
105.2380,118.83,44.2758,35.9672,2.7700,358.5828,349.9757,359.8485,-0.0484,-3.4649,-0.0331,-0.1740,0.0247,0.9844
105.2580,118.83,44.2748,35.9000,2.7692,358.5337,349.9770,359.8314,-0.0463,-3.3579,-0.0393,-0.1740,0.0256,0.9844
105.2780,118.83,44.2739,35.8332,2.7683,358.4853,349.9781,359.8147,-0.0446,-3.3445,-0.0437,-0.1740,0.0264,0.9844
105.2980,118.83,44.2731,35.7683,2.7673,358.4361,349.9794,359.7983,-0.0423,-3.2444,-0.0501,-0.1739,0.0273,0.9844
105.3180,118.83,44.2723,35.7037,2.7662,358.3876,349.9805,359.7823,-0.0405,-3.2271,-0.0549,-0.1739,0.0281,0.9844
105.3380,118.83,44.2715,35.6411,2.7650,358.3385,349.9818,359.7666,-0.0381,-3.1332,-0.0616,-0.1739,0.0290,0.9843
105.3580,119.71,44.2708,35.5788,2.7637,358.2902,349.9829,359.7513,-0.0361,-3.1125,-0.0667,-0.1739,0.0298,0.9843
105.3780,119.71,44.2701,35.5183,2.7622,358.2414,349.9841,359.7363,-0.0335,-3.0244,-0.0736,-0.1738,0.0307,0.9843
105.3980,119.71,44.2695,35.4583,2.7606,358.1935,349.9853,359.7218,-0.0313,-3.0007,-0.0791,-0.1738,0.0315,0.9843
105.4180,119.71,44.2689,35.4000,2.7589,358.1453,349.9864,359.7075,-0.0285,-2.9177,-0.0863,-0.1738,0.0324,0.9843
105.4380,119.71,44.2684,35.3421,2.7571,358.0980,349.9875,359.6937,-0.0262,-2.8917,-0.0921,-0.1738,0.0332,0.9842
105.4580,119.71,44.2679,35.2859,2.7551,358.0505,349.9885,359.6802,-0.0233,-2.8133,-0.0995,-0.1737,0.0340,0.9842
105.4780,119.71,44.2675,35.2301,2.7530,358.0039,349.9895,359.6671,-0.0209,-2.7852,-0.1057,-0.1737,0.0348,0.9842
105.4980,119.71,44.2672,35.1759,2.7507,357.9574,349.9904,359.6543,-0.0178,-2.7111,-0.1134,-0.1737,0.0356,0.9842
105.5180,119.71,44.2669,35.1223,2.7483,357.9118,349.9912,359.6420,-0.0152,-2.6813,-0.1199,-0.1737,0.0364,0.9841
105.5380,119.71,44.2666,35.0701,2.7457,357.8664,349.9921,359.6299,-0.0121,-2.6111,-0.1277,-0.1737,0.0372,0.9841
105.5580,119.71,44.2664,35.0185,2.7430,357.8220,349.9927,359.6183,-0.0093,-2.5800,-0.1346,-0.1736,0.0380,0.9841
105.5780,119.71,44.2663,34.9682,2.7402,357.7778,349.9934,359.6070,-0.0061,-2.5133,-0.1426,-0.1736,0.0388,0.9840
105.5980,119.71,44.2662,34.9186,2.7372,357.7347,349.9940,359.5961,-0.0032,-2.4810,-0.1497,-0.1736,0.0395,0.9840
105.6180,119.71,44.2663,34.8702,2.7340,357.6920,349.9944,359.5856,0.0001,-2.4176,-0.1580,-0.1736,0.0403,0.9840
105.6380,119.71,44.2663,34.8226,2.7307,357.6504,349.9948,359.5754,0.0031,-2.3844,-0.1654,-0.1736,0.0410,0.9840
105.6580,119.71,44.2664,34.7761,2.7272,357.6092,349.9951,359.5656,0.0066,-2.3240,-0.1739,-0.1736,0.0417,0.9839
105.6780,119.71,44.2666,34.7303,2.7236,357.5692,349.9953,359.5562,0.0097,-2.2901,-0.1815,-0.1736,0.0424,0.9839
105.6980,119.71,44.2669,34.6856,2.7198,357.5297,349.9955,359.5471,0.0132,-2.2324,-0.1902,-0.1736,0.0431,0.9839
105.7180,119.71,44.2672,34.6417,2.7159,357.4915,349.9955,359.5385,0.0164,-2.1981,-0.1981,-0.1736,0.0438,0.9839
105.7380,119.71,44.2676,34.5988,2.7117,357.4539,349.9954,359.5302,0.0199,-2.1429,-0.2069,-0.1736,0.0444,0.9838
105.7580,119.71,44.2681,34.5566,2.7074,357.4174,349.9952,359.5222,0.0233,-2.1083,-0.2150,-0.1736,0.0451,0.9838
105.7780,119.71,44.2686,34.5155,2.7029,357.3818,349.9950,359.5146,0.0269,-2.0554,-0.2240,-0.1736,0.0457,0.9838
105.7980,119.71,44.2692,34.4751,2.6983,357.3473,349.9946,359.5074,0.0303,-2.0206,-0.2323,-0.1736,0.0463,0.9837
105.8180,119.71,44.2699,34.4357,2.6935,357.3137,349.9941,359.5005,0.0339,-1.9699,-0.2414,-0.1736,0.0469,0.9837
105.8380,119.71,44.2707,34.3970,2.6885,357.2813,349.9935,359.4939,0.0374,-1.9350,-0.2499,-0.1736,0.0474,0.9837
105.8580,119.71,44.2715,34.3593,2.6833,357.2498,349.9929,359.4878,0.0411,-1.8863,-0.2591,-0.1736,0.0480,0.9837
105.8780,119.71,44.2724,34.3223,2.6779,357.2196,349.9921,359.4819,0.0446,-1.8514,-0.2679,-0.1736,0.0485,0.9836
105.8980,119.71,44.2734,34.2862,2.6724,357.1903,349.9912,359.4765,0.0484,-1.8046,-0.2771,-0.1736,0.0490,0.9836
105.9180,119.71,44.2744,34.2508,2.6667,357.1623,349.9902,359.4713,0.0520,-1.7699,-0.2860,-0.1736,0.0495,0.9836
105.9380,119.71,44.2755,34.2163,2.6608,357.1353,349.9891,359.4666,0.0557,-1.7248,-0.2954,-0.1736,0.0500,0.9835
105.9580,119.71,44.2767,34.1825,2.6547,357.1096,349.9879,359.4621,0.0594,-1.6903,-0.3044,-0.1736,0.0504,0.9835
105.9780,119.71,44.2780,34.1495,2.6484,357.0849,349.9866,359.4580,0.0632,-1.6468,-0.3138,-0.1737,0.0509,0.9835
105.9980,119.71,44.2793,34.1173,2.6419,357.0616,349.9853,359.4542,0.0668,-1.6126,-0.3230,-0.1737,0.0513,0.9835
106.0180,119.71,44.2807,34.0859,2.6353,357.0393,349.9838,359.4508,0.0706,-1.5706,-0.3325,-0.1737,0.0517,0.9834
106.0380,119.71,44.2822,34.0551,2.6284,357.0183,349.9822,359.4477,0.0743,-1.5367,-0.3417,-0.1737,0.0520,0.9834
106.0580,119.71,44.2837,34.0252,2.6214,356.9985,349.9806,359.4449,0.0781,-1.4962,-0.3512,-0.1737,0.0524,0.9834
106.0780,119.71,44.2854,33.9960,2.6142,356.9800,349.9788,359.4424,0.0818,-1.4627,-0.3605,-0.1738,0.0527,0.9834
106.0980,119.71,44.2871,33.9675,2.6068,356.9626,349.9770,359.4403,0.0856,-1.4235,-0.3700,-0.1738,0.0530,0.9834
106.1180,119.71,44.2889,33.9397,2.5992,356.9466,349.9751,359.4385,0.0893,-1.3905,-0.3794,-0.1738,0.0533,0.9833
106.1380,119.71,44.2907,33.9126,2.5914,356.9318,349.9731,359.4370,0.0931,-1.3526,-0.3889,-0.1739,0.0535,0.9833
106.1580,119.71,44.2927,33.8862,2.5835,356.9183,349.9710,359.4357,0.0968,-1.3200,-0.3983,-0.1739,0.0538,0.9833
106.1780,119.71,44.2948,33.8569,2.5754,356.9496,349.9718,359.4681,0.1056,-1.4673,-0.4063,-0.1739,0.0532,0.9833
106.1980,119.71,44.2970,33.8273,2.5671,356.9828,349.9723,359.5007,0.1083,-1.4787,-0.4134,-0.1739,0.0526,0.9834
106.2180,119.71,44.2992,33.7951,2.5587,357.0309,349.9713,359.5351,0.1096,-1.6089,-0.4170,-0.1739,0.0518,0.9834
106.2380,119.71,44.3014,33.7625,2.5503,357.0801,349.9698,359.5688,0.1116,-1.6330,-0.4231,-0.1739,0.0509,0.9834
106.2580,119.71,44.3036,33.7275,2.5418,357.1389,349.9672,359.6028,0.1126,-1.7501,-0.4262,-0.1740,0.0499,0.9835
106.2780,119.71,44.3059,33.6918,2.5331,357.1986,349.9642,359.6360,0.1142,-1.7824,-0.4314,-0.1741,0.0489,0.9835
106.2980,119.71,44.3082,33.6541,2.5244,357.2653,349.9605,359.6692,0.1149,-1.8891,-0.4343,-0.1741,0.0477,0.9836
106.3180,119.71,44.3105,33.6155,2.5157,357.3326,349.9566,359.7015,0.1162,-1.9270,-0.4390,-0.1742,0.0465,0.9836
106.3380,119.71,44.3129,33.5750,2.5068,357.4053,349.9520,359.7334,0.1169,-2.0253,-0.4416,-0.1743,0.0453,0.9837
106.3580,119.71,44.3152,33.5337,2.4979,357.4784,349.9473,359.7645,0.1179,-2.0671,-0.4457,-0.1744,0.0440,0.9837
106.3780,109.26,44.3176,33.4905,2.4890,357.5556,349.9422,359.7950,0.1184,-2.1584,-0.4482,-0.1745,0.0427,0.9837
106.3980,109.26,44.3200,33.4464,2.4799,357.6331,349.9370,359.8246,0.1191,-2.2029,-0.4517,-0.1746,0.0413,0.9838
106.4180,109.26,44.3224,33.4007,2.4708,357.7136,349.9315,359.8536,0.1195,-2.2883,-0.4540,-0.1747,0.0399,0.9838
106.4380,109.26,44.3248,33.3540,2.4617,357.7943,349.9259,359.8817,0.1200,-2.3347,-0.4570,-0.1748,0.0385,0.9839
106.4580,109.26,44.3272,33.3057,2.4525,357.8772,349.9202,359.9090,0.1202,-2.4150,-0.4590,-0.1749,0.0370,0.9839
106.4780,109.26,44.3296,33.2564,2.4433,357.9601,349.9145,359.9354,0.1205,-2.4625,-0.4616,-0.1750,0.0356,0.9839
106.4980,109.26,44.3320,33.2057,2.4340,358.0444,349.9087,359.9609,0.1206,-2.5385,-0.4634,-0.1751,0.0341,0.9840
106.5180,109.26,44.3344,33.1539,2.4247,358.1285,349.9030,359.9856,0.1207,-2.5867,-0.4655,-0.1752,0.0327,0.9840
106.5380,109.26,44.3368,33.1008,2.4154,358.2136,349.8972,0.0094,0.1207,-2.6587,-0.4669,-0.1753,0.0312,0.9840
106.5580,109.26,44.3392,33.0466,2.4060,358.2982,349.8917,0.0323,0.1206,-2.7071,-0.4686,-0.1754,0.0297,0.9840
106.5780,109.26,44.3417,32.9911,2.3966,358.3833,349.8861,0.0543,0.1204,-2.7757,-0.4697,-0.1755,0.0282,0.9841
106.5980,109.26,44.3441,32.9346,2.3872,358.4677,349.8806,0.0753,0.1202,-2.8241,-0.4710,-0.1756,0.0267,0.9841
106.6180,109.26,44.3465,32.8768,2.3777,358.5521,349.8753,0.0955,0.1198,-2.8896,-0.4718,-0.1757,0.0253,0.9841
106.6380,109.26,44.3488,32.8181,2.3683,358.6357,349.8701,0.1147,0.1194,-2.9377,-0.4727,-0.1758,0.0238,0.9841
106.6580,109.26,44.3512,32.7581,2.3588,358.7189,349.8651,0.1331,0.1190,-3.0004,-0.4732,-0.1759,0.0224,0.9842
106.6780,109.26,44.3536,32.6971,2.3494,358.8010,349.8603,0.1505,0.1184,-3.0481,-0.4736,-0.1760,0.0209,0.9842
106.6980,109.26,44.3559,32.6349,2.3399,358.8825,349.8556,0.1670,0.1178,-3.1081,-0.4738,-0.1761,0.0195,0.9842
106.7180,109.26,44.3583,32.5718,2.3304,358.9627,349.8512,0.1826,0.1171,-3.1552,-0.4739,-0.1762,0.0181,0.9842
106.7380,109.26,44.3606,32.5076,2.3209,359.0420,349.8469,0.1973,0.1164,-3.2129,-0.4737,-0.1763,0.0167,0.9842
106.7580,109.26,44.3629,32.4424,2.3115,359.1198,349.8429,0.2111,0.1156,-3.2593,-0.4735,-0.1763,0.0154,0.9842
106.7780,109.26,44.3652,32.3761,2.3020,359.1964,349.8391,0.2241,0.1148,-3.3147,-0.4730,-0.1764,0.0140,0.9842
106.7980,109.26,44.3675,32.3089,2.2926,359.2715,349.8356,0.2362,0.1139,-3.3603,-0.4724,-0.1765,0.0127,0.9842
106.8180,109.26,44.3698,32.2406,2.2831,359.3451,349.8322,0.2474,0.1130,-3.4137,-0.4716,-0.1765,0.0114,0.9842
106.8380,109.26,44.3720,32.1714,2.2737,359.4171,349.8292,0.2578,0.1120,-3.4584,-0.4707,-0.1766,0.0102,0.9842
106.8580,109.26,44.3742,32.1012,2.2643,359.4874,349.8263,0.2673,0.1110,-3.5099,-0.4696,-0.1766,0.0089,0.9842
106.8780,109.26,44.3764,32.0302,2.2549,359.5559,349.8237,0.2760,0.1099,-3.5537,-0.4683,-0.1767,0.0078,0.9842
106.8980,109.26,44.3786,31.9581,2.2456,359.6227,349.8214,0.2840,0.1088,-3.6033,-0.4669,-0.1767,0.0066,0.9842
106.9180,109.26,44.3807,31.8852,2.2363,359.6876,349.8193,0.2911,0.1076,-3.6462,-0.4654,-0.1768,0.0055,0.9842
106.9380,109.26,44.3829,31.8113,2.2270,359.7506,349.8174,0.2974,0.1064,-3.6941,-0.4638,-0.1768,0.0044,0.9842
106.9580,109.26,44.3850,31.7366,2.2178,359.8115,349.8159,0.3030,0.1052,-3.7360,-0.4620,-0.1768,0.0033,0.9842
106.9780,109.26,44.3871,31.6609,2.2086,359.8705,349.8145,0.3079,0.1039,-3.7822,-0.4601,-0.1768,0.0023,0.9842
106.9980,109.26,44.3891,31.5845,2.1994,359.9274,349.8134,0.3120,0.1026,-3.8232,-0.4580,-0.1769,0.0013,0.9842
107.0180,109.26,44.3911,31.5071,2.1903,359.9823,349.8125,0.3155,0.1014,-3.8679,-0.4559,-0.1769,0.0003,0.9842
107.0380,109.26,44.3931,31.4290,2.1812,0.0350,349.8119,0.3182,0.1000,-3.9078,-0.4536,-0.1769,-0.0006,0.9842
107.0580,109.26,44.3951,31.3499,2.1722,0.0856,349.8115,0.3202,0.0987,-3.9510,-0.4512,-0.1769,-0.0015,0.9842
107.0780,109.26,44.3970,31.2701,2.1632,0.1340,349.8113,0.3217,0.0973,-3.9899,-0.4487,-0.1769,-0.0023,0.9842
107.0980,109.26,44.3990,31.1895,2.1543,0.1803,349.8114,0.3224,0.0959,-4.0317,-0.4461,-0.1769,-0.0031,0.9842
107.1180,109.26,44.4009,31.1081,2.1454,0.2244,349.8116,0.3226,0.0945,-4.0697,-0.4435,-0.1769,-0.0039,0.9842
107.1380,109.26,44.4027,31.0259,2.1366,0.2663,349.8121,0.3222,0.0931,-4.1100,-0.4407,-0.1769,-0.0046,0.9842
107.1580,109.26,44.4046,30.9430,2.1279,0.3061,349.8128,0.3211,0.0917,-4.1470,-0.4378,-0.1769,-0.0053,0.9842
107.1780,109.26,44.4064,30.8593,2.1192,0.3436,349.8138,0.3196,0.0903,-4.1861,-0.4349,-0.1768,-0.0060,0.9842
107.1980,109.26,44.4081,30.7748,2.1105,0.3789,349.8148,0.3175,0.0889,-4.2221,-0.4319,-0.1768,-0.0066,0.9842
107.2180,109.26,44.4099,30.6896,2.1020,0.4121,349.8161,0.3148,0.0875,-4.2599,-0.4289,-0.1768,-0.0072,0.9842
107.2380,109.26,44.4116,30.6037,2.0934,0.4431,349.8176,0.3117,0.0860,-4.2949,-0.4257,-0.1768,-0.0077,0.9842
107.2580,109.26,44.4133,30.5171,2.0850,0.4719,349.8192,0.3081,0.0846,-4.3315,-0.4226,-0.1767,-0.0082,0.9842
107.2780,109.26,44.4150,30.4298,2.0766,0.4986,349.8211,0.3041,0.0832,-4.3656,-0.4193,-0.1767,-0.0087,0.9842
107.2980,109.26,44.4166,30.3418,2.0683,0.5232,349.8230,0.2996,0.0818,-4.4010,-0.4160,-0.1767,-0.0091,0.9842
107.3180,109.26,44.4182,30.2531,2.0600,0.5457,349.8252,0.2946,0.0804,-4.4341,-0.4127,-0.1766,-0.0095,0.9842
107.3380,109.26,44.4198,30.1637,2.0518,0.5661,349.8275,0.2893,0.0790,-4.4684,-0.4094,-0.1766,-0.0099,0.9842
107.3580,109.26,44.4213,30.0737,2.0437,0.5844,349.8299,0.2836,0.0777,-4.5006,-0.4059,-0.1766,-0.0102,0.9842
107.3780,112.86,44.4229,29.9830,2.0357,0.6008,349.8324,0.2776,0.0763,-4.5338,-0.4025,-0.1765,-0.0105,0.9842
107.3980,112.86,44.4244,29.8917,2.0277,0.6151,349.8351,0.2712,0.0750,-4.5651,-0.3991,-0.1765,-0.0107,0.9842
107.4180,112.86,44.4258,29.7998,2.0198,0.6275,349.8379,0.2644,0.0736,-4.5973,-0.3956,-0.1764,-0.0110,0.9843
107.4380,112.86,44.4273,29.7072,2.0119,0.6379,349.8408,0.2574,0.0723,-4.6277,-0.3921,-0.1764,-0.0111,0.9843
107.4580,112.86,44.4287,29.6140,2.0042,0.6465,349.8438,0.2501,0.0710,-4.6588,-0.3887,-0.1763,-0.0113,0.9843
107.4780,112.86,44.4301,29.5203,1.9965,0.6532,349.8469,0.2425,0.0698,-4.6884,-0.3852,-0.1763,-0.0114,0.9843
107.4980,112.86,44.4315,29.4259,1.9888,0.6581,349.8501,0.2347,0.0685,-4.7185,-0.3817,-0.1762,-0.0115,0.9843
107.5180,112.86,44.4328,29.3310,1.9813,0.6612,349.8534,0.2266,0.0673,-4.7473,-0.3782,-0.1762,-0.0115,0.9843
107.5380,112.86,44.4341,29.2354,1.9738,0.6626,349.8567,0.2183,0.0661,-4.7764,-0.3747,-0.1761,-0.0116,0.9843
107.5580,112.86,44.4354,29.1393,1.9663,0.6624,349.8601,0.2099,0.0650,-4.8044,-0.3713,-0.1760,-0.0116,0.9843
107.5780,112.86,44.4367,29.0427,1.9590,0.6604,349.8636,0.2012,0.0638,-4.8326,-0.3678,-0.1760,-0.0115,0.9843
107.5980,112.86,44.4380,28.9455,1.9517,0.6569,349.8671,0.1924,0.0627,-4.8597,-0.3644,-0.1759,-0.0115,0.9843
107.6180,112.86,44.4392,28.8478,1.9445,0.6519,349.8707,0.1834,0.0616,-4.8871,-0.3610,-0.1759,-0.0114,0.9843
107.6380,112.86,44.4404,28.7495,1.9373,0.6453,349.8743,0.1743,0.0606,-4.9134,-0.3576,-0.1758,-0.0113,0.9844
107.6580,112.86,44.4416,28.6507,1.9302,0.6373,349.8779,0.1651,0.0596,-4.9399,-0.3543,-0.1757,-0.0111,0.9844
107.6780,112.86,44.4428,28.5514,1.9232,0.6279,349.8816,0.1558,0.0586,-4.9655,-0.3510,-0.1757,-0.0110,0.9844
107.6980,112.86,44.4439,28.4516,1.9163,0.6171,349.8852,0.1465,0.0576,-4.9912,-0.3477,-0.1756,-0.0108,0.9844
107.7180,112.86,44.4451,28.3512,1.9094,0.6051,349.8889,0.1370,0.0567,-5.0160,-0.3445,-0.1755,-0.0106,0.9844
107.7380,112.86,44.4462,28.2504,1.9026,0.5917,349.8926,0.1275,0.0559,-5.0409,-0.3413,-0.1755,-0.0103,0.9844
107.7580,112.86,44.4473,28.1491,1.8958,0.5772,349.8963,0.1180,0.0550,-5.0649,-0.3382,-0.1754,-0.0101,0.9844
107.7780,112.86,44.4484,28.0473,1.8891,0.5615,349.9000,0.1084,0.0542,-5.0890,-0.3351,-0.1754,-0.0098,0.9845
107.7980,112.86,44.4494,27.9451,1.8824,0.5447,349.9036,0.0988,0.0534,-5.1124,-0.3320,-0.1753,-0.0095,0.9845
107.8180,112.86,44.4505,27.8424,1.8759,0.5269,349.9073,0.0893,0.0527,-5.1358,-0.3291,-0.1752,-0.0092,0.9845
107.8380,112.86,44.4515,27.7392,1.8693,0.5080,349.9109,0.0797,0.0520,-5.1584,-0.3261,-0.1752,-0.0089,0.9845
107.8580,112.86,44.4526,27.6356,1.8629,0.4882,349.9145,0.0702,0.0513,-5.1811,-0.3233,-0.1751,-0.0085,0.9845
107.8780,112.86,44.4536,27.5315,1.8565,0.4675,349.9180,0.0607,0.0507,-5.2030,-0.3205,-0.1751,-0.0082,0.9845
107.8980,112.86,44.4546,27.4270,1.8501,0.4459,349.9215,0.0512,0.0501,-5.2250,-0.3178,-0.1750,-0.0078,0.9845
107.9180,112.86,44.4556,27.3221,1.8438,0.4236,349.9250,0.0419,0.0496,-5.2463,-0.3151,-0.1749,-0.0074,0.9846
107.9380,112.86,44.4565,27.2168,1.8376,0.4005,349.9284,0.0326,0.0490,-5.2676,-0.3125,-0.1749,-0.0070,0.9846
107.9580,112.86,44.4575,27.1110,1.8314,0.3766,349.9318,0.0233,0.0486,-5.2883,-0.3100,-0.1748,-0.0066,0.9846
107.9780,112.86,44.4585,27.0048,1.8252,0.3521,349.9351,0.0142,0.0481,-5.3088,-0.3075,-0.1748,-0.0061,0.9846
107.9980,112.86,44.4594,26.8982,1.8191,0.3270,349.9383,0.0052,0.0477,-5.3289,-0.3051,-0.1747,-0.0057,0.9846
108.0180,112.86,44.4604,26.7913,1.8131,0.3014,349.9415,-0.0038,0.0473,-5.3489,-0.3028,-0.1747,-0.0053,0.9846
108.0380,112.86,44.4613,26.6839,1.8070,0.2752,349.9446,359.9874,0.0470,-5.3683,-0.3006,-0.1746,-0.0048,0.9846
108.0580,112.86,44.4623,26.5761,1.8011,0.2485,349.9476,359.9788,0.0467,-5.3877,-0.2984,-0.1745,-0.0043,0.9846
108.0780,112.86,44.4632,26.4680,1.7952,0.2214,349.9506,359.9702,0.0465,-5.4065,-0.2963,-0.1745,-0.0039,0.9847
108.0980,112.86,44.4641,26.3595,1.7893,0.1940,349.9534,359.9618,0.0462,-5.4253,-0.2943,-0.1744,-0.0034,0.9847
108.1180,112.86,44.4650,26.2506,1.7834,0.1662,349.9562,359.9536,0.0460,-5.4436,-0.2924,-0.1744,-0.0029,0.9847
108.1380,112.86,44.4660,26.1414,1.7776,0.1381,349.9589,359.9455,0.0459,-5.4617,-0.2905,-0.1744,-0.0024,0.9847
108.1580,112.86,44.4669,26.0318,1.7718,0.1097,349.9615,359.9376,0.0458,-5.4795,-0.2887,-0.1743,-0.0019,0.9847
108.1780,112.86,44.4678,25.9219,1.7661,0.0811,349.9641,359.9298,0.0457,-5.4971,-0.2870,-0.1743,-0.0014,0.9847
108.1980,112.86,44.4687,25.8116,1.7604,0.0524,349.9665,359.9222,0.0456,-5.5143,-0.2854,-0.1742,-0.0009,0.9847
108.2180,112.86,44.4696,25.7010,1.7547,0.0235,349.9688,359.9148,0.0456,-5.5313,-0.2839,-0.1742,-0.0004,0.9847
108.2380,112.86,44.4705,25.5900,1.7491,-0.0055,349.9711,359.9076,0.0456,-5.5480,-0.2824,-0.1741,0.0001,0.9847
108.2580,112.86,44.4714,25.4787,1.7434,359.9655,349.9732,359.9006,0.0457,-5.5645,-0.2810,-0.1741,0.0006,0.9847
108.2780,112.86,44.4723,25.3671,1.7378,359.9364,349.9753,359.8937,0.0458,-5.5807,-0.2797,-0.1741,0.0011,0.9847
108.2980,112.86,44.4733,25.2552,1.7323,359.9074,349.9772,359.8871,0.0459,-5.5967,-0.2785,-0.1740,0.0016,0.9847
108.3180,112.86,44.4742,25.1429,1.7267,359.8784,349.9791,359.8807,0.0460,-5.6123,-0.2773,-0.1740,0.0021,0.9847
108.3380,112.86,44.4751,25.0304,1.7212,359.8495,349.9808,359.8745,0.0462,-5.6278,-0.2763,-0.1740,0.0026,0.9847
108.3580,112.86,44.4760,24.9175,1.7157,359.8206,349.9825,359.8684,0.0464,-5.6430,-0.2753,-0.1739,0.0031,0.9847
108.3780,116.94,44.4770,24.8043,1.7102,359.7920,349.9840,359.8626,0.0466,-5.6580,-0.2744,-0.1739,0.0036,0.9848
108.3980,116.94,44.4779,24.6909,1.7047,359.7635,349.9854,359.8570,0.0468,-5.6728,-0.2735,-0.1739,0.0041,0.9848
108.4180,116.94,44.4788,24.5771,1.6993,359.7352,349.9868,359.8516,0.0471,-5.6873,-0.2728,-0.1739,0.0046,0.9848
108.4380,116.94,44.4798,24.4631,1.6938,359.7071,349.9880,359.8464,0.0474,-5.7016,-0.2721,-0.1739,0.0051,0.9848
108.4580,116.94,44.4807,24.3488,1.6884,359.6793,349.9891,359.8414,0.0477,-5.7157,-0.2715,-0.1738,0.0056,0.9848
108.4780,116.94,44.4817,24.2342,1.6830,359.6518,349.9902,359.8367,0.0481,-5.7295,-0.2710,-0.1738,0.0061,0.9848
108.4980,116.94,44.4827,24.1193,1.6776,359.6245,349.9911,359.8322,0.0484,-5.7431,-0.2705,-0.1738,0.0066,0.9848
108.5180,116.94,44.4836,24.0042,1.6722,359.5977,349.9919,359.8278,0.0488,-5.7565,-0.2701,-0.1738,0.0070,0.9848
108.5380,116.94,44.4846,23.8888,1.6668,359.5711,349.9926,359.8237,0.0492,-5.7697,-0.2698,-0.1738,0.0075,0.9848
108.5580,116.94,44.4856,23.7732,1.6614,359.5449,349.9933,359.8198,0.0497,-5.7827,-0.2695,-0.1738,0.0079,0.9848
108.5780,116.94,44.4866,23.6572,1.6560,359.5191,349.9938,359.8161,0.0501,-5.7955,-0.2693,-0.1737,0.0084,0.9848
108.5980,116.94,44.4876,23.5411,1.6506,359.4938,349.9942,359.8127,0.0506,-5.8081,-0.2692,-0.1737,0.0088,0.9848
108.6180,116.94,44.4887,23.4247,1.6452,359.4688,349.9945,359.8094,0.0511,-5.8205,-0.2691,-0.1737,0.0093,0.9847
108.6380,116.94,44.4897,23.3080,1.6399,359.4443,349.9948,359.8064,0.0516,-5.8327,-0.2691,-0.1737,0.0097,0.9847
108.6580,116.94,44.4907,23.1911,1.6345,359.4203,349.9949,359.8035,0.0521,-5.8447,-0.2692,-0.1737,0.0101,0.9847
108.6780,116.94,44.4918,23.0740,1.6291,359.3967,349.9949,359.8009,0.0526,-5.8565,-0.2693,-0.1737,0.0105,0.9847
108.6980,116.94,44.4928,22.9566,1.6237,359.3737,349.9949,359.7985,0.0532,-5.8681,-0.2695,-0.1737,0.0109,0.9847
108.7180,116.94,44.4939,22.8390,1.6183,359.3511,349.9947,359.7963,0.0538,-5.8796,-0.2698,-0.1737,0.0113,0.9847
108.7380,116.94,44.4950,22.7212,1.6129,359.3291,349.9945,359.7942,0.0543,-5.8908,-0.2701,-0.1737,0.0117,0.9847
108.7580,116.94,44.4961,22.6032,1.6075,359.3076,349.9942,359.7924,0.0549,-5.9019,-0.2704,-0.1737,0.0121,0.9847
108.7780,116.94,44.4972,22.4849,1.6021,359.2866,349.9938,359.7908,0.0555,-5.9128,-0.2708,-0.1737,0.0125,0.9847
108.7980,116.94,44.4983,22.3665,1.5967,359.2661,349.9933,359.7893,0.0561,-5.9235,-0.2713,-0.1737,0.0128,0.9847
108.8180,116.94,44.4995,22.2478,1.5912,359.2462,349.9928,359.7881,0.0568,-5.9341,-0.2718,-0.1738,0.0132,0.9847
108.8380,116.94,44.5006,22.1289,1.5858,359.2269,349.9921,359.7870,0.0574,-5.9445,-0.2723,-0.1738,0.0135,0.9847
108.8580,116.94,44.5018,22.0098,1.5803,359.2082,349.9914,359.7861,0.0580,-5.9547,-0.2729,-0.1738,0.0138,0.9847
108.8780,116.94,44.5030,21.8905,1.5748,359.1900,349.9907,359.7854,0.0587,-5.9648,-0.2736,-0.1738,0.0141,0.9847
108.8980,116.94,44.5041,21.7710,1.5694,359.1724,349.9898,359.7849,0.0593,-5.9747,-0.2743,-0.1738,0.0144,0.9847
108.9180,116.94,44.5053,21.6513,1.5639,359.1554,349.9889,359.7845,0.0600,-5.9844,-0.2750,-0.1738,0.0147,0.9847
108.9380,116.94,44.5066,21.5314,1.5583,359.1389,349.9879,359.7843,0.0606,-5.9940,-0.2758,-0.1738,0.0150,0.9847
108.9580,116.94,44.5078,21.4114,1.5528,359.1231,349.9869,359.7842,0.0613,-6.0035,-0.2766,-0.1739,0.0153,0.9847
108.9780,116.94,44.5090,21.2911,1.5473,359.1078,349.9858,359.7844,0.0620,-6.0128,-0.2774,-0.1739,0.0156,0.9846
108.9980,116.94,44.5103,21.1707,1.5417,359.0932,349.9846,359.7846,0.0626,-6.0219,-0.2783,-0.1739,0.0158,0.9846
109.0180,116.94,44.5115,21.0501,1.5361,359.0791,349.9834,359.7850,0.0633,-6.0309,-0.2792,-0.1739,0.0161,0.9846
109.0380,116.94,44.5128,20.9293,1.5305,359.0656,349.9822,359.7856,0.0640,-6.0398,-0.2802,-0.1739,0.0163,0.9846
109.0580,116.94,44.5141,20.8083,1.5249,359.0527,349.9809,359.7863,0.0647,-6.0485,-0.2811,-0.1740,0.0165,0.9846
109.0780,116.94,44.5154,20.6872,1.5192,359.0404,349.9795,359.7871,0.0653,-6.0571,-0.2821,-0.1740,0.0167,0.9846
109.0980,116.94,44.5167,20.5658,1.5136,359.0286,349.9781,359.7881,0.0660,-6.0655,-0.2832,-0.1740,0.0170,0.9846
109.1180,116.94,44.5181,20.4444,1.5079,359.0175,349.9767,359.7892,0.0667,-6.0738,-0.2842,-0.1740,0.0171,0.9846
109.1380,116.94,44.5194,20.3227,1.5022,359.0069,349.9752,359.7904,0.0674,-6.0820,-0.2853,-0.1740,0.0173,0.9846
109.1580,116.94,44.5208,20.2009,1.4965,358.9969,349.9737,359.7917,0.0680,-6.0900,-0.2864,-0.1741,0.0175,0.9846
109.1780,116.94,44.5222,20.0790,1.4907,358.9874,349.9722,359.7932,0.0687,-6.0979,-0.2875,-0.1741,0.0177,0.9846
109.1980,116.94,44.5235,19.9569,1.4849,358.9785,349.9706,359.7947,0.0694,-6.1057,-0.2886,-0.1741,0.0178,0.9846
109.2180,116.94,44.5249,19.8346,1.4791,358.9702,349.9690,359.7964,0.0700,-6.1134,-0.2898,-0.1742,0.0180,0.9846
109.2380,116.94,44.5264,19.7122,1.4733,358.9624,349.9674,359.7982,0.0707,-6.1209,-0.2909,-0.1742,0.0181,0.9845
109.2580,116.94,44.5278,19.5896,1.4675,358.9551,349.9657,359.8000,0.0713,-6.1284,-0.2921,-0.1742,0.0182,0.9845
109.2780,116.94,44.5292,19.4669,1.4616,358.9484,349.9641,359.8019,0.0720,-6.1357,-0.2933,-0.1742,0.0184,0.9845
109.2980,116.94,44.5307,19.3440,1.4557,358.9422,349.9624,359.8039,0.0726,-6.1429,-0.2945,-0.1743,0.0185,0.9845
109.3180,116.94,44.5321,19.2210,1.4498,358.9365,349.9607,359.8060,0.0733,-6.1499,-0.2957,-0.1743,0.0186,0.9845
109.3380,116.94,44.5336,19.0979,1.4439,358.9313,349.9590,359.8082,0.0739,-6.1569,-0.2970,-0.1743,0.0187,0.9845
109.3580,116.94,44.5351,18.9746,1.4379,358.9266,349.9573,359.8105,0.0745,-6.1638,-0.2982,-0.1744,0.0187,0.9845
109.3780,119.99,44.5366,18.8512,1.4319,358.9224,349.9556,359.8127,0.0751,-6.1705,-0.2994,-0.1744,0.0188,0.9845
109.3980,119.99,44.5381,18.7277,1.4259,358.9187,349.9539,359.8151,0.0757,-6.1772,-0.3007,-0.1744,0.0189,0.9845
109.4180,119.99,44.5397,18.6040,1.4199,358.9154,349.9521,359.8175,0.0763,-6.1837,-0.3019,-0.1744,0.0189,0.9845
109.4380,119.99,44.5412,18.4802,1.4138,358.9126,349.9504,359.8200,0.0769,-6.1901,-0.3032,-0.1745,0.0190,0.9845
109.4580,119.99,44.5427,18.3563,1.4077,358.9103,349.9487,359.8225,0.0775,-6.1965,-0.3044,-0.1745,0.0190,0.9845
109.4780,119.99,44.5443,18.2322,1.4016,358.9084,349.9470,359.8251,0.0781,-6.2027,-0.3056,-0.1745,0.0191,0.9845
109.4980,119.99,44.5459,18.1080,1.3955,358.9069,349.9453,359.8277,0.0786,-6.2088,-0.3069,-0.1746,0.0191,0.9845
109.5180,119.99,44.5475,17.9837,1.3893,358.9058,349.9436,359.8304,0.0792,-6.2149,-0.3081,-0.1746,0.0191,0.9845
109.5380,119.99,44.5491,17.8593,1.3831,358.9052,349.9419,359.8330,0.0797,-6.2208,-0.3094,-0.1746,0.0191,0.9845
109.5580,119.99,44.5507,17.7348,1.3769,358.9049,349.9402,359.8357,0.0802,-6.2267,-0.3106,-0.1746,0.0191,0.9844
109.5780,119.99,44.5523,17.6101,1.3707,358.9050,349.9385,359.8384,0.0808,-6.2324,-0.3118,-0.1747,0.0191,0.9844
109.5980,119.99,44.5539,17.4854,1.3644,358.9055,349.9369,359.8412,0.0813,-6.2381,-0.3130,-0.1747,0.0191,0.9844
109.6180,119.99,44.5555,17.3605,1.3581,358.9063,349.9353,359.8439,0.0818,-6.2437,-0.3143,-0.1747,0.0191,0.9844
109.6380,119.99,44.5572,17.2355,1.3518,358.9075,349.9337,359.8467,0.0823,-6.2492,-0.3155,-0.1748,0.0191,0.9844
109.6580,119.99,44.5588,17.1104,1.3455,358.9090,349.9321,359.8495,0.0828,-6.2546,-0.3167,-0.1748,0.0190,0.9844
109.6780,119.99,44.5605,16.9852,1.3391,358.9108,349.9305,359.8523,0.0832,-6.2599,-0.3178,-0.1748,0.0190,0.9844
109.6980,119.99,44.5622,16.8599,1.3327,358.9129,349.9290,359.8550,0.0837,-6.2651,-0.3190,-0.1748,0.0190,0.9844
109.7180,119.99,44.5639,16.7345,1.3263,358.9154,349.9275,359.8578,0.0841,-6.2703,-0.3202,-0.1749,0.0189,0.9844
109.7380,119.99,44.5655,16.6090,1.3199,358.9181,349.9260,359.8606,0.0846,-6.2754,-0.3213,-0.1749,0.0189,0.9844
109.7580,119.99,44.5672,16.4834,1.3135,358.9211,349.9245,359.8633,0.0850,-6.2804,-0.3225,-0.1749,0.0188,0.9844
109.7780,119.99,44.5690,16.3577,1.3070,358.9244,349.9231,359.8661,0.0854,-6.2853,-0.3236,-0.1749,0.0188,0.9844
109.7980,119.99,44.5707,16.2319,1.3005,358.9279,349.9217,359.8689,0.0858,-6.2901,-0.3247,-0.1750,0.0187,0.9844
109.8180,119.99,44.5724,16.1060,1.2940,358.9316,349.9203,359.8716,0.0862,-6.2949,-0.3258,-0.1750,0.0186,0.9844
109.8380,119.99,44.5741,15.9800,1.2874,358.9356,349.9190,359.8743,0.0866,-6.2996,-0.3269,-0.1750,0.0186,0.9844
109.8580,119.99,44.5759,15.8539,1.2809,358.9398,349.9177,359.8770,0.0870,-6.3042,-0.3279,-0.1750,0.0185,0.9844
109.8780,119.99,44.5776,15.7277,1.2743,358.9442,349.9164,359.8796,0.0873,-6.3088,-0.3290,-0.1751,0.0184,0.9844
109.8980,119.99,44.5794,15.6015,1.2677,358.9488,349.9152,359.8823,0.0877,-6.3133,-0.3300,-0.1751,0.0183,0.9844
109.9180,119.99,44.5811,15.4751,1.2611,358.9535,349.9140,359.8849,0.0880,-6.3177,-0.3310,-0.1751,0.0183,0.9844
109.9380,119.99,44.5829,15.3487,1.2544,358.9585,349.9128,359.8874,0.0883,-6.3220,-0.3320,-0.1751,0.0182,0.9844
109.9580,119.99,44.5847,15.2222,1.2478,358.9636,349.9117,359.8900,0.0886,-6.3263,-0.3330,-0.1751,0.0181,0.9844
109.9780,119.99,44.5864,15.0955,1.2411,358.9688,349.9106,359.8925,0.0889,-6.3305,-0.3339,-0.1752,0.0180,0.9844
109.9980,119.99,44.5882,14.9689,1.2344,358.9742,349.9096,359.8949,0.0892,-6.3347,-0.3349,-0.1752,0.0179,0.9844
110.0180,119.99,44.5900,14.8421,1.2277,358.9797,349.9086,359.8973,0.0895,-6.3387,-0.3358,-0.1752,0.0178,0.9844
110.0380,119.99,44.5918,14.7152,1.2210,358.9853,349.9076,359.8997,0.0898,-6.3428,-0.3367,-0.1752,0.0177,0.9844
110.0580,119.99,44.5936,14.5883,1.2142,358.9910,349.9066,359.9021,0.0901,-6.3467,-0.3376,-0.1752,0.0176,0.9844
110.0780,119.99,44.5954,14.4613,1.2074,358.9968,349.9058,359.9044,0.0903,-6.3506,-0.3385,-0.1752,0.0175,0.9844
110.0980,119.99,44.5972,14.3342,1.2006,359.0027,349.9049,359.9066,0.0905,-6.3545,-0.3393,-0.1753,0.0174,0.9844
110.1180,119.99,44.5990,14.2070,1.1938,359.0087,349.9041,359.9088,0.0908,-6.3583,-0.3401,-0.1753,0.0173,0.9844
110.1380,119.99,44.6009,14.0798,1.1870,359.0147,349.9033,359.9109,0.0910,-6.3620,-0.3409,-0.1753,0.0172,0.9844
110.1580,119.99,44.6027,13.9525,1.1802,359.0208,349.9026,359.9131,0.0912,-6.3656,-0.3417,-0.1753,0.0171,0.9844
110.1780,119.99,44.6045,13.8251,1.1733,359.0270,349.9019,359.9151,0.0914,-6.3693,-0.3425,-0.1753,0.0170,0.9844
110.1980,119.99,44.6063,13.6976,1.1665,359.0332,349.9012,359.9171,0.0916,-6.3728,-0.3432,-0.1753,0.0169,0.9844
110.2180,119.99,44.6082,13.5701,1.1596,359.0394,349.9006,359.9191,0.0918,-6.3763,-0.3440,-0.1753,0.0168,0.9844
110.2380,119.99,44.6100,13.4425,1.1527,359.0456,349.9001,359.9210,0.0920,-6.3798,-0.3447,-0.1753,0.0167,0.9844
110.2580,119.99,44.6119,13.3148,1.1458,359.0519,349.8995,359.9228,0.0921,-6.3832,-0.3454,-0.1754,0.0165,0.9844
110.2780,119.99,44.6137,13.1871,1.1389,359.0581,349.8990,359.9246,0.0923,-6.3865,-0.3460,-0.1754,0.0164,0.9844
110.2980,119.99,44.6156,13.0593,1.1319,359.0644,349.8986,359.9263,0.0924,-6.3898,-0.3467,-0.1754,0.0163,0.9844
110.3180,119.99,44.6174,12.9315,1.1250,359.0706,349.8982,359.9280,0.0926,-6.3931,-0.3473,-0.1754,0.0162,0.9844
110.3380,119.99,44.6193,12.8035,1.1180,359.0768,349.8978,359.9296,0.0927,-6.3962,-0.3479,-0.1754,0.0161,0.9844
110.3580,119.99,44.6211,12.6755,1.1111,359.0831,349.8974,359.9312,0.0928,-6.3994,-0.3485,-0.1754,0.0160,0.9844
110.3780,117.92,44.6230,12.5475,1.1041,359.0892,349.8971,359.9327,0.0930,-6.4025,-0.3491,-0.1754,0.0159,0.9844
110.3980,117.92,44.6248,12.4194,1.0971,359.0954,349.8969,359.9341,0.0931,-6.4055,-0.3496,-0.1754,0.0158,0.9844
110.4180,117.92,44.6267,12.2912,1.0901,359.1015,349.8966,359.9355,0.0932,-6.4086,-0.3502,-0.1754,0.0157,0.9844
110.4380,117.92,44.6286,12.1630,1.0831,359.1075,349.8964,359.9369,0.0933,-6.4115,-0.3507,-0.1754,0.0156,0.9844
110.4580,117.92,44.6304,12.0347,1.0761,359.1135,349.8962,359.9381,0.0934,-6.4144,-0.3512,-0.1754,0.0155,0.9844
110.4780,117.92,44.6323,11.9063,1.0690,359.1194,349.8961,359.9394,0.0934,-6.4173,-0.3517,-0.1754,0.0154,0.9844
110.4980,117.92,44.6342,11.7779,1.0620,359.1253,349.8960,359.9406,0.0935,-6.4201,-0.3521,-0.1754,0.0153,0.9844
110.5180,117.92,44.6360,11.6495,1.0549,359.1311,349.8960,359.9417,0.0936,-6.4229,-0.3526,-0.1754,0.0152,0.9844
110.5380,117.92,44.6379,11.5210,1.0479,359.1368,349.8959,359.9427,0.0937,-6.4257,-0.3530,-0.1754,0.0151,0.9844
110.5580,117.92,44.6398,11.3924,1.0408,359.1425,349.8959,359.9437,0.0937,-6.4284,-0.3534,-0.1754,0.0150,0.9844
110.5780,117.92,44.6417,11.2638,1.0337,359.1480,349.8960,359.9447,0.0938,-6.4310,-0.3538,-0.1754,0.0149,0.9844
110.5980,117.92,44.6435,11.1351,1.0266,359.1535,349.8960,359.9456,0.0938,-6.4336,-0.3542,-0.1754,0.0148,0.9844
110.6180,117.92,44.6454,11.0105,1.0195,359.1548,349.8965,359.9461,0.0944,-6.2286,-0.3567,-0.1754,0.0148,0.9844
110.6380,117.92,44.6473,10.8861,1.0124,359.1559,349.8970,359.9465,0.0945,-6.2210,-0.3572,-0.1754,0.0147,0.9844
110.6580,117.92,44.6492,10.7655,1.0052,359.1534,349.8978,359.9467,0.0950,-6.0302,-0.3596,-0.1754,0.0148,0.9844
110.6780,117.92,44.6511,10.6452,0.9980,359.1505,349.8987,359.9467,0.0951,-6.0139,-0.3602,-0.1754,0.0148,0.9844
110.6980,117.92,44.6530,10.5285,0.9907,359.1442,349.8999,359.9464,0.0956,-5.8358,-0.3626,-0.1753,0.0149,0.9844
110.7180,117.92,44.6550,10.4123,0.9834,359.1376,349.9010,359.9460,0.0957,-5.8120,-0.3633,-0.1753,0.0151,0.9844
110.7380,117.92,44.6569,10.2994,0.9761,359.1279,349.9025,359.9454,0.0963,-5.6454,-0.3657,-0.1753,0.0152,0.9844
110.7580,117.92,44.6588,10.1871,0.9688,359.1179,349.9039,359.9447,0.0964,-5.6152,-0.3666,-0.1753,0.0154,0.9844
110.7780,117.92,44.6607,10.0779,0.9614,359.1052,349.9056,359.9438,0.0969,-5.4590,-0.3689,-0.1752,0.0156,0.9844
110.7980,117.92,44.6627,9.9694,0.9540,359.0921,349.9073,359.9427,0.0972,-5.4233,-0.3700,-0.1752,0.0158,0.9844
110.8180,117.92,44.6646,9.8639,0.9466,359.0765,349.9091,359.9414,0.0977,-5.2765,-0.3725,-0.1752,0.0161,0.9844
110.8380,117.92,44.6666,9.7592,0.9391,359.0606,349.9109,359.9401,0.0980,-5.2361,-0.3737,-0.1752,0.0164,0.9844
110.8580,117.92,44.6686,9.6572,0.9316,359.0425,349.9129,359.9385,0.0985,-5.0978,-0.3762,-0.1751,0.0167,0.9844
110.8780,117.92,44.6706,9.5561,0.9240,359.0242,349.9148,359.9369,0.0989,-5.0536,-0.3777,-0.1751,0.0170,0.9844
110.8980,117.92,44.6725,9.4577,0.9164,359.0039,349.9169,359.9351,0.0995,-4.9230,-0.3804,-0.1751,0.0174,0.9844
110.9180,117.92,44.6745,9.3602,0.9088,358.9834,349.9189,359.9332,0.0998,-4.8755,-0.3820,-0.1750,0.0177,0.9844
110.9380,117.92,44.6765,9.2651,0.9011,358.9612,349.9210,359.9311,0.1005,-4.7520,-0.3848,-0.1750,0.0181,0.9844
110.9580,117.92,44.6788,9.1672,0.8932,358.9888,349.9259,359.9739,0.1112,-4.8955,-0.3920,-0.1749,0.0176,0.9844
110.9780,117.92,44.6810,9.0710,0.8854,359.0145,349.9307,0.0158,0.1113,-4.8129,-0.3940,-0.1748,0.0172,0.9845
110.9980,117.92,44.6832,8.9722,0.8775,359.0503,349.9341,0.0567,0.1111,-4.9394,-0.3949,-0.1748,0.0166,0.9845
111.0180,117.92,44.6854,8.8747,0.8695,359.0834,349.9373,0.0959,0.1105,-4.8721,-0.3963,-0.1747,0.0160,0.9845
111.0380,117.92,44.6876,8.7750,0.8616,359.1222,349.9396,0.1333,0.1099,-4.9843,-0.3964,-0.1747,0.0153,0.9845
111.0580,117.92,44.6898,8.6765,0.8537,359.1582,349.9418,0.1691,0.1091,-4.9288,-0.3974,-0.1746,0.0147,0.9845
111.0780,117.92,44.6920,8.5759,0.8457,359.1978,349.9432,0.2031,0.1083,-5.0290,-0.3973,-0.1746,0.0140,0.9845
111.0980,117.92,44.6941,8.4762,0.8378,359.2348,349.9446,0.2354,0.1071,-4.9834,-0.3979,-0.1746,0.0134,0.9846
111.1180,117.92,44.6962,8.3748,0.8298,359.2741,349.9455,0.2659,0.1063,-5.0732,-0.3975,-0.1746,0.0127,0.9846
111.1380,117.92,44.6983,8.2775,0.8218,359.3078,349.9466,0.2947,0.1043,-4.8639,-0.3994,-0.1746,0.0121,0.9846
111.1580,117.92,44.7004,8.1794,0.8138,359.3412,349.9474,0.3219,0.1032,-4.9043,-0.3991,-0.1745,0.0115,0.9846
111.1780,117.92,44.7024,8.0852,0.8058,359.3694,349.9484,0.3475,0.1009,-4.7120,-0.4006,-0.1745,0.0110,0.9846
111.1980,117.92,44.7044,7.9904,0.7978,359.3972,349.9492,0.3716,0.0996,-4.7400,-0.4002,-0.1745,0.0105,0.9846
111.2180,117.92,44.7063,7.8991,0.7898,359.4201,349.9502,0.3942,0.0971,-4.5627,-0.4013,-0.1745,0.0101,0.9846
111.2380,117.92,44.7083,7.8075,0.7818,359.4424,349.9509,0.4152,0.0956,-4.5801,-0.4010,-0.1745,0.0097,0.9846
111.2580,117.92,44.7101,7.7192,0.7737,359.4603,349.9519,0.4348,0.0930,-4.4163,-0.4018,-0.1745,0.0094,0.9846
111.2780,117.92,44.7119,7.6307,0.7657,359.4773,349.9526,0.4530,0.0913,-4.4243,-0.4015,-0.1745,0.0091,0.9846
111.2980,117.92,44.7137,7.5452,0.7577,359.4903,349.9535,0.4699,0.0885,-4.2726,-0.4022,-0.1744,0.0089,0.9846
111.3180,117.92,44.7154,7.4598,0.7496,359.5024,349.9543,0.4854,0.0868,-4.2726,-0.4019,-0.1744,0.0087,0.9846
111.3380,117.92,44.7171,7.3771,0.7416,359.5109,349.9551,0.4996,0.0839,-4.1316,-0.4024,-0.1744,0.0085,0.9846
111.3580,117.92,44.7188,7.2947,0.7335,359.5184,349.9559,0.5125,0.0820,-4.1247,-0.4021,-0.1744,0.0084,0.9846
111.3780,123.80,44.7203,7.2148,0.7255,359.5226,349.9567,0.5242,0.0791,-3.9935,-0.4026,-0.1744,0.0083,0.9846
111.3980,123.80,44.7219,7.1352,0.7174,359.5258,349.9574,0.5347,0.0772,-3.9806,-0.4023,-0.1744,0.0083,0.9846
111.4180,123.80,44.7234,7.0580,0.7094,359.5260,349.9583,0.5441,0.0743,-3.8581,-0.4028,-0.1744,0.0083,0.9846
111.4380,123.80,44.7248,6.9812,0.7013,359.5252,349.9589,0.5522,0.0722,-3.8402,-0.4026,-0.1743,0.0083,0.9846
111.4580,123.80,44.7262,6.9067,0.6933,359.5217,349.9597,0.5594,0.0693,-3.7254,-0.4030,-0.1743,0.0083,0.9847
111.4780,123.80,44.7273,6.8291,0.6850,359.5512,349.9474,0.4990,0.0562,-3.8786,-0.4107,-0.1745,0.0078,0.9846
111.4980,123.80,44.7284,6.7528,0.6768,359.5782,349.9357,0.4388,0.0543,-3.8170,-0.4104,-0.1747,0.0074,0.9846
111.5180,123.80,44.7295,6.6737,0.6686,359.6135,349.9236,0.3771,0.0539,-3.9545,-0.4106,-0.1750,0.0067,0.9846
111.5380,123.80,44.7306,6.5956,0.6604,359.6459,349.9124,0.3171,0.0528,-3.9060,-0.4098,-0.1751,0.0062,0.9845
111.5580,123.80,44.7316,6.5150,0.6522,359.6825,349.9014,0.2577,0.0526,-4.0299,-0.4091,-0.1753,0.0055,0.9845
111.5780,123.80,44.7326,6.4351,0.6441,359.7162,349.8913,0.1999,0.0519,-3.9918,-0.4079,-0.1755,0.0050,0.9845
111.5980,123.80,44.7337,6.3531,0.6360,359.7523,349.8815,0.1435,0.0519,-4.1042,-0.4068,-0.1757,0.0043,0.9844
111.6180,123.80,44.7347,6.2716,0.6279,359.7855,349.8727,0.0887,0.0516,-4.0747,-0.4052,-0.1758,0.0037,0.9844
111.6380,123.80,44.7358,6.1880,0.6198,359.8200,349.8643,0.0356,0.0517,-4.1769,-0.4039,-0.1760,0.0031,0.9844
111.6580,123.80,44.7368,6.1049,0.6117,359.8517,349.8567,359.9842,0.0517,-4.1546,-0.4020,-0.1761,0.0026,0.9844
111.6780,123.80,44.7378,6.0200,0.6037,359.8841,349.8496,359.9346,0.0520,-4.2479,-0.4005,-0.1762,0.0020,0.9843
111.6980,123.80,44.7389,5.9391,0.5958,359.9108,349.8436,359.8865,0.0523,-4.0431,-0.3981,-0.1763,0.0016,0.9843
111.7180,123.80,44.7399,5.8570,0.5878,359.9369,349.8382,359.8402,0.0527,-4.1059,-0.3963,-0.1764,0.0011,0.9843
111.7380,123.80,44.7410,5.7786,0.5800,359.9578,349.8338,359.7954,0.0536,-3.9185,-0.3936,-0.1765,0.0007,0.9843
111.7580,123.80,44.7421,5.6993,0.5721,359.9779,349.8299,359.7523,0.0541,-3.9678,-0.3916,-0.1766,0.0004,0.9843
111.7780,123.80,44.7432,5.6234,0.5644,359.9931,349.8269,359.7106,0.0554,-3.7960,-0.3887,-0.1766,0.0001,0.9843
111.7980,123.80,44.7443,5.5467,0.5566,0.0074,349.8244,359.6707,0.0561,-3.8335,-0.3866,-0.1767,-0.0001,0.9843
111.8180,123.80,44.7455,5.4732,0.5490,0.0172,349.8228,359.6322,0.0578,-3.6755,-0.3836,-0.1767,-0.0003,0.9843
111.8380,123.80,44.7466,5.3991,0.5413,0.0260,349.8216,359.5954,0.0587,-3.7028,-0.3814,-0.1767,-0.0005,0.9843
111.8580,123.80,44.7478,5.3238,0.5337,0.0345,349.8207,359.5605,0.0596,-3.7637,-0.3794,-0.1767,-0.0006,0.9843
111.8780,123.80,44.7490,5.2480,0.5262,0.0419,349.8204,359.5274,0.0606,-3.7917,-0.3772,-0.1767,-0.0007,0.9843
111.8980,123.80,44.7503,5.1710,0.5187,0.0489,349.8203,359.4962,0.0616,-3.8494,-0.3751,-0.1767,-0.0009,0.9843
111.9180,123.80,44.7515,5.0935,0.5112,0.0549,349.8207,359.4668,0.0628,-3.8780,-0.3729,-0.1767,-0.0010,0.9843
111.9380,123.80,44.7528,5.0148,0.5038,0.0604,349.8215,359.4393,0.0639,-3.9326,-0.3708,-0.1767,-0.0011,0.9843
111.9580,123.80,44.7541,4.9356,0.4964,0.0648,349.8225,359.4134,0.0652,-3.9616,-0.3685,-0.1767,-0.0011,0.9843
111.9780,123.80,44.7554,4.8553,0.4891,0.0688,349.8239,359.3894,0.0663,-4.0134,-0.3664,-0.1767,-0.0012,0.9843
111.9980,123.80,44.7568,4.7777,0.4819,0.0691,349.8258,359.3663,0.0691,-3.8816,-0.3630,-0.1766,-0.0012,0.9843
112.0180,123.80,44.7582,4.6992,0.4746,0.0689,349.8279,359.3448,0.0704,-3.9231,-0.3609,-0.1766,-0.0012,0.9843
112.0380,123.80,44.7597,4.6232,0.4675,0.0653,349.8304,359.3243,0.0733,-3.8024,-0.3576,-0.1766,-0.0011,0.9843
112.0580,123.80,44.7612,4.5465,0.4604,0.0611,349.8331,359.3052,0.0748,-3.8349,-0.3554,-0.1765,-0.0011,0.9843
112.0780,123.80,44.7627,4.4720,0.4533,0.0538,349.8362,359.2870,0.0778,-3.7240,-0.3523,-0.1765,-0.0009,0.9843
112.0980,123.80,44.7643,4.3970,0.4463,0.0459,349.8395,359.2703,0.0794,-3.7486,-0.3502,-0.1764,-0.0008,0.9843
112.1180,123.80,44.7660,4.3241,0.4394,0.0352,349.8432,359.2544,0.0824,-3.6464,-0.3472,-0.1763,-0.0006,0.9843
112.1380,123.80,44.7677,4.2508,0.4325,0.0239,349.8470,359.2399,0.0842,-3.6641,-0.3451,-0.1763,-0.0004,0.9843
112.1580,123.80,44.7694,4.1794,0.4256,0.0101,349.8512,359.2262,0.0872,-3.5698,-0.3423,-0.1762,-0.0002,0.9844
112.1780,123.80,44.7712,4.1078,0.4188,-0.0044,349.8556,359.2137,0.0891,-3.5814,-0.3402,-0.1761,0.0001,0.9844
112.1980,123.80,44.7730,4.0379,0.4121,359.9789,349.8602,359.2021,0.0922,-3.4941,-0.3376,-0.1760,0.0004,0.9844
112.2180,123.80,44.7749,3.9679,0.4054,359.9616,349.8650,359.1916,0.0943,-3.5005,-0.3357,-0.1760,0.0007,0.9844
112.2380,123.80,44.7769,3.8995,0.3987,359.9422,349.8701,359.1819,0.0974,-3.4194,-0.3333,-0.1759,0.0010,0.9844
112.2580,123.80,44.7789,3.8311,0.3921,359.9223,349.8753,359.1733,0.0995,-3.4211,-0.3315,-0.1758,0.0014,0.9844
112.2780,123.80,44.7809,3.7642,0.3855,359.9005,349.8807,359.1655,0.1027,-3.3457,-0.3293,-0.1757,0.0017,0.9844
112.2980,123.80,44.7830,3.6973,0.3789,359.8783,349.8863,359.1588,0.1049,-3.3434,-0.3276,-0.1756,0.0021,0.9845
112.3180,123.80,44.7852,3.6318,0.3724,359.8544,349.8921,359.1527,0.1080,-3.2730,-0.3257,-0.1755,0.0025,0.9845
112.3380,123.80,44.7874,3.5665,0.3659,359.8301,349.8979,359.1477,0.1104,-3.2672,-0.3242,-0.1754,0.0030,0.9845
112.3580,123.80,44.7896,3.5025,0.3595,359.8043,349.9040,359.1434,0.1135,-3.2013,-0.3225,-0.1753,0.0034,0.9845
112.3780,123.80,44.7920,3.4386,0.3531,359.7782,349.9101,359.1400,0.1159,-3.1924,-0.3211,-0.1752,0.0039,0.9845
112.3980,125.69,44.7943,3.3760,0.3467,359.7507,349.9164,359.1373,0.1190,-3.1306,-0.3197,-0.1751,0.0044,0.9845
112.4180,125.69,44.7968,3.3136,0.3403,359.7230,349.9227,359.1354,0.1215,-3.1191,-0.3186,-0.1750,0.0048,0.9846
112.4380,125.69,44.7993,3.2524,0.3340,359.6942,349.9292,359.1342,0.1246,-3.0610,-0.3174,-0.1749,0.0053,0.9846
112.4580,125.69,44.8018,3.1915,0.3276,359.6651,349.9357,359.1339,0.1271,-3.0472,-0.3165,-0.1748,0.0058,0.9846
112.4780,125.69,44.8044,3.1316,0.3213,359.6351,349.9424,359.1341,0.1302,-2.9923,-0.3156,-0.1746,0.0064,0.9846
112.4980,125.69,44.8071,3.0721,0.3150,359.6049,349.9490,359.1352,0.1327,-2.9767,-0.3148,-0.1745,0.0069,0.9846
112.5180,125.69,44.8098,3.0136,0.3087,359.5739,349.9558,359.1368,0.1358,-2.9248,-0.3142,-0.1744,0.0074,0.9846
112.5380,125.69,44.8126,2.9554,0.3025,359.5428,349.9626,359.1392,0.1384,-2.9075,-0.3137,-0.1743,0.0080,0.9847
112.5580,125.69,44.8154,2.8983,0.2962,359.5110,349.9694,359.1421,0.1414,-2.8582,-0.3134,-0.1742,0.0085,0.9847
112.5780,125.69,44.8183,2.8415,0.2899,359.4791,349.9763,359.1458,0.1440,-2.8395,-0.3131,-0.1740,0.0091,0.9847
112.5980,125.69,44.8212,2.7856,0.2837,359.4468,349.9832,359.1499,0.1470,-2.7927,-0.3130,-0.1739,0.0097,0.9847
112.6180,125.69,44.8242,2.7302,0.2774,359.4144,349.9900,359.1548,0.1496,-2.7729,-0.3130,-0.1738,0.0102,0.9847
112.6380,125.69,44.8272,2.6756,0.2711,359.3817,349.9969,359.1601,0.1525,-2.7283,-0.3131,-0.1737,0.0108,0.9847
112.6580,125.69,44.8303,2.6215,0.2649,359.3490,350.0038,359.1660,0.1551,-2.7074,-0.3134,-0.1736,0.0114,0.9848
112.6780,125.69,44.8335,2.5682,0.2586,359.3160,350.0107,359.1724,0.1580,-2.6648,-0.3138,-0.1735,0.0119,0.9848
112.6980,125.69,44.8367,2.5153,0.2523,359.2832,350.0176,359.1794,0.1606,-2.6432,-0.3143,-0.1733,0.0125,0.9848
112.7180,125.69,44.8400,2.4633,0.2460,359.2502,350.0245,359.1869,0.1635,-2.6024,-0.3150,-0.1732,0.0131,0.9848
112.7380,125.69,44.8433,2.4117,0.2397,359.2174,350.0313,359.1948,0.1660,-2.5801,-0.3157,-0.1731,0.0137,0.9848
112.7580,125.69,44.8467,2.3608,0.2334,359.1845,350.0381,359.2032,0.1688,-2.5410,-0.3166,-0.1730,0.0142,0.9848
112.7780,125.69,44.8501,2.3105,0.2270,359.1519,350.0449,359.2121,0.1713,-2.5181,-0.3176,-0.1729,0.0148,0.9848
112.7980,125.69,44.8536,2.2609,0.2206,359.1192,350.0517,359.2214,0.1741,-2.4806,-0.3188,-0.1727,0.0154,0.9848
112.8180,125.69,44.8571,2.2117,0.2142,359.0869,350.0583,359.2312,0.1765,-2.4573,-0.3200,-0.1726,0.0159,0.9849
112.8380,125.69,44.8607,2.1633,0.2078,359.0547,350.0650,359.2413,0.1792,-2.4212,-0.3214,-0.1725,0.0165,0.9849
112.8580,125.69,44.8643,2.1153,0.2014,359.0229,350.0715,359.2519,0.1817,-2.3976,-0.3229,-0.1724,0.0171,0.9849
112.8780,125.69,44.8680,2.0681,0.1949,358.9911,350.0780,359.2628,0.1842,-2.3628,-0.3245,-0.1723,0.0176,0.9849
112.8980,125.69,44.8718,2.0213,0.1883,358.9599,350.0845,359.2740,0.1866,-2.3390,-0.3262,-0.1722,0.0182,0.9849
112.9180,125.69,44.8755,1.9752,0.1818,358.9289,350.0908,359.2856,0.1891,-2.3053,-0.3281,-0.1721,0.0187,0.9849
112.9380,125.69,44.8794,1.9296,0.1752,358.8983,350.0971,359.2976,0.1915,-2.2814,-0.3300,-0.1719,0.0192,0.9849
112.9580,125.69,44.8832,1.8846,0.1685,358.8681,350.1033,359.3099,0.1939,-2.2489,-0.3322,-0.1718,0.0198,0.9849
112.9780,125.69,44.8872,1.8401,0.1619,358.8384,350.1094,359.3225,0.1962,-2.2249,-0.3343,-0.1717,0.0203,0.9849
112.9980,125.69,44.8911,1.7962,0.1551,358.8091,350.1155,359.3353,0.1985,-2.1934,-0.3366,-0.1716,0.0208,0.9849
113.0180,125.69,44.8952,1.7528,0.1483,358.7803,350.1214,359.3485,0.2007,-2.1694,-0.3390,-0.1715,0.0213,0.9850
113.0380,125.69,44.8992,1.7101,0.1415,358.7520,350.1273,359.3619,0.2030,-2.1388,-0.3415,-0.1714,0.0218,0.9850
113.0580,125.69,44.9033,1.6678,0.1346,358.7242,350.1331,359.3756,0.2051,-2.1149,-0.3441,-0.1713,0.0223,0.9850
113.0780,125.69,44.9075,1.6261,0.1277,358.6970,350.1387,359.3895,0.2073,-2.0852,-0.3468,-0.1712,0.0227,0.9850
113.0980,125.69,44.9116,1.5848,0.1207,358.6703,350.1443,359.4036,0.2093,-2.0614,-0.3495,-0.1711,0.0232,0.9850
113.1180,125.69,44.9159,1.5442,0.1137,358.6443,350.1498,359.4179,0.2114,-2.0325,-0.3525,-0.1710,0.0237,0.9850
113.1380,125.69,44.9201,1.5040,0.1065,358.6188,350.1552,359.4325,0.2134,-2.0088,-0.3554,-0.1709,0.0241,0.9850
113.1580,125.69,44.9244,1.4644,0.0994,358.5940,350.1604,359.4472,0.2153,-1.9808,-0.3585,-0.1708,0.0245,0.9850
113.1780,125.69,44.9288,1.4252,0.0921,358.5699,350.1656,359.4621,0.2172,-1.9572,-0.3616,-0.1707,0.0250,0.9850
113.1980,125.69,44.9332,1.3866,0.0848,358.5463,350.1706,359.4772,0.2191,-1.9299,-0.3648,-0.1707,0.0254,0.9850
113.2180,125.69,44.9376,1.3485,0.0775,358.5235,350.1756,359.4924,0.2209,-1.9066,-0.3681,-0.1706,0.0258,0.9850
113.2380,125.69,44.9420,1.3109,0.0701,358.5014,350.1804,359.5078,0.2227,-1.8799,-0.3715,-0.1705,0.0262,0.9850
113.2580,125.69,44.9465,1.2738,0.0626,358.4800,350.1852,359.5233,0.2243,-1.8568,-0.3749,-0.1704,0.0265,0.9850
113.2780,125.69,44.9510,1.2372,0.0550,358.4593,350.1898,359.5389,0.2260,-1.8309,-0.3785,-0.1703,0.0269,0.9850
113.2980,125.69,44.9556,1.2010,0.0473,358.4393,350.1943,359.5546,0.2276,-1.8080,-0.3820,-0.1702,0.0272,0.9850
113.3180,125.69,44.9602,1.1653,0.0396,358.4201,350.1987,359.5704,0.2292,-1.7827,-0.3857,-0.1702,0.0276,0.9850
113.3380,125.69,44.9648,1.1301,0.0318,358.4017,350.2030,359.5863,0.2307,-1.7600,-0.3894,-0.1701,0.0279,0.9850
113.3580,125.69,44.9694,1.0954,0.0240,358.3840,350.2072,359.6023,0.2322,-1.7353,-0.3932,-0.1700,0.0282,0.9850
113.3780,125.69,44.9741,1.0612,0.0160,358.3671,350.2112,359.6183,0.2335,-1.7129,-0.3970,-0.1699,0.0285,0.9850
113.3980,124.32,44.9788,1.0274,0.0080,358.3509,350.2152,359.6344,0.2349,-1.6888,-0.4009,-0.1699,0.0288,0.9850
113.4180,124.32,44.9835,0.9941,-0.0001,358.3356,350.2191,359.6505,0.2362,-1.6667,-0.4048,-0.1698,0.0290,0.9850
113.4380,124.32,44.9883,0.9612,-0.0082,358.3210,350.2228,359.6667,0.2374,-1.6431,-0.4088,-0.1697,0.0293,0.9851
113.4580,124.32,44.9931,0.9288,-0.0165,358.3073,350.2264,359.6829,0.2386,-1.6214,-0.4128,-0.1697,0.0295,0.9851
113.4780,124.32,44.9978,0.8968,-0.0248,358.2944,350.2300,359.6991,0.2398,-1.5983,-0.4169,-0.1696,0.0298,0.9851
113.4980,124.32,45.0027,0.8653,-0.0333,358.2823,350.2334,359.7153,0.2408,-1.5768,-0.4210,-0.1696,0.0300,0.9851
113.5180,124.32,45.0075,0.8342,-0.0418,358.2710,350.2367,359.7315,0.2419,-1.5542,-0.4251,-0.1695,0.0302,0.9851
113.5380,124.32,45.0124,0.8035,-0.0503,358.2605,350.2399,359.7477,0.2428,-1.5331,-0.4292,-0.1694,0.0304,0.9851
113.5580,124.32,45.0172,0.7733,-0.0590,358.2509,350.2430,359.7638,0.2438,-1.5110,-0.4334,-0.1694,0.0305,0.9851
113.5780,124.32,45.0221,0.7435,-0.0678,358.2420,350.2460,359.7800,0.2446,-1.4902,-0.4376,-0.1693,0.0307,0.9851
113.5980,124.32,45.0270,0.7141,-0.0766,358.2340,350.2489,359.7961,0.2454,-1.4686,-0.4419,-0.1693,0.0308,0.9851
113.6180,124.32,45.0320,0.6852,-0.0855,358.2269,350.2517,359.8121,0.2462,-1.4481,-0.4461,-0.1692,0.0309,0.9851
113.6380,124.32,45.0369,0.6566,-0.0945,358.2205,350.2545,359.8282,0.2469,-1.4269,-0.4504,-0.1692,0.0311,0.9851
113.6580,124.32,45.0418,0.6285,-0.1036,358.2150,350.2570,359.8441,0.2475,-1.4068,-0.4547,-0.1691,0.0311,0.9851
113.6780,124.32,45.0468,0.6008,-0.1128,358.2103,350.2596,359.8600,0.2481,-1.3860,-0.4589,-0.1691,0.0312,0.9851
113.6980,124.32,45.0518,0.5735,-0.1221,358.2064,350.2620,359.8758,0.2487,-1.3662,-0.4632,-0.1691,0.0313,0.9851
113.7180,124.32,45.0568,0.5465,-0.1314,358.2034,350.2643,359.8915,0.2491,-1.3459,-0.4675,-0.1690,0.0314,0.9851
113.7380,124.32,45.0618,0.5200,-0.1409,358.2011,350.2666,359.9071,0.2496,-1.3264,-0.4718,-0.1690,0.0314,0.9851
113.7580,124.32,45.0668,0.4939,-0.1504,358.1997,350.2687,359.9226,0.2499,-1.3065,-0.4761,-0.1689,0.0314,0.9851
113.7780,124.32,45.0718,0.4681,-0.1600,358.1991,350.2708,359.9380,0.2502,-1.2874,-0.4804,-0.1689,0.0314,0.9851
113.7980,124.32,45.0768,0.4428,-0.1697,358.1993,350.2728,359.9534,0.2505,-1.2679,-0.4847,-0.1689,0.0314,0.9851
113.8180,124.32,45.0818,0.4178,-0.1795,358.2003,350.2747,359.9686,0.2507,-1.2491,-0.4889,-0.1688,0.0314,0.9851
113.8380,124.32,45.0868,0.3932,-0.1893,358.2021,350.2765,359.9836,0.2509,-1.2300,-0.4932,-0.1688,0.0314,0.9851
113.8580,124.32,45.0918,0.3690,-0.1993,358.2047,350.2782,-0.0014,0.2509,-1.2115,-0.4974,-0.1688,0.0313,0.9852
113.8780,124.32,45.0968,0.3451,-0.2093,358.2081,350.2798,0.0134,0.2510,-1.1928,-0.5017,-0.1688,0.0313,0.9852
113.8980,124.32,45.1019,0.3216,-0.2194,358.2122,350.2814,0.0281,0.2510,-1.1746,-0.5059,-0.1687,0.0312,0.9852
113.9180,124.32,45.1069,0.2985,-0.2296,358.2172,350.2830,0.0426,0.2509,-1.1563,-0.5100,-0.1687,0.0311,0.9852
113.9380,124.32,45.1119,0.2757,-0.2399,358.2229,350.2844,0.0570,0.2508,-1.1385,-0.5142,-0.1687,0.0310,0.9852
113.9580,124.32,45.1169,0.2533,-0.2503,358.2293,350.2857,0.0712,0.2506,-1.1205,-0.5183,-0.1687,0.0309,0.9852
113.9780,124.32,45.1219,0.2274,-0.2606,358.2356,350.2871,0.0853,0.2497,-1.2973,-0.5163,-0.1686,0.0308,0.9852
113.9980,124.32,45.1269,0.1979,-0.2709,358.2417,350.2885,0.0992,0.2487,-1.4735,-0.5144,-0.1686,0.0307,0.9852
114.0180,124.32,45.1318,0.1649,-0.2811,358.2476,350.2899,0.1130,0.2478,-1.6490,-0.5125,-0.1686,0.0306,0.9852
114.0380,124.32,45.1368,0.1284,-0.2914,358.2534,350.2913,0.1267,0.2468,-1.8238,-0.5105,-0.1686,0.0305,0.9852
114.0580,124.32,45.1417,0.0885,-0.3015,358.2590,350.2926,0.1402,0.2459,-1.9980,-0.5086,-0.1685,0.0304,0.9852
114.0780,124.32,45.1466,0.0450,-0.3117,358.2645,350.2940,0.1536,0.2449,-2.1715,-0.5067,-0.1685,0.0303,0.9852
114.0980,124.32,45.1515,-0.0018,-0.3218,358.2697,350.2954,0.1668,0.2440,-2.3444,-0.5048,-0.1685,0.0302,0.9852
114.1180,124.32,45.1563,-0.0522,-0.3318,358.2749,350.2968,0.1799,0.2430,-2.5167,-0.5029,-0.1685,0.0301,0.9852
114.1380,124.32,45.1612,-0.1059,-0.3418,358.2798,350.2982,0.1929,0.2421,-2.6883,-0.5010,-0.1684,0.0300,0.9853
114.1580,124.32,45.1660,-0.1631,-0.3518,358.2847,350.2996,0.2058,0.2412,-2.8593,-0.4991,-0.1684,0.0299,0.9853
114.1780,124.32,45.1708,-0.2237,-0.3618,358.2893,350.3010,0.2185,0.2402,-3.0296,-0.4972,-0.1684,0.0299,0.9853
114.1980,124.32,45.1756,-0.2877,-0.3717,358.2938,350.3023,0.2310,0.2393,-3.1993,-0.4954,-0.1684,0.0298,0.9853
114.2180,124.32,45.1803,-0.3551,-0.3815,358.2982,350.3037,0.2435,0.2384,-3.3684,-0.4935,-0.1684,0.0297,0.9853
114.2380,124.32,45.1851,-0.4258,-0.3914,358.3024,350.3051,0.2558,0.2375,-3.5369,-0.4917,-0.1683,0.0296,0.9853
114.2580,124.32,45.1898,-0.4999,-0.4012,358.3064,350.3065,0.2679,0.2366,-3.7047,-0.4898,-0.1683,0.0296,0.9853
114.2780,124.32,45.1945,-0.5773,-0.4109,358.3103,350.3079,0.2799,0.2357,-3.8720,-0.4880,-0.1683,0.0295,0.9853
114.2980,124.32,45.1992,-0.6581,-0.4206,358.3141,350.3093,0.2918,0.2348,-4.0386,-0.4861,-0.1683,0.0294,0.9853
114.3180,124.32,45.2039,-0.7422,-0.4303,358.3177,350.3107,0.3036,0.2339,-4.2045,-0.4843,-0.1682,0.0294,0.9853
114.3380,124.32,45.2086,-0.8296,-0.4400,358.3211,350.3121,0.3152,0.2330,-4.3699,-0.4825,-0.1682,0.0293,0.9853
114.3580,124.32,45.2132,-0.9203,-0.4496,358.3244,350.3135,0.3267,0.2321,-4.5347,-0.4807,-0.1682,0.0292,0.9853
114.3780,124.32,45.2178,-1.0143,-0.4592,358.3276,350.3149,0.3381,0.2312,-4.6988,-0.4789,-0.1682,0.0292,0.9853
114.3980,127.54,45.2224,-1.1115,-0.4687,358.3307,350.3164,0.3493,0.2303,-4.8623,-0.4771,-0.1681,0.0291,0.9853
114.4180,127.54,45.2270,-1.2120,-0.4782,358.3335,350.3178,0.3604,0.2294,-5.0253,-0.4753,-0.1681,0.0291,0.9853
114.4380,127.54,45.2316,-1.3158,-0.4877,358.3363,350.3192,0.3714,0.2285,-5.1876,-0.4735,-0.1681,0.0290,0.9853
114.4580,127.54,45.2362,-1.4228,-0.4971,358.3389,350.3206,0.3822,0.2276,-5.3493,-0.4717,-0.1681,0.0290,0.9853
114.4780,127.54,45.2407,-1.5330,-0.5065,358.3414,350.3220,0.3929,0.2268,-5.5105,-0.4699,-0.1680,0.0289,0.9854
114.4980,127.54,45.2452,-1.6464,-0.5159,358.3437,350.3234,0.4035,0.2259,-5.6710,-0.4682,-0.1680,0.0289,0.9854
114.5180,127.54,45.2497,-1.7630,-0.5252,358.3459,350.3248,0.4140,0.2250,-5.8309,-0.4664,-0.1680,0.0289,0.9854
114.5380,127.54,45.2542,-1.8828,-0.5345,358.3480,350.3262,0.4243,0.2242,-5.9903,-0.4647,-0.1680,0.0288,0.9854
114.5580,127.54,45.2487,-1.9135,-0.5659,359.2686,350.3355,0.0966,-0.0722,-1.6922,-1.4760,-0.1679,0.0128,0.9857
114.5780,127.54,45.2483,-1.9452,-0.5965,0.1617,350.3291,359.9389,-0.0144,-1.5854,-1.5172,-0.1680,-0.0028,0.9858
114.5980,127.54,45.2508,-1.9222,-0.6064,0.4380,350.3364,359.9584,0.1270,0.9167,-0.5281,-0.1679,-0.0076,0.9858
114.6180,127.54,45.2534,-1.9049,-0.6156,0.7385,350.3336,359.9902,0.1111,0.8430,-0.4883,-0.1679,-0.0129,0.9857
114.6380,127.54,45.2553,-1.8897,-0.6248,1.0190,350.3330,-0.0018,0.0907,0.7524,-0.4603,-0.1679,-0.0178,0.9856
114.6580,127.54,45.2567,-1.8760,-0.6331,1.2749,350.3332,-0.0004,0.0722,0.6822,-0.4159,-0.1679,-0.0222,0.9856
114.6780,127.54,45.2579,-1.8637,-0.6405,1.5048,350.3342,-0.0005,0.0608,0.6136,-0.3708,-0.1678,-0.0263,0.9855
114.6980,127.54,45.2590,-1.8528,-0.6470,1.7086,350.3349,-0.0009,0.0534,0.5452,-0.3265,-0.1678,-0.0298,0.9854
114.7180,127.54,45.2599,-1.8433,-0.6526,1.8864,350.3352,-0.0011,0.0474,0.4765,-0.2832,-0.1678,-0.0329,0.9853
114.7380,127.54,45.2607,-1.8351,-0.6574,2.0383,350.3352,-0.0011,0.0411,0.4075,-0.2407,-0.1678,-0.0356,0.9852
114.7580,127.54,45.2614,-1.8283,-0.6614,2.1644,350.3351,-0.0011,0.0343,0.3386,-0.1989,-0.1678,-0.0378,0.9851
114.7780,127.54,45.2619,-1.8229,-0.6645,2.2647,350.3351,-0.0010,0.0273,0.2698,-0.1578,-0.1678,-0.0395,0.9850
114.7980,127.54,45.2624,-1.8189,-0.6669,2.3395,350.3351,-0.0010,0.0202,0.2012,-0.1172,-0.1677,-0.0408,0.9850
114.8180,127.54,45.2626,-1.8162,-0.6684,2.3888,350.3351,-0.0010,0.0132,0.1327,-0.0771,-0.1677,-0.0417,0.9849
114.8380,127.54,45.2627,-1.8149,-0.6692,2.4128,350.3351,-0.0010,0.0064,0.0644,-0.0375,-0.1677,-0.0421,0.9849
114.8580,127.54,45.2627,-1.8150,-0.6691,2.4116,350.3351,-0.0009,-0.0002,-0.0034,0.0019,-0.1677,-0.0421,0.9849
114.8780,127.54,45.2626,-1.8164,-0.6683,2.3854,350.3346,-0.0010,-0.0058,-0.0708,0.0412,-0.1677,-0.0416,0.9850
114.8980,127.54,45.2623,-1.8192,-0.6667,2.3343,350.3346,-0.0008,-0.0134,-0.1383,0.0797,-0.1678,-0.0407,0.9850
114.9180,127.54,45.2619,-1.8233,-0.6643,2.2584,350.3349,-0.0009,-0.0207,-0.2045,0.1186,-0.1678,-0.0394,0.9850
114.9380,127.54,45.2614,-1.8287,-0.6612,2.1580,350.3350,-0.0009,-0.0272,-0.2705,0.1575,-0.1678,-0.0377,0.9851
114.9580,127.54,45.2607,-1.8354,-0.6573,2.0333,350.3351,-0.0009,-0.0334,-0.3359,0.1964,-0.1678,-0.0355,0.9852
114.9780,127.54,45.2599,-1.8434,-0.6525,1.8844,350.3351,-0.0010,-0.0399,-0.4004,0.2354,-0.1678,-0.0329,0.9853
114.9980,127.54,45.2590,-1.8527,-0.6470,1.7113,350.3350,-0.0010,-0.0466,-0.4642,0.2746,-0.1678,-0.0299,0.9854
115.0180,127.54,45.2579,-1.8632,-0.6408,1.5145,350.3350,-0.0010,-0.0533,-0.5272,0.3141,-0.1678,-0.0264,0.9855
115.0380,127.54,45.2567,-1.8750,-0.6337,1.2940,350.3350,-0.0010,-0.0601,-0.5892,0.3538,-0.1678,-0.0226,0.9856
115.0580,127.54,45.2554,-1.8880,-0.6258,1.0500,350.3349,-0.0010,-0.0669,-0.6503,0.3940,-0.1679,-0.0183,0.9856
115.0780,127.54,45.2539,-1.9022,-0.6171,0.7829,350.3349,-0.0010,-0.0739,-0.7103,0.4346,-0.1679,-0.0137,0.9857
115.0980,127.54,45.2523,-1.9175,-0.6075,0.4926,350.3349,-0.0010,-0.0809,-0.7691,0.4757,-0.1679,-0.0086,0.9858
115.1180,127.54,45.2505,-1.9341,-0.5972,0.1796,350.3348,-0.0011,-0.0880,-0.8270,0.5173,-0.1679,-0.0031,0.9858
115.1380,127.54,45.2497,-1.9399,-0.5909,-0.0015,350.3309,-0.0024,-0.0420,-0.2915,0.3067,-0.1680,0.0000,0.9858
115.1580,127.54,45.2493,-1.9388,-0.5880,359.9128,350.3292,-0.0017,-0.0188,0.0572,0.1424,-0.1680,0.0015,0.9858
115.1780,127.54,45.2490,-1.9372,-0.5865,359.8651,350.3304,-0.0001,-0.0147,0.0826,0.0786,-0.1680,0.0024,0.9858
115.1980,127.54,45.2488,-1.9363,-0.5858,359.8438,350.3317,0.0000,-0.0094,0.0443,0.0354,-0.1679,0.0027,0.9858
115.2180,127.54,45.2488,-1.9364,-0.5859,359.8462,350.3322,-0.0003,-0.0009,-0.0057,-0.0042,-0.1679,0.0027,0.9858
115.2380,127.54,45.2489,-1.9376,-0.5868,359.8716,350.3331,-0.0003,0.0056,-0.0581,-0.0431,-0.1679,0.0022,0.9858
115.2580,127.54,45.2491,-1.9398,-0.5884,359.9201,350.3331,-0.0004,0.0137,-0.1105,-0.0811,-0.1679,0.0014,0.9858
115.2780,127.54,45.2495,-1.9427,-0.5905,359.9823,350.3330,-0.0002,0.0184,-0.1436,-0.1051,-0.1679,0.0003,0.9858
115.2980,127.54,45.2495,-1.9431,-0.5912,-0.0008,350.3341,-0.0022,-0.0020,-0.0266,-0.0294,-0.1679,0.0000,0.9858
115.3180,127.54,45.2495,-1.9434,-0.5911,0.0006,350.3348,-0.0006,0.0014,-0.0121,0.0007,-0.1679,0.0000,0.9858
115.3380,127.54,45.2495,-1.9434,-0.5911,0.0001,350.3340,-0.0003,0.0024,-0.0023,0.0011,-0.1679,0.0000,0.9858
115.3580,127.54,45.2496,-1.9434,-0.5911,0.0000,350.3335,0.0000,0.0018,-0.0006,-0.0001,-0.1679,0.0000,0.9858
115.3780,127.54,45.2496,-1.9434,-0.5911,0.0000,350.3333,0.0000,0.0005,0.0001,-0.0001,-0.1679,0.0000,0.9858
115.3980,127.42,45.2496,-1.9435,-0.5911,0.0000,350.3334,0.0000,-0.0002,-0.0002,0.0000,-0.1679,0.0000,0.9858
115.4180,127.42,45.2496,-1.9435,-0.5911,0.0000,350.3335,0.0000,-0.0003,0.0000,0.0001,-0.1679,0.0000,0.9858
115.4380,127.42,45.2496,-1.9435,-0.5911,0.0000,350.3336,0.0000,-0.0002,0.0000,0.0000,-0.1679,0.0000,0.9858
115.4580,127.42,45.2496,-1.9435,-0.5911,0.0000,350.3336,0.0000,0.0000,0.0000,0.0000,-0.1679,0.0000,0.9858
115.4780,127.42,45.2496,-1.9434,-0.5911,0.0000,350.3336,0.0000,0.0000,0.0000,0.0000,-0.1679,0.0000,0.9858
115.4980,127.42,45.2496,-1.9434,-0.5911,0.0000,350.3336,0.0000,0.0000,0.0000,0.0000,-0.1679,0.0000,0.9858
115.5180,127.42,45.2496,-1.9434,-0.5911,0.0000,350.3336,0.0000,0.0000,0.0000,0.0000,-0.1679,0.0000,0.9858
115.5380,127.42,45.2496,-1.9434,-0.5911,0.0000,350.3336,0.0000,0.0000,0.0000,0.0000,-0.1679,0.0000,0.9858
115.5580,127.42,45.2496,-1.9434,-0.5911,0.0000,350.3336,0.0000,0.0000,0.0000,0.0000,-0.1679,0.0000,0.9858
115.5780,127.42,45.2496,-1.9434,-0.5911,0.0000,350.3336,0.0000,0.0000,0.0000,0.0000,-0.1679,0.0000,0.9858
115.5980,127.42,45.2496,-1.9434,-0.5911,0.0000,350.3336,0.0000,0.0000,0.0000,0.0000,-0.1679,0.0000,0.9858
115.6180,127.42,45.2496,-1.9434,-0.5911,0.0000,350.3336,0.0000,0.0000,0.0000,0.0000,-0.1679,0.0000,0.9858
115.6380,127.42,45.2496,-1.9435,-0.5911,0.0000,350.3335,0.0000,0.0000,-0.0002,0.0000,-0.1679,0.0000,0.9858
115.6580,127.42,45.2496,-1.9435,-0.5911,0.0000,350.3335,0.0000,0.0000,0.0000,0.0000,-0.1679,0.0000,0.9858
115.6780,127.42,45.2496,-1.9435,-0.5911,0.0000,350.3336,0.0000,0.0000,0.0000,0.0000,-0.1679,0.0000,0.9858
115.6980,127.42,45.2496,-1.9435,-0.5911,0.0000,350.3336,0.0000,0.0000,0.0000,0.0000,-0.1679,0.0000,0.9858
115.7180,127.42,45.2496,-1.9435,-0.5911,0.0000,350.3336,0.0000,0.0000,0.0000,0.0000,-0.1679,0.0000,0.9858
115.7380,127.42,45.2496,-1.9435,-0.5911,0.0000,350.3336,0.0000,0.0000,0.0000,0.0000,-0.1679,0.0000,0.9858
115.7580,127.42,45.2496,-1.9435,-0.5911,0.0000,350.3336,0.0000,0.0000,0.0000,0.0000,-0.1679,0.0000,0.9858
115.7780,127.42,45.2496,-1.9435,-0.5911,0.0000,350.3336,0.0000,0.0000,0.0000,0.0000,-0.1679,0.0000,0.9858
115.7980,127.42,45.2496,-1.9435,-0.5911,0.0000,350.3336,0.0000,0.0000,0.0000,0.0000,-0.1679,0.0000,0.9858
115.8180,127.42,45.2496,-1.9435,-0.5911,0.0000,350.3336,0.0000,0.0000,0.0000,0.0000,-0.1679,0.0000,0.9858
115.8380,127.42,45.2496,-1.9435,-0.5911,0.0000,350.3336,0.0000,0.0000,0.0000,0.0000,-0.1679,0.0000,0.9858
115.8580,127.42,45.2496,-1.9435,-0.5911,0.0000,350.3336,0.0000,0.0000,0.0000,0.0000,-0.1679,0.0000,0.9858
115.8780,127.42,45.2496,-1.9435,-0.5911,0.0000,350.3336,0.0000,0.0000,0.0000,0.0000,-0.1679,0.0000,0.9858
115.8980,127.42,45.2496,-1.9435,-0.5911,0.0000,350.3336,0.0000,0.0000,0.0000,0.0000,-0.1679,0.0000,0.9858
115.9180,127.42,45.2496,-1.9435,-0.5911,0.0000,350.3336,0.0000,0.0000,0.0000,0.0000,-0.1679,0.0000,0.9858
115.9380,127.42,45.2496,-1.9435,-0.5911,0.0000,350.3336,0.0000,0.0000,0.0000,0.0000,-0.1679,0.0000,0.9858
115.9580,127.42,45.2496,-1.9435,-0.5911,0.0000,350.3336,0.0000,0.0000,0.0000,0.0000,-0.1679,0.0000,0.9858
115.9780,127.42,45.2496,-1.9435,-0.5911,0.0000,350.3336,0.0000,0.0000,0.0000,0.0000,-0.1679,0.0000,0.9858
115.9980,127.42,45.2496,-1.9435,-0.5911,0.0000,350.3336,0.0000,0.0000,0.0000,0.0000,-0.1679,0.0000,0.9858
116.0180,127.42,45.2496,-1.9435,-0.5911,0.0000,350.3336,0.0000,0.0000,0.0000,0.0000,-0.1679,0.0000,0.9858
116.0380,127.42,45.2496,-1.9435,-0.5911,0.0000,350.3336,0.0000,0.0000,0.0000,0.0000,-0.1679,0.0000,0.9858
116.0580,127.42,45.2496,-1.9435,-0.5911,0.0000,350.3336,0.0000,0.0000,0.0000,0.0000,-0.1679,0.0000,0.9858
116.0780,127.42,45.2496,-1.9435,-0.5911,0.0000,350.3336,0.0000,0.0000,0.0000,0.0000,-0.1679,0.0000,0.9858
116.0980,127.42,45.2496,-1.9435,-0.5911,0.0000,350.3336,0.0000,0.0000,0.0000,0.0000,-0.1679,0.0000,0.9858
116.1180,127.42,45.2496,-1.9435,-0.5911,0.0000,350.3336,0.0000,0.0000,0.0000,0.0000,-0.1679,0.0000,0.9858
116.1380,127.42,45.2496,-1.9435,-0.5911,0.0000,350.3336,0.0000,0.0000,0.0000,0.0000,-0.1679,0.0000,0.9858
116.1580,127.42,45.2496,-1.9435,-0.5911,0.0000,350.3336,0.0000,0.0000,0.0000,0.0000,-0.1679,0.0000,0.9858
116.1780,127.42,45.2496,-1.9435,-0.5911,0.0000,350.3336,0.0000,0.0000,0.0000,0.0000,-0.1679,0.0000,0.9858
116.1980,127.42,45.2496,-1.9435,-0.5911,0.0000,350.3336,0.0000,0.0000,0.0000,0.0000,-0.1679,0.0000,0.9858
116.2180,127.42,45.2496,-1.9435,-0.5911,0.0000,350.3336,0.0000,0.0000,0.0000,0.0000,-0.1679,0.0000,0.9858
116.2380,127.42,45.2496,-1.9435,-0.5911,0.0000,350.3336,0.0000,0.0000,0.0000,0.0000,-0.1679,0.0000,0.9858
116.2580,127.42,45.2496,-1.9435,-0.5911,0.0000,350.3336,0.0000,0.0000,0.0000,0.0000,-0.1679,0.0000,0.9858
116.2780,127.42,45.2496,-1.9435,-0.5911,0.0000,350.3336,0.0000,0.0000,0.0000,0.0000,-0.1679,0.0000,0.9858
116.2980,127.42,45.2496,-1.9435,-0.5911,0.0000,350.3336,0.0000,0.0000,0.0000,0.0000,-0.1679,0.0000,0.9858
116.3180,127.42,45.2496,-1.9435,-0.5911,0.0000,350.3336,0.0000,0.0000,0.0000,0.0000,-0.1679,0.0000,0.9858
116.3380,127.42,45.2496,-1.9435,-0.5911,0.0000,350.3336,0.0000,0.0000,0.0000,0.0000,-0.1679,0.0000,0.9858
116.3580,127.42,45.2496,-1.9435,-0.5911,0.0000,350.3336,0.0000,0.0000,0.0000,0.0000,-0.1679,0.0000,0.9858
116.3780,127.42,45.2496,-1.9435,-0.5911,0.0000,350.3336,0.0000,0.0000,0.0000,0.0000,-0.1679,0.0000,0.9858
116.3980,121.75,45.2496,-1.9435,-0.5911,0.0000,350.3336,0.0000,0.0000,0.0000,0.0000,-0.1679,0.0000,0.9858
116.4180,121.75,45.2496,-1.9435,-0.5911,0.0000,350.3336,0.0000,0.0000,0.0000,0.0000,-0.1679,0.0000,0.9858
116.4380,121.75,45.2496,-1.9435,-0.5911,0.0000,350.3336,0.0000,0.0000,0.0000,0.0000,-0.1679,0.0000,0.9858
116.4580,121.75,45.2496,-1.9435,-0.5911,0.0000,350.3336,0.0000,0.0000,0.0000,0.0000,-0.1679,0.0000,0.9858
116.4780,121.75,45.2496,-1.9435,-0.5911,0.0000,350.3336,0.0000,0.0000,0.0000,0.0000,-0.1679,0.0000,0.9858
116.4980,121.75,45.2496,-1.9435,-0.5911,0.0000,350.3336,0.0000,0.0000,0.0000,0.0000,-0.1679,0.0000,0.9858
116.5180,121.75,45.2496,-1.9435,-0.5911,0.0000,350.3336,0.0000,0.0000,0.0000,0.0000,-0.1679,0.0000,0.9858
116.5380,121.75,45.2496,-1.9435,-0.5911,0.0000,350.3336,0.0000,0.0000,0.0000,0.0000,-0.1679,0.0000,0.9858
116.5580,121.75,45.2496,-1.9435,-0.5911,0.0000,350.3336,0.0000,0.0000,0.0000,0.0000,-0.1679,0.0000,0.9858
116.5780,121.75,45.2496,-1.9435,-0.5911,0.0000,350.3336,0.0000,0.0000,0.0000,0.0000,-0.1679,0.0000,0.9858
116.5980,121.75,45.2496,-1.9435,-0.5911,0.0000,350.3336,0.0000,0.0000,0.0000,0.0000,-0.1679,0.0000,0.9858
116.6180,121.75,45.2496,-1.9435,-0.5911,0.0000,350.3336,0.0000,0.0000,0.0000,0.0000,-0.1679,0.0000,0.9858
116.6380,121.75,45.2496,-1.9435,-0.5911,0.0000,350.3336,0.0000,0.0000,0.0000,0.0000,-0.1679,0.0000,0.9858
116.6580,121.75,45.2496,-1.9435,-0.5911,0.0000,350.3336,0.0000,0.0000,0.0000,0.0000,-0.1679,0.0000,0.9858
116.6780,121.75,45.2496,-1.9435,-0.5911,0.0000,350.3336,0.0000,0.0000,0.0000,0.0000,-0.1679,0.0000,0.9858
116.6980,121.75,45.2496,-1.9435,-0.5911,0.0000,350.3336,0.0000,0.0000,0.0000,0.0000,-0.1679,0.0000,0.9858
116.7180,121.75,45.2496,-1.9435,-0.5911,0.0000,350.3336,0.0000,0.0000,0.0000,0.0000,-0.1679,0.0000,0.9858
116.7380,121.75,45.2496,-1.9435,-0.5911,0.0000,350.3336,0.0000,0.0000,0.0000,0.0000,-0.1679,0.0000,0.9858
116.7580,121.75,45.2496,-1.9435,-0.5911,0.0000,350.3336,0.0000,0.0000,0.0000,0.0000,-0.1679,0.0000,0.9858
116.7780,121.75,45.2496,-1.9435,-0.5911,0.0000,350.3336,0.0000,0.0000,0.0000,0.0000,-0.1679,0.0000,0.9858
116.7980,121.75,45.2496,-1.9435,-0.5911,0.0000,350.3336,0.0000,0.0000,0.0000,0.0000,-0.1679,0.0000,0.9858
116.8180,121.75,45.2496,-1.9435,-0.5911,0.0000,350.3336,0.0000,0.0000,0.0000,0.0000,-0.1679,0.0000,0.9858
116.8380,121.75,45.2496,-1.9435,-0.5911,0.0000,350.3336,0.0000,0.0000,0.0000,0.0000,-0.1679,0.0000,0.9858
116.8580,121.75,45.2496,-1.9435,-0.5911,0.0000,350.3336,0.0000,0.0000,0.0000,0.0000,-0.1679,0.0000,0.9858
116.8780,121.75,45.2496,-1.9435,-0.5911,0.0000,350.3336,0.0000,0.0000,0.0000,0.0000,-0.1679,0.0000,0.9858
116.8980,121.75,45.2496,-1.9435,-0.5911,0.0000,350.3336,0.0000,0.0000,0.0000,0.0000,-0.1679,0.0000,0.9858
116.9180,121.75,45.2496,-1.9435,-0.5911,0.0000,350.3336,0.0000,0.0000,0.0000,0.0000,-0.1679,0.0000,0.9858
116.9380,121.75,45.2496,-1.9435,-0.5911,0.0000,350.3336,0.0000,0.0000,0.0000,0.0000,-0.1679,0.0000,0.9858
116.9580,121.75,45.2496,-1.9435,-0.5911,0.0000,350.3336,0.0000,0.0000,0.0000,0.0000,-0.1679,0.0000,0.9858
116.9780,121.75,45.2496,-1.9435,-0.5911,0.0000,350.3336,0.0000,0.0000,0.0000,0.0000,-0.1679,0.0000,0.9858
116.9980,121.75,45.2496,-1.9435,-0.5911,0.0000,350.3336,0.0000,0.0000,0.0000,0.0000,-0.1679,0.0000,0.9858
117.0180,121.75,45.2496,-1.9435,-0.5911,0.0000,350.3336,0.0000,0.0000,0.0000,0.0000,-0.1679,0.0000,0.9858
117.0380,121.75,45.2496,-1.9435,-0.5911,0.0000,350.3336,0.0000,0.0000,0.0000,0.0000,-0.1679,0.0000,0.9858
117.0580,121.75,45.2496,-1.9435,-0.5911,0.0000,350.3336,0.0000,0.0000,0.0000,0.0000,-0.1679,0.0000,0.9858
117.0780,121.75,45.2496,-1.9435,-0.5911,0.0000,350.3336,0.0000,0.0000,0.0000,0.0000,-0.1679,0.0000,0.9858
117.0980,121.75,45.2496,-1.9435,-0.5911,0.0000,350.3336,0.0000,0.0000,0.0000,0.0000,-0.1679,0.0000,0.9858
117.1180,121.75,45.2496,-1.9435,-0.5911,0.0000,350.3336,0.0000,0.0000,0.0000,0.0000,-0.1679,0.0000,0.9858
117.1380,121.75,45.2496,-1.9435,-0.5911,0.0000,350.3336,0.0000,0.0000,0.0000,0.0000,-0.1679,0.0000,0.9858
117.1580,121.75,45.2496,-1.9435,-0.5911,0.0000,350.3336,0.0000,0.0000,0.0000,0.0000,-0.1679,0.0000,0.9858
117.1780,121.75,45.2496,-1.9435,-0.5911,0.0000,350.3336,0.0000,0.0000,0.0000,0.0000,-0.1679,0.0000,0.9858
117.1980,121.75,45.2496,-1.9434,-0.5911,0.0000,350.3336,0.0000,0.0000,0.0000,0.0000,-0.1679,0.0000,0.9858
117.2180,121.75,45.2496,-1.9434,-0.5911,0.0000,350.3336,0.0000,0.0000,0.0000,0.0000,-0.1679,0.0000,0.9858
117.2380,121.75,45.2496,-1.9434,-0.5911,0.0000,350.3336,0.0000,0.0000,0.0000,0.0000,-0.1679,0.0000,0.9858
117.2580,121.75,45.2496,-1.9434,-0.5911,0.0000,350.3336,0.0000,0.0000,0.0000,0.0000,-0.1679,0.0000,0.9858
117.2780,121.75,45.2496,-1.9434,-0.5911,0.0000,350.3336,0.0000,0.0000,0.0000,0.0000,-0.1679,0.0000,0.9858
117.2980,121.75,45.2496,-1.9434,-0.5911,0.0000,350.3336,0.0000,0.0000,0.0000,0.0000,-0.1679,0.0000,0.9858
117.3180,121.75,45.2496,-1.9434,-0.5911,0.0000,350.3336,0.0000,0.0000,0.0000,0.0000,-0.1679,0.0000,0.9858
117.3380,121.75,45.2496,-1.9434,-0.5911,0.0000,350.3336,0.0000,0.0000,0.0000,0.0000,-0.1679,0.0000,0.9858
117.3580,121.75,45.2496,-1.9434,-0.5911,0.0000,350.3336,0.0000,0.0000,0.0000,0.0000,-0.1679,0.0000,0.9858
117.3780,121.75,45.2496,-1.9434,-0.5911,0.0000,350.3336,0.0000,0.0000,0.0000,0.0000,-0.1679,0.0000,0.9858
117.3980,129.51,45.2496,-1.9434,-0.5911,0.0000,350.3336,0.0000,0.0000,0.0000,0.0000,-0.1679,0.0000,0.9858
117.4180,129.51,45.2496,-1.9434,-0.5911,0.0000,350.3336,0.0000,0.0000,0.0000,0.0000,-0.1679,0.0000,0.9858
117.4380,129.51,45.2496,-1.9434,-0.5911,0.0000,350.3336,0.0000,0.0000,0.0000,0.0000,-0.1679,0.0000,0.9858
117.4580,129.51,45.2496,-1.9434,-0.5911,0.0000,350.3336,0.0000,0.0000,0.0000,0.0000,-0.1679,0.0000,0.9858
117.4780,129.51,45.2496,-1.9434,-0.5911,0.0000,350.3336,0.0000,0.0000,0.0000,0.0000,-0.1679,0.0000,0.9858
117.4980,129.51,45.2496,-1.9434,-0.5911,0.0000,350.3336,0.0000,0.0000,0.0000,0.0000,-0.1679,0.0000,0.9858
117.5180,129.51,45.2496,-1.9434,-0.5911,0.0000,350.3336,0.0000,0.0000,0.0000,0.0000,-0.1679,0.0000,0.9858
117.5380,129.51,45.2496,-1.9434,-0.5911,0.0000,350.3336,0.0000,0.0000,0.0000,0.0000,-0.1679,0.0000,0.9858
117.5580,129.51,45.2496,-1.9434,-0.5911,0.0000,350.3336,0.0000,0.0000,0.0000,0.0000,-0.1679,0.0000,0.9858
117.5780,129.51,45.2496,-1.9434,-0.5911,0.0000,350.3336,0.0000,0.0000,0.0000,0.0000,-0.1679,0.0000,0.9858
117.5980,129.51,45.2496,-1.9434,-0.5911,0.0000,350.3336,0.0000,0.0000,0.0000,0.0000,-0.1679,0.0000,0.9858
117.6180,129.51,45.2496,-1.9434,-0.5911,0.0000,350.3336,0.0000,0.0000,0.0000,0.0000,-0.1679,0.0000,0.9858
117.6380,129.51,45.2496,-1.9434,-0.5911,0.0000,350.3336,0.0000,0.0000,0.0000,0.0000,-0.1679,0.0000,0.9858
117.6580,129.51,45.2496,-1.9434,-0.5911,0.0000,350.3336,0.0000,0.0000,0.0000,0.0000,-0.1679,0.0000,0.9858
117.6780,129.51,45.2496,-1.9434,-0.5911,0.0000,350.3336,0.0000,0.0000,0.0000,0.0000,-0.1679,0.0000,0.9858
117.6980,129.51,45.2496,-1.9434,-0.5911,0.0000,350.3336,0.0000,0.0000,0.0000,0.0000,-0.1679,0.0000,0.9858
117.7180,129.51,45.2496,-1.9434,-0.5911,0.0000,350.3336,0.0000,0.0000,0.0000,0.0000,-0.1679,0.0000,0.9858
117.7380,129.51,45.2496,-1.9434,-0.5911,0.0000,350.3336,0.0000,0.0000,0.0000,0.0000,-0.1679,0.0000,0.9858
117.7580,129.51,45.2496,-1.9434,-0.5911,0.0000,350.3336,0.0000,0.0000,0.0000,0.0000,-0.1679,0.0000,0.9858
117.7780,129.51,45.2496,-1.9434,-0.5911,0.0000,350.3336,0.0000,0.0000,0.0000,0.0000,-0.1679,0.0000,0.9858
117.7980,129.51,45.2496,-1.9434,-0.5911,0.0000,350.3336,0.0000,0.0000,0.0000,0.0000,-0.1679,0.0000,0.9858
117.8180,129.51,45.2496,-1.9434,-0.5911,0.0000,350.3336,0.0000,0.0000,0.0000,0.0000,-0.1679,0.0000,0.9858
117.8380,129.51,45.2496,-1.9434,-0.5911,0.0000,350.3336,0.0000,0.0000,0.0000,0.0000,-0.1679,0.0000,0.9858
117.8580,129.51,45.2496,-1.9434,-0.5911,0.0000,350.3336,0.0000,0.0000,0.0000,0.0000,-0.1679,0.0000,0.9858
117.8780,129.51,45.2496,-1.9434,-0.5911,0.0000,350.3336,0.0000,0.0000,0.0000,0.0000,-0.1679,0.0000,0.9858
117.8980,129.51,45.2496,-1.9434,-0.5911,0.0000,350.3336,0.0000,0.0000,0.0000,0.0000,-0.1679,0.0000,0.9858
117.9180,129.51,45.2496,-1.9434,-0.5911,0.0000,350.3336,0.0000,0.0000,0.0000,0.0000,-0.1679,0.0000,0.9858
117.9380,129.51,45.2496,-1.9434,-0.5911,0.0000,350.3336,0.0000,0.0000,0.0000,0.0000,-0.1679,0.0000,0.9858
117.9580,129.51,45.2496,-1.9434,-0.5911,0.0000,350.3336,0.0000,0.0000,0.0000,0.0000,-0.1679,0.0000,0.9858
117.9780,129.51,45.2496,-1.9434,-0.5911,0.0000,350.3336,0.0000,0.0000,0.0000,0.0000,-0.1679,0.0000,0.9858
117.9980,129.51,45.2496,-1.9434,-0.5911,0.0000,350.3336,0.0000,0.0000,0.0000,0.0000,-0.1679,0.0000,0.9858
118.0180,129.51,45.2496,-1.9434,-0.5911,0.0000,350.3336,0.0000,0.0000,0.0000,0.0000,-0.1679,0.0000,0.9858
118.0380,129.51,45.2496,-1.9434,-0.5911,0.0000,350.3336,0.0000,0.0000,0.0000,0.0000,-0.1679,0.0000,0.9858
118.0580,129.51,45.2496,-1.9434,-0.5911,0.0000,350.3336,0.0000,0.0000,0.0000,0.0000,-0.1679,0.0000,0.9858
118.0780,129.51,45.2496,-1.9434,-0.5911,0.0000,350.3336,0.0000,0.0000,0.0000,0.0000,-0.1679,0.0000,0.9858
118.0980,129.51,45.2496,-1.9434,-0.5911,0.0000,350.3336,0.0000,0.0000,0.0000,0.0000,-0.1679,0.0000,0.9858
118.1180,129.51,45.2496,-1.9434,-0.5911,0.0000,350.3336,0.0000,0.0000,0.0000,0.0000,-0.1679,0.0000,0.9858
118.1380,129.51,45.2496,-1.9434,-0.5911,0.0000,350.3336,0.0000,0.0000,0.0000,0.0000,-0.1679,0.0000,0.9858
118.1580,129.51,45.2496,-1.9434,-0.5911,0.0000,350.3336,0.0000,0.0000,0.0000,0.0000,-0.1679,0.0000,0.9858
118.1780,129.51,45.2496,-1.9434,-0.5911,0.0000,350.3336,0.0000,0.0000,0.0000,0.0000,-0.1679,0.0000,0.9858
118.1980,129.51,45.2496,-1.9434,-0.5911,0.0000,350.3336,0.0000,0.0000,0.0000,0.0000,-0.1679,0.0000,0.9858
118.2180,129.51,45.2496,-1.9434,-0.5911,0.0000,350.3336,0.0000,0.0000,0.0000,0.0000,-0.1679,0.0000,0.9858
118.2380,129.51,45.2496,-1.9434,-0.5911,0.0000,350.3336,0.0000,0.0000,0.0000,0.0000,-0.1679,0.0000,0.9858
118.2580,129.51,45.2496,-1.9434,-0.5911,0.0000,350.3336,0.0000,0.0000,0.0000,0.0000,-0.1679,0.0000,0.9858
118.2780,129.51,45.2496,-1.9434,-0.5911,0.0000,350.3336,0.0000,0.0000,0.0000,0.0000,-0.1679,0.0000,0.9858
118.2980,129.51,45.2496,-1.9434,-0.5911,0.0000,350.3336,0.0000,0.0000,0.0000,0.0000,-0.1679,0.0000,0.9858
118.3180,129.51,45.2496,-1.9434,-0.5911,0.0000,350.3336,0.0000,0.0000,0.0000,0.0000,-0.1679,0.0000,0.9858
118.3380,129.51,45.2496,-1.9434,-0.5911,0.0000,350.3336,0.0000,0.0000,0.0000,0.0000,-0.1679,0.0000,0.9858
118.3580,129.51,45.2496,-1.9434,-0.5911,0.0000,350.3336,0.0000,0.0000,0.0000,0.0000,-0.1679,0.0000,0.9858
118.3780,129.51,45.2496,-1.9434,-0.5911,0.0000,350.3336,0.0000,0.0000,0.0000,0.0000,-0.1679,0.0000,0.9858
118.3980,129.51,45.2496,-1.9434,-0.5911,0.0000,350.3336,0.0000,0.0000,0.0000,0.0000,-0.1679,0.0000,0.9858
118.4180,129.51,45.2495,-1.9430,-0.5908,359.9905,350.3336,0.0000,-0.0031,0.0219,0.0158,-0.1679,0.0002,0.9858
118.4380,129.51,45.2494,-1.9411,-0.5904,359.9766,350.3342,-0.0003,-0.0033,0.0965,0.0165,-0.1679,0.0004,0.9858
118.4580,119.46,45.2494,-1.9387,-0.5901,359.9605,350.3349,-0.0007,-0.0034,0.1197,0.0168,-0.1679,0.0007,0.9858
118.4780,119.46,45.2493,-1.9349,-0.5898,359.9416,350.3359,-0.0014,-0.0035,0.1898,0.0172,-0.1679,0.0010,0.9858
118.4980,119.46,45.2492,-1.9306,-0.5894,359.9208,350.3370,-0.0023,-0.0035,0.2144,0.0173,-0.1679,0.0014,0.9858
118.5180,119.46,45.2492,-1.9250,-0.5891,359.8974,350.3384,-0.0033,-0.0036,0.2803,0.0174,-0.1678,0.0018,0.9858
118.5380,119.46,45.2491,-1.9189,-0.5887,359.8723,350.3400,-0.0045,-0.0036,0.3059,0.0174,-0.1678,0.0022,0.9858
118.5580,119.46,45.2490,-1.9115,-0.5884,359.8449,350.3418,359.9941,-0.0036,0.3680,0.0172,-0.1678,0.0027,0.9858
118.5780,119.46,45.2490,-1.9036,-0.5880,359.8159,350.3438,359.9925,-0.0035,0.3943,0.0169,-0.1677,0.0032,0.9858
118.5980,119.46,45.2489,-1.8946,-0.5877,359.7848,350.3459,359.9908,-0.0035,0.4529,0.0165,-0.1677,0.0038,0.9858
118.6180,119.46,45.2488,-1.8850,-0.5874,359.7523,350.3482,359.9890,-0.0034,0.4798,0.0160,-0.1677,0.0043,0.9858
118.6380,119.46,45.2487,-1.8743,-0.5871,359.7180,350.3507,359.9870,-0.0032,0.5351,0.0153,-0.1676,0.0049,0.9858
118.6580,119.46,45.2487,-1.8630,-0.5868,359.6825,350.3533,359.9849,-0.0031,0.5624,0.0145,-0.1676,0.0055,0.9858
118.6780,119.46,45.2486,-1.8507,-0.5865,359.6454,350.3561,359.9827,-0.0029,0.6147,0.0135,-0.1675,0.0062,0.9858
118.6980,119.46,45.2486,-1.8379,-0.5863,359.6071,350.3589,359.9803,-0.0026,0.6421,0.0124,-0.1675,0.0069,0.9859
118.7180,119.46,45.2485,-1.8241,-0.5861,359.5675,350.3619,359.9779,-0.0023,0.6917,0.0111,-0.1674,0.0075,0.9859
118.7380,119.46,45.2485,-1.8097,-0.5859,359.5269,350.3650,359.9753,-0.0020,0.7191,0.0096,-0.1674,0.0083,0.9859
118.7580,119.46,45.2485,-1.7944,-0.5857,359.4852,350.3682,359.9727,-0.0017,0.7661,0.0080,-0.1673,0.0090,0.9859
118.7780,119.46,45.2484,-1.7785,-0.5856,359.4426,350.3716,359.9699,-0.0013,0.7934,0.0063,-0.1673,0.0097,0.9859
118.7980,119.46,45.2484,-1.7617,-0.5855,359.3990,350.3749,359.9671,-0.0009,0.8379,0.0043,-0.1672,0.0105,0.9859
118.8180,119.46,45.2484,-1.7444,-0.5854,359.3549,350.3784,359.9641,-0.0004,0.8651,0.0022,-0.1671,0.0113,0.9859
118.8380,119.46,45.2484,-1.7263,-0.5854,359.3098,350.3820,359.9612,0.0001,0.9073,-0.0001,-0.1671,0.0120,0.9859
118.8580,119.46,45.2484,-1.7076,-0.5855,359.2643,350.3856,359.9581,0.0007,0.9341,-0.0025,-0.1670,0.0128,0.9859
118.8780,119.46,45.2484,-1.6881,-0.5856,359.2181,350.3893,359.9550,0.0013,0.9743,-0.0052,-0.1669,0.0136,0.9859
118.8980,119.46,45.2485,-1.6681,-0.5858,359.1716,350.3930,359.9518,0.0019,1.0007,-0.0079,-0.1669,0.0145,0.9859
118.9180,119.46,45.2485,-1.6473,-0.5860,359.1245,350.3968,359.9486,0.0026,1.0388,-0.0109,-0.1668,0.0153,0.9859
118.9380,119.46,45.2486,-1.6260,-0.5863,359.0772,350.4007,359.9453,0.0033,1.0648,-0.0139,-0.1667,0.0161,0.9859
118.9580,119.46,45.2487,-1.6040,-0.5866,359.0296,350.4045,359.9420,0.0040,1.1010,-0.0173,-0.1667,0.0169,0.9859
118.9780,119.46,45.2488,-1.5815,-0.5870,358.9818,350.4084,359.9387,0.0048,1.1265,-0.0207,-0.1666,0.0178,0.9859
118.9980,119.46,45.2489,-1.5583,-0.5875,358.9338,350.4124,359.9353,0.0057,1.1610,-0.0244,-0.1665,0.0186,0.9859
119.0180,119.46,45.2490,-1.5345,-0.5881,358.8859,350.4163,359.9319,0.0065,1.1859,-0.0281,-0.1665,0.0194,0.9859
119.0380,119.46,45.2492,-1.5102,-0.5887,358.8378,350.4203,359.9285,0.0074,1.2187,-0.0321,-0.1664,0.0203,0.9859
119.0580,119.46,45.2493,-1.4853,-0.5894,358.7899,350.4242,359.9250,0.0084,1.2430,-0.0362,-0.1663,0.0211,0.9858
119.0780,119.46,45.2495,-1.4598,-0.5902,358.7420,350.4282,359.9216,0.0094,1.2742,-0.0405,-0.1662,0.0220,0.9858
119.0980,119.46,45.2497,-1.4339,-0.5911,358.6943,350.4321,359.9182,0.0104,1.2978,-0.0449,-0.1662,0.0228,0.9858
119.1180,119.46,45.2500,-1.4073,-0.5921,358.6468,350.4361,359.9147,0.0115,1.3275,-0.0495,-0.1661,0.0236,0.9858
119.1380,119.46,45.2502,-1.3803,-0.5932,358.5996,350.4400,359.9113,0.0126,1.3505,-0.0542,-0.1660,0.0244,0.9858
119.1580,119.46,45.2505,-1.3527,-0.5944,358.5526,350.4439,359.9078,0.0138,1.3788,-0.0592,-0.1660,0.0253,0.9858
119.1780,119.46,45.2508,-1.3247,-0.5957,358.5061,350.4478,359.9044,0.0149,1.4011,-0.0642,-0.1659,0.0261,0.9858
119.1980,119.46,45.2511,-1.2961,-0.5971,358.4600,350.4517,359.9010,0.0162,1.4280,-0.0694,-0.1658,0.0269,0.9858
119.2180,119.46,45.2515,-1.2671,-0.5986,358.4143,350.4556,359.8976,0.0174,1.4496,-0.0747,-0.1657,0.0277,0.9858
119.2380,119.46,45.2518,-1.2376,-0.6002,358.3692,350.4594,359.8943,0.0187,1.4752,-0.0803,-0.1657,0.0285,0.9858
119.2580,119.46,45.2522,-1.2077,-0.6019,358.3246,350.4631,359.8910,0.0200,1.4961,-0.0858,-0.1656,0.0292,0.9858
119.2780,119.46,45.2527,-1.1773,-0.6037,358.2805,350.4669,359.8876,0.0214,1.5204,-0.0916,-0.1655,0.0300,0.9857
119.2980,119.46,45.2531,-1.1465,-0.6057,358.2372,350.4706,359.8844,0.0228,1.5406,-0.0975,-0.1655,0.0308,0.9857
119.3180,119.46,45.2536,-1.1152,-0.6077,358.1944,350.4742,359.8811,0.0242,1.5637,-0.1035,-0.1654,0.0315,0.9857
119.3380,119.46,45.2541,-1.0836,-0.6099,358.1524,350.4778,359.8780,0.0256,1.5832,-0.1096,-0.1653,0.0322,0.9857
119.3580,119.46,45.2547,-1.0515,-0.6122,358.1111,350.4813,359.8748,0.0271,1.6052,-0.1159,-0.1653,0.0330,0.9857
119.3780,119.46,45.2552,-1.0190,-0.6147,358.0706,350.4847,359.8717,0.0286,1.6239,-0.1222,-0.1652,0.0337,0.9857
119.3980,119.46,45.2558,-0.9861,-0.6173,358.0308,350.4881,359.8687,0.0302,1.6448,-0.1287,-0.1652,0.0344,0.9857
119.4180,119.46,45.2565,-0.9528,-0.6200,357.9919,350.4914,359.8657,0.0317,1.6628,-0.1353,-0.1651,0.0350,0.9857
119.4380,119.46,45.2571,-0.9192,-0.6228,357.9539,350.4947,359.8627,0.0333,1.6827,-0.1420,-0.1650,0.0357,0.9856
119.4580,125.74,45.2578,-0.8852,-0.6258,357.9167,350.4979,359.8599,0.0349,1.6999,-0.1488,-0.1650,0.0364,0.9856
119.4780,125.74,45.2586,-0.8508,-0.6289,357.8805,350.5010,359.8570,0.0366,1.7188,-0.1557,-0.1649,0.0370,0.9856
119.4980,125.74,45.2593,-0.8161,-0.6322,357.8452,350.5040,359.8543,0.0382,1.7353,-0.1626,-0.1649,0.0376,0.9856
119.5180,125.74,45.2601,-0.7810,-0.6355,357.8109,350.5070,359.8516,0.0399,1.7532,-0.1697,-0.1648,0.0382,0.9856
119.5380,125.74,45.2609,-0.7457,-0.6391,357.7775,350.5098,359.8490,0.0416,1.7690,-0.1768,-0.1648,0.0388,0.9856
119.5580,125.74,45.2618,-0.7099,-0.6428,357.7451,350.5126,359.8464,0.0433,1.7860,-0.1841,-0.1647,0.0393,0.9856
119.5780,125.74,45.2627,-0.6739,-0.6466,357.7138,350.5153,359.8440,0.0451,1.8011,-0.1914,-0.1647,0.0399,0.9855
119.5980,125.74,45.2637,-0.6376,-0.6506,357.6835,350.5179,359.8416,0.0468,1.8171,-0.1988,-0.1646,0.0404,0.9855
119.6180,125.74,45.2646,-0.6009,-0.6547,357.6543,350.5204,359.8392,0.0486,1.8315,-0.2062,-0.1646,0.0409,0.9855
119.6380,125.74,45.2656,-0.5640,-0.6590,357.6262,350.5228,359.8370,0.0504,1.8467,-0.2137,-0.1645,0.0414,0.9855
119.6580,125.74,45.2667,-0.5268,-0.6634,357.5991,350.5251,359.8348,0.0522,1.8604,-0.2212,-0.1645,0.0419,0.9855
119.6780,125.74,45.2678,-0.4893,-0.6680,357.5732,350.5274,359.8327,0.0540,1.8748,-0.2288,-0.1644,0.0423,0.9855
119.6980,125.74,45.2689,-0.4515,-0.6727,357.5483,350.5295,359.8307,0.0558,1.8878,-0.2365,-0.1644,0.0428,0.9855
119.7180,125.74,45.2700,-0.4135,-0.6776,357.5246,350.5316,359.8288,0.0577,1.9014,-0.2442,-0.1644,0.0432,0.9855
119.7380,125.74,45.2712,-0.3752,-0.6826,357.5020,350.5335,359.8269,0.0595,1.9137,-0.2519,-0.1643,0.0436,0.9854
119.7580,125.74,45.2724,-0.3367,-0.6878,357.4806,350.5353,359.8252,0.0614,1.9265,-0.2597,-0.1643,0.0440,0.9854
119.7780,125.74,45.2737,-0.2980,-0.6932,357.4604,350.5371,359.8235,0.0633,1.9382,-0.2675,-0.1642,0.0443,0.9854
119.7980,125.74,45.2750,-0.2589,-0.6987,357.4413,350.5387,359.8219,0.0651,1.9503,-0.2753,-0.1642,0.0446,0.9854
119.8180,125.74,45.2764,-0.2197,-0.7043,357.4233,350.5403,359.8204,0.0670,1.9613,-0.2831,-0.1642,0.0450,0.9854
119.8380,125.74,45.2777,-0.1803,-0.7101,357.4066,350.5417,359.8190,0.0689,1.9726,-0.2910,-0.1642,0.0452,0.9854
119.8580,125.74,45.2791,-0.1406,-0.7161,357.3910,350.5430,359.8177,0.0708,1.9830,-0.2989,-0.1641,0.0455,0.9854
119.8780,125.74,45.2806,-0.1007,-0.7223,357.3766,350.5442,359.8164,0.0727,1.9937,-0.3068,-0.1641,0.0458,0.9854
119.8980,125.74,45.2821,-0.0607,-0.7286,357.3634,350.5453,359.8153,0.0746,2.0035,-0.3146,-0.1641,0.0460,0.9854
119.9180,125.74,45.2836,-0.0204,-0.7350,357.3513,350.5464,359.8142,0.0765,2.0134,-0.3225,-0.1641,0.0462,0.9854
119.9380,125.74,45.2852,0.0201,-0.7416,357.3405,350.5472,359.8133,0.0784,2.0226,-0.3304,-0.1641,0.0464,0.9854
119.9580,125.74,45.2868,0.0607,-0.7484,357.3309,350.5481,359.8124,0.0802,2.0319,-0.3383,-0.1640,0.0466,0.9854
119.9780,125.74,45.2884,0.1015,-0.7553,357.3224,350.5487,359.8116,0.0821,2.0405,-0.3461,-0.1640,0.0467,0.9853
119.9980,125.74,45.2901,0.1425,-0.7624,357.3151,350.5493,359.8110,0.0840,2.0491,-0.3540,-0.1640,0.0468,0.9853
120.0180,125.74,45.2918,0.1836,-0.7696,357.3090,350.5498,359.8104,0.0859,2.0571,-0.3618,-0.1640,0.0469,0.9853
120.0380,125.74,45.2936,0.2249,-0.7770,357.3040,350.5502,359.8098,0.0878,2.0652,-0.3696,-0.1640,0.0470,0.9853
120.0580,125.74,45.2954,0.2664,-0.7846,357.3003,350.5505,359.8094,0.0896,2.0726,-0.3774,-0.1640,0.0471,0.9853
120.0780,125.74,45.2972,0.3080,-0.7923,357.2977,350.5506,359.8091,0.0915,2.0801,-0.3851,-0.1640,0.0471,0.9853
120.0980,125.74,45.2991,0.3497,-0.8001,357.2962,350.5507,359.8089,0.0934,2.0870,-0.3928,-0.1640,0.0472,0.9853
120.1180,125.74,45.3010,0.3916,-0.8081,357.2959,350.5507,359.8087,0.0952,2.0938,-0.4005,-0.1640,0.0472,0.9853
120.1380,125.74,45.3029,0.4336,-0.8163,357.2968,350.5505,359.8087,0.0970,2.1002,-0.4081,-0.1640,0.0472,0.9853
120.1580,125.74,45.3049,0.4757,-0.8246,357.2988,350.5503,359.8087,0.0989,2.1065,-0.4157,-0.1640,0.0471,0.9853
120.1780,125.74,45.3069,0.5180,-0.8331,357.3019,350.5499,359.8088,0.1007,2.1123,-0.4232,-0.1640,0.0471,0.9853
120.1980,125.74,45.3090,0.5603,-0.8417,357.3062,350.5495,359.8090,0.1025,2.1181,-0.4307,-0.1640,0.0470,0.9853
120.2180,125.74,45.3110,0.6028,-0.8504,357.3115,350.5489,359.8093,0.1043,2.1234,-0.4381,-0.1640,0.0469,0.9853
120.2380,125.74,45.3132,0.6454,-0.8593,357.3180,350.5482,359.8097,0.1060,2.1287,-0.4454,-0.1640,0.0468,0.9853
120.2580,125.74,45.3153,0.6881,-0.8684,357.3255,350.5475,359.8102,0.1078,2.1335,-0.4527,-0.1641,0.0467,0.9853
120.2780,125.74,45.3175,0.7308,-0.8776,357.3341,350.5467,359.8107,0.1095,2.1382,-0.4599,-0.1641,0.0465,0.9854
120.2980,125.74,45.3197,0.7737,-0.8869,357.3438,350.5457,359.8113,0.1112,2.1426,-0.4671,-0.1641,0.0463,0.9854
120.3180,125.74,45.3220,0.8166,-0.8964,357.3545,350.5447,359.8120,0.1129,2.1468,-0.4741,-0.1641,0.0462,0.9854
120.3380,125.74,45.3243,0.8596,-0.9060,357.3663,350.5435,359.8128,0.1146,2.1507,-0.4811,-0.1641,0.0460,0.9854
120.3580,125.74,45.3266,0.9027,-0.9158,357.3791,350.5423,359.8137,0.1163,2.1544,-0.4880,-0.1641,0.0457,0.9854
120.3780,125.74,45.3290,0.9459,-0.9257,357.3929,350.5410,359.8146,0.1180,2.1579,-0.4948,-0.1642,0.0455,0.9854
120.3980,125.74,45.3314,0.9891,-0.9357,357.4077,350.5396,359.8157,0.1196,2.1611,-0.5016,-0.1642,0.0452,0.9854
120.4180,125.74,45.3338,1.0324,-0.9459,357.4236,350.5381,359.8168,0.1212,2.1641,-0.5082,-0.1642,0.0450,0.9854
120.4380,125.74,45.3362,1.0757,-0.9562,357.4403,350.5365,359.8179,0.1228,2.1670,-0.5148,-0.1643,0.0447,0.9854
120.4580,128.82,45.3387,1.1191,-0.9666,357.4580,350.5348,359.8192,0.1243,2.1695,-0.5213,-0.1643,0.0444,0.9854
120.4780,128.82,45.3412,1.1625,-0.9772,357.4767,350.5331,359.8205,0.1259,2.1719,-0.5276,-0.1643,0.0440,0.9854
120.4980,128.82,45.3438,1.2060,-0.9879,357.4962,350.5312,359.8219,0.1274,2.1740,-0.5339,-0.1644,0.0437,0.9854
120.5180,128.82,45.3464,1.2495,-0.9987,357.5167,350.5293,359.8234,0.1289,2.1760,-0.5400,-0.1644,0.0433,0.9854
120.5380,128.82,45.3490,1.2931,-1.0096,357.5381,350.5273,359.8249,0.1303,2.1777,-0.5461,-0.1644,0.0430,0.9855
120.5580,128.82,45.3516,1.3367,-1.0206,357.5603,350.5252,359.8265,0.1318,2.1793,-0.5521,-0.1645,0.0426,0.9855
120.5780,128.82,45.3543,1.3803,-1.0318,357.5834,350.5230,359.8282,0.1332,2.1806,-0.5579,-0.1645,0.0422,0.9855
120.5980,128.82,45.3570,1.4239,-1.0430,357.6074,350.5208,359.8299,0.1346,2.1817,-0.5636,-0.1645,0.0417,0.9855
120.6180,128.82,45.3597,1.4676,-1.0544,357.6321,350.5185,359.8317,0.1359,2.1827,-0.5693,-0.1646,0.0413,0.9855
120.6380,128.82,45.3624,1.5112,-1.0659,357.6576,350.5161,359.8336,0.1373,2.1834,-0.5748,-0.1646,0.0409,0.9855
120.6580,128.82,45.3652,1.5549,-1.0775,357.6840,350.5136,359.8355,0.1386,2.1840,-0.5801,-0.1647,0.0404,0.9855
120.6780,128.82,45.3680,1.5986,-1.0892,357.7110,350.5111,359.8375,0.1399,2.1844,-0.5854,-0.1647,0.0399,0.9855
120.6980,128.82,45.3708,1.6423,-1.1010,357.7389,350.5085,359.8395,0.1411,2.1846,-0.5906,-0.1648,0.0395,0.9855
120.7180,128.82,45.3737,1.6860,-1.1130,357.7674,350.5059,359.8416,0.1423,2.1846,-0.5956,-0.1648,0.0390,0.9856
120.7380,128.82,45.3765,1.7297,-1.1250,357.7967,350.5031,359.8437,0.1435,2.1844,-0.6005,-0.1649,0.0384,0.9856
120.7580,128.82,45.3794,1.7734,-1.1371,357.8266,350.5004,359.8459,0.1447,2.1841,-0.6053,-0.1649,0.0379,0.9856
120.7780,128.82,45.3824,1.8170,-1.1493,357.8572,350.4975,359.8482,0.1458,2.1836,-0.6099,-0.1650,0.0374,0.9856
120.7980,128.82,45.3853,1.8607,-1.1616,357.8885,350.4946,359.8505,0.1469,2.1829,-0.6144,-0.1650,0.0368,0.9856
120.8180,128.82,45.3883,1.9043,-1.1739,357.9203,350.4917,359.8528,0.1480,2.1821,-0.6188,-0.1651,0.0363,0.9856
120.8380,128.82,45.3912,1.9480,-1.1864,357.9528,350.4886,359.8552,0.1490,2.1811,-0.6231,-0.1651,0.0357,0.9856
120.8580,128.82,45.3942,1.9916,-1.1989,357.9859,350.4856,359.8576,0.1500,2.1799,-0.6272,-0.1652,0.0351,0.9856
120.8780,128.82,45.3973,2.0351,-1.2116,358.0195,350.4825,359.8601,0.1510,2.1786,-0.6312,-0.1653,0.0346,0.9856
120.8980,128.82,45.4003,2.0787,-1.2243,358.0537,350.4793,359.8626,0.1519,2.1771,-0.6351,-0.1653,0.0340,0.9857
120.9180,128.82,45.4033,2.1222,-1.2370,358.0884,350.4761,359.8651,0.1528,2.1754,-0.6388,-0.1654,0.0334,0.9857
120.9380,128.82,45.4064,2.1657,-1.2499,358.1237,350.4728,359.8677,0.1537,2.1736,-0.6424,-0.1654,0.0327,0.9857
120.9580,128.82,45.4095,2.2091,-1.2628,358.1594,350.4695,359.8703,0.1545,2.1717,-0.6458,-0.1655,0.0321,0.9857
120.9780,128.82,45.4126,2.2525,-1.2758,358.1955,350.4662,359.8730,0.1553,2.1696,-0.6491,-0.1655,0.0315,0.9857
120.9980,128.82,45.4157,2.2958,-1.2888,358.2321,350.4628,359.8757,0.1561,2.1674,-0.6523,-0.1656,0.0308,0.9857
121.0180,128.82,45.4189,2.3391,-1.3019,358.2692,350.4594,359.8784,0.1568,2.1650,-0.6554,-0.1657,0.0302,0.9857
121.0380,128.82,45.4220,2.3824,-1.3151,358.3067,350.4559,359.8811,0.1575,2.1624,-0.6583,-0.1657,0.0295,0.9857
121.0580,128.82,45.4252,2.4256,-1.3283,358.3445,350.4525,359.8839,0.1582,2.1598,-0.6610,-0.1658,0.0289,0.9857
121.0780,128.82,45.4284,2.4687,-1.3416,358.3827,350.4489,359.8867,0.1589,2.1570,-0.6636,-0.1659,0.0282,0.9857
121.0980,128.82,45.4316,2.5118,-1.3549,358.4213,350.4454,359.8895,0.1595,2.1540,-0.6661,-0.1659,0.0276,0.9858
121.1180,128.82,45.4348,2.5548,-1.3683,358.4602,350.4418,359.8924,0.1600,2.1510,-0.6684,-0.1660,0.0269,0.9858
121.1380,128.82,45.4380,2.5978,-1.3817,358.4994,350.4382,359.8952,0.1606,2.1478,-0.6706,-0.1661,0.0262,0.9858
121.1580,128.82,45.4412,2.6407,-1.3952,358.5389,350.4345,359.8981,0.1611,2.1444,-0.6727,-0.1661,0.0255,0.9858
121.1780,128.82,45.4444,2.6835,-1.4087,358.5786,350.4309,359.9010,0.1615,2.1410,-0.6746,-0.1662,0.0248,0.9858
121.1980,128.82,45.4477,2.7262,-1.4222,358.6187,350.4272,359.9039,0.1620,2.1374,-0.6764,-0.1663,0.0241,0.9858
121.2180,128.82,45.4509,2.7689,-1.4357,358.6589,350.4235,359.9069,0.1624,2.1337,-0.6780,-0.1663,0.0234,0.9858
121.2380,128.82,45.4542,2.8115,-1.4493,358.6993,350.4198,359.9098,0.1627,2.1298,-0.6795,-0.1664,0.0227,0.9858
121.2580,128.82,45.4574,2.8540,-1.4629,358.7400,350.4160,359.9128,0.1631,2.1259,-0.6809,-0.1665,0.0220,0.9858
121.2780,128.82,45.4607,2.8964,-1.4766,358.7808,350.4123,359.9157,0.1634,2.1218,-0.6821,-0.1665,0.0213,0.9858
121.2980,128.82,45.4640,2.9388,-1.4903,358.8218,350.4085,359.9187,0.1636,2.1176,-0.6831,-0.1666,0.0206,0.9858
121.3180,128.82,45.4672,2.9811,-1.5039,358.8629,350.4047,359.9217,0.1638,2.1133,-0.6841,-0.1667,0.0198,0.9858
121.3380,128.82,45.4705,3.0232,-1.5176,358.9041,350.4009,359.9247,0.1640,2.1089,-0.6849,-0.1667,0.0191,0.9858
121.3580,128.82,45.4738,3.0653,-1.5313,358.9454,350.3972,359.9276,0.1642,2.1044,-0.6855,-0.1668,0.0184,0.9858
121.3780,128.82,45.4771,3.1073,-1.5451,358.9868,350.3933,359.9306,0.1643,2.0998,-0.6860,-0.1669,0.0177,0.9858
121.3980,128.82,45.4804,3.1492,-1.5588,359.0283,350.3895,359.9336,0.1644,2.0951,-0.6864,-0.1669,0.0170,0.9858
121.4180,128.82,45.4837,3.1910,-1.5725,359.0699,350.3857,359.9366,0.1645,2.0902,-0.6867,-0.1670,0.0162,0.9858
121.4380,128.82,45.4870,3.2327,-1.5863,359.1114,350.3819,359.9396,0.1645,2.0853,-0.6868,-0.1671,0.0155,0.9858
121.4580,128.82,45.4902,3.2743,-1.6000,359.1530,350.3781,359.9426,0.1645,2.0803,-0.6867,-0.1671,0.0148,0.9858
121.4780,128.61,45.4935,3.3158,-1.6137,359.1945,350.3743,359.9456,0.1645,2.0751,-0.6866,-0.1672,0.0141,0.9858
121.4980,128.61,45.4968,3.3572,-1.6275,359.2361,350.3705,359.9486,0.1644,2.0699,-0.6863,-0.1673,0.0133,0.9858
121.5180,128.61,45.5001,3.3985,-1.6412,359.2775,350.3667,359.9516,0.1643,2.0645,-0.6858,-0.1673,0.0126,0.9858
121.5380,128.61,45.5034,3.4397,-1.6549,359.3190,350.3629,359.9545,0.1642,2.0591,-0.6853,-0.1674,0.0119,0.9858
121.5580,128.61,45.5067,3.4808,-1.6686,359.3604,350.3591,359.9575,0.1640,2.0536,-0.6846,-0.1675,0.0112,0.9858
121.5780,128.61,45.5099,3.5218,-1.6822,359.4016,350.3553,359.9604,0.1638,2.0480,-0.6837,-0.1675,0.0104,0.9858
121.5980,128.61,45.5132,3.5626,-1.6959,359.4428,350.3515,359.9634,0.1636,2.0423,-0.6828,-0.1676,0.0097,0.9858
121.6180,128.61,45.5165,3.6033,-1.7095,359.4839,350.3477,359.9663,0.1633,2.0365,-0.6817,-0.1677,0.0090,0.9858
121.6380,128.61,45.5197,3.6439,-1.7231,359.5248,350.3440,359.9692,0.1630,2.0306,-0.6805,-0.1677,0.0083,0.9858
121.6580,128.61,45.5230,3.6844,-1.7367,359.5656,350.3402,359.9721,0.1627,2.0247,-0.6791,-0.1678,0.0076,0.9858
121.6780,128.61,45.5262,3.7248,-1.7503,359.6062,350.3365,359.9750,0.1623,2.0186,-0.6777,-0.1679,0.0069,0.9858
121.6980,128.61,45.5295,3.7651,-1.7638,359.6466,350.3328,359.9778,0.1619,2.0125,-0.6761,-0.1679,0.0062,0.9858
121.7180,128.61,45.5327,3.8052,-1.7773,359.6869,350.3291,359.9807,0.1615,2.0063,-0.6744,-0.1680,0.0055,0.9858
121.7380,128.61,45.5359,3.8452,-1.7907,359.7269,350.3254,359.9835,0.1611,2.0000,-0.6726,-0.1680,0.0048,0.9858
121.7580,128.61,45.5391,3.8851,-1.8041,359.7667,350.3218,359.9863,0.1606,1.9937,-0.6706,-0.1681,0.0041,0.9858
121.7780,128.61,45.5423,3.9248,-1.8175,359.8063,350.3182,359.9891,0.1601,1.9873,-0.6685,-0.1682,0.0034,0.9858
121.7980,128.61,45.5455,3.9644,-1.8308,359.8456,350.3145,359.9919,0.1596,1.9807,-0.6664,-0.1682,0.0027,0.9857
121.8180,128.61,45.5487,4.0039,-1.8441,359.8847,350.3110,-0.0054,0.1590,1.9742,-0.6641,-0.1683,0.0020,0.9857
121.8380,128.61,45.5519,4.0433,-1.8574,359.9235,350.3074,-0.0027,0.1584,1.9675,-0.6616,-0.1684,0.0013,0.9857
121.8580,128.61,45.5550,4.0825,-1.8705,359.9620,350.3039,0.0000,0.1578,1.9608,-0.6591,-0.1684,0.0007,0.9857
121.8780,128.61,45.5582,4.1215,-1.8837,0.0002,350.3004,0.0027,0.1572,1.9540,-0.6565,-0.1685,0.0000,0.9857
121.8980,128.61,45.5613,4.1605,-1.8967,0.0381,350.2969,0.0053,0.1565,1.9472,-0.6537,-0.1685,-0.0007,0.9857
121.9180,128.61,45.5644,4.1993,-1.9098,0.0757,350.2934,0.0079,0.1558,1.9403,-0.6509,-0.1686,-0.0013,0.9857
121.9380,128.61,45.5675,4.2380,-1.9227,0.1130,350.2900,0.0105,0.1551,1.9333,-0.6479,-0.1687,-0.0020,0.9857
121.9580,128.61,45.5706,4.2765,-1.9356,0.1499,350.2866,0.0130,0.1544,1.9262,-0.6449,-0.1687,-0.0026,0.9857
121.9780,128.61,45.5737,4.3149,-1.9485,0.1865,350.2833,0.0156,0.1536,1.9191,-0.6417,-0.1688,-0.0033,0.9856
121.9980,128.61,45.5768,4.3531,-1.9612,0.2227,350.2799,0.0181,0.1528,1.9120,-0.6384,-0.1688,-0.0039,0.9856
122.0180,128.61,45.5798,4.3912,-1.9739,0.2585,350.2766,0.0205,0.1520,1.9048,-0.6351,-0.1689,-0.0045,0.9856
122.0380,128.61,45.5828,4.4292,-1.9866,0.2939,350.2733,0.0229,0.1511,1.8975,-0.6316,-0.1689,-0.0051,0.9856
122.0580,128.61,45.5858,4.4670,-1.9991,0.3290,350.2701,0.0253,0.1503,1.8902,-0.6280,-0.1690,-0.0057,0.9856
122.0780,128.61,45.5888,4.5046,-2.0116,0.3637,350.2669,0.0277,0.1494,1.8828,-0.6244,-0.1691,-0.0063,0.9856
122.0980,128.61,45.5918,4.5421,-2.0240,0.3979,350.2638,0.0300,0.1485,1.8754,-0.6206,-0.1691,-0.0069,0.9856
122.1180,128.61,45.5947,4.5795,-2.0364,0.4317,350.2607,0.0323,0.1475,1.8679,-0.6168,-0.1692,-0.0075,0.9856
122.1380,128.61,45.5977,4.6167,-2.0486,0.4651,350.2576,0.0346,0.1466,1.8603,-0.6129,-0.1692,-0.0081,0.9855
122.1580,128.61,45.6006,4.6537,-2.0608,0.4981,350.2545,0.0368,0.1456,1.8528,-0.6089,-0.1693,-0.0087,0.9855
122.1780,128.61,45.6035,4.6906,-2.0729,0.5306,350.2515,0.0390,0.1446,1.8451,-0.6048,-0.1693,-0.0093,0.9855
122.1980,128.61,45.6063,4.7274,-2.0849,0.5626,350.2485,0.0412,0.1436,1.8375,-0.6006,-0.1694,-0.0098,0.9855
122.2180,128.61,45.6092,4.7640,-2.0968,0.5943,350.2456,0.0433,0.1426,1.8297,-0.5963,-0.1694,-0.0104,0.9855
122.2380,128.61,45.6120,4.8004,-2.1087,0.6254,350.2427,0.0454,0.1415,1.8220,-0.5920,-0.1695,-0.0109,0.9855
122.2580,128.61,45.6148,4.8367,-2.1204,0.6561,350.2399,0.0474,0.1404,1.8142,-0.5876,-0.1695,-0.0115,0.9855
122.2780,128.61,45.6176,4.8728,-2.1321,0.6863,350.2371,0.0495,0.1394,1.8063,-0.5831,-0.1696,-0.0120,0.9854
122.2980,128.61,45.6204,4.9088,-2.1436,0.7160,350.2343,0.0514,0.1382,1.7984,-0.5785,-0.1696,-0.0125,0.9854
122.3180,128.61,45.6231,4.9446,-2.1551,0.7452,350.2316,0.0534,0.1371,1.7905,-0.5739,-0.1697,-0.0130,0.9854
122.3380,128.61,45.6258,4.9803,-2.1665,0.7739,350.2289,0.0553,0.1360,1.7826,-0.5692,-0.1697,-0.0135,0.9854
122.3580,128.61,45.6285,5.0158,-2.1778,0.8021,350.2263,0.0571,0.1348,1.7746,-0.5644,-0.1697,-0.0140,0.9854
122.3780,128.61,45.6312,5.0511,-2.1890,0.8298,350.2237,0.0589,0.1336,1.7665,-0.5596,-0.1698,-0.0145,0.9854
122.3980,128.61,45.6339,5.0863,-2.2001,0.8570,350.2211,0.0607,0.1324,1.7585,-0.5547,-0.1698,-0.0150,0.9854
122.4180,128.61,45.6365,5.1213,-2.2111,0.8837,350.2186,0.0625,0.1312,1.7504,-0.5497,-0.1699,-0.0154,0.9853
122.4380,128.61,45.6391,5.1561,-2.2220,0.9099,350.2162,0.0641,0.1300,1.7422,-0.5447,-0.1699,-0.0159,0.9853
122.4580,128.61,45.6417,5.1908,-2.2328,0.9355,350.2137,0.0658,0.1288,1.7341,-0.5396,-0.1700,-0.0163,0.9853
122.4780,125.50,45.6442,5.2253,-2.2434,0.9607,350.2114,0.0674,0.1275,1.7259,-0.5344,-0.1700,-0.0168,0.9853
122.4980,125.50,45.6467,5.2597,-2.2540,0.9853,350.2091,0.0690,0.1263,1.7177,-0.5292,-0.1700,-0.0172,0.9853
122.5180,125.50,45.6492,5.2939,-2.2645,1.0093,350.2068,0.0705,0.1250,1.7094,-0.5240,-0.1701,-0.0176,0.9853
122.5380,125.50,45.6517,5.3279,-2.2749,1.0328,350.2046,0.0720,0.1237,1.7012,-0.5187,-0.1701,-0.0180,0.9853
122.5580,125.50,45.6542,5.3617,-2.2851,1.0558,350.2024,0.0735,0.1224,1.6929,-0.5133,-0.1701,-0.0184,0.9852
122.5780,125.50,45.6566,5.3954,-2.2953,1.0783,350.2003,0.0749,0.1211,1.6846,-0.5079,-0.1702,-0.0188,0.9852
122.5980,125.50,45.6590,5.4290,-2.3054,1.1002,350.1982,0.0763,0.1198,1.6762,-0.5025,-0.1702,-0.0192,0.9852
122.6180,125.50,45.6614,5.4623,-2.3153,1.1215,350.1961,0.0776,0.1184,1.6679,-0.4970,-0.1702,-0.0196,0.9852
122.6380,125.50,45.6637,5.4955,-2.3251,1.1423,350.1941,0.0789,0.1171,1.6595,-0.4914,-0.1703,-0.0199,0.9852
122.6580,125.50,45.6660,5.5285,-2.3348,1.1626,350.1922,0.0802,0.1157,1.6511,-0.4859,-0.1703,-0.0203,0.9852
122.6780,125.50,45.6683,5.5614,-2.3444,1.1823,350.1903,0.0814,0.1144,1.6427,-0.4803,-0.1703,-0.0206,0.9852
122.6980,125.50,45.6706,5.5941,-2.3539,1.2015,350.1884,0.0826,0.1130,1.6343,-0.4746,-0.1704,-0.0210,0.9852
122.7180,125.50,45.6728,5.6266,-2.3633,1.2201,350.1866,0.0837,0.1116,1.6258,-0.4689,-0.1704,-0.0213,0.9851
122.7380,125.50,45.6750,5.6589,-2.3726,1.2382,350.1848,0.0848,0.1102,1.6174,-0.4632,-0.1704,-0.0216,0.9851
122.7580,125.50,45.6772,5.6911,-2.3817,1.2557,350.1831,0.0858,0.1089,1.6089,-0.4575,-0.1705,-0.0219,0.9851
122.7780,125.50,45.6793,5.7231,-2.3908,1.2726,350.1815,0.0868,0.1075,1.6004,-0.4517,-0.1705,-0.0222,0.9851
122.7980,125.50,45.6814,5.7550,-2.3997,1.2891,350.1798,0.0878,0.1060,1.5919,-0.4459,-0.1705,-0.0225,0.9851
122.8180,125.50,45.6835,5.7866,-2.4085,1.3049,350.1783,0.0887,0.1046,1.5834,-0.4401,-0.1705,-0.0228,0.9851
122.8380,125.50,45.6856,5.8181,-2.4172,1.3202,350.1768,0.0896,0.1032,1.5749,-0.4343,-0.1706,-0.0230,0.9851
122.8580,125.50,45.6876,5.8494,-2.4257,1.3350,350.1753,0.0905,0.1018,1.5663,-0.4284,-0.1706,-0.0233,0.9851
122.8780,125.50,45.6896,5.8806,-2.4342,1.3492,350.1738,0.0913,0.1004,1.5578,-0.4225,-0.1706,-0.0235,0.9851
122.8980,125.50,45.6916,5.9116,-2.4425,1.3629,350.1725,0.0921,0.0989,1.5493,-0.4166,-0.1706,-0.0238,0.9850
122.9180,125.50,45.6936,5.9424,-2.4507,1.3760,350.1711,0.0928,0.0975,1.5407,-0.4107,-0.1707,-0.0240,0.9850
122.9380,125.50,45.6955,5.9730,-2.4588,1.3886,350.1698,0.0935,0.0961,1.5321,-0.4048,-0.1707,-0.0242,0.9850
122.9580,125.50,45.6974,6.0035,-2.4668,1.4007,350.1686,0.0941,0.0946,1.5236,-0.3988,-0.1707,-0.0244,0.9850
122.9780,125.50,45.6993,6.0338,-2.4747,1.4122,350.1674,0.0947,0.0932,1.5150,-0.3929,-0.1707,-0.0246,0.9850
122.9980,125.50,45.7011,6.0639,-2.4824,1.4231,350.1662,0.0953,0.0918,1.5064,-0.3869,-0.1707,-0.0248,0.9850
123.0180,125.50,45.7029,6.0939,-2.4900,1.4336,350.1651,0.0959,0.0903,1.4979,-0.3810,-0.1708,-0.0250,0.9850
123.0380,125.50,45.7047,6.1237,-2.4975,1.4435,350.1641,0.0964,0.0889,1.4893,-0.3750,-0.1708,-0.0252,0.9850
123.0580,125.50,45.7064,6.1533,-2.5049,1.4529,350.1631,0.0968,0.0874,1.4807,-0.3690,-0.1708,-0.0254,0.9850
123.0780,125.50,45.7081,6.1827,-2.5122,1.4617,350.1621,0.0973,0.0860,1.4722,-0.3630,-0.1708,-0.0255,0.9850
123.0980,125.50,45.7098,6.2120,-2.5193,1.4700,350.1612,0.0976,0.0845,1.4636,-0.3570,-0.1708,-0.0257,0.9850
123.1180,125.50,45.7115,6.2411,-2.5263,1.4779,350.1602,0.0980,0.0831,1.4550,-0.3511,-0.1708,-0.0258,0.9850
123.1380,125.50,45.7131,6.2700,-2.5332,1.4852,350.1594,0.0983,0.0817,1.4465,-0.3451,-0.1708,-0.0259,0.9850
123.1580,125.50,45.7147,6.2988,-2.5400,1.4919,350.1586,0.0986,0.0802,1.4379,-0.3391,-0.1709,-0.0260,0.9850
123.1780,125.50,45.7163,6.3274,-2.5467,1.4982,350.1579,0.0989,0.0788,1.4293,-0.3331,-0.1709,-0.0261,0.9849
123.1980,125.50,45.7179,6.3558,-2.5532,1.5040,350.1572,0.0991,0.0773,1.4208,-0.3272,-0.1709,-0.0262,0.9849
123.2180,125.50,45.7194,6.3840,-2.5596,1.5093,350.1565,0.0992,0.0759,1.4122,-0.3212,-0.1709,-0.0263,0.9849
123.2380,125.50,45.7209,6.4121,-2.5659,1.5140,350.1559,0.0994,0.0745,1.4037,-0.3153,-0.1709,-0.0264,0.9849
123.2580,125.50,45.7223,6.4400,-2.5721,1.5183,350.1553,0.0995,0.0730,1.3951,-0.3093,-0.1709,-0.0265,0.9849
123.2780,125.50,45.7237,6.4678,-2.5782,1.5221,350.1548,0.0996,0.0716,1.3866,-0.3034,-0.1709,-0.0266,0.9849
123.2980,125.50,45.7252,6.4953,-2.5842,1.5255,350.1543,0.0996,0.0702,1.3781,-0.2975,-0.1709,-0.0266,0.9849
123.3180,125.50,45.7265,6.5227,-2.5900,1.5283,350.1538,0.0996,0.0688,1.3696,-0.2916,-0.1709,-0.0267,0.9849
123.3380,125.50,45.7279,6.5499,-2.5957,1.5307,350.1534,0.0996,0.0674,1.3611,-0.2857,-0.1710,-0.0267,0.9849
123.3580,125.50,45.7292,6.5770,-2.6013,1.5326,350.1530,0.0996,0.0659,1.3526,-0.2799,-0.1710,-0.0267,0.9849
123.3780,125.50,45.7305,6.6039,-2.6068,1.5340,350.1527,0.0995,0.0645,1.3441,-0.2740,-0.1710,-0.0268,0.9849
123.3980,125.50,45.7317,6.6306,-2.6121,1.5350,350.1524,0.0994,0.0631,1.3357,-0.2682,-0.1710,-0.0268,0.9849
123.4180,125.50,45.7330,6.6571,-2.6174,1.5355,350.1521,0.0992,0.0618,1.3272,-0.2624,-0.1710,-0.0268,0.9849
123.4380,125.50,45.7342,6.6835,-2.6225,1.5356,350.1519,0.0990,0.0604,1.3188,-0.2567,-0.1710,-0.0268,0.9849
123.4580,125.50,45.7354,6.7097,-2.6275,1.5352,350.1517,0.0988,0.0590,1.3103,-0.2509,-0.1710,-0.0268,0.9849
123.4780,127.10,45.7365,6.7357,-2.6324,1.5345,350.1516,0.0986,0.0576,1.3019,-0.2452,-0.1710,-0.0268,0.9849
123.4980,127.10,45.7376,6.7616,-2.6372,1.5332,350.1515,0.0983,0.0563,1.2935,-0.2395,-0.1710,-0.0268,0.9849
123.5180,127.10,45.7387,6.7873,-2.6419,1.5316,350.1514,0.0981,0.0549,1.2851,-0.2338,-0.1710,-0.0267,0.9849
123.5380,127.10,45.7398,6.8129,-2.6465,1.5295,350.1513,0.0977,0.0535,1.2768,-0.2282,-0.1710,-0.0267,0.9849
123.5580,127.10,45.7409,6.8382,-2.6509,1.5270,350.1513,0.0974,0.0522,1.2684,-0.2226,-0.1710,-0.0266,0.9849
123.5780,127.10,45.7419,6.8634,-2.6553,1.5242,350.1514,0.0970,0.0509,1.2601,-0.2170,-0.1710,-0.0266,0.9849
123.5980,127.10,45.7429,6.8885,-2.6595,1.5209,350.1515,0.0966,0.0495,1.2518,-0.2115,-0.1710,-0.0265,0.9849
123.6180,127.10,45.7438,6.9133,-2.6636,1.5172,350.1516,0.0962,0.0482,1.2435,-0.2060,-0.1710,-0.0265,0.9849
123.6380,127.10,45.7448,6.9380,-2.6676,1.5132,350.1517,0.0958,0.0469,1.2352,-0.2005,-0.1710,-0.0264,0.9849
123.6580,127.10,45.7457,6.9626,-2.6715,1.5087,350.1519,0.0953,0.0456,1.2270,-0.1951,-0.1710,-0.0263,0.9849
123.6780,127.10,45.7466,6.9870,-2.6753,1.5039,350.1520,0.0948,0.0443,1.2187,-0.1897,-0.1710,-0.0262,0.9849
123.6980,127.10,45.7474,7.0112,-2.6790,1.4987,350.1523,0.0943,0.0431,1.2105,-0.1843,-0.1710,-0.0262,0.9849
123.7180,127.10,45.7483,7.0352,-2.6826,1.4932,350.1526,0.0938,0.0418,1.2023,-0.1790,-0.1710,-0.0261,0.9849
123.7380,127.10,45.7491,7.0591,-2.6861,1.4873,350.1528,0.0932,0.0405,1.1941,-0.1737,-0.1710,-0.0260,0.9849
123.7580,127.10,45.7499,7.0828,-2.6894,1.4810,350.1532,0.0926,0.0393,1.1860,-0.1684,-0.1710,-0.0258,0.9849
123.7780,127.10,45.7506,7.1064,-2.6927,1.4744,350.1535,0.0920,0.0380,1.1778,-0.1632,-0.1710,-0.0257,0.9849
123.7980,127.10,45.7514,7.1298,-2.6959,1.4675,350.1539,0.0914,0.0368,1.1697,-0.1581,-0.1709,-0.0256,0.9849
123.8180,127.10,45.7521,7.1530,-2.6989,1.4602,350.1543,0.0908,0.0356,1.1616,-0.1530,-0.1709,-0.0255,0.9850
123.8380,127.10,45.7528,7.1761,-2.7019,1.4526,350.1548,0.0901,0.0344,1.1536,-0.1479,-0.1709,-0.0254,0.9850
123.8580,127.10,45.7534,7.1990,-2.7047,1.4448,350.1552,0.0894,0.0332,1.1455,-0.1429,-0.1709,-0.0252,0.9850
123.8780,127.10,45.7541,7.2217,-2.7075,1.4365,350.1557,0.0887,0.0320,1.1375,-0.1379,-0.1709,-0.0251,0.9850
123.8980,127.10,45.7547,7.2443,-2.7101,1.4280,350.1562,0.0880,0.0308,1.1295,-0.1329,-0.1709,-0.0249,0.9850
123.9180,127.10,45.7553,7.2667,-2.7127,1.4192,350.1568,0.0873,0.0297,1.1215,-0.1280,-0.1709,-0.0248,0.9850
123.9380,127.10,45.7558,7.2890,-2.7152,1.4102,350.1573,0.0865,0.0285,1.1136,-0.1232,-0.1709,-0.0246,0.9850
123.9580,127.10,45.7564,7.3111,-2.7175,1.4008,350.1579,0.0857,0.0274,1.1057,-0.1184,-0.1709,-0.0244,0.9850
123.9780,127.10,45.7569,7.3327,-2.7198,1.3886,350.1585,0.0847,0.0262,1.0801,-0.1135,-0.1709,-0.0242,0.9850
123.9980,127.10,45.7574,7.3542,-2.7220,1.3734,350.1591,0.0834,0.0250,1.0714,-0.1083,-0.1709,-0.0240,0.9850
124.0180,127.10,45.7579,7.3751,-2.7240,1.3554,350.1597,0.0819,0.0238,1.0471,-0.1036,-0.1709,-0.0237,0.9850
124.0380,127.10,45.7584,7.3959,-2.7260,1.3347,350.1602,0.0801,0.0226,1.0379,-0.0986,-0.1708,-0.0233,0.9850
124.0580,127.10,45.7588,7.4162,-2.7279,1.3115,350.1607,0.0780,0.0215,1.0149,-0.0940,-0.1708,-0.0229,0.9850
124.0780,127.10,45.7592,7.4363,-2.7297,1.2857,350.1612,0.0758,0.0204,1.0051,-0.0892,-0.1708,-0.0224,0.9850
124.0980,127.10,45.7596,7.4559,-2.7314,1.2576,350.1617,0.0733,0.0193,0.9832,-0.0848,-0.1708,-0.0219,0.9851
124.1180,127.10,45.7599,7.4754,-2.7330,1.2271,350.1621,0.0706,0.0183,0.9731,-0.0802,-0.1708,-0.0214,0.9851
124.1380,127.10,45.7603,7.4944,-2.7345,1.1945,350.1624,0.0677,0.0173,0.9522,-0.0761,-0.1708,-0.0208,0.9851
124.1580,127.10,45.7606,7.5133,-2.7359,1.1597,350.1628,0.0646,0.0163,0.9418,-0.0718,-0.1708,-0.0202,0.9851
124.1780,127.10,45.7609,7.5317,-2.7373,1.1230,350.1630,0.0613,0.0153,0.9218,-0.0678,-0.1708,-0.0196,0.9851
124.1980,127.10,45.7612,7.5499,-2.7386,1.0843,350.1631,0.0579,0.0144,0.9111,-0.0639,-0.1708,-0.0189,0.9851
124.2180,127.10,45.7615,7.5678,-2.7398,1.0438,350.1633,0.0543,0.0136,0.8921,-0.0602,-0.1708,-0.0182,0.9851
124.2380,127.10,45.7617,7.5854,-2.7409,1.0016,350.1633,0.0505,0.0127,0.8812,-0.0565,-0.1708,-0.0175,0.9851
124.2580,127.10,45.7620,7.6027,-2.7420,0.9578,350.1632,0.0466,0.0119,0.8629,-0.0531,-0.1708,-0.0167,0.9852
124.2780,127.10,45.7622,7.6197,-2.7430,0.9124,350.1631,0.0426,0.0112,0.8519,-0.0498,-0.1708,-0.0159,0.9852
124.2980,127.10,45.7624,7.6364,-2.7439,0.8655,350.1629,0.0384,0.0105,0.8343,-0.0467,-0.1708,-0.0151,0.9852
124.3180,127.10,45.7626,7.6528,-2.7448,0.8172,350.1627,0.0341,0.0098,0.8232,-0.0437,-0.1708,-0.0143,0.9852
124.3380,127.10,45.7628,7.6690,-2.7456,0.7677,350.1623,0.0296,0.0092,0.8064,-0.0409,-0.1708,-0.0134,0.9852
124.3580,127.10,45.7630,7.6849,-2.7464,0.7169,350.1618,0.0251,0.0086,0.7952,-0.0382,-0.1709,-0.0125,0.9852
124.3780,127.10,45.7631,7.7004,-2.7471,0.6650,350.1613,0.0205,0.0081,0.7790,-0.0358,-0.1709,-0.0116,0.9852
124.3980,127.10,45.7633,7.7158,-2.7477,0.6120,350.1606,0.0158,0.0076,0.7678,-0.0334,-0.1709,-0.0107,0.9852
124.4180,127.10,45.7634,7.7308,-2.7484,0.5581,350.1599,0.0110,0.0071,0.7522,-0.0314,-0.1709,-0.0097,0.9852
124.4380,127.10,45.7635,7.7457,-2.7490,0.5032,350.1590,0.0061,0.0067,0.7410,-0.0294,-0.1709,-0.0088,0.9852
124.4580,127.10,45.7637,7.7602,-2.7495,0.4475,350.1581,0.0011,0.0064,0.7259,-0.0277,-0.1709,-0.0078,0.9853
124.4780,127.70,45.7638,7.7745,-2.7500,0.3910,350.1571,-0.0039,0.0061,0.7148,-0.0261,-0.1709,-0.0068,0.9853
124.4980,127.70,45.7639,7.7885,-2.7505,0.3339,350.1560,359.9910,0.0059,0.7003,-0.0247,-0.1710,-0.0058,0.9853
124.5180,127.70,45.7640,7.8023,-2.7510,0.2761,350.1548,359.9859,0.0057,0.6892,-0.0235,-0.1710,-0.0048,0.9853
124.5380,127.70,45.7641,7.8158,-2.7514,0.2178,350.1535,359.9808,0.0055,0.6751,-0.0225,-0.1710,-0.0038,0.9853
124.5580,127.70,45.7642,7.8291,-2.7519,0.1590,350.1521,359.9756,0.0054,0.6642,-0.0216,-0.1710,-0.0028,0.9853
124.5780,127.70,45.7644,7.8421,-2.7523,0.0998,350.1505,359.9704,0.0054,0.6506,-0.0210,-0.1711,-0.0017,0.9853
124.5980,127.70,45.7645,7.8549,-2.7527,0.0403,350.1490,359.9651,0.0054,0.6397,-0.0205,-0.1711,-0.0007,0.9853
124.6180,127.70,45.7646,7.8674,-2.7531,359.9804,350.1473,359.9599,0.0054,0.6265,-0.0202,-0.1711,0.0003,0.9853
124.6380,127.70,45.7647,7.8797,-2.7535,359.9203,350.1455,359.9546,0.0055,0.6158,-0.0201,-0.1711,0.0014,0.9852
124.6580,127.70,45.7648,7.8918,-2.7539,359.8600,350.1436,359.9493,0.0057,0.6030,-0.0202,-0.1712,0.0024,0.9852
124.6780,127.70,45.7649,7.9036,-2.7543,359.7997,350.1417,359.9441,0.0059,0.5925,-0.0205,-0.1712,0.0035,0.9852
124.6980,127.70,45.7650,7.9152,-2.7547,359.7393,350.1396,359.9388,0.0061,0.5801,-0.0210,-0.1712,0.0046,0.9852
124.7180,127.70,45.7652,7.9266,-2.7552,359.6788,350.1375,359.9336,0.0064,0.5696,-0.0216,-0.1713,0.0056,0.9852
124.7380,127.70,45.7653,7.9378,-2.7556,359.6184,350.1353,359.9284,0.0067,0.5576,-0.0225,-0.1713,0.0067,0.9852
124.7580,127.70,45.7654,7.9487,-2.7561,359.5582,350.1329,359.9232,0.0071,0.5473,-0.0235,-0.1714,0.0077,0.9852
124.7780,127.70,45.7656,7.9594,-2.7566,359.4980,350.1305,359.9180,0.0076,0.5356,-0.0247,-0.1714,0.0088,0.9852
124.7980,127.70,45.7658,7.9699,-2.7571,359.4381,350.1281,359.9129,0.0081,0.5255,-0.0261,-0.1714,0.0098,0.9851
124.8180,127.70,45.7659,7.9802,-2.7577,359.3784,350.1255,359.9078,0.0086,0.5142,-0.0277,-0.1715,0.0108,0.9851
124.8380,127.70,45.7661,7.9903,-2.7583,359.3191,350.1229,359.9027,0.0092,0.5042,-0.0294,-0.1715,0.0119,0.9851
124.8580,127.70,45.7663,8.0002,-2.7589,359.2601,350.1201,359.8977,0.0098,0.4932,-0.0314,-0.1716,0.0129,0.9851
124.8780,127.70,45.7665,8.0098,-2.7595,359.2014,350.1173,359.8928,0.0105,0.4834,-0.0335,-0.1716,0.0139,0.9851
124.8980,127.70,45.7667,8.0193,-2.7603,359.1432,350.1145,359.8879,0.0112,0.4727,-0.0357,-0.1717,0.0150,0.9850
124.9180,127.70,45.7670,8.0286,-2.7610,359.0855,350.1115,359.8831,0.0120,0.4631,-0.0382,-0.1717,0.0160,0.9850
124.9380,127.70,45.7672,8.0376,-2.7618,359.0283,350.1085,359.8783,0.0128,0.4527,-0.0408,-0.1718,0.0170,0.9850
124.9580,127.70,45.7675,8.0465,-2.7627,358.9716,350.1055,359.8736,0.0136,0.4433,-0.0436,-0.1718,0.0179,0.9850
124.9780,127.70,45.7678,8.0551,-2.7636,358.9156,350.1023,359.8690,0.0145,0.4331,-0.0465,-0.1719,0.0189,0.9849
124.9980,127.70,45.7681,8.0636,-2.7646,358.8601,350.0991,359.8644,0.0154,0.4239,-0.0496,-0.1719,0.0199,0.9849
125.0180,127.70,45.7684,8.0719,-2.7657,358.8053,350.0959,359.8600,0.0164,0.4141,-0.0529,-0.1720,0.0208,0.9849
125.0380,127.70,45.7688,8.0800,-2.7668,358.7513,350.0926,359.8556,0.0174,0.4050,-0.0563,-0.1720,0.0218,0.9849
125.0580,127.70,45.7691,8.0879,-2.7680,358.6979,350.0892,359.8513,0.0185,0.3954,-0.0599,-0.1721,0.0227,0.9848
125.0780,127.70,45.7695,8.0956,-2.7693,358.6453,350.0858,359.8470,0.0196,0.3866,-0.0636,-0.1721,0.0236,0.9848
125.0980,127.70,45.7700,8.1032,-2.7706,358.5934,350.0823,359.8429,0.0207,0.3773,-0.0675,-0.1722,0.0245,0.9848
125.1180,127.70,45.7704,8.1106,-2.7721,358.5424,350.0788,359.8388,0.0219,0.3686,-0.0715,-0.1722,0.0254,0.9847
125.1380,127.70,45.7709,8.1177,-2.7736,358.4922,350.0752,359.8349,0.0231,0.3595,-0.0757,-0.1723,0.0263,0.9847
125.1580,127.70,45.7713,8.1248,-2.7752,358.4429,350.0716,359.8310,0.0243,0.3511,-0.0800,-0.1724,0.0272,0.9847
125.1780,127.70,45.7719,8.1333,-2.7769,358.3922,350.0721,359.8462,0.0301,0.4277,-0.0855,-0.1723,0.0281,0.9846
125.1980,127.70,45.7727,8.1423,-2.7787,358.3402,350.0774,359.8847,0.0363,0.4493,-0.0897,-0.1722,0.0290,0.9846
125.2180,127.70,45.7735,8.1524,-2.7806,358.2871,350.0865,359.9426,0.0418,0.5052,-0.0951,-0.1721,0.0299,0.9846
125.2380,127.70,45.7744,8.1632,-2.7826,358.2331,350.0995,0.0210,0.0472,0.5381,-0.1001,-0.1719,0.0308,0.9846
125.2580,127.70,45.7755,8.1749,-2.7847,358.1781,350.1159,0.1180,0.0520,0.5850,-0.1059,-0.1716,0.0318,0.9847
125.2780,127.70,45.7766,8.1873,-2.7869,358.1224,350.1356,0.2336,0.0564,0.6219,-0.1116,-0.1712,0.0328,0.9847
125.2980,127.70,45.7778,8.2006,-2.7893,358.0659,350.1580,0.3666,0.0601,0.6644,-0.1179,-0.1708,0.0337,0.9847
125.3180,127.70,45.7791,8.2146,-2.7918,358.0090,350.1831,0.5166,0.0633,0.7023,-0.1244,-0.1704,0.0347,0.9848
125.3380,127.70,45.7804,8.2295,-2.7944,357.9515,350.2106,0.6827,0.0657,0.7423,-0.1313,-0.1699,0.0357,0.9848
125.3580,127.70,45.7818,8.2451,-2.7972,357.8937,350.2401,0.8644,0.0675,0.7800,-0.1384,-0.1694,0.0368,0.9849
125.3780,127.70,45.7831,8.2615,-2.8001,357.8357,350.2716,1.0609,0.0684,0.8183,-0.1460,-0.1689,0.0378,0.9849
125.3980,127.70,45.7845,8.2786,-2.8032,357.7774,350.3047,1.2718,0.0685,0.8553,-0.1538,-0.1683,0.0388,0.9850
125.4180,127.70,45.7858,8.2964,-2.8064,357.7191,350.3393,1.4963,0.0677,0.8922,-0.1621,-0.1677,0.0398,0.9850
125.4380,127.70,45.7872,8.3150,-2.8098,357.6608,350.3752,1.7338,0.0659,0.9282,-0.1707,-0.1671,0.0408,0.9851
125.4580,127.70,45.7884,8.3343,-2.8134,357.6027,350.4121,1.9838,0.0632,0.9638,-0.1797,-0.1664,0.0418,0.9852
125.4780,124.58,45.7896,8.3542,-2.8172,357.5448,350.4501,2.2457,0.0595,0.9987,-0.1890,-0.1658,0.0428,0.9852
125.4980,124.58,45.7907,8.3749,-2.8212,357.4872,350.4888,2.5190,0.0548,1.0331,-0.1987,-0.1651,0.0438,0.9853
125.5180,124.58,45.7917,8.3962,-2.8254,357.4301,350.5281,2.8032,0.0490,1.0668,-0.2088,-0.1644,0.0448,0.9854
125.5380,124.58,45.7925,8.4182,-2.8298,357.3735,350.5680,3.0976,0.0420,1.1000,-0.2193,-0.1637,0.0458,0.9854
125.5580,124.58,45.7932,8.4409,-2.8344,357.3176,350.6083,3.4019,0.0340,1.1325,-0.2301,-0.1630,0.0468,0.9855
125.5780,124.58,45.7937,8.4642,-2.8392,357.2625,350.6489,3.7155,0.0248,1.1644,-0.2413,-0.1623,0.0478,0.9856
125.5980,124.58,45.7940,8.4881,-2.8442,357.2082,350.6897,4.0380,0.0144,1.1957,-0.2528,-0.1616,0.0487,0.9857
125.6180,124.58,45.7940,8.5126,-2.8495,357.1549,350.7306,4.3689,0.0028,1.2263,-0.2647,-0.1609,0.0496,0.9857
125.6380,124.58,45.7938,8.5378,-2.8551,357.1027,350.7716,4.7077,-0.0101,1.2563,-0.2770,-0.1602,0.0505,0.9858
125.6580,124.58,45.7934,8.5616,-2.8608,357.0556,350.8062,5.0285,-0.0226,1.1926,-0.2853,-0.1596,0.0514,0.9859
125.6780,124.58,45.7925,8.5859,-2.8668,357.0107,350.8349,5.3329,-0.0423,1.2157,-0.2987,-0.1591,0.0521,0.9859
125.6980,124.58,45.7914,8.6091,-2.8729,356.9707,350.8578,5.6191,-0.0567,1.1600,-0.3077,-0.1587,0.0528,0.9859
125.7180,124.58,45.7899,8.6327,-2.8793,356.9329,350.8755,5.8896,-0.0776,1.1764,-0.3212,-0.1584,0.0535,0.9859
125.7380,124.58,45.7880,8.6552,-2.8860,356.8997,350.8882,6.1427,-0.0936,1.1276,-0.3308,-0.1581,0.0541,0.9859
125.7580,124.58,45.7857,8.6780,-2.8928,356.8687,350.8963,6.3807,-0.1155,1.1383,-0.3443,-0.1580,0.0546,0.9859
125.7780,124.58,45.7830,8.6999,-2.8999,356.8418,350.9001,6.6022,-0.1330,1.0957,-0.3545,-0.1579,0.0551,0.9859
125.7980,124.58,45.7799,8.7219,-2.9073,356.8173,350.9001,6.8093,-0.1556,1.1014,-0.3679,-0.1579,0.0555,0.9859
125.8180,124.58,45.7764,8.7432,-2.9149,356.7965,350.8963,7.0006,-0.1744,1.0641,-0.3786,-0.1580,0.0559,0.9859
125.8380,124.58,45.7725,8.7645,-2.9227,356.7780,350.8892,7.1780,-0.1976,1.0658,-0.3919,-0.1581,0.0562,0.9858
125.8580,124.58,45.7681,8.7852,-2.9308,356.7630,350.8789,7.3405,-0.2175,1.0331,-0.4030,-0.1583,0.0565,0.9858
125.8780,124.58,45.7633,8.8058,-2.9391,356.7501,350.8659,7.4897,-0.2411,1.0314,-0.4162,-0.1585,0.0567,0.9857
125.8980,124.58,45.7581,8.8259,-2.9476,356.7404,350.8502,7.6247,-0.2619,1.0026,-0.4277,-0.1588,0.0569,0.9857
125.9180,124.58,45.7523,8.8459,-2.9565,356.7328,350.8322,7.7469,-0.2858,0.9982,-0.4408,-0.1591,0.0570,0.9856
125.9380,124.58,45.7462,8.8653,-2.9655,356.7281,350.8120,7.8558,-0.3074,0.9727,-0.4525,-0.1594,0.0571,0.9856
125.9580,124.58,45.7396,8.8846,-2.9748,356.7254,350.7900,7.9523,-0.3314,0.9663,-0.4655,-0.1598,0.0571,0.9855
125.9780,124.58,45.7325,8.9035,-2.9844,356.7253,350.7661,8.0362,-0.3536,0.9436,-0.4773,-0.1602,0.0571,0.9854
125.9980,124.58,45.7249,8.9222,-2.9942,356.7270,350.7408,8.1084,-0.3777,0.9356,-0.4902,-0.1606,0.0571,0.9854
126.0180,124.58,45.7169,8.9405,-3.0042,356.7311,350.7141,8.1685,-0.4003,0.9151,-0.5021,-0.1611,0.0570,0.9853
126.0380,124.58,45.7084,8.9586,-3.0145,356.7371,350.6862,8.2175,-0.4243,0.9060,-0.5148,-0.1616,0.0569,0.9852
126.0580,124.58,45.6995,8.9764,-3.0250,356.7451,350.6573,8.2551,-0.4471,0.8874,-0.5268,-0.1621,0.0568,0.9851
126.0780,124.58,45.6901,8.9939,-3.0358,356.7548,350.6276,8.2821,-0.4709,0.8775,-0.5394,-0.1626,0.0566,0.9851
126.0980,124.58,45.6802,9.0111,-3.0469,356.7664,350.5971,8.2984,-0.4938,0.8605,-0.5513,-0.1631,0.0564,0.9850
126.1180,124.58,45.6699,9.0282,-3.0581,356.7795,350.5660,8.3045,-0.5174,0.8501,-0.5637,-0.1637,0.0562,0.9849
126.1380,124.58,45.6591,9.0448,-3.0696,356.7944,350.5345,8.3006,-0.5402,0.8345,-0.5755,-0.1642,0.0559,0.9848
126.1580,124.58,45.6478,9.0613,-3.0814,356.8107,350.5026,8.2871,-0.5635,0.8238,-0.5877,-0.1647,0.0556,0.9848
126.1780,124.58,45.6361,9.0775,-3.0934,356.8285,350.4705,8.2642,-0.5861,0.8092,-0.5994,-0.1653,0.0553,0.9847
126.1980,124.58,45.6239,9.0935,-3.1056,356.8477,350.4383,8.2322,-0.6089,0.7984,-0.6113,-0.1659,0.0550,0.9846
126.2180,124.58,45.6113,9.1092,-3.1181,356.8683,350.4061,8.1913,-0.6311,0.7849,-0.6229,-0.1664,0.0546,0.9845
126.2380,124.58,45.5982,9.1246,-3.1308,356.8901,350.3739,8.1419,-0.6535,0.7741,-0.6345,-0.1670,0.0543,0.9845
126.2580,124.58,45.5847,9.1399,-3.1437,356.9131,350.3419,8.0842,-0.6752,0.7613,-0.6459,-0.1675,0.0539,0.9844
126.2780,124.58,45.5708,9.1549,-3.1568,356.9373,350.3102,8.0185,-0.6969,0.7506,-0.6572,-0.1681,0.0534,0.9843
126.2980,124.58,45.5564,9.1697,-3.1702,356.9626,350.2788,7.9450,-0.7181,0.7386,-0.6683,-0.1686,0.0530,0.9843
126.3180,124.58,45.5416,9.1842,-3.1838,356.9889,350.2477,7.8640,-0.7391,0.7281,-0.6794,-0.1692,0.0525,0.9842
126.3380,124.58,45.5264,9.1986,-3.1976,357.0163,350.2172,7.7759,-0.7597,0.7167,-0.6902,-0.1697,0.0521,0.9841
126.3580,124.58,45.5108,9.2127,-3.2116,357.0446,350.1871,7.6807,-0.7799,0.7064,-0.7009,-0.1702,0.0516,0.9841
126.3780,124.58,45.4948,9.2266,-3.2258,357.0738,350.1576,7.5789,-0.7997,0.6955,-0.7114,-0.1707,0.0510,0.9840
126.3980,124.58,45.4784,9.2403,-3.2403,357.1039,350.1286,7.4706,-0.8192,0.6855,-0.7217,-0.1712,0.0505,0.9839
126.4180,124.58,45.4617,9.2538,-3.2549,357.1348,350.1004,7.3561,-0.8381,0.6751,-0.7319,-0.1717,0.0500,0.9839
126.4380,124.58,45.4445,9.2671,-3.2697,357.1666,350.0728,7.2357,-0.8566,0.6654,-0.7418,-0.1722,0.0494,0.9838
126.4580,124.58,45.4270,9.2802,-3.2848,357.1991,350.0460,7.1096,-0.8747,0.6554,-0.7516,-0.1727,0.0489,0.9838
126.4780,126.80,45.4092,9.2931,-3.3000,357.2323,350.0198,6.9780,-0.8923,0.6460,-0.7612,-0.1731,0.0483,0.9837
126.4980,126.80,45.3910,9.3059,-3.3154,357.2662,349.9945,6.8411,-0.9093,0.6364,-0.7705,-0.1735,0.0477,0.9837
126.5180,126.80,45.3725,9.3184,-3.3310,357.3008,349.9700,6.6993,-0.9259,0.6273,-0.7797,-0.1740,0.0471,0.9836
126.5380,126.80,45.3537,9.3308,-3.3468,357.3361,349.9463,6.5528,-0.9420,0.6181,-0.7886,-0.1744,0.0465,0.9836
126.5580,126.80,45.3345,9.3430,-3.3627,357.3720,349.9234,6.4017,-0.9575,0.6092,-0.7973,-0.1748,0.0459,0.9835
126.5780,126.80,45.3151,9.3550,-3.3788,357.4084,349.9014,6.2463,-0.9724,0.6004,-0.8058,-0.1752,0.0452,0.9835
126.5980,126.80,45.2953,9.3668,-3.3951,357.4455,349.8802,6.0868,-0.9869,0.5918,-0.8141,-0.1755,0.0446,0.9835
126.6180,126.80,45.2753,9.3796,-3.4116,357.4800,349.8654,5.9471,-1.0014,0.6401,-0.8243,-0.1758,0.0440,0.9834
126.6380,126.80,45.2551,9.3926,-3.4282,357.5134,349.8577,5.8309,-1.0110,0.6507,-0.8321,-0.1759,0.0434,0.9834
126.6580,126.80,45.2346,9.4064,-3.4451,357.5448,349.8558,5.7346,-1.0233,0.6875,-0.8411,-0.1760,0.0428,0.9835
126.6780,126.80,45.2140,9.4205,-3.4620,357.5750,349.8599,5.6595,-1.0333,0.7052,-0.8489,-0.1759,0.0423,0.9835
126.6980,126.80,45.1931,9.4352,-3.4792,357.6038,349.8692,5.6034,-1.0445,0.7357,-0.8573,-0.1757,0.0418,0.9835
126.7180,126.80,45.1720,9.4503,-3.4965,357.6315,349.8834,5.5666,-1.0547,0.7565,-0.8650,-0.1755,0.0413,0.9836
126.7380,126.80,45.1507,9.4660,-3.5139,357.6581,349.9021,5.5478,-1.0655,0.7835,-0.8730,-0.1752,0.0409,0.9837
126.7580,126.80,45.1291,9.4821,-3.5316,357.6837,349.9250,5.5467,-1.0758,0.8054,-0.8805,-0.1748,0.0404,0.9838
126.7780,126.80,45.1074,9.4975,-3.5493,357.7113,349.9455,5.5358,-1.0865,0.7685,-0.8861,-0.1744,0.0399,0.9839
126.7980,126.80,45.0854,9.5132,-3.5672,357.7390,349.9641,5.5172,-1.1015,0.7845,-0.8941,-0.1741,0.0395,0.9839
126.8180,126.80,45.0631,9.5283,-3.5851,357.7683,349.9806,5.4890,-1.1127,0.7547,-0.8997,-0.1739,0.0389,0.9840
126.8380,126.80,45.0406,9.5436,-3.6033,357.7977,349.9953,5.4534,-1.1268,0.7650,-0.9071,-0.1736,0.0384,0.9841
126.8580,126.80,45.0178,9.5584,-3.6215,357.8285,350.0081,5.4089,-1.1381,0.7406,-0.9127,-0.1734,0.0379,0.9841
126.8780,126.80,44.9948,9.5733,-3.6399,357.8595,350.0194,5.3576,-1.1514,0.7465,-0.9195,-0.1732,0.0374,0.9842
126.8980,126.80,44.9716,9.5878,-3.6584,357.8915,350.0291,5.2981,-1.1625,0.7264,-0.9250,-0.1730,0.0368,0.9842
126.9180,126.80,44.9481,9.6024,-3.6771,357.9238,350.0374,5.2321,-1.1751,0.7291,-0.9313,-0.1729,0.0362,0.9843
126.9380,126.80,44.9243,9.6167,-3.6958,357.9569,350.0443,5.1588,-1.1859,0.7122,-0.9366,-0.1728,0.0357,0.9843
126.9580,126.80,44.9004,9.6309,-3.7146,357.9903,350.0501,5.0793,-1.1977,0.7126,-0.9425,-0.1727,0.0351,0.9844
126.9780,126.80,44.8762,9.6459,-3.7336,358.0219,350.0599,5.0176,-1.2073,0.7506,-0.9488,-0.1725,0.0345,0.9844
126.9980,126.80,44.8519,9.6612,-3.7527,358.0524,350.0743,4.9762,-1.2143,0.7651,-0.9539,-0.1723,0.0340,0.9845
127.0180,126.80,44.8275,9.6771,-3.7719,358.0814,350.0924,4.9526,-1.2228,0.7955,-0.9596,-0.1720,0.0335,0.9845
127.0380,126.80,44.8029,9.6934,-3.7912,358.1094,350.1141,4.9474,-1.2303,0.8141,-0.9646,-0.1716,0.0330,0.9846
127.0580,126.80,44.7781,9.7102,-3.8106,358.1362,350.1391,4.9591,-1.2386,0.8403,-0.9699,-0.1712,0.0325,0.9847
127.0780,126.80,44.7532,9.7274,-3.8301,358.1621,350.1670,4.9875,-1.2465,0.8604,-0.9748,-0.1707,0.0321,0.9848
127.0980,126.80,44.7281,9.7451,-3.8497,358.1870,350.1975,5.0317,-1.2550,0.8841,-0.9799,-0.1702,0.0316,0.9849
127.1180,126.80,44.7028,9.7620,-3.8693,358.2139,350.2248,5.0638,-1.2641,0.8444,-0.9834,-0.1697,0.0312,0.9850
127.1380,126.80,44.6773,9.7792,-3.8891,358.2407,350.2492,5.0866,-1.2775,0.8615,-0.9889,-0.1693,0.0307,0.9851
127.1580,126.80,44.6515,9.7958,-3.9090,358.2692,350.2706,5.0976,-1.2874,0.8296,-0.9925,-0.1689,0.0302,0.9852
127.1780,126.80,44.6255,9.8126,-3.9289,358.2976,350.2895,5.0996,-1.3002,0.8404,-0.9976,-0.1686,0.0297,0.9852
127.1980,126.80,44.5993,9.8289,-3.9489,358.3274,350.3058,5.0909,-1.3103,0.8145,-1.0012,-0.1683,0.0292,0.9853
127.2180,126.80,44.5728,9.8453,-3.9691,358.3573,350.3198,5.0736,-1.3226,0.8206,-1.0057,-0.1681,0.0287,0.9854
127.2380,126.80,44.5462,9.8613,-3.9892,358.3882,350.3315,5.0464,-1.3327,0.7993,-1.0092,-0.1679,0.0281,0.9854
127.2580,126.80,44.5193,9.8774,-4.0095,358.4193,350.3411,5.0111,-1.3444,0.8019,-1.0134,-0.1677,0.0276,0.9854
127.2780,126.80,44.4922,9.8930,-4.0298,358.4511,350.3488,4.9668,-1.3544,0.7841,-1.0167,-0.1676,0.0270,0.9855
127.2980,126.80,44.4649,9.9097,-4.0503,358.4809,350.3593,4.9378,-1.3647,0.8319,-1.0212,-0.1674,0.0265,0.9855
127.3180,126.80,44.4375,9.9264,-4.0707,358.5099,350.3734,4.9286,-1.3702,0.8358,-1.0239,-0.1672,0.0260,0.9856
127.3380,126.80,44.4099,9.9438,-4.0913,358.5372,350.3902,4.9353,-1.3791,0.8700,-1.0277,-0.1669,0.0255,0.9856
127.3580,126.80,44.3822,9.9614,-4.1119,358.5635,350.4099,4.9593,-1.3858,0.8819,-1.0305,-0.1665,0.0251,0.9857
127.3780,126.80,44.3543,9.9796,-4.1326,358.5885,350.4318,4.9985,-1.3942,0.9088,-1.0338,-0.1662,0.0246,0.9858
127.3980,126.80,44.3263,9.9981,-4.1533,358.6126,350.4559,5.0534,-1.4018,0.9243,-1.0367,-0.1658,0.0242,0.9859
127.4180,126.80,44.2981,10.0170,-4.1741,358.6355,350.4819,5.1223,-1.4105,0.9472,-1.0398,-0.1653,0.0238,0.9860
127.4380,126.80,44.2697,10.0363,-4.1950,358.6575,350.5096,5.2055,-1.4188,0.9641,-1.0427,-0.1648,0.0234,0.9860
127.4580,126.80,44.2411,10.0560,-4.2159,358.6785,350.5388,5.3018,-1.4280,0.9844,-1.0456,-0.1643,0.0231,0.9861
127.4780,126.80,44.2124,10.0760,-4.2369,358.6986,350.5693,5.4109,-1.4372,1.0014,-1.0485,-0.1638,0.0227,0.9862
127.4980,125.83,44.1834,10.0954,-4.2579,358.7206,350.5959,5.5047,-1.4479,0.9655,-1.0507,-0.1634,0.0223,0.9863
127.5180,125.83,44.1542,10.1149,-4.2790,358.7427,350.6190,5.5857,-1.4626,0.9770,-1.0542,-0.1630,0.0219,0.9864
127.5380,125.83,44.1247,10.1339,-4.3001,358.7663,350.6384,5.6518,-1.4742,0.9484,-1.0566,-0.1626,0.0215,0.9865
127.5580,125.83,44.0949,10.1529,-4.3213,358.7900,350.6547,5.7055,-1.4888,0.9542,-1.0598,-0.1623,0.0211,0.9865
127.5780,125.83,44.0649,10.1716,-4.3425,358.8150,350.6678,5.7454,-1.5009,0.9311,-1.0621,-0.1621,0.0207,0.9866
127.5980,125.83,44.0346,10.1902,-4.3638,358.8402,350.6782,5.7735,-1.5151,0.9329,-1.0650,-0.1619,0.0202,0.9866
127.6180,125.83,44.0041,10.2085,-4.3852,358.8663,350.6857,5.7889,-1.5276,0.9138,-1.0673,-0.1618,0.0198,0.9866
127.6380,125.83,43.9732,10.2268,-4.4066,358.8927,350.6909,5.7930,-1.5414,0.9127,-1.0699,-0.1617,0.0193,0.9866
127.6580,125.83,43.9422,10.2447,-4.4280,358.9198,350.6935,5.7853,-1.5540,0.8968,-1.0720,-0.1617,0.0189,0.9867
127.6780,125.83,43.9108,10.2626,-4.4495,358.9472,350.6941,5.7670,-1.5674,0.8937,-1.0743,-0.1617,0.0184,0.9867
127.6980,125.83,43.8792,10.2802,-4.4710,358.9751,350.6925,5.7377,-1.5798,0.8801,-1.0763,-0.1617,0.0179,0.9867
127.7180,125.83,43.8473,10.2977,-4.4926,359.0032,350.6891,5.6983,-1.5928,0.8756,-1.0783,-0.1618,0.0174,0.9867
127.7380,125.83,43.8153,10.3149,-4.5142,359.0318,350.6839,5.6488,-1.6049,0.8637,-1.0800,-0.1619,0.0169,0.9867
127.7580,125.83,43.7829,10.3321,-4.5358,359.0605,350.6771,5.5899,-1.6172,0.8583,-1.0818,-0.1620,0.0164,0.9867
127.7780,125.83,43.7503,10.3491,-4.5575,359.0895,350.6688,5.5215,-1.6289,0.8477,-1.0833,-0.1621,0.0159,0.9866
127.7980,125.83,43.7175,10.3659,-4.5792,359.1186,350.6590,5.4444,-1.6406,0.8418,-1.0848,-0.1623,0.0154,0.9866
127.8180,125.83,43.6845,10.3825,-4.6009,359.1479,350.6480,5.3585,-1.6517,0.8322,-1.0860,-0.1625,0.0149,0.9866
127.8380,125.83,43.6512,10.3991,-4.6226,359.1772,350.6358,5.2645,-1.6627,0.8259,-1.0871,-0.1627,0.0144,0.9866
127.8580,125.83,43.6178,10.4154,-4.6444,359.2067,350.6225,5.1625,-1.6731,0.8170,-1.0881,-0.1629,0.0138,0.9865
127.8780,125.83,43.5841,10.4325,-4.6662,359.2338,350.6123,5.0779,-1.6818,0.8527,-1.0888,-0.1631,0.0134,0.9865
127.8980,125.83,43.5504,10.4496,-4.6880,359.2593,350.6057,5.0136,-1.6870,0.8588,-1.0887,-0.1632,0.0129,0.9865
127.9180,125.83,43.5165,10.4674,-4.7097,359.2828,350.6020,4.9669,-1.6944,0.8862,-1.0890,-0.1633,0.0125,0.9865
127.9380,125.83,43.4825,10.4853,-4.7315,359.3047,350.6012,4.9386,-1.7000,0.8975,-1.0888,-0.1633,0.0121,0.9865
127.9580,125.83,43.4484,10.5037,-4.7533,359.3249,350.6029,4.9270,-1.7069,0.9200,-1.0889,-0.1633,0.0118,0.9865
127.9780,125.83,43.4141,10.5224,-4.7751,359.3435,350.6071,4.9321,-1.7129,0.9338,-1.0886,-0.1632,0.0115,0.9865
127.9980,125.83,43.3797,10.5415,-4.7968,359.3606,350.6134,4.9529,-1.7197,0.9534,-1.0885,-0.1631,0.0112,0.9865
128.0180,125.83,43.3452,10.5608,-4.8186,359.3762,350.6218,4.9890,-1.7261,0.9682,-1.0883,-0.1629,0.0109,0.9866
128.0380,125.83,43.3105,10.5805,-4.8404,359.3904,350.6320,5.0397,-1.7332,0.9859,-1.0881,-0.1628,0.0106,0.9866
128.0580,125.83,43.2757,10.6006,-4.8621,359.4033,350.6438,5.1044,-1.7402,1.0008,-1.0879,-0.1626,0.0104,0.9866
128.0780,125.83,43.2407,10.6199,-4.8839,359.4174,350.6528,5.1550,-1.7491,0.9684,-1.0878,-0.1624,0.0102,0.9867
128.0980,125.83,43.2055,10.6395,-4.9056,359.4311,350.6594,5.1938,-1.7614,0.9784,-1.0884,-0.1623,0.0099,0.9867
128.1180,125.83,43.1701,10.6585,-4.9274,359.4456,350.6634,5.2188,-1.7710,0.9528,-1.0885,-0.1622,0.0097,0.9867
128.1380,125.83,43.1344,10.6777,-4.9492,359.4601,350.6652,5.2325,-1.7828,0.9576,-1.0889,-0.1622,0.0094,0.9867
128.1580,125.83,43.0986,10.6964,-4.9710,359.4751,350.6648,5.2335,-1.7927,0.9369,-1.0889,-0.1622,0.0092,0.9867
128.1780,125.83,43.0625,10.7152,-4.9928,359.4900,350.6625,5.2236,-1.8041,0.9380,-1.0891,-0.1622,0.0089,0.9867
128.1980,125.83,43.0262,10.7336,-5.0145,359.5054,350.6583,5.2021,-1.8139,0.9211,-1.0891,-0.1623,0.0086,0.9867
128.2180,125.83,42.9897,10.7520,-5.0363,359.5207,350.6524,5.1704,-1.8248,0.9196,-1.0891,-0.1624,0.0084,0.9867
128.2380,125.83,42.9530,10.7701,-5.0581,359.5363,350.6449,5.1279,-1.8345,0.9054,-1.0890,-0.1625,0.0081,0.9867
128.2580,125.83,42.9161,10.7882,-5.0799,359.5518,350.6360,5.0757,-1.8447,0.9022,-1.0888,-0.1627,0.0078,0.9866
128.2780,125.83,42.8791,10.8060,-5.1016,359.5676,350.6256,5.0136,-1.8541,0.8900,-1.0885,-0.1629,0.0075,0.9866
128.2980,125.83,42.8418,10.8237,-5.1234,359.5832,350.6141,4.9424,-1.8637,0.8855,-1.0882,-0.1631,0.0073,0.9866
128.3180,125.83,42.8043,10.8412,-5.1452,359.5990,350.6013,4.8622,-1.8725,0.8748,-1.0877,-0.1633,0.0070,0.9866
128.3380,125.83,42.7667,10.8586,-5.1669,359.6147,350.5876,4.7734,-1.8814,0.8696,-1.0872,-0.1635,0.0067,0.9865
128.3580,125.83,42.7289,10.8758,-5.1886,359.6304,350.5729,4.6763,-1.8896,0.8600,-1.0866,-0.1638,0.0065,0.9865
128.3780,125.83,42.6910,10.8928,-5.2104,359.6460,350.5574,4.5713,-1.8976,0.8542,-1.0859,-0.1641,0.0062,0.9864
128.3980,125.83,42.6529,10.9098,-5.2321,359.6616,350.5410,4.4586,-1.9050,0.8454,-1.0850,-0.1643,0.0059,0.9864
128.4180,125.83,42.6146,10.9265,-5.2537,359.6770,350.5240,4.3387,-1.9122,0.8394,-1.0841,-0.1646,0.0056,0.9863
128.4380,125.83,42.5762,10.9432,-5.2754,359.6924,350.5064,4.2117,-1.9188,0.8312,-1.0830,-0.1649,0.0054,0.9863
128.4580,125.83,42.5377,10.9597,-5.2970,359.7076,350.4882,4.0782,-1.9250,0.8250,-1.0818,-0.1652,0.0051,0.9862
128.4780,125.83,42.4991,10.9760,-5.3186,359.7227,350.4695,3.9382,-1.9307,0.8172,-1.0805,-0.1656,0.0048,0.9862
128.4980,121.63,42.4604,10.9922,-5.3402,359.7377,350.4505,3.7921,-1.9359,0.8109,-1.0791,-0.1659,0.0046,0.9861
128.5180,121.63,42.4216,11.0083,-5.3618,359.7526,350.4311,3.6403,-1.9405,0.8035,-1.0776,-0.1662,0.0043,0.9861
128.5380,121.63,42.3827,11.0242,-5.3833,359.7672,350.4113,3.4831,-1.9446,0.7971,-1.0760,-0.1666,0.0041,0.9860
128.5580,121.63,42.3437,11.0400,-5.4048,359.7817,350.3914,3.3206,-1.9482,0.7900,-1.0742,-0.1669,0.0038,0.9860
128.5780,121.63,42.3047,11.0557,-5.4262,359.7960,350.3712,3.1532,-1.9512,0.7835,-1.0723,-0.1673,0.0036,0.9859
128.5980,121.63,42.2657,11.0713,-5.4476,359.8101,350.3509,2.9812,-1.9536,0.7766,-1.0702,-0.1676,0.0033,0.9858
128.6180,121.63,42.2265,11.0867,-5.4690,359.8240,350.3305,2.8048,-1.9554,0.7701,-1.0681,-0.1680,0.0031,0.9858
128.6380,121.63,42.1874,11.1019,-5.4903,359.8377,350.3101,2.6244,-1.9567,0.7633,-1.0658,-0.1683,0.0028,0.9857
128.6580,121.63,42.1483,11.1171,-5.5116,359.8513,350.2896,2.4401,-1.9573,0.7568,-1.0634,-0.1687,0.0026,0.9857
128.6780,121.63,42.1091,11.1321,-5.5328,359.8646,350.2691,2.2523,-1.9573,0.7501,-1.0608,-0.1690,0.0024,0.9856
128.6980,121.63,42.0700,11.1469,-5.5540,359.8777,350.2487,2.0611,-1.9567,0.7436,-1.0581,-0.1694,0.0021,0.9856
128.7180,121.63,42.0309,11.1617,-5.5751,359.8906,350.2284,1.8669,-1.9555,0.7369,-1.0553,-0.1697,0.0019,0.9855
128.7380,121.63,41.9918,11.1763,-5.5961,359.9033,350.2081,1.6699,-1.9537,0.7304,-1.0523,-0.1701,0.0017,0.9854
128.7580,121.63,41.9528,11.1908,-5.6171,359.9157,350.1880,1.4703,-1.9512,0.7237,-1.0492,-0.1704,0.0015,0.9854
128.7780,121.63,41.9138,11.2051,-5.6380,359.9280,350.1681,1.2683,-1.9480,0.7172,-1.0460,-0.1708,0.0013,0.9853
128.7980,121.63,41.8749,11.2193,-5.6589,359.9400,350.1483,1.0642,-1.9442,0.7105,-1.0426,-0.1711,0.0010,0.9853
128.8180,121.63,41.8361,11.2334,-5.6797,359.9519,350.1287,0.8583,-1.9398,0.7039,-1.0391,-0.1714,0.0008,0.9852
128.8380,121.63,41.7975,11.2483,-5.7003,359.9610,350.1132,0.6764,-1.9302,0.7460,-1.0342,-0.1717,0.0007,0.9851
128.8580,121.63,41.7592,11.2635,-5.7209,359.9678,350.1019,0.5220,-1.9189,0.7593,-1.0290,-0.1719,0.0006,0.9851
128.8780,121.63,41.7210,11.2793,-5.7414,359.9722,350.0945,0.3920,-1.9080,0.7915,-1.0239,-0.1720,0.0005,0.9851
128.8980,121.63,41.6831,11.2956,-5.7618,359.9743,350.0907,0.2871,-1.8964,0.8111,-1.0186,-0.1721,0.0004,0.9851
128.9180,121.63,41.6454,11.3123,-5.7820,359.9743,350.0903,0.2054,-1.8849,0.8387,-1.0134,-0.1721,0.0004,0.9851
128.9380,121.63,41.6079,11.3296,-5.8022,359.9721,350.0930,0.1468,-1.8731,0.8610,-1.0082,-0.1720,0.0005,0.9851
128.9580,121.63,41.5707,11.3473,-5.8223,359.9680,350.0987,0.1102,-1.8614,0.8864,-1.0030,-0.1720,0.0006,0.9851
128.9780,121.63,41.5337,11.3655,-5.8422,359.9619,350.1071,0.0950,-1.8497,0.9095,-0.9979,-0.1718,0.0007,0.9851
128.9980,121.63,41.4969,11.3842,-5.8621,359.9539,350.1181,0.1004,-1.8382,0.9338,-0.9928,-0.1716,0.0008,0.9852
129.0180,121.63,41.4604,11.4033,-5.8818,359.9441,350.1313,0.1257,-1.8269,0.9570,-0.9879,-0.1714,0.0010,0.9852
129.0380,121.63,41.4241,11.4229,-5.9015,359.9326,350.1466,0.1702,-1.8159,0.9805,-0.9830,-0.1711,0.0012,0.9852
129.0580,121.63,41.3880,11.4430,-5.9211,359.9195,350.1639,0.2331,-1.8052,1.0033,-0.9783,-0.1708,0.0014,0.9853
129.0780,121.63,41.3521,11.4635,-5.9405,359.9047,350.1829,0.3137,-1.7949,1.0261,-0.9738,-0.1705,0.0017,0.9854
129.0980,121.63,41.3164,11.4845,-5.9599,359.8885,350.2035,0.4113,-1.7851,1.0484,-0.9694,-0.1701,0.0019,0.9854
129.1180,121.63,41.2808,11.5059,-5.9792,359.8708,350.2255,0.5253,-1.7758,1.0704,-0.9652,-0.1698,0.0023,0.9855
129.1380,121.63,41.2455,11.5277,-5.9984,359.8517,350.2487,0.6550,-1.7671,1.0919,-0.9611,-0.1694,0.0026,0.9855
129.1580,121.63,41.2102,11.5486,-6.0176,359.8340,350.2688,0.7721,-1.7638,1.0465,-0.9585,-0.1690,0.0029,0.9856
129.1780,121.63,41.1750,11.5699,-6.0367,359.8159,350.2863,0.8786,-1.7613,1.0633,-0.9559,-0.1687,0.0032,0.9857
129.1980,121.63,41.1398,11.5904,-6.0558,359.7991,350.3010,0.9725,-1.7587,1.0246,-0.9535,-0.1685,0.0035,0.9857
129.2180,121.63,41.1047,11.6111,-6.0748,359.7822,350.3133,1.0563,-1.7567,1.0359,-0.9512,-0.1683,0.0038,0.9857
129.2380,121.63,41.0696,11.6312,-6.0938,359.7663,350.3230,1.1285,-1.7545,1.0027,-0.9489,-0.1681,0.0041,0.9858
129.2580,121.63,41.0346,11.6514,-6.1127,359.7504,350.3307,1.1910,-1.7529,1.0096,-0.9468,-0.1680,0.0044,0.9858
129.2780,121.63,40.9995,11.6710,-6.1316,359.7355,350.3361,1.2427,-1.7510,0.9810,-0.9447,-0.1679,0.0046,0.9858
129.2980,121.63,40.9645,11.6907,-6.1505,359.7206,350.3397,1.2853,-1.7495,0.9844,-0.9426,-0.1678,0.0049,0.9858
129.3180,121.63,40.9296,11.7099,-6.1693,359.7066,350.3412,1.3179,-1.7478,0.9595,-0.9407,-0.1678,0.0051,0.9858
129.3380,121.63,40.8947,11.7301,-6.1881,359.6909,350.3448,1.3648,-1.7428,1.0101,-0.9381,-0.1677,0.0054,0.9858
129.3580,121.63,40.8600,11.7503,-6.2068,359.6741,350.3509,1.4317,-1.7358,1.0138,-0.9350,-0.1676,0.0057,0.9858
129.3780,121.63,40.8254,11.7713,-6.2254,359.6560,350.3590,1.5140,-1.7307,1.0472,-0.9325,-0.1675,0.0060,0.9859
129.3980,121.63,40.7909,11.7925,-6.2440,359.6367,350.3691,1.6135,-1.7250,1.0602,-0.9299,-0.1673,0.0063,0.9859
129.4180,121.63,40.7565,11.8142,-6.2626,359.6163,350.3810,1.7277,-1.7205,1.0859,-0.9277,-0.1671,0.0067,0.9859
129.4380,121.63,40.7222,11.8363,-6.2811,359.5950,350.3944,1.8572,-1.7161,1.1025,-0.9255,-0.1669,0.0071,0.9860
129.4580,121.63,40.6879,11.8587,-6.2996,359.5727,350.4093,2.0006,-1.7126,1.1244,-0.9236,-0.1666,0.0075,0.9860
129.4780,121.63,40.6537,11.8816,-6.3180,359.5495,350.4255,2.1577,-1.7095,1.1420,-0.9218,-0.1663,0.0079,0.9860
129.4980,126.59,40.6196,11.9048,-6.3364,359.5255,350.4428,2.3275,-1.7072,1.1617,-0.9203,-0.1660,0.0083,0.9861
129.5180,126.59,40.5855,11.9284,-6.3548,359.5009,350.4612,2.5097,-1.7054,1.1792,-0.9190,-0.1657,0.0087,0.9861
129.5380,126.59,40.5514,11.9524,-6.3731,359.4755,350.4805,2.7035,-1.7045,1.1973,-0.9179,-0.1654,0.0092,0.9862
129.5580,126.59,40.5173,11.9766,-6.3915,359.4496,350.5005,2.9085,-1.7043,1.2141,-0.9171,-0.1650,0.0096,0.9862
129.5780,126.59,40.4832,12.0013,-6.4098,359.4232,350.5213,3.1239,-1.7050,1.2308,-0.9165,-0.1647,0.0101,0.9863
129.5980,126.59,40.4491,12.0262,-6.4281,359.3963,350.5426,3.3492,-1.7064,1.2466,-0.9161,-0.1643,0.0105,0.9864
129.6180,126.59,40.4149,12.0514,-6.4465,359.3690,350.5643,3.5839,-1.7087,1.2621,-0.9160,-0.1639,0.0110,0.9864
129.6380,126.59,40.3806,12.0758,-6.4648,359.3440,350.5819,3.7994,-1.7142,1.2197,-0.9164,-0.1636,0.0114,0.9865
129.6580,126.59,40.3461,12.1004,-6.4831,359.3197,350.5959,3.9981,-1.7230,1.2299,-0.9177,-0.1634,0.0119,0.9865
129.6780,126.59,40.3116,12.1243,-6.5015,359.2975,350.6061,4.1780,-1.7299,1.1951,-0.9184,-0.1632,0.0123,0.9865
129.6980,126.59,40.2768,12.1483,-6.5199,359.2762,350.6132,4.3417,-1.7394,1.1995,-0.9199,-0.1631,0.0126,0.9865
129.7180,126.59,40.2418,12.1717,-6.5383,359.2566,350.6169,4.4879,-1.7472,1.1706,-0.9209,-0.1630,0.0130,0.9865
129.7380,126.59,40.2067,12.1952,-6.5568,359.2380,350.6179,4.6187,-1.7572,1.1707,-0.9226,-0.1630,0.0133,0.9865
129.7580,126.59,40.1714,12.2181,-6.5752,359.2211,350.6160,4.7330,-1.7658,1.1465,-0.9239,-0.1630,0.0136,0.9865
129.7780,126.59,40.1358,12.2410,-6.5938,359.2051,350.6117,4.8327,-1.7761,1.1434,-0.9256,-0.1631,0.0139,0.9865
129.7980,126.59,40.1001,12.2634,-6.6123,359.1906,350.6050,4.9169,-1.7853,1.1228,-0.9271,-0.1632,0.0141,0.9865
129.8180,126.59,40.0642,12.2858,-6.6309,359.1770,350.5962,4.9871,-1.7957,1.1174,-0.9290,-0.1634,0.0144,0.9865
129.8380,126.59,40.0281,12.3077,-6.6495,359.1648,350.5853,5.0430,-1.8053,1.0996,-0.9306,-0.1636,0.0146,0.9864
129.8580,126.59,39.9918,12.3304,-6.6681,359.1515,350.5768,5.1102,-1.8141,1.1336,-0.9325,-0.1637,0.0148,0.9864
129.8780,126.59,39.9554,12.3531,-6.6868,359.1378,350.5712,5.1925,-1.8193,1.1326,-0.9335,-0.1638,0.0150,0.9864
129.8980,126.59,39.9189,12.3762,-6.7055,359.1233,350.5679,5.2867,-1.8276,1.1566,-0.9354,-0.1639,0.0153,0.9864
129.9180,126.59,39.8822,12.3994,-6.7243,359.1084,350.5670,5.3940,-1.8342,1.1614,-0.9368,-0.1639,0.0156,0.9864
129.9380,126.59,39.8453,12.4230,-6.7430,359.0928,350.5681,5.5124,-1.8428,1.1796,-0.9387,-0.1639,0.0158,0.9864
129.9580,126.59,39.8083,12.4468,-6.7618,359.0769,350.5713,5.6425,-1.8507,1.1871,-0.9405,-0.1638,0.0161,0.9864
129.9780,126.59,39.7711,12.4708,-6.7807,359.0606,350.5762,5.7828,-1.8599,1.2018,-0.9426,-0.1637,0.0164,0.9864
129.9980,126.59,39.7338,12.4950,-6.7996,359.0440,350.5829,5.9334,-1.8689,1.2103,-0.9447,-0.1636,0.0167,0.9864
130.0180,126.59,39.6962,12.5195,-6.8185,359.0271,350.5911,6.0935,-1.8790,1.2227,-0.9471,-0.1635,0.0170,0.9864
130.0380,126.59,39.6584,12.5441,-6.8375,359.0100,350.6007,6.2627,-1.8893,1.2313,-0.9495,-0.1633,0.0173,0.9864
130.0580,126.59,39.6204,12.5689,-6.8566,358.9928,350.6116,6.4403,-1.9004,1.2419,-0.9522,-0.1631,0.0176,0.9865
130.0780,126.59,39.5821,12.5939,-6.8757,358.9755,350.6237,6.6260,-1.9119,1.2502,-0.9549,-0.1629,0.0179,0.9865
130.0980,126.59,39.5437,12.6191,-6.8948,358.9581,350.6368,6.8191,-1.9242,1.2593,-0.9578,-0.1627,0.0182,0.9865
130.1180,126.59,39.5049,12.6445,-6.9140,358.9407,350.6510,7.0194,-1.9370,1.2669,-0.9609,-0.1624,0.0185,0.9865
130.1380,126.59,39.4659,12.6700,-6.9333,358.9234,350.6660,7.2263,-1.9505,1.2748,-0.9642,-0.1622,0.0188,0.9866
130.1580,126.59,39.4266,12.6956,-6.9527,358.9062,350.6818,7.4392,-1.9647,1.2815,-0.9675,-0.1619,0.0191,0.9866
130.1780,126.59,39.3870,12.7214,-6.9721,358.8892,350.6983,7.6579,-1.9795,1.2882,-0.9711,-0.1616,0.0194,0.9867
130.1980,126.59,39.3471,12.7472,-6.9916,358.8723,350.7155,7.8818,-1.9951,1.2940,-0.9748,-0.1613,0.0197,0.9867
130.2180,126.59,39.3069,12.7732,-7.0112,358.8557,350.7332,8.1105,-2.0113,1.2995,-0.9787,-0.1610,0.0200,0.9868
130.2380,126.59,39.2663,12.7993,-7.0308,358.8394,350.7514,8.3437,-2.0282,1.3043,-0.9827,-0.1607,0.0203,0.9868
130.2580,126.59,39.2254,12.8255,-7.0506,358.8233,350.7700,8.5808,-2.0459,1.3087,-0.9869,-0.1604,0.0205,0.9868
130.2780,126.59,39.1841,12.8517,-7.0704,358.8076,350.7889,8.8215,-2.0642,1.3124,-0.9912,-0.1600,0.0208,0.9869
130.2980,126.59,39.1425,12.8781,-7.0903,358.7924,350.8082,9.0654,-2.0833,1.3157,-0.9957,-0.1597,0.0211,0.9869
130.3180,126.59,39.1004,12.9044,-7.1103,358.7775,350.8278,9.3121,-2.1031,1.3184,-1.0003,-0.1594,0.0213,0.9870
130.3380,126.59,39.0579,12.9308,-7.1304,358.7631,350.8475,9.5612,-2.1237,1.3206,-1.0051,-0.1590,0.0216,0.9870
130.3580,126.59,39.0150,12.9568,-7.1506,358.7515,350.8625,9.7844,-2.1467,1.2970,-1.0100,-0.1588,0.0218,0.9871
130.3780,126.59,38.9715,12.9827,-7.1709,358.7418,350.8731,9.9836,-2.1736,1.2961,-1.0159,-0.1586,0.0220,0.9871
130.3980,126.59,38.9275,13.0083,-7.1914,358.7346,350.8796,10.1576,-2.1985,1.2790,-1.0213,-0.1585,0.0221,0.9871
130.4180,126.59,38.8830,13.0338,-7.2119,358.7293,350.8822,10.3085,-2.2257,1.2744,-1.0271,-0.1584,0.0222,0.9871
130.4380,126.59,38.8380,13.0590,-7.2325,358.7262,350.8812,10.4359,-2.2517,1.2613,-1.0327,-0.1584,0.0222,0.9871
130.4580,126.59,38.7924,13.0841,-7.2533,358.7249,350.8770,10.5412,-2.2789,1.2551,-1.0385,-0.1585,0.0223,0.9871
130.4780,126.59,38.7463,13.1090,-7.2742,358.7256,350.8696,10.6245,-2.3056,1.2446,-1.0442,-0.1586,0.0222,0.9871
130.4980,125.64,38.6996,13.1338,-7.2952,358.7279,350.8595,10.6867,-2.3329,1.2377,-1.0500,-0.1588,0.0222,0.9871
130.5180,125.64,38.6525,13.1583,-7.3163,358.7319,350.8467,10.7283,-2.3597,1.2288,-1.0557,-0.1590,0.0221,0.9870
130.5380,125.64,38.6047,13.1828,-7.3375,358.7374,350.8317,10.7499,-2.3869,1.2220,-1.0615,-0.1593,0.0220,0.9870
130.5580,125.64,38.5562,13.2083,-7.3590,358.7566,350.8232,10.7571,-2.4237,1.2770,-1.0731,-0.1594,0.0217,0.9870
130.5780,125.64,38.5071,13.2343,-7.3807,358.7914,350.8218,10.7475,-2.4548,1.2989,-1.0834,-0.1595,0.0211,0.9870
130.5980,125.64,38.4574,13.2610,-7.4026,358.8402,350.8265,10.7232,-2.4884,1.3375,-1.0939,-0.1594,0.0202,0.9870
130.6180,125.64,38.4070,13.2884,-7.4246,358.9033,350.8373,10.6839,-2.5202,1.3668,-1.1037,-0.1592,0.0191,0.9871
130.6380,125.64,38.3559,13.3164,-7.4469,358.9798,350.8534,10.6305,-2.5523,1.4005,-1.1133,-0.1589,0.0178,0.9871
130.6580,125.64,38.3043,13.3450,-7.4693,359.0695,350.8746,10.5632,-2.5837,1.4313,-1.1222,-0.1586,0.0162,0.9872
130.6780,125.64,38.2520,13.3743,-7.4920,359.1718,350.9004,10.4827,-2.6147,1.4631,-1.1306,-0.1581,0.0145,0.9873
130.6980,125.64,38.1991,13.4042,-7.5147,359.2866,350.9303,10.3892,-2.6452,1.4939,-1.1384,-0.1576,0.0125,0.9874
130.7180,125.64,38.1456,13.4347,-7.5376,359.4133,350.9641,10.2832,-2.6751,1.5247,-1.1455,-0.1570,0.0102,0.9875
130.7380,125.64,38.0915,13.4658,-7.5607,359.5516,351.0011,10.1653,-2.7045,1.5550,-1.1519,-0.1564,0.0078,0.9877
130.7580,125.64,38.0368,13.4975,-7.5838,359.7011,351.0410,10.0358,-2.7332,1.5851,-1.1575,-0.1557,0.0052,0.9878
130.7780,125.64,37.9816,13.5298,-7.6071,359.8615,351.0835,9.8951,-2.7613,1.6149,-1.1623,-0.1550,0.0024,0.9879
130.7980,125.64,37.9258,13.5626,-7.6304,0.0323,351.1281,9.7437,-2.7887,1.6443,-1.1662,-0.1542,-0.0006,0.9880
130.8180,125.64,37.8695,13.5961,-7.6538,0.2133,351.1745,9.5820,-2.8153,1.6733,-1.1693,-0.1534,-0.0037,0.9882
130.8380,125.64,37.8127,13.6302,-7.6772,0.4041,351.2222,9.4103,-2.8412,1.7021,-1.1714,-0.1526,-0.0071,0.9883
130.8580,125.64,37.7553,13.6648,-7.7006,0.6044,351.2710,9.2291,-2.8664,1.7305,-1.1725,-0.1518,-0.0105,0.9884
130.8780,125.64,37.6975,13.6999,-7.7241,0.8137,351.3204,9.0387,-2.8907,1.7586,-1.1727,-0.1509,-0.0142,0.9884
130.8980,125.64,37.6392,13.7357,-7.7475,1.0319,351.3701,8.8395,-2.9142,1.7863,-1.1718,-0.1500,-0.0180,0.9885
130.9180,125.64,37.5805,13.7720,-7.7709,1.2585,351.4199,8.6318,-2.9368,1.8137,-1.1699,-0.1492,-0.0220,0.9886
130.9380,125.64,37.5213,13.8088,-7.7943,1.4933,351.4693,8.4161,-2.9586,1.8408,-1.1668,-0.1483,-0.0261,0.9886
130.9580,125.64,37.4617,13.8461,-7.8175,1.7358,351.5182,8.1925,-2.9795,1.8674,-1.1627,-0.1474,-0.0303,0.9886
130.9780,125.64,37.4017,13.8840,-7.8407,1.9859,351.5661,7.9615,-2.9994,1.8937,-1.1575,-0.1466,-0.0347,0.9886
130.9980,125.64,37.3415,13.9210,-7.8637,2.2281,351.6060,7.7165,-3.0104,1.8503,-1.1489,-0.1459,-0.0389,0.9885
131.0180,125.64,37.2810,13.9581,-7.8864,2.4603,351.6383,7.4642,-3.0261,1.8555,-1.1381,-0.1453,-0.0429,0.9885
131.0380,125.64,37.2203,13.9946,-7.9090,2.6832,351.6632,7.2012,-3.0369,1.8252,-1.1276,-0.1448,-0.0468,0.9883
131.0580,125.64,37.1593,14.0311,-7.9313,2.8963,351.6814,6.9310,-3.0496,1.8207,-1.1155,-0.1445,-0.0505,0.9882
131.0780,125.64,37.0981,14.0670,-7.9533,3.0999,351.6933,6.6520,-3.0595,1.7974,-1.1033,-0.1443,-0.0541,0.9881
131.0980,125.64,37.0367,14.1028,-7.9751,3.2938,351.6992,6.3663,-3.0698,1.7879,-1.0900,-0.1441,-0.0575,0.9879
131.1180,125.64,36.9751,14.1381,-7.9967,3.4781,351.6997,6.0732,-3.0782,1.7684,-1.0764,-0.1441,-0.0607,0.9877
131.1380,125.64,36.9134,14.1733,-8.0179,3.6529,351.6951,5.7739,-3.0864,1.7564,-1.0619,-0.1441,-0.0637,0.9875
131.1580,125.64,36.8515,14.2081,-8.0388,3.8183,351.6858,5.4684,-3.0931,1.7389,-1.0470,-0.1443,-0.0666,0.9873
131.1780,125.64,36.7894,14.2439,-8.0595,3.9905,351.6762,5.1619,-3.1048,1.7923,-1.0313,-0.1444,-0.0696,0.9871
131.1980,125.64,36.7272,14.2800,-8.0798,4.1728,351.6667,4.8512,-3.1115,1.8029,-1.0179,-0.1445,-0.0728,0.9868
131.2180,125.64,36.6648,14.3167,-8.0999,4.3629,351.6565,4.5389,-3.1192,1.8386,-1.0017,-0.1447,-0.0761,0.9865
131.2380,125.64,36.6023,14.3539,-8.1196,4.5617,351.6455,4.2238,-3.1245,1.8581,-0.9859,-0.1448,-0.0795,0.9863
131.2580,125.64,36.5398,14.3917,-8.1389,4.7681,351.6334,3.9070,-3.1292,1.8868,-0.9684,-0.1450,-0.0831,0.9859
131.2780,125.64,36.4771,14.4298,-8.1580,4.9823,351.6198,3.5883,-3.1325,1.9091,-0.9505,-0.1452,-0.0868,0.9856
131.2980,125.64,36.4144,14.4685,-8.1766,5.2036,351.6044,3.2680,-3.1348,1.9345,-0.9313,-0.1454,-0.0907,0.9852
131.3180,125.64,36.3517,14.5077,-8.1948,5.4320,351.5872,2.9463,-3.1358,1.9571,-0.9115,-0.1456,-0.0947,0.9848
131.3380,125.64,36.2890,14.5473,-8.2126,5.6669,351.5677,2.6235,-3.1358,1.9807,-0.8904,-0.1459,-0.0987,0.9844
131.3580,125.64,36.2263,14.5874,-8.2300,5.9083,351.5460,2.2998,-3.1345,2.0027,-0.8686,-0.1462,-0.1029,0.9839
131.3780,125.64,36.1636,14.6279,-8.2469,6.1558,351.5216,1.9752,-3.1322,2.0249,-0.8456,-0.1466,-0.1072,0.9834
131.3980,125.64,36.1011,14.6688,-8.2633,6.4090,351.4945,1.6501,-3.1288,2.0460,-0.8217,-0.1470,-0.1116,0.9828
131.4180,125.64,36.0386,14.7101,-8.2793,6.6676,351.4646,1.3246,-3.1243,2.0669,-0.7968,-0.1474,-0.1161,0.9822
131.4380,125.64,35.9762,14.7519,-8.2947,6.9315,351.4316,0.9990,-3.1187,2.0870,-0.7708,-0.1479,-0.1207,0.9816
131.4580,125.64,35.9140,14.7940,-8.3096,7.2004,351.3955,0.6734,-3.1120,2.1066,-0.7438,-0.1484,-0.1253,0.9809
131.4780,125.64,35.8519,14.8365,-8.3239,7.4738,351.3561,0.3480,-3.1043,2.1256,-0.7158,-0.1490,-0.1301,0.9802
131.4980,123.33,35.7900,14.8794,-8.3376,7.7517,351.3134,0.0230,-3.0955,2.1439,-0.6867,-0.1496,-0.1349,0.9795
131.5180,123.33,35.7283,14.9227,-8.3507,8.0337,351.2672,359.6985,-3.0858,2.1617,-0.6566,-0.1503,-0.1398,0.9787
131.5380,123.33,35.6668,14.9663,-8.3633,8.3196,351.2176,359.3749,-3.0750,2.1788,-0.6255,-0.1511,-0.1447,0.9779
131.5580,123.33,35.6055,15.0102,-8.3751,8.6092,351.1644,359.0522,-3.0632,2.1952,-0.5933,-0.1519,-0.1497,0.9770
131.5780,123.33,35.5445,15.0544,-8.3863,8.9022,351.1075,358.7307,-3.0505,2.2110,-0.5600,-0.1527,-0.1547,0.9761
131.5980,123.33,35.4838,15.0989,-8.3968,9.1983,351.0470,358.4106,-3.0368,2.2262,-0.5257,-0.1536,-0.1599,0.9751
131.6180,123.33,35.4233,15.1437,-8.4066,9.4975,350.9827,358.0920,-3.0222,2.2406,-0.4903,-0.1546,-0.1650,0.9741
131.6380,123.33,35.3632,15.1888,-8.4157,9.7993,350.9147,357.7751,-3.0066,2.2540,-0.4539,-0.1556,-0.1702,0.9730
131.6580,123.33,35.3034,15.2341,-8.4240,10.1034,350.8430,357.4604,-2.9902,2.2658,-0.4166,-0.1567,-0.1754,0.9719
131.6780,123.33,35.2439,15.2797,-8.4316,10.4094,350.7675,357.1482,-2.9729,2.2763,-0.3783,-0.1578,-0.1807,0.9708
131.6980,123.33,35.1848,15.3254,-8.4384,10.7169,350.6883,356.8387,-2.9547,2.2853,-0.3391,-0.1590,-0.1860,0.9696
131.7180,123.33,35.1262,15.3708,-8.4444,11.0216,350.5994,356.5520,-2.9320,2.2688,-0.3022,-0.1603,-0.1912,0.9684
131.7380,123.33,35.0680,15.4162,-8.4496,11.3211,350.5026,356.2864,-2.9087,2.2714,-0.2600,-0.1618,-0.1963,0.9671
131.7580,123.33,35.0103,15.4614,-8.4540,11.6165,350.3974,356.0427,-2.8851,2.2597,-0.2200,-0.1634,-0.2014,0.9658
131.7780,123.33,34.9531,15.5066,-8.4576,11.9066,350.2852,355.8195,-2.8611,2.2579,-0.1768,-0.1651,-0.2063,0.9645
131.7980,123.33,34.8964,15.5515,-8.4602,12.1919,350.1661,355.6172,-2.8368,2.2484,-0.1344,-0.1669,-0.2112,0.9631
131.8180,123.33,34.8401,15.5964,-8.4620,12.4717,350.0412,355.4347,-2.8124,2.2440,-0.0898,-0.1689,-0.2160,0.9617
131.8380,123.33,34.7844,15.6411,-8.4630,12.7462,349.9108,355.2720,-2.7878,2.2355,-0.0454,-0.1709,-0.2206,0.9603
131.8580,123.33,34.7291,15.6857,-8.4629,13.0151,349.7756,355.1286,-2.7632,2.2295,0.0005,-0.1729,-0.2252,0.9588
131.8780,123.33,34.6743,15.7302,-8.4620,13.2782,349.6362,355.0043,-2.7387,2.2212,0.0467,-0.1751,-0.2297,0.9574
131.8980,123.33,34.6200,15.7745,-8.4601,13.5354,349.4933,354.8985,-2.7142,2.2142,0.0940,-0.1773,-0.2340,0.9559
131.9180,123.33,34.5662,15.8186,-8.4573,13.7867,349.3474,354.8110,-2.6899,2.2059,0.1417,-0.1795,-0.2383,0.9545
131.9380,123.33,34.5129,15.8625,-8.4535,14.0319,349.1992,354.7414,-2.6658,2.1981,0.1903,-0.1818,-0.2425,0.9530
131.9580,123.33,34.4601,15.9063,-8.4487,14.2710,349.0491,354.6894,-2.6419,2.1895,0.2394,-0.1841,-0.2465,0.9515
131.9780,123.33,34.4077,15.9500,-8.4429,14.5039,348.8979,354.6548,-2.6184,2.1812,0.2892,-0.1864,-0.2504,0.9500
131.9980,123.33,34.3558,15.9934,-8.4361,14.7304,348.7459,354.6371,-2.5953,2.1723,0.3395,-0.1887,-0.2543,0.9485
132.0180,123.33,34.3044,16.0367,-8.4283,14.9505,348.5938,354.6361,-2.5727,2.1634,0.3904,-0.1911,-0.2580,0.9471
132.0380,123.33,34.2533,16.0798,-8.4195,15.1709,348.4491,354.6364,-2.5537,2.1570,0.4405,-0.1933,-0.2617,0.9456
132.0580,123.33,34.2026,16.1228,-8.4097,15.3914,348.3119,354.6376,-2.5353,2.1487,0.4906,-0.1953,-0.2654,0.9441
132.0780,123.33,34.1522,16.1656,-8.3989,15.6117,348.1822,354.6398,-2.5173,2.1407,0.5414,-0.1972,-0.2691,0.9427
132.0980,123.33,34.1022,16.2082,-8.3870,15.8316,348.0599,354.6432,-2.4996,2.1311,0.5923,-0.1990,-0.2728,0.9413
132.1180,123.33,34.0526,16.2507,-8.3741,16.0507,347.9450,354.6478,-2.4824,2.1216,0.6438,-0.2007,-0.2765,0.9398
132.1380,123.33,34.0032,16.2923,-8.3603,16.2418,347.8511,354.6571,-2.4679,2.0800,0.6922,-0.2021,-0.2797,0.9386
132.1580,123.33,33.9542,16.3336,-8.3453,16.4076,347.7759,354.6708,-2.4526,2.0644,0.7482,-0.2031,-0.2825,0.9375
132.1780,123.33,33.9054,16.3742,-8.3293,16.5464,347.7200,354.6888,-2.4385,2.0315,0.7995,-0.2039,-0.2848,0.9367
132.1980,123.33,33.8569,16.4144,-8.3122,16.6604,347.6816,354.7105,-2.4241,2.0115,0.8545,-0.2044,-0.2867,0.9360
132.2180,123.33,33.8087,16.4541,-8.2941,16.7491,347.6606,354.7356,-2.4102,1.9837,0.9071,-0.2046,-0.2882,0.9355
132.2380,123.33,33.7608,16.4933,-8.2749,16.8137,347.6555,354.7637,-2.3964,1.9622,0.9614,-0.2046,-0.2893,0.9351
132.2580,123.33,33.7131,16.5321,-8.2546,16.8543,347.6660,354.7944,-2.3829,1.9375,1.0146,-0.2044,-0.2899,0.9350
132.2780,123.33,33.6658,16.5704,-8.2332,16.8719,347.6909,354.8272,-2.3695,1.9159,1.0684,-0.2040,-0.2902,0.9350
132.2980,123.33,33.6186,16.6083,-8.2108,16.8667,347.7296,354.8616,-2.3563,1.8932,1.1215,-0.2034,-0.2901,0.9351
132.3180,123.33,33.5718,16.6457,-8.1873,16.8395,347.7810,354.8973,-2.3431,1.8722,1.1747,-0.2026,-0.2897,0.9354
132.3380,123.33,33.5252,16.6827,-8.1627,16.7907,347.8445,354.9337,-2.3301,1.8511,1.2273,-0.2016,-0.2889,0.9359
132.3580,123.33,33.4788,16.7194,-8.1371,16.7209,347.9191,354.9704,-2.3171,1.8310,1.2797,-0.2004,-0.2877,0.9365
132.3780,123.33,33.4327,16.7556,-8.1105,16.6307,348.0040,355.0069,-2.3041,1.8112,1.3315,-0.1991,-0.2862,0.9372
132.3980,123.33,33.3869,16.7914,-8.0829,16.5207,348.0983,355.0428,-2.2912,1.7921,1.3829,-0.1977,-0.2844,0.9381
132.4180,123.33,33.3414,16.8269,-8.0542,16.3914,348.2014,355.0776,-2.2782,1.7734,1.4336,-0.1962,-0.2822,0.9391
132.4380,123.33,33.2961,16.8620,-8.0245,16.2433,348.3123,355.1111,-2.2652,1.7553,1.4837,-0.1945,-0.2797,0.9402
132.4580,123.33,33.2510,16.8968,-7.9938,16.0771,348.4302,355.1426,-2.2521,1.7377,1.5330,-0.1927,-0.2769,0.9414
132.4780,123.33,33.2062,16.9312,-7.9622,15.8933,348.5545,355.1720,-2.2389,1.7206,1.5816,-0.1908,-0.2738,0.9426
132.4980,124.60,33.1617,16.9652,-7.9296,15.6925,348.6844,355.1988,-2.2256,1.7040,1.6293,-0.1889,-0.2705,0.9440
132.5180,124.60,33.1175,16.9990,-7.8961,15.4753,348.8190,355.2227,-2.2121,1.6878,1.6761,-0.1869,-0.2668,0.9455
132.5380,124.60,33.0735,17.0324,-7.8617,15.2422,348.9579,355.2435,-2.1986,1.6720,1.7220,-0.1848,-0.2629,0.9470
132.5580,124.60,33.0298,17.0656,-7.8263,14.9938,349.1001,355.2609,-2.1848,1.6567,1.7669,-0.1827,-0.2587,0.9485
132.5780,124.60,32.9864,17.0984,-7.7901,14.7307,349.2452,355.2745,-2.1708,1.6417,1.8107,-0.1805,-0.2543,0.9501
132.5980,124.60,32.9433,17.1310,-7.7530,14.4534,349.3925,355.2843,-2.1566,1.6271,1.8534,-0.1783,-0.2496,0.9518
132.6180,124.60,32.9004,17.1632,-7.7151,14.1625,349.5413,355.2900,-2.1422,1.6128,1.8950,-0.1760,-0.2447,0.9535
132.6380,124.60,32.8579,17.1952,-7.6764,13.8586,349.6912,355.2916,-2.1275,1.5989,1.9354,-0.1737,-0.2395,0.9552
132.6580,124.60,32.8156,17.2269,-7.6369,13.5423,349.8416,355.2888,-2.1125,1.5852,1.9746,-0.1715,-0.2342,0.9570
132.6780,124.60,32.7737,17.2584,-7.5967,13.2140,349.9919,355.2816,-2.0973,1.5719,2.0125,-0.1692,-0.2286,0.9587
132.6980,124.60,32.7321,17.2895,-7.5557,12.8744,350.1418,355.2700,-2.0817,1.5587,2.0492,-0.1669,-0.2228,0.9605
132.7180,124.60,32.6907,17.3205,-7.5140,12.5240,350.2908,355.2539,-2.0659,1.5458,2.0845,-0.1646,-0.2168,0.9622
132.7380,124.60,32.6498,17.3511,-7.4716,12.1634,350.4384,355.2333,-2.0497,1.5331,2.1184,-0.1624,-0.2107,0.9640
132.7580,124.60,32.6091,17.3815,-7.4286,11.7930,350.5843,355.2083,-2.0332,1.5206,2.1510,-0.1601,-0.2044,0.9657
132.7780,124.60,32.5688,17.4117,-7.3850,11.4134,350.7280,355.1789,-2.0164,1.5082,2.1821,-0.1579,-0.1979,0.9674
132.7980,124.60,32.5288,17.4416,-7.3407,11.0252,350.8694,355.1451,-1.9992,1.4959,2.2119,-0.1558,-0.1912,0.9691
132.8180,124.60,32.4892,17.4713,-7.2959,10.6289,351.0080,355.1071,-1.9816,1.4837,2.2401,-0.1536,-0.1844,0.9708
132.8380,124.60,32.4499,17.5007,-7.2506,10.2249,351.1436,355.0651,-1.9637,1.4716,2.2669,-0.1515,-0.1775,0.9724
132.8580,124.60,32.4110,17.5299,-7.2047,9.8138,351.2760,355.0190,-1.9455,1.4596,2.2922,-0.1495,-0.1704,0.9740
132.8780,124.60,32.3724,17.5589,-7.1584,9.3961,351.4049,354.9692,-1.9268,1.4476,2.3160,-0.1474,-0.1633,0.9755
132.8980,124.60,32.3343,17.5880,-7.1117,8.9996,351.5175,354.9157,-1.9054,1.4527,2.3354,-0.1457,-0.1564,0.9769
132.9180,124.60,32.2967,17.6169,-7.0647,8.6255,351.6136,354.8592,-1.8842,1.4477,2.3513,-0.1442,-0.1500,0.9781
132.9380,124.60,32.2594,17.6460,-7.0173,8.2726,351.6944,354.8004,-1.8621,1.4517,2.3678,-0.1430,-0.1439,0.9792
132.9580,124.60,32.2226,17.6749,-6.9697,7.9409,351.7601,354.7401,-1.8401,1.4488,2.3819,-0.1419,-0.1382,0.9802
132.9780,124.60,32.1863,17.7040,-6.9218,7.6296,351.8117,354.6785,-1.8174,1.4521,2.3960,-0.1412,-0.1328,0.9810
132.9980,124.60,32.1504,17.7330,-6.8736,7.3384,351.8497,354.6164,-1.7948,1.4508,2.4084,-0.1406,-0.1277,0.9818
133.0180,124.60,32.1149,17.7621,-6.8252,7.0667,351.8748,354.5542,-1.7716,1.4536,2.4205,-0.1403,-0.1230,0.9824
133.0380,124.60,32.0800,17.7912,-6.7766,6.8141,351.8875,354.4923,-1.7484,1.4534,2.4314,-0.1401,-0.1186,0.9830
133.0580,124.60,32.0454,17.8197,-6.7277,6.5537,351.9009,354.4326,-1.7278,1.4276,2.4439,-0.1400,-0.1141,0.9836
133.0780,124.60,32.0113,17.8482,-6.6785,6.2868,351.9144,354.3750,-1.7052,1.4246,2.4583,-0.1398,-0.1095,0.9841
133.0980,124.60,31.9776,17.8763,-6.6291,6.0125,351.9285,354.3195,-1.6838,1.4039,2.4698,-0.1396,-0.1047,0.9846
133.1180,124.60,31.9444,17.9042,-6.5795,5.7321,351.9425,354.2662,-1.6611,1.3972,2.4818,-0.1395,-0.0999,0.9852
133.1380,124.60,31.9116,17.9318,-6.5297,5.4453,351.9568,354.2150,-1.6391,1.3795,2.4917,-0.1393,-0.0949,0.9857
133.1580,124.60,31.8793,17.9592,-6.4796,5.1531,351.9709,354.1658,-1.6162,1.3707,2.5016,-0.1391,-0.0898,0.9862
133.1780,124.60,31.8475,17.9869,-6.4295,4.8806,351.9726,354.1178,-1.5905,1.3814,2.5070,-0.1391,-0.0851,0.9866
133.1980,124.60,31.8162,18.0145,-6.3793,4.6292,351.9618,354.0714,-1.5655,1.3809,2.5100,-0.1394,-0.0807,0.9869
133.2180,124.60,31.7854,18.0423,-6.3290,4.3976,351.9394,354.0269,-1.5396,1.3895,2.5135,-0.1398,-0.0767,0.9872
133.2380,124.60,31.7551,18.0701,-6.2787,4.1859,351.9059,353.9846,-1.5141,1.3914,2.5155,-0.1404,-0.0730,0.9874
133.2580,124.60,31.7254,18.0981,-6.2284,3.9931,351.8623,353.9447,-1.4880,1.3986,2.5176,-0.1412,-0.0696,0.9875
133.2780,124.60,31.6961,18.1261,-6.1780,3.8192,351.8088,353.9076,-1.4622,1.4021,2.5187,-0.1422,-0.0666,0.9876
133.2980,124.60,31.6673,18.1536,-6.1275,3.6373,351.7595,353.8744,-1.4404,1.3712,2.5224,-0.1430,-0.0634,0.9877
133.3180,124.60,31.6390,18.1810,-6.0770,3.4489,351.7134,353.8446,-1.4157,1.3712,2.5277,-0.1439,-0.0602,0.9878
133.3380,124.60,31.6111,18.2079,-6.0264,3.2528,351.6713,353.8185,-1.3934,1.3458,2.5308,-0.1446,-0.0567,0.9879
133.3580,124.60,31.5837,18.2347,-5.9757,3.0505,351.6321,353.7956,-1.3689,1.3417,2.5345,-0.1453,-0.0532,0.9880
133.3780,124.60,31.5568,18.2611,-5.9249,2.8416,351.5963,353.7762,-1.3462,1.3200,2.5365,-0.1460,-0.0496,0.9880
133.3980,124.60,31.5304,18.2874,-5.8742,2.6270,351.5630,353.7599,-1.3220,1.3131,2.5386,-0.1466,-0.0458,0.9881
133.4180,124.60,31.5045,18.3140,-5.8234,2.4314,351.5200,353.7462,-1.2946,1.3282,2.5360,-0.1473,-0.0424,0.9882
133.4380,124.60,31.4791,18.3406,-5.7728,2.2564,351.4666,353.7356,-1.2682,1.3313,2.5318,-0.1483,-0.0394,0.9882
133.4580,124.60,31.4543,18.3675,-5.7223,2.1005,351.4043,353.7280,-1.2410,1.3434,2.5279,-0.1494,-0.0367,0.9881
133.4780,124.60,31.4300,18.3945,-5.6718,1.9641,351.3332,353.7239,-1.2145,1.3492,2.5231,-0.1506,-0.0343,0.9880
133.4980,124.60,31.4062,18.4208,-5.6214,1.8204,351.2675,353.7238,-1.1930,1.3153,2.5218,-0.1517,-0.0318,0.9879
133.5180,124.31,31.3828,18.4471,-5.5709,1.6705,351.2062,353.7270,-1.1679,1.3176,2.5215,-0.1528,-0.0292,0.9878
133.5380,124.31,31.3599,18.4729,-5.5205,1.5134,351.1500,353.7339,-1.1461,1.2892,2.5197,-0.1538,-0.0264,0.9877
133.5580,124.31,31.3374,18.4986,-5.4702,1.3506,351.0978,353.7438,-1.1216,1.2872,2.5183,-0.1547,-0.0236,0.9877
133.5780,124.31,31.3154,18.5239,-5.4199,1.1814,351.0501,353.7572,-1.0995,1.2629,2.5156,-0.1555,-0.0206,0.9876
133.5980,124.31,31.2940,18.5498,-5.3697,1.0294,350.9945,353.7728,-1.0708,1.2952,2.5094,-0.1565,-0.0180,0.9875
133.6180,124.31,31.2731,18.5756,-5.3197,0.8994,350.9294,353.7925,-1.0453,1.2920,2.5005,-0.1576,-0.0157,0.9874
133.6380,124.31,31.2528,18.6019,-5.2698,0.7877,350.8569,353.8151,-1.0178,1.3131,2.4927,-0.1589,-0.0137,0.9872
133.6580,124.31,31.2329,18.6283,-5.2201,0.6959,350.7767,353.8415,-0.9920,1.3177,2.4839,-0.1603,-0.0121,0.9870
133.6780,124.31,31.2136,18.6549,-5.1706,0.6219,350.6902,353.8711,-0.9653,1.3336,2.4755,-0.1618,-0.0109,0.9868
133.6980,124.31,31.1947,18.6807,-5.1212,0.5396,350.6110,353.9047,-0.9459,1.2898,2.4710,-0.1631,-0.0094,0.9866
133.7180,124.31,31.1763,18.7067,-5.0718,0.4506,350.5376,353.9409,-0.9213,1.3000,2.4674,-0.1644,-0.0079,0.9864
133.7380,124.31,31.1582,18.7320,-5.0226,0.3534,350.4709,353.9806,-0.9016,1.2636,2.4627,-0.1655,-0.0062,0.9862
133.7580,124.31,31.1407,18.7574,-4.9734,0.2499,350.4095,354.0226,-0.8780,1.2678,2.4582,-0.1666,-0.0044,0.9860
133.7780,124.31,31.1236,18.7830,-4.9245,0.1645,350.3415,354.0674,-0.8524,1.2829,2.4484,-0.1678,-0.0029,0.9858
133.7980,124.31,31.1071,18.8089,-4.8757,0.0982,350.2668,354.1154,-0.8272,1.2946,2.4381,-0.1691,-0.0017,0.9856
133.8180,124.31,31.0911,18.8351,-4.8271,0.0501,350.1864,354.1666,-0.8021,1.3088,2.4279,-0.1704,-0.0009,0.9854
133.8380,124.31,31.0755,18.8615,-4.7788,0.0199,350.1007,354.2209,-0.7773,1.3213,2.4176,-0.1719,-0.0003,0.9851
133.8580,124.31,31.0604,18.8882,-4.7306,0.0070,350.0104,354.2783,-0.7528,1.3349,2.4074,-0.1735,-0.0001,0.9848
133.8780,124.31,31.0457,18.9140,-4.6826,359.9848,349.9284,354.3391,-0.7352,1.2918,2.4019,-0.1749,0.0003,0.9846
133.8980,124.31,31.0315,18.9401,-4.6347,359.9543,349.8534,354.4016,-0.7131,1.3006,2.3970,-0.1762,0.0008,0.9844
133.9180,124.31,31.0176,18.9653,-4.5868,359.9145,349.7861,354.4671,-0.6954,1.2643,2.3916,-0.1773,0.0015,0.9842
133.9380,124.31,31.0041,18.9907,-4.5391,359.8669,349.7251,354.5343,-0.6744,1.2677,2.3863,-0.1784,0.0023,0.9840
133.9580,124.31,30.9911,19.0164,-4.4916,359.8361,349.6594,354.6037,-0.6511,1.2858,2.3758,-0.1795,0.0029,0.9838
133.9780,124.31,30.9785,19.0424,-4.4443,359.8233,349.5888,354.6759,-0.6285,1.2981,2.3650,-0.1807,0.0031,0.9835
133.9980,124.31,30.9664,19.0687,-4.3972,359.8275,349.5141,354.7506,-0.6060,1.3142,2.3543,-0.1820,0.0030,0.9833
134.0180,124.31,30.9547,19.0952,-4.3503,359.8484,349.4357,354.8280,-0.5840,1.3277,2.3438,-0.1833,0.0026,0.9830
134.0380,124.31,30.9434,19.1221,-4.3037,359.8855,349.3542,354.9078,-0.5624,1.3427,2.3335,-0.1847,0.0020,0.9828
134.0580,124.31,30.9325,19.1480,-4.2571,359.9117,349.2815,354.9903,-0.5475,1.2977,2.3283,-0.1860,0.0015,0.9826
134.0780,124.31,30.9219,19.1742,-4.2106,359.9282,349.2162,355.0738,-0.5285,1.3077,2.3236,-0.1871,0.0013,0.9823
134.0980,124.31,30.9117,19.1996,-4.1642,359.9339,349.1590,355.1596,-0.5137,1.2697,2.3185,-0.1881,0.0012,0.9822
134.1180,124.31,30.9017,19.2251,-4.1180,359.9304,349.1085,355.2462,-0.4959,1.2742,2.3137,-0.1889,0.0012,0.9820
134.1380,124.31,30.8921,19.2499,-4.0718,359.9167,349.0650,355.3347,-0.4814,1.2416,2.3085,-0.1897,0.0015,0.9818
134.1580,124.31,30.8829,19.2756,-4.0258,359.9161,349.0187,355.4236,-0.4601,1.2866,2.2993,-0.1905,0.0015,0.9817
134.1780,124.31,30.8741,19.3013,-3.9801,359.9355,348.9678,355.5158,-0.4421,1.2847,2.2882,-0.1914,0.0011,0.9815
134.1980,124.31,30.8656,19.3276,-3.9345,359.9696,348.9142,355.6092,-0.4229,1.3121,2.2786,-0.1923,0.0005,0.9813
134.2180,124.31,30.8575,19.3540,-3.8891,0.0207,348.8575,355.7049,-0.4053,1.3202,2.2684,-0.1932,-0.0004,0.9811
134.2380,124.31,30.8496,19.3796,-3.8438,0.0608,348.8084,355.8022,-0.3929,1.2815,2.2635,-0.1941,-0.0011,0.9810
134.2580,124.31,30.8421,19.4053,-3.7987,0.0906,348.7661,355.8997,-0.3780,1.2863,2.2592,-0.1948,-0.0016,0.9808
134.2780,124.31,30.8348,19.4304,-3.7536,0.1091,348.7306,355.9985,-0.3660,1.2530,2.2546,-0.1954,-0.0019,0.9807
134.2980,124.31,30.8277,19.4554,-3.7086,0.1179,348.7011,356.0975,-0.3521,1.2537,2.2502,-0.1959,-0.0021,0.9806
134.3180,124.31,30.8209,19.4799,-3.6637,0.1163,348.6776,356.1973,-0.3405,1.2248,2.2455,-0.1963,-0.0020,0.9805
134.3380,124.31,30.8144,19.5053,-3.6189,0.1274,348.6517,356.2969,-0.3237,1.2687,2.2369,-0.1968,-0.0022,0.9804
134.3580,124.31,30.8082,19.5307,-3.5744,0.1580,348.6219,356.3989,-0.3093,1.2686,2.2264,-0.1973,-0.0028,0.9803
134.3780,124.31,30.8024,19.5566,-3.5300,0.2031,348.5897,356.5014,-0.2942,1.2961,2.2173,-0.1978,-0.0035,0.9802
134.3980,124.31,30.7968,19.5827,-3.4859,0.2647,348.5550,356.6053,-0.2803,1.3054,2.2078,-0.1984,-0.0046,0.9801
134.4180,124.31,30.7914,19.6092,-3.4419,0.3405,348.5186,356.7100,-0.2665,1.3260,2.1990,-0.1990,-0.0059,0.9800
134.4380,124.31,30.7863,19.6348,-3.3980,0.4037,348.4891,356.8156,-0.2583,1.2763,2.1949,-0.1995,-0.0070,0.9799
134.4580,124.31,30.7813,19.6606,-3.3542,0.4557,348.4654,356.9206,-0.2472,1.2909,2.1917,-0.2000,-0.0080,0.9798
134.4780,124.31,30.7765,19.6856,-3.3104,0.4951,348.4478,357.0262,-0.2393,1.2490,2.1880,-0.2003,-0.0086,0.9797
134.4980,124.31,30.7719,19.7107,-3.2667,0.5238,348.4353,357.1310,-0.2294,1.2573,2.1847,-0.2005,-0.0091,0.9797
134.5180,121.25,30.7675,19.7351,-3.2231,0.5408,348.4280,357.2361,-0.2219,1.2216,2.1809,-0.2006,-0.0094,0.9796
134.5380,121.25,30.7633,19.7606,-3.1796,0.5694,348.4192,357.3401,-0.2100,1.2710,2.1739,-0.2007,-0.0099,0.9796
134.5580,121.25,30.7593,19.7859,-3.1363,0.6172,348.4072,357.4459,-0.1999,1.2679,2.1644,-0.2009,-0.0108,0.9795
134.5780,121.25,30.7555,19.8119,-3.0932,0.6784,348.3937,357.5514,-0.1896,1.2978,2.1568,-0.2012,-0.0118,0.9795
134.5980,121.25,30.7519,19.8380,-3.0502,0.7556,348.3783,357.6576,-0.1802,1.3055,2.1485,-0.2014,-0.0132,0.9794
134.6180,121.25,30.7484,19.8633,-3.0073,0.8202,348.3682,357.7636,-0.1746,1.2673,2.1453,-0.2016,-0.0143,0.9794
134.6380,121.25,30.7451,19.8888,-2.9645,0.8731,348.3627,357.8685,-0.1679,1.2720,2.1429,-0.2017,-0.0152,0.9793
134.6580,121.25,30.7418,19.9136,-2.9217,0.9134,348.3620,357.9730,-0.1628,1.2390,2.1400,-0.2017,-0.0159,0.9793
134.6780,121.25,30.7387,19.9384,-2.8789,0.9427,348.3652,358.0762,-0.1570,1.2397,2.1376,-0.2016,-0.0165,0.9793
134.6980,121.25,30.7356,19.9626,-2.8362,0.9601,348.3725,358.1787,-0.1524,1.2109,2.1348,-0.2015,-0.0168,0.9793
134.7180,121.25,30.7327,19.9877,-2.7936,0.9894,348.3783,358.2799,-0.1451,1.2557,2.1286,-0.2014,-0.0173,0.9794
134.7380,121.25,30.7299,20.0128,-2.7512,1.0369,348.3817,358.3817,-0.1388,1.2550,2.1203,-0.2014,-0.0181,0.9794
134.7580,121.25,30.7273,20.0385,-2.7090,1.0979,348.3838,358.4828,-0.1326,1.2834,2.1137,-0.2013,-0.0192,0.9793
134.7780,121.25,30.7247,20.0643,-2.6668,1.1744,348.3843,358.5839,-0.1271,1.2920,2.1064,-0.2013,-0.0205,0.9793
134.7980,121.25,30.7223,20.0894,-2.6248,1.2379,348.3889,358.6841,-0.1244,1.2533,2.1039,-0.2012,-0.0216,0.9793
134.8180,121.25,30.7198,20.1145,-2.5827,1.2895,348.3970,358.7826,-0.1213,1.2587,2.1025,-0.2011,-0.0225,0.9793
134.8380,121.25,30.7175,20.1391,-2.5407,1.3282,348.4086,358.8801,-0.1191,1.2255,2.1004,-0.2009,-0.0232,0.9793
134.8580,121.25,30.7151,20.1636,-2.4987,1.3556,348.4231,358.9758,-0.1168,1.2268,2.0990,-0.2006,-0.0237,0.9794
134.8780,121.25,30.7128,20.1875,-2.4568,1.3710,348.4405,359.0703,-0.1151,1.1979,2.0969,-0.2003,-0.0239,0.9794
134.8980,121.25,30.7106,20.2124,-2.4149,1.3979,348.4567,359.1630,-0.1119,1.2429,2.0919,-0.2000,-0.0244,0.9795
134.9180,121.25,30.7084,20.2372,-2.3733,1.4430,348.4711,359.2558,-0.1089,1.2416,2.0844,-0.1998,-0.0252,0.9795
134.9380,121.25,30.7063,20.2626,-2.3317,1.5012,348.4844,359.3474,-0.1065,1.2703,2.0788,-0.1996,-0.0262,0.9795
134.9580,121.25,30.7042,20.2882,-2.2902,1.5746,348.4966,359.4384,-0.1043,1.2783,2.0724,-0.1994,-0.0275,0.9795
134.9780,121.25,30.7021,20.3130,-2.2488,1.6350,348.5115,359.5280,-0.1042,1.2405,2.0707,-0.1991,-0.0285,0.9796
134.9980,121.25,30.7000,20.3379,-2.2074,1.6833,348.5289,359.6156,-0.1043,1.2455,2.0702,-0.1988,-0.0294,0.9796
135.0180,121.25,30.6979,20.3622,-2.1660,1.7185,348.5487,359.7015,-0.1047,1.2130,2.0688,-0.1984,-0.0300,0.9797
135.0380,121.25,30.6958,20.3865,-2.1247,1.7423,348.5705,359.7855,-0.1053,1.2140,2.0682,-0.1981,-0.0304,0.9797
135.0580,121.25,30.6937,20.4102,-2.0833,1.7538,348.5941,359.8676,-0.1062,1.1857,2.0669,-0.1977,-0.0306,0.9798
135.0780,121.25,30.6916,20.4348,-2.0421,1.7770,348.6169,359.9478,-0.1065,1.2302,2.0629,-0.1973,-0.0310,0.9799
135.0980,121.25,30.6894,20.4594,-2.0010,1.8179,348.6383,0.0275,-0.1064,1.2286,2.0562,-0.1969,-0.0317,0.9799
135.1180,121.25,30.6873,20.4845,-1.9599,1.8718,348.6589,0.1058,-0.1071,1.2572,2.0516,-0.1965,-0.0327,0.9800
135.1380,121.25,30.6851,20.5098,-1.9190,1.9408,348.6786,0.1832,-0.1078,1.2648,2.0461,-0.1962,-0.0339,0.9800
135.1580,121.25,30.6829,20.5344,-1.8781,1.9966,348.7001,0.2586,-0.1098,1.2278,2.0451,-0.1958,-0.0348,0.9800
135.1780,121.25,30.6807,20.5590,-1.8372,2.0402,348.7230,0.3319,-0.1125,1.2324,2.0454,-0.1954,-0.0356,0.9801
135.1980,121.25,30.6784,20.5830,-1.7963,2.0707,348.7475,0.4031,-0.1150,1.2007,2.0447,-0.1950,-0.0361,0.9801
135.2180,121.25,30.6760,20.6070,-1.7554,2.0896,348.7730,0.4720,-0.1181,1.2013,2.0449,-0.1946,-0.0365,0.9802
135.2380,121.25,30.6736,20.6305,-1.7145,2.0963,348.7997,0.5389,-0.1210,1.1737,2.0443,-0.1941,-0.0366,0.9803
135.2580,121.25,30.6711,20.6549,-1.6737,2.1146,348.8257,0.6038,-0.1241,1.2176,2.0412,-0.1937,-0.0369,0.9804
135.2780,121.25,30.6686,20.6792,-1.6330,2.1504,348.8508,0.6679,-0.1263,1.2157,2.0353,-0.1932,-0.0375,0.9804
135.2980,121.25,30.6660,20.7041,-1.5924,2.1990,348.8752,0.7304,-0.1296,1.2442,2.0316,-0.1928,-0.0384,0.9805
135.3180,121.25,30.6633,20.7291,-1.5518,2.2626,348.8990,0.7917,-0.1325,1.2513,2.0268,-0.1924,-0.0395,0.9805
135.3380,121.25,30.6606,20.7534,-1.5113,2.3130,348.9237,0.8508,-0.1361,1.2152,2.0264,-0.1920,-0.0404,0.9806
135.3580,121.25,30.6578,20.7778,-1.4707,2.3512,348.9492,0.9076,-0.1408,1.2194,2.0275,-0.1915,-0.0410,0.9806
135.3780,121.25,30.6549,20.8016,-1.4302,2.3762,348.9753,0.9622,-0.1449,1.1884,2.0275,-0.1911,-0.0415,0.9807
135.3980,121.25,30.6519,20.8253,-1.3896,2.3897,349.0020,1.0145,-0.1498,1.1888,2.0283,-0.1906,-0.0417,0.9808
135.4180,121.25,30.6488,20.8496,-1.3491,2.4163,349.0281,1.0650,-0.1543,1.2117,2.0250,-0.1902,-0.0422,0.9808
135.4380,121.25,30.6457,20.8740,-1.3087,2.4579,349.0537,1.1142,-0.1585,1.2224,2.0209,-0.1897,-0.0429,0.9809
135.4580,121.25,30.6424,20.8988,-1.2684,2.5128,349.0788,1.1619,-0.1632,1.2412,2.0176,-0.1893,-0.0438,0.9809
135.4780,121.25,30.6390,20.9239,-1.2281,2.5814,349.1035,1.2083,-0.1679,1.2539,2.0141,-0.1888,-0.0450,0.9810
135.4980,121.25,30.6356,20.9493,-1.1879,2.6625,349.1278,1.2531,-0.1729,1.2702,2.0113,-0.1884,-0.0465,0.9810
135.5180,123.96,30.6320,20.9738,-1.1476,2.7289,349.1525,1.2956,-0.1776,1.2260,2.0118,-0.1880,-0.0476,0.9810
135.5380,123.96,30.6283,20.9986,-1.1073,2.7823,349.1775,1.3358,-0.1840,1.2371,2.0144,-0.1875,-0.0485,0.9811
135.5580,123.96,30.6246,21.0226,-1.0670,2.8214,349.2027,1.3736,-0.1891,1.2002,2.0154,-0.1871,-0.0492,0.9811
135.5780,123.96,30.6207,21.0467,-1.0267,2.8482,349.2280,1.4093,-0.1956,1.2056,2.0180,-0.1867,-0.0497,0.9812
135.5980,123.96,30.6166,21.0712,-0.9863,2.8877,349.2529,1.4433,-0.2014,1.2235,2.0159,-0.1862,-0.0504,0.9812
135.6180,123.96,30.6125,21.0959,-0.9461,2.9409,349.2775,1.4759,-0.2071,1.2360,2.0136,-0.1858,-0.0513,0.9812
135.6380,123.96,30.6082,21.1209,-0.9058,3.0068,349.3018,1.5071,-0.2131,1.2518,2.0117,-0.1854,-0.0525,0.9813
135.6580,123.96,30.6038,21.1462,-0.8656,3.0853,349.3258,1.5369,-0.2191,1.2648,2.0100,-0.1850,-0.0538,0.9813
135.6780,123.96,30.5993,21.1707,-0.8254,3.1490,349.3498,1.5643,-0.2246,1.2241,2.0117,-0.1845,-0.0549,0.9813
135.6980,123.96,30.5947,21.1954,-0.7851,3.1994,349.3737,1.5895,-0.2318,1.2324,2.0155,-0.1841,-0.0558,0.9813
135.7180,123.96,30.5900,21.2193,-0.7447,3.2352,349.3974,1.6125,-0.2377,1.1985,2.0177,-0.1837,-0.0564,0.9814
135.7380,123.96,30.5851,21.2434,-0.7043,3.2585,349.4209,1.6333,-0.2448,1.2017,2.0214,-0.1833,-0.0568,0.9814
135.7580,123.96,30.5800,21.2668,-0.6638,3.2683,349.4443,1.6519,-0.2509,1.1730,2.0237,-0.1829,-0.0570,0.9815
135.7780,123.96,30.5749,21.2911,-0.6233,3.2885,349.4673,1.6690,-0.2586,1.2153,2.0247,-0.1825,-0.0574,0.9815
135.7980,123.96,30.5696,21.3153,-0.5829,3.3250,349.4901,1.6849,-0.2642,1.2105,2.0222,-0.1821,-0.0580,0.9816
135.8180,123.96,30.5642,21.3401,-0.5424,3.3731,349.5125,1.6995,-0.2714,1.2380,2.0224,-0.1817,-0.0588,0.9816
135.8380,123.96,30.5586,21.3649,-0.5020,3.4351,349.5346,1.7130,-0.2775,1.2421,2.0211,-0.1813,-0.0599,0.9816
135.8580,123.96,30.5529,21.3902,-0.4616,3.5085,349.5565,1.7251,-0.2845,1.2621,2.0213,-0.1809,-0.0612,0.9816
135.8780,123.96,30.5471,21.4145,-0.4211,3.5662,349.5779,1.7348,-0.2902,1.2163,2.0238,-0.1805,-0.0622,0.9816
135.8980,123.96,30.5412,21.4391,-0.3805,3.6107,349.5990,1.7427,-0.2981,1.2297,2.0292,-0.1802,-0.0630,0.9816
135.9180,123.96,30.5351,21.4629,-0.3399,3.6401,349.6198,1.7484,-0.3041,1.1924,2.0323,-0.1798,-0.0635,0.9816
135.9380,123.96,30.5288,21.4869,-0.2991,3.6570,349.6401,1.7523,-0.3117,1.1990,2.0374,-0.1795,-0.0638,0.9817
135.9580,123.96,30.5225,21.5103,-0.2583,3.6599,349.6600,1.7541,-0.3178,1.1682,2.0407,-0.1791,-0.0638,0.9818
135.9780,123.96,30.5160,21.5345,-0.2175,3.6731,349.6796,1.7546,-0.3259,1.2111,2.0432,-0.1788,-0.0641,0.9818
135.9980,123.96,30.5093,21.5586,-0.1766,3.7025,349.6988,1.7542,-0.3315,1.2043,2.0416,-0.1784,-0.0646,0.9818
136.0180,123.96,30.5026,21.5832,-0.1358,3.7433,349.7177,1.7527,-0.3389,1.2322,2.0432,-0.1781,-0.0653,0.9818
136.0380,123.96,30.4957,21.6079,-0.0949,3.7979,349.7363,1.7503,-0.3450,1.2346,2.0429,-0.1778,-0.0662,0.9818
136.0580,123.96,30.4886,21.6320,-0.0540,3.8382,349.7543,1.7459,-0.3511,1.2048,2.0467,-0.1775,-0.0669,0.9818
136.0780,123.96,30.4815,21.6561,-0.0129,3.8652,349.7720,1.7399,-0.3583,1.2051,2.0522,-0.1772,-0.0674,0.9819
136.0980,123.96,30.4742,21.6797,0.0282,3.8781,349.7892,1.7320,-0.3645,1.1799,2.0564,-0.1769,-0.0676,0.9819
136.1180,123.96,30.4668,21.7033,0.0694,3.8784,349.8059,1.7226,-0.3714,1.1769,2.0617,-0.1766,-0.0676,0.9820
136.1380,123.96,30.4592,21.7264,0.1107,3.8656,349.8222,1.7114,-0.3776,1.1553,2.0659,-0.1763,-0.0674,0.9820
136.1580,123.96,30.4515,21.7502,0.1521,3.8640,349.8381,1.6994,-0.3849,1.1908,2.0685,-0.1760,-0.0674,0.9821
136.1780,123.96,30.4437,21.7740,0.1935,3.8781,349.8536,1.6865,-0.3904,1.1881,2.0678,-0.1758,-0.0676,0.9821
136.1980,123.96,30.4358,21.7982,0.2349,3.9043,349.8686,1.6729,-0.3971,1.2124,2.0696,-0.1755,-0.0681,0.9821
136.2180,123.96,30.4277,21.8225,0.2763,3.9443,349.8832,1.6586,-0.4029,1.2168,2.0700,-0.1752,-0.0688,0.9821
136.2380,123.96,30.4195,21.8472,0.3177,3.9959,349.8973,1.6435,-0.4092,1.2350,2.0717,-0.1750,-0.0697,0.9821
136.2580,123.96,30.4112,21.8711,0.3592,4.0322,349.9109,1.6266,-0.4143,1.1928,2.0754,-0.1747,-0.0703,0.9821
136.2780,123.96,30.4028,21.8952,0.4009,4.0554,349.9243,1.6085,-0.4213,1.2045,2.0822,-0.1745,-0.0707,0.9821
136.2980,123.96,30.3943,21.9186,0.4426,4.0637,349.9372,1.5888,-0.4265,1.1705,2.0865,-0.1743,-0.0709,0.9821
136.3180,123.96,30.3856,21.9421,0.4844,4.0596,349.9498,1.5680,-0.4331,1.1758,2.0928,-0.1741,-0.0708,0.9822
136.3380,123.96,30.3768,21.9651,0.5264,4.0418,349.9621,1.5457,-0.4383,1.1480,2.0972,-0.1739,-0.0705,0.9822
136.3580,123.96,30.3679,21.9888,0.5684,4.0349,349.9738,1.5228,-0.4449,1.1875,2.1008,-0.1737,-0.0704,0.9823
136.3780,123.96,30.3590,22.0124,0.6104,4.0441,349.9849,1.4995,-0.4495,1.1812,2.1004,-0.1735,-0.0705,0.9823
136.3980,123.96,30.3498,22.0366,0.6525,4.0650,349.9954,1.4757,-0.4553,1.2074,2.1030,-0.1733,-0.0709,0.9823
136.4180,123.96,30.3407,22.0598,0.6946,4.0710,350.0057,1.4504,-0.4596,1.1600,2.1064,-0.1731,-0.0710,0.9823
136.4380,123.96,30.3313,22.0833,0.7369,4.0651,350.0157,1.4243,-0.4658,1.1775,2.1134,-0.1729,-0.0709,0.9824
136.4580,123.96,30.3219,22.1061,0.7792,4.0449,350.0256,1.3968,-0.4702,1.1400,2.1173,-0.1728,-0.0705,0.9824
136.4780,123.96,30.3124,22.1291,0.8217,4.0134,350.0352,1.3686,-0.4759,1.1495,2.1236,-0.1726,-0.0700,0.9825
136.4980,123.96,30.3028,22.1515,0.8642,3.9690,350.0446,1.3392,-0.4802,1.1193,2.1275,-0.1725,-0.0692,0.9826
136.5180,124.68,30.2931,22.1740,0.9069,3.9139,350.0539,1.3090,-0.4854,1.1231,2.1331,-0.1723,-0.0683,0.9827
136.5380,124.68,30.2833,22.1968,0.9496,3.8731,350.0623,1.2786,-0.4898,1.1395,2.1340,-0.1722,-0.0675,0.9827
136.5580,124.68,30.2734,22.2198,0.9923,3.8475,350.0699,1.2480,-0.4938,1.1500,2.1343,-0.1721,-0.0671,0.9828
136.5780,124.68,30.2635,22.2431,1.0350,3.8363,350.0768,1.2174,-0.4979,1.1646,2.1350,-0.1719,-0.0669,0.9828
136.5980,124.68,30.2534,22.2666,1.0777,3.8393,350.0827,1.1866,-0.5017,1.1759,2.1354,-0.1718,-0.0670,0.9828
136.6180,124.68,30.2433,22.2894,1.1204,3.8290,350.0887,1.1549,-0.5051,1.1415,2.1387,-0.1717,-0.0668,0.9829
136.6380,124.68,30.2331,22.3124,1.1633,3.8072,350.0948,1.1228,-0.5096,1.1485,2.1443,-0.1716,-0.0664,0.9829
136.6580,124.68,30.2229,22.3348,1.2063,3.7724,350.1008,1.0898,-0.5130,1.1205,2.1478,-0.1715,-0.0658,0.9830
136.6780,124.68,30.2125,22.3572,1.2493,3.7267,350.1069,1.0564,-0.5170,1.1225,2.1527,-0.1714,-0.0650,0.9830
136.6980,124.68,30.2021,22.3792,1.2925,3.6691,350.1131,1.0223,-0.5202,1.0992,2.1561,-0.1714,-0.0640,0.9831
136.7180,124.68,30.1917,22.4012,1.3357,3.6012,350.1193,0.9878,-0.5238,1.0978,2.1604,-0.1713,-0.0628,0.9832
136.7380,124.68,30.1811,22.4236,1.3789,3.5479,350.1244,0.9534,-0.5268,1.1189,2.1605,-0.1712,-0.0619,0.9833
136.7580,124.68,30.1705,22.4461,1.4221,3.5108,350.1284,0.9191,-0.5292,1.1270,2.1595,-0.1711,-0.0612,0.9833
136.7780,124.68,30.1599,22.4690,1.4653,3.4885,350.1314,0.8851,-0.5317,1.1443,2.1591,-0.1711,-0.0608,0.9834
136.7980,124.68,30.1492,22.4921,1.5084,3.4811,350.1332,0.8513,-0.5339,1.1547,2.1583,-0.1710,-0.0607,0.9834
136.8180,124.68,30.1385,22.5145,1.5516,3.4612,350.1354,0.8170,-0.5361,1.1215,2.1606,-0.1710,-0.0604,0.9834
136.8380,124.68,30.1277,22.5371,1.5949,3.4302,350.1379,0.7826,-0.5390,1.1280,2.1649,-0.1710,-0.0598,0.9835
136.8580,124.68,30.1169,22.5591,1.6383,3.3870,350.1408,0.7477,-0.5410,1.1008,2.1674,-0.1709,-0.0591,0.9835
136.8780,124.68,30.1060,22.5811,1.6817,3.3333,350.1440,0.7128,-0.5435,1.1027,2.1711,-0.1709,-0.0581,0.9836
136.8980,124.68,30.0951,22.6027,1.7252,3.2685,350.1475,0.6775,-0.5453,1.0799,2.1734,-0.1708,-0.0570,0.9836
136.9180,124.68,30.0842,22.6243,1.7687,3.1938,350.1512,0.6421,-0.5474,1.0785,2.1763,-0.1708,-0.0557,0.9837
136.9380,124.68,30.0732,22.6463,1.8122,3.1341,350.1537,0.6070,-0.5488,1.1007,2.1752,-0.1708,-0.0547,0.9838
136.9580,124.68,30.0622,22.6685,1.8557,3.0913,350.1547,0.5724,-0.5496,1.1093,2.1728,-0.1707,-0.0539,0.9838
136.9780,124.68,30.0512,22.6911,1.8991,3.0637,350.1544,0.5384,-0.5505,1.1274,2.1711,-0.1708,-0.0534,0.9839
136.9980,124.68,30.0402,22.7138,1.9425,3.0516,350.1527,0.5048,-0.5511,1.1385,2.1689,-0.1708,-0.0532,0.9839
137.0180,124.68,30.0292,22.7359,1.9859,3.0275,350.1517,0.4712,-0.5520,1.1048,2.1701,-0.1708,-0.0528,0.9839
137.0380,124.68,30.0181,22.7582,2.0293,2.9929,350.1513,0.4376,-0.5534,1.1120,2.1730,-0.1708,-0.0522,0.9839
137.0580,124.68,30.0070,22.7799,2.0728,2.9464,350.1516,0.4040,-0.5541,1.0843,2.1743,-0.1708,-0.0514,0.9840
137.0780,124.68,29.9959,22.8016,2.1163,2.8900,350.1524,0.3704,-0.5551,1.0869,2.1767,-0.1708,-0.0504,0.9840
137.0980,124.68,29.9848,22.8229,2.1599,2.8228,350.1539,0.3369,-0.5557,1.0636,2.1777,-0.1708,-0.0492,0.9841
137.1180,124.68,29.9737,22.8441,2.2035,2.7463,350.1559,0.3034,-0.5563,1.0629,2.1794,-0.1708,-0.0479,0.9841
137.1380,124.68,29.9625,22.8650,2.2471,2.6599,350.1584,0.2701,-0.5566,1.0428,2.1800,-0.1707,-0.0464,0.9842
137.1580,124.68,29.9514,22.8866,2.2906,2.5880,350.1593,0.2372,-0.5564,1.0806,2.1780,-0.1707,-0.0452,0.9843
137.1780,124.68,29.9403,22.9082,2.3341,2.5351,350.1583,0.2052,-0.5554,1.0807,2.1732,-0.1708,-0.0442,0.9843
137.1980,124.68,29.9292,22.9303,2.3775,2.4975,350.1558,0.1739,-0.5547,1.1070,2.1701,-0.1708,-0.0436,0.9843
137.2180,124.68,29.9181,22.9526,2.4208,2.4769,350.1515,0.1435,-0.5536,1.1144,2.1657,-0.1709,-0.0432,0.9843
137.2380,124.68,29.9071,22.9743,2.4641,2.4453,350.1482,0.1133,-0.5532,1.0838,2.1655,-0.1709,-0.0427,0.9844
137.2580,124.68,29.8960,22.9961,2.5075,2.4038,350.1457,0.0834,-0.5529,1.0886,2.1665,-0.1710,-0.0419,0.9844
137.2780,124.68,29.8850,23.0173,2.5508,2.3515,350.1442,0.0537,-0.5524,1.0628,2.1663,-0.1710,-0.0410,0.9844
137.2980,124.68,29.8739,23.0386,2.5941,2.2900,350.1434,0.0242,-0.5518,1.0639,2.1668,-0.1710,-0.0400,0.9845
137.3180,124.68,29.8629,23.0594,2.6374,2.2185,350.1435,-0.0050,-0.5511,1.0418,2.1663,-0.1711,-0.0387,0.9845
137.3380,124.68,29.8519,23.0802,2.6808,2.1383,350.1443,359.9661,-0.5502,1.0401,2.1661,-0.1710,-0.0373,0.9846
137.3580,124.68,29.8409,23.1007,2.7241,2.0491,350.1458,359.9375,-0.5492,1.0208,2.1651,-0.1710,-0.0358,0.9846
137.3780,124.68,29.8299,23.1210,2.7674,1.9518,350.1479,359.9091,-0.5481,1.0171,2.1642,-0.1710,-0.0341,0.9847
137.3980,124.68,29.8190,23.1410,2.8106,1.8463,350.1508,359.8810,-0.5468,1.0000,2.1626,-0.1710,-0.0322,0.9847
137.4180,124.68,29.8081,23.1609,2.8538,1.7333,350.1541,359.8533,-0.5453,0.9947,2.1610,-0.1709,-0.0302,0.9848
137.4380,124.68,29.7972,23.1805,2.8970,1.6129,350.1580,359.8258,-0.5437,0.9792,2.1587,-0.1709,-0.0281,0.9849
137.4580,124.68,29.7864,23.1999,2.9401,1.4856,350.1624,359.7986,-0.5420,0.9728,2.1562,-0.1708,-0.0259,0.9850
137.4780,124.68,29.7756,23.2191,2.9832,1.3515,350.1672,359.7718,-0.5401,0.9587,2.1532,-0.1707,-0.0236,0.9850
137.4980,124.68,29.7648,23.2381,3.0262,1.2112,350.1725,359.7452,-0.5380,0.9514,2.1498,-0.1706,-0.0211,0.9851
137.5180,121.19,29.7541,23.2569,3.0691,1.0648,350.1781,359.7190,-0.5358,0.9382,2.1459,-0.1706,-0.0186,0.9852
137.5380,121.19,29.7434,23.2755,3.1119,0.9128,350.1841,359.6931,-0.5334,0.9304,2.1415,-0.1705,-0.0159,0.9852
137.5580,121.19,29.7328,23.2939,3.1547,0.7553,350.1904,359.6676,-0.5309,0.9179,2.1367,-0.1704,-0.0132,0.9853
137.5780,121.19,29.7223,23.3121,3.1973,0.5928,350.1969,359.6424,-0.5282,0.9096,2.1314,-0.1703,-0.0103,0.9853
137.5980,121.19,29.7118,23.3300,3.2398,0.4255,350.2037,359.6176,-0.5253,0.8978,2.1255,-0.1701,-0.0074,0.9854
137.6180,121.19,29.7013,23.3478,3.2822,0.2537,350.2106,359.5930,-0.5223,0.8891,2.1191,-0.1700,-0.0044,0.9854
137.6380,121.19,29.6909,23.3654,3.3244,0.0776,350.2177,359.5689,-0.5191,0.8777,2.1122,-0.1699,-0.0014,0.9855
137.6580,121.19,29.6806,23.3827,3.3665,359.8977,350.2250,359.5452,-0.5158,0.8688,2.1048,-0.1698,0.0018,0.9855
137.6780,121.19,29.6704,23.3999,3.4085,359.7141,350.2323,359.5218,-0.5123,0.8577,2.0968,-0.1697,0.0050,0.9855
137.6980,121.19,29.6602,23.4169,3.4502,359.5271,350.2397,359.4988,-0.5086,0.8485,2.0883,-0.1695,0.0083,0.9855
137.7180,121.19,29.6501,23.4336,3.4918,359.3370,350.2472,359.4762,-0.5048,0.8377,2.0792,-0.1694,0.0116,0.9855
137.7380,121.19,29.6401,23.4502,3.5332,359.1441,350.2546,359.4540,-0.5008,0.8284,2.0695,-0.1693,0.0149,0.9855
137.7580,121.19,29.6302,23.4666,3.5744,358.9485,350.2620,359.4322,-0.4967,0.8177,2.0592,-0.1691,0.0184,0.9854
137.7780,121.19,29.6203,23.4827,3.6153,358.7507,350.2694,359.4109,-0.4924,0.8083,2.0484,-0.1690,0.0218,0.9854
137.7980,121.19,29.6105,23.4987,3.6561,358.5507,350.2767,359.3899,-0.4879,0.7977,2.0370,-0.1688,0.0253,0.9853
137.8180,121.19,29.6009,23.5144,3.6966,358.3489,350.2838,359.3694,-0.4833,0.7882,2.0249,-0.1687,0.0288,0.9852
137.8380,121.19,29.5913,23.5300,3.7368,358.1454,350.2909,359.3494,-0.4785,0.7777,2.0124,-0.1686,0.0324,0.9852
137.8580,121.19,29.5818,23.5454,3.7768,357.9406,350.2978,359.3297,-0.4736,0.7680,1.9992,-0.1684,0.0359,0.9851
137.8780,121.19,29.5725,23.5617,3.8164,357.7583,350.3013,359.3112,-0.4665,0.8163,1.9785,-0.1683,0.0391,0.9850
137.8980,121.19,29.5633,23.5784,3.8555,357.6032,350.3009,359.2950,-0.4594,0.8334,1.9574,-0.1683,0.0418,0.9848
137.9180,121.19,29.5543,23.5957,3.8943,357.4718,350.2973,359.2803,-0.4521,0.8689,1.9359,-0.1684,0.0441,0.9847
137.9380,121.19,29.5454,23.6136,3.9325,357.3650,350.2903,359.2677,-0.4448,0.8935,1.9143,-0.1685,0.0460,0.9846
137.9580,121.19,29.5366,23.6321,3.9704,357.2811,350.2805,359.2567,-0.4375,0.9244,1.8924,-0.1686,0.0474,0.9845
137.9780,121.19,29.5280,23.6511,4.0078,357.2199,350.2678,359.2477,-0.4300,0.9516,1.8705,-0.1688,0.0485,0.9844
137.9980,121.19,29.5195,23.6691,4.0449,357.1552,350.2559,359.2393,-0.4254,0.9012,1.8574,-0.1690,0.0496,0.9844
138.0180,121.19,29.5111,23.6876,4.0818,357.0872,350.2449,359.2313,-0.4193,0.9242,1.8409,-0.1692,0.0508,0.9843
138.0380,121.19,29.5028,23.7052,4.1183,357.0153,350.2347,359.2238,-0.4145,0.8792,1.8275,-0.1694,0.0521,0.9842
138.0580,121.19,29.4947,23.7232,4.1545,356.9403,350.2253,359.2167,-0.4084,0.8975,1.8107,-0.1695,0.0534,0.9841
138.0780,121.19,29.4866,23.7403,4.1905,356.8620,350.2166,359.2102,-0.4035,0.8571,1.7968,-0.1697,0.0547,0.9840
138.0980,121.19,29.4787,23.7577,4.2261,356.7809,350.2085,359.2039,-0.3973,0.8714,1.7797,-0.1698,0.0562,0.9839
138.1180,121.19,29.4708,23.7744,4.2614,356.6970,350.2011,359.1982,-0.3922,0.8350,1.7652,-0.1699,0.0576,0.9838
138.1380,121.19,29.4631,23.7925,4.2962,356.6305,350.1913,359.1933,-0.3839,0.9047,1.7406,-0.1701,0.0588,0.9837
138.1580,121.19,29.4556,23.8108,4.3305,356.5898,350.1786,359.1914,-0.3761,0.9129,1.7175,-0.1703,0.0595,0.9836
138.1780,121.19,29.4483,23.8299,4.3644,356.5689,350.1634,359.1909,-0.3681,0.9578,1.6935,-0.1705,0.0598,0.9835
138.1980,121.19,29.4411,23.8496,4.3978,356.5706,350.1458,359.1927,-0.3602,0.9820,1.6701,-0.1708,0.0598,0.9835
138.2180,121.19,29.4339,23.8682,4.4309,356.5681,350.1295,359.1949,-0.3555,0.9320,1.6566,-0.1711,0.0599,0.9834
138.2380,121.19,29.4270,23.8873,4.4637,356.5609,350.1143,359.1973,-0.3493,0.9525,1.6392,-0.1714,0.0600,0.9834
138.2580,121.19,29.4201,23.9054,4.4962,356.5490,350.1004,359.2000,-0.3446,0.9074,1.6257,-0.1716,0.0602,0.9833
138.2780,121.19,29.4133,23.9239,4.5284,356.5326,350.0876,359.2028,-0.3385,0.9239,1.6085,-0.1718,0.0605,0.9833
138.2980,121.19,29.4066,23.9416,4.5603,356.5119,350.0758,359.2060,-0.3337,0.8830,1.5947,-0.1720,0.0608,0.9832
138.3180,121.19,29.4001,23.9595,4.5918,356.4873,350.0650,359.2092,-0.3277,0.8959,1.5777,-0.1722,0.0613,0.9832
138.3380,121.19,29.3936,23.9767,4.6231,356.4587,350.0552,359.2128,-0.3229,0.8588,1.5636,-0.1724,0.0618,0.9831
138.3580,121.19,29.3873,23.9940,4.6541,356.4266,350.0462,359.2165,-0.3170,0.8687,1.5466,-0.1725,0.0623,0.9830
138.3780,121.19,29.3810,24.0107,4.6847,356.3909,350.0381,359.2205,-0.3121,0.8348,1.5322,-0.1727,0.0629,0.9830
138.3980,121.19,29.3749,24.0276,4.7150,356.3519,350.0307,359.2245,-0.3063,0.8420,1.5153,-0.1728,0.0636,0.9829
138.4180,121.19,29.3689,24.0438,4.7450,356.3098,350.0241,359.2289,-0.3014,0.8110,1.5006,-0.1729,0.0644,0.9828
138.4380,121.19,29.3630,24.0601,4.7747,356.2647,350.0181,359.2333,-0.2957,0.8160,1.4836,-0.1730,0.0651,0.9828
138.4580,121.19,29.3571,24.0759,4.8041,356.2169,350.0128,359.2380,-0.2907,0.7875,1.4686,-0.1731,0.0660,0.9827
138.4780,121.19,29.3514,24.0917,4.8331,356.1664,350.0080,359.2428,-0.2850,0.7905,1.4515,-0.1731,0.0669,0.9826
138.4980,121.19,29.3459,24.1085,4.8616,356.1357,350.0007,359.2487,-0.2771,0.8417,1.4266,-0.1732,0.0674,0.9826
138.5180,121.19,29.3405,24.1258,4.8897,356.1281,349.9908,359.2568,-0.2695,0.8661,1.4027,-0.1734,0.0675,0.9825
138.5380,123.24,29.3353,24.1440,4.9172,356.1411,349.9787,359.2665,-0.2618,0.9082,1.3783,-0.1736,0.0673,0.9825
138.5580,123.24,29.3302,24.1627,4.9443,356.1753,349.9644,359.2781,-0.2544,0.9375,1.3547,-0.1739,0.0667,0.9825
138.5780,123.24,29.3252,24.1822,4.9710,356.2288,349.9481,359.2913,-0.2470,0.9749,1.3311,-0.1742,0.0658,0.9825
138.5980,123.24,29.3204,24.2005,4.9973,356.2780,349.9332,359.3047,-0.2432,0.9118,1.3191,-0.1744,0.0649,0.9825
138.6180,123.24,29.3156,24.2194,5.0234,356.3215,349.9195,359.3179,-0.2374,0.9439,1.3015,-0.1747,0.0642,0.9825
138.6380,123.24,29.3110,24.2371,5.0492,356.3600,349.9072,359.3311,-0.2337,0.8869,1.2896,-0.1749,0.0635,0.9825
138.6580,123.24,29.3064,24.2554,5.0746,356.3933,349.8960,359.3441,-0.2282,0.9139,1.2727,-0.1751,0.0629,0.9825
138.6780,123.24,29.3019,24.2726,5.0998,356.4218,349.8860,359.3571,-0.2245,0.8623,1.2606,-0.1753,0.0624,0.9825
138.6980,123.24,29.2975,24.2903,5.1247,356.4456,349.8769,359.3699,-0.2193,0.8847,1.2442,-0.1754,0.0620,0.9825
138.7180,123.24,29.2932,24.3071,5.1493,356.4650,349.8689,359.3828,-0.2155,0.8379,1.2320,-0.1756,0.0617,0.9825
138.7380,123.24,29.2890,24.3255,5.1735,356.4980,349.8594,359.3958,-0.2084,0.9219,1.2085,-0.1757,0.0611,0.9825
138.7580,123.24,29.2850,24.3440,5.1973,356.5539,349.8478,359.4115,-0.2021,0.9250,1.1880,-0.1759,0.0601,0.9826
138.7780,123.24,29.2811,24.3636,5.2206,356.6264,349.8347,359.4281,-0.1955,0.9809,1.1661,-0.1762,0.0588,0.9826
138.7980,123.24,29.2773,24.3836,5.2435,356.7185,349.8200,359.4466,-0.1895,1.0005,1.1459,-0.1765,0.0572,0.9826
138.8180,123.24,29.2736,24.4045,5.2660,356.8271,349.8039,359.4662,-0.1834,1.0438,1.1255,-0.1767,0.0553,0.9827
138.8380,123.24,29.2701,24.4259,5.2882,356.9533,349.7866,359.4873,-0.1777,1.0703,1.1062,-0.1771,0.0531,0.9828
138.8580,123.24,29.2666,24.4462,5.3101,357.0725,349.7710,359.5082,-0.1749,1.0143,1.0967,-0.1774,0.0511,0.9828
138.8780,123.24,29.2632,24.4669,5.3318,357.1835,349.7570,359.5285,-0.1710,1.0366,1.0839,-0.1776,0.0491,0.9829
138.8980,123.24,29.2598,24.4866,5.3533,357.2869,349.7447,359.5485,-0.1684,0.9857,1.0748,-0.1778,0.0473,0.9829
138.9180,123.24,29.2565,24.5067,5.3745,357.3827,349.7339,359.5680,-0.1648,1.0039,1.0630,-0.1780,0.0457,0.9830
138.9380,123.24,29.2533,24.5276,5.3954,357.4943,349.7218,359.5883,-0.1598,1.0457,1.0456,-0.1783,0.0437,0.9830
138.9580,123.24,29.2502,24.5491,5.4160,357.6230,349.7085,359.6100,-0.1551,1.0731,1.0290,-0.1785,0.0415,0.9831
138.9780,123.24,29.2472,24.5713,5.4363,357.7671,349.6942,359.6327,-0.1505,1.1096,1.0130,-0.1788,0.0390,0.9831
138.9980,123.24,29.2443,24.5941,5.4562,357.9267,349.6790,359.6566,-0.1462,1.1392,0.9978,-0.1790,0.0362,0.9832
139.0180,123.24,29.2414,24.6175,5.4759,358.1007,349.6631,359.6815,-0.1422,1.1728,0.9833,-0.1793,0.0331,0.9832
139.0380,123.24,29.2387,24.6416,5.4953,358.2890,349.6465,359.7074,-0.1384,1.2028,0.9697,-0.1796,0.0299,0.9833
139.0580,123.24,29.2359,24.6644,5.5146,358.4669,349.6320,359.7328,-0.1370,1.1398,0.9644,-0.1799,0.0268,0.9833
139.0780,123.24,29.2332,24.6877,5.5337,358.6339,349.6195,359.7574,-0.1351,1.1650,0.9575,-0.1801,0.0238,0.9834
139.0980,123.24,29.2305,24.7099,5.5528,358.7902,349.6090,359.7814,-0.1340,1.1080,0.9530,-0.1803,0.0211,0.9834
139.1180,123.24,29.2279,24.7324,5.5717,358.9359,349.6002,359.8046,-0.1325,1.1283,0.9472,-0.1805,0.0186,0.9834
139.1380,123.24,29.2253,24.7557,5.5905,359.0953,349.5906,359.8284,-0.1298,1.1645,0.9367,-0.1807,0.0158,0.9834
139.1580,123.24,29.2227,24.7796,5.6090,359.2692,349.5803,359.8533,-0.1273,1.1925,0.9268,-0.1808,0.0128,0.9834
139.1780,123.24,29.2202,24.8041,5.6274,359.4565,349.5693,359.8789,-0.1250,1.2255,0.9178,-0.1810,0.0095,0.9834
139.1980,123.24,29.2178,24.8292,5.6455,359.6569,349.5578,359.9054,-0.1230,1.2541,0.9095,-0.1812,0.0060,0.9834
139.2180,123.24,29.2154,24.8549,5.6636,359.8697,349.5460,359.9327,-0.1212,1.2850,0.9021,-0.1814,0.0023,0.9834
139.2380,123.24,29.2129,24.8792,5.6816,0.0698,349.5362,359.9593,-0.1212,1.2192,0.9009,-0.1816,-0.0012,0.9834
139.2580,123.24,29.2105,24.9041,5.6996,0.2571,349.5284,359.9849,-0.1213,1.2448,0.9002,-0.1817,-0.0045,0.9833
139.2780,123.24,29.2081,24.9279,5.7176,0.4313,349.5227,0.0098,-0.1216,1.1857,0.8999,-0.1818,-0.0075,0.9833
139.2980,123.24,29.2056,24.9520,5.7356,0.5933,349.5187,0.0337,-0.1221,1.2058,0.9003,-0.1819,-0.0104,0.9833
139.3180,123.24,29.2032,24.9750,5.7536,0.7428,349.5164,0.0568,-0.1226,1.1527,0.9006,-0.1819,-0.0130,0.9832
139.3380,123.24,29.2007,24.9997,5.7716,0.8991,349.5139,0.0794,-0.1229,1.2324,0.8989,-0.1820,-0.0157,0.9832
139.3580,123.24,29.1983,25.0242,5.7895,1.0724,349.5105,0.1038,-0.1221,1.2276,0.8947,-0.1820,-0.0187,0.9831
139.3780,123.24,29.1958,25.0498,5.8074,1.2554,349.5067,0.1282,-0.1224,1.2767,0.8933,-0.1821,-0.0219,0.9830
139.3980,123.24,29.1934,25.0756,5.8252,1.4523,349.5022,0.1536,-0.1224,1.2911,0.8912,-0.1821,-0.0253,0.9829
139.4180,123.24,29.1909,25.1021,5.8430,1.6595,349.4974,0.1793,-0.1231,1.3260,0.8909,-0.1822,-0.0290,0.9828
139.4380,123.24,29.1884,25.1272,5.8609,1.8519,349.4945,0.2040,-0.1243,1.2562,0.8936,-0.1822,-0.0323,0.9827
139.4580,123.24,29.1859,25.1529,5.8789,2.0306,349.4935,0.2278,-0.1266,1.2845,0.8996,-0.1822,-0.0354,0.9826
139.4780,123.24,29.1833,25.1774,5.8969,2.1944,349.4942,0.2505,-0.1282,1.2229,0.9033,-0.1822,-0.0383,0.9825
139.4980,123.24,29.1807,25.2023,5.9151,2.3451,349.4964,0.2723,-0.1308,1.2444,0.9100,-0.1821,-0.0409,0.9824
139.5180,123.24,29.1781,25.2261,5.9334,2.4817,349.5002,0.2931,-0.1327,1.1900,0.9144,-0.1821,-0.0433,0.9823
139.5380,124.04,29.1754,25.2514,5.9518,2.6245,349.5038,0.3132,-0.1354,1.2668,0.9204,-0.1820,-0.0458,0.9822
139.5580,124.04,29.1726,25.2766,5.9703,2.7841,349.5063,0.3350,-0.1363,1.2597,0.9212,-0.1819,-0.0486,0.9821
139.5780,124.04,29.1699,25.3027,5.9888,2.9527,349.5083,0.3564,-0.1389,1.3053,0.9265,-0.1819,-0.0515,0.9820
139.5980,124.04,29.1670,25.3290,6.0074,3.1344,349.5097,0.3786,-0.1407,1.3163,0.9298,-0.1818,-0.0547,0.9818
139.6180,124.04,29.1642,25.3560,6.0261,3.3256,349.5107,0.4006,-0.1434,1.3476,0.9356,-0.1817,-0.0580,0.9816
139.6380,124.04,29.1613,25.3816,6.0449,3.5005,349.5134,0.4216,-0.1458,1.2818,0.9419,-0.1817,-0.0611,0.9815
139.6580,124.04,29.1583,25.4078,6.0640,3.6610,349.5176,0.4416,-0.1499,1.3059,0.9535,-0.1816,-0.0639,0.9813
139.6780,124.04,29.1552,25.4327,6.0832,3.8053,349.5234,0.4604,-0.1527,1.2489,0.9609,-0.1814,-0.0664,0.9812
139.6980,124.04,29.1521,25.4580,6.1027,3.9359,349.5304,0.4782,-0.1569,1.2657,0.9729,-0.1813,-0.0686,0.9810
139.7180,124.04,29.1489,25.4838,6.1223,4.0773,349.5368,0.4958,-0.1602,1.2873,0.9805,-0.1811,-0.0711,0.9809
139.7380,124.04,29.1456,25.5100,6.1421,4.2296,349.5425,0.5133,-0.1636,1.3086,0.9885,-0.1810,-0.0738,0.9807
139.7580,124.04,29.1422,25.5365,6.1620,4.3924,349.5477,0.5307,-0.1672,1.3291,0.9970,-0.1809,-0.0766,0.9805
139.7780,124.04,29.1388,25.5635,6.1821,4.5651,349.5523,0.5480,-0.1709,1.3490,1.0062,-0.1808,-0.0796,0.9803
139.7980,124.04,29.1353,25.5909,6.2024,4.7474,349.5565,0.5652,-0.1748,1.3683,1.0160,-0.1806,-0.0828,0.9801
139.8180,124.04,29.1318,25.6186,6.2230,4.9386,349.5604,0.5822,-0.1788,1.3869,1.0264,-0.1805,-0.0861,0.9798
139.8380,124.04,29.1281,25.6453,6.2437,5.1120,349.5658,0.5981,-0.1825,1.3327,1.0369,-0.1804,-0.0891,0.9796
139.8580,124.04,29.1243,25.6722,6.2648,5.2694,349.5725,0.6130,-0.1879,1.3452,1.0532,-0.1802,-0.0918,0.9793
139.8780,124.04,29.1205,25.6982,6.2861,5.4091,349.5807,0.6267,-0.1919,1.2990,1.0650,-0.1800,-0.0943,0.9791
139.8980,124.04,29.1166,25.7243,6.3077,5.5336,349.5900,0.6393,-0.1974,1.3053,1.0814,-0.1798,-0.0964,0.9790
139.9180,124.04,29.1125,25.7508,6.3296,5.6670,349.5988,0.6515,-0.2023,1.3269,1.0946,-0.1797,-0.0987,0.9788
139.9380,124.04,29.1084,25.7776,6.3517,5.8104,349.6069,0.6634,-0.2069,1.3406,1.1071,-0.1795,-0.1012,0.9785
139.9580,124.04,29.1041,25.8048,6.3742,5.9628,349.6145,0.6750,-0.2119,1.3589,1.1209,-0.1793,-0.1039,0.9783
139.9780,124.04,29.0998,25.8323,6.3968,6.1242,349.6216,0.6862,-0.2169,1.3729,1.1346,-0.1791,-0.1067,0.9780
139.9980,124.04,29.0954,25.8600,6.4198,6.2937,349.6282,0.6972,-0.2221,1.3889,1.1493,-0.1790,-0.1096,0.9777
140.0180,124.04,29.0908,25.8868,6.4431,6.4443,349.6362,0.7069,-0.2265,1.3387,1.1630,-0.1788,-0.1122,0.9775
140.0380,124.04,29.0862,25.9138,6.4668,6.5784,349.6454,0.7157,-0.2329,1.3483,1.1831,-0.1786,-0.1146,0.9772
140.0580,124.04,29.0814,25.9399,6.4907,6.6940,349.6558,0.7233,-0.2377,1.3065,1.1982,-0.1783,-0.1166,0.9770
140.0780,124.04,29.0765,25.9661,6.5151,6.7938,349.6671,0.7300,-0.2440,1.3095,1.2180,-0.1781,-0.1183,0.9769
140.0980,124.04,29.0716,25.9916,6.5398,6.8765,349.6795,0.7355,-0.2491,1.2743,1.2340,-0.1779,-0.1197,0.9767
140.1180,124.04,29.0664,26.0180,6.5649,6.9654,349.6913,0.7403,-0.2560,1.3219,1.2549,-0.1776,-0.1213,0.9766
140.1380,124.04,29.0612,26.0443,6.5902,7.0672,349.7021,0.7450,-0.2606,1.3116,1.2679,-0.1774,-0.1230,0.9764
140.1580,124.04,29.0559,26.0711,6.6160,7.1765,349.7123,0.7491,-0.2669,1.3423,1.2871,-0.1772,-0.1249,0.9762
140.1780,124.04,29.0504,26.0980,6.6420,7.2962,349.7218,0.7530,-0.2721,1.3417,1.3023,-0.1770,-0.1270,0.9760
140.1980,124.04,29.0449,26.1252,6.6684,7.4233,349.7306,0.7563,-0.2782,1.3632,1.3211,-0.1768,-0.1292,0.9757
140.2180,124.04,29.0392,26.1515,6.6952,7.5310,349.7406,0.7584,-0.2831,1.3117,1.3368,-0.1766,-0.1311,0.9755
140.2380,124.04,29.0334,26.1779,6.7224,7.6224,349.7515,0.7597,-0.2900,1.3242,1.3601,-0.1763,-0.1326,0.9754
140.2580,124.04,29.0275,26.2036,6.7499,7.6951,349.7635,0.7599,-0.2952,1.2831,1.3772,-0.1761,-0.1339,0.9752
140.2780,124.04,29.0215,26.2293,6.7779,7.7523,349.7762,0.7592,-0.3019,1.2875,1.3998,-0.1759,-0.1349,0.9751
140.2980,124.04,29.0153,26.2544,6.8063,7.7922,349.7897,0.7574,-0.3073,1.2542,1.4177,-0.1756,-0.1356,0.9751
140.3180,124.04,29.0090,26.2795,6.8350,7.8174,349.8038,0.7547,-0.3138,1.2529,1.4395,-0.1754,-0.1360,0.9751
140.3380,124.04,29.0027,26.3040,6.8642,7.8265,349.8185,0.7510,-0.3193,1.2253,1.4580,-0.1751,-0.1362,0.9751
140.3580,124.04,28.9962,26.3284,6.8938,7.8216,349.8338,0.7463,-0.3255,1.2202,1.4790,-0.1749,-0.1361,0.9751
140.3780,124.04,28.9895,26.3523,6.9237,7.8019,349.8496,0.7407,-0.3310,1.1968,1.4977,-0.1746,-0.1357,0.9752
140.3980,124.04,28.9828,26.3761,6.9541,7.7688,349.8658,0.7342,-0.3369,1.1891,1.5180,-0.1743,-0.1352,0.9754
140.4180,124.04,28.9759,26.3995,6.9848,7.7220,349.8823,0.7267,-0.3424,1.1688,1.5365,-0.1741,-0.1344,0.9755
140.4380,124.04,28.9690,26.4227,7.0160,7.6625,349.8991,0.7183,-0.3481,1.1594,1.5560,-0.1738,-0.1333,0.9757
140.4580,124.04,28.9619,26.4455,7.0474,7.5903,349.9161,0.7090,-0.3534,1.1414,1.5741,-0.1736,-0.1321,0.9759
140.4780,124.04,28.9547,26.4681,7.0793,7.5062,349.9334,0.6987,-0.3588,1.1310,1.5928,-0.1733,-0.1306,0.9762
140.4980,124.04,28.9475,26.4904,7.1115,7.4104,349.9508,0.6876,-0.3639,1.1147,1.6104,-0.1730,-0.1290,0.9764
140.5180,124.04,28.9401,26.5125,7.1441,7.3035,349.9682,0.6756,-0.3691,1.1037,1.6281,-0.1728,-0.1271,0.9767
140.5380,122.79,28.9326,26.5343,7.1770,7.1856,349.9857,0.6628,-0.3740,1.0887,1.6449,-0.1725,-0.1251,0.9770
140.5580,122.79,28.9250,26.5558,7.2102,7.0575,350.0033,0.6491,-0.3788,1.0774,1.6616,-0.1723,-0.1229,0.9774
140.5780,122.79,28.9174,26.5771,7.2437,6.9193,350.0208,0.6346,-0.3834,1.0635,1.6774,-0.1720,-0.1205,0.9777
140.5980,122.79,28.9096,26.5981,7.2776,6.7715,350.0382,0.6193,-0.3879,1.0520,1.6930,-0.1718,-0.1179,0.9781
140.6180,122.79,28.9018,26.6189,7.3118,6.6145,350.0556,0.6032,-0.3922,1.0389,1.7078,-0.1715,-0.1152,0.9784
140.6380,122.79,28.8938,26.6395,7.3462,6.4488,350.0728,0.5864,-0.3963,1.0275,1.7222,-0.1713,-0.1123,0.9788
140.6580,122.79,28.8858,26.6598,7.3809,6.2746,350.0898,0.5689,-0.4003,1.0149,1.7358,-0.1711,-0.1093,0.9792
140.6780,122.79,28.8777,26.6798,7.4159,6.0923,350.1067,0.5506,-0.4041,1.0036,1.7489,-0.1708,-0.1061,0.9796
140.6980,122.79,28.8696,26.6997,7.4511,5.9024,350.1234,0.5317,-0.4076,0.9916,1.7613,-0.1706,-0.1028,0.9800
140.7180,122.79,28.8614,26.7193,7.4866,5.7052,350.1398,0.5121,-0.4110,0.9804,1.7731,-0.1704,-0.0994,0.9803
140.7380,122.79,28.8531,26.7387,7.5223,5.5010,350.1559,0.4918,-0.4142,0.9688,1.7841,-0.1702,-0.0959,0.9807
140.7580,122.79,28.8447,26.7578,7.5581,5.2903,350.1718,0.4710,-0.4172,0.9578,1.7944,-0.1700,-0.0922,0.9811
140.7780,122.79,28.8363,26.7767,7.5942,5.0733,350.1873,0.4497,-0.4199,0.9465,1.8039,-0.1698,-0.0884,0.9815
140.7980,122.79,28.8279,26.7964,7.6305,4.8749,350.2006,0.4281,-0.4225,0.9806,1.8116,-0.1696,-0.0850,0.9818
140.8180,122.79,28.8194,26.8161,7.6668,4.6985,350.2114,0.4068,-0.4240,0.9848,1.8153,-0.1694,-0.0819,0.9821
140.8380,122.79,28.8109,26.8363,7.7032,4.5410,350.2199,0.3855,-0.4259,1.0108,1.8207,-0.1693,-0.0792,0.9824
140.8580,122.79,28.8024,26.8567,7.7397,4.4036,350.2263,0.3645,-0.4272,1.0208,1.8242,-0.1693,-0.0768,0.9826
140.8780,122.79,28.7938,26.8775,7.7762,4.2845,350.2306,0.3437,-0.4287,1.0422,1.8284,-0.1692,-0.0747,0.9827
140.8980,122.79,28.7852,26.8976,7.8129,4.1568,350.2351,0.3226,-0.4300,1.0010,1.8331,-0.1692,-0.0725,0.9829
140.9180,122.79,28.7765,26.9179,7.8497,4.0227,350.2398,0.3014,-0.4321,1.0161,1.8411,-0.1691,-0.0702,0.9831
140.9380,122.79,28.7679,26.9375,7.8866,3.8804,350.2447,0.2799,-0.4333,0.9826,1.8456,-0.1691,-0.0677,0.9833
140.9580,122.79,28.7592,26.9574,7.9237,3.7321,350.2497,0.2583,-0.4349,0.9913,1.8521,-0.1690,-0.0651,0.9835
140.9780,122.79,28.7505,26.9766,7.9608,3.5766,350.2548,0.2364,-0.4359,0.9635,1.8560,-0.1689,-0.0624,0.9837
140.9980,122.79,28.7417,26.9960,7.9980,3.4156,350.2600,0.2145,-0.4371,0.9677,1.8611,-0.1689,-0.0596,0.9838
141.0180,122.79,28.7330,27.0158,8.0352,3.2733,350.2630,0.1929,-0.4374,0.9927,1.8618,-0.1688,-0.0571,0.9840
141.0380,122.79,28.7242,27.0360,8.0725,3.1513,350.2638,0.1718,-0.4373,1.0065,1.8610,-0.1689,-0.0550,0.9841
141.0580,122.79,28.7155,27.0565,8.1097,3.0480,350.2624,0.1513,-0.4372,1.0281,1.8606,-0.1689,-0.0532,0.9842
141.0780,122.79,28.7067,27.0774,8.1469,2.9636,350.2590,0.1313,-0.4369,1.0441,1.8596,-0.1690,-0.0517,0.9843
141.0980,122.79,28.6980,27.0987,8.1840,2.8969,350.2538,0.1120,-0.4365,1.0637,1.8586,-0.1691,-0.0505,0.9843
141.1180,122.79,28.6893,27.1191,8.2212,2.8212,350.2493,0.0927,-0.4366,1.0222,1.8600,-0.1692,-0.0492,0.9844
141.1380,122.79,28.6805,27.1399,8.2585,2.7380,350.2455,0.0734,-0.4370,1.0365,1.8636,-0.1692,-0.0478,0.9844
141.1580,122.79,28.6718,27.1599,8.2958,2.6460,350.2423,0.0542,-0.4370,1.0018,1.8648,-0.1693,-0.0462,0.9845
141.1780,122.79,28.6631,27.1801,8.3332,2.5470,350.2397,0.0350,-0.4372,1.0105,1.8674,-0.1694,-0.0444,0.9846
141.1980,122.79,28.6543,27.1997,8.3705,2.4400,350.2378,0.0159,-0.4369,0.9811,1.8682,-0.1694,-0.0426,0.9846
141.2180,122.79,28.6456,27.2204,8.4079,2.3481,350.2342,-0.0029,-0.4363,1.0320,1.8673,-0.1695,-0.0410,0.9847
141.2380,122.79,28.6369,27.2410,8.4451,2.2778,350.2281,359.9796,-0.4347,1.0309,1.8627,-0.1696,-0.0397,0.9847
141.2580,122.79,28.6282,27.2623,8.4823,2.2239,350.2204,359.9626,-0.4335,1.0645,1.8602,-0.1697,-0.0388,0.9847
141.2780,122.79,28.6196,27.2838,8.5195,2.1888,350.2108,359.9467,-0.4320,1.0739,1.8562,-0.1699,-0.0382,0.9847
141.2980,122.79,28.6110,27.3058,8.5565,2.1697,350.1995,359.9314,-0.4306,1.0993,1.8532,-0.1701,-0.0379,0.9847
141.3180,122.79,28.6024,27.3268,8.5936,2.1402,350.1895,359.9163,-0.4300,1.0511,1.8529,-0.1703,-0.0373,0.9847
141.3380,122.79,28.5938,27.3482,8.6307,2.1022,350.1806,359.9013,-0.4295,1.0701,1.8547,-0.1704,-0.0367,0.9847
141.3580,122.79,28.5852,27.3688,8.6678,2.0541,350.1729,359.8865,-0.4288,1.0297,1.8544,-0.1706,-0.0358,0.9847
141.3780,122.79,28.5766,27.3896,8.7049,1.9980,350.1662,359.8718,-0.4281,1.0423,1.8555,-0.1707,-0.0349,0.9847
141.3980,122.79,28.5681,27.4109,8.7419,1.9586,350.1577,359.8577,-0.4264,1.0629,1.8516,-0.1708,-0.0342,0.9847
141.4180,122.79,28.5596,27.4325,8.7789,1.9366,350.1473,359.8446,-0.4245,1.0815,1.8474,-0.1710,-0.0338,0.9847
141.4380,122.79,28.5512,27.4545,8.8157,1.9310,350.1353,359.8323,-0.4225,1.1013,1.8434,-0.1712,-0.0337,0.9847
141.4580,122.79,28.5428,27.4769,8.8525,1.9416,350.1218,359.8210,-0.4206,1.1199,1.8394,-0.1715,-0.0339,0.9846
141.4780,122.79,28.5344,27.4997,8.8892,1.9676,350.1068,359.8105,-0.4187,1.1389,1.8356,-0.1717,-0.0343,0.9845
141.4980,122.79,28.5260,27.5216,8.9259,1.9821,350.0936,359.8002,-0.4177,1.0946,1.8353,-0.1719,-0.0346,0.9845
141.5180,122.79,28.5177,27.5438,8.9627,1.9866,350.0818,359.7900,-0.4169,1.1086,1.8367,-0.1721,-0.0347,0.9845
141.5380,123.95,28.5094,27.5652,8.9994,1.9796,350.0717,359.7801,-0.4159,1.0711,1.8367,-0.1723,-0.0345,0.9844
141.5580,123.95,28.5011,27.5877,9.0361,1.9841,350.0605,359.7704,-0.4142,1.1268,1.8352,-0.1725,-0.0346,0.9844
141.5780,123.95,28.4929,27.6102,9.0727,2.0078,350.0473,359.7624,-0.4118,1.1226,1.8300,-0.1727,-0.0350,0.9843
141.5980,123.95,28.4847,27.6333,9.1092,2.0447,350.0330,359.7549,-0.4099,1.1572,1.8276,-0.1730,-0.0357,0.9843
141.6180,123.95,28.4765,27.6566,9.1457,2.0975,350.0172,359.7487,-0.4078,1.1650,1.8237,-0.1732,-0.0366,0.9842
141.6380,123.95,28.4684,27.6804,9.1821,2.1633,350.0004,359.7431,-0.4059,1.1901,1.8213,-0.1735,-0.0377,0.9841
141.6580,123.95,28.4603,27.7032,9.2186,2.2156,349.9857,359.7378,-0.4050,1.1392,1.8218,-0.1738,-0.0387,0.9840
141.6780,123.95,28.4522,27.7264,9.2551,2.2565,349.9729,359.7325,-0.4042,1.1578,1.8246,-0.1740,-0.0394,0.9840
141.6980,123.95,28.4441,27.7487,9.2916,2.2841,349.9620,359.7274,-0.4034,1.1151,1.8255,-0.1742,-0.0399,0.9839
141.7180,123.95,28.4361,27.7712,9.3281,2.3009,349.9529,359.7224,-0.4026,1.1270,1.8282,-0.1743,-0.0401,0.9839
141.7380,123.95,28.4281,27.7930,9.3647,2.3056,349.9454,359.7174,-0.4017,1.0909,1.8293,-0.1744,-0.0402,0.9838
141.7580,123.95,28.4200,27.8150,9.4014,2.3000,349.9395,359.7126,-0.4009,1.0976,1.8317,-0.1745,-0.0401,0.9838
141.7780,123.95,28.4121,27.8374,9.4380,2.3088,349.9319,359.7083,-0.3990,1.1205,1.8296,-0.1747,-0.0403,0.9838
141.7980,123.95,28.4041,27.8601,9.4745,2.3332,349.9228,359.7049,-0.3969,1.1357,1.8270,-0.1748,-0.0407,0.9838
141.8180,123.95,28.3962,27.8832,9.5110,2.3721,349.9123,359.7022,-0.3950,1.1558,1.8250,-0.1750,-0.0414,0.9837
141.8380,123.95,28.3884,27.9067,9.5475,2.4254,349.9004,359.7003,-0.3931,1.1720,1.8229,-0.1752,-0.0423,0.9836
141.8580,123.95,28.3805,27.9292,9.5839,2.4658,349.8904,359.6986,-0.3923,1.1294,1.8242,-0.1754,-0.0430,0.9836
141.8780,123.95,28.3727,27.9521,9.6205,2.4949,349.8823,359.6970,-0.3916,1.1411,1.8276,-0.1755,-0.0435,0.9835
141.8980,123.95,28.3649,27.9742,9.6571,2.5113,349.8760,359.6954,-0.3908,1.1050,1.8293,-0.1756,-0.0438,0.9835
141.9180,123.95,28.3571,27.9964,9.6937,2.5169,349.8713,359.6939,-0.3901,1.1115,1.8325,-0.1757,-0.0439,0.9835
141.9380,123.95,28.3493,28.0180,9.7304,2.5108,349.8682,359.6924,-0.3894,1.0807,1.8343,-0.1757,-0.0438,0.9835
141.9580,123.95,28.3415,28.0397,9.7672,2.4947,349.8665,359.6910,-0.3886,1.0831,1.8371,-0.1758,-0.0435,0.9835
141.9780,123.95,28.3337,28.0608,9.8039,2.4677,349.8662,359.6896,-0.3878,1.0564,1.8388,-0.1758,-0.0431,0.9835
141.9980,123.95,28.3260,28.0819,9.8408,2.4312,349.8672,359.6882,-0.3870,1.0557,1.8412,-0.1758,-0.0424,0.9835
142.0180,123.95,28.3183,28.1026,9.8776,2.3848,349.8693,359.6868,-0.3862,1.0324,1.8427,-0.1757,-0.0416,0.9836
142.0380,123.95,28.3106,28.1231,9.9145,2.3295,349.8725,359.6853,-0.3853,1.0293,1.8446,-0.1757,-0.0406,0.9836
142.0580,123.95,28.3029,28.1433,9.9514,2.2650,349.8768,359.6839,-0.3844,1.0086,1.8457,-0.1756,-0.0395,0.9837
142.0780,123.95,28.2952,28.1634,9.9884,2.1922,349.8819,359.6824,-0.3834,1.0037,1.8470,-0.1755,-0.0383,0.9837
142.0980,123.95,28.2876,28.1831,10.0253,2.1110,349.8879,359.6808,-0.3824,0.9851,1.8476,-0.1755,-0.0368,0.9838
142.1180,123.95,28.2800,28.2027,10.0623,2.0222,349.8947,359.6792,-0.3813,0.9789,1.8483,-0.1753,-0.0353,0.9839
142.1380,123.95,28.2723,28.2219,10.0993,1.9256,349.9022,359.6776,-0.3801,0.9619,1.8484,-0.1752,-0.0336,0.9840
142.1580,123.95,28.2648,28.2410,10.1362,1.8220,349.9102,359.6758,-0.3789,0.9546,1.8483,-0.1751,-0.0318,0.9840
142.1780,123.95,28.2572,28.2598,10.1732,1.7114,349.9189,359.6740,-0.3777,0.9390,1.8477,-0.1750,-0.0299,0.9841
142.1980,123.95,28.2497,28.2784,10.2101,1.5943,349.9281,359.6721,-0.3763,0.9310,1.8468,-0.1748,-0.0278,0.9842
142.2180,123.95,28.2422,28.2967,10.2470,1.4708,349.9377,359.6701,-0.3749,0.9164,1.8455,-0.1747,-0.0257,0.9843
142.2380,123.95,28.2347,28.3149,10.2839,1.3414,349.9476,359.6680,-0.3734,0.9078,1.8438,-0.1745,-0.0234,0.9844
142.2580,123.95,28.2273,28.3328,10.3207,1.2063,349.9579,359.6659,-0.3718,0.8941,1.8415,-0.1743,-0.0211,0.9845
142.2780,123.95,28.2199,28.3505,10.3575,1.0658,349.9685,359.6636,-0.3701,0.8851,1.8389,-0.1742,-0.0186,0.9845
142.2980,123.95,28.2125,28.3679,10.3942,0.9202,349.9793,359.6613,-0.3684,0.8721,1.8358,-0.1740,-0.0161,0.9846
142.3180,123.95,28.2052,28.3852,10.4309,0.7699,349.9903,359.6588,-0.3665,0.8627,1.8323,-0.1738,-0.0134,0.9847
142.3380,123.95,28.1979,28.4022,10.4674,0.6150,350.0013,359.6563,-0.3646,0.8502,1.8282,-0.1736,-0.0107,0.9848
142.3580,123.95,28.1906,28.4190,10.5039,0.4558,350.0125,359.6536,-0.3626,0.8407,1.8236,-0.1734,-0.0080,0.9848
142.3780,123.95,28.1834,28.4356,10.5403,0.2926,350.0237,359.6509,-0.3605,0.8286,1.8186,-0.1732,-0.0051,0.9849
142.3980,123.95,28.1763,28.4520,10.5765,0.1258,350.0349,359.6481,-0.3582,0.8189,1.8130,-0.1730,-0.0022,0.9849
142.4180,123.95,28.1692,28.4681,10.6127,359.9554,350.0461,359.6452,-0.3559,0.8072,1.8069,-0.1729,0.0008,0.9849
142.4380,123.95,28.1621,28.4840,10.6487,359.7819,350.0572,359.6423,-0.3535,0.7974,1.8002,-0.1727,0.0038,0.9850
142.4580,123.95,28.1551,28.4998,10.6845,359.6053,350.0682,359.6393,-0.3510,0.7859,1.7931,-0.1725,0.0069,0.9850
142.4780,123.95,28.1481,28.5153,10.7202,359.4261,350.0790,359.6362,-0.3484,0.7760,1.7853,-0.1723,0.0100,0.9850
142.4980,123.95,28.1412,28.5306,10.7558,359.2444,350.0897,359.6330,-0.3457,0.7648,1.7771,-0.1721,0.0132,0.9850
142.5180,123.95,28.1343,28.5457,10.7911,359.0605,350.1002,359.6298,-0.3429,0.7549,1.7683,-0.1719,0.0164,0.9850
142.5380,124.76,28.1275,28.5606,10.8263,358.8745,350.1104,359.6266,-0.3399,0.7438,1.7589,-0.1717,0.0196,0.9850
142.5580,124.76,28.1208,28.5752,10.8613,358.6868,350.1205,359.6233,-0.3369,0.7338,1.7490,-0.1715,0.0229,0.9849
142.5780,124.76,28.1141,28.5897,10.8961,358.4975,350.1302,359.6200,-0.3338,0.7229,1.7385,-0.1714,0.0262,0.9849
142.5980,124.76,28.1075,28.6040,10.9306,358.3068,350.1397,359.6167,-0.3306,0.7128,1.7274,-0.1712,0.0295,0.9848
142.6180,124.76,28.1010,28.6180,10.9649,358.1151,350.1489,359.6133,-0.3272,0.7020,1.7158,-0.1710,0.0329,0.9847
142.6380,124.76,28.0945,28.6318,10.9990,357.9224,350.1577,359.6100,-0.3238,0.6919,1.7037,-0.1708,0.0363,0.9846
142.6580,124.76,28.0881,28.6455,11.0328,357.7289,350.1662,359.6067,-0.3203,0.6812,1.6909,-0.1707,0.0396,0.9845
142.6780,124.76,28.0817,28.6589,11.0664,357.5350,350.1744,359.6034,-0.3166,0.6711,1.6776,-0.1705,0.0430,0.9844
142.6980,124.76,28.0755,28.6721,11.0997,357.3407,350.1822,359.6001,-0.3129,0.6604,1.6638,-0.1703,0.0464,0.9843
142.7180,124.76,28.0693,28.6851,11.1326,357.1462,350.1896,359.5968,-0.3090,0.6503,1.6494,-0.1702,0.0498,0.9842
142.7380,124.76,28.0632,28.6979,11.1653,356.9518,350.1966,359.5936,-0.3051,0.6397,1.6345,-0.1700,0.0532,0.9840
142.7580,124.76,28.0572,28.7105,11.1977,356.7576,350.2032,359.5905,-0.3011,0.6295,1.6189,-0.1699,0.0566,0.9838
142.7780,124.76,28.0512,28.7229,11.2298,356.5638,350.2094,359.5874,-0.2969,0.6190,1.6029,-0.1697,0.0599,0.9837
142.7980,124.76,28.0454,28.7350,11.2615,356.3705,350.2152,359.5843,-0.2927,0.6088,1.5863,-0.1696,0.0633,0.9835
142.8180,124.76,28.0396,28.7470,11.2929,356.1780,350.2206,359.5814,-0.2884,0.5983,1.5692,-0.1695,0.0667,0.9833
142.8380,124.76,28.0339,28.7588,11.3239,355.9863,350.2256,359.5785,-0.2840,0.5880,1.5515,-0.1694,0.0700,0.9831
142.8580,124.76,28.0284,28.7703,11.3546,355.7957,350.2301,359.5757,-0.2794,0.5776,1.5334,-0.1692,0.0733,0.9828
142.8780,124.76,28.0229,28.7817,11.3849,355.6062,350.2342,359.5730,-0.2748,0.5673,1.5147,-0.1691,0.0766,0.9826
142.8980,124.76,28.0175,28.7928,11.4148,355.4181,350.2379,359.5704,-0.2701,0.5569,1.4955,-0.1690,0.0799,0.9824
142.9180,124.76,28.0121,28.8037,11.4443,355.2314,350.2411,359.5680,-0.2653,0.5466,1.4758,-0.1689,0.0831,0.9821
142.9380,124.76,28.0069,28.8145,11.4734,355.0463,350.2439,359.5656,-0.2605,0.5362,1.4556,-0.1688,0.0864,0.9819
142.9580,124.76,28.0018,28.8250,11.5021,354.8630,350.2463,359.5634,-0.2555,0.5259,1.4349,-0.1687,0.0895,0.9816
142.9780,124.76,27.9968,28.8353,11.5304,354.6815,350.2482,359.5613,-0.2505,0.5155,1.4137,-0.1687,0.0927,0.9813
142.9980,124.76,27.9919,28.8454,11.5582,354.5020,350.2497,359.5594,-0.2453,0.5053,1.3920,-0.1686,0.0958,0.9810
143.0180,124.76,27.9871,28.8553,11.5856,354.3246,350.2507,359.5575,-0.2401,0.4949,1.3699,-0.1685,0.0989,0.9807
143.0380,124.76,27.9824,28.8650,11.6126,354.1495,350.2513,359.5558,-0.2349,0.4846,1.3473,-0.1684,0.1019,0.9804
143.0580,124.76,27.9778,28.8745,11.6391,353.9766,350.2516,359.5544,-0.2295,0.4743,1.3243,-0.1684,0.1049,0.9801
143.0780,124.76,27.9733,28.8838,11.6651,353.8062,350.2513,359.5530,-0.2241,0.4640,1.3008,-0.1683,0.1079,0.9798
143.0980,124.76,27.9690,28.8928,11.6906,353.6383,350.2507,359.5518,-0.2185,0.4537,1.2769,-0.1683,0.1108,0.9795
143.1180,124.76,27.9647,28.9017,11.7157,353.4731,350.2496,359.5508,-0.2130,0.4435,1.2526,-0.1683,0.1137,0.9792
143.1380,124.76,27.9606,28.9104,11.7402,353.3105,350.2482,359.5499,-0.2073,0.4332,1.2279,-0.1682,0.1165,0.9788
143.1580,124.76,27.9565,28.9188,11.7643,353.1508,350.2463,359.5492,-0.2016,0.4230,1.2028,-0.1682,0.1193,0.9785
143.1780,124.76,27.9526,28.9271,11.7878,352.9940,350.2440,359.5486,-0.1958,0.4128,1.1773,-0.1682,0.1220,0.9782
143.1980,124.76,27.9488,28.9352,11.8108,352.8402,350.2414,359.5482,-0.1900,0.4026,1.1514,-0.1682,0.1246,0.9778
143.2180,124.76,27.9451,28.9430,11.8333,352.6894,350.2384,359.5481,-0.1841,0.3925,1.1251,-0.1682,0.1272,0.9775
143.2380,124.76,27.9416,28.9507,11.8553,352.5418,350.2350,359.5481,-0.1781,0.3824,1.0985,-0.1682,0.1298,0.9772
143.2580,124.76,27.9381,28.9581,11.8767,352.3974,350.2312,359.5482,-0.1721,0.3722,1.0715,-0.1682,0.1323,0.9768
143.2780,124.76,27.9348,28.9653,11.8976,352.2562,350.2271,359.5486,-0.1660,0.3622,1.0442,-0.1682,0.1347,0.9765
143.2980,124.76,27.9316,28.9724,11.9180,352.1184,350.2226,359.5491,-0.1599,0.3522,1.0166,-0.1682,0.1371,0.9762
143.3180,124.76,27.9285,28.9792,11.9377,351.9839,350.2178,359.5497,-0.1537,0.3422,0.9886,-0.1682,0.1395,0.9758
143.3380,124.76,27.9256,28.9859,11.9569,351.8530,350.2127,359.5506,-0.1475,0.3322,0.9603,-0.1683,0.1417,0.9755
143.3580,124.76,27.9228,28.9923,11.9756,351.7255,350.2073,359.5516,-0.1412,0.3224,0.9318,-0.1683,0.1439,0.9752
143.3780,124.76,27.9201,28.9986,11.9936,351.6016,350.2015,359.5529,-0.1349,0.3125,0.9030,-0.1684,0.1461,0.9748
143.3980,124.76,27.9175,29.0046,12.0111,351.4812,350.1955,359.5542,-0.1286,0.3027,0.8739,-0.1684,0.1481,0.9745
143.4180,124.76,27.9150,29.0105,12.0280,351.3645,350.1891,359.5558,-0.1222,0.2929,0.8445,-0.1685,0.1501,0.9742
143.4380,124.76,27.9127,29.0162,12.0443,351.2515,350.1825,359.5575,-0.1158,0.2832,0.8149,-0.1685,0.1521,0.9739
143.4580,124.76,27.9105,29.0216,12.0600,351.1422,350.1756,359.5594,-0.1093,0.2736,0.7851,-0.1686,0.1540,0.9736
143.4780,124.76,27.9085,29.0269,12.0751,351.0366,350.1685,359.5615,-0.1028,0.2640,0.7550,-0.1687,0.1558,0.9733
143.4980,124.76,27.9066,29.0320,12.0896,350.9348,350.1611,359.5637,-0.0963,0.2545,0.7248,-0.1687,0.1576,0.9730
143.5180,124.76,27.9048,29.0369,12.1035,350.8368,350.1535,359.5660,-0.0898,0.2451,0.6943,-0.1688,0.1592,0.9727
143.5380,124.76,27.9031,29.0416,12.1168,350.7426,350.1457,359.5685,-0.0832,0.2357,0.6636,-0.1689,0.1609,0.9724
143.5580,123.41,27.9016,29.0461,12.1294,350.6522,350.1377,359.5712,-0.0766,0.2264,0.6328,-0.1690,0.1624,0.9721
143.5780,123.41,27.9002,29.0505,12.1414,350.5657,350.1294,359.5741,-0.0700,0.2171,0.6018,-0.1691,0.1639,0.9719
143.5980,123.41,27.8989,29.0546,12.1529,350.4831,350.1210,359.5770,-0.0634,0.2080,0.5706,-0.1692,0.1653,0.9716
143.6180,123.41,27.8978,29.0586,12.1636,350.4044,350.1124,359.5801,-0.0567,0.1989,0.5394,-0.1693,0.1667,0.9714
143.6380,123.41,27.8968,29.0624,12.1738,350.3296,350.1037,359.5834,-0.0501,0.1900,0.5079,-0.1694,0.1680,0.9711
143.6580,123.41,27.8959,29.0660,12.1833,350.2587,350.0948,359.5868,-0.0434,0.1811,0.4764,-0.1695,0.1692,0.9709
143.6780,123.41,27.8952,29.0695,12.1922,350.1916,350.0857,359.5903,-0.0367,0.1723,0.4448,-0.1697,0.1704,0.9707
143.6980,123.41,27.8946,29.0728,12.2005,350.1285,350.0766,359.5939,-0.0300,0.1635,0.4130,-0.1698,0.1714,0.9705
143.7180,123.41,27.8941,29.0759,12.2081,350.0693,350.0673,359.5977,-0.0233,0.1549,0.3812,-0.1699,0.1725,0.9703
143.7380,123.41,27.8938,29.0788,12.2151,350.0140,350.0579,359.6015,-0.0166,0.1464,0.3493,-0.1700,0.1734,0.9701
143.7580,123.41,27.8936,29.0815,12.2214,349.9626,350.0484,359.6055,-0.0100,0.1380,0.3174,-0.1702,0.1743,0.9699
143.7780,123.41,27.8935,29.0841,12.2272,349.9151,350.0389,359.6096,-0.0033,0.1296,0.2854,-0.1703,0.1751,0.9697
143.7980,123.41,27.8936,29.0866,12.2322,349.8715,350.0292,359.6138,0.0034,0.1214,0.2534,-0.1704,0.1759,0.9695
143.8180,123.41,27.8938,29.0888,12.2366,349.8317,350.0196,359.6181,0.0101,0.1133,0.2213,-0.1706,0.1765,0.9694
143.8380,123.41,27.8941,29.0909,12.2404,349.7958,350.0099,359.6225,0.0168,0.1053,0.1893,-0.1707,0.1772,0.9693
143.8580,123.41,27.8946,29.0929,12.2436,349.7637,350.0001,359.6269,0.0234,0.0974,0.1572,-0.1709,0.1777,0.9691
143.8780,123.41,27.8952,29.0947,12.2461,349.7354,349.9903,359.6315,0.0301,0.0897,0.1252,-0.1710,0.1782,0.9690
143.8980,123.41,27.8959,29.0963,12.2479,349.7110,349.9805,359.6361,0.0367,0.0820,0.0931,-0.1712,0.1786,0.9689
143.9180,123.41,27.8968,29.0978,12.2492,349.6903,349.9707,359.6409,0.0433,0.0745,0.0611,-0.1713,0.1790,0.9688
143.9380,123.41,27.8978,29.0992,12.2498,349.6734,349.9610,359.6457,0.0499,0.0670,0.0292,-0.1715,0.1793,0.9687
143.9580,123.41,27.8989,29.1004,12.2497,349.6602,349.9512,359.6505,0.0565,0.0597,-0.0027,-0.1717,0.1795,0.9687
143.9780,123.41,27.9002,29.1014,12.2490,349.6507,349.9415,359.6554,0.0630,0.0525,-0.0346,-0.1718,0.1796,0.9686
143.9980,123.41,27.9016,29.1023,12.2477,349.6448,349.9318,359.6604,0.0695,0.0455,-0.0663,-0.1720,0.1797,0.9686
144.0180,123.41,27.9031,29.1031,12.2457,349.6426,349.9221,359.6655,0.0760,0.0386,-0.0980,-0.1721,0.1798,0.9685
144.0380,123.41,27.9047,29.1037,12.2431,349.6440,349.9125,359.6706,0.0825,0.0318,-0.1296,-0.1723,0.1798,0.9685
144.0580,123.41,27.9065,29.1042,12.2399,349.6490,349.9030,359.6757,0.0889,0.0251,-0.1610,-0.1725,0.1797,0.9685
144.0780,123.41,27.9084,29.1046,12.2361,349.6575,349.8936,359.6809,0.0953,0.0185,-0.1924,-0.1726,0.1795,0.9685
144.0980,123.41,27.9105,29.1026,12.2318,349.7062,349.8903,359.7038,0.1027,-0.0989,-0.2108,-0.1727,0.1787,0.9686
144.1180,123.41,27.9126,29.0993,12.2272,349.7680,349.8860,359.7275,0.1072,-0.1632,-0.2335,-0.1728,0.1776,0.9688
144.1380,123.41,27.9148,29.0941,12.2221,349.8508,349.8800,359.7528,0.1109,-0.2623,-0.2513,-0.1730,0.1762,0.9690
144.1580,123.41,27.9171,29.0874,12.2167,349.9469,349.8728,359.7783,0.1147,-0.3374,-0.2716,-0.1731,0.1746,0.9693
144.1780,123.41,27.9195,29.0788,12.2109,350.0593,349.8642,359.8044,0.1181,-0.4271,-0.2896,-0.1733,0.1726,0.9696
144.1980,123.41,27.9219,29.0687,12.2048,350.1846,349.8545,359.8305,0.1216,-0.5053,-0.3086,-0.1736,0.1705,0.9700
144.2180,123.41,27.9244,29.0569,12.1982,350.3236,349.8436,359.8568,0.1249,-0.5897,-0.3264,-0.1738,0.1681,0.9703
144.2380,123.41,27.9270,29.0436,12.1913,350.4746,349.8318,359.8830,0.1281,-0.6681,-0.3444,-0.1741,0.1655,0.9707
144.2580,123.41,27.9296,29.0286,12.1841,350.6375,349.8192,359.9092,0.1311,-0.7491,-0.3617,-0.1744,0.1627,0.9711
144.2780,123.41,27.9323,29.0120,12.1765,350.8110,349.8059,359.9351,0.1340,-0.8268,-0.3788,-0.1747,0.1597,0.9716
144.2980,123.41,27.9350,28.9939,12.1686,350.9948,349.7920,359.9608,0.1368,-0.9053,-0.3953,-0.1750,0.1565,0.9720
144.3180,123.41,27.9378,28.9743,12.1604,351.1879,349.7775,359.9861,0.1395,-0.9817,-0.4114,-0.1754,0.1532,0.9725
144.3380,123.41,27.9407,28.9531,12.1518,351.3899,349.7627,0.0110,0.1420,-1.0582,-0.4270,-0.1757,0.1497,0.9730
144.3580,123.41,27.9435,28.9305,12.1430,351.5998,349.7475,0.0354,0.1443,-1.1332,-0.4422,-0.1761,0.1461,0.9735
144.3780,123.41,27.9465,28.9063,12.1339,351.8171,349.7321,0.0592,0.1466,-1.2079,-0.4568,-0.1764,0.1423,0.9740
144.3980,123.41,27.9494,28.8807,12.1244,352.0412,349.7165,0.0824,0.1487,-1.2815,-0.4710,-0.1768,0.1385,0.9745
144.4180,123.41,27.9525,28.8536,12.1148,352.2713,349.7009,0.1050,0.1506,-1.3546,-0.4846,-0.1772,0.1345,0.9750
144.4380,123.41,27.9555,28.8251,12.1048,352.5069,349.6853,0.1268,0.1524,-1.4267,-0.4977,-0.1775,0.1304,0.9754
144.4580,123.41,27.9586,28.7951,12.0946,352.7473,349.6698,0.1478,0.1541,-1.4983,-0.5102,-0.1779,0.1262,0.9759
144.4780,123.41,27.9617,28.7637,12.0842,352.9920,349.6545,0.1681,0.1556,-1.5690,-0.5221,-0.1782,0.1220,0.9764
144.4980,123.41,27.9648,28.7309,12.0735,353.2403,349.6394,0.1875,0.1570,-1.6391,-0.5335,-0.1786,0.1177,0.9769
144.5180,123.41,27.9680,28.6968,12.0626,353.4917,349.6245,0.2061,0.1582,-1.7084,-0.5443,-0.1789,0.1133,0.9773
144.5380,123.41,27.9712,28.6612,12.0515,353.7457,349.6101,0.2238,0.1593,-1.7770,-0.5546,-0.1793,0.1089,0.9777
144.5580,126.06,27.9744,28.6243,12.0402,354.0016,349.5960,0.2407,0.1603,-1.8449,-0.5642,-0.1796,0.1045,0.9782
144.5780,126.06,27.9776,28.5861,12.0288,354.2591,349.5823,0.2566,0.1611,-1.9122,-0.5733,-0.1799,0.1000,0.9786
144.5980,126.06,27.9809,28.5465,12.0171,354.5176,349.5692,0.2717,0.1618,-1.9787,-0.5819,-0.1802,0.0955,0.9790
144.6180,126.06,27.9841,28.5056,12.0053,354.7766,349.5566,0.2858,0.1623,-2.0446,-0.5898,-0.1805,0.0910,0.9794
144.6380,126.06,27.9874,28.4635,11.9934,355.0356,349.5446,0.2991,0.1628,-2.1097,-0.5972,-0.1808,0.0865,0.9797
144.6580,126.06,27.9906,28.4200,11.9813,355.2942,349.5331,0.3114,0.1631,-2.1742,-0.6040,-0.1811,0.0820,0.9800
144.6780,126.06,27.9939,28.3752,11.9691,355.5520,349.5223,0.3229,0.1632,-2.2380,-0.6102,-0.1813,0.0776,0.9804
144.6980,126.06,27.9971,28.3292,11.9568,355.8086,349.5122,0.3335,0.1633,-2.3011,-0.6158,-0.1815,0.0731,0.9807
144.7180,126.06,28.0004,28.2819,11.9444,356.0636,349.5027,0.3432,0.1632,-2.3635,-0.6209,-0.1818,0.0686,0.9809
144.7380,126.06,28.0037,28.2334,11.9319,356.3166,349.4939,0.3520,0.1630,-2.4252,-0.6255,-0.1820,0.0642,0.9812
144.7580,126.06,28.0069,28.1837,11.9193,356.5672,349.4859,0.3600,0.1627,-2.4863,-0.6295,-0.1822,0.0599,0.9814
144.7780,126.06,28.0102,28.1328,11.9066,356.8151,349.4786,0.3672,0.1623,-2.5466,-0.6329,-0.1823,0.0556,0.9817
144.7980,126.06,28.0134,28.0806,11.8939,357.0600,349.4720,0.3736,0.1618,-2.6063,-0.6358,-0.1825,0.0513,0.9819
144.8180,126.06,28.0166,28.0273,11.8811,357.3016,349.4662,0.3792,0.1612,-2.6652,-0.6382,-0.1826,0.0471,0.9821
144.8380,126.06,28.0198,27.9729,11.8683,357.5396,349.4612,0.3840,0.1604,-2.7235,-0.6401,-0.1827,0.0429,0.9822
144.8580,126.06,28.0230,27.9173,11.8555,357.7736,349.4568,0.3880,0.1596,-2.7811,-0.6415,-0.1828,0.0388,0.9824
144.8780,126.06,28.0262,27.8605,11.8426,358.0035,349.4533,0.3914,0.1587,-2.8380,-0.6424,-0.1829,0.0348,0.9825
144.8980,126.06,28.0294,27.8026,11.8298,358.2291,349.4505,0.3940,0.1576,-2.8941,-0.6428,-0.1830,0.0309,0.9826
144.9180,126.06,28.0325,27.7436,11.8169,358.4500,349.4485,0.3959,0.1565,-2.9496,-0.6427,-0.1831,0.0270,0.9827
144.9380,126.06,28.0356,27.6835,11.8041,358.6662,349.4473,0.3972,0.1553,-3.0044,-0.6421,-0.1831,0.0233,0.9828
144.9580,126.06,28.0387,27.6224,11.7913,358.8773,349.4467,0.3979,0.1540,-3.0585,-0.6411,-0.1831,0.0196,0.9829
144.9780,126.06,28.0417,27.5601,11.7785,359.0833,349.4470,0.3979,0.1527,-3.1119,-0.6396,-0.1831,0.0160,0.9830
144.9980,126.06,28.0448,27.4968,11.7657,359.2839,349.4479,0.3974,0.1512,-3.1646,-0.6378,-0.1831,0.0125,0.9830
145.0180,126.06,28.0477,27.4325,11.7530,359.4790,349.4496,0.3962,0.1497,-3.2166,-0.6355,-0.1831,0.0091,0.9831
145.0380,126.06,28.0507,27.3672,11.7404,359.6685,349.4519,0.3946,0.1481,-3.2679,-0.6328,-0.1831,0.0058,0.9831
145.0580,126.06,28.0536,27.3008,11.7278,359.8523,349.4550,0.3924,0.1465,-3.3186,-0.6297,-0.1830,0.0026,0.9831
145.0780,126.06,28.0565,27.2334,11.7152,0.0302,349.4587,0.3897,0.1448,-3.3685,-0.6262,-0.1829,-0.0005,0.9831
145.0980,126.06,28.0594,27.1651,11.7028,0.2022,349.4630,0.3865,0.1430,-3.4178,-0.6223,-0.1829,-0.0035,0.9831
145.1180,126.06,28.0622,27.0957,11.6904,0.3681,349.4680,0.3828,0.1412,-3.4663,-0.6181,-0.1828,-0.0064,0.9831
145.1380,126.06,28.0650,27.0255,11.6782,0.5280,349.4736,0.3787,0.1393,-3.5142,-0.6136,-0.1827,-0.0092,0.9831
145.1580,126.06,28.0678,26.9542,11.6660,0.6818,349.4798,0.3742,0.1374,-3.5615,-0.6087,-0.1826,-0.0119,0.9831
145.1780,126.06,28.0705,26.8821,11.6539,0.8293,349.4866,0.3693,0.1355,-3.6080,-0.6035,-0.1824,-0.0145,0.9831
145.1980,126.06,28.0731,26.8090,11.6420,0.9706,349.4939,0.3640,0.1335,-3.6539,-0.5981,-0.1823,-0.0169,0.9831
145.2180,126.06,28.0758,26.7350,11.6301,1.1058,349.5018,0.3583,0.1314,-3.6991,-0.5923,-0.1822,-0.0193,0.9831
145.2380,126.06,28.0783,26.6601,11.6184,1.2346,349.5102,0.3523,0.1294,-3.7437,-0.5863,-0.1820,-0.0215,0.9831
145.2580,126.06,28.0809,26.5844,11.6068,1.3572,349.5190,0.3460,0.1273,-3.7876,-0.5800,-0.1819,-0.0237,0.9830
145.2780,126.06,28.0834,26.5078,11.5953,1.4736,349.5283,0.3393,0.1251,-3.8309,-0.5735,-0.1817,-0.0257,0.9830
145.2980,126.06,28.0859,26.4303,11.5840,1.5837,349.5381,0.3323,0.1230,-3.8735,-0.5667,-0.1815,-0.0276,0.9830
145.3180,126.06,28.0883,26.3520,11.5728,1.6877,349.5482,0.3251,0.1208,-3.9155,-0.5597,-0.1813,-0.0295,0.9830
145.3380,126.06,28.0906,26.2728,11.5617,1.7855,349.5587,0.3175,0.1186,-3.9569,-0.5526,-0.1811,-0.0312,0.9830
145.3580,126.06,28.0930,26.1929,11.5508,1.8771,349.5696,0.3098,0.1165,-3.9976,-0.5452,-0.1809,-0.0328,0.9829
145.3780,126.06,28.0953,26.1121,11.5401,1.9627,349.5809,0.3018,0.1143,-4.0378,-0.5377,-0.1807,-0.0342,0.9829
145.3980,126.06,28.0975,26.0306,11.5295,2.0424,349.5925,0.2935,0.1121,-4.0773,-0.5300,-0.1805,-0.0356,0.9829
145.4180,126.06,28.0997,25.9483,11.5190,2.1160,349.6043,0.2851,0.1099,-4.1162,-0.5222,-0.1803,-0.0369,0.9829
145.4380,126.06,28.1019,25.8652,11.5087,2.1838,349.6164,0.2764,0.1076,-4.1546,-0.5143,-0.1801,-0.0381,0.9829
145.4580,126.06,28.1040,25.7813,11.4986,2.2458,349.6288,0.2676,0.1055,-4.1924,-0.5062,-0.1799,-0.0392,0.9829
145.4780,126.06,28.1060,25.6967,11.4887,2.3021,349.6414,0.2586,0.1033,-4.2295,-0.4980,-0.1797,-0.0402,0.9829
145.4980,126.06,28.1080,25.6114,11.4789,2.3528,349.6541,0.2494,0.1011,-4.2662,-0.4898,-0.1794,-0.0411,0.9829
145.5180,126.06,28.1100,25.5254,11.4692,2.3980,349.6671,0.2401,0.0989,-4.3022,-0.4815,-0.1792,-0.0418,0.9829
145.5380,126.06,28.1120,25.4386,11.4598,2.4378,349.6802,0.2307,0.0968,-4.3377,-0.4731,-0.1790,-0.0425,0.9829
145.5580,122.27,28.1139,25.3512,11.4505,2.4722,349.6934,0.2211,0.0946,-4.3727,-0.4646,-0.1787,-0.0431,0.9829
145.5780,122.27,28.1157,25.2630,11.4414,2.5015,349.7067,0.2115,0.0925,-4.4071,-0.4562,-0.1785,-0.0436,0.9830
145.5980,122.27,28.1175,25.1742,11.4324,2.5256,349.7201,0.2017,0.0904,-4.4410,-0.4477,-0.1783,-0.0441,0.9830
145.6180,122.27,28.1193,25.0847,11.4236,2.5448,349.7335,0.1919,0.0884,-4.4744,-0.4392,-0.1781,-0.0444,0.9830
145.6380,122.27,28.1210,24.9946,11.4150,2.5592,349.7470,0.1819,0.0863,-4.5072,-0.4306,-0.1778,-0.0447,0.9831
145.6580,122.27,28.1227,24.9038,11.4066,2.5688,349.7605,0.1719,0.0843,-4.5396,-0.4221,-0.1776,-0.0448,0.9831
145.6780,122.27,28.1243,24.8124,11.3983,2.5738,349.7740,0.1619,0.0823,-4.5715,-0.4137,-0.1774,-0.0449,0.9831
145.6980,122.27,28.1259,24.7203,11.3902,2.5743,349.7874,0.1518,0.0804,-4.6028,-0.4052,-0.1771,-0.0449,0.9832
145.7180,122.27,28.1275,24.6276,11.3823,2.5706,349.8009,0.1417,0.0785,-4.6337,-0.3968,-0.1769,-0.0448,0.9832
145.7380,122.27,28.1290,24.5343,11.3745,2.5625,349.8142,0.1316,0.0766,-4.6641,-0.3885,-0.1767,-0.0447,0.9833
145.7580,122.27,28.1305,24.4405,11.3669,2.5505,349.8275,0.1215,0.0748,-4.6941,-0.3802,-0.1764,-0.0445,0.9833
145.7780,122.27,28.1320,24.3460,11.3594,2.5345,349.8406,0.1113,0.0730,-4.7236,-0.3720,-0.1762,-0.0442,0.9834
145.7980,122.27,28.1334,24.2509,11.3522,2.5146,349.8537,0.1012,0.0713,-4.7526,-0.3639,-0.1760,-0.0439,0.9834
145.8180,122.27,28.1348,24.1553,11.3450,2.4912,349.8666,0.0911,0.0696,-4.7812,-0.3558,-0.1758,-0.0435,0.9835
145.8380,122.27,28.1362,24.0591,11.3381,2.4642,349.8793,0.0811,0.0680,-4.8094,-0.3479,-0.1756,-0.0430,0.9835
145.8580,122.27,28.1375,23.9624,11.3313,2.4338,349.8919,0.0710,0.0664,-4.8371,-0.3401,-0.1753,-0.0425,0.9836
145.8780,122.27,28.1388,23.8651,11.3246,2.4002,349.9043,0.0611,0.0648,-4.8644,-0.3323,-0.1751,-0.0419,0.9837
145.8980,122.27,28.1401,23.7673,11.3181,2.3635,349.9165,0.0512,0.0633,-4.8913,-0.3248,-0.1749,-0.0412,0.9837
145.9180,122.27,28.1413,23.6689,11.3118,2.3238,349.9285,0.0413,0.0619,-4.9178,-0.3173,-0.1747,-0.0405,0.9838
145.9380,122.27,28.1425,23.5700,11.3056,2.2813,349.9403,0.0316,0.0605,-4.9439,-0.3100,-0.1745,-0.0398,0.9838
145.9580,122.27,28.1437,23.4706,11.2995,2.2361,349.9518,0.0219,0.0591,-4.9695,-0.3028,-0.1743,-0.0390,0.9839
145.9780,122.27,28.1449,23.3707,11.2936,2.1883,349.9631,0.0123,0.0578,-4.9948,-0.2958,-0.1742,-0.0382,0.9840
145.9980,122.27,28.1460,23.2703,11.2878,2.1382,349.9742,0.0029,0.0566,-5.0197,-0.2889,-0.1740,-0.0373,0.9840
146.0180,122.27,28.1471,23.1695,11.2822,2.0857,349.9849,359.9936,0.0554,-5.0443,-0.2822,-0.1738,-0.0364,0.9841
146.0380,122.27,28.1482,23.0681,11.2767,2.0312,349.9954,359.9843,0.0543,-5.0684,-0.2756,-0.1736,-0.0354,0.9842
146.0580,122.27,28.1493,22.9662,11.2713,1.9746,350.0056,359.9753,0.0532,-5.0922,-0.2693,-0.1734,-0.0345,0.9842
146.0780,122.27,28.1503,22.8639,11.2660,1.9162,350.0155,359.9663,0.0522,-5.1157,-0.2631,-0.1733,-0.0334,0.9843
146.0980,122.27,28.1513,22.7612,11.2609,1.8560,350.0251,359.9575,0.0512,-5.1388,-0.2570,-0.1731,-0.0324,0.9844
146.1180,122.27,28.1523,22.6579,11.2559,1.7942,350.0344,359.9489,0.0503,-5.1615,-0.2512,-0.1730,-0.0313,0.9844
146.1380,122.27,28.1533,22.5543,11.2510,1.7309,350.0433,359.9404,0.0494,-5.1839,-0.2455,-0.1728,-0.0302,0.9845
146.1580,122.27,28.1543,22.4501,11.2462,1.6663,350.0520,359.9321,0.0486,-5.2060,-0.2401,-0.1727,-0.0291,0.9845
146.1780,122.27,28.1552,22.3456,11.2415,1.6004,350.0603,359.9240,0.0479,-5.2277,-0.2348,-0.1725,-0.0279,0.9846
146.1980,122.27,28.1562,22.2406,11.2369,1.5334,350.0683,359.9160,0.0472,-5.2491,-0.2297,-0.1724,-0.0268,0.9847
146.2180,122.27,28.1571,22.1352,11.2324,1.4654,350.0759,359.9083,0.0466,-5.2701,-0.2248,-0.1723,-0.0256,0.9847
146.2380,122.27,28.1580,22.0294,11.2280,1.3966,350.0832,359.9007,0.0460,-5.2909,-0.2201,-0.1722,-0.0244,0.9848
146.2580,122.27,28.1589,21.9232,11.2237,1.3270,350.0902,359.8933,0.0455,-5.3113,-0.2156,-0.1721,-0.0232,0.9848
146.2780,122.27,28.1598,21.8165,11.2194,1.2567,350.0968,359.8862,0.0450,-5.3315,-0.2113,-0.1719,-0.0219,0.9849
146.2980,122.27,28.1607,21.7095,11.2153,1.1859,350.1031,359.8792,0.0446,-5.3513,-0.2072,-0.1718,-0.0207,0.9849
146.3180,122.27,28.1616,21.6021,11.2112,1.1146,350.1090,359.8725,0.0442,-5.3708,-0.2033,-0.1717,-0.0195,0.9849
146.3380,122.27,28.1625,21.4943,11.2072,1.0430,350.1146,359.8659,0.0439,-5.3900,-0.1996,-0.1717,-0.0182,0.9850
146.3580,122.27,28.1634,21.3861,11.2033,0.9712,350.1198,359.8596,0.0436,-5.4090,-0.1961,-0.1716,-0.0169,0.9850
146.3780,122.27,28.1642,21.2776,11.1995,0.8993,350.1246,359.8535,0.0434,-5.4276,-0.1928,-0.1715,-0.0157,0.9851
146.3980,122.27,28.1651,21.1686,11.1957,0.8273,350.1292,359.8477,0.0432,-5.4460,-0.1897,-0.1714,-0.0144,0.9851
146.4180,122.27,28.1660,21.0594,11.1919,0.7553,350.1333,359.8421,0.0431,-5.4641,-0.1868,-0.1713,-0.0132,0.9851
146.4380,122.27,28.1668,20.9497,11.1883,0.6835,350.1371,359.8367,0.0430,-5.4819,-0.1841,-0.1713,-0.0119,0.9852
146.4580,122.27,28.1677,20.8397,11.1846,0.6120,350.1406,359.8315,0.0429,-5.4994,-0.1815,-0.1712,-0.0107,0.9852
146.4780,122.27,28.1685,20.7294,11.1810,0.5407,350.1437,359.8266,0.0430,-5.5167,-0.1792,-0.1712,-0.0094,0.9852
146.4980,122.27,28.1694,20.6187,11.1775,0.4698,350.1465,359.8219,0.0430,-5.5337,-0.1771,-0.1711,-0.0082,0.9852
146.5180,122.27,28.1703,20.5077,11.1740,0.3995,350.1490,359.8175,0.0431,-5.5504,-0.1752,-0.1711,-0.0070,0.9852
146.5380,122.27,28.1711,20.3964,11.1705,0.3296,350.1511,359.8133,0.0432,-5.5669,-0.1734,-0.1710,-0.0058,0.9852
146.5580,119.71,28.1720,20.2847,11.1671,0.2604,350.1530,359.8093,0.0434,-5.5831,-0.1718,-0.1710,-0.0045,0.9853
146.5780,119.71,28.1729,20.1727,11.1637,0.1919,350.1544,359.8055,0.0436,-5.5990,-0.1705,-0.1710,-0.0033,0.9853
146.5980,119.71,28.1737,20.0604,11.1603,0.1241,350.1556,359.8020,0.0439,-5.6148,-0.1693,-0.1710,-0.0022,0.9853
146.6180,119.71,28.1746,19.9520,11.1570,0.0542,350.1567,359.7984,0.0446,-5.4242,-0.1671,-0.1710,-0.0009,0.9853
146.6380,119.71,28.1755,19.8434,11.1536,359.9850,350.1575,359.7949,0.0450,-5.4298,-0.1662,-0.1709,0.0003,0.9853
146.6580,119.71,28.1765,19.7383,11.1503,359.9139,350.1582,359.7913,0.0459,-5.2527,-0.1649,-0.1709,0.0015,0.9853
146.6780,119.71,28.1774,19.6333,11.1470,359.8437,350.1587,359.7878,0.0463,-5.2495,-0.1644,-0.1709,0.0027,0.9853
146.6980,119.71,28.1783,19.5316,11.1438,359.7719,350.1591,359.7843,0.0474,-5.0845,-0.1640,-0.1709,0.0040,0.9853
146.7180,119.71,28.1793,19.4302,11.1405,359.7010,350.1591,359.7809,0.0480,-5.0738,-0.1640,-0.1709,0.0052,0.9853
146.7380,119.71,28.1803,19.3318,11.1372,359.6288,350.1591,359.7775,0.0491,-4.9198,-0.1644,-0.1709,0.0065,0.9853
146.7580,119.71,28.1813,19.2337,11.1339,359.5576,350.1588,359.7741,0.0498,-4.9024,-0.1648,-0.1709,0.0077,0.9853
146.7780,119.71,28.1823,19.1385,11.1306,359.4852,350.1584,359.7708,0.0511,-4.7583,-0.1659,-0.1709,0.0090,0.9852
146.7980,119.71,28.1833,19.0438,11.1272,359.4139,350.1578,359.7675,0.0520,-4.7353,-0.1668,-0.1709,0.0102,0.9852
146.8180,119.71,28.1844,18.9518,11.1239,359.3418,350.1570,359.7643,0.0534,-4.6002,-0.1687,-0.1709,0.0115,0.9852
146.8380,119.71,28.1855,18.8604,11.1205,359.2707,350.1560,359.7611,0.0543,-4.5723,-0.1701,-0.1710,0.0127,0.9852
146.8580,119.71,28.1866,18.7715,11.1170,359.1991,350.1548,359.7580,0.0559,-4.4454,-0.1726,-0.1710,0.0140,0.9852
146.8780,119.71,28.1877,18.6832,11.1135,359.1285,350.1535,359.7550,0.0569,-4.4133,-0.1746,-0.1710,0.0152,0.9852
146.8980,119.71,28.1889,18.5973,11.1100,359.0576,350.1520,359.7520,0.0586,-4.2938,-0.1777,-0.1710,0.0164,0.9851
146.9180,119.71,28.1901,18.5122,11.1064,358.9878,350.1503,359.7491,0.0598,-4.2582,-0.1802,-0.1710,0.0177,0.9851
146.9380,119.71,28.1913,18.4293,11.1027,358.9178,350.1485,359.7462,0.0615,-4.1454,-0.1839,-0.1711,0.0189,0.9851
146.9580,119.71,28.1926,18.3471,11.0989,358.8491,350.1464,359.7435,0.0628,-4.1069,-0.1869,-0.1711,0.0201,0.9850
146.9780,119.71,28.1939,18.2671,11.0951,358.7802,350.1443,359.7408,0.0647,-4.0002,-0.1912,-0.1711,0.0213,0.9850
146.9980,119.71,28.1952,18.1879,11.0912,358.7127,350.1419,359.7382,0.0661,-3.9592,-0.1947,-0.1712,0.0225,0.9850
147.0180,119.71,28.1966,18.1108,11.0872,358.6453,350.1395,359.7357,0.0680,-3.8581,-0.1995,-0.1712,0.0236,0.9850
147.0380,119.71,28.1980,18.0345,11.0832,358.5792,350.1368,359.7333,0.0696,-3.8151,-0.2036,-0.1712,0.0248,0.9849
147.0580,119.71,28.1994,17.9601,11.0790,358.5134,350.1340,359.7310,0.0716,-3.7191,-0.2089,-0.1713,0.0259,0.9849
147.0780,119.71,28.2009,17.8866,11.0747,358.4489,350.1311,359.7288,0.0733,-3.6745,-0.2134,-0.1713,0.0271,0.9848
147.0980,119.71,28.2024,17.8149,11.0703,358.3849,350.1281,359.7266,0.0754,-3.5832,-0.2192,-0.1714,0.0282,0.9848
147.1180,119.71,28.2039,17.7442,11.0659,358.3223,350.1248,359.7246,0.0771,-3.5372,-0.2242,-0.1714,0.0293,0.9848
147.1380,119.71,28.2055,17.6752,11.0612,358.2602,350.1215,359.7227,0.0793,-3.4503,-0.2304,-0.1715,0.0304,0.9847
147.1580,119.71,28.2071,17.6071,11.0565,358.1996,350.1180,359.7209,0.0812,-3.4032,-0.2359,-0.1715,0.0314,0.9847
147.1780,119.71,28.2088,17.5407,11.0517,358.1396,350.1145,359.7191,0.0834,-3.3203,-0.2426,-0.1716,0.0325,0.9846
147.1980,119.71,28.2105,17.4753,11.0467,358.0811,350.1108,359.7175,0.0853,-3.2725,-0.2485,-0.1716,0.0335,0.9846
147.2180,119.71,28.2122,17.4114,11.0416,358.0234,350.1070,359.7160,0.0876,-3.1932,-0.2555,-0.1717,0.0345,0.9845
147.2380,119.71,28.2140,17.3485,11.0364,357.9672,350.1031,359.7147,0.0897,-3.1449,-0.2619,-0.1718,0.0355,0.9845
147.2580,119.71,28.2159,17.2871,11.0310,357.9118,350.0991,359.7133,0.0920,-3.0690,-0.2692,-0.1718,0.0364,0.9845
147.2780,119.71,28.2178,17.2267,11.0255,357.8580,350.0950,359.7122,0.0941,-3.0204,-0.2760,-0.1719,0.0374,0.9844
147.2980,119.71,28.2197,17.1678,11.0198,357.8052,350.0908,359.7112,0.0965,-2.9476,-0.2837,-0.1720,0.0383,0.9844
147.3180,119.71,28.2217,17.1098,11.0140,357.7540,350.0865,359.7103,0.0987,-2.8988,-0.2908,-0.1720,0.0392,0.9843
147.3380,119.71,28.2237,17.0532,11.0080,357.7038,350.0822,359.7095,0.1011,-2.8290,-0.2988,-0.1721,0.0401,0.9843
147.3580,119.71,28.2258,16.9976,11.0019,357.6552,350.0777,359.7088,0.1034,-2.7801,-0.3062,-0.1722,0.0409,0.9842
147.3780,119.71,28.2279,16.9434,10.9956,357.6077,350.0732,359.7082,0.1059,-2.7130,-0.3145,-0.1722,0.0417,0.9842
147.3980,119.71,28.2300,16.8901,10.9891,357.5618,350.0686,359.7078,0.1082,-2.6643,-0.3223,-0.1723,0.0425,0.9841
147.4180,119.71,28.2323,16.8381,10.9825,357.5172,350.0639,359.7075,0.1107,-2.5997,-0.3308,-0.1724,0.0433,0.9841
147.4380,119.71,28.2345,16.7870,10.9757,357.4741,350.0592,359.7073,0.1130,-2.5513,-0.3389,-0.1725,0.0441,0.9840
147.4580,119.71,28.2368,16.7373,10.9688,357.4323,350.0545,359.7072,0.1156,-2.4891,-0.3476,-0.1725,0.0448,0.9840
147.4780,119.71,28.2392,16.6884,10.9617,357.3922,350.0497,359.7072,0.1180,-2.4410,-0.3560,-0.1726,0.0455,0.9839
147.4980,119.71,28.2416,16.6408,10.9544,357.3533,350.0448,359.7074,0.1205,-2.3810,-0.3649,-0.1727,0.0462,0.9839
147.5180,119.71,28.2441,16.5942,10.9469,357.3161,350.0399,359.7077,0.1230,-2.3333,-0.3735,-0.1728,0.0468,0.9838
147.5380,119.71,28.2466,16.5487,10.9392,357.2802,350.0350,359.7081,0.1255,-2.2754,-0.3826,-0.1729,0.0475,0.9838
147.5580,119.71,28.2491,16.5041,10.9314,357.2461,350.0300,359.7086,0.1280,-2.2283,-0.3914,-0.1729,0.0480,0.9838
147.5780,125.34,28.2517,16.4606,10.9234,357.2133,350.0250,359.7093,0.1306,-2.1723,-0.4007,-0.1730,0.0486,0.9837
147.5980,125.34,28.2544,16.4181,10.9152,357.1821,350.0200,359.7100,0.1331,-2.1257,-0.4097,-0.1731,0.0492,0.9837
147.6180,125.34,28.2571,16.3767,10.9068,357.1524,350.0150,359.7109,0.1357,-2.0716,-0.4191,-0.1732,0.0497,0.9836
147.6380,125.34,28.2599,16.3362,10.8983,357.1243,350.0099,359.7119,0.1382,-2.0257,-0.4282,-0.1733,0.0502,0.9836
147.6580,125.34,28.2627,16.2967,10.8895,357.0977,350.0049,359.7130,0.1407,-1.9732,-0.4377,-0.1733,0.0506,0.9836
147.6780,125.34,28.2656,16.2582,10.8806,357.0728,349.9998,359.7143,0.1433,-1.9280,-0.4469,-0.1734,0.0511,0.9835
147.6980,125.34,28.2685,16.2206,10.8714,357.0493,349.9947,359.7156,0.1458,-1.8773,-0.4565,-0.1735,0.0515,0.9835
147.7180,125.34,28.2714,16.1840,10.8621,357.0274,349.9897,359.7170,0.1483,-1.8328,-0.4658,-0.1736,0.0519,0.9835
147.7380,125.34,28.2745,16.1483,10.8526,357.0071,349.9846,359.7186,0.1509,-1.7836,-0.4755,-0.1737,0.0522,0.9834
147.7580,125.34,28.2775,16.1135,10.8429,356.9883,349.9796,359.7203,0.1534,-1.7398,-0.4849,-0.1738,0.0525,0.9834
147.7780,125.34,28.2806,16.0796,10.8330,356.9711,349.9745,359.7221,0.1560,-1.6921,-0.4945,-0.1738,0.0528,0.9834
147.7980,125.34,28.2838,16.0467,10.8229,356.9555,349.9695,359.7240,0.1585,-1.6492,-0.5040,-0.1739,0.0531,0.9833
147.8180,125.34,28.2870,16.0146,10.8127,356.9414,349.9646,359.7260,0.1610,-1.6028,-0.5136,-0.1740,0.0534,0.9833
147.8380,125.34,28.2903,15.9834,10.8022,356.9289,349.9596,359.7281,0.1635,-1.5607,-0.5231,-0.1741,0.0536,0.9833
147.8580,125.34,28.2936,15.9531,10.7916,356.9179,349.9547,359.7303,0.1660,-1.5157,-0.5328,-0.1742,0.0538,0.9832
147.8780,125.34,28.2970,15.9236,10.7807,356.9085,349.9498,359.7327,0.1684,-1.4744,-0.5422,-0.1743,0.0539,0.9832
147.8980,125.34,28.3004,15.8950,10.7697,356.9006,349.9449,359.7351,0.1709,-1.4307,-0.5518,-0.1743,0.0541,0.9832
147.9180,125.34,28.3039,15.8672,10.7584,356.8943,349.9401,359.7376,0.1733,-1.3903,-0.5613,-0.1744,0.0542,0.9832
147.9380,125.34,28.3074,15.8402,10.7470,356.8894,349.9354,359.7402,0.1757,-1.3478,-0.5708,-0.1745,0.0543,0.9832
147.9580,125.34,28.3109,15.8140,10.7354,356.8861,349.9306,359.7430,0.1781,-1.3082,-0.5802,-0.1746,0.0543,0.9831
147.9780,125.34,28.3146,15.7887,10.7236,356.8843,349.9260,359.7458,0.1805,-1.2670,-0.5897,-0.1747,0.0544,0.9831
147.9980,125.34,28.3182,15.7641,10.7116,356.8839,349.9214,359.7487,0.1829,-1.2282,-0.5990,-0.1747,0.0544,0.9831
148.0180,125.34,28.3219,15.7404,10.6995,356.8851,349.9168,359.7516,0.1852,-1.1881,-0.6083,-0.1748,0.0543,0.9831
148.0380,125.34,28.3257,15.7174,10.6871,356.8877,349.9123,359.7547,0.1875,-1.1502,-0.6175,-0.1749,0.0543,0.9831
148.0580,125.34,28.3295,15.6952,10.6746,356.8918,349.9078,359.7579,0.1898,-1.1112,-0.6268,-0.1750,0.0542,0.9831
148.0780,125.34,28.3333,15.6737,10.6619,356.8973,349.9035,359.7611,0.1920,-1.0741,-0.6359,-0.1751,0.0541,0.9831
148.0980,125.34,28.3372,15.6529,10.6490,356.9043,349.8991,359.7645,0.1943,-1.0362,-0.6450,-0.1751,0.0540,0.9831
148.1180,125.34,28.3411,15.6329,10.6359,356.9126,349.8949,359.7679,0.1965,-1.0000,-0.6539,-0.1752,0.0539,0.9831
148.1380,125.34,28.3451,15.6137,10.6226,356.9224,349.8907,359.7714,0.1986,-0.9631,-0.6628,-0.1753,0.0537,0.9831
148.1580,125.34,28.3491,15.5951,10.6092,356.9335,349.8866,359.7749,0.2008,-0.9277,-0.6716,-0.1753,0.0535,0.9831
148.1780,125.34,28.3532,15.5773,10.5956,356.9460,349.8826,359.7786,0.2029,-0.8918,-0.6804,-0.1754,0.0533,0.9831
148.1980,125.34,28.3573,15.5601,10.5818,356.9599,349.8787,359.7823,0.2049,-0.8573,-0.6890,-0.1755,0.0530,0.9831
148.2180,125.34,28.3614,15.5437,10.5679,356.9751,349.8748,359.7861,0.2070,-0.8224,-0.6975,-0.1756,0.0528,0.9831
148.2380,125.34,28.3656,15.5279,10.5538,356.9916,349.8710,359.7899,0.2090,-0.7887,-0.7059,-0.1756,0.0525,0.9831
148.2580,125.34,28.3698,15.5128,10.5395,357.0094,349.8673,359.7938,0.2110,-0.7548,-0.7143,-0.1757,0.0522,0.9831
148.2780,125.34,28.3741,15.4984,10.5250,357.0285,349.8637,359.7978,0.2129,-0.7219,-0.7224,-0.1758,0.0518,0.9831
148.2980,125.34,28.3784,15.4846,10.5104,357.0488,349.8602,359.8018,0.2148,-0.6889,-0.7305,-0.1758,0.0515,0.9831
148.3180,125.34,28.3827,15.4715,10.4956,357.0704,349.8567,359.8059,0.2166,-0.6568,-0.7385,-0.1759,0.0511,0.9831
148.3380,125.34,28.3871,15.4590,10.4807,357.0932,349.8534,359.8101,0.2184,-0.6247,-0.7464,-0.1759,0.0507,0.9831
148.3580,125.34,28.3915,15.4471,10.4656,357.1172,349.8501,359.8143,0.2202,-0.5935,-0.7541,-0.1760,0.0503,0.9831
148.3780,125.34,28.3959,15.4359,10.4504,357.1423,349.8469,359.8186,0.2219,-0.5622,-0.7617,-0.1761,0.0499,0.9831
148.3980,125.34,28.4004,15.4252,10.4350,357.1686,349.8438,359.8229,0.2236,-0.5318,-0.7691,-0.1761,0.0494,0.9831
148.4180,125.34,28.4049,15.4152,10.4195,357.1961,349.8409,359.8272,0.2253,-0.5014,-0.7764,-0.1762,0.0489,0.9831
148.4380,125.34,28.4094,15.4058,10.4038,357.2246,349.8380,359.8317,0.2269,-0.4718,-0.7836,-0.1762,0.0484,0.9832
148.4580,125.34,28.4140,15.3969,10.3880,357.2542,349.8351,359.8361,0.2284,-0.4422,-0.7906,-0.1763,0.0479,0.9832
148.4780,125.34,28.4186,15.3887,10.3721,357.2849,349.8325,359.8406,0.2299,-0.4134,-0.7975,-0.1763,0.0474,0.9832
148.4980,125.34,28.4232,15.3810,10.3560,357.3167,349.8298,359.8451,0.2314,-0.3846,-0.8042,-0.1764,0.0468,0.9832
148.5180,125.34,28.4279,15.3738,10.3398,357.3494,349.8273,359.8497,0.2328,-0.3566,-0.8108,-0.1764,0.0462,0.9832
148.5380,125.34,28.4327,15.3637,10.3234,357.4246,349.8284,359.8869,0.2406,-0.5052,-0.8167,-0.1764,0.0449,0.9833
148.5580,125.34,28.4375,15.3529,10.3070,357.5019,349.8294,359.9240,0.2412,-0.5405,-0.8202,-0.1764,0.0436,0.9834
148.5780,124.89,28.4423,15.3395,10.2906,357.5941,349.8289,359.9619,0.2414,-0.6717,-0.8222,-0.1764,0.0420,0.9834
148.5980,124.89,28.4472,15.3251,10.2741,357.6876,349.8282,-0.0013,0.2413,-0.7196,-0.8246,-0.1765,0.0403,0.9835
148.6180,124.89,28.4520,15.3083,10.2576,357.7904,349.8266,0.0350,0.2411,-0.8383,-0.8257,-0.1765,0.0386,0.9835
148.6380,124.89,28.4568,15.2905,10.2410,357.8941,349.8248,0.0702,0.2407,-0.8932,-0.8274,-0.1765,0.0367,0.9836
148.6580,124.89,28.4616,15.2704,10.2245,358.0041,349.8224,0.1045,0.2401,-1.0025,-0.8280,-0.1766,0.0348,0.9837
148.6780,124.89,28.4664,15.2492,10.2079,358.1147,349.8199,0.1376,0.2395,-1.0616,-0.8289,-0.1766,0.0329,0.9837
148.6980,124.89,28.4712,15.2259,10.1913,358.2298,349.8170,0.1696,0.2387,-1.1635,-0.8291,-0.1767,0.0309,0.9838
148.7180,124.89,28.4759,15.2014,10.1747,358.3452,349.8141,0.2005,0.2378,-1.2252,-0.8294,-0.1768,0.0289,0.9838
148.7380,124.89,28.4806,15.1750,10.1581,358.4636,349.8109,0.2302,0.2369,-1.3210,-0.8291,-0.1768,0.0268,0.9839
148.7580,124.89,28.4854,15.1473,10.1416,358.5819,349.8077,0.2586,0.2358,-1.3841,-0.8289,-0.1769,0.0247,0.9839
148.7780,124.89,28.4901,15.1178,10.1250,358.7021,349.8044,0.2859,0.2347,-1.4748,-0.8281,-0.1770,0.0227,0.9840
148.7980,124.89,28.4947,15.0870,10.1084,358.8219,349.8012,0.3119,0.2334,-1.5385,-0.8273,-0.1770,0.0206,0.9840
148.8180,124.89,28.4994,15.0545,10.0919,358.9427,349.7980,0.3367,0.2320,-1.6248,-0.8261,-0.1771,0.0185,0.9840
148.8380,124.89,28.5040,15.0208,10.0754,359.0627,349.7950,0.3603,0.2305,-1.6887,-0.8248,-0.1771,0.0164,0.9840
148.8580,124.89,28.5086,14.9854,10.0590,359.1830,349.7919,0.3826,0.2291,-1.7711,-0.8231,-0.1772,0.0143,0.9841
148.8780,124.89,28.5131,14.9487,10.0425,359.3020,349.7891,0.4036,0.2274,-1.8346,-0.8213,-0.1773,0.0122,0.9841
148.8980,124.89,28.5176,14.9104,10.0262,359.4207,349.7863,0.4235,0.2257,-1.9137,-0.8191,-0.1773,0.0101,0.9841
148.9180,124.89,28.5221,14.8709,10.0098,359.5379,349.7838,0.4420,0.2239,-1.9766,-0.8167,-0.1774,0.0081,0.9841
148.9380,124.89,28.5265,14.8298,9.9935,359.6541,349.7814,0.4594,0.2221,-2.0525,-0.8141,-0.1774,0.0060,0.9841
148.9580,124.89,28.5309,14.7875,9.9773,359.7685,349.7793,0.4756,0.2201,-2.1146,-0.8113,-0.1774,0.0040,0.9841
148.9780,124.89,28.5353,14.7438,9.9611,359.8815,349.7773,0.4905,0.2181,-2.1877,-0.8082,-0.1775,0.0021,0.9841
148.9980,124.89,28.5396,14.6988,9.9450,359.9923,349.7756,0.5043,0.2160,-2.2487,-0.8049,-0.1775,0.0001,0.9841
149.0180,124.89,28.5439,14.6563,9.9290,0.0962,349.7745,0.5170,0.2121,-2.1220,-0.8006,-0.1775,-0.0017,0.9841
149.0380,124.89,28.5481,14.6129,9.9131,0.1978,349.7737,0.5287,0.2098,-2.1720,-0.7969,-0.1775,-0.0035,0.9841
149.0580,124.89,28.5522,14.5718,9.8973,0.2930,349.7736,0.5394,0.2057,-2.0573,-0.7918,-0.1775,-0.0051,0.9841
149.0780,124.89,28.5562,14.5298,9.8815,0.3855,349.7736,0.5491,0.2032,-2.0977,-0.7876,-0.1775,-0.0067,0.9841
149.0980,124.89,28.5602,14.4899,9.8659,0.4719,349.7742,0.5579,0.1990,-1.9934,-0.7817,-0.1775,-0.0082,0.9841
149.1180,124.89,28.5641,14.4494,9.8503,0.5555,349.7751,0.5657,0.1963,-2.0257,-0.7771,-0.1775,-0.0097,0.9841
149.1380,124.89,28.5680,14.4108,9.8349,0.6334,349.7764,0.5727,0.1920,-1.9305,-0.7707,-0.1775,-0.0111,0.9841
149.1580,124.89,28.5718,14.3717,9.8196,0.7084,349.7779,0.5787,0.1892,-1.9557,-0.7656,-0.1775,-0.0124,0.9841
149.1780,124.89,28.5755,14.3343,9.8044,0.7781,349.7799,0.5839,0.1849,-1.8687,-0.7587,-0.1774,-0.0136,0.9840
149.1980,124.89,28.5791,14.2966,9.7894,0.8448,349.7821,0.5883,0.1819,-1.8877,-0.7532,-0.1774,-0.0147,0.9840
149.2180,124.89,28.5827,14.2604,9.7745,0.9065,349.7847,0.5919,0.1776,-1.8078,-0.7459,-0.1773,-0.0158,0.9840
149.2380,124.89,28.5861,14.2240,9.7597,0.9653,349.7874,0.5946,0.1745,-1.8215,-0.7401,-0.1773,-0.0168,0.9840
149.2580,124.89,28.5896,14.1890,9.7450,1.0194,349.7905,0.5967,0.1702,-1.7481,-0.7325,-0.1772,-0.0178,0.9840
149.2780,124.89,28.5929,14.1539,9.7305,1.0705,349.7938,0.5980,0.1670,-1.7571,-0.7264,-0.1772,-0.0187,0.9840
149.2980,124.89,28.5961,14.1201,9.7161,1.1173,349.7973,0.5985,0.1628,-1.6894,-0.7186,-0.1771,-0.0195,0.9840
149.3180,124.89,28.5993,14.0862,9.7019,1.1612,349.8010,0.5984,0.1595,-1.6945,-0.7122,-0.1770,-0.0203,0.9840
149.3380,124.89,28.6024,14.0536,9.6878,1.2010,349.8049,0.5976,0.1553,-1.6318,-0.7042,-0.1770,-0.0210,0.9840
149.3580,124.89,28.6055,14.0209,9.6738,1.2381,349.8090,0.5961,0.1520,-1.6334,-0.6975,-0.1769,-0.0216,0.9840
149.3780,124.89,28.6084,13.9894,9.6600,1.2713,349.8133,0.5940,0.1479,-1.5753,-0.6894,-0.1768,-0.0222,0.9840
149.3980,124.89,28.6113,13.9579,9.6464,1.3018,349.8176,0.5913,0.1445,-1.5740,-0.6826,-0.1767,-0.0227,0.9840
149.4180,124.89,28.6141,13.9275,9.6329,1.3288,349.8222,0.5880,0.1405,-1.5199,-0.6744,-0.1767,-0.0232,0.9840
149.4380,124.89,28.6169,13.8972,9.6195,1.3531,349.8268,0.5841,0.1371,-1.5160,-0.6675,-0.1766,-0.0236,0.9840
149.4580,124.89,28.6195,13.8679,9.6064,1.3741,349.8316,0.5796,0.1331,-1.4656,-0.6593,-0.1765,-0.0240,0.9840
149.4780,124.89,28.6221,13.8387,9.5933,1.3927,349.8364,0.5746,0.1298,-1.4595,-0.6522,-0.1764,-0.0243,0.9840
149.4980,124.89,28.6247,13.8105,9.5804,1.4081,349.8413,0.5691,0.1259,-1.4124,-0.6440,-0.1763,-0.0246,0.9840
149.5180,124.89,28.6269,13.7788,9.5674,1.4666,349.8378,0.4970,0.1132,-1.5815,-0.6527,-0.1764,-0.0256,0.9840
149.5380,124.89,28.6291,13.7474,9.5545,1.5218,349.8347,0.4252,0.1103,-1.5710,-0.6450,-0.1764,-0.0266,0.9840
149.5580,124.89,28.6313,13.7128,9.5416,1.5778,349.8313,0.3519,0.1094,-1.7278,-0.6422,-0.1765,-0.0275,0.9839
149.5780,124.27,28.6335,13.6783,9.5290,1.6295,349.8286,0.2806,0.1073,-1.7258,-0.6340,-0.1765,-0.0284,0.9839
149.5980,124.27,28.6356,13.6409,9.5164,1.6797,349.8260,0.2105,0.1067,-1.8708,-0.6304,-0.1766,-0.0293,0.9839
149.6180,124.27,28.6377,13.6034,9.5039,1.7256,349.8241,0.1425,0.1051,-1.8756,-0.6221,-0.1766,-0.0301,0.9838
149.6380,124.27,28.6398,13.5632,9.4916,1.7692,349.8225,0.0765,0.1047,-2.0102,-0.6179,-0.1766,-0.0309,0.9838
149.6580,124.27,28.6419,13.5228,9.4794,1.8087,349.8214,0.0127,0.1034,-2.0208,-0.6095,-0.1766,-0.0316,0.9838
149.6780,124.27,28.6439,13.4799,9.4673,1.8455,349.8207,359.9513,0.1031,-2.1458,-0.6049,-0.1766,-0.0322,0.9837
149.6980,124.27,28.6460,13.4366,9.4553,1.8784,349.8205,359.8920,0.1022,-2.1614,-0.5965,-0.1766,-0.0328,0.9837
149.7180,124.27,28.6480,13.3911,9.4435,1.9085,349.8208,359.8353,0.1020,-2.2779,-0.5916,-0.1766,-0.0333,0.9837
149.7380,124.27,28.6500,13.3451,9.4318,1.9348,349.8215,359.7807,0.1014,-2.2976,-0.5832,-0.1766,-0.0338,0.9837
149.7580,124.27,28.6521,13.2970,9.4203,1.9582,349.8226,359.7287,0.1013,-2.4063,-0.5780,-0.1766,-0.0342,0.9837
149.7780,124.27,28.6541,13.2484,9.4089,1.9780,349.8242,359.6789,0.1010,-2.4296,-0.5696,-0.1766,-0.0345,0.9837
149.7980,124.27,28.6561,13.1978,9.3976,1.9949,349.8261,359.6317,0.1009,-2.5312,-0.5641,-0.1765,-0.0348,0.9837
149.8180,124.27,28.6581,13.1466,9.3865,2.0085,349.8285,359.5866,0.1008,-2.5575,-0.5559,-0.1765,-0.0350,0.9837
149.8380,124.27,28.6601,13.0936,9.3755,2.0191,349.8312,359.5441,0.1009,-2.6527,-0.5502,-0.1764,-0.0352,0.9837
149.8580,124.27,28.6622,13.0400,9.3646,2.0266,349.8344,359.5036,0.1010,-2.6814,-0.5420,-0.1764,-0.0354,0.9837
149.8780,124.27,28.6642,12.9845,9.3539,2.0312,349.8378,359.4657,0.1012,-2.7707,-0.5362,-0.1763,-0.0354,0.9837
149.8980,124.27,28.6662,12.9285,9.3434,2.0328,349.8416,359.4298,0.1015,-2.8014,-0.5281,-0.1763,-0.0355,0.9837
149.9180,124.27,28.6682,12.8708,9.3329,2.0317,349.8457,359.3963,0.1018,-2.8855,-0.5221,-0.1762,-0.0355,0.9837
149.9380,124.27,28.6703,12.8124,9.3226,2.0277,349.8501,359.3649,0.1022,-2.9178,-0.5142,-0.1761,-0.0354,0.9837
149.9580,124.27,28.6723,12.7525,9.3125,2.0212,349.8548,359.3358,0.1026,-2.9970,-0.5081,-0.1760,-0.0353,0.9838
149.9780,124.27,28.6744,12.6919,9.3025,2.0120,349.8597,359.3086,0.1031,-3.0305,-0.5004,-0.1760,-0.0351,0.9838
149.9980,124.27,28.6765,12.6298,9.2926,2.0003,349.8649,359.2837,0.1036,-3.1053,-0.4942,-0.1759,-0.0349,0.9838
150.0180,124.27,28.6786,12.5670,9.2828,1.9861,349.8703,359.2606,0.1042,-3.1398,-0.4866,-0.1758,-0.0347,0.9838
150.0380,124.27,28.6807,12.5068,9.2734,1.9678,349.8759,359.2385,0.1058,-3.0107,-0.4728,-0.1757,-0.0343,0.9838
150.0580,124.27,28.6828,12.4460,9.2641,1.9472,349.8818,359.2181,0.1066,-3.0365,-0.4651,-0.1756,-0.0340,0.9839
150.0780,124.27,28.6850,12.3877,9.2550,1.9228,349.8878,359.1987,0.1084,-2.9177,-0.4520,-0.1755,-0.0336,0.9839
150.0980,124.27,28.6872,12.3290,9.2462,1.8964,349.8940,359.1809,0.1093,-2.9359,-0.4443,-0.1754,-0.0331,0.9839
150.1180,124.27,28.6894,12.2725,9.2375,1.8665,349.9004,359.1639,0.1112,-2.8262,-0.4319,-0.1753,-0.0326,0.9840
150.1380,124.27,28.6916,12.2157,9.2290,1.8347,349.9068,359.1485,0.1124,-2.8378,-0.4242,-0.1752,-0.0320,0.9840
150.1580,124.27,28.6939,12.1610,9.2208,1.7997,349.9133,359.1339,0.1144,-2.7364,-0.4124,-0.1751,-0.0314,0.9841
150.1780,124.27,28.6962,12.1061,9.2127,1.7630,349.9199,359.1208,0.1157,-2.7422,-0.4048,-0.1749,-0.0308,0.9841
150.1980,124.27,28.6986,12.0532,9.2048,1.7235,349.9265,359.1085,0.1178,-2.6482,-0.3938,-0.1748,-0.0301,0.9841
150.2180,124.27,28.7010,12.0002,9.1971,1.6824,349.9330,359.0975,0.1193,-2.6490,-0.3863,-0.1747,-0.0294,0.9842
150.2380,124.27,28.7034,11.9490,9.1896,1.6388,349.9397,359.0874,0.1215,-2.5616,-0.3759,-0.1746,-0.0286,0.9842
150.2580,124.27,28.7059,11.8978,9.1822,1.5937,349.9463,359.0785,0.1231,-2.5580,-0.3686,-0.1745,-0.0278,0.9843
150.2780,124.27,28.7084,11.8483,9.1750,1.5464,349.9528,359.0703,0.1254,-2.4766,-0.3590,-0.1744,-0.0270,0.9843
150.2980,124.27,28.7109,11.7989,9.1680,1.4977,349.9593,359.0634,0.1271,-2.4693,-0.3520,-0.1743,-0.0261,0.9843
150.3180,124.27,28.7135,11.7510,9.1611,1.4471,349.9657,359.0572,0.1295,-2.3932,-0.3430,-0.1742,-0.0253,0.9844
150.3380,124.27,28.7161,11.7034,9.1544,1.3953,349.9720,359.0522,0.1313,-2.3828,-0.3363,-0.1741,-0.0244,0.9844
150.3580,124.27,28.7188,11.6571,9.1478,1.3417,349.9782,359.0478,0.1338,-2.3115,-0.3280,-0.1740,-0.0234,0.9845
150.3780,124.27,28.7215,11.6112,9.1414,1.2872,349.9842,359.0445,0.1357,-2.2983,-0.3216,-0.1739,-0.0225,0.9845
150.3980,124.27,28.7243,11.5665,9.1351,1.2311,349.9902,359.0420,0.1382,-2.2314,-0.3139,-0.1738,-0.0215,0.9846
150.4180,124.27,28.7271,11.5222,9.1290,1.1741,349.9960,359.0404,0.1402,-2.2158,-0.3079,-0.1737,-0.0205,0.9846
150.4380,124.27,28.7299,11.4750,9.1229,1.1170,350.0021,359.0458,0.1414,-2.3584,-0.3057,-0.1736,-0.0195,0.9846
150.4580,124.27,28.7328,11.4280,9.1169,1.0592,350.0081,359.0521,0.1433,-2.3516,-0.3003,-0.1735,-0.0185,0.9847
150.4780,124.27,28.7357,11.3784,9.1109,1.0019,350.0141,359.0631,0.1443,-2.4826,-0.2981,-0.1734,-0.0175,0.9847
150.4980,124.27,28.7386,11.3287,9.1050,0.9441,350.0198,359.0749,0.1460,-2.4829,-0.2933,-0.1733,-0.0165,0.9847
150.5180,124.27,28.7415,11.2766,9.0992,0.8872,350.0255,359.0901,0.1468,-2.6037,-0.2912,-0.1732,-0.0155,0.9848
150.5380,124.27,28.7445,11.2244,9.0935,0.8299,350.0309,359.1059,0.1484,-2.6100,-0.2870,-0.1731,-0.0145,0.9848
150.5580,124.27,28.7475,11.1700,9.0878,0.7737,350.0360,359.1244,0.1492,-2.7217,-0.2849,-0.1730,-0.0135,0.9848
150.5780,126.89,28.7505,11.1153,9.0821,0.7173,350.0409,359.1433,0.1507,-2.7330,-0.2811,-0.1729,-0.0125,0.9849
150.5980,126.89,28.7535,11.0586,9.0766,0.6621,350.0455,359.1644,0.1513,-2.8367,-0.2791,-0.1729,-0.0116,0.9849
150.6180,126.89,28.7566,11.0016,9.0710,0.6068,350.0498,359.1857,0.1527,-2.8520,-0.2758,-0.1728,-0.0106,0.9849
150.6380,126.89,28.7596,10.9426,9.0656,0.5528,350.0538,359.2088,0.1533,-2.9485,-0.2739,-0.1727,-0.0096,0.9849
150.6580,126.89,28.7628,10.8872,9.0602,0.4961,350.0578,359.2312,0.1566,-2.7678,-0.2680,-0.1726,-0.0087,0.9849
150.6780,126.89,28.7659,10.8303,9.0549,0.4405,350.0614,359.2547,0.1572,-2.8486,-0.2661,-0.1726,-0.0077,0.9850
150.6980,126.89,28.7691,10.7766,9.0497,0.3825,350.0649,359.2775,0.1602,-2.6846,-0.2613,-0.1725,-0.0067,0.9850
150.7180,126.89,28.7723,10.7215,9.0445,0.3257,350.0680,359.3011,0.1609,-2.7517,-0.2595,-0.1725,-0.0057,0.9850
150.7380,126.89,28.7756,10.6695,9.0394,0.2668,350.0710,359.3241,0.1635,-2.6025,-0.2555,-0.1724,-0.0047,0.9850
150.7580,126.89,28.7789,10.6163,9.0343,0.2090,350.0736,359.3475,0.1642,-2.6575,-0.2539,-0.1724,-0.0036,0.9850
150.7780,126.89,28.7822,10.5659,9.0293,0.1494,350.0761,359.3703,0.1666,-2.5215,-0.2508,-0.1723,-0.0026,0.9850
150.7980,126.89,28.7856,10.5146,9.0243,0.0909,350.0782,359.3935,0.1673,-2.5660,-0.2494,-0.1723,-0.0016,0.9850
150.8180,126.89,28.7890,10.4658,9.0193,0.0309,350.0801,359.4160,0.1694,-2.4417,-0.2471,-0.1723,-0.0005,0.9850
150.8380,126.89,28.7924,10.4162,9.0144,359.9720,350.0817,359.4388,0.1701,-2.4770,-0.2459,-0.1722,0.0005,0.9851
150.8580,126.89,28.7958,10.3689,9.0095,359.9119,350.0831,359.4609,0.1720,-2.3631,-0.2443,-0.1722,0.0015,0.9851
150.8780,126.89,28.7993,10.3211,9.0047,359.8528,350.0841,359.4831,0.1727,-2.3903,-0.2435,-0.1722,0.0026,0.9851
150.8980,126.89,28.8027,10.2754,8.9998,359.7927,350.0850,359.5048,0.1744,-2.2859,-0.2426,-0.1722,0.0036,0.9851
150.9180,126.89,28.8063,10.2293,8.9950,359.7336,350.0855,359.5265,0.1752,-2.3060,-0.2421,-0.1722,0.0046,0.9851
150.9380,126.89,28.8098,10.1851,8.9901,359.6738,350.0859,359.5476,0.1767,-2.2099,-0.2418,-0.1722,0.0057,0.9851
150.9580,126.89,28.8133,10.1406,8.9853,359.6150,350.0859,359.5687,0.1774,-2.2238,-0.2417,-0.1722,0.0067,0.9850
150.9780,126.89,28.8169,10.0979,8.9805,359.5556,350.0858,359.5893,0.1787,-2.1352,-0.2420,-0.1722,0.0078,0.9850
150.9980,126.89,28.8205,10.0550,8.9756,359.4973,350.0853,359.6098,0.1794,-2.1438,-0.2423,-0.1722,0.0088,0.9850
151.0180,126.89,28.8241,10.0138,8.9707,359.4385,350.0847,359.6298,0.1806,-2.0619,-0.2431,-0.1722,0.0098,0.9850
151.0380,126.89,28.8277,9.9725,8.9659,359.3809,350.0838,359.6497,0.1813,-2.0658,-0.2438,-0.1722,0.0108,0.9850
151.0580,126.89,28.8314,9.9327,8.9610,359.3229,350.0828,359.6691,0.1824,-1.9900,-0.2451,-0.1722,0.0118,0.9850
151.0780,126.89,28.8350,9.8929,8.9560,359.2661,350.0815,359.6883,0.1830,-1.9898,-0.2462,-0.1722,0.0128,0.9850
151.0980,126.89,28.8387,9.8545,8.9511,359.2092,350.0800,359.7071,0.1840,-1.9194,-0.2480,-0.1723,0.0138,0.9850
151.1180,126.89,28.8424,9.8162,8.9461,359.1534,350.0783,359.7257,0.1846,-1.9157,-0.2495,-0.1723,0.0148,0.9849
151.1380,126.89,28.8461,9.7751,8.9411,359.1071,350.0758,359.7469,0.1850,-2.0548,-0.2509,-0.1723,0.0156,0.9849
151.1580,126.89,28.8498,9.7339,8.9360,359.0620,350.0732,359.7679,0.1854,-2.0596,-0.2525,-0.1724,0.0164,0.9849
151.1780,126.89,28.8535,9.6902,8.9309,359.0242,350.0699,359.7905,0.1855,-2.1872,-0.2537,-0.1724,0.0170,0.9849
151.1980,126.89,28.8572,9.6462,8.9258,358.9875,350.0665,359.8126,0.1857,-2.1988,-0.2554,-0.1725,0.0177,0.9849
151.2180,126.89,28.8610,9.5999,8.9207,358.9567,350.0626,359.8356,0.1857,-2.3164,-0.2565,-0.1725,0.0182,0.9848
151.2380,126.89,28.8647,9.5532,8.9155,358.9270,350.0586,359.8583,0.1858,-2.3336,-0.2584,-0.1726,0.0187,0.9848
151.2580,126.89,28.8684,9.5043,8.9103,358.9024,350.0541,359.8814,0.1857,-2.4424,-0.2595,-0.1727,0.0192,0.9848
151.2780,126.89,28.8721,9.4551,8.9051,358.8788,350.0495,359.9041,0.1857,-2.4640,-0.2614,-0.1728,0.0196,0.9848
151.2980,126.89,28.8758,9.4038,8.8999,358.8596,350.0446,359.9269,0.1855,-2.5650,-0.2625,-0.1728,0.0199,0.9847
151.3180,126.89,28.8795,9.3519,8.8946,358.8414,350.0396,359.9493,0.1853,-2.5904,-0.2645,-0.1729,0.0202,0.9847
151.3380,126.89,28.8832,9.2983,8.8893,358.8270,350.0343,359.9717,0.1850,-2.6844,-0.2657,-0.1730,0.0205,0.9847
151.3580,126.89,28.8869,9.2440,8.8839,358.8136,350.0290,359.9937,0.1847,-2.7127,-0.2676,-0.1731,0.0207,0.9847
151.3780,126.89,28.8906,9.1880,8.8785,358.8035,350.0234,0.0154,0.1843,-2.8005,-0.2688,-0.1732,0.0209,0.9847
151.3980,126.89,28.8943,9.1353,8.8731,358.7903,350.0182,0.0361,0.1844,-2.6325,-0.2740,-0.1733,0.0211,0.9846
151.4180,126.89,28.8980,9.0812,8.8675,358.7796,350.0128,0.0566,0.1839,-2.7053,-0.2755,-0.1734,0.0213,0.9846
151.4380,126.89,28.9016,9.0302,8.8619,358.7661,350.0077,0.0762,0.1837,-2.5532,-0.2805,-0.1735,0.0215,0.9846
151.4580,126.89,28.9053,8.9779,8.8563,358.7546,350.0025,0.0953,0.1832,-2.6129,-0.2822,-0.1736,0.0217,0.9846
151.4780,126.89,28.9090,8.9284,8.8506,358.7405,349.9975,0.1136,0.1828,-2.4749,-0.2872,-0.1736,0.0220,0.9846
151.4980,126.89,28.9126,8.8780,8.8448,358.7281,349.9926,0.1314,0.1823,-2.5232,-0.2890,-0.1737,0.0222,0.9845
151.5180,126.89,28.9162,8.8300,8.8389,358.7134,349.9878,0.1484,0.1817,-2.3977,-0.2940,-0.1738,0.0225,0.9845
151.5380,126.89,28.9199,8.7813,8.8330,358.7001,349.9830,0.1648,0.1811,-2.4360,-0.2961,-0.1739,0.0227,0.9845
151.5580,126.89,28.9235,8.7349,8.8270,358.6848,349.9785,0.1805,0.1804,-2.3216,-0.3009,-0.1740,0.0230,0.9845
151.5780,127.54,28.9271,8.6878,8.8209,358.6707,349.9739,0.1957,0.1797,-2.3513,-0.3033,-0.1740,0.0232,0.9845
151.5980,127.54,28.9306,8.6429,8.8147,358.6548,349.9696,0.2101,0.1789,-2.2467,-0.3081,-0.1741,0.0235,0.9844
151.6180,127.54,28.9342,8.5975,8.8085,358.6400,349.9653,0.2239,0.1782,-2.2689,-0.3106,-0.1742,0.0237,0.9844
151.6380,127.54,28.9378,8.5541,8.8022,358.6236,349.9612,0.2371,0.1773,-2.1730,-0.3155,-0.1743,0.0240,0.9844
151.6580,127.54,28.9413,8.5103,8.7958,358.6082,349.9571,0.2497,0.1765,-2.1886,-0.3182,-0.1743,0.0243,0.9844
151.6780,127.54,28.9448,8.4683,8.7894,358.5914,349.9532,0.2616,0.1756,-2.1005,-0.3231,-0.1744,0.0246,0.9844
151.6980,127.54,28.9483,8.4261,8.7829,358.5754,349.9493,0.2730,0.1748,-2.1105,-0.3260,-0.1745,0.0249,0.9843
151.7180,127.54,28.9518,8.3855,8.7762,358.5583,349.9456,0.2837,0.1738,-2.0294,-0.3309,-0.1745,0.0252,0.9843
151.7380,127.54,28.9552,8.3448,8.7696,358.5420,349.9420,0.2940,0.1729,-2.0343,-0.3340,-0.1746,0.0254,0.9843
151.7580,127.54,28.9587,8.3056,8.7628,358.5247,349.9385,0.3035,0.1719,-1.9594,-0.3389,-0.1746,0.0257,0.9843
151.7780,127.54,28.9621,8.2664,8.7559,358.5082,349.9351,0.3126,0.1710,-1.9602,-0.3422,-0.1747,0.0260,0.9843
151.7980,127.54,28.9655,8.2286,8.7490,358.4908,349.9318,0.3211,0.1699,-1.8908,-0.3471,-0.1748,0.0263,0.9843
151.8180,127.54,28.9689,8.1908,8.7420,358.4741,349.9286,0.3291,0.1690,-1.8879,-0.3506,-0.1748,0.0266,0.9842
151.8380,127.54,28.9722,8.1544,8.7349,358.4568,349.9255,0.3366,0.1679,-1.8235,-0.3555,-0.1749,0.0269,0.9842
151.8580,127.54,28.9756,8.1180,8.7277,358.4402,349.9225,0.3435,0.1670,-1.8174,-0.3592,-0.1749,0.0272,0.9842
151.8780,127.54,28.9789,8.0829,8.7204,358.4230,349.9197,0.3500,0.1659,-1.7574,-0.3642,-0.1750,0.0275,0.9842
151.8980,127.54,28.9824,8.0446,8.7130,358.4553,349.9229,0.4050,0.1771,-1.9136,-0.3717,-0.1749,0.0270,0.9842
151.9180,127.54,28.9859,8.0065,8.7055,358.4876,349.9259,0.4589,0.1758,-1.9052,-0.3753,-0.1749,0.0264,0.9842
151.9380,127.54,28.9894,7.9656,8.6979,358.5322,349.9274,0.5101,0.1749,-2.0459,-0.3773,-0.1748,0.0256,0.9843
151.9580,127.54,28.9929,7.9246,8.6903,358.5757,349.9285,0.5588,0.1729,-2.0490,-0.3802,-0.1748,0.0249,0.9843
151.9780,127.54,28.9963,7.8810,8.6827,358.6263,349.9286,0.6046,0.1716,-2.1768,-0.3814,-0.1748,0.0240,0.9843
151.9980,127.54,28.9997,7.8373,8.6750,358.6756,349.9283,0.6479,0.1693,-2.1883,-0.3837,-0.1748,0.0231,0.9843
152.0180,127.54,29.0031,7.7912,8.6673,358.7297,349.9273,0.6883,0.1678,-2.3053,-0.3846,-0.1749,0.0222,0.9843
152.0380,127.54,29.0064,7.7447,8.6596,358.7823,349.9261,0.7265,0.1654,-2.3231,-0.3865,-0.1749,0.0213,0.9844
152.0580,127.54,29.0096,7.7000,8.6518,358.8310,349.9250,0.7625,0.1618,-2.2346,-0.3901,-0.1749,0.0204,0.9844
152.0780,127.54,29.0128,7.6551,8.6440,358.8781,349.9237,0.7965,0.1591,-2.2465,-0.3918,-0.1749,0.0196,0.9844
152.0980,127.54,29.0159,7.6118,8.6361,358.9215,349.9225,0.8284,0.1553,-2.1651,-0.3950,-0.1749,0.0188,0.9844
152.1180,127.54,29.0190,7.5684,8.6281,358.9633,349.9212,0.8583,0.1524,-2.1718,-0.3966,-0.1750,0.0181,0.9844
152.1380,127.54,29.0219,7.5264,8.6201,359.0017,349.9200,0.8864,0.1484,-2.0967,-0.3994,-0.1750,0.0174,0.9844
152.1580,127.54,29.0248,7.4844,8.6121,359.0385,349.9187,0.9124,0.1453,-2.0991,-0.4009,-0.1750,0.0168,0.9844
152.1780,127.54,29.0276,7.4439,8.6041,359.0722,349.9174,0.9367,0.1411,-2.0295,-0.4033,-0.1750,0.0162,0.9844
152.1980,127.54,29.0304,7.4033,8.5960,359.1042,349.9162,0.9590,0.1377,-2.0282,-0.4047,-0.1751,0.0156,0.9844
152.2180,127.54,29.0331,7.3640,8.5878,359.1333,349.9149,0.9797,0.1335,-1.9636,-0.4068,-0.1751,0.0151,0.9844
152.2380,127.54,29.0357,7.3248,8.5797,359.1609,349.9137,0.9986,0.1300,-1.9590,-0.4081,-0.1751,0.0146,0.9844
152.2580,127.54,29.0382,7.2869,8.5715,359.1858,349.9125,1.0158,0.1256,-1.8989,-0.4100,-0.1751,0.0142,0.9844
152.2780,127.54,29.0406,7.2490,8.5632,359.2092,349.9113,1.0313,0.1220,-1.8916,-0.4112,-0.1752,0.0138,0.9844
152.2980,127.54,29.0430,7.2123,8.5550,359.2301,349.9102,1.0452,0.1175,-1.8354,-0.4129,-0.1752,0.0134,0.9844
152.3180,127.54,29.0452,7.1758,8.5467,359.2495,349.9090,1.0575,0.1138,-1.8257,-0.4140,-0.1752,0.0131,0.9844
152.3380,127.54,29.0474,7.1403,8.5384,359.2667,349.9080,1.0684,0.1094,-1.7731,-0.4155,-0.1752,0.0128,0.9844
152.3580,127.54,29.0495,7.1051,8.5301,359.2825,349.9069,1.0776,0.1056,-1.7615,-0.4166,-0.1752,0.0125,0.9844
152.3780,127.54,29.0516,7.0709,8.5217,359.2961,349.9059,1.0855,0.1011,-1.7121,-0.4180,-0.1753,0.0123,0.9844
152.3980,127.54,29.0535,7.0369,8.5133,359.3085,349.9050,1.0919,0.0973,-1.6987,-0.4190,-0.1753,0.0121,0.9844
152.4180,127.54,29.0554,7.0039,8.5049,359.3190,349.9041,1.0970,0.0928,-1.6522,-0.4203,-0.1753,0.0119,0.9844
152.4380,127.54,29.0571,6.9711,8.4965,359.3282,349.9032,1.1006,0.0890,-1.6375,-0.4213,-0.1753,0.0117,0.9844
152.4580,127.54,29.0588,6.9392,8.4880,359.3357,349.9025,1.1031,0.0846,-1.5936,-0.4225,-0.1753,0.0116,0.9844
152.4780,127.54,29.0605,6.9077,8.4796,359.3420,349.9017,1.1041,0.0807,-1.5777,-0.4234,-0.1753,0.0115,0.9844
152.4980,127.54,29.0620,6.8769,8.4711,359.3467,349.9011,1.1040,0.0764,-1.5362,-0.4246,-0.1753,0.0114,0.9844
152.5180,127.54,29.0634,6.8466,8.4626,359.3503,349.9005,1.1027,0.0726,-1.5193,-0.4255,-0.1753,0.0113,0.9844
152.5380,127.54,29.0648,6.8170,8.4540,359.3525,349.8999,1.1002,0.0684,-1.4800,-0.4267,-0.1754,0.0113,0.9844
152.5580,127.54,29.0661,6.7877,8.4455,359.3537,349.8994,1.0966,0.0645,-1.4623,-0.4276,-0.1754,0.0113,0.9844
152.5780,127.54,29.0673,6.7592,8.4369,359.3536,349.8990,1.0919,0.0604,-1.4249,-0.4288,-0.1754,0.0113,0.9844
152.5980,124.23,29.0684,6.7311,8.4283,359.3526,349.8986,1.0861,0.0567,-1.4066,-0.4297,-0.1754,0.0113,0.9844
152.6180,124.23,29.0695,6.7037,8.4197,359.3504,349.8983,1.0793,0.0527,-1.3711,-0.4308,-0.1754,0.0113,0.9844
152.6380,124.23,29.0705,6.6766,8.4111,359.3474,349.8981,1.0715,0.0490,-1.3523,-0.4318,-0.1754,0.0114,0.9844
152.6580,124.23,29.0714,6.6503,8.4024,359.3433,349.8979,1.0628,0.0451,-1.3183,-0.4329,-0.1754,0.0115,0.9844
152.6780,124.23,29.0722,6.6243,8.3937,359.3385,349.8978,1.0531,0.0416,-1.2992,-0.4340,-0.1754,0.0115,0.9844
152.6980,124.23,29.0730,6.5989,8.3850,359.3328,349.8978,1.0425,0.0378,-1.2667,-0.4351,-0.1754,0.0116,0.9844
152.7180,124.23,29.0736,6.5740,8.3763,359.3264,349.8978,1.0311,0.0344,-1.2473,-0.4362,-0.1754,0.0118,0.9844
152.7380,124.23,29.0743,6.5497,8.3675,359.3192,349.8979,1.0188,0.0308,-1.2163,-0.4373,-0.1754,0.0119,0.9844
152.7580,124.23,29.0748,6.5257,8.3588,359.3114,349.8980,1.0058,0.0275,-1.1967,-0.4384,-0.1754,0.0120,0.9844
152.7780,124.23,29.0753,6.5024,8.3500,359.3028,349.8982,0.9919,0.0241,-1.1669,-0.4396,-0.1754,0.0122,0.9844
152.7980,124.23,29.0757,6.4794,8.3412,359.2938,349.8985,0.9774,0.0209,-1.1472,-0.4408,-0.1754,0.0123,0.9844
152.8180,124.23,29.0759,6.4533,8.3322,359.3162,349.8889,0.9126,0.0114,-1.3080,-0.4476,-0.1755,0.0119,0.9844
152.8380,124.23,29.0761,6.4270,8.3232,359.3380,349.8797,0.8475,0.0089,-1.3128,-0.4482,-0.1757,0.0116,0.9844
152.8580,124.23,29.0763,6.3978,8.3143,359.3695,349.8698,0.7782,0.0080,-1.4593,-0.4491,-0.1759,0.0110,0.9844
152.8780,124.23,29.0764,6.3684,8.3053,359.3997,349.8605,0.7102,0.0063,-1.4739,-0.4491,-0.1760,0.0105,0.9843
152.8980,124.23,29.0765,6.3362,8.2963,359.4356,349.8511,0.6409,0.0058,-1.6085,-0.4490,-0.1762,0.0099,0.9843
152.9180,124.23,29.0766,6.3036,8.2873,359.4700,349.8425,0.5730,0.0046,-1.6300,-0.4486,-0.1763,0.0093,0.9843
152.9380,124.23,29.0767,6.2685,8.2784,359.5080,349.8340,0.5050,0.0043,-1.7544,-0.4482,-0.1765,0.0086,0.9843
152.9580,124.23,29.0768,6.2329,8.2694,359.5445,349.8262,0.4385,0.0035,-1.7812,-0.4474,-0.1766,0.0079,0.9842
152.9780,124.23,29.0768,6.1950,8.2605,359.5835,349.8186,0.3726,0.0034,-1.8968,-0.4467,-0.1768,0.0073,0.9842
152.9980,124.23,29.0769,6.1564,8.2516,359.6208,349.8118,0.3084,0.0029,-1.9278,-0.4456,-0.1769,0.0066,0.9842
153.0180,124.23,29.0769,6.1157,8.2427,359.6598,349.8053,0.2451,0.0029,-2.0357,-0.4446,-0.1770,0.0059,0.9842
153.0380,124.23,29.0770,6.0743,8.2338,359.6971,349.7995,0.1836,0.0027,-2.0698,-0.4433,-0.1771,0.0053,0.9842
153.0580,124.23,29.0771,6.0309,8.2250,359.7354,349.7941,0.1234,0.0029,-2.1710,-0.4421,-0.1772,0.0046,0.9842
153.0780,124.23,29.0771,5.9867,8.2162,359.7722,349.7894,0.0648,0.0030,-2.2076,-0.4405,-0.1773,0.0040,0.9842
153.0980,124.23,29.0772,5.9407,8.2074,359.8094,349.7851,0.0079,0.0033,-2.3026,-0.4391,-0.1773,0.0033,0.9841
153.1180,124.23,29.0773,5.8938,8.1986,359.8449,349.7814,359.9527,0.0036,-2.3412,-0.4373,-0.1774,0.0027,0.9841
153.1380,124.23,29.0773,5.8452,8.1899,359.8806,349.7781,359.8991,0.0040,-2.4307,-0.4357,-0.1775,0.0021,0.9841
153.1580,124.23,29.0774,5.7958,8.1813,359.9147,349.7755,359.8474,0.0046,-2.4707,-0.4337,-0.1775,0.0015,0.9841
153.1780,124.23,29.0775,5.7447,8.1726,359.9486,349.7732,359.7974,0.0052,-2.5553,-0.4318,-0.1775,0.0009,0.9841
153.1980,124.23,29.0776,5.6928,8.1640,359.9809,349.7716,359.7492,0.0059,-2.5963,-0.4297,-0.1776,0.0003,0.9841
153.2180,124.23,29.0778,5.6392,8.1555,0.0128,349.7703,359.7029,0.0067,-2.6764,-0.4277,-0.1776,-0.0002,0.9841
153.2380,124.23,29.0779,5.5849,8.1470,0.0431,349.7696,359.6584,0.0076,-2.7182,-0.4253,-0.1776,-0.0008,0.9841
153.2580,124.23,29.0781,5.5290,8.1385,0.0727,349.7693,359.6158,0.0085,-2.7942,-0.4232,-0.1776,-0.0013,0.9841
153.2780,124.23,29.0783,5.4723,8.1301,0.1007,349.7695,359.5750,0.0096,-2.8364,-0.4207,-0.1776,-0.0018,0.9841
153.2980,124.23,29.0785,5.4181,8.1217,0.1242,349.7704,359.5355,0.0117,-2.7094,-0.4170,-0.1776,-0.0022,0.9841
153.3180,124.23,29.0788,5.3632,8.1135,0.1461,349.7719,359.4977,0.0130,-2.7424,-0.4144,-0.1776,-0.0025,0.9841
153.3380,124.23,29.0791,5.3107,8.1052,0.1637,349.7739,359.4613,0.0154,-2.6259,-0.4105,-0.1775,-0.0029,0.9841
153.3580,124.23,29.0794,5.2577,8.0971,0.1798,349.7764,359.4265,0.0168,-2.6509,-0.4077,-0.1775,-0.0031,0.9841
153.3780,124.23,29.0798,5.2068,8.0890,0.1919,349.7794,359.3929,0.0194,-2.5438,-0.4038,-0.1774,-0.0033,0.9841
153.3980,124.23,29.0802,5.1556,8.0810,0.2024,349.7828,359.3610,0.0211,-2.5619,-0.4010,-0.1774,-0.0035,0.9841
153.4180,124.23,29.0807,5.1063,8.0731,0.2094,349.7867,359.3303,0.0239,-2.4631,-0.3970,-0.1773,-0.0037,0.9841
153.4380,124.23,29.0812,5.0568,8.0652,0.2148,349.7908,359.3011,0.0258,-2.4751,-0.3941,-0.1772,-0.0037,0.9842
153.4580,124.23,29.0818,5.0091,8.0574,0.2169,349.7954,359.2731,0.0288,-2.3838,-0.3902,-0.1772,-0.0038,0.9842
153.4780,124.23,29.0824,4.9613,8.0496,0.2176,349.8003,359.2466,0.0309,-2.3905,-0.3872,-0.1771,-0.0038,0.9842
153.4980,124.23,29.0831,4.9152,8.0420,0.2152,349.8055,359.2213,0.0340,-2.3060,-0.3834,-0.1770,-0.0038,0.9842
153.5180,124.23,29.0838,4.8681,8.0343,0.2123,349.8109,359.1976,0.0358,-2.3543,-0.3809,-0.1769,-0.0037,0.9842
153.5380,124.23,29.0846,4.8226,8.0268,0.2066,349.8166,359.1750,0.0390,-2.2778,-0.3772,-0.1768,-0.0036,0.9842
153.5580,124.23,29.0854,4.7762,8.0193,0.2004,349.8225,359.1539,0.0409,-2.3187,-0.3746,-0.1767,-0.0035,0.9843
153.5780,124.23,29.0863,4.7312,8.0119,0.1916,349.8287,359.1339,0.0442,-2.2495,-0.3711,-0.1766,-0.0033,0.9843
153.5980,127.88,29.0872,4.6855,8.0045,0.1823,349.8351,359.1153,0.0462,-2.2839,-0.3686,-0.1765,-0.0032,0.9843
153.6180,127.88,29.0882,4.6411,7.9972,0.1707,349.8418,359.0978,0.0496,-2.2209,-0.3651,-0.1764,-0.0030,0.9843
153.6380,127.88,29.0893,4.5961,7.9900,0.1585,349.8486,359.0816,0.0518,-2.2496,-0.3627,-0.1762,-0.0028,0.9843
153.6580,127.88,29.0904,4.5523,7.9828,0.1442,349.8557,359.0665,0.0552,-2.1923,-0.3594,-0.1761,-0.0025,0.9844
153.6780,127.88,29.0915,4.5080,7.9756,0.1294,349.8629,359.0526,0.0576,-2.2158,-0.3570,-0.1760,-0.0023,0.9844
153.6980,127.88,29.0927,4.4647,7.9685,0.1127,349.8704,359.0397,0.0610,-2.1635,-0.3539,-0.1759,-0.0020,0.9844
153.7180,127.88,29.0940,4.4210,7.9615,0.0955,349.8779,359.0281,0.0635,-2.1826,-0.3516,-0.1757,-0.0017,0.9844
153.7380,127.88,29.0953,4.3783,7.9545,0.0766,349.8857,359.0174,0.0669,-2.1347,-0.3487,-0.1756,-0.0013,0.9845
153.7580,127.88,29.0967,4.3353,7.9476,0.0573,349.8936,359.0079,0.0695,-2.1499,-0.3465,-0.1755,-0.0010,0.9845
153.7780,127.88,29.0982,4.2932,7.9407,0.0364,349.9016,358.9992,0.0730,-2.1059,-0.3438,-0.1753,-0.0006,0.9845
153.7980,127.88,29.0997,4.2509,7.9339,0.0150,349.9097,358.9917,0.0757,-2.1176,-0.3417,-0.1752,-0.0003,0.9845
153.8180,127.88,29.1013,4.2093,7.9271,359.9924,349.9180,358.9851,0.0792,-2.0771,-0.3393,-0.1751,0.0001,0.9846
153.8380,127.88,29.1029,4.1676,7.9204,359.9693,349.9264,358.9795,0.0819,-2.0858,-0.3373,-0.1749,0.0005,0.9846
153.8580,127.88,29.1046,4.1266,7.9137,359.9451,349.9349,358.9747,0.0854,-2.0484,-0.3351,-0.1748,0.0010,0.9846
153.8780,127.88,29.1064,4.0856,7.9070,359.9205,349.9434,358.9710,0.0882,-2.0544,-0.3332,-0.1746,0.0014,0.9846
153.8980,127.88,29.1082,4.0452,7.9004,359.8949,349.9520,358.9680,0.0917,-2.0197,-0.3313,-0.1745,0.0018,0.9847
153.9180,127.88,29.1101,4.0047,7.8938,359.8690,349.9607,358.9660,0.0946,-2.0233,-0.3296,-0.1743,0.0023,0.9847
153.9380,127.88,29.1121,3.9649,7.8872,359.8422,349.9695,358.9648,0.0980,-1.9911,-0.3278,-0.1742,0.0028,0.9847
153.9580,127.88,29.1141,3.9250,7.8807,359.8152,349.9783,358.9644,0.1009,-1.9927,-0.3264,-0.1740,0.0032,0.9847
153.9780,127.88,29.1162,3.8858,7.8742,359.7874,349.9871,358.9648,0.1044,-1.9626,-0.3248,-0.1739,0.0037,0.9848
153.9980,127.88,29.1183,3.8465,7.8677,359.7595,349.9960,358.9660,0.1073,-1.9624,-0.3235,-0.1737,0.0042,0.9848
154.0180,127.88,29.1206,3.8078,7.8613,359.7308,350.0049,358.9680,0.1107,-1.9343,-0.3223,-0.1736,0.0047,0.9848
154.0380,127.88,29.1228,3.7692,7.8549,359.7021,350.0138,358.9707,0.1137,-1.9324,-0.3212,-0.1734,0.0052,0.9848
154.0580,127.88,29.1252,3.7311,7.8485,359.6729,350.0227,358.9741,0.1170,-1.9060,-0.3201,-0.1733,0.0057,0.9849
154.0780,127.88,29.1276,3.6930,7.8421,359.6436,350.0316,358.9782,0.1200,-1.9028,-0.3192,-0.1731,0.0062,0.9849
154.0980,127.88,29.1300,3.6555,7.8357,359.6139,350.0405,358.9830,0.1233,-1.8780,-0.3184,-0.1729,0.0067,0.9849
154.1180,127.88,29.1326,3.6180,7.8294,359.5842,350.0494,358.9885,0.1263,-1.8735,-0.3177,-0.1728,0.0073,0.9849
154.1380,127.88,29.1352,3.5810,7.8230,359.5542,350.0583,358.9946,0.1296,-1.8500,-0.3172,-0.1726,0.0078,0.9850
154.1580,127.88,29.1378,3.5441,7.8167,359.5242,350.0671,359.0013,0.1325,-1.8445,-0.3167,-0.1725,0.0083,0.9850
154.1780,127.88,29.1405,3.5077,7.8104,359.4940,350.0760,359.0086,0.1357,-1.8223,-0.3164,-0.1723,0.0088,0.9850
154.1980,127.88,29.1433,3.4713,7.8040,359.4639,350.0847,359.0166,0.1387,-1.8158,-0.3161,-0.1722,0.0094,0.9850
154.2180,127.88,29.1461,3.4354,7.7977,359.4337,350.0934,359.0251,0.1418,-1.7947,-0.3160,-0.1720,0.0099,0.9850
154.2380,127.88,29.1490,3.3997,7.7914,359.4037,350.1021,359.0341,0.1447,-1.7875,-0.3160,-0.1719,0.0104,0.9851
154.2580,127.88,29.1520,3.3643,7.7851,359.3735,350.1107,359.0436,0.1478,-1.7673,-0.3161,-0.1717,0.0109,0.9851
154.2780,127.88,29.1550,3.3292,7.7787,359.3437,350.1193,359.0537,0.1507,-1.7594,-0.3163,-0.1716,0.0115,0.9851
154.2980,127.88,29.1581,3.2944,7.7724,359.3138,350.1277,359.0643,0.1537,-1.7401,-0.3166,-0.1714,0.0120,0.9851
154.3180,127.88,29.1612,3.2597,7.7661,359.2842,350.1362,359.0753,0.1565,-1.7316,-0.3170,-0.1713,0.0125,0.9851
154.3380,127.88,29.1644,3.2255,7.7597,359.2546,350.1445,359.0868,0.1594,-1.7132,-0.3176,-0.1711,0.0130,0.9852
154.3580,127.88,29.1676,3.1914,7.7534,359.2254,350.1527,359.0988,0.1622,-1.7041,-0.3182,-0.1710,0.0135,0.9852
154.3780,127.88,29.1709,3.1576,7.7470,359.1964,350.1609,359.1111,0.1650,-1.6864,-0.3190,-0.1709,0.0140,0.9852
154.3980,127.88,29.1743,3.1241,7.7406,359.1677,350.1690,359.1239,0.1677,-1.6769,-0.3198,-0.1707,0.0145,0.9852
154.4180,127.88,29.1777,3.0909,7.7342,359.1393,350.1770,359.1371,0.1705,-1.6598,-0.3208,-0.1706,0.0150,0.9852
154.4380,127.88,29.1812,3.0579,7.7277,359.1112,350.1849,359.1506,0.1731,-1.6500,-0.3218,-0.1704,0.0155,0.9852
154.4580,127.88,29.1847,3.0252,7.7213,359.0834,350.1927,359.1646,0.1758,-1.6335,-0.3230,-0.1703,0.0160,0.9853
154.4780,127.88,29.1882,2.9928,7.7148,359.0561,350.2004,359.1788,0.1783,-1.6233,-0.3243,-0.1702,0.0165,0.9853
154.4980,127.88,29.1919,2.9606,7.7083,359.0290,350.2080,359.1934,0.1809,-1.6073,-0.3256,-0.1700,0.0169,0.9853
154.5180,127.88,29.1955,2.9287,7.7017,359.0025,350.2155,359.2083,0.1834,-1.5969,-0.3271,-0.1699,0.0174,0.9853
154.5380,127.88,29.1992,2.8971,7.6952,358.9763,350.2228,359.2234,0.1859,-1.5814,-0.3286,-0.1698,0.0179,0.9853
154.5580,127.88,29.2030,2.8656,7.6885,358.9507,350.2301,359.2389,0.1883,-1.5708,-0.3303,-0.1697,0.0183,0.9853
154.5780,127.88,29.2068,2.8345,7.6819,358.9254,350.2372,359.2546,0.1906,-1.5557,-0.3320,-0.1695,0.0188,0.9853
154.5980,128.44,29.2107,2.8036,7.6752,358.9007,350.2443,359.2706,0.1929,-1.5450,-0.3338,-0.1694,0.0192,0.9854
154.6180,128.44,29.2146,2.7730,7.6685,358.8765,350.2512,359.2869,0.1952,-1.5303,-0.3357,-0.1693,0.0196,0.9854
154.6380,128.44,29.2185,2.7426,7.6618,358.8528,350.2580,359.3033,0.1974,-1.5194,-0.3377,-0.1692,0.0200,0.9854
154.6580,128.44,29.2225,2.7125,7.6550,358.8297,350.2646,359.3199,0.1996,-1.5051,-0.3398,-0.1691,0.0204,0.9854
154.6780,128.44,29.2266,2.6827,7.6481,358.8071,350.2712,359.3368,0.2017,-1.4941,-0.3419,-0.1689,0.0208,0.9854
154.6980,128.44,29.2306,2.6531,7.6412,358.7851,350.2776,359.3539,0.2037,-1.4801,-0.3442,-0.1688,0.0212,0.9854
154.7180,128.44,29.2347,2.6237,7.6343,358.7637,350.2839,359.3711,0.2057,-1.4690,-0.3465,-0.1687,0.0216,0.9854
154.7380,128.44,29.2389,2.5946,7.6273,358.7429,350.2901,359.3884,0.2077,-1.4553,-0.3489,-0.1686,0.0219,0.9854
154.7580,128.44,29.2431,2.5657,7.6203,358.7227,350.2962,359.4059,0.2096,-1.4442,-0.3513,-0.1685,0.0223,0.9854
154.7780,128.44,29.2473,2.5371,7.6132,358.7030,350.3022,359.4235,0.2114,-1.4308,-0.3538,-0.1684,0.0226,0.9855
154.7980,128.44,29.2516,2.5087,7.6061,358.6841,350.3080,359.4413,0.2132,-1.4197,-0.3564,-0.1683,0.0230,0.9855
154.8180,128.44,29.2559,2.4805,7.5989,358.6657,350.3137,359.4591,0.2149,-1.4065,-0.3591,-0.1682,0.0233,0.9855
154.8380,128.44,29.2602,2.4526,7.5917,358.6481,350.3192,359.4771,0.2166,-1.3954,-0.3618,-0.1681,0.0236,0.9855
154.8580,128.44,29.2646,2.4250,7.5844,358.6310,350.3247,359.4951,0.2182,-1.3825,-0.3645,-0.1680,0.0239,0.9855
154.8780,128.44,29.2690,2.3976,7.5771,358.6147,350.3300,359.5132,0.2198,-1.3713,-0.3674,-0.1679,0.0242,0.9855
154.8980,128.44,29.2734,2.3704,7.5696,358.5990,350.3352,359.5313,0.2213,-1.3587,-0.3703,-0.1678,0.0244,0.9855
154.9180,128.44,29.2779,2.3434,7.5622,358.5840,350.3403,359.5495,0.2227,-1.3476,-0.3732,-0.1677,0.0247,0.9855
154.9380,128.44,29.2823,2.3167,7.5547,358.5697,350.3452,359.5677,0.2241,-1.3351,-0.3762,-0.1677,0.0250,0.9855
154.9580,128.44,29.2868,2.2903,7.5471,358.5561,350.3501,359.5860,0.2254,-1.3240,-0.3792,-0.1676,0.0252,0.9855
154.9780,128.44,29.2914,2.2640,7.5394,358.5432,350.3548,359.6042,0.2267,-1.3118,-0.3823,-0.1675,0.0254,0.9855
154.9980,128.44,29.2959,2.2380,7.5317,358.5309,350.3594,359.6225,0.2279,-1.3008,-0.3854,-0.1674,0.0256,0.9856
155.0180,128.44,29.3005,2.2122,7.5240,358.5194,350.3639,359.6408,0.2290,-1.2887,-0.3885,-0.1673,0.0258,0.9856
155.0380,128.44,29.3051,2.1867,7.5161,358.5086,350.3683,359.6590,0.2301,-1.2777,-0.3917,-0.1673,0.0260,0.9856
155.0580,128.44,29.3097,2.1614,7.5082,358.4984,350.3725,359.6772,0.2311,-1.2659,-0.3949,-0.1672,0.0262,0.9856
155.0780,128.44,29.3144,2.1363,7.5003,358.4890,350.3767,359.6954,0.2321,-1.2550,-0.3982,-0.1671,0.0264,0.9856
155.0980,128.44,29.3190,2.1114,7.4922,358.4803,350.3807,359.7135,0.2330,-1.2433,-0.4015,-0.1670,0.0265,0.9856
155.1180,128.44,29.3237,2.0867,7.4841,358.4724,350.3846,359.7316,0.2338,-1.2324,-0.4048,-0.1670,0.0267,0.9856
155.1380,128.44,29.3284,2.0623,7.4760,358.4651,350.3884,359.7496,0.2346,-1.2209,-0.4081,-0.1669,0.0268,0.9856
155.1580,128.44,29.3331,2.0381,7.4677,358.4586,350.3921,359.7675,0.2354,-1.2102,-0.4114,-0.1668,0.0269,0.9856
155.1780,128.44,29.3378,2.0141,7.4594,358.4527,350.3957,359.7854,0.2360,-1.1988,-0.4148,-0.1668,0.0270,0.9856
155.1980,128.44,29.3426,1.9904,7.4511,358.4476,350.3992,359.8031,0.2366,-1.1881,-0.4182,-0.1667,0.0271,0.9856
155.2180,128.44,29.3473,1.9668,7.4427,358.4431,350.4026,359.8208,0.2372,-1.1770,-0.4216,-0.1667,0.0272,0.9856
155.2380,128.44,29.3521,1.9435,7.4342,358.4394,350.4059,359.8384,0.2377,-1.1663,-0.4250,-0.1666,0.0272,0.9856
155.2580,128.44,29.3568,1.9204,7.4256,358.4364,350.4091,359.8558,0.2381,-1.1553,-0.4284,-0.1666,0.0273,0.9857
155.2780,128.44,29.3616,1.8975,7.4169,358.4341,350.4122,359.8731,0.2385,-1.1448,-0.4318,-0.1665,0.0273,0.9857
155.2980,128.44,29.3664,1.8748,7.4082,358.4324,350.4152,359.8903,0.2388,-1.1340,-0.4353,-0.1664,0.0274,0.9857
155.3180,128.44,29.3712,1.8524,7.3995,358.4315,350.4181,359.9074,0.2391,-1.1235,-0.4387,-0.1664,0.0274,0.9857
155.3380,128.44,29.3759,1.8301,7.3906,358.4312,350.4209,359.9243,0.2393,-1.1128,-0.4421,-0.1663,0.0274,0.9857
155.3580,128.44,29.3807,1.8081,7.3817,358.4317,350.4236,359.9411,0.2394,-1.1025,-0.4455,-0.1663,0.0274,0.9857
155.3780,128.44,29.3855,1.7862,7.3727,358.4328,350.4263,359.9577,0.2395,-1.0919,-0.4490,-0.1663,0.0273,0.9857
155.3980,128.44,29.3903,1.7646,7.3637,358.4346,350.4288,359.9742,0.2396,-1.0817,-0.4524,-0.1662,0.0273,0.9857
155.4180,128.44,29.3951,1.7432,7.3546,358.4371,350.4313,359.9904,0.2396,-1.0712,-0.4558,-0.1662,0.0273,0.9857
155.4380,128.44,29.3999,1.7219,7.3454,358.4402,350.4337,0.0065,0.2395,-1.0611,-0.4591,-0.1661,0.0272,0.9857
155.4580,128.44,29.4047,1.7009,7.3361,358.4439,350.4360,0.0225,0.2393,-1.0508,-0.4625,-0.1661,0.0272,0.9857
155.4780,128.44,29.4095,1.6801,7.3268,358.4484,350.4383,0.0382,0.2392,-1.0408,-0.4659,-0.1660,0.0271,0.9857
155.4980,128.44,29.4142,1.6595,7.3174,358.4534,350.4404,0.0538,0.2389,-1.0307,-0.4692,-0.1660,0.0270,0.9858
155.5180,128.44,29.4190,1.6391,7.3080,358.4591,350.4425,0.0691,0.2386,-1.0207,-0.4725,-0.1660,0.0269,0.9858
155.5380,128.44,29.4238,1.6189,7.2985,358.4655,350.4445,0.0843,0.2383,-1.0107,-0.4758,-0.1659,0.0268,0.9858
155.5580,128.44,29.4285,1.5988,7.2889,358.4724,350.4465,0.0993,0.2379,-1.0009,-0.4790,-0.1659,0.0267,0.9858
155.5780,128.44,29.4333,1.5790,7.2792,358.4799,350.4484,0.1140,0.2375,-0.9910,-0.4823,-0.1659,0.0265,0.9858
155.5980,126.08,29.4380,1.5594,7.2695,358.4881,350.4502,0.1286,0.2370,-0.9813,-0.4855,-0.1658,0.0264,0.9858
155.6180,126.08,29.4428,1.5400,7.2598,358.4968,350.4520,0.1429,0.2364,-0.9716,-0.4886,-0.1658,0.0262,0.9858
155.6380,126.08,29.4475,1.5207,7.2499,358.5062,350.4537,0.1570,0.2358,-0.9620,-0.4918,-0.1658,0.0261,0.9858
155.6580,126.08,29.4522,1.5017,7.2400,358.5161,350.4554,0.1709,0.2352,-0.9524,-0.4948,-0.1658,0.0259,0.9858
155.6780,126.08,29.4569,1.4828,7.2301,358.5265,350.4570,0.1845,0.2345,-0.9429,-0.4979,-0.1657,0.0257,0.9858
155.6980,126.08,29.4615,1.4642,7.2201,358.5376,350.4585,0.1980,0.2337,-0.9334,-0.5009,-0.1657,0.0255,0.9858
155.7180,126.08,29.4662,1.4457,7.2100,358.5491,350.4600,0.2112,0.2330,-0.9240,-0.5039,-0.1657,0.0253,0.9859
155.7380,126.08,29.4708,1.4274,7.1998,358.5612,350.4615,0.2241,0.2321,-0.9146,-0.5068,-0.1657,0.0251,0.9859
155.7580,126.08,29.4755,1.4093,7.1896,358.5739,350.4629,0.2368,0.2312,-0.9054,-0.5097,-0.1656,0.0249,0.9859
155.7780,126.08,29.4801,1.3914,7.1794,358.5870,350.4642,0.2493,0.2303,-0.8961,-0.5125,-0.1656,0.0247,0.9859
155.7980,126.08,29.4847,1.3736,7.1691,358.6007,350.4655,0.2615,0.2293,-0.8870,-0.5153,-0.1656,0.0244,0.9859
155.8180,126.08,29.4892,1.3561,7.1587,358.6148,350.4668,0.2735,0.2283,-0.8779,-0.5181,-0.1656,0.0242,0.9859
155.8380,126.08,29.4938,1.3387,7.1483,358.6295,350.4681,0.2852,0.2273,-0.8689,-0.5208,-0.1655,0.0239,0.9859
155.8580,126.08,29.4983,1.3215,7.1378,358.6446,350.4693,0.2967,0.2262,-0.8599,-0.5234,-0.1655,0.0237,0.9859
155.8780,126.08,29.5028,1.3045,7.1273,358.6601,350.4705,0.3079,0.2250,-0.8510,-0.5260,-0.1655,0.0234,0.9859
155.8980,126.08,29.5073,1.2876,7.1168,358.6761,350.4716,0.3189,0.2239,-0.8421,-0.5285,-0.1655,0.0231,0.9859
155.9180,126.08,29.5117,1.2710,7.1061,358.6926,350.4727,0.3296,0.2226,-0.8333,-0.5310,-0.1655,0.0228,0.9860
155.9380,126.08,29.5162,1.2545,7.0955,358.7095,350.4738,0.3401,0.2214,-0.8246,-0.5334,-0.1655,0.0225,0.9860
155.9580,126.08,29.5206,1.2381,7.0848,358.7268,350.4748,0.3503,0.2201,-0.8159,-0.5357,-0.1654,0.0222,0.9860
155.9780,126.08,29.5249,1.2220,7.0740,358.7445,350.4759,0.3602,0.2188,-0.8073,-0.5380,-0.1654,0.0219,0.9860
155.9980,126.08,29.5293,1.2060,7.0632,358.7626,350.4769,0.3699,0.2174,-0.7987,-0.5402,-0.1654,0.0216,0.9860
156.0180,126.08,29.5336,1.1902,7.0523,358.7811,350.4778,0.3793,0.2160,-0.7902,-0.5424,-0.1654,0.0213,0.9860
156.0380,126.08,29.5379,1.1746,7.0415,358.8000,350.4788,0.3885,0.2145,-0.7818,-0.5445,-0.1654,0.0209,0.9860
156.0580,126.08,29.5422,1.1591,7.0305,358.8192,350.4798,0.3974,0.2131,-0.7734,-0.5465,-0.1654,0.0206,0.9860
156.0780,126.08,29.5464,1.1438,7.0196,358.8388,350.4807,0.4060,0.2115,-0.7650,-0.5485,-0.1653,0.0203,0.9860
156.0980,126.08,29.5506,1.1287,7.0085,358.8587,350.4816,0.4144,0.2100,-0.7568,-0.5504,-0.1653,0.0199,0.9860
156.1180,126.08,29.5548,1.1137,6.9975,358.8789,350.4825,0.4225,0.2084,-0.7486,-0.5522,-0.1653,0.0196,0.9860
156.1380,126.08,29.5589,1.0989,6.9864,358.8994,350.4834,0.4304,0.2068,-0.7404,-0.5539,-0.1653,0.0192,0.9861
156.1580,126.08,29.5630,1.0843,6.9753,358.9203,350.4843,0.4380,0.2052,-0.7323,-0.5556,-0.1653,0.0188,0.9861
156.1780,126.08,29.5671,1.0698,6.9642,358.9414,350.4852,0.4453,0.2035,-0.7243,-0.5572,-0.1653,0.0185,0.9861
156.1980,126.08,29.5711,1.0554,6.9530,358.9629,350.4860,0.4524,0.2018,-0.7163,-0.5588,-0.1653,0.0181,0.9861
156.2180,126.08,29.5751,1.0413,6.9418,358.9845,350.4869,0.4592,0.2001,-0.7084,-0.5602,-0.1652,0.0177,0.9861
156.2380,126.08,29.5791,1.0273,6.9306,359.0065,350.4878,0.4657,0.1984,-0.7006,-0.5616,-0.1652,0.0173,0.9861
156.2580,126.08,29.5830,1.0134,6.9193,359.0287,350.4886,0.4720,0.1966,-0.6928,-0.5629,-0.1652,0.0170,0.9861
156.2780,126.08,29.5869,0.9997,6.9080,359.0511,350.4895,0.4780,0.1948,-0.6850,-0.5642,-0.1652,0.0166,0.9861
156.2980,126.08,29.5908,0.9862,6.8967,359.0737,350.4903,0.4838,0.1930,-0.6773,-0.5653,-0.1652,0.0162,0.9861
156.3180,126.08,29.5946,0.9728,6.8854,359.0965,350.4912,0.4893,0.1911,-0.6697,-0.5664,-0.1652,0.0158,0.9861
156.3380,126.08,29.5984,0.9595,6.8740,359.1196,350.4920,0.4946,0.1893,-0.6621,-0.5674,-0.1652,0.0154,0.9861
156.3580,126.08,29.6021,0.9464,6.8627,359.1428,350.4929,0.4996,0.1874,-0.6546,-0.5684,-0.1652,0.0150,0.9862
156.3780,126.08,29.6058,0.9335,6.8513,359.1662,350.4938,0.5043,0.1855,-0.6472,-0.5692,-0.1651,0.0146,0.9862
156.3980,126.08,29.6095,0.9207,6.8399,359.1897,350.4947,0.5088,0.1835,-0.6398,-0.5700,-0.1651,0.0141,0.9862
156.4180,126.08,29.6131,0.9080,6.8285,359.2134,350.4955,0.5131,0.1816,-0.6325,-0.5707,-0.1651,0.0137,0.9862
156.4380,126.08,29.6167,0.8955,6.8170,359.2373,350.4964,0.5171,0.1796,-0.6252,-0.5713,-0.1651,0.0133,0.9862
156.4580,126.08,29.6203,0.8832,6.8056,359.2612,350.4973,0.5209,0.1776,-0.6180,-0.5719,-0.1651,0.0129,0.9862
156.4780,126.08,29.6238,0.8710,6.7942,359.2853,350.4983,0.5244,0.1756,-0.6108,-0.5723,-0.1651,0.0125,0.9862
156.4980,126.08,29.6273,0.8589,6.7827,359.3095,350.4992,0.5277,0.1736,-0.6037,-0.5727,-0.1650,0.0121,0.9862
156.5180,126.08,29.6307,0.8470,6.7712,359.3338,350.5001,0.5307,0.1716,-0.5967,-0.5730,-0.1650,0.0116,0.9862
156.5380,126.08,29.6341,0.8352,6.7598,359.3582,350.5011,0.5335,0.1695,-0.5897,-0.5733,-0.1650,0.0112,0.9862
156.5580,126.08,29.6374,0.8235,6.7483,359.3826,350.5020,0.5361,0.1675,-0.5827,-0.5734,-0.1650,0.0108,0.9862
156.5780,126.08,29.6407,0.8120,6.7368,359.4072,350.5030,0.5384,0.1654,-0.5759,-0.5735,-0.1650,0.0103,0.9862
156.5980,129.25,29.6440,0.8006,6.7254,359.4317,350.5040,0.5406,0.1633,-0.5691,-0.5735,-0.1650,0.0099,0.9862
156.6180,129.25,29.6472,0.7894,6.7139,359.4563,350.5050,0.5424,0.1612,-0.5623,-0.5734,-0.1650,0.0095,0.9863
156.6380,129.25,29.6504,0.7782,6.7024,359.4810,350.5060,0.5441,0.1591,-0.5556,-0.5732,-0.1649,0.0091,0.9863
156.6580,129.25,29.6535,0.7673,6.6910,359.5056,350.5071,0.5455,0.1570,-0.5489,-0.5729,-0.1649,0.0086,0.9863
156.6780,129.25,29.6566,0.7564,6.6795,359.5303,350.5082,0.5467,0.1549,-0.5423,-0.5726,-0.1649,0.0082,0.9863
156.6980,129.25,29.6597,0.7457,6.6681,359.5550,350.5092,0.5477,0.1527,-0.5358,-0.5722,-0.1649,0.0078,0.9863
156.7180,129.25,29.6627,0.7351,6.6566,359.5796,350.5104,0.5485,0.1506,-0.5293,-0.5717,-0.1649,0.0073,0.9863
156.7380,129.25,29.6657,0.7247,6.6452,359.6042,350.5115,0.5491,0.1484,-0.5229,-0.5712,-0.1648,0.0069,0.9863
156.7580,129.25,29.6686,0.7143,6.6338,359.6289,350.5127,0.5495,0.1463,-0.5165,-0.5705,-0.1648,0.0065,0.9863
156.7780,129.25,29.6715,0.7041,6.6224,359.6535,350.5138,0.5496,0.1441,-0.5102,-0.5698,-0.1648,0.0060,0.9863
156.7980,129.25,29.6743,0.6940,6.6110,359.6780,350.5150,0.5496,0.1419,-0.5039,-0.5690,-0.1648,0.0056,0.9863
156.8180,129.25,29.6771,0.6841,6.5997,359.7025,350.5163,0.5493,0.1398,-0.4977,-0.5681,-0.1648,0.0052,0.9863
156.8380,129.25,29.6799,0.6743,6.5883,359.7269,350.5175,0.5489,0.1376,-0.4916,-0.5672,-0.1647,0.0048,0.9863
156.8580,129.25,29.6826,0.6646,6.5770,359.7512,350.5188,0.5483,0.1354,-0.4855,-0.5662,-0.1647,0.0043,0.9863
156.8780,129.25,29.6852,0.6550,6.5657,359.7755,350.5201,0.5474,0.1332,-0.4794,-0.5651,-0.1647,0.0039,0.9863
156.8980,129.25,29.6879,0.6455,6.5544,359.7997,350.5214,0.5464,0.1311,-0.4734,-0.5639,-0.1647,0.0035,0.9863
156.9180,129.25,29.6904,0.6361,6.5432,359.8237,350.5227,0.5452,0.1289,-0.4675,-0.5626,-0.1647,0.0031,0.9863
156.9380,129.25,29.6930,0.6269,6.5319,359.8477,350.5241,0.5439,0.1267,-0.4616,-0.5613,-0.1646,0.0027,0.9864
156.9580,129.25,29.6955,0.6178,6.5208,359.8715,350.5255,0.5423,0.1245,-0.4558,-0.5599,-0.1646,0.0022,0.9864
156.9780,129.25,29.6979,0.6088,6.5096,359.8953,350.5269,0.5406,0.1223,-0.4500,-0.5584,-0.1646,0.0018,0.9864
156.9980,129.25,29.7003,0.5999,6.4984,359.9189,350.5284,0.5387,0.1202,-0.4443,-0.5569,-0.1646,0.0014,0.9864
157.0180,129.25,29.7027,0.5911,6.4873,359.9423,350.5299,0.5366,0.1180,-0.4386,-0.5553,-0.1645,0.0010,0.9864
157.0380,129.25,29.7050,0.5825,6.4763,359.9656,350.5314,0.5344,0.1158,-0.4330,-0.5536,-0.1645,0.0006,0.9864
157.0580,129.25,29.7073,0.5739,6.4652,359.9888,350.5329,0.5320,0.1137,-0.4274,-0.5518,-0.1645,0.0002,0.9864
157.0780,129.25,29.7095,0.5655,6.4542,0.0118,350.5345,0.5294,0.1115,-0.4219,-0.5500,-0.1645,-0.0002,0.9864
157.0980,129.25,29.7117,0.5572,6.4433,0.0346,350.5361,0.5267,0.1093,-0.4165,-0.5481,-0.1644,-0.0006,0.9864
157.1180,129.25,29.7138,0.5489,6.4323,0.0572,350.5377,0.5239,0.1072,-0.4111,-0.5461,-0.1644,-0.0010,0.9864
157.1380,129.25,29.7159,0.5408,6.4215,0.0797,350.5394,0.5209,0.1050,-0.4057,-0.5441,-0.1644,-0.0014,0.9864
157.1580,129.25,29.7180,0.5328,6.4106,0.1020,350.5410,0.5177,0.1029,-0.4004,-0.5420,-0.1643,-0.0018,0.9864
157.1780,129.25,29.7200,0.5249,6.3998,0.1241,350.5428,0.5145,0.1008,-0.3951,-0.5399,-0.1643,-0.0022,0.9864
157.1980,129.25,29.7220,0.5171,6.3891,0.1459,350.5445,0.5110,0.0986,-0.3899,-0.5376,-0.1643,-0.0025,0.9864
157.2180,129.25,29.7239,0.5094,6.3784,0.1676,350.5463,0.5075,0.0965,-0.3848,-0.5353,-0.1643,-0.0029,0.9864
157.2380,129.25,29.7258,0.5018,6.3677,0.1891,350.5481,0.5038,0.0944,-0.3797,-0.5330,-0.1642,-0.0033,0.9864
157.2580,129.25,29.7276,0.4943,6.3571,0.2103,350.5499,0.5000,0.0923,-0.3746,-0.5306,-0.1642,-0.0037,0.9864
157.2780,129.25,29.7294,0.4869,6.3465,0.2314,350.5517,0.4960,0.0902,-0.3696,-0.5281,-0.1642,-0.0040,0.9864
157.2980,129.25,29.7312,0.4797,6.3360,0.2522,350.5536,0.4920,0.0882,-0.3647,-0.5256,-0.1641,-0.0044,0.9864
157.3180,129.25,29.7329,0.4725,6.3256,0.2727,350.5555,0.4878,0.0861,-0.3598,-0.5230,-0.1641,-0.0048,0.9864
157.3380,129.25,29.7346,0.4654,6.3152,0.2931,350.5575,0.4835,0.0840,-0.3549,-0.5203,-0.1641,-0.0051,0.9864
157.3580,129.25,29.7362,0.4584,6.3048,0.3131,350.5595,0.4791,0.0820,-0.3501,-0.5176,-0.1640,-0.0055,0.9864
157.3780,129.25,29.7378,0.4514,6.2945,0.3330,350.5615,0.4746,0.0800,-0.3453,-0.5148,-0.1640,-0.0058,0.9864
157.3980,129.25,29.7394,0.4446,6.2843,0.3525,350.5635,0.4700,0.0780,-0.3406,-0.5120,-0.1640,-0.0062,0.9864
157.4180,129.25,29.7409,0.4379,6.2741,0.3719,350.5656,0.4653,0.0760,-0.3360,-0.5091,-0.1639,-0.0065,0.9865
157.4380,129.25,29.7424,0.4313,6.2640,0.3909,350.5677,0.4605,0.0740,-0.3313,-0.5062,-0.1639,-0.0068,0.9865
157.4580,129.25,29.7438,0.4248,6.2539,0.4097,350.5698,0.4556,0.0720,-0.3268,-0.5032,-0.1638,-0.0072,0.9865
157.4780,129.25,29.7452,0.4183,6.2439,0.4282,350.5719,0.4507,0.0700,-0.3222,-0.5002,-0.1638,-0.0075,0.9865
157.4980,129.25,29.7466,0.4120,6.2339,0.4465,350.5741,0.4456,0.0681,-0.3178,-0.4971,-0.1638,-0.0078,0.9865
157.5180,129.25,29.7479,0.4057,6.2241,0.4645,350.5763,0.4404,0.0661,-0.3133,-0.4940,-0.1637,-0.0081,0.9865
157.5380,129.25,29.7492,0.3995,6.2143,0.4822,350.5786,0.4352,0.0642,-0.3090,-0.4908,-0.1637,-0.0084,0.9865
157.5580,129.25,29.7505,0.3934,6.2045,0.4996,350.5808,0.4299,0.0623,-0.3046,-0.4876,-0.1637,-0.0087,0.9865
157.5780,129.25,29.7517,0.3874,6.1948,0.5167,350.5831,0.4245,0.0604,-0.3003,-0.4843,-0.1636,-0.0090,0.9865
157.5980,129.25,29.7528,0.3815,6.1852,0.5335,350.5854,0.4191,0.0585,-0.2961,-0.4810,-0.1636,-0.0093,0.9865
157.6180,128.71,29.7540,0.3757,6.1756,0.5501,350.5878,0.4136,0.0567,-0.2919,-0.4776,-0.1635,-0.0096,0.9865
157.6380,128.71,29.7551,0.3699,6.1662,0.5663,350.5901,0.4080,0.0549,-0.2877,-0.4742,-0.1635,-0.0099,0.9865
157.6580,128.71,29.7561,0.3642,6.1567,0.5823,350.5925,0.4024,0.0530,-0.2836,-0.4708,-0.1634,-0.0102,0.9865
157.6780,128.71,29.7572,0.3586,6.1474,0.5979,350.5950,0.3967,0.0512,-0.2795,-0.4673,-0.1634,-0.0104,0.9865
157.6980,128.71,29.7581,0.3531,6.1381,0.6132,350.5974,0.3909,0.0494,-0.2755,-0.4638,-0.1634,-0.0107,0.9865
157.7180,128.71,29.7591,0.3477,6.1289,0.6283,350.5999,0.3851,0.0477,-0.2715,-0.4602,-0.1633,-0.0110,0.9865
157.7380,128.71,29.7600,0.3423,6.1198,0.6430,350.6024,0.3793,0.0459,-0.2676,-0.4566,-0.1633,-0.0112,0.9865
157.7580,128.71,29.7609,0.3371,6.1107,0.6575,350.6049,0.3734,0.0442,-0.2637,-0.4530,-0.1632,-0.0115,0.9865
157.7780,128.71,29.7617,0.3319,6.1017,0.6716,350.6075,0.3675,0.0425,-0.2598,-0.4493,-0.1632,-0.0117,0.9865
157.7980,128.71,29.7626,0.3268,6.0928,0.6854,350.6100,0.3615,0.0408,-0.2560,-0.4456,-0.1631,-0.0120,0.9865
157.8180,128.71,29.7633,0.3217,6.0840,0.6989,350.6127,0.3555,0.0391,-0.2522,-0.4419,-0.1631,-0.0122,0.9865
157.8380,128.71,29.7641,0.3167,6.0752,0.7121,350.6153,0.3495,0.0374,-0.2485,-0.4381,-0.1631,-0.0124,0.9865
157.8580,128.71,29.7648,0.3118,6.0665,0.7249,350.6180,0.3434,0.0358,-0.2448,-0.4343,-0.1630,-0.0127,0.9865
157.8780,128.71,29.7655,0.3070,6.0579,0.7375,350.6206,0.3373,0.0342,-0.2412,-0.4305,-0.1630,-0.0129,0.9865
157.8980,128.71,29.7661,0.3023,6.0494,0.7497,350.6233,0.3312,0.0326,-0.2376,-0.4266,-0.1629,-0.0131,0.9866
157.9180,128.71,29.7668,0.2976,6.0409,0.7617,350.6260,0.3251,0.0310,-0.2340,-0.4227,-0.1629,-0.0133,0.9866
157.9380,128.71,29.7674,0.2930,6.0326,0.7733,350.6288,0.3189,0.0295,-0.2305,-0.4188,-0.1628,-0.0135,0.9866
157.9580,128.71,29.7679,0.2884,6.0243,0.7846,350.6316,0.3128,0.0279,-0.2270,-0.4149,-0.1628,-0.0137,0.9866
157.9780,128.71,29.7684,0.2840,6.0161,0.7955,350.6343,0.3066,0.0264,-0.2235,-0.4109,-0.1627,-0.0139,0.9866
157.9980,128.71,29.7689,0.2796,6.0079,0.8062,350.6371,0.3004,0.0249,-0.2201,-0.4070,-0.1627,-0.0141,0.9866
158.0180,128.71,29.7694,0.2752,5.9999,0.8165,350.6400,0.2942,0.0234,-0.2168,-0.4030,-0.1626,-0.0143,0.9866
158.0380,128.71,29.7699,0.2673,5.9918,0.8265,350.6428,0.2880,0.0233,-0.3969,-0.4014,-0.1626,-0.0144,0.9866
158.0580,128.71,29.7703,0.2558,5.9838,0.8362,350.6456,0.2819,0.0232,-0.5764,-0.3998,-0.1625,-0.0146,0.9866
158.0780,128.71,29.7708,0.2407,5.9759,0.8455,350.6485,0.2757,0.0231,-0.7552,-0.3983,-0.1625,-0.0148,0.9866
158.0980,128.71,29.7713,0.2220,5.9679,0.8544,350.6513,0.2696,0.0230,-0.9333,-0.3967,-0.1624,-0.0149,0.9866
158.1180,128.71,29.7717,0.1998,5.9600,0.8630,350.6541,0.2635,0.0229,-1.1108,-0.3952,-0.1624,-0.0151,0.9866
158.1380,128.71,29.7722,0.1740,5.9522,0.8713,350.6570,0.2574,0.0229,-1.2877,-0.3937,-0.1623,-0.0152,0.9866
158.1580,128.71,29.7726,0.1447,5.9443,0.8792,350.6598,0.2513,0.0228,-1.4638,-0.3921,-0.1623,-0.0153,0.9866
158.1780,128.71,29.7731,0.1120,5.9365,0.8868,350.6627,0.2452,0.0227,-1.6393,-0.3906,-0.1622,-0.0155,0.9866
158.1980,128.71,29.7735,0.0757,5.9287,0.8941,350.6655,0.2392,0.0226,-1.8142,-0.3891,-0.1622,-0.0156,0.9866
158.2180,128.71,29.7740,0.0359,5.9210,0.9011,350.6683,0.2331,0.0225,-1.9884,-0.3876,-0.1621,-0.0157,0.9866
158.2380,128.71,29.7731,-0.0017,5.9146,0.9770,350.6938,0.2398,-0.0527,-1.8394,-0.3057,-0.1617,-0.0171,0.9867
158.2580,128.71,29.7702,-0.0318,5.9097,1.1795,350.7574,0.2682,-0.1416,-1.4550,-0.2382,-0.1606,-0.0206,0.9868
158.2780,128.71,29.7669,-0.0535,5.9053,1.5081,350.8094,0.3045,-0.1563,-1.0727,-0.2218,-0.1597,-0.0263,0.9868
158.2980,128.71,29.7633,-0.0694,5.9008,1.9302,350.8641,0.3509,-0.1272,-0.8039,-0.2533,-0.1587,-0.0337,0.9868
158.3180,128.71,29.7621,-0.0824,5.8944,2.3998,350.8508,0.3786,-0.0436,-0.6732,-0.3299,-0.1589,-0.0419,0.9864
158.3380,128.71,29.7626,-0.0948,5.8864,2.8959,350.8009,0.3955,0.0260,-0.6349,-0.4056,-0.1597,-0.0505,0.9859
158.3580,128.71,29.7628,-0.1066,5.8782,3.4271,350.7679,0.4324,0.0329,-0.6054,-0.4363,-0.1601,-0.0598,0.9853
158.3780,128.71,29.7638,-0.1204,5.8688,3.9571,350.7434,0.4683,0.0548,-0.7094,-0.4751,-0.1605,-0.0690,0.9846
158.3980,128.71,29.7651,-0.1373,5.8590,4.4842,350.7277,0.5053,0.0668,-0.8525,-0.4858,-0.1606,-0.0782,0.9839
158.4180,128.71,29.7665,-0.1570,5.8491,5.0117,350.7150,0.5461,0.0735,-0.9881,-0.5014,-0.1607,-0.0874,0.9831
158.4380,128.71,29.7681,-0.1790,5.8387,5.5411,350.7097,0.5924,0.0846,-1.0979,-0.5212,-0.1607,-0.0966,0.9823
158.4580,128.71,29.7701,-0.2024,5.8278,6.0803,350.7114,0.6476,0.1007,-1.1685,-0.5437,-0.1605,-0.1059,0.9813
158.4780,128.71,29.7726,-0.2266,5.8165,6.6350,350.7180,0.7132,0.1228,-1.2067,-0.5689,-0.1602,-0.1155,0.9803
158.4980,128.71,29.7756,-0.2512,5.8045,7.2084,350.7276,0.7890,0.1498,-1.2258,-0.5956,-0.1599,-0.1255,0.9791
158.5180,128.71,29.7791,-0.2760,5.7921,7.8016,350.7388,0.8740,0.1791,-1.2376,-0.6222,-0.1594,-0.1357,0.9778
158.5380,128.71,29.7833,-0.3010,5.7791,8.4141,350.7509,0.9663,0.2082,-1.2500,-0.6478,-0.1590,-0.1463,0.9764
158.5580,128.71,29.7880,-0.3262,5.7657,9.0457,350.7648,1.0646,0.2336,-1.2643,-0.6694,-0.1585,-0.1572,0.9748
158.5780,128.71,29.7931,-0.3519,5.7519,9.6945,350.7821,1.1673,0.2568,-1.2873,-0.6923,-0.1579,-0.1684,0.9730
158.5980,128.71,29.7980,-0.3782,5.7381,10.3643,350.8068,1.2779,0.2555,-1.3146,-0.7032,-0.1572,-0.1799,0.9710
158.6180,126.22,29.8033,-0.4052,5.7235,11.0449,350.8329,1.3873,0.2668,-1.3510,-0.7326,-0.1564,-0.1916,0.9689
158.6380,126.22,29.8088,-0.4328,5.7083,11.7395,350.8626,1.4971,0.2764,-1.3774,-0.7606,-0.1555,-0.2035,0.9667
158.6580,126.22,29.8145,-0.4606,5.6926,12.4505,350.8945,1.6072,0.2843,-1.3915,-0.7860,-0.1545,-0.2156,0.9642
158.6780,126.22,29.8203,-0.4886,5.6764,13.1796,350.9276,1.7170,0.2905,-1.3981,-0.8095,-0.1535,-0.2280,0.9615
158.6980,126.22,29.8262,-0.5166,5.6598,13.9271,350.9616,1.8262,0.2947,-1.4016,-0.8319,-0.1525,-0.2407,0.9586
158.7180,126.22,29.8322,-0.5446,5.6427,14.6929,350.9969,1.9345,0.2960,-1.4031,-0.8516,-0.1514,-0.2536,0.9554
158.7380,126.22,29.8381,-0.5727,5.6253,15.4770,351.0338,2.0427,0.2963,-1.4043,-0.8711,-0.1502,-0.2669,0.9520
158.7580,126.22,29.8433,-0.6010,5.6083,16.2841,351.0854,2.1592,0.2776,-1.4119,-0.8701,-0.1487,-0.2804,0.9483
158.7780,126.22,29.8489,-0.6295,5.5905,17.1018,351.1384,2.2732,0.2831,-1.4286,-0.8939,-0.1472,-0.2941,0.9444
158.7980,126.22,29.8546,-0.6584,5.5721,17.9306,351.1947,2.3868,0.2895,-1.4471,-0.9176,-0.1456,-0.3079,0.9402
158.8180,126.22,29.8605,-0.6876,5.5534,18.7720,351.2518,2.4992,0.2949,-1.4599,-0.9362,-0.1440,-0.3218,0.9358
158.8380,126.22,29.8665,-0.7170,5.5344,19.6275,351.3083,2.6100,0.2980,-1.4671,-0.9499,-0.1423,-0.3359,0.9311
158.8580,126.22,29.8619,-0.7071,5.5287,19.9544,351.2025,2.2418,-0.2309,0.3678,-0.3027,-0.1438,-0.3413,0.9289
158.8780,126.22,29.8569,-0.7011,5.5230,20.2767,351.1072,1.8894,-0.2340,0.2634,-0.2899,-0.1450,-0.3466,0.9268
158.8980,126.22,29.8517,-0.6975,5.5173,20.5798,351.0132,1.5321,-0.2581,0.1776,-0.2867,-0.1462,-0.3515,0.9247
158.9180,126.22,29.8458,-0.6948,5.5114,20.8604,350.9374,1.1834,-0.3058,0.1367,-0.3046,-0.1472,-0.3561,0.9228
158.9380,126.22,29.8390,-0.6925,5.5054,21.1236,350.8795,0.8498,-0.3384,0.1150,-0.2997,-0.1479,-0.3604,0.9210
158.9580,126.22,29.8317,-0.6905,5.4992,21.3711,350.8381,0.5320,-0.3669,0.1070,-0.3124,-0.1483,-0.3644,0.9194
158.9780,126.22,29.8241,-0.6881,5.4929,21.6083,350.8122,0.2345,-0.3919,0.1258,-0.3280,-0.1485,-0.3683,0.9178
158.9980,126.22,29.8178,-0.6834,5.4873,21.7877,350.7968,0.0101,-0.3180,0.2311,-0.2776,-0.1485,-0.3712,0.9166
159.0180,126.22,29.8139,-0.6757,5.4853,21.8719,350.7622,359.8472,-0.1776,0.3876,-0.1120,-0.1490,-0.3725,0.9160
159.0380,126.22,29.8117,-0.6689,5.4840,21.9122,350.7222,359.7140,-0.0975,0.3454,-0.0553,-0.1496,-0.3732,0.9156
159.0580,126.22,29.8105,-0.6639,5.4836,21.9252,350.6807,359.5984,-0.0591,0.2483,-0.0178,-0.1502,-0.3734,0.9154
159.0780,126.22,29.8093,-0.6611,5.4836,21.9152,350.6479,359.5031,-0.0630,0.1407,0.0000,-0.1508,-0.3732,0.9154
159.0980,126.22,29.8080,-0.6604,5.4840,21.8824,350.6262,359.4279,-0.0638,0.0339,0.0217,-0.1511,-0.3727,0.9156
159.1180,126.22,29.8067,-0.6618,5.4849,21.8265,350.6164,359.3735,-0.0662,-0.0728,0.0409,-0.1514,-0.3718,0.9159
159.1380,126.22,29.8052,-0.6653,5.4861,21.7513,350.6204,359.3422,-0.0745,-0.1745,0.0609,-0.1514,-0.3706,0.9164
159.1580,126.22,29.8044,-0.6700,5.4865,21.6723,350.6579,359.3404,-0.0298,-0.2265,0.0050,-0.1509,-0.3693,0.9170
159.1780,126.22,29.8046,-0.6745,5.4865,21.6170,350.7235,359.3759,0.0231,-0.2064,-0.0095,-0.1499,-0.3684,0.9175
159.1980,126.22,29.8065,-0.6779,5.4861,21.5829,350.8091,359.4485,0.1023,-0.1655,-0.0243,-0.1485,-0.3678,0.9179
159.2180,126.22,29.8103,-0.6806,5.4853,21.5714,350.8996,359.5480,0.1911,-0.1318,-0.0329,-0.1471,-0.3677,0.9183
159.2380,126.22,29.8157,-0.6832,5.4846,21.5802,350.9818,359.6640,0.2728,-0.1326,-0.0372,-0.1458,-0.3678,0.9184
159.2580,126.22,29.8227,-0.6862,5.4839,21.6067,351.0482,359.7889,0.3481,-0.1581,-0.0317,-0.1447,-0.3682,0.9184
159.2780,126.22,29.8308,-0.6905,5.4832,21.6446,351.1089,359.9234,0.4035,-0.2184,-0.0409,-0.1437,-0.3688,0.9183
159.2980,126.22,29.8354,-0.6928,5.4827,21.6457,351.0948,0.0184,0.2327,-0.1199,-0.0260,-0.1439,-0.3689,0.9183
159.3180,126.22,29.8383,-0.6934,5.4827,21.6092,351.0810,0.0894,0.1347,-0.0347,-0.0096,-0.1441,-0.3683,0.9185
159.3380,126.22,29.8408,-0.6941,5.4828,21.5604,351.0700,0.1544,0.1183,-0.0331,0.0027,-0.1444,-0.3675,0.9188
159.3580,126.22,29.8431,-0.6949,5.4830,21.5052,351.0634,0.2195,0.1159,-0.0409,0.0094,-0.1445,-0.3666,0.9191
159.3780,126.22,29.8454,-0.6958,5.4833,21.4448,351.0595,0.2864,0.1139,-0.0501,0.0086,-0.1446,-0.3656,0.9195
159.3980,126.22,29.8478,-0.6969,5.4836,21.3813,351.0603,0.3570,0.1217,-0.0509,0.0096,-0.1447,-0.3646,0.9199
159.4180,126.22,29.8504,-0.6979,5.4838,21.3157,351.0614,0.4314,0.1258,-0.0499,0.0091,-0.1447,-0.3635,0.9203
159.4380,126.22,29.8527,-0.6987,5.4853,21.2492,351.0633,0.5089,0.1156,-0.0457,0.0672,-0.1448,-0.3624,0.9207
159.4580,126.22,29.8552,-0.6998,5.4874,21.1794,351.0656,0.5879,0.1225,-0.0539,0.1047,-0.1448,-0.3613,0.9211
159.4780,126.22,29.8578,-0.7010,5.4901,21.1075,351.0631,0.6683,0.1253,-0.0565,0.1352,-0.1449,-0.3601,0.9216
159.4980,126.22,29.8606,-0.7021,5.4931,21.0331,351.0553,0.7507,0.1388,-0.0575,0.1508,-0.1451,-0.3589,0.9220
159.5180,126.22,29.8636,-0.7033,5.4964,20.9562,351.0451,0.8368,0.1502,-0.0563,0.1624,-0.1454,-0.3577,0.9225
159.5380,126.22,29.8668,-0.7044,5.4998,20.8765,351.0341,0.9278,0.1597,-0.0547,0.1717,-0.1456,-0.3564,0.9229
159.5580,126.22,29.8701,-0.7055,5.5034,20.7933,351.0236,1.0241,0.1654,-0.0544,0.1780,-0.1459,-0.3550,0.9234
159.5780,126.22,29.8735,-0.7066,5.5070,20.7052,351.0148,1.1257,0.1675,-0.0579,0.1812,-0.1461,-0.3536,0.9239
159.5980,126.22,29.8769,-0.7079,5.5104,20.6122,351.0054,1.2326,0.1690,-0.0632,0.1651,-0.1463,-0.3520,0.9245
159.6180,128.72,29.8802,-0.7092,5.5140,20.5135,351.0037,1.3459,0.1644,-0.0649,0.1813,-0.1465,-0.3504,0.9251
159.6380,128.72,29.8837,-0.7106,5.5178,20.4114,350.9984,1.4603,0.1691,-0.0712,0.1871,-0.1466,-0.3488,0.9257
159.6580,128.72,29.8870,-0.7123,5.5216,20.3009,350.9995,1.5808,0.1641,-0.0855,0.1861,-0.1467,-0.3469,0.9263
159.6780,128.72,29.8902,-0.7141,5.5253,20.1843,351.0037,1.7060,0.1635,-0.0918,0.1877,-0.1468,-0.3450,0.9270
159.6980,128.72,29.8936,-0.7160,5.5292,20.0645,351.0085,1.8361,0.1688,-0.0899,0.1933,-0.1468,-0.3431,0.9278
159.7180,128.72,29.8971,-0.7176,5.5332,19.9430,351.0114,1.9702,0.1788,-0.0838,0.2027,-0.1469,-0.3411,0.9285
159.7380,128.72,29.9010,-0.7192,5.5376,19.8216,351.0092,2.1065,0.1910,-0.0751,0.2129,-0.1470,-0.3391,0.9292
159.7580,128.72,29.9048,-0.7209,5.5419,19.6952,351.0099,2.2476,0.1930,-0.0772,0.2174,-0.1471,-0.3370,0.9299
159.7780,128.72,29.9083,-0.7227,5.5459,19.5694,351.0151,2.3826,0.1698,-0.0912,0.1973,-0.1472,-0.3349,0.9307
159.7980,128.72,29.9115,-0.7243,5.5493,19.4549,351.0207,2.5081,0.1555,-0.0693,0.1749,-0.1472,-0.3331,0.9313
159.8180,128.72,29.9143,-0.7249,5.5524,19.3606,351.0285,2.6275,0.1450,-0.0242,0.1564,-0.1471,-0.3315,0.9319
159.8380,128.72,29.9171,-0.7244,5.5552,19.2893,351.0354,2.7397,0.1385,0.0256,0.1374,-0.1471,-0.3303,0.9323
159.8580,128.72,29.9197,-0.7230,5.5576,19.2394,351.0403,2.8434,0.1332,0.0705,0.1213,-0.1470,-0.3295,0.9326
159.8780,128.72,29.9223,-0.7209,5.5597,19.2077,351.0422,2.9374,0.1277,0.1036,0.1079,-0.1470,-0.3290,0.9328
159.8980,128.72,29.9248,-0.7184,5.5617,19.1905,351.0394,3.0199,0.1244,0.1220,0.1003,-0.1471,-0.3287,0.9329
159.9180,128.72,29.9271,-0.7159,5.5636,19.1830,351.0320,3.0899,0.1184,0.1246,0.0938,-0.1472,-0.3286,0.9329
159.9380,128.72,29.9293,-0.7136,5.5653,19.1797,351.0211,3.1476,0.1090,0.1113,0.0872,-0.1474,-0.3285,0.9329
159.9580,128.72,29.9312,-0.7116,5.5669,19.1766,351.0099,3.1948,0.0938,0.0929,0.0751,-0.1476,-0.3285,0.9329
159.9780,128.72,29.9327,-0.7104,5.5682,19.1709,351.0012,3.2323,0.0755,0.0585,0.0636,-0.1477,-0.3284,0.9329
159.9980,128.72,29.9337,-0.7099,5.5691,19.1584,350.9977,3.2622,0.0498,0.0253,0.0457,-0.1478,-0.3282,0.9330
160.0180,128.72,29.9342,-0.7099,5.5697,19.1414,350.9995,3.2847,0.0255,-0.0031,0.0273,-0.1478,-0.3279,0.9331
160.0380,128.72,29.9344,-0.7105,5.5699,19.1232,351.0037,3.2984,0.0063,-0.0245,0.0124,-0.1477,-0.3276,0.9332
160.0580,128.72,29.9343,-0.7113,5.5700,19.1083,351.0050,3.3007,-0.0048,-0.0384,0.0038,-0.1477,-0.3274,0.9333
160.0780,128.72,29.9340,-0.7121,5.5698,19.0985,351.0078,3.2938,-0.0166,-0.0419,-0.0082,-0.1477,-0.3272,0.9333
160.0980,128.72,29.9335,-0.7130,5.5696,19.0969,351.0084,3.2758,-0.0243,-0.0425,-0.0143,-0.1477,-0.3272,0.9334
160.1180,128.72,29.9327,-0.7137,5.5689,19.1028,351.0095,3.2505,-0.0384,-0.0345,-0.0318,-0.1477,-0.3273,0.9333
160.1380,128.72,29.9315,-0.7143,5.5678,19.1159,351.0152,3.2196,-0.0560,-0.0270,-0.0526,-0.1476,-0.3275,0.9333
160.1580,128.72,29.9301,-0.7147,5.5664,19.1360,351.0225,3.1813,-0.0711,-0.0231,-0.0692,-0.1474,-0.3278,0.9332
160.1780,128.72,29.9285,-0.7153,5.5649,19.1625,351.0272,3.1321,-0.0798,-0.0280,-0.0770,-0.1473,-0.3282,0.9330
160.1980,128.72,29.9267,-0.7159,5.5632,19.1935,351.0307,3.0731,-0.0898,-0.0340,-0.0860,-0.1472,-0.3288,0.9329
160.2180,128.72,29.9250,-0.7168,5.5616,19.2323,351.0238,2.9983,-0.0898,-0.0433,-0.0846,-0.1473,-0.3294,0.9326
160.2380,128.72,29.9229,-0.7179,5.5597,19.2724,351.0195,2.9160,-0.1053,-0.0562,-0.0969,-0.1474,-0.3301,0.9324
160.2580,128.72,29.9204,-0.7193,5.5574,19.3108,351.0209,2.8278,-0.1267,-0.0733,-0.1167,-0.1473,-0.3307,0.9322
160.2780,128.72,29.9174,-0.7211,5.5547,19.3465,351.0294,2.7352,-0.1510,-0.0938,-0.1364,-0.1471,-0.3313,0.9320
160.2980,128.72,29.9140,-0.7233,5.5517,19.3811,351.0412,2.6356,-0.1697,-0.1089,-0.1509,-0.1469,-0.3319,0.9318
160.3180,128.72,29.9103,-0.7257,5.5484,19.4182,351.0538,2.5278,-0.1804,-0.1080,-0.1604,-0.1467,-0.3325,0.9316
160.3380,128.72,29.9066,-0.7273,5.5450,19.4685,351.0655,2.4202,-0.1759,-0.0648,-0.1656,-0.1464,-0.3333,0.9314
160.3580,128.72,29.9034,-0.7274,5.5417,19.5368,351.0746,2.3199,-0.1596,-0.0016,-0.1646,-0.1462,-0.3344,0.9310
160.3780,128.72,29.9006,-0.7264,5.5387,19.6179,351.0801,2.2279,-0.1350,0.0492,-0.1501,-0.1461,-0.3357,0.9306
160.3980,128.72,29.8983,-0.7248,5.5361,19.7041,351.0794,2.1441,-0.1147,0.0797,-0.1286,-0.1460,-0.3372,0.9301
160.4180,128.72,29.8962,-0.7230,5.5338,19.7875,351.0766,2.0673,-0.1025,0.0852,-0.1152,-0.1460,-0.3385,0.9296
160.4380,128.72,29.8945,-0.7214,5.5318,19.8656,351.0699,1.9917,-0.0899,0.0760,-0.1013,-0.1460,-0.3398,0.9291
160.4580,128.72,29.8928,-0.7201,5.5299,19.9369,351.0623,1.9189,-0.0809,0.0629,-0.0946,-0.1460,-0.3410,0.9287
160.4780,128.72,29.8912,-0.7192,5.5281,20.0004,351.0569,1.8509,-0.0838,0.0487,-0.0890,-0.1461,-0.3420,0.9283
160.4980,128.72,29.8897,-0.7185,5.5266,20.0574,351.0493,1.7844,-0.0779,0.0336,-0.0810,-0.1461,-0.3430,0.9279
160.5180,128.72,29.8881,-0.7182,5.5251,20.1044,351.0467,1.7233,-0.0829,0.0128,-0.0796,-0.1461,-0.3437,0.9276
160.5380,128.72,29.8864,-0.7181,5.5235,20.1432,351.0495,1.6694,-0.0854,0.0051,-0.0788,-0.1461,-0.3444,0.9274
160.5580,128.72,29.8847,-0.7180,5.5220,20.1770,351.0555,1.6236,-0.0814,0.0071,-0.0748,-0.1459,-0.3449,0.9272
160.5780,128.72,29.8833,-0.7178,5.5205,20.2069,351.0623,1.5850,-0.0681,0.0121,-0.0724,-0.1458,-0.3454,0.9271
160.5980,128.72,29.8821,-0.7175,5.5192,20.2347,351.0685,1.5537,-0.0620,0.0168,-0.0598,-0.1457,-0.3459,0.9269
160.6180,125.64,29.8811,-0.7171,5.5183,20.2593,351.0730,1.5271,-0.0493,0.0187,-0.0484,-0.1456,-0.3463,0.9268
160.6380,125.64,29.8804,-0.7167,5.5175,20.2806,351.0743,1.5045,-0.0366,0.0168,-0.0369,-0.1455,-0.3466,0.9266
160.6580,125.64,29.8799,-0.7165,5.5170,20.2979,351.0735,1.4859,-0.0252,0.0134,-0.0260,-0.1455,-0.3469,0.9265
160.6780,125.64,29.8796,-0.7163,5.5167,20.3109,351.0714,1.4716,-0.0153,0.0099,-0.0164,-0.1456,-0.3471,0.9265
160.6980,125.64,29.8794,-0.7161,5.5165,20.3194,351.0688,1.4623,-0.0070,0.0067,-0.0082,-0.1456,-0.3473,0.9264
160.7180,125.64,29.8794,-0.7161,5.5165,20.3232,351.0663,1.4582,0.0001,0.0035,-0.0010,-0.1456,-0.3473,0.9264
160.7380,125.64,29.8796,-0.7161,5.5165,20.3219,351.0663,1.4603,0.0059,0.0005,0.0031,-0.1456,-0.3473,0.9264
160.7580,125.64,29.8798,-0.7161,5.5167,20.3158,351.0665,1.4678,0.0103,-0.0030,0.0098,-0.1456,-0.3472,0.9264
160.7780,125.64,29.8801,-0.7163,5.5171,20.3050,351.0670,1.4803,0.0167,-0.0071,0.0174,-0.1456,-0.3470,0.9265
160.7980,125.64,29.8805,-0.7165,5.5176,20.2895,351.0673,1.4976,0.0236,-0.0108,0.0240,-0.1456,-0.3468,0.9266
160.8180,125.64,29.8812,-0.7167,5.5183,20.2699,351.0674,1.5196,0.0316,-0.0136,0.0318,-0.1457,-0.3464,0.9267
160.8380,125.64,29.8820,-0.7171,5.5190,20.2461,351.0674,1.5464,0.0389,-0.0162,0.0390,-0.1457,-0.3461,0.9268
160.8580,125.64,29.8829,-0.7174,5.5200,20.2183,351.0672,1.5779,0.0460,-0.0186,0.0460,-0.1457,-0.3456,0.9270
160.8780,125.64,29.8839,-0.7179,5.5210,20.1865,351.0670,1.6141,0.0529,-0.0209,0.0528,-0.1457,-0.3451,0.9272
160.8980,125.64,29.8851,-0.7183,5.5222,20.1508,351.0667,1.6548,0.0595,-0.0230,0.0594,-0.1458,-0.3445,0.9274
160.9180,125.64,29.8865,-0.7188,5.5235,20.1112,351.0663,1.7000,0.0666,-0.0253,0.0652,-0.1458,-0.3438,0.9276
160.9380,125.64,29.8879,-0.7194,5.5250,20.0681,351.0654,1.7494,0.0733,-0.0276,0.0729,-0.1459,-0.3431,0.9279
160.9580,125.64,29.8895,-0.7200,5.5265,20.0211,351.0641,1.8027,0.0806,-0.0299,0.0787,-0.1459,-0.3424,0.9282
160.9780,125.64,29.8913,-0.7206,5.5283,19.9706,351.0625,1.8604,0.0867,-0.0321,0.0863,-0.1460,-0.3415,0.9285
160.9980,125.64,29.8932,-0.7213,5.5301,19.9163,351.0603,1.9219,0.0940,-0.0343,0.0916,-0.1461,-0.3406,0.9288
161.0180,125.64,29.8952,-0.7220,5.5321,19.8587,351.0583,1.9878,0.0998,-0.0361,0.0988,-0.1462,-0.3397,0.9291
161.0380,125.64,29.8973,-0.7228,5.5342,19.7974,351.0560,2.0576,0.1060,-0.0381,0.1050,-0.1463,-0.3387,0.9295
161.0580,125.64,29.8995,-0.7236,5.5364,19.7331,351.0532,2.1303,0.1118,-0.0407,0.1106,-0.1464,-0.3376,0.9298
161.0780,125.64,29.9017,-0.7245,5.5386,19.6668,351.0513,2.2038,0.1087,-0.0444,0.1098,-0.1465,-0.3366,0.9302
161.0980,125.64,29.9038,-0.7255,5.5407,19.6010,351.0500,2.2747,0.1018,-0.0483,0.1050,-0.1466,-0.3355,0.9306
161.1180,125.64,29.9057,-0.7264,5.5427,19.5386,351.0494,2.3402,0.0921,-0.0453,0.0965,-0.1466,-0.3344,0.9309
161.1380,125.64,29.9073,-0.7273,5.5444,19.4822,351.0495,2.3989,0.0801,-0.0416,0.0835,-0.1467,-0.3335,0.9313
161.1580,125.64,29.9086,-0.7280,5.5459,19.4338,351.0520,2.4500,0.0624,-0.0353,0.0716,-0.1467,-0.3327,0.9315
161.1780,125.64,29.9095,-0.7286,5.5470,19.3934,351.0565,2.4935,0.0474,-0.0306,0.0550,-0.1466,-0.3321,0.9318
161.1980,125.64,29.9102,-0.7291,5.5478,19.3613,351.0626,2.5294,0.0332,-0.0208,0.0388,-0.1466,-0.3315,0.9320
161.2180,125.64,29.9106,-0.7292,5.5482,19.3389,351.0694,2.5573,0.0213,-0.0083,0.0238,-0.1465,-0.3312,0.9321
161.2380,125.64,29.9109,-0.7292,5.5485,19.3274,351.0742,2.5755,0.0137,0.0041,0.0132,-0.1464,-0.3310,0.9322
161.2580,125.64,29.9110,-0.7289,5.5486,19.3264,351.0765,2.5837,0.0068,0.0141,0.0036,-0.1464,-0.3309,0.9322
161.2780,125.64,29.9110,-0.7285,5.5484,19.3344,351.0752,2.5813,-0.0002,0.0184,-0.0062,-0.1464,-0.3311,0.9322
161.2980,125.64,29.9108,-0.7281,5.5481,19.3493,351.0726,2.5690,-0.0099,0.0177,-0.0145,-0.1464,-0.3313,0.9321
161.3180,125.64,29.9104,-0.7279,5.5477,19.3690,351.0686,2.5465,-0.0199,0.0122,-0.0228,-0.1465,-0.3317,0.9320
161.3380,125.64,29.9098,-0.7279,5.5470,19.3917,351.0643,2.5149,-0.0319,0.0033,-0.0333,-0.1465,-0.3320,0.9318
161.3580,125.64,29.9088,-0.7281,5.5461,19.4161,351.0613,2.4752,-0.0462,-0.0068,-0.0457,-0.1465,-0.3324,0.9317
161.3780,125.64,29.9076,-0.7282,5.5449,19.4442,351.0605,2.4309,-0.0580,-0.0058,-0.0582,-0.1465,-0.3329,0.9315
161.3980,125.64,29.9063,-0.7282,5.5436,19.4779,351.0612,2.3849,-0.0645,0.0061,-0.0681,-0.1465,-0.3334,0.9313
161.4180,125.64,29.9050,-0.7278,5.5421,19.5165,351.0632,2.3392,-0.0669,0.0195,-0.0740,-0.1464,-0.3341,0.9311
161.4380,125.64,29.9036,-0.7272,5.5406,19.5578,351.0654,2.2945,-0.0686,0.0288,-0.0704,-0.1463,-0.3348,0.9309
161.4580,125.64,29.9023,-0.7265,5.5393,19.5994,351.0671,2.2516,-0.0639,0.0337,-0.0670,-0.1463,-0.3354,0.9306
161.4780,125.64,29.9011,-0.7258,5.5380,19.6391,351.0674,2.2112,-0.0537,0.0332,-0.0630,-0.1462,-0.3361,0.9304
161.4980,125.64,29.9002,-0.7252,5.5369,19.6757,351.0662,2.1742,-0.0487,0.0314,-0.0528,-0.1462,-0.3367,0.9302
161.5180,125.64,29.8993,-0.7247,5.5360,19.7074,351.0645,2.1417,-0.0418,0.0264,-0.0450,-0.1462,-0.3372,0.9300
161.5380,125.64,29.8986,-0.7242,5.5353,19.7339,351.0632,2.1140,-0.0357,0.0213,-0.0380,-0.1462,-0.3377,0.9298
161.5580,125.64,29.8980,-0.7239,5.5346,19.7552,351.0622,2.0909,-0.0303,0.0155,-0.0316,-0.1462,-0.3380,0.9297
161.5780,125.64,29.8975,-0.7237,5.5341,19.7711,351.0620,2.0728,-0.0253,0.0101,-0.0257,-0.1462,-0.3383,0.9296
161.5980,125.64,29.8971,-0.7236,5.5337,19.7820,351.0627,2.0599,-0.0201,0.0055,-0.0197,-0.1462,-0.3384,0.9296
161.6180,114.58,29.8968,-0.7236,5.5335,19.7880,351.0641,2.0522,-0.0141,0.0021,-0.0133,-0.1462,-0.3385,0.9295
161.6380,114.58,29.8967,-0.7236,5.5333,19.7895,351.0658,2.0498,-0.0070,-0.0005,-0.0069,-0.1461,-0.3386,0.9295
161.6580,114.58,29.8967,-0.7236,5.5333,19.7867,351.0677,2.0525,-0.0010,-0.0027,-0.0017,-0.1461,-0.3385,0.9295
161.6780,114.58,29.8968,-0.7237,5.5334,19.7798,351.0699,2.0602,0.0052,-0.0049,0.0058,-0.1461,-0.3384,0.9296
161.6980,114.58,29.8970,-0.7239,5.5337,19.7693,351.0708,2.0716,0.0136,-0.0077,0.0147,-0.1461,-0.3382,0.9297
161.7180,114.58,29.8974,-0.7241,5.5342,19.7551,351.0717,2.0877,0.0215,-0.0095,0.0224,-0.1461,-0.3380,0.9297
161.7380,114.58,29.8980,-0.7243,5.5348,19.7374,351.0710,2.1076,0.0301,-0.0113,0.0303,-0.1461,-0.3377,0.9298
161.7580,114.58,29.8988,-0.7246,5.5355,19.7165,351.0696,2.1312,0.0384,-0.0131,0.0380,-0.1461,-0.3374,0.9300
161.7780,114.58,29.8996,-0.7249,5.5363,19.6923,351.0684,2.1584,0.0426,-0.0153,0.0417,-0.1462,-0.3370,0.9301
161.7980,114.58,29.9005,-0.7252,5.5372,19.6659,351.0670,2.1875,0.0443,-0.0180,0.0448,-0.1462,-0.3365,0.9302
161.8180,114.58,29.9014,-0.7256,5.5382,19.6381,351.0662,2.2174,0.0439,-0.0203,0.0452,-0.1463,-0.3361,0.9304
